elapsed_s,timestamp,ch1_MEAN_V,ch2_MEAN_V
0.136,2026-04-30T16:05:36.241426,1.68,2.11
0.376,2026-04-30T16:05:36.481529,1.69,2.11
0.632,2026-04-30T16:05:36.737632,1.69,2.11
0.884,2026-04-30T16:05:36.989482,1.69,2.11
1.140,2026-04-30T16:05:37.245570,1.69,2.11
1.388,2026-04-30T16:05:37.493459,1.69,2.11
1.676,2026-04-30T16:05:37.781573,1.7,2.12
1.904,2026-04-30T16:05:38.009570,1.69,2.11
2.160,2026-04-30T16:05:38.265535,1.69,2.11
2.408,2026-04-30T16:05:38.513756,1.68,2.11
2.656,2026-04-30T16:05:38.761522,1.7,2.12
2.916,2026-04-30T16:05:39.021273,1.69,2.1
3.164,2026-04-30T16:05:39.269474,1.69,2.11
3.420,2026-04-30T16:05:39.525428,1.69,2.11
3.672,2026-04-30T16:05:39.777278,1.68,2.11
3.928,2026-04-30T16:05:40.033413,1.7,2.11
4.184,2026-04-30T16:05:40.289635,1.69,2.11
4.460,2026-04-30T16:05:40.565501,1.69,2.12
4.708,2026-04-30T16:05:40.813800,1.7,2.11
4.948,2026-04-30T16:05:41.053608,1.68,2.11
5.220,2026-04-30T16:05:41.325661,1.68,2.11
5.452,2026-04-30T16:05:41.557291,1.69,2.11
5.704,2026-04-30T16:05:41.809466,1.69,2.11
5.964,2026-04-30T16:05:42.069609,1.7,2.11
6.220,2026-04-30T16:05:42.325703,1.69,2.11
6.468,2026-04-30T16:05:42.573687,1.69,2.11
6.724,2026-04-30T16:05:42.829517,1.67,2.12
6.980,2026-04-30T16:05:43.085719,1.67,2.11
7.264,2026-04-30T16:05:43.369602,1.69,2.11
7.508,2026-04-30T16:05:43.613777,1.7,2.11
7.744,2026-04-30T16:05:43.849652,1.7,2.11
8.012,2026-04-30T16:05:44.117307,1.7,2.11
8.236,2026-04-30T16:05:44.341607,1.7,2.11
8.529,2026-04-30T16:05:44.634119,1.71,2.11
8.772,2026-04-30T16:05:44.877490,1.7,2.11
9.016,2026-04-30T16:05:45.121538,1.69,2.11
9.268,2026-04-30T16:05:45.373652,1.7,2.1
9.520,2026-04-30T16:05:45.625643,1.67,2.11
9.777,2026-04-30T16:05:45.881900,1.7,2.12
10.036,2026-04-30T16:05:46.141434,1.69,2.12
10.316,2026-04-30T16:05:46.421557,1.69,2.11
10.552,2026-04-30T16:05:46.657522,1.69,2.11
10.808,2026-04-30T16:05:46.913717,1.69,2.11
11.044,2026-04-30T16:05:47.149595,1.7,2.11
11.296,2026-04-30T16:05:47.401548,1.7,2.12
11.556,2026-04-30T16:05:47.661778,1.69,2.11
11.804,2026-04-30T16:05:47.909709,1.69,2.1
12.052,2026-04-30T16:05:48.157533,1.68,2.11
12.304,2026-04-30T16:05:48.409570,1.68,2.1
12.564,2026-04-30T16:05:48.669587,1.7,2.11
12.812,2026-04-30T16:05:48.917547,1.68,2.11
13.084,2026-04-30T16:05:49.189519,1.7,2.11
13.332,2026-04-30T16:05:49.437592,1.69,2.11
13.584,2026-04-30T16:05:49.689303,1.69,2.12
13.832,2026-04-30T16:05:49.937766,1.71,2.11
14.088,2026-04-30T16:05:50.193507,1.69,2.11
14.328,2026-04-30T16:05:50.433447,1.69,2.11
14.584,2026-04-30T16:05:50.689502,1.69,2.12
14.832,2026-04-30T16:05:50.937720,1.7,2.12
15.088,2026-04-30T16:05:51.193615,1.69,2.11
15.340,2026-04-30T16:05:51.445561,1.69,2.12
15.592,2026-04-30T16:05:51.697663,1.71,2.11
15.848,2026-04-30T16:05:51.953612,1.68,2.11
16.124,2026-04-30T16:05:52.229481,1.7,2.11
16.364,2026-04-30T16:05:52.469406,1.69,2.11
16.632,2026-04-30T16:05:52.737697,1.69,2.11
16.852,2026-04-30T16:05:52.957490,1.69,2.11
17.136,2026-04-30T16:05:53.241565,1.69,2.11
17.364,2026-04-30T16:05:53.469403,1.69,2.11
17.632,2026-04-30T16:05:53.737540,1.67,2.1
17.884,2026-04-30T16:05:53.989481,1.69,2.11
18.140,2026-04-30T16:05:54.245396,1.69,2.11
18.392,2026-04-30T16:05:54.497403,1.69,2.11
18.644,2026-04-30T16:05:54.749645,1.69,2.11
18.900,2026-04-30T16:05:55.005491,1.68,2.1
19.176,2026-04-30T16:05:55.281573,1.68,2.11
19.408,2026-04-30T16:05:55.513716,1.69,2.11
19.668,2026-04-30T16:05:55.773677,1.69,2.11
19.928,2026-04-30T16:05:56.033489,1.68,2.11
20.180,2026-04-30T16:05:56.285695,1.69,2.1
20.432,2026-04-30T16:05:56.537520,1.68,2.11
20.684,2026-04-30T16:05:56.789545,1.69,2.12
20.936,2026-04-30T16:05:57.041530,1.68,2.11
21.188,2026-04-30T16:05:57.293566,1.68,2.11
21.444,2026-04-30T16:05:57.549463,1.68,2.11
21.688,2026-04-30T16:05:57.793528,1.69,2.11
21.944,2026-04-30T16:05:58.049572,1.68,2.11
22.216,2026-04-30T16:05:58.321538,1.69,2.11
22.468,2026-04-30T16:05:58.573733,1.69,2.12
22.724,2026-04-30T16:05:58.829490,1.69,2.12
22.980,2026-04-30T16:05:59.085690,1.69,2.11
23.220,2026-04-30T16:05:59.325697,1.69,2.11
23.472,2026-04-30T16:05:59.577535,1.68,2.1
23.728,2026-04-30T16:05:59.833608,1.67,2.1
23.984,2026-04-30T16:06:00.089516,1.69,2.1
24.224,2026-04-30T16:06:00.329702,1.67,2.1
24.476,2026-04-30T16:06:00.581422,1.69,2.1
24.764,2026-04-30T16:06:00.869405,1.68,2.11
25.000,2026-04-30T16:06:01.105485,1.7,2.1
25.244,2026-04-30T16:06:01.349587,1.69,2.1
25.484,2026-04-30T16:06:01.589522,1.69,2.1
25.776,2026-04-30T16:06:01.881550,1.7,2.11
26.020,2026-04-30T16:06:02.125658,1.69,2.1
26.264,2026-04-30T16:06:02.369488,1.68,2.1
26.516,2026-04-30T16:06:02.621519,1.68,2.1
26.772,2026-04-30T16:06:02.877401,1.7,2.11
27.028,2026-04-30T16:06:03.133491,1.7,2.11
27.280,2026-04-30T16:06:03.385583,1.69,2.11
27.536,2026-04-30T16:06:03.641524,1.7,2.11
27.800,2026-04-30T16:06:03.905538,1.7,2.11
28.056,2026-04-30T16:06:04.161831,1.69,2.1
28.308,2026-04-30T16:06:04.413769,1.68,2.1
28.568,2026-04-30T16:06:04.673739,1.7,2.1
28.824,2026-04-30T16:06:04.929387,1.7,2.11
29.064,2026-04-30T16:06:05.169572,1.7,2.1
29.316,2026-04-30T16:06:05.421591,1.69,2.1
29.568,2026-04-30T16:06:05.673703,1.68,2.1
29.820,2026-04-30T16:06:05.925634,1.7,2.1
30.072,2026-04-30T16:06:06.177669,1.69,2.1
30.324,2026-04-30T16:06:06.429563,1.71,2.11
30.592,2026-04-30T16:06:06.697705,1.68,2.1
30.848,2026-04-30T16:06:06.953303,1.7,2.11
31.080,2026-04-30T16:06:07.185476,1.69,2.1
31.336,2026-04-30T16:06:07.441556,1.69,2.1
31.592,2026-04-30T16:06:07.697689,1.7,2.1
31.852,2026-04-30T16:06:07.957603,1.69,2.1
32.108,2026-04-30T16:06:08.213754,1.68,2.1
32.364,2026-04-30T16:06:08.469627,1.69,2.11
32.604,2026-04-30T16:06:08.709403,1.71,2.1
32.864,2026-04-30T16:06:08.969428,1.69,2.11
33.120,2026-04-30T16:06:09.225467,1.69,2.1
33.368,2026-04-30T16:06:09.473649,1.69,2.1
33.632,2026-04-30T16:06:09.737637,1.69,2.11
33.868,2026-04-30T16:06:09.973744,1.69,2.11
34.120,2026-04-30T16:06:10.225657,1.69,2.11
34.408,2026-04-30T16:06:10.513681,1.69,2.11
34.644,2026-04-30T16:06:10.749728,1.69,2.11
34.900,2026-04-30T16:06:11.005561,1.69,2.11
35.148,2026-04-30T16:06:11.253425,1.69,2.1
35.400,2026-04-30T16:06:11.505554,1.69,2.11
35.660,2026-04-30T16:06:11.765579,1.7,2.11
35.916,2026-04-30T16:06:12.021549,1.7,2.11
36.188,2026-04-30T16:06:12.293548,1.68,2.11
36.424,2026-04-30T16:06:12.529645,1.69,2.11
36.692,2026-04-30T16:06:12.797660,1.7,2.1
36.952,2026-04-30T16:06:13.057680,1.68,2.11
37.184,2026-04-30T16:06:13.289451,1.7,2.1
37.436,2026-04-30T16:06:13.541565,1.69,2.11
37.688,2026-04-30T16:06:13.793546,1.69,2.11
37.940,2026-04-30T16:06:14.045497,1.7,2.11
38.192,2026-04-30T16:06:14.297697,1.69,2.11
38.448,2026-04-30T16:06:14.553573,1.69,2.11
38.708,2026-04-30T16:06:14.813790,1.71,2.11
38.956,2026-04-30T16:06:15.061770,1.69,2.11
39.228,2026-04-30T16:06:15.333430,1.69,2.1
39.476,2026-04-30T16:06:15.581557,1.69,2.11
39.732,2026-04-30T16:06:15.837663,1.71,2.11
39.984,2026-04-30T16:06:16.089576,1.68,2.11
40.224,2026-04-30T16:06:16.329475,1.69,2.11
40.480,2026-04-30T16:06:16.585685,1.69,2.11
40.728,2026-04-30T16:06:16.833616,1.69,2.11
40.980,2026-04-30T16:06:17.085697,1.7,2.11
41.236,2026-04-30T16:06:17.341310,1.7,2.11
41.492,2026-04-30T16:06:17.597697,1.69,2.12
41.748,2026-04-30T16:06:17.853673,1.69,2.11
42.016,2026-04-30T16:06:18.121545,1.7,2.11
42.256,2026-04-30T16:06:18.361716,1.69,2.11
42.524,2026-04-30T16:06:18.629806,1.69,2.12
42.748,2026-04-30T16:06:18.853639,1.69,2.12
43.024,2026-04-30T16:06:19.129525,1.69,2.11
43.276,2026-04-30T16:06:19.381561,1.69,2.11
43.533,2026-04-30T16:06:19.638183,1.7,2.11
43.784,2026-04-30T16:06:19.889624,1.69,2.12
44.036,2026-04-30T16:06:20.141560,1.7,2.12
44.284,2026-04-30T16:06:20.389550,1.69,2.12
44.536,2026-04-30T16:06:20.641572,1.7,2.12
44.796,2026-04-30T16:06:20.901562,1.69,2.11
45.064,2026-04-30T16:06:21.169636,1.69,2.11
45.300,2026-04-30T16:06:21.405590,1.69,2.11
45.564,2026-04-30T16:06:21.669471,1.69,2.11
45.812,2026-04-30T16:06:21.917579,1.7,2.12
46.064,2026-04-30T16:06:22.169582,1.69,2.11
46.316,2026-04-30T16:06:22.421650,1.71,2.12
46.568,2026-04-30T16:06:22.673716,1.7,2.12
46.820,2026-04-30T16:06:22.925728,1.7,2.11
47.076,2026-04-30T16:06:23.181585,1.7,2.1
47.328,2026-04-30T16:06:23.433529,1.71,2.12
47.584,2026-04-30T16:06:23.689381,1.69,2.11
47.836,2026-04-30T16:06:23.941532,1.7,2.12
48.116,2026-04-30T16:06:24.221633,1.71,2.12
48.344,2026-04-30T16:06:24.449691,1.69,2.11
48.592,2026-04-30T16:06:24.697746,1.7,2.11
48.852,2026-04-30T16:06:24.957636,1.69,2.12
49.112,2026-04-30T16:06:25.217621,1.7,2.12
49.364,2026-04-30T16:06:25.469700,1.71,2.12
49.620,2026-04-30T16:06:25.725587,1.71,2.12
49.880,2026-04-30T16:06:25.985610,1.69,2.11
50.120,2026-04-30T16:06:26.225693,1.69,2.11
50.372,2026-04-30T16:06:26.477685,1.7,2.11
50.656,2026-04-30T16:06:26.761696,1.69,2.11
50.904,2026-04-30T16:06:27.009737,1.69,2.12
51.140,2026-04-30T16:06:27.245579,1.7,2.11
51.380,2026-04-30T16:06:27.485644,1.71,2.11
51.684,2026-04-30T16:06:27.789332,1.7,2.11
51.924,2026-04-30T16:06:28.029606,1.71,2.1
52.164,2026-04-30T16:06:28.269646,1.71,2.11
52.416,2026-04-30T16:06:28.521559,1.7,2.11
52.668,2026-04-30T16:06:28.773735,1.7,2.11
52.912,2026-04-30T16:06:29.017569,1.7,2.11
53.164,2026-04-30T16:06:29.269618,1.7,2.1
53.412,2026-04-30T16:06:29.517541,1.68,2.1
53.668,2026-04-30T16:06:29.773740,1.7,2.11
53.936,2026-04-30T16:06:30.041594,1.69,2.11
54.176,2026-04-30T16:06:30.281537,1.7,2.11
54.428,2026-04-30T16:06:30.533587,1.7,2.1
54.680,2026-04-30T16:06:30.785613,1.7,2.11
54.936,2026-04-30T16:06:31.041557,1.71,2.12
55.192,2026-04-30T16:06:31.297694,1.71,2.11
55.448,2026-04-30T16:06:31.553644,1.71,2.11
55.700,2026-04-30T16:06:31.805610,1.71,2.12
55.948,2026-04-30T16:06:32.053513,1.69,2.11
56.204,2026-04-30T16:06:32.309670,1.71,2.11
56.460,2026-04-30T16:06:32.565607,1.7,2.11
56.732,2026-04-30T16:06:32.837691,1.7,2.1
56.968,2026-04-30T16:06:33.073677,1.7,2.11
57.224,2026-04-30T16:06:33.329613,1.71,2.11
57.484,2026-04-30T16:06:33.589491,1.71,2.1
57.724,2026-04-30T16:06:33.829613,1.69,2.11
57.980,2026-04-30T16:06:34.085488,1.7,2.11
58.232,2026-04-30T16:06:34.337728,1.71,2.12
58.484,2026-04-30T16:06:34.589641,1.7,2.11
58.744,2026-04-30T16:06:34.849578,1.7,2.11
58.996,2026-04-30T16:06:35.101525,1.69,2.11
59.248,2026-04-30T16:06:35.353556,1.71,2.11
59.500,2026-04-30T16:06:35.605533,1.71,2.11
59.744,2026-04-30T16:06:35.849657,1.7,2.11
60.008,2026-04-30T16:06:36.113659,1.7,2.11
60.264,2026-04-30T16:06:36.369594,1.7,2.11
60.521,2026-04-30T16:06:36.626019,1.69,2.1
60.772,2026-04-30T16:06:36.877608,1.7,2.11
61.032,2026-04-30T16:06:37.137707,1.7,2.11
61.288,2026-04-30T16:06:37.393628,1.7,2.11
61.544,2026-04-30T16:06:37.649688,1.71,2.11
61.796,2026-04-30T16:06:37.901575,1.72,2.11
62.044,2026-04-30T16:06:38.149442,1.7,2.1
62.300,2026-04-30T16:06:38.405492,1.7,2.11
62.568,2026-04-30T16:06:38.673700,1.7,2.11
62.820,2026-04-30T16:06:38.925701,1.71,2.1
63.076,2026-04-30T16:06:39.181484,1.71,2.11
63.332,2026-04-30T16:06:39.437787,1.71,2.1
63.572,2026-04-30T16:06:39.677654,1.72,2.11
63.824,2026-04-30T16:06:39.929634,1.7,2.11
64.080,2026-04-30T16:06:40.185756,1.71,2.11
64.336,2026-04-30T16:06:40.441639,1.71,2.11
64.588,2026-04-30T16:06:40.693699,1.72,2.11
64.840,2026-04-30T16:06:40.945547,1.72,2.12
65.096,2026-04-30T16:06:41.201609,1.71,2.11
65.352,2026-04-30T16:06:41.457655,1.71,2.12
65.620,2026-04-30T16:06:41.725755,1.71,2.11
65.852,2026-04-30T16:06:41.957675,1.69,2.11
66.116,2026-04-30T16:06:42.221577,1.7,2.1
66.372,2026-04-30T16:06:42.477335,1.7,2.12
66.636,2026-04-30T16:06:42.741627,1.7,2.11
66.892,2026-04-30T16:06:42.997798,1.7,2.1
67.132,2026-04-30T16:06:43.237754,1.7,2.1
67.388,2026-04-30T16:06:43.493556,1.71,2.11
67.640,2026-04-30T16:06:43.745615,1.71,2.11
67.888,2026-04-30T16:06:43.993586,1.7,2.11
68.140,2026-04-30T16:06:44.245509,1.71,2.1
68.380,2026-04-30T16:06:44.485597,1.71,2.1
68.644,2026-04-30T16:06:44.749766,1.71,2.12
68.904,2026-04-30T16:06:45.009687,1.7,2.11
69.168,2026-04-30T16:06:45.273692,1.72,2.11
69.416,2026-04-30T16:06:45.521563,1.72,2.11
69.668,2026-04-30T16:06:45.773739,1.7,2.11
69.920,2026-04-30T16:06:46.025702,1.71,2.11
70.172,2026-04-30T16:06:46.277447,1.69,2.11
70.424,2026-04-30T16:06:46.529368,1.7,2.11
70.680,2026-04-30T16:06:46.785772,1.69,2.11
70.932,2026-04-30T16:06:47.037733,1.72,2.11
71.200,2026-04-30T16:06:47.305597,1.7,2.11
71.440,2026-04-30T16:06:47.545504,1.7,2.11
71.692,2026-04-30T16:06:47.797764,1.7,2.11
71.957,2026-04-30T16:06:48.061837,1.71,2.11
72.216,2026-04-30T16:06:48.321579,1.7,2.11
72.460,2026-04-30T16:06:48.565356,1.7,2.11
72.716,2026-04-30T16:06:48.821610,1.69,2.11
72.968,2026-04-30T16:06:49.073733,1.71,2.11
73.208,2026-04-30T16:06:49.313782,1.7,2.1
73.468,2026-04-30T16:06:49.573795,1.71,2.11
73.720,2026-04-30T16:06:49.825678,1.69,2.11
73.976,2026-04-30T16:06:50.081566,1.72,2.11
74.244,2026-04-30T16:06:50.349679,1.71,2.11
74.488,2026-04-30T16:06:50.593620,1.71,2.12
74.744,2026-04-30T16:06:50.849553,1.69,2.1
74.996,2026-04-30T16:06:51.101618,1.71,2.11
75.248,2026-04-30T16:06:51.353631,1.71,2.11
75.500,2026-04-30T16:06:51.605571,1.7,2.1
75.752,2026-04-30T16:06:51.857628,1.7,2.11
76.012,2026-04-30T16:06:52.117596,1.71,2.11
76.256,2026-04-30T16:06:52.361793,1.72,2.12
76.508,2026-04-30T16:06:52.613803,1.72,2.12
76.744,2026-04-30T16:06:52.849553,1.71,2.11
77.000,2026-04-30T16:06:53.105597,1.7,2.11
77.268,2026-04-30T16:06:53.373769,1.7,2.11
77.560,2026-04-30T16:06:53.665688,1.71,2.12
77.788,2026-04-30T16:06:53.893593,1.71,2.12
78.052,2026-04-30T16:06:54.157693,1.7,2.12
78.284,2026-04-30T16:06:54.389635,1.71,2.12
78.537,2026-04-30T16:06:54.641954,1.7,2.12
78.796,2026-04-30T16:06:54.901522,1.72,2.12
79.057,2026-04-30T16:06:55.161878,1.69,2.11
79.304,2026-04-30T16:06:55.409741,1.72,2.12
79.548,2026-04-30T16:06:55.653689,1.7,2.11
79.808,2026-04-30T16:06:55.913716,1.7,2.12
80.076,2026-04-30T16:06:56.181625,1.7,2.12
80.320,2026-04-30T16:06:56.425694,1.7,2.11
80.580,2026-04-30T16:06:56.685743,1.7,2.11
80.824,2026-04-30T16:06:56.929559,1.7,2.11
81.084,2026-04-30T16:06:57.189729,1.69,2.11
81.336,2026-04-30T16:06:57.441649,1.71,2.11
81.592,2026-04-30T16:06:57.697579,1.7,2.12
81.844,2026-04-30T16:06:57.949663,1.72,2.12
82.084,2026-04-30T16:06:58.189643,1.7,2.11
82.340,2026-04-30T16:06:58.445530,1.72,2.12
82.596,2026-04-30T16:06:58.701624,1.71,2.12
82.868,2026-04-30T16:06:58.973523,1.7,2.11
83.120,2026-04-30T16:06:59.225725,1.69,2.11
83.360,2026-04-30T16:06:59.465608,1.69,2.11
83.624,2026-04-30T16:06:59.729613,1.7,2.11
83.864,2026-04-30T16:06:59.969677,1.7,2.11
84.116,2026-04-30T16:07:00.221610,1.71,2.12
84.372,2026-04-30T16:07:00.477593,1.7,2.11
84.636,2026-04-30T16:07:00.741694,1.72,2.12
84.880,2026-04-30T16:07:00.985737,1.7,2.11
85.132,2026-04-30T16:07:01.237638,1.69,2.11
85.364,2026-04-30T16:07:01.469652,1.71,2.11
85.620,2026-04-30T16:07:01.725753,1.7,2.12
85.896,2026-04-30T16:07:02.001634,1.7,2.11
86.157,2026-04-30T16:07:02.261892,1.72,2.1
86.424,2026-04-30T16:07:02.529456,1.7,2.11
86.652,2026-04-30T16:07:02.757682,1.71,2.12
86.896,2026-04-30T16:07:03.001672,1.7,2.1
87.152,2026-04-30T16:07:03.257544,1.71,2.1
87.408,2026-04-30T16:07:03.513667,1.69,2.1
87.657,2026-04-30T16:07:03.761914,1.71,2.11
87.916,2026-04-30T16:07:04.021621,1.7,2.11
88.164,2026-04-30T16:07:04.269712,1.71,2.11
88.440,2026-04-30T16:07:04.545648,1.7,2.11
88.709,2026-04-30T16:07:04.813906,1.7,2.11
88.952,2026-04-30T16:07:05.057609,1.71,2.11
89.200,2026-04-30T16:07:05.305523,1.71,2.11
89.457,2026-04-30T16:07:05.561891,1.7,2.11
89.696,2026-04-30T16:07:05.801647,1.72,2.11
89.952,2026-04-30T16:07:06.057666,1.71,2.12
90.208,2026-04-30T16:07:06.313764,1.7,2.11
90.452,2026-04-30T16:07:06.557675,1.7,2.11
90.709,2026-04-30T16:07:06.813854,1.71,2.11
90.960,2026-04-30T16:07:07.065639,1.72,2.11
91.208,2026-04-30T16:07:07.313654,1.71,2.11
91.472,2026-04-30T16:07:07.577716,1.71,2.11
91.744,2026-04-30T16:07:07.849681,1.71,2.11
91.976,2026-04-30T16:07:08.081610,1.73,2.11
92.248,2026-04-30T16:07:08.353583,1.71,2.1
92.480,2026-04-30T16:07:08.585784,1.71,2.1
92.732,2026-04-30T16:07:08.837794,1.71,2.11
92.988,2026-04-30T16:07:09.093661,1.69,2.1
93.236,2026-04-30T16:07:09.341493,1.72,2.11
93.496,2026-04-30T16:07:09.601486,1.72,2.1
93.744,2026-04-30T16:07:09.849724,1.72,2.11
93.992,2026-04-30T16:07:10.097643,1.72,2.11
94.240,2026-04-30T16:07:10.345598,1.7,2.11
94.533,2026-04-30T16:07:10.638793,1.7,2.1
94.772,2026-04-30T16:07:10.877645,1.71,2.1
95.028,2026-04-30T16:07:11.133689,1.71,2.1
95.268,2026-04-30T16:07:11.373830,1.7,2.1
95.528,2026-04-30T16:07:11.633658,1.71,2.1
95.788,2026-04-30T16:07:11.893740,1.71,2.11
96.040,2026-04-30T16:07:12.145647,1.7,2.1
96.296,2026-04-30T16:07:12.401683,1.72,2.11
96.580,2026-04-30T16:07:12.685699,1.72,2.11
96.784,2026-04-30T16:07:12.889586,1.71,2.11
97.044,2026-04-30T16:07:13.149735,1.71,2.1
97.296,2026-04-30T16:07:13.401646,1.71,2.1
97.568,2026-04-30T16:07:13.673683,1.7,2.1
97.809,2026-04-30T16:07:13.913837,1.71,2.1
98.064,2026-04-30T16:07:14.169625,1.71,2.1
98.316,2026-04-30T16:07:14.421636,1.71,2.1
98.568,2026-04-30T16:07:14.673822,1.7,2.1
98.820,2026-04-30T16:07:14.925794,1.73,2.1
99.072,2026-04-30T16:07:15.177660,1.71,2.1
99.328,2026-04-30T16:07:15.433558,1.71,2.11
99.580,2026-04-30T16:07:15.685654,1.71,2.1
99.836,2026-04-30T16:07:15.941619,1.71,2.1
100.092,2026-04-30T16:07:16.197795,1.72,2.1
100.357,2026-04-30T16:07:16.461900,1.7,2.11
100.612,2026-04-30T16:07:16.717621,1.7,2.1
100.876,2026-04-30T16:07:16.981593,1.7,2.1
101.108,2026-04-30T16:07:17.213809,1.7,2.1
101.372,2026-04-30T16:07:17.477625,1.71,2.1
101.628,2026-04-30T16:07:17.733561,1.71,2.1
101.881,2026-04-30T16:07:17.985868,1.72,2.11
102.132,2026-04-30T16:07:18.237779,1.72,2.1
102.388,2026-04-30T16:07:18.493613,1.71,2.11
102.616,2026-04-30T16:07:18.721652,1.71,2.11
102.869,2026-04-30T16:07:18.973843,1.72,2.12
103.176,2026-04-30T16:07:19.281638,1.72,2.11
103.428,2026-04-30T16:07:19.533696,1.73,2.1
103.656,2026-04-30T16:07:19.761672,1.72,2.1
103.900,2026-04-30T16:07:20.005648,1.71,2.1
104.160,2026-04-30T16:07:20.265698,1.73,2.1
104.416,2026-04-30T16:07:20.521596,1.72,2.1
104.668,2026-04-30T16:07:20.773787,1.72,2.1
104.920,2026-04-30T16:07:21.025718,1.74,2.1
105.172,2026-04-30T16:07:21.277634,1.72,2.1
105.432,2026-04-30T16:07:21.537760,1.72,2.1
105.676,2026-04-30T16:07:21.781669,1.71,2.1
105.960,2026-04-30T16:07:22.065687,1.73,2.1
106.193,2026-04-30T16:07:22.297858,1.72,2.11
106.468,2026-04-30T16:07:22.573654,1.74,2.1
106.724,2026-04-30T16:07:22.829650,1.71,2.11
106.948,2026-04-30T16:07:23.053743,1.72,2.1
107.204,2026-04-30T16:07:23.309819,1.71,2.1
107.457,2026-04-30T16:07:23.561932,1.72,2.11
107.712,2026-04-30T16:07:23.817638,1.72,2.11
107.956,2026-04-30T16:07:24.061702,1.73,2.1
108.216,2026-04-30T16:07:24.321691,1.72,2.1
108.469,2026-04-30T16:07:24.573848,1.72,2.1
108.757,2026-04-30T16:07:24.861967,1.71,2.1
108.988,2026-04-30T16:07:25.093742,1.71,2.1
109.248,2026-04-30T16:07:25.353610,1.73,2.1
109.488,2026-04-30T16:07:25.593759,1.71,2.1
109.752,2026-04-30T16:07:25.857708,1.71,2.11
109.992,2026-04-30T16:07:26.097727,1.71,2.1
110.252,2026-04-30T16:07:26.357708,1.72,2.1
110.504,2026-04-30T16:07:26.609791,1.73,2.1
110.757,2026-04-30T16:07:26.861988,1.72,2.1
111.012,2026-04-30T16:07:27.117681,1.73,2.1
111.244,2026-04-30T16:07:27.349756,1.73,2.1
111.496,2026-04-30T16:07:27.601685,1.71,2.1
111.764,2026-04-30T16:07:27.869664,1.71,2.1
112.032,2026-04-30T16:07:28.137692,1.72,2.1
112.288,2026-04-30T16:07:28.393832,1.74,2.12
112.544,2026-04-30T16:07:28.649832,1.73,2.12
112.800,2026-04-30T16:07:28.905719,1.72,2.1
113.040,2026-04-30T16:07:29.145755,1.71,2.11
113.305,2026-04-30T16:07:29.409844,1.73,2.11
113.564,2026-04-30T16:07:29.669699,1.73,2.11
113.800,2026-04-30T16:07:29.905693,1.72,2.11
114.056,2026-04-30T16:07:30.161731,1.72,2.11
114.308,2026-04-30T16:07:30.413813,1.73,2.11
114.588,2026-04-30T16:07:30.693718,1.72,2.11
114.812,2026-04-30T16:07:30.917647,1.72,2.11
115.080,2026-04-30T16:07:31.185687,1.72,2.11
115.332,2026-04-30T16:07:31.437809,1.73,2.11
115.584,2026-04-30T16:07:31.689662,1.72,2.1
115.836,2026-04-30T16:07:31.941662,1.73,2.11
116.088,2026-04-30T16:07:32.193736,1.74,2.12
116.340,2026-04-30T16:07:32.445505,1.72,2.1
116.600,2026-04-30T16:07:32.705646,1.72,2.11
116.857,2026-04-30T16:07:32.962539,1.73,2.11
117.096,2026-04-30T16:07:33.201673,1.72,2.1
117.357,2026-04-30T16:07:33.461863,1.74,2.11
117.620,2026-04-30T16:07:33.725763,1.74,2.11
117.888,2026-04-30T16:07:33.993800,1.73,2.1
118.128,2026-04-30T16:07:34.233699,1.72,2.1
118.380,2026-04-30T16:07:34.485705,1.72,2.11
118.636,2026-04-30T16:07:34.741770,1.74,2.11
118.892,2026-04-30T16:07:34.997827,1.74,2.11
119.157,2026-04-30T16:07:35.261926,1.71,2.1
119.396,2026-04-30T16:07:35.501720,1.73,2.11
119.652,2026-04-30T16:07:35.757672,1.72,2.1
119.880,2026-04-30T16:07:35.985820,1.73,2.1
120.136,2026-04-30T16:07:36.241702,1.74,2.11
120.412,2026-04-30T16:07:36.517592,1.74,2.11
120.681,2026-04-30T16:07:36.785864,1.73,2.11
120.921,2026-04-30T16:07:37.025860,1.72,2.11
121.188,2026-04-30T16:07:37.293831,1.74,2.12
121.420,2026-04-30T16:07:37.525821,1.74,2.11
121.681,2026-04-30T16:07:37.785836,1.71,2.1
121.928,2026-04-30T16:07:38.033706,1.72,2.1
122.176,2026-04-30T16:07:38.281636,1.73,2.1
122.436,2026-04-30T16:07:38.541491,1.72,2.11
122.692,2026-04-30T16:07:38.797790,1.73,2.1
122.948,2026-04-30T16:07:39.053756,1.73,2.11
123.216,2026-04-30T16:07:39.321711,1.72,2.1
123.457,2026-04-30T16:07:39.561992,1.73,2.11
123.728,2026-04-30T16:07:39.833703,1.74,2.11
123.972,2026-04-30T16:07:40.077701,1.73,2.11
124.209,2026-04-30T16:07:40.313949,1.72,2.11
124.456,2026-04-30T16:07:40.561825,1.73,2.11
124.720,2026-04-30T16:07:40.825750,1.73,2.11
124.972,2026-04-30T16:07:41.077712,1.72,2.1
125.224,2026-04-30T16:07:41.329694,1.72,2.1
125.484,2026-04-30T16:07:41.589697,1.72,2.1
125.728,2026-04-30T16:07:41.833791,1.73,2.11
125.984,2026-04-30T16:07:42.089716,1.72,2.11
126.260,2026-04-30T16:07:42.365739,1.72,2.1
126.513,2026-04-30T16:07:42.618169,1.72,2.1
126.764,2026-04-30T16:07:42.869555,1.72,2.1
127.028,2026-04-30T16:07:43.133737,1.73,2.11
127.260,2026-04-30T16:07:43.365724,1.74,2.11
127.509,2026-04-30T16:07:43.613951,1.72,2.1
127.760,2026-04-30T16:07:43.865728,1.73,2.11
128.012,2026-04-30T16:07:44.117529,1.72,2.1
128.257,2026-04-30T16:07:44.361861,1.72,2.1
128.509,2026-04-30T16:07:44.613896,1.72,2.11
128.768,2026-04-30T16:07:44.873718,1.72,2.11
129.028,2026-04-30T16:07:45.133531,1.73,2.1
129.284,2026-04-30T16:07:45.389701,1.73,2.11
129.536,2026-04-30T16:07:45.641658,1.73,2.11
129.788,2026-04-30T16:07:45.893670,1.72,2.11
130.052,2026-04-30T16:07:46.157725,1.72,2.1
130.304,2026-04-30T16:07:46.409816,1.73,2.11
130.569,2026-04-30T16:07:46.673981,1.71,2.11
130.816,2026-04-30T16:07:46.921598,1.74,2.1
131.076,2026-04-30T16:07:47.181631,1.72,2.11
131.320,2026-04-30T16:07:47.425800,1.71,2.1
131.580,2026-04-30T16:07:47.685834,1.74,2.11
131.824,2026-04-30T16:07:47.929623,1.72,2.1
132.072,2026-04-30T16:07:48.177643,1.72,2.1
132.357,2026-04-30T16:07:48.462034,1.72,2.1
132.596,2026-04-30T16:07:48.701732,1.72,2.11
132.844,2026-04-30T16:07:48.949625,1.72,2.11
133.100,2026-04-30T16:07:49.205784,1.73,2.11
133.345,2026-04-30T16:07:49.449851,1.73,2.11
133.600,2026-04-30T16:07:49.705756,1.72,2.11
133.852,2026-04-30T16:07:49.957773,1.72,2.1
134.112,2026-04-30T16:07:50.217640,1.74,2.1
134.360,2026-04-30T16:07:50.465711,1.74,2.11
134.616,2026-04-30T16:07:50.721720,1.72,2.1
134.868,2026-04-30T16:07:50.973742,1.73,2.1
135.133,2026-04-30T16:07:51.237855,1.72,2.1
135.384,2026-04-30T16:07:51.489762,1.72,2.1
135.653,2026-04-30T16:07:51.758006,1.72,2.1
135.876,2026-04-30T16:07:51.981692,1.74,2.1
136.132,2026-04-30T16:07:52.237820,1.73,2.1
136.381,2026-04-30T16:07:52.485885,1.74,2.1
136.640,2026-04-30T16:07:52.745803,1.74,2.1
136.881,2026-04-30T16:07:52.985844,1.73,2.1
137.128,2026-04-30T16:07:53.233577,1.74,2.11
137.396,2026-04-30T16:07:53.501769,1.74,2.11
137.652,2026-04-30T16:07:53.757757,1.73,2.11
137.926,2026-04-30T16:07:54.031096,1.71,2.1
138.172,2026-04-30T16:07:54.277754,1.73,2.11
138.428,2026-04-30T16:07:54.533786,1.72,2.11
138.669,2026-04-30T16:07:54.774080,1.73,2.1
138.921,2026-04-30T16:07:55.025840,1.72,2.1
139.172,2026-04-30T16:07:55.277651,1.72,2.11
139.428,2026-04-30T16:07:55.533686,1.73,2.1
139.681,2026-04-30T16:07:55.785980,1.73,2.11
139.933,2026-04-30T16:07:56.038010,1.72,2.1
140.188,2026-04-30T16:07:56.293794,1.73,2.11
140.444,2026-04-30T16:07:56.549804,1.71,2.1
140.693,2026-04-30T16:07:56.797907,1.72,2.11
140.969,2026-04-30T16:07:57.073981,1.72,2.1
141.216,2026-04-30T16:07:57.321517,1.71,2.1
141.469,2026-04-30T16:07:57.574046,1.74,2.1
141.724,2026-04-30T16:07:57.829747,1.72,2.1
141.957,2026-04-30T16:07:58.061987,1.72,2.1
142.216,2026-04-30T16:07:58.321740,1.74,2.11
142.460,2026-04-30T16:07:58.565750,1.72,2.1
142.716,2026-04-30T16:07:58.821814,1.72,2.11
142.969,2026-04-30T16:07:59.073954,1.73,2.1
143.220,2026-04-30T16:07:59.325805,1.73,2.11
143.481,2026-04-30T16:07:59.585914,1.72,2.1
143.736,2026-04-30T16:07:59.841807,1.72,2.1
144.021,2026-04-30T16:08:00.125910,1.71,2.1
144.248,2026-04-30T16:08:00.353800,1.72,2.1
144.525,2026-04-30T16:08:00.630055,1.73,2.1
144.748,2026-04-30T16:08:00.853751,1.73,2.11
145.005,2026-04-30T16:08:01.109878,1.74,2.1
145.257,2026-04-30T16:08:01.362008,1.73,2.1
145.492,2026-04-30T16:08:01.597675,1.73,2.1
145.748,2026-04-30T16:08:01.853721,1.72,2.1
146.012,2026-04-30T16:08:02.117724,1.72,2.1
146.269,2026-04-30T16:08:02.373923,1.73,2.11
146.545,2026-04-30T16:08:02.650225,1.72,2.11
146.805,2026-04-30T16:08:02.909877,1.73,2.11
147.052,2026-04-30T16:08:03.157795,1.73,2.12
147.316,2026-04-30T16:08:03.421799,1.73,2.11
147.545,2026-04-30T16:08:03.649916,1.74,2.11
147.805,2026-04-30T16:08:03.909955,1.73,2.1
148.057,2026-04-30T16:08:04.161970,1.73,2.11
148.309,2026-04-30T16:08:04.413980,1.74,2.11
148.564,2026-04-30T16:08:04.669826,1.73,2.1
148.821,2026-04-30T16:08:04.925906,1.73,2.11
149.060,2026-04-30T16:08:05.165802,1.72,2.1
149.320,2026-04-30T16:08:05.425809,1.73,2.11
149.592,2026-04-30T16:08:05.697742,1.75,2.11
149.845,2026-04-30T16:08:05.949905,1.74,2.11
150.093,2026-04-30T16:08:06.197954,1.73,2.12
150.349,2026-04-30T16:08:06.453876,1.75,2.11
150.588,2026-04-30T16:08:06.693822,1.74,2.11
150.845,2026-04-30T16:08:06.949856,1.73,2.12
151.093,2026-04-30T16:08:07.197965,1.72,2.12
151.357,2026-04-30T16:08:07.461887,1.72,2.11
151.608,2026-04-30T16:08:07.713707,1.73,2.12
151.864,2026-04-30T16:08:07.969810,1.73,2.11
152.113,2026-04-30T16:08:08.217928,1.73,2.11
152.397,2026-04-30T16:08:08.501927,1.73,2.11
152.652,2026-04-30T16:08:08.757819,1.74,2.11
152.893,2026-04-30T16:08:08.997924,1.74,2.11
153.144,2026-04-30T16:08:09.249767,1.72,2.12
153.381,2026-04-30T16:08:09.485954,1.72,2.11
153.636,2026-04-30T16:08:09.741743,1.74,2.12
153.889,2026-04-30T16:08:09.993894,1.73,2.12
154.129,2026-04-30T16:08:10.233863,1.73,2.11
154.381,2026-04-30T16:08:10.485943,1.73,2.11
154.649,2026-04-30T16:08:10.753863,1.73,2.11
154.909,2026-04-30T16:08:11.013921,1.74,2.12
155.164,2026-04-30T16:08:11.269829,1.73,2.11
155.440,2026-04-30T16:08:11.545832,1.73,2.11
155.681,2026-04-30T16:08:11.786010,1.74,2.11
155.932,2026-04-30T16:08:12.037816,1.72,2.1
156.185,2026-04-30T16:08:12.289834,1.74,2.12
156.440,2026-04-30T16:08:12.545798,1.74,2.11
156.697,2026-04-30T16:08:12.801910,1.73,2.1
156.953,2026-04-30T16:08:13.057855,1.73,2.11
157.209,2026-04-30T16:08:13.314048,1.74,2.1
157.445,2026-04-30T16:08:13.549857,1.74,2.11
157.696,2026-04-30T16:08:13.801830,1.73,2.12
157.952,2026-04-30T16:08:14.057724,1.72,2.11
158.224,2026-04-30T16:08:14.329807,1.73,2.11
158.465,2026-04-30T16:08:14.569851,1.74,2.12
158.737,2026-04-30T16:08:14.841835,1.74,2.11
158.972,2026-04-30T16:08:15.077799,1.74,2.11
159.221,2026-04-30T16:08:15.325947,1.73,2.1
159.476,2026-04-30T16:08:15.581761,1.72,2.11
159.729,2026-04-30T16:08:15.833893,1.75,2.11
159.984,2026-04-30T16:08:16.089650,1.73,2.11
160.245,2026-04-30T16:08:16.349872,1.72,2.11
160.497,2026-04-30T16:08:16.601861,1.72,2.11
160.745,2026-04-30T16:08:16.849854,1.73,2.11
161.005,2026-04-30T16:08:17.109891,1.74,2.1
161.276,2026-04-30T16:08:17.381758,1.71,2.11
161.509,2026-04-30T16:08:17.613981,1.74,2.11
161.781,2026-04-30T16:08:17.886027,1.73,2.11
162.012,2026-04-30T16:08:18.117581,1.74,2.11
162.269,2026-04-30T16:08:18.373964,1.74,2.11
162.516,2026-04-30T16:08:18.621833,1.73,2.11
162.752,2026-04-30T16:08:18.857779,1.75,2.11
163.009,2026-04-30T16:08:19.113972,1.74,2.11
163.272,2026-04-30T16:08:19.377710,1.74,2.11
163.528,2026-04-30T16:08:19.633834,1.73,2.11
163.784,2026-04-30T16:08:19.889760,1.71,2.1
164.040,2026-04-30T16:08:20.145600,1.73,2.1
164.324,2026-04-30T16:08:20.429671,1.73,2.11
164.560,2026-04-30T16:08:20.665798,1.72,2.1
164.813,2026-04-30T16:08:20.917873,1.73,2.1
165.069,2026-04-30T16:08:21.173992,1.74,2.11
165.329,2026-04-30T16:08:21.433843,1.75,2.12
165.569,2026-04-30T16:08:21.673938,1.74,2.11
165.821,2026-04-30T16:08:21.925891,1.73,2.1
166.072,2026-04-30T16:08:22.177763,1.74,2.1
166.324,2026-04-30T16:08:22.429636,1.74,2.1
166.581,2026-04-30T16:08:22.685935,1.74,2.12
166.833,2026-04-30T16:08:22.937969,1.74,2.1
167.089,2026-04-30T16:08:23.193935,1.74,2.11
167.353,2026-04-30T16:08:23.457892,1.72,2.1
167.605,2026-04-30T16:08:23.709908,1.75,2.11
167.860,2026-04-30T16:08:23.965812,1.74,2.1
168.113,2026-04-30T16:08:24.217924,1.73,2.11
168.369,2026-04-30T16:08:24.473841,1.72,2.1
168.625,2026-04-30T16:08:24.729873,1.74,2.11
168.881,2026-04-30T16:08:24.985936,1.74,2.11
169.113,2026-04-30T16:08:25.217878,1.73,2.11
169.372,2026-04-30T16:08:25.477687,1.75,2.11
169.636,2026-04-30T16:08:25.741829,1.75,2.11
169.893,2026-04-30T16:08:25.997984,1.75,2.11
170.152,2026-04-30T16:08:26.257806,1.74,2.1
170.400,2026-04-30T16:08:26.505632,1.73,2.1
170.669,2026-04-30T16:08:26.774075,1.73,2.11
170.897,2026-04-30T16:08:27.001862,1.73,2.11
171.148,2026-04-30T16:08:27.253792,1.73,2.11
171.385,2026-04-30T16:08:27.489860,1.74,2.1
171.636,2026-04-30T16:08:27.741816,1.74,2.1
171.913,2026-04-30T16:08:28.017942,1.74,2.1
172.161,2026-04-30T16:08:28.265846,1.75,2.11
172.412,2026-04-30T16:08:28.517666,1.74,2.11
172.672,2026-04-30T16:08:28.777819,1.74,2.11
172.933,2026-04-30T16:08:29.037991,1.75,2.1
173.200,2026-04-30T16:08:29.305783,1.74,2.11
173.440,2026-04-30T16:08:29.545774,1.73,2.11
173.681,2026-04-30T16:08:29.785961,1.73,2.11
173.940,2026-04-30T16:08:30.045834,1.73,2.11
174.189,2026-04-30T16:08:30.293896,1.73,2.11
174.440,2026-04-30T16:08:30.545797,1.74,2.11
174.696,2026-04-30T16:08:30.801772,1.73,2.1
174.945,2026-04-30T16:08:31.049991,1.74,2.11
175.201,2026-04-30T16:08:31.305917,1.73,2.11
175.449,2026-04-30T16:08:31.553870,1.75,2.11
175.724,2026-04-30T16:08:31.829834,1.73,2.1
175.976,2026-04-30T16:08:32.081827,1.73,2.1
176.229,2026-04-30T16:08:32.333887,1.73,2.11
176.485,2026-04-30T16:08:32.589934,1.75,2.11
176.724,2026-04-30T16:08:32.829617,1.74,2.11
176.981,2026-04-30T16:08:33.086038,1.74,2.11
177.229,2026-04-30T16:08:33.333928,1.75,2.11
177.485,2026-04-30T16:08:33.589915,1.75,2.12
177.737,2026-04-30T16:08:33.841882,1.74,2.11
177.993,2026-04-30T16:08:34.097867,1.75,2.11
178.248,2026-04-30T16:08:34.353829,1.73,2.11
178.517,2026-04-30T16:08:34.621925,1.74,2.11
178.769,2026-04-30T16:08:34.873920,1.75,2.1
179.009,2026-04-30T16:08:35.114072,1.73,2.11
179.281,2026-04-30T16:08:35.386035,1.73,2.11
179.517,2026-04-30T16:08:35.622157,1.73,2.11
179.772,2026-04-30T16:08:35.877791,1.75,2.11
180.009,2026-04-30T16:08:36.114034,1.74,2.11
180.261,2026-04-30T16:08:36.365848,1.74,2.11
180.533,2026-04-30T16:08:36.638348,1.74,2.11
180.784,2026-04-30T16:08:36.889759,1.74,2.1
181.037,2026-04-30T16:08:37.141858,1.74,2.1
181.309,2026-04-30T16:08:37.413958,1.74,2.1
181.581,2026-04-30T16:08:37.686004,1.75,2.11
181.809,2026-04-30T16:08:37.914044,1.75,2.11
182.069,2026-04-30T16:08:38.173860,1.75,2.11
182.313,2026-04-30T16:08:38.417896,1.74,2.1
182.573,2026-04-30T16:08:38.677851,1.74,2.1
182.821,2026-04-30T16:08:38.925857,1.76,2.11
183.077,2026-04-30T16:08:39.181877,1.75,2.1
183.325,2026-04-30T16:08:39.429945,1.75,2.1
183.585,2026-04-30T16:08:39.689895,1.75,2.1
183.836,2026-04-30T16:08:39.941812,1.74,2.1
184.081,2026-04-30T16:08:40.186006,1.74,2.1
184.357,2026-04-30T16:08:40.462061,1.76,2.1
184.609,2026-04-30T16:08:40.714096,1.75,2.1
184.861,2026-04-30T16:08:40.965898,1.75,2.1
185.105,2026-04-30T16:08:41.209916,1.74,2.1
185.357,2026-04-30T16:08:41.462086,1.73,2.1
185.613,2026-04-30T16:08:41.717871,1.74,2.1
185.865,2026-04-30T16:08:41.969962,1.74,2.1
186.113,2026-04-30T16:08:42.217854,1.73,2.1
186.365,2026-04-30T16:08:42.469945,1.73,2.1
186.617,2026-04-30T16:08:42.721854,1.73,2.1
186.869,2026-04-30T16:08:42.974010,1.73,2.1
187.116,2026-04-30T16:08:43.221694,1.75,2.1
187.381,2026-04-30T16:08:43.486042,1.74,2.1
187.641,2026-04-30T16:08:43.745897,1.73,2.1
187.917,2026-04-30T16:08:44.021924,1.75,2.1
188.140,2026-04-30T16:08:44.245753,1.73,2.1
188.389,2026-04-30T16:08:44.493858,1.75,2.11
188.633,2026-04-30T16:08:44.738013,1.76,2.1
188.885,2026-04-30T16:08:44.990214,1.76,2.1
189.148,2026-04-30T16:08:45.253722,1.76,2.1
189.405,2026-04-30T16:08:45.510024,1.73,2.1
189.657,2026-04-30T16:08:45.762078,1.75,2.1
189.913,2026-04-30T16:08:46.017885,1.76,2.1
190.185,2026-04-30T16:08:46.289843,1.75,2.1
190.437,2026-04-30T16:08:46.541909,1.74,2.1
190.693,2026-04-30T16:08:46.798035,1.74,2.1
190.949,2026-04-30T16:08:47.054000,1.73,2.1
191.184,2026-04-30T16:08:47.289649,1.75,2.1
191.445,2026-04-30T16:08:47.550075,1.74,2.1
191.693,2026-04-30T16:08:47.797987,1.75,2.1
191.945,2026-04-30T16:08:48.050059,1.74,2.1
192.201,2026-04-30T16:08:48.305905,1.74,2.1
192.457,2026-04-30T16:08:48.562166,1.75,2.1
192.713,2026-04-30T16:08:48.817863,1.75,2.11
192.997,2026-04-30T16:08:49.101961,1.75,2.1
193.221,2026-04-30T16:08:49.325973,1.74,2.11
193.513,2026-04-30T16:08:49.617961,1.75,2.1
193.724,2026-04-30T16:08:49.829706,1.73,2.1
193.973,2026-04-30T16:08:50.077866,1.74,2.1
194.225,2026-04-30T16:08:50.329931,1.76,2.1
194.481,2026-04-30T16:08:50.586060,1.74,2.1
194.741,2026-04-30T16:08:50.845916,1.76,2.1
194.993,2026-04-30T16:08:51.098129,1.75,2.1
195.249,2026-04-30T16:08:51.353842,1.75,2.1
195.500,2026-04-30T16:08:51.605723,1.76,2.1
195.757,2026-04-30T16:08:51.862031,1.75,2.1
196.009,2026-04-30T16:08:52.114063,1.73,2.1
196.277,2026-04-30T16:08:52.381891,1.74,2.1
196.517,2026-04-30T16:08:52.622366,1.75,2.1
196.769,2026-04-30T16:08:52.874047,1.74,2.1
197.017,2026-04-30T16:08:53.121913,1.74,2.1
197.261,2026-04-30T16:08:53.365861,1.74,2.1
197.517,2026-04-30T16:08:53.621841,1.74,2.1
197.785,2026-04-30T16:08:53.889948,1.75,2.11
198.041,2026-04-30T16:08:54.145879,1.74,2.1
198.293,2026-04-30T16:08:54.398062,1.74,2.1
198.553,2026-04-30T16:08:54.657887,1.73,2.1
198.817,2026-04-30T16:08:54.921936,1.75,2.1
199.073,2026-04-30T16:08:55.177904,1.74,2.1
199.325,2026-04-30T16:08:55.429912,1.75,2.1
199.581,2026-04-30T16:08:55.685968,1.74,2.1
199.813,2026-04-30T16:08:55.917906,1.76,2.11
200.073,2026-04-30T16:08:56.177848,1.74,2.1
200.321,2026-04-30T16:08:56.426091,1.74,2.1
200.581,2026-04-30T16:08:56.685987,1.74,2.1
200.833,2026-04-30T16:08:56.938104,1.76,2.1
201.085,2026-04-30T16:08:57.189973,1.74,2.1
201.341,2026-04-30T16:08:57.445907,1.75,2.1
201.604,2026-04-30T16:08:57.709784,1.74,2.1
201.877,2026-04-30T16:08:57.981878,1.74,2.1
202.121,2026-04-30T16:08:58.226013,1.75,2.1
202.373,2026-04-30T16:08:58.477935,1.74,2.1
202.609,2026-04-30T16:08:58.714183,1.77,2.11
202.865,2026-04-30T16:08:58.969855,1.74,2.1
203.113,2026-04-30T16:08:59.217988,1.75,2.1
203.373,2026-04-30T16:08:59.477845,1.75,2.1
203.621,2026-04-30T16:08:59.726084,1.75,2.1
203.872,2026-04-30T16:08:59.977690,1.73,2.1
204.133,2026-04-30T16:09:00.238098,1.73,2.1
204.385,2026-04-30T16:09:00.489988,1.75,2.11
204.657,2026-04-30T16:09:00.762127,1.74,2.1
204.921,2026-04-30T16:09:01.026054,1.73,2.1
205.177,2026-04-30T16:09:01.281960,1.74,2.1
205.425,2026-04-30T16:09:01.530026,1.75,2.1
205.649,2026-04-30T16:09:01.753949,1.74,2.1
205.900,2026-04-30T16:09:02.005757,1.75,2.11
206.165,2026-04-30T16:09:02.269864,1.75,2.11
206.421,2026-04-30T16:09:02.526101,1.74,2.1
206.681,2026-04-30T16:09:02.786024,1.74,2.11
206.933,2026-04-30T16:09:03.038028,1.73,2.1
207.189,2026-04-30T16:09:03.293879,1.76,2.1
207.449,2026-04-30T16:09:03.553950,1.75,2.1
207.701,2026-04-30T16:09:03.805931,1.75,2.1
207.960,2026-04-30T16:09:04.065823,1.74,2.1
208.225,2026-04-30T16:09:04.329932,1.75,2.1
208.453,2026-04-30T16:09:04.557973,1.74,2.1
208.701,2026-04-30T16:09:04.805988,1.74,2.1
208.957,2026-04-30T16:09:05.062184,1.74,2.1
209.213,2026-04-30T16:09:05.317963,1.74,2.1
209.469,2026-04-30T16:09:05.574040,1.74,2.1
209.721,2026-04-30T16:09:05.826030,1.75,2.1
209.972,2026-04-30T16:09:06.077687,1.74,2.1
210.229,2026-04-30T16:09:06.333859,1.74,2.1
210.509,2026-04-30T16:09:06.614202,1.76,2.11
210.749,2026-04-30T16:09:06.853930,1.74,2.1
211.005,2026-04-30T16:09:07.110021,1.74,2.1
211.249,2026-04-30T16:09:07.354009,1.76,2.1
211.513,2026-04-30T16:09:07.618211,1.73,2.1
211.765,2026-04-30T16:09:07.869969,1.75,2.1
212.016,2026-04-30T16:09:08.121703,1.73,2.1
212.273,2026-04-30T16:09:08.377908,1.74,2.1
212.513,2026-04-30T16:09:08.618243,1.74,2.1
212.769,2026-04-30T16:09:08.874106,1.75,2.1
213.025,2026-04-30T16:09:09.130019,1.75,2.1
213.293,2026-04-30T16:09:09.397976,1.74,2.1
213.545,2026-04-30T16:09:09.650444,1.75,2.1
213.801,2026-04-30T16:09:09.905973,1.75,2.1
214.069,2026-04-30T16:09:10.173969,1.75,2.1
214.281,2026-04-30T16:09:10.385961,1.75,2.1
214.533,2026-04-30T16:09:10.638206,1.74,2.1
214.809,2026-04-30T16:09:10.914231,1.74,2.1
215.061,2026-04-30T16:09:11.166030,1.75,2.1
215.321,2026-04-30T16:09:11.425994,1.76,2.1
215.569,2026-04-30T16:09:11.674057,1.74,2.1
215.821,2026-04-30T16:09:11.926006,1.75,2.1
216.073,2026-04-30T16:09:12.177908,1.75,2.1
216.344,2026-04-30T16:09:12.449814,1.74,2.1
216.597,2026-04-30T16:09:12.701850,1.76,2.1
216.853,2026-04-30T16:09:12.958049,1.75,2.11
217.105,2026-04-30T16:09:13.210093,1.75,2.11
217.357,2026-04-30T16:09:13.462171,1.74,2.1
217.613,2026-04-30T16:09:13.718022,1.74,2.1
217.853,2026-04-30T16:09:13.958035,1.75,2.1
218.109,2026-04-30T16:09:14.214168,1.76,2.1
218.353,2026-04-30T16:09:14.457848,1.75,2.1
218.624,2026-04-30T16:09:14.729784,1.76,2.1
218.873,2026-04-30T16:09:14.977982,1.73,2.1
219.125,2026-04-30T16:09:15.229956,1.75,2.1
219.381,2026-04-30T16:09:15.486050,1.76,2.11
219.657,2026-04-30T16:09:15.762228,1.75,2.11
219.893,2026-04-30T16:09:15.998175,1.75,2.11
220.125,2026-04-30T16:09:16.230039,1.75,2.11
220.381,2026-04-30T16:09:16.485999,1.75,2.1
220.633,2026-04-30T16:09:16.738186,1.76,2.1
220.893,2026-04-30T16:09:16.998142,1.76,2.1
221.149,2026-04-30T16:09:17.254102,1.75,2.1
221.397,2026-04-30T16:09:17.501959,1.76,2.11
221.657,2026-04-30T16:09:17.762229,1.77,2.11
221.925,2026-04-30T16:09:18.030037,1.76,2.11
222.177,2026-04-30T16:09:18.282018,1.76,2.11
222.448,2026-04-30T16:09:18.553738,1.77,2.1
222.693,2026-04-30T16:09:18.798150,1.75,2.11
222.909,2026-04-30T16:09:19.014124,1.77,2.1
223.161,2026-04-30T16:09:19.265967,1.75,2.1
223.433,2026-04-30T16:09:19.538185,1.75,2.1
223.681,2026-04-30T16:09:19.786183,1.76,2.11
223.933,2026-04-30T16:09:20.038080,1.75,2.1
224.185,2026-04-30T16:09:20.290039,1.74,2.11
224.437,2026-04-30T16:09:20.541979,1.75,2.1
224.717,2026-04-30T16:09:20.821996,1.75,2.1
224.957,2026-04-30T16:09:21.062168,1.75,2.1
225.213,2026-04-30T16:09:21.318075,1.74,2.11
225.473,2026-04-30T16:09:21.577996,1.76,2.11
225.713,2026-04-30T16:09:21.818088,1.75,2.11
225.981,2026-04-30T16:09:22.086133,1.76,2.11
226.217,2026-04-30T16:09:22.322033,1.76,2.11
226.469,2026-04-30T16:09:22.574117,1.74,2.1
226.725,2026-04-30T16:09:22.829877,1.76,2.11
226.981,2026-04-30T16:09:23.086135,1.75,2.11
227.233,2026-04-30T16:09:23.338134,1.75,2.11
227.473,2026-04-30T16:09:23.578006,1.75,2.11
227.753,2026-04-30T16:09:23.858025,1.75,2.11
228.001,2026-04-30T16:09:24.106011,1.77,2.11
228.253,2026-04-30T16:09:24.358025,1.73,2.1
228.509,2026-04-30T16:09:24.614249,1.75,2.11
228.749,2026-04-30T16:09:24.853902,1.74,2.11
229.009,2026-04-30T16:09:25.114310,1.75,2.11
229.261,2026-04-30T16:09:25.365852,1.77,2.11
229.514,2026-04-30T16:09:25.619410,1.77,2.12
229.765,2026-04-30T16:09:25.869994,1.75,2.11
230.021,2026-04-30T16:09:26.125967,1.77,2.11
230.269,2026-04-30T16:09:26.374228,1.76,2.11
230.529,2026-04-30T16:09:26.633934,1.76,2.11
230.801,2026-04-30T16:09:26.905886,1.74,2.11
231.057,2026-04-30T16:09:27.162084,1.74,2.11
231.317,2026-04-30T16:09:27.422083,1.75,2.1
231.530,2026-04-30T16:09:27.634957,1.75,2.1
231.809,2026-04-30T16:09:27.914304,1.74,2.11
232.061,2026-04-30T16:09:28.166093,1.74,2.11
232.313,2026-04-30T16:09:28.418055,1.75,2.1
232.569,2026-04-30T16:09:28.674170,1.75,2.11
232.821,2026-04-30T16:09:28.925949,1.74,2.1
233.077,2026-04-30T16:09:29.181959,1.75,2.1
233.329,2026-04-30T16:09:29.433999,1.74,2.11
233.593,2026-04-30T16:09:29.698142,1.74,2.1
233.845,2026-04-30T16:09:29.950168,1.75,2.1
234.101,2026-04-30T16:09:30.206089,1.76,2.11
234.361,2026-04-30T16:09:30.466046,1.74,2.1
234.601,2026-04-30T16:09:30.706100,1.74,2.1
234.853,2026-04-30T16:09:30.957855,1.76,2.11
235.109,2026-04-30T16:09:31.214217,1.76,2.1
235.361,2026-04-30T16:09:31.466080,1.75,2.11
235.621,2026-04-30T16:09:31.726129,1.75,2.1
235.861,2026-04-30T16:09:31.966013,1.76,2.1
236.117,2026-04-30T16:09:32.222010,1.75,2.1
236.373,2026-04-30T16:09:32.477964,1.74,2.11
236.645,2026-04-30T16:09:32.750286,1.77,2.11
236.873,2026-04-30T16:09:32.978026,1.74,2.1
237.137,2026-04-30T16:09:33.241858,1.75,2.11
237.389,2026-04-30T16:09:33.494051,1.75,2.1
237.649,2026-04-30T16:09:33.754052,1.75,2.11
237.905,2026-04-30T16:09:34.010178,1.76,2.1
238.161,2026-04-30T16:09:34.266089,1.74,2.1
238.413,2026-04-30T16:09:34.518045,1.77,2.11
238.657,2026-04-30T16:09:34.762223,1.76,2.11
238.905,2026-04-30T16:09:35.010085,1.77,2.11
239.161,2026-04-30T16:09:35.265909,1.77,2.11
239.417,2026-04-30T16:09:35.522025,1.75,2.11
239.685,2026-04-30T16:09:35.790069,1.75,2.11
239.929,2026-04-30T16:09:36.034117,1.75,2.12
240.165,2026-04-30T16:09:36.269953,1.76,2.11
240.417,2026-04-30T16:09:36.522046,1.76,2.11
240.681,2026-04-30T16:09:36.786129,1.76,2.11
240.933,2026-04-30T16:09:37.038225,1.75,2.1
241.185,2026-04-30T16:09:37.289995,1.75,2.1
241.441,2026-04-30T16:09:37.546031,1.75,2.1
241.697,2026-04-30T16:09:37.801938,1.76,2.1
241.949,2026-04-30T16:09:38.054011,1.76,2.1
242.201,2026-04-30T16:09:38.306088,1.78,2.1
242.461,2026-04-30T16:09:38.566147,1.75,2.11
242.709,2026-04-30T16:09:38.814350,1.76,2.1
242.981,2026-04-30T16:09:39.086186,1.75,2.11
243.213,2026-04-30T16:09:39.317916,1.76,2.1
243.473,2026-04-30T16:09:39.577955,1.77,2.11
243.733,2026-04-30T16:09:39.838247,1.76,2.1
243.977,2026-04-30T16:09:40.082030,1.75,2.1
244.229,2026-04-30T16:09:40.334120,1.75,2.11
244.485,2026-04-30T16:09:40.590084,1.75,2.11
244.741,2026-04-30T16:09:40.846022,1.76,2.11
245.017,2026-04-30T16:09:41.122081,1.77,2.1
245.253,2026-04-30T16:09:41.358046,1.75,2.1
245.529,2026-04-30T16:09:41.634206,1.76,2.11
245.773,2026-04-30T16:09:41.878013,1.76,2.1
246.009,2026-04-30T16:09:42.114355,1.77,2.1
246.265,2026-04-30T16:09:42.370057,1.76,2.11
246.513,2026-04-30T16:09:42.618619,1.77,2.1
246.769,2026-04-30T16:09:42.874215,1.75,2.11
247.017,2026-04-30T16:09:43.122485,1.76,2.12
247.269,2026-04-30T16:09:43.374218,1.75,2.1
247.525,2026-04-30T16:09:43.630075,1.77,2.1
247.785,2026-04-30T16:09:43.890033,1.77,2.11
248.041,2026-04-30T16:09:44.146109,1.76,2.11
248.305,2026-04-30T16:09:44.410084,1.76,2.1
248.561,2026-04-30T16:09:44.666074,1.76,2.11
248.797,2026-04-30T16:09:44.902013,1.77,2.11
249.033,2026-04-30T16:09:45.138239,1.77,2.11
249.325,2026-04-30T16:09:45.430165,1.75,2.11
249.569,2026-04-30T16:09:45.674098,1.76,2.11
249.825,2026-04-30T16:09:45.930166,1.77,2.1
250.085,2026-04-30T16:09:46.190062,1.75,2.1
250.317,2026-04-30T16:09:46.422155,1.75,2.11
250.573,2026-04-30T16:09:46.678071,1.77,2.12
250.841,2026-04-30T16:09:46.946213,1.75,2.11
251.101,2026-04-30T16:09:47.206092,1.75,2.11
251.341,2026-04-30T16:09:47.446134,1.77,2.11
251.601,2026-04-30T16:09:47.706054,1.75,2.12
251.849,2026-04-30T16:09:47.953878,1.77,2.12
252.101,2026-04-30T16:09:48.206114,1.75,2.11
252.357,2026-04-30T16:09:48.462312,1.76,2.1
252.617,2026-04-30T16:09:48.722034,1.76,2.11
252.865,2026-04-30T16:09:48.970067,1.76,2.11
253.117,2026-04-30T16:09:49.222172,1.76,2.11
253.369,2026-04-30T16:09:49.474500,1.75,2.1
253.625,2026-04-30T16:09:49.729932,1.77,2.11
253.901,2026-04-30T16:09:50.006092,1.75,2.11
254.133,2026-04-30T16:09:50.238220,1.77,2.11
254.397,2026-04-30T16:09:50.502125,1.77,2.11
254.633,2026-04-30T16:09:50.738163,1.76,2.12
254.905,2026-04-30T16:09:51.010194,1.76,2.11
255.137,2026-04-30T16:09:51.242025,1.77,2.11
255.401,2026-04-30T16:09:51.506084,1.77,2.11
255.645,2026-04-30T16:09:51.750184,1.76,2.11
255.897,2026-04-30T16:09:52.001981,1.76,2.12
256.157,2026-04-30T16:09:52.262304,1.75,2.1
256.409,2026-04-30T16:09:52.514192,1.76,2.1
256.677,2026-04-30T16:09:52.782158,1.74,2.11
256.917,2026-04-30T16:09:53.022024,1.77,2.11
257.181,2026-04-30T16:09:53.286201,1.77,2.1
257.421,2026-04-30T16:09:53.526236,1.75,2.11
257.665,2026-04-30T16:09:53.770045,1.75,2.11
257.969,2026-04-30T16:09:54.074110,1.75,2.1
258.209,2026-04-30T16:09:54.314370,1.76,2.11
258.465,2026-04-30T16:09:54.570101,1.74,2.11
258.693,2026-04-30T16:09:54.798239,1.76,2.11
258.949,2026-04-30T16:09:55.054021,1.77,2.12
259.201,2026-04-30T16:09:55.306170,1.76,2.11
259.453,2026-04-30T16:09:55.558193,1.75,2.11
259.729,2026-04-30T16:09:55.834228,1.77,2.11
259.965,2026-04-30T16:09:56.070050,1.76,2.12
260.237,2026-04-30T16:09:56.342052,1.76,2.11
260.505,2026-04-30T16:09:56.610225,1.76,2.11
260.733,2026-04-30T16:09:56.838240,1.76,2.11
260.981,2026-04-30T16:09:57.086198,1.76,2.11
261.229,2026-04-30T16:09:57.334222,1.77,2.11
261.485,2026-04-30T16:09:57.590181,1.75,2.11
261.737,2026-04-30T16:09:57.842129,1.76,2.11
261.993,2026-04-30T16:09:58.098112,1.78,2.12
262.249,2026-04-30T16:09:58.353940,1.75,2.12
262.533,2026-04-30T16:09:58.638495,1.77,2.1
262.777,2026-04-30T16:09:58.882026,1.76,2.1
263.013,2026-04-30T16:09:59.118186,1.77,2.11
263.281,2026-04-30T16:09:59.386271,1.76,2.11
263.521,2026-04-30T16:09:59.626337,1.77,2.1
263.781,2026-04-30T16:09:59.886256,1.76,2.11
264.029,2026-04-30T16:10:00.134152,1.75,2.1
264.285,2026-04-30T16:10:00.390042,1.77,2.12
264.541,2026-04-30T16:10:00.646229,1.77,2.1
264.793,2026-04-30T16:10:00.898302,1.75,2.11
265.053,2026-04-30T16:10:01.158165,1.77,2.11
265.321,2026-04-30T16:10:01.426276,1.76,2.1
265.577,2026-04-30T16:10:01.682136,1.76,2.11
265.829,2026-04-30T16:10:01.934193,1.76,2.11
266.049,2026-04-30T16:10:02.154229,1.76,2.11
266.309,2026-04-30T16:10:02.414229,1.76,2.11
266.577,2026-04-30T16:10:02.682105,1.75,2.1
266.833,2026-04-30T16:10:02.938353,1.76,2.1
267.081,2026-04-30T16:10:03.186317,1.77,2.11
267.333,2026-04-30T16:10:03.438162,1.76,2.1
267.593,2026-04-30T16:10:03.698293,1.76,2.1
267.853,2026-04-30T16:10:03.958188,1.77,2.1
268.125,2026-04-30T16:10:04.230090,1.77,2.1
268.357,2026-04-30T16:10:04.462242,1.76,2.1
268.633,2026-04-30T16:10:04.738304,1.76,2.1
268.881,2026-04-30T16:10:04.986231,1.76,2.1
269.117,2026-04-30T16:10:05.222062,1.77,2.11
269.365,2026-04-30T16:10:05.470115,1.75,2.1
269.621,2026-04-30T16:10:05.726305,1.76,2.1
269.869,2026-04-30T16:10:05.974157,1.77,2.1
270.121,2026-04-30T16:10:06.226293,1.76,2.1
270.377,2026-04-30T16:10:06.481900,1.77,2.1
270.637,2026-04-30T16:10:06.742117,1.76,2.1
270.885,2026-04-30T16:10:06.990201,1.75,2.1
271.169,2026-04-30T16:10:07.274214,1.76,2.11
271.413,2026-04-30T16:10:07.518040,1.78,2.1
271.665,2026-04-30T16:10:07.770155,1.77,2.11
271.913,2026-04-30T16:10:08.018230,1.76,2.1
272.157,2026-04-30T16:10:08.262336,1.78,2.11
272.413,2026-04-30T16:10:08.517960,1.77,2.11
272.661,2026-04-30T16:10:08.766031,1.77,2.11
272.917,2026-04-30T16:10:09.022203,1.75,2.1
273.173,2026-04-30T16:10:09.278143,1.77,2.1
273.425,2026-04-30T16:10:09.530133,1.76,2.1
273.685,2026-04-30T16:10:09.790117,1.76,2.1
273.953,2026-04-30T16:10:10.058198,1.77,2.1
274.193,2026-04-30T16:10:10.298313,1.76,2.1
274.457,2026-04-30T16:10:10.562393,1.76,2.1
274.701,2026-04-30T16:10:10.806056,1.77,2.1
274.945,2026-04-30T16:10:11.050323,1.77,2.1
275.209,2026-04-30T16:10:11.314323,1.76,2.1
275.457,2026-04-30T16:10:11.562378,1.78,2.1
275.717,2026-04-30T16:10:11.822163,1.78,2.1
275.965,2026-04-30T16:10:12.070081,1.77,2.11
276.217,2026-04-30T16:10:12.322178,1.77,2.1
276.473,2026-04-30T16:10:12.578141,1.78,2.1
276.749,2026-04-30T16:10:12.854015,1.77,2.1
276.997,2026-04-30T16:10:13.102179,1.76,2.1
277.249,2026-04-30T16:10:13.354187,1.75,2.1
277.513,2026-04-30T16:10:13.618487,1.76,2.1
277.761,2026-04-30T16:10:13.866159,1.76,2.1
277.993,2026-04-30T16:10:14.098350,1.76,2.1
278.253,2026-04-30T16:10:14.358269,1.76,2.1
278.501,2026-04-30T16:10:14.606195,1.75,2.1
278.753,2026-04-30T16:10:14.858081,1.77,2.11
279.009,2026-04-30T16:10:15.114339,1.76,2.1
279.269,2026-04-30T16:10:15.374313,1.77,2.1
279.521,2026-04-30T16:10:15.626372,1.77,2.1
279.789,2026-04-30T16:10:15.894174,1.77,2.11
280.053,2026-04-30T16:10:16.158048,1.76,2.1
280.313,2026-04-30T16:10:16.418289,1.76,2.1
280.561,2026-04-30T16:10:16.666221,1.77,2.11
280.793,2026-04-30T16:10:16.898055,1.77,2.11
281.045,2026-04-30T16:10:17.150075,1.77,2.1
281.301,2026-04-30T16:10:17.406086,1.78,2.1
281.553,2026-04-30T16:10:17.658262,1.77,2.1
281.797,2026-04-30T16:10:17.902141,1.76,2.09
282.053,2026-04-30T16:10:18.158286,1.77,2.1
282.305,2026-04-30T16:10:18.410335,1.78,2.1
282.569,2026-04-30T16:10:18.674427,1.77,2.1
282.829,2026-04-30T16:10:18.934096,1.77,2.11
283.069,2026-04-30T16:10:19.174294,1.77,2.1
283.317,2026-04-30T16:10:19.422167,1.77,2.1
283.561,2026-04-30T16:10:19.666178,1.77,2.1
283.849,2026-04-30T16:10:19.954329,1.77,2.11
284.081,2026-04-30T16:10:20.186263,1.77,2.11
284.337,2026-04-30T16:10:20.442183,1.76,2.1
284.593,2026-04-30T16:10:20.698340,1.76,2.11
284.849,2026-04-30T16:10:20.954213,1.77,2.11
285.097,2026-04-30T16:10:21.202035,1.76,2.1
285.353,2026-04-30T16:10:21.458222,1.76,2.1
285.601,2026-04-30T16:10:21.706166,1.79,2.11
285.881,2026-04-30T16:10:21.986373,1.76,2.1
286.121,2026-04-30T16:10:22.226353,1.77,2.1
286.373,2026-04-30T16:10:22.478135,1.77,2.1
286.629,2026-04-30T16:10:22.734323,1.77,2.1
286.885,2026-04-30T16:10:22.990180,1.79,2.1
287.141,2026-04-30T16:10:23.246088,1.76,2.11
287.381,2026-04-30T16:10:23.486361,1.76,2.1
287.637,2026-04-30T16:10:23.742176,1.79,2.11
287.889,2026-04-30T16:10:23.994159,1.78,2.11
288.137,2026-04-30T16:10:24.242197,1.77,2.11
288.389,2026-04-30T16:10:24.494183,1.77,2.1
288.645,2026-04-30T16:10:24.750336,1.77,2.1
288.913,2026-04-30T16:10:25.018233,1.76,2.1
289.145,2026-04-30T16:10:25.250148,1.76,2.11
289.401,2026-04-30T16:10:25.506127,1.77,2.1
289.653,2026-04-30T16:10:25.758206,1.77,2.1
289.909,2026-04-30T16:10:26.014429,1.77,2.1
290.165,2026-04-30T16:10:26.270254,1.77,2.1
290.417,2026-04-30T16:10:26.522235,1.77,2.11
290.677,2026-04-30T16:10:26.782157,1.77,2.1
290.925,2026-04-30T16:10:27.030116,1.77,2.11
291.181,2026-04-30T16:10:27.286055,1.79,2.12
291.441,2026-04-30T16:10:27.546142,1.77,2.11
291.697,2026-04-30T16:10:27.802204,1.76,2.1
291.937,2026-04-30T16:10:28.042188,1.79,2.11
292.185,2026-04-30T16:10:28.290259,1.79,2.11
292.441,2026-04-30T16:10:28.546211,1.76,2.1
292.697,2026-04-30T16:10:28.802279,1.78,2.1
292.953,2026-04-30T16:10:29.058199,1.78,2.1
293.209,2026-04-30T16:10:29.314448,1.76,2.1
293.473,2026-04-30T16:10:29.578031,1.78,2.11
293.717,2026-04-30T16:10:29.822223,1.76,2.1
293.969,2026-04-30T16:10:30.074372,1.78,2.1
294.229,2026-04-30T16:10:30.334125,1.77,2.1
294.493,2026-04-30T16:10:30.598341,1.76,2.1
294.733,2026-04-30T16:10:30.838395,1.77,2.1
294.989,2026-04-30T16:10:31.094238,1.76,2.1
295.241,2026-04-30T16:10:31.346297,1.78,2.1
295.493,2026-04-30T16:10:31.598244,1.78,2.1
295.745,2026-04-30T16:10:31.850343,1.78,2.1
295.997,2026-04-30T16:10:32.102294,1.78,2.1
296.249,2026-04-30T16:10:32.354248,1.77,2.1
296.501,2026-04-30T16:10:32.606244,1.79,2.11
296.757,2026-04-30T16:10:32.862370,1.78,2.1
297.013,2026-04-30T16:10:33.118272,1.78,2.11
297.269,2026-04-30T16:10:33.374220,1.77,2.1
297.534,2026-04-30T16:10:33.638831,1.78,2.1
297.789,2026-04-30T16:10:33.894240,1.79,2.1
298.029,2026-04-30T16:10:34.134393,1.77,2.1
298.285,2026-04-30T16:10:34.390270,1.78,2.1
298.541,2026-04-30T16:10:34.646195,1.77,2.1
298.801,2026-04-30T16:10:34.906349,1.78,2.1
299.041,2026-04-30T16:10:35.146236,1.77,2.1
299.297,2026-04-30T16:10:35.402306,1.78,2.1
299.549,2026-04-30T16:10:35.653990,1.78,2.1
299.801,2026-04-30T16:10:35.906245,1.77,2.1
300.053,2026-04-30T16:10:36.158256,1.78,2.1
300.297,2026-04-30T16:10:36.402254,1.79,2.1
300.549,2026-04-30T16:10:36.654249,1.79,2.1
300.809,2026-04-30T16:10:36.914501,1.79,2.1
301.093,2026-04-30T16:10:37.198439,1.79,2.11
301.313,2026-04-30T16:10:37.418341,1.78,2.1
301.573,2026-04-30T16:10:37.678073,1.77,2.1
301.821,2026-04-30T16:10:37.926401,1.78,2.11
302.081,2026-04-30T16:10:38.186380,1.77,2.11
302.329,2026-04-30T16:10:38.434372,1.77,2.11
302.585,2026-04-30T16:10:38.690306,1.77,2.11
302.837,2026-04-30T16:10:38.942242,1.78,2.11
303.093,2026-04-30T16:10:39.198441,1.77,2.11
303.361,2026-04-30T16:10:39.466304,1.78,2.1
303.613,2026-04-30T16:10:39.718306,1.79,2.11
303.877,2026-04-30T16:10:39.982064,1.78,2.1
304.121,2026-04-30T16:10:40.226426,1.77,2.1
304.357,2026-04-30T16:10:40.462503,1.78,2.11
304.621,2026-04-30T16:10:40.726409,1.76,2.1
304.861,2026-04-30T16:10:40.966301,1.77,2.1
305.117,2026-04-30T16:10:41.222307,1.78,2.12
305.369,2026-04-30T16:10:41.474434,1.76,2.1
305.629,2026-04-30T16:10:41.734399,1.76,2.11
305.885,2026-04-30T16:10:41.990056,1.77,2.11
306.153,2026-04-30T16:10:42.258186,1.78,2.11
306.401,2026-04-30T16:10:42.506284,1.79,2.1
306.665,2026-04-30T16:10:42.770342,1.77,2.11
306.913,2026-04-30T16:10:43.018270,1.78,2.1
307.153,2026-04-30T16:10:43.258371,1.77,2.1
307.413,2026-04-30T16:10:43.518358,1.78,2.11
307.669,2026-04-30T16:10:43.774426,1.8,2.11
307.925,2026-04-30T16:10:44.030062,1.77,2.11
308.189,2026-04-30T16:10:44.294386,1.76,2.1
308.441,2026-04-30T16:10:44.546212,1.78,2.12
308.709,2026-04-30T16:10:44.814521,1.77,2.1
308.977,2026-04-30T16:10:45.082297,1.77,2.12
309.205,2026-04-30T16:10:45.310396,1.79,2.12
309.481,2026-04-30T16:10:45.586417,1.79,2.12
309.737,2026-04-30T16:10:45.842294,1.78,2.11
309.993,2026-04-30T16:10:46.098291,1.78,2.11
310.261,2026-04-30T16:10:46.366267,1.79,2.11
310.513,2026-04-30T16:10:46.618299,1.77,2.1
310.769,2026-04-30T16:10:46.874386,1.78,2.11
311.025,2026-04-30T16:10:47.130153,1.78,2.11
311.285,2026-04-30T16:10:47.390225,1.77,2.11
311.569,2026-04-30T16:10:47.674383,1.79,2.12
311.825,2026-04-30T16:10:47.930353,1.8,2.11
312.053,2026-04-30T16:10:48.158073,1.79,2.12
312.317,2026-04-30T16:10:48.422343,1.78,2.11
312.573,2026-04-30T16:10:48.678286,1.79,2.11
312.829,2026-04-30T16:10:48.934396,1.77,2.1
313.089,2026-04-30T16:10:49.194221,1.77,2.11
313.353,2026-04-30T16:10:49.458354,1.79,2.12
313.613,2026-04-30T16:10:49.718210,1.77,2.11
313.881,2026-04-30T16:10:49.986380,1.77,2.11
314.137,2026-04-30T16:10:50.242043,1.78,2.11
314.389,2026-04-30T16:10:50.494292,1.77,2.1
314.621,2026-04-30T16:10:50.726437,1.78,2.11
314.881,2026-04-30T16:10:50.986363,1.77,2.11
315.137,2026-04-30T16:10:51.242215,1.79,2.11
315.397,2026-04-30T16:10:51.502253,1.77,2.11
315.657,2026-04-30T16:10:51.762412,1.79,2.11
315.913,2026-04-30T16:10:52.018251,1.78,2.11
316.173,2026-04-30T16:10:52.278204,1.79,2.12
316.441,2026-04-30T16:10:52.546165,1.77,2.11
316.693,2026-04-30T16:10:52.798426,1.79,2.11
316.957,2026-04-30T16:10:53.062407,1.78,2.1
317.209,2026-04-30T16:10:53.314564,1.79,2.1
317.457,2026-04-30T16:10:53.562554,1.77,2.11
317.693,2026-04-30T16:10:53.798346,1.78,2.11
317.961,2026-04-30T16:10:54.066324,1.78,2.11
318.225,2026-04-30T16:10:54.330229,1.77,2.11
318.481,2026-04-30T16:10:54.586462,1.78,2.1
318.749,2026-04-30T16:10:54.854291,1.78,2.1
319.005,2026-04-30T16:10:55.110431,1.76,2.11
319.277,2026-04-30T16:10:55.382310,1.77,2.1
319.525,2026-04-30T16:10:55.630300,1.77,2.1
319.765,2026-04-30T16:10:55.870313,1.76,2.1
320.025,2026-04-30T16:10:56.130413,1.78,2.11
320.281,2026-04-30T16:10:56.386408,1.77,2.1
320.537,2026-04-30T16:10:56.642449,1.77,2.1
320.797,2026-04-30T16:10:56.902379,1.78,2.1
321.045,2026-04-30T16:10:57.150438,1.77,2.1
321.345,2026-04-30T16:10:57.450330,1.77,2.1
321.589,2026-04-30T16:10:57.694376,1.78,2.1
321.837,2026-04-30T16:10:57.942269,1.79,2.1
322.089,2026-04-30T16:10:58.194349,1.77,2.1
322.333,2026-04-30T16:10:58.438499,1.79,2.11
322.589,2026-04-30T16:10:58.694266,1.77,2.11
322.841,2026-04-30T16:10:58.946392,1.77,2.1
323.097,2026-04-30T16:10:59.202332,1.78,2.11
323.357,2026-04-30T16:10:59.462588,1.77,2.1
323.621,2026-04-30T16:10:59.726476,1.77,2.1
323.905,2026-04-30T16:11:00.010414,1.78,2.1
324.149,2026-04-30T16:11:00.254423,1.77,2.1
324.409,2026-04-30T16:11:00.514566,1.77,2.11
324.645,2026-04-30T16:11:00.750304,1.77,2.1
324.909,2026-04-30T16:11:01.014555,1.78,2.1
325.169,2026-04-30T16:11:01.274621,1.78,2.11
325.417,2026-04-30T16:11:01.522375,1.78,2.1
325.685,2026-04-30T16:11:01.790261,1.78,2.11
325.945,2026-04-30T16:11:02.050468,1.77,2.11
326.197,2026-04-30T16:11:02.302309,1.78,2.1
326.441,2026-04-30T16:11:02.546287,1.78,2.1
326.733,2026-04-30T16:11:02.838468,1.78,2.11
326.973,2026-04-30T16:11:03.078314,1.8,2.11
327.233,2026-04-30T16:11:03.338583,1.79,2.1
327.489,2026-04-30T16:11:03.594404,1.79,2.11
327.745,2026-04-30T16:11:03.850489,1.79,2.11
328.001,2026-04-30T16:11:04.106310,1.8,2.1
328.257,2026-04-30T16:11:04.362609,1.78,2.1
328.509,2026-04-30T16:11:04.614500,1.78,2.11
328.761,2026-04-30T16:11:04.866118,1.79,2.1
329.029,2026-04-30T16:11:05.134303,1.8,2.12
329.285,2026-04-30T16:11:05.390371,1.79,2.11
329.546,2026-04-30T16:11:05.650909,1.79,2.11
329.801,2026-04-30T16:11:05.906312,1.78,2.1
330.057,2026-04-30T16:11:06.162647,1.78,2.11
330.313,2026-04-30T16:11:06.418429,1.79,2.11
330.569,2026-04-30T16:11:06.674547,1.79,2.11
330.829,2026-04-30T16:11:06.934102,1.78,2.11
331.085,2026-04-30T16:11:07.190191,1.78,2.1
331.353,2026-04-30T16:11:07.458266,1.79,2.1
331.621,2026-04-30T16:11:07.726548,1.78,2.1
331.877,2026-04-30T16:11:07.982210,1.79,2.11
332.121,2026-04-30T16:11:08.226500,1.78,2.1
332.377,2026-04-30T16:11:08.482495,1.78,2.11
332.633,2026-04-30T16:11:08.738556,1.79,2.11
332.893,2026-04-30T16:11:08.998257,1.8,2.11
333.157,2026-04-30T16:11:09.262559,1.78,2.11
333.417,2026-04-30T16:11:09.522360,1.79,2.11
333.677,2026-04-30T16:11:09.782335,1.78,2.11
333.941,2026-04-30T16:11:10.046377,1.78,2.11
334.197,2026-04-30T16:11:10.302377,1.79,2.1
334.453,2026-04-30T16:11:10.558434,1.78,2.1
334.689,2026-04-30T16:11:10.794342,1.77,2.1
334.945,2026-04-30T16:11:11.050458,1.8,2.11
335.209,2026-04-30T16:11:11.314602,1.8,2.11
335.469,2026-04-30T16:11:11.574524,1.78,2.1
335.729,2026-04-30T16:11:11.834482,1.78,2.1
335.989,2026-04-30T16:11:12.094400,1.8,2.1
336.253,2026-04-30T16:11:12.358399,1.77,2.1
336.525,2026-04-30T16:11:12.630622,1.77,2.1
336.773,2026-04-30T16:11:12.878388,1.78,2.1
337.021,2026-04-30T16:11:13.126537,1.8,2.1
337.269,2026-04-30T16:11:13.374352,1.77,2.1
337.525,2026-04-30T16:11:13.630600,1.77,2.1
337.785,2026-04-30T16:11:13.890495,1.78,2.1
338.037,2026-04-30T16:11:14.142441,1.78,2.1
338.297,2026-04-30T16:11:14.402445,1.79,2.1
338.553,2026-04-30T16:11:14.658483,1.79,2.1
338.837,2026-04-30T16:11:14.942430,1.78,2.1
339.069,2026-04-30T16:11:15.174478,1.78,2.1
339.333,2026-04-30T16:11:15.438411,1.79,2.1
339.581,2026-04-30T16:11:15.686546,1.77,2.1
339.837,2026-04-30T16:11:15.942418,1.79,2.1
340.093,2026-04-30T16:11:16.198521,1.78,2.1
340.349,2026-04-30T16:11:16.454531,1.78,2.1
340.613,2026-04-30T16:11:16.718442,1.79,2.1
340.865,2026-04-30T16:11:16.970470,1.78,2.1
341.117,2026-04-30T16:11:17.222462,1.77,2.1
341.409,2026-04-30T16:11:17.514473,1.77,2.1
341.645,2026-04-30T16:11:17.750580,1.79,2.1
341.917,2026-04-30T16:11:18.022401,1.78,2.1
342.145,2026-04-30T16:11:18.250585,1.79,2.1
342.405,2026-04-30T16:11:18.510511,1.77,2.1
342.657,2026-04-30T16:11:18.762660,1.78,2.1
342.913,2026-04-30T16:11:19.018405,1.77,2.1
343.181,2026-04-30T16:11:19.286513,1.78,2.1
343.417,2026-04-30T16:11:19.522337,1.78,2.1
343.677,2026-04-30T16:11:19.782415,1.78,2.1
343.973,2026-04-30T16:11:20.078181,1.77,2.11
344.209,2026-04-30T16:11:20.314662,1.78,2.11
344.465,2026-04-30T16:11:20.570359,1.76,2.1
344.721,2026-04-30T16:11:20.826516,1.76,2.1
344.981,2026-04-30T16:11:21.086524,1.79,2.11
345.233,2026-04-30T16:11:21.338534,1.77,2.1
345.489,2026-04-30T16:11:21.594212,1.77,2.1
345.745,2026-04-30T16:11:21.850591,1.77,2.1
346.001,2026-04-30T16:11:22.106459,1.77,2.11
346.253,2026-04-30T16:11:22.358389,1.77,2.1
346.501,2026-04-30T16:11:22.606213,1.76,2.1
346.769,2026-04-30T16:11:22.874437,1.77,2.1
347.029,2026-04-30T16:11:23.134458,1.76,2.1
347.285,2026-04-30T16:11:23.390466,1.77,2.1
347.541,2026-04-30T16:11:23.646623,1.76,2.1
347.801,2026-04-30T16:11:23.906437,1.76,2.1
348.058,2026-04-30T16:11:24.163559,1.77,2.11
348.313,2026-04-30T16:11:24.418360,1.76,2.1
348.569,2026-04-30T16:11:24.674398,1.77,2.1
348.813,2026-04-30T16:11:24.918333,1.77,2.1
349.073,2026-04-30T16:11:25.178390,1.76,2.1
349.341,2026-04-30T16:11:25.446377,1.76,2.1
349.593,2026-04-30T16:11:25.698353,1.79,2.1
349.845,2026-04-30T16:11:25.950510,1.76,2.1
350.105,2026-04-30T16:11:26.210479,1.78,2.1
350.369,2026-04-30T16:11:26.474602,1.77,2.1
350.629,2026-04-30T16:11:26.734512,1.76,2.1
350.873,2026-04-30T16:11:26.978355,1.77,2.1
351.121,2026-04-30T16:11:27.226469,1.76,2.1
351.381,2026-04-30T16:11:27.486504,1.77,2.1
351.637,2026-04-30T16:11:27.742445,1.77,2.1
351.889,2026-04-30T16:11:27.994299,1.76,2.1
352.145,2026-04-30T16:11:28.250599,1.77,2.11
352.421,2026-04-30T16:11:28.526576,1.77,2.11
352.677,2026-04-30T16:11:28.782471,1.76,2.11
352.933,2026-04-30T16:11:29.038609,1.77,2.1
353.193,2026-04-30T16:11:29.298570,1.77,2.1
353.453,2026-04-30T16:11:29.558533,1.77,2.1
353.713,2026-04-30T16:11:29.818412,1.78,2.11
353.989,2026-04-30T16:11:30.094463,1.75,2.1
354.257,2026-04-30T16:11:30.362636,1.77,2.1
354.505,2026-04-30T16:11:30.610557,1.77,2.1
354.745,2026-04-30T16:11:30.850505,1.77,2.11
355.033,2026-04-30T16:11:31.138600,1.76,2.11
355.269,2026-04-30T16:11:31.374504,1.76,2.1
355.529,2026-04-30T16:11:31.634836,1.76,2.11
355.773,2026-04-30T16:11:31.878364,1.77,2.1
356.021,2026-04-30T16:11:32.126418,1.75,2.1
356.281,2026-04-30T16:11:32.386504,1.77,2.1
356.537,2026-04-30T16:11:32.642365,1.79,2.1
356.801,2026-04-30T16:11:32.906284,1.77,2.1
357.053,2026-04-30T16:11:33.158604,1.77,2.11
357.305,2026-04-30T16:11:33.410578,1.77,2.11
357.565,2026-04-30T16:11:33.670589,1.77,2.1
357.817,2026-04-30T16:11:33.922462,1.78,2.11
358.077,2026-04-30T16:11:34.182341,1.78,2.11
358.333,2026-04-30T16:11:34.438664,1.76,2.1
358.589,2026-04-30T16:11:34.694445,1.77,2.11
358.841,2026-04-30T16:11:34.946474,1.76,2.1
359.097,2026-04-30T16:11:35.202344,1.77,2.1
359.365,2026-04-30T16:11:35.470571,1.78,2.1
359.621,2026-04-30T16:11:35.726558,1.78,2.11
359.881,2026-04-30T16:11:35.986408,1.77,2.1
360.133,2026-04-30T16:11:36.238461,1.75,2.1
360.385,2026-04-30T16:11:36.490549,1.78,2.11
360.625,2026-04-30T16:11:36.730537,1.76,2.1
360.881,2026-04-30T16:11:36.986525,1.76,2.1
361.153,2026-04-30T16:11:37.258434,1.76,2.1
361.409,2026-04-30T16:11:37.514635,1.77,2.11
361.665,2026-04-30T16:11:37.770447,1.79,2.11
361.934,2026-04-30T16:11:38.038942,1.76,2.1
362.189,2026-04-30T16:11:38.294396,1.76,2.1
362.441,2026-04-30T16:11:38.546508,1.75,2.1
362.701,2026-04-30T16:11:38.806529,1.77,2.1
362.953,2026-04-30T16:11:39.058528,1.77,2.11
363.213,2026-04-30T16:11:39.318418,1.78,2.11
363.469,2026-04-30T16:11:39.574535,1.78,2.11
363.725,2026-04-30T16:11:39.830521,1.75,2.1
363.989,2026-04-30T16:11:40.094500,1.77,2.1
364.257,2026-04-30T16:11:40.362451,1.78,2.1
364.509,2026-04-30T16:11:40.614730,1.78,2.1
364.765,2026-04-30T16:11:40.870591,1.76,2.1
365.017,2026-04-30T16:11:41.122474,1.77,2.11
365.281,2026-04-30T16:11:41.386634,1.76,2.1
365.538,2026-04-30T16:11:41.643087,1.77,2.1
365.793,2026-04-30T16:11:41.898584,1.76,2.1
366.053,2026-04-30T16:11:42.158573,1.77,2.1
366.305,2026-04-30T16:11:42.410381,1.78,2.11
366.589,2026-04-30T16:11:42.694578,1.76,2.1
366.821,2026-04-30T16:11:42.926445,1.76,2.1
367.085,2026-04-30T16:11:43.190524,1.75,2.1
367.341,2026-04-30T16:11:43.446478,1.76,2.1
367.593,2026-04-30T16:11:43.698704,1.78,2.11
367.849,2026-04-30T16:11:43.954481,1.77,2.1
368.105,2026-04-30T16:11:44.210645,1.76,2.11
368.361,2026-04-30T16:11:44.466484,1.75,2.1
368.621,2026-04-30T16:11:44.726450,1.77,2.1
368.881,2026-04-30T16:11:44.986574,1.78,2.11
369.125,2026-04-30T16:11:45.230450,1.77,2.11
369.377,2026-04-30T16:11:45.482534,1.76,2.1
369.661,2026-04-30T16:11:45.766389,1.76,2.1
369.933,2026-04-30T16:11:46.038661,1.77,2.1
370.161,2026-04-30T16:11:46.266544,1.76,2.11
370.417,2026-04-30T16:11:46.522507,1.78,2.11
370.673,2026-04-30T16:11:46.778462,1.76,2.1
370.941,2026-04-30T16:11:47.046529,1.75,2.1
371.197,2026-04-30T16:11:47.302490,1.75,2.1
371.449,2026-04-30T16:11:47.554525,1.76,2.1
371.717,2026-04-30T16:11:47.822484,1.78,2.1
372.001,2026-04-30T16:11:48.106553,1.77,2.1
372.245,2026-04-30T16:11:48.350633,1.77,2.1
372.485,2026-04-30T16:11:48.590548,1.76,2.1
372.749,2026-04-30T16:11:48.854413,1.77,2.11
373.001,2026-04-30T16:11:49.106611,1.76,2.1
373.261,2026-04-30T16:11:49.366540,1.76,2.1
373.518,2026-04-30T16:11:49.622913,1.77,2.1
373.773,2026-04-30T16:11:49.878481,1.77,2.11
374.053,2026-04-30T16:11:50.158536,1.76,2.1
374.293,2026-04-30T16:11:50.398671,1.75,2.1
374.581,2026-04-30T16:11:50.686625,1.77,2.1
374.817,2026-04-30T16:11:50.922413,1.76,2.1
375.057,2026-04-30T16:11:51.162809,1.76,2.1
375.313,2026-04-30T16:11:51.418541,1.76,2.1
375.581,2026-04-30T16:11:51.686652,1.76,2.1
375.833,2026-04-30T16:11:51.938725,1.77,2.1
376.085,2026-04-30T16:11:52.190538,1.77,2.1
376.349,2026-04-30T16:11:52.454631,1.76,2.1
376.609,2026-04-30T16:11:52.714778,1.76,2.11
376.877,2026-04-30T16:11:52.982463,1.76,2.11
377.141,2026-04-30T16:11:53.246597,1.76,2.1
377.393,2026-04-30T16:11:53.498733,1.76,2.1
377.629,2026-04-30T16:11:53.734525,1.76,2.1
377.877,2026-04-30T16:11:53.982522,1.77,2.1
378.141,2026-04-30T16:11:54.246493,1.77,2.1
378.401,2026-04-30T16:11:54.506511,1.76,2.11
378.657,2026-04-30T16:11:54.762674,1.76,2.11
378.909,2026-04-30T16:11:55.014557,1.77,2.11
379.165,2026-04-30T16:11:55.270554,1.77,2.11
379.433,2026-04-30T16:11:55.538606,1.75,2.1
379.685,2026-04-30T16:11:55.790424,1.75,2.1
379.945,2026-04-30T16:11:56.050551,1.76,2.1
380.209,2026-04-30T16:11:56.314736,1.77,2.1
380.465,2026-04-30T16:11:56.570561,1.77,2.1
380.721,2026-04-30T16:11:56.826653,1.75,2.1
380.973,2026-04-30T16:11:57.078285,1.76,2.1
381.225,2026-04-30T16:11:57.330311,1.75,2.1
381.489,2026-04-30T16:11:57.594619,1.75,2.1
381.749,2026-04-30T16:11:57.854420,1.75,2.1
382.017,2026-04-30T16:11:58.122407,1.76,2.1
382.261,2026-04-30T16:11:58.366561,1.75,2.1
382.517,2026-04-30T16:11:58.622497,1.76,2.1
382.773,2026-04-30T16:11:58.878553,1.75,2.1
383.033,2026-04-30T16:11:59.138434,1.76,2.1
383.297,2026-04-30T16:11:59.402577,1.76,2.1
383.581,2026-04-30T16:11:59.686666,1.75,2.11
383.809,2026-04-30T16:11:59.914705,1.77,2.11
384.069,2026-04-30T16:12:00.174607,1.76,2.1
384.333,2026-04-30T16:12:00.438694,1.75,2.1
384.585,2026-04-30T16:12:00.690532,1.76,2.1
384.841,2026-04-30T16:12:00.946535,1.75,2.1
385.093,2026-04-30T16:12:01.198625,1.77,2.1
385.349,2026-04-30T16:12:01.454466,1.75,2.1
385.617,2026-04-30T16:12:01.722570,1.76,2.1
385.869,2026-04-30T16:12:01.974651,1.78,2.11
386.125,2026-04-30T16:12:02.230554,1.75,2.1
386.373,2026-04-30T16:12:02.478583,1.75,2.1
386.629,2026-04-30T16:12:02.734592,1.74,2.1
386.917,2026-04-30T16:12:03.022500,1.74,2.11
387.161,2026-04-30T16:12:03.266585,1.76,2.12
387.409,2026-04-30T16:12:03.514701,1.77,2.11
387.669,2026-04-30T16:12:03.774766,1.76,2.12
387.929,2026-04-30T16:12:04.034622,1.77,2.11
388.181,2026-04-30T16:12:04.286699,1.75,2.12
388.441,2026-04-30T16:12:04.546556,1.76,2.12
388.701,2026-04-30T16:12:04.806576,1.77,2.12
388.953,2026-04-30T16:12:05.058775,1.77,2.12
389.233,2026-04-30T16:12:05.338756,1.77,2.12
389.477,2026-04-30T16:12:05.582495,1.77,2.13
389.717,2026-04-30T16:12:05.822558,1.78,2.12
389.997,2026-04-30T16:12:06.102601,1.76,2.12
390.221,2026-04-30T16:12:06.326722,1.76,2.12
390.481,2026-04-30T16:12:06.586713,1.77,2.12
390.737,2026-04-30T16:12:06.842600,1.77,2.12
390.997,2026-04-30T16:12:07.102667,1.75,2.12
391.253,2026-04-30T16:12:07.358529,1.76,2.11
391.501,2026-04-30T16:12:07.606439,1.77,2.13
391.757,2026-04-30T16:12:07.862765,1.76,2.11
392.013,2026-04-30T16:12:08.118558,1.76,2.11
392.289,2026-04-30T16:12:08.394646,1.75,2.12
392.530,2026-04-30T16:12:08.634981,1.76,2.11
392.785,2026-04-30T16:12:08.890603,1.76,2.11
393.041,2026-04-30T16:12:09.146641,1.77,2.11
393.297,2026-04-30T16:12:09.402638,1.76,2.11
393.553,2026-04-30T16:12:09.658507,1.76,2.11
393.809,2026-04-30T16:12:09.914786,1.75,2.11
394.069,2026-04-30T16:12:10.174682,1.76,2.11
394.325,2026-04-30T16:12:10.430468,1.77,2.12
394.577,2026-04-30T16:12:10.682572,1.78,2.11
394.845,2026-04-30T16:12:10.950707,1.76,2.11
395.081,2026-04-30T16:12:11.186731,1.77,2.12
395.349,2026-04-30T16:12:11.454596,1.77,2.12
395.613,2026-04-30T16:12:11.718547,1.76,2.1
395.865,2026-04-30T16:12:11.970712,1.76,2.1
396.113,2026-04-30T16:12:12.218656,1.75,2.1
396.381,2026-04-30T16:12:12.486776,1.75,2.1
396.637,2026-04-30T16:12:12.742548,1.77,2.1
396.889,2026-04-30T16:12:12.994727,1.75,2.1
397.173,2026-04-30T16:12:13.278586,1.76,2.1
397.429,2026-04-30T16:12:13.534556,1.75,2.1
397.673,2026-04-30T16:12:13.778419,1.75,2.1
397.910,2026-04-30T16:12:14.014869,1.77,2.11
398.161,2026-04-30T16:12:14.266574,1.76,2.11
398.417,2026-04-30T16:12:14.522609,1.75,2.1
398.677,2026-04-30T16:12:14.782610,1.77,2.1
398.933,2026-04-30T16:12:15.038764,1.77,2.1
399.185,2026-04-30T16:12:15.290627,1.75,2.1
399.457,2026-04-30T16:12:15.562827,1.76,2.09
399.710,2026-04-30T16:12:15.814871,1.75,2.11
399.981,2026-04-30T16:12:16.086728,1.77,2.11
400.217,2026-04-30T16:12:16.322645,1.77,2.1
400.481,2026-04-30T16:12:16.586785,1.75,2.11
400.725,2026-04-30T16:12:16.830614,1.75,2.1
400.989,2026-04-30T16:12:17.094692,1.77,2.1
401.245,2026-04-30T16:12:17.350791,1.77,2.11
401.493,2026-04-30T16:12:17.598729,1.77,2.11
401.753,2026-04-30T16:12:17.858674,1.76,2.1
402.013,2026-04-30T16:12:18.118532,1.75,2.1
402.289,2026-04-30T16:12:18.394710,1.76,2.11
402.541,2026-04-30T16:12:18.646823,1.77,2.11
402.797,2026-04-30T16:12:18.902613,1.76,2.11
403.077,2026-04-30T16:12:19.182632,1.76,2.11
403.297,2026-04-30T16:12:19.402691,1.76,2.1
403.537,2026-04-30T16:12:19.642739,1.77,2.1
403.793,2026-04-30T16:12:19.898678,1.75,2.1
404.069,2026-04-30T16:12:20.174632,1.75,2.1
404.325,2026-04-30T16:12:20.430681,1.75,2.1
404.581,2026-04-30T16:12:20.686745,1.75,2.1
404.845,2026-04-30T16:12:20.950805,1.76,2.1
405.113,2026-04-30T16:12:21.218673,1.75,2.1
405.353,2026-04-30T16:12:21.458608,1.77,2.1
405.610,2026-04-30T16:12:21.714990,1.76,2.1
405.869,2026-04-30T16:12:21.974830,1.75,2.1
406.121,2026-04-30T16:12:22.226654,1.77,2.1
406.373,2026-04-30T16:12:22.478684,1.75,2.1
406.633,2026-04-30T16:12:22.738807,1.77,2.1
406.893,2026-04-30T16:12:22.998623,1.77,2.09
407.153,2026-04-30T16:12:23.258620,1.76,2.1
407.413,2026-04-30T16:12:23.518633,1.77,2.1
407.681,2026-04-30T16:12:23.786830,1.77,2.1
407.937,2026-04-30T16:12:24.042643,1.76,2.1
408.193,2026-04-30T16:12:24.298564,1.76,2.1
408.453,2026-04-30T16:12:24.558670,1.77,2.1
408.710,2026-04-30T16:12:24.814955,1.76,2.1
408.949,2026-04-30T16:12:25.054677,1.77,2.1
409.201,2026-04-30T16:12:25.306591,1.75,2.1
409.457,2026-04-30T16:12:25.562763,1.75,2.1
409.713,2026-04-30T16:12:25.818667,1.76,2.1
409.969,2026-04-30T16:12:26.074729,1.76,2.09
410.249,2026-04-30T16:12:26.354465,1.75,2.1
410.505,2026-04-30T16:12:26.610801,1.77,2.1
410.761,2026-04-30T16:12:26.866704,1.77,2.1
411.021,2026-04-30T16:12:27.126827,1.75,2.1
411.277,2026-04-30T16:12:27.382571,1.77,2.1
411.534,2026-04-30T16:12:27.638854,1.76,2.1
411.785,2026-04-30T16:12:27.890587,1.77,2.1
412.029,2026-04-30T16:12:28.134688,1.77,2.1
412.277,2026-04-30T16:12:28.382529,1.76,2.1
412.545,2026-04-30T16:12:28.650733,1.76,2.1
412.833,2026-04-30T16:12:28.938758,1.77,2.1
413.073,2026-04-30T16:12:29.178753,1.77,2.1
413.325,2026-04-30T16:12:29.430683,1.78,2.1
413.577,2026-04-30T16:12:29.682734,1.76,2.1
413.834,2026-04-30T16:12:29.938897,1.76,2.1
414.089,2026-04-30T16:12:30.194791,1.76,2.1
414.349,2026-04-30T16:12:30.454540,1.76,2.1
414.605,2026-04-30T16:12:30.710788,1.76,2.11
414.861,2026-04-30T16:12:30.966605,1.76,2.11
415.129,2026-04-30T16:12:31.234759,1.75,2.1
415.381,2026-04-30T16:12:31.486809,1.75,2.1
415.641,2026-04-30T16:12:31.746672,1.76,2.1
415.897,2026-04-30T16:12:32.002674,1.75,2.1
416.141,2026-04-30T16:12:32.246624,1.75,2.1
416.401,2026-04-30T16:12:32.506693,1.76,2.1
416.661,2026-04-30T16:12:32.766596,1.75,2.1
416.917,2026-04-30T16:12:33.022691,1.77,2.1
417.177,2026-04-30T16:12:33.282704,1.76,2.1
417.437,2026-04-30T16:12:33.542643,1.76,2.1
417.705,2026-04-30T16:12:33.810822,1.75,2.11
417.958,2026-04-30T16:12:34.062947,1.75,2.1
418.213,2026-04-30T16:12:34.318736,1.76,2.1
418.470,2026-04-30T16:12:34.574849,1.75,2.1
418.725,2026-04-30T16:12:34.830597,1.75,2.1
418.985,2026-04-30T16:12:35.090765,1.76,2.1
419.246,2026-04-30T16:12:35.350839,1.77,2.1
419.509,2026-04-30T16:12:35.614758,1.76,2.1
419.765,2026-04-30T16:12:35.870629,1.77,2.1
420.029,2026-04-30T16:12:36.134717,1.77,2.1
420.289,2026-04-30T16:12:36.394717,1.77,2.1
420.546,2026-04-30T16:12:36.651379,1.77,2.1
420.781,2026-04-30T16:12:36.886655,1.76,2.1
421.041,2026-04-30T16:12:37.146716,1.76,2.1
421.317,2026-04-30T16:12:37.422766,1.76,2.1
421.577,2026-04-30T16:12:37.682751,1.75,2.1
421.829,2026-04-30T16:12:37.934760,1.76,2.1
422.089,2026-04-30T16:12:38.194748,1.75,2.1
422.365,2026-04-30T16:12:38.470788,1.77,2.1
422.637,2026-04-30T16:12:38.742697,1.76,2.1
422.873,2026-04-30T16:12:38.978522,1.76,2.1
423.125,2026-04-30T16:12:39.230754,1.76,2.1
423.386,2026-04-30T16:12:39.490902,1.76,2.1
423.642,2026-04-30T16:12:39.746868,1.74,2.1
423.897,2026-04-30T16:12:40.002764,1.75,2.1
424.162,2026-04-30T16:12:40.266853,1.76,2.1
424.410,2026-04-30T16:12:40.514915,1.76,2.1
424.685,2026-04-30T16:12:40.790768,1.74,2.1
424.941,2026-04-30T16:12:41.046745,1.76,2.1
425.202,2026-04-30T16:12:41.306851,1.76,2.1
425.461,2026-04-30T16:12:41.566816,1.76,2.1
425.697,2026-04-30T16:12:41.802584,1.75,2.1
425.953,2026-04-30T16:12:42.058808,1.76,2.1
426.210,2026-04-30T16:12:42.314944,1.76,2.1
426.465,2026-04-30T16:12:42.570807,1.76,2.1
426.725,2026-04-30T16:12:42.830778,1.76,2.1
426.981,2026-04-30T16:12:43.086625,1.77,2.11
427.258,2026-04-30T16:12:43.362993,1.76,2.1
427.522,2026-04-30T16:12:43.626948,1.77,2.1
427.766,2026-04-30T16:12:43.870857,1.75,2.11
428.013,2026-04-30T16:12:44.118613,1.77,2.11
428.261,2026-04-30T16:12:44.366774,1.75,2.1
428.526,2026-04-30T16:12:44.631293,1.76,2.1
428.777,2026-04-30T16:12:44.882720,1.77,2.1
429.041,2026-04-30T16:12:45.146539,1.76,2.1
429.270,2026-04-30T16:12:45.374851,1.76,2.11
429.530,2026-04-30T16:12:45.634846,1.76,2.1
429.797,2026-04-30T16:12:45.902755,1.76,2.1
430.065,2026-04-30T16:12:46.170774,1.75,2.1
430.322,2026-04-30T16:12:46.426842,1.77,2.11
430.577,2026-04-30T16:12:46.682820,1.76,2.1
430.833,2026-04-30T16:12:46.938831,1.76,2.1
431.089,2026-04-30T16:12:47.194531,1.76,2.11
431.346,2026-04-30T16:12:47.450855,1.76,2.11
431.601,2026-04-30T16:12:47.706728,1.76,2.1
431.865,2026-04-30T16:12:47.970813,1.77,2.11
432.125,2026-04-30T16:12:48.230668,1.76,2.11
432.377,2026-04-30T16:12:48.482695,1.77,2.11
432.649,2026-04-30T16:12:48.754775,1.77,2.11
432.906,2026-04-30T16:12:49.010897,1.75,2.11
433.157,2026-04-30T16:12:49.262758,1.78,2.1
433.413,2026-04-30T16:12:49.518799,1.78,2.11
433.673,2026-04-30T16:12:49.778791,1.76,2.1
433.929,2026-04-30T16:12:50.034822,1.77,2.11
434.185,2026-04-30T16:12:50.290674,1.76,2.11
434.437,2026-04-30T16:12:50.542711,1.76,2.1
434.689,2026-04-30T16:12:50.794818,1.77,2.1
434.958,2026-04-30T16:12:51.063456,1.76,2.11
435.213,2026-04-30T16:12:51.318696,1.78,2.11
435.470,2026-04-30T16:12:51.574839,1.76,2.11
435.722,2026-04-30T16:12:51.826895,1.76,2.1
435.977,2026-04-30T16:12:52.082804,1.75,2.11
436.237,2026-04-30T16:12:52.342751,1.76,2.1
436.501,2026-04-30T16:12:52.606748,1.76,2.11
436.753,2026-04-30T16:12:52.858810,1.78,2.11
437.010,2026-04-30T16:12:53.115053,1.77,2.1
437.270,2026-04-30T16:12:53.374916,1.77,2.1
437.538,2026-04-30T16:12:53.643598,1.76,2.11
437.782,2026-04-30T16:12:53.886891,1.78,2.11
438.025,2026-04-30T16:12:54.130804,1.77,2.11
438.289,2026-04-30T16:12:54.394808,1.77,2.11
438.561,2026-04-30T16:12:54.666810,1.77,2.1
438.810,2026-04-30T16:12:54.915111,1.78,2.1
439.073,2026-04-30T16:12:55.178828,1.76,2.1
439.337,2026-04-30T16:12:55.442752,1.76,2.1
439.585,2026-04-30T16:12:55.690701,1.76,2.1
439.866,2026-04-30T16:12:55.970916,1.77,2.1
440.126,2026-04-30T16:12:56.230866,1.76,2.1
440.398,2026-04-30T16:12:56.502881,1.78,2.1
440.630,2026-04-30T16:12:56.734846,1.75,2.1
440.889,2026-04-30T16:12:56.994807,1.77,2.09
441.141,2026-04-30T16:12:57.246751,1.76,2.1
441.397,2026-04-30T16:12:57.502811,1.76,2.1
441.653,2026-04-30T16:12:57.758713,1.77,2.1
441.917,2026-04-30T16:12:58.022780,1.77,2.1
442.186,2026-04-30T16:12:58.290880,1.78,2.1
442.458,2026-04-30T16:12:58.563035,1.76,2.1
442.722,2026-04-30T16:12:58.826861,1.76,2.1
442.954,2026-04-30T16:12:59.058875,1.78,2.11
443.206,2026-04-30T16:12:59.310945,1.77,2.1
443.458,2026-04-30T16:12:59.563058,1.75,2.1
443.717,2026-04-30T16:12:59.822763,1.76,2.1
443.970,2026-04-30T16:13:00.074853,1.76,2.1
444.225,2026-04-30T16:13:00.330811,1.78,2.1
444.482,2026-04-30T16:13:00.586954,1.76,2.1
444.754,2026-04-30T16:13:00.858848,1.76,2.1
445.001,2026-04-30T16:13:01.106759,1.75,2.1
445.253,2026-04-30T16:13:01.358807,1.77,2.1
445.526,2026-04-30T16:13:01.630968,1.77,2.1
445.758,2026-04-30T16:13:01.862981,1.76,2.1
446.022,2026-04-30T16:13:02.126989,1.77,2.1
446.274,2026-04-30T16:13:02.378854,1.76,2.1
446.522,2026-04-30T16:13:02.627218,1.77,2.1
446.777,2026-04-30T16:13:02.882696,1.76,2.1
447.046,2026-04-30T16:13:03.150883,1.76,2.1
447.301,2026-04-30T16:13:03.406797,1.77,2.11
447.570,2026-04-30T16:13:03.674947,1.78,2.11
447.825,2026-04-30T16:13:03.930638,1.77,2.11
448.078,2026-04-30T16:13:04.182879,1.76,2.11
448.334,2026-04-30T16:13:04.439002,1.76,2.11
448.586,2026-04-30T16:13:04.690899,1.75,2.1
448.847,2026-04-30T16:13:04.952519,1.76,2.11
449.101,2026-04-30T16:13:05.206796,1.77,2.11
449.365,2026-04-30T16:13:05.470774,1.77,2.11
449.626,2026-04-30T16:13:05.730848,1.76,2.11
449.897,2026-04-30T16:13:06.002555,1.77,2.11
450.146,2026-04-30T16:13:06.251020,1.78,2.11
450.406,2026-04-30T16:13:06.510871,1.76,2.11
450.662,2026-04-30T16:13:06.766846,1.76,2.1
450.918,2026-04-30T16:13:07.022886,1.77,2.11
451.173,2026-04-30T16:13:07.278831,1.77,2.11
451.430,2026-04-30T16:13:07.534957,1.76,2.11
451.682,2026-04-30T16:13:07.786933,1.79,2.11
451.937,2026-04-30T16:13:08.042639,1.79,2.12
452.197,2026-04-30T16:13:08.302826,1.76,2.11
452.478,2026-04-30T16:13:08.582881,1.77,2.11
452.718,2026-04-30T16:13:08.822865,1.76,2.11
452.978,2026-04-30T16:13:09.082840,1.77,2.1
453.234,2026-04-30T16:13:09.338973,1.79,2.11
453.490,2026-04-30T16:13:09.594985,1.77,2.11
453.750,2026-04-30T16:13:09.854856,1.77,2.1
454.006,2026-04-30T16:13:10.110863,1.78,2.1
454.253,2026-04-30T16:13:10.358807,1.76,2.11
454.502,2026-04-30T16:13:10.606857,1.78,2.1
454.761,2026-04-30T16:13:10.866743,1.76,2.1
455.010,2026-04-30T16:13:11.115008,1.77,2.11
455.258,2026-04-30T16:13:11.362965,1.76,2.11
455.530,2026-04-30T16:13:11.635713,1.76,2.11
455.814,2026-04-30T16:13:11.918925,1.77,2.1
456.058,2026-04-30T16:13:12.163059,1.77,2.1
456.310,2026-04-30T16:13:12.414925,1.78,2.1
456.570,2026-04-30T16:13:12.674913,1.77,2.1
456.822,2026-04-30T16:13:12.926982,1.77,2.1
457.073,2026-04-30T16:13:13.178766,1.77,2.11
457.334,2026-04-30T16:13:13.438904,1.77,2.1
457.613,2026-04-30T16:13:13.718813,1.76,2.1
457.870,2026-04-30T16:13:13.974999,1.76,2.1
458.110,2026-04-30T16:13:14.215046,1.77,2.1
458.361,2026-04-30T16:13:14.466785,1.77,2.1
458.622,2026-04-30T16:13:14.727024,1.76,2.1
458.882,2026-04-30T16:13:14.987011,1.76,2.1
459.126,2026-04-30T16:13:15.230917,1.77,2.1
459.386,2026-04-30T16:13:15.490870,1.76,2.1
459.645,2026-04-30T16:13:15.750789,1.78,2.1
459.897,2026-04-30T16:13:16.002832,1.77,2.1
460.178,2026-04-30T16:13:16.282905,1.78,2.1
460.429,2026-04-30T16:13:16.534803,1.78,2.1
460.690,2026-04-30T16:13:16.794952,1.78,2.11
460.946,2026-04-30T16:13:17.051008,1.77,2.1
461.202,2026-04-30T16:13:17.306879,1.78,2.11
461.454,2026-04-30T16:13:17.558879,1.78,2.11
461.714,2026-04-30T16:13:17.818859,1.78,2.1
461.965,2026-04-30T16:13:18.070837,1.76,2.1
462.226,2026-04-30T16:13:18.330957,1.76,2.1
462.505,2026-04-30T16:13:18.610759,1.77,2.1
462.758,2026-04-30T16:13:18.863102,1.78,2.1
463.010,2026-04-30T16:13:19.115229,1.76,2.1
463.266,2026-04-30T16:13:19.370942,1.78,2.11
463.518,2026-04-30T16:13:19.622971,1.77,2.1
463.754,2026-04-30T16:13:19.858888,1.78,2.1
464.010,2026-04-30T16:13:20.115174,1.78,2.1
464.282,2026-04-30T16:13:20.386954,1.78,2.1
464.541,2026-04-30T16:13:20.646642,1.77,2.11
464.802,2026-04-30T16:13:20.906866,1.77,2.11
465.086,2026-04-30T16:13:21.190872,1.79,2.11
465.330,2026-04-30T16:13:21.434921,1.78,2.1
465.582,2026-04-30T16:13:21.687033,1.77,2.1
465.834,2026-04-30T16:13:21.939023,1.77,2.1
466.086,2026-04-30T16:13:22.190945,1.77,2.1
466.342,2026-04-30T16:13:22.446919,1.79,2.1
466.610,2026-04-30T16:13:22.715037,1.76,2.1
466.866,2026-04-30T16:13:22.971025,1.77,2.1
467.126,2026-04-30T16:13:23.230966,1.77,2.1
467.394,2026-04-30T16:13:23.499135,1.77,2.1
467.653,2026-04-30T16:13:23.758825,1.77,2.1
467.910,2026-04-30T16:13:24.015263,1.77,2.1
468.162,2026-04-30T16:13:24.266846,1.78,2.1
468.414,2026-04-30T16:13:24.518969,1.78,2.1
468.669,2026-04-30T16:13:24.774796,1.78,2.1
468.934,2026-04-30T16:13:25.039016,1.77,2.1
469.190,2026-04-30T16:13:25.294887,1.77,2.1
469.446,2026-04-30T16:13:25.550894,1.77,2.1
469.706,2026-04-30T16:13:25.811004,1.78,2.1
469.974,2026-04-30T16:13:26.079014,1.79,2.1
470.234,2026-04-30T16:13:26.338997,1.78,2.1
470.490,2026-04-30T16:13:26.594936,1.76,2.1
470.746,2026-04-30T16:13:26.850834,1.77,2.1
470.998,2026-04-30T16:13:27.102903,1.78,2.1
471.254,2026-04-30T16:13:27.358970,1.79,2.11
471.514,2026-04-30T16:13:27.618843,1.78,2.1
471.770,2026-04-30T16:13:27.875023,1.78,2.1
472.030,2026-04-30T16:13:28.134904,1.77,2.1
472.278,2026-04-30T16:13:28.382882,1.78,2.1
472.530,2026-04-30T16:13:28.635023,1.78,2.1
472.810,2026-04-30T16:13:28.915034,1.77,2.1
473.058,2026-04-30T16:13:29.163175,1.76,2.11
473.314,2026-04-30T16:13:29.418921,1.77,2.1
473.574,2026-04-30T16:13:29.678994,1.75,2.11
473.830,2026-04-30T16:13:29.934992,1.77,2.11
474.078,2026-04-30T16:13:30.182917,1.77,2.1
474.342,2026-04-30T16:13:30.446987,1.77,2.1
474.622,2026-04-30T16:13:30.727078,1.76,2.11
474.874,2026-04-30T16:13:30.978919,1.77,2.1
475.113,2026-04-30T16:13:31.218795,1.76,2.11
475.394,2026-04-30T16:13:31.499086,1.76,2.1
475.638,2026-04-30T16:13:31.742893,1.77,2.11
475.898,2026-04-30T16:13:32.002910,1.78,2.11
476.142,2026-04-30T16:13:32.246978,1.77,2.1
476.406,2026-04-30T16:13:32.511064,1.77,2.1
476.666,2026-04-30T16:13:32.771027,1.77,2.1
476.922,2026-04-30T16:13:33.027037,1.77,2.1
477.182,2026-04-30T16:13:33.286925,1.76,2.11
477.466,2026-04-30T16:13:33.571040,1.79,2.1
477.706,2026-04-30T16:13:33.811157,1.78,2.11
477.954,2026-04-30T16:13:34.058932,1.76,2.1
478.214,2026-04-30T16:13:34.318978,1.77,2.11
478.478,2026-04-30T16:13:34.582963,1.77,2.11
478.734,2026-04-30T16:13:34.839096,1.77,2.11
478.990,2026-04-30T16:13:35.095032,1.77,2.1
479.250,2026-04-30T16:13:35.354839,1.77,2.11
479.547,2026-04-30T16:13:35.652233,1.76,2.11
479.794,2026-04-30T16:13:35.898995,1.76,2.11
480.046,2026-04-30T16:13:36.151130,1.77,2.1
480.306,2026-04-30T16:13:36.411110,1.77,2.1
480.538,2026-04-30T16:13:36.643553,1.77,2.11
480.782,2026-04-30T16:13:36.887050,1.77,2.1
481.038,2026-04-30T16:13:37.142905,1.78,2.11
481.313,2026-04-30T16:13:37.418823,1.78,2.11
481.574,2026-04-30T16:13:37.679083,1.77,2.11
481.822,2026-04-30T16:13:37.927121,1.78,2.12
482.078,2026-04-30T16:13:38.182983,1.78,2.12
482.346,2026-04-30T16:13:38.451102,1.76,2.11
482.598,2026-04-30T16:13:38.703000,1.76,2.1
482.854,2026-04-30T16:13:38.958989,1.77,2.1
483.110,2026-04-30T16:13:39.215250,1.77,2.11
483.365,2026-04-30T16:13:39.470810,1.77,2.11
483.626,2026-04-30T16:13:39.731048,1.77,2.1
483.882,2026-04-30T16:13:39.987048,1.77,2.11
484.126,2026-04-30T16:13:40.231009,1.79,2.11
484.386,2026-04-30T16:13:40.490933,1.76,2.12
484.642,2026-04-30T16:13:40.746973,1.77,2.11
484.910,2026-04-30T16:13:41.015230,1.77,2.1
485.166,2026-04-30T16:13:41.270959,1.78,2.12
485.422,2026-04-30T16:13:41.526943,1.77,2.11
485.678,2026-04-30T16:13:41.783061,1.76,2.1
485.938,2026-04-30T16:13:42.042942,1.76,2.11
486.194,2026-04-30T16:13:42.299229,1.77,2.11
486.450,2026-04-30T16:13:42.554981,1.78,2.12
486.694,2026-04-30T16:13:42.799120,1.77,2.11
486.954,2026-04-30T16:13:43.059003,1.76,2.12
487.218,2026-04-30T16:13:43.322997,1.79,2.12
487.482,2026-04-30T16:13:43.586878,1.77,2.11
487.726,2026-04-30T16:13:43.830974,1.77,2.11
487.982,2026-04-30T16:13:44.087103,1.77,2.11
488.238,2026-04-30T16:13:44.342905,1.76,2.11
488.494,2026-04-30T16:13:44.599180,1.77,2.11
488.750,2026-04-30T16:13:44.855042,1.76,2.11
489.002,2026-04-30T16:13:45.107037,1.77,2.1
489.270,2026-04-30T16:13:45.375067,1.78,2.12
489.510,2026-04-30T16:13:45.615069,1.78,2.1
489.770,2026-04-30T16:13:45.875111,1.77,2.11
490.058,2026-04-30T16:13:46.163252,1.77,2.11
490.322,2026-04-30T16:13:46.427103,1.78,2.1
490.554,2026-04-30T16:13:46.659025,1.76,2.1
490.802,2026-04-30T16:13:46.907005,1.78,2.1
491.062,2026-04-30T16:13:47.167085,1.78,2.1
491.322,2026-04-30T16:13:47.427206,1.77,2.1
491.574,2026-04-30T16:13:47.678849,1.77,2.1
491.826,2026-04-30T16:13:47.930931,1.76,2.1
492.090,2026-04-30T16:13:48.195121,1.78,2.1
492.370,2026-04-30T16:13:48.475135,1.78,2.1
492.626,2026-04-30T16:13:48.731146,1.77,2.1
492.866,2026-04-30T16:13:48.971079,1.76,2.1
493.122,2026-04-30T16:13:49.227190,1.78,2.1
493.386,2026-04-30T16:13:49.491062,1.77,2.1
493.638,2026-04-30T16:13:49.743099,1.77,2.1
493.898,2026-04-30T16:13:50.002929,1.77,2.1
494.150,2026-04-30T16:13:50.255110,1.78,2.1
494.406,2026-04-30T16:13:50.511154,1.78,2.1
494.682,2026-04-30T16:13:50.787239,1.77,2.1
494.934,2026-04-30T16:13:51.039014,1.78,2.1
495.194,2026-04-30T16:13:51.299196,1.77,2.1
495.446,2026-04-30T16:13:51.551186,1.76,2.1
495.682,2026-04-30T16:13:51.787317,1.77,2.1
495.938,2026-04-30T16:13:52.042902,1.78,2.1
496.198,2026-04-30T16:13:52.303140,1.78,2.1
496.458,2026-04-30T16:13:52.563248,1.77,2.11
496.714,2026-04-30T16:13:52.819072,1.76,2.1
496.974,2026-04-30T16:13:53.078991,1.78,2.1
497.262,2026-04-30T16:13:53.367058,1.77,2.1
497.506,2026-04-30T16:13:53.611042,1.78,2.1
497.766,2026-04-30T16:13:53.870938,1.77,2.1
498.006,2026-04-30T16:13:54.111069,1.77,2.1
498.250,2026-04-30T16:13:54.355027,1.78,2.1
498.522,2026-04-30T16:13:54.627126,1.78,2.1
498.774,2026-04-30T16:13:54.879090,1.79,2.1
499.030,2026-04-30T16:13:55.135163,1.78,2.1
499.286,2026-04-30T16:13:55.390992,1.78,2.1
499.546,2026-04-30T16:13:55.651165,1.77,2.1
499.802,2026-04-30T16:13:55.907036,1.78,2.1
500.058,2026-04-30T16:13:56.163441,1.77,2.1
500.306,2026-04-30T16:13:56.411245,1.78,2.1
500.570,2026-04-30T16:13:56.675194,1.77,2.1
500.822,2026-04-30T16:13:56.927235,1.79,2.1
501.082,2026-04-30T16:13:57.187198,1.77,2.1
501.342,2026-04-30T16:13:57.447051,1.77,2.1
501.594,2026-04-30T16:13:57.699306,1.78,2.1
501.854,2026-04-30T16:13:57.959010,1.78,2.1
502.113,2026-04-30T16:13:58.218793,1.78,2.1
502.378,2026-04-30T16:13:58.483168,1.77,2.1
502.638,2026-04-30T16:13:58.743078,1.77,2.1
502.894,2026-04-30T16:13:58.999211,1.79,2.1
503.146,2026-04-30T16:13:59.251199,1.77,2.1
503.406,2026-04-30T16:13:59.511284,1.77,2.1
503.666,2026-04-30T16:13:59.771061,1.77,2.1
503.918,2026-04-30T16:14:00.023071,1.79,2.1
504.170,2026-04-30T16:14:00.274953,1.77,2.1
504.434,2026-04-30T16:14:00.539165,1.77,2.1
504.690,2026-04-30T16:14:00.795055,1.78,2.1
504.954,2026-04-30T16:14:01.059093,1.79,2.1
505.234,2026-04-30T16:14:01.339233,1.77,2.1
505.474,2026-04-30T16:14:01.579133,1.79,2.1
505.726,2026-04-30T16:14:01.831140,1.78,2.1
505.986,2026-04-30T16:14:02.091157,1.76,2.09
506.246,2026-04-30T16:14:02.350991,1.79,2.1
506.502,2026-04-30T16:14:02.606996,1.78,2.1
506.750,2026-04-30T16:14:02.855091,1.79,2.1
507.006,2026-04-30T16:14:03.111257,1.78,2.1
507.294,2026-04-30T16:14:03.399297,1.78,2.11
507.550,2026-04-30T16:14:03.655470,1.76,2.11
507.822,2026-04-30T16:14:03.927272,1.78,2.11
508.050,2026-04-30T16:14:04.155022,1.78,2.12
508.330,2026-04-30T16:14:04.434965,1.78,2.1
508.586,2026-04-30T16:14:04.691208,1.78,2.12
508.826,2026-04-30T16:14:04.930839,1.77,2.11
509.086,2026-04-30T16:14:05.191086,1.77,2.1
509.334,2026-04-30T16:14:05.439232,1.79,2.11
509.586,2026-04-30T16:14:05.691066,1.77,2.1
509.842,2026-04-30T16:14:05.947117,1.77,2.11
510.126,2026-04-30T16:14:06.231277,1.78,2.1
510.366,2026-04-30T16:14:06.471069,1.77,2.1
510.626,2026-04-30T16:14:06.731181,1.77,2.11
510.878,2026-04-30T16:14:06.983168,1.77,2.11
511.130,2026-04-30T16:14:07.235108,1.77,2.11
511.382,2026-04-30T16:14:07.487309,1.78,2.11
511.638,2026-04-30T16:14:07.743114,1.77,2.1
511.894,2026-04-30T16:14:07.999228,1.78,2.1
512.150,2026-04-30T16:14:08.255124,1.78,2.11
512.430,2026-04-30T16:14:08.535193,1.79,2.11
512.670,2026-04-30T16:14:08.775109,1.78,2.11
512.926,2026-04-30T16:14:09.031085,1.77,2.1
513.186,2026-04-30T16:14:09.291225,1.78,2.11
513.442,2026-04-30T16:14:09.547142,1.79,2.11
513.702,2026-04-30T16:14:09.807107,1.77,2.1
513.966,2026-04-30T16:14:10.071173,1.78,2.11
514.214,2026-04-30T16:14:10.319179,1.78,2.11
514.466,2026-04-30T16:14:10.571077,1.77,2.11
514.726,2026-04-30T16:14:10.830986,1.77,2.11
514.986,2026-04-30T16:14:11.091119,1.78,2.11
515.234,2026-04-30T16:14:11.339261,1.77,2.11
515.482,2026-04-30T16:14:11.587233,1.78,2.11
515.754,2026-04-30T16:14:11.859039,1.78,2.11
516.018,2026-04-30T16:14:12.123110,1.77,2.1
516.266,2026-04-30T16:14:12.371155,1.79,2.11
516.534,2026-04-30T16:14:12.639188,1.77,2.1
516.786,2026-04-30T16:14:12.891081,1.77,2.1
517.046,2026-04-30T16:14:13.151241,1.77,2.1
517.314,2026-04-30T16:14:13.419105,1.77,2.1
517.574,2026-04-30T16:14:13.679212,1.77,2.1
517.830,2026-04-30T16:14:13.935228,1.79,2.11
518.098,2026-04-30T16:14:14.203133,1.78,2.1
518.334,2026-04-30T16:14:14.439277,1.79,2.11
518.590,2026-04-30T16:14:14.695241,1.78,2.11
518.842,2026-04-30T16:14:14.947088,1.77,2.11
519.094,2026-04-30T16:14:15.199307,1.78,2.1
519.362,2026-04-30T16:14:15.467231,1.77,2.11
519.614,2026-04-30T16:14:15.719163,1.78,2.11
519.894,2026-04-30T16:14:15.999305,1.78,2.1
520.146,2026-04-30T16:14:16.251276,1.77,2.11
520.402,2026-04-30T16:14:16.507145,1.78,2.1
520.662,2026-04-30T16:14:16.767054,1.76,2.1
520.910,2026-04-30T16:14:17.015139,1.77,2.11
521.154,2026-04-30T16:14:17.259209,1.77,2.1
521.418,2026-04-30T16:14:17.523227,1.78,2.1
521.674,2026-04-30T16:14:17.779169,1.78,2.11
521.926,2026-04-30T16:14:18.031126,1.78,2.1
522.190,2026-04-30T16:14:18.295210,1.79,2.11
522.454,2026-04-30T16:14:18.559228,1.78,2.11
522.742,2026-04-30T16:14:18.847101,1.78,2.11
522.986,2026-04-30T16:14:19.091056,1.77,2.1
523.222,2026-04-30T16:14:19.327307,1.77,2.1
523.482,2026-04-30T16:14:19.587291,1.77,2.11
523.734,2026-04-30T16:14:19.839262,1.77,2.1
523.978,2026-04-30T16:14:20.083199,1.78,2.1
524.234,2026-04-30T16:14:20.339236,1.78,2.1
524.506,2026-04-30T16:14:20.611389,1.78,2.1
524.782,2026-04-30T16:14:20.887336,1.79,2.1
525.050,2026-04-30T16:14:21.154932,1.77,2.11
525.302,2026-04-30T16:14:21.407277,1.79,2.1
525.578,2026-04-30T16:14:21.683144,1.78,2.1
525.802,2026-04-30T16:14:21.907129,1.77,2.1
526.058,2026-04-30T16:14:22.163385,1.79,2.1
526.318,2026-04-30T16:14:22.423228,1.78,2.1
526.570,2026-04-30T16:14:22.675360,1.78,2.1
526.834,2026-04-30T16:14:22.939302,1.78,2.11
527.086,2026-04-30T16:14:23.191044,1.79,2.11
527.362,2026-04-30T16:14:23.467177,1.77,2.1
527.622,2026-04-30T16:14:23.727294,1.77,2.1
527.870,2026-04-30T16:14:23.975294,1.77,2.1
528.114,2026-04-30T16:14:24.219209,1.77,2.1
528.378,2026-04-30T16:14:24.483168,1.79,2.1
528.642,2026-04-30T16:14:24.747225,1.79,2.1
528.886,2026-04-30T16:14:24.991224,1.79,2.1
529.142,2026-04-30T16:14:25.247197,1.79,2.11
529.406,2026-04-30T16:14:25.511107,1.79,2.1
529.694,2026-04-30T16:14:25.799253,1.78,2.1
529.950,2026-04-30T16:14:26.055274,1.79,2.1
530.206,2026-04-30T16:14:26.311294,1.79,2.1
530.438,2026-04-30T16:14:26.543201,1.79,2.11
530.686,2026-04-30T16:14:26.791230,1.78,2.1
530.946,2026-04-30T16:14:27.051427,1.78,2.1
531.210,2026-04-30T16:14:27.315431,1.78,2.1
531.458,2026-04-30T16:14:27.563308,1.79,2.09
531.722,2026-04-30T16:14:27.827320,1.78,2.1
531.978,2026-04-30T16:14:28.083241,1.79,2.1
532.246,2026-04-30T16:14:28.351384,1.79,2.1
532.498,2026-04-30T16:14:28.603216,1.78,2.1
532.734,2026-04-30T16:14:28.839264,1.78,2.1
533.010,2026-04-30T16:14:29.115397,1.78,2.1
533.270,2026-04-30T16:14:29.375311,1.79,2.1
533.522,2026-04-30T16:14:29.627336,1.78,2.1
533.778,2026-04-30T16:14:29.883266,1.78,2.1
534.038,2026-04-30T16:14:30.143230,1.79,2.1
534.302,2026-04-30T16:14:30.406990,1.77,2.1
534.590,2026-04-30T16:14:30.695257,1.79,2.1
534.818,2026-04-30T16:14:30.923157,1.8,2.1
535.086,2026-04-30T16:14:31.191219,1.78,2.11
535.338,2026-04-30T16:14:31.443198,1.78,2.1
535.590,2026-04-30T16:14:31.695107,1.79,2.1
535.842,2026-04-30T16:14:31.947304,1.8,2.1
536.098,2026-04-30T16:14:32.203234,1.78,2.1
536.362,2026-04-30T16:14:32.467293,1.79,2.1
536.622,2026-04-30T16:14:32.727242,1.79,2.1
536.874,2026-04-30T16:14:32.979072,1.8,2.1
537.130,2026-04-30T16:14:33.235198,1.78,2.1
537.398,2026-04-30T16:14:33.503203,1.78,2.1
537.658,2026-04-30T16:14:33.763171,1.79,2.11
537.914,2026-04-30T16:14:34.019197,1.78,2.1
538.170,2026-04-30T16:14:34.275305,1.77,2.1
538.422,2026-04-30T16:14:34.527417,1.78,2.1
538.682,2026-04-30T16:14:34.787305,1.78,2.1
538.942,2026-04-30T16:14:35.047268,1.77,2.1
539.198,2026-04-30T16:14:35.303275,1.8,2.1
539.454,2026-04-30T16:14:35.559254,1.78,2.1
539.710,2026-04-30T16:14:35.815190,1.78,2.1
539.974,2026-04-30T16:14:36.079275,1.78,2.1
540.230,2026-04-30T16:14:36.335264,1.79,2.11
540.486,2026-04-30T16:14:36.591191,1.78,2.1
540.746,2026-04-30T16:14:36.851356,1.78,2.1
540.994,2026-04-30T16:14:37.099380,1.79,2.1
541.238,2026-04-30T16:14:37.343284,1.79,2.1
541.502,2026-04-30T16:14:37.607276,1.79,2.1
541.770,2026-04-30T16:14:37.875133,1.8,2.1
542.046,2026-04-30T16:14:38.151311,1.78,2.1
542.298,2026-04-30T16:14:38.403349,1.78,2.1
542.570,2026-04-30T16:14:38.675417,1.78,2.1
542.822,2026-04-30T16:14:38.927364,1.78,2.1
543.054,2026-04-30T16:14:39.159249,1.78,2.1
543.306,2026-04-30T16:14:39.411347,1.78,2.1
543.566,2026-04-30T16:14:39.671154,1.78,2.1
543.818,2026-04-30T16:14:39.923315,1.77,2.1
544.078,2026-04-30T16:14:40.183275,1.79,2.1
544.342,2026-04-30T16:14:40.447194,1.79,2.1
544.594,2026-04-30T16:14:40.699487,1.8,2.1
544.874,2026-04-30T16:14:40.979287,1.78,2.1
545.110,2026-04-30T16:14:41.215501,1.8,2.1
545.394,2026-04-30T16:14:41.499449,1.79,2.1
545.630,2026-04-30T16:14:41.735326,1.79,2.1
545.886,2026-04-30T16:14:41.991173,1.78,2.1
546.142,2026-04-30T16:14:42.247171,1.8,2.1
546.402,2026-04-30T16:14:42.507283,1.79,2.1
546.658,2026-04-30T16:14:42.763534,1.79,2.1
546.918,2026-04-30T16:14:43.023234,1.8,2.1
547.194,2026-04-30T16:14:43.299687,1.8,2.1
547.450,2026-04-30T16:14:43.555395,1.78,2.1
547.718,2026-04-30T16:14:43.823353,1.8,2.1
547.950,2026-04-30T16:14:44.055468,1.79,2.1
548.202,2026-04-30T16:14:44.307195,1.79,2.1
548.466,2026-04-30T16:14:44.571222,1.79,2.1
548.722,2026-04-30T16:14:44.827445,1.79,2.1
548.978,2026-04-30T16:14:45.083237,1.78,2.1
549.242,2026-04-30T16:14:45.347210,1.79,2.1
549.526,2026-04-30T16:14:45.631216,1.79,2.1
549.758,2026-04-30T16:14:45.863341,1.8,2.1
549.998,2026-04-30T16:14:46.103394,1.8,2.1
550.290,2026-04-30T16:14:46.395202,1.79,2.1
550.542,2026-04-30T16:14:46.647393,1.78,2.1
550.794,2026-04-30T16:14:46.899402,1.81,2.1
551.046,2026-04-30T16:14:47.151419,1.79,2.1
551.298,2026-04-30T16:14:47.403284,1.78,2.1
551.582,2026-04-30T16:14:47.687371,1.8,2.1
551.814,2026-04-30T16:14:47.919325,1.79,2.1
552.074,2026-04-30T16:14:48.179219,1.79,2.1
552.342,2026-04-30T16:14:48.447065,1.79,2.1
552.594,2026-04-30T16:14:48.699478,1.79,2.1
552.854,2026-04-30T16:14:48.959333,1.81,2.1
553.110,2026-04-30T16:14:49.215494,1.79,2.1
553.370,2026-04-30T16:14:49.475565,1.79,2.1
553.626,2026-04-30T16:14:49.731391,1.81,2.11
553.882,2026-04-30T16:14:49.987394,1.81,2.11
554.142,2026-04-30T16:14:50.247220,1.8,2.11
554.402,2026-04-30T16:14:50.507174,1.79,2.1
554.658,2026-04-30T16:14:50.763532,1.79,2.1
554.922,2026-04-30T16:14:51.027475,1.8,2.1
555.174,2026-04-30T16:14:51.279367,1.79,2.1
555.430,2026-04-30T16:14:51.535298,1.79,2.1
555.686,2026-04-30T16:14:51.791301,1.8,2.1
555.942,2026-04-30T16:14:52.047721,1.81,2.1
556.202,2026-04-30T16:14:52.307192,1.81,2.1
556.466,2026-04-30T16:14:52.571074,1.8,2.1
556.714,2026-04-30T16:14:52.819325,1.79,2.1
557.002,2026-04-30T16:14:53.107290,1.79,2.1
557.246,2026-04-30T16:14:53.351413,1.79,2.1
557.502,2026-04-30T16:14:53.607148,1.79,2.1
557.754,2026-04-30T16:14:53.859285,1.79,2.1
558.010,2026-04-30T16:14:54.115580,1.81,2.1
558.246,2026-04-30T16:14:54.351367,1.8,2.1
558.510,2026-04-30T16:14:54.615233,1.8,2.1
558.774,2026-04-30T16:14:54.879288,1.8,2.1
559.030,2026-04-30T16:14:55.135385,1.81,2.1
559.286,2026-04-30T16:14:55.391364,1.81,2.1
559.570,2026-04-30T16:14:55.675472,1.82,2.1
559.810,2026-04-30T16:14:55.915612,1.81,2.1
560.086,2026-04-30T16:14:56.191389,1.8,2.1
560.326,2026-04-30T16:14:56.431320,1.8,2.1
560.586,2026-04-30T16:14:56.691117,1.82,2.1
560.834,2026-04-30T16:14:56.939449,1.8,2.1
561.102,2026-04-30T16:14:57.207378,1.79,2.1
561.358,2026-04-30T16:14:57.463597,1.79,2.1
561.618,2026-04-30T16:14:57.723394,1.8,2.1
561.914,2026-04-30T16:14:58.019394,1.8,2.1
562.154,2026-04-30T16:14:58.259423,1.8,2.1
562.422,2026-04-30T16:14:58.527467,1.81,2.1
562.650,2026-04-30T16:14:58.755143,1.81,2.1
562.906,2026-04-30T16:14:59.011521,1.81,2.11
563.166,2026-04-30T16:14:59.271387,1.81,2.1
563.418,2026-04-30T16:14:59.523343,1.8,2.1
563.674,2026-04-30T16:14:59.779394,1.8,2.1
563.926,2026-04-30T16:15:00.031298,1.81,2.1
564.190,2026-04-30T16:15:00.295373,1.79,2.1
564.462,2026-04-30T16:15:00.567464,1.79,2.11
564.714,2026-04-30T16:15:00.819339,1.79,2.1
564.958,2026-04-30T16:15:01.063552,1.8,2.1
565.210,2026-04-30T16:15:01.315577,1.8,2.1
565.502,2026-04-30T16:15:01.607265,1.81,2.1
565.742,2026-04-30T16:15:01.847438,1.81,2.1
565.998,2026-04-30T16:15:02.103436,1.8,2.1
566.242,2026-04-30T16:15:02.347271,1.79,2.1
566.490,2026-04-30T16:15:02.595407,1.79,2.1
566.750,2026-04-30T16:15:02.855416,1.8,2.1
566.994,2026-04-30T16:15:03.099321,1.8,2.11
567.254,2026-04-30T16:15:03.359320,1.8,2.1
567.518,2026-04-30T16:15:03.623464,1.8,2.1
567.778,2026-04-30T16:15:03.883373,1.79,2.1
568.038,2026-04-30T16:15:04.143348,1.81,2.1
568.294,2026-04-30T16:15:04.399552,1.79,2.1
568.554,2026-04-30T16:15:04.659447,1.78,2.09
568.806,2026-04-30T16:15:04.911421,1.8,2.1
569.054,2026-04-30T16:15:05.159184,1.81,2.1
569.314,2026-04-30T16:15:05.419362,1.79,2.1
569.570,2026-04-30T16:15:05.675467,1.82,2.1
569.842,2026-04-30T16:15:05.947420,1.8,2.1
570.094,2026-04-30T16:15:06.199472,1.79,2.1
570.350,2026-04-30T16:15:06.455418,1.8,2.1
570.606,2026-04-30T16:15:06.711488,1.8,2.09
570.859,2026-04-30T16:15:06.964272,1.79,2.09
571.118,2026-04-30T16:15:07.223310,1.8,2.09
571.386,2026-04-30T16:15:07.491363,1.79,2.09
571.638,2026-04-30T16:15:07.743342,1.79,2.1
571.890,2026-04-30T16:15:07.995397,1.8,2.1
572.146,2026-04-30T16:15:08.251496,1.79,2.1
572.402,2026-04-30T16:15:08.507395,1.79,2.1
572.670,2026-04-30T16:15:08.775554,1.8,2.1
572.922,2026-04-30T16:15:09.027563,1.8,2.09
573.174,2026-04-30T16:15:09.279191,1.79,2.1
573.426,2026-04-30T16:15:09.531490,1.81,2.1
573.682,2026-04-30T16:15:09.787598,1.79,2.09
573.938,2026-04-30T16:15:10.043391,1.81,2.1
574.202,2026-04-30T16:15:10.307351,1.79,2.09
574.454,2026-04-30T16:15:10.559407,1.79,2.09
574.710,2026-04-30T16:15:10.815590,1.8,2.1
574.974,2026-04-30T16:15:11.079469,1.79,2.1
575.230,2026-04-30T16:15:11.335191,1.81,2.1
575.478,2026-04-30T16:15:11.583341,1.79,2.09
575.730,2026-04-30T16:15:11.835446,1.8,2.09
576.006,2026-04-30T16:15:12.111573,1.8,2.09
576.266,2026-04-30T16:15:12.371608,1.8,2.11
576.519,2026-04-30T16:15:12.624699,1.8,2.11
576.782,2026-04-30T16:15:12.887577,1.8,2.11
577.062,2026-04-30T16:15:13.167528,1.77,2.1
577.298,2026-04-30T16:15:13.403173,1.78,2.1
577.578,2026-04-30T16:15:13.683490,1.79,2.1
577.814,2026-04-30T16:15:13.919400,1.81,2.11
578.074,2026-04-30T16:15:14.179471,1.81,2.11
578.334,2026-04-30T16:15:14.439655,1.79,2.1
578.590,2026-04-30T16:15:14.695518,1.81,2.11
578.846,2026-04-30T16:15:14.951520,1.8,2.11
579.114,2026-04-30T16:15:15.219455,1.8,2.1
579.358,2026-04-30T16:15:15.463494,1.8,2.1
579.654,2026-04-30T16:15:15.759419,1.79,2.1
579.894,2026-04-30T16:15:15.999669,1.79,2.1
580.158,2026-04-30T16:15:16.263680,1.79,2.1
580.390,2026-04-30T16:15:16.495482,1.78,2.1
580.642,2026-04-30T16:15:16.747528,1.81,2.11
580.906,2026-04-30T16:15:17.011525,1.78,2.1
581.158,2026-04-30T16:15:17.263647,1.78,2.1
581.422,2026-04-30T16:15:17.527648,1.78,2.1
581.682,2026-04-30T16:15:17.787320,1.81,2.11
581.954,2026-04-30T16:15:18.059513,1.8,2.1
582.210,2026-04-30T16:15:18.315693,1.79,2.1
582.474,2026-04-30T16:15:18.579561,1.8,2.1
582.714,2026-04-30T16:15:18.819382,1.79,2.1
582.974,2026-04-30T16:15:19.079471,1.79,2.1
583.218,2026-04-30T16:15:19.323551,1.8,2.1
583.486,2026-04-30T16:15:19.591531,1.79,2.1
583.734,2026-04-30T16:15:19.839369,1.81,2.11
584.010,2026-04-30T16:15:20.115623,1.79,2.11
584.242,2026-04-30T16:15:20.347406,1.8,2.11
584.506,2026-04-30T16:15:20.611543,1.8,2.11
584.790,2026-04-30T16:15:20.895393,1.8,2.1
585.046,2026-04-30T16:15:21.151686,1.8,2.1
585.294,2026-04-30T16:15:21.399627,1.78,2.11
585.554,2026-04-30T16:15:21.659502,1.78,2.1
585.802,2026-04-30T16:15:21.907321,1.81,2.1
586.074,2026-04-30T16:15:22.179401,1.8,2.1
586.322,2026-04-30T16:15:22.427634,1.8,2.1
586.582,2026-04-30T16:15:22.687532,1.81,2.1
586.846,2026-04-30T16:15:22.951672,1.81,2.11
587.114,2026-04-30T16:15:23.219558,1.81,2.1
587.366,2026-04-30T16:15:23.471593,1.8,2.11
587.630,2026-04-30T16:15:23.735637,1.81,2.1
587.862,2026-04-30T16:15:23.967400,1.8,2.11
588.126,2026-04-30T16:15:24.231458,1.79,2.09
588.382,2026-04-30T16:15:24.487590,1.8,2.1
588.650,2026-04-30T16:15:24.755604,1.8,2.1
588.902,2026-04-30T16:15:25.007559,1.8,2.11
589.154,2026-04-30T16:15:25.259490,1.78,2.1
589.422,2026-04-30T16:15:25.527678,1.8,2.1
589.682,2026-04-30T16:15:25.787633,1.79,2.1
589.942,2026-04-30T16:15:26.047345,1.8,2.1
590.182,2026-04-30T16:15:26.287630,1.81,2.11
590.442,2026-04-30T16:15:26.547536,1.78,2.1
590.698,2026-04-30T16:15:26.803587,1.81,2.11
590.954,2026-04-30T16:15:27.059491,1.8,2.1
591.218,2026-04-30T16:15:27.323533,1.79,2.1
591.470,2026-04-30T16:15:27.575590,1.8,2.11
591.750,2026-04-30T16:15:27.855618,1.79,2.1
592.002,2026-04-30T16:15:28.107432,1.8,2.1
592.270,2026-04-30T16:15:28.375594,1.78,2.11
592.506,2026-04-30T16:15:28.611592,1.81,2.1
592.774,2026-04-30T16:15:28.879534,1.81,2.11
593.006,2026-04-30T16:15:29.111545,1.81,2.11
593.282,2026-04-30T16:15:29.387696,1.81,2.11
593.542,2026-04-30T16:15:29.647602,1.8,2.11
593.794,2026-04-30T16:15:29.899618,1.81,2.11
594.046,2026-04-30T16:15:30.151415,1.8,2.1
594.322,2026-04-30T16:15:30.427613,1.8,2.11
594.578,2026-04-30T16:15:30.683508,1.81,2.1
594.834,2026-04-30T16:15:30.939620,1.82,2.1
595.098,2026-04-30T16:15:31.203553,1.81,2.1
595.338,2026-04-30T16:15:31.443518,1.8,2.1
595.594,2026-04-30T16:15:31.699708,1.8,2.1
595.838,2026-04-30T16:15:31.943570,1.82,2.11
596.106,2026-04-30T16:15:32.211382,1.81,2.1
596.362,2026-04-30T16:15:32.467543,1.82,2.1
596.618,2026-04-30T16:15:32.723486,1.81,2.1
596.890,2026-04-30T16:15:32.995574,1.81,2.1
597.158,2026-04-30T16:15:33.263739,1.82,2.11
597.402,2026-04-30T16:15:33.507454,1.81,2.1
597.658,2026-04-30T16:15:33.763681,1.81,2.1
597.898,2026-04-30T16:15:34.003495,1.8,2.1
598.158,2026-04-30T16:15:34.263648,1.81,2.1
598.418,2026-04-30T16:15:34.523478,1.81,2.1
598.678,2026-04-30T16:15:34.783559,1.8,2.1
598.938,2026-04-30T16:15:35.043520,1.82,2.1
599.190,2026-04-30T16:15:35.295515,1.81,2.1
599.462,2026-04-30T16:15:35.567624,1.81,2.1
599.730,2026-04-30T16:15:35.835629,1.81,2.1
599.978,2026-04-30T16:15:36.083588,1.81,2.1
600.214,2026-04-30T16:15:36.319567,1.82,2.1
600.470,2026-04-30T16:15:36.575741,1.83,2.1
600.726,2026-04-30T16:15:36.831562,1.82,2.1
600.986,2026-04-30T16:15:37.091656,1.81,2.1
601.230,2026-04-30T16:15:37.335487,1.82,2.11
601.486,2026-04-30T16:15:37.591624,1.81,2.11
601.754,2026-04-30T16:15:37.859473,1.81,2.11
602.014,2026-04-30T16:15:38.119495,1.79,2.1
602.302,2026-04-30T16:15:38.407470,1.8,2.1
602.543,2026-04-30T16:15:38.648585,1.81,2.11
602.794,2026-04-30T16:15:38.899723,1.81,2.1
603.050,2026-04-30T16:15:39.155558,1.81,2.1
603.310,2026-04-30T16:15:39.415824,1.81,2.11
603.570,2026-04-30T16:15:39.675678,1.8,2.1
603.826,2026-04-30T16:15:39.931558,1.82,2.11
604.086,2026-04-30T16:15:40.191525,1.81,2.11
604.342,2026-04-30T16:15:40.447596,1.81,2.11
604.630,2026-04-30T16:15:40.735477,1.81,2.11
604.870,2026-04-30T16:15:40.975715,1.81,2.11
605.122,2026-04-30T16:15:41.227739,1.81,2.1
605.374,2026-04-30T16:15:41.479534,1.81,2.11
605.630,2026-04-30T16:15:41.735662,1.82,2.11
605.890,2026-04-30T16:15:41.995605,1.8,2.1
606.154,2026-04-30T16:15:42.259551,1.8,2.1
606.398,2026-04-30T16:15:42.503469,1.81,2.1
606.646,2026-04-30T16:15:42.751572,1.82,2.1
606.910,2026-04-30T16:15:43.015707,1.81,2.1
607.174,2026-04-30T16:15:43.279624,1.8,2.1
607.430,2026-04-30T16:15:43.535589,1.8,2.1
607.686,2026-04-30T16:15:43.791526,1.81,2.1
607.938,2026-04-30T16:15:44.043540,1.81,2.11
608.198,2026-04-30T16:15:44.303601,1.79,2.11
608.454,2026-04-30T16:15:44.559555,1.81,2.1
608.710,2026-04-30T16:15:44.815622,1.81,2.1
608.966,2026-04-30T16:15:45.071608,1.81,2.1
609.234,2026-04-30T16:15:45.339518,1.8,2.1
609.498,2026-04-30T16:15:45.603615,1.81,2.1
609.750,2026-04-30T16:15:45.855622,1.81,2.1
609.986,2026-04-30T16:15:46.091550,1.81,2.1
610.242,2026-04-30T16:15:46.347368,1.81,2.1
610.515,2026-04-30T16:15:46.619935,1.81,2.1
610.774,2026-04-30T16:15:46.879505,1.83,2.11
611.026,2026-04-30T16:15:47.131622,1.82,2.1
611.278,2026-04-30T16:15:47.383585,1.81,2.1
611.539,2026-04-30T16:15:47.643878,1.82,2.1
611.794,2026-04-30T16:15:47.899523,1.81,2.11
612.074,2026-04-30T16:15:48.179613,1.81,2.11
612.326,2026-04-30T16:15:48.431590,1.81,2.11
612.598,2026-04-30T16:15:48.703558,1.83,2.1
612.830,2026-04-30T16:15:48.935358,1.81,2.1
613.086,2026-04-30T16:15:49.191767,1.82,2.1
613.342,2026-04-30T16:15:49.447602,1.82,2.11
613.598,2026-04-30T16:15:49.703505,1.82,2.1
613.859,2026-04-30T16:15:49.964401,1.83,2.1
614.118,2026-04-30T16:15:50.223484,1.83,2.1
614.390,2026-04-30T16:15:50.495703,1.81,2.1
614.642,2026-04-30T16:15:50.747597,1.81,2.11
614.890,2026-04-30T16:15:50.995522,1.82,2.1
615.166,2026-04-30T16:15:51.271597,1.81,2.1
615.402,2026-04-30T16:15:51.507626,1.82,2.1
615.662,2026-04-30T16:15:51.767720,1.82,2.1
615.922,2026-04-30T16:15:52.027779,1.83,2.11
616.182,2026-04-30T16:15:52.287775,1.8,2.1
616.442,2026-04-30T16:15:52.547671,1.81,2.1
616.695,2026-04-30T16:15:52.799862,1.81,2.1
616.950,2026-04-30T16:15:53.055633,1.81,2.11
617.222,2026-04-30T16:15:53.327671,1.83,2.11
617.486,2026-04-30T16:15:53.591721,1.82,2.1
617.706,2026-04-30T16:15:53.811789,1.8,2.1
617.971,2026-04-30T16:15:54.075847,1.82,2.1
618.226,2026-04-30T16:15:54.331641,1.83,2.12
618.474,2026-04-30T16:15:54.579599,1.81,2.11
618.730,2026-04-30T16:15:54.835647,1.82,2.11
619.010,2026-04-30T16:15:55.115761,1.82,2.11
619.262,2026-04-30T16:15:55.367363,1.8,2.1
619.530,2026-04-30T16:15:55.635594,1.81,2.1
619.786,2026-04-30T16:15:55.891706,1.81,2.1
620.042,2026-04-30T16:15:56.147613,1.83,2.11
620.294,2026-04-30T16:15:56.399812,1.82,2.1
620.547,2026-04-30T16:15:56.652342,1.81,2.1
620.802,2026-04-30T16:15:56.907586,1.81,2.11
621.062,2026-04-30T16:15:57.167736,1.83,2.1
621.318,2026-04-30T16:15:57.423457,1.82,2.1
621.574,2026-04-30T16:15:57.679614,1.82,2.1
621.834,2026-04-30T16:15:57.939604,1.81,2.1
622.098,2026-04-30T16:15:58.203591,1.83,2.11
622.354,2026-04-30T16:15:58.459685,1.81,2.1
622.614,2026-04-30T16:15:58.719654,1.83,2.11
622.871,2026-04-30T16:15:58.975840,1.83,2.1
623.126,2026-04-30T16:15:59.231719,1.82,2.1
623.382,2026-04-30T16:15:59.487538,1.83,2.1
623.634,2026-04-30T16:15:59.739775,1.81,2.1
623.890,2026-04-30T16:15:59.995692,1.82,2.1
624.150,2026-04-30T16:16:00.255637,1.83,2.1
624.402,2026-04-30T16:16:00.507481,1.81,2.1
624.670,2026-04-30T16:16:00.775727,1.81,2.1
624.922,2026-04-30T16:16:01.027774,1.83,2.1
625.182,2026-04-30T16:16:01.287809,1.83,2.1
625.442,2026-04-30T16:16:01.547574,1.83,2.1
625.698,2026-04-30T16:16:01.803508,1.84,2.1
625.959,2026-04-30T16:16:02.063858,1.82,2.1
626.222,2026-04-30T16:16:02.327723,1.84,2.1
626.462,2026-04-30T16:16:02.567658,1.83,2.1
626.722,2026-04-30T16:16:02.827736,1.84,2.1
626.986,2026-04-30T16:16:03.091536,1.83,2.1
627.230,2026-04-30T16:16:03.335733,1.83,2.1
627.486,2026-04-30T16:16:03.591409,1.83,2.1
627.750,2026-04-30T16:16:03.855696,1.83,2.1
628.011,2026-04-30T16:16:04.115881,1.84,2.1
628.266,2026-04-30T16:16:04.371604,1.82,2.09
628.527,2026-04-30T16:16:04.632082,1.83,2.1
628.786,2026-04-30T16:16:04.891566,1.84,2.11
629.042,2026-04-30T16:16:05.147655,1.83,2.1
629.306,2026-04-30T16:16:05.411659,1.83,2.1
629.574,2026-04-30T16:16:05.679422,1.83,2.1
629.834,2026-04-30T16:16:05.939789,1.84,2.1
630.086,2026-04-30T16:16:06.191737,1.85,2.1
630.346,2026-04-30T16:16:06.451816,1.83,2.09
630.602,2026-04-30T16:16:06.707657,1.84,2.1
630.854,2026-04-30T16:16:06.959720,1.84,2.1
631.111,2026-04-30T16:16:07.215848,1.85,2.1
631.366,2026-04-30T16:16:07.471598,1.85,2.1
631.630,2026-04-30T16:16:07.735417,1.83,2.1
631.898,2026-04-30T16:16:08.003587,1.85,2.1
632.138,2026-04-30T16:16:08.243734,1.86,2.1
632.395,2026-04-30T16:16:08.499943,1.85,2.1
632.659,2026-04-30T16:16:08.763910,1.85,2.1
632.914,2026-04-30T16:16:09.019674,1.85,2.1
633.174,2026-04-30T16:16:09.279751,1.86,2.1
633.430,2026-04-30T16:16:09.535801,1.83,2.1
633.686,2026-04-30T16:16:09.791527,1.85,2.1
633.934,2026-04-30T16:16:10.039766,1.85,2.09
634.190,2026-04-30T16:16:10.295686,1.85,2.1
634.446,2026-04-30T16:16:10.551628,1.85,2.1
634.711,2026-04-30T16:16:10.815883,1.84,2.1
634.962,2026-04-30T16:16:11.067765,1.86,2.11
635.214,2026-04-30T16:16:11.319653,1.85,2.1
635.466,2026-04-30T16:16:11.571734,1.84,2.1
635.718,2026-04-30T16:16:11.823722,1.85,2.1
635.978,2026-04-30T16:16:12.083566,1.85,2.1
636.234,2026-04-30T16:16:12.339799,1.85,2.1
636.494,2026-04-30T16:16:12.599838,1.85,2.1
636.754,2026-04-30T16:16:12.859670,1.83,2.1
637.014,2026-04-30T16:16:13.119632,1.85,2.1
637.271,2026-04-30T16:16:13.375947,1.85,2.1
637.531,2026-04-30T16:16:13.635842,1.85,2.1
637.782,2026-04-30T16:16:13.887810,1.86,2.1
638.034,2026-04-30T16:16:14.139693,1.83,2.1
638.295,2026-04-30T16:16:14.399920,1.85,2.1
638.562,2026-04-30T16:16:14.667661,1.84,2.1
638.814,2026-04-30T16:16:14.919671,1.84,2.1
639.071,2026-04-30T16:16:15.175855,1.84,2.1
639.330,2026-04-30T16:16:15.435711,1.84,2.1
639.598,2026-04-30T16:16:15.703704,1.85,2.1
639.854,2026-04-30T16:16:15.959613,1.85,2.1
640.111,2026-04-30T16:16:16.215833,1.85,2.1
640.363,2026-04-30T16:16:16.467843,1.85,2.1
640.618,2026-04-30T16:16:16.723719,1.85,2.1
640.874,2026-04-30T16:16:16.979731,1.86,2.1
641.130,2026-04-30T16:16:17.235806,1.83,2.1
641.386,2026-04-30T16:16:17.491778,1.85,2.1
641.647,2026-04-30T16:16:17.751883,1.86,2.1
641.907,2026-04-30T16:16:18.011837,1.85,2.1
642.174,2026-04-30T16:16:18.279639,1.86,2.1
642.434,2026-04-30T16:16:18.539793,1.85,2.09
642.695,2026-04-30T16:16:18.799842,1.87,2.1
642.950,2026-04-30T16:16:19.055793,1.87,2.1
643.195,2026-04-30T16:16:19.299942,1.86,2.1
643.451,2026-04-30T16:16:19.555859,1.87,2.1
643.707,2026-04-30T16:16:19.811876,1.87,2.1
643.966,2026-04-30T16:16:20.071750,1.85,2.09
644.214,2026-04-30T16:16:20.319620,1.86,2.1
644.467,2026-04-30T16:16:20.571890,1.87,2.1
644.742,2026-04-30T16:16:20.847735,1.87,2.1
645.014,2026-04-30T16:16:21.119761,1.87,2.1
645.254,2026-04-30T16:16:21.359712,1.86,2.1
645.511,2026-04-30T16:16:21.616050,1.85,2.1
645.767,2026-04-30T16:16:21.871839,1.86,2.1
646.018,2026-04-30T16:16:22.123750,1.85,2.09
646.270,2026-04-30T16:16:22.375806,1.86,2.1
646.539,2026-04-30T16:16:22.643975,1.87,2.1
646.790,2026-04-30T16:16:22.895802,1.86,2.1
647.066,2026-04-30T16:16:23.171755,1.88,2.1
647.318,2026-04-30T16:16:23.423795,1.86,2.1
647.574,2026-04-30T16:16:23.679832,1.86,2.1
647.823,2026-04-30T16:16:23.927874,1.84,2.09
648.078,2026-04-30T16:16:24.183811,1.87,2.1
648.330,2026-04-30T16:16:24.435535,1.88,2.1
648.586,2026-04-30T16:16:24.691808,1.86,2.09
648.854,2026-04-30T16:16:24.959781,1.87,2.1
649.102,2026-04-30T16:16:25.207791,1.86,2.1
649.374,2026-04-30T16:16:25.479741,1.87,2.1
649.650,2026-04-30T16:16:25.755807,1.87,2.1
649.902,2026-04-30T16:16:26.007785,1.86,2.1
650.159,2026-04-30T16:16:26.263972,1.86,2.1
650.406,2026-04-30T16:16:26.511655,1.87,2.1
650.659,2026-04-30T16:16:26.763922,1.87,2.1
650.914,2026-04-30T16:16:27.019714,1.86,2.1
651.183,2026-04-30T16:16:27.287868,1.86,2.09
651.426,2026-04-30T16:16:27.531766,1.86,2.1
651.683,2026-04-30T16:16:27.787912,1.85,2.1
651.954,2026-04-30T16:16:28.059829,1.87,2.1
652.207,2026-04-30T16:16:28.311874,1.88,2.1
652.462,2026-04-30T16:16:28.567648,1.88,2.1
652.730,2026-04-30T16:16:28.835586,1.87,2.09
652.971,2026-04-30T16:16:29.075935,1.87,2.1
653.227,2026-04-30T16:16:29.331855,1.85,2.09
653.479,2026-04-30T16:16:29.583865,1.87,2.1
653.730,2026-04-30T16:16:29.835814,1.88,2.1
653.987,2026-04-30T16:16:30.091884,1.86,2.1
654.250,2026-04-30T16:16:30.355824,1.87,2.1
654.511,2026-04-30T16:16:30.616154,1.86,2.09
654.766,2026-04-30T16:16:30.871609,1.86,2.1
655.039,2026-04-30T16:16:31.143875,1.88,2.1
655.295,2026-04-30T16:16:31.400010,1.88,2.09
655.535,2026-04-30T16:16:31.640068,1.86,2.1
655.795,2026-04-30T16:16:31.899991,1.87,2.09
656.054,2026-04-30T16:16:32.159594,1.87,2.09
656.311,2026-04-30T16:16:32.416143,1.88,2.1
656.571,2026-04-30T16:16:32.676084,1.87,2.1
656.814,2026-04-30T16:16:32.919717,1.88,2.1
657.102,2026-04-30T16:16:33.207776,1.87,2.09
657.354,2026-04-30T16:16:33.459825,1.86,2.1
657.598,2026-04-30T16:16:33.703783,1.88,2.1
657.859,2026-04-30T16:16:33.964727,1.88,2.1
658.107,2026-04-30T16:16:34.211893,1.88,2.1
658.366,2026-04-30T16:16:34.471837,1.87,2.09
658.627,2026-04-30T16:16:34.731840,1.89,2.1
658.878,2026-04-30T16:16:34.983610,1.88,2.1
659.143,2026-04-30T16:16:35.247836,1.86,2.1
659.390,2026-04-30T16:16:35.495815,1.87,2.1
659.671,2026-04-30T16:16:35.776109,1.87,2.1
659.927,2026-04-30T16:16:36.031858,1.86,2.09
660.195,2026-04-30T16:16:36.300002,1.87,2.1
660.430,2026-04-30T16:16:36.535822,1.88,2.1
660.691,2026-04-30T16:16:36.795918,1.88,2.1
660.947,2026-04-30T16:16:37.051961,1.87,2.1
661.207,2026-04-30T16:16:37.312045,1.89,2.1
661.447,2026-04-30T16:16:37.551982,1.88,2.09
661.702,2026-04-30T16:16:37.807826,1.87,2.09
661.983,2026-04-30T16:16:38.087992,1.88,2.1
662.235,2026-04-30T16:16:38.339910,1.88,2.1
662.498,2026-04-30T16:16:38.603815,1.88,2.1
662.755,2026-04-30T16:16:38.859872,1.88,2.1
663.018,2026-04-30T16:16:39.123768,1.87,2.1
663.275,2026-04-30T16:16:39.379883,1.88,2.1
663.535,2026-04-30T16:16:39.640298,1.86,2.1
663.775,2026-04-30T16:16:39.879875,1.87,2.1
664.023,2026-04-30T16:16:40.127980,1.89,2.1
664.291,2026-04-30T16:16:40.395871,1.89,2.1
664.579,2026-04-30T16:16:40.683880,1.88,2.1
664.819,2026-04-30T16:16:40.923915,1.88,2.1
665.071,2026-04-30T16:16:41.175936,1.88,2.1
665.307,2026-04-30T16:16:41.412050,1.87,2.11
665.587,2026-04-30T16:16:41.691857,1.87,2.1
665.847,2026-04-30T16:16:41.952024,1.87,2.1
666.079,2026-04-30T16:16:42.183931,1.87,2.1
666.338,2026-04-30T16:16:42.443798,1.88,2.1
666.598,2026-04-30T16:16:42.703791,1.88,2.1
666.859,2026-04-30T16:16:42.964656,1.88,2.11
667.118,2026-04-30T16:16:43.223608,1.88,2.1
667.383,2026-04-30T16:16:43.487970,1.88,2.1
667.639,2026-04-30T16:16:43.743838,1.88,2.1
667.895,2026-04-30T16:16:44.000046,1.89,2.1
668.147,2026-04-30T16:16:44.252024,1.88,2.1
668.402,2026-04-30T16:16:44.507831,1.89,2.1
668.659,2026-04-30T16:16:44.764179,1.88,2.1
668.914,2026-04-30T16:16:45.019828,1.88,2.1
669.171,2026-04-30T16:16:45.275974,1.89,2.1
669.426,2026-04-30T16:16:45.531808,1.88,2.1
669.683,2026-04-30T16:16:45.787944,1.9,2.1
669.947,2026-04-30T16:16:46.052054,1.88,2.1
670.203,2026-04-30T16:16:46.307961,1.88,2.1
670.459,2026-04-30T16:16:46.564111,1.88,2.1
670.719,2026-04-30T16:16:46.823975,1.88,2.1
670.975,2026-04-30T16:16:47.080001,1.88,2.1
671.235,2026-04-30T16:16:47.339932,1.89,2.11
671.490,2026-04-30T16:16:47.595751,1.88,2.1
671.755,2026-04-30T16:16:47.859851,1.88,2.1
672.014,2026-04-30T16:16:48.119818,1.89,2.1
672.295,2026-04-30T16:16:48.400076,1.88,2.1
672.539,2026-04-30T16:16:48.644044,1.87,2.1
672.795,2026-04-30T16:16:48.900090,1.87,2.1
673.051,2026-04-30T16:16:49.155997,1.88,2.1
673.303,2026-04-30T16:16:49.407875,1.9,2.11
673.559,2026-04-30T16:16:49.663979,1.88,2.1
673.811,2026-04-30T16:16:49.916164,1.88,2.11
674.067,2026-04-30T16:16:50.171975,1.88,2.1
674.318,2026-04-30T16:16:50.423784,1.87,2.1
674.571,2026-04-30T16:16:50.676073,1.88,2.1
674.835,2026-04-30T16:16:50.940040,1.88,2.1
675.095,2026-04-30T16:16:51.200046,1.88,2.1
675.347,2026-04-30T16:16:51.452020,1.89,2.1
675.606,2026-04-30T16:16:51.711775,1.87,2.1
675.867,2026-04-30T16:16:51.971987,1.88,2.1
676.123,2026-04-30T16:16:52.227874,1.9,2.1
676.375,2026-04-30T16:16:52.479957,1.89,2.1
676.631,2026-04-30T16:16:52.735880,1.89,2.11
676.883,2026-04-30T16:16:52.988048,1.88,2.1
677.143,2026-04-30T16:16:53.247973,1.87,2.1
677.407,2026-04-30T16:16:53.512095,1.9,2.1
677.663,2026-04-30T16:16:53.767857,1.89,2.1
677.915,2026-04-30T16:16:54.019952,1.89,2.11
678.167,2026-04-30T16:16:54.271917,1.88,2.1
678.419,2026-04-30T16:16:54.523968,1.88,2.1
678.671,2026-04-30T16:16:54.775975,1.9,2.11
678.927,2026-04-30T16:16:55.031948,1.88,2.1
679.187,2026-04-30T16:16:55.291838,1.9,2.1
679.447,2026-04-30T16:16:55.552010,1.89,2.1
679.707,2026-04-30T16:16:55.811887,1.9,2.1
679.971,2026-04-30T16:16:56.076139,1.89,2.1
680.231,2026-04-30T16:16:56.335932,1.9,2.1
680.487,2026-04-30T16:16:56.591990,1.89,2.1
680.743,2026-04-30T16:16:56.847871,1.88,2.1
680.999,2026-04-30T16:16:57.103963,1.88,2.1
681.255,2026-04-30T16:16:57.359913,1.91,2.1
681.511,2026-04-30T16:16:57.616158,1.89,2.1
681.770,2026-04-30T16:16:57.875808,1.89,2.09
682.031,2026-04-30T16:16:58.135939,1.89,2.1
682.299,2026-04-30T16:16:58.403944,1.9,2.1
682.562,2026-04-30T16:16:58.667790,1.89,2.09
682.811,2026-04-30T16:16:58.916122,1.9,2.09
683.063,2026-04-30T16:16:59.167972,1.91,2.1
683.314,2026-04-30T16:16:59.419732,1.89,2.1
683.571,2026-04-30T16:16:59.676074,1.89,2.1
683.830,2026-04-30T16:16:59.935742,1.89,2.1
684.087,2026-04-30T16:17:00.191938,1.88,2.1
684.347,2026-04-30T16:17:00.452040,1.89,2.1
684.611,2026-04-30T16:17:00.716096,1.9,2.1
684.878,2026-04-30T16:17:00.983805,1.89,2.1
685.139,2026-04-30T16:17:01.243942,1.91,2.1
685.391,2026-04-30T16:17:01.496007,1.88,2.09
685.651,2026-04-30T16:17:01.755998,1.89,2.1
685.907,2026-04-30T16:17:02.011859,1.89,2.1
686.159,2026-04-30T16:17:02.264201,1.9,2.1
686.411,2026-04-30T16:17:02.516053,1.9,2.1
686.663,2026-04-30T16:17:02.767915,1.91,2.1
686.919,2026-04-30T16:17:03.023894,1.91,2.1
687.171,2026-04-30T16:17:03.276111,1.9,2.1
687.439,2026-04-30T16:17:03.543917,1.9,2.1
687.695,2026-04-30T16:17:03.800090,1.89,2.11
687.951,2026-04-30T16:17:04.055950,1.88,2.1
688.207,2026-04-30T16:17:04.312103,1.89,2.1
688.459,2026-04-30T16:17:04.564222,1.9,2.11
688.715,2026-04-30T16:17:04.819985,1.9,2.11
688.975,2026-04-30T16:17:05.079951,1.9,2.1
689.235,2026-04-30T16:17:05.339981,1.91,2.11
689.491,2026-04-30T16:17:05.596012,1.9,2.1
689.751,2026-04-30T16:17:05.855933,1.88,2.1
690.039,2026-04-30T16:17:06.143987,1.88,2.1
690.295,2026-04-30T16:17:06.399983,1.9,2.1
690.535,2026-04-30T16:17:06.640221,1.9,2.11
690.787,2026-04-30T16:17:06.891983,1.91,2.11
691.039,2026-04-30T16:17:07.143972,1.9,2.11
691.291,2026-04-30T16:17:07.396012,1.9,2.11
691.547,2026-04-30T16:17:07.652137,1.9,2.1
691.803,2026-04-30T16:17:07.907898,1.9,2.11
692.059,2026-04-30T16:17:08.164200,1.89,2.11
692.319,2026-04-30T16:17:08.423838,1.89,2.1
692.587,2026-04-30T16:17:08.692066,1.89,2.1
692.843,2026-04-30T16:17:08.947984,1.89,2.1
693.099,2026-04-30T16:17:09.204030,1.89,2.11
693.351,2026-04-30T16:17:09.456061,1.89,2.1
693.607,2026-04-30T16:17:09.712179,1.9,2.1
693.867,2026-04-30T16:17:09.971986,1.9,2.1
694.123,2026-04-30T16:17:10.228093,1.91,2.11
694.375,2026-04-30T16:17:10.479890,1.9,2.1
694.639,2026-04-30T16:17:10.743938,1.9,2.1
694.907,2026-04-30T16:17:11.012205,1.89,2.1
695.163,2026-04-30T16:17:11.268100,1.89,2.1
695.423,2026-04-30T16:17:11.528068,1.9,2.1
695.679,2026-04-30T16:17:11.784063,1.9,2.11
695.943,2026-04-30T16:17:12.047909,1.9,2.11
696.179,2026-04-30T16:17:12.283999,1.89,2.1
696.431,2026-04-30T16:17:12.535860,1.91,2.1
696.691,2026-04-30T16:17:12.796094,1.91,2.1
696.947,2026-04-30T16:17:13.052140,1.9,2.1
697.203,2026-04-30T16:17:13.307917,1.9,2.1
697.467,2026-04-30T16:17:13.572014,1.9,2.11
697.727,2026-04-30T16:17:13.831999,1.91,2.11
697.975,2026-04-30T16:17:14.080082,1.9,2.1
698.231,2026-04-30T16:17:14.336033,1.9,2.11
698.487,2026-04-30T16:17:14.591966,1.91,2.1
698.747,2026-04-30T16:17:14.852251,1.9,2.1
699.003,2026-04-30T16:17:15.108003,1.91,2.1
699.263,2026-04-30T16:17:15.367968,1.92,2.11
699.515,2026-04-30T16:17:15.619948,1.9,2.1
699.763,2026-04-30T16:17:15.867949,1.91,2.11
700.035,2026-04-30T16:17:16.140064,1.91,2.11
700.275,2026-04-30T16:17:16.380043,1.91,2.11
700.527,2026-04-30T16:17:16.632593,1.91,2.1
700.783,2026-04-30T16:17:16.888130,1.92,2.1
701.035,2026-04-30T16:17:17.140188,1.91,2.11
701.295,2026-04-30T16:17:17.400229,1.91,2.1
701.551,2026-04-30T16:17:17.656615,1.91,2.11
701.811,2026-04-30T16:17:17.916187,1.9,2.1
702.071,2026-04-30T16:17:18.176239,1.91,2.1
702.323,2026-04-30T16:17:18.428147,1.91,2.11
702.579,2026-04-30T16:17:18.684088,1.91,2.11
702.847,2026-04-30T16:17:18.952154,1.91,2.1
703.103,2026-04-30T16:17:19.208060,1.9,2.1
703.359,2026-04-30T16:17:19.464245,1.91,2.11
703.615,2026-04-30T16:17:19.720079,1.91,2.11
703.867,2026-04-30T16:17:19.971988,1.91,2.11
704.127,2026-04-30T16:17:20.231970,1.91,2.11
704.383,2026-04-30T16:17:20.488170,1.91,2.11
704.643,2026-04-30T16:17:20.748029,1.91,2.1
704.902,2026-04-30T16:17:21.007805,1.92,2.09
705.167,2026-04-30T16:17:21.272005,1.91,2.1
705.423,2026-04-30T16:17:21.528179,1.91,2.1
705.679,2026-04-30T16:17:21.784123,1.9,2.1
705.939,2026-04-30T16:17:22.044067,1.92,2.1
706.195,2026-04-30T16:17:22.300182,1.89,2.1
706.451,2026-04-30T16:17:22.556076,1.91,2.1
706.711,2026-04-30T16:17:22.816193,1.91,2.1
706.975,2026-04-30T16:17:23.079938,1.91,2.1
707.231,2026-04-30T16:17:23.336019,1.91,2.1
707.495,2026-04-30T16:17:23.600190,1.9,2.1
707.751,2026-04-30T16:17:23.856092,1.93,2.1
708.003,2026-04-30T16:17:24.108040,1.91,2.1
708.263,2026-04-30T16:17:24.368164,1.91,2.1
708.527,2026-04-30T16:17:24.632301,1.91,2.1
708.783,2026-04-30T16:17:24.888217,1.9,2.1
709.047,2026-04-30T16:17:25.151984,1.92,2.1
709.303,2026-04-30T16:17:25.407996,1.91,2.1
709.583,2026-04-30T16:17:25.688188,1.92,2.09
709.815,2026-04-30T16:17:25.920099,1.91,2.09
710.083,2026-04-30T16:17:26.188137,1.91,2.1
710.339,2026-04-30T16:17:26.443944,1.93,2.1
710.587,2026-04-30T16:17:26.692117,1.91,2.1
710.843,2026-04-30T16:17:26.948087,1.91,2.09
711.103,2026-04-30T16:17:27.207888,1.92,2.09
711.363,2026-04-30T16:17:27.468113,1.92,2.09
711.627,2026-04-30T16:17:27.732076,1.91,2.1
711.879,2026-04-30T16:17:27.984126,1.9,2.09
712.135,2026-04-30T16:17:28.240212,1.92,2.09
712.407,2026-04-30T16:17:28.512276,1.91,2.09
712.643,2026-04-30T16:17:28.748157,1.9,2.1
712.903,2026-04-30T16:17:29.008096,1.92,2.09
713.159,2026-04-30T16:17:29.264234,1.91,2.1
713.419,2026-04-30T16:17:29.524084,1.92,2.09
713.675,2026-04-30T16:17:29.780130,1.91,2.1
713.939,2026-04-30T16:17:30.044118,1.91,2.1
714.195,2026-04-30T16:17:30.300150,1.91,2.1
714.455,2026-04-30T16:17:30.560022,1.9,2.1
714.715,2026-04-30T16:17:30.820089,1.91,2.1
714.991,2026-04-30T16:17:31.096134,1.9,2.09
715.255,2026-04-30T16:17:31.360032,1.91,2.1
715.491,2026-04-30T16:17:31.596235,1.91,2.1
715.751,2026-04-30T16:17:31.856119,1.91,2.1
716.003,2026-04-30T16:17:32.108125,1.93,2.1
716.259,2026-04-30T16:17:32.364303,1.92,2.1
716.519,2026-04-30T16:17:32.624095,1.93,2.1
716.771,2026-04-30T16:17:32.876204,1.92,2.1
717.027,2026-04-30T16:17:33.131929,1.91,2.09
717.295,2026-04-30T16:17:33.400012,1.93,2.09
717.559,2026-04-30T16:17:33.664273,1.91,2.09
717.811,2026-04-30T16:17:33.916358,1.92,2.09
718.063,2026-04-30T16:17:34.168118,1.91,2.1
718.315,2026-04-30T16:17:34.420174,1.91,2.1
718.571,2026-04-30T16:17:34.676303,1.92,2.09
718.827,2026-04-30T16:17:34.932144,1.92,2.1
719.087,2026-04-30T16:17:35.192029,1.91,2.1
719.347,2026-04-30T16:17:35.452056,1.92,2.09
719.603,2026-04-30T16:17:35.708050,1.91,2.09
719.871,2026-04-30T16:17:35.976369,1.93,2.1
720.123,2026-04-30T16:17:36.228297,1.92,2.09
720.375,2026-04-30T16:17:36.480226,1.93,2.1
720.631,2026-04-30T16:17:36.736167,1.92,2.1
720.887,2026-04-30T16:17:36.992228,1.93,2.09
721.147,2026-04-30T16:17:37.252279,1.91,2.1
721.399,2026-04-30T16:17:37.504164,1.9,2.1
721.655,2026-04-30T16:17:37.760037,1.91,2.1
721.911,2026-04-30T16:17:38.016299,1.92,2.11
722.171,2026-04-30T16:17:38.276283,1.93,2.1
722.435,2026-04-30T16:17:38.540244,1.92,2.1
722.695,2026-04-30T16:17:38.800328,1.92,2.1
722.955,2026-04-30T16:17:39.059996,1.92,2.1
723.207,2026-04-30T16:17:39.312323,1.93,2.1
723.459,2026-04-30T16:17:39.564394,1.93,2.11
723.715,2026-04-30T16:17:39.819934,1.93,2.1
723.971,2026-04-30T16:17:40.076289,1.93,2.1
724.231,2026-04-30T16:17:40.336081,1.92,2.11
724.491,2026-04-30T16:17:40.596168,1.93,2.11
724.759,2026-04-30T16:17:40.864315,1.93,2.11
725.015,2026-04-30T16:17:41.120226,1.94,2.1
725.271,2026-04-30T16:17:41.376331,1.94,2.1
725.528,2026-04-30T16:17:41.632844,1.94,2.1
725.783,2026-04-30T16:17:41.888173,1.92,2.1
726.043,2026-04-30T16:17:42.148196,1.92,2.1
726.299,2026-04-30T16:17:42.404176,1.93,2.1
726.583,2026-04-30T16:17:42.688326,1.94,2.11
726.811,2026-04-30T16:17:42.916394,1.91,2.11
727.067,2026-04-30T16:17:43.172185,1.92,2.1
727.363,2026-04-30T16:17:43.468176,1.94,2.11
727.607,2026-04-30T16:17:43.712222,1.93,2.1
727.839,2026-04-30T16:17:43.944123,1.93,2.11
728.099,2026-04-30T16:17:44.204111,1.92,2.1
728.359,2026-04-30T16:17:44.464458,1.93,2.11
728.619,2026-04-30T16:17:44.724194,1.93,2.11
728.879,2026-04-30T16:17:44.984175,1.93,2.11
729.135,2026-04-30T16:17:45.240295,1.93,2.1
729.387,2026-04-30T16:17:45.492235,1.92,2.1
729.667,2026-04-30T16:17:45.772200,1.94,2.1
729.919,2026-04-30T16:17:46.023992,1.93,2.1
730.171,2026-04-30T16:17:46.276375,1.92,2.1
730.427,2026-04-30T16:17:46.532238,1.92,2.1
730.683,2026-04-30T16:17:46.788344,1.92,2.1
730.939,2026-04-30T16:17:47.044246,1.95,2.1
731.191,2026-04-30T16:17:47.296389,1.92,2.1
731.443,2026-04-30T16:17:47.548162,1.94,2.1
731.703,2026-04-30T16:17:47.808086,1.94,2.1
731.959,2026-04-30T16:17:48.064140,1.94,2.1
732.207,2026-04-30T16:17:48.312288,1.94,2.1
732.471,2026-04-30T16:17:48.576326,1.95,2.1
732.727,2026-04-30T16:17:48.832264,1.93,2.1
732.983,2026-04-30T16:17:49.088285,1.93,2.1
733.235,2026-04-30T16:17:49.340414,1.94,2.11
733.491,2026-04-30T16:17:49.596311,1.93,2.11
733.751,2026-04-30T16:17:49.856242,1.93,2.1
734.007,2026-04-30T16:17:50.112015,1.94,2.11
734.267,2026-04-30T16:17:50.372083,1.93,2.1
734.527,2026-04-30T16:17:50.632223,1.92,2.1
734.787,2026-04-30T16:17:50.892226,1.93,2.1
735.051,2026-04-30T16:17:51.156233,1.93,2.11
735.307,2026-04-30T16:17:51.412395,1.95,2.11
735.575,2026-04-30T16:17:51.680382,1.93,2.1
735.819,2026-04-30T16:17:51.924261,1.93,2.1
736.071,2026-04-30T16:17:52.176227,1.92,2.1
736.331,2026-04-30T16:17:52.436223,1.93,2.1
736.591,2026-04-30T16:17:52.696183,1.94,2.11
736.851,2026-04-30T16:17:52.956186,1.94,2.1
737.107,2026-04-30T16:17:53.212326,1.95,2.1
737.371,2026-04-30T16:17:53.476249,1.93,2.1
737.635,2026-04-30T16:17:53.740368,1.93,2.1
737.899,2026-04-30T16:17:54.004205,1.93,2.1
738.155,2026-04-30T16:17:54.260206,1.93,2.1
738.411,2026-04-30T16:17:54.516527,1.94,2.1
738.667,2026-04-30T16:17:54.772242,1.95,2.1
738.911,2026-04-30T16:17:55.016512,1.94,2.1
739.171,2026-04-30T16:17:55.276320,1.93,2.1
739.427,2026-04-30T16:17:55.532239,1.93,2.1
739.695,2026-04-30T16:17:55.800413,1.92,2.11
739.951,2026-04-30T16:17:56.056359,1.93,2.11
740.211,2026-04-30T16:17:56.316506,1.95,2.11
740.463,2026-04-30T16:17:56.568069,1.94,2.1
740.715,2026-04-30T16:17:56.820218,1.93,2.1
740.967,2026-04-30T16:17:57.072279,1.95,2.11
741.223,2026-04-30T16:17:57.328517,1.93,2.1
741.479,2026-04-30T16:17:57.584270,1.94,2.1
741.735,2026-04-30T16:17:57.840302,1.95,2.11
741.999,2026-04-30T16:17:58.104173,1.93,2.11
742.275,2026-04-30T16:17:58.380289,1.95,2.11
742.515,2026-04-30T16:17:58.620283,1.93,2.1
742.771,2026-04-30T16:17:58.876207,1.94,2.11
743.023,2026-04-30T16:17:59.128483,1.93,2.11
743.279,2026-04-30T16:17:59.384303,1.94,2.11
743.535,2026-04-30T16:17:59.640561,1.94,2.11
743.795,2026-04-30T16:17:59.900371,1.94,2.1
744.047,2026-04-30T16:18:00.152422,1.95,2.1
744.303,2026-04-30T16:18:00.408160,1.92,2.1
744.587,2026-04-30T16:18:00.692130,1.94,2.11
744.819,2026-04-30T16:18:00.924255,1.95,2.11
745.095,2026-04-30T16:18:01.200395,1.95,2.1
745.335,2026-04-30T16:18:01.440457,1.94,2.11
745.595,2026-04-30T16:18:01.700429,1.93,2.11
745.851,2026-04-30T16:18:01.956329,1.93,2.11
746.107,2026-04-30T16:18:02.212397,1.94,2.11
746.363,2026-04-30T16:18:02.468253,1.93,2.11
746.623,2026-04-30T16:18:02.728143,1.93,2.1
746.879,2026-04-30T16:18:02.984279,1.95,2.11
747.131,2026-04-30T16:18:03.236236,1.95,2.1
747.395,2026-04-30T16:18:03.500366,1.94,2.11
747.651,2026-04-30T16:18:03.756356,1.94,2.1
747.903,2026-04-30T16:18:04.008402,1.93,2.1
748.167,2026-04-30T16:18:04.272101,1.93,2.1
748.423,2026-04-30T16:18:04.528484,1.95,2.11
748.675,2026-04-30T16:18:04.780135,1.94,2.1
748.931,2026-04-30T16:18:05.036764,1.95,2.1
749.187,2026-04-30T16:18:05.292301,1.94,2.1
749.439,2026-04-30T16:18:05.544282,1.95,2.1
749.695,2026-04-30T16:18:05.800321,1.94,2.1
749.963,2026-04-30T16:18:06.068378,1.94,2.1
750.215,2026-04-30T16:18:06.320330,1.94,2.1
750.467,2026-04-30T16:18:06.572275,1.95,2.1
750.723,2026-04-30T16:18:06.828254,1.94,2.1
750.983,2026-04-30T16:18:07.088453,1.94,2.1
751.243,2026-04-30T16:18:07.348350,1.93,2.1
751.503,2026-04-30T16:18:07.608200,1.95,2.1
751.767,2026-04-30T16:18:07.872322,1.94,2.1
752.019,2026-04-30T16:18:08.124304,1.94,2.1
752.283,2026-04-30T16:18:08.388453,1.93,2.1
752.567,2026-04-30T16:18:08.672293,1.94,2.1
752.803,2026-04-30T16:18:08.908163,1.94,2.1
753.059,2026-04-30T16:18:09.164431,1.95,2.1
753.315,2026-04-30T16:18:09.420387,1.92,2.1
753.571,2026-04-30T16:18:09.676437,1.93,2.1
753.823,2026-04-30T16:18:09.928499,1.94,2.1
754.087,2026-04-30T16:18:10.192362,1.93,2.1
754.343,2026-04-30T16:18:10.448407,1.94,2.1
754.607,2026-04-30T16:18:10.712453,1.94,2.1
754.875,2026-04-30T16:18:10.980190,1.94,2.1
755.131,2026-04-30T16:18:11.236294,1.94,2.1
755.379,2026-04-30T16:18:11.484345,1.95,2.1
755.635,2026-04-30T16:18:11.740333,1.94,2.1
755.891,2026-04-30T16:18:11.996423,1.94,2.1
756.159,2026-04-30T16:18:12.264588,1.94,2.1
756.407,2026-04-30T16:18:12.512457,1.95,2.1
756.667,2026-04-30T16:18:12.772256,1.93,2.1
756.923,2026-04-30T16:18:13.028311,1.94,2.09
757.179,2026-04-30T16:18:13.284206,1.95,2.1
757.451,2026-04-30T16:18:13.556377,1.96,2.1
757.707,2026-04-30T16:18:13.812436,1.94,2.1
757.959,2026-04-30T16:18:14.064613,1.94,2.1
758.211,2026-04-30T16:18:14.316650,1.95,2.09
758.467,2026-04-30T16:18:14.572333,1.95,2.1
758.723,2026-04-30T16:18:14.828537,1.95,2.1
758.983,2026-04-30T16:18:15.088456,1.96,2.1
759.243,2026-04-30T16:18:15.348219,1.95,2.09
759.503,2026-04-30T16:18:15.608333,1.95,2.1
759.767,2026-04-30T16:18:15.872316,1.95,2.1
760.023,2026-04-30T16:18:16.128541,1.95,2.1
760.275,2026-04-30T16:18:16.380351,1.96,2.1
760.531,2026-04-30T16:18:16.636418,1.96,2.1
760.795,2026-04-30T16:18:16.900360,1.95,2.1
761.047,2026-04-30T16:18:17.152502,1.96,2.1
761.307,2026-04-30T16:18:17.412311,1.95,2.1
761.575,2026-04-30T16:18:17.680279,1.94,2.09
761.823,2026-04-30T16:18:17.928450,1.95,2.1
762.083,2026-04-30T16:18:18.188493,1.95,2.1
762.347,2026-04-30T16:18:18.452661,1.96,2.1
762.603,2026-04-30T16:18:18.708350,1.95,2.1
762.855,2026-04-30T16:18:18.960375,1.96,2.1
763.107,2026-04-30T16:18:19.212555,1.95,2.1
763.363,2026-04-30T16:18:19.468162,1.95,2.1
763.627,2026-04-30T16:18:19.732369,1.96,2.1
763.883,2026-04-30T16:18:19.988498,1.96,2.1
764.143,2026-04-30T16:18:20.248362,1.95,2.1
764.403,2026-04-30T16:18:20.508318,1.94,2.1
764.671,2026-04-30T16:18:20.776535,1.95,2.1
764.927,2026-04-30T16:18:21.032485,1.97,2.1
765.183,2026-04-30T16:18:21.288530,1.96,2.1
765.423,2026-04-30T16:18:21.528357,1.94,2.1
765.675,2026-04-30T16:18:21.780402,1.95,2.1
765.935,2026-04-30T16:18:22.040543,1.96,2.11
766.195,2026-04-30T16:18:22.300483,1.96,2.11
766.447,2026-04-30T16:18:22.552511,1.95,2.1
766.703,2026-04-30T16:18:22.808365,1.95,2.1
766.959,2026-04-30T16:18:23.064621,1.96,2.1
767.219,2026-04-30T16:18:23.324383,1.96,2.1
767.487,2026-04-30T16:18:23.592281,1.94,2.1
767.743,2026-04-30T16:18:23.848397,1.95,2.1
767.999,2026-04-30T16:18:24.104351,1.97,2.11
768.255,2026-04-30T16:18:24.360357,1.95,2.1
768.511,2026-04-30T16:18:24.616519,1.96,2.1
768.771,2026-04-30T16:18:24.876434,1.95,2.1
769.027,2026-04-30T16:18:25.132202,1.96,2.1
769.287,2026-04-30T16:18:25.392353,1.96,2.09
769.539,2026-04-30T16:18:25.644122,1.95,2.1
769.815,2026-04-30T16:18:25.920359,1.95,2.1
770.067,2026-04-30T16:18:26.172357,1.95,2.1
770.319,2026-04-30T16:18:26.424450,1.95,2.1
770.575,2026-04-30T16:18:26.680612,1.96,2.1
770.831,2026-04-30T16:18:26.936473,1.96,2.1
771.087,2026-04-30T16:18:27.192323,1.97,2.1
771.343,2026-04-30T16:18:27.448451,1.97,2.1
771.599,2026-04-30T16:18:27.704120,1.95,2.1
771.860,2026-04-30T16:18:27.965142,1.95,2.1
772.115,2026-04-30T16:18:28.220380,1.95,2.09
772.387,2026-04-30T16:18:28.492494,1.96,2.1
772.643,2026-04-30T16:18:28.748315,1.96,2.1
772.903,2026-04-30T16:18:29.008393,1.95,2.1
773.159,2026-04-30T16:18:29.264546,1.96,2.1
773.415,2026-04-30T16:18:29.520406,1.96,2.1
773.675,2026-04-30T16:18:29.780128,1.95,2.1
773.915,2026-04-30T16:18:30.020349,1.95,2.1
774.175,2026-04-30T16:18:30.280266,1.95,2.1
774.427,2026-04-30T16:18:30.532247,1.96,2.11
774.695,2026-04-30T16:18:30.800420,1.94,2.1
774.951,2026-04-30T16:18:31.056495,1.94,2.1
775.207,2026-04-30T16:18:31.312417,1.95,2.1
775.467,2026-04-30T16:18:31.572393,1.97,2.11
775.723,2026-04-30T16:18:31.828351,1.95,2.1
775.979,2026-04-30T16:18:32.084406,1.95,2.1
776.239,2026-04-30T16:18:32.344202,1.95,2.1
776.487,2026-04-30T16:18:32.592380,1.94,2.1
776.743,2026-04-30T16:18:32.848210,1.95,2.1
777.003,2026-04-30T16:18:33.108414,1.97,2.1
777.267,2026-04-30T16:18:33.372205,1.96,2.1
777.523,2026-04-30T16:18:33.628695,1.97,2.1
777.779,2026-04-30T16:18:33.884319,1.94,2.1
778.035,2026-04-30T16:18:34.140510,1.95,2.1
778.291,2026-04-30T16:18:34.396340,1.96,2.1
778.547,2026-04-30T16:18:34.652609,1.95,2.1
778.807,2026-04-30T16:18:34.912406,1.97,2.1
779.067,2026-04-30T16:18:35.172346,1.96,2.1
779.319,2026-04-30T16:18:35.424289,1.95,2.09
779.579,2026-04-30T16:18:35.684413,1.97,2.1
779.847,2026-04-30T16:18:35.952467,1.96,2.1
780.103,2026-04-30T16:18:36.208379,1.95,2.09
780.359,2026-04-30T16:18:36.464568,1.95,2.1
780.623,2026-04-30T16:18:36.728581,1.94,2.1
780.879,2026-04-30T16:18:36.984359,1.94,2.09
781.131,2026-04-30T16:18:37.236463,1.95,2.1
781.383,2026-04-30T16:18:37.488328,1.95,2.1
781.651,2026-04-30T16:18:37.756528,1.97,2.1
781.907,2026-04-30T16:18:38.012423,1.95,2.09
782.171,2026-04-30T16:18:38.276535,1.97,2.1
782.427,2026-04-30T16:18:38.532306,1.95,2.1
782.683,2026-04-30T16:18:38.788647,1.97,2.1
782.939,2026-04-30T16:18:39.044282,1.96,2.1
783.191,2026-04-30T16:18:39.296493,1.95,2.09
783.447,2026-04-30T16:18:39.552401,1.95,2.09
783.707,2026-04-30T16:18:39.812647,1.96,2.09
783.963,2026-04-30T16:18:40.068257,1.96,2.1
784.223,2026-04-30T16:18:40.328460,1.96,2.1
784.483,2026-04-30T16:18:40.588376,1.95,2.1
784.751,2026-04-30T16:18:40.856457,1.96,2.1
785.003,2026-04-30T16:18:41.108354,1.95,2.1
785.255,2026-04-30T16:18:41.360440,1.96,2.1
785.507,2026-04-30T16:18:41.612388,1.96,2.09
785.763,2026-04-30T16:18:41.868543,1.95,2.09
786.023,2026-04-30T16:18:42.128455,1.96,2.09
786.279,2026-04-30T16:18:42.384276,1.96,2.09
786.531,2026-04-30T16:18:42.636606,1.96,2.1
786.795,2026-04-30T16:18:42.900609,1.94,2.1
787.059,2026-04-30T16:18:43.164620,1.95,2.1
787.319,2026-04-30T16:18:43.424464,1.97,2.1
787.575,2026-04-30T16:18:43.680434,1.96,2.09
787.831,2026-04-30T16:18:43.936509,1.95,2.09
788.087,2026-04-30T16:18:44.192519,1.97,2.1
788.343,2026-04-30T16:18:44.448271,1.95,2.09
788.603,2026-04-30T16:18:44.708451,1.96,2.1
788.860,2026-04-30T16:18:44.965398,1.96,2.1
789.123,2026-04-30T16:18:45.228551,1.96,2.1
789.379,2026-04-30T16:18:45.484478,1.96,2.09
789.643,2026-04-30T16:18:45.748465,1.96,2.1
789.895,2026-04-30T16:18:46.000581,1.96,2.09
790.151,2026-04-30T16:18:46.256442,1.95,2.1
790.407,2026-04-30T16:18:46.512406,1.97,2.1
790.667,2026-04-30T16:18:46.772508,1.96,2.1
790.923,2026-04-30T16:18:47.028711,1.97,2.11
791.183,2026-04-30T16:18:47.288559,1.96,2.1
791.447,2026-04-30T16:18:47.552576,1.96,2.1
791.691,2026-04-30T16:18:47.796451,1.97,2.1
791.955,2026-04-30T16:18:48.060514,1.96,2.1
792.219,2026-04-30T16:18:48.324564,1.97,2.1
792.475,2026-04-30T16:18:48.580261,1.97,2.1
792.731,2026-04-30T16:18:48.836603,1.95,2.1
792.983,2026-04-30T16:18:49.088528,1.95,2.1
793.243,2026-04-30T16:18:49.348513,1.96,2.1
793.503,2026-04-30T16:18:49.608489,1.95,2.1
793.763,2026-04-30T16:18:49.868499,1.96,2.1
794.023,2026-04-30T16:18:50.128666,1.96,2.11
794.283,2026-04-30T16:18:50.388413,1.97,2.11
794.548,2026-04-30T16:18:50.652860,1.96,2.1
794.811,2026-04-30T16:18:50.916750,1.97,2.11
795.063,2026-04-30T16:18:51.168493,1.97,2.1
795.315,2026-04-30T16:18:51.420551,1.98,2.11
795.575,2026-04-30T16:18:51.680498,1.96,2.1
795.835,2026-04-30T16:18:51.940715,1.97,2.1
796.091,2026-04-30T16:18:52.196567,1.97,2.11
796.343,2026-04-30T16:18:52.448613,1.96,2.1
796.599,2026-04-30T16:18:52.704416,1.97,2.1
796.867,2026-04-30T16:18:52.972531,1.97,2.11
797.123,2026-04-30T16:18:53.228695,1.97,2.1
797.375,2026-04-30T16:18:53.480512,1.96,2.1
797.635,2026-04-30T16:18:53.740684,1.97,2.1
797.899,2026-04-30T16:18:54.004583,1.96,2.1
798.155,2026-04-30T16:18:54.260444,1.97,2.1
798.411,2026-04-30T16:18:54.516775,1.97,2.1
798.667,2026-04-30T16:18:54.772443,1.98,2.1
798.935,2026-04-30T16:18:55.040502,1.95,2.1
799.203,2026-04-30T16:18:55.308406,1.97,2.1
799.455,2026-04-30T16:18:55.560601,1.97,2.1
799.711,2026-04-30T16:18:55.816643,1.97,2.1
799.967,2026-04-30T16:18:56.072515,1.97,2.1
800.223,2026-04-30T16:18:56.328517,1.96,2.1
800.479,2026-04-30T16:18:56.584622,1.97,2.11
800.735,2026-04-30T16:18:56.840462,1.97,2.1
800.999,2026-04-30T16:18:57.104406,1.97,2.1
801.255,2026-04-30T16:18:57.360377,1.97,2.1
801.515,2026-04-30T16:18:57.620592,1.97,2.11
801.783,2026-04-30T16:18:57.888567,1.97,2.1
802.035,2026-04-30T16:18:58.140722,1.97,2.1
802.287,2026-04-30T16:18:58.392472,1.98,2.1
802.548,2026-04-30T16:18:58.653246,1.97,2.1
802.807,2026-04-30T16:18:58.912581,1.96,2.1
803.059,2026-04-30T16:18:59.164640,1.98,2.1
803.319,2026-04-30T16:18:59.424393,1.97,2.1
803.575,2026-04-30T16:18:59.680547,1.97,2.1
803.835,2026-04-30T16:18:59.940584,1.97,2.1
804.107,2026-04-30T16:19:00.212718,1.97,2.1
804.363,2026-04-30T16:19:00.468390,1.98,2.1
804.619,2026-04-30T16:19:00.724592,1.97,2.1
804.879,2026-04-30T16:19:00.984447,1.98,2.1
805.139,2026-04-30T16:19:01.244373,1.98,2.1
805.379,2026-04-30T16:19:01.484504,1.97,2.1
805.635,2026-04-30T16:19:01.740724,1.97,2.1
805.891,2026-04-30T16:19:01.996435,1.97,2.1
806.151,2026-04-30T16:19:02.256601,1.96,2.1
806.411,2026-04-30T16:19:02.516595,1.98,2.1
806.679,2026-04-30T16:19:02.784654,1.97,2.1
806.935,2026-04-30T16:19:03.040522,1.98,2.11
807.191,2026-04-30T16:19:03.296471,1.98,2.1
807.447,2026-04-30T16:19:03.552698,1.97,2.1
807.699,2026-04-30T16:19:03.804615,1.97,2.1
807.955,2026-04-30T16:19:04.060365,1.98,2.1
808.203,2026-04-30T16:19:04.308363,1.98,2.1
808.463,2026-04-30T16:19:04.568480,1.98,2.11
808.719,2026-04-30T16:19:04.824606,1.98,2.1
808.979,2026-04-30T16:19:05.084652,1.98,2.1
809.251,2026-04-30T16:19:05.356465,1.98,2.1
809.507,2026-04-30T16:19:05.612757,1.98,2.1
809.767,2026-04-30T16:19:05.872613,1.97,2.1
810.023,2026-04-30T16:19:06.128758,1.98,2.1
810.279,2026-04-30T16:19:06.384586,1.98,2.1
810.531,2026-04-30T16:19:06.636754,1.97,2.1
810.787,2026-04-30T16:19:06.892557,1.98,2.1
811.043,2026-04-30T16:19:07.148654,1.98,2.11
811.303,2026-04-30T16:19:07.408351,1.98,2.11
811.575,2026-04-30T16:19:07.680678,1.99,2.1
811.823,2026-04-30T16:19:07.928625,1.96,2.1
812.075,2026-04-30T16:19:08.180660,1.98,2.1
812.335,2026-04-30T16:19:08.440725,1.99,2.11
812.595,2026-04-30T16:19:08.700721,1.97,2.1
812.847,2026-04-30T16:19:08.952743,1.99,2.11
813.103,2026-04-30T16:19:09.208658,1.97,2.11
813.371,2026-04-30T16:19:09.476682,1.98,2.1
813.631,2026-04-30T16:19:09.736424,1.99,2.1
813.895,2026-04-30T16:19:10.000716,1.99,2.11
814.151,2026-04-30T16:19:10.256664,1.99,2.1
814.412,2026-04-30T16:19:10.516848,1.97,2.1
814.667,2026-04-30T16:19:10.772615,1.97,2.1
814.923,2026-04-30T16:19:11.028828,1.99,2.1
815.175,2026-04-30T16:19:11.280682,1.98,2.1
815.435,2026-04-30T16:19:11.540801,1.99,2.1
815.691,2026-04-30T16:19:11.796471,1.97,2.1
815.951,2026-04-30T16:19:12.056735,1.98,2.1
816.212,2026-04-30T16:19:12.316971,1.98,2.1
816.479,2026-04-30T16:19:12.584662,1.98,2.11
816.736,2026-04-30T16:19:12.840829,1.98,2.1
816.987,2026-04-30T16:19:13.092684,1.98,2.1
817.239,2026-04-30T16:19:13.344724,1.98,2.1
817.491,2026-04-30T16:19:13.596736,1.99,2.1
817.747,2026-04-30T16:19:13.852750,1.97,2.1
818.011,2026-04-30T16:19:14.116807,1.96,2.1
818.272,2026-04-30T16:19:14.376845,1.97,2.1
818.527,2026-04-30T16:19:14.632467,1.97,2.1
818.779,2026-04-30T16:19:14.884665,1.97,2.1
819.043,2026-04-30T16:19:15.148577,1.96,2.1
819.299,2026-04-30T16:19:15.404569,1.97,2.1
819.563,2026-04-30T16:19:15.668566,1.97,2.1
819.811,2026-04-30T16:19:15.916691,1.98,2.1
820.075,2026-04-30T16:19:16.180551,1.97,2.1
820.331,2026-04-30T16:19:16.436673,1.97,2.1
820.591,2026-04-30T16:19:16.696499,1.99,2.1
820.851,2026-04-30T16:19:16.956661,1.97,2.1
821.107,2026-04-30T16:19:17.212484,1.97,2.1
821.371,2026-04-30T16:19:17.476814,1.97,2.1
821.612,2026-04-30T16:19:17.716856,1.97,2.1
821.867,2026-04-30T16:19:17.972607,1.98,2.1
822.119,2026-04-30T16:19:18.224661,1.97,2.1
822.383,2026-04-30T16:19:18.488811,1.99,2.1
822.643,2026-04-30T16:19:18.748601,1.97,2.1
822.899,2026-04-30T16:19:19.004690,1.98,2.1
823.155,2026-04-30T16:19:19.260525,1.98,2.1
823.415,2026-04-30T16:19:19.520592,1.99,2.1
823.675,2026-04-30T16:19:19.780528,1.97,2.1
823.927,2026-04-30T16:19:20.032581,1.99,2.1
824.199,2026-04-30T16:19:20.304554,1.98,2.1
824.452,2026-04-30T16:19:20.556867,1.97,2.1
824.707,2026-04-30T16:19:20.812685,1.99,2.1
824.967,2026-04-30T16:19:21.072693,1.98,2.1
825.223,2026-04-30T16:19:21.328651,1.96,2.1
825.479,2026-04-30T16:19:21.584679,1.98,2.11
825.739,2026-04-30T16:19:21.844575,1.99,2.11
825.995,2026-04-30T16:19:22.100626,1.98,2.1
826.267,2026-04-30T16:19:22.372551,1.98,2.1
826.520,2026-04-30T16:19:22.624841,1.99,2.1
826.775,2026-04-30T16:19:22.880498,1.97,2.1
827.031,2026-04-30T16:19:23.136756,1.99,2.11
827.287,2026-04-30T16:19:23.392584,1.99,2.1
827.536,2026-04-30T16:19:23.641460,1.98,2.11
827.795,2026-04-30T16:19:23.900656,1.99,2.1
828.051,2026-04-30T16:19:24.156620,1.99,2.11
828.311,2026-04-30T16:19:24.416699,1.98,2.11
828.571,2026-04-30T16:19:24.676830,1.97,2.11
828.835,2026-04-30T16:19:24.940670,1.97,2.1
829.091,2026-04-30T16:19:25.196807,1.98,2.11
829.343,2026-04-30T16:19:25.448657,1.99,2.11
829.599,2026-04-30T16:19:25.704631,1.99,2.11
829.863,2026-04-30T16:19:25.968679,1.98,2.11
830.119,2026-04-30T16:19:26.224528,1.99,2.11
830.379,2026-04-30T16:19:26.484615,1.97,2.1
830.631,2026-04-30T16:19:26.736801,1.97,2.1
830.883,2026-04-30T16:19:26.988628,1.98,2.1
831.147,2026-04-30T16:19:27.252793,1.99,2.11
831.412,2026-04-30T16:19:27.516963,2.0,2.11
831.672,2026-04-30T16:19:27.776853,1.98,2.1
831.924,2026-04-30T16:19:28.028879,1.99,2.1
832.175,2026-04-30T16:19:28.280661,1.97,2.1
832.427,2026-04-30T16:19:28.532710,1.97,2.1
832.684,2026-04-30T16:19:28.788888,1.99,2.12
832.939,2026-04-30T16:19:29.044714,1.97,2.11
833.195,2026-04-30T16:19:29.300774,1.97,2.1
833.455,2026-04-30T16:19:29.560777,1.99,2.11
833.715,2026-04-30T16:19:29.820744,2.0,2.11
833.967,2026-04-30T16:19:30.072770,1.97,2.1
834.231,2026-04-30T16:19:30.336785,1.97,2.1
834.487,2026-04-30T16:19:30.592556,1.98,2.1
834.744,2026-04-30T16:19:30.848867,1.98,2.11
834.999,2026-04-30T16:19:31.104789,1.98,2.1
835.256,2026-04-30T16:19:31.360835,1.99,2.1
835.515,2026-04-30T16:19:31.620808,1.98,2.11
835.775,2026-04-30T16:19:31.880767,1.98,2.1
836.031,2026-04-30T16:19:32.136552,1.98,2.1
836.284,2026-04-30T16:19:32.388955,1.98,2.1
836.539,2026-04-30T16:19:32.644619,1.98,2.1
836.823,2026-04-30T16:19:32.928713,1.98,2.1
837.063,2026-04-30T16:19:33.168598,1.99,2.1
837.315,2026-04-30T16:19:33.420806,1.98,2.11
837.572,2026-04-30T16:19:33.676930,1.99,2.11
837.827,2026-04-30T16:19:33.932723,1.97,2.11
838.079,2026-04-30T16:19:34.184742,1.98,2.1
838.336,2026-04-30T16:19:34.440893,1.99,2.11
838.591,2026-04-30T16:19:34.696627,1.99,2.1
838.848,2026-04-30T16:19:34.952946,1.98,2.11
839.115,2026-04-30T16:19:35.220700,1.99,2.11
839.372,2026-04-30T16:19:35.476987,2.0,2.11
839.631,2026-04-30T16:19:35.736677,1.99,2.1
839.884,2026-04-30T16:19:35.988937,1.98,2.1
840.143,2026-04-30T16:19:36.248792,1.98,2.1
840.396,2026-04-30T16:19:36.500878,1.99,2.1
840.655,2026-04-30T16:19:36.760643,1.98,2.1
840.907,2026-04-30T16:19:37.012779,2.0,2.11
841.160,2026-04-30T16:19:37.265009,2.0,2.11
841.415,2026-04-30T16:19:37.520789,2.0,2.11
841.687,2026-04-30T16:19:37.792751,1.99,2.1
841.943,2026-04-30T16:19:38.048765,1.98,2.1
842.199,2026-04-30T16:19:38.304814,1.99,2.1
842.452,2026-04-30T16:19:38.556849,1.98,2.1
842.703,2026-04-30T16:19:38.808643,1.99,2.1
842.963,2026-04-30T16:19:39.068824,2.0,2.11
843.224,2026-04-30T16:19:39.328925,1.98,2.1
843.484,2026-04-30T16:19:39.588915,2.0,2.1
843.743,2026-04-30T16:19:39.848711,2.01,2.11
844.003,2026-04-30T16:19:40.108745,1.99,2.1
844.267,2026-04-30T16:19:40.372826,1.99,2.1
844.520,2026-04-30T16:19:40.625101,1.99,2.1
844.775,2026-04-30T16:19:40.880667,2.0,2.1
845.032,2026-04-30T16:19:41.136840,2.0,2.11
845.288,2026-04-30T16:19:41.392863,1.99,2.1
845.548,2026-04-30T16:19:41.652902,2.0,2.1
845.803,2026-04-30T16:19:41.908554,1.98,2.1
846.067,2026-04-30T16:19:42.172657,1.99,2.1
846.331,2026-04-30T16:19:42.436774,1.98,2.1
846.592,2026-04-30T16:19:42.696896,1.99,2.1
846.843,2026-04-30T16:19:42.948614,1.99,2.1
847.095,2026-04-30T16:19:43.200832,1.98,2.1
847.352,2026-04-30T16:19:43.456896,1.98,2.11
847.619,2026-04-30T16:19:43.724687,2.0,2.11
847.879,2026-04-30T16:19:43.984783,2.0,2.1
848.123,2026-04-30T16:19:44.228784,2.0,2.11
848.372,2026-04-30T16:19:44.476856,2.0,2.1
848.631,2026-04-30T16:19:44.736748,2.01,2.11
848.899,2026-04-30T16:19:45.004573,1.99,2.11
849.148,2026-04-30T16:19:45.252852,1.99,2.11
849.408,2026-04-30T16:19:45.512849,2.0,2.11
849.660,2026-04-30T16:19:45.764997,1.99,2.11
849.916,2026-04-30T16:19:46.020895,1.99,2.1
850.167,2026-04-30T16:19:46.272798,1.99,2.11
850.424,2026-04-30T16:19:46.529038,1.98,2.1
850.679,2026-04-30T16:19:46.784828,1.99,2.1
850.935,2026-04-30T16:19:47.040751,2.01,2.11
851.195,2026-04-30T16:19:47.300704,2.01,2.1
851.463,2026-04-30T16:19:47.568824,1.98,2.1
851.715,2026-04-30T16:19:47.820650,1.98,2.1
851.975,2026-04-30T16:19:48.080817,1.99,2.11
852.227,2026-04-30T16:19:48.332651,1.99,2.1
852.488,2026-04-30T16:19:48.592875,2.0,2.1
852.743,2026-04-30T16:19:48.848767,1.99,2.1
853.000,2026-04-30T16:19:49.104875,1.99,2.1
853.259,2026-04-30T16:19:49.364729,1.99,2.1
853.519,2026-04-30T16:19:49.624724,1.99,2.1
853.783,2026-04-30T16:19:49.888741,1.97,2.1
854.052,2026-04-30T16:19:50.156876,1.99,2.1
854.307,2026-04-30T16:19:50.412809,1.99,2.1
854.552,2026-04-30T16:19:50.657061,2.0,2.11
854.807,2026-04-30T16:19:50.912815,2.0,2.11
855.060,2026-04-30T16:19:51.165117,1.99,2.1
855.312,2026-04-30T16:19:51.416873,2.02,2.1
855.567,2026-04-30T16:19:51.672822,1.99,2.1
855.827,2026-04-30T16:19:51.932633,2.0,2.1
856.079,2026-04-30T16:19:52.184800,2.0,2.11
856.331,2026-04-30T16:19:52.436703,1.99,2.1
856.596,2026-04-30T16:19:52.700988,1.99,2.11
856.848,2026-04-30T16:19:52.952882,1.98,2.1
857.104,2026-04-30T16:19:53.208842,1.98,2.1
857.360,2026-04-30T16:19:53.464833,1.99,2.1
857.627,2026-04-30T16:19:53.732824,2.01,2.1
857.887,2026-04-30T16:19:53.992698,1.99,2.1
858.151,2026-04-30T16:19:54.256814,1.98,2.09
858.391,2026-04-30T16:19:54.496746,1.99,2.1
858.652,2026-04-30T16:19:54.756835,2.0,2.1
858.912,2026-04-30T16:19:55.016861,1.99,2.1
859.180,2026-04-30T16:19:55.284906,1.98,2.1
859.435,2026-04-30T16:19:55.540786,1.99,2.11
859.688,2026-04-30T16:19:55.792951,1.99,2.1
859.947,2026-04-30T16:19:56.052822,1.99,2.1
860.204,2026-04-30T16:19:56.308953,2.0,2.11
860.460,2026-04-30T16:19:56.564947,2.0,2.1
860.724,2026-04-30T16:19:56.829110,2.0,2.1
860.971,2026-04-30T16:19:57.076791,2.01,2.11
861.232,2026-04-30T16:19:57.336860,1.99,2.1
861.487,2026-04-30T16:19:57.592655,1.99,2.1
861.740,2026-04-30T16:19:57.844908,1.99,2.1
862.003,2026-04-30T16:19:58.108721,2.0,2.1
862.264,2026-04-30T16:19:58.368967,1.98,2.1
862.524,2026-04-30T16:19:58.629001,1.99,2.1
862.780,2026-04-30T16:19:58.884911,1.99,2.1
863.036,2026-04-30T16:19:59.141119,1.99,2.1
863.292,2026-04-30T16:19:59.396947,2.0,2.11
863.551,2026-04-30T16:19:59.656767,2.0,2.11
863.808,2026-04-30T16:19:59.912911,1.98,2.1
864.088,2026-04-30T16:20:00.192944,1.99,2.1
864.344,2026-04-30T16:20:00.448891,1.98,2.1
864.596,2026-04-30T16:20:00.700992,2.0,2.1
864.848,2026-04-30T16:20:00.952984,1.99,2.1
865.104,2026-04-30T16:20:01.208856,2.01,2.11
865.360,2026-04-30T16:20:01.465105,2.01,2.11
865.627,2026-04-30T16:20:01.732674,2.0,2.1
865.880,2026-04-30T16:20:01.984858,1.99,2.1
866.140,2026-04-30T16:20:02.244855,1.99,2.11
866.404,2026-04-30T16:20:02.508962,1.99,2.1
866.660,2026-04-30T16:20:02.765035,2.0,2.1
866.912,2026-04-30T16:20:03.017079,2.01,2.11
867.164,2026-04-30T16:20:03.268847,2.0,2.1
867.416,2026-04-30T16:20:03.520962,2.0,2.11
867.671,2026-04-30T16:20:03.776758,1.99,2.1
867.936,2026-04-30T16:20:04.041116,2.0,2.1
868.191,2026-04-30T16:20:04.296736,1.99,2.1
868.452,2026-04-30T16:20:04.556948,1.99,2.1
868.708,2026-04-30T16:20:04.813020,1.99,2.1
868.976,2026-04-30T16:20:05.080956,2.0,2.1
869.236,2026-04-30T16:20:05.341053,1.99,2.1
869.496,2026-04-30T16:20:05.601059,2.01,2.1
869.736,2026-04-30T16:20:05.840865,2.0,2.11
869.992,2026-04-30T16:20:06.097022,1.98,2.09
870.248,2026-04-30T16:20:06.353075,1.99,2.1
870.504,2026-04-30T16:20:06.608971,1.99,2.1
870.760,2026-04-30T16:20:06.865099,1.98,2.1
871.020,2026-04-30T16:20:07.124938,1.99,2.1
871.275,2026-04-30T16:20:07.380793,1.98,2.1
871.540,2026-04-30T16:20:07.644957,1.99,2.1
871.792,2026-04-30T16:20:07.897122,1.99,2.1
872.051,2026-04-30T16:20:08.156769,1.99,2.1
872.308,2026-04-30T16:20:08.413095,2.01,2.1
872.568,2026-04-30T16:20:08.672970,1.99,2.1
872.824,2026-04-30T16:20:08.929506,1.98,2.1
873.083,2026-04-30T16:20:09.188823,1.99,2.1
873.344,2026-04-30T16:20:09.448983,2.0,2.1
873.603,2026-04-30T16:20:09.708832,2.0,2.1
873.879,2026-04-30T16:20:09.984833,2.0,2.1
874.136,2026-04-30T16:20:10.240831,1.98,2.1
874.388,2026-04-30T16:20:10.492964,1.99,2.1
874.651,2026-04-30T16:20:10.756801,2.02,2.1
874.900,2026-04-30T16:20:11.004948,1.99,2.1
875.156,2026-04-30T16:20:11.260862,1.99,2.1
875.412,2026-04-30T16:20:11.517150,1.99,2.1
875.672,2026-04-30T16:20:11.776935,1.99,2.11
875.928,2026-04-30T16:20:12.032839,2.02,2.1
876.196,2026-04-30T16:20:12.300863,2.01,2.1
876.460,2026-04-30T16:20:12.565147,1.99,2.1
876.700,2026-04-30T16:20:12.804856,1.98,2.1
876.956,2026-04-30T16:20:13.060992,1.98,2.1
877.215,2026-04-30T16:20:13.320802,2.01,2.1
877.472,2026-04-30T16:20:13.577209,1.99,2.1
877.724,2026-04-30T16:20:13.828927,2.0,2.1
877.984,2026-04-30T16:20:14.089017,1.99,2.1
878.239,2026-04-30T16:20:14.344704,1.99,2.1
878.496,2026-04-30T16:20:14.601021,2.01,2.1
878.763,2026-04-30T16:20:14.868787,2.0,2.1
879.016,2026-04-30T16:20:15.121026,1.99,2.1
879.267,2026-04-30T16:20:15.372788,2.0,2.1
879.521,2026-04-30T16:20:15.626276,1.98,2.1
879.784,2026-04-30T16:20:15.888936,2.0,2.1
880.040,2026-04-30T16:20:16.145000,2.01,2.1
880.291,2026-04-30T16:20:16.396768,2.0,2.1
880.548,2026-04-30T16:20:16.653141,1.99,2.1
880.803,2026-04-30T16:20:16.908687,2.01,2.1
881.060,2026-04-30T16:20:17.165179,2.0,2.1
881.324,2026-04-30T16:20:17.428873,1.99,2.1
881.588,2026-04-30T16:20:17.693103,2.0,2.1
881.840,2026-04-30T16:20:17.944849,1.99,2.1
882.096,2026-04-30T16:20:18.201087,1.99,2.1
882.355,2026-04-30T16:20:18.460802,2.0,2.1
882.612,2026-04-30T16:20:18.717268,2.0,2.1
882.867,2026-04-30T16:20:18.972810,2.01,2.1
883.132,2026-04-30T16:20:19.236976,2.0,2.1
883.384,2026-04-30T16:20:19.488860,2.0,2.1
883.640,2026-04-30T16:20:19.744999,2.01,2.1
883.916,2026-04-30T16:20:20.020852,1.99,2.1
884.156,2026-04-30T16:20:20.261047,2.0,2.1
884.408,2026-04-30T16:20:20.512909,1.99,2.1
884.664,2026-04-30T16:20:20.769049,2.01,2.1
884.920,2026-04-30T16:20:21.024911,2.0,2.1
885.172,2026-04-30T16:20:21.277148,2.0,2.1
885.424,2026-04-30T16:20:21.528967,2.0,2.1
885.684,2026-04-30T16:20:21.789045,2.0,2.1
885.939,2026-04-30T16:20:22.044820,2.01,2.1
886.196,2026-04-30T16:20:22.301104,2.0,2.1
886.455,2026-04-30T16:20:22.560805,2.0,2.1
886.712,2026-04-30T16:20:22.817271,1.98,2.1
886.972,2026-04-30T16:20:23.076863,2.0,2.11
887.228,2026-04-30T16:20:23.332921,2.0,2.1
887.476,2026-04-30T16:20:23.580847,1.99,2.1
887.732,2026-04-30T16:20:23.837066,2.0,2.11
887.988,2026-04-30T16:20:24.092930,2.0,2.1
888.244,2026-04-30T16:20:24.349022,2.01,2.1
888.500,2026-04-30T16:20:24.604858,2.01,2.1
888.756,2026-04-30T16:20:24.860949,1.99,2.1
889.012,2026-04-30T16:20:25.117111,2.0,2.11
889.280,2026-04-30T16:20:25.385084,2.01,2.11
889.536,2026-04-30T16:20:25.641199,2.01,2.1
889.792,2026-04-30T16:20:25.897132,2.0,2.1
890.048,2026-04-30T16:20:26.153043,2.0,2.1
890.288,2026-04-30T16:20:26.393086,2.0,2.1
890.544,2026-04-30T16:20:26.648971,2.0,2.1
890.800,2026-04-30T16:20:26.904942,1.99,2.1
891.060,2026-04-30T16:20:27.165011,2.01,2.1
891.320,2026-04-30T16:20:27.424893,2.02,2.1
891.579,2026-04-30T16:20:27.684800,2.0,2.1
891.844,2026-04-30T16:20:27.949111,1.99,2.1
892.096,2026-04-30T16:20:28.201152,2.01,2.1
892.352,2026-04-30T16:20:28.457106,2.0,2.1
892.604,2026-04-30T16:20:28.709000,2.0,2.1
892.860,2026-04-30T16:20:28.965813,2.0,2.1
893.120,2026-04-30T16:20:29.225066,2.0,2.1
893.388,2026-04-30T16:20:29.493068,2.0,2.1
893.636,2026-04-30T16:20:29.741191,1.99,2.1
893.896,2026-04-30T16:20:30.001115,2.01,2.1
894.176,2026-04-30T16:20:30.280898,2.01,2.1
894.408,2026-04-30T16:20:30.513142,2.02,2.1
894.668,2026-04-30T16:20:30.773148,2.01,2.1
894.920,2026-04-30T16:20:31.024932,2.02,2.1
895.180,2026-04-30T16:20:31.285072,1.99,2.1
895.436,2026-04-30T16:20:31.541232,2.01,2.1
895.696,2026-04-30T16:20:31.801270,2.02,2.1
895.952,2026-04-30T16:20:32.057064,2.0,2.1
896.204,2026-04-30T16:20:32.309129,2.01,2.1
896.484,2026-04-30T16:20:32.589326,2.02,2.1
896.724,2026-04-30T16:20:32.829298,2.01,2.1
897.000,2026-04-30T16:20:33.104980,2.02,2.1
897.264,2026-04-30T16:20:33.368989,2.01,2.1
897.492,2026-04-30T16:20:33.597124,2.03,2.1
897.744,2026-04-30T16:20:33.849059,2.02,2.1
898.004,2026-04-30T16:20:34.109058,2.01,2.09
898.260,2026-04-30T16:20:34.365189,2.01,2.1
898.512,2026-04-30T16:20:34.617343,2.0,2.1
898.776,2026-04-30T16:20:34.881014,2.03,2.1
899.036,2026-04-30T16:20:35.140995,2.01,2.1
899.300,2026-04-30T16:20:35.405096,2.0,2.1
899.564,2026-04-30T16:20:35.669077,2.02,2.1
899.816,2026-04-30T16:20:35.921046,2.01,2.11
900.072,2026-04-30T16:20:36.177300,2.01,2.1
900.332,2026-04-30T16:20:36.437061,1.99,2.1
900.580,2026-04-30T16:20:36.685135,2.0,2.1
900.848,2026-04-30T16:20:36.953262,2.02,2.1
901.100,2026-04-30T16:20:37.204981,2.0,2.1
901.356,2026-04-30T16:20:37.461120,2.01,2.1
901.652,2026-04-30T16:20:37.757243,2.01,2.1
901.884,2026-04-30T16:20:37.989296,2.01,2.1
902.172,2026-04-30T16:20:38.277130,2.02,2.1
902.396,2026-04-30T16:20:38.501189,2.02,2.1
902.652,2026-04-30T16:20:38.757072,2.0,2.1
902.908,2026-04-30T16:20:39.013290,2.01,2.1
903.164,2026-04-30T16:20:39.269056,2.02,2.11
903.424,2026-04-30T16:20:39.529158,2.0,2.1
903.676,2026-04-30T16:20:39.781025,2.0,2.1
903.956,2026-04-30T16:20:40.061175,2.0,2.1
904.212,2026-04-30T16:20:40.317241,2.0,2.1
904.468,2026-04-30T16:20:40.573066,2.01,2.1
904.744,2026-04-30T16:20:40.848977,2.02,2.11
904.976,2026-04-30T16:20:41.081214,2.01,2.11
905.224,2026-04-30T16:20:41.329202,2.0,2.1
905.480,2026-04-30T16:20:41.585178,2.02,2.1
905.744,2026-04-30T16:20:41.848973,2.01,2.1
905.996,2026-04-30T16:20:42.101216,2.01,2.1
906.244,2026-04-30T16:20:42.349111,2.01,2.1
906.536,2026-04-30T16:20:42.641718,2.0,2.1
906.780,2026-04-30T16:20:42.884957,2.01,2.1
907.020,2026-04-30T16:20:43.125243,2.0,2.1
907.304,2026-04-30T16:20:43.408942,2.01,2.1
907.532,2026-04-30T16:20:43.637438,2.01,2.1
907.784,2026-04-30T16:20:43.889110,2.01,2.11
908.040,2026-04-30T16:20:44.145118,2.01,2.1
908.292,2026-04-30T16:20:44.397121,2.0,2.1
908.564,2026-04-30T16:20:44.669146,2.01,2.1
908.808,2026-04-30T16:20:44.913155,2.02,2.1
909.072,2026-04-30T16:20:45.177338,2.0,2.11
909.356,2026-04-30T16:20:45.461074,2.0,2.1
909.604,2026-04-30T16:20:45.709123,2.02,2.1
909.860,2026-04-30T16:20:45.965817,2.02,2.1
910.100,2026-04-30T16:20:46.205013,2.0,2.1
910.364,2026-04-30T16:20:46.469040,2.01,2.1
910.624,2026-04-30T16:20:46.729300,2.01,2.1
910.876,2026-04-30T16:20:46.981048,2.01,2.1
911.136,2026-04-30T16:20:47.241261,2.0,2.1
911.392,2026-04-30T16:20:47.497077,2.0,2.1
911.672,2026-04-30T16:20:47.777229,2.0,2.1
911.928,2026-04-30T16:20:48.032963,2.0,2.11
912.192,2026-04-30T16:20:48.297221,2.01,2.1
912.424,2026-04-30T16:20:48.529153,2.01,2.11
912.684,2026-04-30T16:20:48.789168,2.01,2.1
912.932,2026-04-30T16:20:49.037023,2.0,2.1
913.200,2026-04-30T16:20:49.305146,2.01,2.1
913.456,2026-04-30T16:20:49.561018,2.01,2.11
913.708,2026-04-30T16:20:49.813219,2.0,2.11
913.976,2026-04-30T16:20:50.081066,2.01,2.11
914.256,2026-04-30T16:20:50.361246,2.01,2.1
914.496,2026-04-30T16:20:50.601113,2.0,2.11
914.764,2026-04-30T16:20:50.868963,2.02,2.11
914.984,2026-04-30T16:20:51.089203,2.01,2.11
915.244,2026-04-30T16:20:51.349197,1.99,2.1
915.504,2026-04-30T16:20:51.608966,2.02,2.11
915.760,2026-04-30T16:20:51.865164,2.0,2.1
916.020,2026-04-30T16:20:52.125017,2.01,2.11
916.280,2026-04-30T16:20:52.385117,2.01,2.11
916.552,2026-04-30T16:20:52.657321,2.0,2.11
916.788,2026-04-30T16:20:52.893098,2.02,2.11
917.076,2026-04-30T16:20:53.181107,2.02,2.12
917.308,2026-04-30T16:20:53.413380,2.02,2.11
917.560,2026-04-30T16:20:53.665213,2.02,2.1
917.816,2026-04-30T16:20:53.920976,2.02,2.11
918.076,2026-04-30T16:20:54.181085,2.01,2.11
918.328,2026-04-30T16:20:54.433187,2.0,2.11
918.584,2026-04-30T16:20:54.689133,2.01,2.1
918.844,2026-04-30T16:20:54.949246,2.01,2.1
919.104,2026-04-30T16:20:55.209038,2.01,2.11
919.368,2026-04-30T16:20:55.473234,2.0,2.1
919.640,2026-04-30T16:20:55.745255,2.01,2.1
919.900,2026-04-30T16:20:56.004986,2.01,2.1
920.116,2026-04-30T16:20:56.221020,2.01,2.1
920.380,2026-04-30T16:20:56.485185,2.01,2.1
920.628,2026-04-30T16:20:56.733005,2.02,2.11
920.892,2026-04-30T16:20:56.997296,2.0,2.1
921.140,2026-04-30T16:20:57.245032,2.01,2.1
921.400,2026-04-30T16:20:57.505240,2.03,2.1
921.656,2026-04-30T16:20:57.761070,2.01,2.1
921.944,2026-04-30T16:20:58.049127,2.02,2.1
922.188,2026-04-30T16:20:58.293035,2.01,2.1
922.440,2026-04-30T16:20:58.545178,2.01,2.1
922.688,2026-04-30T16:20:58.793199,2.03,2.11
922.948,2026-04-30T16:20:59.053388,2.02,2.1
923.200,2026-04-30T16:20:59.305239,2.0,2.1
923.464,2026-04-30T16:20:59.569258,2.01,2.1
923.716,2026-04-30T16:20:59.821242,2.0,2.1
923.976,2026-04-30T16:21:00.081246,2.02,2.1
924.260,2026-04-30T16:21:00.365269,2.02,2.1
924.488,2026-04-30T16:21:00.593269,2.02,2.1
924.748,2026-04-30T16:21:00.853338,2.01,2.11
925.020,2026-04-30T16:21:01.125258,2.02,2.1
925.256,2026-04-30T16:21:01.361026,2.01,2.1
925.508,2026-04-30T16:21:01.613368,2.01,2.11
925.764,2026-04-30T16:21:01.869133,2.01,2.1
926.028,2026-04-30T16:21:02.133242,2.01,2.1
926.284,2026-04-30T16:21:02.389222,2.02,2.1
926.548,2026-04-30T16:21:02.653373,2.01,2.1
926.828,2026-04-30T16:21:02.933229,2.03,2.1
927.064,2026-04-30T16:21:03.169212,2.02,2.1
927.340,2026-04-30T16:21:03.445159,2.01,2.1
927.592,2026-04-30T16:21:03.697225,2.01,2.1
927.828,2026-04-30T16:21:03.933254,2.04,2.11
928.088,2026-04-30T16:21:04.193293,2.02,2.1
928.344,2026-04-30T16:21:04.449174,2.02,2.1
928.604,2026-04-30T16:21:04.709291,2.02,2.1
928.864,2026-04-30T16:21:04.969087,2.02,2.1
929.120,2026-04-30T16:21:05.225130,2.01,2.1
929.412,2026-04-30T16:21:05.517514,2.03,2.1
929.664,2026-04-30T16:21:05.769239,2.01,2.1
929.912,2026-04-30T16:21:06.017477,2.01,2.1
930.148,2026-04-30T16:21:06.253426,2.01,2.1
930.404,2026-04-30T16:21:06.509107,2.03,2.1
930.668,2026-04-30T16:21:06.773252,2.02,2.1
930.924,2026-04-30T16:21:07.029360,2.02,2.1
931.184,2026-04-30T16:21:07.289386,2.0,2.09
931.440,2026-04-30T16:21:07.545161,2.02,2.1
931.720,2026-04-30T16:21:07.825266,2.02,2.1
931.972,2026-04-30T16:21:08.077425,2.01,2.1
932.232,2026-04-30T16:21:08.337291,2.02,2.1
932.500,2026-04-30T16:21:08.605176,2.01,2.1
932.732,2026-04-30T16:21:08.837294,2.02,2.1
932.992,2026-04-30T16:21:09.097292,2.01,2.1
933.248,2026-04-30T16:21:09.353421,2.0,2.1
933.500,2026-04-30T16:21:09.605265,2.02,2.1
933.764,2026-04-30T16:21:09.869228,2.02,2.1
934.016,2026-04-30T16:21:10.121250,2.01,2.1
934.300,2026-04-30T16:21:10.405265,2.0,2.1
934.548,2026-04-30T16:21:10.653610,2.02,2.1
934.792,2026-04-30T16:21:10.897258,2.02,2.1
935.080,2026-04-30T16:21:11.185325,2.01,2.1
935.300,2026-04-30T16:21:11.405266,2.01,2.1
935.560,2026-04-30T16:21:11.665384,2.01,2.1
935.816,2026-04-30T16:21:11.921187,2.03,2.1
936.072,2026-04-30T16:21:12.177365,2.01,2.1
936.332,2026-04-30T16:21:12.437156,2.02,2.1
936.588,2026-04-30T16:21:12.693017,2.02,2.1
936.844,2026-04-30T16:21:12.949084,2.0,2.1
937.100,2026-04-30T16:21:13.205304,2.0,2.1
937.352,2026-04-30T16:21:13.457264,2.0,2.1
937.604,2026-04-30T16:21:13.709253,2.02,2.11
937.864,2026-04-30T16:21:13.969115,2.02,2.1
938.116,2026-04-30T16:21:14.221280,2.02,2.11
938.372,2026-04-30T16:21:14.477362,2.02,2.1
938.628,2026-04-30T16:21:14.733266,2.02,2.1
938.884,2026-04-30T16:21:14.989192,2.01,2.1
939.148,2026-04-30T16:21:15.253364,2.01,2.11
939.404,2026-04-30T16:21:15.509174,1.99,2.1
939.684,2026-04-30T16:21:15.789252,1.99,2.1
939.920,2026-04-30T16:21:16.025224,2.0,2.1
940.172,2026-04-30T16:21:16.277539,2.03,2.1
940.424,2026-04-30T16:21:16.529439,2.01,2.1
940.684,2026-04-30T16:21:16.789461,2.02,2.1
940.944,2026-04-30T16:21:17.049093,2.01,2.11
941.204,2026-04-30T16:21:17.309192,2.01,2.1
941.456,2026-04-30T16:21:17.561123,2.0,2.1
941.716,2026-04-30T16:21:17.821085,2.0,2.1
941.972,2026-04-30T16:21:18.077236,2.01,2.1
942.256,2026-04-30T16:21:18.361393,2.01,2.1
942.496,2026-04-30T16:21:18.601293,2.01,2.1
942.752,2026-04-30T16:21:18.857320,2.01,2.1
943.004,2026-04-30T16:21:19.109101,1.99,2.1
943.260,2026-04-30T16:21:19.365519,2.0,2.1
943.516,2026-04-30T16:21:19.621521,2.01,2.1
943.764,2026-04-30T16:21:19.869285,2.02,2.1
944.020,2026-04-30T16:21:20.125157,1.99,2.1
944.276,2026-04-30T16:21:20.381312,1.99,2.1
944.532,2026-04-30T16:21:20.637110,2.0,2.1
944.804,2026-04-30T16:21:20.909334,2.0,2.1
945.060,2026-04-30T16:21:21.165297,2.01,2.1
945.316,2026-04-30T16:21:21.421315,2.01,2.1
945.572,2026-04-30T16:21:21.677373,2.0,2.1
945.832,2026-04-30T16:21:21.937445,2.0,2.1
946.088,2026-04-30T16:21:22.193234,2.0,2.11
946.340,2026-04-30T16:21:22.445381,2.01,2.1
946.596,2026-04-30T16:21:22.701320,2.0,2.1
946.856,2026-04-30T16:21:22.961383,2.0,2.11
947.116,2026-04-30T16:21:23.221059,2.0,2.1
947.372,2026-04-30T16:21:23.477556,2.0,2.1
947.636,2026-04-30T16:21:23.741339,2.0,2.1
947.892,2026-04-30T16:21:23.997332,2.01,2.1
948.148,2026-04-30T16:21:24.253293,2.0,2.1
948.400,2026-04-30T16:21:24.505394,1.99,2.1
948.656,2026-04-30T16:21:24.761152,2.0,2.11
948.916,2026-04-30T16:21:25.021344,2.0,2.1
949.172,2026-04-30T16:21:25.277229,1.99,2.1
949.432,2026-04-30T16:21:25.537193,2.01,2.1
949.700,2026-04-30T16:21:25.805252,2.0,2.1
949.956,2026-04-30T16:21:26.061389,2.0,2.1
950.204,2026-04-30T16:21:26.309148,2.0,2.1
950.464,2026-04-30T16:21:26.569189,1.99,2.1
950.712,2026-04-30T16:21:26.817457,1.99,2.1
950.964,2026-04-30T16:21:27.069398,1.99,2.1
951.220,2026-04-30T16:21:27.325148,2.0,2.1
951.476,2026-04-30T16:21:27.581338,1.99,2.1
951.728,2026-04-30T16:21:27.833150,2.01,2.1
951.988,2026-04-30T16:21:28.093328,1.99,2.1
952.248,2026-04-30T16:21:28.353240,2.0,2.1
952.512,2026-04-30T16:21:28.617565,2.0,2.1
952.772,2026-04-30T16:21:28.877312,2.0,2.1
953.024,2026-04-30T16:21:29.129375,2.01,2.1
953.284,2026-04-30T16:21:29.389234,2.0,2.1
953.541,2026-04-30T16:21:29.645930,2.0,2.1
953.796,2026-04-30T16:21:29.901445,2.0,2.1
954.048,2026-04-30T16:21:30.153468,2.01,2.1
954.292,2026-04-30T16:21:30.397140,1.99,2.1
954.580,2026-04-30T16:21:30.685338,2.0,2.1
954.812,2026-04-30T16:21:30.917439,2.02,2.1
955.080,2026-04-30T16:21:31.185431,2.0,2.1
955.344,2026-04-30T16:21:31.449147,2.02,2.1
955.584,2026-04-30T16:21:31.689550,1.99,2.09
955.840,2026-04-30T16:21:31.945378,1.98,2.09
956.096,2026-04-30T16:21:32.201556,2.0,2.09
956.352,2026-04-30T16:21:32.457433,1.99,2.1
956.616,2026-04-30T16:21:32.721344,1.99,2.1
956.876,2026-04-30T16:21:32.981431,2.01,2.1
957.132,2026-04-30T16:21:33.237383,2.01,2.11
957.396,2026-04-30T16:21:33.501306,2.01,2.1
957.652,2026-04-30T16:21:33.757314,2.0,2.1
957.908,2026-04-30T16:21:34.013590,2.0,2.1
958.164,2026-04-30T16:21:34.269365,2.01,2.1
958.420,2026-04-30T16:21:34.525444,1.99,2.1
958.676,2026-04-30T16:21:34.781341,2.0,2.1
958.928,2026-04-30T16:21:35.033267,2.0,2.1
959.184,2026-04-30T16:21:35.289566,2.0,2.1
959.440,2026-04-30T16:21:35.545386,2.0,2.1
959.700,2026-04-30T16:21:35.805263,1.99,2.09
959.972,2026-04-30T16:21:36.077591,1.99,2.1
960.228,2026-04-30T16:21:36.333375,2.0,2.1
960.484,2026-04-30T16:21:36.589577,2.01,2.1
960.736,2026-04-30T16:21:36.841544,2.01,2.1
960.988,2026-04-30T16:21:37.093488,2.0,2.1
961.244,2026-04-30T16:21:37.349365,2.0,2.1
961.500,2026-04-30T16:21:37.605449,2.0,2.1
961.760,2026-04-30T16:21:37.865444,2.0,2.1
962.016,2026-04-30T16:21:38.121385,1.98,2.1
962.272,2026-04-30T16:21:38.377498,2.01,2.1
962.537,2026-04-30T16:21:38.642192,1.99,2.1
962.792,2026-04-30T16:21:38.897440,2.01,2.1
963.052,2026-04-30T16:21:39.157319,2.0,2.1
963.304,2026-04-30T16:21:39.409410,1.99,2.1
963.560,2026-04-30T16:21:39.665541,2.01,2.1
963.808,2026-04-30T16:21:39.913506,1.99,2.09
964.068,2026-04-30T16:21:40.173485,1.99,2.1
964.332,2026-04-30T16:21:40.437437,2.0,2.1
964.588,2026-04-30T16:21:40.693351,1.99,2.09
964.844,2026-04-30T16:21:40.949335,2.0,2.1
965.112,2026-04-30T16:21:41.217618,1.98,2.1
965.368,2026-04-30T16:21:41.473485,2.0,2.1
965.628,2026-04-30T16:21:41.733358,1.99,2.1
965.888,2026-04-30T16:21:41.993289,1.99,2.1
966.140,2026-04-30T16:21:42.245513,1.99,2.1
966.392,2026-04-30T16:21:42.497413,2.01,2.11
966.652,2026-04-30T16:21:42.757475,1.99,2.1
966.904,2026-04-30T16:21:43.009429,1.99,2.1
967.152,2026-04-30T16:21:43.257445,2.0,2.1
967.408,2026-04-30T16:21:43.513583,2.02,2.1
967.676,2026-04-30T16:21:43.781540,1.98,2.1
967.928,2026-04-30T16:21:44.033187,2.0,2.11
968.184,2026-04-30T16:21:44.289467,2.01,2.1
968.436,2026-04-30T16:21:44.541528,2.01,2.1
968.692,2026-04-30T16:21:44.797359,1.99,2.1
968.952,2026-04-30T16:21:45.057470,1.99,2.1
969.208,2026-04-30T16:21:45.313661,1.98,2.1
969.472,2026-04-30T16:21:45.577478,1.99,2.1
969.728,2026-04-30T16:21:45.833491,1.99,2.1
969.996,2026-04-30T16:21:46.101612,1.99,2.1
970.252,2026-04-30T16:21:46.357479,1.98,2.1
970.508,2026-04-30T16:21:46.613533,2.01,2.11
970.768,2026-04-30T16:21:46.873505,1.99,2.1
971.024,2026-04-30T16:21:47.129512,1.99,2.1
971.280,2026-04-30T16:21:47.385493,1.99,2.1
971.533,2026-04-30T16:21:47.638083,2.0,2.1
971.784,2026-04-30T16:21:47.889520,2.0,2.1
972.040,2026-04-30T16:21:48.145424,2.0,2.1
972.300,2026-04-30T16:21:48.405360,2.01,2.11
972.572,2026-04-30T16:21:48.677454,2.0,2.1
972.828,2026-04-30T16:21:48.933464,2.0,2.11
973.084,2026-04-30T16:21:49.189444,2.0,2.1
973.340,2026-04-30T16:21:49.445444,2.0,2.11
973.600,2026-04-30T16:21:49.705327,2.01,2.1
973.852,2026-04-30T16:21:49.957540,2.01,2.11
974.108,2026-04-30T16:21:50.213400,2.0,2.1
974.364,2026-04-30T16:21:50.469180,1.99,2.1
974.628,2026-04-30T16:21:50.733241,1.99,2.1
974.884,2026-04-30T16:21:50.989610,2.01,2.1
975.148,2026-04-30T16:21:51.253465,2.02,2.1
975.404,2026-04-30T16:21:51.509456,2.0,2.1
975.660,2026-04-30T16:21:51.765551,2.01,2.11
975.916,2026-04-30T16:21:52.021556,1.99,2.1
976.176,2026-04-30T16:21:52.281293,2.0,2.1
976.428,2026-04-30T16:21:52.533329,2.02,2.1
976.684,2026-04-30T16:21:52.789434,1.99,2.1
976.948,2026-04-30T16:21:53.053598,2.0,2.1
977.208,2026-04-30T16:21:53.313428,2.0,2.1
977.476,2026-04-30T16:21:53.581510,2.01,2.1
977.732,2026-04-30T16:21:53.837360,2.01,2.1
977.988,2026-04-30T16:21:54.093540,2.01,2.1
978.240,2026-04-30T16:21:54.345391,2.01,2.1
978.492,2026-04-30T16:21:54.597380,2.01,2.1
978.744,2026-04-30T16:21:54.849344,2.0,2.1
979.004,2026-04-30T16:21:55.109506,2.0,2.1
979.272,2026-04-30T16:21:55.377546,2.0,2.11
979.528,2026-04-30T16:21:55.633220,2.01,2.11
979.788,2026-04-30T16:21:55.893363,2.0,2.1
980.060,2026-04-30T16:21:56.165647,1.99,2.1
980.300,2026-04-30T16:21:56.405399,2.01,2.1
980.552,2026-04-30T16:21:56.657627,1.99,2.1
980.812,2026-04-30T16:21:56.917637,2.0,2.1
981.072,2026-04-30T16:21:57.177659,2.01,2.11
981.328,2026-04-30T16:21:57.433316,1.99,2.1
981.584,2026-04-30T16:21:57.689746,1.99,2.1
981.844,2026-04-30T16:21:57.949359,2.0,2.1
982.108,2026-04-30T16:21:58.213732,2.0,2.1
982.372,2026-04-30T16:21:58.477516,1.99,2.1
982.632,2026-04-30T16:21:58.737447,2.0,2.1
982.884,2026-04-30T16:21:58.989638,2.01,2.1
983.136,2026-04-30T16:21:59.241734,1.99,2.1
983.392,2026-04-30T16:21:59.497420,1.99,2.1
983.652,2026-04-30T16:21:59.757635,2.0,2.1
983.908,2026-04-30T16:22:00.013580,2.0,2.1
984.172,2026-04-30T16:22:00.277669,2.0,2.1
984.428,2026-04-30T16:22:00.533429,2.01,2.1
984.712,2026-04-30T16:22:00.817693,2.0,2.1
984.956,2026-04-30T16:22:01.061543,2.01,2.1
985.212,2026-04-30T16:22:01.317719,1.99,2.1
985.464,2026-04-30T16:22:01.569497,1.99,2.1
985.720,2026-04-30T16:22:01.825604,2.0,2.1
985.980,2026-04-30T16:22:02.085712,1.99,2.1
986.236,2026-04-30T16:22:02.341625,2.0,2.1
986.496,2026-04-30T16:22:02.601679,1.98,2.1
986.756,2026-04-30T16:22:02.861237,2.0,2.1
987.012,2026-04-30T16:22:03.117729,2.0,2.1
987.280,2026-04-30T16:22:03.385477,2.0,2.1
987.537,2026-04-30T16:22:03.642533,2.01,2.1
987.792,2026-04-30T16:22:03.897553,1.99,2.1
988.044,2026-04-30T16:22:04.149608,1.99,2.1
988.300,2026-04-30T16:22:04.405470,1.99,2.1
988.560,2026-04-30T16:22:04.665632,2.0,2.1
988.812,2026-04-30T16:22:04.917496,1.98,2.09
989.068,2026-04-30T16:22:05.173530,2.0,2.1
989.328,2026-04-30T16:22:05.433604,1.97,2.1
989.596,2026-04-30T16:22:05.701690,2.0,2.11
989.848,2026-04-30T16:22:05.953724,1.99,2.1
990.104,2026-04-30T16:22:06.209355,1.99,2.09
990.360,2026-04-30T16:22:06.465749,2.0,2.1
990.616,2026-04-30T16:22:06.721566,2.01,2.1
990.872,2026-04-30T16:22:06.977566,2.01,2.1
991.136,2026-04-30T16:22:07.241770,2.0,2.1
991.396,2026-04-30T16:22:07.501570,2.0,2.11
991.644,2026-04-30T16:22:07.749576,1.99,2.1
991.904,2026-04-30T16:22:08.009481,1.99,2.1
992.188,2026-04-30T16:22:08.293523,2.0,2.1
992.432,2026-04-30T16:22:08.537527,2.02,2.11
992.688,2026-04-30T16:22:08.793535,2.0,2.11
992.940,2026-04-30T16:22:09.045484,2.0,2.1
993.196,2026-04-30T16:22:09.301665,2.01,2.1
993.448,2026-04-30T16:22:09.553732,1.98,2.1
993.708,2026-04-30T16:22:09.813702,2.0,2.1
993.972,2026-04-30T16:22:10.077536,2.01,2.1
994.236,2026-04-30T16:22:10.341709,1.99,2.1
994.504,2026-04-30T16:22:10.609481,2.01,2.1
994.756,2026-04-30T16:22:10.861593,2.0,2.1
995.012,2026-04-30T16:22:11.117661,2.0,2.1
995.268,2026-04-30T16:22:11.373625,2.0,2.1
995.528,2026-04-30T16:22:11.633537,2.0,2.09
995.784,2026-04-30T16:22:11.889816,2.0,2.11
996.040,2026-04-30T16:22:12.145428,2.01,2.1
996.288,2026-04-30T16:22:12.393531,2.0,2.1
996.544,2026-04-30T16:22:12.649445,2.0,2.1
996.800,2026-04-30T16:22:12.905629,2.0,2.1
997.068,2026-04-30T16:22:13.173494,1.99,2.1
997.320,2026-04-30T16:22:13.425428,2.01,2.1
997.572,2026-04-30T16:22:13.677624,1.99,2.09
997.824,2026-04-30T16:22:13.929711,2.01,2.1
998.084,2026-04-30T16:22:14.189612,2.01,2.1
998.344,2026-04-30T16:22:14.449672,1.99,2.1
998.592,2026-04-30T16:22:14.697444,2.0,2.1
998.852,2026-04-30T16:22:14.957612,2.01,2.1
999.108,2026-04-30T16:22:15.213558,2.0,2.1
999.364,2026-04-30T16:22:15.469410,2.0,2.1
999.640,2026-04-30T16:22:15.745471,1.99,2.09
999.884,2026-04-30T16:22:15.989783,2.01,2.1
1000.144,2026-04-30T16:22:16.249376,1.99,2.1
1000.404,2026-04-30T16:22:16.509627,2.01,2.1
1000.664,2026-04-30T16:22:16.769442,1.99,2.09
1000.920,2026-04-30T16:22:17.025697,2.0,2.1
1001.176,2026-04-30T16:22:17.281516,2.0,2.1
1001.428,2026-04-30T16:22:17.533503,1.99,2.1
1001.688,2026-04-30T16:22:17.793414,2.0,2.09
1001.944,2026-04-30T16:22:18.049693,2.0,2.1
1002.208,2026-04-30T16:22:18.313595,1.99,2.1
1002.464,2026-04-30T16:22:18.569602,2.0,2.1
1002.716,2026-04-30T16:22:18.821476,1.99,2.1
1002.968,2026-04-30T16:22:19.073645,2.0,2.09
1003.224,2026-04-30T16:22:19.329562,2.01,2.1
1003.480,2026-04-30T16:22:19.585571,2.0,2.1
1003.736,2026-04-30T16:22:19.841607,2.01,2.1
1003.992,2026-04-30T16:22:20.097568,2.0,2.09
1004.248,2026-04-30T16:22:20.353582,2.01,2.1
1004.508,2026-04-30T16:22:20.613705,2.0,2.1
1004.760,2026-04-30T16:22:20.865690,2.0,2.1
1005.028,2026-04-30T16:22:21.133678,2.01,2.1
1005.284,2026-04-30T16:22:21.389678,2.01,2.1
1005.544,2026-04-30T16:22:21.649413,2.0,2.1
1005.800,2026-04-30T16:22:21.905497,1.99,2.1
1006.056,2026-04-30T16:22:22.161787,1.99,2.1
1006.316,2026-04-30T16:22:22.421483,1.99,2.11
1006.576,2026-04-30T16:22:22.681626,2.0,2.1
1006.832,2026-04-30T16:22:22.937434,2.0,2.1
1007.100,2026-04-30T16:22:23.205606,2.0,2.11
1007.364,2026-04-30T16:22:23.469686,2.0,2.1
1007.604,2026-04-30T16:22:23.709564,2.0,2.1
1007.861,2026-04-30T16:22:23.966374,1.98,2.1
1008.116,2026-04-30T16:22:24.221641,1.99,2.1
1008.372,2026-04-30T16:22:24.477767,2.01,2.1
1008.632,2026-04-30T16:22:24.737640,1.99,2.1
1008.888,2026-04-30T16:22:24.993633,1.99,2.1
1009.148,2026-04-30T16:22:25.253806,2.0,2.1
1009.408,2026-04-30T16:22:25.513630,2.01,2.1
1009.676,2026-04-30T16:22:25.781472,1.99,2.1
1009.928,2026-04-30T16:22:26.033664,2.0,2.1
1010.185,2026-04-30T16:22:26.289868,2.0,2.1
1010.432,2026-04-30T16:22:26.537670,2.01,2.11
1010.692,2026-04-30T16:22:26.797648,2.0,2.1
1010.948,2026-04-30T16:22:27.053795,2.0,2.09
1011.200,2026-04-30T16:22:27.305739,2.0,2.1
1011.456,2026-04-30T16:22:27.561668,2.01,2.1
1011.712,2026-04-30T16:22:27.817805,1.98,2.1
1011.968,2026-04-30T16:22:28.073572,2.0,2.1
1012.232,2026-04-30T16:22:28.337693,2.0,2.1
1012.484,2026-04-30T16:22:28.589831,1.99,2.1
1012.740,2026-04-30T16:22:28.845730,2.01,2.1
1013.000,2026-04-30T16:22:29.105502,1.99,2.1
1013.256,2026-04-30T16:22:29.361735,2.01,2.1
1013.509,2026-04-30T16:22:29.613872,2.0,2.1
1013.772,2026-04-30T16:22:29.877806,2.01,2.1
1014.020,2026-04-30T16:22:30.125585,2.0,2.1
1014.280,2026-04-30T16:22:30.385632,2.0,2.1
1014.532,2026-04-30T16:22:30.637655,2.0,2.1
1014.796,2026-04-30T16:22:30.901777,2.0,2.1
1015.052,2026-04-30T16:22:31.157764,1.99,2.1
1015.304,2026-04-30T16:22:31.409680,1.99,2.1
1015.568,2026-04-30T16:22:31.673738,2.0,2.1
1015.820,2026-04-30T16:22:31.925688,2.0,2.1
1016.072,2026-04-30T16:22:32.177790,1.99,2.1
1016.332,2026-04-30T16:22:32.437718,2.0,2.1
1016.592,2026-04-30T16:22:32.697564,1.99,2.1
1016.848,2026-04-30T16:22:32.953719,1.99,2.1
1017.108,2026-04-30T16:22:33.213785,2.01,2.1
1017.388,2026-04-30T16:22:33.493747,2.0,2.1
1017.620,2026-04-30T16:22:33.725645,2.0,2.1
1017.873,2026-04-30T16:22:33.977871,1.99,2.1
1018.136,2026-04-30T16:22:34.241737,2.0,2.1
1018.392,2026-04-30T16:22:34.497757,1.99,2.1
1018.656,2026-04-30T16:22:34.761583,2.01,2.1
1018.908,2026-04-30T16:22:35.013824,1.99,2.1
1019.168,2026-04-30T16:22:35.273747,2.01,2.1
1019.424,2026-04-30T16:22:35.529753,1.99,2.1
1019.680,2026-04-30T16:22:35.785596,2.0,2.1
1019.949,2026-04-30T16:22:36.053842,1.99,2.1
1020.204,2026-04-30T16:22:36.309601,1.99,2.1
1020.461,2026-04-30T16:22:36.565897,2.01,2.1
1020.713,2026-04-30T16:22:36.817899,2.0,2.1
1020.968,2026-04-30T16:22:37.073789,2.01,2.11
1021.220,2026-04-30T16:22:37.325724,2.0,2.1
1021.480,2026-04-30T16:22:37.585771,1.99,2.1
1021.740,2026-04-30T16:22:37.845568,1.99,2.1
1021.996,2026-04-30T16:22:38.101762,2.0,2.1
1022.252,2026-04-30T16:22:38.357697,1.99,2.1
1022.516,2026-04-30T16:22:38.621684,1.99,2.11
1022.776,2026-04-30T16:22:38.881743,2.0,2.1
1023.032,2026-04-30T16:22:39.137682,2.0,2.1
1023.292,2026-04-30T16:22:39.397601,1.99,2.1
1023.553,2026-04-30T16:22:39.657914,2.0,2.1
1023.809,2026-04-30T16:22:39.913875,2.01,2.1
1024.061,2026-04-30T16:22:40.165849,2.02,2.1
1024.316,2026-04-30T16:22:40.421448,2.0,2.11
1024.576,2026-04-30T16:22:40.681662,1.99,2.1
1024.837,2026-04-30T16:22:40.941944,2.01,2.11
1025.100,2026-04-30T16:22:41.205768,2.01,2.1
1025.352,2026-04-30T16:22:41.457765,2.0,2.11
1025.608,2026-04-30T16:22:41.713760,2.02,2.11
1025.868,2026-04-30T16:22:41.973624,2.0,2.1
1026.120,2026-04-30T16:22:42.225756,2.0,2.1
1026.384,2026-04-30T16:22:42.489605,2.01,2.1
1026.636,2026-04-30T16:22:42.741657,2.01,2.1
1026.888,2026-04-30T16:22:42.993810,2.0,2.1
1027.144,2026-04-30T16:22:43.249679,2.0,2.1
1027.428,2026-04-30T16:22:43.533678,1.99,2.1
1027.668,2026-04-30T16:22:43.773646,2.02,2.1
1027.924,2026-04-30T16:22:44.029714,2.0,2.1
1028.176,2026-04-30T16:22:44.281560,2.0,2.1
1028.436,2026-04-30T16:22:44.541656,2.01,2.1
1028.696,2026-04-30T16:22:44.801784,2.01,2.1
1028.956,2026-04-30T16:22:45.061803,2.0,2.1
1029.212,2026-04-30T16:22:45.317824,2.0,2.1
1029.473,2026-04-30T16:22:45.577844,2.01,2.1
1029.736,2026-04-30T16:22:45.841734,2.0,2.1
1029.992,2026-04-30T16:22:46.097728,2.01,2.1
1030.244,2026-04-30T16:22:46.349583,2.0,2.1
1030.504,2026-04-30T16:22:46.609689,2.01,2.1
1030.764,2026-04-30T16:22:46.869564,2.01,2.1
1031.032,2026-04-30T16:22:47.137830,2.0,2.1
1031.284,2026-04-30T16:22:47.389669,2.02,2.1
1031.540,2026-04-30T16:22:47.645815,2.0,2.11
1031.800,2026-04-30T16:22:47.905619,2.01,2.11
1032.053,2026-04-30T16:22:48.157900,1.99,2.1
1032.320,2026-04-30T16:22:48.425636,2.01,2.1
1032.573,2026-04-30T16:22:48.677944,2.02,2.11
1032.832,2026-04-30T16:22:48.937628,2.01,2.11
1033.089,2026-04-30T16:22:49.193890,2.01,2.1
1033.344,2026-04-30T16:22:49.449701,1.99,2.11
1033.597,2026-04-30T16:22:49.701968,2.01,2.1
1033.856,2026-04-30T16:22:49.961645,2.01,2.1
1034.109,2026-04-30T16:22:50.213952,2.0,2.11
1034.368,2026-04-30T16:22:50.473565,2.01,2.11
1034.644,2026-04-30T16:22:50.749758,2.01,2.1
1034.896,2026-04-30T16:22:51.001685,2.0,2.1
1035.149,2026-04-30T16:22:51.253981,2.01,2.11
1035.408,2026-04-30T16:22:51.513817,2.02,2.1
1035.668,2026-04-30T16:22:51.773821,2.0,2.1
1035.924,2026-04-30T16:22:52.029734,2.01,2.1
1036.176,2026-04-30T16:22:52.281784,2.0,2.1
1036.428,2026-04-30T16:22:52.533649,2.0,2.1
1036.689,2026-04-30T16:22:52.793846,1.99,2.1
1036.948,2026-04-30T16:22:53.053794,2.0,2.1
1037.228,2026-04-30T16:22:53.333749,2.01,2.11
1037.468,2026-04-30T16:22:53.573826,1.99,2.1
1037.725,2026-04-30T16:22:53.830062,2.01,2.11
1037.980,2026-04-30T16:22:54.085591,2.0,2.1
1038.236,2026-04-30T16:22:54.341764,2.03,2.11
1038.493,2026-04-30T16:22:54.598308,2.01,2.11
1038.748,2026-04-30T16:22:54.853761,2.01,2.11
1039.012,2026-04-30T16:22:55.117797,2.02,2.11
1039.264,2026-04-30T16:22:55.369768,2.01,2.1
1039.533,2026-04-30T16:22:55.637898,2.01,2.1
1039.785,2026-04-30T16:22:55.889965,2.0,2.1
1040.041,2026-04-30T16:22:56.145921,2.01,2.11
1040.292,2026-04-30T16:22:56.397794,2.0,2.1
1040.561,2026-04-30T16:22:56.666036,1.99,2.11
1040.817,2026-04-30T16:22:56.921842,2.02,2.11
1041.076,2026-04-30T16:22:57.181733,2.0,2.11
1041.309,2026-04-30T16:22:57.414072,2.01,2.1
1041.576,2026-04-30T16:22:57.681822,2.01,2.1
1041.841,2026-04-30T16:22:57.945898,2.03,2.11
1042.125,2026-04-30T16:22:58.230190,2.02,2.11
1042.353,2026-04-30T16:22:58.457922,2.02,2.1
1042.628,2026-04-30T16:22:58.733802,2.0,2.1
1042.865,2026-04-30T16:22:58.969862,2.01,2.12
1043.124,2026-04-30T16:22:59.229796,2.01,2.11
1043.381,2026-04-30T16:22:59.485903,2.01,2.1
1043.641,2026-04-30T16:22:59.745980,2.01,2.11
1043.897,2026-04-30T16:23:00.001992,2.01,2.11
1044.157,2026-04-30T16:23:00.262816,2.02,2.1
1044.441,2026-04-30T16:23:00.545955,2.03,2.1
1044.685,2026-04-30T16:23:00.789992,2.01,2.11
1044.925,2026-04-30T16:23:01.030048,2.01,2.11
1045.200,2026-04-30T16:23:01.305641,2.02,2.11
1045.433,2026-04-30T16:23:01.537942,2.03,2.11
1045.692,2026-04-30T16:23:01.797801,2.03,2.11
1045.937,2026-04-30T16:23:02.041978,2.01,2.11
1046.193,2026-04-30T16:23:02.297845,2.02,2.12
1046.449,2026-04-30T16:23:02.554009,2.02,2.1
1046.709,2026-04-30T16:23:02.814013,2.01,2.11
1046.981,2026-04-30T16:23:03.085945,2.0,2.11
1047.248,2026-04-30T16:23:03.353814,2.0,2.11
1047.513,2026-04-30T16:23:03.618193,2.02,2.1
1047.737,2026-04-30T16:23:03.842052,2.0,2.1
1047.985,2026-04-30T16:23:04.090036,2.02,2.11
1048.249,2026-04-30T16:23:04.354072,2.01,2.11
1048.505,2026-04-30T16:23:04.609885,2.0,2.1
1048.761,2026-04-30T16:23:04.866100,2.0,2.1
1049.017,2026-04-30T16:23:05.121892,2.0,2.09
1049.277,2026-04-30T16:23:05.381950,2.02,2.1
1049.557,2026-04-30T16:23:05.661981,2.02,2.1
1049.797,2026-04-30T16:23:05.901970,2.01,2.1
1050.065,2026-04-30T16:23:06.169962,2.01,2.11
1050.313,2026-04-30T16:23:06.418093,2.01,2.09
1050.573,2026-04-30T16:23:06.678053,2.02,2.1
1050.825,2026-04-30T16:23:06.929984,2.02,2.1
1051.085,2026-04-30T16:23:07.189878,2.02,2.1
1051.341,2026-04-30T16:23:07.445960,2.0,2.1
1051.604,2026-04-30T16:23:07.709582,2.0,2.1
1051.897,2026-04-30T16:23:08.002116,2.01,2.1
1052.133,2026-04-30T16:23:08.237861,2.01,2.1
1052.389,2026-04-30T16:23:08.493884,2.0,2.1
1052.645,2026-04-30T16:23:08.749888,2.02,2.1
1052.893,2026-04-30T16:23:08.997889,2.0,2.1
1053.149,2026-04-30T16:23:09.254119,2.01,2.1
1053.409,2026-04-30T16:23:09.514127,2.02,2.1
1053.665,2026-04-30T16:23:09.769835,2.0,2.1
1053.929,2026-04-30T16:23:10.033933,2.01,2.1
1054.185,2026-04-30T16:23:10.290135,2.01,2.1
1054.441,2026-04-30T16:23:10.545990,2.0,2.1
1054.717,2026-04-30T16:23:10.821922,2.01,2.1
1054.985,2026-04-30T16:23:11.090082,2.01,2.1
1055.213,2026-04-30T16:23:11.318018,2.01,2.1
1055.485,2026-04-30T16:23:11.590164,2.01,2.1
1055.721,2026-04-30T16:23:11.825845,2.01,2.1
1055.981,2026-04-30T16:23:12.085998,2.01,2.1
1056.237,2026-04-30T16:23:12.342169,2.01,2.1
1056.497,2026-04-30T16:23:12.602106,2.02,2.1
1056.757,2026-04-30T16:23:12.862004,2.03,2.1
1057.017,2026-04-30T16:23:13.121940,2.03,2.1
1057.280,2026-04-30T16:23:13.385807,2.01,2.1
1057.537,2026-04-30T16:23:13.642225,2.02,2.1
1057.776,2026-04-30T16:23:13.881751,2.03,2.1
1058.025,2026-04-30T16:23:14.130043,2.0,2.1
1058.285,2026-04-30T16:23:14.390057,2.0,2.1
1058.533,2026-04-30T16:23:14.638116,2.02,2.1
1058.793,2026-04-30T16:23:14.897870,2.02,2.1
1059.041,2026-04-30T16:23:15.145850,2.03,2.1
1059.297,2026-04-30T16:23:15.402009,2.01,2.1
1059.545,2026-04-30T16:23:15.650287,2.0,2.1
1059.820,2026-04-30T16:23:15.925750,2.01,2.1
1060.056,2026-04-30T16:23:16.161807,2.03,2.1
1060.329,2026-04-30T16:23:16.433895,2.01,2.1
1060.581,2026-04-30T16:23:16.685918,2.02,2.1
1060.813,2026-04-30T16:23:16.918099,2.0,2.1
1061.069,2026-04-30T16:23:17.174265,2.03,2.1
1061.317,2026-04-30T16:23:17.422001,2.02,2.1
1061.573,2026-04-30T16:23:17.678087,2.01,2.1
1061.821,2026-04-30T16:23:17.925951,2.02,2.1
1062.076,2026-04-30T16:23:18.181810,2.0,2.1
1062.329,2026-04-30T16:23:18.433931,2.02,2.1
1062.585,2026-04-30T16:23:18.690069,2.02,2.1
1062.865,2026-04-30T16:23:18.970165,2.02,2.1
1063.117,2026-04-30T16:23:19.222025,2.02,2.1
1063.364,2026-04-30T16:23:19.469793,2.01,2.09
1063.613,2026-04-30T16:23:19.718038,2.0,2.1
1063.865,2026-04-30T16:23:19.969992,2.02,2.1
1064.109,2026-04-30T16:23:20.213872,2.02,2.1
1064.357,2026-04-30T16:23:20.462045,2.02,2.1
1064.613,2026-04-30T16:23:20.718178,2.02,2.1
1064.865,2026-04-30T16:23:20.970078,2.01,2.1
1065.117,2026-04-30T16:23:21.222067,2.02,2.1
1065.373,2026-04-30T16:23:21.478121,2.01,2.1
1065.641,2026-04-30T16:23:21.745946,2.02,2.11
1065.897,2026-04-30T16:23:22.002108,2.03,2.1
1066.149,2026-04-30T16:23:22.254042,2.02,2.1
1066.413,2026-04-30T16:23:22.518264,2.02,2.1
1066.645,2026-04-30T16:23:22.750033,2.0,2.1
1066.893,2026-04-30T16:23:22.998031,2.01,2.1
1067.149,2026-04-30T16:23:23.254090,2.01,2.1
1067.405,2026-04-30T16:23:23.510077,2.01,2.1
1067.661,2026-04-30T16:23:23.766142,2.0,2.1
1067.913,2026-04-30T16:23:24.018271,2.02,2.1
1068.161,2026-04-30T16:23:24.265978,2.02,2.1
1068.421,2026-04-30T16:23:24.526070,2.01,2.11
1068.705,2026-04-30T16:23:24.809965,2.02,2.11
1068.961,2026-04-30T16:23:25.066191,2.02,2.11
1069.201,2026-04-30T16:23:25.306011,2.01,2.11
1069.441,2026-04-30T16:23:25.545891,2.0,2.1
1069.689,2026-04-30T16:23:25.793978,2.01,2.1
1069.945,2026-04-30T16:23:26.050042,2.02,2.1
1070.197,2026-04-30T16:23:26.302139,2.03,2.11
1070.445,2026-04-30T16:23:26.549915,2.0,2.1
1070.705,2026-04-30T16:23:26.809995,2.02,2.1
1070.961,2026-04-30T16:23:27.066180,2.01,2.1
1071.217,2026-04-30T16:23:27.321876,2.01,2.1
1071.465,2026-04-30T16:23:27.570001,2.01,2.1
1071.741,2026-04-30T16:23:27.846090,2.02,2.1
1071.977,2026-04-30T16:23:28.082079,2.0,2.1
1072.245,2026-04-30T16:23:28.350071,2.01,2.1
1072.477,2026-04-30T16:23:28.581903,2.02,2.11
1072.737,2026-04-30T16:23:28.842152,2.0,2.1
1072.993,2026-04-30T16:23:29.097981,2.02,2.1
1073.245,2026-04-30T16:23:29.350049,2.01,2.1
1073.493,2026-04-30T16:23:29.597992,2.02,2.1
1073.753,2026-04-30T16:23:29.858030,2.0,2.1
1074.001,2026-04-30T16:23:30.106077,2.03,2.11
1074.257,2026-04-30T16:23:30.362068,2.01,2.1
1074.549,2026-04-30T16:23:30.654242,2.01,2.1
1074.801,2026-04-30T16:23:30.906071,2.02,2.09
1075.029,2026-04-30T16:23:31.134058,2.01,2.1
1075.285,2026-04-30T16:23:31.390198,2.01,2.09
1075.525,2026-04-30T16:23:31.630156,2.02,2.1
1075.785,2026-04-30T16:23:31.890220,2.01,2.1
1076.029,2026-04-30T16:23:32.134007,2.01,2.1
1076.285,2026-04-30T16:23:32.390150,2.01,2.1
1076.544,2026-04-30T16:23:32.649698,2.0,2.09
1076.797,2026-04-30T16:23:32.902209,2.0,2.1
1077.053,2026-04-30T16:23:33.157899,2.03,2.1
1077.325,2026-04-30T16:23:33.430096,2.01,2.1
1077.577,2026-04-30T16:23:33.682233,2.01,2.1
1077.829,2026-04-30T16:23:33.934074,2.02,2.1
1078.085,2026-04-30T16:23:34.190218,2.02,2.1
1078.321,2026-04-30T16:23:34.425977,2.01,2.1
1078.573,2026-04-30T16:23:34.678102,2.01,2.1
1078.825,2026-04-30T16:23:34.930149,2.0,2.1
1079.085,2026-04-30T16:23:35.190223,2.02,2.1
1079.337,2026-04-30T16:23:35.442225,1.99,2.1
1079.593,2026-04-30T16:23:35.698060,2.0,2.09
1079.845,2026-04-30T16:23:35.950032,2.01,2.1
1080.101,2026-04-30T16:23:36.206097,2.01,2.1
1080.373,2026-04-30T16:23:36.478312,2.02,2.1
1080.625,2026-04-30T16:23:36.730251,2.0,2.1
1080.865,2026-04-30T16:23:36.969966,2.02,2.1
1081.117,2026-04-30T16:23:37.222100,2.0,2.1
1081.365,2026-04-30T16:23:37.470014,2.01,2.09
1081.629,2026-04-30T16:23:37.734043,2.02,2.1
1081.873,2026-04-30T16:23:37.978271,2.01,2.09
1082.129,2026-04-30T16:23:38.234126,2.01,2.09
1082.377,2026-04-30T16:23:38.482123,2.02,2.1
1082.637,2026-04-30T16:23:38.742248,2.01,2.09
1082.889,2026-04-30T16:23:38.993920,2.01,2.1
1083.161,2026-04-30T16:23:39.266201,2.02,2.1
1083.413,2026-04-30T16:23:39.518272,2.0,2.1
1083.657,2026-04-30T16:23:39.762140,2.01,2.1
1083.925,2026-04-30T16:23:40.030312,2.01,2.1
1084.157,2026-04-30T16:23:40.261953,2.01,2.1
1084.409,2026-04-30T16:23:40.514228,2.0,2.1
1084.661,2026-04-30T16:23:40.766363,2.0,2.1
1084.917,2026-04-30T16:23:41.021875,2.0,2.1
1085.169,2026-04-30T16:23:41.274147,2.01,2.1
1085.425,2026-04-30T16:23:41.530152,2.0,2.1
1085.681,2026-04-30T16:23:41.786057,2.02,2.1
1085.949,2026-04-30T16:23:42.054125,2.01,2.1
1086.201,2026-04-30T16:23:42.306061,2.01,2.1
1086.461,2026-04-30T16:23:42.566217,2.01,2.1
1086.721,2026-04-30T16:23:42.825982,2.0,2.1
1086.949,2026-04-30T16:23:43.054089,2.01,2.1
1087.205,2026-04-30T16:23:43.309968,2.0,2.1
1087.457,2026-04-30T16:23:43.562071,2.01,2.1
1087.709,2026-04-30T16:23:43.814240,2.03,2.1
1087.964,2026-04-30T16:23:44.069820,2.02,2.1
1088.220,2026-04-30T16:23:44.325034,2.01,2.1
1088.467,2026-04-30T16:23:44.572514,2.03,2.09
1088.723,2026-04-30T16:23:44.828125,2.01,2.09
1088.978,2026-04-30T16:23:45.083415,2.02,2.1
1089.254,2026-04-30T16:23:45.358892,2.01,2.1
1089.481,2026-04-30T16:23:45.586699,2.02,2.1
1089.737,2026-04-30T16:23:45.842047,2.0,2.09
1089.992,2026-04-30T16:23:46.097764,2.0,2.1
1090.248,2026-04-30T16:23:46.353238,2.02,2.09
1090.503,2026-04-30T16:23:46.608793,2.01,2.1
1090.755,2026-04-30T16:23:46.860577,2.01,2.1
1091.015,2026-04-30T16:23:47.119866,2.02,2.09
1091.254,2026-04-30T16:23:47.359557,2.02,2.1
1091.514,2026-04-30T16:23:47.619039,2.01,2.1
1091.785,2026-04-30T16:23:47.890573,2.02,2.1
1092.037,2026-04-30T16:23:48.142120,2.03,2.1
1092.292,2026-04-30T16:23:48.397763,2.01,2.1
1092.564,2026-04-30T16:23:48.669711,2.02,2.1
1092.780,2026-04-30T16:23:48.885174,2.02,2.1
1093.036,2026-04-30T16:23:49.140893,2.02,2.1
1093.287,2026-04-30T16:23:49.392327,2.01,2.1
1093.544,2026-04-30T16:23:49.649172,2.03,2.1
1093.798,2026-04-30T16:23:49.903801,2.01,2.1
1094.054,2026-04-30T16:23:50.159339,2.01,2.09
1094.310,2026-04-30T16:23:50.415024,2.02,2.1
1094.577,2026-04-30T16:23:50.682617,2.03,2.1
1094.841,2026-04-30T16:23:50.946391,2.03,2.1
1095.073,2026-04-30T16:23:51.178233,2.0,2.1
1095.364,2026-04-30T16:23:51.469418,2.02,2.1
1095.576,2026-04-30T16:23:51.681408,2.01,2.1
1095.836,2026-04-30T16:23:51.941186,2.02,2.1
1096.084,2026-04-30T16:23:52.188846,2.01,2.1
1096.335,2026-04-30T16:23:52.440598,2.02,2.1
1096.587,2026-04-30T16:23:52.692157,2.03,2.1
1096.842,2026-04-30T16:23:52.947801,2.02,2.1
1097.102,2026-04-30T16:23:53.207638,2.03,2.1
1097.374,2026-04-30T16:23:53.479227,2.01,2.09
1097.637,2026-04-30T16:23:53.742786,2.01,2.1
1097.893,2026-04-30T16:23:53.998768,2.01,2.1
1098.121,2026-04-30T16:23:54.226604,2.02,2.1
1098.365,2026-04-30T16:23:54.470211,2.03,2.1
1098.625,2026-04-30T16:23:54.729973,2.02,2.1
1098.876,2026-04-30T16:23:54.981718,2.03,2.1
1099.128,2026-04-30T16:23:55.233549,2.03,2.1
1099.384,2026-04-30T16:23:55.489208,2.02,2.1
1099.635,2026-04-30T16:23:55.740820,2.02,2.1
1099.892,2026-04-30T16:23:55.996841,2.03,2.1
1100.167,2026-04-30T16:23:56.272548,2.03,2.1
1100.431,2026-04-30T16:23:56.536376,2.02,2.1
1100.671,2026-04-30T16:23:56.775995,2.02,2.11
1100.934,2026-04-30T16:23:57.039831,2.03,2.1
1101.158,2026-04-30T16:23:57.263537,2.01,2.11
1101.414,2026-04-30T16:23:57.519354,2.03,2.11
1101.674,2026-04-30T16:23:57.778981,2.03,2.1
1101.930,2026-04-30T16:23:58.035336,2.02,2.11
1102.185,2026-04-30T16:23:58.290527,2.02,2.1
1102.421,2026-04-30T16:23:58.526390,2.01,2.11
1102.677,2026-04-30T16:23:58.782346,2.03,2.1
1102.933,2026-04-30T16:23:59.038126,2.02,2.1
1103.189,2026-04-30T16:23:59.294015,2.02,2.11
1103.456,2026-04-30T16:23:59.561712,2.01,2.1
1103.696,2026-04-30T16:23:59.801260,2.02,2.11
1103.944,2026-04-30T16:24:00.049317,2.0,2.1
1104.196,2026-04-30T16:24:00.301137,2.0,2.1
1104.452,2026-04-30T16:24:00.557168,2.02,2.1
1104.707,2026-04-30T16:24:00.812781,2.02,2.11
1104.963,2026-04-30T16:24:01.068815,2.02,2.1
1105.215,2026-04-30T16:24:01.320624,2.02,2.1
1105.471,2026-04-30T16:24:01.576228,2.0,2.11
1105.719,2026-04-30T16:24:01.824055,2.02,2.1
1105.975,2026-04-30T16:24:02.079903,2.01,2.1
1106.226,2026-04-30T16:24:02.331742,2.01,2.1
1106.482,2026-04-30T16:24:02.587658,2.01,2.1
1106.738,2026-04-30T16:24:02.843701,2.02,2.1
1107.002,2026-04-30T16:24:03.107431,2.02,2.11
1107.258,2026-04-30T16:24:03.363193,2.03,2.11
1107.515,2026-04-30T16:24:03.620379,2.02,2.11
1107.766,2026-04-30T16:24:03.870876,2.0,2.1
1108.025,2026-04-30T16:24:04.130682,2.03,2.11
1108.261,2026-04-30T16:24:04.366722,2.01,2.1
1108.513,2026-04-30T16:24:04.618666,2.0,2.1
1108.769,2026-04-30T16:24:04.874377,2.02,2.1
1109.041,2026-04-30T16:24:05.146253,2.01,2.1
1109.281,2026-04-30T16:24:05.386060,2.03,2.1
1109.561,2026-04-30T16:24:05.666068,2.02,2.1
1109.785,2026-04-30T16:24:05.889952,2.02,2.1
1110.028,2026-04-30T16:24:06.133522,2.01,2.1
1110.292,2026-04-30T16:24:06.397582,2.03,2.1
1110.544,2026-04-30T16:24:06.649554,2.03,2.1
1110.796,2026-04-30T16:24:06.901327,2.03,2.1
1111.052,2026-04-30T16:24:07.157202,2.01,2.1
1111.312,2026-04-30T16:24:07.417197,2.02,2.1
1111.556,2026-04-30T16:24:07.661034,2.03,2.1
1111.828,2026-04-30T16:24:07.932973,2.02,2.1
1112.087,2026-04-30T16:24:08.192768,2.03,2.1
1112.339,2026-04-30T16:24:08.444646,2.04,2.1
1112.591,2026-04-30T16:24:08.696526,2.02,2.1
1112.827,2026-04-30T16:24:08.932516,2.02,2.1
1113.083,2026-04-30T16:24:09.188537,2.03,2.1
1113.339,2026-04-30T16:24:09.444190,2.01,2.09
1113.583,2026-04-30T16:24:09.688276,2.03,2.1
1113.839,2026-04-30T16:24:09.943964,2.04,2.1
1114.099,2026-04-30T16:24:10.204264,2.02,2.09
1114.342,2026-04-30T16:24:10.447782,2.04,2.11
1114.623,2026-04-30T16:24:10.727963,2.02,2.1
1114.862,2026-04-30T16:24:10.967647,2.02,2.1
1115.122,2026-04-30T16:24:11.227536,2.02,2.09
1115.378,2026-04-30T16:24:11.483468,2.0,2.1
1115.630,2026-04-30T16:24:11.735422,2.03,2.1
1115.866,2026-04-30T16:24:11.971299,2.02,2.1
1116.122,2026-04-30T16:24:12.227358,2.01,2.09
1116.374,2026-04-30T16:24:12.479074,2.03,2.1
1116.626,2026-04-30T16:24:12.731203,2.02,2.1
1116.882,2026-04-30T16:24:12.987130,2.01,2.1
1117.138,2026-04-30T16:24:13.242976,2.02,2.1
1117.389,2026-04-30T16:24:13.494734,2.03,2.1
1117.661,2026-04-30T16:24:13.766715,2.04,2.1
1117.913,2026-04-30T16:24:14.018724,2.02,2.1
1118.165,2026-04-30T16:24:14.270602,2.03,2.1
1118.417,2026-04-30T16:24:14.522467,2.03,2.1
1118.653,2026-04-30T16:24:14.758522,2.04,2.1
1118.913,2026-04-30T16:24:15.018425,2.03,2.1
1119.165,2026-04-30T16:24:15.270313,2.02,2.11
1119.417,2026-04-30T16:24:15.522268,2.03,2.11
1119.669,2026-04-30T16:24:15.774345,2.03,2.1
1119.921,2026-04-30T16:24:16.026242,2.03,2.1
1120.181,2026-04-30T16:24:16.286174,2.04,2.1
1120.433,2026-04-30T16:24:16.537956,2.03,2.1
1120.709,2026-04-30T16:24:16.814017,2.03,2.1
1120.957,2026-04-30T16:24:17.062043,2.04,2.1
1121.221,2026-04-30T16:24:17.325942,2.02,2.1
1121.468,2026-04-30T16:24:17.573822,2.03,2.11
1121.704,2026-04-30T16:24:17.809746,2.03,2.1
1121.960,2026-04-30T16:24:18.065618,2.02,2.11
1122.216,2026-04-30T16:24:18.321502,2.03,2.1
1122.464,2026-04-30T16:24:18.569462,2.04,2.11
1122.720,2026-04-30T16:24:18.825503,2.01,2.1
1122.968,2026-04-30T16:24:19.073475,2.03,2.1
1123.232,2026-04-30T16:24:19.337480,2.04,2.11
1123.492,2026-04-30T16:24:19.597744,2.02,2.1
1123.752,2026-04-30T16:24:19.857174,2.02,2.1
1124.008,2026-04-30T16:24:20.113310,2.04,2.11
1124.272,2026-04-30T16:24:20.377147,2.03,2.1
1124.500,2026-04-30T16:24:20.605758,2.04,2.1
1124.756,2026-04-30T16:24:20.861064,2.03,2.1
1125.012,2026-04-30T16:24:21.116944,2.04,2.1
1125.264,2026-04-30T16:24:21.368861,2.02,2.1
1125.524,2026-04-30T16:24:21.628975,2.03,2.1
1125.771,2026-04-30T16:24:21.876828,2.02,2.1
1126.015,2026-04-30T16:24:22.120791,2.03,2.1
1126.275,2026-04-30T16:24:22.380722,2.03,2.1
1126.547,2026-04-30T16:24:22.652739,2.04,2.1
1126.787,2026-04-30T16:24:22.892505,2.02,2.1
1127.047,2026-04-30T16:24:23.152683,2.03,2.1
1127.303,2026-04-30T16:24:23.408643,2.02,2.1
1127.563,2026-04-30T16:24:23.668577,2.03,2.1
1127.803,2026-04-30T16:24:23.908642,2.03,2.1
1128.059,2026-04-30T16:24:24.164461,2.03,2.1
1128.319,2026-04-30T16:24:24.424540,2.04,2.1
1128.563,2026-04-30T16:24:24.668328,2.03,2.1
1128.815,2026-04-30T16:24:24.920218,2.03,2.1
1129.067,2026-04-30T16:24:25.172406,2.03,2.1
1129.331,2026-04-30T16:24:25.436482,2.02,2.1
1129.591,2026-04-30T16:24:25.696235,2.03,2.1
1129.835,2026-04-30T16:24:25.940062,2.05,2.1
1130.095,2026-04-30T16:24:26.200194,2.04,2.1
1130.351,2026-04-30T16:24:26.456086,2.03,2.1
1130.615,2026-04-30T16:24:26.720326,2.05,2.1
1130.855,2026-04-30T16:24:26.960039,2.05,2.1
1131.111,2026-04-30T16:24:27.215980,2.03,2.1
1131.343,2026-04-30T16:24:27.448125,2.04,2.1
1131.603,2026-04-30T16:24:27.708038,2.03,2.1
1131.851,2026-04-30T16:24:27.955904,2.02,2.1
1132.127,2026-04-30T16:24:28.231873,2.03,2.1
1132.375,2026-04-30T16:24:28.479896,2.03,2.1
1132.615,2026-04-30T16:24:28.719948,2.05,2.1
1132.883,2026-04-30T16:24:28.988044,2.03,2.1
1133.142,2026-04-30T16:24:29.247804,2.04,2.1
1133.379,2026-04-30T16:24:29.483927,2.05,2.1
1133.631,2026-04-30T16:24:29.736073,2.03,2.1
1133.886,2026-04-30T16:24:29.991707,2.02,2.1
1134.126,2026-04-30T16:24:30.231730,2.04,2.1
1134.374,2026-04-30T16:24:30.479629,2.02,2.1
1134.634,2026-04-30T16:24:30.739707,2.03,2.11
1134.883,2026-04-30T16:24:30.987908,2.01,2.11
1135.158,2026-04-30T16:24:31.263419,2.01,2.1
1135.406,2026-04-30T16:24:31.511703,2.03,2.1
1135.658,2026-04-30T16:24:31.763481,2.03,2.1
1135.898,2026-04-30T16:24:32.003481,2.02,2.11
1136.178,2026-04-30T16:24:32.283541,2.03,2.1
1136.410,2026-04-30T16:24:32.515443,2.04,2.11
1136.662,2026-04-30T16:24:32.767483,2.03,2.1
1136.914,2026-04-30T16:24:33.019494,2.03,2.1
1137.170,2026-04-30T16:24:33.275247,2.02,2.1
1137.422,2026-04-30T16:24:33.527431,2.02,2.1
1137.678,2026-04-30T16:24:33.783525,2.02,2.1
1137.930,2026-04-30T16:24:34.035514,2.03,2.1
1138.202,2026-04-30T16:24:34.307270,2.02,2.11
1138.466,2026-04-30T16:24:34.571360,2.03,2.1
1138.698,2026-04-30T16:24:34.803299,2.02,2.11
1138.974,2026-04-30T16:24:35.079210,2.02,2.11
1139.198,2026-04-30T16:24:35.303085,2.03,2.1
1139.446,2026-04-30T16:24:35.551121,2.03,2.11
1139.706,2026-04-30T16:24:35.811327,2.03,2.11
1139.962,2026-04-30T16:24:36.067212,2.02,2.1
1140.214,2026-04-30T16:24:36.319182,2.02,2.1
1140.470,2026-04-30T16:24:36.575028,2.02,2.1
1140.718,2026-04-30T16:24:36.823234,2.03,2.1
1140.994,2026-04-30T16:24:37.099191,2.02,2.1
1141.230,2026-04-30T16:24:37.335292,2.03,2.1
1141.514,2026-04-30T16:24:37.619097,2.03,2.1
1141.758,2026-04-30T16:24:37.863167,2.01,2.1
1141.986,2026-04-30T16:24:38.091041,2.02,2.11
1142.238,2026-04-30T16:24:38.343177,2.03,2.1
1142.494,2026-04-30T16:24:38.599348,2.03,2.09
1142.742,2026-04-30T16:24:38.847175,2.03,2.11
1143.002,2026-04-30T16:24:39.107050,2.03,2.1
1143.250,2026-04-30T16:24:39.355067,2.01,2.1
1143.506,2026-04-30T16:24:39.611056,2.02,2.1
1143.754,2026-04-30T16:24:39.859137,2.03,2.1
1144.026,2026-04-30T16:24:40.130907,2.02,2.1
1144.282,2026-04-30T16:24:40.387175,2.02,2.1
1144.542,2026-04-30T16:24:40.647083,2.02,2.1
1144.778,2026-04-30T16:24:40.883062,2.02,2.1
1145.025,2026-04-30T16:24:41.130818,2.02,2.1
1145.282,2026-04-30T16:24:41.387062,2.03,2.1
1145.533,2026-04-30T16:24:41.638572,2.03,2.1
1145.778,2026-04-30T16:24:41.883071,2.02,2.1
1146.038,2026-04-30T16:24:42.142858,2.02,2.1
1146.289,2026-04-30T16:24:42.394769,2.02,2.1
1146.541,2026-04-30T16:24:42.646818,2.03,2.11
1146.810,2026-04-30T16:24:42.914951,2.03,2.11
1147.066,2026-04-30T16:24:43.170877,2.02,2.1
1147.322,2026-04-30T16:24:43.426882,2.02,2.11
1147.573,2026-04-30T16:24:43.678486,2.03,2.1
1147.825,2026-04-30T16:24:43.930777,2.03,2.1
1148.065,2026-04-30T16:24:44.170790,2.04,2.1
1148.309,2026-04-30T16:24:44.414759,2.01,2.1
1148.569,2026-04-30T16:24:44.674753,2.02,2.1
1148.821,2026-04-30T16:24:44.926807,2.02,2.1
1149.073,2026-04-30T16:24:45.178569,2.03,2.1
1149.321,2026-04-30T16:24:45.426773,2.01,2.1
1149.585,2026-04-30T16:24:45.690626,2.03,2.1
1149.845,2026-04-30T16:24:45.950556,2.02,2.11
1150.105,2026-04-30T16:24:46.210742,2.04,2.11
1150.357,2026-04-30T16:24:46.462609,2.05,2.1
1150.613,2026-04-30T16:24:46.718758,2.03,2.1
1150.853,2026-04-30T16:24:46.958809,2.03,2.1
1151.105,2026-04-30T16:24:47.210773,2.03,2.1
1151.357,2026-04-30T16:24:47.462557,2.03,2.1
1151.609,2026-04-30T16:24:47.714625,2.04,2.1
1151.865,2026-04-30T16:24:47.970484,2.04,2.1
1152.117,2026-04-30T16:24:48.222701,2.03,2.1
1152.365,2026-04-30T16:24:48.470612,2.03,2.1
1152.625,2026-04-30T16:24:48.730474,2.03,2.1
1152.897,2026-04-30T16:24:49.002520,2.02,2.1
1153.149,2026-04-30T16:24:49.254394,2.03,2.1
1153.405,2026-04-30T16:24:49.510713,2.04,2.1
1153.657,2026-04-30T16:24:49.762433,2.03,2.09
1153.897,2026-04-30T16:24:50.002418,2.04,2.1
1154.145,2026-04-30T16:24:50.250509,2.02,2.1
1154.397,2026-04-30T16:24:50.502520,2.04,2.1
1154.657,2026-04-30T16:24:50.762411,2.03,2.1
1154.905,2026-04-30T16:24:51.010601,2.03,2.1
1155.157,2026-04-30T16:24:51.262459,2.04,2.1
1155.417,2026-04-30T16:24:51.522629,2.04,2.1
1155.689,2026-04-30T16:24:51.794464,2.03,2.1
1155.941,2026-04-30T16:24:52.046353,2.03,2.1
1156.177,2026-04-30T16:24:52.282598,2.02,2.1
1156.449,2026-04-30T16:24:52.554497,2.04,2.1
1156.681,2026-04-30T16:24:52.786582,2.04,2.1
1156.933,2026-04-30T16:24:53.038396,2.05,2.11
1157.189,2026-04-30T16:24:53.294376,2.02,2.09
1157.445,2026-04-30T16:24:53.550460,2.01,2.1
1157.701,2026-04-30T16:24:53.806436,2.03,2.1
1157.949,2026-04-30T16:24:54.054415,2.01,2.1
1158.205,2026-04-30T16:24:54.310332,2.03,2.1
1158.457,2026-04-30T16:24:54.562392,2.04,2.1
1158.729,2026-04-30T16:24:54.834552,2.03,2.1
1158.961,2026-04-30T16:24:55.066330,2.03,2.1
1159.225,2026-04-30T16:24:55.330387,2.04,2.1
1159.481,2026-04-30T16:24:55.586649,2.03,2.1
1159.717,2026-04-30T16:24:55.822526,2.05,2.1
1159.969,2026-04-30T16:24:56.074370,2.04,2.11
1160.221,2026-04-30T16:24:56.326257,2.04,2.1
1160.481,2026-04-30T16:24:56.586591,2.02,2.1
1160.737,2026-04-30T16:24:56.842433,2.04,2.1
1160.993,2026-04-30T16:24:57.098379,2.02,2.1
1161.237,2026-04-30T16:24:57.342286,2.02,2.1
1161.493,2026-04-30T16:24:57.598718,2.04,2.1
1161.749,2026-04-30T16:24:57.854297,2.04,2.1
1162.025,2026-04-30T16:24:58.130344,2.04,2.1
1162.273,2026-04-30T16:24:58.378078,2.03,2.1
1162.513,2026-04-30T16:24:58.618345,2.03,2.1
1162.785,2026-04-30T16:24:58.890315,2.03,2.1
1163.021,2026-04-30T16:24:59.126380,2.04,2.1
1163.277,2026-04-30T16:24:59.382414,2.02,2.1
1163.529,2026-04-30T16:24:59.634471,2.03,2.1
1163.781,2026-04-30T16:24:59.886405,2.03,2.09
1164.033,2026-04-30T16:25:00.138290,2.03,2.1
1164.289,2026-04-30T16:25:00.394005,2.03,2.1
1164.561,2026-04-30T16:25:00.666240,2.03,2.1
1164.809,2026-04-30T16:25:00.914303,2.03,2.1
1165.049,2026-04-30T16:25:01.154341,2.03,2.1
1165.321,2026-04-30T16:25:01.426362,2.03,2.09
1165.557,2026-04-30T16:25:01.662205,2.03,2.09
1165.813,2026-04-30T16:25:01.918299,2.05,2.1
1166.065,2026-04-30T16:25:02.170406,2.05,2.1
1166.321,2026-04-30T16:25:02.426214,2.03,2.09
1166.569,2026-04-30T16:25:02.674250,2.05,2.1
1166.825,2026-04-30T16:25:02.930245,2.04,2.1
1167.073,2026-04-30T16:25:03.178225,2.03,2.1
1167.365,2026-04-30T16:25:03.470407,2.04,2.1
1167.617,2026-04-30T16:25:03.722322,2.04,2.1
1167.861,2026-04-30T16:25:03.966223,2.04,2.1
1168.121,2026-04-30T16:25:04.226251,2.03,2.09
1168.365,2026-04-30T16:25:04.470352,2.02,2.09
1168.601,2026-04-30T16:25:04.706071,2.04,2.1
1168.857,2026-04-30T16:25:04.962227,2.05,2.1
1169.105,2026-04-30T16:25:05.210370,2.05,2.1
1169.361,2026-04-30T16:25:05.466186,2.02,2.1
1169.617,2026-04-30T16:25:05.722370,2.05,2.1
1169.873,2026-04-30T16:25:05.978266,2.04,2.1
1170.125,2026-04-30T16:25:06.230198,2.05,2.1
1170.385,2026-04-30T16:25:06.490198,2.03,2.1
1170.645,2026-04-30T16:25:06.750102,2.04,2.1
1170.905,2026-04-30T16:25:07.010331,2.04,2.1
1171.169,2026-04-30T16:25:07.274233,2.05,2.1
1171.405,2026-04-30T16:25:07.510301,2.04,2.1
1171.645,2026-04-30T16:25:07.750225,2.04,2.1
1171.897,2026-04-30T16:25:08.002136,2.05,2.1
1172.157,2026-04-30T16:25:08.262143,2.04,2.1
1172.409,2026-04-30T16:25:08.514211,2.04,2.1
1172.657,2026-04-30T16:25:08.761944,2.04,2.1
1172.913,2026-04-30T16:25:09.018156,2.03,2.1
1173.189,2026-04-30T16:25:09.294079,2.03,2.1
1173.437,2026-04-30T16:25:09.542168,2.04,2.1
1173.677,2026-04-30T16:25:09.782296,2.03,2.1
1173.937,2026-04-30T16:25:10.042103,2.03,2.1
1174.181,2026-04-30T16:25:10.286421,2.03,2.1
1174.429,2026-04-30T16:25:10.534280,2.03,2.1
1174.685,2026-04-30T16:25:10.790037,2.03,2.1
1174.941,2026-04-30T16:25:11.046296,2.05,2.1
1175.193,2026-04-30T16:25:11.298291,2.04,2.1
1175.445,2026-04-30T16:25:11.550188,2.03,2.1
1175.705,2026-04-30T16:25:11.810246,2.05,2.1
1175.949,2026-04-30T16:25:12.054131,2.04,2.1
1176.237,2026-04-30T16:25:12.341940,2.05,2.1
1176.473,2026-04-30T16:25:12.578171,2.03,2.1
1176.725,2026-04-30T16:25:12.830101,2.03,2.1
1176.993,2026-04-30T16:25:13.098134,2.04,2.11
1177.221,2026-04-30T16:25:13.325977,2.05,2.1
1177.489,2026-04-30T16:25:13.594123,2.05,2.1
1177.725,2026-04-30T16:25:13.830124,2.05,2.1
1177.977,2026-04-30T16:25:14.082222,2.04,2.09
1178.233,2026-04-30T16:25:14.338201,2.04,2.1
1178.486,2026-04-30T16:25:14.591424,2.03,2.09
1178.741,2026-04-30T16:25:14.846315,2.05,2.1
1178.989,2026-04-30T16:25:15.093848,2.04,2.1
1179.273,2026-04-30T16:25:15.378141,2.04,2.1
1179.517,2026-04-30T16:25:15.622294,2.04,2.09
1179.785,2026-04-30T16:25:15.890105,2.04,2.1
1180.001,2026-04-30T16:25:16.106157,2.04,2.1
1180.261,2026-04-30T16:25:16.366065,2.04,2.1
1180.514,2026-04-30T16:25:16.619299,2.03,2.09
1180.773,2026-04-30T16:25:16.878098,2.03,2.1
1181.029,2026-04-30T16:25:17.134155,2.04,2.1
1181.285,2026-04-30T16:25:17.390009,2.04,2.1
1181.557,2026-04-30T16:25:17.661961,2.04,2.1
1181.781,2026-04-30T16:25:17.886355,2.04,2.1
1182.033,2026-04-30T16:25:18.138010,2.04,2.1
1182.301,2026-04-30T16:25:18.406131,2.05,2.1
1182.553,2026-04-30T16:25:18.658288,2.04,2.09
1182.813,2026-04-30T16:25:18.918039,2.04,2.1
1183.041,2026-04-30T16:25:19.146073,2.04,2.1
1183.301,2026-04-30T16:25:19.405966,2.06,2.11
1183.553,2026-04-30T16:25:19.658282,2.04,2.1
1183.809,2026-04-30T16:25:19.914027,2.04,2.1
1184.069,2026-04-30T16:25:20.174076,2.05,2.1
1184.321,2026-04-30T16:25:20.426016,2.04,2.1
1184.569,2026-04-30T16:25:20.674042,2.05,2.1
1184.825,2026-04-30T16:25:20.929971,2.04,2.09
1185.077,2026-04-30T16:25:21.182170,2.05,2.1
1185.349,2026-04-30T16:25:21.453889,2.04,2.1
1185.601,2026-04-30T16:25:21.706060,2.03,2.09
1185.857,2026-04-30T16:25:21.962053,2.05,2.1
1186.113,2026-04-30T16:25:22.218086,2.03,2.09
1186.353,2026-04-30T16:25:22.458399,2.04,2.1
1186.613,2026-04-30T16:25:22.718093,2.04,2.1
1186.873,2026-04-30T16:25:22.977846,2.05,2.1
1187.117,2026-04-30T16:25:23.222153,2.05,2.1
1187.361,2026-04-30T16:25:23.465940,2.05,2.1
1187.621,2026-04-30T16:25:23.726035,2.04,2.1
1187.873,2026-04-30T16:25:23.977946,2.04,2.09
1188.141,2026-04-30T16:25:24.246186,2.04,2.09
1188.401,2026-04-30T16:25:24.506053,2.04,2.09
1188.645,2026-04-30T16:25:24.749924,2.05,2.1
1188.901,2026-04-30T16:25:25.006033,2.03,2.09
1189.157,2026-04-30T16:25:25.262067,2.05,2.09
1189.413,2026-04-30T16:25:25.517891,2.02,2.1
1189.653,2026-04-30T16:25:25.758272,2.03,2.1
1189.905,2026-04-30T16:25:26.010222,2.05,2.1
1190.157,2026-04-30T16:25:26.261957,2.04,2.1
1190.409,2026-04-30T16:25:26.513959,2.03,2.09
1190.661,2026-04-30T16:25:26.766001,2.03,2.09
1190.929,2026-04-30T16:25:27.034248,2.04,2.09
1191.169,2026-04-30T16:25:27.274060,2.04,2.09
1191.425,2026-04-30T16:25:27.529868,2.04,2.09
1191.685,2026-04-30T16:25:27.790199,2.04,2.1
1191.941,2026-04-30T16:25:28.046114,2.04,2.1
1192.197,2026-04-30T16:25:28.301999,2.04,2.09
1192.437,2026-04-30T16:25:28.542097,2.04,2.1
1192.689,2026-04-30T16:25:28.793917,2.05,2.1
1192.941,2026-04-30T16:25:29.046117,2.05,2.09
1193.197,2026-04-30T16:25:29.301936,2.04,2.1
1193.453,2026-04-30T16:25:29.558145,2.05,2.1
1193.696,2026-04-30T16:25:29.801777,2.03,2.1
1193.953,2026-04-30T16:25:30.058229,2.04,2.1
1194.241,2026-04-30T16:25:30.346170,2.04,2.09
1194.469,2026-04-30T16:25:30.573990,2.05,2.11
1194.753,2026-04-30T16:25:30.858160,2.05,2.1
1194.969,2026-04-30T16:25:31.074026,2.04,2.1
1195.229,2026-04-30T16:25:31.334299,2.05,2.1
1195.477,2026-04-30T16:25:31.582189,2.04,2.1
1195.737,2026-04-30T16:25:31.841844,2.05,2.11
1195.989,2026-04-30T16:25:32.094097,2.06,2.11
1196.249,2026-04-30T16:25:32.354030,2.05,2.11
1196.509,2026-04-30T16:25:32.614197,2.04,2.1
1196.773,2026-04-30T16:25:32.877992,2.05,2.1
1197.025,2026-04-30T16:25:33.129991,2.04,2.1
1197.269,2026-04-30T16:25:33.374104,2.03,2.11
1197.517,2026-04-30T16:25:33.622283,2.03,2.1
1197.768,2026-04-30T16:25:33.873784,2.04,2.1
1198.025,2026-04-30T16:25:34.129984,2.03,2.1
1198.281,2026-04-30T16:25:34.386239,2.04,2.11
1198.541,2026-04-30T16:25:34.646162,2.03,2.1
1198.793,2026-04-30T16:25:34.898150,2.03,2.1
1199.041,2026-04-30T16:25:35.146151,2.04,2.1
1199.301,2026-04-30T16:25:35.405971,2.03,2.1
1199.577,2026-04-30T16:25:35.682134,2.04,2.11
1199.820,2026-04-30T16:25:35.925790,2.05,2.1
1200.069,2026-04-30T16:25:36.173953,2.05,2.1
1200.313,2026-04-30T16:25:36.417979,2.04,2.11
1200.589,2026-04-30T16:25:36.693963,2.04,2.1
1200.821,2026-04-30T16:25:36.925990,2.05,2.1
1201.073,2026-04-30T16:25:37.178201,2.05,2.11
1201.325,2026-04-30T16:25:37.429973,2.04,2.1
1201.577,2026-04-30T16:25:37.682183,2.05,2.1
1201.829,2026-04-30T16:25:37.934800,2.03,2.1
1202.077,2026-04-30T16:25:38.182009,2.03,2.1
1202.365,2026-04-30T16:25:38.470104,2.05,2.1
1202.629,2026-04-30T16:25:38.734198,2.04,2.1
1202.869,2026-04-30T16:25:38.973957,2.04,2.1
1203.129,2026-04-30T16:25:39.234201,2.04,2.1
1203.353,2026-04-30T16:25:39.458032,2.05,2.1
1203.609,2026-04-30T16:25:39.714001,2.05,2.1
1203.861,2026-04-30T16:25:39.966037,2.04,2.1
1204.113,2026-04-30T16:25:40.217870,2.04,2.1
1204.369,2026-04-30T16:25:40.474095,2.04,2.1
1204.625,2026-04-30T16:25:40.729898,2.03,2.1
1204.881,2026-04-30T16:25:40.986163,2.04,2.1
1205.125,2026-04-30T16:25:41.229967,2.04,2.1
1205.397,2026-04-30T16:25:41.501991,2.05,2.1
1205.657,2026-04-30T16:25:41.761996,2.03,2.1
1205.901,2026-04-30T16:25:42.005941,2.05,2.1
1206.161,2026-04-30T16:25:42.265935,2.04,2.1
1206.389,2026-04-30T16:25:42.493952,2.05,2.1
1206.637,2026-04-30T16:25:42.742010,2.04,2.1
1206.889,2026-04-30T16:25:42.993951,2.03,2.1
1207.145,2026-04-30T16:25:43.249955,2.04,2.1
1207.401,2026-04-30T16:25:43.506006,2.04,2.1
1207.657,2026-04-30T16:25:43.762005,2.04,2.1
1207.913,2026-04-30T16:25:44.017982,2.06,2.1
1208.165,2026-04-30T16:25:44.269924,2.05,2.1
1208.441,2026-04-30T16:25:44.546127,2.04,2.1
1208.689,2026-04-30T16:25:44.793862,2.04,2.1
1208.945,2026-04-30T16:25:45.049976,2.06,2.1
1209.181,2026-04-30T16:25:45.286122,2.05,2.1
1209.437,2026-04-30T16:25:45.542035,2.05,2.1
1209.693,2026-04-30T16:25:45.798106,2.06,2.1
1209.941,2026-04-30T16:25:46.046042,2.05,2.1
1210.193,2026-04-30T16:25:46.297876,2.06,2.1
1210.448,2026-04-30T16:25:46.553782,2.05,2.1
1210.709,2026-04-30T16:25:46.814074,2.05,2.1
1210.961,2026-04-30T16:25:47.065847,2.04,2.1
1211.221,2026-04-30T16:25:47.326006,2.06,2.1
1211.493,2026-04-30T16:25:47.598189,2.04,2.1
1211.721,2026-04-30T16:25:47.826124,2.04,2.1
1211.977,2026-04-30T16:25:48.082075,2.05,2.1
1212.217,2026-04-30T16:25:48.322109,2.04,2.1
1212.477,2026-04-30T16:25:48.581941,2.06,2.12
1212.729,2026-04-30T16:25:48.834196,2.05,2.1
1212.981,2026-04-30T16:25:49.086235,2.04,2.11
1213.241,2026-04-30T16:25:49.346199,2.03,2.1
1213.493,2026-04-30T16:25:49.598062,2.04,2.1
1213.749,2026-04-30T16:25:49.853995,2.04,2.1
1214.029,2026-04-30T16:25:50.134031,2.04,2.1
1214.273,2026-04-30T16:25:50.378023,2.05,2.11
1214.525,2026-04-30T16:25:50.630424,2.04,2.1
1214.781,2026-04-30T16:25:50.886217,2.05,2.11
1215.021,2026-04-30T16:25:51.126184,2.05,2.1
1215.273,2026-04-30T16:25:51.378079,2.04,2.1
1215.533,2026-04-30T16:25:51.637950,2.03,2.1
1215.773,2026-04-30T16:25:51.878035,2.04,2.1
1216.021,2026-04-30T16:25:52.126171,2.05,2.1
1216.281,2026-04-30T16:25:52.386205,2.04,2.1
1216.537,2026-04-30T16:25:52.641844,2.05,2.1
1216.785,2026-04-30T16:25:52.890021,2.05,2.1
1217.061,2026-04-30T16:25:53.165990,2.05,2.11
1217.313,2026-04-30T16:25:53.418028,2.05,2.11
1217.569,2026-04-30T16:25:53.673941,2.06,2.1
1217.817,2026-04-30T16:25:53.922035,2.05,2.11
1218.057,2026-04-30T16:25:54.161876,2.05,2.1
1218.309,2026-04-30T16:25:54.414050,2.05,2.1
1218.560,2026-04-30T16:25:54.665774,2.06,2.11
1218.813,2026-04-30T16:25:54.918010,2.05,2.1
1219.065,2026-04-30T16:25:55.170021,2.06,2.11
1219.317,2026-04-30T16:25:55.422034,2.05,2.11
1219.577,2026-04-30T16:25:55.682104,2.05,2.1
1219.833,2026-04-30T16:25:55.937967,2.06,2.1
1220.089,2026-04-30T16:25:56.194079,2.04,2.1
1220.349,2026-04-30T16:25:56.453956,2.04,2.1
1220.620,2026-04-30T16:25:56.725772,2.05,2.1
1220.849,2026-04-30T16:25:56.953944,2.05,2.1
1221.093,2026-04-30T16:25:57.198014,2.05,2.1
1221.353,2026-04-30T16:25:57.458068,2.05,2.1
1221.597,2026-04-30T16:25:57.701910,2.05,2.1
1221.849,2026-04-30T16:25:57.953978,2.05,2.1
1222.105,2026-04-30T16:25:58.210017,2.03,2.1
1222.361,2026-04-30T16:25:58.465997,2.05,2.1
1222.601,2026-04-30T16:25:58.705975,2.05,2.1
1222.861,2026-04-30T16:25:58.965847,2.06,2.1
1223.149,2026-04-30T16:25:59.253957,2.05,2.1
1223.397,2026-04-30T16:25:59.501924,2.05,2.1
1223.641,2026-04-30T16:25:59.746060,2.05,2.1
1223.873,2026-04-30T16:25:59.977990,2.07,2.1
1224.161,2026-04-30T16:26:00.265936,2.07,2.1
1224.385,2026-04-30T16:26:00.489992,2.04,2.1
1224.641,2026-04-30T16:26:00.746061,2.06,2.1
1224.896,2026-04-30T16:26:01.001733,2.03,2.09
1225.153,2026-04-30T16:26:01.258062,2.06,2.1
1225.385,2026-04-30T16:26:01.489960,2.05,2.1
1225.653,2026-04-30T16:26:01.757941,2.06,2.1
1225.925,2026-04-30T16:26:02.029887,2.04,2.1
1226.169,2026-04-30T16:26:02.273935,2.05,2.1
1226.437,2026-04-30T16:26:02.541905,2.07,2.1
1226.681,2026-04-30T16:26:02.786143,2.07,2.1
1226.912,2026-04-30T16:26:03.017663,2.07,2.1
1227.173,2026-04-30T16:26:03.277894,2.05,2.1
1227.425,2026-04-30T16:26:03.529904,2.07,2.1
1227.681,2026-04-30T16:26:03.786005,2.07,2.1
1227.933,2026-04-30T16:26:04.037852,2.06,2.1
1228.177,2026-04-30T16:26:04.282053,2.06,2.1
1228.437,2026-04-30T16:26:04.541930,2.07,2.1
1228.693,2026-04-30T16:26:04.797997,2.04,2.1
1228.960,2026-04-30T16:26:05.065691,2.06,2.1
1229.212,2026-04-30T16:26:05.317758,2.07,2.1
1229.469,2026-04-30T16:26:05.573960,2.07,2.1
1229.709,2026-04-30T16:26:05.813901,2.07,2.1
1229.961,2026-04-30T16:26:06.065951,2.05,2.1
1230.213,2026-04-30T16:26:06.317852,2.05,2.1
1230.465,2026-04-30T16:26:06.570065,2.07,2.1
1230.717,2026-04-30T16:26:06.822113,2.05,2.11
1230.973,2026-04-30T16:26:07.077968,2.05,2.1
1231.229,2026-04-30T16:26:07.333979,2.06,2.1
1231.481,2026-04-30T16:26:07.586180,2.06,2.1
1231.741,2026-04-30T16:26:07.845981,2.05,2.1
1232.005,2026-04-30T16:26:08.110105,2.05,2.1
1232.273,2026-04-30T16:26:08.377892,2.06,2.1
1232.501,2026-04-30T16:26:08.606119,2.07,2.1
1232.784,2026-04-30T16:26:08.889830,2.05,2.1
1233.009,2026-04-30T16:26:09.114049,2.06,2.1
1233.265,2026-04-30T16:26:09.369865,2.06,2.1
1233.521,2026-04-30T16:26:09.626432,2.05,2.1
1233.781,2026-04-30T16:26:09.886113,2.06,2.1
1234.008,2026-04-30T16:26:10.113813,2.06,2.11
1234.269,2026-04-30T16:26:10.373895,2.04,2.1
1234.521,2026-04-30T16:26:10.626144,2.07,2.1
1234.805,2026-04-30T16:26:10.910013,2.07,2.11
1235.053,2026-04-30T16:26:11.158100,2.07,2.1
1235.317,2026-04-30T16:26:11.421932,2.06,2.1
1235.561,2026-04-30T16:26:11.665852,2.06,2.1
1235.793,2026-04-30T16:26:11.897879,2.06,2.1
1236.045,2026-04-30T16:26:12.149937,2.07,2.1
1236.300,2026-04-30T16:26:12.405755,2.07,2.1
1236.557,2026-04-30T16:26:12.661875,2.06,2.1
1236.805,2026-04-30T16:26:12.909984,2.06,2.1
1237.061,2026-04-30T16:26:13.165908,2.07,2.1
1237.308,2026-04-30T16:26:13.413720,2.06,2.1
1237.588,2026-04-30T16:26:13.693824,2.06,2.1
1237.849,2026-04-30T16:26:13.953911,2.06,2.1
1238.093,2026-04-30T16:26:14.198022,2.06,2.1
1238.349,2026-04-30T16:26:14.453928,2.07,2.1
1238.596,2026-04-30T16:26:14.701778,2.08,2.1
1238.837,2026-04-30T16:26:14.941895,2.07,2.1
1239.101,2026-04-30T16:26:15.205999,2.07,2.1
1239.345,2026-04-30T16:26:15.449924,2.08,2.1
1239.596,2026-04-30T16:26:15.701757,2.07,2.1
1239.857,2026-04-30T16:26:15.961883,2.07,2.1
1240.117,2026-04-30T16:26:16.222052,2.08,2.1
1240.365,2026-04-30T16:26:16.470002,2.08,2.1
1240.653,2026-04-30T16:26:16.758045,2.08,2.1
1240.905,2026-04-30T16:26:17.010094,2.07,2.1
1241.148,2026-04-30T16:26:17.253792,2.08,2.1
1241.381,2026-04-30T16:26:17.486104,2.08,2.1
1241.641,2026-04-30T16:26:17.745906,2.06,2.1
1241.888,2026-04-30T16:26:17.993821,2.08,2.1
1242.145,2026-04-30T16:26:18.249907,2.06,2.1
1242.401,2026-04-30T16:26:18.505980,2.08,2.1
1242.653,2026-04-30T16:26:18.758015,2.07,2.1
1242.905,2026-04-30T16:26:19.010090,2.08,2.1
1243.161,2026-04-30T16:26:19.265906,2.06,2.1
1243.453,2026-04-30T16:26:19.558064,2.08,2.1
1243.688,2026-04-30T16:26:19.793681,2.07,2.1
1243.941,2026-04-30T16:26:20.046012,2.08,2.1
1244.177,2026-04-30T16:26:20.282071,2.07,2.1
1244.461,2026-04-30T16:26:20.565962,2.07,2.1
1244.685,2026-04-30T16:26:20.789898,2.06,2.1
1244.941,2026-04-30T16:26:21.046000,2.07,2.1
1245.189,2026-04-30T16:26:21.293980,2.08,2.1
1245.445,2026-04-30T16:26:21.549883,2.08,2.1
1245.696,2026-04-30T16:26:21.801664,2.09,2.1
1245.944,2026-04-30T16:26:22.049787,2.06,2.09
1246.217,2026-04-30T16:26:22.322023,2.09,2.1
1246.465,2026-04-30T16:26:22.570056,2.06,2.1
1246.720,2026-04-30T16:26:22.825804,2.08,2.1
1246.977,2026-04-30T16:26:23.082043,2.1,2.1
1247.212,2026-04-30T16:26:23.317823,2.08,2.1
1247.489,2026-04-30T16:26:23.594020,2.08,2.1
1247.725,2026-04-30T16:26:23.829880,2.07,2.1
1247.981,2026-04-30T16:26:24.086067,2.08,2.11
1248.233,2026-04-30T16:26:24.337847,2.09,2.1
1248.488,2026-04-30T16:26:24.593793,2.08,2.1
1248.741,2026-04-30T16:26:24.845950,2.07,2.1
1248.997,2026-04-30T16:26:25.101879,2.09,2.11
1249.249,2026-04-30T16:26:25.353867,2.08,2.1
1249.521,2026-04-30T16:26:25.626077,2.07,2.09
1249.773,2026-04-30T16:26:25.877896,2.07,2.1
1250.032,2026-04-30T16:26:26.137762,2.07,2.1
1250.268,2026-04-30T16:26:26.373805,2.09,2.1
1250.522,2026-04-30T16:26:26.626953,2.1,2.1
1250.777,2026-04-30T16:26:26.881995,2.07,2.11
1251.032,2026-04-30T16:26:27.137702,2.08,2.1
1251.277,2026-04-30T16:26:27.381973,2.08,2.1
1251.537,2026-04-30T16:26:27.641839,2.06,2.09
1251.781,2026-04-30T16:26:27.886032,2.07,2.09
1252.072,2026-04-30T16:26:28.177741,2.08,2.1
1252.317,2026-04-30T16:26:28.422022,2.08,2.1
1252.569,2026-04-30T16:26:28.673904,2.07,2.1
1252.805,2026-04-30T16:26:28.909943,2.07,2.1
1253.061,2026-04-30T16:26:29.165876,2.08,2.1
1253.305,2026-04-30T16:26:29.409957,2.07,2.1
1253.561,2026-04-30T16:26:29.665936,2.07,2.09
1253.809,2026-04-30T16:26:29.913869,2.07,2.1
1254.064,2026-04-30T16:26:30.169751,2.08,2.1
1254.321,2026-04-30T16:26:30.426114,2.09,2.1
1254.576,2026-04-30T16:26:30.681777,2.07,2.1
1254.833,2026-04-30T16:26:30.937903,2.09,2.09
1255.096,2026-04-30T16:26:31.201758,2.09,2.1
1255.369,2026-04-30T16:26:31.473854,2.09,2.1
1255.625,2026-04-30T16:26:31.729845,2.07,2.1
1255.877,2026-04-30T16:26:31.981957,2.07,2.09
1256.104,2026-04-30T16:26:32.209758,2.08,2.1
1256.345,2026-04-30T16:26:32.450020,2.08,2.09
1256.609,2026-04-30T16:26:32.713930,2.1,2.1
1256.861,2026-04-30T16:26:32.965851,2.08,2.1
1257.109,2026-04-30T16:26:33.213912,2.1,2.1
1257.365,2026-04-30T16:26:33.469981,2.08,2.1
1257.613,2026-04-30T16:26:33.717852,2.09,2.1
1257.901,2026-04-30T16:26:34.005941,2.08,2.1
1258.129,2026-04-30T16:26:34.234036,2.1,2.1
1258.400,2026-04-30T16:26:34.505715,2.1,2.1
1258.637,2026-04-30T16:26:34.741893,2.07,2.1
1258.885,2026-04-30T16:26:34.989928,2.09,2.1
1259.141,2026-04-30T16:26:35.246047,2.08,2.1
1259.393,2026-04-30T16:26:35.497965,2.08,2.09
1259.648,2026-04-30T16:26:35.753811,2.08,2.1
1259.901,2026-04-30T16:26:36.005851,2.09,2.1
1260.153,2026-04-30T16:26:36.257948,2.08,2.09
1260.408,2026-04-30T16:26:36.513769,2.09,2.09
1260.661,2026-04-30T16:26:36.765859,2.08,2.09
1260.949,2026-04-30T16:26:37.053897,2.08,2.1
1261.189,2026-04-30T16:26:37.293849,2.09,2.1
1261.424,2026-04-30T16:26:37.529809,2.09,2.1
1261.709,2026-04-30T16:26:37.813894,2.08,2.09
1261.932,2026-04-30T16:26:38.037782,2.1,2.1
1262.193,2026-04-30T16:26:38.298021,2.1,2.1
1262.448,2026-04-30T16:26:38.553712,2.09,2.1
1262.689,2026-04-30T16:26:38.793886,2.09,2.1
1262.944,2026-04-30T16:26:39.049765,2.1,2.1
1263.193,2026-04-30T16:26:39.297889,2.08,2.1
1263.456,2026-04-30T16:26:39.561630,2.09,2.1
1263.705,2026-04-30T16:26:39.809940,2.09,2.1
1263.961,2026-04-30T16:26:40.065843,2.09,2.1
1264.209,2026-04-30T16:26:40.313907,2.11,2.11
1264.464,2026-04-30T16:26:40.569716,2.11,2.11
1264.725,2026-04-30T16:26:40.829875,2.09,2.1
1264.981,2026-04-30T16:26:41.086066,2.08,2.11
1265.237,2026-04-30T16:26:41.341889,2.1,2.11
1265.489,2026-04-30T16:26:41.593862,2.11,2.11
1265.741,2026-04-30T16:26:41.845963,2.09,2.1
1265.988,2026-04-30T16:26:42.093745,2.1,2.1
1266.244,2026-04-30T16:26:42.349811,2.1,2.11
1266.496,2026-04-30T16:26:42.601780,2.08,2.1
1266.748,2026-04-30T16:26:42.853640,2.08,2.1
1267.017,2026-04-30T16:26:43.121962,2.1,2.1
1267.268,2026-04-30T16:26:43.373675,2.08,2.1
1267.525,2026-04-30T16:26:43.629844,2.09,2.1
1267.772,2026-04-30T16:26:43.877714,2.1,2.11
1268.025,2026-04-30T16:26:44.129861,2.1,2.1
1268.277,2026-04-30T16:26:44.381974,2.12,2.11
1268.537,2026-04-30T16:26:44.641850,2.09,2.1
1268.788,2026-04-30T16:26:44.893654,2.11,2.11
1269.041,2026-04-30T16:26:45.145974,2.1,2.1
1269.293,2026-04-30T16:26:45.397944,2.08,2.1
1269.553,2026-04-30T16:26:45.657897,2.12,2.11
1269.820,2026-04-30T16:26:45.925787,2.1,2.1
1270.072,2026-04-30T16:26:46.177807,2.11,2.11
1270.313,2026-04-30T16:26:46.417905,2.11,2.11
1270.569,2026-04-30T16:26:46.673866,2.09,2.1
1270.820,2026-04-30T16:26:46.925789,2.11,2.11
1271.073,2026-04-30T16:26:47.177964,2.09,2.1
1271.324,2026-04-30T16:26:47.429809,2.09,2.1
1271.577,2026-04-30T16:26:47.681922,2.1,2.11
1271.829,2026-04-30T16:26:47.934643,2.11,2.11
1272.081,2026-04-30T16:26:48.186075,2.11,2.11
1272.336,2026-04-30T16:26:48.441829,2.11,2.1
1272.609,2026-04-30T16:26:48.713920,2.1,2.1
1272.848,2026-04-30T16:26:48.953565,2.12,2.11
1273.100,2026-04-30T16:26:49.205817,2.11,2.11
1273.353,2026-04-30T16:26:49.457867,2.1,2.11
1273.608,2026-04-30T16:26:49.713806,2.1,2.1
1273.865,2026-04-30T16:26:49.969963,2.1,2.1
1274.129,2026-04-30T16:26:50.234138,2.09,2.1
1274.384,2026-04-30T16:26:50.489640,2.1,2.1
1274.629,2026-04-30T16:26:50.734028,2.1,2.1
1274.872,2026-04-30T16:26:50.977736,2.11,2.12
1275.129,2026-04-30T16:26:51.233965,2.09,2.1
1275.381,2026-04-30T16:26:51.485951,2.11,2.11
1275.648,2026-04-30T16:26:51.753768,2.09,2.1
1275.900,2026-04-30T16:26:52.005711,2.1,2.11
1276.153,2026-04-30T16:26:52.257871,2.11,2.11
1276.405,2026-04-30T16:26:52.509892,2.09,2.1
1276.656,2026-04-30T16:26:52.761816,2.11,2.1
1276.908,2026-04-30T16:26:53.013831,2.09,2.11
1277.168,2026-04-30T16:26:53.273684,2.09,2.1
1277.432,2026-04-30T16:26:53.537731,2.1,2.11
1277.665,2026-04-30T16:26:53.769944,2.11,2.11
1277.920,2026-04-30T16:26:54.025716,2.11,2.1
1278.192,2026-04-30T16:26:54.297724,2.1,2.1
1278.441,2026-04-30T16:26:54.546079,2.1,2.1
1278.685,2026-04-30T16:26:54.789848,2.11,2.1
1278.948,2026-04-30T16:26:55.053727,2.1,2.11
1279.188,2026-04-30T16:26:55.293672,2.09,2.1
1279.445,2026-04-30T16:26:55.549849,2.1,2.1
1279.697,2026-04-30T16:26:55.801850,2.09,2.1
1279.945,2026-04-30T16:26:56.049837,2.11,2.1
1280.200,2026-04-30T16:26:56.305816,2.12,2.11
1280.453,2026-04-30T16:26:56.558138,2.1,2.11
1280.709,2026-04-30T16:26:56.813890,2.12,2.11
1280.973,2026-04-30T16:26:57.077936,2.09,2.1
1281.232,2026-04-30T16:26:57.337597,2.1,2.1
1281.489,2026-04-30T16:26:57.594433,2.09,2.1
1281.729,2026-04-30T16:26:57.834045,2.11,2.1
1281.984,2026-04-30T16:26:58.089754,2.11,2.1
1282.232,2026-04-30T16:26:58.337772,2.1,2.1
1282.493,2026-04-30T16:26:58.597995,2.08,2.1
1282.744,2026-04-30T16:26:58.849819,2.1,2.11
1282.993,2026-04-30T16:26:59.097955,2.11,2.1
1283.244,2026-04-30T16:26:59.349640,2.1,2.1
1283.501,2026-04-30T16:26:59.606109,2.09,2.1
1283.756,2026-04-30T16:26:59.861768,2.1,2.1
1284.029,2026-04-30T16:27:00.134005,2.12,2.11
1284.281,2026-04-30T16:27:00.385951,2.12,2.1
1284.536,2026-04-30T16:27:00.641803,2.1,2.1
1284.788,2026-04-30T16:27:00.893692,2.1,2.1
1285.024,2026-04-30T16:27:01.129754,2.12,2.11
1285.281,2026-04-30T16:27:01.386042,2.09,2.1
1285.536,2026-04-30T16:27:01.641695,2.1,2.1
1285.784,2026-04-30T16:27:01.889812,2.09,2.11
1286.044,2026-04-30T16:27:02.149789,2.1,2.11
1286.293,2026-04-30T16:27:02.397887,2.1,2.1
1286.553,2026-04-30T16:27:02.657879,2.11,2.1
1286.817,2026-04-30T16:27:02.921988,2.09,2.1
1287.072,2026-04-30T16:27:03.177836,2.11,2.1
1287.308,2026-04-30T16:27:03.413804,2.09,2.1
1287.584,2026-04-30T16:27:03.689705,2.09,2.1
1287.820,2026-04-30T16:27:03.925777,2.1,2.1
1288.072,2026-04-30T16:27:04.177812,2.1,2.1
1288.324,2026-04-30T16:27:04.429660,2.11,2.1
1288.577,2026-04-30T16:27:04.681923,2.11,2.1
1288.825,2026-04-30T16:27:04.929956,2.11,2.1
1289.081,2026-04-30T16:27:05.185919,2.1,2.1
1289.337,2026-04-30T16:27:05.441933,2.12,2.1
1289.592,2026-04-30T16:27:05.697685,2.11,2.1
1289.848,2026-04-30T16:27:05.953818,2.12,2.1
1290.105,2026-04-30T16:27:06.209916,2.11,2.1
1290.369,2026-04-30T16:27:06.473893,2.1,2.1
1290.629,2026-04-30T16:27:06.733994,2.11,2.1
1290.856,2026-04-30T16:27:06.961795,2.1,2.09
1291.108,2026-04-30T16:27:07.213802,2.1,2.1
1291.360,2026-04-30T16:27:07.465791,2.12,2.1
1291.620,2026-04-30T16:27:07.725585,2.1,2.1
1291.876,2026-04-30T16:27:07.981816,2.12,2.1
1292.120,2026-04-30T16:27:08.225818,2.1,2.1
1292.369,2026-04-30T16:27:08.473840,2.1,2.1
1292.624,2026-04-30T16:27:08.729613,2.11,2.11
1292.884,2026-04-30T16:27:08.989812,2.11,2.1
1293.148,2026-04-30T16:27:09.253801,2.1,2.1
1293.397,2026-04-30T16:27:09.501872,2.12,2.1
1293.652,2026-04-30T16:27:09.757758,2.1,2.1
1293.905,2026-04-30T16:27:10.009836,2.1,2.1
1294.156,2026-04-30T16:27:10.261734,2.11,2.1
1294.408,2026-04-30T16:27:10.513769,2.12,2.1
1294.668,2026-04-30T16:27:10.773798,2.1,2.1
1294.932,2026-04-30T16:27:11.037797,2.12,2.1
1295.165,2026-04-30T16:27:11.269851,2.09,2.09
1295.417,2026-04-30T16:27:11.521978,2.12,2.1
1295.688,2026-04-30T16:27:11.793788,2.12,2.09
1295.948,2026-04-30T16:27:12.053659,2.11,2.1
1296.208,2026-04-30T16:27:12.313829,2.12,2.1
1296.460,2026-04-30T16:27:12.565771,2.11,2.09
1296.677,2026-04-30T16:27:12.781902,2.1,2.1
1296.937,2026-04-30T16:27:13.041896,2.13,2.1
1297.188,2026-04-30T16:27:13.293731,2.12,2.1
1297.444,2026-04-30T16:27:13.549811,2.11,2.1
1297.700,2026-04-30T16:27:13.805777,2.13,2.11
1297.952,2026-04-30T16:27:14.057686,2.12,2.1
1298.200,2026-04-30T16:27:14.305758,2.11,2.1
1298.456,2026-04-30T16:27:14.561724,2.14,2.11
1298.732,2026-04-30T16:27:14.837764,2.11,2.1
1298.984,2026-04-30T16:27:15.089794,2.12,2.1
1299.229,2026-04-30T16:27:15.333947,2.13,2.11
1299.497,2026-04-30T16:27:15.602005,2.12,2.1
1299.720,2026-04-30T16:27:15.825641,2.13,2.1
1299.980,2026-04-30T16:27:16.085770,2.12,2.1
1300.236,2026-04-30T16:27:16.341738,2.12,2.1
1300.494,2026-04-30T16:27:16.598909,2.13,2.1
1300.744,2026-04-30T16:27:16.849726,2.12,2.11
1300.996,2026-04-30T16:27:17.101761,2.13,2.1
1301.244,2026-04-30T16:27:17.349711,2.13,2.1
1301.500,2026-04-30T16:27:17.605830,2.11,2.1
1301.756,2026-04-30T16:27:17.861715,2.11,2.1
1302.005,2026-04-30T16:27:18.109842,2.11,2.1
1302.288,2026-04-30T16:27:18.393834,2.11,2.1
1302.536,2026-04-30T16:27:18.641758,2.13,2.11
1302.764,2026-04-30T16:27:18.869789,2.13,2.1
1303.025,2026-04-30T16:27:19.129851,2.11,2.1
1303.277,2026-04-30T16:27:19.381917,2.1,2.1
1303.532,2026-04-30T16:27:19.637793,2.11,2.1
1303.781,2026-04-30T16:27:19.885970,2.13,2.1
1304.041,2026-04-30T16:27:20.145860,2.12,2.1
1304.281,2026-04-30T16:27:20.385863,2.13,2.11
1304.560,2026-04-30T16:27:20.665716,2.12,2.1
1304.788,2026-04-30T16:27:20.893718,2.12,2.1
1305.060,2026-04-30T16:27:21.165771,2.12,2.1
1305.312,2026-04-30T16:27:21.417656,2.13,2.1
1305.568,2026-04-30T16:27:21.673651,2.11,2.1
1305.824,2026-04-30T16:27:21.929802,2.11,2.1
1306.065,2026-04-30T16:27:22.169867,2.12,2.1
1306.316,2026-04-30T16:27:22.421746,2.11,2.11
1306.572,2026-04-30T16:27:22.677708,2.1,2.11
1306.829,2026-04-30T16:27:22.934679,2.11,2.1
1307.077,2026-04-30T16:27:23.181850,2.12,2.11
1307.336,2026-04-30T16:27:23.441707,2.13,2.1
1307.593,2026-04-30T16:27:23.697898,2.11,2.1
1307.844,2026-04-30T16:27:23.949698,2.13,2.11
1308.088,2026-04-30T16:27:24.193656,2.11,2.11
1308.344,2026-04-30T16:27:24.449498,2.12,2.1
1308.609,2026-04-30T16:27:24.714658,2.12,2.1
1308.865,2026-04-30T16:27:24.969857,2.11,2.1
1309.120,2026-04-30T16:27:25.225791,2.13,2.12
1309.372,2026-04-30T16:27:25.477671,2.12,2.11
1309.624,2026-04-30T16:27:25.729732,2.13,2.11
1309.868,2026-04-30T16:27:25.973720,2.11,2.11
1310.124,2026-04-30T16:27:26.229790,2.12,2.11
1310.376,2026-04-30T16:27:26.481764,2.12,2.11
1310.640,2026-04-30T16:27:26.745673,2.12,2.1
1310.893,2026-04-30T16:27:26.997879,2.12,2.11
1311.148,2026-04-30T16:27:27.253753,2.12,2.11
1311.396,2026-04-30T16:27:27.501763,2.14,2.12
1311.652,2026-04-30T16:27:27.757716,2.11,2.11
1311.884,2026-04-30T16:27:27.989825,2.13,2.11
1312.144,2026-04-30T16:27:28.249778,2.11,2.1
1312.396,2026-04-30T16:27:28.501749,2.13,2.11
1312.648,2026-04-30T16:27:28.753528,2.11,2.11
1312.905,2026-04-30T16:27:29.010069,2.12,2.1
1313.160,2026-04-30T16:27:29.265706,2.12,2.11
1313.417,2026-04-30T16:27:29.521847,2.13,2.11
1313.681,2026-04-30T16:27:29.785974,2.14,2.1
1313.929,2026-04-30T16:27:30.033883,2.13,2.11
1314.184,2026-04-30T16:27:30.289728,2.12,2.1
1314.436,2026-04-30T16:27:30.541745,2.13,2.11
1314.692,2026-04-30T16:27:30.797620,2.12,2.1
1314.949,2026-04-30T16:27:31.053859,2.13,2.1
1315.205,2026-04-30T16:27:31.309869,2.11,2.1
1315.432,2026-04-30T16:27:31.537712,2.11,2.09
1315.696,2026-04-30T16:27:31.801718,2.11,2.1
1315.948,2026-04-30T16:27:32.053719,2.13,2.1
1316.200,2026-04-30T16:27:32.305783,2.14,2.1
1316.452,2026-04-30T16:27:32.557822,2.13,2.1
1316.708,2026-04-30T16:27:32.813483,2.13,2.1
1316.981,2026-04-30T16:27:33.085957,2.12,2.09
1317.220,2026-04-30T16:27:33.325702,2.12,2.1
1317.477,2026-04-30T16:27:33.581894,2.12,2.1
1317.729,2026-04-30T16:27:33.833950,2.11,2.1
1317.984,2026-04-30T16:27:34.089726,2.13,2.1
1318.241,2026-04-30T16:27:34.345913,2.13,2.1
1318.484,2026-04-30T16:27:34.589734,2.12,2.1
1318.729,2026-04-30T16:27:34.833879,2.12,2.1
1318.988,2026-04-30T16:27:35.093644,2.12,2.11
1319.241,2026-04-30T16:27:35.345884,2.11,2.1
1319.497,2026-04-30T16:27:35.602038,2.11,2.1
1319.748,2026-04-30T16:27:35.853767,2.12,2.1
1320.008,2026-04-30T16:27:36.113799,2.14,2.1
1320.260,2026-04-30T16:27:36.365754,2.14,2.1
1320.513,2026-04-30T16:27:36.618078,2.1,2.09
1320.765,2026-04-30T16:27:36.869904,2.14,2.1
1321.016,2026-04-30T16:27:37.121768,2.12,2.1
1321.272,2026-04-30T16:27:37.377709,2.14,2.1
1321.552,2026-04-30T16:27:37.657794,2.13,2.1
1321.781,2026-04-30T16:27:37.885927,2.12,2.1
1322.029,2026-04-30T16:27:38.133947,2.14,2.1
1322.284,2026-04-30T16:27:38.389682,2.13,2.1
1322.548,2026-04-30T16:27:38.653826,2.12,2.1
1322.805,2026-04-30T16:27:38.909836,2.13,2.1
1323.064,2026-04-30T16:27:39.169727,2.13,2.1
1323.320,2026-04-30T16:27:39.425794,2.11,2.09
1323.560,2026-04-30T16:27:39.665766,2.12,2.1
1323.812,2026-04-30T16:27:39.917737,2.12,2.1
1324.064,2026-04-30T16:27:40.169820,2.13,2.11
1324.317,2026-04-30T16:27:40.421882,2.13,2.1
1324.560,2026-04-30T16:27:40.665697,2.13,2.1
1324.808,2026-04-30T16:27:40.913724,2.11,2.11
1325.068,2026-04-30T16:27:41.173433,2.11,2.1
1325.332,2026-04-30T16:27:41.437764,2.12,2.1
1325.572,2026-04-30T16:27:41.677718,2.12,2.1
1325.824,2026-04-30T16:27:41.929710,2.13,2.1
1326.084,2026-04-30T16:27:42.189700,2.11,2.1
1326.336,2026-04-30T16:27:42.441744,2.13,2.1
1326.600,2026-04-30T16:27:42.705731,2.14,2.1
1326.856,2026-04-30T16:27:42.961722,2.11,2.1
1327.096,2026-04-30T16:27:43.201584,2.13,2.1
1327.352,2026-04-30T16:27:43.457779,2.12,2.1
1327.604,2026-04-30T16:27:43.709829,2.13,2.1
1327.852,2026-04-30T16:27:43.957827,2.13,2.1
1328.108,2026-04-30T16:27:44.213629,2.13,2.11
1328.396,2026-04-30T16:27:44.501633,2.13,2.1
1328.636,2026-04-30T16:27:44.741743,2.12,2.1
1328.868,2026-04-30T16:27:44.973681,2.14,2.11
1329.124,2026-04-30T16:27:45.229724,2.12,2.1
1329.376,2026-04-30T16:27:45.481660,2.12,2.1
1329.636,2026-04-30T16:27:45.741800,2.11,2.09
1329.888,2026-04-30T16:27:45.993688,2.13,2.1
1330.144,2026-04-30T16:27:46.249781,2.13,2.1
1330.388,2026-04-30T16:27:46.493676,2.12,2.1
1330.644,2026-04-30T16:27:46.749733,2.12,2.1
1330.900,2026-04-30T16:27:47.005583,2.12,2.1
1331.152,2026-04-30T16:27:47.257792,2.13,2.11
1331.408,2026-04-30T16:27:47.513577,2.13,2.1
1331.656,2026-04-30T16:27:47.761604,2.14,2.11
1331.908,2026-04-30T16:27:48.013792,2.13,2.1
1332.164,2026-04-30T16:27:48.269794,2.12,2.1
1332.420,2026-04-30T16:27:48.525719,2.14,2.1
1332.676,2026-04-30T16:27:48.781815,2.12,2.1
1332.936,2026-04-30T16:27:49.041638,2.13,2.1
1333.181,2026-04-30T16:27:49.285921,2.13,2.1
1333.428,2026-04-30T16:27:49.533620,2.14,2.11
1333.688,2026-04-30T16:27:49.793657,2.12,2.1
1333.940,2026-04-30T16:27:50.045776,2.13,2.1
1334.208,2026-04-30T16:27:50.313824,2.13,2.1
1334.448,2026-04-30T16:27:50.553698,2.13,2.1
1334.705,2026-04-30T16:27:50.809860,2.13,2.1
1334.960,2026-04-30T16:27:51.065695,2.15,2.11
1335.212,2026-04-30T16:27:51.317753,2.14,2.1
1335.464,2026-04-30T16:27:51.569570,2.12,2.1
1335.717,2026-04-30T16:27:51.821909,2.11,2.1
1335.968,2026-04-30T16:27:52.073645,2.13,2.1
1336.220,2026-04-30T16:27:52.325668,2.13,2.1
1336.480,2026-04-30T16:27:52.585806,2.14,2.1
1336.732,2026-04-30T16:27:52.837697,2.12,2.1
1337.000,2026-04-30T16:27:53.105672,2.12,2.1
1337.256,2026-04-30T16:27:53.361701,2.14,2.11
1337.497,2026-04-30T16:27:53.602144,2.13,2.1
1337.752,2026-04-30T16:27:53.857593,2.12,2.1
1338.008,2026-04-30T16:27:54.113685,2.13,2.1
1338.272,2026-04-30T16:27:54.377759,2.12,2.09
1338.532,2026-04-30T16:27:54.637749,2.13,2.1
1338.768,2026-04-30T16:27:54.873733,2.11,2.1
1339.029,2026-04-30T16:27:55.133838,2.13,2.1
1339.272,2026-04-30T16:27:55.377679,2.14,2.1
1339.552,2026-04-30T16:27:55.657731,2.12,2.1
1339.776,2026-04-30T16:27:55.881673,2.13,2.1
1340.044,2026-04-30T16:27:56.149678,2.13,2.1
1340.300,2026-04-30T16:27:56.405719,2.15,2.11
1340.556,2026-04-30T16:27:56.661611,2.13,2.1
1340.820,2026-04-30T16:27:56.925717,2.13,2.1
1341.060,2026-04-30T16:27:57.165664,2.13,2.1
1341.312,2026-04-30T16:27:57.417746,2.14,2.1
1341.564,2026-04-30T16:27:57.669759,2.13,2.1
1341.816,2026-04-30T16:27:57.921609,2.11,2.1
1342.060,2026-04-30T16:27:58.165673,2.13,2.1
1342.320,2026-04-30T16:27:58.425722,2.13,2.1
1342.596,2026-04-30T16:27:58.701714,2.14,2.1
1342.844,2026-04-30T16:27:58.949651,2.12,2.1
1343.105,2026-04-30T16:27:59.209842,2.13,2.1
1343.348,2026-04-30T16:27:59.453598,2.14,2.1
1343.592,2026-04-30T16:27:59.697785,2.14,2.1
1343.840,2026-04-30T16:27:59.945444,2.15,2.1
1344.092,2026-04-30T16:28:00.197831,2.12,2.1
1344.344,2026-04-30T16:28:00.449766,2.14,2.1
1344.600,2026-04-30T16:28:00.705745,2.15,2.1
1344.848,2026-04-30T16:28:00.953786,2.11,2.1
1345.108,2026-04-30T16:28:01.213709,2.13,2.1
1345.364,2026-04-30T16:28:01.469831,2.14,2.1
1345.636,2026-04-30T16:28:01.741721,2.13,2.1
1345.888,2026-04-30T16:28:01.993615,2.14,2.1
1346.141,2026-04-30T16:28:02.245876,2.13,2.1
1346.376,2026-04-30T16:28:02.481778,2.15,2.11
1346.652,2026-04-30T16:28:02.757790,2.15,2.1
1346.892,2026-04-30T16:28:02.997824,2.13,2.1
1347.140,2026-04-30T16:28:03.245828,2.13,2.1
1347.384,2026-04-30T16:28:03.489690,2.15,2.1
1347.644,2026-04-30T16:28:03.749679,2.15,2.1
1347.896,2026-04-30T16:28:04.001672,2.14,2.1
1348.156,2026-04-30T16:28:04.261568,2.14,2.1
1348.429,2026-04-30T16:28:04.533928,2.15,2.1
1348.688,2026-04-30T16:28:04.793669,2.13,2.1
1348.941,2026-04-30T16:28:05.045893,2.15,2.1
1349.200,2026-04-30T16:28:05.305689,2.13,2.1
1349.429,2026-04-30T16:28:05.533991,2.13,2.1
1349.676,2026-04-30T16:28:05.781759,2.14,2.1
1349.929,2026-04-30T16:28:06.033959,2.12,2.09
1350.188,2026-04-30T16:28:06.293535,2.15,2.1
1350.444,2026-04-30T16:28:06.549749,2.15,2.1
1350.705,2026-04-30T16:28:06.809843,2.14,2.1
1350.952,2026-04-30T16:28:07.057741,2.12,2.1
1351.224,2026-04-30T16:28:07.329688,2.14,2.1
1351.472,2026-04-30T16:28:07.577652,2.14,2.1
1351.724,2026-04-30T16:28:07.829747,2.13,2.1
1351.996,2026-04-30T16:28:08.101603,2.14,2.1
1352.224,2026-04-30T16:28:08.329447,2.14,2.1
1352.476,2026-04-30T16:28:08.581801,2.15,2.1
1352.732,2026-04-30T16:28:08.837715,2.14,2.1
1352.988,2026-04-30T16:28:09.093676,2.13,2.1
1353.241,2026-04-30T16:28:09.345879,2.13,2.1
1353.498,2026-04-30T16:28:09.602872,2.13,2.09
1353.752,2026-04-30T16:28:09.857829,2.14,2.1
1354.020,2026-04-30T16:28:10.125569,2.14,2.1
1354.296,2026-04-30T16:28:10.401434,2.13,2.1
1354.536,2026-04-30T16:28:10.641657,2.14,2.09
1354.800,2026-04-30T16:28:10.905721,2.14,2.1
1355.017,2026-04-30T16:28:11.121967,2.12,2.1
1355.268,2026-04-30T16:28:11.373701,2.12,2.1
1355.532,2026-04-30T16:28:11.637703,2.15,2.1
1355.777,2026-04-30T16:28:11.881887,2.15,2.1
1356.036,2026-04-30T16:28:12.141563,2.13,2.1
1356.284,2026-04-30T16:28:12.389682,2.15,2.1
1356.540,2026-04-30T16:28:12.645688,2.13,2.1
1356.788,2026-04-30T16:28:12.893684,2.14,2.1
1357.065,2026-04-30T16:28:13.169891,2.14,2.1
1357.317,2026-04-30T16:28:13.421847,2.14,2.09
1357.568,2026-04-30T16:28:13.673641,2.12,2.1
1357.824,2026-04-30T16:28:13.929745,2.13,2.1
1358.060,2026-04-30T16:28:14.165635,2.13,2.1
1358.316,2026-04-30T16:28:14.421834,2.12,2.09
1358.564,2026-04-30T16:28:14.669731,2.13,2.1
1358.820,2026-04-30T16:28:14.925704,2.14,2.09
1359.068,2026-04-30T16:28:15.173721,2.13,2.1
1359.320,2026-04-30T16:28:15.425683,2.14,2.1
1359.584,2026-04-30T16:28:15.689611,2.14,2.1
1359.848,2026-04-30T16:28:15.953770,2.14,2.1
1360.104,2026-04-30T16:28:16.209729,2.13,2.1
1360.356,2026-04-30T16:28:16.461658,2.13,2.1
1360.620,2026-04-30T16:28:16.725482,2.15,2.1
1360.865,2026-04-30T16:28:16.969879,2.15,2.1
1361.100,2026-04-30T16:28:17.205678,2.13,2.1
1361.356,2026-04-30T16:28:17.461603,2.14,2.1
1361.612,2026-04-30T16:28:17.717622,2.14,2.1
1361.868,2026-04-30T16:28:17.973689,2.13,2.1
1362.116,2026-04-30T16:28:18.221825,2.15,2.1
1362.376,2026-04-30T16:28:18.481796,2.13,2.1
1362.620,2026-04-30T16:28:18.725576,2.13,2.1
1362.912,2026-04-30T16:28:19.017690,2.14,2.1
1363.160,2026-04-30T16:28:19.265479,2.14,2.1
1363.417,2026-04-30T16:28:19.521843,2.15,2.11
1363.676,2026-04-30T16:28:19.781752,2.15,2.1
1363.896,2026-04-30T16:28:20.001735,2.13,2.1
1364.152,2026-04-30T16:28:20.257809,2.13,2.09
1364.404,2026-04-30T16:28:20.509747,2.14,2.1
1364.656,2026-04-30T16:28:20.761680,2.14,2.1
1364.912,2026-04-30T16:28:21.017612,2.15,2.1
1365.168,2026-04-30T16:28:21.273677,2.14,2.09
1365.424,2026-04-30T16:28:21.529836,2.15,2.1
1365.696,2026-04-30T16:28:21.801665,2.12,2.1
1365.956,2026-04-30T16:28:22.061654,2.15,2.1
1366.184,2026-04-30T16:28:22.289662,2.15,2.09
1366.456,2026-04-30T16:28:22.561630,2.14,2.1
1366.716,2026-04-30T16:28:22.821768,2.14,2.11
1366.928,2026-04-30T16:28:23.033774,2.15,2.11
1367.188,2026-04-30T16:28:23.293611,2.16,2.11
1367.440,2026-04-30T16:28:23.545837,2.14,2.1
1367.696,2026-04-30T16:28:23.801605,2.15,2.11
1367.944,2026-04-30T16:28:24.049582,2.13,2.11
1368.204,2026-04-30T16:28:24.309827,2.15,2.11
1368.452,2026-04-30T16:28:24.557721,2.16,2.11
1368.728,2026-04-30T16:28:24.833707,2.15,2.11
1368.976,2026-04-30T16:28:25.081564,2.13,2.1
1369.216,2026-04-30T16:28:25.321815,2.14,2.1
1369.476,2026-04-30T16:28:25.581844,2.15,2.11
1369.716,2026-04-30T16:28:25.821739,2.15,2.11
1369.972,2026-04-30T16:28:26.077636,2.13,2.1
1370.224,2026-04-30T16:28:26.329783,2.16,2.11
1370.492,2026-04-30T16:28:26.597835,2.14,2.1
1370.728,2026-04-30T16:28:26.833816,2.14,2.1
1370.984,2026-04-30T16:28:27.089447,2.15,2.11
1371.240,2026-04-30T16:28:27.345739,2.14,2.11
1371.497,2026-04-30T16:28:27.601882,2.16,2.11
1371.748,2026-04-30T16:28:27.853772,2.15,2.1
1372.024,2026-04-30T16:28:28.129681,2.14,2.11
1372.276,2026-04-30T16:28:28.381730,2.16,2.11
1372.509,2026-04-30T16:28:28.613955,2.15,2.11
1372.784,2026-04-30T16:28:28.889582,2.15,2.11
1373.017,2026-04-30T16:28:29.121865,2.16,2.11
1373.276,2026-04-30T16:28:29.381582,2.15,2.11
1373.524,2026-04-30T16:28:29.629689,2.15,2.11
1373.776,2026-04-30T16:28:29.881805,2.14,2.1
1374.029,2026-04-30T16:28:30.133914,2.15,2.1
1374.288,2026-04-30T16:28:30.393501,2.16,2.11
1374.560,2026-04-30T16:28:30.665698,2.13,2.1
1374.808,2026-04-30T16:28:30.913633,2.15,2.11
1375.060,2026-04-30T16:28:31.165698,2.15,2.11
1375.316,2026-04-30T16:28:31.421564,2.14,2.1
1375.568,2026-04-30T16:28:31.673526,2.14,2.1
1375.824,2026-04-30T16:28:31.929592,2.15,2.1
1376.068,2026-04-30T16:28:32.173686,2.15,2.1
1376.320,2026-04-30T16:28:32.425667,2.13,2.1
1376.576,2026-04-30T16:28:32.681798,2.16,2.1
1376.832,2026-04-30T16:28:32.937610,2.14,2.1
1377.092,2026-04-30T16:28:33.197762,2.16,2.11
1377.340,2026-04-30T16:28:33.445682,2.15,2.1
1377.632,2026-04-30T16:28:33.737572,2.14,2.1
1377.868,2026-04-30T16:28:33.973643,2.14,2.1
1378.129,2026-04-30T16:28:34.233846,2.14,2.1
1378.344,2026-04-30T16:28:34.449506,2.14,2.1
1378.604,2026-04-30T16:28:34.709728,2.15,2.1
1378.856,2026-04-30T16:28:34.961530,2.14,2.1
1379.112,2026-04-30T16:28:35.217673,2.15,2.1
1379.368,2026-04-30T16:28:35.473409,2.15,2.1
1379.620,2026-04-30T16:28:35.725645,2.15,2.09
1379.876,2026-04-30T16:28:35.981761,2.14,2.1
1380.124,2026-04-30T16:28:36.229669,2.13,2.1
1380.416,2026-04-30T16:28:36.521785,2.14,2.1
1380.672,2026-04-30T16:28:36.777538,2.15,2.1
1380.912,2026-04-30T16:28:37.017695,2.15,2.1
1381.144,2026-04-30T16:28:37.249657,2.16,2.1
1381.388,2026-04-30T16:28:37.493598,2.15,2.1
1381.648,2026-04-30T16:28:37.753480,2.14,2.1
1381.904,2026-04-30T16:28:38.009737,2.15,2.1
1382.156,2026-04-30T16:28:38.261665,2.16,2.11
1382.408,2026-04-30T16:28:38.513639,2.16,2.1
1382.660,2026-04-30T16:28:38.765665,2.14,2.1
1382.920,2026-04-30T16:28:39.025671,2.14,2.1
1383.188,2026-04-30T16:28:39.293566,2.13,2.1
1383.440,2026-04-30T16:28:39.545763,2.14,2.1
1383.696,2026-04-30T16:28:39.801503,2.15,2.09
1383.960,2026-04-30T16:28:40.065648,2.15,2.1
1384.188,2026-04-30T16:28:40.293582,2.13,2.09
1384.440,2026-04-30T16:28:40.545705,2.15,2.09
1384.700,2026-04-30T16:28:40.805637,2.14,2.09
1384.948,2026-04-30T16:28:41.053641,2.16,2.1
1385.204,2026-04-30T16:28:41.309796,2.16,2.1
1385.452,2026-04-30T16:28:41.557756,2.15,2.1
1385.708,2026-04-30T16:28:41.813551,2.15,2.09
1385.960,2026-04-30T16:28:42.065688,2.17,2.1
1386.248,2026-04-30T16:28:42.353602,2.16,2.1
1386.505,2026-04-30T16:28:42.609860,2.15,2.09
1386.756,2026-04-30T16:28:42.861629,2.14,2.09
1386.988,2026-04-30T16:28:43.093568,2.15,2.09
1387.236,2026-04-30T16:28:43.341656,2.14,2.09
1387.488,2026-04-30T16:28:43.593720,2.14,2.1
1387.740,2026-04-30T16:28:43.845530,2.14,2.09
1388.000,2026-04-30T16:28:44.105280,2.15,2.1
1388.252,2026-04-30T16:28:44.357636,2.16,2.09
1388.505,2026-04-30T16:28:44.609839,2.17,2.1
1388.760,2026-04-30T16:28:44.865674,2.15,2.09
1389.024,2026-04-30T16:28:45.129579,2.17,2.09
1389.264,2026-04-30T16:28:45.369737,2.16,2.1
1389.544,2026-04-30T16:28:45.649669,2.16,2.09
1389.772,2026-04-30T16:28:45.877585,2.16,2.09
1390.044,2026-04-30T16:28:46.149613,2.16,2.1
1390.276,2026-04-30T16:28:46.381757,2.15,2.09
1390.532,2026-04-30T16:28:46.637720,2.16,2.09
1390.796,2026-04-30T16:28:46.901672,2.16,2.09
1391.036,2026-04-30T16:28:47.141572,2.17,2.1
1391.296,2026-04-30T16:28:47.401638,2.15,2.09
1391.548,2026-04-30T16:28:47.653683,2.15,2.09
1391.824,2026-04-30T16:28:47.929592,2.15,2.1
1392.072,2026-04-30T16:28:48.177505,2.16,2.1
1392.340,2026-04-30T16:28:48.445683,2.18,2.1
1392.588,2026-04-30T16:28:48.693602,2.15,2.1
1392.829,2026-04-30T16:28:48.934500,2.16,2.11
1393.084,2026-04-30T16:28:49.189523,2.15,2.1
1393.336,2026-04-30T16:28:49.441628,2.16,2.1
1393.608,2026-04-30T16:28:49.713618,2.16,2.1
1393.852,2026-04-30T16:28:49.957758,2.18,2.11
1394.116,2026-04-30T16:28:50.221471,2.16,2.11
1394.388,2026-04-30T16:28:50.493620,2.17,2.1
1394.656,2026-04-30T16:28:50.761603,2.15,2.11
1394.892,2026-04-30T16:28:50.997733,2.17,2.1
1395.176,2026-04-30T16:28:51.281638,2.16,2.1
1395.408,2026-04-30T16:28:51.513636,2.16,2.11
1395.660,2026-04-30T16:28:51.765620,2.16,2.1
1395.928,2026-04-30T16:28:52.033641,2.15,2.1
1396.172,2026-04-30T16:28:52.277521,2.16,2.1
1396.424,2026-04-30T16:28:52.529552,2.15,2.11
1396.688,2026-04-30T16:28:52.793563,2.16,2.11
1396.944,2026-04-30T16:28:53.049608,2.16,2.1
1397.224,2026-04-30T16:28:53.329554,2.16,2.1
1397.472,2026-04-30T16:28:53.577552,2.15,2.1
1397.720,2026-04-30T16:28:53.825427,2.15,2.1
1397.984,2026-04-30T16:28:54.089555,2.15,2.1
1398.236,2026-04-30T16:28:54.341382,2.17,2.11
1398.497,2026-04-30T16:28:54.601869,2.18,2.1
1398.748,2026-04-30T16:28:54.853665,2.16,2.11
1399.012,2026-04-30T16:28:55.117571,2.15,2.1
1399.312,2026-04-30T16:28:55.417653,2.15,2.11
1399.548,2026-04-30T16:28:55.653611,2.15,2.1
1399.796,2026-04-30T16:28:55.901601,2.16,2.1
1400.064,2026-04-30T16:28:56.169665,2.17,2.1
1400.292,2026-04-30T16:28:56.397475,2.16,2.1
1400.560,2026-04-30T16:28:56.665435,2.17,2.1
1400.808,2026-04-30T16:28:56.913567,2.18,2.11
1401.072,2026-04-30T16:28:57.177595,2.16,2.1
1401.336,2026-04-30T16:28:57.441555,2.16,2.1
1401.588,2026-04-30T16:28:57.693523,2.19,2.1
1401.864,2026-04-30T16:28:57.969696,2.16,2.11
1402.124,2026-04-30T16:28:58.229565,2.18,2.1
1402.380,2026-04-30T16:28:58.485568,2.17,2.1
1402.620,2026-04-30T16:28:58.725571,2.16,2.1
1402.880,2026-04-30T16:28:58.985808,2.15,2.1
1403.136,2026-04-30T16:28:59.241558,2.17,2.1
1403.400,2026-04-30T16:28:59.505644,2.17,2.1
1403.652,2026-04-30T16:28:59.757657,2.16,2.1
1403.908,2026-04-30T16:29:00.013553,2.17,2.1
1404.188,2026-04-30T16:29:00.293568,2.17,2.1
1404.444,2026-04-30T16:29:00.549413,2.17,2.1
1404.712,2026-04-30T16:29:00.817656,2.17,2.1
1404.952,2026-04-30T16:29:01.057667,2.16,2.1
1405.200,2026-04-30T16:29:01.305571,2.17,2.1
1405.464,2026-04-30T16:29:01.569712,2.17,2.1
1405.720,2026-04-30T16:29:01.825623,2.17,2.09
1405.984,2026-04-30T16:29:02.089589,2.17,2.1
1406.240,2026-04-30T16:29:02.345739,2.17,2.1
1406.508,2026-04-30T16:29:02.613445,2.19,2.1
1406.764,2026-04-30T16:29:02.869627,2.18,2.09
1407.032,2026-04-30T16:29:03.137370,2.16,2.1
1407.280,2026-04-30T16:29:03.385722,2.17,2.1
1407.521,2026-04-30T16:29:03.625839,2.16,2.1
1407.780,2026-04-30T16:29:03.885828,2.15,2.09
1408.036,2026-04-30T16:29:04.141620,2.17,2.1
1408.296,2026-04-30T16:29:04.401548,2.17,2.1
1408.556,2026-04-30T16:29:04.661536,2.16,2.1
1408.812,2026-04-30T16:29:04.917462,2.17,2.1
1409.096,2026-04-30T16:29:05.201455,2.16,2.1
1409.340,2026-04-30T16:29:05.445732,2.19,2.1
1409.628,2026-04-30T16:29:05.733649,2.16,2.1
1409.876,2026-04-30T16:29:05.981744,2.16,2.1
1410.092,2026-04-30T16:29:06.197716,2.18,2.1
1410.356,2026-04-30T16:29:06.461583,2.17,2.1
1410.612,2026-04-30T16:29:06.717606,2.17,2.1
1410.868,2026-04-30T16:29:06.973355,2.17,2.1
1411.128,2026-04-30T16:29:07.233811,2.16,2.09
1411.392,2026-04-30T16:29:07.497740,2.17,2.1
1411.656,2026-04-30T16:29:07.761605,2.16,2.1
1411.940,2026-04-30T16:29:08.045732,2.18,2.09
1412.164,2026-04-30T16:29:08.269641,2.18,2.1
1412.420,2026-04-30T16:29:08.525605,2.17,2.1
1412.676,2026-04-30T16:29:08.781646,2.18,2.1
1412.936,2026-04-30T16:29:09.041499,2.17,2.1
1413.200,2026-04-30T16:29:09.305438,2.18,2.1
1413.452,2026-04-30T16:29:09.557617,2.17,2.1
1413.712,2026-04-30T16:29:09.817502,2.16,2.09
1413.968,2026-04-30T16:29:10.073538,2.16,2.09
1414.220,2026-04-30T16:29:10.325615,2.17,2.1
1414.481,2026-04-30T16:29:10.585854,2.18,2.1
1414.736,2026-04-30T16:29:10.841550,2.17,2.1
1414.992,2026-04-30T16:29:11.097544,2.18,2.1
1415.244,2026-04-30T16:29:11.349553,2.15,2.1
1415.501,2026-04-30T16:29:11.606709,2.17,2.09
1415.760,2026-04-30T16:29:11.865513,2.18,2.1
1416.020,2026-04-30T16:29:12.125800,2.17,2.09
1416.272,2026-04-30T16:29:12.377598,2.17,2.1
1416.560,2026-04-30T16:29:12.665503,2.18,2.1
1416.788,2026-04-30T16:29:12.893577,2.16,2.1
1417.056,2026-04-30T16:29:13.161330,2.17,2.1
1417.308,2026-04-30T16:29:13.413437,2.2,2.1
1417.564,2026-04-30T16:29:13.669662,2.18,2.1
1417.824,2026-04-30T16:29:13.929595,2.18,2.1
1418.080,2026-04-30T16:29:14.185821,2.18,2.1
1418.336,2026-04-30T16:29:14.441581,2.17,2.1
1418.604,2026-04-30T16:29:14.709655,2.18,2.1
1418.848,2026-04-30T16:29:14.953674,2.18,2.1
1419.112,2026-04-30T16:29:15.217275,2.18,2.1
1419.364,2026-04-30T16:29:15.469588,2.17,2.1
1419.628,2026-04-30T16:29:15.733772,2.18,2.1
1419.884,2026-04-30T16:29:15.989403,2.16,2.1
1420.140,2026-04-30T16:29:16.245691,2.19,2.1
1420.396,2026-04-30T16:29:16.501544,2.17,2.09
1420.652,2026-04-30T16:29:16.757687,2.16,2.1
1420.908,2026-04-30T16:29:17.013517,2.19,2.1
1421.168,2026-04-30T16:29:17.273481,2.18,2.1
1421.424,2026-04-30T16:29:17.529386,2.17,2.1
1421.680,2026-04-30T16:29:17.785760,2.18,2.1
1421.960,2026-04-30T16:29:18.065516,2.17,2.1
1422.200,2026-04-30T16:29:18.305577,2.19,2.1
1422.452,2026-04-30T16:29:18.557615,2.17,2.1
1422.708,2026-04-30T16:29:18.813569,2.19,2.1
1422.972,2026-04-30T16:29:19.077580,2.17,2.09
1423.228,2026-04-30T16:29:19.333791,2.17,2.1
1423.484,2026-04-30T16:29:19.589385,2.18,2.1
1423.744,2026-04-30T16:29:19.849614,2.16,2.1
1424.004,2026-04-30T16:29:20.109698,2.18,2.1
1424.280,2026-04-30T16:29:20.385795,2.18,2.1
1424.540,2026-04-30T16:29:20.645695,2.19,2.1
1424.784,2026-04-30T16:29:20.889591,2.19,2.1
1425.036,2026-04-30T16:29:21.141592,2.17,2.09
1425.288,2026-04-30T16:29:21.393566,2.16,2.1
1425.540,2026-04-30T16:29:21.645651,2.18,2.1
1425.800,2026-04-30T16:29:21.905505,2.17,2.09
1426.060,2026-04-30T16:29:22.165562,2.17,2.1
1426.312,2026-04-30T16:29:22.417482,2.18,2.1
1426.572,2026-04-30T16:29:22.677521,2.18,2.1
1426.836,2026-04-30T16:29:22.941597,2.19,2.1
1427.088,2026-04-30T16:29:23.193510,2.18,2.1
1427.344,2026-04-30T16:29:23.449504,2.17,2.1
1427.600,2026-04-30T16:29:23.705499,2.18,2.1
1427.860,2026-04-30T16:29:23.965534,2.19,2.1
1428.124,2026-04-30T16:29:24.229533,2.18,2.1
1428.380,2026-04-30T16:29:24.485794,2.18,2.1
1428.636,2026-04-30T16:29:24.741484,2.19,2.1
1428.896,2026-04-30T16:29:25.001541,2.18,2.1
1429.164,2026-04-30T16:29:25.269712,2.18,2.09
1429.424,2026-04-30T16:29:25.529561,2.18,2.1
1429.676,2026-04-30T16:29:25.781531,2.17,2.1
1429.928,2026-04-30T16:29:26.033754,2.18,2.1
1430.184,2026-04-30T16:29:26.289572,2.17,2.1
1430.444,2026-04-30T16:29:26.549595,2.18,2.1
1430.700,2026-04-30T16:29:26.805490,2.18,2.1
1430.960,2026-04-30T16:29:27.065526,2.19,2.1
1431.216,2026-04-30T16:29:27.321573,2.19,2.1
1431.468,2026-04-30T16:29:27.573532,2.2,2.1
1431.736,2026-04-30T16:29:27.841407,2.17,2.1
1431.988,2026-04-30T16:29:28.093487,2.17,2.1
1432.244,2026-04-30T16:29:28.349578,2.18,2.1
1432.496,2026-04-30T16:29:28.601669,2.18,2.09
1432.756,2026-04-30T16:29:28.861532,2.17,2.09
1433.016,2026-04-30T16:29:29.121557,2.19,2.09
1433.280,2026-04-30T16:29:29.385662,2.2,2.1
1433.540,2026-04-30T16:29:29.645681,2.18,2.09
1433.792,2026-04-30T16:29:29.897399,2.16,2.1
1434.044,2026-04-30T16:29:30.149441,2.17,2.09
1434.296,2026-04-30T16:29:30.401610,2.18,2.09
1434.560,2026-04-30T16:29:30.665497,2.19,2.1
1434.820,2026-04-30T16:29:30.925469,2.19,2.09
1435.068,2026-04-30T16:29:31.173493,2.18,2.1
1435.324,2026-04-30T16:29:31.429565,2.17,2.09
1435.588,2026-04-30T16:29:31.693481,2.17,2.1
1435.844,2026-04-30T16:29:31.949351,2.18,2.1
1436.104,2026-04-30T16:29:32.209659,2.19,2.1
1436.360,2026-04-30T16:29:32.465583,2.18,2.09
1436.616,2026-04-30T16:29:32.721564,2.17,2.09
1436.892,2026-04-30T16:29:32.997651,2.18,2.1
1437.148,2026-04-30T16:29:33.253690,2.19,2.1
1437.404,2026-04-30T16:29:33.509665,2.17,2.09
1437.656,2026-04-30T16:29:33.761544,2.18,2.1
1437.908,2026-04-30T16:29:34.013595,2.16,2.1
1438.160,2026-04-30T16:29:34.265503,2.18,2.09
1438.416,2026-04-30T16:29:34.521540,2.19,2.1
1438.680,2026-04-30T16:29:34.785759,2.2,2.1
1438.936,2026-04-30T16:29:35.041462,2.19,2.1
1439.216,2026-04-30T16:29:35.321734,2.17,2.09
1439.468,2026-04-30T16:29:35.573565,2.2,2.09
1439.720,2026-04-30T16:29:35.825420,2.18,2.1
1439.972,2026-04-30T16:29:36.077637,2.2,2.09
1440.232,2026-04-30T16:29:36.337386,2.2,2.09
1440.493,2026-04-30T16:29:36.597949,2.19,2.09
1440.748,2026-04-30T16:29:36.853567,2.19,2.1
1441.008,2026-04-30T16:29:37.113554,2.2,2.1
1441.268,2026-04-30T16:29:37.373515,2.2,2.1
1441.540,2026-04-30T16:29:37.645678,2.17,2.09
1441.772,2026-04-30T16:29:37.877581,2.19,2.1
1442.028,2026-04-30T16:29:38.133762,2.18,2.09
1442.288,2026-04-30T16:29:38.393392,2.19,2.1
1442.548,2026-04-30T16:29:38.653486,2.18,2.09
1442.804,2026-04-30T16:29:38.909681,2.2,2.1
1443.056,2026-04-30T16:29:39.161580,2.2,2.1
1443.316,2026-04-30T16:29:39.421589,2.19,2.09
1443.568,2026-04-30T16:29:39.673558,2.17,2.09
1443.829,2026-04-30T16:29:39.934294,2.18,2.1
1444.088,2026-04-30T16:29:40.193462,2.18,2.1
1444.356,2026-04-30T16:29:40.461431,2.19,2.1
1444.620,2026-04-30T16:29:40.725482,2.17,2.1
1444.860,2026-04-30T16:29:40.965549,2.18,2.1
1445.120,2026-04-30T16:29:41.225502,2.18,2.1
1445.376,2026-04-30T16:29:41.481660,2.19,2.1
1445.632,2026-04-30T16:29:41.737533,2.2,2.1
1445.880,2026-04-30T16:29:41.985718,2.18,2.1
1446.136,2026-04-30T16:29:42.241473,2.18,2.1
1446.392,2026-04-30T16:29:42.497397,2.19,2.1
1446.652,2026-04-30T16:29:42.757533,2.18,2.1
1446.920,2026-04-30T16:29:43.025539,2.19,2.11
1447.176,2026-04-30T16:29:43.281603,2.19,2.1
1447.424,2026-04-30T16:29:43.529411,2.19,2.1
1447.680,2026-04-30T16:29:43.785812,2.18,2.1
1447.932,2026-04-30T16:29:44.037527,2.19,2.09
1448.184,2026-04-30T16:29:44.289394,2.19,2.1
1448.440,2026-04-30T16:29:44.545385,2.19,2.11
1448.704,2026-04-30T16:29:44.809605,2.18,2.1
1448.960,2026-04-30T16:29:45.065529,2.19,2.1
1449.228,2026-04-30T16:29:45.333637,2.19,2.1
1449.485,2026-04-30T16:29:45.589922,2.17,2.1
1449.740,2026-04-30T16:29:45.845656,2.19,2.1
1449.992,2026-04-30T16:29:46.097586,2.19,2.1
1450.248,2026-04-30T16:29:46.353555,2.17,2.1
1450.505,2026-04-30T16:29:46.610175,2.17,2.1
1450.760,2026-04-30T16:29:46.865560,2.18,2.1
1451.016,2026-04-30T16:29:47.121561,2.18,2.1
1451.280,2026-04-30T16:29:47.385749,2.18,2.1
1451.540,2026-04-30T16:29:47.645602,2.17,2.1
1451.808,2026-04-30T16:29:47.913429,2.17,2.1
1452.048,2026-04-30T16:29:48.153493,2.19,2.09
1452.304,2026-04-30T16:29:48.409715,2.2,2.11
1452.564,2026-04-30T16:29:48.669617,2.18,2.09
1452.820,2026-04-30T16:29:48.925370,2.19,2.09
1453.076,2026-04-30T16:29:49.181575,2.18,2.09
1453.332,2026-04-30T16:29:49.437539,2.2,2.1
1453.596,2026-04-30T16:29:49.701489,2.18,2.09
1453.852,2026-04-30T16:29:49.957733,2.2,2.1
1454.112,2026-04-30T16:29:50.217492,2.19,2.1
1454.380,2026-04-30T16:29:50.485710,2.21,2.1
1454.632,2026-04-30T16:29:50.737498,2.18,2.1
1454.896,2026-04-30T16:29:51.001361,2.18,2.1
1455.152,2026-04-30T16:29:51.257621,2.19,2.1
1455.412,2026-04-30T16:29:51.517496,2.19,2.1
1455.668,2026-04-30T16:29:51.773541,2.18,2.1
1455.924,2026-04-30T16:29:52.029495,2.19,2.1
1456.172,2026-04-30T16:29:52.277511,2.2,2.1
1456.432,2026-04-30T16:29:52.537352,2.18,2.1
1456.712,2026-04-30T16:29:52.817509,2.19,2.1
1456.940,2026-04-30T16:29:53.045527,2.18,2.1
1457.200,2026-04-30T16:29:53.305579,2.18,2.1
1457.464,2026-04-30T16:29:53.569643,2.17,2.1
1457.720,2026-04-30T16:29:53.825467,2.18,2.1
1457.976,2026-04-30T16:29:54.081600,2.18,2.1
1458.236,2026-04-30T16:29:54.341518,2.18,2.1
1458.492,2026-04-30T16:29:54.597436,2.2,2.1
1458.740,2026-04-30T16:29:54.845504,2.18,2.1
1459.000,2026-04-30T16:29:55.105389,2.19,2.1
1459.268,2026-04-30T16:29:55.373464,2.19,2.1
1459.532,2026-04-30T16:29:55.637481,2.2,2.1
1459.788,2026-04-30T16:29:55.893552,2.17,2.09
1460.044,2026-04-30T16:29:56.149552,2.19,2.1
1460.300,2026-04-30T16:29:56.405500,2.2,2.1
1460.564,2026-04-30T16:29:56.669614,2.19,2.1
1460.796,2026-04-30T16:29:56.901547,2.21,2.1
1461.056,2026-04-30T16:29:57.161344,2.19,2.1
1461.316,2026-04-30T16:29:57.421586,2.2,2.1
1461.576,2026-04-30T16:29:57.681555,2.18,2.09
1461.860,2026-04-30T16:29:57.965359,2.18,2.1
1462.096,2026-04-30T16:29:58.201437,2.19,2.1
1462.352,2026-04-30T16:29:58.457617,2.19,2.09
1462.612,2026-04-30T16:29:58.717493,2.18,2.09
1462.868,2026-04-30T16:29:58.973640,2.19,2.09
1463.120,2026-04-30T16:29:59.225269,2.19,2.1
1463.376,2026-04-30T16:29:59.481600,2.18,2.09
1463.628,2026-04-30T16:29:59.733533,2.19,2.1
1463.884,2026-04-30T16:29:59.989428,2.19,2.09
1464.140,2026-04-30T16:30:00.245591,2.19,2.09
1464.420,2026-04-30T16:30:00.525438,2.18,2.1
1464.676,2026-04-30T16:30:00.781548,2.19,2.09
1464.936,2026-04-30T16:30:01.041540,2.18,2.1
1465.192,2026-04-30T16:30:01.297354,2.2,2.1
1465.432,2026-04-30T16:30:01.537466,2.19,2.09
1465.684,2026-04-30T16:30:01.789451,2.2,2.1
1465.940,2026-04-30T16:30:02.045584,2.17,2.09
1466.196,2026-04-30T16:30:02.301480,2.2,2.1
1466.452,2026-04-30T16:30:02.557518,2.18,2.09
1466.708,2026-04-30T16:30:02.813523,2.18,2.09
1466.968,2026-04-30T16:30:03.073449,2.19,2.1
1467.228,2026-04-30T16:30:03.333688,2.2,2.1
1467.488,2026-04-30T16:30:03.593464,2.19,2.09
1467.744,2026-04-30T16:30:03.849479,2.18,2.1
1467.992,2026-04-30T16:30:04.097618,2.18,2.09
1468.252,2026-04-30T16:30:04.357567,2.19,2.09
1468.512,2026-04-30T16:30:04.617413,2.2,2.1
1468.764,2026-04-30T16:30:04.869589,2.19,2.1
1469.020,2026-04-30T16:30:05.125356,2.18,2.1
1469.272,2026-04-30T16:30:05.377495,2.19,2.1
1469.528,2026-04-30T16:30:05.633598,2.19,2.1
1469.788,2026-04-30T16:30:05.893446,2.19,2.09
1470.044,2026-04-30T16:30:06.149474,2.19,2.09
1470.300,2026-04-30T16:30:06.405600,2.21,2.1
1470.556,2026-04-30T16:30:06.661442,2.18,2.1
1470.812,2026-04-30T16:30:06.917524,2.19,2.09
1471.064,2026-04-30T16:30:07.169576,2.2,2.09
1471.324,2026-04-30T16:30:07.429313,2.2,2.09
1471.584,2026-04-30T16:30:07.689319,2.18,2.09
1471.840,2026-04-30T16:30:07.945560,2.2,2.1
1472.124,2026-04-30T16:30:08.229525,2.18,2.09
1472.364,2026-04-30T16:30:08.469667,2.21,2.1
1472.608,2026-04-30T16:30:08.713517,2.21,2.1
1472.868,2026-04-30T16:30:08.973479,2.21,2.1
1473.132,2026-04-30T16:30:09.237452,2.18,2.1
1473.388,2026-04-30T16:30:09.493401,2.2,2.09
1473.648,2026-04-30T16:30:09.753244,2.18,2.09
1473.904,2026-04-30T16:30:10.009536,2.2,2.09
1474.156,2026-04-30T16:30:10.261405,2.2,2.09
1474.416,2026-04-30T16:30:10.521501,2.19,2.1
1474.672,2026-04-30T16:30:10.777435,2.21,2.09
1474.928,2026-04-30T16:30:11.033472,2.2,2.1
1475.180,2026-04-30T16:30:11.285631,2.21,2.09
1475.440,2026-04-30T16:30:11.545531,2.2,2.09
1475.704,2026-04-30T16:30:11.809440,2.21,2.09
1475.960,2026-04-30T16:30:12.065487,2.21,2.1
1476.212,2026-04-30T16:30:12.317395,2.2,2.09
1476.472,2026-04-30T16:30:12.577417,2.21,2.1
1476.728,2026-04-30T16:30:12.833551,2.19,2.09
1476.976,2026-04-30T16:30:13.081597,2.21,2.1
1477.228,2026-04-30T16:30:13.333692,2.21,2.1
1477.492,2026-04-30T16:30:13.597642,2.21,2.09
1477.752,2026-04-30T16:30:13.857325,2.2,2.09
1478.008,2026-04-30T16:30:14.113486,2.21,2.1
1478.260,2026-04-30T16:30:14.365512,2.2,2.1
1478.520,2026-04-30T16:30:14.625635,2.19,2.1
1478.776,2026-04-30T16:30:14.881489,2.2,2.1
1479.032,2026-04-30T16:30:15.137492,2.22,2.1
1479.284,2026-04-30T16:30:15.389282,2.2,2.1
1479.548,2026-04-30T16:30:15.653420,2.19,2.1
1479.832,2026-04-30T16:30:15.937163,2.2,2.1
1480.084,2026-04-30T16:30:16.189427,2.22,2.1
1480.336,2026-04-30T16:30:16.441387,2.2,2.09
1480.596,2026-04-30T16:30:16.701430,2.2,2.1
1480.864,2026-04-30T16:30:16.969617,2.19,2.09
1481.104,2026-04-30T16:30:17.209632,2.21,2.1
1481.356,2026-04-30T16:30:17.461452,2.2,2.1
1481.608,2026-04-30T16:30:17.713499,2.19,2.1
1481.864,2026-04-30T16:30:17.969495,2.21,2.1
1482.144,2026-04-30T16:30:18.249429,2.21,2.11
1482.372,2026-04-30T16:30:18.477438,2.2,2.1
1482.636,2026-04-30T16:30:18.741492,2.21,2.1
1482.900,2026-04-30T16:30:19.005544,2.19,2.1
1483.156,2026-04-30T16:30:19.261475,2.2,2.1
1483.412,2026-04-30T16:30:19.517606,2.19,2.1
1483.672,2026-04-30T16:30:19.777368,2.18,2.09
1483.932,2026-04-30T16:30:20.037408,2.19,2.09
1484.188,2026-04-30T16:30:20.293176,2.2,2.09
1484.452,2026-04-30T16:30:20.557597,2.19,2.1
1484.716,2026-04-30T16:30:20.821536,2.21,2.1
1484.972,2026-04-30T16:30:21.077428,2.19,2.09
1485.228,2026-04-30T16:30:21.333639,2.19,2.1
1485.480,2026-04-30T16:30:21.585741,2.19,2.1
1485.728,2026-04-30T16:30:21.833681,2.2,2.1
1485.992,2026-04-30T16:30:22.097686,2.2,2.1
1486.248,2026-04-30T16:30:22.353323,2.19,2.1
1486.508,2026-04-30T16:30:22.613404,2.2,2.1
1486.768,2026-04-30T16:30:22.873351,2.2,2.1
1487.020,2026-04-30T16:30:23.125425,2.21,2.1
1487.280,2026-04-30T16:30:23.385707,2.21,2.1
1487.540,2026-04-30T16:30:23.645562,2.22,2.1
1487.796,2026-04-30T16:30:23.901238,2.22,2.11
1488.052,2026-04-30T16:30:24.157410,2.23,2.1
1488.308,2026-04-30T16:30:24.413207,2.22,2.1
1488.564,2026-04-30T16:30:24.669551,2.21,2.1
1488.820,2026-04-30T16:30:24.925366,2.2,2.1
1489.076,2026-04-30T16:30:25.181394,2.21,2.1
1489.332,2026-04-30T16:30:25.437331,2.21,2.1
1489.596,2026-04-30T16:30:25.701397,2.22,2.11
1489.868,2026-04-30T16:30:25.973329,2.21,2.11
1490.128,2026-04-30T16:30:26.233685,2.21,2.1
1490.368,2026-04-30T16:30:26.473348,2.21,2.1
1490.628,2026-04-30T16:30:26.733577,2.21,2.1
1490.880,2026-04-30T16:30:26.985764,2.22,2.1
1491.132,2026-04-30T16:30:27.237404,2.21,2.11
1491.388,2026-04-30T16:30:27.493384,2.2,2.1
1491.648,2026-04-30T16:30:27.753279,2.2,2.1
1491.904,2026-04-30T16:30:28.009568,2.22,2.1
1492.164,2026-04-30T16:30:28.269491,2.19,2.1
1492.428,2026-04-30T16:30:28.533432,2.21,2.1
1492.680,2026-04-30T16:30:28.785762,2.22,2.1
1492.940,2026-04-30T16:30:29.045483,2.2,2.1
1493.200,2026-04-30T16:30:29.305434,2.21,2.1
1493.452,2026-04-30T16:30:29.557468,2.22,2.1
1493.712,2026-04-30T16:30:29.817426,2.21,2.1
1493.968,2026-04-30T16:30:30.073227,2.21,2.1
1494.224,2026-04-30T16:30:30.329393,2.21,2.1
1494.480,2026-04-30T16:30:30.585372,2.22,2.11
1494.736,2026-04-30T16:30:30.841329,2.21,2.1
1494.992,2026-04-30T16:30:31.097603,2.19,2.1
1495.252,2026-04-30T16:30:31.357770,2.21,2.1
1495.508,2026-04-30T16:30:31.613773,2.21,2.1
1495.768,2026-04-30T16:30:31.873383,2.22,2.11
1496.028,2026-04-30T16:30:32.133721,2.21,2.1
1496.280,2026-04-30T16:30:32.385556,2.2,2.1
1496.540,2026-04-30T16:30:32.645298,2.2,2.1
1496.788,2026-04-30T16:30:32.893236,2.2,2.1
1497.048,2026-04-30T16:30:33.153292,2.19,2.1
1497.328,2026-04-30T16:30:33.433645,2.21,2.1
1497.568,2026-04-30T16:30:33.673441,2.22,2.11
1497.820,2026-04-30T16:30:33.925349,2.21,2.1
1498.080,2026-04-30T16:30:34.185741,2.21,2.1
1498.328,2026-04-30T16:30:34.433599,2.21,2.1
1498.592,2026-04-30T16:30:34.697575,2.21,2.1
1498.852,2026-04-30T16:30:34.957353,2.19,2.1
1499.104,2026-04-30T16:30:35.209490,2.2,2.1
1499.364,2026-04-30T16:30:35.469456,2.21,2.1
1499.632,2026-04-30T16:30:35.737229,2.2,2.1
1499.892,2026-04-30T16:30:35.997540,2.21,2.1
1500.132,2026-04-30T16:30:36.237382,2.21,2.1
1500.388,2026-04-30T16:30:36.493398,2.22,2.1
1500.640,2026-04-30T16:30:36.745595,2.21,2.1
1500.892,2026-04-30T16:30:36.997372,2.2,2.1
1501.152,2026-04-30T16:30:37.257599,2.19,2.1
1501.412,2026-04-30T16:30:37.517418,2.21,2.11
1501.672,2026-04-30T16:30:37.777313,2.22,2.1
1501.924,2026-04-30T16:30:38.029337,2.2,2.1
1502.180,2026-04-30T16:30:38.285570,2.21,2.11
1502.432,2026-04-30T16:30:38.537392,2.19,2.1
1502.700,2026-04-30T16:30:38.805366,2.19,2.1
1502.952,2026-04-30T16:30:39.057357,2.21,2.1
1503.212,2026-04-30T16:30:39.317463,2.22,2.1
1503.460,2026-04-30T16:30:39.565415,2.21,2.1
1503.724,2026-04-30T16:30:39.829375,2.19,2.1
1503.984,2026-04-30T16:30:40.089404,2.2,2.1
1504.244,2026-04-30T16:30:40.349407,2.2,2.1
1504.504,2026-04-30T16:30:40.609521,2.2,2.1
1504.772,2026-04-30T16:30:40.877507,2.21,2.1
1505.028,2026-04-30T16:30:41.133472,2.22,2.1
1505.280,2026-04-30T16:30:41.385669,2.21,2.1
1505.536,2026-04-30T16:30:41.641340,2.21,2.1
1505.788,2026-04-30T16:30:41.893405,2.2,2.1
1506.048,2026-04-30T16:30:42.153299,2.21,2.1
1506.304,2026-04-30T16:30:42.409515,2.21,2.1
1506.560,2026-04-30T16:30:42.665346,2.22,2.1
1506.820,2026-04-30T16:30:42.925448,2.21,2.1
1507.076,2026-04-30T16:30:43.181400,2.23,2.1
1507.352,2026-04-30T16:30:43.457503,2.22,2.1
1507.608,2026-04-30T16:30:43.713375,2.22,2.1
1507.868,2026-04-30T16:30:43.973376,2.2,2.1
1508.108,2026-04-30T16:30:44.213293,2.21,2.1
1508.364,2026-04-30T16:30:44.469505,2.19,2.1
1508.620,2026-04-30T16:30:44.725595,2.22,2.1
1508.876,2026-04-30T16:30:44.981477,2.22,2.1
1509.136,2026-04-30T16:30:45.241133,2.22,2.1
1509.392,2026-04-30T16:30:45.497416,2.21,2.1
1509.652,2026-04-30T16:30:45.757429,2.22,2.1
1509.916,2026-04-30T16:30:46.021387,2.21,2.1
1510.168,2026-04-30T16:30:46.273387,2.21,2.1
1510.428,2026-04-30T16:30:46.533529,2.23,2.1
1510.680,2026-04-30T16:30:46.785631,2.21,2.1
1510.940,2026-04-30T16:30:47.045395,2.21,2.1
1511.196,2026-04-30T16:30:47.301298,2.22,2.1
1511.452,2026-04-30T16:30:47.557345,2.21,2.1
1511.716,2026-04-30T16:30:47.821402,2.24,2.1
1511.968,2026-04-30T16:30:48.073273,2.21,2.1
1512.224,2026-04-30T16:30:48.329400,2.2,2.1
1512.476,2026-04-30T16:30:48.581455,2.22,2.1
1512.736,2026-04-30T16:30:48.841439,2.22,2.1
1512.992,2026-04-30T16:30:49.097496,2.22,2.1
1513.248,2026-04-30T16:30:49.353395,2.22,2.1
1513.504,2026-04-30T16:30:49.609563,2.22,2.1
1513.760,2026-04-30T16:30:49.865481,2.21,2.1
1514.020,2026-04-30T16:30:50.125428,2.21,2.1
1514.272,2026-04-30T16:30:50.377381,2.22,2.1
1514.556,2026-04-30T16:30:50.661344,2.23,2.1
1514.780,2026-04-30T16:30:50.885568,2.21,2.1
1515.048,2026-04-30T16:30:51.153359,2.2,2.1
1515.304,2026-04-30T16:30:51.409479,2.22,2.1
1515.556,2026-04-30T16:30:51.661164,2.23,2.1
1515.804,2026-04-30T16:30:51.909296,2.22,2.09
1516.064,2026-04-30T16:30:52.169227,2.23,2.1
1516.328,2026-04-30T16:30:52.433440,2.23,2.1
1516.588,2026-04-30T16:30:52.693079,2.23,2.1
1516.844,2026-04-30T16:30:52.949143,2.22,2.1
1517.104,2026-04-30T16:30:53.209169,2.23,2.1
1517.360,2026-04-30T16:30:53.465198,2.22,2.1
1517.628,2026-04-30T16:30:53.733380,2.23,2.1
1517.876,2026-04-30T16:30:53.981230,2.22,2.1
1518.136,2026-04-30T16:30:54.241159,2.22,2.1
1518.396,2026-04-30T16:30:54.501153,2.22,2.1
1518.656,2026-04-30T16:30:54.761127,2.22,2.1
1518.916,2026-04-30T16:30:55.021156,2.23,2.1
1519.176,2026-04-30T16:30:55.281229,2.21,2.1
1519.436,2026-04-30T16:30:55.541106,2.22,2.1
1519.704,2026-04-30T16:30:55.809257,2.21,2.09
1519.956,2026-04-30T16:30:56.061255,2.23,2.1
1520.212,2026-04-30T16:30:56.317171,2.21,2.09
1520.464,2026-04-30T16:30:56.569503,2.22,2.1
1520.728,2026-04-30T16:30:56.833518,2.22,2.1
1520.992,2026-04-30T16:30:57.097534,2.23,2.1
1521.232,2026-04-30T16:30:57.337411,2.21,2.09
1521.488,2026-04-30T16:30:57.593334,2.23,2.09
1521.744,2026-04-30T16:30:57.849251,2.23,2.1
1522.004,2026-04-30T16:30:58.109425,2.21,2.1
1522.276,2026-04-30T16:30:58.381522,2.22,2.1
1522.540,2026-04-30T16:30:58.645528,2.22,2.1
1522.792,2026-04-30T16:30:58.897307,2.23,2.1
1523.044,2026-04-30T16:30:59.149345,2.21,2.1
1523.304,2026-04-30T16:30:59.409603,2.22,2.1
1523.556,2026-04-30T16:30:59.661384,2.23,2.1
1523.808,2026-04-30T16:30:59.913280,2.23,2.1
1524.064,2026-04-30T16:31:00.169429,2.23,2.1
1524.320,2026-04-30T16:31:00.425317,2.21,2.1
1524.576,2026-04-30T16:31:00.681438,2.24,2.11
1524.840,2026-04-30T16:31:00.945526,2.23,2.1
1525.092,2026-04-30T16:31:01.197560,2.24,2.1
1525.356,2026-04-30T16:31:01.461358,2.23,2.1
1525.612,2026-04-30T16:31:01.717461,2.22,2.1
1525.872,2026-04-30T16:31:01.977296,2.23,2.1
1526.124,2026-04-30T16:31:02.229495,2.22,2.1
1526.376,2026-04-30T16:31:02.481427,2.22,2.1
1526.632,2026-04-30T16:31:02.737395,2.23,2.1
1526.888,2026-04-30T16:31:02.993294,2.22,2.1
1527.148,2026-04-30T16:31:03.253218,2.21,2.09
1527.412,2026-04-30T16:31:03.517362,2.22,2.1
1527.668,2026-04-30T16:31:03.773339,2.24,2.1
1527.920,2026-04-30T16:31:04.025165,2.23,2.1
1528.180,2026-04-30T16:31:04.285674,2.23,2.1
1528.436,2026-04-30T16:31:04.541366,2.23,2.1
1528.692,2026-04-30T16:31:04.797534,2.22,2.1
1528.948,2026-04-30T16:31:05.053336,2.22,2.1
1529.204,2026-04-30T16:31:05.309456,2.22,2.09
1529.460,2026-04-30T16:31:05.565307,2.22,2.1
1529.716,2026-04-30T16:31:05.821531,2.23,2.1
1529.996,2026-04-30T16:31:06.101146,2.23,2.1
1530.248,2026-04-30T16:31:06.353266,2.23,2.1
1530.496,2026-04-30T16:31:06.601681,2.21,2.1
1530.752,2026-04-30T16:31:06.857455,2.22,2.09
1531.012,2026-04-30T16:31:07.117399,2.21,2.1
1531.272,2026-04-30T16:31:07.377342,2.21,2.09
1531.532,2026-04-30T16:31:07.637404,2.22,2.1
1531.784,2026-04-30T16:31:07.889435,2.21,2.09
1532.060,2026-04-30T16:31:08.165256,2.22,2.1
1532.312,2026-04-30T16:31:08.417369,2.23,2.1
1532.572,2026-04-30T16:31:08.677409,2.23,2.09
1532.848,2026-04-30T16:31:08.953415,2.23,2.09
1533.080,2026-04-30T16:31:09.185564,2.21,2.09
1533.336,2026-04-30T16:31:09.441383,2.22,2.1
1533.596,2026-04-30T16:31:09.701479,2.22,2.1
1533.848,2026-04-30T16:31:09.953328,2.21,2.09
1534.104,2026-04-30T16:31:10.209447,2.22,2.1
1534.364,2026-04-30T16:31:10.469322,2.21,2.09
1534.628,2026-04-30T16:31:10.733503,2.21,2.1
1534.884,2026-04-30T16:31:10.989377,2.21,2.09
1535.144,2026-04-30T16:31:11.249363,2.21,2.09
1535.396,2026-04-30T16:31:11.501421,2.21,2.1
1535.652,2026-04-30T16:31:11.757300,2.22,2.1
1535.908,2026-04-30T16:31:12.013460,2.23,2.1
1536.168,2026-04-30T16:31:12.273368,2.21,2.1
1536.424,2026-04-30T16:31:12.529244,2.21,2.1
1536.684,2026-04-30T16:31:12.789290,2.21,2.1
1536.936,2026-04-30T16:31:13.041363,2.21,2.09
1537.208,2026-04-30T16:31:13.313408,2.21,2.09
1537.464,2026-04-30T16:31:13.569449,2.21,2.09
1537.704,2026-04-30T16:31:13.809464,2.21,2.09
1537.964,2026-04-30T16:31:14.069452,2.21,2.1
1538.212,2026-04-30T16:31:14.317346,2.2,2.1
1538.472,2026-04-30T16:31:14.577329,2.22,2.09
1538.732,2026-04-30T16:31:14.837356,2.2,2.09
1538.992,2026-04-30T16:31:15.097439,2.22,2.1
1539.248,2026-04-30T16:31:15.353385,2.21,2.09
1539.504,2026-04-30T16:31:15.609413,2.22,2.1
1539.788,2026-04-30T16:31:15.893314,2.21,2.1
1540.044,2026-04-30T16:31:16.149325,2.21,2.1
1540.284,2026-04-30T16:31:16.389340,2.21,2.09
1540.540,2026-04-30T16:31:16.645404,2.22,2.1
1540.804,2026-04-30T16:31:16.909360,2.21,2.1
1541.056,2026-04-30T16:31:17.161336,2.21,2.1
1541.308,2026-04-30T16:31:17.413412,2.2,2.09
1541.572,2026-04-30T16:31:17.677256,2.22,2.1
1541.829,2026-04-30T16:31:17.934191,2.21,2.1
1542.088,2026-04-30T16:31:18.193358,2.22,2.1
1542.356,2026-04-30T16:31:18.461356,2.2,2.09
1542.624,2026-04-30T16:31:18.729182,2.21,2.1
1542.864,2026-04-30T16:31:18.969442,2.22,2.1
1543.116,2026-04-30T16:31:19.221321,2.2,2.09
1543.372,2026-04-30T16:31:19.477236,2.21,2.1
1543.632,2026-04-30T16:31:19.737360,2.2,2.1
1543.888,2026-04-30T16:31:19.993265,2.22,2.1
1544.144,2026-04-30T16:31:20.249395,2.22,2.09
1544.404,2026-04-30T16:31:20.509389,2.21,2.1
1544.672,2026-04-30T16:31:20.777098,2.21,2.1
1544.928,2026-04-30T16:31:21.033568,2.2,2.09
1545.180,2026-04-30T16:31:21.285567,2.22,2.1
1545.436,2026-04-30T16:31:21.541353,2.2,2.1
1545.692,2026-04-30T16:31:21.797504,2.22,2.1
1545.948,2026-04-30T16:31:22.053339,2.21,2.1
1546.208,2026-04-30T16:31:22.313325,2.21,2.09
1546.456,2026-04-30T16:31:22.561325,2.21,2.1
1546.712,2026-04-30T16:31:22.817186,2.21,2.1
1546.972,2026-04-30T16:31:23.077228,2.2,2.1
1547.236,2026-04-30T16:31:23.341331,2.22,2.1
1547.492,2026-04-30T16:31:23.597647,2.21,2.1
1547.752,2026-04-30T16:31:23.857431,2.2,2.1
1548.008,2026-04-30T16:31:24.113436,2.21,2.1
1548.264,2026-04-30T16:31:24.369454,2.22,2.1
1548.516,2026-04-30T16:31:24.621653,2.2,2.09
1548.768,2026-04-30T16:31:24.873353,2.2,2.1
1549.024,2026-04-30T16:31:25.129230,2.22,2.1
1549.284,2026-04-30T16:31:25.389213,2.21,2.1
1549.548,2026-04-30T16:31:25.653277,2.21,2.1
1549.812,2026-04-30T16:31:25.917383,2.19,2.1
1550.068,2026-04-30T16:31:26.173298,2.21,2.1
1550.328,2026-04-30T16:31:26.433509,2.2,2.1
1550.580,2026-04-30T16:31:26.685632,2.2,2.1
1550.832,2026-04-30T16:31:26.937527,2.21,2.1
1551.084,2026-04-30T16:31:27.189171,2.21,2.1
1551.344,2026-04-30T16:31:27.449335,2.21,2.1
1551.600,2026-04-30T16:31:27.705296,2.19,2.1
1551.864,2026-04-30T16:31:27.969388,2.21,2.1
1552.132,2026-04-30T16:31:28.237305,2.21,2.1
1552.392,2026-04-30T16:31:28.497377,2.21,2.1
1552.640,2026-04-30T16:31:28.745452,2.21,2.1
1552.892,2026-04-30T16:31:28.997527,2.21,2.1
1553.144,2026-04-30T16:31:29.249238,2.2,2.11
1553.400,2026-04-30T16:31:29.505349,2.2,2.1
1553.660,2026-04-30T16:31:29.765310,2.21,2.1
1553.908,2026-04-30T16:31:30.013472,2.2,2.1
1554.172,2026-04-30T16:31:30.277289,2.22,2.1
1554.428,2026-04-30T16:31:30.533478,2.21,2.1
1554.708,2026-04-30T16:31:30.813446,2.21,2.1
1554.964,2026-04-30T16:31:31.069389,2.22,2.1
1555.204,2026-04-30T16:31:31.309326,2.21,2.1
1555.456,2026-04-30T16:31:31.561323,2.21,2.1
1555.712,2026-04-30T16:31:31.817341,2.21,2.09
1555.972,2026-04-30T16:31:32.077321,2.22,2.1
1556.228,2026-04-30T16:31:32.333508,2.21,2.1
1556.484,2026-04-30T16:31:32.589245,2.23,2.09
1556.752,2026-04-30T16:31:32.857338,2.2,2.09
1557.008,2026-04-30T16:31:33.113091,2.2,2.09
1557.276,2026-04-30T16:31:33.381339,2.22,2.1
1557.536,2026-04-30T16:31:33.641317,2.21,2.09
1557.784,2026-04-30T16:31:33.889275,2.22,2.09
1558.044,2026-04-30T16:31:34.149283,2.21,2.09
1558.300,2026-04-30T16:31:34.405337,2.22,2.1
1558.556,2026-04-30T16:31:34.661372,2.21,2.09
1558.808,2026-04-30T16:31:34.913371,2.21,2.1
1559.052,2026-04-30T16:31:35.157337,2.19,2.1
1559.312,2026-04-30T16:31:35.417061,2.21,2.09
1559.572,2026-04-30T16:31:35.677245,2.21,2.09
1559.856,2026-04-30T16:31:35.961294,2.19,2.09
1560.088,2026-04-30T16:31:36.193370,2.21,2.1
1560.348,2026-04-30T16:31:36.453242,2.22,2.09
1560.604,2026-04-30T16:31:36.709720,2.22,2.1
1560.860,2026-04-30T16:31:36.965355,2.22,2.09
1561.120,2026-04-30T16:31:37.225361,2.2,2.09
1561.376,2026-04-30T16:31:37.481172,2.21,2.1
1561.636,2026-04-30T16:31:37.741279,2.2,2.09
1561.892,2026-04-30T16:31:37.997348,2.2,2.09
1562.152,2026-04-30T16:31:38.257346,2.2,2.09
1562.424,2026-04-30T16:31:38.529379,2.22,2.1
1562.680,2026-04-30T16:31:38.785593,2.21,2.09
1562.920,2026-04-30T16:31:39.025329,2.2,2.09
1563.176,2026-04-30T16:31:39.281470,2.21,2.09
1563.432,2026-04-30T16:31:39.537309,2.21,2.09
1563.692,2026-04-30T16:31:39.797412,2.2,2.09
1563.944,2026-04-30T16:31:40.049308,2.19,2.09
1564.204,2026-04-30T16:31:40.309306,2.21,2.1
1564.464,2026-04-30T16:31:40.569388,2.21,2.1
1564.732,2026-04-30T16:31:40.837378,2.21,2.1
1564.992,2026-04-30T16:31:41.097457,2.21,2.09
1565.248,2026-04-30T16:31:41.353247,2.2,2.1
1565.508,2026-04-30T16:31:41.613640,2.21,2.1
1565.764,2026-04-30T16:31:41.869205,2.21,2.1
1566.016,2026-04-30T16:31:42.121413,2.23,2.1
1566.272,2026-04-30T16:31:42.377261,2.21,2.1
1566.560,2026-04-30T16:31:42.665310,2.2,2.1
1566.784,2026-04-30T16:31:42.889234,2.21,2.1
1567.036,2026-04-30T16:31:43.141319,2.22,2.1
1567.304,2026-04-30T16:31:43.409398,2.21,2.1
1567.564,2026-04-30T16:31:43.669440,2.21,2.1
1567.820,2026-04-30T16:31:43.925205,2.2,2.09
1568.076,2026-04-30T16:31:44.181329,2.2,2.09
1568.328,2026-04-30T16:31:44.433495,2.21,2.1
1568.588,2026-04-30T16:31:44.693278,2.23,2.1
1568.848,2026-04-30T16:31:44.953151,2.21,2.1
1569.108,2026-04-30T16:31:45.213270,2.2,2.1
1569.364,2026-04-30T16:31:45.469302,2.2,2.09
1569.628,2026-04-30T16:31:45.733421,2.2,2.09
1569.892,2026-04-30T16:31:45.997283,2.21,2.1
1570.148,2026-04-30T16:31:46.253310,2.2,2.1
1570.392,2026-04-30T16:31:46.497447,2.2,2.1
1570.652,2026-04-30T16:31:46.757361,2.19,2.1
1570.916,2026-04-30T16:31:47.021396,2.2,2.1
1571.172,2026-04-30T16:31:47.277366,2.21,2.1
1571.428,2026-04-30T16:31:47.533480,2.21,2.09
1571.696,2026-04-30T16:31:47.801296,2.2,2.1
1571.948,2026-04-30T16:31:48.053148,2.22,2.1
1572.216,2026-04-30T16:31:48.321419,2.21,2.1
1572.476,2026-04-30T16:31:48.581316,2.2,2.09
1572.732,2026-04-30T16:31:48.837346,2.2,2.09
1572.988,2026-04-30T16:31:49.093267,2.21,2.09
1573.240,2026-04-30T16:31:49.345511,2.21,2.1
1573.492,2026-04-30T16:31:49.597819,2.21,2.1
1573.748,2026-04-30T16:31:49.853281,2.2,2.1
1574.000,2026-04-30T16:31:50.105121,2.21,2.1
1574.256,2026-04-30T16:31:50.361270,2.2,2.1
1574.516,2026-04-30T16:31:50.621387,2.2,2.09
1574.780,2026-04-30T16:31:50.885501,2.21,2.1
1575.036,2026-04-30T16:31:51.141232,2.21,2.1
1575.288,2026-04-30T16:31:51.393378,2.2,2.09
1575.540,2026-04-30T16:31:51.645485,2.21,2.1
1575.792,2026-04-30T16:31:51.897491,2.22,2.1
1576.044,2026-04-30T16:31:52.149087,2.2,2.09
1576.300,2026-04-30T16:31:52.405377,2.21,2.1
1576.560,2026-04-30T16:31:52.665329,2.19,2.09
1576.816,2026-04-30T16:31:52.921378,2.21,2.1
1577.072,2026-04-30T16:31:53.177251,2.2,2.1
1577.340,2026-04-30T16:31:53.445466,2.19,2.09
1577.600,2026-04-30T16:31:53.705341,2.2,2.09
1577.856,2026-04-30T16:31:53.961331,2.21,2.1
1578.112,2026-04-30T16:31:54.217170,2.2,2.1
1578.368,2026-04-30T16:31:54.473325,2.19,2.1
1578.624,2026-04-30T16:31:54.729400,2.22,2.1
1578.880,2026-04-30T16:31:54.985386,2.2,2.1
1579.128,2026-04-30T16:31:55.233477,2.19,2.1
1579.376,2026-04-30T16:31:55.481351,2.21,2.1
1579.632,2026-04-30T16:31:55.737313,2.21,2.1
1579.900,2026-04-30T16:31:56.005355,2.2,2.1
1580.152,2026-04-30T16:31:56.257375,2.21,2.1
1580.408,2026-04-30T16:31:56.513179,2.21,2.1
1580.668,2026-04-30T16:31:56.773307,2.2,2.1
1580.924,2026-04-30T16:31:57.029277,2.21,2.09
1581.180,2026-04-30T16:31:57.285556,2.2,2.1
1581.436,2026-04-30T16:31:57.541272,2.21,2.1
1581.692,2026-04-30T16:31:57.797405,2.2,2.1
1581.948,2026-04-30T16:31:58.053206,2.21,2.1
1582.208,2026-04-30T16:31:58.313218,2.21,2.1
1582.472,2026-04-30T16:31:58.577237,2.23,2.11
1582.728,2026-04-30T16:31:58.833568,2.21,2.1
1582.984,2026-04-30T16:31:59.089281,2.19,2.1
1583.240,2026-04-30T16:31:59.345383,2.22,2.1
1583.500,2026-04-30T16:31:59.605366,2.21,2.1
1583.756,2026-04-30T16:31:59.861234,2.21,2.1
1584.012,2026-04-30T16:32:00.117307,2.21,2.1
1584.268,2026-04-30T16:32:00.373237,2.2,2.1
1584.552,2026-04-30T16:32:00.657196,2.21,2.1
1584.780,2026-04-30T16:32:00.885497,2.21,2.1
1585.048,2026-04-30T16:32:01.153274,2.19,2.1
1585.304,2026-04-30T16:32:01.409435,2.22,2.1
1585.560,2026-04-30T16:32:01.665398,2.21,2.11
1585.816,2026-04-30T16:32:01.921409,2.23,2.11
1586.072,2026-04-30T16:32:02.177330,2.2,2.1
1586.332,2026-04-30T16:32:02.437285,2.21,2.1
1586.596,2026-04-30T16:32:02.701144,2.23,2.11
1586.852,2026-04-30T16:32:02.957342,2.21,2.1
1587.108,2026-04-30T16:32:03.213153,2.21,2.1
1587.376,2026-04-30T16:32:03.481446,2.22,2.1
1587.636,2026-04-30T16:32:03.741320,2.22,2.11
1587.892,2026-04-30T16:32:03.997461,2.21,2.1
1588.144,2026-04-30T16:32:04.249309,2.21,2.1
1588.396,2026-04-30T16:32:04.501335,2.2,2.1
1588.652,2026-04-30T16:32:04.757176,2.21,2.1
1588.908,2026-04-30T16:32:05.013281,2.21,2.1
1589.164,2026-04-30T16:32:05.269312,2.22,2.1
1589.424,2026-04-30T16:32:05.529178,2.21,2.1
1589.676,2026-04-30T16:32:05.781337,2.21,2.1
1589.944,2026-04-30T16:32:06.049267,2.22,2.1
1590.200,2026-04-30T16:32:06.305349,2.21,2.09
1590.460,2026-04-30T16:32:06.565282,2.22,2.09
1590.712,2026-04-30T16:32:06.817054,2.22,2.1
1590.964,2026-04-30T16:32:07.069349,2.21,2.1
1591.216,2026-04-30T16:32:07.321399,2.22,2.1
1591.480,2026-04-30T16:32:07.585464,2.21,2.1
1591.732,2026-04-30T16:32:07.837276,2.21,2.09
1591.984,2026-04-30T16:32:08.089146,2.22,2.1
1592.244,2026-04-30T16:32:08.349377,2.21,2.09
1592.508,2026-04-30T16:32:08.613568,2.2,2.09
1592.760,2026-04-30T16:32:08.865190,2.21,2.09
1593.020,2026-04-30T16:32:09.125315,2.21,2.1
1593.280,2026-04-30T16:32:09.385474,2.21,2.1
1593.544,2026-04-30T16:32:09.649172,2.2,2.09
1593.788,2026-04-30T16:32:09.893324,2.2,2.1
1594.044,2026-04-30T16:32:10.149303,2.2,2.1
1594.304,2026-04-30T16:32:10.409374,2.22,2.1
1594.560,2026-04-30T16:32:10.665269,2.21,2.1
1594.816,2026-04-30T16:32:10.921384,2.21,2.09
1595.080,2026-04-30T16:32:11.185319,2.23,2.1
1595.336,2026-04-30T16:32:11.441305,2.23,2.1
1595.596,2026-04-30T16:32:11.701319,2.2,2.1
1595.852,2026-04-30T16:32:11.957360,2.21,2.09
1596.108,2026-04-30T16:32:12.213300,2.23,2.1
1596.368,2026-04-30T16:32:12.473261,2.22,2.1
1596.628,2026-04-30T16:32:12.733502,2.23,2.1
1596.880,2026-04-30T16:32:12.985432,2.22,2.1
1597.136,2026-04-30T16:32:13.241113,2.22,2.1
1597.404,2026-04-30T16:32:13.509414,2.21,2.1
1597.660,2026-04-30T16:32:13.765339,2.22,2.1
1597.916,2026-04-30T16:32:14.021376,2.21,2.1
1598.168,2026-04-30T16:32:14.273275,2.22,2.1
1598.420,2026-04-30T16:32:14.525304,2.21,2.09
1598.676,2026-04-30T16:32:14.781420,2.21,2.09
1598.932,2026-04-30T16:32:15.037241,2.22,2.1
1599.188,2026-04-30T16:32:15.293118,2.21,2.09
1599.452,2026-04-30T16:32:15.557345,2.21,2.1
1599.704,2026-04-30T16:32:15.809411,2.21,2.1
1599.972,2026-04-30T16:32:16.077104,2.22,2.1
1600.228,2026-04-30T16:32:16.333429,2.2,2.1
1600.492,2026-04-30T16:32:16.597537,2.21,2.1
1600.752,2026-04-30T16:32:16.857430,2.22,2.1
1601.004,2026-04-30T16:32:17.109399,2.21,2.1
1601.244,2026-04-30T16:32:17.349154,2.21,2.1
1601.500,2026-04-30T16:32:17.605514,2.22,2.1
1601.760,2026-04-30T16:32:17.865250,2.23,2.11
1602.016,2026-04-30T16:32:18.121226,2.21,2.1
1602.276,2026-04-30T16:32:18.381084,2.22,2.1
1602.556,2026-04-30T16:32:18.661248,2.21,2.1
1602.796,2026-04-30T16:32:18.901212,2.22,2.1
1603.052,2026-04-30T16:32:19.157368,2.21,2.1
1603.308,2026-04-30T16:32:19.413020,2.21,2.1
1603.564,2026-04-30T16:32:19.669415,2.2,2.1
1603.824,2026-04-30T16:32:19.929245,2.21,2.1
1604.080,2026-04-30T16:32:20.185378,2.21,2.09
1604.328,2026-04-30T16:32:20.433458,2.23,2.1
1604.588,2026-04-30T16:32:20.693182,2.22,2.1
1604.844,2026-04-30T16:32:20.949314,2.2,2.1
1605.112,2026-04-30T16:32:21.217213,2.19,2.1
1605.364,2026-04-30T16:32:21.469131,2.21,2.1
1605.624,2026-04-30T16:32:21.729226,2.21,2.09
1605.884,2026-04-30T16:32:21.989223,2.2,2.1
1606.140,2026-04-30T16:32:22.245405,2.21,2.1
1606.396,2026-04-30T16:32:22.501221,2.23,2.1
1606.660,2026-04-30T16:32:22.765086,2.2,2.1
1606.904,2026-04-30T16:32:23.009315,2.23,2.1
1607.164,2026-04-30T16:32:23.269324,2.21,2.09
1607.432,2026-04-30T16:32:23.537143,2.22,2.09
1607.688,2026-04-30T16:32:23.793208,2.2,2.09
1607.948,2026-04-30T16:32:24.053218,2.22,2.09
1608.204,2026-04-30T16:32:24.309380,2.21,2.1
1608.444,2026-04-30T16:32:24.549290,2.22,2.1
1608.704,2026-04-30T16:32:24.809267,2.22,2.09
1608.960,2026-04-30T16:32:25.065264,2.22,2.09
1609.216,2026-04-30T16:32:25.321325,2.2,2.08
1609.472,2026-04-30T16:32:25.577212,2.22,2.09
1609.728,2026-04-30T16:32:25.833310,2.21,2.09
1610.004,2026-04-30T16:32:26.109320,2.21,2.1
1610.244,2026-04-30T16:32:26.349376,2.23,2.09
1610.500,2026-04-30T16:32:26.605813,2.21,2.09
1610.756,2026-04-30T16:32:26.861185,2.23,2.09
1611.012,2026-04-30T16:32:27.117298,2.23,2.09
1611.268,2026-04-30T16:32:27.373310,2.22,2.09
1611.528,2026-04-30T16:32:27.633427,2.21,2.09
1611.780,2026-04-30T16:32:27.885282,2.21,2.09
1612.040,2026-04-30T16:32:28.145293,2.22,2.09
1612.292,2026-04-30T16:32:28.397309,2.23,2.09
1612.552,2026-04-30T16:32:28.657311,2.22,2.09
1612.816,2026-04-30T16:32:28.921212,2.2,2.09
1613.072,2026-04-30T16:32:29.177216,2.21,2.08
1613.324,2026-04-30T16:32:29.429292,2.21,2.09
1613.576,2026-04-30T16:32:29.681369,2.22,2.09
1613.829,2026-04-30T16:32:29.933954,2.22,2.09
1614.084,2026-04-30T16:32:30.189221,2.21,2.09
1614.340,2026-04-30T16:32:30.445327,2.22,2.09
1614.600,2026-04-30T16:32:30.705172,2.21,2.08
1614.856,2026-04-30T16:32:30.961178,2.23,2.09
1615.116,2026-04-30T16:32:31.221283,2.23,2.09
1615.384,2026-04-30T16:32:31.489228,2.23,2.09
1615.636,2026-04-30T16:32:31.741266,2.22,2.09
1615.896,2026-04-30T16:32:32.001151,2.23,2.1
1616.152,2026-04-30T16:32:32.257368,2.23,2.1
1616.412,2026-04-30T16:32:32.517235,2.23,2.1
1616.664,2026-04-30T16:32:32.769387,2.22,2.09
1616.924,2026-04-30T16:32:33.029027,2.22,2.1
1617.176,2026-04-30T16:32:33.281444,2.21,2.1
1617.440,2026-04-30T16:32:33.545307,2.22,2.1
1617.704,2026-04-30T16:32:33.809368,2.21,2.09
1617.960,2026-04-30T16:32:34.065015,2.21,2.1
1618.216,2026-04-30T16:32:34.321353,2.22,2.1
1618.472,2026-04-30T16:32:34.577151,2.21,2.09
1618.724,2026-04-30T16:32:34.829235,2.22,2.1
1618.980,2026-04-30T16:32:35.085427,2.23,2.1
1619.236,2026-04-30T16:32:35.341234,2.22,2.1
1619.496,2026-04-30T16:32:35.601222,2.22,2.1
1619.756,2026-04-30T16:32:35.861148,2.22,2.11
1620.016,2026-04-30T16:32:36.121061,2.22,2.1
1620.284,2026-04-30T16:32:36.389145,2.22,2.1
1620.540,2026-04-30T16:32:36.645438,2.22,2.1
1620.796,2026-04-30T16:32:36.901027,2.22,2.1
1621.052,2026-04-30T16:32:37.157397,2.24,2.1
1621.304,2026-04-30T16:32:37.409309,2.23,2.1
1621.556,2026-04-30T16:32:37.661213,2.2,2.1
1621.808,2026-04-30T16:32:37.913230,2.21,2.1
1622.068,2026-04-30T16:32:38.173150,2.22,2.1
1622.324,2026-04-30T16:32:38.429067,2.22,2.09
1622.588,2026-04-30T16:32:38.693195,2.21,2.1
1622.864,2026-04-30T16:32:38.969375,2.22,2.1
1623.104,2026-04-30T16:32:39.209331,2.22,2.11
1623.356,2026-04-30T16:32:39.461086,2.21,2.1
1623.616,2026-04-30T16:32:39.721362,2.21,2.09
1623.876,2026-04-30T16:32:39.981316,2.22,2.1
1624.136,2026-04-30T16:32:40.241211,2.21,2.1
1624.388,2026-04-30T16:32:40.493067,2.23,2.1
1624.648,2026-04-30T16:32:40.753148,2.23,2.1
1624.900,2026-04-30T16:32:41.005254,2.21,2.1
1625.168,2026-04-30T16:32:41.273241,2.21,2.1
1625.424,2026-04-30T16:32:41.529244,2.21,2.1
1625.684,2026-04-30T16:32:41.789080,2.21,2.1
1625.940,2026-04-30T16:32:42.045446,2.22,2.1
1626.196,2026-04-30T16:32:42.301240,2.21,2.1
1626.456,2026-04-30T16:32:42.561021,2.2,2.1
1626.712,2026-04-30T16:32:42.817127,2.22,2.1
1626.952,2026-04-30T16:32:43.057282,2.2,2.09
1627.208,2026-04-30T16:32:43.313220,2.2,2.1
1627.460,2026-04-30T16:32:43.565215,2.22,2.1
1627.736,2026-04-30T16:32:43.841220,2.21,2.1
1627.972,2026-04-30T16:32:44.076999,2.22,2.1
1628.236,2026-04-30T16:32:44.341141,2.21,2.1
1628.488,2026-04-30T16:32:44.593563,2.23,2.1
1628.748,2026-04-30T16:32:44.853228,2.21,2.1
1629.008,2026-04-30T16:32:45.113195,2.23,2.1
1629.268,2026-04-30T16:32:45.373286,2.21,2.1
1629.552,2026-04-30T16:32:45.657300,2.21,2.1
1629.784,2026-04-30T16:32:45.889184,2.22,2.1
1630.040,2026-04-30T16:32:46.145259,2.21,2.1
1630.324,2026-04-30T16:32:46.429283,2.21,2.1
1630.564,2026-04-30T16:32:46.669202,2.2,2.1
1630.820,2026-04-30T16:32:46.925285,2.22,2.1
1631.076,2026-04-30T16:32:47.181336,2.22,2.1
1631.332,2026-04-30T16:32:47.437256,2.21,2.1
1631.592,2026-04-30T16:32:47.697310,2.21,2.1
1631.848,2026-04-30T16:32:47.953133,2.22,2.1
1632.104,2026-04-30T16:32:48.209321,2.21,2.1
1632.360,2026-04-30T16:32:48.465215,2.22,2.1
1632.620,2026-04-30T16:32:48.724947,2.23,2.11
1632.884,2026-04-30T16:32:48.989193,2.2,2.1
1633.148,2026-04-30T16:32:49.253201,2.22,2.1
1633.388,2026-04-30T16:32:49.493180,2.21,2.09
1633.644,2026-04-30T16:32:49.749205,2.22,2.1
1633.904,2026-04-30T16:32:50.009346,2.2,2.09
1634.160,2026-04-30T16:32:50.265290,2.23,2.1
1634.416,2026-04-30T16:32:50.521571,2.23,2.09
1634.672,2026-04-30T16:32:50.776988,2.21,2.09
1634.932,2026-04-30T16:32:51.037164,2.21,2.09
1635.188,2026-04-30T16:32:51.293212,2.21,2.09
1635.460,2026-04-30T16:32:51.565233,2.22,2.1
1635.720,2026-04-30T16:32:51.825225,2.21,2.1
1635.972,2026-04-30T16:32:52.077162,2.23,2.1
1636.224,2026-04-30T16:32:52.329295,2.21,2.09
1636.480,2026-04-30T16:32:52.585411,2.2,2.09
1636.736,2026-04-30T16:32:52.841168,2.21,2.09
1636.992,2026-04-30T16:32:53.097268,2.22,2.1
1637.248,2026-04-30T16:32:53.353171,2.2,2.09
1637.500,2026-04-30T16:32:53.605225,2.22,2.1
1637.764,2026-04-30T16:32:53.869279,2.23,2.1
1638.016,2026-04-30T16:32:54.121271,2.21,2.1
1638.276,2026-04-30T16:32:54.381347,2.22,2.1
1638.536,2026-04-30T16:32:54.641099,2.23,2.1
1638.788,2026-04-30T16:32:54.893169,2.23,2.09
1639.040,2026-04-30T16:32:55.145253,2.23,2.1
1639.300,2026-04-30T16:32:55.405205,2.21,2.1
1639.560,2026-04-30T16:32:55.665189,2.22,2.1
1639.812,2026-04-30T16:32:55.917016,2.24,2.1
1640.076,2026-04-30T16:32:56.181343,2.22,2.09
1640.340,2026-04-30T16:32:56.445353,2.23,2.1
1640.604,2026-04-30T16:32:56.709306,2.22,2.1
1640.868,2026-04-30T16:32:56.973076,2.22,2.09
1641.124,2026-04-30T16:32:57.229113,2.21,2.1
1641.380,2026-04-30T16:32:57.485432,2.23,2.09
1641.636,2026-04-30T16:32:57.741211,2.23,2.1
1641.892,2026-04-30T16:32:57.997274,2.22,2.1
1642.144,2026-04-30T16:32:58.249268,2.23,2.1
1642.404,2026-04-30T16:32:58.509077,2.23,2.1
1642.668,2026-04-30T16:32:58.773259,2.22,2.1
1642.924,2026-04-30T16:32:59.029282,2.21,2.1
1643.180,2026-04-30T16:32:59.285318,2.22,2.1
1643.436,2026-04-30T16:32:59.541239,2.22,2.1
1643.696,2026-04-30T16:32:59.801222,2.22,2.1
1643.952,2026-04-30T16:33:00.057359,2.22,2.1
1644.208,2026-04-30T16:33:00.313073,2.21,2.1
1644.468,2026-04-30T16:33:00.573200,2.22,2.1
1644.724,2026-04-30T16:33:00.829196,2.24,2.11
1644.984,2026-04-30T16:33:01.089100,2.22,2.1
1645.248,2026-04-30T16:33:01.353023,2.24,2.1
1645.505,2026-04-30T16:33:01.609846,2.23,2.1
1645.760,2026-04-30T16:33:01.865212,2.23,2.1
1646.024,2026-04-30T16:33:02.129121,2.23,2.1
1646.284,2026-04-30T16:33:02.389205,2.22,2.1
1646.540,2026-04-30T16:33:02.645267,2.22,2.1
1646.788,2026-04-30T16:33:02.893150,2.24,2.1
1647.044,2026-04-30T16:33:03.149154,2.22,2.1
1647.300,2026-04-30T16:33:03.404925,2.2,2.1
1647.564,2026-04-30T16:33:03.669371,2.22,2.1
1647.820,2026-04-30T16:33:03.925248,2.23,2.1
1648.076,2026-04-30T16:33:04.181401,2.22,2.1
1648.328,2026-04-30T16:33:04.433327,2.23,2.1
1648.588,2026-04-30T16:33:04.693223,2.22,2.09
1648.844,2026-04-30T16:33:04.949188,2.22,2.1
1649.104,2026-04-30T16:33:05.209361,2.22,2.1
1649.360,2026-04-30T16:33:05.464931,2.24,2.1
1649.604,2026-04-30T16:33:05.709392,2.23,2.1
1649.864,2026-04-30T16:33:05.969279,2.24,2.1
1650.132,2026-04-30T16:33:06.237166,2.22,2.1
1650.388,2026-04-30T16:33:06.493176,2.22,2.1
1650.640,2026-04-30T16:33:06.745369,2.23,2.11
1650.896,2026-04-30T16:33:07.001191,2.22,2.1
1651.156,2026-04-30T16:33:07.261220,2.23,2.1
1651.420,2026-04-30T16:33:07.524968,2.21,2.09
1651.676,2026-04-30T16:33:07.781350,2.22,2.1
1651.932,2026-04-30T16:33:08.037132,2.23,2.1
1652.192,2026-04-30T16:33:08.297305,2.23,2.1
1652.444,2026-04-30T16:33:08.549186,2.23,2.1
1652.720,2026-04-30T16:33:08.825270,2.21,2.1
1652.972,2026-04-30T16:33:09.077225,2.23,2.1
1653.224,2026-04-30T16:33:09.329177,2.22,2.1
1653.484,2026-04-30T16:33:09.589358,2.22,2.1
1653.740,2026-04-30T16:33:09.845148,2.23,2.11
1654.000,2026-04-30T16:33:10.105281,2.21,2.1
1654.260,2026-04-30T16:33:10.365094,2.23,2.1
1654.516,2026-04-30T16:33:10.621183,2.22,2.1
1654.780,2026-04-30T16:33:10.885344,2.2,2.1
1655.048,2026-04-30T16:33:11.153312,2.23,2.1
1655.300,2026-04-30T16:33:11.405251,2.24,2.1
1655.552,2026-04-30T16:33:11.657327,2.22,2.1
1655.804,2026-04-30T16:33:11.909177,2.21,2.1
1656.060,2026-04-30T16:33:12.165214,2.22,2.1
1656.324,2026-04-30T16:33:12.429287,2.23,2.1
1656.584,2026-04-30T16:33:12.689212,2.23,2.1
1656.840,2026-04-30T16:33:12.945328,2.24,2.11
1657.100,2026-04-30T16:33:13.205198,2.22,2.1
1657.368,2026-04-30T16:33:13.473256,2.22,2.1
1657.612,2026-04-30T16:33:13.717172,2.22,2.1
1657.876,2026-04-30T16:33:13.981072,2.24,2.1
1658.140,2026-04-30T16:33:14.245344,2.22,2.1
1658.396,2026-04-30T16:33:14.501225,2.23,2.1
1658.652,2026-04-30T16:33:14.757264,2.23,2.11
1658.908,2026-04-30T16:33:15.013145,2.22,2.1
1659.152,2026-04-30T16:33:15.257244,2.22,2.1
1659.420,2026-04-30T16:33:15.525068,2.23,2.11
1659.692,2026-04-30T16:33:15.797293,2.22,2.1
1659.944,2026-04-30T16:33:16.049016,2.23,2.1
1660.224,2026-04-30T16:33:16.329178,2.22,2.11
1660.448,2026-04-30T16:33:16.553171,2.23,2.11
1660.708,2026-04-30T16:33:16.813241,2.21,2.1
1660.968,2026-04-30T16:33:17.073206,2.23,2.1
1661.224,2026-04-30T16:33:17.329236,2.24,2.11
1661.476,2026-04-30T16:33:17.581344,2.23,2.1
1661.740,2026-04-30T16:33:17.845378,2.22,2.11
1662.000,2026-04-30T16:33:18.105070,2.22,2.11
1662.280,2026-04-30T16:33:18.385349,2.22,2.1
1662.512,2026-04-30T16:33:18.617182,2.23,2.1
1662.764,2026-04-30T16:33:18.869364,2.23,2.11
1663.020,2026-04-30T16:33:19.125165,2.22,2.1
1663.284,2026-04-30T16:33:19.389133,2.22,2.1
1663.540,2026-04-30T16:33:19.645342,2.23,2.11
1663.804,2026-04-30T16:33:19.909287,2.22,2.11
1664.052,2026-04-30T16:33:20.157133,2.23,2.1
1664.320,2026-04-30T16:33:20.425120,2.23,2.11
1664.592,2026-04-30T16:33:20.697362,2.22,2.1
1664.844,2026-04-30T16:33:20.949182,2.22,2.1
1665.100,2026-04-30T16:33:21.205174,2.24,2.1
1665.372,2026-04-30T16:33:21.477176,2.21,2.1
1665.596,2026-04-30T16:33:21.701212,2.22,2.1
1665.860,2026-04-30T16:33:21.965200,2.22,2.11
1666.120,2026-04-30T16:33:22.224848,2.23,2.1
1666.372,2026-04-30T16:33:22.477141,2.24,2.1
1666.632,2026-04-30T16:33:22.737146,2.23,2.11
1666.880,2026-04-30T16:33:22.985383,2.23,2.1
1667.160,2026-04-30T16:33:23.265176,2.24,2.1
1667.412,2026-04-30T16:33:23.517278,2.22,2.1
1667.664,2026-04-30T16:33:23.769275,2.23,2.1
1667.908,2026-04-30T16:33:24.013185,2.22,2.1
1668.192,2026-04-30T16:33:24.297027,2.22,2.1
1668.420,2026-04-30T16:33:24.525146,2.23,2.1
1668.680,2026-04-30T16:33:24.785410,2.22,2.1
1668.940,2026-04-30T16:33:25.045312,2.22,2.1
1669.200,2026-04-30T16:33:25.305132,2.22,2.1
1669.452,2026-04-30T16:33:25.557223,2.22,2.1
1669.708,2026-04-30T16:33:25.813100,2.21,2.09
1669.964,2026-04-30T16:33:26.069326,2.23,2.1
1670.228,2026-04-30T16:33:26.333358,2.22,2.1
1670.480,2026-04-30T16:33:26.585160,2.23,2.1
1670.740,2026-04-30T16:33:26.845271,2.24,2.1
1670.996,2026-04-30T16:33:27.101171,2.22,2.1
1671.256,2026-04-30T16:33:27.361135,2.23,2.1
1671.520,2026-04-30T16:33:27.625157,2.22,2.1
1671.772,2026-04-30T16:33:27.877088,2.22,2.1
1672.036,2026-04-30T16:33:28.141159,2.22,2.09
1672.304,2026-04-30T16:33:28.409321,2.23,2.1
1672.564,2026-04-30T16:33:28.669006,2.22,2.1
1672.820,2026-04-30T16:33:28.925157,2.22,2.1
1673.076,2026-04-30T16:33:29.181326,2.22,2.1
1673.332,2026-04-30T16:33:29.437186,2.22,2.1
1673.588,2026-04-30T16:33:29.693171,2.23,2.1
1673.840,2026-04-30T16:33:29.945293,2.22,2.1
1674.096,2026-04-30T16:33:30.201078,2.22,2.1
1674.348,2026-04-30T16:33:30.453072,2.23,2.1
1674.604,2026-04-30T16:33:30.709124,2.23,2.1
1674.876,2026-04-30T16:33:30.981356,2.22,2.1
1675.132,2026-04-30T16:33:31.237170,2.23,2.1
1675.392,2026-04-30T16:33:31.497271,2.22,2.1
1675.644,2026-04-30T16:33:31.749139,2.22,2.1
1675.900,2026-04-30T16:33:32.005174,2.22,2.1
1676.156,2026-04-30T16:33:32.261112,2.21,2.09
1676.408,2026-04-30T16:33:32.513168,2.23,2.09
1676.652,2026-04-30T16:33:32.757155,2.22,2.09
1676.912,2026-04-30T16:33:33.017069,2.23,2.09
1677.168,2026-04-30T16:33:33.273066,2.22,2.1
1677.436,2026-04-30T16:33:33.541092,2.24,2.1
1677.688,2026-04-30T16:33:33.793128,2.23,2.1
1677.940,2026-04-30T16:33:34.045284,2.23,2.1
1678.200,2026-04-30T16:33:34.305157,2.23,2.1
1678.452,2026-04-30T16:33:34.557303,2.23,2.1
1678.711,2026-04-30T16:33:34.816801,2.22,2.1
1678.960,2026-04-30T16:33:35.065240,2.22,2.09
1679.216,2026-04-30T16:33:35.321251,2.24,2.1
1679.476,2026-04-30T16:33:35.581287,2.23,2.09
1679.732,2026-04-30T16:33:35.837108,2.22,2.09
1680.004,2026-04-30T16:33:36.109259,2.23,2.1
1680.256,2026-04-30T16:33:36.361121,2.22,2.1
1680.512,2026-04-30T16:33:36.617075,2.24,2.1
1680.768,2026-04-30T16:33:36.872919,2.22,2.1
1681.024,2026-04-30T16:33:37.129129,2.23,2.1
1681.280,2026-04-30T16:33:37.385525,2.21,2.1
1681.540,2026-04-30T16:33:37.645281,2.24,2.1
1681.800,2026-04-30T16:33:37.905112,2.22,2.1
1682.060,2026-04-30T16:33:38.165162,2.24,2.1
1682.316,2026-04-30T16:33:38.421207,2.23,2.1
1682.572,2026-04-30T16:33:38.677132,2.23,2.1
1682.856,2026-04-30T16:33:38.960885,2.23,2.09
1683.096,2026-04-30T16:33:39.201142,2.23,2.1
1683.348,2026-04-30T16:33:39.453107,2.22,2.1
1683.604,2026-04-30T16:33:39.709373,2.22,2.09
1683.860,2026-04-30T16:33:39.965089,2.24,2.09
1684.112,2026-04-30T16:33:40.217072,2.24,2.1
1684.376,2026-04-30T16:33:40.481169,2.24,2.1
1684.636,2026-04-30T16:33:40.741114,2.23,2.1
1684.904,2026-04-30T16:33:41.009314,2.24,2.1
1685.168,2026-04-30T16:33:41.272940,2.23,2.1
1685.420,2026-04-30T16:33:41.525162,2.25,2.1
1685.676,2026-04-30T16:33:41.781211,2.24,2.1
1685.928,2026-04-30T16:33:42.033398,2.23,2.1
1686.180,2026-04-30T16:33:42.285365,2.23,2.1
1686.436,2026-04-30T16:33:42.541113,2.24,2.1
1686.692,2026-04-30T16:33:42.797188,2.24,2.1
1686.960,2026-04-30T16:33:43.065091,2.24,2.1
1687.204,2026-04-30T16:33:43.309079,2.24,2.1
1687.472,2026-04-30T16:33:43.577099,2.24,2.1
1687.724,2026-04-30T16:33:43.829084,2.23,2.1
1687.980,2026-04-30T16:33:44.085209,2.24,2.1
1688.236,2026-04-30T16:33:44.340911,2.25,2.1
1688.492,2026-04-30T16:33:44.597360,2.23,2.1
1688.752,2026-04-30T16:33:44.857265,2.23,2.1
1689.004,2026-04-30T16:33:45.109366,2.23,2.1
1689.260,2026-04-30T16:33:45.365018,2.24,2.1
1689.516,2026-04-30T16:33:45.621173,2.23,2.1
1689.776,2026-04-30T16:33:45.881188,2.23,2.1
1690.044,2026-04-30T16:33:46.148974,2.24,2.1
1690.300,2026-04-30T16:33:46.405082,2.22,2.1
1690.556,2026-04-30T16:33:46.661100,2.23,2.1
1690.804,2026-04-30T16:33:46.909260,2.22,2.1
1691.056,2026-04-30T16:33:47.161102,2.24,2.1
1691.312,2026-04-30T16:33:47.417014,2.24,2.1
1691.568,2026-04-30T16:33:47.673134,2.24,2.1
1691.824,2026-04-30T16:33:47.929038,2.25,2.1
1692.076,2026-04-30T16:33:48.181293,2.24,2.1
1692.336,2026-04-30T16:33:48.441087,2.23,2.1
1692.612,2026-04-30T16:33:48.716974,2.23,2.1
1692.876,2026-04-30T16:33:48.981311,2.23,2.1
1693.104,2026-04-30T16:33:49.209249,2.22,2.1
1693.364,2026-04-30T16:33:49.468982,2.22,2.1
1693.624,2026-04-30T16:33:49.729100,2.23,2.1
1693.876,2026-04-30T16:33:49.981275,2.23,2.1
1694.136,2026-04-30T16:33:50.241109,2.25,2.1
1694.396,2026-04-30T16:33:50.501081,2.24,2.1
1694.652,2026-04-30T16:33:50.757225,2.23,2.1
1694.916,2026-04-30T16:33:51.021144,2.23,2.1
1695.200,2026-04-30T16:33:51.305217,2.22,2.1
1695.440,2026-04-30T16:33:51.545031,2.22,2.1
1695.668,2026-04-30T16:33:51.773092,2.22,2.09
1695.936,2026-04-30T16:33:52.041109,2.22,2.1
1696.192,2026-04-30T16:33:52.297200,2.23,2.1
1696.444,2026-04-30T16:33:52.549014,2.24,2.1
1696.700,2026-04-30T16:33:52.805184,2.21,2.1
1696.956,2026-04-30T16:33:53.061126,2.23,2.1
1697.216,2026-04-30T16:33:53.321221,2.22,2.09
1697.476,2026-04-30T16:33:53.581119,2.22,2.1
1697.728,2026-04-30T16:33:53.833234,2.22,2.1
1697.976,2026-04-30T16:33:54.081207,2.22,2.1
1698.240,2026-04-30T16:33:54.345255,2.23,2.1
1698.500,2026-04-30T16:33:54.605246,2.24,2.1
1698.744,2026-04-30T16:33:54.849040,2.22,2.1
1699.008,2026-04-30T16:33:55.113122,2.22,2.11
1699.260,2026-04-30T16:33:55.365209,2.23,2.11
1699.516,2026-04-30T16:33:55.621148,2.23,2.1
1699.776,2026-04-30T16:33:55.881111,2.22,2.1
1700.032,2026-04-30T16:33:56.137094,2.22,2.1
1700.304,2026-04-30T16:33:56.409337,2.22,2.1
1700.568,2026-04-30T16:33:56.673126,2.24,2.1
1700.796,2026-04-30T16:33:56.901154,2.24,2.1
1701.060,2026-04-30T16:33:57.165120,2.22,2.1
1701.316,2026-04-30T16:33:57.421238,2.21,2.09
1701.568,2026-04-30T16:33:57.673097,2.22,2.1
1701.824,2026-04-30T16:33:57.929015,2.23,2.09
1702.076,2026-04-30T16:33:58.181186,2.23,2.09
1702.332,2026-04-30T16:33:58.437112,2.23,2.09
1702.600,2026-04-30T16:33:58.705125,2.24,2.1
1702.872,2026-04-30T16:33:58.976956,2.23,2.1
1703.128,2026-04-30T16:33:59.233371,2.25,2.1
1703.380,2026-04-30T16:33:59.485291,2.23,2.09
1703.640,2026-04-30T16:33:59.745215,2.22,2.09
1703.896,2026-04-30T16:34:00.000996,2.22,2.09
1704.160,2026-04-30T16:34:00.265244,2.23,2.1
1704.416,2026-04-30T16:34:00.521167,2.24,2.1
1704.656,2026-04-30T16:34:00.761076,2.25,2.1
1704.920,2026-04-30T16:34:01.024964,2.24,2.1
1705.176,2026-04-30T16:34:01.281271,2.23,2.09
1705.444,2026-04-30T16:34:01.549056,2.24,2.1
1705.704,2026-04-30T16:34:01.809179,2.23,2.1
1705.964,2026-04-30T16:34:02.069103,2.22,2.09
1706.216,2026-04-30T16:34:02.321192,2.22,2.1
1706.472,2026-04-30T16:34:02.577116,2.23,2.09
1706.728,2026-04-30T16:34:02.833295,2.22,2.09
1706.984,2026-04-30T16:34:03.089009,2.23,2.09
1707.244,2026-04-30T16:34:03.349003,2.23,2.09
1707.508,2026-04-30T16:34:03.613104,2.22,2.09
1707.772,2026-04-30T16:34:03.877166,2.24,2.1
1708.032,2026-04-30T16:34:04.136961,2.23,2.09
1708.272,2026-04-30T16:34:04.377143,2.25,2.09
1708.532,2026-04-30T16:34:04.637158,2.24,2.09
1708.780,2026-04-30T16:34:04.885341,2.25,2.09
1709.032,2026-04-30T16:34:05.137135,2.23,2.1
1709.288,2026-04-30T16:34:05.393114,2.24,2.09
1709.548,2026-04-30T16:34:05.652981,2.24,2.09
1709.804,2026-04-30T16:34:05.909212,2.22,2.09
1710.064,2026-04-30T16:34:06.168961,2.24,2.09
1710.328,2026-04-30T16:34:06.433343,2.24,2.1
1710.584,2026-04-30T16:34:06.689127,2.24,2.1
1710.836,2026-04-30T16:34:06.941055,2.23,2.11
1711.092,2026-04-30T16:34:07.197160,2.25,2.1
1711.352,2026-04-30T16:34:07.457255,2.24,2.1
1711.612,2026-04-30T16:34:07.716993,2.25,2.1
1711.872,2026-04-30T16:34:07.977035,2.25,2.11
1712.136,2026-04-30T16:34:08.240966,2.23,2.1
1712.392,2026-04-30T16:34:08.497032,2.25,2.1
1712.652,2026-04-30T16:34:08.757160,2.23,2.1
1712.904,2026-04-30T16:34:09.009308,2.25,2.12
1713.164,2026-04-30T16:34:09.269234,2.24,2.11
1713.412,2026-04-30T16:34:09.517084,2.24,2.1
1713.672,2026-04-30T16:34:09.777211,2.25,2.1
1713.932,2026-04-30T16:34:10.037152,2.24,2.1
1714.192,2026-04-30T16:34:10.297232,2.23,2.1
1714.452,2026-04-30T16:34:10.557070,2.23,2.1
1714.712,2026-04-30T16:34:10.817043,2.22,2.1
1714.968,2026-04-30T16:34:11.073017,2.23,2.1
1715.232,2026-04-30T16:34:11.337038,2.22,2.1
1715.480,2026-04-30T16:34:11.585315,2.25,2.1
1715.740,2026-04-30T16:34:11.845266,2.23,2.1
1716.000,2026-04-30T16:34:12.105031,2.25,2.1
1716.260,2026-04-30T16:34:12.365118,2.23,2.11
1716.516,2026-04-30T16:34:12.621194,2.25,2.11
1716.780,2026-04-30T16:34:12.885244,2.23,2.1
1717.036,2026-04-30T16:34:13.141015,2.24,2.1
1717.292,2026-04-30T16:34:13.397160,2.24,2.1
1717.544,2026-04-30T16:34:13.649030,2.25,2.11
1717.808,2026-04-30T16:34:13.913087,2.25,2.11
1718.056,2026-04-30T16:34:14.161134,2.25,2.11
1718.312,2026-04-30T16:34:14.417033,2.24,2.1
1718.564,2026-04-30T16:34:14.669172,2.23,2.11
1718.824,2026-04-30T16:34:14.929114,2.23,2.1
1719.084,2026-04-30T16:34:15.189144,2.23,2.1
1719.344,2026-04-30T16:34:15.449033,2.22,2.09
1719.604,2026-04-30T16:34:15.709160,2.24,2.1
1719.860,2026-04-30T16:34:15.965048,2.24,2.1
1720.116,2026-04-30T16:34:16.221262,2.23,2.1
1720.408,2026-04-30T16:34:16.513167,2.23,2.1
1720.664,2026-04-30T16:34:16.769059,2.23,2.1
1720.888,2026-04-30T16:34:16.993096,2.25,2.1
1721.152,2026-04-30T16:34:17.257304,2.23,2.1
1721.404,2026-04-30T16:34:17.509258,2.22,2.1
1721.668,2026-04-30T16:34:17.773113,2.23,2.1
1721.924,2026-04-30T16:34:18.029101,2.23,2.1
1722.184,2026-04-30T16:34:18.288985,2.23,2.09
1722.448,2026-04-30T16:34:18.553022,2.23,2.1
1722.740,2026-04-30T16:34:18.845081,2.25,2.1
1722.968,2026-04-30T16:34:19.073114,2.24,2.1
1723.220,2026-04-30T16:34:19.325067,2.24,2.1
1723.472,2026-04-30T16:34:19.577068,2.25,2.1
1723.724,2026-04-30T16:34:19.829041,2.22,2.09
1723.984,2026-04-30T16:34:20.089139,2.23,2.1
1724.244,2026-04-30T16:34:20.349073,2.23,2.1
1724.500,2026-04-30T16:34:20.605205,2.23,2.09
1724.760,2026-04-30T16:34:20.864932,2.23,2.1
1725.040,2026-04-30T16:34:21.145155,2.24,2.09
1725.284,2026-04-30T16:34:21.388929,2.23,2.1
1725.556,2026-04-30T16:34:21.661115,2.24,2.1
1725.792,2026-04-30T16:34:21.897209,2.23,2.1
1726.048,2026-04-30T16:34:22.153151,2.24,2.1
1726.308,2026-04-30T16:34:22.413206,2.25,2.1
1726.556,2026-04-30T16:34:22.661159,2.23,2.1
1726.820,2026-04-30T16:34:22.925036,2.22,2.09
1727.072,2026-04-30T16:34:23.177030,2.24,2.1
1727.340,2026-04-30T16:34:23.445215,2.25,2.1
1727.628,2026-04-30T16:34:23.733299,2.23,2.1
1727.872,2026-04-30T16:34:23.977091,2.23,2.1
1728.136,2026-04-30T16:34:24.241076,2.25,2.1
1728.368,2026-04-30T16:34:24.473154,2.23,2.09
1728.624,2026-04-30T16:34:24.729217,2.23,2.1
1728.884,2026-04-30T16:34:24.989077,2.24,2.1
1729.132,2026-04-30T16:34:25.237012,2.23,2.1
1729.404,2026-04-30T16:34:25.509031,2.25,2.1
1729.648,2026-04-30T16:34:25.752972,2.23,2.1
1729.932,2026-04-30T16:34:26.037082,2.24,2.1
1730.184,2026-04-30T16:34:26.289014,2.23,2.1
1730.436,2026-04-30T16:34:26.541103,2.23,2.1
1730.680,2026-04-30T16:34:26.785262,2.23,2.1
1730.936,2026-04-30T16:34:27.041046,2.24,2.1
1731.200,2026-04-30T16:34:27.304875,2.23,2.1
1731.460,2026-04-30T16:34:27.565105,2.22,2.1
1731.708,2026-04-30T16:34:27.813167,2.23,2.1
1731.964,2026-04-30T16:34:28.069160,2.22,2.1
1732.216,2026-04-30T16:34:28.321120,2.24,2.11
1732.480,2026-04-30T16:34:28.585246,2.24,2.1
1732.756,2026-04-30T16:34:28.861108,2.25,2.1
1733.008,2026-04-30T16:34:29.113131,2.23,2.1
1733.260,2026-04-30T16:34:29.364876,2.24,2.11
1733.504,2026-04-30T16:34:29.609400,2.22,2.1
1733.760,2026-04-30T16:34:29.865054,2.23,2.1
1734.028,2026-04-30T16:34:30.133309,2.23,2.1
1734.280,2026-04-30T16:34:30.385326,2.25,2.1
1734.544,2026-04-30T16:34:30.649008,2.25,2.1
1734.812,2026-04-30T16:34:30.917124,2.23,2.1
1735.084,2026-04-30T16:34:31.189135,2.26,2.1
1735.332,2026-04-30T16:34:31.436984,2.23,2.1
1735.620,2026-04-30T16:34:31.725097,2.22,2.09
1735.836,2026-04-30T16:34:31.941095,2.24,2.1
1736.096,2026-04-30T16:34:32.201072,2.23,2.1
1736.356,2026-04-30T16:34:32.461089,2.24,2.1
1736.608,2026-04-30T16:34:32.713183,2.25,2.1
1736.868,2026-04-30T16:34:32.973060,2.23,2.1
1737.128,2026-04-30T16:34:33.233269,2.25,2.1
1737.404,2026-04-30T16:34:33.509002,2.25,2.1
1737.668,2026-04-30T16:34:33.773178,2.24,2.1
1737.904,2026-04-30T16:34:34.009309,2.25,2.1
1738.156,2026-04-30T16:34:34.261115,2.25,2.1
1738.424,2026-04-30T16:34:34.528922,2.24,2.09
1738.680,2026-04-30T16:34:34.785251,2.23,2.09
1738.936,2026-04-30T16:34:35.041058,2.23,2.1
1739.192,2026-04-30T16:34:35.297172,2.24,2.1
1739.443,2026-04-30T16:34:35.548786,2.23,2.1
1739.720,2026-04-30T16:34:35.825158,2.23,2.1
1739.976,2026-04-30T16:34:36.081159,2.25,2.1
1740.216,2026-04-30T16:34:36.321153,2.25,2.1
1740.484,2026-04-30T16:34:36.589233,2.24,2.1
1740.732,2026-04-30T16:34:36.837083,2.25,2.1
1740.996,2026-04-30T16:34:37.100984,2.24,2.1
1741.256,2026-04-30T16:34:37.361089,2.24,2.09
1741.516,2026-04-30T16:34:37.621080,2.23,2.09
1741.772,2026-04-30T16:34:37.877139,2.23,2.1
1742.048,2026-04-30T16:34:38.153025,2.25,2.1
1742.300,2026-04-30T16:34:38.405064,2.22,2.1
1742.564,2026-04-30T16:34:38.669218,2.23,2.1
1742.816,2026-04-30T16:34:38.921198,2.23,2.1
1743.060,2026-04-30T16:34:39.165008,2.24,2.1
1743.316,2026-04-30T16:34:39.421167,2.25,2.1
1743.568,2026-04-30T16:34:39.672970,2.24,2.1
1743.836,2026-04-30T16:34:39.941059,2.23,2.1
1744.084,2026-04-30T16:34:40.189119,2.22,2.1
1744.344,2026-04-30T16:34:40.449016,2.24,2.1
1744.620,2026-04-30T16:34:40.725113,2.24,2.1
1744.872,2026-04-30T16:34:40.977071,2.24,2.1
1745.124,2026-04-30T16:34:41.229103,2.23,2.1
1745.388,2026-04-30T16:34:41.493084,2.24,2.11
1745.624,2026-04-30T16:34:41.729091,2.24,2.1
1745.880,2026-04-30T16:34:41.985172,2.24,2.1
1746.132,2026-04-30T16:34:42.237100,2.24,2.1
1746.396,2026-04-30T16:34:42.501005,2.22,2.09
1746.656,2026-04-30T16:34:42.761089,2.24,2.1
1746.912,2026-04-30T16:34:43.016996,2.25,2.1
1747.176,2026-04-30T16:34:43.281161,2.25,2.1
1747.444,2026-04-30T16:34:43.549010,2.24,2.1
1747.688,2026-04-30T16:34:43.793114,2.22,2.1
1747.960,2026-04-30T16:34:44.064848,2.25,2.1
1748.192,2026-04-30T16:34:44.297195,2.25,2.1
1748.448,2026-04-30T16:34:44.553072,2.23,2.1
1748.708,2026-04-30T16:34:44.813035,2.25,2.1
1748.968,2026-04-30T16:34:45.073054,2.25,2.1
1749.228,2026-04-30T16:34:45.333212,2.23,2.1
1749.484,2026-04-30T16:34:45.589702,2.24,2.1
1749.744,2026-04-30T16:34:45.848965,2.24,2.1
1750.016,2026-04-30T16:34:46.121030,2.23,2.1
1750.256,2026-04-30T16:34:46.361072,2.24,2.1
1750.548,2026-04-30T16:34:46.652965,2.24,2.1
1750.776,2026-04-30T16:34:46.881189,2.25,2.1
1751.024,2026-04-30T16:34:47.129131,2.24,2.09
1751.280,2026-04-30T16:34:47.385236,2.23,2.09
1751.536,2026-04-30T16:34:47.641055,2.23,2.1
1751.796,2026-04-30T16:34:47.901060,2.24,2.1
1752.052,2026-04-30T16:34:48.156967,2.25,2.1
1752.332,2026-04-30T16:34:48.437112,2.24,2.1
1752.588,2026-04-30T16:34:48.693060,2.22,2.1
1752.840,2026-04-30T16:34:48.945249,2.23,2.1
1753.084,2026-04-30T16:34:49.188974,2.24,2.1
1753.348,2026-04-30T16:34:49.452981,2.23,2.09
1753.608,2026-04-30T16:34:49.713141,2.24,2.1
1753.864,2026-04-30T16:34:49.969239,2.25,2.09
1754.116,2026-04-30T16:34:50.221081,2.23,2.09
1754.372,2026-04-30T16:34:50.476981,2.23,2.1
1754.640,2026-04-30T16:34:50.745067,2.24,2.09
1754.896,2026-04-30T16:34:51.000967,2.23,2.1
1755.152,2026-04-30T16:34:51.257501,2.23,2.09
1755.416,2026-04-30T16:34:51.521137,2.23,2.09
1755.660,2026-04-30T16:34:51.765071,2.23,2.09
1755.916,2026-04-30T16:34:52.021124,2.22,2.09
1756.176,2026-04-30T16:34:52.280930,2.25,2.1
1756.432,2026-04-30T16:34:52.537033,2.25,2.09
1756.692,2026-04-30T16:34:52.797288,2.25,2.1
1756.948,2026-04-30T16:34:53.052969,2.25,2.1
1757.216,2026-04-30T16:34:53.321110,2.24,2.09
1757.472,2026-04-30T16:34:53.577059,2.24,2.09
1757.732,2026-04-30T16:34:53.837044,2.22,2.1
1757.980,2026-04-30T16:34:54.085176,2.24,2.09
1758.240,2026-04-30T16:34:54.345030,2.23,2.09
1758.496,2026-04-30T16:34:54.601140,2.23,2.1
1758.756,2026-04-30T16:34:54.861051,2.24,2.1
1759.012,2026-04-30T16:34:55.117002,2.24,2.09
1759.272,2026-04-30T16:34:55.377056,2.24,2.1
1759.532,2026-04-30T16:34:55.637073,2.25,2.09
1759.796,2026-04-30T16:34:55.900975,2.25,2.09
1760.076,2026-04-30T16:34:56.181127,2.23,2.09
1760.304,2026-04-30T16:34:56.409073,2.23,2.09
1760.552,2026-04-30T16:34:56.657088,2.24,2.09
1760.808,2026-04-30T16:34:56.912988,2.24,2.09
1761.068,2026-04-30T16:34:57.173060,2.23,2.1
1761.328,2026-04-30T16:34:57.433302,2.25,2.1
1761.592,2026-04-30T16:34:57.697158,2.24,2.09
1761.844,2026-04-30T16:34:57.948997,2.23,2.09
1762.128,2026-04-30T16:34:58.233273,2.24,2.1
1762.372,2026-04-30T16:34:58.476999,2.23,2.1
1762.616,2026-04-30T16:34:58.720893,2.24,2.1
1762.892,2026-04-30T16:34:58.997102,2.25,2.1
1763.128,2026-04-30T16:34:59.233090,2.22,2.1
1763.384,2026-04-30T16:34:59.489083,2.24,2.11
1763.640,2026-04-30T16:34:59.745136,2.23,2.1
1763.892,2026-04-30T16:34:59.997133,2.23,2.1
1764.152,2026-04-30T16:35:00.256905,2.24,2.1
1764.408,2026-04-30T16:35:00.512993,2.24,2.1
1764.700,2026-04-30T16:35:00.804949,2.25,2.1
1764.932,2026-04-30T16:35:01.036979,2.23,2.1
1765.220,2026-04-30T16:35:01.325124,2.25,2.1
1765.472,2026-04-30T16:35:01.577018,2.24,2.1
1765.700,2026-04-30T16:35:01.805007,2.23,2.1
1765.960,2026-04-30T16:35:02.065005,2.25,2.1
1766.216,2026-04-30T16:35:02.321130,2.24,2.1
1766.472,2026-04-30T16:35:02.577047,2.23,2.1
1766.732,2026-04-30T16:35:02.836965,2.23,2.09
1767.020,2026-04-30T16:35:03.125046,2.24,2.1
1767.259,2026-04-30T16:35:03.364736,2.24,2.1
1767.540,2026-04-30T16:35:03.645172,2.26,2.1
1767.780,2026-04-30T16:35:03.885194,2.23,2.1
1768.016,2026-04-30T16:35:04.121113,2.25,2.1
1768.276,2026-04-30T16:35:04.381146,2.24,2.1
1768.532,2026-04-30T16:35:04.637086,2.23,2.1
1768.792,2026-04-30T16:35:04.896923,2.24,2.1
1769.052,2026-04-30T16:35:05.157149,2.23,2.1
1769.308,2026-04-30T16:35:05.412890,2.25,2.1
1769.588,2026-04-30T16:35:05.693084,2.23,2.1
1769.844,2026-04-30T16:35:05.949067,2.23,2.1
1770.100,2026-04-30T16:35:06.205058,2.24,2.1
1770.368,2026-04-30T16:35:06.472975,2.25,2.1
1770.600,2026-04-30T16:35:06.705003,2.25,2.1
1770.847,2026-04-30T16:35:06.952779,2.25,2.1
1771.108,2026-04-30T16:35:07.213019,2.24,2.1
1771.368,2026-04-30T16:35:07.472854,2.24,2.1
1771.628,2026-04-30T16:35:07.733261,2.25,2.1
1771.888,2026-04-30T16:35:07.993016,2.23,2.1
1772.168,2026-04-30T16:35:08.273024,2.23,2.1
1772.428,2026-04-30T16:35:08.533218,2.25,2.1
1772.680,2026-04-30T16:35:08.785247,2.25,2.1
1772.928,2026-04-30T16:35:09.033001,2.25,2.1
1773.167,2026-04-30T16:35:09.272792,2.26,2.1
1773.428,2026-04-30T16:35:09.533284,2.24,2.1
1773.692,2026-04-30T16:35:09.797168,2.24,2.1
1773.944,2026-04-30T16:35:10.048966,2.24,2.1
1774.200,2026-04-30T16:35:10.304941,2.24,2.1
1774.456,2026-04-30T16:35:10.560943,2.24,2.1
1774.732,2026-04-30T16:35:10.836913,2.23,2.1
1774.995,2026-04-30T16:35:11.100760,2.23,2.1
1775.223,2026-04-30T16:35:11.328790,2.25,2.1
1775.512,2026-04-30T16:35:11.617063,2.23,2.1
1775.736,2026-04-30T16:35:11.840849,2.23,2.1
1775.988,2026-04-30T16:35:12.092901,2.25,2.1
1776.240,2026-04-30T16:35:12.345064,2.26,2.1
1776.495,2026-04-30T16:35:12.600718,2.24,2.1
1776.756,2026-04-30T16:35:12.860839,2.25,2.1
1777.008,2026-04-30T16:35:13.112853,2.25,2.1
1777.259,2026-04-30T16:35:13.364767,2.24,2.1
1777.531,2026-04-30T16:35:13.636784,2.23,2.1
1777.768,2026-04-30T16:35:13.872880,2.25,2.1
1778.028,2026-04-30T16:35:14.133023,2.25,2.1
1778.288,2026-04-30T16:35:14.392841,2.24,2.09
1778.544,2026-04-30T16:35:14.648909,2.24,2.1
1778.804,2026-04-30T16:35:14.908973,2.24,2.1
1779.044,2026-04-30T16:35:15.148861,2.25,2.1
1779.304,2026-04-30T16:35:15.408958,2.25,2.1
1779.556,2026-04-30T16:35:15.660965,2.24,2.1
1779.804,2026-04-30T16:35:15.909000,2.24,2.1
1780.060,2026-04-30T16:35:16.164920,2.24,2.1
1780.332,2026-04-30T16:35:16.437047,2.26,2.1
1780.572,2026-04-30T16:35:16.677012,2.25,2.1
1780.829,2026-04-30T16:35:16.933842,2.25,2.1
1781.080,2026-04-30T16:35:17.185208,2.23,2.1
1781.331,2026-04-30T16:35:17.436746,2.23,2.1
1781.588,2026-04-30T16:35:17.692842,2.25,2.1
1781.844,2026-04-30T16:35:17.949058,2.25,2.1
1782.104,2026-04-30T16:35:18.209086,2.26,2.1
1782.356,2026-04-30T16:35:18.460905,2.26,2.1
1782.604,2026-04-30T16:35:18.708889,2.25,2.1
1782.855,2026-04-30T16:35:18.960705,2.25,2.1
1783.107,2026-04-30T16:35:19.212750,2.25,2.09
1783.372,2026-04-30T16:35:19.476858,2.25,2.1
1783.628,2026-04-30T16:35:19.733065,2.24,2.1
1783.880,2026-04-30T16:35:19.985123,2.24,2.09
1784.131,2026-04-30T16:35:20.236753,2.26,2.1
1784.392,2026-04-30T16:35:20.496942,2.24,2.1
1784.644,2026-04-30T16:35:20.748843,2.23,2.1
1784.884,2026-04-30T16:35:20.989036,2.25,2.1
1785.136,2026-04-30T16:35:21.240830,2.24,2.1
1785.387,2026-04-30T16:35:21.492684,2.26,2.1
1785.643,2026-04-30T16:35:21.748708,2.23,2.1
1785.896,2026-04-30T16:35:22.000833,2.25,2.1
1786.164,2026-04-30T16:35:22.268984,2.25,2.1
1786.420,2026-04-30T16:35:22.524868,2.26,2.1
1786.676,2026-04-30T16:35:22.780886,2.25,2.1
1786.936,2026-04-30T16:35:23.040987,2.24,2.09
1787.172,2026-04-30T16:35:23.276998,2.25,2.1
1787.428,2026-04-30T16:35:23.532969,2.26,2.1
1787.684,2026-04-30T16:35:23.788944,2.27,2.1
1787.936,2026-04-30T16:35:24.040854,2.25,2.09
1788.192,2026-04-30T16:35:24.296993,2.26,2.1
1788.444,2026-04-30T16:35:24.548974,2.25,2.1
1788.696,2026-04-30T16:35:24.800956,2.27,2.1
1788.968,2026-04-30T16:35:25.072917,2.26,2.1
1789.208,2026-04-30T16:35:25.312876,2.25,2.1
1789.468,2026-04-30T16:35:25.573000,2.27,2.1
1789.723,2026-04-30T16:35:25.828810,2.26,2.1
1789.980,2026-04-30T16:35:26.085270,2.25,2.1
1790.220,2026-04-30T16:35:26.324975,2.24,2.1
1790.472,2026-04-30T16:35:26.576999,2.25,2.1
1790.728,2026-04-30T16:35:26.833000,2.26,2.1
1790.987,2026-04-30T16:35:27.092831,2.25,2.1
1791.236,2026-04-30T16:35:27.340895,2.24,2.1
1791.492,2026-04-30T16:35:27.596962,2.25,2.1
1791.743,2026-04-30T16:35:27.848765,2.26,2.1
1792.008,2026-04-30T16:35:28.112936,2.27,2.1
1792.263,2026-04-30T16:35:28.368815,2.27,2.1
1792.512,2026-04-30T16:35:28.617049,2.26,2.1
1792.764,2026-04-30T16:35:28.868878,2.27,2.1
1793.016,2026-04-30T16:35:29.120994,2.26,2.1
1793.267,2026-04-30T16:35:29.372786,2.28,2.1
1793.524,2026-04-30T16:35:29.628861,2.25,2.1
1793.771,2026-04-30T16:35:29.876743,2.26,2.1
1794.031,2026-04-30T16:35:30.136692,2.24,2.1
1794.288,2026-04-30T16:35:30.392839,2.24,2.1
1794.540,2026-04-30T16:35:30.645022,2.26,2.1
1794.804,2026-04-30T16:35:30.909107,2.25,2.1
1795.059,2026-04-30T16:35:31.164786,2.26,2.1
1795.312,2026-04-30T16:35:31.416941,2.23,2.09
1795.564,2026-04-30T16:35:31.669020,2.24,2.09
1795.823,2026-04-30T16:35:31.928729,2.25,2.1
1796.080,2026-04-30T16:35:32.185065,2.27,2.1
1796.336,2026-04-30T16:35:32.440833,2.24,2.09
1796.567,2026-04-30T16:35:32.672793,2.26,2.09
1796.828,2026-04-30T16:35:32.933612,2.24,2.09
1797.083,2026-04-30T16:35:33.188716,2.26,2.1
1797.360,2026-04-30T16:35:33.464886,2.26,2.1
1797.620,2026-04-30T16:35:33.724854,2.25,2.1
1797.864,2026-04-30T16:35:33.968862,2.25,2.1
1798.120,2026-04-30T16:35:34.224977,2.25,2.09
1798.356,2026-04-30T16:35:34.460872,2.25,2.1
1798.616,2026-04-30T16:35:34.721078,2.26,2.1
1798.868,2026-04-30T16:35:34.973049,2.25,2.1
1799.116,2026-04-30T16:35:35.221092,2.25,2.09
1799.372,2026-04-30T16:35:35.477057,2.25,2.1
1799.628,2026-04-30T16:35:35.733173,2.26,2.1
1799.884,2026-04-30T16:35:35.989026,2.24,2.1
1800.147,2026-04-30T16:35:36.252789,2.24,2.09
1800.388,2026-04-30T16:35:36.492848,2.26,2.09
1800.664,2026-04-30T16:35:36.768915,2.24,2.1
1800.912,2026-04-30T16:35:37.016928,2.27,2.1
1801.152,2026-04-30T16:35:37.256851,2.24,2.1
1801.400,2026-04-30T16:35:37.504844,2.25,2.1
1801.660,2026-04-30T16:35:37.764837,2.27,2.1
1801.916,2026-04-30T16:35:38.021081,2.27,2.1
1802.171,2026-04-30T16:35:38.276765,2.27,2.1
1802.423,2026-04-30T16:35:38.528713,2.26,2.1
1802.676,2026-04-30T16:35:38.781097,2.26,2.1
1802.956,2026-04-30T16:35:39.060988,2.26,2.1
1803.200,2026-04-30T16:35:39.304982,2.26,2.1
1803.456,2026-04-30T16:35:39.560843,2.25,2.1
1803.711,2026-04-30T16:35:39.816734,2.25,2.1
1803.947,2026-04-30T16:35:40.052827,2.25,2.1
1804.196,2026-04-30T16:35:40.300872,2.26,2.09
1804.452,2026-04-30T16:35:40.557050,2.26,2.1
1804.704,2026-04-30T16:35:40.808919,2.27,2.1
1804.960,2026-04-30T16:35:41.064979,2.27,2.1
1805.211,2026-04-30T16:35:41.316776,2.25,2.1
1805.464,2026-04-30T16:35:41.568957,2.25,2.09
1805.720,2026-04-30T16:35:41.824907,2.26,2.1
1805.996,2026-04-30T16:35:42.100976,2.26,2.1
1806.244,2026-04-30T16:35:42.348866,2.26,2.1
1806.500,2026-04-30T16:35:42.604890,2.24,2.09
1806.740,2026-04-30T16:35:42.844995,2.26,2.1
1806.996,2026-04-30T16:35:43.100861,2.27,2.1
1807.243,2026-04-30T16:35:43.348780,2.26,2.1
1807.504,2026-04-30T16:35:43.609012,2.24,2.09
1807.759,2026-04-30T16:35:43.864827,2.26,2.09
1808.011,2026-04-30T16:35:44.116783,2.26,2.1
1808.267,2026-04-30T16:35:44.372728,2.25,2.1
1808.528,2026-04-30T16:35:44.633014,2.24,2.09
1808.792,2026-04-30T16:35:44.896958,2.25,2.1
1809.032,2026-04-30T16:35:45.136837,2.26,2.1
1809.292,2026-04-30T16:35:45.396932,2.26,2.1
1809.540,2026-04-30T16:35:45.644944,2.25,2.09
1809.792,2026-04-30T16:35:45.896990,2.23,2.09
1810.047,2026-04-30T16:35:46.152719,2.25,2.1
1810.292,2026-04-30T16:35:46.396944,2.26,2.09
1810.559,2026-04-30T16:35:46.664725,2.24,2.09
1810.803,2026-04-30T16:35:46.908772,2.25,2.1
1811.059,2026-04-30T16:35:47.164724,2.25,2.09
1811.312,2026-04-30T16:35:47.416864,2.26,2.09
1811.560,2026-04-30T16:35:47.664936,2.27,2.1
1811.852,2026-04-30T16:35:47.956978,2.25,2.1
1812.080,2026-04-30T16:35:48.185175,2.25,2.1
1812.336,2026-04-30T16:35:48.440878,2.25,2.09
1812.592,2026-04-30T16:35:48.696958,2.25,2.09
1812.828,2026-04-30T16:35:48.933671,2.26,2.1
1813.088,2026-04-30T16:35:49.192933,2.26,2.09
1813.340,2026-04-30T16:35:49.445154,2.26,2.1
1813.600,2026-04-30T16:35:49.704905,2.25,2.1
1813.843,2026-04-30T16:35:49.948802,2.25,2.1
1814.099,2026-04-30T16:35:50.204804,2.25,2.1
1814.352,2026-04-30T16:35:50.456951,2.26,2.1
1814.619,2026-04-30T16:35:50.724791,2.26,2.1
1814.880,2026-04-30T16:35:50.985040,2.25,2.1
1815.119,2026-04-30T16:35:51.224787,2.27,2.09
1815.395,2026-04-30T16:35:51.500794,2.26,2.1
1815.623,2026-04-30T16:35:51.728825,2.25,2.1
1815.872,2026-04-30T16:35:51.976842,2.25,2.1
1816.128,2026-04-30T16:35:52.232993,2.27,2.1
1816.396,2026-04-30T16:35:52.500873,2.25,2.09
1816.640,2026-04-30T16:35:52.744896,2.25,2.09
1816.892,2026-04-30T16:35:52.996986,2.26,2.09
1817.144,2026-04-30T16:35:53.248859,2.27,2.09
1817.416,2026-04-30T16:35:53.520973,2.26,2.1
1817.676,2026-04-30T16:35:53.780904,2.26,2.09
1817.928,2026-04-30T16:35:54.033043,2.26,2.1
1818.180,2026-04-30T16:35:54.285037,2.26,2.1
1818.416,2026-04-30T16:35:54.521089,2.25,2.1
1818.675,2026-04-30T16:35:54.780815,2.25,2.09
1818.920,2026-04-30T16:35:55.025031,2.25,2.09
1819.172,2026-04-30T16:35:55.277018,2.24,2.09
1819.420,2026-04-30T16:35:55.525061,2.27,2.09
1819.676,2026-04-30T16:35:55.781069,2.26,2.09
1819.924,2026-04-30T16:35:56.028865,2.26,2.1
1820.180,2026-04-30T16:35:56.285154,2.26,2.1
1820.452,2026-04-30T16:35:56.557078,2.26,2.1
1820.700,2026-04-30T16:35:56.804963,2.25,2.1
1820.952,2026-04-30T16:35:57.056954,2.26,2.09
1821.220,2026-04-30T16:35:57.324911,2.26,2.09
1821.444,2026-04-30T16:35:57.548908,2.26,2.1
1821.700,2026-04-30T16:35:57.804937,2.27,2.09
1821.952,2026-04-30T16:35:58.057075,2.27,2.1
1822.204,2026-04-30T16:35:58.309107,2.25,2.1
1822.456,2026-04-30T16:35:58.560916,2.26,2.1
1822.712,2026-04-30T16:35:58.816877,2.25,2.1
1822.964,2026-04-30T16:35:59.068935,2.25,2.1
1823.220,2026-04-30T16:35:59.324921,2.27,2.1
1823.472,2026-04-30T16:35:59.576936,2.25,2.1
1823.752,2026-04-30T16:35:59.857059,2.26,2.11
1823.980,2026-04-30T16:36:00.085090,2.27,2.1
1824.240,2026-04-30T16:36:00.345007,2.25,2.1
1824.492,2026-04-30T16:36:00.597150,2.25,2.1
1824.752,2026-04-30T16:36:00.857026,2.26,2.11
1825.004,2026-04-30T16:36:01.108964,2.26,2.1
1825.256,2026-04-30T16:36:01.360954,2.26,2.1
1825.508,2026-04-30T16:36:01.612855,2.25,2.1
1825.752,2026-04-30T16:36:01.857047,2.28,2.1
1826.004,2026-04-30T16:36:02.109048,2.27,2.1
1826.260,2026-04-30T16:36:02.364941,2.26,2.1
1826.516,2026-04-30T16:36:02.621035,2.28,2.1
1826.780,2026-04-30T16:36:02.885090,2.28,2.1
1827.035,2026-04-30T16:36:03.140707,2.26,2.1
1827.292,2026-04-30T16:36:03.397013,2.26,2.1
1827.528,2026-04-30T16:36:03.633107,2.27,2.1
1827.784,2026-04-30T16:36:03.888903,2.27,2.1
1828.036,2026-04-30T16:36:04.140921,2.27,2.1
1828.292,2026-04-30T16:36:04.396997,2.27,2.1
1828.548,2026-04-30T16:36:04.652850,2.27,2.1
1828.796,2026-04-30T16:36:04.900904,2.25,2.1
1829.052,2026-04-30T16:36:05.156949,2.28,2.1
1829.307,2026-04-30T16:36:05.412700,2.25,2.1
1829.560,2026-04-30T16:36:05.664897,2.27,2.11
1829.811,2026-04-30T16:36:05.916818,2.27,2.1
1830.072,2026-04-30T16:36:06.176887,2.26,2.1
1830.324,2026-04-30T16:36:06.428933,2.29,2.11
1830.580,2026-04-30T16:36:06.685154,2.28,2.1
1830.835,2026-04-30T16:36:06.940821,2.27,2.1
1831.088,2026-04-30T16:36:07.192868,2.29,2.1
1831.340,2026-04-30T16:36:07.444869,2.27,2.09
1831.592,2026-04-30T16:36:07.696955,2.28,2.1
1831.836,2026-04-30T16:36:07.940892,2.27,2.09
1832.092,2026-04-30T16:36:08.196953,2.26,2.09
1832.344,2026-04-30T16:36:08.448841,2.27,2.09
1832.616,2026-04-30T16:36:08.721058,2.26,2.1
1832.860,2026-04-30T16:36:08.964940,2.26,2.1
1833.116,2026-04-30T16:36:09.220947,2.27,2.1
1833.367,2026-04-30T16:36:09.472663,2.27,2.09
1833.628,2026-04-30T16:36:09.733122,2.27,2.09
1833.868,2026-04-30T16:36:09.972883,2.26,2.09
1834.132,2026-04-30T16:36:10.236926,2.29,2.1
1834.387,2026-04-30T16:36:10.492746,2.28,2.1
1834.632,2026-04-30T16:36:10.736875,2.28,2.1
1834.876,2026-04-30T16:36:10.981022,2.27,2.1
1835.132,2026-04-30T16:36:11.236889,2.28,2.1
1835.399,2026-04-30T16:36:11.504687,2.27,2.09
1835.655,2026-04-30T16:36:11.760822,2.28,2.09
1835.920,2026-04-30T16:36:12.024875,2.28,2.1
1836.160,2026-04-30T16:36:12.264970,2.28,2.1
1836.416,2026-04-30T16:36:12.521046,2.29,2.1
1836.656,2026-04-30T16:36:12.760947,2.29,2.1
1836.912,2026-04-30T16:36:13.016962,2.28,2.1
1837.168,2026-04-30T16:36:13.272945,2.28,2.09
1837.424,2026-04-30T16:36:13.528838,2.28,2.1
1837.671,2026-04-30T16:36:13.776815,2.26,2.09
1837.920,2026-04-30T16:36:14.024877,2.28,2.1
1838.172,2026-04-30T16:36:14.276917,2.29,2.09
1838.448,2026-04-30T16:36:14.552911,2.27,2.09
1838.692,2026-04-30T16:36:14.796978,2.29,2.1
1838.952,2026-04-30T16:36:15.057007,2.29,2.1
1839.192,2026-04-30T16:36:15.296995,2.27,2.09
1839.460,2026-04-30T16:36:15.564885,2.28,2.1
1839.699,2026-04-30T16:36:15.804802,2.29,2.1
1839.960,2026-04-30T16:36:16.064934,2.28,2.1
1840.216,2026-04-30T16:36:16.320934,2.29,2.1
1840.460,2026-04-30T16:36:16.564870,2.28,2.09
1840.712,2026-04-30T16:36:16.816834,2.29,2.1
1840.971,2026-04-30T16:36:17.076827,2.28,2.1
1841.252,2026-04-30T16:36:17.356994,2.27,2.1
1841.493,2026-04-30T16:36:17.598023,2.27,2.1
1841.731,2026-04-30T16:36:17.836820,2.27,2.1
1841.988,2026-04-30T16:36:18.092952,2.28,2.1
1842.243,2026-04-30T16:36:18.348774,2.28,2.1
1842.492,2026-04-30T16:36:18.597184,2.29,2.11
1842.748,2026-04-30T16:36:18.852839,2.29,2.1
1843.000,2026-04-30T16:36:19.104937,2.29,2.1
1843.256,2026-04-30T16:36:19.360902,2.27,2.1
1843.504,2026-04-30T16:36:19.609075,2.28,2.1
1843.759,2026-04-30T16:36:19.864653,2.27,2.1
1844.012,2026-04-30T16:36:20.116932,2.27,2.09
1844.276,2026-04-30T16:36:20.381039,2.29,2.1
1844.532,2026-04-30T16:36:20.636901,2.29,2.1
1844.788,2026-04-30T16:36:20.892892,2.27,2.09
1845.016,2026-04-30T16:36:21.121047,2.27,2.1
1845.276,2026-04-30T16:36:21.381018,2.27,2.09
1845.535,2026-04-30T16:36:21.640832,2.27,2.1
1845.788,2026-04-30T16:36:21.892839,2.27,2.1
1846.040,2026-04-30T16:36:22.144894,2.27,2.1
1846.292,2026-04-30T16:36:22.396901,2.28,2.1
1846.548,2026-04-30T16:36:22.652855,2.28,2.1
1846.807,2026-04-30T16:36:22.912800,2.27,2.1
1847.060,2026-04-30T16:36:23.164852,2.28,2.1
1847.308,2026-04-30T16:36:23.412872,2.27,2.1
1847.568,2026-04-30T16:36:23.672921,2.28,2.1
1847.819,2026-04-30T16:36:23.924831,2.28,2.1
1848.071,2026-04-30T16:36:24.176786,2.28,2.1
1848.324,2026-04-30T16:36:24.428887,2.28,2.1
1848.587,2026-04-30T16:36:24.692820,2.29,2.1
1848.840,2026-04-30T16:36:24.944947,2.29,2.1
1849.088,2026-04-30T16:36:25.192849,2.27,2.1
1849.347,2026-04-30T16:36:25.452785,2.29,2.1
1849.600,2026-04-30T16:36:25.704848,2.28,2.11
1849.872,2026-04-30T16:36:25.976899,2.29,2.1
1850.111,2026-04-30T16:36:26.216810,2.29,2.1
1850.364,2026-04-30T16:36:26.469017,2.28,2.1
1850.620,2026-04-30T16:36:26.724838,2.29,2.1
1850.872,2026-04-30T16:36:26.976880,2.28,2.1
1851.128,2026-04-30T16:36:27.233051,2.29,2.1
1851.388,2026-04-30T16:36:27.492875,2.29,2.1
1851.640,2026-04-30T16:36:27.744941,2.28,2.09
1851.883,2026-04-30T16:36:27.988794,2.27,2.09
1852.131,2026-04-30T16:36:28.236617,2.29,2.1
1852.384,2026-04-30T16:36:28.488871,2.29,2.09
1852.635,2026-04-30T16:36:28.740818,2.28,2.1
1852.900,2026-04-30T16:36:29.004913,2.29,2.1
1853.152,2026-04-30T16:36:29.257008,2.29,2.1
1853.408,2026-04-30T16:36:29.512915,2.29,2.1
1853.664,2026-04-30T16:36:29.768901,2.29,2.1
1853.920,2026-04-30T16:36:30.024901,2.28,2.09
1854.160,2026-04-30T16:36:30.265317,2.29,2.1
1854.416,2026-04-30T16:36:30.520845,2.29,2.1
1854.676,2026-04-30T16:36:30.780863,2.29,2.11
1854.912,2026-04-30T16:36:31.016847,2.3,2.1
1855.164,2026-04-30T16:36:31.268993,2.29,2.09
1855.424,2026-04-30T16:36:31.528862,2.29,2.1
1855.708,2026-04-30T16:36:31.812904,2.29,2.1
1855.955,2026-04-30T16:36:32.060703,2.28,2.1
1856.199,2026-04-30T16:36:32.304709,2.3,2.1
1856.463,2026-04-30T16:36:32.568788,2.31,2.1
1856.696,2026-04-30T16:36:32.800865,2.3,2.1
1856.947,2026-04-30T16:36:33.052796,2.29,2.1
1857.204,2026-04-30T16:36:33.308981,2.3,2.1
1857.456,2026-04-30T16:36:33.560894,2.31,2.1
1857.711,2026-04-30T16:36:33.816803,2.31,2.1
1857.964,2026-04-30T16:36:34.068943,2.29,2.1
1858.216,2026-04-30T16:36:34.320989,2.29,2.1
1858.471,2026-04-30T16:36:34.576765,2.32,2.1
1858.748,2026-04-30T16:36:34.852916,2.3,2.1
1858.992,2026-04-30T16:36:35.097006,2.32,2.09
1859.244,2026-04-30T16:36:35.348849,2.3,2.1
1859.484,2026-04-30T16:36:35.589044,2.31,2.1
1859.740,2026-04-30T16:36:35.845039,2.29,2.1
1859.992,2026-04-30T16:36:36.097009,2.31,2.1
1860.240,2026-04-30T16:36:36.345061,2.3,2.1
1860.492,2026-04-30T16:36:36.597001,2.3,2.1
1860.752,2026-04-30T16:36:36.857043,2.3,2.1
1861.011,2026-04-30T16:36:37.116786,2.32,2.1
1861.264,2026-04-30T16:36:37.369078,2.29,2.09
1861.528,2026-04-30T16:36:37.633053,2.31,2.09
1861.780,2026-04-30T16:36:37.885074,2.3,2.1
1862.032,2026-04-30T16:36:38.136909,2.28,2.1
1862.296,2026-04-30T16:36:38.400837,2.29,2.1
1862.528,2026-04-30T16:36:38.632873,2.31,2.1
1862.780,2026-04-30T16:36:38.885002,2.3,2.1
1863.040,2026-04-30T16:36:39.144967,2.29,2.09
1863.292,2026-04-30T16:36:39.397029,2.29,2.1
1863.543,2026-04-30T16:36:39.648760,2.3,2.1
1863.795,2026-04-30T16:36:39.900813,2.29,2.09
1864.043,2026-04-30T16:36:40.148756,2.32,2.1
1864.299,2026-04-30T16:36:40.404765,2.3,2.1
1864.556,2026-04-30T16:36:40.660923,2.29,2.1
1864.823,2026-04-30T16:36:40.928796,2.31,2.1
1865.076,2026-04-30T16:36:41.180975,2.3,2.1
1865.336,2026-04-30T16:36:41.440878,2.3,2.1
1865.592,2026-04-30T16:36:41.696940,2.29,2.1
1865.832,2026-04-30T16:36:41.936916,2.3,2.1
1866.080,2026-04-30T16:36:42.185064,2.3,2.1
1866.336,2026-04-30T16:36:42.440839,2.31,2.1
1866.595,2026-04-30T16:36:42.700826,2.3,2.09
1866.847,2026-04-30T16:36:42.952649,2.32,2.1
1867.104,2026-04-30T16:36:43.208922,2.31,2.1
1867.367,2026-04-30T16:36:43.472831,2.31,2.1
1867.611,2026-04-30T16:36:43.716816,2.29,2.09
1867.872,2026-04-30T16:36:43.976933,2.31,2.1
1868.123,2026-04-30T16:36:44.228827,2.3,2.1
1868.380,2026-04-30T16:36:44.485110,2.31,2.09
1868.624,2026-04-30T16:36:44.729138,2.31,2.09
1868.879,2026-04-30T16:36:44.984749,2.32,2.1
1869.128,2026-04-30T16:36:45.233025,2.31,2.1
1869.380,2026-04-30T16:36:45.484915,2.3,2.1
1869.640,2026-04-30T16:36:45.744948,2.31,2.09
1869.887,2026-04-30T16:36:45.992766,2.3,2.1
1870.140,2026-04-30T16:36:46.244879,2.31,2.09
1870.408,2026-04-30T16:36:46.512877,2.31,2.09
1870.664,2026-04-30T16:36:46.769027,2.31,2.09
1870.915,2026-04-30T16:36:47.020748,2.3,2.1
1871.168,2026-04-30T16:36:47.272848,2.3,2.1
1871.416,2026-04-30T16:36:47.521015,2.31,2.1
1871.668,2026-04-30T16:36:47.772858,2.31,2.1
1871.928,2026-04-30T16:36:48.033065,2.32,2.1
1872.180,2026-04-30T16:36:48.284923,2.31,2.1
1872.424,2026-04-30T16:36:48.528883,2.3,2.09
1872.676,2026-04-30T16:36:48.780892,2.32,2.11
1872.928,2026-04-30T16:36:49.033002,2.31,2.1
1873.183,2026-04-30T16:36:49.288711,2.3,2.1
1873.456,2026-04-30T16:36:49.560925,2.32,2.09
1873.684,2026-04-30T16:36:49.788849,2.31,2.11
1873.952,2026-04-30T16:36:50.057002,2.31,2.11
1874.212,2026-04-30T16:36:50.316848,2.3,2.11
1874.468,2026-04-30T16:36:50.572894,2.32,2.1
1874.724,2026-04-30T16:36:50.828922,2.3,2.1
1874.964,2026-04-30T16:36:51.069011,2.31,2.11
1875.216,2026-04-30T16:36:51.320858,2.3,2.1
1875.467,2026-04-30T16:36:51.572780,2.31,2.1
1875.720,2026-04-30T16:36:51.824869,2.31,2.1
1875.971,2026-04-30T16:36:52.076828,2.32,2.11
1876.256,2026-04-30T16:36:52.360871,2.32,2.11
1876.497,2026-04-30T16:36:52.602085,2.33,2.11
1876.752,2026-04-30T16:36:52.856965,2.32,2.1
1876.995,2026-04-30T16:36:53.100786,2.31,2.1
1877.259,2026-04-30T16:36:53.364646,2.33,2.1
1877.500,2026-04-30T16:36:53.604909,2.32,2.11
1877.747,2026-04-30T16:36:53.852762,2.31,2.1
1877.999,2026-04-30T16:36:54.104735,2.32,2.11
1878.259,2026-04-30T16:36:54.364623,2.33,2.1
1878.512,2026-04-30T16:36:54.616837,2.32,2.1
1878.767,2026-04-30T16:36:54.872820,2.32,2.1
1879.032,2026-04-30T16:36:55.136939,2.31,2.1
1879.259,2026-04-30T16:36:55.364778,2.33,2.11
1879.532,2026-04-30T16:36:55.636934,2.3,2.1
1879.776,2026-04-30T16:36:55.880892,2.33,2.11
1880.032,2026-04-30T16:36:56.136883,2.32,2.1
1880.280,2026-04-30T16:36:56.385040,2.3,2.1
1880.540,2026-04-30T16:36:56.644893,2.31,2.11
1880.800,2026-04-30T16:36:56.904867,2.32,2.1
1881.060,2026-04-30T16:36:57.164861,2.31,2.1
1881.295,2026-04-30T16:36:57.400590,2.3,2.11
1881.552,2026-04-30T16:36:57.656942,2.33,2.11
1881.807,2026-04-30T16:36:57.912778,2.31,2.1
1882.076,2026-04-30T16:36:58.180922,2.32,2.11
1882.343,2026-04-30T16:36:58.448754,2.29,2.09
1882.583,2026-04-30T16:36:58.688760,2.31,2.1
1882.835,2026-04-30T16:36:58.940813,2.3,2.09
1883.087,2026-04-30T16:36:59.192822,2.32,2.09
1883.340,2026-04-30T16:36:59.444901,2.32,2.09
1883.604,2026-04-30T16:36:59.708866,2.31,2.1
1883.847,2026-04-30T16:36:59.952817,2.31,2.1
1884.095,2026-04-30T16:37:00.200766,2.31,2.1
1884.347,2026-04-30T16:37:00.452779,2.31,2.09
1884.604,2026-04-30T16:37:00.708947,2.3,2.1
1884.876,2026-04-30T16:37:00.980890,2.31,2.1
1885.116,2026-04-30T16:37:01.220834,2.33,2.1
1885.376,2026-04-30T16:37:01.480888,2.32,2.1
1885.635,2026-04-30T16:37:01.740659,2.31,2.09
1885.884,2026-04-30T16:37:01.988842,2.32,2.1
1886.140,2026-04-30T16:37:02.244965,2.32,2.1
1886.392,2026-04-30T16:37:02.497025,2.31,2.1
1886.644,2026-04-30T16:37:02.748848,2.3,2.09
1886.899,2026-04-30T16:37:03.004791,2.31,2.1
1887.143,2026-04-30T16:37:03.248733,2.3,2.09
1887.428,2026-04-30T16:37:03.533064,2.32,2.1
1887.687,2026-04-30T16:37:03.792640,2.31,2.1
1887.940,2026-04-30T16:37:04.044992,2.31,2.1
1888.164,2026-04-30T16:37:04.268941,2.3,2.09
1888.420,2026-04-30T16:37:04.524890,2.32,2.09
1888.672,2026-04-30T16:37:04.776882,2.32,2.1
1888.924,2026-04-30T16:37:05.028841,2.31,2.1
1889.180,2026-04-30T16:37:05.285056,2.33,2.1
1889.432,2026-04-30T16:37:05.536853,2.31,2.1
1889.683,2026-04-30T16:37:05.788565,2.31,2.1
1889.940,2026-04-30T16:37:06.044870,2.33,2.1
1890.199,2026-04-30T16:37:06.304819,2.29,2.09
1890.468,2026-04-30T16:37:06.572846,2.32,2.1
1890.696,2026-04-30T16:37:06.800849,2.31,2.1
1890.955,2026-04-30T16:37:07.060807,2.32,2.09
1891.211,2026-04-30T16:37:07.316817,2.32,2.1
1891.467,2026-04-30T16:37:07.572819,2.33,2.1
1891.719,2026-04-30T16:37:07.824751,2.32,2.1
1891.971,2026-04-30T16:37:08.076762,2.31,2.09
1892.228,2026-04-30T16:37:08.333106,2.33,2.1
1892.480,2026-04-30T16:37:08.584976,2.32,2.09
1892.731,2026-04-30T16:37:08.836820,2.32,2.1
1892.983,2026-04-30T16:37:09.088815,2.33,2.1
1893.240,2026-04-30T16:37:09.344922,2.33,2.09
1893.508,2026-04-30T16:37:09.613177,2.32,2.09
1893.764,2026-04-30T16:37:09.868930,2.33,2.1
1894.003,2026-04-30T16:37:10.108714,2.32,2.1
1894.255,2026-04-30T16:37:10.360822,2.32,2.09
1894.508,2026-04-30T16:37:10.613420,2.31,2.09
1894.760,2026-04-30T16:37:10.864865,2.31,2.09
1895.019,2026-04-30T16:37:11.124751,2.31,2.09
1895.280,2026-04-30T16:37:11.385028,2.32,2.09
1895.516,2026-04-30T16:37:11.620914,2.31,2.09
1895.771,2026-04-30T16:37:11.876735,2.32,2.09
1896.031,2026-04-30T16:37:12.136723,2.31,2.09
1896.300,2026-04-30T16:37:12.404879,2.32,2.09
1896.552,2026-04-30T16:37:12.656884,2.33,2.1
1896.792,2026-04-30T16:37:12.896927,2.33,2.09
1897.047,2026-04-30T16:37:13.152762,2.32,2.1
1897.307,2026-04-30T16:37:13.412768,2.32,2.09
1897.559,2026-04-30T16:37:13.664825,2.31,2.09
1897.816,2026-04-30T16:37:13.920907,2.32,2.09
1898.071,2026-04-30T16:37:14.176608,2.33,2.09
1898.311,2026-04-30T16:37:14.416761,2.33,2.09
1898.567,2026-04-30T16:37:14.672789,2.32,2.1
1898.816,2026-04-30T16:37:14.920849,2.33,2.1
1899.076,2026-04-30T16:37:15.180864,2.32,2.09
1899.355,2026-04-30T16:37:15.460822,2.32,2.09
1899.600,2026-04-30T16:37:15.704867,2.32,2.1
1899.843,2026-04-30T16:37:15.948724,2.33,2.1
1900.087,2026-04-30T16:37:16.192692,2.31,2.1
1900.340,2026-04-30T16:37:16.444921,2.31,2.1
1900.595,2026-04-30T16:37:16.700804,2.33,2.1
1900.852,2026-04-30T16:37:16.956924,2.31,2.1
1901.107,2026-04-30T16:37:17.212753,2.34,2.11
1901.347,2026-04-30T16:37:17.452789,2.32,2.1
1901.599,2026-04-30T16:37:17.704806,2.32,2.1
1901.855,2026-04-30T16:37:17.960721,2.32,2.1
1902.111,2026-04-30T16:37:18.216833,2.32,2.1
1902.375,2026-04-30T16:37:18.480819,2.31,2.1
1902.631,2026-04-30T16:37:18.736793,2.32,2.1
1902.887,2026-04-30T16:37:18.992817,2.33,2.1
1903.140,2026-04-30T16:37:19.244953,2.33,2.1
1903.392,2026-04-30T16:37:19.496915,2.33,2.1
1903.643,2026-04-30T16:37:19.748679,2.33,2.1
1903.895,2026-04-30T16:37:20.000785,2.32,2.1
1904.147,2026-04-30T16:37:20.252653,2.32,2.1
1904.395,2026-04-30T16:37:20.500590,2.33,2.1
1904.651,2026-04-30T16:37:20.756711,2.32,2.1
1904.931,2026-04-30T16:37:21.036713,2.32,2.1
1905.171,2026-04-30T16:37:21.276696,2.33,2.1
1905.428,2026-04-30T16:37:21.532954,2.33,2.1
1905.668,2026-04-30T16:37:21.772840,2.33,2.1
1905.916,2026-04-30T16:37:22.020875,2.31,2.1
1906.171,2026-04-30T16:37:22.276723,2.31,2.1
1906.428,2026-04-30T16:37:22.533255,2.33,2.1
1906.683,2026-04-30T16:37:22.788815,2.32,2.1
1906.951,2026-04-30T16:37:23.056700,2.32,2.09
1907.192,2026-04-30T16:37:23.296901,2.33,2.1
1907.447,2026-04-30T16:37:23.552727,2.33,2.1
1907.707,2026-04-30T16:37:23.812732,2.32,2.1
1907.964,2026-04-30T16:37:24.068866,2.32,2.1
1908.215,2026-04-30T16:37:24.320781,2.32,2.1
1908.467,2026-04-30T16:37:24.572557,2.32,2.1
1908.728,2026-04-30T16:37:24.832971,2.33,2.1
1908.983,2026-04-30T16:37:25.088730,2.34,2.11
1909.223,2026-04-30T16:37:25.328774,2.33,2.1
1909.476,2026-04-30T16:37:25.580963,2.32,2.11
1909.728,2026-04-30T16:37:25.832971,2.32,2.1
1909.980,2026-04-30T16:37:26.084982,2.33,2.11
1910.223,2026-04-30T16:37:26.328786,2.33,2.1
1910.483,2026-04-30T16:37:26.588799,2.32,2.1
1910.736,2026-04-30T16:37:26.840904,2.32,2.1
1911.003,2026-04-30T16:37:27.108769,2.33,2.1
1911.260,2026-04-30T16:37:27.364863,2.32,2.1
1911.500,2026-04-30T16:37:27.605328,2.33,2.1
1911.760,2026-04-30T16:37:27.864844,2.33,2.1
1912.016,2026-04-30T16:37:28.120869,2.33,2.1
1912.271,2026-04-30T16:37:28.376712,2.33,2.11
1912.540,2026-04-30T16:37:28.644891,2.34,2.11
1912.771,2026-04-30T16:37:28.876631,2.33,2.1
1913.016,2026-04-30T16:37:29.120844,2.33,2.1
1913.267,2026-04-30T16:37:29.372827,2.32,2.1
1913.552,2026-04-30T16:37:29.656837,2.32,2.1
1913.776,2026-04-30T16:37:29.880859,2.34,2.1
1914.043,2026-04-30T16:37:30.148772,2.34,2.1
1914.299,2026-04-30T16:37:30.404750,2.33,2.1
1914.540,2026-04-30T16:37:30.644917,2.34,2.1
1914.791,2026-04-30T16:37:30.896822,2.35,2.11
1915.043,2026-04-30T16:37:31.148811,2.35,2.1
1915.303,2026-04-30T16:37:31.408833,2.34,2.11
1915.564,2026-04-30T16:37:31.668877,2.34,2.1
1915.803,2026-04-30T16:37:31.908820,2.34,2.1
1916.059,2026-04-30T16:37:32.164738,2.35,2.1
1916.311,2026-04-30T16:37:32.416773,2.33,2.1
1916.564,2026-04-30T16:37:32.668931,2.34,2.1
1916.828,2026-04-30T16:37:32.933383,2.33,2.1
1917.080,2026-04-30T16:37:33.185067,2.33,2.09
1917.335,2026-04-30T16:37:33.440830,2.33,2.1
1917.592,2026-04-30T16:37:33.696920,2.34,2.09
1917.828,2026-04-30T16:37:33.933624,2.32,2.09
1918.080,2026-04-30T16:37:34.184996,2.33,2.09
1918.331,2026-04-30T16:37:34.436782,2.34,2.09
1918.587,2026-04-30T16:37:34.692819,2.34,2.1
1918.840,2026-04-30T16:37:34.944909,2.34,2.1
1919.095,2026-04-30T16:37:35.200773,2.34,2.09
1919.352,2026-04-30T16:37:35.456920,2.33,2.09
1919.604,2026-04-30T16:37:35.708879,2.31,2.09
1919.895,2026-04-30T16:37:36.000820,2.33,2.09
1920.131,2026-04-30T16:37:36.236820,2.33,2.1
1920.380,2026-04-30T16:37:36.485052,2.34,2.09
1920.619,2026-04-30T16:37:36.724759,2.34,2.09
1920.879,2026-04-30T16:37:36.984694,2.34,2.09
1921.128,2026-04-30T16:37:37.232849,2.35,2.09
1921.376,2026-04-30T16:37:37.480868,2.33,2.09
1921.631,2026-04-30T16:37:37.736746,2.34,2.09
1921.883,2026-04-30T16:37:37.988718,2.33,2.09
1922.140,2026-04-30T16:37:38.244904,2.33,2.1
1922.392,2026-04-30T16:37:38.496850,2.33,2.09
1922.667,2026-04-30T16:37:38.772811,2.34,2.09
1922.907,2026-04-30T16:37:39.012762,2.32,2.09
1923.164,2026-04-30T16:37:39.268853,2.33,2.09
1923.431,2026-04-30T16:37:39.536833,2.34,2.09
1923.664,2026-04-30T16:37:39.768965,2.34,2.1
1923.916,2026-04-30T16:37:40.020857,2.35,2.1
1924.167,2026-04-30T16:37:40.272775,2.35,2.1
1924.428,2026-04-30T16:37:40.532999,2.32,2.1
1924.683,2026-04-30T16:37:40.788779,2.34,2.09
1924.935,2026-04-30T16:37:41.040779,2.35,2.1
1925.187,2026-04-30T16:37:41.292563,2.34,2.1
1925.452,2026-04-30T16:37:41.556902,2.33,2.1
1925.707,2026-04-30T16:37:41.812710,2.33,2.09
1925.959,2026-04-30T16:37:42.064723,2.32,2.1
1926.216,2026-04-30T16:37:42.320899,2.34,2.1
1926.455,2026-04-30T16:37:42.560728,2.33,2.1
1926.711,2026-04-30T16:37:42.816768,2.34,2.1
1926.964,2026-04-30T16:37:43.068880,2.34,2.1
1927.215,2026-04-30T16:37:43.320820,2.34,2.1
1927.467,2026-04-30T16:37:43.572760,2.33,2.1
1927.719,2026-04-30T16:37:43.824793,2.33,2.09
1927.976,2026-04-30T16:37:44.080879,2.32,2.09
1928.228,2026-04-30T16:37:44.333053,2.33,2.1
1928.487,2026-04-30T16:37:44.592830,2.35,2.1
1928.735,2026-04-30T16:37:44.840678,2.35,2.1
1929.011,2026-04-30T16:37:45.116752,2.34,2.1
1929.243,2026-04-30T16:37:45.348751,2.34,2.1
1929.504,2026-04-30T16:37:45.608910,2.32,2.1
1929.747,2026-04-30T16:37:45.852779,2.34,2.1
1929.999,2026-04-30T16:37:46.104803,2.34,2.09
1930.259,2026-04-30T16:37:46.364798,2.36,2.1
1930.511,2026-04-30T16:37:46.616823,2.34,2.1
1930.767,2026-04-30T16:37:46.872801,2.36,2.1
1931.019,2026-04-30T16:37:47.124812,2.35,2.1
1931.280,2026-04-30T16:37:47.384970,2.34,2.1
1931.547,2026-04-30T16:37:47.652725,2.34,2.1
1931.792,2026-04-30T16:37:47.896968,2.33,2.1
1932.040,2026-04-30T16:37:48.144875,2.34,2.1
1932.283,2026-04-30T16:37:48.388638,2.34,2.1
1932.543,2026-04-30T16:37:48.648760,2.34,2.1
1932.799,2026-04-30T16:37:48.904814,2.33,2.1
1933.052,2026-04-30T16:37:49.156908,2.35,2.1
1933.304,2026-04-30T16:37:49.409027,2.34,2.1
1933.555,2026-04-30T16:37:49.660546,2.34,2.1
1933.815,2026-04-30T16:37:49.920669,2.33,2.09
1934.099,2026-04-30T16:37:50.204720,2.35,2.09
1934.340,2026-04-30T16:37:50.444908,2.33,2.09
1934.587,2026-04-30T16:37:50.692712,2.34,2.09
1934.839,2026-04-30T16:37:50.944778,2.34,2.09
1935.080,2026-04-30T16:37:51.185007,2.35,2.09
1935.328,2026-04-30T16:37:51.432885,2.35,2.09
1935.591,2026-04-30T16:37:51.696688,2.35,2.1
1935.839,2026-04-30T16:37:51.944823,2.36,2.09
1936.099,2026-04-30T16:37:52.204813,2.35,2.09
1936.347,2026-04-30T16:37:52.452688,2.36,2.1
1936.604,2026-04-30T16:37:52.708854,2.33,2.09
1936.852,2026-04-30T16:37:52.956889,2.34,2.1
1937.128,2026-04-30T16:37:53.233011,2.34,2.09
1937.380,2026-04-30T16:37:53.484968,2.35,2.09
1937.631,2026-04-30T16:37:53.736622,2.35,2.09
1937.883,2026-04-30T16:37:53.988674,2.35,2.1
1938.123,2026-04-30T16:37:54.228744,2.35,2.09
1938.371,2026-04-30T16:37:54.476696,2.33,2.09
1938.628,2026-04-30T16:37:54.732997,2.34,2.1
1938.876,2026-04-30T16:37:54.980891,2.36,2.09
1939.131,2026-04-30T16:37:55.236642,2.34,2.09
1939.383,2026-04-30T16:37:55.488791,2.34,2.1
1939.643,2026-04-30T16:37:55.748725,2.35,2.1
1939.915,2026-04-30T16:37:56.020773,2.35,2.09
1940.164,2026-04-30T16:37:56.268864,2.34,2.09
1940.428,2026-04-30T16:37:56.532895,2.35,2.1
1940.683,2026-04-30T16:37:56.788820,2.34,2.1
1940.928,2026-04-30T16:37:57.032973,2.36,2.1
1941.159,2026-04-30T16:37:57.264823,2.33,2.09
1941.407,2026-04-30T16:37:57.512537,2.35,2.1
1941.664,2026-04-30T16:37:57.768892,2.35,2.1
1941.919,2026-04-30T16:37:58.024718,2.35,2.1
1942.171,2026-04-30T16:37:58.276827,2.34,2.09
1942.428,2026-04-30T16:37:58.532856,2.35,2.09
1942.683,2026-04-30T16:37:58.788722,2.34,2.09
1942.935,2026-04-30T16:37:59.040740,2.34,2.09
1943.219,2026-04-30T16:37:59.324823,2.33,2.09
1943.471,2026-04-30T16:37:59.576722,2.35,2.1
1943.699,2026-04-30T16:37:59.804712,2.35,2.09
1943.951,2026-04-30T16:38:00.056653,2.35,2.09
1944.207,2026-04-30T16:38:00.312796,2.36,2.09
1944.455,2026-04-30T16:38:00.560664,2.34,2.09
1944.711,2026-04-30T16:38:00.816806,2.33,2.09
1944.959,2026-04-30T16:38:01.064667,2.35,2.09
1945.215,2026-04-30T16:38:01.320734,2.36,2.1
1945.463,2026-04-30T16:38:01.568643,2.33,2.09
1945.723,2026-04-30T16:38:01.828789,2.35,2.09
1945.991,2026-04-30T16:38:02.096606,2.34,2.09
1946.243,2026-04-30T16:38:02.348722,2.34,2.09
1946.480,2026-04-30T16:38:02.585048,2.34,2.09
1946.752,2026-04-30T16:38:02.856935,2.34,2.1
1946.987,2026-04-30T16:38:03.092781,2.35,2.09
1947.247,2026-04-30T16:38:03.352806,2.35,2.09
1947.497,2026-04-30T16:38:03.602042,2.35,2.09
1947.752,2026-04-30T16:38:03.856861,2.34,2.09
1948.007,2026-04-30T16:38:04.112625,2.33,2.09
1948.259,2026-04-30T16:38:04.364706,2.34,2.09
1948.511,2026-04-30T16:38:04.616647,2.32,2.09
1948.787,2026-04-30T16:38:04.892668,2.33,2.09
1949.047,2026-04-30T16:38:05.152748,2.33,2.09
1949.303,2026-04-30T16:38:05.408738,2.33,2.08
1949.551,2026-04-30T16:38:05.656670,2.32,2.09
1949.787,2026-04-30T16:38:05.892577,2.33,2.08
1950.047,2026-04-30T16:38:06.152622,2.33,2.09
1950.299,2026-04-30T16:38:06.404567,2.34,2.09
1950.547,2026-04-30T16:38:06.652595,2.33,2.09
1950.803,2026-04-30T16:38:06.908744,2.34,2.09
1951.059,2026-04-30T16:38:07.164618,2.33,2.09
1951.316,2026-04-30T16:38:07.420862,2.35,2.1
1951.576,2026-04-30T16:38:07.680847,2.34,2.1
1951.847,2026-04-30T16:38:07.952663,2.35,2.1
1952.095,2026-04-30T16:38:08.200692,2.32,2.09
1952.351,2026-04-30T16:38:08.456658,2.33,2.1
1952.595,2026-04-30T16:38:08.700788,2.34,2.1
1952.843,2026-04-30T16:38:08.948747,2.35,2.1
1953.095,2026-04-30T16:38:09.200808,2.34,2.09
1953.355,2026-04-30T16:38:09.460780,2.34,2.1
1953.607,2026-04-30T16:38:09.712699,2.35,2.1
1953.859,2026-04-30T16:38:09.964761,2.33,2.1
1954.115,2026-04-30T16:38:10.220637,2.34,2.1
1954.391,2026-04-30T16:38:10.496653,2.35,2.1
1954.639,2026-04-30T16:38:10.744828,2.34,2.1
1954.891,2026-04-30T16:38:10.996651,2.35,2.1
1955.131,2026-04-30T16:38:11.236643,2.35,2.09
1955.380,2026-04-30T16:38:11.484881,2.34,2.1
1955.639,2026-04-30T16:38:11.744745,2.34,2.09
1955.892,2026-04-30T16:38:11.996884,2.35,2.1
1956.140,2026-04-30T16:38:12.244861,2.34,2.1
1956.399,2026-04-30T16:38:12.504554,2.33,2.09
1956.652,2026-04-30T16:38:12.756874,2.34,2.1
1956.903,2026-04-30T16:38:13.008796,2.34,2.1
1957.155,2026-04-30T16:38:13.260765,2.34,2.1
1957.419,2026-04-30T16:38:13.524769,2.34,2.1
1957.691,2026-04-30T16:38:13.796750,2.35,2.1
1957.952,2026-04-30T16:38:14.056873,2.34,2.1
1958.195,2026-04-30T16:38:14.300655,2.35,2.1
1958.431,2026-04-30T16:38:14.536672,2.35,2.1
1958.687,2026-04-30T16:38:14.792582,2.33,2.1
1958.940,2026-04-30T16:38:15.044850,2.35,2.1
1959.187,2026-04-30T16:38:15.292743,2.36,2.1
1959.443,2026-04-30T16:38:15.548700,2.34,2.1
1959.699,2026-04-30T16:38:15.804638,2.35,2.1
1959.955,2026-04-30T16:38:16.060708,2.34,2.1
1960.203,2026-04-30T16:38:16.308837,2.33,2.1
1960.476,2026-04-30T16:38:16.580886,2.33,2.1
1960.723,2026-04-30T16:38:16.828606,2.33,2.1
1960.963,2026-04-30T16:38:17.068791,2.34,2.1
1961.219,2026-04-30T16:38:17.324667,2.33,2.1
1961.475,2026-04-30T16:38:17.580785,2.35,2.1
1961.723,2026-04-30T16:38:17.828683,2.34,2.1
1961.980,2026-04-30T16:38:18.084954,2.34,2.1
1962.228,2026-04-30T16:38:18.332936,2.34,2.1
1962.487,2026-04-30T16:38:18.592751,2.35,2.1
1962.739,2026-04-30T16:38:18.844711,2.34,2.1
1963.028,2026-04-30T16:38:19.132958,2.33,2.1
1963.283,2026-04-30T16:38:19.388733,2.34,2.1
1963.540,2026-04-30T16:38:19.644841,2.34,2.1
1963.780,2026-04-30T16:38:19.884954,2.34,2.1
1964.011,2026-04-30T16:38:20.116670,2.34,2.1
1964.267,2026-04-30T16:38:20.372721,2.33,2.1
1964.516,2026-04-30T16:38:20.621244,2.35,2.1
1964.771,2026-04-30T16:38:20.876487,2.34,2.1
1965.028,2026-04-30T16:38:21.132906,2.36,2.1
1965.283,2026-04-30T16:38:21.388742,2.35,2.1
1965.539,2026-04-30T16:38:21.644800,2.35,2.1
1965.783,2026-04-30T16:38:21.888771,2.35,2.1
1966.059,2026-04-30T16:38:22.164676,2.34,2.11
1966.299,2026-04-30T16:38:22.404769,2.34,2.1
1966.555,2026-04-30T16:38:22.660684,2.34,2.1
1966.835,2026-04-30T16:38:22.940418,2.35,2.1
1967.055,2026-04-30T16:38:23.160735,2.36,2.11
1967.311,2026-04-30T16:38:23.416754,2.35,2.1
1967.564,2026-04-30T16:38:23.668840,2.32,2.1
1967.811,2026-04-30T16:38:23.916687,2.34,2.1
1968.071,2026-04-30T16:38:24.176690,2.34,2.1
1968.323,2026-04-30T16:38:24.428740,2.34,2.1
1968.571,2026-04-30T16:38:24.676719,2.33,2.1
1968.859,2026-04-30T16:38:24.964802,2.35,2.1
1969.099,2026-04-30T16:38:25.204668,2.34,2.1
1969.335,2026-04-30T16:38:25.440694,2.36,2.1
1969.628,2026-04-30T16:38:25.732901,2.34,2.1
1969.852,2026-04-30T16:38:25.956835,2.34,2.1
1970.095,2026-04-30T16:38:26.200748,2.35,2.1
1970.355,2026-04-30T16:38:26.460596,2.36,2.09
1970.599,2026-04-30T16:38:26.704727,2.36,2.09
1970.851,2026-04-30T16:38:26.956793,2.35,2.1
1971.103,2026-04-30T16:38:27.208621,2.34,2.09
1971.359,2026-04-30T16:38:27.464780,2.37,2.1
1971.616,2026-04-30T16:38:27.720855,2.35,2.1
1971.895,2026-04-30T16:38:28.000748,2.34,2.1
1972.143,2026-04-30T16:38:28.248742,2.36,2.1
1972.395,2026-04-30T16:38:28.500719,2.36,2.1
1972.635,2026-04-30T16:38:28.740732,2.35,2.09
1972.887,2026-04-30T16:38:28.992692,2.36,2.1
1973.135,2026-04-30T16:38:29.240462,2.36,2.1
1973.395,2026-04-30T16:38:29.500715,2.35,2.1
1973.647,2026-04-30T16:38:29.752682,2.35,2.09
1973.903,2026-04-30T16:38:30.008833,2.35,2.09
1974.151,2026-04-30T16:38:30.256774,2.34,2.1
1974.403,2026-04-30T16:38:30.508832,2.36,2.1
1974.659,2026-04-30T16:38:30.764744,2.36,2.09
1974.928,2026-04-30T16:38:31.032945,2.36,2.1
1975.195,2026-04-30T16:38:31.300475,2.36,2.1
1975.443,2026-04-30T16:38:31.548699,2.36,2.1
1975.675,2026-04-30T16:38:31.780836,2.36,2.1
1975.935,2026-04-30T16:38:32.040672,2.36,2.1
1976.179,2026-04-30T16:38:32.284802,2.36,2.09
1976.435,2026-04-30T16:38:32.540799,2.36,2.1
1976.687,2026-04-30T16:38:32.792745,2.36,2.1
1976.940,2026-04-30T16:38:33.044842,2.35,2.1
1977.199,2026-04-30T16:38:33.304748,2.35,2.1
1977.455,2026-04-30T16:38:33.560641,2.36,2.1
1977.719,2026-04-30T16:38:33.824654,2.35,2.1
1977.964,2026-04-30T16:38:34.068892,2.38,2.1
1978.251,2026-04-30T16:38:34.356779,2.36,2.1
1978.488,2026-04-30T16:38:34.592842,2.37,2.1
1978.719,2026-04-30T16:38:34.824671,2.35,2.1
1978.967,2026-04-30T16:38:35.072726,2.37,2.1
1979.227,2026-04-30T16:38:35.332734,2.38,2.1
1979.475,2026-04-30T16:38:35.580760,2.37,2.1
1979.731,2026-04-30T16:38:35.836723,2.37,2.1
1979.987,2026-04-30T16:38:36.092713,2.38,2.1
1980.243,2026-04-30T16:38:36.348630,2.37,2.1
1980.488,2026-04-30T16:38:36.592948,2.37,2.1
1980.771,2026-04-30T16:38:36.876709,2.36,2.1
1981.015,2026-04-30T16:38:37.120790,2.37,2.1
1981.264,2026-04-30T16:38:37.368956,2.37,2.1
1981.503,2026-04-30T16:38:37.608627,2.36,2.1
1981.755,2026-04-30T16:38:37.860703,2.36,2.1
1982.011,2026-04-30T16:38:38.116669,2.37,2.1
1982.267,2026-04-30T16:38:38.372707,2.38,2.1
1982.528,2026-04-30T16:38:38.632919,2.38,2.1
1982.767,2026-04-30T16:38:38.872694,2.35,2.1
1983.027,2026-04-30T16:38:39.132783,2.38,2.1
1983.283,2026-04-30T16:38:39.388758,2.37,2.1
1983.559,2026-04-30T16:38:39.664502,2.37,2.1
1983.819,2026-04-30T16:38:39.924664,2.35,2.1
1984.059,2026-04-30T16:38:40.164706,2.37,2.09
1984.295,2026-04-30T16:38:40.400698,2.35,2.11
1984.555,2026-04-30T16:38:40.660704,2.38,2.1
1984.799,2026-04-30T16:38:40.904731,2.39,2.1
1985.055,2026-04-30T16:38:41.160659,2.38,2.1
1985.303,2026-04-30T16:38:41.408779,2.37,2.09
1985.555,2026-04-30T16:38:41.660715,2.37,2.09
1985.815,2026-04-30T16:38:41.920651,2.36,2.09
1986.071,2026-04-30T16:38:42.176706,2.36,2.1
1986.323,2026-04-30T16:38:42.428639,2.37,2.1
1986.595,2026-04-30T16:38:42.700766,2.37,2.1
1986.847,2026-04-30T16:38:42.952662,2.37,2.1
1987.099,2026-04-30T16:38:43.204735,2.38,2.1
1987.355,2026-04-30T16:38:43.460652,2.37,2.1
1987.595,2026-04-30T16:38:43.700661,2.36,2.1
1987.843,2026-04-30T16:38:43.948571,2.36,2.1
1988.095,2026-04-30T16:38:44.200454,2.37,2.1
1988.351,2026-04-30T16:38:44.456692,2.36,2.1
1988.603,2026-04-30T16:38:44.708783,2.38,2.1
1988.851,2026-04-30T16:38:44.956812,2.36,2.09
1989.107,2026-04-30T16:38:45.212684,2.38,2.1
1989.359,2026-04-30T16:38:45.464726,2.36,2.1
1989.647,2026-04-30T16:38:45.752703,2.36,2.1
1989.891,2026-04-30T16:38:45.996600,2.37,2.1
1990.143,2026-04-30T16:38:46.248750,2.36,2.1
1990.380,2026-04-30T16:38:46.484887,2.36,2.1
1990.623,2026-04-30T16:38:46.728711,2.36,2.09
1990.883,2026-04-30T16:38:46.988689,2.36,2.1
1991.139,2026-04-30T16:38:47.244814,2.37,2.1
1991.392,2026-04-30T16:38:47.496847,2.37,2.1
1991.651,2026-04-30T16:38:47.756548,2.38,2.11
1991.899,2026-04-30T16:38:48.004647,2.36,2.1
1992.151,2026-04-30T16:38:48.256682,2.36,2.1
1992.423,2026-04-30T16:38:48.528714,2.36,2.1
1992.659,2026-04-30T16:38:48.764722,2.36,2.1
1992.928,2026-04-30T16:38:49.032874,2.36,2.1
1993.175,2026-04-30T16:38:49.280799,2.36,2.1
1993.415,2026-04-30T16:38:49.520749,2.38,2.1
1993.671,2026-04-30T16:38:49.776620,2.36,2.1
1993.919,2026-04-30T16:38:50.024745,2.37,2.1
1994.175,2026-04-30T16:38:50.280697,2.38,2.1
1994.435,2026-04-30T16:38:50.540740,2.37,2.09
1994.691,2026-04-30T16:38:50.796752,2.37,2.09
1994.943,2026-04-30T16:38:51.048749,2.37,2.1
1995.228,2026-04-30T16:38:51.332882,2.37,2.1
1995.467,2026-04-30T16:38:51.572758,2.37,2.1
1995.735,2026-04-30T16:38:51.840533,2.36,2.1
1995.963,2026-04-30T16:38:52.068771,2.37,2.1
1996.219,2026-04-30T16:38:52.324605,2.36,2.1
1996.475,2026-04-30T16:38:52.580793,2.36,2.1
1996.735,2026-04-30T16:38:52.840570,2.38,2.1
1996.991,2026-04-30T16:38:53.096743,2.37,2.1
1997.231,2026-04-30T16:38:53.336698,2.36,2.1
1997.487,2026-04-30T16:38:53.592445,2.37,2.1
1997.739,2026-04-30T16:38:53.844556,2.37,2.1
1997.991,2026-04-30T16:38:54.096711,2.37,2.1
1998.243,2026-04-30T16:38:54.348456,2.38,2.1
1998.516,2026-04-30T16:38:54.620955,2.36,2.1
1998.775,2026-04-30T16:38:54.880609,2.37,2.1
1999.004,2026-04-30T16:38:55.109349,2.36,2.1
1999.267,2026-04-30T16:38:55.372709,2.36,2.1
1999.523,2026-04-30T16:38:55.628678,2.37,2.1
1999.775,2026-04-30T16:38:55.880807,2.37,2.1
2000.028,2026-04-30T16:38:56.132928,2.38,2.1
2000.283,2026-04-30T16:38:56.388531,2.37,2.1
2000.528,2026-04-30T16:38:56.632899,2.37,2.1
2000.780,2026-04-30T16:38:56.884895,2.38,2.1
2001.043,2026-04-30T16:38:57.148615,2.37,2.1
2001.299,2026-04-30T16:38:57.404707,2.37,2.1
2001.571,2026-04-30T16:38:57.676623,2.37,2.1
2001.815,2026-04-30T16:38:57.920810,2.35,2.1
2002.051,2026-04-30T16:38:58.156808,2.37,2.1
2002.303,2026-04-30T16:38:58.408752,2.35,2.09
2002.559,2026-04-30T16:38:58.664562,2.37,2.1
2002.816,2026-04-30T16:38:58.920894,2.36,2.1
2003.067,2026-04-30T16:38:59.172734,2.37,2.09
2003.319,2026-04-30T16:38:59.424693,2.39,2.1
2003.571,2026-04-30T16:38:59.676630,2.37,2.1
2003.823,2026-04-30T16:38:59.928673,2.37,2.1
2004.103,2026-04-30T16:39:00.208765,2.37,2.1
2004.347,2026-04-30T16:39:00.452664,2.37,2.1
2004.615,2026-04-30T16:39:00.720735,2.38,2.1
2004.863,2026-04-30T16:39:00.968814,2.38,2.1
2005.095,2026-04-30T16:39:01.200693,2.37,2.1
2005.352,2026-04-30T16:39:01.456852,2.36,2.09
2005.599,2026-04-30T16:39:01.704735,2.37,2.09
2005.855,2026-04-30T16:39:01.960697,2.38,2.1
2006.107,2026-04-30T16:39:02.212710,2.37,2.09
2006.367,2026-04-30T16:39:02.472761,2.38,2.1
2006.623,2026-04-30T16:39:02.728472,2.37,2.1
2006.895,2026-04-30T16:39:03.000647,2.36,2.09
2007.143,2026-04-30T16:39:03.248700,2.38,2.1
2007.407,2026-04-30T16:39:03.512667,2.38,2.09
2007.667,2026-04-30T16:39:03.772602,2.36,2.1
2007.880,2026-04-30T16:39:03.984921,2.38,2.1
2008.139,2026-04-30T16:39:04.244771,2.37,2.1
2008.387,2026-04-30T16:39:04.492664,2.38,2.1
2008.639,2026-04-30T16:39:04.744751,2.36,2.1
2008.895,2026-04-30T16:39:05.000684,2.37,2.09
2009.155,2026-04-30T16:39:05.260695,2.38,2.1
2009.407,2026-04-30T16:39:05.512685,2.38,2.1
2009.664,2026-04-30T16:39:05.768864,2.37,2.1
2009.928,2026-04-30T16:39:06.032897,2.38,2.09
2010.167,2026-04-30T16:39:06.272709,2.37,2.1
2010.455,2026-04-30T16:39:06.560548,2.39,2.09
2010.680,2026-04-30T16:39:06.784887,2.39,2.1
2010.931,2026-04-30T16:39:07.036556,2.37,2.09
2011.183,2026-04-30T16:39:07.288660,2.38,2.1
2011.435,2026-04-30T16:39:07.540721,2.37,2.1
2011.687,2026-04-30T16:39:07.792720,2.39,2.1
2011.947,2026-04-30T16:39:08.052562,2.38,2.09
2012.199,2026-04-30T16:39:08.304633,2.36,2.09
2012.451,2026-04-30T16:39:08.556727,2.36,2.1
2012.703,2026-04-30T16:39:08.808690,2.37,2.1
2012.967,2026-04-30T16:39:09.072640,2.38,2.1
2013.223,2026-04-30T16:39:09.328551,2.37,2.1
2013.480,2026-04-30T16:39:09.584924,2.38,2.1
2013.731,2026-04-30T16:39:09.836703,2.39,2.1
2013.987,2026-04-30T16:39:10.092714,2.37,2.1
2014.240,2026-04-30T16:39:10.344846,2.36,2.09
2014.488,2026-04-30T16:39:10.592970,2.38,2.09
2014.739,2026-04-30T16:39:10.844762,2.37,2.09
2014.999,2026-04-30T16:39:11.104616,2.37,2.09
2015.255,2026-04-30T16:39:11.360672,2.39,2.1
2015.507,2026-04-30T16:39:11.612699,2.37,2.09
2015.771,2026-04-30T16:39:11.876673,2.37,2.09
2016.019,2026-04-30T16:39:12.124682,2.38,2.09
2016.275,2026-04-30T16:39:12.380756,2.37,2.1
2016.539,2026-04-30T16:39:12.644760,2.36,2.09
2016.787,2026-04-30T16:39:12.892702,2.37,2.1
2017.015,2026-04-30T16:39:13.120689,2.38,2.1
2017.283,2026-04-30T16:39:13.388425,2.37,2.09
2017.539,2026-04-30T16:39:13.644700,2.37,2.1
2017.791,2026-04-30T16:39:13.896746,2.37,2.1
2018.043,2026-04-30T16:39:14.148679,2.37,2.1
2018.299,2026-04-30T16:39:14.404715,2.37,2.09
2018.580,2026-04-30T16:39:14.684861,2.37,2.09
2018.819,2026-04-30T16:39:14.924625,2.37,2.1
2019.071,2026-04-30T16:39:15.176571,2.38,2.1
2019.335,2026-04-30T16:39:15.440657,2.37,2.1
2019.563,2026-04-30T16:39:15.668795,2.36,2.09
2019.823,2026-04-30T16:39:15.928658,2.37,2.1
2020.075,2026-04-30T16:39:16.180726,2.37,2.1
2020.331,2026-04-30T16:39:16.436650,2.4,2.11
2020.587,2026-04-30T16:39:16.692617,2.38,2.1
2020.828,2026-04-30T16:39:16.933478,2.37,2.1
2021.083,2026-04-30T16:39:17.188591,2.36,2.1
2021.355,2026-04-30T16:39:17.460587,2.38,2.1
2021.623,2026-04-30T16:39:17.728672,2.37,2.1
2021.863,2026-04-30T16:39:17.968831,2.37,2.1
2022.127,2026-04-30T16:39:18.232745,2.37,2.1
2022.351,2026-04-30T16:39:18.456755,2.4,2.1
2022.611,2026-04-30T16:39:18.716654,2.37,2.1
2022.863,2026-04-30T16:39:18.968794,2.37,2.1
2023.115,2026-04-30T16:39:19.220799,2.4,2.1
2023.367,2026-04-30T16:39:19.472415,2.39,2.1
2023.623,2026-04-30T16:39:19.728602,2.37,2.1
2023.880,2026-04-30T16:39:19.984959,2.37,2.1
2024.127,2026-04-30T16:39:20.232770,2.37,2.09
2024.379,2026-04-30T16:39:20.484776,2.38,2.1
2024.647,2026-04-30T16:39:20.752606,2.39,2.1
2024.895,2026-04-30T16:39:21.000643,2.39,2.1
2025.147,2026-04-30T16:39:21.252516,2.38,2.1
2025.399,2026-04-30T16:39:21.504456,2.36,2.1
2025.651,2026-04-30T16:39:21.756789,2.38,2.1
2025.907,2026-04-30T16:39:22.012626,2.38,2.1
2026.163,2026-04-30T16:39:22.268823,2.4,2.1
2026.419,2026-04-30T16:39:22.524557,2.39,2.1
2026.663,2026-04-30T16:39:22.768766,2.38,2.1
2026.915,2026-04-30T16:39:23.020737,2.37,2.1
2027.171,2026-04-30T16:39:23.276556,2.38,2.1
2027.439,2026-04-30T16:39:23.544677,2.38,2.1
2027.691,2026-04-30T16:39:23.796625,2.37,2.1
2027.943,2026-04-30T16:39:24.048581,2.39,2.1
2028.191,2026-04-30T16:39:24.296752,2.38,2.1
2028.447,2026-04-30T16:39:24.552502,2.39,2.09
2028.699,2026-04-30T16:39:24.804624,2.39,2.09
2028.951,2026-04-30T16:39:25.056724,2.39,2.09
2029.207,2026-04-30T16:39:25.312603,2.39,2.1
2029.455,2026-04-30T16:39:25.560638,2.39,2.09
2029.707,2026-04-30T16:39:25.812451,2.38,2.09
2029.963,2026-04-30T16:39:26.068722,2.4,2.1
2030.231,2026-04-30T16:39:26.336664,2.39,2.1
2030.491,2026-04-30T16:39:26.596786,2.4,2.1
2030.731,2026-04-30T16:39:26.836654,2.39,2.1
2030.987,2026-04-30T16:39:27.092524,2.38,2.1
2031.243,2026-04-30T16:39:27.348712,2.37,2.09
2031.496,2026-04-30T16:39:27.600868,2.38,2.09
2031.751,2026-04-30T16:39:27.856671,2.38,2.09
2031.999,2026-04-30T16:39:28.104671,2.38,2.1
2032.251,2026-04-30T16:39:28.356714,2.37,2.09
2032.503,2026-04-30T16:39:28.608728,2.39,2.09
2032.755,2026-04-30T16:39:28.860526,2.39,2.09
2033.011,2026-04-30T16:39:29.116628,2.39,2.1
2033.279,2026-04-30T16:39:29.384807,2.39,2.09
2033.535,2026-04-30T16:39:29.640527,2.36,2.1
2033.771,2026-04-30T16:39:29.876369,2.38,2.09
2034.023,2026-04-30T16:39:30.128643,2.37,2.09
2034.279,2026-04-30T16:39:30.384788,2.4,2.1
2034.535,2026-04-30T16:39:30.640630,2.39,2.1
2034.783,2026-04-30T16:39:30.888695,2.37,2.09
2035.035,2026-04-30T16:39:31.140643,2.37,2.1
2035.287,2026-04-30T16:39:31.392627,2.4,2.09
2035.539,2026-04-30T16:39:31.644724,2.37,2.1
2035.791,2026-04-30T16:39:31.896709,2.36,2.09
2036.043,2026-04-30T16:39:32.148478,2.38,2.09
2036.311,2026-04-30T16:39:32.416671,2.4,2.1
2036.567,2026-04-30T16:39:32.672638,2.4,2.1
2036.807,2026-04-30T16:39:32.912596,2.38,2.1
2037.067,2026-04-30T16:39:33.172647,2.37,2.1
2037.319,2026-04-30T16:39:33.424710,2.38,2.1
2037.575,2026-04-30T16:39:33.680816,2.38,2.1
2037.835,2026-04-30T16:39:33.940567,2.39,2.1
2038.071,2026-04-30T16:39:34.176467,2.39,2.1
2038.327,2026-04-30T16:39:34.432827,2.39,2.1
2038.587,2026-04-30T16:39:34.692603,2.37,2.1
2038.828,2026-04-30T16:39:34.933409,2.37,2.09
2039.107,2026-04-30T16:39:35.212645,2.38,2.1
2039.343,2026-04-30T16:39:35.448475,2.37,2.09
2039.599,2026-04-30T16:39:35.704607,2.39,2.1
2039.855,2026-04-30T16:39:35.960650,2.38,2.09
2040.111,2026-04-30T16:39:36.216543,2.38,2.09
2040.367,2026-04-30T16:39:36.472762,2.37,2.09
2040.628,2026-04-30T16:39:36.732838,2.39,2.09
2040.883,2026-04-30T16:39:36.988511,2.4,2.1
2041.127,2026-04-30T16:39:37.232640,2.38,2.1
2041.375,2026-04-30T16:39:37.480693,2.38,2.09
2041.631,2026-04-30T16:39:37.736465,2.37,2.09
2041.899,2026-04-30T16:39:38.004617,2.37,2.1
2042.151,2026-04-30T16:39:38.256525,2.4,2.1
2042.407,2026-04-30T16:39:38.512628,2.38,2.09
2042.647,2026-04-30T16:39:38.752630,2.39,2.1
2042.899,2026-04-30T16:39:39.004680,2.39,2.1
2043.151,2026-04-30T16:39:39.256770,2.38,2.09
2043.403,2026-04-30T16:39:39.508778,2.4,2.1
2043.655,2026-04-30T16:39:39.760674,2.39,2.1
2043.911,2026-04-30T16:39:40.016632,2.38,2.09
2044.167,2026-04-30T16:39:40.272526,2.38,2.09
2044.423,2026-04-30T16:39:40.528457,2.4,2.1
2044.679,2026-04-30T16:39:40.784832,2.38,2.09
2044.935,2026-04-30T16:39:41.040645,2.37,2.1
2045.195,2026-04-30T16:39:41.300644,2.37,2.09
2045.447,2026-04-30T16:39:41.552501,2.38,2.09
2045.707,2026-04-30T16:39:41.812631,2.38,2.09
2045.963,2026-04-30T16:39:42.068576,2.38,2.1
2046.203,2026-04-30T16:39:42.308715,2.38,2.1
2046.455,2026-04-30T16:39:42.560461,2.39,2.11
2046.707,2026-04-30T16:39:42.812535,2.41,2.11
2046.963,2026-04-30T16:39:43.068723,2.39,2.11
2047.219,2026-04-30T16:39:43.324607,2.39,2.11
2047.464,2026-04-30T16:39:43.568962,2.39,2.1
2047.731,2026-04-30T16:39:43.836630,2.39,2.1
2047.975,2026-04-30T16:39:44.080715,2.39,2.11
2048.235,2026-04-30T16:39:44.340619,2.38,2.11
2048.495,2026-04-30T16:39:44.600745,2.37,2.11
2048.747,2026-04-30T16:39:44.852551,2.4,2.11
2048.999,2026-04-30T16:39:45.104639,2.4,2.11
2049.251,2026-04-30T16:39:45.356779,2.41,2.11
2049.503,2026-04-30T16:39:45.608808,2.38,2.1
2049.755,2026-04-30T16:39:45.860585,2.38,2.1
2049.991,2026-04-30T16:39:46.096690,2.39,2.11
2050.251,2026-04-30T16:39:46.356653,2.41,2.11
2050.503,2026-04-30T16:39:46.608435,2.39,2.11
2050.771,2026-04-30T16:39:46.876427,2.4,2.11
2051.015,2026-04-30T16:39:47.120686,2.41,2.11
2051.271,2026-04-30T16:39:47.376561,2.4,2.1
2051.535,2026-04-30T16:39:47.640534,2.39,2.1
2051.783,2026-04-30T16:39:47.888643,2.39,2.11
2052.035,2026-04-30T16:39:48.140592,2.39,2.11
2052.295,2026-04-30T16:39:48.400624,2.4,2.1
2052.547,2026-04-30T16:39:48.652422,2.4,2.11
2052.791,2026-04-30T16:39:48.896679,2.38,2.1
2053.047,2026-04-30T16:39:49.152515,2.39,2.11
2053.307,2026-04-30T16:39:49.412567,2.39,2.1
2053.591,2026-04-30T16:39:49.696745,2.4,2.11
2053.831,2026-04-30T16:39:49.936561,2.41,2.11
2054.063,2026-04-30T16:39:50.168736,2.39,2.1
2054.315,2026-04-30T16:39:50.420762,2.38,2.11
2054.567,2026-04-30T16:39:50.672607,2.39,2.09
2054.819,2026-04-30T16:39:50.924531,2.4,2.1
2055.071,2026-04-30T16:39:51.176540,2.4,2.1
2055.323,2026-04-30T16:39:51.428644,2.39,2.1
2055.575,2026-04-30T16:39:51.680654,2.4,2.1
2055.831,2026-04-30T16:39:51.936568,2.4,2.1
2056.083,2026-04-30T16:39:52.188530,2.41,2.1
2056.335,2026-04-30T16:39:52.440528,2.4,2.1
2056.603,2026-04-30T16:39:52.708703,2.4,2.1
2056.843,2026-04-30T16:39:52.948468,2.4,2.1
2057.099,2026-04-30T16:39:53.204644,2.38,2.09
2057.351,2026-04-30T16:39:53.456767,2.38,2.09
2057.607,2026-04-30T16:39:53.712623,2.39,2.1
2057.863,2026-04-30T16:39:53.968719,2.39,2.1
2058.115,2026-04-30T16:39:54.220682,2.39,2.1
2058.371,2026-04-30T16:39:54.476496,2.4,2.1
2058.615,2026-04-30T16:39:54.720620,2.4,2.1
2058.867,2026-04-30T16:39:54.972329,2.4,2.1
2059.127,2026-04-30T16:39:55.232690,2.39,2.1
2059.379,2026-04-30T16:39:55.484831,2.4,2.1
2059.639,2026-04-30T16:39:55.744678,2.39,2.1
2059.903,2026-04-30T16:39:56.008635,2.4,2.1
2060.163,2026-04-30T16:39:56.268675,2.38,2.09
2060.403,2026-04-30T16:39:56.508643,2.41,2.1
2060.655,2026-04-30T16:39:56.760578,2.39,2.1
2060.911,2026-04-30T16:39:57.016457,2.4,2.1
2061.163,2026-04-30T16:39:57.268687,2.41,2.1
2061.419,2026-04-30T16:39:57.524568,2.41,2.1
2061.663,2026-04-30T16:39:57.768712,2.39,2.1
2061.911,2026-04-30T16:39:58.016539,2.39,2.1
2062.163,2026-04-30T16:39:58.268668,2.4,2.1
2062.431,2026-04-30T16:39:58.536635,2.39,2.1
2062.687,2026-04-30T16:39:58.792442,2.4,2.1
2062.943,2026-04-30T16:39:59.048598,2.39,2.09
2063.171,2026-04-30T16:39:59.276460,2.41,2.1
2063.439,2026-04-30T16:39:59.544695,2.41,2.1
2063.695,2026-04-30T16:39:59.800449,2.41,2.1
2063.947,2026-04-30T16:40:00.052606,2.39,2.09
2064.195,2026-04-30T16:40:00.300575,2.4,2.09
2064.451,2026-04-30T16:40:00.556673,2.41,2.1
2064.707,2026-04-30T16:40:00.812524,2.4,2.1
2064.955,2026-04-30T16:40:01.060591,2.41,2.09
2065.211,2026-04-30T16:40:01.316486,2.4,2.09
2065.479,2026-04-30T16:40:01.584827,2.41,2.09
2065.731,2026-04-30T16:40:01.836607,2.4,2.1
2065.983,2026-04-30T16:40:02.088555,2.39,2.09
2066.239,2026-04-30T16:40:02.344684,2.39,2.09
2066.484,2026-04-30T16:40:02.588897,2.4,2.09
2066.747,2026-04-30T16:40:02.852629,2.4,2.1
2066.987,2026-04-30T16:40:03.092637,2.39,2.1
2067.235,2026-04-30T16:40:03.340304,2.4,2.09
2067.491,2026-04-30T16:40:03.596655,2.4,2.09
2067.743,2026-04-30T16:40:03.848547,2.39,2.09
2067.999,2026-04-30T16:40:04.104526,2.41,2.1
2068.287,2026-04-30T16:40:04.392545,2.4,2.09
2068.523,2026-04-30T16:40:04.628496,2.4,2.1
2068.771,2026-04-30T16:40:04.876448,2.4,2.09
2069.028,2026-04-30T16:40:05.132885,2.41,2.09
2069.275,2026-04-30T16:40:05.380481,2.4,2.1
2069.535,2026-04-30T16:40:05.640443,2.39,2.09
2069.783,2026-04-30T16:40:05.888642,2.4,2.09
2070.039,2026-04-30T16:40:06.144521,2.42,2.1
2070.283,2026-04-30T16:40:06.388536,2.4,2.09
2070.539,2026-04-30T16:40:06.644628,2.41,2.1
2070.791,2026-04-30T16:40:06.896558,2.4,2.09
2071.043,2026-04-30T16:40:07.148429,2.4,2.09
2071.295,2026-04-30T16:40:07.400464,2.41,2.1
2071.555,2026-04-30T16:40:07.660492,2.41,2.1
2071.811,2026-04-30T16:40:07.916519,2.4,2.1
2072.071,2026-04-30T16:40:08.176525,2.42,2.11
2072.328,2026-04-30T16:40:08.432840,2.41,2.1
2072.583,2026-04-30T16:40:08.688478,2.4,2.1
2072.847,2026-04-30T16:40:08.952470,2.39,2.1
2073.079,2026-04-30T16:40:09.184626,2.4,2.1
2073.331,2026-04-30T16:40:09.436486,2.39,2.1
2073.591,2026-04-30T16:40:09.696517,2.39,2.1
2073.855,2026-04-30T16:40:09.960448,2.41,2.1
2074.119,2026-04-30T16:40:10.224507,2.39,2.11
2074.367,2026-04-30T16:40:10.472627,2.41,2.1
2074.619,2026-04-30T16:40:10.724505,2.39,2.11
2074.855,2026-04-30T16:40:10.960631,2.4,2.11
2075.115,2026-04-30T16:40:11.220624,2.41,2.1
2075.371,2026-04-30T16:40:11.476434,2.41,2.1
2075.619,2026-04-30T16:40:11.724489,2.39,2.1
2075.875,2026-04-30T16:40:11.980734,2.4,2.11
2076.127,2026-04-30T16:40:12.232748,2.4,2.1
2076.375,2026-04-30T16:40:12.480763,2.38,2.1
2076.643,2026-04-30T16:40:12.748533,2.4,2.1
2076.895,2026-04-30T16:40:13.000584,2.39,2.1
2077.159,2026-04-30T16:40:13.264578,2.41,2.1
2077.407,2026-04-30T16:40:13.512566,2.4,2.11
2077.655,2026-04-30T16:40:13.760353,2.4,2.1
2077.895,2026-04-30T16:40:14.000601,2.4,2.1
2078.155,2026-04-30T16:40:14.260456,2.4,2.1
2078.407,2026-04-30T16:40:14.512516,2.4,2.1
2078.659,2026-04-30T16:40:14.764523,2.41,2.11
2078.915,2026-04-30T16:40:15.020559,2.39,2.1
2079.167,2026-04-30T16:40:15.272548,2.4,2.1
2079.423,2026-04-30T16:40:15.528475,2.4,2.11
2079.699,2026-04-30T16:40:15.804363,2.41,2.11
2079.947,2026-04-30T16:40:16.052582,2.41,2.1
2080.203,2026-04-30T16:40:16.308680,2.41,2.1
2080.451,2026-04-30T16:40:16.556643,2.39,2.1
2080.691,2026-04-30T16:40:16.796755,2.4,2.1
2080.951,2026-04-30T16:40:17.056740,2.39,2.1
2081.200,2026-04-30T16:40:17.304872,2.4,2.11
2081.447,2026-04-30T16:40:17.552617,2.4,2.1
2081.699,2026-04-30T16:40:17.804648,2.39,2.11
2081.959,2026-04-30T16:40:18.064430,2.41,2.1
2082.211,2026-04-30T16:40:18.316602,2.41,2.11
2082.463,2026-04-30T16:40:18.568701,2.39,2.1
2082.723,2026-04-30T16:40:18.828611,2.39,2.1
2082.983,2026-04-30T16:40:19.088612,2.4,2.1
2083.223,2026-04-30T16:40:19.328578,2.41,2.1
2083.499,2026-04-30T16:40:19.604799,2.41,2.1
2083.731,2026-04-30T16:40:19.836506,2.41,2.11
2083.991,2026-04-30T16:40:20.096607,2.4,2.1
2084.239,2026-04-30T16:40:20.344672,2.4,2.1
2084.496,2026-04-30T16:40:20.601367,2.39,2.1
2084.751,2026-04-30T16:40:20.856718,2.39,2.1
2085.011,2026-04-30T16:40:21.116571,2.39,2.1
2085.263,2026-04-30T16:40:21.368675,2.4,2.11
2085.523,2026-04-30T16:40:21.628643,2.4,2.1
2085.791,2026-04-30T16:40:21.896636,2.4,2.11
2086.023,2026-04-30T16:40:22.128374,2.41,2.1
2086.295,2026-04-30T16:40:22.400535,2.41,2.11
2086.531,2026-04-30T16:40:22.636643,2.4,2.11
2086.783,2026-04-30T16:40:22.888545,2.41,2.1
2087.039,2026-04-30T16:40:23.144606,2.42,2.11
2087.287,2026-04-30T16:40:23.392556,2.39,2.1
2087.543,2026-04-30T16:40:23.648525,2.4,2.1
2087.791,2026-04-30T16:40:23.896545,2.41,2.1
2088.051,2026-04-30T16:40:24.156482,2.39,2.1
2088.327,2026-04-30T16:40:24.432791,2.39,2.1
2088.559,2026-04-30T16:40:24.664560,2.4,2.1
2088.828,2026-04-30T16:40:24.933446,2.4,2.1
2089.075,2026-04-30T16:40:25.180671,2.41,2.1
2089.319,2026-04-30T16:40:25.424374,2.39,2.09
2089.571,2026-04-30T16:40:25.676543,2.4,2.1
2089.828,2026-04-30T16:40:25.933453,2.4,2.1
2090.071,2026-04-30T16:40:26.176479,2.42,2.1
2090.335,2026-04-30T16:40:26.440478,2.41,2.1
2090.595,2026-04-30T16:40:26.700524,2.42,2.1
2090.839,2026-04-30T16:40:26.944720,2.41,2.09
2091.095,2026-04-30T16:40:27.200527,2.41,2.1
2091.351,2026-04-30T16:40:27.456549,2.39,2.1
2091.640,2026-04-30T16:40:27.745135,2.42,2.1
2091.863,2026-04-30T16:40:27.968651,2.41,2.09
2092.127,2026-04-30T16:40:28.232706,2.4,2.1
2092.347,2026-04-30T16:40:28.452445,2.41,2.1
2092.607,2026-04-30T16:40:28.712533,2.41,2.1
2092.859,2026-04-30T16:40:28.964534,2.41,2.11
2093.115,2026-04-30T16:40:29.220645,2.4,2.1
2093.367,2026-04-30T16:40:29.472616,2.42,2.1
2093.627,2026-04-30T16:40:29.732741,2.4,2.1
2093.883,2026-04-30T16:40:29.988490,2.41,2.1
2094.127,2026-04-30T16:40:30.232773,2.41,2.1
2094.411,2026-04-30T16:40:30.516476,2.4,2.1
2094.655,2026-04-30T16:40:30.760566,2.4,2.09
2094.915,2026-04-30T16:40:31.020583,2.41,2.09
2095.167,2026-04-30T16:40:31.272517,2.42,2.1
2095.391,2026-04-30T16:40:31.496640,2.41,2.1
2095.647,2026-04-30T16:40:31.752497,2.42,2.1
2095.895,2026-04-30T16:40:32.000540,2.4,2.09
2096.147,2026-04-30T16:40:32.252476,2.4,2.09
2096.403,2026-04-30T16:40:32.508537,2.41,2.1
2096.659,2026-04-30T16:40:32.764442,2.43,2.1
2096.915,2026-04-30T16:40:33.020686,2.42,2.1
2097.163,2026-04-30T16:40:33.268642,2.41,2.1
2097.447,2026-04-30T16:40:33.552619,2.42,2.1
2097.691,2026-04-30T16:40:33.796745,2.42,2.1
2097.927,2026-04-30T16:40:34.032703,2.39,2.1
2098.175,2026-04-30T16:40:34.280660,2.4,2.1
2098.431,2026-04-30T16:40:34.536564,2.41,2.1
2098.687,2026-04-30T16:40:34.792422,2.41,2.1
2098.939,2026-04-30T16:40:35.044576,2.4,2.1
2099.195,2026-04-30T16:40:35.300532,2.4,2.1
2099.447,2026-04-30T16:40:35.552555,2.43,2.1
2099.695,2026-04-30T16:40:35.800492,2.41,2.09
2099.951,2026-04-30T16:40:36.056754,2.39,2.1
2100.223,2026-04-30T16:40:36.328456,2.4,2.1
2100.491,2026-04-30T16:40:36.596764,2.39,2.1
2100.727,2026-04-30T16:40:36.832706,2.41,2.09
2100.971,2026-04-30T16:40:37.076504,2.4,2.1
2101.219,2026-04-30T16:40:37.324581,2.41,2.1
2101.475,2026-04-30T16:40:37.580675,2.4,2.09
2101.723,2026-04-30T16:40:37.828552,2.41,2.09
2101.975,2026-04-30T16:40:38.080660,2.41,2.1
2102.231,2026-04-30T16:40:38.336554,2.42,2.1
2102.487,2026-04-30T16:40:38.592564,2.4,2.09
2102.743,2026-04-30T16:40:38.848458,2.41,2.1
2102.987,2026-04-30T16:40:39.092520,2.41,2.1
2103.263,2026-04-30T16:40:39.368666,2.41,2.1
2103.499,2026-04-30T16:40:39.604593,2.42,2.1
2103.775,2026-04-30T16:40:39.880428,2.41,2.1
2104.011,2026-04-30T16:40:40.116536,2.41,2.1
2104.255,2026-04-30T16:40:40.360457,2.42,2.1
2104.507,2026-04-30T16:40:40.612689,2.41,2.1
2104.759,2026-04-30T16:40:40.864471,2.4,2.09
2105.011,2026-04-30T16:40:41.116538,2.4,2.09
2105.267,2026-04-30T16:40:41.372564,2.4,2.1
2105.519,2026-04-30T16:40:41.624598,2.42,2.1
2105.767,2026-04-30T16:40:41.872500,2.4,2.1
2106.027,2026-04-30T16:40:42.132764,2.4,2.1
2106.299,2026-04-30T16:40:42.404602,2.39,2.09
2106.555,2026-04-30T16:40:42.660523,2.41,2.09
2106.803,2026-04-30T16:40:42.908612,2.42,2.09
2107.043,2026-04-30T16:40:43.148445,2.4,2.09
2107.291,2026-04-30T16:40:43.396691,2.41,2.09
2107.547,2026-04-30T16:40:43.652522,2.4,2.09
2107.799,2026-04-30T16:40:43.904427,2.4,2.1
2108.051,2026-04-30T16:40:44.156709,2.4,2.09
2108.307,2026-04-30T16:40:44.412439,2.4,2.09
2108.563,2026-04-30T16:40:44.668649,2.4,2.09
2108.819,2026-04-30T16:40:44.924575,2.41,2.09
2109.103,2026-04-30T16:40:45.208518,2.41,2.09
2109.331,2026-04-30T16:40:45.436606,2.4,2.09
2109.623,2026-04-30T16:40:45.728571,2.39,2.09
2109.843,2026-04-30T16:40:45.948410,2.39,2.09
2110.091,2026-04-30T16:40:46.196651,2.4,2.09
2110.347,2026-04-30T16:40:46.452601,2.4,2.09
2110.599,2026-04-30T16:40:46.704549,2.39,2.09
2110.851,2026-04-30T16:40:46.956721,2.39,2.09
2111.103,2026-04-30T16:40:47.208401,2.41,2.1
2111.359,2026-04-30T16:40:47.464418,2.41,2.09
2111.615,2026-04-30T16:40:47.720608,2.4,2.1
2111.899,2026-04-30T16:40:48.004444,2.4,2.09
2112.143,2026-04-30T16:40:48.248482,2.4,2.09
2112.391,2026-04-30T16:40:48.496613,2.4,2.1
2112.655,2026-04-30T16:40:48.760442,2.41,2.1
2112.887,2026-04-30T16:40:48.992430,2.41,2.1
2113.139,2026-04-30T16:40:49.244554,2.4,2.09
2113.387,2026-04-30T16:40:49.492473,2.4,2.09
2113.643,2026-04-30T16:40:49.748528,2.41,2.1
2113.891,2026-04-30T16:40:49.996613,2.42,2.1
2114.147,2026-04-30T16:40:50.252633,2.41,2.09
2114.403,2026-04-30T16:40:50.508691,2.42,2.09
2114.651,2026-04-30T16:40:50.756607,2.39,2.09
2114.927,2026-04-30T16:40:51.032775,2.39,2.1
2115.167,2026-04-30T16:40:51.272476,2.41,2.09
2115.439,2026-04-30T16:40:51.544507,2.39,2.09
2115.695,2026-04-30T16:40:51.800344,2.4,2.1
2115.931,2026-04-30T16:40:52.036608,2.41,2.09
2116.183,2026-04-30T16:40:52.288419,2.41,2.09
2116.431,2026-04-30T16:40:52.536604,2.4,2.1
2116.687,2026-04-30T16:40:52.792494,2.4,2.09
2116.935,2026-04-30T16:40:53.040409,2.39,2.09
2117.191,2026-04-30T16:40:53.296500,2.4,2.1
2117.443,2026-04-30T16:40:53.548485,2.39,2.09
2117.719,2026-04-30T16:40:53.824574,2.41,2.1
2117.971,2026-04-30T16:40:54.076542,2.4,2.09
2118.223,2026-04-30T16:40:54.328537,2.4,2.09
2118.475,2026-04-30T16:40:54.580555,2.39,2.09
2118.715,2026-04-30T16:40:54.820602,2.4,2.09
2118.987,2026-04-30T16:40:55.092508,2.4,2.1
2119.223,2026-04-30T16:40:55.328541,2.4,2.09
2119.479,2026-04-30T16:40:55.584545,2.39,2.09
2119.727,2026-04-30T16:40:55.832714,2.4,2.1
2119.979,2026-04-30T16:40:56.084753,2.4,2.1
2120.239,2026-04-30T16:40:56.344634,2.4,2.09
2120.527,2026-04-30T16:40:56.632639,2.39,2.09
2120.767,2026-04-30T16:40:56.872497,2.4,2.09
2121.003,2026-04-30T16:40:57.108636,2.4,2.09
2121.275,2026-04-30T16:40:57.380673,2.39,2.09
2121.512,2026-04-30T16:40:57.617558,2.4,2.09
2121.795,2026-04-30T16:40:57.900447,2.4,2.08
2122.011,2026-04-30T16:40:58.116497,2.4,2.09
2122.263,2026-04-30T16:40:58.368591,2.39,2.09
2122.515,2026-04-30T16:40:58.620650,2.41,2.1
2122.767,2026-04-30T16:40:58.872492,2.4,2.09
2123.027,2026-04-30T16:40:59.132737,2.4,2.1
2123.283,2026-04-30T16:40:59.388543,2.4,2.09
2123.559,2026-04-30T16:40:59.664588,2.4,2.1
2123.815,2026-04-30T16:40:59.920513,2.41,2.1
2124.075,2026-04-30T16:41:00.180587,2.39,2.1
2124.319,2026-04-30T16:41:00.424394,2.4,2.1
2124.551,2026-04-30T16:41:00.656623,2.39,2.1
2124.807,2026-04-30T16:41:00.912478,2.4,2.1
2125.059,2026-04-30T16:41:01.164492,2.39,2.1
2125.311,2026-04-30T16:41:01.416493,2.41,2.1
2125.559,2026-04-30T16:41:01.664559,2.41,2.1
2125.815,2026-04-30T16:41:01.920513,2.4,2.1
2126.071,2026-04-30T16:41:02.176558,2.41,2.1
2126.319,2026-04-30T16:41:02.424399,2.42,2.1
2126.595,2026-04-30T16:41:02.700480,2.4,2.1
2126.847,2026-04-30T16:41:02.952525,2.4,2.1
2127.103,2026-04-30T16:41:03.208533,2.41,2.1
2127.339,2026-04-30T16:41:03.444618,2.4,2.1
2127.599,2026-04-30T16:41:03.704346,2.42,2.1
2127.843,2026-04-30T16:41:03.948276,2.4,2.1
2128.095,2026-04-30T16:41:04.200504,2.4,2.09
2128.355,2026-04-30T16:41:04.460478,2.39,2.1
2128.615,2026-04-30T16:41:04.720686,2.42,2.1
2128.863,2026-04-30T16:41:04.968545,2.41,2.1
2129.115,2026-04-30T16:41:05.220597,2.4,2.09
2129.387,2026-04-30T16:41:05.492387,2.42,2.1
2129.651,2026-04-30T16:41:05.756641,2.4,2.1
2129.895,2026-04-30T16:41:06.000260,2.42,2.1
2130.143,2026-04-30T16:41:06.248506,2.42,2.1
2130.375,2026-04-30T16:41:06.480656,2.4,2.09
2130.623,2026-04-30T16:41:06.728509,2.41,2.1
2130.879,2026-04-30T16:41:06.984662,2.4,2.1
2131.135,2026-04-30T16:41:07.240465,2.4,2.1
2131.387,2026-04-30T16:41:07.492489,2.4,2.09
2131.639,2026-04-30T16:41:07.744605,2.41,2.1
2131.891,2026-04-30T16:41:07.996473,2.41,2.1
2132.147,2026-04-30T16:41:08.252346,2.41,2.1
2132.407,2026-04-30T16:41:08.512295,2.39,2.1
2132.671,2026-04-30T16:41:08.776462,2.39,2.1
2132.923,2026-04-30T16:41:09.028496,2.41,2.1
2133.187,2026-04-30T16:41:09.292415,2.41,2.1
2133.419,2026-04-30T16:41:09.524508,2.41,2.1
2133.675,2026-04-30T16:41:09.780677,2.42,2.12
2133.931,2026-04-30T16:41:10.036486,2.39,2.1
2134.179,2026-04-30T16:41:10.284612,2.41,2.1
2134.439,2026-04-30T16:41:10.544627,2.4,2.1
2134.687,2026-04-30T16:41:10.792509,2.41,2.11
2134.939,2026-04-30T16:41:11.044602,2.4,2.1
2135.231,2026-04-30T16:41:11.336320,2.41,2.1
2135.475,2026-04-30T16:41:11.580552,2.4,2.1
2135.711,2026-04-30T16:41:11.816498,2.4,2.11
2135.967,2026-04-30T16:41:12.072479,2.4,2.11
2136.239,2026-04-30T16:41:12.344550,2.41,2.1
2136.459,2026-04-30T16:41:12.564500,2.41,2.11
2136.715,2026-04-30T16:41:12.820597,2.39,2.1
2136.971,2026-04-30T16:41:13.076438,2.38,2.1
2137.227,2026-04-30T16:41:13.332649,2.4,2.1
2137.479,2026-04-30T16:41:13.584727,2.4,2.1
2137.735,2026-04-30T16:41:13.840486,2.41,2.1
2137.987,2026-04-30T16:41:14.092480,2.42,2.11
2138.267,2026-04-30T16:41:14.372284,2.4,2.1
2138.511,2026-04-30T16:41:14.616427,2.4,2.1
2138.779,2026-04-30T16:41:14.884702,2.4,2.1
2139.007,2026-04-30T16:41:15.112489,2.4,2.1
2139.255,2026-04-30T16:41:15.360408,2.41,2.11
2139.512,2026-04-30T16:41:15.616980,2.4,2.11
2139.763,2026-04-30T16:41:15.868552,2.39,2.1
2140.011,2026-04-30T16:41:16.116450,2.41,2.1
2140.263,2026-04-30T16:41:16.368592,2.39,2.1
2140.527,2026-04-30T16:41:16.632746,2.4,2.09
2140.771,2026-04-30T16:41:16.876523,2.41,2.1
2141.059,2026-04-30T16:41:17.164500,2.39,2.1
2141.287,2026-04-30T16:41:17.392526,2.42,2.1
2141.563,2026-04-30T16:41:17.668594,2.4,2.11
2141.828,2026-04-30T16:41:17.933244,2.41,2.1
2142.039,2026-04-30T16:41:18.144559,2.41,2.11
2142.295,2026-04-30T16:41:18.400527,2.43,2.11
2142.547,2026-04-30T16:41:18.652426,2.41,2.1
2142.799,2026-04-30T16:41:18.904387,2.43,2.1
2143.055,2026-04-30T16:41:19.160482,2.4,2.1
2143.311,2026-04-30T16:41:19.416439,2.4,2.1
2143.567,2026-04-30T16:41:19.672370,2.39,2.1
2143.823,2026-04-30T16:41:19.928429,2.4,2.1
2144.075,2026-04-30T16:41:20.180599,2.41,2.1
2144.347,2026-04-30T16:41:20.452452,2.41,2.1
2144.599,2026-04-30T16:41:20.704330,2.41,2.1
2144.851,2026-04-30T16:41:20.956657,2.4,2.11
2145.091,2026-04-30T16:41:21.196625,2.39,2.1
2145.347,2026-04-30T16:41:21.452446,2.4,2.1
2145.595,2026-04-30T16:41:21.700464,2.41,2.1
2145.855,2026-04-30T16:41:21.960527,2.4,2.1
2146.111,2026-04-30T16:41:22.216500,2.39,2.1
2146.367,2026-04-30T16:41:22.472443,2.4,2.1
2146.619,2026-04-30T16:41:22.724409,2.4,2.1
2146.907,2026-04-30T16:41:23.012471,2.41,2.1
2147.143,2026-04-30T16:41:23.248432,2.42,2.1
2147.383,2026-04-30T16:41:23.488510,2.41,2.1
2147.643,2026-04-30T16:41:23.748402,2.41,2.1
2147.887,2026-04-30T16:41:23.992436,2.41,2.1
2148.135,2026-04-30T16:41:24.240442,2.41,2.1
2148.391,2026-04-30T16:41:24.496615,2.4,2.1
2148.639,2026-04-30T16:41:24.744483,2.41,2.1
2148.903,2026-04-30T16:41:25.008565,2.39,2.1
2149.147,2026-04-30T16:41:25.252427,2.39,2.1
2149.407,2026-04-30T16:41:25.512279,2.41,2.1
2149.659,2026-04-30T16:41:25.764523,2.41,2.1
2149.935,2026-04-30T16:41:26.040453,2.4,2.09
2150.195,2026-04-30T16:41:26.300416,2.4,2.1
2150.451,2026-04-30T16:41:26.556605,2.39,2.1
2150.679,2026-04-30T16:41:26.784700,2.41,2.1
2150.923,2026-04-30T16:41:27.028273,2.42,2.1
2151.175,2026-04-30T16:41:27.280612,2.4,2.1
2151.435,2026-04-30T16:41:27.540417,2.42,2.1
2151.687,2026-04-30T16:41:27.792537,2.4,2.1
2151.939,2026-04-30T16:41:28.044681,2.4,2.1
2152.199,2026-04-30T16:41:28.304421,2.4,2.1
2152.455,2026-04-30T16:41:28.560544,2.39,2.09
2152.723,2026-04-30T16:41:28.828348,2.39,2.1
2152.979,2026-04-30T16:41:29.084616,2.4,2.1
2153.231,2026-04-30T16:41:29.336574,2.41,2.1
2153.487,2026-04-30T16:41:29.592437,2.4,2.1
2153.727,2026-04-30T16:41:29.832458,2.4,2.1
2153.986,2026-04-30T16:41:30.091480,2.4,2.1
2154.231,2026-04-30T16:41:30.336527,2.42,2.1
2154.483,2026-04-30T16:41:30.588624,2.41,2.1
2154.739,2026-04-30T16:41:30.844675,2.39,2.09
2154.983,2026-04-30T16:41:31.088330,2.41,2.1
2155.243,2026-04-30T16:41:31.348522,2.41,2.1
2155.519,2026-04-30T16:41:31.624773,2.39,2.1
2155.771,2026-04-30T16:41:31.876564,2.4,2.1
2156.019,2026-04-30T16:41:32.124458,2.4,2.1
2156.271,2026-04-30T16:41:32.376571,2.41,2.1
2156.512,2026-04-30T16:41:32.617682,2.4,2.1
2156.787,2026-04-30T16:41:32.892523,2.4,2.1
2157.019,2026-04-30T16:41:33.124255,2.4,2.1
2157.267,2026-04-30T16:41:33.372523,2.41,2.1
2157.527,2026-04-30T16:41:33.632668,2.41,2.1
2157.775,2026-04-30T16:41:33.880627,2.41,2.1
2158.035,2026-04-30T16:41:34.140717,2.41,2.1
2158.287,2026-04-30T16:41:34.392566,2.41,2.1
2158.559,2026-04-30T16:41:34.664436,2.39,2.1
2158.811,2026-04-30T16:41:34.916447,2.42,2.1
2159.047,2026-04-30T16:41:35.152420,2.39,2.1
2159.323,2026-04-30T16:41:35.428442,2.41,2.09
2159.555,2026-04-30T16:41:35.660466,2.41,2.09
2159.815,2026-04-30T16:41:35.920593,2.42,2.1
2160.055,2026-04-30T16:41:36.160536,2.42,2.1
2160.323,2026-04-30T16:41:36.428326,2.41,2.1
2160.567,2026-04-30T16:41:36.672453,2.39,2.09
2160.823,2026-04-30T16:41:36.928470,2.42,2.1
2161.067,2026-04-30T16:41:37.172431,2.41,2.1
2161.327,2026-04-30T16:41:37.432559,2.4,2.1
2161.611,2026-04-30T16:41:37.716465,2.4,2.1
2161.855,2026-04-30T16:41:37.960463,2.4,2.1
2162.103,2026-04-30T16:41:38.208548,2.4,2.1
2162.355,2026-04-30T16:41:38.460504,2.41,2.09
2162.595,2026-04-30T16:41:38.700409,2.41,2.09
2162.851,2026-04-30T16:41:38.956595,2.42,2.1
2163.099,2026-04-30T16:41:39.204512,2.4,2.1
2163.355,2026-04-30T16:41:39.460306,2.41,2.1
2163.603,2026-04-30T16:41:39.708600,2.39,2.09
2163.855,2026-04-30T16:41:39.960507,2.41,2.1
2164.111,2026-04-30T16:41:40.216478,2.42,2.1
2164.387,2026-04-30T16:41:40.492450,2.41,2.1
2164.635,2026-04-30T16:41:40.740417,2.41,2.1
2164.891,2026-04-30T16:41:40.996596,2.42,2.1
2165.143,2026-04-30T16:41:41.248470,2.39,2.1
2165.379,2026-04-30T16:41:41.484498,2.4,2.09
2165.635,2026-04-30T16:41:41.740487,2.41,2.1
2165.891,2026-04-30T16:41:41.996535,2.41,2.1
2166.151,2026-04-30T16:41:42.256486,2.41,2.1
2166.395,2026-04-30T16:41:42.500467,2.4,2.1
2166.651,2026-04-30T16:41:42.756510,2.4,2.1
2166.907,2026-04-30T16:41:43.012492,2.39,2.09
2167.159,2026-04-30T16:41:43.264486,2.4,2.1
2167.427,2026-04-30T16:41:43.532562,2.39,2.09
2167.679,2026-04-30T16:41:43.784553,2.4,2.1
2167.935,2026-04-30T16:41:44.040314,2.41,2.1
2168.199,2026-04-30T16:41:44.304434,2.41,2.1
2168.415,2026-04-30T16:41:44.520466,2.4,2.1
2168.671,2026-04-30T16:41:44.776497,2.4,2.1
2168.939,2026-04-30T16:41:45.044521,2.4,2.1
2169.179,2026-04-30T16:41:45.284656,2.4,2.1
2169.431,2026-04-30T16:41:45.536385,2.39,2.1
2169.687,2026-04-30T16:41:45.792339,2.41,2.09
2169.939,2026-04-30T16:41:46.044619,2.41,2.1
2170.187,2026-04-30T16:41:46.292401,2.41,2.1
2170.467,2026-04-30T16:41:46.572443,2.41,2.09
2170.715,2026-04-30T16:41:46.820514,2.39,2.1
2170.967,2026-04-30T16:41:47.072424,2.4,2.1
2171.215,2026-04-30T16:41:47.320497,2.4,2.1
2171.455,2026-04-30T16:41:47.560349,2.41,2.1
2171.711,2026-04-30T16:41:47.816234,2.4,2.09
2171.967,2026-04-30T16:41:48.072485,2.41,2.1
2172.219,2026-04-30T16:41:48.324518,2.4,2.1
2172.467,2026-04-30T16:41:48.572519,2.41,2.1
2172.727,2026-04-30T16:41:48.832528,2.39,2.09
2172.979,2026-04-30T16:41:49.084641,2.41,2.1
2173.247,2026-04-30T16:41:49.352281,2.41,2.1
2173.492,2026-04-30T16:41:49.596911,2.4,2.09
2173.743,2026-04-30T16:41:49.848240,2.39,2.1
2174.007,2026-04-30T16:41:50.112468,2.41,2.1
2174.259,2026-04-30T16:41:50.364471,2.41,2.09
2174.496,2026-04-30T16:41:50.601671,2.39,2.1
2174.751,2026-04-30T16:41:50.856634,2.42,2.1
2174.999,2026-04-30T16:41:51.104281,2.39,2.1
2175.259,2026-04-30T16:41:51.364515,2.4,2.09
2175.511,2026-04-30T16:41:51.616565,2.4,2.09
2175.763,2026-04-30T16:41:51.868631,2.41,2.1
2176.019,2026-04-30T16:41:52.124320,2.42,2.1
2176.295,2026-04-30T16:41:52.400531,2.41,2.09
2176.539,2026-04-30T16:41:52.644535,2.39,2.1
2176.795,2026-04-30T16:41:52.900547,2.4,2.1
2177.059,2026-04-30T16:41:53.164452,2.41,2.1
2177.295,2026-04-30T16:41:53.400442,2.4,2.09
2177.547,2026-04-30T16:41:53.652339,2.42,2.1
2177.799,2026-04-30T16:41:53.904445,2.4,2.1
2178.047,2026-04-30T16:41:54.152355,2.4,2.1
2178.307,2026-04-30T16:41:54.412391,2.41,2.1
2178.563,2026-04-30T16:41:54.668467,2.41,2.1
2178.811,2026-04-30T16:41:54.916431,2.4,2.1
2179.083,2026-04-30T16:41:55.188487,2.41,2.1
2179.335,2026-04-30T16:41:55.440422,2.39,2.1
2179.579,2026-04-30T16:41:55.684703,2.41,2.1
2179.835,2026-04-30T16:41:55.940362,2.41,2.1
2180.083,2026-04-30T16:41:56.188233,2.41,2.1
2180.335,2026-04-30T16:41:56.440511,2.42,2.1
2180.591,2026-04-30T16:41:56.696441,2.41,2.09
2180.839,2026-04-30T16:41:56.944495,2.41,2.1
2181.091,2026-04-30T16:41:57.196503,2.42,2.1
2181.347,2026-04-30T16:41:57.452445,2.41,2.1
2181.603,2026-04-30T16:41:57.708560,2.4,2.1
2181.851,2026-04-30T16:41:57.956493,2.42,2.1
2182.123,2026-04-30T16:41:58.228212,2.4,2.09
2182.375,2026-04-30T16:41:58.480549,2.4,2.1
2182.631,2026-04-30T16:41:58.736405,2.42,2.1
2182.871,2026-04-30T16:41:58.976433,2.41,2.1
2183.119,2026-04-30T16:41:59.224437,2.41,2.1
2183.371,2026-04-30T16:41:59.476431,2.41,2.1
2183.623,2026-04-30T16:41:59.728416,2.39,2.1
2183.875,2026-04-30T16:41:59.980587,2.41,2.1
2184.123,2026-04-30T16:42:00.228412,2.4,2.1
2184.375,2026-04-30T16:42:00.480470,2.43,2.1
2184.631,2026-04-30T16:42:00.736432,2.41,2.1
2184.899,2026-04-30T16:42:01.004386,2.41,2.1
2185.159,2026-04-30T16:42:01.264421,2.42,2.1
2185.407,2026-04-30T16:42:01.512381,2.41,2.1
2185.663,2026-04-30T16:42:01.768597,2.4,2.1
2185.903,2026-04-30T16:42:02.008601,2.42,2.1
2186.155,2026-04-30T16:42:02.260432,2.41,2.1
2186.407,2026-04-30T16:42:02.512231,2.4,2.1
2186.663,2026-04-30T16:42:02.768508,2.42,2.1
2186.915,2026-04-30T16:42:03.020515,2.4,2.1
2187.171,2026-04-30T16:42:03.276485,2.4,2.1
2187.419,2026-04-30T16:42:03.524430,2.42,2.1
2187.679,2026-04-30T16:42:03.784688,2.41,2.1
2187.951,2026-04-30T16:42:04.056540,2.41,2.1
2188.215,2026-04-30T16:42:04.320446,2.4,2.1
2188.459,2026-04-30T16:42:04.564291,2.42,2.1
2188.695,2026-04-30T16:42:04.800451,2.41,2.11
2188.967,2026-04-30T16:42:05.072434,2.42,2.11
2189.199,2026-04-30T16:42:05.304407,2.41,2.1
2189.451,2026-04-30T16:42:05.556534,2.42,2.1
2189.703,2026-04-30T16:42:05.808524,2.42,2.09
2189.959,2026-04-30T16:42:06.064461,2.4,2.1
2190.215,2026-04-30T16:42:06.320534,2.42,2.1
2190.467,2026-04-30T16:42:06.572175,2.41,2.1
2190.727,2026-04-30T16:42:06.832598,2.39,2.1
2190.995,2026-04-30T16:42:07.100330,2.41,2.1
2191.247,2026-04-30T16:42:07.352406,2.42,2.1
2191.503,2026-04-30T16:42:07.608683,2.43,2.1
2191.759,2026-04-30T16:42:07.864527,2.41,2.1
2191.999,2026-04-30T16:42:08.104373,2.41,2.1
2192.251,2026-04-30T16:42:08.356541,2.42,2.1
2192.503,2026-04-30T16:42:08.608548,2.4,2.1
2192.759,2026-04-30T16:42:08.864308,2.41,2.1
2193.015,2026-04-30T16:42:09.120495,2.4,2.1
2193.267,2026-04-30T16:42:09.372340,2.42,2.1
2193.523,2026-04-30T16:42:09.628255,2.43,2.09
2193.771,2026-04-30T16:42:09.876406,2.41,2.1
2194.023,2026-04-30T16:42:10.128398,2.41,2.1
2194.271,2026-04-30T16:42:10.376438,2.42,2.1
2194.531,2026-04-30T16:42:10.636401,2.39,2.09
2194.783,2026-04-30T16:42:10.888314,2.41,2.09
2195.039,2026-04-30T16:42:11.144413,2.41,2.1
2195.295,2026-04-30T16:42:11.400399,2.4,2.1
2195.551,2026-04-30T16:42:11.656426,2.41,2.09
2195.803,2026-04-30T16:42:11.908617,2.41,2.1
2196.055,2026-04-30T16:42:12.160340,2.43,2.09
2196.311,2026-04-30T16:42:12.416397,2.41,2.1
2196.567,2026-04-30T16:42:12.672412,2.4,2.1
2196.831,2026-04-30T16:42:12.936707,2.42,2.1
2197.083,2026-04-30T16:42:13.188356,2.4,2.09
2197.339,2026-04-30T16:42:13.444502,2.42,2.1
2197.599,2026-04-30T16:42:13.704412,2.41,2.1
2197.839,2026-04-30T16:42:13.944502,2.4,2.1
2198.091,2026-04-30T16:42:14.196510,2.41,2.1
2198.351,2026-04-30T16:42:14.456471,2.43,2.1
2198.607,2026-04-30T16:42:14.712369,2.4,2.09
2198.855,2026-04-30T16:42:14.960172,2.42,2.1
2199.107,2026-04-30T16:42:15.212356,2.41,2.1
2199.359,2026-04-30T16:42:15.464356,2.41,2.1
2199.611,2026-04-30T16:42:15.716379,2.41,2.1
2199.879,2026-04-30T16:42:15.984777,2.43,2.1
2200.131,2026-04-30T16:42:16.236409,2.42,2.09
2200.387,2026-04-30T16:42:16.492453,2.41,2.1
2200.639,2026-04-30T16:42:16.744572,2.42,2.1
2200.895,2026-04-30T16:42:17.000302,2.41,2.1
2201.147,2026-04-30T16:42:17.252306,2.42,2.1
2201.399,2026-04-30T16:42:17.504456,2.43,2.1
2201.651,2026-04-30T16:42:17.756424,2.42,2.1
2201.903,2026-04-30T16:42:18.008497,2.42,2.1
2202.155,2026-04-30T16:42:18.260412,2.42,2.1
2202.411,2026-04-30T16:42:18.516363,2.42,2.1
2202.667,2026-04-30T16:42:18.772413,2.42,2.1
2202.935,2026-04-30T16:42:19.040380,2.43,2.1
2203.191,2026-04-30T16:42:19.296423,2.41,2.1
2203.435,2026-04-30T16:42:19.540236,2.43,2.11
2203.683,2026-04-30T16:42:19.788413,2.43,2.11
2203.935,2026-04-30T16:42:20.040385,2.42,2.1
2204.187,2026-04-30T16:42:20.292401,2.41,2.1
2204.443,2026-04-30T16:42:20.548297,2.42,2.1
2204.687,2026-04-30T16:42:20.792379,2.42,2.1
2204.943,2026-04-30T16:42:21.048320,2.41,2.1
2205.195,2026-04-30T16:42:21.300233,2.41,2.1
2205.467,2026-04-30T16:42:21.572303,2.41,2.1
2205.731,2026-04-30T16:42:21.836393,2.41,2.1
2205.959,2026-04-30T16:42:22.064452,2.42,2.1
2206.223,2026-04-30T16:42:22.328361,2.42,2.1
2206.463,2026-04-30T16:42:22.568506,2.43,2.1
2206.715,2026-04-30T16:42:22.820456,2.44,2.11
2206.967,2026-04-30T16:42:23.072417,2.43,2.1
2207.219,2026-04-30T16:42:23.324229,2.41,2.1
2207.471,2026-04-30T16:42:23.576289,2.43,2.1
2207.731,2026-04-30T16:42:23.836330,2.41,2.1
2207.983,2026-04-30T16:42:24.088362,2.42,2.1
2208.239,2026-04-30T16:42:24.344437,2.4,2.1
2208.535,2026-04-30T16:42:24.640361,2.43,2.11
2208.759,2026-04-30T16:42:24.864451,2.43,2.11
2208.995,2026-04-30T16:42:25.100363,2.42,2.1
2209.247,2026-04-30T16:42:25.352350,2.41,2.1
2209.499,2026-04-30T16:42:25.604594,2.41,2.09
2209.751,2026-04-30T16:42:25.856522,2.43,2.1
2210.007,2026-04-30T16:42:26.112375,2.42,2.1
2210.263,2026-04-30T16:42:26.368414,2.44,2.1
2210.519,2026-04-30T16:42:26.624410,2.43,2.09
2210.771,2026-04-30T16:42:26.876273,2.42,2.09
2211.023,2026-04-30T16:42:27.128311,2.42,2.09
2211.279,2026-04-30T16:42:27.384584,2.41,2.1
2211.547,2026-04-30T16:42:27.652234,2.42,2.1
2211.803,2026-04-30T16:42:27.908535,2.44,2.1
2212.043,2026-04-30T16:42:28.148309,2.43,2.1
2212.291,2026-04-30T16:42:28.396515,2.42,2.1
2212.547,2026-04-30T16:42:28.652387,2.43,2.1
2212.795,2026-04-30T16:42:28.900382,2.44,2.1
2213.051,2026-04-30T16:42:29.156481,2.43,2.09
2213.307,2026-04-30T16:42:29.412319,2.41,2.09
2213.559,2026-04-30T16:42:29.664284,2.41,2.09
2213.815,2026-04-30T16:42:29.920434,2.41,2.1
2214.067,2026-04-30T16:42:30.172350,2.44,2.09
2214.335,2026-04-30T16:42:30.440328,2.43,2.1
2214.603,2026-04-30T16:42:30.708473,2.43,2.1
2214.843,2026-04-30T16:42:30.948340,2.41,2.1
2215.095,2026-04-30T16:42:31.200397,2.42,2.1
2215.347,2026-04-30T16:42:31.452326,2.43,2.1
2215.603,2026-04-30T16:42:31.708244,2.42,2.1
2215.843,2026-04-30T16:42:31.948374,2.42,2.09
2216.107,2026-04-30T16:42:32.212317,2.44,2.1
2216.355,2026-04-30T16:42:32.460283,2.43,2.1
2216.599,2026-04-30T16:42:32.704426,2.42,2.09
2216.859,2026-04-30T16:42:32.964342,2.43,2.1
2217.115,2026-04-30T16:42:33.220552,2.43,2.1
2217.387,2026-04-30T16:42:33.492375,2.42,2.1
2217.643,2026-04-30T16:42:33.748280,2.43,2.09
2217.907,2026-04-30T16:42:34.012354,2.42,2.09
2218.123,2026-04-30T16:42:34.228406,2.42,2.09
2218.387,2026-04-30T16:42:34.492217,2.43,2.1
2218.635,2026-04-30T16:42:34.740345,2.42,2.09
2218.887,2026-04-30T16:42:34.992307,2.43,2.1
2219.143,2026-04-30T16:42:35.248421,2.43,2.09
2219.395,2026-04-30T16:42:35.500388,2.42,2.09
2219.659,2026-04-30T16:42:35.764346,2.41,2.09
2219.907,2026-04-30T16:42:36.012270,2.41,2.09
2220.179,2026-04-30T16:42:36.284612,2.42,2.1
2220.419,2026-04-30T16:42:36.524406,2.42,2.1
2220.699,2026-04-30T16:42:36.804410,2.42,2.09
2220.915,2026-04-30T16:42:37.020500,2.41,2.08
2221.167,2026-04-30T16:42:37.272373,2.42,2.09
2221.423,2026-04-30T16:42:37.528446,2.42,2.09
2221.683,2026-04-30T16:42:37.788413,2.42,2.09
2221.935,2026-04-30T16:42:38.040219,2.43,2.1
2222.191,2026-04-30T16:42:38.296557,2.41,2.09
2222.443,2026-04-30T16:42:38.548361,2.43,2.1
2222.695,2026-04-30T16:42:38.800349,2.42,2.09
2222.951,2026-04-30T16:42:39.056440,2.42,2.08
2223.203,2026-04-30T16:42:39.308529,2.42,2.08
2223.467,2026-04-30T16:42:39.572320,2.42,2.09
2223.719,2026-04-30T16:42:39.824463,2.41,2.1
2223.975,2026-04-30T16:42:40.080303,2.42,2.09
2224.231,2026-04-30T16:42:40.336460,2.42,2.09
2224.471,2026-04-30T16:42:40.576601,2.42,2.1
2224.723,2026-04-30T16:42:40.828427,2.43,2.09
2224.979,2026-04-30T16:42:41.084642,2.43,2.09
2225.231,2026-04-30T16:42:41.336321,2.42,2.1
2225.483,2026-04-30T16:42:41.588304,2.42,2.09
2225.731,2026-04-30T16:42:41.836316,2.43,2.09
2226.003,2026-04-30T16:42:42.108495,2.43,2.09
2226.243,2026-04-30T16:42:42.348393,2.41,2.1
2226.495,2026-04-30T16:42:42.600640,2.41,2.1
2226.751,2026-04-30T16:42:42.856388,2.42,2.09
2227.007,2026-04-30T16:42:43.112486,2.41,2.09
2227.263,2026-04-30T16:42:43.368494,2.42,2.09
2227.531,2026-04-30T16:42:43.636375,2.44,2.1
2227.755,2026-04-30T16:42:43.860378,2.43,2.1
2228.003,2026-04-30T16:42:44.108370,2.42,2.1
2228.251,2026-04-30T16:42:44.356356,2.44,2.09
2228.519,2026-04-30T16:42:44.624413,2.43,2.1
2228.771,2026-04-30T16:42:44.876448,2.42,2.09
2229.039,2026-04-30T16:42:45.144449,2.41,2.09
2229.299,2026-04-30T16:42:45.404358,2.43,2.1
2229.539,2026-04-30T16:42:45.644477,2.42,2.1
2229.795,2026-04-30T16:42:45.900438,2.41,2.1
2230.055,2026-04-30T16:42:46.160344,2.42,2.09
2230.311,2026-04-30T16:42:46.416117,2.43,2.1
2230.551,2026-04-30T16:42:46.656482,2.42,2.1
2230.803,2026-04-30T16:42:46.908511,2.42,2.09
2231.055,2026-04-30T16:42:47.160328,2.44,2.1
2231.303,2026-04-30T16:42:47.408419,2.44,2.1
2231.559,2026-04-30T16:42:47.664331,2.42,2.1
2231.811,2026-04-30T16:42:47.916330,2.43,2.1
2232.079,2026-04-30T16:42:48.184640,2.43,2.1
2232.331,2026-04-30T16:42:48.436094,2.42,2.1
2232.591,2026-04-30T16:42:48.696502,2.43,2.1
2232.843,2026-04-30T16:42:48.948422,2.42,2.09
2233.075,2026-04-30T16:42:49.180472,2.42,2.1
2233.335,2026-04-30T16:42:49.440407,2.42,2.09
2233.591,2026-04-30T16:42:49.696555,2.44,2.1
2233.847,2026-04-30T16:42:49.952412,2.43,2.1
2234.091,2026-04-30T16:42:50.196457,2.43,2.09
2234.335,2026-04-30T16:42:50.440330,2.41,2.09
2234.595,2026-04-30T16:42:50.700190,2.43,2.1
2234.867,2026-04-30T16:42:50.972317,2.41,2.09
2235.123,2026-04-30T16:42:51.228380,2.44,2.1
2235.363,2026-04-30T16:42:51.468465,2.41,2.1
2235.619,2026-04-30T16:42:51.724397,2.41,2.09
2235.875,2026-04-30T16:42:51.980553,2.44,2.1
2236.115,2026-04-30T16:42:52.220425,2.43,2.1
2236.375,2026-04-30T16:42:52.480555,2.44,2.1
2236.635,2026-04-30T16:42:52.740112,2.43,2.1
2236.879,2026-04-30T16:42:52.984557,2.43,2.1
2237.127,2026-04-30T16:42:53.232505,2.43,2.1
2237.379,2026-04-30T16:42:53.484584,2.44,2.1
2237.631,2026-04-30T16:42:53.736206,2.44,2.09
2237.899,2026-04-30T16:42:54.004399,2.43,2.1
2238.151,2026-04-30T16:42:54.256504,2.42,2.1
2238.407,2026-04-30T16:42:54.512404,2.42,2.09
2238.635,2026-04-30T16:42:54.740127,2.41,2.09
2238.903,2026-04-30T16:42:55.008512,2.42,2.09
2239.155,2026-04-30T16:42:55.260309,2.42,2.09
2239.407,2026-04-30T16:42:55.512391,2.42,2.09
2239.659,2026-04-30T16:42:55.764363,2.42,2.1
2239.911,2026-04-30T16:42:56.016312,2.43,2.09
2240.167,2026-04-30T16:42:56.272345,2.43,2.09
2240.415,2026-04-30T16:42:56.520456,2.42,2.09
2240.671,2026-04-30T16:42:56.776184,2.43,2.1
2240.943,2026-04-30T16:42:57.048386,2.43,2.1
2241.191,2026-04-30T16:42:57.296475,2.43,2.1
2241.447,2026-04-30T16:42:57.552413,2.44,2.1
2241.675,2026-04-30T16:42:57.780472,2.42,2.1
2241.939,2026-04-30T16:42:58.044508,2.44,2.1
2242.191,2026-04-30T16:42:58.296497,2.43,2.1
2242.447,2026-04-30T16:42:58.552337,2.42,2.09
2242.695,2026-04-30T16:42:58.800425,2.43,2.1
2242.951,2026-04-30T16:42:59.056302,2.42,2.1
2243.207,2026-04-30T16:42:59.312355,2.42,2.09
2243.459,2026-04-30T16:42:59.564279,2.42,2.09
2243.715,2026-04-30T16:42:59.820451,2.43,2.1
2243.967,2026-04-30T16:43:00.072349,2.43,2.1
2244.223,2026-04-30T16:43:00.328378,2.43,2.1
2244.487,2026-04-30T16:43:00.592254,2.44,2.1
2244.739,2026-04-30T16:43:00.844538,2.43,2.09
2244.995,2026-04-30T16:43:01.100263,2.43,2.09
2245.247,2026-04-30T16:43:01.352291,2.43,2.1
2245.483,2026-04-30T16:43:01.588471,2.43,2.1
2245.731,2026-04-30T16:43:01.836292,2.41,2.1
2245.991,2026-04-30T16:43:02.096500,2.43,2.1
2246.247,2026-04-30T16:43:02.352289,2.42,2.1
2246.499,2026-04-30T16:43:02.604351,2.41,2.1
2246.755,2026-04-30T16:43:02.860366,2.41,2.1
2247.003,2026-04-30T16:43:03.108251,2.41,2.1
2247.287,2026-04-30T16:43:03.392434,2.41,2.1
2247.539,2026-04-30T16:43:03.644547,2.43,2.1
2247.767,2026-04-30T16:43:03.872301,2.42,2.1
2248.015,2026-04-30T16:43:04.120526,2.42,2.1
2248.267,2026-04-30T16:43:04.372312,2.42,2.1
2248.527,2026-04-30T16:43:04.632632,2.43,2.1
2248.775,2026-04-30T16:43:04.880365,2.43,2.09
2249.027,2026-04-30T16:43:05.132394,2.43,2.11
2249.287,2026-04-30T16:43:05.392141,2.42,2.1
2249.543,2026-04-30T16:43:05.648365,2.43,2.1
2249.795,2026-04-30T16:43:05.900747,2.43,2.1
2250.044,2026-04-30T16:43:06.149522,2.43,2.1
2250.301,2026-04-30T16:43:06.406165,2.41,2.1
2250.558,2026-04-30T16:43:06.663151,2.42,2.1
2250.815,2026-04-30T16:43:06.919874,2.41,2.1
2251.071,2026-04-30T16:43:07.176663,2.42,2.1
2251.328,2026-04-30T16:43:07.433276,2.42,2.09
2251.581,2026-04-30T16:43:07.686159,2.42,2.1
2251.817,2026-04-30T16:43:07.922723,2.43,2.1
2252.082,2026-04-30T16:43:08.187531,2.44,2.1
2252.331,2026-04-30T16:43:08.436163,2.44,2.1
2252.584,2026-04-30T16:43:08.688906,2.43,2.1
2252.852,2026-04-30T16:43:08.957524,2.43,2.09
2253.109,2026-04-30T16:43:09.214191,2.42,2.09
2253.353,2026-04-30T16:43:09.458747,2.43,2.09
2253.614,2026-04-30T16:43:09.719589,2.43,2.09
2253.867,2026-04-30T16:43:09.972068,2.43,2.1
2254.119,2026-04-30T16:43:10.224723,2.42,2.09
2254.372,2026-04-30T16:43:10.477328,2.43,2.09
2254.629,2026-04-30T16:43:10.734029,2.43,2.1
2254.869,2026-04-30T16:43:10.974362,2.43,2.1
2255.126,2026-04-30T16:43:11.231005,2.43,2.09
2255.370,2026-04-30T16:43:11.475346,2.43,2.09
2255.627,2026-04-30T16:43:11.732010,2.44,2.1
2255.891,2026-04-30T16:43:11.996824,2.41,2.1
2256.148,2026-04-30T16:43:12.253261,2.42,2.09
2256.388,2026-04-30T16:43:12.493809,2.44,2.09
2256.649,2026-04-30T16:43:12.754284,2.41,2.1
2256.906,2026-04-30T16:43:13.010872,2.43,2.09
2257.162,2026-04-30T16:43:13.267373,2.43,2.09
2257.402,2026-04-30T16:43:13.507759,2.44,2.1
2257.663,2026-04-30T16:43:13.768320,2.43,2.09
2257.903,2026-04-30T16:43:14.008822,2.42,2.09
2258.156,2026-04-30T16:43:14.261191,2.43,2.09
2258.416,2026-04-30T16:43:14.521698,2.43,2.09
2258.665,2026-04-30T16:43:14.770158,2.41,2.09
2258.933,2026-04-30T16:43:15.038687,2.42,2.09
2259.190,2026-04-30T16:43:15.295065,2.42,2.1
2259.450,2026-04-30T16:43:15.555742,2.42,2.09
2259.678,2026-04-30T16:43:15.783754,2.41,2.09
2259.939,2026-04-30T16:43:16.044472,2.43,2.1
2260.191,2026-04-30T16:43:16.296718,2.42,2.09
2260.456,2026-04-30T16:43:16.561187,2.43,2.09
2260.708,2026-04-30T16:43:16.813627,2.43,2.1
2260.957,2026-04-30T16:43:17.061952,2.42,2.1
2261.209,2026-04-30T16:43:17.314395,2.43,2.1
2261.461,2026-04-30T16:43:17.566679,2.42,2.1
2261.718,2026-04-30T16:43:17.823264,2.44,2.1
2261.982,2026-04-30T16:43:18.087474,2.43,2.1
2262.239,2026-04-30T16:43:18.344162,2.43,2.1
2262.495,2026-04-30T16:43:18.600294,2.42,2.1
2262.755,2026-04-30T16:43:18.860713,2.42,2.09
2262.996,2026-04-30T16:43:19.100963,2.42,2.1
2263.252,2026-04-30T16:43:19.357443,2.42,2.1
2263.504,2026-04-30T16:43:19.609700,2.41,2.09
2263.752,2026-04-30T16:43:19.857727,2.43,2.1
2264.009,2026-04-30T16:43:20.114444,2.43,2.1
2264.253,2026-04-30T16:43:20.358588,2.42,2.1
2264.514,2026-04-30T16:43:20.618875,2.43,2.09
2264.782,2026-04-30T16:43:20.887370,2.43,2.1
2265.022,2026-04-30T16:43:21.127731,2.43,2.09
2265.279,2026-04-30T16:43:21.383838,2.42,2.09
2265.535,2026-04-30T16:43:21.640460,2.43,2.09
2265.791,2026-04-30T16:43:21.896361,2.42,2.09
2266.031,2026-04-30T16:43:22.136687,2.44,2.1
2266.288,2026-04-30T16:43:22.393081,2.42,2.09
2266.544,2026-04-30T16:43:22.649252,2.44,2.1
2266.788,2026-04-30T16:43:22.893493,2.42,2.09
2267.044,2026-04-30T16:43:23.149593,2.42,2.09
2267.297,2026-04-30T16:43:23.402152,2.44,2.1
2267.573,2026-04-30T16:43:23.678510,2.43,2.1
2267.814,2026-04-30T16:43:23.918868,2.42,2.1
2268.062,2026-04-30T16:43:24.166977,2.43,2.1
2268.318,2026-04-30T16:43:24.423142,2.43,2.09
2268.574,2026-04-30T16:43:24.679548,2.45,2.1
2268.826,2026-04-30T16:43:24.931781,2.43,2.1
2269.079,2026-04-30T16:43:25.183946,2.43,2.1
2269.335,2026-04-30T16:43:25.440745,2.43,2.1
2269.587,2026-04-30T16:43:25.692188,2.42,2.09
2269.835,2026-04-30T16:43:25.940431,2.41,2.09
2270.087,2026-04-30T16:43:26.192574,2.42,2.09
2270.340,2026-04-30T16:43:26.445075,2.42,2.1
2270.596,2026-04-30T16:43:26.701108,2.42,2.09
2270.860,2026-04-30T16:43:26.965491,2.44,2.1
2271.112,2026-04-30T16:43:27.217719,2.42,2.09
2271.365,2026-04-30T16:43:27.469914,2.43,2.1
2271.617,2026-04-30T16:43:27.722165,2.43,2.1
2271.873,2026-04-30T16:43:27.978147,2.42,2.1
2272.121,2026-04-30T16:43:28.226334,2.42,2.1
2272.385,2026-04-30T16:43:28.490415,2.42,2.09
2272.633,2026-04-30T16:43:28.738526,2.42,2.09
2272.881,2026-04-30T16:43:28.986712,2.43,2.1
2273.130,2026-04-30T16:43:29.235033,2.42,2.1
2273.386,2026-04-30T16:43:29.491063,2.43,2.1
2273.654,2026-04-30T16:43:29.759388,2.44,2.1
2273.910,2026-04-30T16:43:30.015428,2.42,2.09
2274.138,2026-04-30T16:43:30.243753,2.44,2.1
2274.403,2026-04-30T16:43:30.507873,2.43,2.1
2274.663,2026-04-30T16:43:30.767957,2.43,2.1
2274.915,2026-04-30T16:43:31.020336,2.43,2.1
2275.171,2026-04-30T16:43:31.276319,2.42,2.1
2275.431,2026-04-30T16:43:31.536522,2.43,2.1
2275.671,2026-04-30T16:43:31.776556,2.42,2.09
2275.920,2026-04-30T16:43:32.024976,2.43,2.09
2276.176,2026-04-30T16:43:32.280898,2.44,2.09
2276.444,2026-04-30T16:43:32.549197,2.43,2.09
2276.700,2026-04-30T16:43:32.805254,2.41,2.09
2276.940,2026-04-30T16:43:33.045341,2.42,2.09
2277.188,2026-04-30T16:43:33.293472,2.44,2.09
2277.444,2026-04-30T16:43:33.549721,2.45,2.1
2277.697,2026-04-30T16:43:33.802133,2.42,2.1
2277.957,2026-04-30T16:43:34.062072,2.42,2.09
2278.213,2026-04-30T16:43:34.317962,2.42,2.09
2278.465,2026-04-30T16:43:34.570151,2.44,2.1
2278.701,2026-04-30T16:43:34.806390,2.43,2.1
2278.961,2026-04-30T16:43:35.066594,2.43,2.09
2279.213,2026-04-30T16:43:35.318503,2.43,2.09
2279.482,2026-04-30T16:43:35.586931,2.42,2.09
2279.738,2026-04-30T16:43:35.842995,2.43,2.1
2279.970,2026-04-30T16:43:36.075423,2.43,2.09
2280.226,2026-04-30T16:43:36.331167,2.44,2.09
2280.482,2026-04-30T16:43:36.587416,2.43,2.09
2280.734,2026-04-30T16:43:36.839594,2.44,2.09
2280.990,2026-04-30T16:43:37.095564,2.42,2.09
2281.242,2026-04-30T16:43:37.347614,2.43,2.09
2281.494,2026-04-30T16:43:37.599785,2.43,2.1
2281.751,2026-04-30T16:43:37.855857,2.43,2.09
2282.007,2026-04-30T16:43:38.111901,2.44,2.1
2282.287,2026-04-30T16:43:38.392153,2.43,2.09
2282.528,2026-04-30T16:43:38.633520,2.44,2.1
2282.780,2026-04-30T16:43:38.885511,2.43,2.09
2283.039,2026-04-30T16:43:39.144333,2.43,2.1
2283.291,2026-04-30T16:43:39.396459,2.44,2.09
2283.548,2026-04-30T16:43:39.653055,2.43,2.09
2283.795,2026-04-30T16:43:39.900700,2.44,2.1
2284.051,2026-04-30T16:43:40.156626,2.43,2.09
2284.296,2026-04-30T16:43:40.400901,2.44,2.1
2284.551,2026-04-30T16:43:40.656737,2.43,2.09
2284.804,2026-04-30T16:43:40.909011,2.42,2.1
2285.084,2026-04-30T16:43:41.189295,2.42,2.1
2285.312,2026-04-30T16:43:41.417172,2.45,2.1
2285.560,2026-04-30T16:43:41.665467,2.43,2.09
2285.816,2026-04-30T16:43:41.921424,2.45,2.1
2286.072,2026-04-30T16:43:42.177752,2.44,2.09
2286.324,2026-04-30T16:43:42.429760,2.44,2.1
2286.584,2026-04-30T16:43:42.689764,2.45,2.1
2286.832,2026-04-30T16:43:42.937543,2.43,2.1
2287.088,2026-04-30T16:43:43.193733,2.44,2.1
2287.340,2026-04-30T16:43:43.445721,2.43,2.1
2287.597,2026-04-30T16:43:43.701958,2.41,2.1
2287.849,2026-04-30T16:43:43.954126,2.43,2.1
2288.117,2026-04-30T16:43:44.221989,2.44,2.1
2288.373,2026-04-30T16:43:44.478219,2.43,2.1
2288.633,2026-04-30T16:43:44.738231,2.42,2.1
2288.861,2026-04-30T16:43:44.966311,2.42,2.1
2289.125,2026-04-30T16:43:45.230532,2.44,2.1
2289.381,2026-04-30T16:43:45.486469,2.43,2.1
2289.641,2026-04-30T16:43:45.746501,2.42,2.1
2289.893,2026-04-30T16:43:45.998504,2.42,2.09
2290.129,2026-04-30T16:43:46.234533,2.43,2.1
2290.386,2026-04-30T16:43:46.490903,2.41,2.09
2290.649,2026-04-30T16:43:46.754678,2.43,2.1
2290.898,2026-04-30T16:43:47.002865,2.42,2.1
2291.153,2026-04-30T16:43:47.258787,2.42,2.1
2291.410,2026-04-30T16:43:47.515027,2.43,2.09
2291.674,2026-04-30T16:43:47.779212,2.42,2.1
2291.926,2026-04-30T16:43:48.031169,2.41,2.1
2292.182,2026-04-30T16:43:48.286997,2.42,2.09
2292.430,2026-04-30T16:43:48.535158,2.44,2.1
2292.686,2026-04-30T16:43:48.791319,2.44,2.1
2292.926,2026-04-30T16:43:49.031181,2.44,2.1
2293.186,2026-04-30T16:43:49.291374,2.42,2.09
2293.438,2026-04-30T16:43:49.543482,2.43,2.1
2293.710,2026-04-30T16:43:49.815530,2.41,2.1
2293.958,2026-04-30T16:43:50.063487,2.43,2.1
2294.214,2026-04-30T16:43:50.319448,2.44,2.1
2294.454,2026-04-30T16:43:50.559558,2.42,2.1
2294.702,2026-04-30T16:43:50.807477,2.44,2.1
2294.962,2026-04-30T16:43:51.067712,2.43,2.1
2295.210,2026-04-30T16:43:51.315770,2.43,2.1
2295.466,2026-04-30T16:43:51.571687,2.44,2.1
2295.718,2026-04-30T16:43:51.823738,2.44,2.1
2295.967,2026-04-30T16:43:52.071917,2.43,2.1
2296.227,2026-04-30T16:43:52.332089,2.42,2.1
2296.511,2026-04-30T16:43:52.616050,2.44,2.1
2296.739,2026-04-30T16:43:52.844075,2.44,2.1
2297.035,2026-04-30T16:43:53.140023,2.44,2.1
2297.255,2026-04-30T16:43:53.359991,2.44,2.1
2297.495,2026-04-30T16:43:53.600007,2.44,2.09
2297.747,2026-04-30T16:43:53.852119,2.43,2.1
2298.007,2026-04-30T16:43:54.112226,2.44,2.1
2298.259,2026-04-30T16:43:54.364249,2.43,2.09
2298.511,2026-04-30T16:43:54.616372,2.44,2.1
2298.767,2026-04-30T16:43:54.872314,2.42,2.09
2299.015,2026-04-30T16:43:55.120267,2.43,2.1
2299.271,2026-04-30T16:43:55.376285,2.43,2.1
2299.543,2026-04-30T16:43:55.648523,2.44,2.1
2299.805,2026-04-30T16:43:55.910806,2.44,2.1
2300.067,2026-04-30T16:43:56.172289,2.44,2.1
2300.319,2026-04-30T16:43:56.424468,2.43,2.1
2300.539,2026-04-30T16:43:56.644694,2.43,2.1
2300.799,2026-04-30T16:43:56.904566,2.44,2.1
2301.047,2026-04-30T16:43:57.152528,2.43,2.1
2301.299,2026-04-30T16:43:57.404512,2.44,2.1
2301.556,2026-04-30T16:43:57.660849,2.44,2.1
2301.815,2026-04-30T16:43:57.920683,2.42,2.09
2302.067,2026-04-30T16:43:58.172677,2.43,2.1
2302.324,2026-04-30T16:43:58.428857,2.42,2.1
2302.600,2026-04-30T16:43:58.704913,2.45,2.1
2302.852,2026-04-30T16:43:58.956887,2.43,2.1
2303.111,2026-04-30T16:43:59.216765,2.43,2.1
2303.331,2026-04-30T16:43:59.436740,2.43,2.1
2303.588,2026-04-30T16:43:59.692996,2.45,2.1
2303.848,2026-04-30T16:43:59.952873,2.44,2.1
2304.104,2026-04-30T16:44:00.208928,2.44,2.09
2304.344,2026-04-30T16:44:00.448992,2.45,2.1
2304.596,2026-04-30T16:44:00.700928,2.43,2.09
2304.852,2026-04-30T16:44:00.957112,2.44,2.09
2305.104,2026-04-30T16:44:01.208892,2.43,2.09
2305.359,2026-04-30T16:44:01.464825,2.44,2.1
2305.624,2026-04-30T16:44:01.729060,2.45,2.1
2305.880,2026-04-30T16:44:01.984993,2.44,2.09
2306.136,2026-04-30T16:44:02.241013,2.45,2.1
2306.376,2026-04-30T16:44:02.481242,2.43,2.1
2306.628,2026-04-30T16:44:02.733228,2.44,2.1
2306.885,2026-04-30T16:44:02.990261,2.42,2.09
2307.140,2026-04-30T16:44:03.245172,2.43,2.1
2307.388,2026-04-30T16:44:03.493191,2.45,2.1
2307.648,2026-04-30T16:44:03.752990,2.44,2.09
2307.900,2026-04-30T16:44:04.005123,2.43,2.09
2308.152,2026-04-30T16:44:04.257235,2.44,2.1
2308.420,2026-04-30T16:44:04.525241,2.43,2.09
2308.660,2026-04-30T16:44:04.765305,2.43,2.09
2308.916,2026-04-30T16:44:05.021206,2.44,2.1
2309.172,2026-04-30T16:44:05.277334,2.45,2.1
2309.424,2026-04-30T16:44:05.529456,2.43,2.1
2309.684,2026-04-30T16:44:05.789229,2.44,2.1
2309.936,2026-04-30T16:44:06.041280,2.44,2.1
2310.188,2026-04-30T16:44:06.293330,2.43,2.1
2310.444,2026-04-30T16:44:06.549295,2.44,2.1
2310.692,2026-04-30T16:44:06.797383,2.44,2.1
2310.952,2026-04-30T16:44:07.057389,2.45,2.1
2311.216,2026-04-30T16:44:07.321523,2.44,2.1
2311.468,2026-04-30T16:44:07.573588,2.44,2.1
2311.720,2026-04-30T16:44:07.825314,2.44,2.1
2311.968,2026-04-30T16:44:08.073683,2.43,2.1
2312.224,2026-04-30T16:44:08.329640,2.43,2.1
2312.477,2026-04-30T16:44:08.581920,2.43,2.11
2312.729,2026-04-30T16:44:08.833857,2.44,2.1
2312.988,2026-04-30T16:44:09.093795,2.45,2.1
2313.236,2026-04-30T16:44:09.341659,2.44,2.1
2313.488,2026-04-30T16:44:09.593664,2.43,2.1
2313.740,2026-04-30T16:44:09.845634,2.42,2.1
2313.992,2026-04-30T16:44:10.097554,2.44,2.1
2314.260,2026-04-30T16:44:10.365676,2.44,2.11
2314.516,2026-04-30T16:44:10.621806,2.44,2.1
2314.772,2026-04-30T16:44:10.877739,2.43,2.1
2315.029,2026-04-30T16:44:11.133972,2.44,2.1
2315.280,2026-04-30T16:44:11.385773,2.44,2.1
2315.536,2026-04-30T16:44:11.641676,2.43,2.1
2315.789,2026-04-30T16:44:11.893959,2.43,2.1
2316.032,2026-04-30T16:44:12.137642,2.45,2.1
2316.284,2026-04-30T16:44:12.389834,2.44,2.11
2316.536,2026-04-30T16:44:12.641792,2.43,2.1
2316.793,2026-04-30T16:44:12.897860,2.43,2.1
2317.049,2026-04-30T16:44:13.153849,2.43,2.1
2317.297,2026-04-30T16:44:13.401960,2.44,2.1
2317.553,2026-04-30T16:44:13.658644,2.44,2.1
2317.809,2026-04-30T16:44:13.914006,2.44,2.1
2318.060,2026-04-30T16:44:14.165816,2.45,2.1
2318.313,2026-04-30T16:44:14.418105,2.44,2.1
2318.566,2026-04-30T16:44:14.670861,2.44,2.1
2318.821,2026-04-30T16:44:14.925953,2.44,2.1
2319.077,2026-04-30T16:44:15.182210,2.44,2.1
2319.333,2026-04-30T16:44:15.437992,2.44,2.1
2319.605,2026-04-30T16:44:15.709965,2.44,2.1
2319.837,2026-04-30T16:44:15.942007,2.44,2.1
2320.113,2026-04-30T16:44:16.217984,2.44,2.1
2320.353,2026-04-30T16:44:16.458188,2.45,2.11
2320.613,2026-04-30T16:44:16.718152,2.43,2.1
2320.869,2026-04-30T16:44:16.974150,2.44,2.1
2321.125,2026-04-30T16:44:17.230164,2.43,2.1
2321.365,2026-04-30T16:44:17.470220,2.44,2.1
2321.617,2026-04-30T16:44:17.722120,2.45,2.1
2321.873,2026-04-30T16:44:17.978106,2.44,2.11
2322.125,2026-04-30T16:44:18.230071,2.45,2.1
2322.385,2026-04-30T16:44:18.490137,2.44,2.1
2322.653,2026-04-30T16:44:18.758132,2.45,2.1
2322.909,2026-04-30T16:44:19.014215,2.44,2.1
2323.149,2026-04-30T16:44:19.254150,2.42,2.1
2323.409,2026-04-30T16:44:19.514011,2.44,2.11
2323.661,2026-04-30T16:44:19.766164,2.46,2.1
2323.905,2026-04-30T16:44:20.010199,2.44,2.11
2324.165,2026-04-30T16:44:20.270309,2.44,2.1
2324.417,2026-04-30T16:44:20.522110,2.44,2.1
2324.677,2026-04-30T16:44:20.782390,2.43,2.11
2324.913,2026-04-30T16:44:21.018307,2.46,2.1
2325.169,2026-04-30T16:44:21.274222,2.44,2.1
2325.421,2026-04-30T16:44:21.526236,2.44,2.1
2325.685,2026-04-30T16:44:21.790329,2.43,2.11
2325.925,2026-04-30T16:44:22.030407,2.45,2.1
2326.177,2026-04-30T16:44:22.282529,2.44,2.1
2326.429,2026-04-30T16:44:22.534341,2.43,2.1
2326.689,2026-04-30T16:44:22.794405,2.44,2.1
2326.941,2026-04-30T16:44:23.046485,2.45,2.11
2327.201,2026-04-30T16:44:23.306440,2.43,2.1
2327.457,2026-04-30T16:44:23.562233,2.42,2.1
2327.701,2026-04-30T16:44:23.806352,2.44,2.1
2327.953,2026-04-30T16:44:24.058187,2.44,2.1
2328.201,2026-04-30T16:44:24.306448,2.44,2.1
2328.453,2026-04-30T16:44:24.558204,2.42,2.1
2328.717,2026-04-30T16:44:24.822371,2.45,2.1
2328.969,2026-04-30T16:44:25.074410,2.45,2.1
2329.231,2026-04-30T16:44:25.335862,2.44,2.1
2329.485,2026-04-30T16:44:25.590347,2.45,2.1
2329.725,2026-04-30T16:44:25.830531,2.45,2.09
2329.973,2026-04-30T16:44:26.078416,2.43,2.1
2330.229,2026-04-30T16:44:26.334612,2.45,2.1
2330.485,2026-04-30T16:44:26.590299,2.44,2.1
2330.737,2026-04-30T16:44:26.842333,2.45,2.1
2330.993,2026-04-30T16:44:27.098328,2.43,2.1
2331.245,2026-04-30T16:44:27.350407,2.45,2.1
2331.505,2026-04-30T16:44:27.610420,2.46,2.1
2331.769,2026-04-30T16:44:27.874448,2.44,2.1
2332.025,2026-04-30T16:44:28.130599,2.44,2.1
2332.265,2026-04-30T16:44:28.370615,2.44,2.1
2332.525,2026-04-30T16:44:28.630579,2.44,2.1
2332.785,2026-04-30T16:44:28.890329,2.45,2.1
2333.013,2026-04-30T16:44:29.118579,2.43,2.1
2333.293,2026-04-30T16:44:29.398482,2.43,2.1
2333.521,2026-04-30T16:44:29.626499,2.43,2.1
2333.777,2026-04-30T16:44:29.882683,2.45,2.1
2334.033,2026-04-30T16:44:30.138497,2.45,2.1
2334.309,2026-04-30T16:44:30.414562,2.45,2.1
2334.573,2026-04-30T16:44:30.678687,2.44,2.1
2334.817,2026-04-30T16:44:30.922456,2.45,2.1
2335.065,2026-04-30T16:44:31.170664,2.45,2.1
2335.301,2026-04-30T16:44:31.406646,2.45,2.1
2335.562,2026-04-30T16:44:31.667677,2.44,2.1
2335.801,2026-04-30T16:44:31.906661,2.44,2.1
2336.057,2026-04-30T16:44:32.162534,2.45,2.1
2336.317,2026-04-30T16:44:32.422581,2.44,2.1
2336.573,2026-04-30T16:44:32.678579,2.45,2.1
2336.817,2026-04-30T16:44:32.922443,2.44,2.1
2337.078,2026-04-30T16:44:33.182865,2.45,2.1
2337.361,2026-04-30T16:44:33.466549,2.45,2.1
2337.609,2026-04-30T16:44:33.714616,2.44,2.1
2337.841,2026-04-30T16:44:33.946735,2.43,2.1
2338.121,2026-04-30T16:44:34.226495,2.43,2.09
2338.353,2026-04-30T16:44:34.458674,2.45,2.09
2338.609,2026-04-30T16:44:34.714666,2.45,2.09
2338.865,2026-04-30T16:44:34.970622,2.44,2.09
2339.117,2026-04-30T16:44:35.222588,2.45,2.09
2339.369,2026-04-30T16:44:35.474616,2.45,2.09
2339.621,2026-04-30T16:44:35.726528,2.44,2.09
2339.873,2026-04-30T16:44:35.978603,2.45,2.09
2340.125,2026-04-30T16:44:36.230695,2.45,2.09
2340.393,2026-04-30T16:44:36.498698,2.44,2.09
2340.637,2026-04-30T16:44:36.742556,2.46,2.1
2340.901,2026-04-30T16:44:37.006732,2.44,2.09
2341.141,2026-04-30T16:44:37.246684,2.44,2.1
2341.393,2026-04-30T16:44:37.498653,2.46,2.09
2341.657,2026-04-30T16:44:37.762681,2.45,2.09
2341.913,2026-04-30T16:44:38.018774,2.44,2.1
2342.165,2026-04-30T16:44:38.270723,2.45,2.09
2342.401,2026-04-30T16:44:38.506790,2.45,2.09
2342.661,2026-04-30T16:44:38.766597,2.45,2.09
2342.909,2026-04-30T16:44:39.014625,2.44,2.1
2343.177,2026-04-30T16:44:39.282702,2.45,2.09
2343.430,2026-04-30T16:44:39.534874,2.44,2.09
2343.669,2026-04-30T16:44:39.774747,2.45,2.1
2343.921,2026-04-30T16:44:40.026703,2.44,2.09
2344.178,2026-04-30T16:44:40.282982,2.45,2.09
2344.430,2026-04-30T16:44:40.534965,2.45,2.1
2344.685,2026-04-30T16:44:40.790697,2.43,2.09
2344.937,2026-04-30T16:44:41.042780,2.44,2.09
2345.193,2026-04-30T16:44:41.298490,2.45,2.09
2345.449,2026-04-30T16:44:41.554699,2.43,2.09
2345.701,2026-04-30T16:44:41.806830,2.44,2.09
2345.957,2026-04-30T16:44:42.062695,2.45,2.09
2346.237,2026-04-30T16:44:42.342654,2.45,2.09
2346.466,2026-04-30T16:44:42.570910,2.43,2.09
2346.726,2026-04-30T16:44:42.830893,2.45,2.09
2346.978,2026-04-30T16:44:43.082892,2.45,2.11
2347.237,2026-04-30T16:44:43.342518,2.45,2.1
2347.497,2026-04-30T16:44:43.602814,2.45,2.1
2347.738,2026-04-30T16:44:43.842852,2.44,2.1
2347.993,2026-04-30T16:44:44.098669,2.43,2.09
2348.237,2026-04-30T16:44:44.342693,2.43,2.1
2348.490,2026-04-30T16:44:44.594931,2.44,2.1
2348.742,2026-04-30T16:44:44.846904,2.45,2.1
2348.993,2026-04-30T16:44:45.098819,2.45,2.1
2349.261,2026-04-30T16:44:45.366729,2.44,2.1
2349.517,2026-04-30T16:44:45.622584,2.46,2.1
2349.773,2026-04-30T16:44:45.878804,2.44,2.09
2350.030,2026-04-30T16:44:46.134906,2.45,2.1
2350.270,2026-04-30T16:44:46.374882,2.45,2.1
2350.526,2026-04-30T16:44:46.630887,2.45,2.1
2350.781,2026-04-30T16:44:46.886758,2.45,2.1
2351.037,2026-04-30T16:44:47.142802,2.45,2.1
2351.281,2026-04-30T16:44:47.386765,2.45,2.1
2351.533,2026-04-30T16:44:47.638697,2.43,2.09
2351.790,2026-04-30T16:44:47.894973,2.46,2.1
2352.042,2026-04-30T16:44:48.146970,2.45,2.1
2352.290,2026-04-30T16:44:48.394938,2.43,2.1
2352.546,2026-04-30T16:44:48.651498,2.45,2.1
2352.797,2026-04-30T16:44:48.902815,2.44,2.1
2353.054,2026-04-30T16:44:49.158924,2.46,2.1
2353.310,2026-04-30T16:44:49.414919,2.44,2.1
2353.566,2026-04-30T16:44:49.671395,2.45,2.1
2353.818,2026-04-30T16:44:49.922915,2.44,2.1
2354.069,2026-04-30T16:44:50.174813,2.46,2.09
2354.326,2026-04-30T16:44:50.430973,2.45,2.1
2354.605,2026-04-30T16:44:50.710706,2.45,2.1
2354.830,2026-04-30T16:44:50.935079,2.42,2.1
2355.102,2026-04-30T16:44:51.207026,2.45,2.1
2355.342,2026-04-30T16:44:51.447036,2.45,2.1
2355.593,2026-04-30T16:44:51.698647,2.45,2.1
2355.845,2026-04-30T16:44:51.950782,2.45,2.1
2356.098,2026-04-30T16:44:52.202912,2.46,2.1
2356.350,2026-04-30T16:44:52.454966,2.45,2.1
2356.606,2026-04-30T16:44:52.710921,2.45,2.1
2356.861,2026-04-30T16:44:52.966802,2.45,2.1
2357.114,2026-04-30T16:44:53.218964,2.43,2.1
2357.373,2026-04-30T16:44:53.478770,2.46,2.1
2357.618,2026-04-30T16:44:53.722839,2.45,2.1
2357.886,2026-04-30T16:44:53.990895,2.44,2.1
2358.142,2026-04-30T16:44:54.247071,2.44,2.1
2358.394,2026-04-30T16:44:54.498930,2.45,2.1
2358.650,2026-04-30T16:44:54.754917,2.46,2.1
2358.906,2026-04-30T16:44:55.010929,2.45,2.1
2359.146,2026-04-30T16:44:55.250930,2.46,2.1
2359.406,2026-04-30T16:44:55.510982,2.46,2.1
2359.666,2026-04-30T16:44:55.771033,2.45,2.1
2359.906,2026-04-30T16:44:56.010828,2.45,2.1
2360.162,2026-04-30T16:44:56.266855,2.45,2.1
2360.414,2026-04-30T16:44:56.519041,2.44,2.1
2360.682,2026-04-30T16:44:56.786932,2.44,2.1
2360.910,2026-04-30T16:44:57.015067,2.43,2.1
2361.174,2026-04-30T16:44:57.278943,2.44,2.1
2361.426,2026-04-30T16:44:57.531080,2.44,2.1
2361.686,2026-04-30T16:44:57.790944,2.44,2.1
2361.938,2026-04-30T16:44:58.042947,2.45,2.1
2362.194,2026-04-30T16:44:58.298978,2.44,2.1
2362.450,2026-04-30T16:44:58.555009,2.44,2.1
2362.698,2026-04-30T16:44:58.802917,2.45,2.1
2362.942,2026-04-30T16:44:59.047117,2.46,2.1
2363.194,2026-04-30T16:44:59.299015,2.45,2.1
2363.470,2026-04-30T16:44:59.574922,2.45,2.1
2363.722,2026-04-30T16:44:59.827038,2.44,2.1
2363.961,2026-04-30T16:45:00.066795,2.46,2.09
2364.218,2026-04-30T16:45:00.323037,2.43,2.1
2364.462,2026-04-30T16:45:00.567039,2.44,2.1
2364.726,2026-04-30T16:45:00.831137,2.44,2.09
2364.974,2026-04-30T16:45:01.079019,2.44,2.09
2365.222,2026-04-30T16:45:01.327031,2.45,2.1
2365.478,2026-04-30T16:45:01.583157,2.44,2.1
2365.734,2026-04-30T16:45:01.839086,2.45,2.1
2365.990,2026-04-30T16:45:02.095021,2.44,2.09
2366.242,2026-04-30T16:45:02.347015,2.45,2.1
2366.506,2026-04-30T16:45:02.611064,2.45,2.1
2366.762,2026-04-30T16:45:02.866988,2.45,2.09
2367.030,2026-04-30T16:45:03.135261,2.44,2.1
2367.258,2026-04-30T16:45:03.362998,2.45,2.09
2367.522,2026-04-30T16:45:03.627129,2.45,2.1
2367.766,2026-04-30T16:45:03.871193,2.45,2.1
2368.018,2026-04-30T16:45:04.123162,2.45,2.1
2368.274,2026-04-30T16:45:04.378944,2.44,2.1
2368.522,2026-04-30T16:45:04.627102,2.44,2.09
2368.782,2026-04-30T16:45:04.887078,2.45,2.1
2369.034,2026-04-30T16:45:05.139080,2.45,2.09
2369.306,2026-04-30T16:45:05.411121,2.44,2.1
2369.558,2026-04-30T16:45:05.663347,2.45,2.09
2369.810,2026-04-30T16:45:05.915087,2.45,2.1
2370.070,2026-04-30T16:45:06.175146,2.45,2.1
2370.302,2026-04-30T16:45:06.407166,2.45,2.09
2370.550,2026-04-30T16:45:06.655091,2.45,2.1
2370.806,2026-04-30T16:45:06.911175,2.44,2.09
2371.058,2026-04-30T16:45:07.163102,2.45,2.09
2371.310,2026-04-30T16:45:07.415095,2.45,2.09
2371.566,2026-04-30T16:45:07.671235,2.45,2.1
2371.822,2026-04-30T16:45:07.927135,2.46,2.1
2372.078,2026-04-30T16:45:08.183297,2.44,2.09
2372.346,2026-04-30T16:45:08.450905,2.45,2.1
2372.602,2026-04-30T16:45:08.707286,2.46,2.1
2372.854,2026-04-30T16:45:08.959216,2.46,2.1
2373.094,2026-04-30T16:45:09.199164,2.45,2.1
2373.342,2026-04-30T16:45:09.447225,2.45,2.1
2373.602,2026-04-30T16:45:09.707274,2.47,2.1
2373.854,2026-04-30T16:45:09.959278,2.45,2.1
2374.106,2026-04-30T16:45:10.211156,2.46,2.1
2374.358,2026-04-30T16:45:10.463153,2.45,2.09
2374.610,2026-04-30T16:45:10.715057,2.46,2.1
2374.866,2026-04-30T16:45:10.971262,2.45,2.11
2375.138,2026-04-30T16:45:11.243182,2.45,2.1
2375.390,2026-04-30T16:45:11.495194,2.44,2.1
2375.638,2026-04-30T16:45:11.743150,2.46,2.1
2375.879,2026-04-30T16:45:11.984001,2.45,2.1
2376.126,2026-04-30T16:45:12.231216,2.47,2.11
2376.402,2026-04-30T16:45:12.507250,2.47,2.1
2376.638,2026-04-30T16:45:12.743113,2.45,2.1
2376.894,2026-04-30T16:45:12.999189,2.45,2.1
2377.138,2026-04-30T16:45:13.243194,2.44,2.11
2377.394,2026-04-30T16:45:13.499160,2.46,2.1
2377.650,2026-04-30T16:45:13.755175,2.45,2.1
2377.906,2026-04-30T16:45:14.011071,2.45,2.1
2378.170,2026-04-30T16:45:14.275202,2.47,2.1
2378.422,2026-04-30T16:45:14.526959,2.45,2.1
2378.694,2026-04-30T16:45:14.799138,2.47,2.1
2378.946,2026-04-30T16:45:15.051227,2.47,2.1
2379.174,2026-04-30T16:45:15.279194,2.47,2.1
2379.426,2026-04-30T16:45:15.531270,2.46,2.1
2379.682,2026-04-30T16:45:15.787130,2.46,2.1
2379.938,2026-04-30T16:45:16.043224,2.47,2.11
2380.190,2026-04-30T16:45:16.295344,2.47,2.11
2380.442,2026-04-30T16:45:16.547372,2.45,2.1
2380.690,2026-04-30T16:45:16.795111,2.47,2.1
2380.966,2026-04-30T16:45:17.071328,2.45,2.1
2381.202,2026-04-30T16:45:17.307293,2.45,2.09
2381.458,2026-04-30T16:45:17.563251,2.46,2.09
2381.714,2026-04-30T16:45:17.819295,2.47,2.09
2381.966,2026-04-30T16:45:18.071340,2.46,2.09
2382.202,2026-04-30T16:45:18.307320,2.45,2.09
2382.446,2026-04-30T16:45:18.551168,2.47,2.09
2382.706,2026-04-30T16:45:18.811262,2.47,2.09
2382.954,2026-04-30T16:45:19.059221,2.45,2.09
2383.210,2026-04-30T16:45:19.315271,2.46,2.1
2383.458,2026-04-30T16:45:19.563223,2.46,2.09
2383.714,2026-04-30T16:45:19.819251,2.46,2.09
2383.970,2026-04-30T16:45:20.075165,2.47,2.09
2384.262,2026-04-30T16:45:20.367216,2.45,2.09
2384.486,2026-04-30T16:45:20.591174,2.45,2.09
2384.754,2026-04-30T16:45:20.859289,2.46,2.09
2385.002,2026-04-30T16:45:21.107267,2.47,2.09
2385.238,2026-04-30T16:45:21.343272,2.46,2.09
2385.494,2026-04-30T16:45:21.599280,2.46,2.09
2385.750,2026-04-30T16:45:21.855233,2.47,2.1
2386.002,2026-04-30T16:45:22.107355,2.48,2.1
2386.258,2026-04-30T16:45:22.363204,2.48,2.09
2386.506,2026-04-30T16:45:22.611284,2.47,2.09
2386.766,2026-04-30T16:45:22.871346,2.48,2.09
2387.038,2026-04-30T16:45:23.143230,2.46,2.09
2387.286,2026-04-30T16:45:23.391337,2.46,2.09
2387.538,2026-04-30T16:45:23.643474,2.47,2.09
2387.798,2026-04-30T16:45:23.903332,2.47,2.09
2388.034,2026-04-30T16:45:24.139313,2.46,2.09
2388.294,2026-04-30T16:45:24.399061,2.45,2.09
2388.538,2026-04-30T16:45:24.643568,2.47,2.09
2388.798,2026-04-30T16:45:24.903312,2.45,2.09
2389.050,2026-04-30T16:45:25.155084,2.46,2.09
2389.302,2026-04-30T16:45:25.407456,2.47,2.09
2389.551,2026-04-30T16:45:25.655933,2.45,2.09
2389.802,2026-04-30T16:45:25.907452,2.45,2.09
2390.086,2026-04-30T16:45:26.191383,2.45,2.1
2390.334,2026-04-30T16:45:26.439359,2.45,2.1
2390.586,2026-04-30T16:45:26.691317,2.47,2.1
2390.838,2026-04-30T16:45:26.943353,2.47,2.09
2391.078,2026-04-30T16:45:27.183367,2.47,2.09
2391.330,2026-04-30T16:45:27.435513,2.46,2.1
2391.586,2026-04-30T16:45:27.691373,2.46,2.09
2391.834,2026-04-30T16:45:27.939356,2.47,2.1
2392.094,2026-04-30T16:45:28.199308,2.45,2.09
2392.342,2026-04-30T16:45:28.447441,2.45,2.09
2392.594,2026-04-30T16:45:28.699319,2.45,2.09
2392.879,2026-04-30T16:45:28.984140,2.47,2.1
2393.126,2026-04-30T16:45:29.231413,2.46,2.1
2393.374,2026-04-30T16:45:29.479149,2.45,2.1
2393.630,2026-04-30T16:45:29.735631,2.46,2.1
2393.866,2026-04-30T16:45:29.971466,2.46,2.1
2394.150,2026-04-30T16:45:30.255317,2.45,2.09
2394.394,2026-04-30T16:45:30.499342,2.47,2.09
2394.634,2026-04-30T16:45:30.739399,2.48,2.1
2394.890,2026-04-30T16:45:30.995414,2.47,2.1
2395.134,2026-04-30T16:45:31.239252,2.46,2.1
2395.394,2026-04-30T16:45:31.499254,2.48,2.1
2395.646,2026-04-30T16:45:31.751351,2.45,2.1
2395.914,2026-04-30T16:45:32.019461,2.47,2.1
2396.158,2026-04-30T16:45:32.263335,2.46,2.09
2396.414,2026-04-30T16:45:32.519391,2.46,2.1
2396.670,2026-04-30T16:45:32.775400,2.45,2.1
2396.926,2026-04-30T16:45:33.031457,2.45,2.09
2397.178,2026-04-30T16:45:33.283585,2.47,2.1
2397.418,2026-04-30T16:45:33.523161,2.46,2.1
2397.682,2026-04-30T16:45:33.787385,2.46,2.09
2397.938,2026-04-30T16:45:34.043382,2.46,2.1
2398.182,2026-04-30T16:45:34.287273,2.48,2.1
2398.426,2026-04-30T16:45:34.531510,2.47,2.11
2398.710,2026-04-30T16:45:34.815583,2.47,2.11
2398.942,2026-04-30T16:45:35.047498,2.47,2.11
2399.214,2026-04-30T16:45:35.319536,2.48,2.1
2399.458,2026-04-30T16:45:35.563389,2.46,2.1
2399.710,2026-04-30T16:45:35.815446,2.47,2.1
2399.950,2026-04-30T16:45:36.055348,2.47,2.11
2400.202,2026-04-30T16:45:36.307566,2.45,2.1
2400.458,2026-04-30T16:45:36.563476,2.47,2.1
2400.710,2026-04-30T16:45:36.815454,2.46,2.1
2400.962,2026-04-30T16:45:37.067430,2.47,2.11
2401.214,2026-04-30T16:45:37.319574,2.46,2.1
2401.466,2026-04-30T16:45:37.571551,2.47,2.1
2401.742,2026-04-30T16:45:37.847417,2.47,2.11
2401.998,2026-04-30T16:45:38.103451,2.47,2.1
2402.262,2026-04-30T16:45:38.367461,2.46,2.1
2402.494,2026-04-30T16:45:38.599400,2.47,2.1
2402.746,2026-04-30T16:45:38.851351,2.47,2.11
2402.998,2026-04-30T16:45:39.103461,2.47,2.1
2403.254,2026-04-30T16:45:39.359549,2.48,2.11
2403.506,2026-04-30T16:45:39.611488,2.47,2.1
2403.758,2026-04-30T16:45:39.863289,2.45,2.1
2404.014,2026-04-30T16:45:40.119540,2.46,2.11
2404.262,2026-04-30T16:45:40.367387,2.46,2.1
2404.538,2026-04-30T16:45:40.643790,2.46,2.11
2404.786,2026-04-30T16:45:40.891528,2.48,2.1
2405.038,2026-04-30T16:45:41.143501,2.46,2.1
2405.306,2026-04-30T16:45:41.411419,2.46,2.11
2405.538,2026-04-30T16:45:41.643834,2.45,2.1
2405.790,2026-04-30T16:45:41.895517,2.47,2.11
2406.042,2026-04-30T16:45:42.147542,2.48,2.11
2406.294,2026-04-30T16:45:42.399553,2.47,2.1
2406.546,2026-04-30T16:45:42.651677,2.47,2.1
2406.802,2026-04-30T16:45:42.907662,2.47,2.1
2407.062,2026-04-30T16:45:43.167492,2.45,2.09
2407.310,2026-04-30T16:45:43.415544,2.47,2.1
2407.598,2026-04-30T16:45:43.703536,2.45,2.09
2407.854,2026-04-30T16:45:43.959399,2.46,2.09
2408.082,2026-04-30T16:45:44.187449,2.47,2.1
2408.330,2026-04-30T16:45:44.435760,2.46,2.1
2408.590,2026-04-30T16:45:44.695610,2.46,2.1
2408.846,2026-04-30T16:45:44.951477,2.45,2.09
2409.098,2026-04-30T16:45:45.203526,2.47,2.1
2409.342,2026-04-30T16:45:45.447629,2.47,2.09
2409.598,2026-04-30T16:45:45.703573,2.47,2.1
2409.850,2026-04-30T16:45:45.955391,2.47,2.1
2410.098,2026-04-30T16:45:46.203408,2.45,2.09
2410.374,2026-04-30T16:45:46.479513,2.47,2.09
2410.618,2026-04-30T16:45:46.723556,2.48,2.09
2410.882,2026-04-30T16:45:46.987493,2.46,2.1
2411.118,2026-04-30T16:45:47.223481,2.47,2.1
2411.390,2026-04-30T16:45:47.495659,2.47,2.09
2411.630,2026-04-30T16:45:47.735764,2.47,2.09
2411.874,2026-04-30T16:45:47.979582,2.46,2.09
2412.126,2026-04-30T16:45:48.231615,2.47,2.09
2412.382,2026-04-30T16:45:48.487501,2.46,2.09
2412.638,2026-04-30T16:45:48.743579,2.46,2.1
2412.886,2026-04-30T16:45:48.991610,2.47,2.1
2413.138,2026-04-30T16:45:49.243567,2.47,2.09
2413.414,2026-04-30T16:45:49.519663,2.46,2.09
2413.666,2026-04-30T16:45:49.771693,2.48,2.1
2413.922,2026-04-30T16:45:50.027624,2.47,2.09
2414.170,2026-04-30T16:45:50.275375,2.47,2.09
2414.414,2026-04-30T16:45:50.519698,2.46,2.09
2414.658,2026-04-30T16:45:50.763570,2.48,2.09
2414.918,2026-04-30T16:45:51.023637,2.48,2.09
2415.178,2026-04-30T16:45:51.283553,2.46,2.09
2415.430,2026-04-30T16:45:51.535753,2.46,2.09
2415.678,2026-04-30T16:45:51.783756,2.48,2.1
2415.934,2026-04-30T16:45:52.039598,2.48,2.1
2416.202,2026-04-30T16:45:52.307489,2.46,2.1
2416.454,2026-04-30T16:45:52.559741,2.46,2.1
2416.706,2026-04-30T16:45:52.811522,2.47,2.1
2416.958,2026-04-30T16:45:53.063599,2.47,2.1
2417.222,2026-04-30T16:45:53.327666,2.48,2.1
2417.454,2026-04-30T16:45:53.559742,2.48,2.1
2417.710,2026-04-30T16:45:53.815663,2.49,2.1
2417.950,2026-04-30T16:45:54.055667,2.47,2.1
2418.210,2026-04-30T16:45:54.315600,2.47,2.1
2418.462,2026-04-30T16:45:54.567507,2.48,2.1
2418.714,2026-04-30T16:45:54.819704,2.48,2.1
2418.970,2026-04-30T16:45:55.075673,2.47,2.1
2419.246,2026-04-30T16:45:55.351565,2.48,2.1
2419.510,2026-04-30T16:45:55.615537,2.48,2.1
2419.750,2026-04-30T16:45:55.855685,2.48,2.1
2420.014,2026-04-30T16:45:56.119745,2.47,2.1
2420.242,2026-04-30T16:45:56.347767,2.49,2.1
2420.490,2026-04-30T16:45:56.595709,2.49,2.11
2420.750,2026-04-30T16:45:56.855583,2.48,2.1
2421.002,2026-04-30T16:45:57.107808,2.48,2.1
2421.258,2026-04-30T16:45:57.363619,2.47,2.1
2421.510,2026-04-30T16:45:57.615664,2.48,2.11
2421.758,2026-04-30T16:45:57.863658,2.47,2.1
2422.014,2026-04-30T16:45:58.119813,2.48,2.1
2422.294,2026-04-30T16:45:58.399630,2.48,2.1
2422.538,2026-04-30T16:45:58.643751,2.47,2.1
2422.786,2026-04-30T16:45:58.891684,2.48,2.1
2423.042,2026-04-30T16:45:59.147748,2.47,2.1
2423.279,2026-04-30T16:45:59.383943,2.48,2.1
2423.531,2026-04-30T16:45:59.635953,2.49,2.11
2423.782,2026-04-30T16:45:59.887709,2.47,2.1
2424.034,2026-04-30T16:46:00.139746,2.47,2.1
2424.290,2026-04-30T16:46:00.395793,2.47,2.1
2424.546,2026-04-30T16:46:00.651601,2.47,2.09
2424.802,2026-04-30T16:46:00.907758,2.46,2.09
2425.067,2026-04-30T16:46:01.171862,2.49,2.1
2425.331,2026-04-30T16:46:01.435977,2.47,2.09
2425.575,2026-04-30T16:46:01.679887,2.47,2.1
2425.842,2026-04-30T16:46:01.947804,2.48,2.1
2426.070,2026-04-30T16:46:02.175742,2.47,2.09
2426.327,2026-04-30T16:46:02.431870,2.48,2.1
2426.568,2026-04-30T16:46:02.672957,2.47,2.09
2426.826,2026-04-30T16:46:02.931756,2.5,2.1
2427.079,2026-04-30T16:46:03.183982,2.47,2.09
2427.338,2026-04-30T16:46:03.443743,2.47,2.1
2427.590,2026-04-30T16:46:03.695664,2.47,2.09
2427.834,2026-04-30T16:46:03.939754,2.48,2.09
2428.098,2026-04-30T16:46:04.203728,2.49,2.1
2428.362,2026-04-30T16:46:04.467730,2.49,2.09
2428.618,2026-04-30T16:46:04.723763,2.47,2.09
2428.870,2026-04-30T16:46:04.975639,2.48,2.09
2429.106,2026-04-30T16:46:05.211735,2.48,2.09
2429.362,2026-04-30T16:46:05.467750,2.48,2.1
2429.618,2026-04-30T16:46:05.723748,2.48,2.1
2429.867,2026-04-30T16:46:05.971981,2.48,2.09
2430.127,2026-04-30T16:46:06.231848,2.48,2.1
2430.378,2026-04-30T16:46:06.483807,2.49,2.1
2430.638,2026-04-30T16:46:06.743770,2.48,2.1
2430.902,2026-04-30T16:46:07.007769,2.48,2.09
2431.150,2026-04-30T16:46:07.255794,2.46,2.1
2431.406,2026-04-30T16:46:07.511718,2.48,2.1
2431.662,2026-04-30T16:46:07.767805,2.49,2.1
2431.903,2026-04-30T16:46:08.007953,2.49,2.1
2432.155,2026-04-30T16:46:08.259942,2.49,2.1
2432.403,2026-04-30T16:46:08.507936,2.49,2.1
2432.662,2026-04-30T16:46:08.767802,2.49,2.09
2432.918,2026-04-30T16:46:09.023533,2.47,2.1
2433.162,2026-04-30T16:46:09.267679,2.49,2.1
2433.414,2026-04-30T16:46:09.519733,2.49,2.1
2433.670,2026-04-30T16:46:09.775787,2.49,2.1
2433.943,2026-04-30T16:46:10.047939,2.47,2.09
2434.182,2026-04-30T16:46:10.287644,2.48,2.1
2434.467,2026-04-30T16:46:10.571975,2.48,2.1
2434.710,2026-04-30T16:46:10.815786,2.5,2.1
2434.950,2026-04-30T16:46:11.055611,2.5,2.1
2435.198,2026-04-30T16:46:11.303669,2.49,2.1
2435.450,2026-04-30T16:46:11.555671,2.49,2.1
2435.702,2026-04-30T16:46:11.807752,2.49,2.1
2435.954,2026-04-30T16:46:12.059767,2.5,2.1
2436.203,2026-04-30T16:46:12.307846,2.5,2.1
2436.458,2026-04-30T16:46:12.563602,2.48,2.1
2436.714,2026-04-30T16:46:12.819752,2.49,2.1
2436.986,2026-04-30T16:46:13.091667,2.5,2.1
2437.226,2026-04-30T16:46:13.331824,2.49,2.1
2437.498,2026-04-30T16:46:13.603742,2.49,2.1
2437.731,2026-04-30T16:46:13.835950,2.49,2.09
2437.986,2026-04-30T16:46:14.091554,2.5,2.1
2438.243,2026-04-30T16:46:14.347864,2.49,2.1
2438.490,2026-04-30T16:46:14.595821,2.5,2.1
2438.750,2026-04-30T16:46:14.855802,2.49,2.1
2439.006,2026-04-30T16:46:15.111824,2.49,2.1
2439.258,2026-04-30T16:46:15.363683,2.49,2.1
2439.518,2026-04-30T16:46:15.623728,2.5,2.09
2439.790,2026-04-30T16:46:15.895803,2.52,2.1
2440.046,2026-04-30T16:46:16.151764,2.49,2.1
2440.294,2026-04-30T16:46:16.399600,2.49,2.09
2440.531,2026-04-30T16:46:16.635899,2.49,2.1
2440.814,2026-04-30T16:46:16.919797,2.49,2.1
2441.038,2026-04-30T16:46:17.143827,2.5,2.1
2441.290,2026-04-30T16:46:17.395803,2.5,2.1
2441.543,2026-04-30T16:46:17.648130,2.5,2.1
2441.799,2026-04-30T16:46:17.903886,2.5,2.1
2442.038,2026-04-30T16:46:18.143802,2.49,2.09
2442.291,2026-04-30T16:46:18.395993,2.51,2.1
2442.567,2026-04-30T16:46:18.672403,2.49,2.1
2442.819,2026-04-30T16:46:18.923913,2.51,2.1
2443.070,2026-04-30T16:46:19.175776,2.5,2.1
2443.334,2026-04-30T16:46:19.439688,2.51,2.1
2443.582,2026-04-30T16:46:19.687826,2.49,2.09
2443.815,2026-04-30T16:46:19.920110,2.49,2.1
2444.063,2026-04-30T16:46:20.167910,2.49,2.1
2444.319,2026-04-30T16:46:20.423883,2.49,2.1
2444.579,2026-04-30T16:46:20.684108,2.5,2.1
2444.827,2026-04-30T16:46:20.932023,2.49,2.1
2445.083,2026-04-30T16:46:21.187925,2.49,2.1
2445.338,2026-04-30T16:46:21.443703,2.51,2.1
2445.607,2026-04-30T16:46:21.711916,2.5,2.1
2445.855,2026-04-30T16:46:21.960081,2.5,2.1
2446.107,2026-04-30T16:46:22.211963,2.49,2.1
2446.355,2026-04-30T16:46:22.460107,2.51,2.09
2446.611,2026-04-30T16:46:22.715928,2.48,2.1
2446.847,2026-04-30T16:46:22.951922,2.5,2.1
2447.103,2026-04-30T16:46:23.208083,2.49,2.1
2447.363,2026-04-30T16:46:23.467974,2.5,2.1
2447.615,2026-04-30T16:46:23.719998,2.48,2.09
2447.863,2026-04-30T16:46:23.967913,2.49,2.1
2448.119,2026-04-30T16:46:24.223949,2.49,2.1
2448.371,2026-04-30T16:46:24.476011,2.49,2.09
2448.635,2026-04-30T16:46:24.739976,2.51,2.09
2448.891,2026-04-30T16:46:24.996043,2.48,2.1
2449.155,2026-04-30T16:46:25.260140,2.49,2.1
2449.387,2026-04-30T16:46:25.491926,2.49,2.1
2449.643,2026-04-30T16:46:25.747997,2.49,2.1
2449.891,2026-04-30T16:46:25.996165,2.5,2.09
2450.147,2026-04-30T16:46:26.251969,2.5,2.1
2450.403,2026-04-30T16:46:26.508045,2.52,2.1
2450.655,2026-04-30T16:46:26.760116,2.51,2.11
2450.907,2026-04-30T16:46:27.011905,2.5,2.1
2451.155,2026-04-30T16:46:27.260134,2.48,2.1
2451.415,2026-04-30T16:46:27.520050,2.51,2.1
2451.691,2026-04-30T16:46:27.795930,2.5,2.11
2451.939,2026-04-30T16:46:28.043952,2.51,2.1
2452.179,2026-04-30T16:46:28.284065,2.49,2.1
2452.427,2026-04-30T16:46:28.532036,2.49,2.1
2452.711,2026-04-30T16:46:28.816145,2.49,2.1
2452.931,2026-04-30T16:46:29.036240,2.51,2.1
2453.194,2026-04-30T16:46:29.299776,2.5,2.1
2453.439,2026-04-30T16:46:29.543988,2.5,2.1
2453.698,2026-04-30T16:46:29.803772,2.51,2.1
2453.951,2026-04-30T16:46:30.056010,2.5,2.11
2454.203,2026-04-30T16:46:30.308182,2.5,2.1
2454.475,2026-04-30T16:46:30.580053,2.5,2.1
2454.723,2026-04-30T16:46:30.827987,2.51,2.1
2454.975,2026-04-30T16:46:31.079915,2.51,2.1
2455.231,2026-04-30T16:46:31.336224,2.5,2.1
2455.475,2026-04-30T16:46:31.580070,2.5,2.1
2455.727,2026-04-30T16:46:31.832276,2.51,2.1
2455.979,2026-04-30T16:46:32.084193,2.51,2.1
2456.235,2026-04-30T16:46:32.340008,2.5,2.11
2456.487,2026-04-30T16:46:32.591960,2.51,2.1
2456.743,2026-04-30T16:46:32.848161,2.5,2.1
2456.987,2026-04-30T16:46:33.092011,2.51,2.1
2457.239,2026-04-30T16:46:33.344095,2.52,2.1
2457.499,2026-04-30T16:46:33.604074,2.49,2.1
2457.767,2026-04-30T16:46:33.872204,2.51,2.1
2458.019,2026-04-30T16:46:34.123977,2.49,2.1
2458.275,2026-04-30T16:46:34.380170,2.5,2.1
2458.515,2026-04-30T16:46:34.620120,2.51,2.1
2458.771,2026-04-30T16:46:34.876086,2.51,2.1
2459.023,2026-04-30T16:46:35.128116,2.49,2.09
2459.271,2026-04-30T16:46:35.376127,2.51,2.1
2459.523,2026-04-30T16:46:35.628049,2.49,2.1
2459.779,2026-04-30T16:46:35.884233,2.5,2.09
2460.035,2026-04-30T16:46:36.140003,2.5,2.09
2460.303,2026-04-30T16:46:36.408269,2.5,2.1
2460.567,2026-04-30T16:46:36.672376,2.53,2.1
2460.811,2026-04-30T16:46:36.916116,2.49,2.1
2461.047,2026-04-30T16:46:37.152055,2.49,2.1
2461.307,2026-04-30T16:46:37.412128,2.5,2.1
2461.544,2026-04-30T16:46:37.649263,2.49,2.09
2461.803,2026-04-30T16:46:37.908221,2.5,2.1
2462.059,2026-04-30T16:46:38.163901,2.51,2.1
2462.315,2026-04-30T16:46:38.420147,2.5,2.09
2462.567,2026-04-30T16:46:38.672385,2.51,2.1
2462.819,2026-04-30T16:46:38.924015,2.51,2.1
2463.071,2026-04-30T16:46:39.176094,2.51,2.1
2463.351,2026-04-30T16:46:39.456143,2.52,2.1
2463.599,2026-04-30T16:46:39.704058,2.52,2.1
2463.847,2026-04-30T16:46:39.952024,2.51,2.1
2464.115,2026-04-30T16:46:40.219997,2.52,2.1
2464.339,2026-04-30T16:46:40.444042,2.51,2.1
2464.595,2026-04-30T16:46:40.700081,2.52,2.1
2464.843,2026-04-30T16:46:40.948272,2.51,2.1
2465.103,2026-04-30T16:46:41.208285,2.53,2.1
2465.351,2026-04-30T16:46:41.456175,2.5,2.1
2465.603,2026-04-30T16:46:41.708273,2.51,2.1
2465.855,2026-04-30T16:46:41.960288,2.5,2.1
2466.107,2026-04-30T16:46:42.212061,2.51,2.1
2466.367,2026-04-30T16:46:42.472074,2.52,2.1
2466.643,2026-04-30T16:46:42.748235,2.51,2.1
2466.875,2026-04-30T16:46:42.980111,2.51,2.1
2467.135,2026-04-30T16:46:43.240125,2.51,2.1
2467.375,2026-04-30T16:46:43.480201,2.51,2.1
2467.643,2026-04-30T16:46:43.748248,2.52,2.1
2467.883,2026-04-30T16:46:43.988193,2.52,2.1
2468.139,2026-04-30T16:46:44.244141,2.53,2.1
2468.387,2026-04-30T16:46:44.492031,2.51,2.1
2468.659,2026-04-30T16:46:44.764155,2.5,2.1
2468.899,2026-04-30T16:46:45.004218,2.52,2.1
2469.171,2026-04-30T16:46:45.276177,2.53,2.1
2469.407,2026-04-30T16:46:45.512270,2.51,2.1
2469.667,2026-04-30T16:46:45.772309,2.52,2.1
2469.935,2026-04-30T16:46:46.040190,2.52,2.1
2470.179,2026-04-30T16:46:46.284343,2.51,2.1
2470.415,2026-04-30T16:46:46.520049,2.53,2.1
2470.671,2026-04-30T16:46:46.776173,2.53,2.1
2470.923,2026-04-30T16:46:47.028225,2.51,2.09
2471.171,2026-04-30T16:46:47.276281,2.53,2.1
2471.423,2026-04-30T16:46:47.528226,2.53,2.1
2471.675,2026-04-30T16:46:47.780202,2.53,2.1
2471.935,2026-04-30T16:46:48.040223,2.52,2.1
2472.195,2026-04-30T16:46:48.300226,2.53,2.1
2472.455,2026-04-30T16:46:48.560211,2.53,2.1
2472.707,2026-04-30T16:46:48.812267,2.53,2.1
2472.967,2026-04-30T16:46:49.072380,2.52,2.1
2473.203,2026-04-30T16:46:49.308350,2.52,2.1
2473.463,2026-04-30T16:46:49.568212,2.52,2.1
2473.719,2026-04-30T16:46:49.824265,2.51,2.09
2473.971,2026-04-30T16:46:50.076276,2.53,2.1
2474.223,2026-04-30T16:46:50.328164,2.53,2.1
2474.475,2026-04-30T16:46:50.580259,2.53,2.1
2474.731,2026-04-30T16:46:50.836342,2.53,2.1
2474.995,2026-04-30T16:46:51.100157,2.51,2.1
2475.255,2026-04-30T16:46:51.360336,2.53,2.1
2475.495,2026-04-30T16:46:51.600194,2.53,2.1
2475.767,2026-04-30T16:46:51.872384,2.53,2.1
2475.995,2026-04-30T16:46:52.100148,2.51,2.1
2476.255,2026-04-30T16:46:52.360348,2.5,2.1
2476.507,2026-04-30T16:46:52.612157,2.52,2.1
2476.759,2026-04-30T16:46:52.864223,2.53,2.1
2477.011,2026-04-30T16:46:53.116209,2.54,2.1
2477.263,2026-04-30T16:46:53.368215,2.53,2.1
2477.523,2026-04-30T16:46:53.628051,2.54,2.1
2477.775,2026-04-30T16:46:53.880231,2.52,2.1
2478.063,2026-04-30T16:46:54.168252,2.51,2.1
2478.307,2026-04-30T16:46:54.412267,2.51,2.1
2478.567,2026-04-30T16:46:54.672582,2.52,2.1
2478.795,2026-04-30T16:46:54.900060,2.52,2.1
2479.043,2026-04-30T16:46:55.148253,2.52,2.1
2479.303,2026-04-30T16:46:55.408388,2.53,2.1
2479.548,2026-04-30T16:46:55.653567,2.52,2.1
2479.803,2026-04-30T16:46:55.908441,2.52,2.1
2480.051,2026-04-30T16:46:56.156326,2.52,2.1
2480.307,2026-04-30T16:46:56.412286,2.53,2.11
2480.555,2026-04-30T16:46:56.660547,2.52,2.1
2480.815,2026-04-30T16:46:56.920348,2.53,2.11
2481.071,2026-04-30T16:46:57.176342,2.52,2.1
2481.343,2026-04-30T16:46:57.448499,2.51,2.11
2481.583,2026-04-30T16:46:57.688331,2.52,2.1
2481.847,2026-04-30T16:46:57.952263,2.51,2.1
2482.083,2026-04-30T16:46:58.188306,2.54,2.1
2482.339,2026-04-30T16:46:58.444568,2.53,2.1
2482.595,2026-04-30T16:46:58.700318,2.52,2.1
2482.851,2026-04-30T16:46:58.956351,2.53,2.1
2483.103,2026-04-30T16:46:59.208255,2.52,2.1
2483.347,2026-04-30T16:46:59.452250,2.53,2.1
2483.603,2026-04-30T16:46:59.708367,2.52,2.11
2483.883,2026-04-30T16:46:59.988298,2.52,2.09
2484.123,2026-04-30T16:47:00.228263,2.51,2.09
2484.363,2026-04-30T16:47:00.468362,2.53,2.1
2484.615,2026-04-30T16:47:00.720223,2.51,2.1
2484.871,2026-04-30T16:47:00.976391,2.54,2.1
2485.127,2026-04-30T16:47:01.232371,2.53,2.1
2485.383,2026-04-30T16:47:01.488353,2.52,2.1
2485.639,2026-04-30T16:47:01.744371,2.52,2.1
2485.895,2026-04-30T16:47:02.000332,2.53,2.1
2486.139,2026-04-30T16:47:02.244318,2.52,2.1
2486.391,2026-04-30T16:47:02.496476,2.53,2.1
2486.647,2026-04-30T16:47:02.752259,2.53,2.11
2486.915,2026-04-30T16:47:03.020524,2.54,2.1
2487.155,2026-04-30T16:47:03.260299,2.52,2.1
2487.415,2026-04-30T16:47:03.520353,2.53,2.1
2487.659,2026-04-30T16:47:03.764292,2.53,2.1
2487.907,2026-04-30T16:47:04.012440,2.54,2.11
2488.163,2026-04-30T16:47:04.268364,2.52,2.1
2488.415,2026-04-30T16:47:04.520453,2.54,2.11
2488.671,2026-04-30T16:47:04.776450,2.53,2.1
2488.927,2026-04-30T16:47:05.032489,2.51,2.1
2489.179,2026-04-30T16:47:05.284433,2.53,2.11
2489.435,2026-04-30T16:47:05.540346,2.53,2.1
2489.691,2026-04-30T16:47:05.796528,2.53,2.1
2489.959,2026-04-30T16:47:06.064329,2.55,2.11
2490.215,2026-04-30T16:47:06.320422,2.52,2.1
2490.455,2026-04-30T16:47:06.560519,2.54,2.1
2490.711,2026-04-30T16:47:06.816495,2.52,2.1
2490.963,2026-04-30T16:47:07.068428,2.53,2.1
2491.215,2026-04-30T16:47:07.320531,2.54,2.12
2491.475,2026-04-30T16:47:07.580274,2.52,2.1
2491.731,2026-04-30T16:47:07.836622,2.54,2.11
2491.975,2026-04-30T16:47:08.080401,2.52,2.1
2492.231,2026-04-30T16:47:08.336546,2.54,2.11
2492.475,2026-04-30T16:47:08.580399,2.54,2.11
2492.735,2026-04-30T16:47:08.840348,2.53,2.11
2492.991,2026-04-30T16:47:09.096562,2.54,2.1
2493.239,2026-04-30T16:47:09.344454,2.54,2.1
2493.495,2026-04-30T16:47:09.600363,2.54,2.09
2493.747,2026-04-30T16:47:09.852480,2.53,2.1
2493.999,2026-04-30T16:47:10.104419,2.53,2.1
2494.251,2026-04-30T16:47:10.356485,2.53,2.1
2494.503,2026-04-30T16:47:10.608526,2.51,2.1
2494.755,2026-04-30T16:47:10.860581,2.53,2.1
2495.007,2026-04-30T16:47:11.112442,2.52,2.1
2495.263,2026-04-30T16:47:11.368293,2.55,2.1
2495.519,2026-04-30T16:47:11.624364,2.54,2.11
2495.787,2026-04-30T16:47:11.892331,2.54,2.1
2496.043,2026-04-30T16:47:12.148509,2.52,2.1
2496.287,2026-04-30T16:47:12.392363,2.52,2.1
2496.531,2026-04-30T16:47:12.636686,2.51,2.1
2496.783,2026-04-30T16:47:12.888222,2.53,2.1
2497.051,2026-04-30T16:47:13.156392,2.53,2.1
2497.303,2026-04-30T16:47:13.408440,2.53,2.1
2497.555,2026-04-30T16:47:13.660753,2.52,2.1
2497.807,2026-04-30T16:47:13.912288,2.52,2.1
2498.059,2026-04-30T16:47:14.164490,2.54,2.1
2498.307,2026-04-30T16:47:14.412478,2.53,2.1
2498.563,2026-04-30T16:47:14.668440,2.54,2.1
2498.827,2026-04-30T16:47:14.932621,2.53,2.1
2499.079,2026-04-30T16:47:15.184715,2.53,2.1
2499.331,2026-04-30T16:47:15.436669,2.53,2.1
2499.587,2026-04-30T16:47:15.692562,2.55,2.1
2499.835,2026-04-30T16:47:15.940362,2.54,2.1
2500.087,2026-04-30T16:47:16.192559,2.54,2.1
2500.339,2026-04-30T16:47:16.444579,2.53,2.1
2500.591,2026-04-30T16:47:16.696634,2.53,2.1
2500.843,2026-04-30T16:47:16.948513,2.55,2.1
2501.099,2026-04-30T16:47:17.204523,2.54,2.1
2501.351,2026-04-30T16:47:17.456546,2.55,2.1
2501.603,2026-04-30T16:47:17.708732,2.54,2.09
2501.855,2026-04-30T16:47:17.960501,2.54,2.09
2502.111,2026-04-30T16:47:18.216568,2.54,2.1
2502.379,2026-04-30T16:47:18.484666,2.56,2.1
2502.627,2026-04-30T16:47:18.732697,2.54,2.1
