elapsed_s,timestamp,ch1_MEAN_V,ch2_MEAN_V
0.4658,2026-05-19T17:05:34.201122,0.000000,2.908250
0.9451,2026-05-19T17:05:34.680493,0.000000,2.908225
1.4314,2026-05-19T17:05:35.166734,0.000000,2.908134
1.9117,2026-05-19T17:05:35.647019,0.000000,2.908100
2.4177,2026-05-19T17:05:36.153068,0.000000,2.908166
2.8828,2026-05-19T17:05:36.618118,0.000000,2.908192
3.3780,2026-05-19T17:05:37.113367,0.000000,2.908174
3.8778,2026-05-19T17:05:37.613118,0.000000,2.908169
4.3568,2026-05-19T17:05:38.092205,0.000000,2.908008
4.8829,2026-05-19T17:05:38.618259,0.000000,2.908004
5.3614,2026-05-19T17:05:39.096730,0.000000,2.908094
5.8767,2026-05-19T17:05:39.612067,0.000000,2.908135
6.3641,2026-05-19T17:05:40.099482,0.000000,2.908282
6.8133,2026-05-19T17:05:40.548639,0.000000,2.908340
7.2841,2026-05-19T17:05:41.019451,0.000000,2.908440
7.7499,2026-05-19T17:05:41.485260,0.000000,2.908542
8.2088,2026-05-19T17:05:41.944176,0.000000,2.908664
8.6830,2026-05-19T17:05:42.418318,0.000000,2.908782
9.1815,2026-05-19T17:05:42.916888,0.000000,2.908769
9.6775,2026-05-19T17:05:43.412839,0.000000,2.908828
10.1620,2026-05-19T17:05:43.897335,0.000000,2.908977
10.6650,2026-05-19T17:05:44.400382,0.000000,2.909221
11.1582,2026-05-19T17:05:44.893514,0.000000,2.909531
11.6979,2026-05-19T17:05:45.433263,0.000000,2.909762
12.1757,2026-05-19T17:05:45.911071,0.000000,2.909896
12.6433,2026-05-19T17:05:46.378669,0.000000,2.909782
13.1053,2026-05-19T17:05:46.840665,0.000000,2.909734
13.5996,2026-05-19T17:05:47.334932,0.000000,2.909570
14.0944,2026-05-19T17:05:47.829723,0.000000,2.909364
14.5947,2026-05-19T17:05:48.330091,0.000000,2.909303
15.1008,2026-05-19T17:05:48.836118,0.000000,2.909196
15.6215,2026-05-19T17:05:49.356824,0.000000,2.909227
16.1352,2026-05-19T17:05:49.870610,0.000000,2.909179
16.6249,2026-05-19T17:05:50.360257,0.000000,2.909195
17.1172,2026-05-19T17:05:50.852589,0.000000,2.909037
17.6183,2026-05-19T17:05:51.353648,0.000000,2.908969
18.1252,2026-05-19T17:05:51.860592,0.000000,2.908890
18.6055,2026-05-19T17:05:52.340843,0.000000,2.908790
19.1001,2026-05-19T17:05:52.835423,0.000000,2.908841
19.5994,2026-05-19T17:05:53.334798,0.000000,2.908799
20.1110,2026-05-19T17:05:53.846374,0.000000,2.908915
20.6085,2026-05-19T17:05:54.343867,0.000000,2.908820
21.1113,2026-05-19T17:05:54.846643,0.000000,2.908922
21.6088,2026-05-19T17:05:55.344134,0.000000,2.909195
22.1529,2026-05-19T17:05:55.888298,0.000000,2.909368
22.6492,2026-05-19T17:05:56.384594,0.000000,2.909709
23.1529,2026-05-19T17:05:56.888244,0.000000,2.909754
23.6411,2026-05-19T17:05:57.376505,0.000000,2.909752
24.1459,2026-05-19T17:05:57.881257,0.000000,2.909851
24.6245,2026-05-19T17:05:58.359859,0.000000,2.909991
25.1303,2026-05-19T17:05:58.865604,0.000000,2.910096
25.6565,2026-05-19T17:05:59.391843,0.000000,2.910094
26.1496,2026-05-19T17:05:59.884925,0.000000,2.910094
26.6462,2026-05-19T17:06:00.381549,0.000000,2.910060
27.1322,2026-05-19T17:06:00.867580,0.000000,2.910089
27.6016,2026-05-19T17:06:01.336934,0.000000,2.910110
28.0761,2026-05-19T17:06:01.811427,0.000000,2.910108
28.5661,2026-05-19T17:06:02.301437,0.000000,2.910172
29.0264,2026-05-19T17:06:02.761756,0.000000,2.910158
29.5274,2026-05-19T17:06:03.262757,0.000000,2.910285
30.0217,2026-05-19T17:06:03.757058,0.000000,2.910334
30.4902,2026-05-19T17:06:04.225591,0.000000,2.910317
30.9783,2026-05-19T17:06:04.713634,0.000000,2.910266
31.4574,2026-05-19T17:06:05.192763,0.000000,2.910119
31.9794,2026-05-19T17:06:05.714798,0.000000,2.910079
32.4862,2026-05-19T17:06:06.221596,0.000000,2.910028
32.9807,2026-05-19T17:06:06.716106,0.000000,2.910138
33.4672,2026-05-19T17:06:07.202557,0.000000,2.910106
33.9820,2026-05-19T17:06:07.717359,0.000000,2.910029
34.5073,2026-05-19T17:06:08.242666,0.000000,2.910083
35.0056,2026-05-19T17:06:08.740937,0.000000,2.910059
35.4938,2026-05-19T17:06:09.229128,0.000000,2.910106
35.9840,2026-05-19T17:06:09.719366,0.000000,2.910142
36.4600,2026-05-19T17:06:10.195366,0.000000,2.910111
36.9325,2026-05-19T17:06:10.667847,0.000000,2.910048
37.4241,2026-05-19T17:06:11.159503,0.000000,2.910064
37.8910,2026-05-19T17:06:11.626322,0.000000,2.910100
38.3957,2026-05-19T17:06:12.131078,0.000000,2.910121
38.8650,2026-05-19T17:06:12.600373,0.000000,2.910199
39.3671,2026-05-19T17:06:13.102473,0.000000,2.910300
39.8747,2026-05-19T17:06:13.610051,0.000000,2.910388
40.3494,2026-05-19T17:06:14.084756,0.000000,2.910404
40.8744,2026-05-19T17:06:14.609808,0.000000,2.910485
41.3651,2026-05-19T17:06:15.100503,0.000000,2.910486
41.8609,2026-05-19T17:06:15.596279,0.000000,2.910618
42.3609,2026-05-19T17:06:16.096234,0.000000,2.910698
42.8960,2026-05-19T17:06:16.631402,0.000000,2.910692
43.3942,2026-05-19T17:06:17.129561,0.000000,2.910795
43.8712,2026-05-19T17:06:17.606584,0.000000,2.910853
44.3901,2026-05-19T17:06:18.125499,0.000000,2.911011
44.8578,2026-05-19T17:06:18.593181,0.000000,2.911156
45.3580,2026-05-19T17:06:19.093393,0.000000,2.911438
45.8239,2026-05-19T17:06:19.559289,0.000000,2.911732
46.3193,2026-05-19T17:06:20.054617,0.000000,2.911884
46.8574,2026-05-19T17:06:20.592751,0.000000,2.912079
47.3194,2026-05-19T17:06:21.054714,0.000000,2.912136
47.8415,2026-05-19T17:06:21.576892,0.000000,2.912106
48.3203,2026-05-19T17:06:22.055637,0.000000,2.912248
48.8218,2026-05-19T17:06:22.557194,0.000000,2.912302
49.3125,2026-05-19T17:06:23.047815,0.000000,2.912480
49.8207,2026-05-19T17:06:23.556063,0.000000,2.912666
50.3071,2026-05-19T17:06:24.042430,0.000000,2.912799
50.7727,2026-05-19T17:06:24.508015,0.000000,2.913027
51.3172,2026-05-19T17:06:25.052573,0.000000,2.913186
51.8026,2026-05-19T17:06:25.537992,0.000000,2.913321
52.3080,2026-05-19T17:06:26.043324,0.000000,2.913528
52.7930,2026-05-19T17:06:26.528329,0.000000,2.913669
53.2906,2026-05-19T17:06:27.025921,0.000000,2.913725
53.7861,2026-05-19T17:06:27.521496,0.000000,2.913831
54.2684,2026-05-19T17:06:28.003791,0.000000,2.913865
54.7376,2026-05-19T17:06:28.472986,0.000000,2.913837
55.2410,2026-05-19T17:06:28.976406,0.000000,2.913924
55.7400,2026-05-19T17:06:29.475317,0.000000,2.913986
56.2665,2026-05-19T17:06:30.001809,0.000000,2.914105
56.7413,2026-05-19T17:06:30.476706,0.000000,2.914171
57.2157,2026-05-19T17:06:30.951028,0.000000,2.914183
57.7180,2026-05-19T17:06:31.453329,0.000000,2.914182
58.2148,2026-05-19T17:06:31.950173,0.000000,2.914155
58.7024,2026-05-19T17:06:32.437783,0.000000,2.914140
59.2025,2026-05-19T17:06:32.937826,0.000000,2.914152
59.6985,2026-05-19T17:06:33.433858,0.000000,2.914151
60.2027,2026-05-19T17:06:33.938053,0.000000,2.914043
60.6860,2026-05-19T17:06:34.421402,0.000000,2.914016
61.1795,2026-05-19T17:06:34.914829,0.000000,2.913914
61.6743,2026-05-19T17:06:35.409654,0.000000,2.913909
62.1522,2026-05-19T17:06:35.887598,0.000000,2.913909
62.6322,2026-05-19T17:06:36.367554,0.000000,2.913855
63.1243,2026-05-19T17:06:36.859633,0.000000,2.913968
63.6124,2026-05-19T17:06:37.347753,0.000000,2.914045
64.0946,2026-05-19T17:06:37.829994,0.000000,2.914115
64.5721,2026-05-19T17:06:38.307474,0.000000,2.914178
65.0739,2026-05-19T17:06:38.809220,0.000000,2.914103
65.5734,2026-05-19T17:06:39.308790,0.000000,2.914095
66.0398,2026-05-19T17:06:39.775151,0.000000,2.914206
66.5095,2026-05-19T17:06:40.244821,0.000000,2.914261
66.9837,2026-05-19T17:06:40.719009,0.000000,2.914354
67.4899,2026-05-19T17:06:41.225269,0.000000,2.914379
67.9650,2026-05-19T17:06:41.700387,0.000000,2.914402
68.4687,2026-05-19T17:06:42.204029,0.000000,2.914440
68.9571,2026-05-19T17:06:42.692429,0.000000,2.914456
69.4175,2026-05-19T17:06:43.152848,0.000000,2.914543
69.8838,2026-05-19T17:06:43.619207,0.000000,2.914519
70.3378,2026-05-19T17:06:44.073109,0.000000,2.914508
70.8080,2026-05-19T17:06:44.543334,0.000000,2.914413
71.2987,2026-05-19T17:06:45.034012,0.000000,2.914301
71.7749,2026-05-19T17:06:45.510231,0.000000,2.914377
72.2550,2026-05-19T17:06:45.990388,0.000000,2.914353
72.7494,2026-05-19T17:06:46.484773,0.000000,2.914396
73.2306,2026-05-19T17:06:46.965975,0.000000,2.914335
73.7408,2026-05-19T17:06:47.476129,0.000000,2.914261
74.2388,2026-05-19T17:06:47.974173,0.000000,2.914199
74.6968,2026-05-19T17:06:48.432151,0.000000,2.914162
75.1805,2026-05-19T17:06:48.915831,0.000000,2.914197
75.6825,2026-05-19T17:06:49.417856,0.000000,2.914138
76.1835,2026-05-19T17:06:49.918850,0.000000,2.914150
76.6736,2026-05-19T17:06:50.409002,0.000000,2.914150
77.1853,2026-05-19T17:06:50.920702,0.000000,2.914114
77.6782,2026-05-19T17:06:51.413583,0.000000,2.914115
78.1880,2026-05-19T17:06:51.923338,0.000000,2.914165
78.6532,2026-05-19T17:06:52.388516,0.000000,2.914231
79.1170,2026-05-19T17:06:52.852320,0.000000,2.914294
79.5682,2026-05-19T17:06:53.303551,0.000000,2.914380
80.0585,2026-05-19T17:06:53.793817,0.000000,2.914402
80.5199,2026-05-19T17:06:54.255238,0.000000,2.914584
80.9769,2026-05-19T17:06:54.712284,0.000000,2.914589
81.4904,2026-05-19T17:06:55.225758,0.000000,2.914682
81.9398,2026-05-19T17:06:55.675140,0.000000,2.914726
82.4115,2026-05-19T17:06:56.146889,0.000000,2.914698
82.9040,2026-05-19T17:06:56.639316,0.000000,2.914740
83.3798,2026-05-19T17:06:57.115134,0.000000,2.914758
83.8696,2026-05-19T17:06:57.604960,0.000000,2.914796
84.3749,2026-05-19T17:06:58.110239,0.000000,2.914900
84.8996,2026-05-19T17:06:58.634962,0.000000,2.914867
85.3631,2026-05-19T17:06:59.098497,0.000000,2.914832
85.8716,2026-05-19T17:06:59.606947,0.000000,2.914820
86.3533,2026-05-19T17:07:00.088652,0.000000,2.914758
86.8335,2026-05-19T17:07:00.568855,0.000000,2.914817
87.3155,2026-05-19T17:07:01.050824,0.000000,2.914862
87.8120,2026-05-19T17:07:01.547366,0.000000,2.914909
88.3075,2026-05-19T17:07:02.042824,0.000000,2.914828
88.8090,2026-05-19T17:07:02.544374,0.000000,2.914742
89.2904,2026-05-19T17:07:03.025762,0.000000,2.914633
89.8174,2026-05-19T17:07:03.552736,0.000000,2.914488
90.3190,2026-05-19T17:07:04.054390,0.000000,2.914477
90.8193,2026-05-19T17:07:04.554614,0.000000,2.914504
91.2894,2026-05-19T17:07:05.024705,0.000000,2.914588
91.7741,2026-05-19T17:07:05.509433,0.000000,2.914693
92.2664,2026-05-19T17:07:06.001767,0.000000,2.914788
92.7651,2026-05-19T17:07:06.500411,0.000000,2.914860
93.2365,2026-05-19T17:07:06.971861,0.000000,2.914866
93.7116,2026-05-19T17:07:07.446963,0.000000,2.914822
94.2222,2026-05-19T17:07:07.957569,0.000000,2.914838
94.7485,2026-05-19T17:07:08.483902,0.000000,2.914854
95.2450,2026-05-19T17:07:08.980395,0.000000,2.914868
95.7450,2026-05-19T17:07:09.480389,0.000000,2.914887
96.2271,2026-05-19T17:07:09.962421,0.000000,2.914836
96.7120,2026-05-19T17:07:10.447403,0.000000,2.914817
97.1781,2026-05-19T17:07:10.913461,0.000000,2.914778
97.6231,2026-05-19T17:07:11.358422,0.000000,2.914746
98.1200,2026-05-19T17:07:11.855394,0.000000,2.914761
98.5759,2026-05-19T17:07:12.311298,0.000000,2.914719
99.0564,2026-05-19T17:07:12.791725,0.000000,2.914728
99.5596,2026-05-19T17:07:13.294944,0.000000,2.914822
100.0578,2026-05-19T17:07:13.793160,0.000000,2.914798
100.5509,2026-05-19T17:07:14.286257,0.000000,2.914860
101.0313,2026-05-19T17:07:14.766628,0.000000,2.914869
101.5315,2026-05-19T17:07:15.266825,0.000000,2.914702
102.0315,2026-05-19T17:07:15.766868,0.000000,2.914694
102.4930,2026-05-19T17:07:16.228390,0.000000,2.914686
102.9854,2026-05-19T17:07:16.720766,0.000000,2.914648
103.4612,2026-05-19T17:07:17.196533,0.000000,2.914700
103.9378,2026-05-19T17:07:17.673144,0.000000,2.914768
104.4191,2026-05-19T17:07:18.154460,0.000000,2.914811
104.8900,2026-05-19T17:07:18.625317,0.000000,2.914878
105.3694,2026-05-19T17:07:19.104720,0.000000,2.914992
105.8529,2026-05-19T17:07:19.588281,0.000000,2.914967
106.3447,2026-05-19T17:07:20.080052,0.000000,2.914950
106.8446,2026-05-19T17:07:20.579982,0.000000,2.914864
107.3115,2026-05-19T17:07:21.046874,0.000000,2.914740
107.8506,2026-05-19T17:07:21.585902,0.000000,2.914640
108.3357,2026-05-19T17:07:22.071106,0.000000,2.914570
108.8129,2026-05-19T17:07:22.548294,0.000000,2.914488
109.2866,2026-05-19T17:07:23.021931,0.000000,2.914478
109.7440,2026-05-19T17:07:23.479375,0.000000,2.914474
110.2140,2026-05-19T17:07:23.949339,0.000000,2.914399
110.6863,2026-05-19T17:07:24.421689,0.000000,2.914422
111.1905,2026-05-19T17:07:24.925857,0.000000,2.914346
111.6874,2026-05-19T17:07:25.422739,0.000000,2.914323
112.1963,2026-05-19T17:07:25.931669,0.000000,2.914377
112.6534,2026-05-19T17:07:26.388753,0.000000,2.914429
113.1576,2026-05-19T17:07:26.892962,0.000000,2.914458
113.6615,2026-05-19T17:07:27.396855,0.000000,2.914522
114.1215,2026-05-19T17:07:27.856866,0.000000,2.914598
114.5710,2026-05-19T17:07:28.306349,0.000000,2.914612
115.0750,2026-05-19T17:07:28.810371,0.000000,2.914708
115.5554,2026-05-19T17:07:29.290805,0.000000,2.914793
116.0465,2026-05-19T17:07:29.781877,0.000000,2.914812
116.5314,2026-05-19T17:07:30.266703,0.000000,2.914744
117.0007,2026-05-19T17:07:30.736074,0.000000,2.914689
117.4861,2026-05-19T17:07:31.221457,0.000000,2.914694
117.9816,2026-05-19T17:07:31.716915,0.000000,2.914648
118.4656,2026-05-19T17:07:32.200994,0.000000,2.914691
118.9870,2026-05-19T17:07:32.722324,0.000000,2.914786
119.4543,2026-05-19T17:07:33.189678,0.000000,2.914836
119.9325,2026-05-19T17:07:33.667850,0.000000,2.914927
120.3991,2026-05-19T17:07:34.134466,0.000000,2.915036
120.8863,2026-05-19T17:07:34.621651,0.000000,2.915058
121.3833,2026-05-19T17:07:35.118611,0.000000,2.915088
121.8805,2026-05-19T17:07:35.615829,0.000000,2.915188
122.3422,2026-05-19T17:07:36.077544,0.000000,2.915134
122.8304,2026-05-19T17:07:36.565785,0.000000,2.915031
123.3318,2026-05-19T17:07:37.067127,0.000000,2.915033
123.8130,2026-05-19T17:07:37.548384,0.000000,2.914858
124.3457,2026-05-19T17:07:38.081108,0.000000,2.914709
124.8532,2026-05-19T17:07:38.588591,0.000000,2.914642
125.3067,2026-05-19T17:07:39.042054,0.000000,2.914479
125.7865,2026-05-19T17:07:39.521815,0.000000,2.914300
126.2817,2026-05-19T17:07:40.017037,0.000000,2.914271
126.7768,2026-05-19T17:07:40.512153,0.000000,2.914164
127.2716,2026-05-19T17:07:41.006945,0.000000,2.914148
127.7701,2026-05-19T17:07:41.505455,0.000000,2.914173
128.2425,2026-05-19T17:07:41.977847,0.000000,2.914170
128.7578,2026-05-19T17:07:42.493208,0.000000,2.914240
129.2783,2026-05-19T17:07:43.013646,0.000000,2.914232
129.7739,2026-05-19T17:07:43.509254,0.000000,2.914119
130.2233,2026-05-19T17:07:43.958617,0.000000,2.914053
130.6810,2026-05-19T17:07:44.416389,0.000000,2.913916
131.1918,2026-05-19T17:07:44.927109,0.000000,2.913918
131.6874,2026-05-19T17:07:45.422748,0.000000,2.913952
132.1821,2026-05-19T17:07:45.917415,0.000000,2.913945
132.6567,2026-05-19T17:07:46.392069,0.000000,2.913918
133.1783,2026-05-19T17:07:46.913659,0.000000,2.913911
133.6697,2026-05-19T17:07:47.405057,0.000000,2.913845
134.1930,2026-05-19T17:07:47.928348,0.000000,2.913891
134.6783,2026-05-19T17:07:48.413624,0.000000,2.913896
135.1322,2026-05-19T17:07:48.867567,0.000000,2.913781
135.6020,2026-05-19T17:07:49.337391,0.000000,2.913657
136.0995,2026-05-19T17:07:49.834882,0.000000,2.913630
136.5567,2026-05-19T17:07:50.292068,0.000000,2.913649
137.0595,2026-05-19T17:07:50.794830,0.000000,2.913743
137.5608,2026-05-19T17:07:51.296169,0.000000,2.913858
138.0545,2026-05-19T17:07:51.789842,0.000000,2.913763
138.5456,2026-05-19T17:07:52.280963,0.000000,2.913619
139.0188,2026-05-19T17:07:52.754122,0.000000,2.913404
139.5021,2026-05-19T17:07:53.237411,0.000000,2.913237
140.0077,2026-05-19T17:07:53.743051,0.000000,2.913199
140.4663,2026-05-19T17:07:54.201648,0.000000,2.913212
140.9331,2026-05-19T17:07:54.668421,0.000000,2.913232
141.4322,2026-05-19T17:07:55.167579,0.000000,2.913296
141.9284,2026-05-19T17:07:55.663712,0.000000,2.913499
142.3997,2026-05-19T17:07:56.135024,0.000000,2.913536
142.9072,2026-05-19T17:07:56.642524,0.000000,2.913568
143.4018,2026-05-19T17:07:57.137183,0.000000,2.913466
143.8952,2026-05-19T17:07:57.630576,0.000000,2.913405
144.3915,2026-05-19T17:07:58.126808,0.000000,2.913395
144.8557,2026-05-19T17:07:58.591085,0.000000,2.913413
145.3842,2026-05-19T17:07:59.119556,0.000000,2.913502
145.8529,2026-05-19T17:07:59.588285,0.000000,2.913472
146.3440,2026-05-19T17:08:00.079314,0.000000,2.913404
146.8439,2026-05-19T17:08:00.579223,0.000000,2.913441
147.3120,2026-05-19T17:08:01.047387,0.000000,2.913512
147.8161,2026-05-19T17:08:01.551488,0.000000,2.913476
148.2974,2026-05-19T17:08:02.032719,0.000000,2.913392
148.7650,2026-05-19T17:08:02.500373,0.000000,2.913260
149.2947,2026-05-19T17:08:03.030111,0.000000,2.913146
149.7842,2026-05-19T17:08:03.519548,0.000000,2.913021
150.2823,2026-05-19T17:08:04.017690,0.000000,2.913084
150.7876,2026-05-19T17:08:04.522969,0.000000,2.913048
151.2491,2026-05-19T17:08:04.984418,0.000000,2.912972
151.7482,2026-05-19T17:08:05.483525,0.000000,2.913136
152.2170,2026-05-19T17:08:05.952373,0.000000,2.913040
152.6902,2026-05-19T17:08:06.425518,0.000000,2.913002
153.1452,2026-05-19T17:08:06.880520,0.000000,2.913001
153.6406,2026-05-19T17:08:07.375993,0.000000,2.912962
154.1213,2026-05-19T17:08:07.856683,0.000000,2.912907
154.6193,2026-05-19T17:08:08.354669,0.000000,2.912892
155.1219,2026-05-19T17:08:08.857212,0.000000,2.912788
155.5794,2026-05-19T17:08:09.314711,0.000000,2.912650
156.0985,2026-05-19T17:08:09.833807,0.000000,2.912734
156.6157,2026-05-19T17:08:10.351049,0.000000,2.912722
157.0824,2026-05-19T17:08:10.817799,0.000000,2.912772
157.5439,2026-05-19T17:08:11.279245,0.000000,2.912716
158.0270,2026-05-19T17:08:11.762333,0.000000,2.912598
158.5191,2026-05-19T17:08:12.254474,0.000000,2.912486
159.0234,2026-05-19T17:08:12.758777,0.000000,2.912357
159.5159,2026-05-19T17:08:13.251251,0.000000,2.912239
160.0265,2026-05-19T17:08:13.761881,0.000000,2.912063
160.5441,2026-05-19T17:08:14.279510,0.000000,2.911852
161.0492,2026-05-19T17:08:14.784604,0.000000,2.911715
161.5356,2026-05-19T17:08:15.270952,0.000000,2.911590
161.9995,2026-05-19T17:08:15.734812,0.000000,2.911458
162.4855,2026-05-19T17:08:16.220880,0.000000,2.911349
162.9826,2026-05-19T17:08:16.717917,0.000000,2.911220
163.4575,2026-05-19T17:08:17.192887,0.000000,2.911020
163.9848,2026-05-19T17:08:17.720201,0.000000,2.910878
164.4744,2026-05-19T17:08:18.209721,0.000000,2.910775
164.9869,2026-05-19T17:08:18.722265,0.000000,2.910625
165.5044,2026-05-19T17:08:19.239761,0.000000,2.910571
165.9888,2026-05-19T17:08:19.724123,0.000000,2.910406
166.4698,2026-05-19T17:08:20.205110,0.000000,2.910312
166.9916,2026-05-19T17:08:20.726944,0.000000,2.910280
167.5263,2026-05-19T17:08:21.261679,0.000000,2.910235
167.9936,2026-05-19T17:08:21.728972,0.000000,2.910252
168.4606,2026-05-19T17:08:22.195914,0.000000,2.910216
168.9515,2026-05-19T17:08:22.686881,0.000000,2.910175
169.4251,2026-05-19T17:08:23.160460,0.000000,2.910079
169.8847,2026-05-19T17:08:23.620068,0.000000,2.909964
170.3656,2026-05-19T17:08:24.100969,0.000000,2.909835
170.8437,2026-05-19T17:08:24.579075,0.000000,2.909691
171.3368,2026-05-19T17:08:25.072154,0.000000,2.909536
171.8157,2026-05-19T17:08:25.551043,0.000000,2.909436
172.3231,2026-05-19T17:08:26.058429,0.000000,2.909298
172.7821,2026-05-19T17:08:26.517452,0.000000,2.909320
173.2340,2026-05-19T17:08:26.969337,0.000000,2.909358
173.7153,2026-05-19T17:08:27.450697,0.000000,2.909388
174.1772,2026-05-19T17:08:27.912540,0.000000,2.909415
174.6697,2026-05-19T17:08:28.405082,0.000000,2.909338
175.1451,2026-05-19T17:08:28.880434,0.000000,2.909186
175.6048,2026-05-19T17:08:29.340123,0.000000,2.909230
176.0991,2026-05-19T17:08:29.834431,0.000000,2.909256
176.6112,2026-05-19T17:08:30.346536,0.000000,2.909234
177.1034,2026-05-19T17:08:30.838721,0.000000,2.909241
177.5700,2026-05-19T17:08:31.305383,0.000000,2.909060
178.0181,2026-05-19T17:08:31.753420,0.000000,2.908978
178.5367,2026-05-19T17:08:32.272015,0.000000,2.908888
179.0205,2026-05-19T17:08:32.755837,0.000000,2.908796
179.5234,2026-05-19T17:08:33.258782,0.000000,2.908780
180.0228,2026-05-19T17:08:33.758151,0.000000,2.908756
180.5658,2026-05-19T17:08:34.301150,0.000000,2.908635
181.0557,2026-05-19T17:08:34.791058,0.000000,2.908541
181.5472,2026-05-19T17:08:35.282528,0.000000,2.908396
182.0273,2026-05-19T17:08:35.762607,0.000000,2.908206
182.4839,2026-05-19T17:08:36.219212,0.000000,2.908227
182.9840,2026-05-19T17:08:36.719326,0.000000,2.908242
183.4793,2026-05-19T17:08:37.214617,0.000000,2.908212
183.9314,2026-05-19T17:08:37.666779,0.000000,2.908200
184.3962,2026-05-19T17:08:38.131573,0.000000,2.908179
184.8708,2026-05-19T17:08:38.606133,0.000000,2.908208
185.3740,2026-05-19T17:08:39.109346,0.000000,2.908071
185.8389,2026-05-19T17:08:39.574258,0.000000,2.907952
186.3297,2026-05-19T17:08:40.065018,0.000000,2.907890
186.7814,2026-05-19T17:08:40.516758,0.000000,2.907718
187.2776,2026-05-19T17:08:41.012946,0.000000,2.907606
187.8031,2026-05-19T17:08:41.538463,0.000000,2.907641
188.2675,2026-05-19T17:08:42.002811,0.000000,2.907598
188.8050,2026-05-19T17:08:42.540339,0.000000,2.907643
189.2566,2026-05-19T17:08:42.991949,0.000000,2.907670
189.7562,2026-05-19T17:08:43.491530,0.000000,2.907661
190.2265,2026-05-19T17:08:43.961832,0.000000,2.907653
190.7179,2026-05-19T17:08:44.453227,0.000000,2.907674
191.2070,2026-05-19T17:08:44.942309,0.000000,2.907700
191.6743,2026-05-19T17:08:45.409659,0.000000,2.907734
192.1641,2026-05-19T17:08:45.899436,0.000000,2.907650
192.6481,2026-05-19T17:08:46.383454,0.000000,2.907462
193.1652,2026-05-19T17:08:46.900523,0.000000,2.907406
193.6399,2026-05-19T17:08:47.375207,0.000000,2.907291
194.1168,2026-05-19T17:08:47.852102,0.000000,2.907223
194.6472,2026-05-19T17:08:48.382521,0.000000,2.907198
195.1298,2026-05-19T17:08:48.865123,0.000000,2.907113
195.6361,2026-05-19T17:08:49.371480,0.000000,2.906970
196.1369,2026-05-19T17:08:49.872294,0.000000,2.906811
196.6329,2026-05-19T17:08:50.368240,0.000000,2.906738
197.0877,2026-05-19T17:08:50.823084,0.000000,2.906597
197.6184,2026-05-19T17:08:51.353797,0.000000,2.906512
198.1195,2026-05-19T17:08:51.854826,0.000000,2.906443
198.6372,2026-05-19T17:08:52.372580,0.000000,2.906298
199.1404,2026-05-19T17:08:52.875785,0.000000,2.906188
199.5927,2026-05-19T17:08:53.328003,0.000000,2.906130
200.0929,2026-05-19T17:08:53.828249,0.000000,2.906034
200.6262,2026-05-19T17:08:54.361512,0.000000,2.905930
201.1370,2026-05-19T17:08:54.872306,0.000000,2.905877
201.6106,2026-05-19T17:08:55.345942,0.000000,2.905714
202.0725,2026-05-19T17:08:55.807807,0.000000,2.905594
202.5316,2026-05-19T17:08:56.266935,0.000000,2.905527
203.0245,2026-05-19T17:08:56.759827,0.000000,2.905378
203.5173,2026-05-19T17:08:57.252619,0.000000,2.905238
204.0209,2026-05-19T17:08:57.756304,0.000000,2.905132
204.4798,2026-05-19T17:08:58.215135,0.000000,2.905027
204.9856,2026-05-19T17:08:58.720923,0.000000,2.904884
205.4784,2026-05-19T17:08:59.213800,0.000000,2.904914
205.9634,2026-05-19T17:08:59.698750,0.000000,2.904759
206.4228,2026-05-19T17:09:00.158146,0.000000,2.904595
206.9290,2026-05-19T17:09:00.664345,0.000000,2.904534
207.4610,2026-05-19T17:09:01.196384,0.000000,2.904407
207.9544,2026-05-19T17:09:01.689747,0.000000,2.904430
208.4449,2026-05-19T17:09:02.180258,0.000000,2.904436
208.9142,2026-05-19T17:09:02.649529,0.000000,2.904408
209.4116,2026-05-19T17:09:03.146919,0.000000,2.904328
209.9129,2026-05-19T17:09:03.648292,0.000000,2.904128
210.3783,2026-05-19T17:09:04.113664,0.000000,2.903960
210.8923,2026-05-19T17:09:04.627661,0.000000,2.903957
211.3627,2026-05-19T17:09:05.098052,0.000000,2.903857
211.8788,2026-05-19T17:09:05.614176,0.000000,2.903912
212.3918,2026-05-19T17:09:06.127170,0.000000,2.903949
212.8400,2026-05-19T17:09:06.575325,0.000000,2.903845
213.2984,2026-05-19T17:09:07.033713,0.000000,2.903812
213.7887,2026-05-19T17:09:07.524100,0.000000,2.903740
214.2560,2026-05-19T17:09:07.991336,0.000000,2.903699
214.7293,2026-05-19T17:09:08.464633,0.000000,2.903681
215.1866,2026-05-19T17:09:08.921912,0.000000,2.903583
215.6731,2026-05-19T17:09:09.408490,0.000000,2.903400
216.1389,2026-05-19T17:09:09.874213,0.000000,2.903382
216.6233,2026-05-19T17:09:10.358673,0.000000,2.903247
217.1054,2026-05-19T17:09:10.840707,0.000000,2.903083
217.6045,2026-05-19T17:09:11.339814,0.000000,2.903029
218.1017,2026-05-19T17:09:11.837026,0.000000,2.902834
218.6255,2026-05-19T17:09:12.360847,0.000000,2.902748
219.1106,2026-05-19T17:09:12.845934,0.000000,2.902672
219.6243,2026-05-19T17:09:13.359665,0.000000,2.902638
220.1131,2026-05-19T17:09:13.848511,0.000000,2.902567
220.6098,2026-05-19T17:09:14.345136,0.000000,2.902505
221.0953,2026-05-19T17:09:14.830698,0.000000,2.902386
221.5775,2026-05-19T17:09:15.312886,0.000000,2.902338
222.0575,2026-05-19T17:09:15.792886,0.000000,2.902286
222.5578,2026-05-19T17:09:16.293190,0.000000,2.902348
223.0490,2026-05-19T17:09:16.784378,0.000000,2.902412
223.5195,2026-05-19T17:09:17.254825,0.000000,2.902398
224.0233,2026-05-19T17:09:17.758622,0.000000,2.902390
224.5219,2026-05-19T17:09:18.257210,0.000000,2.902258
225.0107,2026-05-19T17:09:18.746008,0.000000,2.902024
225.5116,2026-05-19T17:09:19.246978,0.000000,2.901969
225.9920,2026-05-19T17:09:19.727367,0.000000,2.901846
226.4755,2026-05-19T17:09:20.210897,0.000000,2.901925
226.9458,2026-05-19T17:09:20.681119,0.000000,2.902108
227.4769,2026-05-19T17:09:21.212235,0.000000,2.902125
227.9621,2026-05-19T17:09:21.697459,0.000000,2.902180
228.4771,2026-05-19T17:09:22.212466,0.000000,2.902145
228.9411,2026-05-19T17:09:22.676425,0.000000,2.902107
229.4407,2026-05-19T17:09:23.176047,0.000000,2.902086
229.9240,2026-05-19T17:09:23.659337,0.000000,2.902018
230.3844,2026-05-19T17:09:24.119754,0.000000,2.901965
230.8658,2026-05-19T17:09:24.601139,0.000000,2.901841
231.3327,2026-05-19T17:09:25.068036,0.000000,2.901814
231.7877,2026-05-19T17:09:25.523030,0.000000,2.901750
232.2743,2026-05-19T17:09:26.009630,0.000000,2.901655
232.7712,2026-05-19T17:09:26.506573,0.000000,2.901506
233.2348,2026-05-19T17:09:26.970186,0.000000,2.901344
233.7421,2026-05-19T17:09:27.477418,0.000000,2.901241
234.2069,2026-05-19T17:09:27.942218,0.000000,2.901201
234.7395,2026-05-19T17:09:28.474816,0.000000,2.901190
235.2084,2026-05-19T17:09:28.943786,0.000000,2.901126
235.6593,2026-05-19T17:09:29.394687,0.000000,2.901237
236.1504,2026-05-19T17:09:29.885796,0.000000,2.901270
236.6259,2026-05-19T17:09:30.361262,0.000000,2.901265
237.1422,2026-05-19T17:09:30.877604,0.000000,2.901270
237.6355,2026-05-19T17:09:31.370827,0.000000,2.901179
238.1316,2026-05-19T17:09:31.866983,0.000000,2.901036
238.5961,2026-05-19T17:09:32.331459,0.000000,2.900984
239.0511,2026-05-19T17:09:32.786492,0.000000,2.901021
239.5592,2026-05-19T17:09:33.294587,0.000000,2.901118
240.0503,2026-05-19T17:09:33.785675,0.000000,2.901130
240.5669,2026-05-19T17:09:34.302225,0.000000,2.901129
241.0532,2026-05-19T17:09:34.788569,0.000000,2.900910
241.5486,2026-05-19T17:09:35.283914,0.000000,2.900770
242.0416,2026-05-19T17:09:35.776971,0.000000,2.900643
242.4924,2026-05-19T17:09:36.227794,0.000000,2.900548
242.9659,2026-05-19T17:09:36.701215,0.000000,2.900544
243.4358,2026-05-19T17:09:37.171122,0.000000,2.900532
243.9369,2026-05-19T17:09:37.672225,0.000000,2.900457
244.4209,2026-05-19T17:09:38.156219,0.000000,2.900450
244.9158,2026-05-19T17:09:38.651136,0.000000,2.900396
245.4181,2026-05-19T17:09:39.153429,0.000000,2.900253
245.9262,2026-05-19T17:09:39.661598,0.000000,2.900176
246.4089,2026-05-19T17:09:40.144299,0.000000,2.900096
246.9187,2026-05-19T17:09:40.654053,0.000000,2.899914
247.3827,2026-05-19T17:09:41.118099,0.000000,2.899888
247.8680,2026-05-19T17:09:41.603325,0.000000,2.899869
248.3649,2026-05-19T17:09:42.100289,0.000000,2.899712
248.8661,2026-05-19T17:09:42.601483,0.000000,2.899585
249.3528,2026-05-19T17:09:43.088130,0.000000,2.899409
249.8466,2026-05-19T17:09:43.581932,0.000000,2.899210
250.3702,2026-05-19T17:09:44.105584,0.000000,2.899055
250.8515,2026-05-19T17:09:44.586853,0.000000,2.898952
251.3021,2026-05-19T17:09:45.037471,0.000000,2.898775
251.7709,2026-05-19T17:09:45.506262,0.000000,2.898631
252.2640,2026-05-19T17:09:45.999318,0.000000,2.898536
252.7481,2026-05-19T17:09:46.483419,0.000000,2.898413
253.2353,2026-05-19T17:09:46.970662,0.000000,2.898310
253.7334,2026-05-19T17:09:47.468749,0.000000,2.898207
254.2297,2026-05-19T17:09:47.965077,0.000000,2.898182
254.7297,2026-05-19T17:09:48.465021,0.000000,2.898084
255.1939,2026-05-19T17:09:48.929244,0.000000,2.898006
255.6600,2026-05-19T17:09:49.395330,0.000000,2.897900
256.1999,2026-05-19T17:09:49.935236,0.000000,2.897688
256.6686,2026-05-19T17:09:50.403983,0.000000,2.897590
257.1988,2026-05-19T17:09:50.934145,0.000000,2.897462
257.6866,2026-05-19T17:09:51.421950,0.000000,2.897351
258.1840,2026-05-19T17:09:51.919319,0.000000,2.897246
258.6784,2026-05-19T17:09:52.413782,0.000000,2.897185
259.1616,2026-05-19T17:09:52.896918,0.000000,2.897135
259.6198,2026-05-19T17:09:53.355137,0.000000,2.897120
260.1108,2026-05-19T17:09:53.846208,0.000000,2.897065
260.6186,2026-05-19T17:09:54.353935,0.000000,2.896964
261.1223,2026-05-19T17:09:54.857708,0.000000,2.896835
261.6054,2026-05-19T17:09:55.340766,0.000000,2.896609
262.1053,2026-05-19T17:09:55.840693,0.000000,2.896488
262.6000,2026-05-19T17:09:56.335390,0.000000,2.896348
263.0847,2026-05-19T17:09:56.820028,0.000000,2.896156
263.5425,2026-05-19T17:09:57.277871,0.000000,2.896049
264.0423,2026-05-19T17:09:57.777637,0.000000,2.895940
264.5626,2026-05-19T17:09:58.297965,0.000000,2.895766
265.0745,2026-05-19T17:09:58.809858,0.000000,2.895674
265.5453,2026-05-19T17:09:59.280667,0.000000,2.895635
266.0025,2026-05-19T17:09:59.737809,0.000000,2.895434
266.4616,2026-05-19T17:10:00.196934,0.000000,2.895330
266.9343,2026-05-19T17:10:00.669681,0.000000,2.895230
267.4471,2026-05-19T17:10:01.182461,0.000000,2.895136
267.9373,2026-05-19T17:10:01.672608,0.000000,2.895102
268.4379,2026-05-19T17:10:02.173271,0.000000,2.895000
268.9339,2026-05-19T17:10:02.669280,0.000000,2.894894
269.4306,2026-05-19T17:10:03.166001,0.000000,2.894790
269.8907,2026-05-19T17:10:03.626081,0.000000,2.894781
270.3633,2026-05-19T17:10:04.098699,0.000000,2.894719
270.8684,2026-05-19T17:10:04.603745,0.000000,2.894810
271.3947,2026-05-19T17:10:05.130102,0.000000,2.894914
271.8575,2026-05-19T17:10:05.592822,0.000000,2.894839
272.3585,2026-05-19T17:10:06.093844,0.000000,2.894900
272.8538,2026-05-19T17:10:06.589182,0.000000,2.894816
273.3293,2026-05-19T17:10:07.064629,0.000000,2.894712
273.8202,2026-05-19T17:10:07.555592,0.000000,2.894588
274.2800,2026-05-19T17:10:08.015348,0.000000,2.894417
274.7943,2026-05-19T17:10:08.529614,0.000000,2.894301
275.3025,2026-05-19T17:10:09.037834,0.000000,2.894256
275.8173,2026-05-19T17:10:09.552697,0.000000,2.894241
276.2904,2026-05-19T17:10:10.025778,0.000000,2.894212
276.7602,2026-05-19T17:10:10.495527,0.000000,2.894133
277.2538,2026-05-19T17:10:10.989205,0.000000,2.894005
277.7317,2026-05-19T17:10:11.467080,0.000000,2.893964
278.2341,2026-05-19T17:10:11.969498,0.000000,2.893849
278.7033,2026-05-19T17:10:12.438678,0.000000,2.893769
279.1527,2026-05-19T17:10:12.888079,0.000000,2.893680
279.6556,2026-05-19T17:10:13.390944,0.000000,2.893790
280.1510,2026-05-19T17:10:13.886335,0.000000,2.893828
280.6471,2026-05-19T17:10:14.382497,0.000000,2.893726
281.1119,2026-05-19T17:10:14.847236,0.000000,2.893699
281.6499,2026-05-19T17:10:15.385308,0.000000,2.893365
282.1527,2026-05-19T17:10:15.888062,0.000000,2.893049
282.6510,2026-05-19T17:10:16.386314,0.000000,2.892925
283.1432,2026-05-19T17:10:16.878600,0.000000,2.892754
283.6131,2026-05-19T17:10:17.348482,0.000000,2.892712
284.0743,2026-05-19T17:10:17.809634,0.000000,2.892688
284.5391,2026-05-19T17:10:18.274472,0.000000,2.892564
285.0255,2026-05-19T17:10:18.760842,0.000000,2.892474
285.4810,2026-05-19T17:10:19.216391,0.000000,2.892516
285.9321,2026-05-19T17:10:19.667474,0.000000,2.892461
286.4392,2026-05-19T17:10:20.174576,0.000000,2.892562
286.9324,2026-05-19T17:10:20.667713,0.000000,2.892672
287.4348,2026-05-19T17:10:21.170160,0.000000,2.892570
287.8885,2026-05-19T17:10:21.623872,0.000000,2.892487
288.4149,2026-05-19T17:10:22.150255,0.000000,2.892496
288.9039,2026-05-19T17:10:22.639292,0.000000,2.892302
289.3953,2026-05-19T17:10:23.130625,0.000000,2.892346
289.8967,2026-05-19T17:10:23.632058,0.000000,2.892396
290.3908,2026-05-19T17:10:24.126198,0.000000,2.892308
290.8697,2026-05-19T17:10:24.605086,0.000000,2.892266
291.3223,2026-05-19T17:10:25.057632,0.000000,2.892214
291.8206,2026-05-19T17:10:25.555979,0.000000,2.892170
292.3591,2026-05-19T17:10:26.094472,0.000000,2.892209
292.8520,2026-05-19T17:10:26.587305,0.000000,2.892232
293.3592,2026-05-19T17:10:27.094541,0.000000,2.892216
293.8586,2026-05-19T17:10:27.593933,0.000000,2.892137
294.3449,2026-05-19T17:10:28.080220,0.000000,2.892149
294.8861,2026-05-19T17:10:28.621485,0.000000,2.892002
295.3861,2026-05-19T17:10:29.121461,0.000000,2.891879
295.8902,2026-05-19T17:10:29.625543,0.000000,2.891868
296.3778,2026-05-19T17:10:30.113135,0.000000,2.891837
296.8791,2026-05-19T17:10:30.614444,0.000000,2.891905
297.3747,2026-05-19T17:10:31.110095,0.000000,2.891982
297.8413,2026-05-19T17:10:31.576627,0.000000,2.891892
298.3141,2026-05-19T17:10:32.049435,0.000000,2.891656
298.7931,2026-05-19T17:10:32.528467,0.000000,2.891425
299.2957,2026-05-19T17:10:33.031088,0.000000,2.891257
299.8343,2026-05-19T17:10:33.569669,0.000000,2.891058
300.3391,2026-05-19T17:10:34.074415,0.000000,2.890998
300.8387,2026-05-19T17:10:34.574040,0.000000,2.891031
301.3140,2026-05-19T17:10:35.049371,0.000000,2.891058
301.8152,2026-05-19T17:10:35.550581,0.000000,2.891132
302.3026,2026-05-19T17:10:36.037962,0.000000,2.891110
302.7722,2026-05-19T17:10:36.507586,0.000000,2.891044
303.2415,2026-05-19T17:10:36.976802,0.000000,2.891068
303.7662,2026-05-19T17:10:37.501555,0.000000,2.891049
304.2718,2026-05-19T17:10:38.007112,0.000000,2.890988
304.7653,2026-05-19T17:10:38.500692,0.000000,2.890908
305.2322,2026-05-19T17:10:38.967502,0.000000,2.890811
305.7019,2026-05-19T17:10:39.437252,0.000000,2.890694
306.2068,2026-05-19T17:10:39.942108,0.000000,2.890635
306.7043,2026-05-19T17:10:40.439631,0.000000,2.890552
307.2069,2026-05-19T17:10:40.942280,0.000000,2.890418
307.7037,2026-05-19T17:10:41.439034,0.000000,2.890342
308.1917,2026-05-19T17:10:41.927051,0.000000,2.890291
308.6701,2026-05-19T17:10:42.405492,0.000000,2.890197
309.2147,2026-05-19T17:10:42.950048,0.000000,2.890134
309.7106,2026-05-19T17:10:43.445920,0.000000,2.890045
310.1816,2026-05-19T17:10:43.916958,0.000000,2.890014
310.6493,2026-05-19T17:10:44.384671,0.000000,2.889864
311.0985,2026-05-19T17:10:44.833860,0.000000,2.889820
311.5910,2026-05-19T17:10:45.326394,0.000000,2.889653
312.0577,2026-05-19T17:10:45.793005,0.000000,2.889364
312.5522,2026-05-19T17:10:46.287529,0.000000,2.889228
313.0426,2026-05-19T17:10:46.777907,0.000000,2.889028
313.5010,2026-05-19T17:10:47.236323,0.000000,2.888867
313.9946,2026-05-19T17:10:47.729954,0.000000,2.888765
314.5259,2026-05-19T17:10:48.261258,0.000000,2.888790
314.9807,2026-05-19T17:10:48.716067,0.000000,2.888741
315.5243,2026-05-19T17:10:49.259650,0.000000,2.888651
316.0089,2026-05-19T17:10:49.744239,0.000000,2.888472
316.5026,2026-05-19T17:10:50.237981,0.000000,2.888148
316.9993,2026-05-19T17:10:50.734680,0.000000,2.887942
317.4810,2026-05-19T17:10:51.216311,0.000000,2.887828
317.9658,2026-05-19T17:10:51.701193,0.000000,2.887690
318.4626,2026-05-19T17:10:52.197985,0.000000,2.887642
318.9544,2026-05-19T17:10:52.689744,0.000000,2.887622
319.4565,2026-05-19T17:10:53.191809,0.000000,2.887573
319.9200,2026-05-19T17:10:53.655400,0.000000,2.887530
320.4151,2026-05-19T17:10:54.150458,0.000000,2.887496
320.8783,2026-05-19T17:10:54.613645,0.000000,2.887406
321.3679,2026-05-19T17:10:55.103250,0.000000,2.887264
321.8505,2026-05-19T17:10:55.585891,0.000000,2.887266
322.3131,2026-05-19T17:10:56.048450,0.000000,2.887135
322.7812,2026-05-19T17:10:56.516523,0.000000,2.887073
323.2750,2026-05-19T17:10:57.010381,0.000000,2.887010
323.7759,2026-05-19T17:10:57.511296,0.000000,2.887043
324.2690,2026-05-19T17:10:58.004319,0.000000,2.887006
324.7443,2026-05-19T17:10:58.479632,0.000000,2.886909
325.2354,2026-05-19T17:10:58.970809,0.000000,2.886758
325.7466,2026-05-19T17:10:59.481975,0.000000,2.886625
326.2114,2026-05-19T17:10:59.946795,0.000000,2.886484
326.7077,2026-05-19T17:11:00.443037,0.000000,2.886504
327.1915,2026-05-19T17:11:00.926886,0.000000,2.886503
327.6477,2026-05-19T17:11:01.383074,0.000000,2.886397
328.1159,2026-05-19T17:11:01.851223,0.000000,2.886273
328.5959,2026-05-19T17:11:02.331301,0.000000,2.886048
329.0386,2026-05-19T17:11:02.773937,0.000000,2.885920
329.5257,2026-05-19T17:11:03.261032,0.000000,2.885751
330.0160,2026-05-19T17:11:03.751384,0.000000,2.885675
330.4827,2026-05-19T17:11:04.218084,0.000000,2.885589
330.9598,2026-05-19T17:11:04.695172,0.000000,2.885484
331.4573,2026-05-19T17:11:05.192622,0.000000,2.885382
331.9893,2026-05-19T17:11:05.724607,0.000000,2.885273
332.4889,2026-05-19T17:11:06.224236,0.000000,2.885209
332.9884,2026-05-19T17:11:06.723802,0.000000,2.885135
333.4673,2026-05-19T17:11:07.202608,0.000000,2.884989
333.9455,2026-05-19T17:11:07.680876,0.000000,2.884781
334.3962,2026-05-19T17:11:08.131567,0.000000,2.884616
334.9022,2026-05-19T17:11:08.637570,0.000000,2.884553
335.3795,2026-05-19T17:11:09.114852,0.000000,2.884445
335.8495,2026-05-19T17:11:09.584884,0.000000,2.884424
336.3274,2026-05-19T17:11:10.062762,0.000000,2.884328
336.8245,2026-05-19T17:11:10.559886,0.000000,2.884280
337.3246,2026-05-19T17:11:11.059937,0.000000,2.884235
337.8091,2026-05-19T17:11:11.544432,0.000000,2.884244
338.3137,2026-05-19T17:11:12.049091,0.000000,2.884225
338.7762,2026-05-19T17:11:12.511602,0.000000,2.884216
339.2612,2026-05-19T17:11:12.996530,0.000000,2.884206
339.7204,2026-05-19T17:11:13.455796,0.000000,2.884164
340.1780,2026-05-19T17:11:13.913331,0.000000,2.884126
340.7112,2026-05-19T17:11:14.446508,0.000000,2.884180
341.1701,2026-05-19T17:11:14.905468,0.000000,2.884073
341.6410,2026-05-19T17:11:15.376365,0.000000,2.884009
342.1354,2026-05-19T17:11:15.870798,0.000000,2.883942
342.6002,2026-05-19T17:11:16.335553,0.000000,2.883692
343.0486,2026-05-19T17:11:16.784003,0.000000,2.883577
343.5190,2026-05-19T17:11:17.254398,0.000000,2.883430
343.9741,2026-05-19T17:11:17.709453,0.000000,2.883280
344.4412,2026-05-19T17:11:18.176584,0.000000,2.883141
344.9251,2026-05-19T17:11:18.660487,0.000000,2.883116
345.4030,2026-05-19T17:11:19.138369,0.000000,2.882958
345.8673,2026-05-19T17:11:19.602659,0.000000,2.882852
346.3534,2026-05-19T17:11:20.088730,0.000000,2.882759
346.8456,2026-05-19T17:11:20.580958,0.000000,2.882572
347.3396,2026-05-19T17:11:21.074995,0.000000,2.882440
347.8142,2026-05-19T17:11:21.549540,0.000000,2.882269
348.3126,2026-05-19T17:11:22.047944,0.000000,2.882106
348.7992,2026-05-19T17:11:22.534560,0.000000,2.881957
349.2858,2026-05-19T17:11:23.021202,0.000000,2.881689
349.8274,2026-05-19T17:11:23.562781,0.000000,2.881503
350.3276,2026-05-19T17:11:24.062975,0.000000,2.881260
350.8043,2026-05-19T17:11:24.539619,0.000000,2.880935
351.2835,2026-05-19T17:11:25.018837,0.000000,2.880738
351.7828,2026-05-19T17:11:25.518119,0.000000,2.880668
352.2739,2026-05-19T17:11:26.009212,0.000000,2.880565
352.7448,2026-05-19T17:11:26.480178,0.000000,2.880619
353.2455,2026-05-19T17:11:26.980875,0.000000,2.880658
353.7717,2026-05-19T17:11:27.507005,0.000000,2.880665
354.2828,2026-05-19T17:11:28.018168,0.000000,2.880680
354.7595,2026-05-19T17:11:28.494901,0.000000,2.880660
355.2216,2026-05-19T17:11:28.956978,0.000000,2.880552
355.7207,2026-05-19T17:11:29.456032,0.000000,2.880512
356.1891,2026-05-19T17:11:29.924447,0.000000,2.880364
356.6726,2026-05-19T17:11:30.407952,0.000000,2.880228
357.1897,2026-05-19T17:11:30.925083,0.000000,2.880252
357.6983,2026-05-19T17:11:31.433636,0.000000,2.880190
358.1634,2026-05-19T17:11:31.898797,0.000000,2.880075
358.6076,2026-05-19T17:11:32.342974,0.000000,2.879970
359.1107,2026-05-19T17:11:32.846036,0.000000,2.879784
359.5939,2026-05-19T17:11:33.329273,0.000000,2.879663
360.0910,2026-05-19T17:11:33.826354,0.000000,2.879620
360.5848,2026-05-19T17:11:34.320106,0.000000,2.879638
361.0815,2026-05-19T17:11:34.816849,0.000000,2.879644
361.5961,2026-05-19T17:11:35.331434,0.000000,2.879534
362.1030,2026-05-19T17:11:35.838324,0.000000,2.879397
362.5969,2026-05-19T17:11:36.332223,0.000000,2.879114
363.0819,2026-05-19T17:11:36.817235,0.000000,2.878929
363.5594,2026-05-19T17:11:37.294768,0.000000,2.878742
364.0137,2026-05-19T17:11:37.749102,0.000000,2.878548
364.4989,2026-05-19T17:11:38.234234,0.000000,2.878460
364.9804,2026-05-19T17:11:38.715786,0.000000,2.878343
365.4489,2026-05-19T17:11:39.184306,0.000000,2.878130
365.9495,2026-05-19T17:11:39.684851,0.000000,2.877961
366.4071,2026-05-19T17:11:40.142435,0.000000,2.877950
366.8824,2026-05-19T17:11:40.617773,0.000000,2.877801
367.3638,2026-05-19T17:11:41.099126,0.000000,2.877693
367.8419,2026-05-19T17:11:41.577247,0.000000,2.877647
368.3328,2026-05-19T17:11:42.068164,0.000000,2.877452
368.8442,2026-05-19T17:11:42.579566,0.000000,2.877350
369.3653,2026-05-19T17:11:43.100673,0.000000,2.877296
369.8461,2026-05-19T17:11:43.581418,0.000000,2.877235
370.3168,2026-05-19T17:11:44.052183,0.000000,2.877087
370.7759,2026-05-19T17:11:44.511277,0.000000,2.877010
371.2676,2026-05-19T17:11:45.002942,0.000000,2.876949
371.7379,2026-05-19T17:11:45.473244,0.000000,2.876912
372.2069,2026-05-19T17:11:45.942250,0.000000,2.876902
372.6741,2026-05-19T17:11:46.409465,0.000000,2.876926
373.1275,2026-05-19T17:11:46.862830,0.000000,2.876910
373.6067,2026-05-19T17:11:47.342071,0.000000,2.876830
374.0915,2026-05-19T17:11:47.826832,0.000000,2.876706
374.5561,2026-05-19T17:11:48.291508,0.000000,2.876628
375.0114,2026-05-19T17:11:48.746717,0.000000,2.876580
375.4804,2026-05-19T17:11:49.215742,0.000000,2.876411
375.9519,2026-05-19T17:11:49.687261,0.000000,2.876298
376.4227,2026-05-19T17:11:50.158043,0.000000,2.876115
376.8941,2026-05-19T17:11:50.629426,0.000000,2.875885
377.3721,2026-05-19T17:11:51.107486,0.000000,2.875732
377.8637,2026-05-19T17:11:51.599022,0.000000,2.875655
378.3244,2026-05-19T17:11:52.059757,0.000000,2.875691
378.7772,2026-05-19T17:11:52.512567,0.000000,2.875599
379.2566,2026-05-19T17:11:52.991992,0.000000,2.875585
379.7166,2026-05-19T17:11:53.451966,0.000000,2.875570
380.1968,2026-05-19T17:11:53.932106,0.000000,2.875549
380.6694,2026-05-19T17:11:54.404724,0.000000,2.875641
381.1761,2026-05-19T17:11:54.911480,0.000000,2.875634
381.6763,2026-05-19T17:11:55.411680,0.000000,2.875690
382.1573,2026-05-19T17:11:55.892618,0.000000,2.875661
382.6371,2026-05-19T17:11:56.372411,0.000000,2.875650
383.1662,2026-05-19T17:11:56.901568,0.000000,2.875619
383.6233,2026-05-19T17:11:57.358647,0.000000,2.875606
384.1281,2026-05-19T17:11:57.863467,0.000000,2.875572
384.6204,2026-05-19T17:11:58.355728,0.000000,2.875545
385.1035,2026-05-19T17:11:58.838838,0.000000,2.875471
385.5595,2026-05-19T17:11:59.294873,0.000000,2.875356
386.0586,2026-05-19T17:11:59.793972,0.000000,2.875225
386.5505,2026-05-19T17:12:00.285849,0.000000,2.875026
387.0535,2026-05-19T17:12:00.788864,0.000000,2.874856
387.5717,2026-05-19T17:12:01.307014,0.000000,2.874696
388.0642,2026-05-19T17:12:01.799519,0.000000,2.874622
388.5597,2026-05-19T17:12:02.295102,0.000000,2.874516
389.0632,2026-05-19T17:12:02.798580,0.000000,2.874434
389.5445,2026-05-19T17:12:03.279834,0.000000,2.874332
390.0442,2026-05-19T17:12:03.779567,0.000000,2.874247
390.5243,2026-05-19T17:12:04.259666,0.000000,2.874210
391.0192,2026-05-19T17:12:04.754519,0.000000,2.874202
391.5077,2026-05-19T17:12:05.243054,0.000000,2.874132
391.9909,2026-05-19T17:12:05.726247,0.000000,2.874030
392.5099,2026-05-19T17:12:06.245258,0.000000,2.873978
392.9619,2026-05-19T17:12:06.697239,0.000000,2.873882
393.4234,2026-05-19T17:12:07.158806,0.000000,2.873852
393.9233,2026-05-19T17:12:07.658696,0.000000,2.873716
394.3917,2026-05-19T17:12:08.127069,0.000000,2.873521
394.8313,2026-05-19T17:12:08.566644,0.000000,2.873336
395.3373,2026-05-19T17:12:09.072645,0.000000,2.873154
395.8361,2026-05-19T17:12:09.571438,0.000000,2.873061
396.3047,2026-05-19T17:12:10.040086,0.000000,2.873072
396.7781,2026-05-19T17:12:10.513445,0.000000,2.873016
397.2579,2026-05-19T17:12:10.993273,0.000000,2.872950
397.7612,2026-05-19T17:12:11.496516,0.000000,2.872841
398.2598,2026-05-19T17:12:11.995131,0.000000,2.872680
398.7568,2026-05-19T17:12:12.492147,0.000000,2.872528
399.2567,2026-05-19T17:12:12.992085,0.000000,2.872380
399.7097,2026-05-19T17:12:13.445009,0.000000,2.872289
400.2005,2026-05-19T17:12:13.935843,0.000000,2.872326
400.6987,2026-05-19T17:12:14.434021,0.000000,2.872187
401.1682,2026-05-19T17:12:14.903552,0.000000,2.872125
401.6522,2026-05-19T17:12:15.387517,0.000000,2.871999
402.1201,2026-05-19T17:12:15.855409,0.000000,2.871870
402.5860,2026-05-19T17:12:16.321373,0.000000,2.871731
403.0861,2026-05-19T17:12:16.821476,0.000000,2.871598
403.5709,2026-05-19T17:12:17.306230,0.000000,2.871606
404.0371,2026-05-19T17:12:17.772447,0.000000,2.871532
404.5594,2026-05-19T17:12:18.294718,0.000000,2.871554
405.0612,2026-05-19T17:12:18.796609,0.000000,2.871586
405.5695,2026-05-19T17:12:19.304810,0.000000,2.871582
406.0733,2026-05-19T17:12:19.808683,0.000000,2.871551
406.5411,2026-05-19T17:12:20.276467,0.000000,2.871544
407.0159,2026-05-19T17:12:20.751258,0.000000,2.871479
407.4827,2026-05-19T17:12:21.218036,0.000000,2.871297
407.9571,2026-05-19T17:12:21.692481,0.000000,2.871137
408.4484,2026-05-19T17:12:22.183792,0.000000,2.871018
408.9338,2026-05-19T17:12:22.669156,0.000000,2.870847
409.4094,2026-05-19T17:12:23.144736,0.000000,2.870733
409.9089,2026-05-19T17:12:23.644210,0.000000,2.870526
410.4094,2026-05-19T17:12:24.144785,0.000000,2.870291
410.9197,2026-05-19T17:12:24.655101,0.000000,2.870201
411.4108,2026-05-19T17:12:25.146166,0.000000,2.870133
411.9030,2026-05-19T17:12:25.638324,0.000000,2.870112
412.4035,2026-05-19T17:12:26.138857,0.000000,2.870231
412.9044,2026-05-19T17:12:26.639791,0.000000,2.870236
413.4134,2026-05-19T17:12:27.148733,0.000000,2.870191
413.9444,2026-05-19T17:12:27.679787,0.000000,2.870229
414.4145,2026-05-19T17:12:28.149875,0.000000,2.870109
414.9078,2026-05-19T17:12:28.643204,0.000000,2.870017
415.3556,2026-05-19T17:12:29.090986,0.000000,2.869930
415.8462,2026-05-19T17:12:29.581532,0.000000,2.869779
416.3492,2026-05-19T17:12:30.084564,0.000000,2.869688
416.8525,2026-05-19T17:12:30.587855,0.000000,2.869504
417.3488,2026-05-19T17:12:31.084119,0.000000,2.869352
417.8475,2026-05-19T17:12:31.582852,0.000000,2.869091
418.3449,2026-05-19T17:12:32.080255,0.000000,2.868826
418.8769,2026-05-19T17:12:32.612255,0.000000,2.868567
419.3415,2026-05-19T17:12:33.076806,0.000000,2.868347
419.8356,2026-05-19T17:12:33.570931,0.000000,2.868295
420.3287,2026-05-19T17:12:34.064043,0.000000,2.868230
420.8231,2026-05-19T17:12:34.558498,0.000000,2.868251
421.3209,2026-05-19T17:12:35.056289,0.000000,2.868245
421.8447,2026-05-19T17:12:35.580021,0.000000,2.868112
422.3447,2026-05-19T17:12:36.080081,0.000000,2.867985
422.8449,2026-05-19T17:12:36.580229,0.000000,2.867967
423.3408,2026-05-19T17:12:37.076158,0.000000,2.867834
423.7950,2026-05-19T17:12:37.530350,0.000000,2.867724
424.2826,2026-05-19T17:12:38.017941,0.000000,2.867628
424.7878,2026-05-19T17:12:38.523110,0.000000,2.867396
425.2426,2026-05-19T17:12:38.977923,0.000000,2.867177
425.7039,2026-05-19T17:12:39.439240,0.000000,2.867080
426.1955,2026-05-19T17:12:39.930822,0.000000,2.866859
426.6513,2026-05-19T17:12:40.386613,0.000000,2.866732
427.1705,2026-05-19T17:12:40.905866,0.000000,2.866690
427.6640,2026-05-19T17:12:41.399357,0.000000,2.866638
428.1777,2026-05-19T17:12:41.913066,0.000000,2.866621
428.7008,2026-05-19T17:12:42.436129,0.000000,2.866538
429.2039,2026-05-19T17:12:42.939245,0.000000,2.866374
429.7050,2026-05-19T17:12:43.440341,0.000000,2.866214
430.2237,2026-05-19T17:12:43.959032,0.000000,2.866028
430.7574,2026-05-19T17:12:44.492776,0.000000,2.865825
431.2341,2026-05-19T17:12:44.969434,0.000000,2.865578
431.7206,2026-05-19T17:12:45.455950,0.000000,2.865333
432.2068,2026-05-19T17:12:45.942187,0.000000,2.865167
432.6946,2026-05-19T17:12:46.429920,0.000000,2.864982
433.1986,2026-05-19T17:12:46.933932,0.000000,2.864883
433.6566,2026-05-19T17:12:47.391960,0.000000,2.864784
434.1397,2026-05-19T17:12:47.875081,0.000000,2.864742
434.6578,2026-05-19T17:12:48.393180,0.000000,2.864666
435.1415,2026-05-19T17:12:48.876849,0.000000,2.864714
435.6590,2026-05-19T17:12:49.394380,0.000000,2.864673
436.1227,2026-05-19T17:12:49.858061,0.000000,2.864572
436.6099,2026-05-19T17:12:50.345269,0.000000,2.864463
437.0935,2026-05-19T17:12:50.828819,0.000000,2.864364
437.5919,2026-05-19T17:12:51.327275,0.000000,2.864242
438.0558,2026-05-19T17:12:51.791135,0.000000,2.864242
438.5532,2026-05-19T17:12:52.288523,0.000000,2.864300
439.0013,2026-05-19T17:12:52.736648,0.000000,2.864422
439.5034,2026-05-19T17:12:53.238802,0.000000,2.864496
440.0076,2026-05-19T17:12:53.742961,0.000000,2.864456
440.5036,2026-05-19T17:12:54.238968,0.000000,2.864476
441.0068,2026-05-19T17:12:54.742216,0.000000,2.864450
441.4855,2026-05-19T17:12:55.220835,0.000000,2.864286
441.9453,2026-05-19T17:12:55.680618,0.000000,2.864308
442.4470,2026-05-19T17:12:56.182407,0.000000,2.864171
442.9497,2026-05-19T17:12:56.685059,0.000000,2.864009
443.4474,2026-05-19T17:12:57.182774,0.000000,2.863800
443.9473,2026-05-19T17:12:57.682711,0.000000,2.863641
444.4120,2026-05-19T17:12:58.147316,0.000000,2.863510
444.9362,2026-05-19T17:12:58.671540,0.000000,2.863485
445.4012,2026-05-19T17:12:59.136602,0.000000,2.863581
445.9371,2026-05-19T17:12:59.672473,0.000000,2.863526
446.4009,2026-05-19T17:13:00.136226,0.000000,2.863405
446.8622,2026-05-19T17:13:00.597517,0.000000,2.863112
447.3701,2026-05-19T17:13:01.105456,0.000000,2.862808
447.8639,2026-05-19T17:13:01.599288,0.000000,2.862677
448.3219,2026-05-19T17:13:02.057270,0.000000,2.862485
448.8128,2026-05-19T17:13:02.548168,0.000000,2.862386
449.2904,2026-05-19T17:13:03.025791,0.000000,2.862264
449.7981,2026-05-19T17:13:03.533470,0.000000,2.862062
450.2911,2026-05-19T17:13:04.026471,0.000000,2.861817
450.7918,2026-05-19T17:13:04.527194,0.000000,2.861695
451.2937,2026-05-19T17:13:05.029068,0.000000,2.861507
451.8061,2026-05-19T17:13:05.541426,0.000000,2.861286
452.2854,2026-05-19T17:13:06.020780,0.000000,2.861094
452.7887,2026-05-19T17:13:06.524049,0.000000,2.860890
453.2577,2026-05-19T17:13:06.993103,0.000000,2.860732
453.7142,2026-05-19T17:13:07.449531,0.000000,2.860677
454.1891,2026-05-19T17:13:07.924500,0.000000,2.860626
454.6745,2026-05-19T17:13:08.409822,0.000000,2.860527
455.1643,2026-05-19T17:13:08.899665,0.000000,2.860360
455.6735,2026-05-19T17:13:09.408857,0.000000,2.860201
456.1929,2026-05-19T17:13:09.928221,0.000000,2.860060
456.6741,2026-05-19T17:13:10.409413,0.000000,2.859908
457.1639,2026-05-19T17:13:10.899209,0.000000,2.859853
457.6582,2026-05-19T17:13:11.393583,0.000000,2.859794
458.1531,2026-05-19T17:13:11.888463,0.000000,2.859739
458.6286,2026-05-19T17:13:12.363976,0.000000,2.859617
459.1107,2026-05-19T17:13:12.846013,0.000000,2.859487
459.6480,2026-05-19T17:13:13.383382,0.000000,2.859434
460.1576,2026-05-19T17:13:13.892985,0.000000,2.859386
460.6652,2026-05-19T17:13:14.400567,0.000000,2.859218
461.1350,2026-05-19T17:13:14.870340,0.000000,2.859085
461.6316,2026-05-19T17:13:15.366996,0.000000,2.858836
462.1300,2026-05-19T17:13:15.865397,0.000000,2.858656
462.6703,2026-05-19T17:13:16.405660,0.000000,2.858505
463.1654,2026-05-19T17:13:16.900783,0.000000,2.858328
463.6726,2026-05-19T17:13:17.407937,0.000000,2.858200
464.1643,2026-05-19T17:13:17.899671,0.000000,2.857955
464.6581,2026-05-19T17:13:18.393420,0.000000,2.857740
465.1245,2026-05-19T17:13:18.859863,0.000000,2.857557
465.5996,2026-05-19T17:13:19.334970,0.000000,2.857470
466.0826,2026-05-19T17:13:19.817972,0.000000,2.857477
466.5748,2026-05-19T17:13:20.310191,0.000000,2.857528
467.1056,2026-05-19T17:13:20.840957,0.000000,2.857428
467.6061,2026-05-19T17:13:21.341413,0.000000,2.857257
468.1151,2026-05-19T17:13:21.850445,0.000000,2.857132
468.5995,2026-05-19T17:13:22.334809,0.000000,2.857042
469.0696,2026-05-19T17:13:22.804965,0.000000,2.857073
469.5596,2026-05-19T17:13:23.294984,0.000000,2.857117
470.0623,2026-05-19T17:13:23.797670,0.000000,2.857006
470.5607,2026-05-19T17:13:24.296099,0.000000,2.856841
471.0482,2026-05-19T17:13:24.783544,0.000000,2.856750
471.5570,2026-05-19T17:13:25.292390,0.000000,2.856571
472.0573,2026-05-19T17:13:25.792613,0.000000,2.856516
472.5570,2026-05-19T17:13:26.292348,0.000000,2.856606
473.0232,2026-05-19T17:13:26.758526,0.000000,2.856483
473.5124,2026-05-19T17:13:27.247780,0.000000,2.856463
473.9814,2026-05-19T17:13:27.716730,0.000000,2.856395
474.4810,2026-05-19T17:13:28.216381,0.000000,2.856343
474.9778,2026-05-19T17:13:28.713155,0.000000,2.856262
475.4744,2026-05-19T17:13:29.209773,0.000000,2.856125
475.9492,2026-05-19T17:13:29.684543,0.000000,2.855984
476.4496,2026-05-19T17:13:30.184939,0.000000,2.855884
476.9664,2026-05-19T17:13:30.701722,0.000000,2.855802
477.4208,2026-05-19T17:13:31.156107,0.000000,2.855823
477.8776,2026-05-19T17:13:31.612942,0.000000,2.855843
478.3476,2026-05-19T17:13:32.082971,0.000000,2.855837
478.8423,2026-05-19T17:13:32.577693,0.000000,2.855953
479.3160,2026-05-19T17:13:33.051342,0.000000,2.855931
479.8017,2026-05-19T17:13:33.537075,0.000000,2.855830
480.3048,2026-05-19T17:13:34.040177,0.000000,2.855562
480.7987,2026-05-19T17:13:34.534107,0.000000,2.855219
481.3408,2026-05-19T17:13:35.076190,0.000000,2.854963
481.8422,2026-05-19T17:13:35.577511,0.000000,2.854788
482.3528,2026-05-19T17:13:36.088206,0.000000,2.854781
482.8084,2026-05-19T17:13:36.543791,0.000000,2.854764
483.2618,2026-05-19T17:13:36.997197,0.000000,2.854839
483.7176,2026-05-19T17:13:37.452916,0.000000,2.854824
484.2158,2026-05-19T17:13:37.951179,0.000000,2.854755
484.7194,2026-05-19T17:13:38.454709,0.000000,2.854674
485.2081,2026-05-19T17:13:38.943509,0.000000,2.854601
485.7004,2026-05-19T17:13:39.435699,0.000000,2.854555
486.1535,2026-05-19T17:13:39.888872,0.000000,2.854569
486.6142,2026-05-19T17:13:40.349533,0.000000,2.854566
487.1068,2026-05-19T17:13:40.842208,0.000000,2.854495
487.5657,2026-05-19T17:13:41.301081,0.000000,2.854462
488.0667,2026-05-19T17:13:41.802056,0.000000,2.854383
488.5817,2026-05-19T17:13:42.317096,0.000000,2.854197
489.0814,2026-05-19T17:13:42.816792,0.000000,2.854145
489.5744,2026-05-19T17:13:43.309721,0.000000,2.854043
490.0776,2026-05-19T17:13:43.812992,0.000000,2.853877
490.5587,2026-05-19T17:13:44.294049,0.000000,2.853823
491.0568,2026-05-19T17:13:44.792128,0.000000,2.853796
491.5720,2026-05-19T17:13:45.307403,0.000000,2.853802
492.0578,2026-05-19T17:13:45.793107,0.000000,2.853873
492.5970,2026-05-19T17:13:46.332386,0.000000,2.853930
493.0916,2026-05-19T17:13:46.827004,0.000000,2.853804
493.5903,2026-05-19T17:13:47.325658,0.000000,2.853611
494.0411,2026-05-19T17:13:47.776424,0.000000,2.853412
494.5162,2026-05-19T17:13:48.251514,0.000000,2.853069
495.0114,2026-05-19T17:13:48.746750,0.000000,2.852873
495.5033,2026-05-19T17:13:49.238703,0.000000,2.852784
496.0025,2026-05-19T17:13:49.737892,0.000000,2.852593
496.5048,2026-05-19T17:13:50.240186,0.000000,2.852559
497.0093,2026-05-19T17:13:50.744653,0.000000,2.852448
497.5098,2026-05-19T17:13:51.245193,0.000000,2.852375
497.9936,2026-05-19T17:13:51.729004,0.000000,2.852213
498.4526,2026-05-19T17:13:52.187962,0.000000,2.852131
498.9587,2026-05-19T17:13:52.694066,0.000000,2.852001
499.4141,2026-05-19T17:13:53.149408,0.000000,2.851862
499.8877,2026-05-19T17:13:53.623008,0.000000,2.851786
500.3750,2026-05-19T17:13:54.110336,0.000000,2.851594
500.8280,2026-05-19T17:13:54.563365,0.000000,2.851403
501.3261,2026-05-19T17:13:55.061445,0.000000,2.851203
501.8223,2026-05-19T17:13:55.557691,0.000000,2.851072
502.3472,2026-05-19T17:13:56.082518,0.000000,2.850866
502.8556,2026-05-19T17:13:56.590925,0.000000,2.850761
503.3537,2026-05-19T17:13:57.089043,0.000000,2.850652
503.8581,2026-05-19T17:13:57.593445,0.000000,2.850552
504.3460,2026-05-19T17:13:58.081379,0.000000,2.850639
504.8426,2026-05-19T17:13:58.577984,0.000000,2.850603
505.3290,2026-05-19T17:13:59.064312,0.000000,2.850561
505.7863,2026-05-19T17:13:59.521682,0.000000,2.850462
506.2868,2026-05-19T17:14:00.022154,0.000000,2.850381
506.7688,2026-05-19T17:14:00.504196,0.000000,2.850301
507.2914,2026-05-19T17:14:01.026737,0.000000,2.850290
507.7713,2026-05-19T17:14:01.506703,0.000000,2.850237
508.2319,2026-05-19T17:14:01.967232,0.000000,2.850114
508.7190,2026-05-19T17:14:02.454370,0.000000,2.850111
509.2148,2026-05-19T17:14:02.950168,0.000000,2.850036
509.7063,2026-05-19T17:14:03.441649,0.000000,2.849995
510.1626,2026-05-19T17:14:03.897992,0.000000,2.849814
510.6653,2026-05-19T17:14:04.400672,0.000000,2.849621
511.1646,2026-05-19T17:14:04.899957,0.000000,2.849445
511.6372,2026-05-19T17:14:05.372544,0.000000,2.849264
512.1544,2026-05-19T17:14:05.889775,0.000000,2.849279
512.6626,2026-05-19T17:14:06.397914,0.000000,2.849120
513.1508,2026-05-19T17:14:06.886162,0.000000,2.848860
513.6181,2026-05-19T17:14:07.353450,0.000000,2.848623
514.1152,2026-05-19T17:14:07.850553,0.000000,2.848429
514.5897,2026-05-19T17:14:08.325008,0.000000,2.848414
515.0602,2026-05-19T17:14:08.795529,0.000000,2.848503
515.5260,2026-05-19T17:14:09.261368,0.000000,2.848540
516.0058,2026-05-19T17:14:09.741174,0.000000,2.848385
516.4742,2026-05-19T17:14:10.209606,0.000000,2.848184
516.9283,2026-05-19T17:14:10.663606,0.000000,2.847829
517.3870,2026-05-19T17:14:11.122343,0.000000,2.847511
517.8793,2026-05-19T17:14:11.614655,0.000000,2.847303
518.3344,2026-05-19T17:14:12.069719,0.000000,2.847205
518.7968,2026-05-19T17:14:12.532152,0.000000,2.847126
519.2622,2026-05-19T17:14:12.997550,0.000000,2.846939
519.7520,2026-05-19T17:14:13.487320,0.000000,2.846947
520.2575,2026-05-19T17:14:13.992897,0.000000,2.846837
520.7420,2026-05-19T17:14:14.477316,0.000000,2.846762
521.2756,2026-05-19T17:14:15.010929,0.000000,2.846706
521.7833,2026-05-19T17:14:15.518672,0.000000,2.846536
522.2829,2026-05-19T17:14:16.018226,0.000000,2.846451
522.7743,2026-05-19T17:14:16.509655,0.000000,2.846407
523.2778,2026-05-19T17:14:17.013115,0.000000,2.846463
523.7331,2026-05-19T17:14:17.468417,0.000000,2.846546
524.2319,2026-05-19T17:14:17.967292,0.000000,2.846476
524.7341,2026-05-19T17:14:18.469436,0.000000,2.846358
525.2145,2026-05-19T17:14:18.949831,0.000000,2.846130
525.7342,2026-05-19T17:14:19.469560,0.000000,2.845814
526.2103,2026-05-19T17:14:19.945612,0.000000,2.845702
526.7098,2026-05-19T17:14:20.445130,0.000000,2.845542
527.1991,2026-05-19T17:14:20.934454,0.000000,2.845372
527.6639,2026-05-19T17:14:21.399218,0.000000,2.845236
528.1605,2026-05-19T17:14:21.895888,0.000000,2.845055
528.6568,2026-05-19T17:14:22.392138,0.000000,2.844886
529.1385,2026-05-19T17:14:22.873827,0.000000,2.844806
529.6311,2026-05-19T17:14:23.366407,0.000000,2.844675
530.1299,2026-05-19T17:14:23.865216,0.000000,2.844688
530.5895,2026-05-19T17:14:24.324860,0.000000,2.844627
531.0908,2026-05-19T17:14:24.826161,0.000000,2.844532
531.5849,2026-05-19T17:14:25.320254,0.000000,2.844491
532.0690,2026-05-19T17:14:25.804391,0.000000,2.844358
532.5432,2026-05-19T17:14:26.278544,0.000000,2.844317
533.0113,2026-05-19T17:14:26.746659,0.000000,2.844293
533.5025,2026-05-19T17:14:27.237822,0.000000,2.844357
533.9619,2026-05-19T17:14:27.697301,0.000000,2.844268
534.4356,2026-05-19T17:14:28.170969,0.000000,2.844101
534.9290,2026-05-19T17:14:28.664406,0.000000,2.843864
535.3996,2026-05-19T17:14:29.134914,0.000000,2.843606
535.8557,2026-05-19T17:14:29.591089,0.000000,2.843494
536.3765,2026-05-19T17:14:30.111896,0.000000,2.843271
536.8652,2026-05-19T17:14:30.600552,0.000000,2.843032
537.3732,2026-05-19T17:14:31.108567,0.000000,2.842807
537.8483,2026-05-19T17:14:31.583651,0.000000,2.842454
538.3154,2026-05-19T17:14:32.050785,0.000000,2.842301
538.7925,2026-05-19T17:14:32.527892,0.000000,2.842171
539.2686,2026-05-19T17:14:33.003959,0.000000,2.842034
539.7468,2026-05-19T17:14:33.482127,0.000000,2.841892
540.2319,2026-05-19T17:14:33.967276,0.000000,2.841705
540.6963,2026-05-19T17:14:34.431669,0.000000,2.841446
541.1988,2026-05-19T17:14:34.934125,0.000000,2.841203
541.6681,2026-05-19T17:14:35.403482,0.000000,2.841018
542.1575,2026-05-19T17:14:35.892895,0.000000,2.840671
542.7042,2026-05-19T17:14:36.439551,0.000000,0.312853
543.2582,2026-05-19T17:14:36.993558,0.000000,0.898128
543.7498,2026-05-19T17:14:37.485159,0.000000,0.343878
544.2408,2026-05-19T17:14:37.976148,0.000000,0.672584
544.7663,2026-05-19T17:14:38.501622,0.000000,0.291970
545.2995,2026-05-19T17:14:39.034891,0.000000,0.289264
545.7952,2026-05-19T17:14:39.530595,0.000000,0.288760
546.2952,2026-05-19T17:14:40.030580,0.000000,0.604742
546.7953,2026-05-19T17:14:40.530711,0.000000,0.472988
547.2525,2026-05-19T17:14:40.987827,0.000000,1.121409
547.7532,2026-05-19T17:14:41.488518,0.000000,1.713016
548.2462,2026-05-19T17:14:41.981559,0.000000,2.356286
548.7519,2026-05-19T17:14:42.487266,0.000000,2.839352
549.2488,2026-05-19T17:14:42.984171,0.000000,2.839200
549.7551,2026-05-19T17:14:43.490498,0.000000,2.839037
550.2512,2026-05-19T17:14:43.986525,0.000000,2.838797
550.7454,2026-05-19T17:14:44.480724,0.000000,2.838583
551.2463,2026-05-19T17:14:44.981610,0.000000,2.838560
551.7277,2026-05-19T17:14:45.463036,0.000000,2.838590
552.1987,2026-05-19T17:14:45.934046,0.000000,2.838594
552.6834,2026-05-19T17:14:46.418750,0.000000,2.838540
553.1571,2026-05-19T17:14:46.892425,0.000000,2.838384
553.6749,2026-05-19T17:14:47.410244,0.000000,2.838170
554.1953,2026-05-19T17:14:47.930669,0.000000,2.837984
554.6581,2026-05-19T17:14:48.393446,0.000000,2.837775
555.1581,2026-05-19T17:14:48.893412,0.000000,2.837682
555.6546,2026-05-19T17:14:49.389992,0.000000,2.837638
556.1486,2026-05-19T17:14:49.883976,0.000000,2.837472
556.6438,2026-05-19T17:14:50.379179,0.000000,2.837357
557.0971,2026-05-19T17:14:50.832444,0.000000,2.837222
557.5698,2026-05-19T17:14:51.305188,0.000000,2.836973
558.0898,2026-05-19T17:14:51.825162,0.000000,2.836784
558.6160,2026-05-19T17:14:52.351327,0.000000,2.836534
559.1345,2026-05-19T17:14:52.869895,0.000000,2.836352
559.6044,2026-05-19T17:14:53.339798,0.000000,2.836131
560.1079,2026-05-19T17:14:53.843310,0.000000,2.836062
560.5725,2026-05-19T17:14:54.307880,0.000000,2.836076
561.0704,2026-05-19T17:14:54.805812,0.000000,2.836087
561.5676,2026-05-19T17:14:55.302958,0.000000,2.835958
562.0680,2026-05-19T17:14:55.803378,0.000000,2.835826
562.5330,2026-05-19T17:14:56.268311,0.000000,2.835643
563.0392,2026-05-19T17:14:56.774531,0.000000,2.835463
563.5480,2026-05-19T17:14:57.283322,0.000000,2.835491
564.0510,2026-05-19T17:14:57.786325,0.000000,2.835448
564.5560,2026-05-19T17:14:58.291377,0.000000,2.835303
565.0359,2026-05-19T17:14:58.771266,0.000000,2.835128
565.5405,2026-05-19T17:14:59.275847,0.000000,2.834916
566.0357,2026-05-19T17:14:59.771099,0.000000,2.834693
566.5353,2026-05-19T17:15:00.270677,0.000000,2.834523
567.0322,2026-05-19T17:15:00.767581,0.000000,2.834372
567.5347,2026-05-19T17:15:01.270112,0.000000,2.834195
568.0303,2026-05-19T17:15:01.765655,0.000000,2.834129
568.5081,2026-05-19T17:15:02.243469,0.000000,2.834034
568.9637,2026-05-19T17:15:02.699040,0.000000,2.833942
569.4595,2026-05-19T17:15:03.194886,0.000000,2.833921
569.9363,2026-05-19T17:15:03.671621,0.000000,2.833792
570.4249,2026-05-19T17:15:04.160281,0.000000,2.833690
570.9244,2026-05-19T17:15:04.659789,0.000000,2.833534
571.4582,2026-05-19T17:15:05.193532,0.000000,2.833344
571.9151,2026-05-19T17:15:05.650497,0.000000,2.833118
572.4199,2026-05-19T17:15:06.155251,0.000000,2.832916
572.8962,2026-05-19T17:15:06.631595,0.000000,2.832785
573.3952,2026-05-19T17:15:07.130559,0.000000,2.832693
573.8831,2026-05-19T17:15:07.618480,0.000000,2.832584
574.3610,2026-05-19T17:15:08.096361,0.000000,2.832393
574.8685,2026-05-19T17:15:08.603813,0.000000,2.832231
575.3841,2026-05-19T17:15:09.119507,0.000000,2.832057
575.8924,2026-05-19T17:15:09.627737,0.000000,2.831846
576.3926,2026-05-19T17:15:10.127964,0.000000,2.831651
576.8666,2026-05-19T17:15:10.601991,0.000000,2.831477
577.3581,2026-05-19T17:15:11.093462,0.000000,2.831237
577.8599,2026-05-19T17:15:11.595261,0.000000,2.831000
578.3365,2026-05-19T17:15:12.071873,0.000000,2.830794
578.8438,2026-05-19T17:15:12.579161,0.000000,2.830546
579.3603,2026-05-19T17:15:13.095701,0.000000,2.830464
579.8403,2026-05-19T17:15:13.575684,0.000000,2.830342
580.3476,2026-05-19T17:15:14.082985,0.000000,2.830297
580.8421,2026-05-19T17:15:14.577420,0.000000,2.830370
581.3216,2026-05-19T17:15:15.056932,0.000000,2.830286
581.8241,2026-05-19T17:15:15.559512,0.000000,2.830333
582.2791,2026-05-19T17:15:16.014439,0.000000,2.830346
582.7576,2026-05-19T17:15:16.492912,0.000000,2.830155
583.2505,2026-05-19T17:15:16.985815,0.000000,2.830050
583.7840,2026-05-19T17:15:17.519358,0.000000,2.829845
584.2891,2026-05-19T17:15:18.024457,0.000000,2.829612
584.7864,2026-05-19T17:15:18.521713,0.000000,2.829528
585.2794,2026-05-19T17:15:19.014811,0.000000,2.829312
585.7430,2026-05-19T17:15:19.478349,0.000000,2.829170
586.2447,2026-05-19T17:15:19.980042,0.000000,2.828957
586.7372,2026-05-19T17:15:20.472603,0.000000,2.828775
587.2351,2026-05-19T17:15:20.970502,0.000000,2.828676
587.7311,2026-05-19T17:15:21.466469,0.000000,2.828568
588.2467,2026-05-19T17:15:21.982025,0.000000,2.828446
588.7527,2026-05-19T17:15:22.488051,0.000000,2.828347
589.2579,2026-05-19T17:15:22.993220,0.000000,2.828261
589.7446,2026-05-19T17:15:23.479999,0.000000,2.828072
590.2480,2026-05-19T17:15:23.983393,0.000000,2.828069
590.7143,2026-05-19T17:15:24.449657,0.000000,2.827892
591.2413,2026-05-19T17:15:24.976626,0.000000,2.827781
591.7455,2026-05-19T17:15:25.480849,0.000000,2.827782
592.2609,2026-05-19T17:15:25.996274,0.000000,2.827753
592.7550,2026-05-19T17:15:26.490379,0.000000,2.827701
593.2542,2026-05-19T17:15:26.989518,0.000000,2.827704
593.7466,2026-05-19T17:15:27.481903,0.000000,2.827710
594.2790,2026-05-19T17:15:28.014378,0.000000,2.827687
594.7827,2026-05-19T17:15:28.518047,0.000000,2.827768
595.2506,2026-05-19T17:15:28.985941,0.000000,2.827671
595.7477,2026-05-19T17:15:29.483030,0.000000,2.827577
596.2418,2026-05-19T17:15:29.977127,0.000000,2.827382
596.7409,2026-05-19T17:15:30.476272,0.000000,2.827148
597.2367,2026-05-19T17:15:30.972060,0.000000,2.827026
597.7059,2026-05-19T17:15:31.441283,0.000000,2.826922
598.1889,2026-05-19T17:15:31.924258,0.000000,2.826978
598.7240,2026-05-19T17:15:32.459361,0.000000,2.826948
599.2122,2026-05-19T17:15:32.947545,0.000000,2.826998
599.7179,2026-05-19T17:15:33.453297,0.000000,2.826957
600.2127,2026-05-19T17:15:33.948030,0.000000,2.826906
600.7209,2026-05-19T17:15:34.456208,0.000000,2.826845
601.2163,2026-05-19T17:15:34.951643,0.000000,2.826662
601.7511,2026-05-19T17:15:35.486438,0.000000,2.826577
602.2432,2026-05-19T17:15:35.978595,0.000000,2.826448
602.7358,2026-05-19T17:15:36.471196,0.000000,2.826321
603.2313,2026-05-19T17:15:36.966651,0.000000,2.826246
603.7280,2026-05-19T17:15:37.463404,0.000000,2.826135
604.2245,2026-05-19T17:15:37.959864,0.000000,2.825988
604.7312,2026-05-19T17:15:38.466576,0.000000,2.825844
605.2251,2026-05-19T17:15:38.960460,0.000000,2.825633
605.7322,2026-05-19T17:15:39.467597,0.000000,2.825458
606.2320,2026-05-19T17:15:39.967304,0.000000,2.825408
606.7322,2026-05-19T17:15:40.467610,0.000000,2.825274
607.2093,2026-05-19T17:15:40.944689,0.000000,2.825237
607.6909,2026-05-19T17:15:41.426280,0.000000,2.825107
608.1841,2026-05-19T17:15:41.919416,0.000000,2.824977
608.6844,2026-05-19T17:15:42.419767,0.000000,2.824840
609.1836,2026-05-19T17:15:42.918925,0.000000,2.824620
609.6835,2026-05-19T17:15:43.418895,0.000000,2.824418
610.1679,2026-05-19T17:15:43.903245,0.000000,2.824215
610.6763,2026-05-19T17:15:44.411661,0.000000,2.824051
611.1758,2026-05-19T17:15:44.911144,0.000000,2.823988
611.6729,2026-05-19T17:15:45.408247,0.000000,2.823909
612.1755,2026-05-19T17:15:45.910850,0.000000,2.823893
612.6998,2026-05-19T17:15:46.435108,0.000000,2.823895
613.2404,2026-05-19T17:15:46.975776,0.000000,2.823789
613.7335,2026-05-19T17:15:47.468851,0.000000,2.823711
614.2166,2026-05-19T17:15:47.952007,0.000000,2.823556
614.7120,2026-05-19T17:15:48.447377,0.000000,2.823418
615.2120,2026-05-19T17:15:48.947394,0.000000,2.823180
615.7164,2026-05-19T17:15:49.451704,0.000000,2.822949
616.2491,2026-05-19T17:15:49.984416,0.000000,2.822703
616.7568,2026-05-19T17:15:50.492155,0.000000,2.822490
617.2582,2026-05-19T17:15:50.993607,0.000000,2.822354
617.7584,2026-05-19T17:15:51.493743,0.000000,2.822320
618.2644,2026-05-19T17:15:51.999725,0.000000,2.822316
618.8008,2026-05-19T17:15:52.536200,0.000000,2.822217
619.2917,2026-05-19T17:15:53.027093,0.000000,2.822116
619.7591,2026-05-19T17:15:53.494443,0.000000,2.821951
620.2174,2026-05-19T17:15:53.952705,0.000000,2.821701
620.6921,2026-05-19T17:15:54.427421,0.000000,2.821542
621.1782,2026-05-19T17:15:54.913543,0.000000,2.821323
621.6424,2026-05-19T17:15:55.377804,0.000000,2.821104
622.0930,2026-05-19T17:15:55.828366,0.000000,2.820984
622.6025,2026-05-19T17:15:56.337851,0.000000,2.820869
623.0692,2026-05-19T17:15:56.804594,0.000000,2.820802
623.5363,2026-05-19T17:15:57.271651,0.000000,2.820682
624.0332,2026-05-19T17:15:57.768581,0.000000,2.820581
624.4841,2026-05-19T17:15:58.219478,0.000000,2.820461
624.9621,2026-05-19T17:15:58.697403,0.000000,2.820384
625.4230,2026-05-19T17:15:59.158371,0.000000,2.820308
625.8816,2026-05-19T17:15:59.616964,0.000000,2.820197
626.3781,2026-05-19T17:16:00.113449,0.000000,2.820204
626.8795,2026-05-19T17:16:00.614834,0.000000,2.820114
627.3325,2026-05-19T17:16:01.067865,0.000000,2.820093
627.8257,2026-05-19T17:16:01.561106,0.000000,2.820066
628.2762,2026-05-19T17:16:02.011566,0.000000,2.819871
628.7682,2026-05-19T17:16:02.503533,0.000000,2.819757
629.3071,2026-05-19T17:16:03.042492,0.000000,2.819532
629.7787,2026-05-19T17:16:03.514025,0.000000,2.819221
630.2744,2026-05-19T17:16:04.009726,0.000000,2.819047
630.7339,2026-05-19T17:16:04.469217,0.000000,2.818767
631.2117,2026-05-19T17:16:04.947026,0.000000,2.818656
631.6859,2026-05-19T17:16:05.421291,0.000000,2.818575
632.1526,2026-05-19T17:16:05.887997,0.000000,2.818428
632.6484,2026-05-19T17:16:06.383789,0.000000,2.818393
633.1008,2026-05-19T17:16:06.836133,0.000000,2.818342
633.5566,2026-05-19T17:16:07.291956,0.000000,2.818270
634.0563,2026-05-19T17:16:07.791676,0.000000,2.818154
634.5159,2026-05-19T17:16:08.251257,0.000000,2.818077
635.0119,2026-05-19T17:16:08.747283,0.000000,2.817931
635.4877,2026-05-19T17:16:09.223093,0.000000,2.817792
635.9551,2026-05-19T17:16:09.690470,0.000000,2.817728
636.4489,2026-05-19T17:16:10.184211,0.000000,2.817652
636.9405,2026-05-19T17:16:10.675864,0.000000,2.817573
637.4076,2026-05-19T17:16:11.142980,0.000000,2.817428
637.9329,2026-05-19T17:16:11.668303,0.000000,2.817303
638.4327,2026-05-19T17:16:12.168063,0.000000,2.817183
638.9372,2026-05-19T17:16:12.672559,0.000000,2.816993
639.4034,2026-05-19T17:16:13.138703,0.000000,2.816864
639.9013,2026-05-19T17:16:13.636636,0.000000,2.816746
640.3529,2026-05-19T17:16:14.088295,0.000000,2.816700
640.8418,2026-05-19T17:16:14.577197,0.000000,2.816609
641.3242,2026-05-19T17:16:15.059545,0.000000,2.816562
641.8080,2026-05-19T17:16:15.543338,0.000000,2.816400
642.3472,2026-05-19T17:16:16.082543,0.000000,2.816340
642.8404,2026-05-19T17:16:16.575748,0.000000,2.816296
643.3368,2026-05-19T17:16:17.072137,0.000000,2.816207
643.8415,2026-05-19T17:16:17.576857,0.000000,2.816056
644.2928,2026-05-19T17:16:18.028140,0.000000,2.815890
644.7870,2026-05-19T17:16:18.522316,0.000000,2.815658
645.2449,2026-05-19T17:16:18.980302,0.000000,2.815426
645.7120,2026-05-19T17:16:19.447316,0.000000,2.815390
646.1703,2026-05-19T17:16:19.905607,0.000000,2.815115
646.6645,2026-05-19T17:16:20.399879,0.000000,2.815018
647.1539,2026-05-19T17:16:20.889219,0.000000,2.814894
647.6204,2026-05-19T17:16:21.355723,0.000000,2.814697
648.0881,2026-05-19T17:16:21.823511,0.000000,2.814709
648.5864,2026-05-19T17:16:22.321747,0.000000,2.814646
649.0624,2026-05-19T17:16:22.797718,0.000000,2.814632
649.5457,2026-05-19T17:16:23.281105,0.000000,2.814608
650.0473,2026-05-19T17:16:23.782645,0.000000,2.814642
650.5733,2026-05-19T17:16:24.308623,0.000000,2.814600
651.0680,2026-05-19T17:16:24.803375,0.000000,2.814564
651.5273,2026-05-19T17:16:25.262628,0.000000,2.814579
651.9764,2026-05-19T17:16:25.711711,0.000000,2.814507
652.4577,2026-05-19T17:16:26.193039,0.000000,2.814439
652.9446,2026-05-19T17:16:26.679917,0.000000,2.814410
653.3987,2026-05-19T17:16:27.134057,0.000000,2.814278
653.8528,2026-05-19T17:16:27.588129,0.000000,2.814251
654.3479,2026-05-19T17:16:28.083299,0.000000,2.814257
654.8054,2026-05-19T17:16:28.540760,0.000000,2.814208
655.2518,2026-05-19T17:16:28.987117,0.000000,2.814130
655.7195,2026-05-19T17:16:29.454869,0.000000,2.814073
656.1792,2026-05-19T17:16:29.914521,0.000000,2.814025
656.6771,2026-05-19T17:16:30.412439,0.000000,2.813887
657.1779,2026-05-19T17:16:30.913212,0.000000,2.813793
657.6780,2026-05-19T17:16:31.413343,0.000000,2.813669
658.1265,2026-05-19T17:16:31.861833,0.000000,2.813423
658.6283,2026-05-19T17:16:32.363668,0.000000,2.813274
659.1119,2026-05-19T17:16:32.847273,0.000000,2.813072
659.5737,2026-05-19T17:16:33.309097,0.000000,2.812951
660.1395,2026-05-19T17:16:33.874894,0.000000,2.812976
660.6406,2026-05-19T17:16:34.375922,0.000000,2.812921
661.1171,2026-05-19T17:16:34.852481,0.000000,2.812882
661.6212,2026-05-19T17:16:35.356537,0.000000,2.812771
662.1197,2026-05-19T17:16:35.855035,0.000000,2.812573
662.6414,2026-05-19T17:16:36.376733,0.000000,2.812431
663.1226,2026-05-19T17:16:36.857920,0.000000,2.812391
663.6597,2026-05-19T17:16:37.395091,0.000000,2.812318
664.1313,2026-05-19T17:16:37.866656,0.000000,2.812302
664.5969,2026-05-19T17:16:38.332209,0.000000,2.812310
665.1006,2026-05-19T17:16:38.835933,0.000000,2.812221
665.5633,2026-05-19T17:16:39.298621,0.000000,2.812216
666.0604,2026-05-19T17:16:39.795782,0.000000,2.812121
666.5315,2026-05-19T17:16:40.266821,0.000000,2.812004
667.0083,2026-05-19T17:16:40.743623,0.000000,2.811925
667.4769,2026-05-19T17:16:41.212229,0.000000,2.811764
667.9698,2026-05-19T17:16:41.705157,0.000000,2.811712
668.4303,2026-05-19T17:16:42.165671,0.000000,2.811704
668.8939,2026-05-19T17:16:42.629274,0.000000,2.811650
669.4243,2026-05-19T17:16:43.159629,0.000000,2.811674
669.9306,2026-05-19T17:16:43.665997,0.000000,2.811528
670.4405,2026-05-19T17:16:44.175881,0.000000,2.811437
670.9229,2026-05-19T17:16:44.658298,0.000000,2.811312
671.4038,2026-05-19T17:16:45.139110,0.000000,2.811178
671.8694,2026-05-19T17:16:45.604789,0.000000,2.811066
672.3404,2026-05-19T17:16:46.075770,0.000000,2.810902
672.8209,2026-05-19T17:16:46.556243,0.000000,2.810796
673.2730,2026-05-19T17:16:47.008495,0.000000,2.810699
673.7737,2026-05-19T17:16:47.509021,0.000000,2.810604
674.2654,2026-05-19T17:16:48.000796,0.000000,2.810562
674.7939,2026-05-19T17:16:48.529250,0.000000,2.810476
675.2667,2026-05-19T17:16:49.002061,0.000000,2.810493
675.7860,2026-05-19T17:16:49.521356,0.000000,2.810487
676.2314,2026-05-19T17:16:49.966801,0.000000,2.810470
676.7291,2026-05-19T17:16:50.464465,0.000000,2.810440
677.2262,2026-05-19T17:16:50.961546,0.000000,2.810289
677.7002,2026-05-19T17:16:51.435540,0.000000,2.810212
678.1566,2026-05-19T17:16:51.891930,0.000000,2.810036
678.6501,2026-05-19T17:16:52.385461,0.000000,2.809973
679.1198,2026-05-19T17:16:52.855184,0.000000,2.809957
679.6058,2026-05-19T17:16:53.341130,0.000000,2.809932
680.0925,2026-05-19T17:16:53.827882,0.000000,2.810000
680.5619,2026-05-19T17:16:54.297249,0.000000,2.809932
681.0681,2026-05-19T17:16:54.803497,0.000000,2.809839
681.5792,2026-05-19T17:16:55.314589,0.000000,2.809719
682.1060,2026-05-19T17:16:55.841333,0.000000,2.809603
682.5528,2026-05-19T17:16:56.288173,0.000000,2.809492
683.0456,2026-05-19T17:16:56.781005,0.000000,2.809359
683.5037,2026-05-19T17:16:57.239071,0.000000,2.809211
684.0015,2026-05-19T17:16:57.736824,0.000000,2.808996
684.4512,2026-05-19T17:16:58.186561,0.000000,2.808774
684.9286,2026-05-19T17:16:58.663970,0.000000,2.808582
685.4255,2026-05-19T17:16:59.160803,0.000000,2.808392
685.8957,2026-05-19T17:16:59.631050,0.000000,2.808238
686.3964,2026-05-19T17:17:00.131723,0.000000,2.808041
686.9033,2026-05-19T17:17:00.638664,0.000000,2.807834
687.4260,2026-05-19T17:17:01.161334,0.000000,2.807625
687.8900,2026-05-19T17:17:01.625326,0.000000,2.807493
688.3875,2026-05-19T17:17:02.122831,0.000000,2.807376
688.8861,2026-05-19T17:17:02.621488,0.000000,2.807298
689.3646,2026-05-19T17:17:03.099961,0.000000,2.807204
689.8217,2026-05-19T17:17:03.557051,0.000000,2.807077
690.2994,2026-05-19T17:17:04.034735,0.000000,2.806969
690.7663,2026-05-19T17:17:04.501638,0.000000,2.806940
691.2414,2026-05-19T17:17:04.976801,0.000000,2.806850
691.7157,2026-05-19T17:17:05.451014,0.000000,2.806804
692.1888,2026-05-19T17:17:05.924107,0.000000,2.806733
692.6430,2026-05-19T17:17:06.378336,0.000000,2.806653
693.1041,2026-05-19T17:17:06.839462,0.000000,2.806560
693.5775,2026-05-19T17:17:07.312814,0.000000,2.806411
694.0371,2026-05-19T17:17:07.772503,0.000000,2.806296
694.5124,2026-05-19T17:17:08.247808,0.000000,2.806180
694.9952,2026-05-19T17:17:08.730569,0.000000,2.806044
695.4655,2026-05-19T17:17:09.200840,0.000000,2.805944
695.9455,2026-05-19T17:17:09.680902,0.000000,2.805820
696.3920,2026-05-19T17:17:10.127310,0.000000,2.805691
696.8933,2026-05-19T17:17:10.628677,0.000000,2.805563
697.3556,2026-05-19T17:17:11.090916,0.000000,2.805299
697.8479,2026-05-19T17:17:11.583277,0.000000,2.805148
698.3196,2026-05-19T17:17:12.055005,0.000000,2.805068
698.8197,2026-05-19T17:17:12.555098,0.000000,2.805008
699.3364,2026-05-19T17:17:13.071809,0.000000,2.804974
699.8348,2026-05-19T17:17:13.570149,0.000000,2.804953
700.2961,2026-05-19T17:17:14.031444,0.000000,2.804781
700.7846,2026-05-19T17:17:14.519919,0.000000,2.804690
701.2610,2026-05-19T17:17:14.996336,0.000000,2.804560
701.7363,2026-05-19T17:17:15.471627,0.000000,2.804501
702.2100,2026-05-19T17:17:15.945308,0.000000,2.804351
702.6637,2026-05-19T17:17:16.399013,0.000000,2.804259
703.1225,2026-05-19T17:17:16.857888,0.000000,2.804160
703.6012,2026-05-19T17:17:17.336528,0.000000,2.804056
704.0767,2026-05-19T17:17:17.812025,0.000000,2.804042
704.5388,2026-05-19T17:17:18.274165,0.000000,2.803884
705.0366,2026-05-19T17:17:18.771993,0.000000,2.803816
705.5207,2026-05-19T17:17:19.256048,0.000000,2.803727
706.0656,2026-05-19T17:17:19.800922,0.000000,2.803525
706.5173,2026-05-19T17:17:20.252635,0.000000,2.803296
707.0373,2026-05-19T17:17:20.772643,0.000000,2.803114
707.4894,2026-05-19T17:17:21.224790,0.000000,2.802869
707.9806,2026-05-19T17:17:21.715908,0.000000,2.802615
708.4451,2026-05-19T17:17:22.180421,0.000000,2.802466
708.9523,2026-05-19T17:17:22.687679,0.000000,2.802368
709.4293,2026-05-19T17:17:23.164737,0.000000,2.802190
709.9041,2026-05-19T17:17:23.639422,0.000000,2.801974
710.3929,2026-05-19T17:17:24.128214,0.000000,2.801840
710.8796,2026-05-19T17:17:24.614961,0.000000,2.801661
711.3822,2026-05-19T17:17:25.117598,0.000000,2.801546
711.9056,2026-05-19T17:17:25.641005,0.000000,2.801505
712.4126,2026-05-19T17:17:26.147954,0.000000,2.801378
712.9060,2026-05-19T17:17:26.641402,0.000000,2.801270
713.4085,2026-05-19T17:17:27.143873,0.000000,2.801169
713.9071,2026-05-19T17:17:27.642428,0.000000,2.801111
714.3736,2026-05-19T17:17:28.108957,0.000000,2.801006
714.8240,2026-05-19T17:17:28.559356,0.000000,2.800903
715.2824,2026-05-19T17:17:29.017717,0.000000,2.800775
715.7442,2026-05-19T17:17:29.479591,0.000000,2.800738
716.2440,2026-05-19T17:17:29.979378,0.000000,2.800608
716.7452,2026-05-19T17:17:30.480508,0.000000,2.800497
717.2496,2026-05-19T17:17:30.984965,0.000000,2.800413
717.7084,2026-05-19T17:17:31.443704,0.000000,2.800327
718.2016,2026-05-19T17:17:31.936911,0.000000,2.800309
718.7117,2026-05-19T17:17:32.447080,0.000000,2.800179
719.1995,2026-05-19T17:17:32.934855,0.000000,2.800053
719.6745,2026-05-19T17:17:33.409825,0.000000,2.799940
720.1312,2026-05-19T17:17:33.866518,0.000000,2.799746
720.6052,2026-05-19T17:17:34.340570,0.000000,2.799595
721.0990,2026-05-19T17:17:34.834381,0.000000,2.799384
721.5652,2026-05-19T17:17:35.300587,0.000000,2.799154
722.0502,2026-05-19T17:17:35.785563,0.000000,2.798936
722.5331,2026-05-19T17:17:36.268479,0.000000,2.798802
723.0166,2026-05-19T17:17:36.751970,0.000000,2.798709
723.5157,2026-05-19T17:17:37.251068,0.000000,2.798573
724.0314,2026-05-19T17:17:37.766776,0.000000,2.798388
724.5584,2026-05-19T17:17:38.293723,0.000000,2.798285
725.0579,2026-05-19T17:17:38.793299,0.000000,2.798080
725.5145,2026-05-19T17:17:39.249811,0.000000,2.798022
725.9748,2026-05-19T17:17:39.710175,0.000000,2.797952
726.4549,2026-05-19T17:17:40.190244,0.000000,2.797938
726.9184,2026-05-19T17:17:40.653783,0.000000,2.797887
727.3873,2026-05-19T17:17:41.122703,0.000000,2.797822
727.8555,2026-05-19T17:17:41.590843,0.000000,2.797694
728.3318,2026-05-19T17:17:42.067173,0.000000,2.797462
728.8040,2026-05-19T17:17:42.539350,0.000000,2.797296
729.2746,2026-05-19T17:17:43.009966,0.000000,2.797087
729.7594,2026-05-19T17:17:43.494800,0.000000,2.796965
730.2470,2026-05-19T17:17:43.982323,0.000000,2.796879
730.6956,2026-05-19T17:17:44.430911,0.000000,2.796852
731.1673,2026-05-19T17:17:44.902606,0.000000,2.796816
731.6398,2026-05-19T17:17:45.375184,0.000000,2.796797
732.1249,2026-05-19T17:17:45.860277,0.000000,2.796788
732.6292,2026-05-19T17:17:46.364610,0.000000,2.796598
733.1537,2026-05-19T17:17:46.889078,0.000000,2.796469
733.6701,2026-05-19T17:17:47.405487,0.000000,2.796460
734.1363,2026-05-19T17:17:47.871678,0.000000,2.796433
734.6117,2026-05-19T17:17:48.347059,0.000000,2.796410
735.1145,2026-05-19T17:17:48.849806,0.000000,2.796365
735.6180,2026-05-19T17:17:49.353359,0.000000,2.796336
736.0644,2026-05-19T17:17:49.799718,0.000000,2.796390
736.5150,2026-05-19T17:17:50.250323,0.000000,2.796408
736.9822,2026-05-19T17:17:50.717594,0.000000,2.796398
737.4498,2026-05-19T17:17:51.185131,0.000000,2.796340
737.9296,2026-05-19T17:17:51.664945,0.000000,2.796142
738.3908,2026-05-19T17:17:52.126175,0.000000,2.795879
738.8666,2026-05-19T17:17:52.601932,0.000000,2.795688
739.3404,2026-05-19T17:17:53.075777,0.000000,2.795487
739.7882,2026-05-19T17:17:53.523548,0.000000,2.795366
740.2566,2026-05-19T17:17:53.991957,0.000000,2.795306
740.7145,2026-05-19T17:17:54.449822,0.000000,2.795334
741.1945,2026-05-19T17:17:54.929887,0.000000,2.795343
741.6890,2026-05-19T17:17:55.424400,0.000000,2.795347
742.1755,2026-05-19T17:17:55.910877,0.000000,2.795343
742.6175,2026-05-19T17:17:56.352833,0.000000,2.795323
743.1371,2026-05-19T17:17:56.872463,0.000000,2.795318
743.6449,2026-05-19T17:17:57.380289,0.000000,2.795198
744.1096,2026-05-19T17:17:57.844932,0.000000,2.795104
744.5673,2026-05-19T17:17:58.302655,0.000000,2.795035
745.0632,2026-05-19T17:17:58.798531,0.000000,2.794908
745.5232,2026-05-19T17:17:59.258573,0.000000,2.794786
746.0147,2026-05-19T17:17:59.750019,0.000000,2.794702
746.4716,2026-05-19T17:18:00.207014,0.000000,2.794632
746.9381,2026-05-19T17:18:00.673497,0.000000,2.794492
747.4370,2026-05-19T17:18:01.172356,0.000000,2.794388
747.9239,2026-05-19T17:18:01.659285,0.000000,2.794249
748.3933,2026-05-19T17:18:02.128619,0.000000,2.794044
748.8671,2026-05-19T17:18:02.602494,0.000000,2.793926
749.3256,2026-05-19T17:18:03.060951,0.000000,2.793833
749.7953,2026-05-19T17:18:03.530677,0.000000,2.793780
750.2906,2026-05-19T17:18:04.025917,0.000000,2.793611
750.7810,2026-05-19T17:18:04.516344,0.000000,2.793531
751.2383,2026-05-19T17:18:04.973658,0.000000,2.793386
751.7106,2026-05-19T17:18:05.445946,0.000000,2.793346
752.1718,2026-05-19T17:18:05.907157,0.000000,2.793247
752.6299,2026-05-19T17:18:06.365215,0.000000,2.793046
753.0906,2026-05-19T17:18:06.825980,0.000000,2.792890
753.5389,2026-05-19T17:18:07.274267,0.000000,2.792699
753.9974,2026-05-19T17:18:07.732779,0.000000,2.792562
754.4469,2026-05-19T17:18:08.182220,0.000000,2.792580
754.9061,2026-05-19T17:18:08.641536,0.000000,2.792540
755.4013,2026-05-19T17:18:09.136671,0.000000,2.792407
755.8800,2026-05-19T17:18:09.615326,0.000000,2.792549
756.3698,2026-05-19T17:18:10.105133,0.000000,2.792482
756.8553,2026-05-19T17:18:10.590622,0.000000,2.792458
757.3553,2026-05-19T17:18:11.090692,0.000000,2.792385
757.8375,2026-05-19T17:18:11.572804,0.000000,2.792109
758.2977,2026-05-19T17:18:12.033091,0.000000,2.791944
758.7897,2026-05-19T17:18:12.525107,0.000000,2.791870
759.2917,2026-05-19T17:18:13.027087,0.000000,2.791780
759.7912,2026-05-19T17:18:13.526599,0.000000,2.791787
760.2623,2026-05-19T17:18:13.997676,0.000000,2.791704
760.7317,2026-05-19T17:18:14.467048,0.000000,2.791584
761.1896,2026-05-19T17:18:14.924967,0.000000,2.791439
761.6540,2026-05-19T17:18:15.389352,0.000000,2.791252
762.1108,2026-05-19T17:18:15.846116,0.000000,2.791147
762.5540,2026-05-19T17:18:16.289402,0.000000,2.791064
763.0276,2026-05-19T17:18:16.762934,0.000000,2.791040
763.4773,2026-05-19T17:18:17.212673,0.000000,2.790944
763.9852,2026-05-19T17:18:17.720537,0.000000,2.790817
764.4456,2026-05-19T17:18:18.180905,0.000000,2.790687
764.9354,2026-05-19T17:18:18.670742,0.000000,2.790534
765.3946,2026-05-19T17:18:19.129948,0.000000,2.790375
765.8605,2026-05-19T17:18:19.595853,0.000000,2.790188
766.3600,2026-05-19T17:18:20.095330,0.000000,2.790106
766.8288,2026-05-19T17:18:20.564182,0.000000,2.790042
767.3318,2026-05-19T17:18:21.067171,0.000000,2.790048
767.8014,2026-05-19T17:18:21.536726,0.000000,2.790138
768.2514,2026-05-19T17:18:21.986734,0.000000,2.790158
768.7361,2026-05-19T17:18:22.471425,0.000000,2.790260
769.1934,2026-05-19T17:18:22.928772,0.000000,2.790251
769.6583,2026-05-19T17:18:23.393672,0.000000,2.790301
770.1225,2026-05-19T17:18:23.857901,0.000000,2.790339
770.5755,2026-05-19T17:18:24.310813,0.000000,2.790190
771.0613,2026-05-19T17:18:24.796649,0.000000,2.790156
771.5193,2026-05-19T17:18:25.254655,0.000000,2.790111
771.9789,2026-05-19T17:18:25.714270,0.000000,2.789950
772.4460,2026-05-19T17:18:26.181332,0.000000,2.790030
772.9275,2026-05-19T17:18:26.662826,0.000000,2.789983
773.3906,2026-05-19T17:18:27.125951,0.000000,2.789851
773.8625,2026-05-19T17:18:27.597821,0.000000,2.789752
774.3095,2026-05-19T17:18:28.044819,0.000000,2.789600
774.8099,2026-05-19T17:18:28.545248,0.000000,2.789447
775.2598,2026-05-19T17:18:28.995135,0.000000,2.789202
775.7548,2026-05-19T17:18:29.490176,0.000000,2.789044
776.2104,2026-05-19T17:18:29.945714,0.000000,2.788780
776.6677,2026-05-19T17:18:30.403047,0.000000,2.788562
777.1290,2026-05-19T17:18:30.864351,0.000000,2.788427
777.5937,2026-05-19T17:18:31.329048,0.000000,2.788218
778.0789,2026-05-19T17:18:31.814249,0.000000,2.788065
778.6028,2026-05-19T17:18:32.338148,0.000000,2.787905
779.0925,2026-05-19T17:18:32.827818,0.000000,2.787683
779.5957,2026-05-19T17:18:33.331059,0.000000,2.787526
780.0713,2026-05-19T17:18:33.806637,0.000000,2.787441
780.5186,2026-05-19T17:18:34.254004,0.000000,2.787323
780.9858,2026-05-19T17:18:34.721158,0.000000,2.787265
781.4796,2026-05-19T17:18:35.214939,0.000000,2.787141
781.9686,2026-05-19T17:18:35.703936,0.000000,2.787006
782.4286,2026-05-19T17:18:36.163919,0.000000,2.786889
782.8930,2026-05-19T17:18:36.628326,0.000000,2.786754
783.3709,2026-05-19T17:18:37.106228,0.000000,2.786608
783.8595,2026-05-19T17:18:37.594885,0.000000,2.786431
784.3107,2026-05-19T17:18:38.046090,0.000000,2.786336
784.7863,2026-05-19T17:18:38.521698,0.000000,2.786237
785.2439,2026-05-19T17:18:38.979296,0.000000,2.786098
785.7201,2026-05-19T17:18:39.455463,0.000000,2.785914
786.2088,2026-05-19T17:18:39.944201,0.000000,2.785799
786.7041,2026-05-19T17:18:40.439498,0.000000,2.785550
787.1603,2026-05-19T17:18:40.895685,0.000000,2.785420
787.6674,2026-05-19T17:18:41.402722,0.000000,2.785244
788.1706,2026-05-19T17:18:41.905944,0.000000,2.785130
788.6371,2026-05-19T17:18:42.372408,0.000000,2.785079
789.1458,2026-05-19T17:18:42.881125,0.000000,2.785026
789.6105,2026-05-19T17:18:43.345837,0.000000,2.784986
790.1396,2026-05-19T17:18:43.874990,0.000000,2.784897
790.6346,2026-05-19T17:18:44.370003,0.000000,2.784744
791.1375,2026-05-19T17:18:44.872863,0.000000,2.784596
791.5935,2026-05-19T17:18:45.328826,0.000000,2.784474
792.0592,2026-05-19T17:18:45.794590,0.000000,2.784371
792.5601,2026-05-19T17:18:46.295439,0.000000,2.784267
793.0459,2026-05-19T17:18:46.781243,0.000000,2.784123
793.5543,2026-05-19T17:18:47.289605,0.000000,2.784011
794.0175,2026-05-19T17:18:47.752815,0.000000,2.783880
794.5180,2026-05-19T17:18:48.253391,0.000000,2.783699
795.0189,2026-05-19T17:18:48.754251,0.000000,2.783555
795.4769,2026-05-19T17:18:49.212298,0.000000,2.783437
795.9824,2026-05-19T17:18:49.717730,0.000000,2.783439
796.4490,2026-05-19T17:18:50.184348,0.000000,2.783234
796.9277,2026-05-19T17:18:50.663075,0.000000,2.783201
797.4027,2026-05-19T17:18:51.138028,0.000000,2.782999
797.8623,2026-05-19T17:18:51.597648,0.000000,2.782568
798.3108,2026-05-19T17:18:52.046287,0.000000,2.782445
798.7782,2026-05-19T17:18:52.513584,0.000000,2.782254
799.2371,2026-05-19T17:18:52.972477,0.000000,2.782124
799.6957,2026-05-19T17:18:53.431035,0.000000,2.782108
800.1921,2026-05-19T17:18:53.927448,0.000000,2.782035
800.6442,2026-05-19T17:18:54.379522,0.000000,2.782083
801.1444,2026-05-19T17:18:54.879787,0.000000,2.782080
801.6021,2026-05-19T17:18:55.337508,0.000000,2.782046
802.0685,2026-05-19T17:18:55.803894,0.000000,2.781968
802.5248,2026-05-19T17:18:56.260181,0.000000,2.781848
803.0170,2026-05-19T17:18:56.752365,0.000000,2.781607
803.4895,2026-05-19T17:18:57.224883,0.000000,2.781466
803.9893,2026-05-19T17:18:57.724666,0.000000,2.781388
804.4487,2026-05-19T17:18:58.184041,0.000000,2.781284
804.9231,2026-05-19T17:18:58.658493,0.000000,2.781256
805.4511,2026-05-19T17:18:59.186445,0.000000,2.781195
805.9492,2026-05-19T17:18:59.684516,0.000000,2.781042
806.4063,2026-05-19T17:19:00.141658,0.000000,2.780953
806.8749,2026-05-19T17:19:00.610213,0.000000,2.780771
807.3579,2026-05-19T17:19:01.093255,0.000000,2.780611
807.8501,2026-05-19T17:19:01.585441,0.000000,2.780514
808.3590,2026-05-19T17:19:02.094331,0.000000,2.780325
808.8512,2026-05-19T17:19:02.586609,0.000000,2.780240
809.2935,2026-05-19T17:19:03.028880,0.000000,2.780142
809.7519,2026-05-19T17:19:03.487302,0.000000,2.780058
810.2183,2026-05-19T17:19:03.953686,0.000000,2.779927
810.6687,2026-05-19T17:19:04.404017,0.000000,2.779786
811.1357,2026-05-19T17:19:04.871066,0.000000,2.779628
811.5853,2026-05-19T17:19:05.320654,0.000000,2.779493
812.0889,2026-05-19T17:19:05.824212,0.000000,2.779418
812.5541,2026-05-19T17:19:06.289410,0.000000,2.779415
813.0502,2026-05-19T17:19:06.785590,0.000000,2.779394
813.5139,2026-05-19T17:19:07.249251,0.000000,2.779361
813.9992,2026-05-19T17:19:07.734513,0.000000,2.779288
814.4729,2026-05-19T17:19:08.208215,0.000000,2.779136
814.9691,2026-05-19T17:19:08.704512,0.000000,2.779014
815.4357,2026-05-19T17:19:09.171015,0.000000,2.778925
815.9686,2026-05-19T17:19:09.703961,0.000000,2.778890
816.4775,2026-05-19T17:19:10.212857,0.000000,2.778836
816.9435,2026-05-19T17:19:10.678906,0.000000,2.778767
817.3947,2026-05-19T17:19:11.130057,0.000000,2.778710
817.8629,2026-05-19T17:19:11.598292,0.000000,2.778611
818.3268,2026-05-19T17:19:12.062140,0.000000,2.778662
818.8036,2026-05-19T17:19:12.538972,0.000000,2.778590
819.2531,2026-05-19T17:19:12.988467,0.000000,2.778467
819.7108,2026-05-19T17:19:13.446160,0.000000,2.778366
820.2039,2026-05-19T17:19:13.939230,0.000000,2.778238
820.6619,2026-05-19T17:19:14.397236,0.000000,2.778072
821.1291,2026-05-19T17:19:14.864426,0.000000,2.777906
821.6111,2026-05-19T17:19:15.346443,0.000000,2.777698
822.1118,2026-05-19T17:19:15.847177,0.000000,2.777472
822.5736,2026-05-19T17:19:16.308914,0.000000,2.777330
823.0515,2026-05-19T17:19:16.786837,0.000000,2.777219
823.4967,2026-05-19T17:19:17.232049,0.000000,2.777129
823.9916,2026-05-19T17:19:17.726994,0.000000,2.777073
824.4531,2026-05-19T17:19:18.188416,0.000000,2.776848
824.9464,2026-05-19T17:19:18.681785,0.000000,2.776770
825.3938,2026-05-19T17:19:19.129137,0.000000,2.776603
825.8819,2026-05-19T17:19:19.617234,0.000000,2.776346
826.3449,2026-05-19T17:19:20.080231,0.000000,2.776197
826.8055,2026-05-19T17:19:20.540887,0.000000,2.776049
827.2788,2026-05-19T17:19:21.014143,0.000000,2.775901
827.7377,2026-05-19T17:19:21.473048,0.000000,2.775828
828.1871,2026-05-19T17:19:21.922411,0.000000,2.775802
828.6456,2026-05-19T17:19:22.380984,0.000000,2.775725
829.1205,2026-05-19T17:19:22.855847,0.000000,2.775622
829.5698,2026-05-19T17:19:23.305112,0.000000,2.775504
830.0470,2026-05-19T17:19:23.782361,0.000000,2.775300
830.5104,2026-05-19T17:19:24.245768,0.000000,2.775081
830.9885,2026-05-19T17:19:24.723851,0.000000,2.774851
831.4441,2026-05-19T17:19:25.179495,0.000000,2.774685
831.9311,2026-05-19T17:19:25.666453,0.000000,2.774579
832.3977,2026-05-19T17:19:26.133011,0.000000,2.774450
832.8949,2026-05-19T17:19:26.630246,0.000000,2.774370
833.3634,2026-05-19T17:19:27.098765,0.000000,2.774300
833.8626,2026-05-19T17:19:27.597936,0.000000,2.774208
834.3690,2026-05-19T17:19:28.104322,0.000000,2.774065
834.9038,2026-05-19T17:19:28.639211,0.000000,2.773943
835.3705,2026-05-19T17:19:29.105882,0.000000,2.773842
835.8184,2026-05-19T17:19:29.553801,0.000000,2.773663
836.2774,2026-05-19T17:19:30.012792,0.000000,2.773553
836.8106,2026-05-19T17:19:30.545920,0.000000,2.773530
837.2698,2026-05-19T17:19:31.005167,0.000000,2.773438
837.7619,2026-05-19T17:19:31.497306,0.000000,2.773415
838.2102,2026-05-19T17:19:31.945582,0.000000,2.773355
838.6751,2026-05-19T17:19:32.410424,0.000000,2.773328
839.1329,2026-05-19T17:19:32.868292,0.000000,2.773282
839.5997,2026-05-19T17:19:33.335075,0.000000,2.773276
840.0891,2026-05-19T17:19:33.824447,0.000000,2.773240
840.5668,2026-05-19T17:19:34.302124,0.000000,2.773123
841.0248,2026-05-19T17:19:34.760108,0.000000,2.773197
841.5198,2026-05-19T17:19:35.255175,0.000000,2.773267
842.0128,2026-05-19T17:19:35.748182,0.000000,2.773256
842.4708,2026-05-19T17:19:36.206148,0.000000,2.773302
842.9230,2026-05-19T17:19:36.658388,0.000000,2.773181
843.3957,2026-05-19T17:19:37.131091,0.000000,2.773023
843.8908,2026-05-19T17:19:37.626115,0.000000,2.772912
844.4041,2026-05-19T17:19:38.139416,0.000000,2.772813
844.9273,2026-05-19T17:19:38.662680,0.000000,2.772746
845.4247,2026-05-19T17:19:39.160020,0.000000,2.772812
845.8926,2026-05-19T17:19:39.627915,0.000000,2.772767
846.3439,2026-05-19T17:19:40.079208,0.000000,2.772771
846.8156,2026-05-19T17:19:40.550915,0.000000,2.772751
847.2743,2026-05-19T17:19:41.009682,0.000000,2.772571
847.7734,2026-05-19T17:19:41.508713,0.000000,2.772568
848.2300,2026-05-19T17:19:41.965314,0.000000,2.772434
848.7098,2026-05-19T17:19:42.445161,0.000000,2.772313
849.1734,2026-05-19T17:19:42.908780,0.000000,2.772311
849.6354,2026-05-19T17:19:43.370789,0.000000,2.772251
850.1128,2026-05-19T17:19:43.848132,0.000000,2.772162
850.5957,2026-05-19T17:19:44.331007,0.000000,2.772078
851.0713,2026-05-19T17:19:44.806625,0.000000,2.771900
851.5592,2026-05-19T17:19:45.294590,0.000000,2.771726
852.0312,2026-05-19T17:19:45.766582,0.000000,2.771656
852.5412,2026-05-19T17:19:46.276607,0.000000,2.771606
853.0324,2026-05-19T17:19:46.767792,0.000000,2.771492
853.5642,2026-05-19T17:19:47.299509,0.000000,2.771380
854.0544,2026-05-19T17:19:47.789751,0.000000,2.771308
854.5573,2026-05-19T17:19:48.292643,0.000000,2.771064
855.0347,2026-05-19T17:19:48.770072,0.000000,2.770962
855.5284,2026-05-19T17:19:49.263728,0.000000,2.770958
856.0133,2026-05-19T17:19:49.748691,0.000000,2.770875
856.4607,2026-05-19T17:19:50.196046,0.000000,2.770921
856.9561,2026-05-19T17:19:50.691471,0.000000,2.770886
857.4723,2026-05-19T17:19:51.207648,0.000000,2.770779
857.9575,2026-05-19T17:19:51.692850,0.000000,2.770718
858.4627,2026-05-19T17:19:52.198011,0.000000,2.770575
858.9600,2026-05-19T17:19:52.695349,0.000000,2.770594
859.4139,2026-05-19T17:19:53.149250,0.000000,2.770514
859.9084,2026-05-19T17:19:53.643724,0.000000,2.770444
860.3790,2026-05-19T17:19:54.114383,0.000000,2.770327
860.8627,2026-05-19T17:19:54.598054,0.000000,2.770155
861.3370,2026-05-19T17:19:55.072405,0.000000,2.769970
861.7957,2026-05-19T17:19:55.531018,0.000000,2.769823
862.2539,2026-05-19T17:19:55.989247,0.000000,2.769659
862.7043,2026-05-19T17:19:56.439697,0.000000,2.769514
863.1974,2026-05-19T17:19:56.932777,0.000000,2.769385
863.6656,2026-05-19T17:19:57.400995,0.000000,2.769199
864.1211,2026-05-19T17:19:57.856488,0.000000,2.769082
864.5901,2026-05-19T17:19:58.325407,0.000000,2.769022
865.0544,2026-05-19T17:19:58.789764,0.000000,2.768969
865.5106,2026-05-19T17:19:59.245942,0.000000,2.769000
865.9763,2026-05-19T17:19:59.711677,0.000000,2.768986
866.4758,2026-05-19T17:20:00.211169,0.000000,2.768958
866.9626,2026-05-19T17:20:00.697924,0.000000,2.768872
867.4277,2026-05-19T17:20:01.163078,0.000000,2.768749
867.9181,2026-05-19T17:20:01.653445,0.000000,2.768596
868.3775,2026-05-19T17:20:02.112866,0.000000,2.768508
868.8607,2026-05-19T17:20:02.596071,0.000000,2.768534
869.3947,2026-05-19T17:20:03.130084,0.000000,2.768504
869.8948,2026-05-19T17:20:03.630170,0.000000,2.768388
870.3705,2026-05-19T17:20:04.105882,0.000000,2.768212
870.8268,2026-05-19T17:20:04.562188,0.000000,2.767970
871.2768,2026-05-19T17:20:05.012130,0.000000,2.767736
871.7814,2026-05-19T17:20:05.516731,0.000000,2.767586
872.2375,2026-05-19T17:20:05.972858,0.000000,2.767455
872.6936,2026-05-19T17:20:06.428966,0.000000,2.767387
873.1960,2026-05-19T17:20:06.931371,0.000000,2.767358
873.6609,2026-05-19T17:20:07.396253,0.000000,2.767257
874.1177,2026-05-19T17:20:07.853031,0.000000,2.767122
874.6124,2026-05-19T17:20:08.347788,0.000000,2.766915
875.0866,2026-05-19T17:20:08.821998,0.000000,2.766715
875.5524,2026-05-19T17:20:09.287773,0.000000,2.766512
876.0380,2026-05-19T17:20:09.773312,0.000000,2.766459
876.4992,2026-05-19T17:20:10.234565,0.000000,2.766416
876.9605,2026-05-19T17:20:10.695839,0.000000,2.766308
877.4430,2026-05-19T17:20:11.178344,0.000000,2.766256
877.9292,2026-05-19T17:20:11.664528,0.000000,2.766077
878.3771,2026-05-19T17:20:12.112455,0.000000,2.765890
878.8436,2026-05-19T17:20:12.578985,0.000000,2.765700
879.3025,2026-05-19T17:20:13.037899,0.000000,2.765515
879.8058,2026-05-19T17:20:13.541132,0.000000,2.765362
880.2991,2026-05-19T17:20:14.034431,0.000000,2.765174
880.7686,2026-05-19T17:20:14.503910,0.000000,2.764981
881.2521,2026-05-19T17:20:14.987447,0.000000,2.764898
881.7464,2026-05-19T17:20:15.481749,0.000000,2.764892
882.2375,2026-05-19T17:20:15.972874,0.000000,2.764767
882.7769,2026-05-19T17:20:16.512302,0.000000,2.764713
883.2365,2026-05-19T17:20:16.971826,0.000000,2.764532
883.7134,2026-05-19T17:20:17.448737,0.000000,2.764318
884.1699,2026-05-19T17:20:17.905249,0.000000,2.764234
884.6356,2026-05-19T17:20:18.370972,0.000000,2.764099
885.1316,2026-05-19T17:20:18.866938,0.000000,2.763929
885.6291,2026-05-19T17:20:19.364457,0.000000,2.763795
886.1064,2026-05-19T17:20:19.841743,0.000000,2.763578
886.5695,2026-05-19T17:20:20.304851,0.000000,2.763382
887.0409,2026-05-19T17:20:20.776273,0.000000,2.763241
887.5020,2026-05-19T17:20:21.237393,0.000000,2.763155
887.9532,2026-05-19T17:20:21.688548,0.000000,2.763105
888.4201,2026-05-19T17:20:22.155431,0.000000,2.763059
888.9195,2026-05-19T17:20:22.654887,0.000000,2.762976
889.3786,2026-05-19T17:20:23.114000,0.000000,2.762823
889.8877,2026-05-19T17:20:23.623068,0.000000,2.762686
890.3794,2026-05-19T17:20:24.114759,0.000000,2.762620
890.8946,2026-05-19T17:20:24.629978,0.000000,2.762536
891.3606,2026-05-19T17:20:25.095919,0.000000,2.762476
891.8565,2026-05-19T17:20:25.591847,0.000000,2.762364
892.3108,2026-05-19T17:20:26.046204,0.000000,2.762358
892.7746,2026-05-19T17:20:26.509938,0.000000,2.762287
893.2314,2026-05-19T17:20:26.966711,0.000000,2.762236
893.7009,2026-05-19T17:20:27.436302,0.000000,2.762223
894.1709,2026-05-19T17:20:27.906278,0.000000,2.762110
894.6588,2026-05-19T17:20:28.394190,0.000000,2.761944
895.1194,2026-05-19T17:20:28.854794,0.000000,2.761832
895.5998,2026-05-19T17:20:29.335170,0.000000,2.761637
896.0716,2026-05-19T17:20:29.806945,0.000000,2.761472
896.5667,2026-05-19T17:20:30.302106,0.000000,2.761391
897.0495,2026-05-19T17:20:30.784867,0.000000,2.761272
897.5168,2026-05-19T17:20:31.252170,0.000000,2.761152
897.9875,2026-05-19T17:20:31.722884,0.000000,2.761083
898.4495,2026-05-19T17:20:32.184902,0.000000,2.760900
898.9540,2026-05-19T17:20:32.689349,0.000000,2.760904
899.4534,2026-05-19T17:20:33.188799,0.000000,2.760782
899.9551,2026-05-19T17:20:33.690465,0.000000,2.760648
900.4576,2026-05-19T17:20:34.192930,0.000000,2.760578
900.9565,2026-05-19T17:20:34.691910,0.000000,2.760365
901.4061,2026-05-19T17:20:35.141484,0.000000,2.760161
901.8984,2026-05-19T17:20:35.633771,0.000000,2.759904
902.3933,2026-05-19T17:20:36.128701,0.000000,2.759748
902.8857,2026-05-19T17:20:36.621072,0.000000,2.759540
903.3575,2026-05-19T17:20:37.092867,0.000000,2.759360
903.8068,2026-05-19T17:20:37.542176,0.000000,2.759294
904.2565,2026-05-19T17:20:37.991896,0.000000,2.759184
904.7141,2026-05-19T17:20:38.449504,0.000000,2.759084
905.2087,2026-05-19T17:20:38.944054,0.000000,2.758919
905.6844,2026-05-19T17:20:39.419712,0.000000,2.758766
906.1497,2026-05-19T17:20:39.885063,0.000000,2.758561
906.6367,2026-05-19T17:20:40.372021,0.000000,2.758417
907.1206,2026-05-19T17:20:40.855987,0.000000,2.758268
907.5736,2026-05-19T17:20:41.308931,0.000000,2.758114
908.0740,2026-05-19T17:20:41.809346,0.000000,2.758016
908.5488,2026-05-19T17:20:42.284159,0.000000,2.757873
909.0860,2026-05-19T17:20:42.821384,0.000000,2.757700
909.5749,2026-05-19T17:20:43.310247,0.000000,2.757547
910.0501,2026-05-19T17:20:43.785492,0.000000,2.757360
910.5079,2026-05-19T17:20:44.243288,0.000000,2.757203
910.9753,2026-05-19T17:20:44.710629,0.000000,2.757040
911.4478,2026-05-19T17:20:45.183200,0.000000,2.756942
911.9473,2026-05-19T17:20:45.682677,0.000000,2.756849
912.4004,2026-05-19T17:20:46.135729,0.000000,2.756804
912.8902,2026-05-19T17:20:46.625523,0.000000,2.756762
913.3398,2026-05-19T17:20:47.075194,0.000000,2.756621
913.7982,2026-05-19T17:20:47.533529,0.000000,2.756466
914.2577,2026-05-19T17:20:47.993023,0.000000,2.756298
914.7167,2026-05-19T17:20:48.452094,0.000000,2.756128
915.1918,2026-05-19T17:20:48.927152,0.000000,2.755971
915.6492,2026-05-19T17:20:49.384552,0.000000,2.755862
916.1001,2026-05-19T17:20:49.835427,0.000000,2.755780
916.5667,2026-05-19T17:20:50.302064,0.000000,2.755769
917.0613,2026-05-19T17:20:50.796648,0.000000,2.755614
917.5703,2026-05-19T17:20:51.305699,0.000000,2.755452
918.0168,2026-05-19T17:20:51.752173,0.000000,2.755238
918.4915,2026-05-19T17:20:52.226852,0.000000,2.755066
918.9763,2026-05-19T17:20:52.711644,0.000000,2.754884
919.4413,2026-05-19T17:20:53.176697,0.000000,2.754729
919.9351,2026-05-19T17:20:53.670468,0.000000,2.754548
920.3995,2026-05-19T17:20:54.134811,0.000000,2.754345
920.8590,2026-05-19T17:20:54.594354,0.000000,2.754192
921.3170,2026-05-19T17:20:55.052378,0.000000,2.753984
921.8570,2026-05-19T17:20:55.592405,0.000000,0.304930
922.3329,2026-05-19T17:20:56.068260,0.000000,0.852843
922.8548,2026-05-19T17:20:56.590107,0.000000,0.323860
923.3808,2026-05-19T17:20:57.116105,0.000000,0.291580
923.9425,2026-05-19T17:20:57.677905,0.000000,0.288928
924.4565,2026-05-19T17:20:58.191891,0.000000,0.292704
924.9217,2026-05-19T17:20:58.657030,0.000000,0.365680
925.3837,2026-05-19T17:20:59.119106,0.000000,0.378203
925.8750,2026-05-19T17:20:59.610367,0.000000,0.954252
926.3316,2026-05-19T17:21:00.066990,0.000000,1.565304
926.7809,2026-05-19T17:21:00.516244,0.000000,2.131485
927.2395,2026-05-19T17:21:00.974891,0.000000,2.650278
927.7363,2026-05-19T17:21:01.471661,0.000000,2.750134
928.2397,2026-05-19T17:21:01.975110,0.000000,2.750198
928.7388,2026-05-19T17:21:02.474192,0.000000,2.750199
929.2113,2026-05-19T17:21:02.946664,0.000000,2.750080
929.6773,2026-05-19T17:21:03.412660,0.000000,2.749912
930.1429,2026-05-19T17:21:03.878284,0.000000,2.749654
930.6505,2026-05-19T17:21:04.385910,0.000000,2.749380
931.1257,2026-05-19T17:21:04.861024,0.000000,2.749226
931.5928,2026-05-19T17:21:05.328127,0.000000,2.749115
932.0888,2026-05-19T17:21:05.824123,0.000000,2.749018
932.5481,2026-05-19T17:21:06.283472,0.000000,2.748924
933.0465,2026-05-19T17:21:06.781863,0.000000,2.748888
933.4897,2026-05-19T17:21:07.225072,0.000000,2.748783
933.9851,2026-05-19T17:21:07.720419,0.000000,2.748696
934.4644,2026-05-19T17:21:08.199741,0.000000,2.748540
934.9966,2026-05-19T17:21:08.731918,0.000000,2.748466
935.5019,2026-05-19T17:21:09.237257,0.000000,2.748294
935.9978,2026-05-19T17:21:09.733211,0.000000,2.748232
936.4505,2026-05-19T17:21:10.185840,0.000000,2.748234
936.9235,2026-05-19T17:21:10.658850,0.000000,2.748130
937.3998,2026-05-19T17:21:11.135140,0.000000,2.748080
937.8932,2026-05-19T17:21:11.628560,0.000000,2.747922
938.3398,2026-05-19T17:21:12.075150,0.000000,2.747801
938.7896,2026-05-19T17:21:12.524939,0.000000,2.747716
939.2770,2026-05-19T17:21:13.012382,0.000000,2.747617
939.7651,2026-05-19T17:21:13.500486,0.000000,2.747690
940.2145,2026-05-19T17:21:13.949854,0.000000,2.747736
940.6643,2026-05-19T17:21:14.399666,0.000000,2.747801
941.1482,2026-05-19T17:21:14.883574,0.000000,2.747818
941.6062,2026-05-19T17:21:15.341531,0.000000,2.747702
942.1025,2026-05-19T17:21:15.837866,0.000000,2.747554
942.5564,2026-05-19T17:21:16.291741,0.000000,2.747425
943.0543,2026-05-19T17:21:16.789647,0.000000,2.747215
943.5062,2026-05-19T17:21:17.241560,0.000000,2.747214
943.9970,2026-05-19T17:21:17.732403,0.000000,2.747169
944.4477,2026-05-19T17:21:18.183024,0.000000,2.746987
944.9493,2026-05-19T17:21:18.684617,0.000000,2.746944
945.4063,2026-05-19T17:21:19.141639,0.000000,2.746792
945.9038,2026-05-19T17:21:19.639149,0.000000,2.746615
946.3991,2026-05-19T17:21:20.134455,0.000000,2.746510
946.9267,2026-05-19T17:21:20.662046,0.000000,2.746474
947.4038,2026-05-19T17:21:21.139122,0.000000,2.746327
947.8751,2026-05-19T17:21:21.610453,0.000000,2.746091
948.3310,2026-05-19T17:21:22.066325,0.000000,2.745917
948.7914,2026-05-19T17:21:22.526713,0.000000,2.745620
949.2478,2026-05-19T17:21:22.983173,0.000000,2.745406
949.7155,2026-05-19T17:21:23.450895,0.000000,2.745272
950.2167,2026-05-19T17:21:23.952089,0.000000,2.745183
950.7209,2026-05-19T17:21:24.456215,0.000000,2.745111
951.1710,2026-05-19T17:21:24.906403,0.000000,2.745002
951.6317,2026-05-19T17:21:25.367059,0.000000,2.744765
952.1194,2026-05-19T17:21:25.854801,0.000000,2.744656
952.6200,2026-05-19T17:21:26.355409,0.000000,2.744520
953.1182,2026-05-19T17:21:26.853566,0.000000,2.744392
953.6311,2026-05-19T17:21:27.366459,0.000000,2.744409
954.1668,2026-05-19T17:21:27.902177,0.000000,2.744295
954.6235,2026-05-19T17:21:28.358892,0.000000,2.744194
955.1220,2026-05-19T17:21:28.857317,0.000000,2.744115
955.5735,2026-05-19T17:21:29.308848,0.000000,2.743930
956.0782,2026-05-19T17:21:29.813543,0.000000,2.743834
956.5586,2026-05-19T17:21:30.293993,0.000000,2.743690
957.0228,2026-05-19T17:21:30.758112,0.000000,2.743608
957.4744,2026-05-19T17:21:31.209737,0.000000,2.743506
957.9785,2026-05-19T17:21:31.713866,0.000000,2.743378
958.4441,2026-05-19T17:21:32.179470,0.000000,2.743183
958.8988,2026-05-19T17:21:32.634125,0.000000,2.743033
959.3499,2026-05-19T17:21:33.085249,0.000000,2.742868
959.8108,2026-05-19T17:21:33.546167,0.000000,2.742773
960.2829,2026-05-19T17:21:34.018280,0.000000,2.742700
960.7731,2026-05-19T17:21:34.508436,0.000000,2.742586
961.2334,2026-05-19T17:21:34.968731,0.000000,2.742484
961.7086,2026-05-19T17:21:35.443968,0.000000,2.742350
962.1951,2026-05-19T17:21:35.930452,0.000000,2.742151
962.6396,2026-05-19T17:21:36.374945,0.000000,2.741997
963.1304,2026-05-19T17:21:36.865826,0.000000,2.741760
963.6251,2026-05-19T17:21:37.360466,0.000000,2.741409
964.1998,2026-05-19T17:21:37.935126,0.000000,2.741156
964.6750,2026-05-19T17:21:38.410376,0.000000,2.740904
965.1527,2026-05-19T17:21:38.888108,0.000000,2.740792
965.6066,2026-05-19T17:21:39.341966,0.000000,2.740715
966.0745,2026-05-19T17:21:39.809935,0.000000,2.740657
966.5713,2026-05-19T17:21:40.306681,0.000000,2.740533
967.0363,2026-05-19T17:21:40.771699,0.000000,2.740372
967.4961,2026-05-19T17:21:41.231512,0.000000,2.740191
967.9610,2026-05-19T17:21:41.696364,0.000000,2.740013
968.4106,2026-05-19T17:21:42.145978,0.000000,2.739914
968.8763,2026-05-19T17:21:42.611696,0.000000,2.739809
969.3314,2026-05-19T17:21:43.066781,0.000000,2.739747
969.8341,2026-05-19T17:21:43.569429,0.000000,2.739654
970.2857,2026-05-19T17:21:44.021043,0.000000,2.739556
970.7548,2026-05-19T17:21:44.490175,0.000000,2.739392
971.2155,2026-05-19T17:21:44.950883,0.000000,2.739149
971.6727,2026-05-19T17:21:45.408095,0.000000,2.739051
972.1388,2026-05-19T17:21:45.874184,0.000000,2.738915
972.6212,2026-05-19T17:21:46.356549,0.000000,2.738703
973.0738,2026-05-19T17:21:46.809168,0.000000,2.738655
973.5537,2026-05-19T17:21:47.289012,0.000000,2.738564
974.0409,2026-05-19T17:21:47.776301,0.000000,2.738485
974.5127,2026-05-19T17:21:48.248060,0.000000,2.738407
975.0120,2026-05-19T17:21:48.747389,0.000000,2.738296
975.4794,2026-05-19T17:21:49.214759,0.000000,2.738204
975.9274,2026-05-19T17:21:49.662713,0.000000,2.738109
976.4247,2026-05-19T17:21:50.160036,0.000000,2.737992
976.8850,2026-05-19T17:21:50.620385,0.000000,2.737881
977.3438,2026-05-19T17:21:51.079118,0.000000,2.737879
977.8534,2026-05-19T17:21:51.588747,0.000000,2.737892
978.3108,2026-05-19T17:21:52.046134,0.000000,2.737977
978.8119,2026-05-19T17:21:52.547250,0.000000,2.738056
979.3235,2026-05-19T17:21:53.058813,0.000000,2.738012
979.7964,2026-05-19T17:21:53.531800,0.000000,2.737896
980.2483,2026-05-19T17:21:53.983653,0.000000,2.737837
980.7231,2026-05-19T17:21:54.458501,0.000000,2.737684
981.2384,2026-05-19T17:21:54.973789,0.000000,2.737470
981.6949,2026-05-19T17:21:55.430213,0.000000,2.737268
982.1490,2026-05-19T17:21:55.884315,0.000000,2.737083
982.6111,2026-05-19T17:21:56.346500,0.000000,2.736977
983.0887,2026-05-19T17:21:56.824058,0.000000,2.736929
983.5445,2026-05-19T17:21:57.279880,0.000000,2.737039
984.0513,2026-05-19T17:21:57.786685,0.000000,2.737120
984.5123,2026-05-19T17:21:58.247689,0.000000,2.737144
984.9657,2026-05-19T17:21:58.701023,0.000000,2.737072
985.4714,2026-05-19T17:21:59.206778,0.000000,2.736956
985.9293,2026-05-19T17:21:59.664668,0.000000,2.736815
986.3866,2026-05-19T17:22:00.121968,0.000000,2.736676
986.8853,2026-05-19T17:22:00.620685,0.000000,2.736496
987.3451,2026-05-19T17:22:01.080487,0.000000,2.736456
987.7964,2026-05-19T17:22:01.531802,0.000000,2.736377
988.2690,2026-05-19T17:22:02.004320,0.000000,2.736296
988.7194,2026-05-19T17:22:02.454796,0.000000,2.736258
989.1935,2026-05-19T17:22:02.928877,0.000000,2.736124
989.6525,2026-05-19T17:22:03.387841,0.000000,2.735957
990.1031,2026-05-19T17:22:03.838413,0.000000,2.735842
990.5894,2026-05-19T17:22:04.324724,0.000000,2.735708
991.0586,2026-05-19T17:22:04.793967,0.000000,2.735532
991.5113,2026-05-19T17:22:05.246610,0.000000,2.735395
991.9615,2026-05-19T17:22:05.696895,0.000000,2.735324
992.4212,2026-05-19T17:22:06.156545,0.000000,2.735264
992.8886,2026-05-19T17:22:06.623945,0.000000,2.735348
993.3707,2026-05-19T17:22:07.106020,0.000000,2.735312
993.8199,2026-05-19T17:22:07.555216,0.000000,2.735304
994.2807,2026-05-19T17:22:08.016058,0.000000,2.735325
994.7360,2026-05-19T17:22:08.471384,0.000000,2.735197
995.2043,2026-05-19T17:22:08.939670,0.000000,2.735124
995.6627,2026-05-19T17:22:09.398044,0.000000,2.735038
996.1633,2026-05-19T17:22:09.898676,0.000000,2.735037
996.6542,2026-05-19T17:22:10.389569,0.000000,2.734990
997.1204,2026-05-19T17:22:10.855729,0.000000,2.734928
997.5788,2026-05-19T17:22:11.314188,0.000000,2.734883
998.0669,2026-05-19T17:22:11.802344,0.000000,2.734750
998.5245,2026-05-19T17:22:12.259834,0.000000,2.734578
999.0054,2026-05-19T17:22:12.740758,0.000000,2.734436
999.5001,2026-05-19T17:22:13.235509,0.000000,2.734240
1000.0024,2026-05-19T17:22:13.737714,0.000000,2.734172
1000.4990,2026-05-19T17:22:14.234399,0.000000,2.734096
1001.0678,2026-05-19T17:22:14.803118,0.000000,2.733996
1001.5416,2026-05-19T17:22:15.276933,0.000000,2.733957
1002.0001,2026-05-19T17:22:15.735477,0.000000,2.733810
1002.4747,2026-05-19T17:22:16.210072,0.000000,2.733659
1002.9255,2026-05-19T17:22:16.660909,0.000000,2.733448
1003.4176,2026-05-19T17:22:17.152917,0.000000,2.733196
1003.8653,2026-05-19T17:22:17.600604,0.000000,2.732796
1004.3323,2026-05-19T17:22:18.067685,0.000000,2.732560
1004.8294,2026-05-19T17:22:18.564800,0.000000,2.732414
1005.2938,2026-05-19T17:22:19.029185,0.000000,2.732332
1005.7393,2026-05-19T17:22:19.474676,0.000000,2.732326
1006.2009,2026-05-19T17:22:19.936267,0.000000,2.732308
1006.6784,2026-05-19T17:22:20.413748,0.000000,2.732294
1007.1732,2026-05-19T17:22:20.908567,0.000000,2.732250
1007.6245,2026-05-19T17:22:21.359830,0.000000,2.732194
1008.0822,2026-05-19T17:22:21.817508,0.000000,2.731988
1008.5501,2026-05-19T17:22:22.285410,0.000000,2.731826
1009.0139,2026-05-19T17:22:22.749233,0.000000,2.731632
1009.5082,2026-05-19T17:22:23.243587,0.000000,2.731451
1009.9649,2026-05-19T17:22:23.700303,0.000000,2.731352
1010.4258,2026-05-19T17:22:24.161123,0.000000,2.731186
1010.8962,2026-05-19T17:22:24.631582,0.000000,2.731056
1011.3610,2026-05-19T17:22:25.096403,0.000000,2.730906
1011.8253,2026-05-19T17:22:25.560648,0.000000,2.730734
1012.3085,2026-05-19T17:22:26.043852,0.000000,2.730603
1012.7725,2026-05-19T17:22:26.507816,0.000000,2.730464
1013.2324,2026-05-19T17:22:26.967754,0.000000,2.730365
1013.6991,2026-05-19T17:22:27.434453,0.000000,2.730248
1014.1777,2026-05-19T17:22:27.913029,0.000000,2.730184
1014.6400,2026-05-19T17:22:28.375351,0.000000,2.730122
1015.1103,2026-05-19T17:22:28.845653,0.000000,2.730078
1015.5566,2026-05-19T17:22:29.292004,0.000000,2.730106
1016.0389,2026-05-19T17:22:29.774307,0.000000,2.730016
1016.4966,2026-05-19T17:22:30.231965,0.000000,2.729899
1016.9709,2026-05-19T17:22:30.706259,0.000000,2.729786
1017.4722,2026-05-19T17:22:31.207557,0.000000,2.729679
1017.9475,2026-05-19T17:22:31.682836,0.000000,2.729628
1018.4021,2026-05-19T17:22:32.137450,0.000000,2.729484
1018.8991,2026-05-19T17:22:32.634425,0.000000,2.729284
1019.3518,2026-05-19T17:22:33.087192,0.000000,2.728991
1019.8226,2026-05-19T17:22:33.557932,0.000000,2.728698
1020.2710,2026-05-19T17:22:34.006396,0.000000,2.728505
1020.7292,2026-05-19T17:22:34.464527,0.000000,2.728368
1021.2192,2026-05-19T17:22:34.954544,0.000000,2.728233
1021.7043,2026-05-19T17:22:35.439663,0.000000,2.728356
1022.1852,2026-05-19T17:22:35.920534,0.000000,2.728335
1022.6707,2026-05-19T17:22:36.406060,0.000000,2.728282
1023.1455,2026-05-19T17:22:36.880814,0.000000,2.728274
1023.6457,2026-05-19T17:22:37.381027,0.000000,2.728125
1024.1723,2026-05-19T17:22:37.907656,0.000000,2.728045
1024.6411,2026-05-19T17:22:38.376400,0.000000,2.728013
1025.1333,2026-05-19T17:22:38.868609,0.000000,2.727911
1025.5774,2026-05-19T17:22:39.312798,0.000000,2.727793
1026.0376,2026-05-19T17:22:39.772925,0.000000,2.727738
1026.4965,2026-05-19T17:22:40.231857,0.000000,2.727656
1027.0160,2026-05-19T17:22:40.751310,0.000000,2.727622
1027.4959,2026-05-19T17:22:41.231237,0.000000,2.727590
1027.9701,2026-05-19T17:22:41.705471,0.000000,2.727432
1028.4273,2026-05-19T17:22:42.162652,0.000000,2.727317
1028.9045,2026-05-19T17:22:42.639847,0.000000,2.727302
1029.3704,2026-05-19T17:22:43.105783,0.000000,2.727314
1029.8613,2026-05-19T17:22:43.596702,0.000000,2.727343
1030.3487,2026-05-19T17:22:44.084097,0.000000,2.727267
1030.8188,2026-05-19T17:22:44.554133,0.000000,2.727050
1031.3509,2026-05-19T17:22:45.086259,0.000000,2.726888
1031.8459,2026-05-19T17:22:45.581211,0.000000,2.726752
1032.3535,2026-05-19T17:22:46.088881,0.000000,2.726628
1032.8107,2026-05-19T17:22:46.546083,0.000000,2.726561
1033.2794,2026-05-19T17:22:47.014750,0.000000,2.726442
1033.7271,2026-05-19T17:22:47.462487,0.000000,2.726262
1034.2300,2026-05-19T17:22:47.965405,0.000000,2.726194
1034.6857,2026-05-19T17:22:48.421031,0.000000,2.726091
1035.1784,2026-05-19T17:22:48.913782,0.000000,2.726028
1035.6353,2026-05-19T17:22:49.370684,0.000000,2.725990
1036.1106,2026-05-19T17:22:49.845995,0.000000,2.725954
1036.5743,2026-05-19T17:22:50.309646,0.000000,2.725880
1037.0532,2026-05-19T17:22:50.788536,0.000000,2.725761
1037.5209,2026-05-19T17:22:51.256244,0.000000,2.725758
1037.9928,2026-05-19T17:22:51.728217,0.000000,2.725638
1038.4522,2026-05-19T17:22:52.187593,0.000000,2.725639
1038.9517,2026-05-19T17:22:52.687051,0.000000,2.725620
1039.4046,2026-05-19T17:22:53.139948,0.000000,2.725457
1039.8926,2026-05-19T17:22:53.627940,0.000000,2.725328
1040.3720,2026-05-19T17:22:54.107349,0.000000,2.725206
1040.8675,2026-05-19T17:22:54.602889,0.000000,2.725128
1041.3732,2026-05-19T17:22:55.108587,0.000000,2.725082
1041.8437,2026-05-19T17:22:55.579029,0.000000,2.724931
1042.3758,2026-05-19T17:22:56.111144,0.000000,2.724838
1042.8380,2026-05-19T17:22:56.573346,0.000000,2.724774
1043.3024,2026-05-19T17:22:57.037716,0.000000,2.724690
1043.7526,2026-05-19T17:22:57.487920,0.000000,2.724657
1044.2191,2026-05-19T17:22:57.954411,0.000000,2.724548
1044.7047,2026-05-19T17:22:58.440027,0.000000,2.724417
1045.2052,2026-05-19T17:22:58.940535,0.000000,2.724262
1045.6607,2026-05-19T17:22:59.396011,0.000000,2.724129
1046.1364,2026-05-19T17:22:59.871754,0.000000,2.724056
1046.5899,2026-05-19T17:23:00.325217,0.000000,2.723912
1047.0824,2026-05-19T17:23:00.817758,0.000000,2.723792
1047.5583,2026-05-19T17:23:01.293608,0.000000,2.723608
1048.0161,2026-05-19T17:23:01.751596,0.000000,2.723458
1048.4665,2026-05-19T17:23:02.201835,0.000000,2.723215
1048.9680,2026-05-19T17:23:02.703400,0.000000,2.723021
1049.4168,2026-05-19T17:23:03.152116,0.000000,2.722914
1049.9135,2026-05-19T17:23:03.648826,0.000000,2.722793
1050.3937,2026-05-19T17:23:04.129024,0.000000,2.722715
1050.8577,2026-05-19T17:23:04.593041,0.000000,2.722778
1051.3148,2026-05-19T17:23:05.050160,0.000000,2.722684
1051.7735,2026-05-19T17:23:05.508888,0.000000,2.722609
1052.2316,2026-05-19T17:23:05.966978,0.000000,2.722580
1052.7000,2026-05-19T17:23:06.435327,0.000000,2.722550
1053.1572,2026-05-19T17:23:06.892570,0.000000,2.722418
1053.6421,2026-05-19T17:23:07.377432,0.000000,2.722344
1054.1287,2026-05-19T17:23:07.864071,0.000000,2.722204
1054.5818,2026-05-19T17:23:08.317134,0.000000,2.722118
1055.0313,2026-05-19T17:23:08.766632,0.000000,2.722075
1055.4821,2026-05-19T17:23:09.217433,0.000000,2.722050
1055.9451,2026-05-19T17:23:09.680470,0.000000,2.721940
1056.4069,2026-05-19T17:23:10.142210,0.000000,2.721836
1056.8672,2026-05-19T17:23:10.602539,0.000000,2.721682
1057.3316,2026-05-19T17:23:11.067000,0.000000,2.721530
1057.7826,2026-05-19T17:23:11.517961,0.000000,2.721448
1058.2425,2026-05-19T17:23:11.977851,0.000000,2.721282
1058.7134,2026-05-19T17:23:12.448734,0.000000,2.721132
1059.1829,2026-05-19T17:23:12.918257,0.000000,2.720923
1059.6448,2026-05-19T17:23:13.380173,0.000000,2.720790
1060.1401,2026-05-19T17:23:13.875493,0.000000,2.720655
1060.6033,2026-05-19T17:23:14.338708,0.000000,2.720317
1061.0562,2026-05-19T17:23:14.791555,0.000000,2.719997
1061.5144,2026-05-19T17:23:15.249718,0.000000,2.719608
1061.9822,2026-05-19T17:23:15.717594,0.000000,2.719256
1062.4477,2026-05-19T17:23:16.183026,0.000000,2.719042
1062.9207,2026-05-19T17:23:16.656108,0.000000,2.718926
1063.4253,2026-05-19T17:23:17.160688,0.000000,2.718828
1063.8838,2026-05-19T17:23:17.619157,0.000000,2.718726
1064.3400,2026-05-19T17:23:18.075335,0.000000,2.718634
1064.8091,2026-05-19T17:23:18.544488,0.000000,2.718488
1065.2703,2026-05-19T17:23:19.005690,0.000000,2.718390
1065.7395,2026-05-19T17:23:19.474855,0.000000,2.718324
1066.2314,2026-05-19T17:23:19.966772,0.000000,2.718197
1066.6937,2026-05-19T17:23:20.429024,0.000000,2.718182
1067.1548,2026-05-19T17:23:20.890182,0.000000,2.718199
1067.6180,2026-05-19T17:23:21.353322,0.000000,2.718179
1068.0867,2026-05-19T17:23:21.822061,0.000000,2.718171
1068.5440,2026-05-19T17:23:22.279356,0.000000,2.718125
1069.0061,2026-05-19T17:23:22.741420,0.000000,2.718083
1069.4712,2026-05-19T17:23:23.206531,0.000000,2.718065
1069.9388,2026-05-19T17:23:23.674131,0.000000,2.718028
1070.4429,2026-05-19T17:23:24.178231,0.000000,2.717991
1070.9275,2026-05-19T17:23:24.662882,0.000000,2.718046
1071.3967,2026-05-19T17:23:25.132055,0.000000,2.718098
1071.8934,2026-05-19T17:23:25.628740,0.000000,2.717980
1072.3865,2026-05-19T17:23:26.121837,0.000000,2.717984
1072.8932,2026-05-19T17:23:26.628513,0.000000,2.717923
1073.3814,2026-05-19T17:23:27.116739,0.000000,2.717835
1073.8449,2026-05-19T17:23:27.580309,0.000000,2.717820
1074.3056,2026-05-19T17:23:28.040909,0.000000,2.717705
1074.7854,2026-05-19T17:23:28.520712,0.000000,2.717648
1075.2488,2026-05-19T17:23:28.984153,0.000000,2.717468
1075.7103,2026-05-19T17:23:29.445628,0.000000,2.717249
1076.1656,2026-05-19T17:23:29.900993,0.000000,2.717107
1076.6290,2026-05-19T17:23:30.364380,0.000000,2.716866
1077.0850,2026-05-19T17:23:30.820334,0.000000,2.716775
1077.5828,2026-05-19T17:23:31.318135,0.000000,2.716598
1078.0808,2026-05-19T17:23:31.816191,0.000000,2.716532
1078.5352,2026-05-19T17:23:32.270595,0.000000,2.716486
1079.0152,2026-05-19T17:23:32.750604,0.000000,2.716384
1079.5151,2026-05-19T17:23:33.250422,0.000000,2.716365
1079.9911,2026-05-19T17:23:33.726501,0.000000,2.716365
1080.4589,2026-05-19T17:23:34.194227,0.000000,2.716348
1080.9284,2026-05-19T17:23:34.663715,0.000000,2.716291
1081.3992,2026-05-19T17:23:35.134538,0.000000,2.716253
1081.8829,2026-05-19T17:23:35.618304,0.000000,2.716077
1082.3720,2026-05-19T17:23:36.107398,0.000000,2.715918
1082.8324,2026-05-19T17:23:36.567774,0.000000,2.715762
1083.2808,2026-05-19T17:23:37.016182,0.000000,2.715615
1083.7389,2026-05-19T17:23:37.474212,0.000000,2.715592
1084.2394,2026-05-19T17:23:37.974737,0.000000,2.715554
1084.6989,2026-05-19T17:23:38.434225,0.000000,2.715596
1085.2157,2026-05-19T17:23:38.951037,0.000000,2.715565
1085.6973,2026-05-19T17:23:39.432624,0.000000,2.715465
1086.2414,2026-05-19T17:23:39.976729,0.000000,2.715290
1086.7355,2026-05-19T17:23:40.470833,0.000000,2.714998
1087.1879,2026-05-19T17:23:40.923281,0.000000,2.714820
1087.6487,2026-05-19T17:23:41.384036,0.000000,2.714676
1088.1210,2026-05-19T17:23:41.856361,0.000000,2.714615
1088.5889,2026-05-19T17:23:42.324312,0.000000,2.714609
1089.0498,2026-05-19T17:23:42.785173,0.000000,2.714574
1089.5114,2026-05-19T17:23:43.246802,0.000000,2.714487
1089.9736,2026-05-19T17:23:43.708969,0.000000,2.714408
1090.4345,2026-05-19T17:23:44.169877,0.000000,2.714235
1090.9132,2026-05-19T17:23:44.648588,0.000000,2.714141
1091.3716,2026-05-19T17:23:45.106921,0.000000,2.714150
1091.8337,2026-05-19T17:23:45.569043,0.000000,2.714104
1092.3049,2026-05-19T17:23:46.040230,0.000000,2.714050
1092.7777,2026-05-19T17:23:46.513077,0.000000,2.713992
1093.2526,2026-05-19T17:23:46.988010,0.000000,2.713837
1093.7058,2026-05-19T17:23:47.441120,0.000000,2.713678
1094.1778,2026-05-19T17:23:47.913135,0.000000,2.713570
1094.6522,2026-05-19T17:23:48.387564,0.000000,2.713366
1095.1214,2026-05-19T17:23:48.856796,0.000000,2.713284
1095.5924,2026-05-19T17:23:49.327780,0.000000,2.713109
1096.0515,2026-05-19T17:23:49.786896,0.000000,2.712927
1096.5148,2026-05-19T17:23:50.250151,0.000000,2.712778
1096.9749,2026-05-19T17:23:50.710308,0.000000,2.712548
1097.4381,2026-05-19T17:23:51.173413,0.000000,2.712448
1097.9069,2026-05-19T17:23:51.642230,0.000000,2.712305
1098.3752,2026-05-19T17:23:52.110532,0.000000,2.712150
1098.8456,2026-05-19T17:23:52.580999,0.000000,2.712184
1099.3047,2026-05-19T17:23:53.040039,0.000000,2.712036
1099.7644,2026-05-19T17:23:53.499778,0.000000,2.711956
1100.2520,2026-05-19T17:23:53.987372,0.000000,2.711942
1100.7141,2026-05-19T17:23:54.449454,0.000000,2.711793
1101.1840,2026-05-19T17:23:54.919405,0.000000,2.711696
1101.6527,2026-05-19T17:23:55.388009,0.000000,2.711639
1102.1390,2026-05-19T17:23:55.874407,0.000000,2.711474
1102.5896,2026-05-19T17:23:56.324946,0.000000,2.711339
1103.0689,2026-05-19T17:23:56.804289,0.000000,2.711226
1103.5229,2026-05-19T17:23:57.258259,0.000000,2.711104
1104.0164,2026-05-19T17:23:57.751771,0.000000,2.711004
1104.4902,2026-05-19T17:23:58.225585,0.000000,2.711057
1104.9516,2026-05-19T17:23:58.686978,0.000000,2.710987
1105.4038,2026-05-19T17:23:59.139146,0.000000,2.710868
1105.8648,2026-05-19T17:23:59.600149,0.000000,2.710822
1106.3239,2026-05-19T17:24:00.059232,0.000000,2.710764
1106.7869,2026-05-19T17:24:00.522290,0.000000,2.710672
1107.2725,2026-05-19T17:24:01.007855,0.000000,2.710654
1107.7335,2026-05-19T17:24:01.468861,0.000000,2.710572
1108.1945,2026-05-19T17:24:01.929816,0.000000,2.710474
1108.6604,2026-05-19T17:24:02.395777,0.000000,2.710350
1109.1094,2026-05-19T17:24:02.844741,0.000000,2.710272
1109.5631,2026-05-19T17:24:03.298465,0.000000,2.710186
1110.0342,2026-05-19T17:24:03.769594,0.000000,2.710110
1110.5298,2026-05-19T17:24:04.265172,0.000000,2.710042
1111.0145,2026-05-19T17:24:04.749899,0.000000,2.709966
1111.4738,2026-05-19T17:24:05.209121,0.000000,2.709928
1111.9361,2026-05-19T17:24:05.671474,0.000000,2.709836
1112.3976,2026-05-19T17:24:06.132976,0.000000,2.709726
1112.8804,2026-05-19T17:24:06.615735,0.000000,2.709679
1113.3407,2026-05-19T17:24:07.076088,0.000000,2.709560
1113.7966,2026-05-19T17:24:07.531930,0.000000,2.709396
1114.2624,2026-05-19T17:24:07.997776,0.000000,2.709217
1114.7159,2026-05-19T17:24:08.451245,0.000000,2.709073
1115.1947,2026-05-19T17:24:08.930076,0.000000,2.708913
1115.6468,2026-05-19T17:24:09.382163,0.000000,2.708834
1116.1159,2026-05-19T17:24:09.851269,0.000000,2.708779
1116.5633,2026-05-19T17:24:10.298656,0.000000,2.708856
1117.0349,2026-05-19T17:24:10.770243,0.000000,2.708815
1117.4958,2026-05-19T17:24:11.231235,0.000000,2.708641
1117.9424,2026-05-19T17:24:11.677749,0.000000,2.708492
1118.3989,2026-05-19T17:24:12.134299,0.000000,2.708257
1118.8907,2026-05-19T17:24:12.626049,0.000000,2.708074
1119.3547,2026-05-19T17:24:13.090011,0.000000,2.707976
1119.8573,2026-05-19T17:24:13.592702,0.000000,2.707992
1120.3199,2026-05-19T17:24:14.055210,0.000000,2.707939
1120.7717,2026-05-19T17:24:14.507014,0.000000,2.707813
1121.2694,2026-05-19T17:24:15.004726,0.000000,2.707682
1121.7407,2026-05-19T17:24:15.476070,0.000000,2.707568
1122.2014,2026-05-19T17:24:15.936727,0.000000,2.707437
1122.7024,2026-05-19T17:24:16.437751,0.000000,2.707291
1123.1826,2026-05-19T17:24:16.917929,0.000000,2.707229
1123.6766,2026-05-19T17:24:17.411979,0.000000,2.707019
1124.2030,2026-05-19T17:24:17.938408,0.000000,2.706837
1124.6835,2026-05-19T17:24:18.418849,0.000000,2.706671
1125.2043,2026-05-19T17:24:18.939663,0.000000,2.706539
1125.6560,2026-05-19T17:24:19.391362,0.000000,2.706468
1126.1141,2026-05-19T17:24:19.849459,0.000000,2.706444
1126.5910,2026-05-19T17:24:20.326325,0.000000,2.706286
1127.0492,2026-05-19T17:24:20.784581,0.000000,2.706199
1127.5107,2026-05-19T17:24:21.246016,0.000000,2.706034
1128.0025,2026-05-19T17:24:21.737864,0.000000,2.705911
1128.4586,2026-05-19T17:24:22.193962,0.000000,2.705786
1128.9352,2026-05-19T17:24:22.670521,0.000000,2.705631
1129.3920,2026-05-19T17:24:23.127332,0.000000,2.705467
1129.8454,2026-05-19T17:24:23.580770,0.000000,2.705302
1130.3024,2026-05-19T17:24:24.037758,0.000000,2.705156
1130.7692,2026-05-19T17:24:24.504547,0.000000,2.705085
1131.2838,2026-05-19T17:24:25.019187,0.000000,2.705003
1131.7554,2026-05-19T17:24:25.490724,0.000000,2.704994
1132.2164,2026-05-19T17:24:25.951772,0.000000,2.704966
1132.6873,2026-05-19T17:24:26.422635,0.000000,2.704758
1133.1468,2026-05-19T17:24:26.882188,0.000000,2.704627
1133.6177,2026-05-19T17:24:27.353063,0.000000,2.704436
1134.0975,2026-05-19T17:24:27.832834,0.000000,2.704331
1134.5853,2026-05-19T17:24:28.320620,0.000000,2.704241
1135.0413,2026-05-19T17:24:28.776678,0.000000,2.704073
1135.5015,2026-05-19T17:24:29.236871,0.000000,2.703904
1135.9665,2026-05-19T17:24:29.701895,0.000000,2.703703
1136.4344,2026-05-19T17:24:30.169741,0.000000,2.703452
1136.8929,2026-05-19T17:24:30.628241,0.000000,2.703276
1137.3642,2026-05-19T17:24:31.099579,0.000000,2.703114
1137.8350,2026-05-19T17:24:31.570408,0.000000,2.703067
1138.3008,2026-05-19T17:24:32.036131,0.000000,2.702878
1138.7532,2026-05-19T17:24:32.488578,0.000000,2.702763
1139.2263,2026-05-19T17:24:32.961623,0.000000,2.702708
1139.6805,2026-05-19T17:24:33.415857,0.000000,2.702473
1140.1424,2026-05-19T17:24:33.877743,0.000000,2.702384
1140.6071,2026-05-19T17:24:34.342470,0.000000,2.702380
1141.0669,2026-05-19T17:24:34.802260,0.000000,2.702281
1141.5266,2026-05-19T17:24:35.261916,0.000000,2.702274
1142.0048,2026-05-19T17:24:35.740133,0.000000,2.702242
1142.4776,2026-05-19T17:24:36.212927,0.000000,2.702041
1142.9247,2026-05-19T17:24:36.660058,0.000000,2.701882
1143.3908,2026-05-19T17:24:37.126127,0.000000,2.701745
1143.8530,2026-05-19T17:24:37.588395,0.000000,2.701426
1144.3253,2026-05-19T17:24:38.060626,0.000000,2.701242
1144.7802,2026-05-19T17:24:38.515568,0.000000,2.701128
1145.2434,2026-05-19T17:24:38.978721,0.000000,2.700828
1145.7089,2026-05-19T17:24:39.444270,0.000000,2.700719
1146.1707,2026-05-19T17:24:39.906097,0.000000,2.700628
1146.6260,2026-05-19T17:24:40.361331,0.000000,2.700422
1147.1022,2026-05-19T17:24:40.837599,0.000000,2.700285
1147.5899,2026-05-19T17:24:41.325239,0.000000,2.700220
1148.0885,2026-05-19T17:24:41.823818,0.000000,2.700117
1148.5814,2026-05-19T17:24:42.316763,0.000000,2.700024
1149.0880,2026-05-19T17:24:42.823341,0.000000,2.699926
1149.5650,2026-05-19T17:24:43.300397,0.000000,2.699699
1150.0908,2026-05-19T17:24:43.826196,0.000000,2.699584
1150.6182,2026-05-19T17:24:44.353548,0.000000,2.699370
1151.1048,2026-05-19T17:24:44.840139,0.000000,2.699226
1151.5748,2026-05-19T17:24:45.310133,0.000000,2.699070
1152.0402,2026-05-19T17:24:45.775573,0.000000,2.698970
1152.4962,2026-05-19T17:24:46.231564,0.000000,2.698846
1152.9636,2026-05-19T17:24:46.698965,0.000000,2.698761
1153.4206,2026-05-19T17:24:47.155956,0.000000,2.698765
1153.8863,2026-05-19T17:24:47.621652,0.000000,2.698782
1154.3483,2026-05-19T17:24:48.083692,0.000000,2.698782
1154.7969,2026-05-19T17:24:48.532278,0.000000,2.698782
1155.2539,2026-05-19T17:24:48.989220,0.000000,2.698802
1155.7564,2026-05-19T17:24:49.491757,0.000000,2.698737
1156.2559,2026-05-19T17:24:49.991300,0.000000,2.698655
1156.7164,2026-05-19T17:24:50.451762,0.000000,2.698604
1157.1796,2026-05-19T17:24:50.914958,0.000000,2.698474
1157.6440,2026-05-19T17:24:51.379342,0.000000,2.698470
1158.1148,2026-05-19T17:24:51.850128,0.000000,2.698407
1158.5778,2026-05-19T17:24:52.313131,0.000000,2.698340
1159.0661,2026-05-19T17:24:52.801496,0.000000,2.698249
1159.5270,2026-05-19T17:24:53.262376,0.000000,2.698162
1159.9988,2026-05-19T17:24:53.734146,0.000000,2.698030
1160.4538,2026-05-19T17:24:54.189186,0.000000,2.697970
1160.9235,2026-05-19T17:24:54.658843,0.000000,2.697849
1161.3756,2026-05-19T17:24:55.110981,0.000000,2.697646
1161.8447,2026-05-19T17:24:55.580023,0.000000,2.697446
1162.3128,2026-05-19T17:24:56.048128,0.000000,2.697274
1162.8038,2026-05-19T17:24:56.539146,0.000000,2.697057
1163.3069,2026-05-19T17:24:57.042293,0.000000,2.696943
1163.7834,2026-05-19T17:24:57.518759,0.000000,2.696786
1164.2739,2026-05-19T17:24:58.009245,0.000000,2.696681
1164.7293,2026-05-19T17:24:58.464620,0.000000,2.696635
1165.1808,2026-05-19T17:24:58.916169,0.000000,2.696535
1165.6522,2026-05-19T17:24:59.387533,0.000000,2.696488
1166.1200,2026-05-19T17:24:59.855367,0.000000,2.696394
1166.5812,2026-05-19T17:25:00.316587,0.000000,2.696285
1167.0323,2026-05-19T17:25:00.767645,0.000000,2.696142
1167.4949,2026-05-19T17:25:01.230283,0.000000,2.696021
1167.9549,2026-05-19T17:25:01.690281,0.000000,2.695902
1168.4209,2026-05-19T17:25:02.156224,0.000000,2.695780
1168.9117,2026-05-19T17:25:02.647016,0.000000,2.695642
1169.3628,2026-05-19T17:25:03.098158,0.000000,2.695532
1169.8204,2026-05-19T17:25:03.555757,0.000000,2.695480
1170.3162,2026-05-19T17:25:04.051569,0.000000,2.695346
1170.7756,2026-05-19T17:25:04.511003,0.000000,2.695257
1171.2573,2026-05-19T17:25:04.992607,0.000000,2.695205
1171.7134,2026-05-19T17:25:05.448753,0.000000,2.695096
1172.1640,2026-05-19T17:25:05.899314,0.000000,2.695012
1172.6218,2026-05-19T17:25:06.357196,0.000000,2.694935
1173.0789,2026-05-19T17:25:06.814280,0.000000,2.694822
1173.5383,2026-05-19T17:25:07.273634,0.000000,2.694696
1174.0238,2026-05-19T17:25:07.759160,0.000000,2.694523
1174.5065,2026-05-19T17:25:08.241822,0.000000,2.694320
1174.9726,2026-05-19T17:25:08.707970,0.000000,2.694072
1175.4316,2026-05-19T17:25:09.166980,0.000000,2.693931
1175.9021,2026-05-19T17:25:09.637484,0.000000,2.693815
1176.3685,2026-05-19T17:25:10.103844,0.000000,2.693760
1176.8178,2026-05-19T17:25:10.553166,0.000000,2.693666
1177.3037,2026-05-19T17:25:11.039098,0.000000,2.693543
1177.7661,2026-05-19T17:25:11.501478,0.000000,2.693414
1178.2642,2026-05-19T17:25:11.999589,0.000000,2.693353
1178.7273,2026-05-19T17:25:12.462651,0.000000,2.693203
1179.2257,2026-05-19T17:25:12.961071,0.000000,2.693089
1179.7252,2026-05-19T17:25:13.460612,0.000000,2.692909
1180.2221,2026-05-19T17:25:13.957497,0.000000,2.692706
1180.7307,2026-05-19T17:25:14.466013,0.000000,2.692591
1181.1859,2026-05-19T17:25:14.921233,0.000000,2.692495
1181.6505,2026-05-19T17:25:15.385843,0.000000,2.692429
1182.1471,2026-05-19T17:25:15.882482,0.000000,2.692398
1182.6105,2026-05-19T17:25:16.345905,0.000000,2.692254
1183.0670,2026-05-19T17:25:16.802385,0.000000,2.692182
1183.5525,2026-05-19T17:25:17.287837,0.000000,2.692059
1184.0425,2026-05-19T17:25:17.777825,0.000000,2.691997
1184.5127,2026-05-19T17:25:18.248010,0.000000,2.691944
1184.9932,2026-05-19T17:25:18.728548,0.000000,2.691950
1185.4539,2026-05-19T17:25:19.189210,0.000000,2.691832
1185.9612,2026-05-19T17:25:19.696562,0.000000,2.691732
1186.4302,2026-05-19T17:25:20.165582,0.000000,2.691529
1186.9153,2026-05-19T17:25:20.650622,0.000000,2.691226
1187.3882,2026-05-19T17:25:21.123572,0.000000,2.691063
1187.9087,2026-05-19T17:25:21.644075,0.000000,2.690818
1188.3836,2026-05-19T17:25:22.118990,0.000000,2.690694
1188.9012,2026-05-19T17:25:22.636514,0.000000,2.690528
1189.3798,2026-05-19T17:25:23.115111,0.000000,2.690460
1189.8498,2026-05-19T17:25:23.585139,0.000000,2.690302
1190.3334,2026-05-19T17:25:24.068731,0.000000,2.690150
1190.7961,2026-05-19T17:25:24.531442,0.000000,2.690176
1191.2835,2026-05-19T17:25:25.018879,0.000000,2.690090
1191.7438,2026-05-19T17:25:25.479103,0.000000,2.690082
1192.2164,2026-05-19T17:25:25.951786,0.000000,2.690080
1192.7213,2026-05-19T17:25:26.456668,0.000000,2.690009
1193.1883,2026-05-19T17:25:26.923639,0.000000,2.689905
1193.6484,2026-05-19T17:25:27.383801,0.000000,2.689772
1194.1107,2026-05-19T17:25:27.846101,0.000000,2.689653
1194.5710,2026-05-19T17:25:28.306370,0.000000,2.689445
1195.0246,2026-05-19T17:25:28.759922,0.000000,2.689282
1195.4954,2026-05-19T17:25:29.230785,0.000000,2.689114
1195.9412,2026-05-19T17:25:29.676551,0.000000,2.689062
1196.4035,2026-05-19T17:25:30.138817,0.000000,2.688954
1196.8628,2026-05-19T17:25:30.598201,0.000000,2.688883
1197.3507,2026-05-19T17:25:31.086034,0.000000,2.688768
1197.8161,2026-05-19T17:25:31.551433,0.000000,2.688709
1198.2905,2026-05-19T17:25:32.025813,0.000000,2.688617
1198.7419,2026-05-19T17:25:32.477288,0.000000,2.688543
1199.1970,2026-05-19T17:25:32.932352,0.000000,2.688480
1199.6598,2026-05-19T17:25:33.395107,0.000000,2.688389
1200.1143,2026-05-19T17:25:33.849671,0.000000,2.688256
1200.5690,2026-05-19T17:25:34.304368,0.000000,2.688188
1201.0174,2026-05-19T17:25:34.752788,0.000000,2.688184
1201.4724,2026-05-19T17:25:35.207720,0.000000,2.688124
1201.9480,2026-05-19T17:25:35.683327,0.000000,2.688051
1202.4217,2026-05-19T17:25:36.157055,0.000000,2.688035
1202.8716,2026-05-19T17:25:36.607005,0.000000,2.687869
1203.3636,2026-05-19T17:25:37.098961,0.000000,2.687718
1203.8606,2026-05-19T17:25:37.595958,0.000000,2.687570
1204.3660,2026-05-19T17:25:38.101366,0.000000,2.687360
1204.8316,2026-05-19T17:25:38.566996,0.000000,2.687156
1205.2999,2026-05-19T17:25:39.035263,0.000000,2.687104
1205.7650,2026-05-19T17:25:39.500345,0.000000,2.686921
1206.2327,2026-05-19T17:25:39.968047,0.000000,2.686763
1206.6983,2026-05-19T17:25:40.433617,0.000000,2.686630
1207.1651,2026-05-19T17:25:40.900469,0.000000,2.686474
1207.6485,2026-05-19T17:25:41.383826,0.000000,2.686442
1208.1015,2026-05-19T17:25:41.836864,0.000000,2.686410
1208.5731,2026-05-19T17:25:42.308441,0.000000,2.686406
1209.0779,2026-05-19T17:25:42.813218,0.000000,2.686360
1209.6078,2026-05-19T17:25:43.343188,0.000000,2.686260
1210.0886,2026-05-19T17:25:43.823931,0.000000,2.686180
1210.5821,2026-05-19T17:25:44.317425,0.000000,2.686108
1211.0691,2026-05-19T17:25:44.804629,0.000000,2.686145
1211.6050,2026-05-19T17:25:45.340306,0.000000,2.466000
1212.1022,2026-05-19T17:25:45.837577,0.000000,0.577030
1212.6505,2026-05-19T17:25:46.385819,0.000000,0.286856
1213.1524,2026-05-19T17:25:46.887740,0.000000,0.286716
1213.6885,2026-05-19T17:25:47.423813,0.000000,0.365300
1214.2618,2026-05-19T17:25:47.997160,0.000000,0.286520
1214.7194,2026-05-19T17:25:48.454741,0.000000,0.392008
1215.1787,2026-05-19T17:25:48.914026,0.000000,0.950474
1215.6808,2026-05-19T17:25:49.416205,0.000000,0.311842
1216.1450,2026-05-19T17:25:49.880395,0.000000,0.879994
1216.6049,2026-05-19T17:25:50.340247,0.000000,1.482102
1217.0969,2026-05-19T17:25:50.832280,0.000000,1.994424
1217.5716,2026-05-19T17:25:51.306987,0.000000,2.640203
1218.0712,2026-05-19T17:25:51.806545,0.000000,2.683837
1218.5385,2026-05-19T17:25:52.273835,0.000000,2.683820
1218.9891,2026-05-19T17:25:52.724502,0.000000,2.683703
1219.4467,2026-05-19T17:25:53.182033,0.000000,2.683697
1219.9208,2026-05-19T17:25:53.656153,0.000000,2.683665
1220.4016,2026-05-19T17:25:54.136964,0.000000,2.683643
1220.8651,2026-05-19T17:25:54.600418,0.000000,2.683544
1221.3201,2026-05-19T17:25:55.055449,0.000000,2.683460
1221.7904,2026-05-19T17:25:55.525720,0.000000,2.683335
1222.2556,2026-05-19T17:25:55.990928,0.000000,2.683168
1222.7561,2026-05-19T17:25:56.491494,0.000000,2.682981
1223.2483,2026-05-19T17:25:56.983684,0.000000,2.682853
1223.7273,2026-05-19T17:25:57.462618,0.000000,2.682821
1224.1856,2026-05-19T17:25:57.920987,0.000000,2.682868
1224.6372,2026-05-19T17:25:58.372540,0.000000,2.682831
1225.1164,2026-05-19T17:25:58.851792,0.000000,2.682650
1225.5766,2026-05-19T17:25:59.311950,0.000000,2.682531
