elapsed_s,timestamp,ch1_MEAN_V,ch2_MEAN_V
0.4943,2026-06-18T16:03:06.613543,0.000000,4.086508
0.9769,2026-06-18T16:03:07.096115,0.000000,4.085948
1.4417,2026-06-18T16:03:07.560889,0.000000,4.084136
1.9260,2026-06-18T16:03:08.045175,0.000000,4.082240
2.4173,2026-06-18T16:03:08.536479,0.000000,4.079620
2.9093,2026-06-18T16:03:09.028480,0.000000,4.076888
3.4298,2026-06-18T16:03:09.549017,0.000000,4.073884
3.9295,2026-06-18T16:03:10.048737,0.000000,4.070940
4.4307,2026-06-18T16:03:10.549882,0.000000,4.068072
4.9301,2026-06-18T16:03:11.049276,0.000000,4.065656
5.4282,2026-06-18T16:03:11.547433,0.000000,4.064040
5.9345,2026-06-18T16:03:12.053677,0.000000,4.062636
6.4622,2026-06-18T16:03:12.581455,0.000000,4.061188
6.9274,2026-06-18T16:03:13.046605,0.000000,4.059708
7.4230,2026-06-18T16:03:13.542191,0.000000,4.058044
7.9265,2026-06-18T16:03:14.045677,0.000000,4.055980
8.3934,2026-06-18T16:03:14.512632,0.000000,4.053764
8.8862,2026-06-18T16:03:15.005384,0.000000,4.051968
9.3598,2026-06-18T16:03:15.479013,0.000000,4.049784
9.8347,2026-06-18T16:03:15.953871,0.000000,4.047752
10.3604,2026-06-18T16:03:16.479574,0.000000,4.045628
10.8366,2026-06-18T16:03:16.955812,0.000000,4.043792
11.3243,2026-06-18T16:03:17.443540,0.000000,4.042048
11.8209,2026-06-18T16:03:17.940089,0.000000,4.040868
12.3253,2026-06-18T16:03:18.444467,0.000000,4.039548
12.8217,2026-06-18T16:03:18.940894,0.000000,4.038004
13.3258,2026-06-18T16:03:19.445013,0.000000,4.036120
13.8258,2026-06-18T16:03:19.945020,0.000000,4.033848
14.3746,2026-06-18T16:03:20.493805,0.000000,4.031312
14.8653,2026-06-18T16:03:20.984539,0.000000,4.029316
15.3654,2026-06-18T16:03:21.484582,0.000000,4.027504
15.8487,2026-06-18T16:03:21.967923,0.000000,4.026148
16.3280,2026-06-18T16:03:22.447263,0.000000,4.024640
16.7913,2026-06-18T16:03:22.910527,0.000000,4.023156
17.2821,2026-06-18T16:03:23.401361,0.000000,4.021804
17.7585,2026-06-18T16:03:23.877702,0.000000,4.019896
18.2571,2026-06-18T16:03:24.376350,0.000000,4.018128
18.7447,2026-06-18T16:03:24.863891,0.000000,4.016208
19.2059,2026-06-18T16:03:25.325100,0.000000,4.013920
19.6931,2026-06-18T16:03:25.812276,0.000000,4.012048
20.1834,2026-06-18T16:03:26.302613,0.000000,4.010184
20.6949,2026-06-18T16:03:26.814111,0.000000,4.008048
21.1961,2026-06-18T16:03:27.315268,0.000000,4.006408
21.6973,2026-06-18T16:03:27.816549,0.000000,4.004300
22.1956,2026-06-18T16:03:28.314810,0.000000,4.002476
22.6992,2026-06-18T16:03:28.818444,0.000000,4.001344
23.1956,2026-06-18T16:03:29.314771,0.000000,3.999960
23.6781,2026-06-18T16:03:29.797333,0.000000,3.998440
24.1749,2026-06-18T16:03:30.294070,0.000000,3.996824
24.6977,2026-06-18T16:03:30.816932,0.000000,3.995004
25.1914,2026-06-18T16:03:31.310628,0.000000,3.992788
25.6850,2026-06-18T16:03:31.804252,0.000000,3.990332
26.1786,2026-06-18T16:03:32.297810,0.000000,3.988176
26.6791,2026-06-18T16:03:32.798355,0.000000,3.985820
27.1743,2026-06-18T16:03:33.293554,0.000000,3.983672
27.6782,2026-06-18T16:03:33.797370,0.000000,3.981908
28.1795,2026-06-18T16:03:34.298663,0.000000,3.979828
28.6697,2026-06-18T16:03:34.788963,0.000000,3.977952
29.1623,2026-06-18T16:03:35.281477,0.000000,3.975916
29.6629,2026-06-18T16:03:35.782147,0.000000,3.974188
30.1584,2026-06-18T16:03:36.277573,0.000000,3.971900
30.6483,2026-06-18T16:03:36.767493,0.000000,3.969700
31.1694,2026-06-18T16:03:37.288652,0.000000,3.967456
31.6704,2026-06-18T16:03:37.789605,0.000000,3.964992
32.1700,2026-06-18T16:03:38.289185,0.000000,3.963184
32.6592,2026-06-18T16:03:38.778400,0.000000,3.961584
33.1272,2026-06-18T16:03:39.246402,0.000000,3.960376
33.6109,2026-06-18T16:03:39.730130,0.000000,3.959152
34.1070,2026-06-18T16:03:40.226260,0.000000,3.958176
34.6010,2026-06-18T16:03:40.720177,0.000000,3.956876
35.1292,2026-06-18T16:03:41.248407,0.000000,3.955312
35.6273,2026-06-18T16:03:41.746508,0.000000,3.953032
36.1260,2026-06-18T16:03:42.245179,0.000000,3.950680
36.6240,2026-06-18T16:03:42.743167,0.000000,3.948548
37.1177,2026-06-18T16:03:43.236867,0.000000,3.946572
37.6161,2026-06-18T16:03:43.735305,0.000000,3.944716
38.1323,2026-06-18T16:03:44.251545,0.000000,3.943248
38.6309,2026-06-18T16:03:44.750151,0.000000,3.941516
39.1336,2026-06-18T16:03:45.252853,0.000000,3.939712
39.6309,2026-06-18T16:03:45.750089,0.000000,3.937772
40.1350,2026-06-18T16:03:46.254261,0.000000,3.935444
40.6321,2026-06-18T16:03:46.751258,0.000000,3.933060
41.1362,2026-06-18T16:03:47.255393,0.000000,3.930800
41.6256,2026-06-18T16:03:47.744857,0.000000,3.928688
42.1365,2026-06-18T16:03:48.255746,0.000000,3.926812
42.6381,2026-06-18T16:03:48.757328,0.000000,3.925124
43.1365,2026-06-18T16:03:49.255740,0.000000,3.923240
43.6383,2026-06-18T16:03:49.757524,0.000000,3.922020
44.1392,2026-06-18T16:03:50.258426,0.000000,3.920712
44.6393,2026-06-18T16:03:50.758540,0.000000,3.919368
45.1341,2026-06-18T16:03:51.253277,0.000000,3.918208
45.6574,2026-06-18T16:03:51.776662,0.000000,3.916332
46.1406,2026-06-18T16:03:52.259837,0.000000,3.914136
46.6326,2026-06-18T16:03:52.751766,0.000000,3.912060
47.1196,2026-06-18T16:03:53.238790,0.000000,3.909676
47.5951,2026-06-18T16:03:53.714272,0.000000,3.907748
48.0969,2026-06-18T16:03:54.216086,0.000000,3.905600
48.6042,2026-06-18T16:03:54.723418,0.000000,3.903376
49.1040,2026-06-18T16:03:55.223194,0.000000,3.901064
49.5721,2026-06-18T16:03:55.691304,0.000000,3.898876
50.0625,2026-06-18T16:03:56.181670,0.000000,3.897092
50.5683,2026-06-18T16:03:56.687526,0.000000,3.895412
51.0709,2026-06-18T16:03:57.190120,0.000000,3.893572
51.5734,2026-06-18T16:03:57.692581,0.000000,3.891740
52.0659,2026-06-18T16:03:58.185141,0.000000,3.889728
52.5662,2026-06-18T16:03:58.685399,0.000000,3.887528
53.0428,2026-06-18T16:03:59.161978,0.000000,3.885316
53.5162,2026-06-18T16:03:59.635383,0.000000,3.883264
54.0198,2026-06-18T16:04:00.139000,0.000000,3.881672
54.5180,2026-06-18T16:04:00.637178,0.000000,3.880436
55.0124,2026-06-18T16:04:01.131638,0.000000,3.879072
55.4944,2026-06-18T16:04:01.613602,0.000000,3.877820
55.9842,2026-06-18T16:04:02.103378,0.000000,3.876292
56.4763,2026-06-18T16:04:02.595546,0.000000,3.874564
56.9752,2026-06-18T16:04:03.094425,0.000000,3.872564
57.4665,2026-06-18T16:04:03.585700,0.000000,3.870260
57.9811,2026-06-18T16:04:04.100277,0.000000,3.868388
58.4876,2026-06-18T16:04:04.606828,0.000000,3.865828
58.9957,2026-06-18T16:04:05.114966,0.000000,3.863872
59.4919,2026-06-18T16:04:05.611163,0.000000,3.862176
59.9954,2026-06-18T16:04:06.114587,0.000000,3.860216
60.4615,2026-06-18T16:04:06.580684,0.000000,3.858592
60.9474,2026-06-18T16:04:07.066633,0.000000,3.856844
61.4451,2026-06-18T16:04:07.564267,0.000000,3.855096
61.9461,2026-06-18T16:04:08.065335,0.000000,3.853192
62.4413,2026-06-18T16:04:08.560504,0.000000,3.851432
62.9515,2026-06-18T16:04:09.070725,0.000000,3.849228
63.4431,2026-06-18T16:04:09.562315,0.000000,3.847148
63.9382,2026-06-18T16:04:10.057389,0.000000,3.845200
64.4366,2026-06-18T16:04:10.555847,0.000000,3.843404
64.9400,2026-06-18T16:04:11.059196,0.000000,3.841868
65.4248,2026-06-18T16:04:11.543982,0.000000,3.840420
65.9144,2026-06-18T16:04:12.033624,0.000000,3.838864
66.4090,2026-06-18T16:04:12.528254,0.000000,3.837376
66.9165,2026-06-18T16:04:13.035738,0.000000,3.835888
67.4112,2026-06-18T16:04:13.530435,0.000000,3.834268
67.9120,2026-06-18T16:04:14.031203,0.000000,3.832252
68.4106,2026-06-18T16:04:14.529820,0.000000,3.830120
68.9137,2026-06-18T16:04:15.032931,0.000000,3.828528
69.4410,2026-06-18T16:04:15.560171,0.000000,3.826828
69.9210,2026-06-18T16:04:16.040237,0.000000,3.825360
70.4260,2026-06-18T16:04:16.545239,0.000000,3.824060
70.9279,2026-06-18T16:04:17.047152,0.000000,3.822196
71.4235,2026-06-18T16:04:17.542764,0.000000,3.820840
71.9059,2026-06-18T16:04:18.025118,0.000000,3.819444
72.3783,2026-06-18T16:04:18.497483,0.000000,3.818020
72.8722,2026-06-18T16:04:18.991432,0.000000,3.816800
73.3476,2026-06-18T16:04:19.466805,0.000000,3.815460
73.8160,2026-06-18T16:04:19.935190,0.000000,3.814052
74.3008,2026-06-18T16:04:20.419983,0.000000,3.812732
74.8190,2026-06-18T16:04:20.938171,0.000000,3.810876
75.3206,2026-06-18T16:04:21.439821,0.000000,3.808728
75.8123,2026-06-18T16:04:21.931467,0.000000,3.806780
76.3075,2026-06-18T16:04:22.426696,0.000000,3.804816
76.7783,2026-06-18T16:04:22.897524,0.000000,3.803116
77.2854,2026-06-18T16:04:23.404599,0.000000,3.801680
77.7854,2026-06-18T16:04:23.904603,0.000000,3.799852
78.3131,2026-06-18T16:04:24.432272,0.000000,3.798096
78.8122,2026-06-18T16:04:24.931452,0.000000,3.796388
79.3124,2026-06-18T16:04:25.431574,0.000000,3.795076
79.8061,2026-06-18T16:04:25.925352,0.000000,3.793584
80.3120,2026-06-18T16:04:26.431242,0.000000,3.792168
80.8038,2026-06-18T16:04:26.922994,0.000000,3.790876
81.3035,2026-06-18T16:04:27.422713,0.000000,3.789156
81.8262,2026-06-18T16:04:27.945371,0.000000,3.787332
82.3256,2026-06-18T16:04:28.444817,0.000000,3.785204
82.8268,2026-06-18T16:04:28.946047,0.000000,3.783336
83.3158,2026-06-18T16:04:29.434966,0.000000,3.781500
83.8206,2026-06-18T16:04:29.939799,0.000000,3.779904
84.3206,2026-06-18T16:04:30.439772,0.000000,3.778804
84.8415,2026-06-18T16:04:30.960684,0.000000,3.777472
85.3477,2026-06-18T16:04:31.466940,0.000000,3.776112
85.8437,2026-06-18T16:04:31.962936,0.000000,3.775388
86.3225,2026-06-18T16:04:32.441657,0.000000,3.773808
86.8275,2026-06-18T16:04:32.946674,0.000000,3.772352
87.3289,2026-06-18T16:04:33.448124,0.000000,3.770856
87.8325,2026-06-18T16:04:33.951686,0.000000,3.769144
88.3564,2026-06-18T16:04:34.475574,0.000000,3.767744
88.8508,2026-06-18T16:04:34.970025,0.000000,3.766180
89.3430,2026-06-18T16:04:35.462229,0.000000,3.764752
89.8348,2026-06-18T16:04:35.954019,0.000000,3.763236
90.3363,2026-06-18T16:04:36.455473,0.000000,3.761928
90.8362,2026-06-18T16:04:36.955432,0.000000,3.761104
91.3367,2026-06-18T16:04:37.455955,0.000000,3.760336
91.8578,2026-06-18T16:04:37.976981,0.000000,3.759164
92.3611,2026-06-18T16:04:38.480330,0.000000,3.757848
92.8602,2026-06-18T16:04:38.979401,0.000000,3.756504
93.3294,2026-06-18T16:04:39.448593,0.000000,3.754912
93.8284,2026-06-18T16:04:39.947638,0.000000,3.753752
94.3416,2026-06-18T16:04:40.460814,0.000000,3.752516
94.8402,2026-06-18T16:04:40.959379,0.000000,3.750756
95.3534,2026-06-18T16:04:41.472598,0.000000,3.749232
95.8411,2026-06-18T16:04:41.960273,0.000000,3.747544
96.3450,2026-06-18T16:04:42.464198,0.000000,3.745976
96.8328,2026-06-18T16:04:42.952014,0.000000,3.744696
97.3328,2026-06-18T16:04:43.452003,0.000000,3.743576
97.8036,2026-06-18T16:04:43.922846,0.000000,3.742152
98.2837,2026-06-18T16:04:44.402905,0.000000,3.741020
98.7675,2026-06-18T16:04:44.886664,0.000000,3.739968
99.2659,2026-06-18T16:04:45.385075,0.000000,3.738488
99.7602,2026-06-18T16:04:45.879404,0.000000,3.737400
100.2405,2026-06-18T16:04:46.359715,0.000000,3.736192
100.7582,2026-06-18T16:04:46.877405,0.000000,3.734600
101.2638,2026-06-18T16:04:47.382980,0.000000,3.733220
101.7233,2026-06-18T16:04:47.842519,0.000000,3.731512
102.2285,2026-06-18T16:04:48.347749,0.000000,3.729872
102.7289,2026-06-18T16:04:48.848127,0.000000,3.728296
103.2421,2026-06-18T16:04:49.361285,0.000000,3.726868
103.7447,2026-06-18T16:04:49.863954,0.000000,3.725692
104.2545,2026-06-18T16:04:50.373700,0.000000,3.724652
104.7515,2026-06-18T16:04:50.870668,0.000000,3.723480
105.2171,2026-06-18T16:04:51.336304,0.000000,3.722436
105.7171,2026-06-18T16:04:51.836312,0.000000,3.721296
106.2063,2026-06-18T16:04:52.325493,0.000000,3.719916
106.7036,2026-06-18T16:04:52.822838,0.000000,3.719052
107.2073,2026-06-18T16:04:53.326493,0.000000,3.717804
107.6968,2026-06-18T16:04:53.815999,0.000000,3.716748
108.1917,2026-06-18T16:04:54.310889,0.000000,3.715628
108.6894,2026-06-18T16:04:54.808578,0.000000,3.714404
109.1583,2026-06-18T16:04:55.277480,0.000000,3.713208
109.6536,2026-06-18T16:04:55.772777,0.000000,3.711884
110.1576,2026-06-18T16:04:56.276854,0.000000,3.710624
110.6562,2026-06-18T16:04:56.775453,0.000000,3.709432
111.1532,2026-06-18T16:04:57.272367,0.000000,3.708396
111.6763,2026-06-18T16:04:57.795517,0.000000,3.707424
112.1669,2026-06-18T16:04:58.286096,0.000000,3.706516
112.6738,2026-06-18T16:04:58.792998,0.000000,3.705252
113.1634,2026-06-18T16:04:59.282559,0.000000,3.703992
113.6239,2026-06-18T16:04:59.743156,0.000000,3.703044
114.1241,2026-06-18T16:05:00.243341,0.000000,3.701916
114.6233,2026-06-18T16:05:00.742484,0.000000,3.701356
115.0779,2026-06-18T16:05:01.197077,0.000000,3.700516
115.5515,2026-06-18T16:05:01.670724,0.000000,3.699928
116.0313,2026-06-18T16:05:02.150468,0.000000,3.699260
116.4855,2026-06-18T16:05:02.604732,0.000000,3.698132
116.9753,2026-06-18T16:05:03.094464,0.000000,3.697140
117.4489,2026-06-18T16:05:03.568150,0.000000,3.695992
117.9191,2026-06-18T16:05:04.038288,0.000000,3.694700
118.4181,2026-06-18T16:05:04.537315,0.000000,3.693612
118.9177,2026-06-18T16:05:05.036965,0.000000,3.692584
119.4167,2026-06-18T16:05:05.535873,0.000000,3.691656
119.9205,2026-06-18T16:05:06.039704,0.000000,3.690884
120.3750,2026-06-18T16:05:06.494207,0.000000,3.690084
120.8675,2026-06-18T16:05:06.986699,0.000000,3.689164
121.3675,2026-06-18T16:05:07.486694,0.000000,3.687800
121.8689,2026-06-18T16:05:07.988101,0.000000,3.686724
122.3813,2026-06-18T16:05:08.500475,0.000000,3.685940
122.8697,2026-06-18T16:05:08.988910,0.000000,3.685500
123.3630,2026-06-18T16:05:09.482213,0.000000,3.685192
123.8701,2026-06-18T16:05:09.989315,0.000000,3.684564
124.3662,2026-06-18T16:05:10.485459,0.000000,3.683508
124.8681,2026-06-18T16:05:10.987281,0.000000,3.682388
125.3900,2026-06-18T16:05:11.509170,0.000000,3.681448
125.8726,2026-06-18T16:05:11.991764,0.000000,3.680644
126.3848,2026-06-18T16:05:12.504034,0.000000,3.680232
126.8738,2026-06-18T16:05:12.993011,0.000000,3.679612
127.3732,2026-06-18T16:05:13.492430,0.000000,3.678836
127.8750,2026-06-18T16:05:13.994168,0.000000,3.677988
128.3768,2026-06-18T16:05:14.496030,0.000000,3.676824
128.8758,2026-06-18T16:05:14.995031,0.000000,3.675620
129.3633,2026-06-18T16:05:15.482549,0.000000,3.674824
129.8769,2026-06-18T16:05:15.996075,0.000000,3.674124
130.3760,2026-06-18T16:05:16.495172,0.000000,3.673188
130.8746,2026-06-18T16:05:16.993776,0.000000,3.672560
131.3814,2026-06-18T16:05:17.500607,0.000000,3.671496
131.8771,2026-06-18T16:05:17.996333,0.000000,3.670324
132.3755,2026-06-18T16:05:18.494753,0.000000,3.669532
132.8736,2026-06-18T16:05:18.992836,0.000000,3.668692
133.3732,2026-06-18T16:05:19.492422,0.000000,3.668024
133.8824,2026-06-18T16:05:20.001601,0.000000,3.667216
134.3452,2026-06-18T16:05:20.464456,0.000000,3.666492
134.8111,2026-06-18T16:05:20.930291,0.000000,3.665764
135.3177,2026-06-18T16:05:21.436879,0.000000,3.665276
135.7821,2026-06-18T16:05:21.901291,0.000000,3.664844
136.2848,2026-06-18T16:05:22.404004,0.000000,3.664540
136.7821,2026-06-18T16:05:22.901274,0.000000,3.664244
137.2713,2026-06-18T16:05:23.390539,0.000000,3.663460
137.7722,2026-06-18T16:05:23.891375,0.000000,3.662792
138.3013,2026-06-18T16:05:24.420552,0.000000,3.662124
138.7970,2026-06-18T16:05:24.916264,0.000000,3.661164
139.2978,2026-06-18T16:05:25.417019,0.000000,3.660712
139.7943,2026-06-18T16:05:25.913562,0.000000,3.660096
140.2974,2026-06-18T16:05:26.416637,0.000000,3.659352
140.8137,2026-06-18T16:05:26.932883,0.000000,3.658844
141.3162,2026-06-18T16:05:27.435441,0.000000,3.658020
141.7900,2026-06-18T16:05:27.909261,0.000000,3.657144
142.2853,2026-06-18T16:05:28.404475,0.000000,3.656356
142.7814,2026-06-18T16:05:28.900628,0.000000,3.655560
143.2522,2026-06-18T16:05:29.371395,0.000000,3.655016
143.7538,2026-06-18T16:05:29.873059,0.000000,3.654584
144.2461,2026-06-18T16:05:30.365271,0.000000,3.653872
144.7350,2026-06-18T16:05:30.854214,0.000000,3.653052
145.2657,2026-06-18T16:05:31.386269,0.000000,3.652104
145.7662,2026-06-18T16:05:31.885417,0.000000,3.651476
146.2481,2026-06-18T16:05:32.367315,0.000000,3.651012
146.7113,2026-06-18T16:05:32.830536,0.000000,3.650724
147.1894,2026-06-18T16:05:33.308637,0.000000,3.650668
147.6893,2026-06-18T16:05:33.808474,0.000000,3.650384
148.1835,2026-06-18T16:05:34.302670,0.000000,3.650068
148.6871,2026-06-18T16:05:34.806292,0.000000,3.649848
149.1818,2026-06-18T16:05:35.300971,0.000000,3.649216
149.7044,2026-06-18T16:05:35.823559,0.000000,3.648628
150.2001,2026-06-18T16:05:36.319277,0.000000,3.647948
150.7035,2026-06-18T16:05:36.822728,0.000000,3.647164
151.2040,2026-06-18T16:05:37.323203,0.000000,3.646608
151.6782,2026-06-18T16:05:37.797448,0.000000,3.646100
152.1501,2026-06-18T16:05:38.269298,0.000000,3.645700
152.6496,2026-06-18T16:05:38.768756,0.000000,3.645072
153.1381,2026-06-18T16:05:39.257374,0.000000,3.644264
153.6520,2026-06-18T16:05:39.771183,0.000000,3.643552
154.1549,2026-06-18T16:05:40.274145,0.000000,3.642548
154.6431,2026-06-18T16:05:40.762358,0.000000,3.642084
155.1447,2026-06-18T16:05:41.263910,0.000000,3.641620
155.6228,2026-06-18T16:05:41.742001,0.000000,3.640984
156.1217,2026-06-18T16:05:42.240932,0.000000,3.640648
156.6182,2026-06-18T16:05:42.737413,0.000000,3.640100
157.1002,2026-06-18T16:05:43.219414,0.000000,3.639704
157.5714,2026-06-18T16:05:43.690659,0.000000,3.639368
158.0786,2026-06-18T16:05:44.197858,0.000000,3.638800
158.6011,2026-06-18T16:05:44.720331,0.000000,3.638352
159.1019,2026-06-18T16:05:45.221149,0.000000,3.638344
159.6066,2026-06-18T16:05:45.725823,0.000000,3.638120
160.0970,2026-06-18T16:05:46.216220,0.000000,3.637924
160.5913,2026-06-18T16:05:46.710484,0.000000,3.637672
161.0665,2026-06-18T16:05:47.185656,0.000000,3.636700
161.5580,2026-06-18T16:05:47.677168,0.000000,3.636020
162.0661,2026-06-18T16:05:48.185344,0.000000,3.635728
162.5882,2026-06-18T16:05:48.707416,0.000000,3.635264
163.0928,2026-06-18T16:05:49.211973,0.000000,3.635404
163.5884,2026-06-18T16:05:49.707599,0.000000,3.635412
164.0926,2026-06-18T16:05:50.211772,0.000000,3.635212
164.6181,2026-06-18T16:05:50.737332,0.000000,3.635256
165.0935,2026-06-18T16:05:51.212720,0.000000,3.634604
165.5885,2026-06-18T16:05:51.707768,0.000000,3.634256
166.0871,2026-06-18T16:05:52.206299,0.000000,3.633548
166.5869,2026-06-18T16:05:52.706150,0.000000,3.632756
167.0810,2026-06-18T16:05:53.200169,0.000000,3.632508
167.5871,2026-06-18T16:05:53.706355,0.000000,3.632108
168.1077,2026-06-18T16:05:54.226961,0.000000,3.631896
168.6146,2026-06-18T16:05:54.733801,0.000000,3.631556
169.1011,2026-06-18T16:05:55.220320,0.000000,3.631240
169.6061,2026-06-18T16:05:55.725284,0.000000,3.631056
170.0756,2026-06-18T16:05:56.194770,0.000000,3.630804
170.5360,2026-06-18T16:05:56.655222,0.000000,3.630764
171.0351,2026-06-18T16:05:57.154347,0.000000,3.630324
171.5296,2026-06-18T16:05:57.648852,0.000000,3.629836
172.0251,2026-06-18T16:05:58.144311,0.000000,3.629400
172.5549,2026-06-18T16:05:58.674159,0.000000,3.628852
173.0418,2026-06-18T16:05:59.160980,0.000000,3.628624
173.5211,2026-06-18T16:05:59.640315,0.000000,3.628152
174.0158,2026-06-18T16:06:00.135027,0.000000,3.627656
174.5211,2026-06-18T16:06:00.640289,0.000000,3.627188
175.0182,2026-06-18T16:06:01.137464,0.000000,3.626776
175.4649,2026-06-18T16:06:01.584106,0.000000,3.626572
175.9339,2026-06-18T16:06:02.053106,0.000000,3.626648
176.4113,2026-06-18T16:06:02.530562,0.000000,3.626576
176.8844,2026-06-18T16:06:03.003648,0.000000,3.626364
177.3762,2026-06-18T16:06:03.495445,0.000000,3.626084
177.8785,2026-06-18T16:06:03.997718,0.000000,3.625792
178.3919,2026-06-18T16:06:04.511057,0.000000,3.625204
178.8947,2026-06-18T16:06:05.013895,0.000000,3.624792
179.3928,2026-06-18T16:06:05.511984,0.000000,3.624976
179.8789,2026-06-18T16:06:05.998140,0.000000,3.624872
180.3586,2026-06-18T16:06:06.477849,0.000000,3.624992
180.8580,2026-06-18T16:06:06.977202,0.000000,3.625080
181.3547,2026-06-18T16:06:07.473876,0.000000,3.624908
181.8689,2026-06-18T16:06:07.988099,0.000000,3.624516
182.3177,2026-06-18T16:06:08.436921,0.000000,3.624084
182.8021,2026-06-18T16:06:08.921267,0.000000,3.623740
183.2830,2026-06-18T16:06:09.402259,0.000000,3.623092
183.7780,2026-06-18T16:06:09.897221,0.000000,3.622800
184.2754,2026-06-18T16:06:10.394597,0.000000,3.622808
184.7753,2026-06-18T16:06:10.894529,0.000000,3.622704
185.2641,2026-06-18T16:06:11.383308,0.000000,3.622864
185.7750,2026-06-18T16:06:11.894247,0.000000,3.623132
186.2649,2026-06-18T16:06:12.384087,0.000000,3.623280
186.7938,2026-06-18T16:06:12.913003,0.000000,3.623348
187.2878,2026-06-18T16:06:13.407049,0.000000,3.623428
187.7955,2026-06-18T16:06:13.914707,0.000000,3.623396
188.2885,2026-06-18T16:06:14.407765,0.000000,3.623292
188.7851,2026-06-18T16:06:14.904361,0.000000,3.623380
189.2659,2026-06-18T16:06:15.385111,0.000000,3.623312
189.7591,2026-06-18T16:06:15.878307,0.000000,3.623200
190.2345,2026-06-18T16:06:16.353740,0.000000,3.622984
190.7171,2026-06-18T16:06:16.836285,0.000000,3.622924
191.2089,2026-06-18T16:06:17.328148,0.000000,3.622940
191.7394,2026-06-18T16:06:17.858613,0.000000,3.623224
192.2327,2026-06-18T16:06:18.351895,0.000000,3.623520
192.7173,2026-06-18T16:06:18.836504,0.000000,3.623016
193.2154,2026-06-18T16:06:19.334640,0.000000,3.622948
193.6873,2026-06-18T16:06:19.806531,0.000000,3.622384
194.1876,2026-06-18T16:06:20.306821,0.000000,3.622204
194.6583,2026-06-18T16:06:20.777530,0.000000,3.622408
195.1561,2026-06-18T16:06:21.275311,0.000000,3.622120
195.6433,2026-06-18T16:06:21.762533,0.000000,3.622000
196.1742,2026-06-18T16:06:22.293367,0.000000,3.621724
196.6659,2026-06-18T16:06:22.785128,0.000000,3.621436
197.1670,2026-06-18T16:06:23.286166,0.000000,3.621448
197.6446,2026-06-18T16:06:23.763829,0.000000,3.621720
198.1480,2026-06-18T16:06:24.267233,0.000000,3.621812
198.6212,2026-06-18T16:06:24.740426,0.000000,3.621820
199.1154,2026-06-18T16:06:25.234568,0.000000,3.621788
199.6152,2026-06-18T16:06:25.734425,0.000000,3.621768
200.1383,2026-06-18T16:06:26.257490,0.000000,3.621808
200.6046,2026-06-18T16:06:26.723813,0.000000,3.621820
201.1025,2026-06-18T16:06:27.221700,0.000000,3.621768
201.5899,2026-06-18T16:06:27.709125,0.000000,3.621636
202.0877,2026-06-18T16:06:28.206901,0.000000,3.621756
202.5914,2026-06-18T16:06:28.710617,0.000000,3.621736
203.0826,2026-06-18T16:06:29.201820,0.000000,3.621684
203.5873,2026-06-18T16:06:29.706514,0.000000,3.621564
204.0471,2026-06-18T16:06:30.166313,0.000000,3.621388
204.5456,2026-06-18T16:06:30.664850,0.000000,3.621424
205.0587,2026-06-18T16:06:31.177938,0.000000,3.621492
205.5581,2026-06-18T16:06:31.677317,0.000000,3.621372
206.0510,2026-06-18T16:06:32.170197,0.000000,3.621428
206.5386,2026-06-18T16:06:32.657805,0.000000,3.621364
207.0176,2026-06-18T16:06:33.136766,0.000000,3.621348
207.5433,2026-06-18T16:06:33.662511,0.000000,3.621356
207.9935,2026-06-18T16:06:34.112678,0.000000,3.621148
208.4952,2026-06-18T16:06:34.614419,0.000000,3.621180
208.9917,2026-06-18T16:06:35.110892,0.000000,3.621248
209.4959,2026-06-18T16:06:35.615102,0.000000,3.621136
209.9683,2026-06-18T16:06:36.087538,0.000000,3.621420
210.4574,2026-06-18T16:06:36.576639,0.000000,3.621392
210.9504,2026-06-18T16:06:37.069656,0.000000,3.621408
211.4529,2026-06-18T16:06:37.572117,0.000000,3.621560
211.9486,2026-06-18T16:06:38.067793,0.000000,3.621360
212.4517,2026-06-18T16:06:38.570964,0.000000,3.621496
212.9703,2026-06-18T16:06:39.089482,0.000000,3.621684
213.4754,2026-06-18T16:06:39.594638,0.000000,3.621792
213.9716,2026-06-18T16:06:40.090789,0.000000,3.622072
214.4719,2026-06-18T16:06:40.591084,0.000000,3.622216
214.9726,2026-06-18T16:06:41.091788,0.000000,3.622032
215.4615,2026-06-18T16:06:41.580720,0.000000,3.622012
215.9608,2026-06-18T16:06:42.080047,0.000000,3.621852
216.4917,2026-06-18T16:06:42.610873,0.000000,3.621592
216.9749,2026-06-18T16:06:43.094135,0.000000,3.621816
217.4681,2026-06-18T16:06:43.587305,0.000000,3.621956
217.9682,2026-06-18T16:06:44.087458,0.000000,3.622264
218.4552,2026-06-18T16:06:44.574405,0.000000,3.622624
218.9499,2026-06-18T16:06:45.069102,0.000000,3.622584
219.4423,2026-06-18T16:06:45.561491,0.000000,3.622600
219.9708,2026-06-18T16:06:46.090043,0.000000,3.622532
220.4667,2026-06-18T16:06:46.585951,0.000000,3.622392
220.9570,2026-06-18T16:06:47.076210,0.000000,3.622216
221.4542,2026-06-18T16:06:47.573395,0.000000,3.622120
221.9145,2026-06-18T16:06:48.033667,0.000000,3.622196
222.4058,2026-06-18T16:06:48.525051,0.000000,3.622344
222.9038,2026-06-18T16:06:49.023001,0.000000,3.622608
223.3659,2026-06-18T16:06:49.485101,0.000000,3.622704
223.8722,2026-06-18T16:06:49.991463,0.000000,3.622856
224.3958,2026-06-18T16:06:50.514966,0.000000,3.622908
224.8973,2026-06-18T16:06:51.016489,0.000000,3.622908
225.3994,2026-06-18T16:06:51.518643,0.000000,3.623084
225.8697,2026-06-18T16:06:51.988898,0.000000,3.622892
226.3301,2026-06-18T16:06:52.449273,0.000000,3.622928
226.8320,2026-06-18T16:06:52.951221,0.000000,3.623420
227.3317,2026-06-18T16:06:53.450936,0.000000,3.624144
227.8284,2026-06-18T16:06:53.947581,0.000000,3.624720
228.3330,2026-06-18T16:06:54.452207,0.000000,3.625304
228.8664,2026-06-18T16:06:54.985614,0.000000,3.625556
229.3714,2026-06-18T16:06:55.490622,0.000000,3.625408
229.8642,2026-06-18T16:06:55.983384,0.000000,3.625328
230.3352,2026-06-18T16:06:56.454377,0.000000,3.625240
230.8342,2026-06-18T16:06:56.953433,0.000000,3.625248
231.3364,2026-06-18T16:06:57.455665,0.000000,3.625272
231.8350,2026-06-18T16:06:57.954239,0.000000,3.625464
232.3369,2026-06-18T16:06:58.456153,0.000000,3.626140
232.8368,2026-06-18T16:06:58.956053,0.000000,3.626576
233.3385,2026-06-18T16:06:59.457726,0.000000,3.627020
233.8397,2026-06-18T16:06:59.958937,0.000000,3.627688
234.3389,2026-06-18T16:07:00.458082,0.000000,3.627740
234.8380,2026-06-18T16:07:00.957182,0.000000,3.627760
235.3397,2026-06-18T16:07:01.458891,0.000000,3.627980
235.8551,2026-06-18T16:07:01.974310,0.000000,3.627752
236.3408,2026-06-18T16:07:02.459974,0.000000,3.627408
236.8366,2026-06-18T16:07:02.955853,0.000000,3.627028
237.3418,2026-06-18T16:07:03.460993,0.000000,3.626536
237.8360,2026-06-18T16:07:03.955189,0.000000,3.626268
238.3295,2026-06-18T16:07:04.448757,0.000000,3.626432
238.8293,2026-06-18T16:07:04.948478,0.000000,3.626764
239.3444,2026-06-18T16:07:05.463636,0.000000,3.626908
239.8483,2026-06-18T16:07:05.967512,0.000000,3.627364
240.3415,2026-06-18T16:07:06.460714,0.000000,3.627452
240.8511,2026-06-18T16:07:06.970334,0.000000,3.627592
241.3439,2026-06-18T16:07:07.463122,0.000000,3.628072
241.8358,2026-06-18T16:07:07.954988,0.000000,3.628180
242.3308,2026-06-18T16:07:08.449986,0.000000,3.628444
242.8554,2026-06-18T16:07:08.974579,0.000000,3.628716
243.3486,2026-06-18T16:07:09.467805,0.000000,3.628704
243.8427,2026-06-18T16:07:09.961895,0.000000,3.629036
244.3400,2026-06-18T16:07:10.459201,0.000000,3.629264
244.8369,2026-06-18T16:07:10.956084,0.000000,3.629600
245.3371,2026-06-18T16:07:11.456271,0.000000,3.629908
245.8095,2026-06-18T16:07:11.928723,0.000000,3.630120
246.3050,2026-06-18T16:07:12.424169,0.000000,3.630660
246.8323,2026-06-18T16:07:12.951471,0.000000,3.630820
247.3270,2026-06-18T16:07:13.446226,0.000000,3.631000
247.8294,2026-06-18T16:07:13.948594,0.000000,3.630916
248.3293,2026-06-18T16:07:14.448495,0.000000,3.630992
248.8370,2026-06-18T16:07:14.956241,0.000000,3.631308
249.3229,2026-06-18T16:07:15.442154,0.000000,3.631648
249.8282,2026-06-18T16:07:15.947447,0.000000,3.631932
250.3267,2026-06-18T16:07:16.445909,0.000000,3.631996
250.8248,2026-06-18T16:07:16.944047,0.000000,3.632192
251.3311,2026-06-18T16:07:17.450298,0.000000,3.632408
251.8168,2026-06-18T16:07:17.936031,0.000000,3.632832
252.3464,2026-06-18T16:07:18.465595,0.000000,3.633364
252.8444,2026-06-18T16:07:18.963612,0.000000,3.633620
253.3437,2026-06-18T16:07:19.462935,0.000000,3.633900
253.8398,2026-06-18T16:07:19.958969,0.000000,3.634232
254.3190,2026-06-18T16:07:20.438205,0.000000,3.634208
254.8055,2026-06-18T16:07:20.924733,0.000000,3.634212
255.3084,2026-06-18T16:07:21.427589,0.000000,3.634404
255.8003,2026-06-18T16:07:21.919487,0.000000,3.634484
256.3002,2026-06-18T16:07:22.419399,0.000000,3.634584
256.8193,2026-06-18T16:07:22.938560,0.000000,3.634740
257.2905,2026-06-18T16:07:23.409705,0.000000,3.634904
257.7889,2026-06-18T16:07:23.908128,0.000000,3.635096
258.2973,2026-06-18T16:07:24.416477,0.000000,3.635384
258.7920,2026-06-18T16:07:24.911239,0.000000,3.635708
259.2650,2026-06-18T16:07:25.384188,0.000000,3.635832
259.7605,2026-06-18T16:07:25.879686,0.000000,3.635876
260.2343,2026-06-18T16:07:26.353537,0.000000,3.635808
260.7644,2026-06-18T16:07:26.883567,0.000000,3.636012
261.2674,2026-06-18T16:07:27.386663,0.000000,3.636448
261.7636,2026-06-18T16:07:27.882814,0.000000,3.636880
262.2678,2026-06-18T16:07:28.387057,0.000000,3.637412
262.7710,2026-06-18T16:07:28.890182,0.000000,3.637580
263.2536,2026-06-18T16:07:29.372828,0.000000,3.637628
263.7609,2026-06-18T16:07:29.880150,0.000000,3.637528
264.2883,2026-06-18T16:07:30.407492,0.000000,3.637656
264.7924,2026-06-18T16:07:30.911633,0.000000,3.637972
265.2452,2026-06-18T16:07:31.364402,0.000000,3.638280
265.7503,2026-06-18T16:07:31.869542,0.000000,3.638624
266.2466,2026-06-18T16:07:32.365792,0.000000,3.638992
266.7212,2026-06-18T16:07:32.840393,0.000000,3.639144
267.2075,2026-06-18T16:07:33.326728,0.000000,3.639224
267.6731,2026-06-18T16:07:33.792343,0.000000,3.639252
268.1689,2026-06-18T16:07:34.288132,0.000000,3.639292
268.6719,2026-06-18T16:07:34.791092,0.000000,3.639596
269.1511,2026-06-18T16:07:35.270328,0.000000,3.639800
269.6743,2026-06-18T16:07:35.793526,0.000000,3.640256
270.1641,2026-06-18T16:07:36.283281,0.000000,3.640360
270.6737,2026-06-18T16:07:36.792940,0.000000,3.640332
271.1803,2026-06-18T16:07:37.299550,0.000000,3.640336
271.6754,2026-06-18T16:07:37.794626,0.000000,3.640612
272.1690,2026-06-18T16:07:38.288218,0.000000,3.640884
272.6790,2026-06-18T16:07:38.798259,0.000000,3.641156
273.1841,2026-06-18T16:07:39.303295,0.000000,3.641424
273.6765,2026-06-18T16:07:39.795672,0.000000,3.641352
274.1476,2026-06-18T16:07:40.266773,0.000000,3.641680
274.6503,2026-06-18T16:07:40.769511,0.000000,3.642068
275.1583,2026-06-18T16:07:41.277543,0.000000,3.642868
275.6565,2026-06-18T16:07:41.775729,0.000000,3.643552
276.1586,2026-06-18T16:07:42.277801,0.000000,3.643760
276.6878,2026-06-18T16:07:42.807059,0.000000,3.643928
277.1800,2026-06-18T16:07:43.299253,0.000000,3.643924
277.6715,2026-06-18T16:07:43.790666,0.000000,3.644288
278.1720,2026-06-18T16:07:44.291224,0.000000,3.644620
278.6689,2026-06-18T16:07:44.788072,0.000000,3.644892
279.1716,2026-06-18T16:07:45.290836,0.000000,3.644964
279.6641,2026-06-18T16:07:45.783317,0.000000,3.645044
280.1447,2026-06-18T16:07:46.263909,0.000000,3.645140
280.6413,2026-06-18T16:07:46.760511,0.000000,3.645044
281.1442,2026-06-18T16:07:47.263372,0.000000,3.645212
281.6385,2026-06-18T16:07:47.757718,0.000000,3.645340
282.1220,2026-06-18T16:07:48.241170,0.000000,3.645604
282.6109,2026-06-18T16:07:48.730149,0.000000,3.646208
283.1344,2026-06-18T16:07:49.253635,0.000000,3.646560
283.6264,2026-06-18T16:07:49.745631,0.000000,3.647036
284.1264,2026-06-18T16:07:50.245593,0.000000,3.647372
284.6296,2026-06-18T16:07:50.748817,0.000000,3.647668
285.1338,2026-06-18T16:07:51.253008,0.000000,3.647968
285.6332,2026-06-18T16:07:51.752370,0.000000,3.648192
286.1211,2026-06-18T16:07:52.240323,0.000000,3.648352
286.6428,2026-06-18T16:07:52.762026,0.000000,3.648320
287.1479,2026-06-18T16:07:53.267093,0.000000,3.648448
287.6503,2026-06-18T16:07:53.769486,0.000000,3.648584
288.1264,2026-06-18T16:07:54.245662,0.000000,3.648792
288.6337,2026-06-18T16:07:54.752883,0.000000,3.649264
289.1262,2026-06-18T16:07:55.245366,0.000000,3.649684
289.6332,2026-06-18T16:07:55.752375,0.000000,3.649888
290.1475,2026-06-18T16:07:56.266691,0.000000,3.650424
290.6401,2026-06-18T16:07:56.759271,0.000000,3.650936
291.1453,2026-06-18T16:07:57.264482,0.000000,3.651256
291.6345,2026-06-18T16:07:57.753701,0.000000,3.651424
292.1267,2026-06-18T16:07:58.245950,0.000000,3.651672
292.6148,2026-06-18T16:07:58.734047,0.000000,3.651684
293.0902,2026-06-18T16:07:59.209397,0.000000,3.651732
293.5944,2026-06-18T16:07:59.713645,0.000000,3.651900
294.1078,2026-06-18T16:08:00.227053,0.000000,3.651780
294.6055,2026-06-18T16:08:00.724741,0.000000,3.651492
295.1058,2026-06-18T16:08:01.224968,0.000000,3.651408
295.5727,2026-06-18T16:08:01.691880,0.000000,3.651736
296.0591,2026-06-18T16:08:02.178318,0.000000,3.652056
296.5599,2026-06-18T16:08:02.679068,0.000000,3.652780
297.0603,2026-06-18T16:08:03.179504,0.000000,3.653576
297.5469,2026-06-18T16:08:03.666102,0.000000,3.653936
298.0366,2026-06-18T16:08:04.155841,0.000000,3.654336
298.5377,2026-06-18T16:08:04.656925,0.000000,3.654556
299.0591,2026-06-18T16:08:05.178332,0.000000,3.654780
299.5509,2026-06-18T16:08:05.670065,0.000000,3.654992
300.0573,2026-06-18T16:08:06.176473,0.000000,3.654988
300.5528,2026-06-18T16:08:06.671991,0.000000,3.655244
301.0519,2026-06-18T16:08:07.171128,0.000000,3.655116
301.5512,2026-06-18T16:08:07.670437,0.000000,3.655260
302.0656,2026-06-18T16:08:08.184851,0.000000,3.655524
302.5583,2026-06-18T16:08:08.677481,0.000000,3.655812
303.0595,2026-06-18T16:08:09.178719,0.000000,3.656708
303.5601,2026-06-18T16:08:09.679354,0.000000,3.657360
304.0620,2026-06-18T16:08:10.181232,0.000000,3.657960
304.5624,2026-06-18T16:08:10.681620,0.000000,3.658552
305.0553,2026-06-18T16:08:11.174558,0.000000,3.658852
305.5712,2026-06-18T16:08:11.690452,0.000000,3.659500
306.0732,2026-06-18T16:08:12.192420,0.000000,3.660196
306.5525,2026-06-18T16:08:12.671679,0.000000,3.660440
307.0426,2026-06-18T16:08:13.161812,0.000000,3.660892
307.5338,2026-06-18T16:08:13.652989,0.000000,3.660984
308.0294,2026-06-18T16:08:14.148620,0.000000,3.661084
308.4949,2026-06-18T16:08:14.614128,0.000000,3.661432
308.9731,2026-06-18T16:08:15.092281,0.000000,3.661392
309.4736,2026-06-18T16:08:15.592827,0.000000,3.661256
309.9730,2026-06-18T16:08:16.092230,0.000000,3.661296
310.4973,2026-06-18T16:08:16.616550,0.000000,3.661252
311.0010,2026-06-18T16:08:17.120242,0.000000,3.661800
311.5008,2026-06-18T16:08:17.619991,0.000000,3.662220
311.9970,2026-06-18T16:08:18.116169,0.000000,3.662692
312.4969,2026-06-18T16:08:18.616105,0.000000,3.662832
312.9853,2026-06-18T16:08:19.104503,0.000000,3.662936
313.4806,2026-06-18T16:08:19.599785,0.000000,3.663368
313.9776,2026-06-18T16:08:20.096804,0.000000,3.663848
314.4667,2026-06-18T16:08:20.585857,0.000000,3.664284
314.9655,2026-06-18T16:08:21.084711,0.000000,3.664628
315.4415,2026-06-18T16:08:21.560708,0.000000,3.664896
315.9387,2026-06-18T16:08:22.057949,0.000000,3.664896
316.4368,2026-06-18T16:08:22.555994,0.000000,3.665088
316.9385,2026-06-18T16:08:23.057726,0.000000,3.665288
317.4340,2026-06-18T16:08:23.553177,0.000000,3.665288
317.9150,2026-06-18T16:08:24.034218,0.000000,3.665552
318.4256,2026-06-18T16:08:24.544791,0.000000,3.666032
318.9330,2026-06-18T16:08:25.052198,0.000000,3.666384
319.4379,2026-06-18T16:08:25.557125,0.000000,3.667028
319.9340,2026-06-18T16:08:26.053194,0.000000,3.667004
320.4218,2026-06-18T16:08:26.540998,0.000000,3.667108
320.9153,2026-06-18T16:08:27.034467,0.000000,3.667264
321.4188,2026-06-18T16:08:27.538048,0.000000,3.667340
321.9405,2026-06-18T16:08:28.059676,0.000000,3.667936
322.4463,2026-06-18T16:08:28.565493,0.000000,3.668028
322.9188,2026-06-18T16:08:29.037967,0.000000,3.668264
323.3962,2026-06-18T16:08:29.515443,0.000000,3.668580
323.8684,2026-06-18T16:08:29.987580,0.000000,3.669008
324.3665,2026-06-18T16:08:30.485673,0.000000,3.669868
324.8701,2026-06-18T16:08:30.989308,0.000000,3.670324
325.3582,2026-06-18T16:08:31.477433,0.000000,3.670620
325.8522,2026-06-18T16:08:31.971439,0.000000,3.670920
326.3547,2026-06-18T16:08:32.473914,0.000000,3.670812
326.8548,2026-06-18T16:08:32.973991,0.000000,3.671144
327.3506,2026-06-18T16:08:33.469827,0.000000,3.671556
327.8547,2026-06-18T16:08:33.973908,0.000000,3.671608
328.3521,2026-06-18T16:08:34.471332,0.000000,3.671832
328.8774,2026-06-18T16:08:34.996617,0.000000,3.671656
329.3822,2026-06-18T16:08:35.501462,0.000000,3.671588
329.8691,2026-06-18T16:08:35.988281,0.000000,3.671676
330.3644,2026-06-18T16:08:36.483618,0.000000,3.671936
330.8588,2026-06-18T16:08:36.978031,0.000000,3.672332
331.3411,2026-06-18T16:08:37.460349,0.000000,3.672672
331.8391,2026-06-18T16:08:37.958281,0.000000,3.672796
332.3422,2026-06-18T16:08:38.461446,0.000000,3.672852
332.8605,2026-06-18T16:08:38.979686,0.000000,3.673312
333.3528,2026-06-18T16:08:39.471970,0.000000,3.673708
333.8271,2026-06-18T16:08:39.946292,0.000000,3.674144
334.3260,2026-06-18T16:08:40.445215,0.000000,3.674716
334.8234,2026-06-18T16:08:40.942576,0.000000,3.674836
335.3294,2026-06-18T16:08:41.448587,0.000000,3.674892
335.8151,2026-06-18T16:08:41.934336,0.000000,3.675252
336.3402,2026-06-18T16:08:42.459371,0.000000,3.675376
336.8352,2026-06-18T16:08:42.954429,0.000000,3.675608
337.3372,2026-06-18T16:08:43.456447,0.000000,3.675772
337.8462,2026-06-18T16:08:43.965414,0.000000,3.676076
338.3278,2026-06-18T16:08:44.447027,0.000000,3.676852
338.8214,2026-06-18T16:08:44.940609,0.000000,3.677412
339.3048,2026-06-18T16:08:45.424036,0.000000,3.677888
339.8027,2026-06-18T16:08:45.921956,0.000000,3.677968
340.3011,2026-06-18T16:08:46.420327,0.000000,3.677960
340.7930,2026-06-18T16:08:46.912242,0.000000,3.678016
341.2951,2026-06-18T16:08:47.414275,0.000000,3.678272
341.7920,2026-06-18T16:08:47.911234,0.000000,3.678972
342.3029,2026-06-18T16:08:48.422158,0.000000,3.679324
342.8031,2026-06-18T16:08:48.922334,0.000000,3.679656
343.2987,2026-06-18T16:08:49.417918,0.000000,3.679876
343.7980,2026-06-18T16:08:49.917176,0.000000,3.679888
344.3113,2026-06-18T16:08:50.430532,0.000000,3.680280
344.8015,2026-06-18T16:08:50.920671,0.000000,3.680428
345.2817,2026-06-18T16:08:51.400930,0.000000,3.680572
345.7739,2026-06-18T16:08:51.893146,0.000000,3.680708
346.2683,2026-06-18T16:08:52.387567,0.000000,3.680672
346.7693,2026-06-18T16:08:52.888552,0.000000,3.680652
347.2711,2026-06-18T16:08:53.390304,0.000000,3.680832
347.7900,2026-06-18T16:08:53.909208,0.000000,3.680808
348.2868,2026-06-18T16:08:54.405993,0.000000,3.680956
348.7850,2026-06-18T16:08:54.904207,0.000000,3.681172
349.2719,2026-06-18T16:08:55.391123,0.000000,3.681392
349.7711,2026-06-18T16:08:55.890271,0.000000,3.681868
350.2672,2026-06-18T16:08:56.386457,0.000000,3.682320
350.7675,2026-06-18T16:08:56.886716,0.000000,3.682940
351.2845,2026-06-18T16:08:57.403696,0.000000,3.683452
351.7812,2026-06-18T16:08:57.900439,0.000000,3.683796
352.2791,2026-06-18T16:08:58.398346,0.000000,3.684084
352.7786,2026-06-18T16:08:58.897810,0.000000,3.684488
353.2522,2026-06-18T16:08:59.371377,0.000000,3.685044
353.7341,2026-06-18T16:08:59.853339,0.000000,3.685584
354.2305,2026-06-18T16:09:00.349714,0.000000,3.686016
354.7341,2026-06-18T16:09:00.853319,0.000000,3.686028
355.2493,2026-06-18T16:09:01.368545,0.000000,3.686320
355.7356,2026-06-18T16:09:01.854780,0.000000,3.686352
356.2340,2026-06-18T16:09:02.353172,0.000000,3.686452
356.7289,2026-06-18T16:09:02.848094,0.000000,3.686840
357.2106,2026-06-18T16:09:03.329787,0.000000,3.686684
357.7032,2026-06-18T16:09:03.822384,0.000000,3.686588
358.1670,2026-06-18T16:09:04.286221,0.000000,3.686824
358.6648,2026-06-18T16:09:04.784007,0.000000,3.686704
359.1641,2026-06-18T16:09:05.283329,0.000000,3.687032
359.6658,2026-06-18T16:09:05.784994,0.000000,3.687424
360.1704,2026-06-18T16:09:06.289602,0.000000,3.687516
360.6407,2026-06-18T16:09:06.759943,0.000000,3.687856
361.1354,2026-06-18T16:09:07.254626,0.000000,3.688184
361.6314,2026-06-18T16:09:07.750579,0.000000,3.688712
362.1383,2026-06-18T16:09:08.257514,0.000000,3.689344
362.6382,2026-06-18T16:09:08.757452,0.000000,3.689972
363.1382,2026-06-18T16:09:09.257451,0.000000,3.690444
363.6472,2026-06-18T16:09:09.766366,0.000000,3.690876
364.1507,2026-06-18T16:09:10.269892,0.000000,3.690948
364.6396,2026-06-18T16:09:10.758776,0.000000,3.691172
365.1357,2026-06-18T16:09:11.254950,0.000000,3.691380
365.6091,2026-06-18T16:09:11.728280,0.000000,3.691656
366.1160,2026-06-18T16:09:12.235184,0.000000,3.692100
366.6070,2026-06-18T16:09:12.726211,0.000000,3.692520
367.0975,2026-06-18T16:09:13.216665,0.000000,3.692752
367.6179,2026-06-18T16:09:13.737153,0.000000,3.692688
368.1205,2026-06-18T16:09:14.239724,0.000000,3.692820
368.6172,2026-06-18T16:09:14.736374,0.000000,3.692848
369.1161,2026-06-18T16:09:15.235349,0.000000,3.692688
369.6192,2026-06-18T16:09:15.738451,0.000000,3.693028
370.1230,2026-06-18T16:09:16.242195,0.000000,3.693460
370.6336,2026-06-18T16:09:16.752780,0.000000,3.693776
371.1362,2026-06-18T16:09:17.255421,0.000000,3.694600
371.6429,2026-06-18T16:09:17.762139,0.000000,3.695028
372.1342,2026-06-18T16:09:18.253429,0.000000,3.695460
372.6339,2026-06-18T16:09:18.753071,0.000000,3.695528
373.1225,2026-06-18T16:09:19.241681,0.000000,3.695356
373.6233,2026-06-18T16:09:19.742485,0.000000,3.695568
374.1389,2026-06-18T16:09:20.258098,0.000000,3.695720
374.6426,2026-06-18T16:09:20.761796,0.000000,3.696188
375.1383,2026-06-18T16:09:21.257507,0.000000,3.696780
375.6243,2026-06-18T16:09:21.743504,0.000000,3.696892
376.1316,2026-06-18T16:09:22.250786,0.000000,3.697060
376.6317,2026-06-18T16:09:22.750872,0.000000,3.697112
377.1258,2026-06-18T16:09:23.245028,0.000000,3.697068
377.6260,2026-06-18T16:09:23.745178,0.000000,3.697212
378.1458,2026-06-18T16:09:24.264967,0.000000,3.697260
378.6397,2026-06-18T16:09:24.758924,0.000000,3.697196
379.1399,2026-06-18T16:09:25.259076,0.000000,3.697108
379.6335,2026-06-18T16:09:25.752709,0.000000,3.697344
380.1255,2026-06-18T16:09:26.244688,0.000000,3.697728
380.6221,2026-06-18T16:09:26.741276,0.000000,3.698400
381.1422,2026-06-18T16:09:27.261447,0.000000,3.699276
381.6425,2026-06-18T16:09:27.761751,0.000000,3.699740
382.1424,2026-06-18T16:09:28.261647,0.000000,3.700352
382.6466,2026-06-18T16:09:28.765770,0.000000,3.700756
383.1354,2026-06-18T16:09:29.254639,0.000000,3.701328
383.6399,2026-06-18T16:09:29.759166,0.000000,3.701780
384.1381,2026-06-18T16:09:30.257335,0.000000,3.701888
384.6640,2026-06-18T16:09:30.783208,0.000000,3.702120
385.1536,2026-06-18T16:09:31.272801,0.000000,3.702200
385.6473,2026-06-18T16:09:31.766556,0.000000,3.702420
386.1264,2026-06-18T16:09:32.245650,0.000000,3.702620
386.6172,2026-06-18T16:09:32.736444,0.000000,3.702688
387.1193,2026-06-18T16:09:33.238520,0.000000,3.703080
387.5956,2026-06-18T16:09:33.714833,0.000000,3.703620
388.1039,2026-06-18T16:09:34.223140,0.000000,3.704336
388.6364,2026-06-18T16:09:34.755577,0.000000,3.705072
389.1385,2026-06-18T16:09:35.257700,0.000000,3.705364
389.6388,2026-06-18T16:09:35.758011,0.000000,3.705548
390.1437,2026-06-18T16:09:36.262916,0.000000,3.705536
390.6351,2026-06-18T16:09:36.754272,0.000000,3.705712
391.1302,2026-06-18T16:09:37.249432,0.000000,3.705904
391.6506,2026-06-18T16:09:37.769845,0.000000,3.705984
392.1473,2026-06-18T16:09:38.266526,0.000000,3.706200
392.6384,2026-06-18T16:09:38.757592,0.000000,3.706268
393.1322,2026-06-18T16:09:39.251431,0.000000,3.706468
393.6005,2026-06-18T16:09:39.719737,0.000000,3.706760
394.0997,2026-06-18T16:09:40.218901,0.000000,3.706808
394.5801,2026-06-18T16:09:40.699322,0.000000,3.707252
395.0800,2026-06-18T16:09:41.199183,0.000000,3.707572
395.5726,2026-06-18T16:09:41.691839,0.000000,3.708004
396.0856,2026-06-18T16:09:42.204846,0.000000,3.708756
396.5798,2026-06-18T16:09:42.699042,0.000000,3.709584
397.0733,2026-06-18T16:09:43.192521,0.000000,3.710260
397.5718,2026-06-18T16:09:43.690976,0.000000,3.710780
398.0650,2026-06-18T16:09:44.184228,0.000000,3.711032
398.5680,2026-06-18T16:09:44.687244,0.000000,3.711112
399.0633,2026-06-18T16:09:45.182481,0.000000,3.711212
399.5906,2026-06-18T16:09:45.709851,0.000000,3.711568
400.0874,2026-06-18T16:09:46.206585,0.000000,3.711700
400.5830,2026-06-18T16:09:46.702214,0.000000,3.711988
401.0799,2026-06-18T16:09:47.199108,0.000000,3.711944
401.5722,2026-06-18T16:09:47.691376,0.000000,3.711820
402.0591,2026-06-18T16:09:48.178358,0.000000,3.711968
402.5516,2026-06-18T16:09:48.670806,0.000000,3.711860
403.0431,2026-06-18T16:09:49.162322,0.000000,3.711968
403.5610,2026-06-18T16:09:49.680227,0.000000,3.712140
404.0507,2026-06-18T16:09:50.169877,0.000000,3.712604
404.5312,2026-06-18T16:09:50.650372,0.000000,3.712944
405.0329,2026-06-18T16:09:51.152157,0.000000,3.713656
405.5356,2026-06-18T16:09:51.654830,0.000000,3.714188
406.0303,2026-06-18T16:09:52.149521,0.000000,3.714524
406.5347,2026-06-18T16:09:52.653909,0.000000,3.715120
407.0511,2026-06-18T16:09:53.170334,0.000000,3.715408
407.5504,2026-06-18T16:09:53.669586,0.000000,3.715884
408.0444,2026-06-18T16:09:54.163554,0.000000,3.716436
408.5343,2026-06-18T16:09:54.653496,0.000000,3.717124
409.0403,2026-06-18T16:09:55.159534,0.000000,3.717744
409.5303,2026-06-18T16:09:55.649544,0.000000,3.718208
410.0311,2026-06-18T16:09:56.150268,0.000000,3.718520
410.5485,2026-06-18T16:09:56.667698,0.000000,3.718636
411.0403,2026-06-18T16:09:57.159476,0.000000,3.718440
411.5351,2026-06-18T16:09:57.654289,0.000000,3.718596
412.0401,2026-06-18T16:09:58.159322,0.000000,3.718736
412.5343,2026-06-18T16:09:58.653471,0.000000,3.718876
413.0277,2026-06-18T16:09:59.146891,0.000000,3.719184
413.5212,2026-06-18T16:09:59.640384,0.000000,3.719320
414.0208,2026-06-18T16:10:00.140063,0.000000,3.719548
414.5411,2026-06-18T16:10:00.660359,0.000000,3.719748
415.0186,2026-06-18T16:10:01.137789,0.000000,3.719696
415.5211,2026-06-18T16:10:01.640311,0.000000,3.719748
416.0231,2026-06-18T16:10:02.142293,0.000000,3.719604
416.5181,2026-06-18T16:10:02.637340,0.000000,3.719236
417.0295,2026-06-18T16:10:03.148669,0.000000,3.719648
417.5231,2026-06-18T16:10:03.642350,0.000000,3.719856
418.0340,2026-06-18T16:10:04.153238,0.000000,3.720136
418.5340,2026-06-18T16:10:04.653196,0.000000,3.720724
419.0347,2026-06-18T16:10:05.153968,0.000000,3.720700
419.5398,2026-06-18T16:10:05.658966,0.000000,3.720700
420.0469,2026-06-18T16:10:06.166084,0.000000,3.720816
420.5474,2026-06-18T16:10:06.666574,0.000000,3.720928
421.0233,2026-06-18T16:10:07.142481,0.000000,3.721384
421.5492,2026-06-18T16:10:07.668410,0.000000,3.721864
422.0452,2026-06-18T16:10:08.164413,0.000000,3.722440
422.5058,2026-06-18T16:10:08.625028,0.000000,3.722768
423.0012,2026-06-18T16:10:09.120415,0.000000,3.722936
423.5084,2026-06-18T16:10:09.627629,0.000000,3.723368
424.0013,2026-06-18T16:10:10.120489,0.000000,3.723492
424.4845,2026-06-18T16:10:10.603729,0.000000,3.723756
424.9505,2026-06-18T16:10:11.069754,0.000000,3.724156
425.4391,2026-06-18T16:10:11.558349,0.000000,3.724084
425.9287,2026-06-18T16:10:12.047930,0.000000,3.724320
426.4496,2026-06-18T16:10:12.568848,0.000000,3.724512
426.9518,2026-06-18T16:10:13.071051,0.000000,3.724588
427.4567,2026-06-18T16:10:13.575912,0.000000,3.724916
427.9554,2026-06-18T16:10:14.074652,0.000000,3.724956
428.4567,2026-06-18T16:10:14.575959,0.000000,3.725188
428.9587,2026-06-18T16:10:15.077895,0.000000,3.725156
429.4565,2026-06-18T16:10:15.575709,0.000000,3.725076
429.9818,2026-06-18T16:10:16.100999,0.000000,3.725028
430.4891,2026-06-18T16:10:16.608308,0.000000,3.724996
430.9798,2026-06-18T16:10:17.098985,0.000000,3.725256
431.4686,2026-06-18T16:10:17.587873,0.000000,3.725236
431.9642,2026-06-18T16:10:18.083446,0.000000,3.725420
432.4451,2026-06-18T16:10:18.564319,0.000000,3.725552
432.9476,2026-06-18T16:10:19.066767,0.000000,3.725640
433.4608,2026-06-18T16:10:19.580011,0.000000,3.725692
433.9382,2026-06-18T16:10:20.057442,0.000000,3.725856
434.4415,2026-06-18T16:10:20.560756,0.000000,3.725836
434.9449,2026-06-18T16:10:21.064096,0.000000,3.726032
435.4469,2026-06-18T16:10:21.566105,0.000000,3.726448
435.9532,2026-06-18T16:10:22.072393,0.000000,3.726644
436.4488,2026-06-18T16:10:22.568024,0.000000,3.727188
436.9534,2026-06-18T16:10:23.072646,0.000000,3.727636
437.4281,2026-06-18T16:10:23.547329,0.000000,3.728224
437.9236,2026-06-18T16:10:24.042810,0.000000,3.729000
438.4141,2026-06-18T16:10:24.533307,0.000000,3.729116
438.9126,2026-06-18T16:10:25.031799,0.000000,3.729212
439.4036,2026-06-18T16:10:25.522787,0.000000,3.729664
439.8987,2026-06-18T16:10:26.017918,0.000000,3.729972
440.3986,2026-06-18T16:10:26.517809,0.000000,3.730756
440.9267,2026-06-18T16:10:27.045963,0.000000,3.730896
441.4218,2026-06-18T16:10:27.541043,0.000000,3.730504
441.9160,2026-06-18T16:10:28.035239,0.000000,3.730400
442.4089,2026-06-18T16:10:28.528130,0.000000,3.730584
442.8754,2026-06-18T16:10:28.994623,0.000000,3.731160
443.3628,2026-06-18T16:10:29.481990,0.000000,3.731700
443.8442,2026-06-18T16:10:29.963436,0.000000,3.731908
444.3494,2026-06-18T16:10:30.468569,0.000000,3.732164
444.8481,2026-06-18T16:10:30.967364,0.000000,3.732748
445.3673,2026-06-18T16:10:31.486483,0.000000,3.732776
445.8697,2026-06-18T16:10:31.988908,0.000000,3.733084
446.3651,2026-06-18T16:10:32.484339,0.000000,3.733404
446.8568,2026-06-18T16:10:32.975980,0.000000,3.733496
447.3239,2026-06-18T16:10:33.443142,0.000000,3.734072
447.8068,2026-06-18T16:10:33.925968,0.000000,3.734360
448.3096,2026-06-18T16:10:34.428837,0.000000,3.734356
448.7986,2026-06-18T16:10:34.917811,0.000000,3.734660
449.3249,2026-06-18T16:10:35.444084,0.000000,3.734900
449.8073,2026-06-18T16:10:35.926547,0.000000,3.735256
450.3116,2026-06-18T16:10:36.430771,0.000000,3.735832
450.8013,2026-06-18T16:10:36.920547,0.000000,3.735612
451.3055,2026-06-18T16:10:37.424716,0.000000,3.735632
451.7767,2026-06-18T16:10:37.895949,0.000000,3.735916
452.2767,2026-06-18T16:10:38.395939,0.000000,3.736124
452.7683,2026-06-18T16:10:38.887549,0.000000,3.736440
453.3013,2026-06-18T16:10:39.420540,0.000000,3.736940
453.7828,2026-06-18T16:10:39.901989,0.000000,3.737336
454.2766,2026-06-18T16:10:40.395828,0.000000,3.737524
454.7783,2026-06-18T16:10:40.897517,0.000000,3.737704
455.2750,2026-06-18T16:10:41.394260,0.000000,3.737592
455.7778,2026-06-18T16:10:41.897060,0.000000,3.737260
456.2847,2026-06-18T16:10:42.403927,0.000000,3.737192
456.8078,2026-06-18T16:10:42.927054,0.000000,3.737552
457.2723,2026-06-18T16:10:43.391548,0.000000,3.737700
457.7725,2026-06-18T16:10:43.891702,0.000000,3.737912
458.2721,2026-06-18T16:10:44.391360,0.000000,3.737716
458.7665,2026-06-18T16:10:44.885693,0.000000,3.737360
459.2633,2026-06-18T16:10:45.382556,0.000000,3.737468
459.7678,2026-06-18T16:10:45.887004,0.000000,3.737700
460.2654,2026-06-18T16:10:46.384582,0.000000,3.737876
460.7809,2026-06-18T16:10:46.900127,0.000000,3.738108
461.2802,2026-06-18T16:10:47.399449,0.000000,3.738596
461.7822,2026-06-18T16:10:47.901376,0.000000,3.738672
462.2800,2026-06-18T16:10:48.399208,0.000000,3.739020
462.7880,2026-06-18T16:10:48.907213,0.000000,3.739436
463.2585,2026-06-18T16:10:49.377710,0.000000,3.739644
463.7662,2026-06-18T16:10:49.885417,0.000000,3.740120
464.2688,2026-06-18T16:10:50.388026,0.000000,3.740268
464.7613,2026-06-18T16:10:50.880479,0.000000,3.740312
465.2557,2026-06-18T16:10:51.374949,0.000000,3.740128
465.7297,2026-06-18T16:10:51.848912,0.000000,3.740044
466.2010,2026-06-18T16:10:52.320183,0.000000,3.740164
466.7007,2026-06-18T16:10:52.819947,0.000000,3.740432
467.2012,2026-06-18T16:10:53.320372,0.000000,3.741040
467.7013,2026-06-18T16:10:53.820549,0.000000,3.741440
468.2012,2026-06-18T16:10:54.320383,0.000000,3.742028
468.7459,2026-06-18T16:10:54.865117,0.000000,3.742504
469.2458,2026-06-18T16:10:55.365017,0.000000,3.742720
469.7425,2026-06-18T16:10:55.861670,0.000000,3.743012
470.2477,2026-06-18T16:10:56.366927,0.000000,3.743080
470.7512,2026-06-18T16:10:56.870368,0.000000,3.743136
471.2527,2026-06-18T16:10:57.371899,0.000000,3.742984
471.7323,2026-06-18T16:10:57.851472,0.000000,3.742628
472.2328,2026-06-18T16:10:58.352032,0.000000,3.742504
472.7194,2026-06-18T16:10:58.838619,0.000000,3.742500
473.2153,2026-06-18T16:10:59.334561,0.000000,3.742688
473.7100,2026-06-18T16:10:59.829168,0.000000,3.743068
474.2028,2026-06-18T16:11:00.322041,0.000000,3.743672
474.7136,2026-06-18T16:11:00.832766,0.000000,3.743800
475.2179,2026-06-18T16:11:01.337146,0.000000,3.743832
475.7161,2026-06-18T16:11:01.835332,0.000000,3.743928
476.2210,2026-06-18T16:11:02.340209,0.000000,3.743816
476.7175,2026-06-18T16:11:02.836721,0.000000,3.744252
477.2239,2026-06-18T16:11:03.343074,0.000000,3.744564
477.7185,2026-06-18T16:11:03.837729,0.000000,3.744856
478.2547,2026-06-18T16:11:04.373920,0.000000,3.744956
478.7202,2026-06-18T16:11:04.839391,0.000000,3.744656
479.2140,2026-06-18T16:11:05.333172,0.000000,3.744680
479.7185,2026-06-18T16:11:05.837731,0.000000,3.744876
480.2199,2026-06-18T16:11:06.339077,0.000000,3.744976
480.7235,2026-06-18T16:11:06.842727,0.000000,3.745480
481.2459,2026-06-18T16:11:07.365142,0.000000,3.746032
481.7245,2026-06-18T16:11:07.843768,0.000000,3.746320
482.2155,2026-06-18T16:11:08.334670,0.000000,3.746808
482.7140,2026-06-18T16:11:08.833187,0.000000,3.747088
483.2138,2026-06-18T16:11:09.333025,0.000000,3.747504
483.6823,2026-06-18T16:11:09.801499,0.000000,3.748020
484.1776,2026-06-18T16:11:10.296767,0.000000,3.748424
484.6805,2026-06-18T16:11:10.799701,0.000000,3.748640
485.1761,2026-06-18T16:11:11.295270,0.000000,3.748560
485.6888,2026-06-18T16:11:11.808042,0.000000,3.748448
486.1893,2026-06-18T16:11:12.308474,0.000000,3.748472
486.6932,2026-06-18T16:11:12.812390,0.000000,3.748652
487.1885,2026-06-18T16:11:13.307728,0.000000,3.748892
487.6814,2026-06-18T16:11:13.800584,0.000000,3.748880
488.1720,2026-06-18T16:11:14.291182,0.000000,3.748612
488.6671,2026-06-18T16:11:14.786284,0.000000,3.748692
489.1860,2026-06-18T16:11:15.305180,0.000000,3.748724
489.6905,2026-06-18T16:11:15.809712,0.000000,3.749224
490.1889,2026-06-18T16:11:16.308084,0.000000,3.749660
490.6948,2026-06-18T16:11:16.814036,0.000000,3.749812
491.1877,2026-06-18T16:11:17.306877,0.000000,3.750188
491.6617,2026-06-18T16:11:17.780905,0.000000,3.750396
492.1614,2026-06-18T16:11:18.280590,0.000000,3.750572
492.6658,2026-06-18T16:11:18.785022,0.000000,3.750852
493.1660,2026-06-18T16:11:19.285215,0.000000,3.750728
493.6613,2026-06-18T16:11:19.780496,0.000000,3.750664
494.1657,2026-06-18T16:11:20.284940,0.000000,3.750896
494.6631,2026-06-18T16:11:20.782274,0.000000,3.751080
495.1582,2026-06-18T16:11:21.277438,0.000000,3.751384
495.6490,2026-06-18T16:11:21.768215,0.000000,3.751644
496.1541,2026-06-18T16:11:22.273362,0.000000,3.751732
496.6600,2026-06-18T16:11:22.779186,0.000000,3.751932
497.1599,2026-06-18T16:11:23.279098,0.000000,3.751972
497.6614,2026-06-18T16:11:23.780608,0.000000,3.752040
498.1660,2026-06-18T16:11:24.285217,0.000000,3.752384
498.6575,2026-06-18T16:11:24.776743,0.000000,3.752472
499.1601,2026-06-18T16:11:25.279347,0.000000,3.752480
499.6439,2026-06-18T16:11:25.763076,0.000000,3.752552
500.1723,2026-06-18T16:11:26.291496,0.000000,3.752384
500.6671,2026-06-18T16:11:26.786352,0.000000,3.752368
501.1753,2026-06-18T16:11:27.294516,0.000000,3.752460
501.6829,2026-06-18T16:11:27.802079,0.000000,3.752352
502.1540,2026-06-18T16:11:28.273258,0.000000,3.752244
502.6476,2026-06-18T16:11:28.766863,0.000000,3.752468
503.1527,2026-06-18T16:11:29.271934,0.000000,3.752784
503.6748,2026-06-18T16:11:29.793992,0.000000,3.753412
504.1537,2026-06-18T16:11:30.272879,0.000000,3.753816
504.6536,2026-06-18T16:11:30.772800,0.000000,3.754040
505.1556,2026-06-18T16:11:31.274829,0.000000,3.753848
505.6619,2026-06-18T16:11:31.781163,0.000000,3.753692
506.1630,2026-06-18T16:11:32.282243,0.000000,3.753768
506.6662,2026-06-18T16:11:32.785411,0.000000,3.753464
507.1652,2026-06-18T16:11:33.284390,0.000000,3.753408
507.6810,2026-06-18T16:11:33.800235,0.000000,3.753184
508.1777,2026-06-18T16:11:34.296951,0.000000,3.752680
508.6739,2026-06-18T16:11:34.793091,0.000000,3.752832
509.1689,2026-06-18T16:11:35.288099,0.000000,3.753040
509.6754,2026-06-18T16:11:35.794581,0.000000,3.753456
510.1727,2026-06-18T16:11:36.291889,0.000000,3.753752
510.6770,2026-06-18T16:11:36.796243,0.000000,3.753900
511.2140,2026-06-18T16:11:37.333178,0.000000,3.754408
511.7074,2026-06-18T16:11:37.826592,0.000000,3.754676
512.2101,2026-06-18T16:11:38.329295,0.000000,3.755100
512.7078,2026-06-18T16:11:38.826967,0.000000,3.755140
513.2350,2026-06-18T16:11:39.354203,0.000000,3.754772
513.7350,2026-06-18T16:11:39.854173,0.000000,3.754400
514.2307,2026-06-18T16:11:40.349946,0.000000,3.753988
514.7003,2026-06-18T16:11:40.819513,0.000000,3.754288
515.1817,2026-06-18T16:11:41.300950,0.000000,3.754296
515.6825,2026-06-18T16:11:41.801766,0.000000,3.754420
516.1777,2026-06-18T16:11:42.296949,0.000000,3.754832
516.6687,2026-06-18T16:11:42.787906,0.000000,3.754520
517.1751,2026-06-18T16:11:43.294313,0.000000,3.754224
517.6975,2026-06-18T16:11:43.816707,0.000000,3.754020
518.1750,2026-06-18T16:11:44.294263,0.000000,3.753624
518.6755,2026-06-18T16:11:44.794720,0.000000,3.753288
519.1697,2026-06-18T16:11:45.288893,0.000000,3.752876
519.6528,2026-06-18T16:11:45.772040,0.000000,3.753028
520.1359,2026-06-18T16:11:46.255122,0.000000,3.753028
520.6218,2026-06-18T16:11:46.741000,0.000000,3.753440
521.1058,2026-06-18T16:11:47.225034,0.000000,3.753812
521.6015,2026-06-18T16:11:47.720744,0.000000,3.753932
522.0964,2026-06-18T16:11:48.215582,0.000000,3.754132
522.6153,2026-06-18T16:11:48.734538,0.000000,3.754360
523.1108,2026-06-18T16:11:49.230012,0.000000,3.754848
523.5778,2026-06-18T16:11:49.696998,0.000000,3.755340
524.0745,2026-06-18T16:11:50.193722,0.000000,3.755412
524.5752,2026-06-18T16:11:50.694409,0.000000,3.755756
525.0696,2026-06-18T16:11:51.188850,0.000000,3.755900
525.5931,2026-06-18T16:11:51.712319,0.000000,3.755832
526.0932,2026-06-18T16:11:52.212380,0.000000,3.755792
526.5929,2026-06-18T16:11:52.712101,0.000000,3.755528
527.0945,2026-06-18T16:11:53.213760,0.000000,3.755084
527.5810,2026-06-18T16:11:53.700208,0.000000,3.755028
528.0747,2026-06-18T16:11:54.193934,0.000000,3.755144
528.5620,2026-06-18T16:11:54.681248,0.000000,3.754988
529.0622,2026-06-18T16:11:55.181374,0.000000,3.755320
529.5902,2026-06-18T16:11:55.709414,0.000000,3.755264
530.0791,2026-06-18T16:11:56.198344,0.000000,3.755012
530.5736,2026-06-18T16:11:56.692777,0.000000,3.755036
531.0740,2026-06-18T16:11:57.193193,0.000000,3.755112
531.5813,2026-06-18T16:11:57.700506,0.000000,3.755100
532.0772,2026-06-18T16:11:58.196447,0.000000,3.755148
532.5742,2026-06-18T16:11:58.693428,0.000000,3.755356
533.0947,2026-06-18T16:11:59.213895,0.000000,3.755172
533.5984,2026-06-18T16:11:59.717612,0.000000,3.755148
534.0874,2026-06-18T16:12:00.206636,0.000000,3.755444
534.5746,2026-06-18T16:12:00.693813,0.000000,3.755296
535.0477,2026-06-18T16:12:01.166934,0.000000,3.755368
535.5193,2026-06-18T16:12:01.638495,0.000000,3.755256
536.0016,2026-06-18T16:12:02.120828,0.000000,3.755036
536.4792,2026-06-18T16:12:02.598377,0.000000,3.754880
536.9768,2026-06-18T16:12:03.096072,0.000000,3.755012
537.4775,2026-06-18T16:12:03.596702,0.000000,3.755108
537.9785,2026-06-18T16:12:04.097671,0.000000,3.755248
538.4796,2026-06-18T16:12:04.598843,0.000000,3.755624
538.9689,2026-06-18T16:12:05.088152,0.000000,3.755792
539.4674,2026-06-18T16:12:05.586636,0.000000,3.756092
539.9665,2026-06-18T16:12:06.085708,0.000000,3.756348
540.4544,2026-06-18T16:12:06.573615,0.000000,3.756492
540.9192,2026-06-18T16:12:07.038378,0.000000,3.756720
541.4141,2026-06-18T16:12:07.533317,0.000000,3.756640
541.9391,2026-06-18T16:12:08.058364,0.000000,3.756864
542.4305,2026-06-18T16:12:08.549679,0.000000,3.756992
542.9216,2026-06-18T16:12:09.040775,0.000000,3.756980
543.4238,2026-06-18T16:12:09.542992,0.000000,3.757132
543.9217,2026-06-18T16:12:10.040918,0.000000,3.757204
544.4180,2026-06-18T16:12:10.537211,0.000000,3.757352
544.9185,2026-06-18T16:12:11.037755,0.000000,3.757204
545.4185,2026-06-18T16:12:11.537728,0.000000,3.757248
545.8831,2026-06-18T16:12:12.002274,0.000000,3.757228
546.3813,2026-06-18T16:12:12.500485,0.000000,3.757204
546.8865,2026-06-18T16:12:13.005703,0.000000,3.757680
547.3862,2026-06-18T16:12:13.505459,0.000000,3.757980
547.8848,2026-06-18T16:12:14.003965,0.000000,3.757820
548.3865,2026-06-18T16:12:14.505715,0.000000,3.757584
548.8465,2026-06-18T16:12:14.965726,0.000000,3.757048
549.3415,2026-06-18T16:12:15.460702,0.000000,3.756624
549.8486,2026-06-18T16:12:15.967846,0.000000,3.756460
550.3562,2026-06-18T16:12:16.475407,0.000000,3.756452
550.8493,2026-06-18T16:12:16.968501,0.000000,3.756408
551.3437,2026-06-18T16:12:17.462950,0.000000,3.756264
551.8407,2026-06-18T16:12:17.959878,0.000000,3.755756
552.3301,2026-06-18T16:12:18.449342,0.000000,3.755096
552.8310,2026-06-18T16:12:18.950222,0.000000,3.754396
553.3226,2026-06-18T16:12:19.441852,0.000000,3.753816
553.8272,2026-06-18T16:12:19.946406,0.000000,3.753564
554.3576,2026-06-18T16:12:20.476828,0.000000,3.753600
554.8471,2026-06-18T16:12:20.966286,0.000000,3.753376
555.3440,2026-06-18T16:12:21.463229,0.000000,3.753308
555.8515,2026-06-18T16:12:21.970720,0.000000,3.753332
556.3515,2026-06-18T16:12:22.470718,0.000000,3.753152
556.8446,2026-06-18T16:12:22.963827,0.000000,3.753036
557.3461,2026-06-18T16:12:23.465349,0.000000,3.752812
557.8754,2026-06-18T16:12:23.994587,0.000000,3.752820
558.3688,2026-06-18T16:12:24.488011,0.000000,3.753016
558.8644,2026-06-18T16:12:24.983641,0.000000,3.753216
559.3436,2026-06-18T16:12:25.462771,0.000000,3.753376
559.8445,2026-06-18T16:12:25.963734,0.000000,3.753064
560.3505,2026-06-18T16:12:26.469687,0.000000,3.752500
560.8481,2026-06-18T16:12:26.967296,0.000000,3.752496
561.3791,2026-06-18T16:12:27.498348,0.000000,3.752364
561.8752,2026-06-18T16:12:27.994459,0.000000,3.752360
562.3744,2026-06-18T16:12:28.493656,0.000000,3.752224
562.8723,2026-06-18T16:12:28.991525,0.000000,3.751796
563.3345,2026-06-18T16:12:29.453707,0.000000,3.751660
563.8726,2026-06-18T16:12:29.991854,0.000000,3.751300
564.3729,2026-06-18T16:12:30.492137,0.000000,3.751436
564.8725,2026-06-18T16:12:30.991715,0.000000,3.751516
565.3661,2026-06-18T16:12:31.485342,0.000000,3.751420
565.8672,2026-06-18T16:12:31.986400,0.000000,3.751724
566.3641,2026-06-18T16:12:32.483288,0.000000,3.751396
566.8645,2026-06-18T16:12:32.983703,0.000000,3.751064
567.3894,2026-06-18T16:12:33.508653,0.000000,3.750736
567.8783,2026-06-18T16:12:33.997471,0.000000,3.750448
568.3715,2026-06-18T16:12:34.490688,0.000000,3.750392
568.8657,2026-06-18T16:12:34.984887,0.000000,3.750196
569.3590,2026-06-18T16:12:35.478171,0.000000,3.750144
569.8643,2026-06-18T16:12:35.983481,0.000000,3.749736
570.3639,2026-06-18T16:12:36.483110,0.000000,3.749640
570.8684,2026-06-18T16:12:36.987647,0.000000,3.749252
571.3825,2026-06-18T16:12:37.501747,0.000000,3.749008
571.8832,2026-06-18T16:12:38.002400,0.000000,3.749212
572.3804,2026-06-18T16:12:38.499590,0.000000,3.749144
572.8764,2026-06-18T16:12:38.995619,0.000000,3.749500
573.3661,2026-06-18T16:12:39.485281,0.000000,3.749524
573.8876,2026-06-18T16:12:40.006860,0.000000,3.749400
574.3838,2026-06-18T16:12:40.503014,0.000000,3.749292
574.8862,2026-06-18T16:12:41.005388,0.000000,3.748820
575.3809,2026-06-18T16:12:41.500146,0.000000,3.748308
575.8636,2026-06-18T16:12:41.982769,0.000000,3.747592
576.3611,2026-06-18T16:12:42.480267,0.000000,3.746920
576.8645,2026-06-18T16:12:42.983681,0.000000,3.746968
577.3685,2026-06-18T16:12:43.487759,0.000000,3.747124
577.8926,2026-06-18T16:12:44.011798,0.000000,3.747488
578.3878,2026-06-18T16:12:44.507033,0.000000,3.747416
578.8852,2026-06-18T16:12:45.004438,0.000000,3.746872
579.3944,2026-06-18T16:12:45.513590,0.000000,3.746492
579.8953,2026-06-18T16:12:46.014488,0.000000,3.746148
580.3963,2026-06-18T16:12:46.515490,0.000000,3.746148
580.8910,2026-06-18T16:12:47.010189,0.000000,3.746288
581.4329,2026-06-18T16:12:47.552169,0.000000,3.746272
581.9283,2026-06-18T16:12:48.047511,0.000000,3.746060
582.4288,2026-06-18T16:12:48.548034,0.000000,3.746072
582.8998,2026-06-18T16:12:49.018955,0.000000,3.745984
583.3873,2026-06-18T16:12:49.506573,0.000000,3.745616
583.9115,2026-06-18T16:12:50.030747,0.000000,3.745436
584.4127,2026-06-18T16:12:50.531878,0.000000,3.745128
584.9029,2026-06-18T16:12:51.022148,0.000000,3.744612
585.3910,2026-06-18T16:12:51.510188,0.000000,3.744464
585.8894,2026-06-18T16:12:52.008585,0.000000,3.744368
586.3841,2026-06-18T16:12:52.503339,0.000000,3.744336
586.8885,2026-06-18T16:12:53.007755,0.000000,3.744408
587.3870,2026-06-18T16:12:53.506241,0.000000,3.744528
587.9143,2026-06-18T16:12:54.033553,0.000000,3.744380
588.4207,2026-06-18T16:12:54.539909,0.000000,3.744152
588.9122,2026-06-18T16:12:55.031452,0.000000,3.743808
589.4092,2026-06-18T16:12:55.528370,0.000000,3.743632
589.8660,2026-06-18T16:12:55.985246,0.000000,3.743452
590.3686,2026-06-18T16:12:56.487789,0.000000,3.743332
590.8728,2026-06-18T16:12:56.991978,0.000000,3.743324
591.3604,2026-06-18T16:12:57.479574,0.000000,3.743260
591.8540,2026-06-18T16:12:57.973240,0.000000,3.743424
592.3532,2026-06-18T16:12:58.472456,0.000000,3.743388
592.8384,2026-06-18T16:12:58.957620,0.000000,3.743292
593.3124,2026-06-18T16:12:59.431641,0.000000,3.743024
593.7769,2026-06-18T16:12:59.896093,0.000000,3.742668
594.2733,2026-06-18T16:13:00.392478,0.000000,3.742528
594.7769,2026-06-18T16:13:00.896116,0.000000,3.742184
595.2699,2026-06-18T16:13:01.389064,0.000000,3.741912
595.7663,2026-06-18T16:13:01.885529,0.000000,3.741756
596.2598,2026-06-18T16:13:02.379046,0.000000,3.741736
596.7752,2026-06-18T16:13:02.894459,0.000000,3.741796
597.2636,2026-06-18T16:13:03.382816,0.000000,3.741924
597.7271,2026-06-18T16:13:03.846320,0.000000,3.741948
598.2021,2026-06-18T16:13:04.321270,0.000000,3.741708
598.7019,2026-06-18T16:13:04.821150,0.000000,3.741332
599.2041,2026-06-18T16:13:05.323268,0.000000,3.740772
599.6769,2026-06-18T16:13:05.796087,0.000000,3.740456
600.1519,2026-06-18T16:13:06.271101,0.000000,3.740144
600.6437,2026-06-18T16:13:06.762887,0.000000,3.739900
601.1454,2026-06-18T16:13:07.264605,0.000000,3.739440
601.6348,2026-06-18T16:13:07.754036,0.000000,3.738864
602.1620,2026-06-18T16:13:08.281261,0.000000,3.738508
602.6600,2026-06-18T16:13:08.779239,0.000000,3.737836
603.1562,2026-06-18T16:13:09.275381,0.000000,3.737696
603.6435,2026-06-18T16:13:09.762691,0.000000,3.737264
604.1399,2026-06-18T16:13:10.259161,0.000000,3.736820
604.6354,2026-06-18T16:13:10.754590,0.000000,3.736524
605.1371,2026-06-18T16:13:11.256278,0.000000,3.736248
605.6533,2026-06-18T16:13:11.772515,0.000000,3.735792
606.1467,2026-06-18T16:13:12.265943,0.000000,3.735288
606.6428,2026-06-18T16:13:12.761991,0.000000,3.734636
607.1447,2026-06-18T16:13:13.263908,0.000000,3.733716
607.6438,2026-06-18T16:13:13.762990,0.000000,3.733172
608.1249,2026-06-18T16:13:14.244078,0.000000,3.732784
608.5970,2026-06-18T16:13:14.716261,0.000000,3.732272
609.0956,2026-06-18T16:13:15.214792,0.000000,3.732200
609.5899,2026-06-18T16:13:15.709120,0.000000,3.731752
610.0783,2026-06-18T16:13:16.197557,0.000000,3.731476
610.5761,2026-06-18T16:13:16.695268,0.000000,3.731460
611.0815,2026-06-18T16:13:17.200749,0.000000,3.731228
611.5845,2026-06-18T16:13:17.703735,0.000000,3.730788
612.0830,2026-06-18T16:13:18.202235,0.000000,3.729844
612.5760,2026-06-18T16:13:18.695175,0.000000,3.728924
613.0769,2026-06-18T16:13:19.196093,0.000000,3.727860
613.5999,2026-06-18T16:13:19.719119,0.000000,3.727048
614.0944,2026-06-18T16:13:20.213633,0.000000,3.726448
614.5896,2026-06-18T16:13:20.708863,0.000000,3.725760
615.0952,2026-06-18T16:13:21.214365,0.000000,3.725080
615.5943,2026-06-18T16:13:21.713554,0.000000,3.724344
616.0949,2026-06-18T16:13:22.214087,0.000000,3.723804
616.5872,2026-06-18T16:13:22.706410,0.000000,3.723092
617.1130,2026-06-18T16:13:23.232225,0.000000,3.722632
617.6126,2026-06-18T16:13:23.731784,0.000000,3.722416
618.1059,2026-06-18T16:13:24.225119,0.000000,3.722144
618.5999,2026-06-18T16:13:24.719077,0.000000,3.721980
619.0909,2026-06-18T16:13:25.210156,0.000000,3.721612
619.5895,2026-06-18T16:13:25.708702,0.000000,3.721228
620.0805,2026-06-18T16:13:26.199745,0.000000,3.720672
620.5774,2026-06-18T16:13:26.696652,0.000000,3.720248
621.0735,2026-06-18T16:13:27.192721,0.000000,3.719872
621.5640,2026-06-18T16:13:27.683207,0.000000,3.719388
622.0328,2026-06-18T16:13:28.152033,0.000000,3.718732
622.5307,2026-06-18T16:13:28.649919,0.000000,3.718068
623.0232,2026-06-18T16:13:29.142393,0.000000,3.717552
623.5209,2026-06-18T16:13:29.640073,0.000000,3.717036
624.0201,2026-06-18T16:13:30.139338,0.000000,3.716432
624.5166,2026-06-18T16:13:30.635762,0.000000,3.715772
625.0364,2026-06-18T16:13:31.155608,0.000000,3.714820
625.5330,2026-06-18T16:13:31.652256,0.000000,3.713912
626.0195,2026-06-18T16:13:32.138675,0.000000,3.712736
626.5231,2026-06-18T16:13:32.642303,0.000000,3.711540
626.9755,2026-06-18T16:13:33.094754,0.000000,3.710648
627.4510,2026-06-18T16:13:33.570212,0.000000,3.710032
627.9430,2026-06-18T16:13:34.062251,0.000000,3.709820
628.4129,2026-06-18T16:13:34.532082,0.000000,3.709628
628.9055,2026-06-18T16:13:35.024713,0.000000,3.709284
629.3983,2026-06-18T16:13:35.517493,0.000000,3.708532
629.8668,2026-06-18T16:13:35.985996,0.000000,3.707536
630.3695,2026-06-18T16:13:36.488675,0.000000,3.706920
630.8938,2026-06-18T16:13:37.013011,0.000000,3.706100
631.3859,2026-06-18T16:13:37.505127,0.000000,3.705268
631.8863,2026-06-18T16:13:38.005557,0.000000,3.704456
632.3854,2026-06-18T16:13:38.504660,0.000000,3.703524
632.8503,2026-06-18T16:13:38.969493,0.000000,3.702596
633.3453,2026-06-18T16:13:39.464509,0.000000,3.701624
633.8246,2026-06-18T16:13:39.943793,0.000000,3.700732
634.3110,2026-06-18T16:13:40.430179,0.000000,3.699788
634.8127,2026-06-18T16:13:40.931947,0.000000,3.699088
635.3136,2026-06-18T16:13:41.432801,0.000000,3.698440
635.8051,2026-06-18T16:13:41.924278,0.000000,3.697884
636.2909,2026-06-18T16:13:42.410055,0.000000,3.696996
636.7786,2026-06-18T16:13:42.897792,0.000000,3.696012
637.2689,2026-06-18T16:13:43.388105,0.000000,3.695172
637.7694,2026-06-18T16:13:43.888661,0.000000,3.694120
638.2683,2026-06-18T16:13:44.387503,0.000000,3.693428
638.7606,2026-06-18T16:13:44.879843,0.000000,3.692624
639.2604,2026-06-18T16:13:45.379615,0.000000,3.691752
639.7812,2026-06-18T16:13:45.900459,0.000000,3.690436
640.2597,2026-06-18T16:13:46.378873,0.000000,3.688812
640.7442,2026-06-18T16:13:46.863370,0.000000,3.687656
641.2455,2026-06-18T16:13:47.364712,0.000000,3.686652
641.7201,2026-06-18T16:13:47.839285,0.000000,3.686064
642.2151,2026-06-18T16:13:48.334322,0.000000,3.685692
642.7105,2026-06-18T16:13:48.829686,0.000000,3.685000
643.2130,2026-06-18T16:13:49.332169,0.000000,3.684416
643.7065,2026-06-18T16:13:49.825685,0.000000,3.683636
644.1893,2026-06-18T16:13:50.308492,0.000000,3.683104
644.6704,2026-06-18T16:13:50.789580,0.000000,3.682540
645.1690,2026-06-18T16:13:51.288230,0.000000,3.681844
645.6629,2026-06-18T16:13:51.782116,0.000000,3.680936
646.1702,2026-06-18T16:13:52.289378,0.000000,3.679704
646.6649,2026-06-18T16:13:52.784135,0.000000,3.678352
647.1563,2026-06-18T16:13:53.275510,0.000000,3.677332
647.6679,2026-06-18T16:13:53.787155,0.000000,3.676172
648.1638,2026-06-18T16:13:54.282973,0.000000,3.674924
648.6696,2026-06-18T16:13:54.788823,0.000000,3.673504
649.1693,2026-06-18T16:13:55.288554,0.000000,3.671916
649.6695,2026-06-18T16:13:55.788711,0.000000,3.670436
650.1635,2026-06-18T16:13:56.282685,0.000000,3.668812
650.6645,2026-06-18T16:13:56.783702,0.000000,3.667560
651.1789,2026-06-18T16:13:57.298069,0.000000,3.666104
651.6745,2026-06-18T16:13:57.793729,0.000000,3.664520
652.1637,2026-06-18T16:13:58.282889,0.000000,3.663240
652.6691,2026-06-18T16:13:58.788273,0.000000,3.661556
653.1652,2026-06-18T16:13:59.284409,0.000000,3.659748
653.6468,2026-06-18T16:13:59.766043,0.000000,3.658444
654.1091,2026-06-18T16:14:00.228325,0.000000,3.657048
654.6132,2026-06-18T16:14:00.732449,0.000000,3.655904
655.0750,2026-06-18T16:14:01.194211,0.000000,3.655092
655.5775,2026-06-18T16:14:01.696727,0.000000,3.653888
656.0652,2026-06-18T16:14:02.184403,0.000000,3.652544
656.5663,2026-06-18T16:14:02.685507,0.000000,3.651472
657.0333,2026-06-18T16:14:03.152546,0.000000,3.649892
657.5347,2026-06-18T16:14:03.653927,0.000000,3.648512
658.0154,2026-06-18T16:14:04.134634,0.000000,3.647188
658.4990,2026-06-18T16:14:04.618217,0.000000,3.645828
658.9939,2026-06-18T16:14:05.113084,0.000000,3.644520
659.4939,2026-06-18T16:14:05.613141,0.000000,3.643200
659.9669,2026-06-18T16:14:06.086138,0.000000,3.641776
660.4704,2026-06-18T16:14:06.589621,0.000000,3.640244
660.9922,2026-06-18T16:14:07.111443,0.000000,3.639196
661.4982,2026-06-18T16:14:07.617372,0.000000,3.637912
661.9686,2026-06-18T16:14:08.087820,0.000000,3.636628
662.4619,2026-06-18T16:14:08.581161,0.000000,3.634996
662.9623,2026-06-18T16:14:09.081527,0.000000,3.632852
663.4863,2026-06-18T16:14:09.605488,0.000000,3.630560
663.9761,2026-06-18T16:14:10.095325,0.000000,3.628580
664.4779,2026-06-18T16:14:10.597079,0.000000,3.626688
664.9817,2026-06-18T16:14:11.100874,0.000000,3.625124
665.4731,2026-06-18T16:14:11.592304,0.000000,3.623788
665.9716,2026-06-18T16:14:12.090827,0.000000,3.622344
666.4510,2026-06-18T16:14:12.570255,0.000000,3.621016
666.9455,2026-06-18T16:14:13.064763,0.000000,3.619656
667.4305,2026-06-18T16:14:13.549728,0.000000,3.618108
667.8937,2026-06-18T16:14:14.012874,0.000000,3.616764
668.3939,2026-06-18T16:14:14.513148,0.000000,3.615404
668.9208,2026-06-18T16:14:15.040002,0.000000,3.613936
669.4139,2026-06-18T16:14:15.533099,0.000000,3.612292
669.9148,2026-06-18T16:14:16.034058,0.000000,3.610308
670.4134,2026-06-18T16:14:16.532567,0.000000,3.608156
670.9149,2026-06-18T16:14:17.034122,0.000000,3.606044
671.4189,2026-06-18T16:14:17.538080,0.000000,3.604292
671.9307,2026-06-18T16:14:18.049929,0.000000,3.602732
672.4223,2026-06-18T16:14:18.541471,0.000000,3.601280
672.9178,2026-06-18T16:14:19.037050,0.000000,3.599904
673.4103,2026-06-18T16:14:19.529537,0.000000,3.598244
673.9158,2026-06-18T16:14:20.034985,0.000000,3.596944
674.4160,2026-06-18T16:14:20.535219,0.000000,3.595424
674.9109,2026-06-18T16:14:21.030115,0.000000,3.593512
675.4322,2026-06-18T16:14:21.551369,0.000000,3.591172
675.9120,2026-06-18T16:14:22.031238,0.000000,3.588540
676.4128,2026-06-18T16:14:22.532038,0.000000,3.586172
676.9064,2026-06-18T16:14:23.025646,0.000000,3.583888
677.3840,2026-06-18T16:14:23.503280,0.000000,3.582148
677.8817,2026-06-18T16:14:24.000932,0.000000,3.580400
678.3830,2026-06-18T16:14:24.502240,0.000000,3.578740
678.8983,2026-06-18T16:14:25.017470,0.000000,3.576932
679.3933,2026-06-18T16:14:25.512564,0.000000,3.574884
679.8874,2026-06-18T16:14:26.006627,0.000000,3.572368
680.3904,2026-06-18T16:14:26.509641,0.000000,3.569508
680.8819,2026-06-18T16:14:27.001159,0.000000,3.567032
681.3687,2026-06-18T16:14:27.487881,0.000000,3.564280
681.8627,2026-06-18T16:14:27.981934,0.000000,3.561756
682.3586,2026-06-18T16:14:28.477831,0.000000,3.559180
682.8820,2026-06-18T16:14:29.001184,0.000000,3.556704
683.3871,2026-06-18T16:14:29.506288,0.000000,3.554204
683.8841,2026-06-18T16:14:30.003355,0.000000,3.551844
684.3677,2026-06-18T16:14:30.486872,0.000000,3.549772
684.8604,2026-06-18T16:14:30.979603,0.000000,3.547640
685.3500,2026-06-18T16:14:31.469187,0.000000,3.545368
685.8523,2026-06-18T16:14:31.971516,0.000000,3.543416
686.3791,2026-06-18T16:14:32.498284,0.000000,3.540932
686.8811,2026-06-18T16:14:33.000310,0.000000,3.538528
687.3696,2026-06-18T16:14:33.488858,0.000000,3.535960
687.8733,2026-06-18T16:14:33.992562,0.000000,3.533348
688.3673,2026-06-18T16:14:34.486535,0.000000,3.530604
688.8630,2026-06-18T16:14:34.982205,0.000000,3.527604
689.3630,2026-06-18T16:14:35.482218,0.000000,3.524516
689.8917,2026-06-18T16:14:36.010897,0.000000,3.521808
690.3900,2026-06-18T16:14:36.509232,0.000000,3.519544
690.8927,2026-06-18T16:14:37.011948,0.000000,3.517332
691.3968,2026-06-18T16:14:37.516002,0.000000,3.515008
691.8964,2026-06-18T16:14:38.015645,0.000000,3.512444
692.3994,2026-06-18T16:14:38.518572,0.000000,3.509632
692.8944,2026-06-18T16:14:39.013652,0.000000,3.506824
693.3899,2026-06-18T16:14:39.509078,0.000000,3.504560
693.8720,2026-06-18T16:14:39.991218,0.000000,3.502300
694.3872,2026-06-18T16:14:40.506413,0.000000,3.499904
694.8821,2026-06-18T16:14:41.001355,0.000000,3.497388
695.3749,2026-06-18T16:14:41.494097,0.000000,3.494528
695.8740,2026-06-18T16:14:41.993229,0.000000,3.491772
696.3738,2026-06-18T16:14:42.493041,0.000000,3.489060
696.9000,2026-06-18T16:14:43.019232,0.000000,3.486540
697.3844,2026-06-18T16:14:43.503631,0.000000,3.484640
697.8839,2026-06-18T16:14:44.003136,0.000000,3.483468
698.3816,2026-06-18T16:14:44.500824,0.000000,3.482456
698.8824,2026-06-18T16:14:45.001621,0.000000,3.481388
699.3820,2026-06-18T16:14:45.501248,0.000000,3.480044
699.8739,2026-06-18T16:14:45.993078,0.000000,3.478252
700.3896,2026-06-18T16:14:46.508796,0.000000,3.476236
700.8829,2026-06-18T16:14:47.002085,0.000000,3.473812
701.3875,2026-06-18T16:14:47.506669,0.000000,3.471320
701.8860,2026-06-18T16:14:48.005216,0.000000,3.468144
702.3819,2026-06-18T16:14:48.501121,0.000000,3.465476
702.8742,2026-06-18T16:14:48.993390,0.000000,3.463192
703.3585,2026-06-18T16:14:49.477680,0.000000,3.460424
703.8530,2026-06-18T16:14:49.972222,0.000000,3.458416
704.3842,2026-06-18T16:14:50.503420,0.000000,3.456364
704.8901,2026-06-18T16:14:51.009326,0.000000,3.454216
705.3943,2026-06-18T16:14:51.513507,0.000000,3.452080
705.8714,2026-06-18T16:14:51.990645,0.000000,3.450092
706.3800,2026-06-18T16:14:52.499168,0.000000,3.448312
706.8714,2026-06-18T16:14:52.990571,0.000000,3.446284
707.3717,2026-06-18T16:14:53.490869,0.000000,3.444772
707.8879,2026-06-18T16:14:54.007096,0.000000,3.443276
708.3860,2026-06-18T16:14:54.505214,0.000000,3.441792
708.8816,2026-06-18T16:14:55.000837,0.000000,3.440680
709.3790,2026-06-18T16:14:55.498192,0.000000,3.439568
709.8250,2026-06-18T16:14:55.944172,0.000000,3.438152
710.3211,2026-06-18T16:14:56.440289,0.000000,3.437176
710.8194,2026-06-18T16:14:56.938582,0.000000,3.435876
711.3188,2026-06-18T16:14:57.437993,0.000000,3.434716
711.8205,2026-06-18T16:14:57.939677,0.000000,3.433664
712.3419,2026-06-18T16:14:58.461115,0.000000,3.431988
712.8416,2026-06-18T16:14:58.960835,0.000000,3.430360
713.3373,2026-06-18T16:14:59.456472,0.000000,3.428640
713.8349,2026-06-18T16:14:59.954112,0.000000,3.427120
714.3289,2026-06-18T16:15:00.448074,0.000000,3.425428
714.7891,2026-06-18T16:15:00.908353,0.000000,3.423812
715.2754,2026-06-18T16:15:01.394632,0.000000,3.422244
715.7761,2026-06-18T16:15:01.895349,0.000000,3.420916
716.2748,2026-06-18T16:15:02.394002,0.000000,3.419840
716.7909,2026-06-18T16:15:02.910143,0.000000,3.418972
717.2913,2026-06-18T16:15:03.410531,0.000000,3.418184
717.7938,2026-06-18T16:15:03.913025,0.000000,3.417404
718.2940,2026-06-18T16:15:04.413173,0.000000,3.416404
718.7961,2026-06-18T16:15:04.915331,0.000000,3.415452
719.2905,2026-06-18T16:15:05.409752,0.000000,3.414104
719.7906,2026-06-18T16:15:05.909852,0.000000,3.412660
720.3021,2026-06-18T16:15:06.421331,0.000000,3.410836
720.8006,2026-06-18T16:15:06.919777,0.000000,3.408768
721.2898,2026-06-18T16:15:07.408977,0.000000,3.406844
721.8029,2026-06-18T16:15:07.922086,0.000000,3.405288
722.3026,2026-06-18T16:15:08.421788,0.000000,3.404132
722.7921,2026-06-18T16:15:08.911288,0.000000,3.403196
723.2920,2026-06-18T16:15:09.411240,0.000000,3.402376
723.7862,2026-06-18T16:15:09.905383,0.000000,3.401048
724.2916,2026-06-18T16:15:10.410843,0.000000,3.399836
724.7886,2026-06-18T16:15:10.907782,0.000000,3.398808
725.2867,2026-06-18T16:15:11.405898,0.000000,3.397592
725.8084,2026-06-18T16:15:11.927643,0.000000,3.396552
726.3001,2026-06-18T16:15:12.419291,0.000000,3.395136
726.7923,2026-06-18T16:15:12.911525,0.000000,3.393908
727.2688,2026-06-18T16:15:13.387992,0.000000,3.392964
727.7684,2026-06-18T16:15:13.887574,0.000000,3.392084
728.2520,2026-06-18T16:15:14.371214,0.000000,3.390716
728.7525,2026-06-18T16:15:14.871672,0.000000,3.389376
729.2526,2026-06-18T16:15:15.371779,0.000000,3.388152
729.7538,2026-06-18T16:15:15.873022,0.000000,3.386852
730.2604,2026-06-18T16:15:16.379612,0.000000,3.385932
730.7479,2026-06-18T16:15:16.867096,0.000000,3.385084
731.2459,2026-06-18T16:15:17.365149,0.000000,3.383868
731.7444,2026-06-18T16:15:17.863606,0.000000,3.383060
732.2375,2026-06-18T16:15:18.356668,0.000000,3.382400
732.7059,2026-06-18T16:15:18.825093,0.000000,3.381336
733.1929,2026-06-18T16:15:19.312089,0.000000,3.380724
733.6963,2026-06-18T16:15:19.815542,0.000000,3.380024
734.1949,2026-06-18T16:15:20.314093,0.000000,3.379416
734.7133,2026-06-18T16:15:20.832528,0.000000,3.379108
735.1968,2026-06-18T16:15:21.316054,0.000000,3.378704
735.7045,2026-06-18T16:15:21.823708,0.000000,3.378108
736.1987,2026-06-18T16:15:22.317903,0.000000,3.377312
736.7043,2026-06-18T16:15:22.823470,0.000000,3.376440
737.2006,2026-06-18T16:15:23.319777,0.000000,3.375668
737.6901,2026-06-18T16:15:23.809327,0.000000,3.375080
738.2013,2026-06-18T16:15:24.320488,0.000000,3.374296
738.7242,2026-06-18T16:15:24.843370,0.000000,3.373252
739.2021,2026-06-18T16:15:25.321303,0.000000,3.371920
739.6979,2026-06-18T16:15:25.817086,0.000000,3.370360
740.1764,2026-06-18T16:15:26.295608,0.000000,3.369120
740.6777,2026-06-18T16:15:26.796950,0.000000,3.367860
741.1785,2026-06-18T16:15:27.297695,0.000000,3.366688
741.6792,2026-06-18T16:15:27.798409,0.000000,3.365432
742.1796,2026-06-18T16:15:28.298823,0.000000,3.364056
742.6830,2026-06-18T16:15:28.802199,0.000000,3.362844
743.1655,2026-06-18T16:15:29.284749,0.000000,3.361904
743.6377,2026-06-18T16:15:29.756931,0.000000,3.361204
744.1404,2026-06-18T16:15:30.259611,0.000000,3.360628
744.6402,2026-06-18T16:15:30.759389,0.000000,3.360096
745.1295,2026-06-18T16:15:31.248713,0.000000,3.359300
745.6324,2026-06-18T16:15:31.751584,0.000000,3.358784
746.1460,2026-06-18T16:15:32.265251,0.000000,3.358192
746.6377,2026-06-18T16:15:32.756883,0.000000,3.357356
747.1303,2026-06-18T16:15:33.249480,0.000000,3.356556
747.6361,2026-06-18T16:15:33.755282,0.000000,3.355440
748.1361,2026-06-18T16:15:34.255314,0.000000,3.354508
748.6524,2026-06-18T16:15:34.771599,0.000000,3.353764
749.1544,2026-06-18T16:15:35.273628,0.000000,3.352536
749.6545,2026-06-18T16:15:35.773678,0.000000,3.351752
750.1590,2026-06-18T16:15:36.278229,0.000000,3.350492
750.6496,2026-06-18T16:15:36.768843,0.000000,3.349456
751.1583,2026-06-18T16:15:37.277560,0.000000,3.348828
751.6617,2026-06-18T16:15:37.780880,0.000000,3.347892
752.1758,2026-06-18T16:15:38.295018,0.000000,3.347112
752.6653,2026-06-18T16:15:38.784520,0.000000,3.346412
753.1715,2026-06-18T16:15:39.290737,0.000000,3.345344
753.6676,2026-06-18T16:15:39.786838,0.000000,3.344352
754.1714,2026-06-18T16:15:40.290661,0.000000,3.343436
754.6714,2026-06-18T16:15:40.790659,0.000000,3.342508
755.1952,2026-06-18T16:15:41.314368,0.000000,3.341832
755.6732,2026-06-18T16:15:41.792354,0.000000,3.340896
756.1683,2026-06-18T16:15:42.287489,0.000000,3.340004
756.6436,2026-06-18T16:15:42.762805,0.000000,3.339012
757.1494,2026-06-18T16:15:43.268597,0.000000,3.338176
757.6489,2026-06-18T16:15:43.768139,0.000000,3.337480
758.1487,2026-06-18T16:15:44.267964,0.000000,3.336924
758.6528,2026-06-18T16:15:44.771985,0.000000,3.336312
759.1518,2026-06-18T16:15:45.271027,0.000000,3.335356
759.6857,2026-06-18T16:15:45.804914,0.000000,3.334224
760.1778,2026-06-18T16:15:46.296993,0.000000,3.333272
760.6852,2026-06-18T16:15:46.804399,0.000000,3.332176
761.1764,2026-06-18T16:15:47.295593,0.000000,3.331544
761.6755,2026-06-18T16:15:47.794726,0.000000,3.330812
762.1665,2026-06-18T16:15:48.285755,0.000000,3.329884
762.6674,2026-06-18T16:15:48.786590,0.000000,3.328596
763.1874,2026-06-18T16:15:49.306640,0.000000,3.327480
763.6910,2026-06-18T16:15:49.810170,0.000000,3.326248
764.1885,2026-06-18T16:15:50.307694,0.000000,3.325460
764.6904,2026-06-18T16:15:50.809655,0.000000,3.325324
765.1922,2026-06-18T16:15:51.311445,0.000000,3.324728
765.6920,2026-06-18T16:15:51.811195,0.000000,3.324092
766.2168,2026-06-18T16:15:52.336005,0.000000,3.323480
766.7090,2026-06-18T16:15:52.828205,0.000000,3.322716
767.2026,2026-06-18T16:15:53.321772,0.000000,3.322020
767.7003,2026-06-18T16:15:53.819492,0.000000,3.321500
768.1958,2026-06-18T16:15:54.315023,0.000000,3.321084
768.6904,2026-06-18T16:15:54.809619,0.000000,3.320500
769.1883,2026-06-18T16:15:55.307529,0.000000,3.319988
769.6855,2026-06-18T16:15:55.804688,0.000000,3.319484
770.2279,2026-06-18T16:15:56.347077,0.000000,3.318536
770.7230,2026-06-18T16:15:56.842244,0.000000,3.317344
771.2256,2026-06-18T16:15:57.344791,0.000000,3.316344
771.7254,2026-06-18T16:15:57.844584,0.000000,3.315688
772.1991,2026-06-18T16:15:58.318285,0.000000,3.314800
772.6957,2026-06-18T16:15:58.814876,0.000000,3.314040
773.1965,2026-06-18T16:15:59.315726,0.000000,3.313132
773.6946,2026-06-18T16:15:59.813846,0.000000,3.311624
774.2089,2026-06-18T16:16:00.328101,0.000000,3.310672
774.7089,2026-06-18T16:16:00.828106,0.000000,3.309696
775.2154,2026-06-18T16:16:01.334627,0.000000,3.309096
775.7388,2026-06-18T16:16:01.858051,0.000000,3.308736
776.2362,2026-06-18T16:16:02.355432,0.000000,3.307776
776.7366,2026-06-18T16:16:02.855787,0.000000,3.306988
777.2388,2026-06-18T16:16:03.358026,0.000000,3.305860
777.7363,2026-06-18T16:16:03.855564,0.000000,3.305088
778.2407,2026-06-18T16:16:04.359903,0.000000,3.304608
778.7480,2026-06-18T16:16:04.867198,0.000000,3.303920
779.2427,2026-06-18T16:16:05.361963,0.000000,3.303452
779.7447,2026-06-18T16:16:05.863889,0.000000,3.302700
780.2447,2026-06-18T16:16:06.363938,0.000000,3.302056
780.7412,2026-06-18T16:16:06.860428,0.000000,3.301600
781.2216,2026-06-18T16:16:07.340796,0.000000,3.301128
781.7138,2026-06-18T16:16:07.833057,0.000000,3.300696
782.2213,2026-06-18T16:16:08.340554,0.000000,3.300368
782.7591,2026-06-18T16:16:08.878314,0.000000,3.300068
783.2493,2026-06-18T16:16:09.368550,0.000000,3.299524
783.7447,2026-06-18T16:16:09.863924,0.000000,3.299220
784.2510,2026-06-18T16:16:10.370223,0.000000,3.298692
784.7530,2026-06-18T16:16:10.872264,0.000000,3.298096
785.2528,2026-06-18T16:16:11.372027,0.000000,3.297740
785.7573,2026-06-18T16:16:11.876483,0.000000,3.297064
786.2716,2026-06-18T16:16:12.390854,0.000000,3.296584
786.7681,2026-06-18T16:16:12.887325,0.000000,3.296152
787.2542,2026-06-18T16:16:13.373442,0.000000,3.295444
787.7613,2026-06-18T16:16:13.880541,0.000000,3.294964
788.2555,2026-06-18T16:16:14.374750,0.000000,3.294084
788.7517,2026-06-18T16:16:14.870948,0.000000,3.292980
789.2487,2026-06-18T16:16:15.367927,0.000000,3.292336
789.7758,2026-06-18T16:16:15.895051,0.000000,3.291284
790.2594,2026-06-18T16:16:16.378572,0.000000,3.290276
790.7503,2026-06-18T16:16:16.869529,0.000000,3.289756
791.2482,2026-06-18T16:16:17.367383,0.000000,3.288924
791.7494,2026-06-18T16:16:17.868657,0.000000,3.288248
792.2530,2026-06-18T16:16:18.372248,0.000000,3.287700
792.7614,2026-06-18T16:16:18.880594,0.000000,3.286816
793.2569,2026-06-18T16:16:19.376065,0.000000,3.285864
793.7782,2026-06-18T16:16:19.897413,0.000000,3.285244
794.2678,2026-06-18T16:16:20.386997,0.000000,3.284496
794.7376,2026-06-18T16:16:20.856822,0.000000,3.283912
795.2368,2026-06-18T16:16:21.355966,0.000000,3.283408
795.7343,2026-06-18T16:16:21.853485,0.000000,3.283204
796.1956,2026-06-18T16:16:22.314841,0.000000,3.283264
796.6911,2026-06-18T16:16:22.810268,0.000000,3.283224
797.1952,2026-06-18T16:16:23.314373,0.000000,3.283604
797.6963,2026-06-18T16:16:23.815514,0.000000,3.283272
798.1984,2026-06-18T16:16:24.317601,0.000000,3.282816
798.6979,2026-06-18T16:16:24.817117,0.000000,3.282204
799.1914,2026-06-18T16:16:25.310634,0.000000,3.281424
799.6874,2026-06-18T16:16:25.806627,0.000000,3.281216
800.1929,2026-06-18T16:16:26.312095,0.000000,3.280712
800.6906,2026-06-18T16:16:26.809784,0.000000,3.280556
801.1961,2026-06-18T16:16:27.315314,0.000000,3.280088
801.7289,2026-06-18T16:16:27.848134,0.000000,3.279236
802.2277,2026-06-18T16:16:28.346875,0.000000,3.278660
802.7097,2026-06-18T16:16:28.828957,0.000000,3.277956
803.2119,2026-06-18T16:16:29.331070,0.000000,3.277216
803.7373,2026-06-18T16:16:29.856514,0.000000,3.276404
804.2374,2026-06-18T16:16:30.356637,0.000000,3.275588
804.7338,2026-06-18T16:16:30.853015,0.000000,3.274712
805.2404,2026-06-18T16:16:31.359662,0.000000,3.273872
805.7359,2026-06-18T16:16:31.855069,0.000000,3.273232
806.2369,2026-06-18T16:16:32.356090,0.000000,3.272604
806.7667,2026-06-18T16:16:32.885865,0.000000,3.272276
807.2697,2026-06-18T16:16:33.388872,0.000000,3.271832
807.7652,2026-06-18T16:16:33.884430,0.000000,3.271288
808.2519,2026-06-18T16:16:34.371110,0.000000,3.270720
808.7210,2026-06-18T16:16:34.840203,0.000000,3.269944
809.2197,2026-06-18T16:16:35.338916,0.000000,3.269312
809.7293,2026-06-18T16:16:35.848529,0.000000,3.268768
810.2213,2026-06-18T16:16:36.340518,0.000000,3.268380
810.7344,2026-06-18T16:16:36.853588,0.000000,3.267820
811.2327,2026-06-18T16:16:37.351923,0.000000,3.267352
811.7412,2026-06-18T16:16:37.860377,0.000000,3.266712
812.2334,2026-06-18T16:16:38.352632,0.000000,3.266296
812.7405,2026-06-18T16:16:38.859735,0.000000,3.265876
813.2407,2026-06-18T16:16:39.359932,0.000000,3.265344
813.7666,2026-06-18T16:16:39.885809,0.000000,3.265008
814.2594,2026-06-18T16:16:40.378631,0.000000,3.264412
814.7623,2026-06-18T16:16:40.881522,0.000000,3.264044
815.2530,2026-06-18T16:16:41.372209,0.000000,3.263884
815.7536,2026-06-18T16:16:41.872783,0.000000,3.263448
816.2009,2026-06-18T16:16:42.320101,0.000000,3.263080
816.7022,2026-06-18T16:16:42.821438,0.000000,3.262808
817.1929,2026-06-18T16:16:43.312066,0.000000,3.262556
817.7174,2026-06-18T16:16:43.836639,0.000000,3.262400
818.2083,2026-06-18T16:16:44.327489,0.000000,3.262156
818.7033,2026-06-18T16:16:44.822473,0.000000,3.261856
819.2052,2026-06-18T16:16:45.324405,0.000000,3.261548
819.6990,2026-06-18T16:16:45.818226,0.000000,3.261188
820.1980,2026-06-18T16:16:46.317193,0.000000,3.260932
820.6830,2026-06-18T16:16:46.802165,0.000000,3.260672
821.1745,2026-06-18T16:16:47.293676,0.000000,3.260312
821.6953,2026-06-18T16:16:47.814505,0.000000,3.260052
822.1947,2026-06-18T16:16:48.313937,0.000000,3.259800
822.6928,2026-06-18T16:16:48.811985,0.000000,3.259556
823.1934,2026-06-18T16:16:49.312580,0.000000,3.259260
823.6907,2026-06-18T16:16:49.809903,0.000000,3.259084
824.1912,2026-06-18T16:16:50.310427,0.000000,3.258816
824.6851,2026-06-18T16:16:50.804264,0.000000,3.258688
825.1699,2026-06-18T16:16:51.289154,0.000000,3.258624
825.6362,2026-06-18T16:16:51.755458,0.000000,3.258400
826.1375,2026-06-18T16:16:52.256742,0.000000,3.258272
826.6254,2026-06-18T16:16:52.744623,0.000000,3.258052
827.1273,2026-06-18T16:16:53.246489,0.000000,3.257476
827.6240,2026-06-18T16:16:53.743203,0.000000,3.257236
828.1330,2026-06-18T16:16:54.252254,0.000000,3.257180
828.6291,2026-06-18T16:16:54.748264,0.000000,3.256848
829.1378,2026-06-18T16:16:55.257050,0.000000,3.256836
829.6338,2026-06-18T16:16:55.753038,0.000000,3.256620
830.1066,2026-06-18T16:16:56.225813,0.000000,3.256072
830.5992,2026-06-18T16:16:56.718419,0.000000,3.255788
831.0865,2026-06-18T16:16:57.205745,0.000000,3.255640
831.6033,2026-06-18T16:16:57.722501,0.000000,3.255472
832.1072,2026-06-18T16:16:58.226434,0.000000,3.255604
832.6116,2026-06-18T16:16:58.730779,0.000000,3.255420
833.1511,2026-06-18T16:16:59.270325,0.000000,3.255140
833.6373,2026-06-18T16:16:59.756492,0.000000,3.254956
834.1092,2026-06-18T16:17:00.228462,0.000000,3.254356
834.5981,2026-06-18T16:17:00.717326,0.000000,3.253868
835.0658,2026-06-18T16:17:01.184975,0.000000,3.253548
835.5705,2026-06-18T16:17:01.689753,0.000000,3.253448
836.0360,2026-06-18T16:17:02.155182,0.000000,3.253452
836.5381,2026-06-18T16:17:02.657288,0.000000,3.253504
837.0333,2026-06-18T16:17:03.152542,0.000000,3.253304
837.4969,2026-06-18T16:17:03.616075,0.000000,3.252788
837.9676,2026-06-18T16:17:04.086802,0.000000,3.251956
838.4740,2026-06-18T16:17:04.593203,0.000000,3.251364
838.9669,2026-06-18T16:17:05.086105,0.000000,3.250644
839.4861,2026-06-18T16:17:05.605325,0.000000,3.249984
839.9872,2026-06-18T16:17:06.106443,0.000000,3.249428
840.4629,2026-06-18T16:17:06.582100,0.000000,3.249156
840.9303,2026-06-18T16:17:07.049511,0.000000,3.248792
841.4320,2026-06-18T16:17:07.551192,0.000000,3.248544
841.9259,2026-06-18T16:17:08.045156,0.000000,3.248224
842.4180,2026-06-18T16:17:08.537207,0.000000,3.247824
842.9022,2026-06-18T16:17:09.021376,0.000000,3.247700
843.4027,2026-06-18T16:17:09.521941,0.000000,3.247560
843.9054,2026-06-18T16:17:10.024659,0.000000,3.247768
844.3816,2026-06-18T16:17:10.500851,0.000000,3.247868
844.8784,2026-06-18T16:17:10.997667,0.000000,3.247844
845.3574,2026-06-18T16:17:11.476619,0.000000,3.247664
845.8618,2026-06-18T16:17:11.980993,0.000000,3.247196
846.3496,2026-06-18T16:17:12.468822,0.000000,3.247044
846.8461,2026-06-18T16:17:12.965312,0.000000,3.247244
847.3279,2026-06-18T16:17:13.447119,0.000000,3.247048
847.8217,2026-06-18T16:17:13.940872,0.000000,3.246904
848.3050,2026-06-18T16:17:14.424242,0.000000,3.246644
848.8246,2026-06-18T16:17:14.943796,0.000000,3.245948
849.3187,2026-06-18T16:17:15.437883,0.000000,3.245712
849.8206,2026-06-18T16:17:15.939828,0.000000,3.245620
850.3217,2026-06-18T16:17:16.440939,0.000000,3.245336
850.8206,2026-06-18T16:17:16.939776,0.000000,3.245076
851.3225,2026-06-18T16:17:17.441705,0.000000,3.244812
851.8534,2026-06-18T16:17:17.972586,0.000000,3.244560
852.3533,2026-06-18T16:17:18.472511,0.000000,3.244148
852.8532,2026-06-18T16:17:18.972407,0.000000,3.243748
853.3539,2026-06-18T16:17:19.473118,0.000000,3.243120
853.8549,2026-06-18T16:17:19.974114,0.000000,3.242612
854.3521,2026-06-18T16:17:20.471359,0.000000,3.242248
854.8575,2026-06-18T16:17:20.976688,0.000000,3.242012
855.3745,2026-06-18T16:17:21.493685,0.000000,3.241772
855.8788,2026-06-18T16:17:21.997985,0.000000,3.241460
856.3691,2026-06-18T16:17:22.488360,0.000000,3.241364
856.8660,2026-06-18T16:17:22.985196,0.000000,3.241304
857.3714,2026-06-18T16:17:23.490575,0.000000,3.241092
857.8350,2026-06-18T16:17:23.954220,0.000000,3.241132
858.3378,2026-06-18T16:17:24.456982,0.000000,3.240928
858.8508,2026-06-18T16:17:24.970030,0.000000,3.240700
859.3533,2026-06-18T16:17:25.472487,0.000000,3.240704
859.8456,2026-06-18T16:17:25.964826,0.000000,3.240736
860.3326,2026-06-18T16:17:26.451792,0.000000,3.240472
860.8235,2026-06-18T16:17:26.942733,0.000000,3.240208
861.3154,2026-06-18T16:17:27.434570,0.000000,3.240016
861.8030,2026-06-18T16:17:27.922204,0.000000,3.239460
862.2932,2026-06-18T16:17:28.412372,0.000000,3.239004
862.8174,2026-06-18T16:17:28.936578,0.000000,3.238572
863.3168,2026-06-18T16:17:29.435997,0.000000,3.237860
863.8083,2026-06-18T16:17:29.927563,0.000000,3.237444
864.3070,2026-06-18T16:17:30.426242,0.000000,3.237236
864.7917,2026-06-18T16:17:30.910962,0.000000,3.236716
865.2883,2026-06-18T16:17:31.407502,0.000000,3.236464
865.7998,2026-06-18T16:17:31.919063,0.000000,3.236576
866.3003,2026-06-18T16:17:32.419552,0.000000,3.236688
866.7998,2026-06-18T16:17:32.919027,0.000000,3.237004
867.3022,2026-06-18T16:17:33.421442,0.000000,3.236588
867.8032,2026-06-18T16:17:33.922396,0.000000,3.236220
868.3031,2026-06-18T16:17:34.422293,0.000000,3.235688
868.8172,2026-06-18T16:17:34.936450,0.000000,3.235032
869.3200,2026-06-18T16:17:35.439181,0.000000,3.235040
869.8235,2026-06-18T16:17:35.942690,0.000000,3.234624
870.3130,2026-06-18T16:17:36.432215,0.000000,3.234208
870.8189,2026-06-18T16:17:36.938102,0.000000,3.233892
871.3101,2026-06-18T16:17:37.429353,0.000000,3.233696
871.8051,2026-06-18T16:17:37.924304,0.000000,3.233668
872.3281,2026-06-18T16:17:38.447276,0.000000,3.233484
872.8258,2026-06-18T16:17:38.944979,0.000000,3.233160
873.3206,2026-06-18T16:17:39.439781,0.000000,3.232528
873.8148,2026-06-18T16:17:39.934051,0.000000,3.232016
874.3117,2026-06-18T16:17:40.430926,0.000000,3.231336
874.8041,2026-06-18T16:17:40.923351,0.000000,3.230900
875.2953,2026-06-18T16:17:41.414481,0.000000,3.230564
875.7950,2026-06-18T16:17:41.914253,0.000000,3.230112
876.3076,2026-06-18T16:17:42.426838,0.000000,3.229964
876.8077,2026-06-18T16:17:42.926924,0.000000,3.229868
877.2720,2026-06-18T16:17:43.391207,0.000000,3.229856
877.7717,2026-06-18T16:17:43.890938,0.000000,3.229560
878.2480,2026-06-18T16:17:44.367192,0.000000,3.229772
878.7453,2026-06-18T16:17:44.864502,0.000000,3.229796
879.2471,2026-06-18T16:17:45.366277,0.000000,3.229872
879.7499,2026-06-18T16:17:45.869108,0.000000,3.229988
880.2464,2026-06-18T16:17:46.365658,0.000000,3.229640
880.7745,2026-06-18T16:17:46.893756,0.000000,3.229272
881.2480,2026-06-18T16:17:47.367199,0.000000,3.228996
881.7452,2026-06-18T16:17:47.864419,0.000000,3.228888
882.2499,2026-06-18T16:17:48.369154,0.000000,3.228708
882.7435,2026-06-18T16:17:48.862705,0.000000,3.228608
883.2395,2026-06-18T16:17:49.358717,0.000000,3.228540
883.7358,2026-06-18T16:17:49.854972,0.000000,3.228280
884.2576,2026-06-18T16:17:50.376806,0.000000,3.228276
884.7520,2026-06-18T16:17:50.871212,0.000000,3.228100
885.2442,2026-06-18T16:17:51.363408,0.000000,3.228172
885.7345,2026-06-18T16:17:51.853727,0.000000,3.228268
886.2317,2026-06-18T16:17:52.350919,0.000000,3.228132
886.7359,2026-06-18T16:17:52.855144,0.000000,3.228372
887.2350,2026-06-18T16:17:53.354251,0.000000,3.228228
887.7384,2026-06-18T16:17:53.857621,0.000000,3.228096
888.2424,2026-06-18T16:17:54.361616,0.000000,3.228164
888.7513,2026-06-18T16:17:54.870537,0.000000,3.227752
889.2425,2026-06-18T16:17:55.361742,0.000000,3.227536
889.7451,2026-06-18T16:17:55.864296,0.000000,3.227484
890.2392,2026-06-18T16:17:56.358448,0.000000,3.226924
890.7353,2026-06-18T16:17:56.854496,0.000000,3.226528
891.2538,2026-06-18T16:17:57.373020,0.000000,3.226396
891.7578,2026-06-18T16:17:57.876969,0.000000,3.225716
892.2635,2026-06-18T16:17:58.382737,0.000000,3.225708
892.7316,2026-06-18T16:17:58.850839,0.000000,3.225804
893.2255,2026-06-18T16:17:59.344745,0.000000,3.225420
893.7248,2026-06-18T16:17:59.844033,0.000000,3.225436
894.2247,2026-06-18T16:18:00.343949,0.000000,3.225432
894.7515,2026-06-18T16:18:00.870664,0.000000,3.225116
895.2392,2026-06-18T16:18:01.358398,0.000000,3.224728
895.7410,2026-06-18T16:18:01.860220,0.000000,3.224420
896.2391,2026-06-18T16:18:02.358284,0.000000,3.224176
896.7422,2026-06-18T16:18:02.861369,0.000000,3.224288
897.2352,2026-06-18T16:18:03.354360,0.000000,3.224392
897.7295,2026-06-18T16:18:03.848756,0.000000,3.224464
898.2524,2026-06-18T16:18:04.371606,0.000000,3.224192
898.7469,2026-06-18T16:18:04.866151,0.000000,3.223880
899.2312,2026-06-18T16:18:05.350431,0.000000,3.223448
899.7287,2026-06-18T16:18:05.847885,0.000000,3.223008
900.2248,2026-06-18T16:18:06.344000,0.000000,3.222756
900.7090,2026-06-18T16:18:06.828168,0.000000,3.222548
901.1916,2026-06-18T16:18:07.310822,0.000000,3.222480
901.6783,2026-06-18T16:18:07.797497,0.000000,3.222484
902.1950,2026-06-18T16:18:08.314196,0.000000,3.222220
902.7025,2026-06-18T16:18:08.821706,0.000000,3.222000
903.1843,2026-06-18T16:18:09.303521,0.000000,3.221844
903.6758,2026-06-18T16:18:09.794977,0.000000,3.221676
904.1621,2026-06-18T16:18:10.281338,0.000000,3.221804
904.6713,2026-06-18T16:18:10.790543,0.000000,3.221296
905.1333,2026-06-18T16:18:11.252525,0.000000,3.221128
905.6256,2026-06-18T16:18:11.744782,0.000000,3.220864
906.1287,2026-06-18T16:18:12.247910,0.000000,3.220408
906.6290,2026-06-18T16:18:12.748179,0.000000,3.220488
907.1333,2026-06-18T16:18:13.252518,0.000000,3.220300
907.6366,2026-06-18T16:18:13.755844,0.000000,3.220112
908.1346,2026-06-18T16:18:14.253828,0.000000,3.220260
908.6236,2026-06-18T16:18:14.742835,0.000000,3.220232
909.1328,2026-06-18T16:18:15.252032,0.000000,3.219816
909.6303,2026-06-18T16:18:15.749504,0.000000,3.219820
910.1240,2026-06-18T16:18:16.243187,0.000000,3.219688
910.6222,2026-06-18T16:18:16.741409,0.000000,3.219508
911.1460,2026-06-18T16:18:17.265206,0.000000,3.219696
911.6289,2026-06-18T16:18:17.748121,0.000000,3.219620
912.1304,2026-06-18T16:18:18.249589,0.000000,3.219600
912.6163,2026-06-18T16:18:18.735495,0.000000,3.219424
913.1201,2026-06-18T16:18:19.239363,0.000000,3.219148
913.6326,2026-06-18T16:18:19.751847,0.000000,3.219108
914.1328,2026-06-18T16:18:20.251993,0.000000,3.218760
914.6328,2026-06-18T16:18:20.751976,0.000000,3.218884
915.1331,2026-06-18T16:18:21.252310,0.000000,3.218916
915.6370,2026-06-18T16:18:21.756168,0.000000,3.218868
916.1248,2026-06-18T16:18:22.244039,0.000000,3.219000
916.6174,2026-06-18T16:18:22.736647,0.000000,3.218960
917.1514,2026-06-18T16:18:23.270642,0.000000,3.219076
917.6501,2026-06-18T16:18:23.769336,0.000000,3.219176
918.1452,2026-06-18T16:18:24.264381,0.000000,3.218944
918.6416,2026-06-18T16:18:24.760872,0.000000,3.218676
919.1411,2026-06-18T16:18:25.260314,0.000000,3.218396
919.6421,2026-06-18T16:18:25.761281,0.000000,3.218120
920.1091,2026-06-18T16:18:26.228348,0.000000,3.218012
920.5917,2026-06-18T16:18:26.710876,0.000000,3.218068
921.0848,2026-06-18T16:18:27.204047,0.000000,3.217884
921.5834,2026-06-18T16:18:27.702571,0.000000,3.217664
922.0872,2026-06-18T16:18:28.206461,0.000000,3.217344
922.5789,2026-06-18T16:18:28.698095,0.000000,3.217032
923.0761,2026-06-18T16:18:29.195307,0.000000,3.216976
923.5694,2026-06-18T16:18:29.688645,0.000000,3.216916
924.0747,2026-06-18T16:18:30.193914,0.000000,3.217152
924.5997,2026-06-18T16:18:30.718865,0.000000,3.217228
925.0880,2026-06-18T16:18:31.207211,0.000000,3.217120
925.5828,2026-06-18T16:18:31.702062,0.000000,3.216796
926.0635,2026-06-18T16:18:32.182687,0.000000,3.216368
926.5577,2026-06-18T16:18:32.676917,0.000000,3.215968
927.0552,2026-06-18T16:18:33.174393,0.000000,3.215704
927.5517,2026-06-18T16:18:33.670904,0.000000,3.215652
928.0419,2026-06-18T16:18:34.161072,0.000000,3.215532
928.5406,2026-06-18T16:18:34.659844,0.000000,3.215096
929.0688,2026-06-18T16:18:35.187974,0.000000,3.214628
929.5663,2026-06-18T16:18:35.685528,0.000000,3.214080
930.0428,2026-06-18T16:18:36.162017,0.000000,3.213776
930.5439,2026-06-18T16:18:36.663095,0.000000,3.213952
931.0410,2026-06-18T16:18:37.160214,0.000000,3.214200
931.5444,2026-06-18T16:18:37.663597,0.000000,3.214440
932.0421,2026-06-18T16:18:38.161359,0.000000,3.214216
932.5568,2026-06-18T16:18:38.675977,0.000000,3.214004
933.0720,2026-06-18T16:18:39.191223,0.000000,3.213656
933.5469,2026-06-18T16:18:39.666118,0.000000,3.213240
934.0164,2026-06-18T16:18:40.135636,0.000000,3.213268
934.5052,2026-06-18T16:18:40.624452,0.000000,3.213164
935.0054,2026-06-18T16:18:41.124643,0.000000,3.212948
935.4986,2026-06-18T16:18:41.617803,0.000000,3.213324
935.9929,2026-06-18T16:18:42.112109,0.000000,3.213428
936.4391,2026-06-18T16:18:42.558299,0.000000,3.213712
936.8985,2026-06-18T16:18:43.017673,0.000000,3.214060
937.3955,2026-06-18T16:18:43.514682,0.000000,3.213944
937.8914,2026-06-18T16:18:44.010645,0.000000,3.213864
938.3937,2026-06-18T16:18:44.512871,0.000000,3.213908
938.9135,2026-06-18T16:18:45.032729,0.000000,3.213896
939.4119,2026-06-18T16:18:45.531077,0.000000,3.213880
939.9137,2026-06-18T16:18:46.032933,0.000000,3.213976
940.3999,2026-06-18T16:18:46.519090,0.000000,3.213948
940.8997,2026-06-18T16:18:47.018911,0.000000,3.214152
941.3959,2026-06-18T16:18:47.515106,0.000000,3.214232
941.8742,2026-06-18T16:18:47.993371,0.000000,3.214068
942.3805,2026-06-18T16:18:48.499721,0.000000,3.213916
942.8965,2026-06-18T16:18:49.015710,0.000000,3.213728
943.3913,2026-06-18T16:18:49.510515,0.000000,3.213212
943.8894,2026-06-18T16:18:50.008640,0.000000,3.212980
944.3930,2026-06-18T16:18:50.512172,0.000000,3.212872
944.8973,2026-06-18T16:18:51.016499,0.000000,3.212688
945.3998,2026-06-18T16:18:51.519005,0.000000,3.212972
945.8973,2026-06-18T16:18:52.016501,0.000000,3.213220
946.4015,2026-06-18T16:18:52.520726,0.000000,3.213008
946.9043,2026-06-18T16:18:53.023506,0.000000,3.212712
947.3998,2026-06-18T16:18:53.519030,0.000000,3.212708
947.8935,2026-06-18T16:18:54.012726,0.000000,3.212540
948.4164,2026-06-18T16:18:54.535576,0.000000,3.212692
948.9163,2026-06-18T16:18:55.035493,0.000000,3.212680
949.4208,2026-06-18T16:18:55.539980,0.000000,3.212376
949.9127,2026-06-18T16:18:56.031955,0.000000,3.212388
950.4006,2026-06-18T16:18:56.519780,0.000000,3.211792
950.8957,2026-06-18T16:18:57.014874,0.000000,3.211544
951.3936,2026-06-18T16:18:57.512845,0.000000,3.211248
951.8963,2026-06-18T16:18:58.015550,0.000000,3.210876
952.3977,2026-06-18T16:18:58.516952,0.000000,3.210624
952.8959,2026-06-18T16:18:59.015113,0.000000,3.210564
953.3980,2026-06-18T16:18:59.517216,0.000000,3.210280
953.8754,2026-06-18T16:18:59.994618,0.000000,3.210316
954.3503,2026-06-18T16:19:00.469530,0.000000,3.210600
954.8503,2026-06-18T16:19:00.969536,0.000000,3.210740
955.3533,2026-06-18T16:19:01.472490,0.000000,3.210540
955.8635,2026-06-18T16:19:01.982717,0.000000,3.210088
956.3542,2026-06-18T16:19:02.473438,0.000000,3.209368
956.8563,2026-06-18T16:19:02.975473,0.000000,3.208532
957.3220,2026-06-18T16:19:03.441211,0.000000,3.208520
957.8297,2026-06-18T16:19:03.948881,0.000000,3.207936
958.3224,2026-06-18T16:19:04.441618,0.000000,3.207840
958.8295,2026-06-18T16:19:04.948705,0.000000,3.207268
959.3294,2026-06-18T16:19:05.448599,0.000000,3.206808
959.8582,2026-06-18T16:19:05.977389,0.000000,3.207088
960.3516,2026-06-18T16:19:06.470787,0.000000,3.207208
960.8499,2026-06-18T16:19:06.969166,0.000000,3.207652
961.3498,2026-06-18T16:19:07.469019,0.000000,3.207924
961.8543,2026-06-18T16:19:07.973506,0.000000,3.207696
962.3539,2026-06-18T16:19:08.473132,0.000000,3.207424
962.8814,2026-06-18T16:19:09.000637,0.000000,3.207312
963.3732,2026-06-18T16:19:09.492406,0.000000,3.206904
963.8703,2026-06-18T16:19:09.989550,0.000000,3.206728
964.3647,2026-06-18T16:19:10.483901,0.000000,3.206512
964.8734,2026-06-18T16:19:10.992625,0.000000,3.206116
965.3664,2026-06-18T16:19:11.485596,0.000000,3.206000
965.8728,2026-06-18T16:19:11.992025,0.000000,3.206100
966.3808,2026-06-18T16:19:12.500023,0.000000,3.206248
966.8724,2026-06-18T16:19:12.991639,0.000000,3.206432
967.3816,2026-06-18T16:19:13.500808,0.000000,3.206736
967.8726,2026-06-18T16:19:13.991752,0.000000,3.206604
968.3680,2026-06-18T16:19:14.487253,0.000000,3.206724
968.8693,2026-06-18T16:19:14.988493,0.000000,3.206716
969.3720,2026-06-18T16:19:15.491212,0.000000,3.206384
969.8664,2026-06-18T16:19:15.985651,0.000000,3.206116
970.3718,2026-06-18T16:19:16.491014,0.000000,3.205656
970.8597,2026-06-18T16:19:16.978878,0.000000,3.205504
971.3579,2026-06-18T16:19:17.477071,0.000000,3.205548
971.8448,2026-06-18T16:19:17.964064,0.000000,3.205416
972.3289,2026-06-18T16:19:18.448152,0.000000,3.205476
972.8224,2026-06-18T16:19:18.941593,0.000000,3.205392
973.3290,2026-06-18T16:19:19.448173,0.000000,3.205472
973.8499,2026-06-18T16:19:19.969091,0.000000,3.205528
974.3345,2026-06-18T16:19:20.453670,0.000000,3.205208
974.8214,2026-06-18T16:19:20.940624,0.000000,3.204940
975.3219,2026-06-18T16:19:21.441082,0.000000,3.204512
975.8152,2026-06-18T16:19:21.934387,0.000000,3.204060
976.3258,2026-06-18T16:19:22.444992,0.000000,3.204112
976.8128,2026-06-18T16:19:22.931974,0.000000,3.203972
977.3124,2026-06-18T16:19:23.431626,0.000000,3.203980
977.8375,2026-06-18T16:19:23.956677,0.000000,3.204360
978.3411,2026-06-18T16:19:24.460335,0.000000,3.204212
978.8332,2026-06-18T16:19:24.952445,0.000000,3.204200
979.3331,2026-06-18T16:19:25.452359,0.000000,3.203956
979.8301,2026-06-18T16:19:25.949289,0.000000,3.203976
980.3289,2026-06-18T16:19:26.448137,0.000000,3.204132
980.8253,2026-06-18T16:19:26.944507,0.000000,3.204188
981.3503,2026-06-18T16:19:27.469467,0.000000,3.204228
981.8495,2026-06-18T16:19:27.968740,0.000000,3.204156
982.3200,2026-06-18T16:19:28.439202,0.000000,3.203996
982.8226,2026-06-18T16:19:28.941778,0.000000,3.204104
983.3229,2026-06-18T16:19:29.442088,0.000000,3.204260
983.8154,2026-06-18T16:19:29.934632,0.000000,3.204184
984.3172,2026-06-18T16:19:30.436425,0.000000,3.204284
984.8181,2026-06-18T16:19:30.937261,0.000000,3.204416
985.3200,2026-06-18T16:19:31.439250,0.000000,3.204244
985.8207,2026-06-18T16:19:31.939880,0.000000,3.204256
986.3220,2026-06-18T16:19:32.441191,0.000000,3.203896
986.8155,2026-06-18T16:19:32.934660,0.000000,3.203240
987.3123,2026-06-18T16:19:33.431511,0.000000,3.202800
987.8041,2026-06-18T16:19:33.923310,0.000000,3.202284
988.2999,2026-06-18T16:19:34.419145,0.000000,3.202128
988.8311,2026-06-18T16:19:34.950264,0.000000,3.202108
989.3317,2026-06-18T16:19:35.450951,0.000000,3.202196
989.8336,2026-06-18T16:19:35.952815,0.000000,3.202228
990.3369,2026-06-18T16:19:36.456148,0.000000,3.202020
990.8332,2026-06-18T16:19:36.952451,0.000000,3.201976
991.3220,2026-06-18T16:19:37.441206,0.000000,3.202048
991.8157,2026-06-18T16:19:37.934889,0.000000,3.201912
992.3185,2026-06-18T16:19:38.437719,0.000000,3.201800
992.7942,2026-06-18T16:19:38.913387,0.000000,3.201656
993.2976,2026-06-18T16:19:39.416796,0.000000,3.201364
993.7948,2026-06-18T16:19:39.914014,0.000000,3.201288
994.3001,2026-06-18T16:19:40.419269,0.000000,3.201248
994.7974,2026-06-18T16:19:40.916572,0.000000,3.201056
995.3306,2026-06-18T16:19:41.449779,0.000000,3.201040
995.8198,2026-06-18T16:19:41.938983,0.000000,3.200648
996.3251,2026-06-18T16:19:42.444321,0.000000,3.200576
996.8141,2026-06-18T16:19:42.933304,0.000000,3.200708
997.2960,2026-06-18T16:19:43.415637,0.000000,3.200660
997.7891,2026-06-18T16:19:43.908354,0.000000,3.200816
998.2855,2026-06-18T16:19:44.404692,0.000000,3.200704
998.7822,2026-06-18T16:19:44.901429,0.000000,3.200356
999.2774,2026-06-18T16:19:45.396609,0.000000,3.200240
999.7850,2026-06-18T16:19:45.904250,0.000000,3.200116
1000.2905,2026-06-18T16:19:46.409762,0.000000,3.199960
1000.7821,2026-06-18T16:19:46.901341,0.000000,3.199896
1001.2787,2026-06-18T16:19:47.397922,0.000000,3.199468
1001.7707,2026-06-18T16:19:47.889921,0.000000,3.198880
1002.2422,2026-06-18T16:19:48.361382,0.000000,3.198488
1002.7458,2026-06-18T16:19:48.865038,0.000000,3.198192
1003.2604,2026-06-18T16:19:49.379556,0.000000,3.198000
1003.7668,2026-06-18T16:19:49.886043,0.000000,3.198108
1004.2444,2026-06-18T16:19:50.363582,0.000000,3.198332
1004.7349,2026-06-18T16:19:50.854157,0.000000,3.198284
1005.2349,2026-06-18T16:19:51.354069,0.000000,3.198188
1005.7334,2026-06-18T16:19:51.852653,0.000000,3.198168
1006.2252,2026-06-18T16:19:52.344366,0.000000,3.198028
1006.7104,2026-06-18T16:19:52.829571,0.000000,3.198116
1007.2239,2026-06-18T16:19:53.343128,0.000000,3.198012
1007.7418,2026-06-18T16:19:53.861049,0.000000,3.198048
1008.2376,2026-06-18T16:19:54.356807,0.000000,3.198088
1008.7286,2026-06-18T16:19:54.847864,0.000000,3.197988
1009.2275,2026-06-18T16:19:55.346676,0.000000,3.198372
1009.7319,2026-06-18T16:19:55.851092,0.000000,3.198436
1010.2158,2026-06-18T16:19:56.335039,0.000000,3.198264
1010.7458,2026-06-18T16:19:56.864995,0.000000,3.198216
1011.2399,2026-06-18T16:19:57.359115,0.000000,3.197816
1011.7311,2026-06-18T16:19:57.850272,0.000000,3.197480
1012.2255,2026-06-18T16:19:58.344740,0.000000,3.197132
1012.7319,2026-06-18T16:19:58.851071,0.000000,3.196912
1013.2515,2026-06-18T16:19:59.370766,0.000000,3.196928
1013.7587,2026-06-18T16:19:59.877929,0.000000,3.196844
1014.2539,2026-06-18T16:20:00.373078,0.000000,3.196800
1014.7504,2026-06-18T16:20:00.869644,0.000000,3.196684
1015.2349,2026-06-18T16:20:01.354107,0.000000,3.196620
1015.7215,2026-06-18T16:20:01.840677,0.000000,3.196632
1016.2139,2026-06-18T16:20:02.333119,0.000000,3.196380
1016.7143,2026-06-18T16:20:02.833544,0.000000,3.196652
1017.2319,2026-06-18T16:20:03.351101,0.000000,3.196588
1017.7460,2026-06-18T16:20:03.865234,0.000000,3.196724
1018.2480,2026-06-18T16:20:04.367178,0.000000,3.196972
1018.7203,2026-06-18T16:20:04.839560,0.000000,3.196420
1019.2197,2026-06-18T16:20:05.338896,0.000000,3.196288
1019.7143,2026-06-18T16:20:05.833550,0.000000,3.196100
1020.2224,2026-06-18T16:20:06.341641,0.000000,3.195888
1020.7145,2026-06-18T16:20:06.833748,0.000000,3.195784
1021.2066,2026-06-18T16:20:07.325802,0.000000,3.195492
1021.7510,2026-06-18T16:20:07.870218,0.000000,3.195060
1022.2344,2026-06-18T16:20:08.353622,0.000000,3.194936
1022.7316,2026-06-18T16:20:08.850787,0.000000,3.194832
1023.2332,2026-06-18T16:20:09.352382,0.000000,3.194984
1023.7304,2026-06-18T16:20:09.849645,0.000000,3.195168
1024.2282,2026-06-18T16:20:10.347363,0.000000,3.195168
1024.7260,2026-06-18T16:20:10.845198,0.000000,3.195148
1025.2514,2026-06-18T16:20:11.370573,0.000000,3.195076
1025.7574,2026-06-18T16:20:11.876570,0.000000,3.194972
1026.2459,2026-06-18T16:20:12.365096,0.000000,3.194984
1026.7351,2026-06-18T16:20:12.854300,0.000000,3.194880
1027.2166,2026-06-18T16:20:13.335828,0.000000,3.195008
1027.7219,2026-06-18T16:20:13.841151,0.000000,3.195032
1028.2506,2026-06-18T16:20:14.369837,0.000000,3.195120
1028.7475,2026-06-18T16:20:14.866708,0.000000,3.195392
1029.2291,2026-06-18T16:20:15.348287,0.000000,3.195008
1029.7059,2026-06-18T16:20:15.825112,0.000000,3.194660
1030.2002,2026-06-18T16:20:16.319444,0.000000,3.194180
1030.7063,2026-06-18T16:20:16.825540,0.000000,3.193616
1031.2340,2026-06-18T16:20:17.353206,0.000000,3.193856
1031.7327,2026-06-18T16:20:17.851896,0.000000,3.193528
1032.2310,2026-06-18T16:20:18.350221,0.000000,3.193300
1032.7393,2026-06-18T16:20:18.858513,0.000000,3.192928
1033.2389,2026-06-18T16:20:19.358072,0.000000,3.192088
1033.7419,2026-06-18T16:20:19.861112,0.000000,3.191804
1034.2216,2026-06-18T16:20:20.340767,0.000000,3.191656
1034.7183,2026-06-18T16:20:20.837536,0.000000,3.191572
1035.2092,2026-06-18T16:20:21.328449,0.000000,3.191556
1035.6757,2026-06-18T16:20:21.794955,0.000000,3.191340
1036.1708,2026-06-18T16:20:22.289994,0.000000,3.191336
1036.6521,2026-06-18T16:20:22.771341,0.000000,3.191212
1037.1418,2026-06-18T16:20:23.261009,0.000000,3.191192
1037.6519,2026-06-18T16:20:23.771159,0.000000,3.191288
1038.1461,2026-06-18T16:20:24.265345,0.000000,3.191100
1038.6273,2026-06-18T16:20:24.746522,0.000000,3.190892
1039.1273,2026-06-18T16:20:25.246513,0.000000,3.190796
1039.5931,2026-06-18T16:20:25.712289,0.000000,3.190540
1040.0936,2026-06-18T16:20:26.212806,0.000000,3.190692
1040.5968,2026-06-18T16:20:26.716050,0.000000,3.190860
1041.0971,2026-06-18T16:20:27.216283,0.000000,3.190968
1041.5924,2026-06-18T16:20:27.711576,0.000000,3.191476
1042.0968,2026-06-18T16:20:28.216057,0.000000,3.191292
1042.5973,2026-06-18T16:20:28.716502,0.000000,3.191272
1043.0647,2026-06-18T16:20:29.183920,0.000000,3.190876
1043.5623,2026-06-18T16:20:29.681515,0.000000,3.190380
1044.0669,2026-06-18T16:20:30.186133,0.000000,3.190168
1044.5819,2026-06-18T16:20:30.701168,0.000000,3.189892
1045.0841,2026-06-18T16:20:31.203316,0.000000,3.189784
1045.5414,2026-06-18T16:20:31.660616,0.000000,3.189744
1046.0433,2026-06-18T16:20:32.162467,0.000000,3.189716
1046.5380,2026-06-18T16:20:32.657261,0.000000,3.189692
1047.0414,2026-06-18T16:20:33.160600,0.000000,3.189824
1047.5485,2026-06-18T16:20:33.667732,0.000000,3.189996
1048.0430,2026-06-18T16:20:34.162239,0.000000,3.190216
1048.5260,2026-06-18T16:20:34.645185,0.000000,3.189784
1049.0218,2026-06-18T16:20:35.141010,0.000000,3.189628
1049.5234,2026-06-18T16:20:35.642607,0.000000,3.188972
1050.0282,2026-06-18T16:20:36.147460,0.000000,3.188568
1050.5243,2026-06-18T16:20:36.643539,0.000000,3.188624
1051.0313,2026-06-18T16:20:37.150548,0.000000,3.188508
1051.5237,2026-06-18T16:20:37.642940,0.000000,3.188688
1052.0211,2026-06-18T16:20:38.140361,0.000000,3.188388
1052.5215,2026-06-18T16:20:38.640687,0.000000,3.188252
1053.0206,2026-06-18T16:20:39.139784,0.000000,3.188120
1053.5187,2026-06-18T16:20:39.637879,0.000000,3.188052
1054.0080,2026-06-18T16:20:40.127182,0.000000,3.187864
1054.5081,2026-06-18T16:20:40.627276,0.000000,3.187416
1055.0251,2026-06-18T16:20:41.144361,0.000000,3.187144
1055.5220,2026-06-18T16:20:41.641198,0.000000,3.186884
1056.0231,2026-06-18T16:20:42.142328,0.000000,3.186996
1056.5268,2026-06-18T16:20:42.646033,0.000000,3.187256
1057.0141,2026-06-18T16:20:43.133329,0.000000,3.187520
1057.4993,2026-06-18T16:20:43.618457,0.000000,3.187632
1057.9994,2026-06-18T16:20:44.118664,0.000000,3.187732
1058.4945,2026-06-18T16:20:44.613704,0.000000,3.187684
1059.0158,2026-06-18T16:20:45.135064,0.000000,3.187512
1059.4772,2026-06-18T16:20:45.596389,0.000000,3.187632
1059.9641,2026-06-18T16:20:46.083262,0.000000,3.187304
1060.4655,2026-06-18T16:20:46.584693,0.000000,3.187348
1060.9644,2026-06-18T16:20:47.083591,0.000000,3.187324
1061.4717,2026-06-18T16:20:47.590902,0.000000,3.187408
1061.9560,2026-06-18T16:20:48.075211,0.000000,3.187448
1062.4604,2026-06-18T16:20:48.579641,0.000000,3.187204
1062.9918,2026-06-18T16:20:49.111067,0.000000,3.187368
1063.4893,2026-06-18T16:20:49.608557,0.000000,3.186880
1063.9879,2026-06-18T16:20:50.107101,0.000000,3.186784
1064.4872,2026-06-18T16:20:50.606407,0.000000,3.186568
1064.9920,2026-06-18T16:20:51.111216,0.000000,3.186176
1065.4877,2026-06-18T16:20:51.606865,0.000000,3.186204
1066.0104,2026-06-18T16:20:52.129626,0.000000,3.186488
1066.5023,2026-06-18T16:20:52.621539,0.000000,3.186872
1067.0072,2026-06-18T16:20:53.126382,0.000000,3.187392
1067.5072,2026-06-18T16:20:53.626467,0.000000,3.187780
1068.0090,2026-06-18T16:20:54.128192,0.000000,3.187904
1068.5063,2026-06-18T16:20:54.625487,0.000000,3.188116
1069.0383,2026-06-18T16:20:55.157489,0.000000,3.188012
1069.5266,2026-06-18T16:20:55.645834,0.000000,3.188172
1070.0253,2026-06-18T16:20:56.144549,0.000000,3.188292
1070.5231,2026-06-18T16:20:56.642284,0.000000,3.188128
1071.0288,2026-06-18T16:20:57.148038,0.000000,3.187996
1071.5271,2026-06-18T16:20:57.646274,0.000000,3.187708
1072.0312,2026-06-18T16:20:58.150426,0.000000,3.187192
1072.5395,2026-06-18T16:20:58.658716,0.000000,3.186992
1073.0241,2026-06-18T16:20:59.143318,0.000000,3.186924
1073.5217,2026-06-18T16:20:59.640912,0.000000,3.186948
1074.0246,2026-06-18T16:21:00.143850,0.000000,3.187088
1074.5187,2026-06-18T16:21:00.637927,0.000000,3.187372
1075.0243,2026-06-18T16:21:01.143504,0.000000,3.187700
1075.5223,2026-06-18T16:21:01.641484,0.000000,3.187576
1076.0356,2026-06-18T16:21:02.154838,0.000000,3.187584
1076.5383,2026-06-18T16:21:02.657510,0.000000,3.187472
1077.0313,2026-06-18T16:21:03.150560,0.000000,3.187292
1077.5292,2026-06-18T16:21:03.648392,0.000000,3.187244
1078.0282,2026-06-18T16:21:04.147407,0.000000,3.187212
1078.5310,2026-06-18T16:21:04.650177,0.000000,3.187152
1079.0153,2026-06-18T16:21:05.134531,0.000000,3.187144
1079.5321,2026-06-18T16:21:05.651351,0.000000,3.186988
1080.0318,2026-06-18T16:21:06.151063,0.000000,3.186820
1080.5303,2026-06-18T16:21:06.649539,0.000000,3.186732
1081.0221,2026-06-18T16:21:07.141294,0.000000,3.186648
1081.5198,2026-06-18T16:21:07.638988,0.000000,3.186688
1081.9737,2026-06-18T16:21:08.092967,0.000000,3.186844
1082.4794,2026-06-18T16:21:08.598612,0.000000,3.186888
1082.9842,2026-06-18T16:21:09.103384,0.000000,3.186604
1083.5144,2026-06-18T16:21:09.633583,0.000000,3.186856
1084.0130,2026-06-18T16:21:10.132211,0.000000,3.186972
1084.5139,2026-06-18T16:21:10.633097,0.000000,3.187032
1085.0130,2026-06-18T16:21:11.132270,0.000000,3.187624
1085.5130,2026-06-18T16:21:11.632182,0.000000,3.187640
1085.9983,2026-06-18T16:21:12.117560,0.000000,3.187908
1086.4807,2026-06-18T16:21:12.599934,0.000000,3.188040
1086.9635,2026-06-18T16:21:13.082730,0.000000,3.187692
1087.4836,2026-06-18T16:21:13.602850,0.000000,3.187648
1087.9881,2026-06-18T16:21:14.107343,0.000000,3.187460
1088.4874,2026-06-18T16:21:14.606624,0.000000,3.187392
1088.9880,2026-06-18T16:21:15.107254,0.000000,3.187336
1089.4922,2026-06-18T16:21:15.611385,0.000000,3.187032
1089.9773,2026-06-18T16:21:16.096475,0.000000,3.186452
1090.4801,2026-06-18T16:21:16.599293,0.000000,3.186188
1090.9977,2026-06-18T16:21:17.116888,0.000000,3.186260
1091.4909,2026-06-18T16:21:17.610109,0.000000,3.186536
1091.9962,2026-06-18T16:21:18.115423,0.000000,3.187148
1092.4968,2026-06-18T16:21:18.615981,0.000000,3.187576
1092.9993,2026-06-18T16:21:19.118526,0.000000,3.187524
1093.4884,2026-06-18T16:21:19.607612,0.000000,3.187236
1093.9927,2026-06-18T16:21:20.111936,0.000000,3.186880
1094.5088,2026-06-18T16:21:20.628013,0.000000,3.186692
1095.0210,2026-06-18T16:21:21.140249,0.000000,3.186776
1095.5131,2026-06-18T16:21:21.632325,0.000000,3.186532
1096.0173,2026-06-18T16:21:22.136478,0.000000,3.186364
1096.5079,2026-06-18T16:21:22.627098,0.000000,3.186004
1097.0087,2026-06-18T16:21:23.127893,0.000000,3.185564
1097.4985,2026-06-18T16:21:23.617738,0.000000,3.185692
1098.0240,2026-06-18T16:21:24.143260,0.000000,3.186000
1098.5213,2026-06-18T16:21:24.640509,0.000000,3.186356
1099.0210,2026-06-18T16:21:25.140182,0.000000,3.186852
1099.5072,2026-06-18T16:21:25.626414,0.000000,3.186948
1100.0048,2026-06-18T16:21:26.123996,0.000000,3.186880
1100.4985,2026-06-18T16:21:26.617736,0.000000,3.186568
1100.9763,2026-06-18T16:21:27.095516,0.000000,3.186416
1101.4757,2026-06-18T16:21:27.594914,0.000000,3.186536
1101.9896,2026-06-18T16:21:28.108857,0.000000,3.186660
1102.4970,2026-06-18T16:21:28.616205,0.000000,3.186856
1102.9853,2026-06-18T16:21:29.104540,0.000000,3.186904
1103.4785,2026-06-18T16:21:29.597699,0.000000,3.187060
1103.9647,2026-06-18T16:21:30.083914,0.000000,3.187220
1104.4320,2026-06-18T16:21:30.551241,0.000000,3.187484
1104.9373,2026-06-18T16:21:31.056557,0.000000,3.187760
1105.4355,2026-06-18T16:21:31.554727,0.000000,3.187768
1105.9564,2026-06-18T16:21:32.075641,0.000000,3.187716
1106.4573,2026-06-18T16:21:32.576517,0.000000,3.187740
1106.9526,2026-06-18T16:21:33.071784,0.000000,3.187948
1107.4603,2026-06-18T16:21:33.579520,0.000000,3.188052
1107.9647,2026-06-18T16:21:34.083943,0.000000,3.188480
1108.4683,2026-06-18T16:21:34.587536,0.000000,3.188588
1108.9923,2026-06-18T16:21:35.111484,0.000000,3.188496
1109.4839,2026-06-18T16:21:35.603084,0.000000,3.188548
1109.9736,2026-06-18T16:21:36.092794,0.000000,3.188244
1110.4816,2026-06-18T16:21:36.600815,0.000000,3.188308
1110.9559,2026-06-18T16:21:37.075124,0.000000,3.188364
1111.4524,2026-06-18T16:21:37.571593,0.000000,3.188100
1111.9567,2026-06-18T16:21:38.075906,0.000000,3.188060
1112.4425,2026-06-18T16:21:38.561750,0.000000,3.188236
1112.9720,2026-06-18T16:21:39.091213,0.000000,3.188436
1113.4650,2026-06-18T16:21:39.584159,0.000000,3.188864
1113.9564,2026-06-18T16:21:40.075610,0.000000,3.189380
1114.4527,2026-06-18T16:21:40.571909,0.000000,3.189476
1114.9559,2026-06-18T16:21:41.075131,0.000000,3.189592
1115.4438,2026-06-18T16:21:41.563063,0.000000,3.189724
1115.9417,2026-06-18T16:21:42.060861,0.000000,3.189560
1116.4718,2026-06-18T16:21:42.591051,0.000000,3.189580
1116.9720,2026-06-18T16:21:43.091204,0.000000,3.189500
1117.4719,2026-06-18T16:21:43.591155,0.000000,3.189808
1117.9759,2026-06-18T16:21:44.095147,0.000000,3.189928
1118.4726,2026-06-18T16:21:44.591817,0.000000,3.190140
1118.9521,2026-06-18T16:21:45.071357,0.000000,3.190432
1119.4268,2026-06-18T16:21:45.545971,0.000000,3.190208
1119.9339,2026-06-18T16:21:46.053098,0.000000,3.190204
1120.4321,2026-06-18T16:21:46.551326,0.000000,3.190124
1120.9318,2026-06-18T16:21:47.050985,0.000000,3.190388
1121.4108,2026-06-18T16:21:47.530018,0.000000,3.190880
1121.9211,2026-06-18T16:21:48.040327,0.000000,3.191316
1122.4100,2026-06-18T16:21:48.529177,0.000000,3.191632
1122.9344,2026-06-18T16:21:49.053637,0.000000,3.191580
1123.4355,2026-06-18T16:21:49.554688,0.000000,3.191776
1123.9123,2026-06-18T16:21:50.031475,0.000000,3.191820
1124.4096,2026-06-18T16:21:50.528845,0.000000,3.191920
1124.9131,2026-06-18T16:21:51.032312,0.000000,3.191860
1125.4194,2026-06-18T16:21:51.538639,0.000000,3.191716
1125.9252,2026-06-18T16:21:52.044372,0.000000,3.191884
1126.4541,2026-06-18T16:21:52.573276,0.000000,3.192096
1126.9507,2026-06-18T16:21:53.069881,0.000000,3.192360
1127.4514,2026-06-18T16:21:53.570661,0.000000,3.192200
1127.9430,2026-06-18T16:21:54.062243,0.000000,3.192044
1128.4441,2026-06-18T16:21:54.563334,0.000000,3.192084
1128.9126,2026-06-18T16:21:55.031854,0.000000,3.192156
1129.4019,2026-06-18T16:21:55.521100,0.000000,3.192324
1129.8881,2026-06-18T16:21:56.007318,0.000000,3.192420
1130.3868,2026-06-18T16:21:56.505967,0.000000,3.192268
1130.8970,2026-06-18T16:21:57.016215,0.000000,3.192440
1131.3961,2026-06-18T16:21:57.515342,0.000000,3.192456
1131.8626,2026-06-18T16:21:57.981849,0.000000,3.192576
1132.3484,2026-06-18T16:21:58.467572,0.000000,3.192780
1132.8466,2026-06-18T16:21:58.965838,0.000000,3.192668
1133.3293,2026-06-18T16:21:59.448518,0.000000,3.192592
1133.8037,2026-06-18T16:21:59.922941,0.000000,3.192252
1134.2982,2026-06-18T16:22:00.417417,0.000000,3.191832
1134.7881,2026-06-18T16:22:00.907332,0.000000,3.191340
1135.2784,2026-06-18T16:22:01.397633,0.000000,3.191304
1135.7846,2026-06-18T16:22:01.903827,0.000000,3.191696
1136.2647,2026-06-18T16:22:02.383960,0.000000,3.192300
1136.7382,2026-06-18T16:22:02.857456,0.000000,3.193516
1137.2380,2026-06-18T16:22:03.357246,0.000000,3.193800
1137.7442,2026-06-18T16:22:03.863457,0.000000,3.193972
1138.2322,2026-06-18T16:22:04.351372,0.000000,3.193960
1138.7341,2026-06-18T16:22:04.853275,0.000000,3.193520
1139.2297,2026-06-18T16:22:05.348950,0.000000,3.193584
1139.7181,2026-06-18T16:22:05.837273,0.000000,3.193680
1140.2433,2026-06-18T16:22:06.362540,0.000000,3.193988
1140.7440,2026-06-18T16:22:06.863193,0.000000,3.194480
1141.2465,2026-06-18T16:22:07.365716,0.000000,3.194812
1141.7490,2026-06-18T16:22:07.868260,0.000000,3.195116
1142.2496,2026-06-18T16:22:08.368799,0.000000,3.195092
1142.7266,2026-06-18T16:22:08.845777,0.000000,3.195436
1143.2173,2026-06-18T16:22:09.336534,0.000000,3.195412
1143.7207,2026-06-18T16:22:09.839882,0.000000,3.195972
1144.2280,2026-06-18T16:22:10.347219,0.000000,3.196496
1144.7460,2026-06-18T16:22:10.865229,0.000000,3.196412
1145.2389,2026-06-18T16:22:11.358130,0.000000,3.196760
1145.7265,2026-06-18T16:22:11.845728,0.000000,3.196640
1146.2172,2026-06-18T16:22:12.336424,0.000000,3.196876
1146.7133,2026-06-18T16:22:12.832538,0.000000,3.197404
1147.2043,2026-06-18T16:22:13.323515,0.000000,3.197692
1147.6807,2026-06-18T16:22:13.799926,0.000000,3.198136
1148.1845,2026-06-18T16:22:14.303700,0.000000,3.198316
1148.7067,2026-06-18T16:22:14.825914,0.000000,3.198560
1149.2144,2026-06-18T16:22:15.333631,0.000000,3.198604
1149.7102,2026-06-18T16:22:15.829410,0.000000,3.198596
1150.2231,2026-06-18T16:22:16.342314,0.000000,3.198788
1150.6811,2026-06-18T16:22:16.800368,0.000000,3.198864
1151.1846,2026-06-18T16:22:17.303798,0.000000,3.198856
1151.6535,2026-06-18T16:22:17.772757,0.000000,3.199164
1152.1596,2026-06-18T16:22:18.278850,0.000000,3.199160
1152.6606,2026-06-18T16:22:18.779805,0.000000,3.199656
1153.1535,2026-06-18T16:22:19.272714,0.000000,3.199892
1153.6466,2026-06-18T16:22:19.765840,0.000000,3.200096
1154.1503,2026-06-18T16:22:20.269553,0.000000,3.200388
1154.6596,2026-06-18T16:22:20.778839,0.000000,3.200172
1155.1670,2026-06-18T16:22:21.286173,0.000000,3.200272
1155.6477,2026-06-18T16:22:21.766903,0.000000,3.200428
1156.1493,2026-06-18T16:22:22.268545,0.000000,3.200388
1156.6453,2026-06-18T16:22:22.764474,0.000000,3.200552
1157.1443,2026-06-18T16:22:23.263487,0.000000,3.200648
1157.6338,2026-06-18T16:22:23.753029,0.000000,3.200712
1158.1342,2026-06-18T16:22:24.253382,0.000000,3.200848
1158.6286,2026-06-18T16:22:24.747825,0.000000,3.201156
1159.1210,2026-06-18T16:22:25.240182,0.000000,3.201872
1159.6544,2026-06-18T16:22:25.773613,0.000000,3.202344
1160.1361,2026-06-18T16:22:26.255306,0.000000,3.202860
1160.6408,2026-06-18T16:22:26.760055,0.000000,3.203148
1161.1343,2026-06-18T16:22:27.253563,0.000000,3.203264
1161.6616,2026-06-18T16:22:27.780802,0.000000,3.203316
1162.0944,2026-06-18T16:22:28.213609,0.000000,3.203304
1162.5693,2026-06-18T16:22:28.688501,0.000000,3.203292
1163.0245,2026-06-18T16:22:29.143754,0.000000,3.203164
1163.4858,2026-06-18T16:22:29.605052,0.000000,3.203644
1163.9687,2026-06-18T16:22:30.087903,0.000000,3.203964
1164.4664,2026-06-18T16:22:30.585611,0.000000,3.204696
1164.9681,2026-06-18T16:22:31.087299,0.000000,3.205296
1165.4668,2026-06-18T16:22:31.586006,0.000000,3.205584
1165.9219,2026-06-18T16:22:32.041087,0.000000,3.205940
1166.4208,2026-06-18T16:22:32.540008,0.000000,3.205816
1166.9029,2026-06-18T16:22:33.022071,0.000000,3.205592
1167.3832,2026-06-18T16:22:33.502392,0.000000,3.205408
1167.8612,2026-06-18T16:22:33.980458,0.000000,3.205264
1168.3598,2026-06-18T16:22:34.479039,0.000000,3.205292
1168.8629,2026-06-18T16:22:34.982093,0.000000,3.205596
1169.3422,2026-06-18T16:22:35.461401,0.000000,3.205836
1169.8359,2026-06-18T16:22:35.955155,0.000000,3.205972
1170.3238,2026-06-18T16:22:36.443043,0.000000,3.206248
1170.8280,2026-06-18T16:22:36.947180,0.000000,3.206268
1171.3105,2026-06-18T16:22:37.429689,0.000000,3.206256
1171.7820,2026-06-18T16:22:37.901212,0.000000,3.206192
1172.2603,2026-06-18T16:22:38.379469,0.000000,3.205976
1172.7617,2026-06-18T16:22:38.880865,0.000000,3.205948
1173.2548,2026-06-18T16:22:39.374014,0.000000,3.205988
1173.7670,2026-06-18T16:22:39.886215,0.000000,3.206172
1174.2571,2026-06-18T16:22:40.376356,0.000000,3.206104
1174.7451,2026-06-18T16:22:40.864322,0.000000,3.206000
1175.2414,2026-06-18T16:22:41.360653,0.000000,3.205888
1175.7370,2026-06-18T16:22:41.856261,0.000000,3.205824
1176.2327,2026-06-18T16:22:42.351914,0.000000,3.206436
1176.7366,2026-06-18T16:22:42.855778,0.000000,3.207000
1177.2283,2026-06-18T16:22:43.347553,0.000000,3.207252
1177.7027,2026-06-18T16:22:43.821908,0.000000,3.207364
1178.1967,2026-06-18T16:22:44.315903,0.000000,3.207112
1178.7005,2026-06-18T16:22:44.819738,0.000000,3.206908
1179.1862,2026-06-18T16:22:45.305392,0.000000,3.207080
1179.6756,2026-06-18T16:22:45.794864,0.000000,3.207496
1180.1684,2026-06-18T16:22:46.287640,0.000000,3.207876
1180.6602,2026-06-18T16:22:46.779394,0.000000,3.208048
1181.1522,2026-06-18T16:22:47.271390,0.000000,3.208212
1181.6389,2026-06-18T16:22:47.758094,0.000000,3.208276
1182.1552,2026-06-18T16:22:48.274398,0.000000,3.208192
1182.6536,2026-06-18T16:22:48.772839,0.000000,3.208292
1183.1524,2026-06-18T16:22:49.271603,0.000000,3.208440
1183.6516,2026-06-18T16:22:49.770846,0.000000,3.208580
1184.1531,2026-06-18T16:22:50.272326,0.000000,3.208824
1184.6434,2026-06-18T16:22:50.762585,0.000000,3.208956
1185.1470,2026-06-18T16:22:51.266221,0.000000,3.208996
1185.6705,2026-06-18T16:22:51.789682,0.000000,3.208940
1186.1774,2026-06-18T16:22:52.296667,0.000000,3.209040
1186.6780,2026-06-18T16:22:52.797201,0.000000,3.209200
1187.1737,2026-06-18T16:22:53.292896,0.000000,3.209716
1187.6648,2026-06-18T16:22:53.783990,0.000000,3.210436
1188.1698,2026-06-18T16:22:54.288999,0.000000,3.210600
1188.6620,2026-06-18T16:22:54.781236,0.000000,3.210936
1189.1856,2026-06-18T16:22:55.304794,0.000000,3.211048
1189.6699,2026-06-18T16:22:55.789068,0.000000,3.211276
1190.1627,2026-06-18T16:22:56.281872,0.000000,3.212092
1190.6288,2026-06-18T16:22:56.747975,0.000000,3.212636
1191.1245,2026-06-18T16:22:57.243710,0.000000,3.213116
1191.6161,2026-06-18T16:22:57.735315,0.000000,3.213108
1192.0995,2026-06-18T16:22:58.218743,0.000000,3.212856
1192.5827,2026-06-18T16:22:58.701908,0.000000,3.212624
1193.0715,2026-06-18T16:22:59.190678,0.000000,3.212176
1193.5866,2026-06-18T16:22:59.705820,0.000000,3.211972
1194.0930,2026-06-18T16:23:00.212188,0.000000,3.211844
1194.5823,2026-06-18T16:23:00.701505,0.000000,3.211620
1195.0739,2026-06-18T16:23:01.193125,0.000000,3.211828
1195.5641,2026-06-18T16:23:01.683343,0.000000,3.211924
1196.0615,2026-06-18T16:23:02.180703,0.000000,3.212072
1196.5439,2026-06-18T16:23:02.663106,0.000000,3.212296
1197.0268,2026-06-18T16:23:03.145968,0.000000,3.212336
1197.5199,2026-06-18T16:23:03.639139,0.000000,3.212344
1198.0429,2026-06-18T16:23:04.162118,0.000000,3.212536
1198.5517,2026-06-18T16:23:04.670879,0.000000,3.212636
1199.0402,2026-06-18T16:23:05.159379,0.000000,3.212528
1199.5344,2026-06-18T16:23:05.653567,0.000000,3.212628
1200.0366,2026-06-18T16:23:06.155825,0.000000,3.212496
1200.5358,2026-06-18T16:23:06.654998,0.000000,3.212788
1201.0359,2026-06-18T16:23:07.155136,0.000000,3.213036
1201.5514,2026-06-18T16:23:07.670619,0.000000,3.213252
1202.0494,2026-06-18T16:23:08.168622,0.000000,3.213432
1202.5484,2026-06-18T16:23:08.667569,0.000000,3.213552
1203.0203,2026-06-18T16:23:09.139510,0.000000,3.213860
1203.5109,2026-06-18T16:23:09.630118,0.000000,3.214036
1203.9980,2026-06-18T16:23:10.117191,0.000000,3.214340
1204.5048,2026-06-18T16:23:10.624055,0.000000,3.214308
1205.0001,2026-06-18T16:23:11.119268,0.000000,3.214016
1205.4858,2026-06-18T16:23:11.604980,0.000000,3.213748
1206.0040,2026-06-18T16:23:12.123236,0.000000,3.213928
1206.5197,2026-06-18T16:23:12.638906,0.000000,3.214488
1207.0073,2026-06-18T16:23:13.126539,0.000000,3.214772
1207.4898,2026-06-18T16:23:13.609047,0.000000,3.215232
1207.9933,2026-06-18T16:23:14.112523,0.000000,3.214984
1208.5177,2026-06-18T16:23:14.636937,0.000000,3.214640
1209.0114,2026-06-18T16:23:15.130642,0.000000,3.214380
1209.5031,2026-06-18T16:23:15.622303,0.000000,3.214208
1210.0086,2026-06-18T16:23:16.127794,0.000000,3.214148
1210.5062,2026-06-18T16:23:16.625423,0.000000,3.214208
1211.0069,2026-06-18T16:23:17.126101,0.000000,3.214580
1211.4976,2026-06-18T16:23:17.616818,0.000000,3.214556
1211.9709,2026-06-18T16:23:18.090134,0.000000,3.214856
1212.4740,2026-06-18T16:23:18.593196,0.000000,3.214848
1212.9748,2026-06-18T16:23:19.094042,0.000000,3.214544
1213.4922,2026-06-18T16:23:19.611401,0.000000,3.214592
1213.9871,2026-06-18T16:23:20.106285,0.000000,3.214144
1214.4796,2026-06-18T16:23:20.598795,0.000000,3.213676
1214.9816,2026-06-18T16:23:21.100845,0.000000,3.213532
1215.4830,2026-06-18T16:23:21.602201,0.000000,3.212804
1215.9852,2026-06-18T16:23:22.104391,0.000000,3.212808
1216.4644,2026-06-18T16:23:22.583636,0.000000,3.212684
1216.9386,2026-06-18T16:23:23.057861,0.000000,3.212744
1217.4341,2026-06-18T16:23:23.553265,0.000000,3.213268
1217.9100,2026-06-18T16:23:24.029186,0.000000,3.213180
1218.4056,2026-06-18T16:23:24.524822,0.000000,3.213264
1218.9082,2026-06-18T16:23:25.027412,0.000000,3.213384
1219.4041,2026-06-18T16:23:25.523301,0.000000,3.213572
1219.8972,2026-06-18T16:23:26.016460,0.000000,3.213780
1220.4243,2026-06-18T16:23:26.543500,0.000000,3.213640
1220.9253,2026-06-18T16:23:27.044479,0.000000,3.213196
1221.4321,2026-06-18T16:23:27.551317,0.000000,3.212676
1221.9096,2026-06-18T16:23:28.028837,0.000000,3.212296
1222.4122,2026-06-18T16:23:28.531382,0.000000,3.212676
1222.9080,2026-06-18T16:23:29.027183,0.000000,3.213156
1223.4038,2026-06-18T16:23:29.523058,0.000000,3.213668
1223.9187,2026-06-18T16:23:30.037884,0.000000,3.214172
1224.4175,2026-06-18T16:23:30.536683,0.000000,3.214136
1224.9165,2026-06-18T16:23:31.035728,0.000000,3.213792
1225.4233,2026-06-18T16:23:31.542482,0.000000,3.213316
1225.9165,2026-06-18T16:23:32.035717,0.000000,3.212760
1226.4176,2026-06-18T16:23:32.536856,0.000000,3.212820
1226.9146,2026-06-18T16:23:33.033847,0.000000,3.212752
1227.4371,2026-06-18T16:23:33.556338,0.000000,3.212896
1227.9359,2026-06-18T16:23:34.055147,0.000000,3.212784
1228.4351,2026-06-18T16:23:34.554318,0.000000,3.212372
1228.9328,2026-06-18T16:23:35.051986,0.000000,3.212280
1229.4352,2026-06-18T16:23:35.554444,0.000000,3.212320
1229.9325,2026-06-18T16:23:36.051708,0.000000,3.212440
1230.4246,2026-06-18T16:23:36.543810,0.000000,3.212480
1230.9400,2026-06-18T16:23:37.059172,0.000000,3.212472
1231.4445,2026-06-18T16:23:37.563766,0.000000,3.212232
1231.9431,2026-06-18T16:23:38.062319,0.000000,3.212368
1232.4175,2026-06-18T16:23:38.536681,0.000000,3.212240
1232.9204,2026-06-18T16:23:39.039577,0.000000,3.212304
1233.4203,2026-06-18T16:23:39.539517,0.000000,3.212356
1233.9270,2026-06-18T16:23:40.046242,0.000000,3.212176
1234.4255,2026-06-18T16:23:40.544678,0.000000,3.212320
1234.9185,2026-06-18T16:23:41.037691,0.000000,3.212164
1235.4055,2026-06-18T16:23:41.524689,0.000000,3.211864
1235.8754,2026-06-18T16:23:41.994654,0.000000,3.211564
1236.3652,2026-06-18T16:23:42.484403,0.000000,3.211268
1236.8522,2026-06-18T16:23:42.971391,0.000000,3.211008
1237.3536,2026-06-18T16:23:43.472866,0.000000,3.210900
1237.8557,2026-06-18T16:23:43.974879,0.000000,3.210876
1238.3673,2026-06-18T16:23:44.486527,0.000000,3.210452
1238.8643,2026-06-18T16:23:44.983491,0.000000,3.209956
1239.3370,2026-06-18T16:23:45.456163,0.000000,3.209376
1239.8375,2026-06-18T16:23:45.956676,0.000000,3.208864
1240.3229,2026-06-18T16:23:46.442139,0.000000,3.208620
1240.8219,2026-06-18T16:23:46.941102,0.000000,3.208924
1241.3201,2026-06-18T16:23:47.439309,0.000000,3.209404
1241.8219,2026-06-18T16:23:47.941165,0.000000,3.209932
1242.3521,2026-06-18T16:23:48.471320,0.000000,3.210312
1242.8299,2026-06-18T16:23:48.949092,0.000000,3.210344
1243.3274,2026-06-18T16:23:49.446610,0.000000,3.209828
1243.8216,2026-06-18T16:23:49.940824,0.000000,3.209492
1244.3098,2026-06-18T16:23:50.428988,0.000000,3.209040
1244.8008,2026-06-18T16:23:50.920032,0.000000,3.208620
1245.3039,2026-06-18T16:23:51.423108,0.000000,3.208820
1245.7993,2026-06-18T16:23:51.918503,0.000000,3.208404
1246.3040,2026-06-18T16:23:52.423172,0.000000,3.208280
1246.8430,2026-06-18T16:23:52.962231,0.000000,3.208300
1247.3463,2026-06-18T16:23:53.465560,0.000000,3.208068
1247.8414,2026-06-18T16:23:53.960595,0.000000,3.207988
1248.3395,2026-06-18T16:23:54.458743,0.000000,3.207992
1248.8356,2026-06-18T16:23:54.954848,0.000000,3.207584
1249.3320,2026-06-18T16:23:55.451205,0.000000,3.207124
1249.8202,2026-06-18T16:23:55.939442,0.000000,3.207040
1250.3603,2026-06-18T16:23:56.479572,0.000000,3.206464
1250.8624,2026-06-18T16:23:56.981593,0.000000,3.206212
1251.3592,2026-06-18T16:23:57.478397,0.000000,3.205892
1251.8582,2026-06-18T16:23:57.977418,0.000000,3.205380
1252.3559,2026-06-18T16:23:58.475086,0.000000,3.205664
1252.8513,2026-06-18T16:23:58.970524,0.000000,3.205736
1253.3791,2026-06-18T16:23:59.498331,0.000000,3.205832
1253.8743,2026-06-18T16:23:59.993523,0.000000,3.206128
1254.3771,2026-06-18T16:24:00.496281,0.000000,3.205880
1254.8741,2026-06-18T16:24:00.993300,0.000000,3.205500
1255.3784,2026-06-18T16:24:01.497589,0.000000,3.205268
1255.8736,2026-06-18T16:24:01.992783,0.000000,3.204828
1256.3774,2026-06-18T16:24:02.496601,0.000000,3.204576
1256.8651,2026-06-18T16:24:02.984325,0.000000,3.204780
1257.3550,2026-06-18T16:24:03.474225,0.000000,3.204856
1257.8578,2026-06-18T16:24:03.977054,0.000000,3.204920
1258.3491,2026-06-18T16:24:04.468316,0.000000,3.204604
1258.8513,2026-06-18T16:24:04.970527,0.000000,3.204032
1259.3539,2026-06-18T16:24:05.473157,0.000000,3.203508
1259.8546,2026-06-18T16:24:05.973799,0.000000,3.203080
1260.3782,2026-06-18T16:24:06.497440,0.000000,3.203068
1260.8718,2026-06-18T16:24:06.991063,0.000000,3.203260
1261.3550,2026-06-18T16:24:07.474157,0.000000,3.203092
1261.8539,2026-06-18T16:24:07.973151,0.000000,3.203140
1262.3524,2026-06-18T16:24:08.471575,0.000000,3.203016
1262.8423,2026-06-18T16:24:08.961525,0.000000,3.202472
1263.3268,2026-06-18T16:24:09.446030,0.000000,3.202080
1263.8107,2026-06-18T16:24:09.929917,0.000000,3.201536
1264.3046,2026-06-18T16:24:10.423787,0.000000,3.200864
1264.8216,2026-06-18T16:24:10.940812,0.000000,3.200616
1265.3151,2026-06-18T16:24:11.434269,0.000000,3.200480
1265.8159,2026-06-18T16:24:11.935118,0.000000,3.200620
1266.2918,2026-06-18T16:24:12.411043,0.000000,3.200684
1266.7966,2026-06-18T16:24:12.915858,0.000000,3.200568
1267.3199,2026-06-18T16:24:13.439113,0.000000,3.200324
1267.8243,2026-06-18T16:24:13.943556,0.000000,3.200040
1268.3223,2026-06-18T16:24:14.441510,0.000000,3.199960
1268.8116,2026-06-18T16:24:14.930794,0.000000,3.199656
1269.3032,2026-06-18T16:24:15.422394,0.000000,3.199508
1269.8030,2026-06-18T16:24:15.922237,0.000000,3.199292
1270.3079,2026-06-18T16:24:16.427098,0.000000,3.199108
1270.8032,2026-06-18T16:24:16.922371,0.000000,3.198892
1271.3287,2026-06-18T16:24:17.447924,0.000000,3.198628
1271.8281,2026-06-18T16:24:17.947326,0.000000,3.198352
1272.3282,2026-06-18T16:24:18.447383,0.000000,3.198376
1272.8240,2026-06-18T16:24:18.943241,0.000000,3.198476
1273.3198,2026-06-18T16:24:19.438965,0.000000,3.198240
1273.8542,2026-06-18T16:24:19.973444,0.000000,3.197948
1274.3471,2026-06-18T16:24:20.466292,0.000000,3.197532
1274.8369,2026-06-18T16:24:20.956124,0.000000,3.197060
1275.3261,2026-06-18T16:24:21.445301,0.000000,3.196872
1275.8277,2026-06-18T16:24:21.946910,0.000000,3.196932
1276.3242,2026-06-18T16:24:22.443389,0.000000,3.196568
1276.8228,2026-06-18T16:24:22.941990,0.000000,3.196248
1277.3513,2026-06-18T16:24:23.470546,0.000000,3.195772
1277.8370,2026-06-18T16:24:23.956243,0.000000,3.194900
1278.3076,2026-06-18T16:24:24.426811,0.000000,3.194400
1278.7846,2026-06-18T16:24:24.903836,0.000000,3.193860
1279.2549,2026-06-18T16:24:25.374089,0.000000,3.193036
1279.7449,2026-06-18T16:24:25.864102,0.000000,3.192192
1280.2518,2026-06-18T16:24:26.370987,0.000000,3.191188
1280.7461,2026-06-18T16:24:26.865303,0.000000,3.190312
1281.2148,2026-06-18T16:24:27.334021,0.000000,3.190036
1281.7072,2026-06-18T16:24:27.826391,0.000000,3.189876
1282.1785,2026-06-18T16:24:28.297733,0.000000,3.189684
1282.6589,2026-06-18T16:24:28.778100,0.000000,3.189488
1283.1503,2026-06-18T16:24:29.269565,0.000000,3.189260
1283.6759,2026-06-18T16:24:29.795125,0.000000,3.189172
1284.1545,2026-06-18T16:24:30.273674,0.000000,3.188872
1284.6456,2026-06-18T16:24:30.764847,0.000000,3.188752
1285.1467,2026-06-18T16:24:31.265889,0.000000,3.188316
1285.6566,2026-06-18T16:24:31.775808,0.000000,3.187876
1286.1376,2026-06-18T16:24:32.256775,0.000000,3.187508
1286.6377,2026-06-18T16:24:32.756914,0.000000,3.186688
1287.1554,2026-06-18T16:24:33.274592,0.000000,3.186212
1287.6572,2026-06-18T16:24:33.776440,0.000000,3.185516
1288.1526,2026-06-18T16:24:34.271769,0.000000,3.185056
1288.6571,2026-06-18T16:24:34.776337,0.000000,3.185096
1289.1471,2026-06-18T16:24:35.266270,0.000000,3.184292
1289.6304,2026-06-18T16:24:35.749658,0.000000,3.183736
1290.1194,2026-06-18T16:24:36.238569,0.000000,3.183356
1290.6038,2026-06-18T16:24:36.723025,0.000000,3.182556
1291.0728,2026-06-18T16:24:37.192067,0.000000,3.182412
1291.5779,2026-06-18T16:24:37.697127,0.000000,3.182564
1292.0755,2026-06-18T16:24:38.194674,0.000000,3.182380
1292.5728,2026-06-18T16:24:38.692032,0.000000,3.182240
1293.0378,2026-06-18T16:24:39.156974,0.000000,3.181896
1293.5390,2026-06-18T16:24:39.658207,0.000000,3.181492
1294.0158,2026-06-18T16:24:40.134990,0.000000,3.180988
1294.5058,2026-06-18T16:24:40.624955,0.000000,3.180744
1294.9655,2026-06-18T16:24:41.084730,0.000000,3.180520
1295.4579,2026-06-18T16:24:41.577097,0.000000,3.180432
1295.9536,2026-06-18T16:24:42.072797,0.000000,3.180300
1296.4491,2026-06-18T16:24:42.568299,0.000000,3.180216
1296.9605,2026-06-18T16:24:43.079723,0.000000,3.180316
1297.4562,2026-06-18T16:24:43.575406,0.000000,3.179916
1297.9606,2026-06-18T16:24:44.079839,0.000000,3.179804
1298.4614,2026-06-18T16:24:44.580597,0.000000,3.179488
1298.9614,2026-06-18T16:24:45.080576,0.000000,3.179052
1299.4553,2026-06-18T16:24:45.574478,0.000000,3.178856
1299.9507,2026-06-18T16:24:46.069885,0.000000,3.178684
1300.4680,2026-06-18T16:24:46.587205,0.000000,3.178684
1300.9689,2026-06-18T16:24:47.088160,0.000000,3.178464
1301.4700,2026-06-18T16:24:47.589258,0.000000,3.178144
1301.9685,2026-06-18T16:24:48.087670,0.000000,3.177608
1302.4628,2026-06-18T16:24:48.581971,0.000000,3.177088
1302.9635,2026-06-18T16:24:49.082713,0.000000,3.177004
1303.4506,2026-06-18T16:24:49.569791,0.000000,3.176572
1303.9502,2026-06-18T16:24:50.069447,0.000000,3.176316
1304.4671,2026-06-18T16:24:50.586267,0.000000,3.175804
1304.9653,2026-06-18T16:24:51.084534,0.000000,3.174984
1305.4665,2026-06-18T16:24:51.585741,0.000000,3.174264
1305.9666,2026-06-18T16:24:52.085839,0.000000,3.173332
1306.4489,2026-06-18T16:24:52.568076,0.000000,3.172412
1306.9494,2026-06-18T16:24:53.068650,0.000000,3.171276
1307.4531,2026-06-18T16:24:53.572333,0.000000,3.170440
1307.9531,2026-06-18T16:24:54.072278,0.000000,3.169936
1308.4191,2026-06-18T16:24:54.538271,0.000000,3.169312
1308.9096,2026-06-18T16:24:55.028857,0.000000,3.168832
1309.4049,2026-06-18T16:24:55.524152,0.000000,3.168040
1309.9029,2026-06-18T16:24:56.022103,0.000000,3.167256
1310.3935,2026-06-18T16:24:56.512685,0.000000,3.166520
1310.8880,2026-06-18T16:24:57.007191,0.000000,3.166476
1311.4034,2026-06-18T16:24:57.522590,0.000000,3.166324
1311.8945,2026-06-18T16:24:58.013738,0.000000,3.165996
1312.3677,2026-06-18T16:24:58.486867,0.000000,3.165864
1312.8654,2026-06-18T16:24:58.984576,0.000000,3.165500
1313.3663,2026-06-18T16:24:59.485539,0.000000,3.165268
1313.8547,2026-06-18T16:24:59.973963,0.000000,3.164844
1314.3513,2026-06-18T16:25:00.470560,0.000000,3.164284
1314.8486,2026-06-18T16:25:00.967813,0.000000,3.163716
1315.3549,2026-06-18T16:25:01.474077,0.000000,3.163028
1315.8418,2026-06-18T16:25:01.961051,0.000000,3.162564
1316.3182,2026-06-18T16:25:02.437372,0.000000,3.162164
1316.8195,2026-06-18T16:25:02.938722,0.000000,3.161544
1317.2890,2026-06-18T16:25:03.408242,0.000000,3.161364
1317.7918,2026-06-18T16:25:03.911066,0.000000,3.161308
1318.2925,2026-06-18T16:25:04.411758,0.000000,3.161244
1318.7847,2026-06-18T16:25:04.903949,0.000000,3.161148
1319.2729,2026-06-18T16:25:05.392155,0.000000,3.160788
1319.7984,2026-06-18T16:25:05.917583,0.000000,3.160264
1320.2864,2026-06-18T16:25:06.405597,0.000000,3.159532
1320.7809,2026-06-18T16:25:06.900149,0.000000,3.158628
1321.2727,2026-06-18T16:25:07.391955,0.000000,3.157552
1321.7594,2026-06-18T16:25:07.878651,0.000000,3.156720
1322.2525,2026-06-18T16:25:08.371747,0.000000,3.155580
1322.7525,2026-06-18T16:25:08.871666,0.000000,3.154640
1323.2499,2026-06-18T16:25:09.369088,0.000000,3.154076
1323.7710,2026-06-18T16:25:09.890233,0.000000,3.153140
1324.2696,2026-06-18T16:25:10.388819,0.000000,3.153008
1324.7651,2026-06-18T16:25:10.884356,0.000000,3.152540
1325.2660,2026-06-18T16:25:11.385215,0.000000,3.151628
1325.7678,2026-06-18T16:25:11.887049,0.000000,3.150792
1326.2595,2026-06-18T16:25:12.378752,0.000000,3.149676
1326.7585,2026-06-18T16:25:12.877757,0.000000,3.149200
1327.2575,2026-06-18T16:25:13.376717,0.000000,3.148792
1327.7822,2026-06-18T16:25:13.901416,0.000000,3.148060
1328.2769,2026-06-18T16:25:14.396137,0.000000,3.147232
1328.7848,2026-06-18T16:25:14.903993,0.000000,3.146552
1329.2821,2026-06-18T16:25:15.401339,0.000000,3.146212
1329.7829,2026-06-18T16:25:15.902095,0.000000,3.145980
1330.2776,2026-06-18T16:25:16.396835,0.000000,3.145348
1330.7589,2026-06-18T16:25:16.878082,0.000000,3.144652
1331.2549,2026-06-18T16:25:17.374100,0.000000,3.143760
1331.7850,2026-06-18T16:25:17.904247,0.000000,3.143328
1332.2610,2026-06-18T16:25:18.380186,0.000000,3.143016
1332.7650,2026-06-18T16:25:18.884200,0.000000,3.142704
1333.2700,2026-06-18T16:25:19.389233,0.000000,3.142308
1333.7697,2026-06-18T16:25:19.888884,0.000000,3.141792
1334.2802,2026-06-18T16:25:20.399391,0.000000,3.141328
1334.7793,2026-06-18T16:25:20.898553,0.000000,3.140584
1335.2823,2026-06-18T16:25:21.401502,0.000000,3.139888
1335.7789,2026-06-18T16:25:21.898121,0.000000,3.139256
1336.2878,2026-06-18T16:25:22.407044,0.000000,3.138612
1336.7782,2026-06-18T16:25:22.897414,0.000000,3.138156
1337.2789,2026-06-18T16:25:23.398094,0.000000,3.137296
1337.8169,2026-06-18T16:25:23.936069,0.000000,3.136500
1338.3201,2026-06-18T16:25:24.439264,0.000000,3.135680
1338.8132,2026-06-18T16:25:24.932411,0.000000,3.134560
1339.2918,2026-06-18T16:25:25.411028,0.000000,3.133552
1339.7863,2026-06-18T16:25:25.905527,0.000000,3.132628
1340.2846,2026-06-18T16:25:26.403775,0.000000,3.131672
1340.7681,2026-06-18T16:25:26.887337,0.000000,3.131148
1341.2948,2026-06-18T16:25:27.413967,0.000000,3.131192
1341.7748,2026-06-18T16:25:27.893984,0.000000,3.131052
1342.2722,2026-06-18T16:25:28.391368,0.000000,3.130540
1342.7610,2026-06-18T16:25:28.880254,0.000000,3.129800
1343.2541,2026-06-18T16:25:29.373315,0.000000,3.128680
1343.7520,2026-06-18T16:25:29.871194,0.000000,3.127828
1344.2449,2026-06-18T16:25:30.364079,0.000000,3.127140
1344.7199,2026-06-18T16:25:30.839084,0.000000,3.126928
1345.2150,2026-06-18T16:25:31.334210,0.000000,3.126632
1345.7192,2026-06-18T16:25:31.838446,0.000000,3.126324
1346.2408,2026-06-18T16:25:32.360014,0.000000,3.125836
1346.7418,2026-06-18T16:25:32.861041,0.000000,3.125156
1347.2409,2026-06-18T16:25:33.360145,0.000000,3.124556
1347.7361,2026-06-18T16:25:33.855285,0.000000,3.123724
1348.2650,2026-06-18T16:25:34.384247,0.000000,3.123288
1348.7642,2026-06-18T16:25:34.883390,0.000000,3.123016
1349.2653,2026-06-18T16:25:35.384503,0.000000,3.122500
1349.7620,2026-06-18T16:25:35.881246,0.000000,3.122108
1350.2620,2026-06-18T16:25:36.381240,0.000000,3.121460
1350.7621,2026-06-18T16:25:36.881331,0.000000,3.120732
1351.2544,2026-06-18T16:25:37.373637,0.000000,3.120372
1351.7873,2026-06-18T16:25:37.906488,0.000000,3.120032
1352.3001,2026-06-18T16:25:38.419291,0.000000,3.119552
1352.8004,2026-06-18T16:25:38.919621,0.000000,3.118880
1353.2942,2026-06-18T16:25:39.413423,0.000000,3.118000
1353.8039,2026-06-18T16:25:39.923150,0.000000,3.117384
1354.2954,2026-06-18T16:25:40.414573,0.000000,3.116580
1354.7876,2026-06-18T16:25:40.906836,0.000000,3.115872
1355.3193,2026-06-18T16:25:41.438476,0.000000,3.114920
1355.8193,2026-06-18T16:25:41.938532,0.000000,3.113432
1356.3003,2026-06-18T16:25:42.419506,0.000000,3.112172
1356.8012,2026-06-18T16:25:42.920389,0.000000,3.110692
1357.2825,2026-06-18T16:25:43.401664,0.000000,3.109376
1357.7732,2026-06-18T16:25:43.892364,0.000000,3.108192
1358.2717,2026-06-18T16:25:44.390955,0.000000,3.106928
1358.7667,2026-06-18T16:25:44.885880,0.000000,3.106228
1359.3050,2026-06-18T16:25:45.424220,0.000000,3.105420
1359.8001,2026-06-18T16:25:45.919327,0.000000,3.104792
1360.2661,2026-06-18T16:25:46.385311,0.000000,3.104448
1360.7649,2026-06-18T16:25:46.884083,0.000000,3.104600
1361.2708,2026-06-18T16:25:47.389985,0.000000,3.105168
1361.7586,2026-06-18T16:25:47.877778,0.000000,3.105560
1362.2519,2026-06-18T16:25:48.371068,0.000000,3.105820
1362.7448,2026-06-18T16:25:48.863977,0.000000,3.105184
1363.2683,2026-06-18T16:25:49.387515,0.000000,3.104336
1363.7568,2026-06-18T16:25:49.876017,0.000000,3.103556
1364.2541,2026-06-18T16:25:50.373327,0.000000,3.102920
1364.7499,2026-06-18T16:25:50.869153,0.000000,3.102492
1365.2455,2026-06-18T16:25:51.364709,0.000000,3.102104
1365.7399,2026-06-18T16:25:51.859158,0.000000,3.101632
1366.2402,2026-06-18T16:25:52.359380,0.000000,3.100832
1366.7493,2026-06-18T16:25:52.868553,0.000000,3.099756
1367.2139,2026-06-18T16:25:53.333145,0.000000,3.098600
1367.7028,2026-06-18T16:25:53.822013,0.000000,3.097764
1368.1934,2026-06-18T16:25:54.312661,0.000000,3.096704
1368.6913,2026-06-18T16:25:54.810555,0.000000,3.096084
1369.1900,2026-06-18T16:25:55.309256,0.000000,3.095576
1369.6942,2026-06-18T16:25:55.813462,0.000000,3.094840
1370.1960,2026-06-18T16:25:56.315222,0.000000,3.094444
1370.7241,2026-06-18T16:25:56.843289,0.000000,3.094032
1371.2212,2026-06-18T16:25:57.340413,0.000000,3.093672
1371.7108,2026-06-18T16:25:57.830057,0.000000,3.093324
1372.2093,2026-06-18T16:25:58.328528,0.000000,3.092376
1372.7113,2026-06-18T16:25:58.830524,0.000000,3.090948
1373.1970,2026-06-18T16:25:59.316194,0.000000,3.089492
1373.7042,2026-06-18T16:25:59.823378,0.000000,3.088312
1374.2255,2026-06-18T16:26:00.344678,0.000000,3.087448
1374.7287,2026-06-18T16:26:00.847878,0.000000,3.086536
1375.2272,2026-06-18T16:26:01.346369,0.000000,3.085712
1375.7151,2026-06-18T16:26:01.834350,0.000000,3.084692
1376.2126,2026-06-18T16:26:02.331808,0.000000,3.083568
1376.7022,2026-06-18T16:26:02.821409,0.000000,3.082856
1377.1990,2026-06-18T16:26:03.318188,0.000000,3.082148
1377.7282,2026-06-18T16:26:03.847409,0.000000,3.081664
1378.2203,2026-06-18T16:26:04.339546,0.000000,3.081420
1378.7202,2026-06-18T16:26:04.839424,0.000000,3.081204
1379.2216,2026-06-18T16:26:05.340807,0.000000,3.080764
1379.7158,2026-06-18T16:26:05.835091,0.000000,3.080112
1380.2194,2026-06-18T16:26:06.338603,0.000000,3.079552
1380.7214,2026-06-18T16:26:06.840643,0.000000,3.078900
1381.2370,2026-06-18T16:26:07.356217,0.000000,3.078424
1381.7421,2026-06-18T16:26:07.861285,0.000000,3.077844
1382.2391,2026-06-18T16:26:08.358297,0.000000,3.076876
1382.7222,2026-06-18T16:26:08.841414,0.000000,3.075912
1383.1975,2026-06-18T16:26:09.316742,0.000000,3.074776
1383.6888,2026-06-18T16:26:09.808027,0.000000,3.073960
1384.1875,2026-06-18T16:26:10.306675,0.000000,3.073240
1384.6819,2026-06-18T16:26:10.801120,0.000000,3.072656
1385.2086,2026-06-18T16:26:11.327851,0.000000,3.071672
1385.7098,2026-06-18T16:26:11.829034,0.000000,3.070656
1386.2206,2026-06-18T16:26:12.339829,0.000000,3.069736
1386.7169,2026-06-18T16:26:12.836081,0.000000,3.068704
1387.1995,2026-06-18T16:26:13.318693,0.000000,3.067640
1387.7012,2026-06-18T16:26:13.820393,0.000000,3.066872
1388.2292,2026-06-18T16:26:14.348398,0.000000,3.065732
1388.7189,2026-06-18T16:26:14.838068,0.000000,3.064884
1389.2188,2026-06-18T16:26:15.338048,0.000000,3.064480
1389.7145,2026-06-18T16:26:15.833721,0.000000,3.063952
1390.1967,2026-06-18T16:26:16.315866,0.000000,3.063464
1390.6928,2026-06-18T16:26:16.811976,0.000000,3.062784
1391.1816,2026-06-18T16:26:17.300765,0.000000,3.062120
1391.6766,2026-06-18T16:26:17.795861,0.000000,3.061336
1392.1546,2026-06-18T16:26:18.273842,0.000000,3.060876
1392.6736,2026-06-18T16:26:18.792810,0.000000,3.060184
1393.1645,2026-06-18T16:26:19.283748,0.000000,3.059512
1393.6605,2026-06-18T16:26:19.779754,0.000000,3.058596
1394.1528,2026-06-18T16:26:20.272016,0.000000,3.057452
1394.6532,2026-06-18T16:26:20.772400,0.000000,3.056424
1395.1730,2026-06-18T16:26:21.292205,0.000000,3.054888
1395.6598,2026-06-18T16:26:21.778981,0.000000,3.053484
1396.1605,2026-06-18T16:26:22.279686,0.000000,3.052208
1396.6447,2026-06-18T16:26:22.763948,0.000000,3.051124
1397.1373,2026-06-18T16:26:23.256550,0.000000,3.050476
1397.6435,2026-06-18T16:26:23.762732,0.000000,3.049500
1398.1336,2026-06-18T16:26:24.252839,0.000000,3.048700
1398.6591,2026-06-18T16:26:24.778324,0.000000,3.047616
1399.1533,2026-06-18T16:26:25.272471,0.000000,3.046460
1399.6355,2026-06-18T16:26:25.754759,0.000000,3.045708
1400.1082,2026-06-18T16:26:26.227423,0.000000,3.044996
1400.5793,2026-06-18T16:26:26.698477,0.000000,3.044376
1401.0773,2026-06-18T16:26:27.196485,0.000000,3.043788
1401.5676,2026-06-18T16:26:27.686774,0.000000,3.042912
1402.0261,2026-06-18T16:26:28.145367,0.000000,3.041728
1402.4919,2026-06-18T16:26:28.611108,0.000000,3.040852
1402.9912,2026-06-18T16:26:29.110436,0.000000,3.039540
1403.4896,2026-06-18T16:26:29.608812,0.000000,3.038696
1403.9569,2026-06-18T16:26:30.076075,0.000000,3.038060
1404.4564,2026-06-18T16:26:30.575601,0.000000,3.036988
1404.9607,2026-06-18T16:26:31.079867,0.000000,3.036436
1405.4509,2026-06-18T16:26:31.570154,0.000000,3.035472
1405.9563,2026-06-18T16:26:32.075484,0.000000,3.034176
1406.4511,2026-06-18T16:26:32.570319,0.000000,3.033264
1406.9517,2026-06-18T16:26:33.070948,0.000000,3.032356
1407.4082,2026-06-18T16:26:33.527370,0.000000,3.031900
1407.9156,2026-06-18T16:26:34.034824,0.000000,3.031088
1408.4167,2026-06-18T16:26:34.535963,0.000000,3.030292
1408.9399,2026-06-18T16:26:35.059115,0.000000,3.029444
1409.3888,2026-06-18T16:26:35.508045,0.000000,3.028068
1409.8953,2026-06-18T16:26:36.014556,0.000000,3.027228
1410.3934,2026-06-18T16:26:36.512643,0.000000,3.026480
1410.8936,2026-06-18T16:26:37.012826,0.000000,3.025544
1411.3894,2026-06-18T16:26:37.508659,0.000000,3.024504
1411.8898,2026-06-18T16:26:38.009025,0.000000,3.023652
1412.3824,2026-06-18T16:26:38.501633,0.000000,3.022316
1412.9071,2026-06-18T16:26:39.026321,0.000000,3.020916
1413.4061,2026-06-18T16:26:39.525287,0.000000,3.019640
1413.9037,2026-06-18T16:26:40.022932,0.000000,3.018704
1414.3991,2026-06-18T16:26:40.518359,0.000000,3.018048
1414.8982,2026-06-18T16:26:41.017446,0.000000,3.017688
1415.4010,2026-06-18T16:26:41.520217,0.000000,3.017132
1415.8978,2026-06-18T16:26:42.017013,0.000000,3.016328
1416.3978,2026-06-18T16:26:42.517018,0.000000,3.015456
1416.9007,2026-06-18T16:26:43.019910,0.000000,3.014780
1417.4149,2026-06-18T16:26:43.534147,0.000000,3.013788
1417.8584,2026-06-18T16:26:43.977626,0.000000,3.012936
1418.3603,2026-06-18T16:26:44.479479,0.000000,3.012024
1418.8508,2026-06-18T16:26:44.969996,0.000000,3.010764
1419.3541,2026-06-18T16:26:45.473315,0.000000,3.009756
1419.8172,2026-06-18T16:26:45.936406,0.000000,3.008840
1420.3074,2026-06-18T16:26:46.426576,0.000000,3.008052
1420.8301,2026-06-18T16:26:46.949342,0.000000,3.007204
1421.3094,2026-06-18T16:26:47.428662,0.000000,3.006248
1421.8020,2026-06-18T16:26:47.921251,0.000000,3.005484
1422.3119,2026-06-18T16:26:48.431115,0.000000,3.004668
1422.7858,2026-06-18T16:26:48.905012,0.000000,3.004128
1423.2677,2026-06-18T16:26:49.386906,0.000000,3.003492
1423.7656,2026-06-18T16:26:49.884782,0.000000,3.002792
1424.2603,2026-06-18T16:26:50.379477,0.000000,3.001840
1424.7601,2026-06-18T16:26:50.879357,0.000000,3.000832
1425.2499,2026-06-18T16:26:51.369157,0.000000,3.000020
1425.7321,2026-06-18T16:26:51.851265,0.000000,2.999080
1426.2325,2026-06-18T16:26:52.351679,0.000000,2.998232
1426.7361,2026-06-18T16:26:52.855305,0.000000,2.997172
1427.2353,2026-06-18T16:26:53.354563,0.000000,2.996212
1427.7392,2026-06-18T16:26:53.858404,0.000000,2.995180
1428.2311,2026-06-18T16:26:54.350267,0.000000,2.994536
1428.7285,2026-06-18T16:26:54.847745,0.000000,2.994048
1429.2409,2026-06-18T16:26:55.360139,0.000000,2.993300
1429.7390,2026-06-18T16:26:55.858185,0.000000,2.992840
1430.2104,2026-06-18T16:26:56.329613,0.000000,2.991956
1430.6868,2026-06-18T16:26:56.805998,0.000000,2.991156
1431.1555,2026-06-18T16:26:57.274734,0.000000,2.990064
1431.6510,2026-06-18T16:26:57.770221,0.000000,2.989196
1432.1576,2026-06-18T16:26:58.276810,0.000000,2.988432
1432.6546,2026-06-18T16:26:58.773840,0.000000,2.987644
1433.1551,2026-06-18T16:26:59.274333,0.000000,2.987256
1433.6579,2026-06-18T16:26:59.777142,0.000000,2.987004
1434.1609,2026-06-18T16:27:00.280143,0.000000,2.986672
1434.6605,2026-06-18T16:27:00.779720,0.000000,2.986096
1435.1544,2026-06-18T16:27:01.273622,0.000000,2.985024
1435.6636,2026-06-18T16:27:01.782822,0.000000,2.983368
1436.1609,2026-06-18T16:27:02.280144,0.000000,2.981692
1436.6567,2026-06-18T16:27:02.775913,0.000000,2.980020
1437.1652,2026-06-18T16:27:03.284368,0.000000,2.978836
1437.6708,2026-06-18T16:27:03.789974,0.000000,2.978160
1438.1660,2026-06-18T16:27:04.285179,0.000000,2.977412
1438.6623,2026-06-18T16:27:04.781545,0.000000,2.976892
1439.1683,2026-06-18T16:27:05.287523,0.000000,2.976392
1439.6608,2026-06-18T16:27:05.780061,0.000000,2.975520
1440.1583,2026-06-18T16:27:06.277463,0.000000,2.974888
1440.6519,2026-06-18T16:27:06.771082,0.000000,2.974016
1441.1718,2026-06-18T16:27:07.290966,0.000000,2.972792
1441.6660,2026-06-18T16:27:07.785169,0.000000,2.971912
1442.1643,2026-06-18T16:27:08.283521,0.000000,2.970540
1442.6569,2026-06-18T16:27:08.776086,0.000000,2.969268
1443.1410,2026-06-18T16:27:09.260245,0.000000,2.968484
1443.6286,2026-06-18T16:27:09.747835,0.000000,2.967412
1444.1293,2026-06-18T16:27:10.248483,0.000000,2.966468
1444.6520,2026-06-18T16:27:10.771181,0.000000,2.965764
1445.1602,2026-06-18T16:27:11.279436,0.000000,2.964692
1445.6520,2026-06-18T16:27:11.771202,0.000000,2.963536
1446.1536,2026-06-18T16:27:12.272847,0.000000,2.962288
1446.6350,2026-06-18T16:27:12.754227,0.000000,2.961312
1447.1268,2026-06-18T16:27:13.245969,0.000000,2.960292
1447.6201,2026-06-18T16:27:13.739290,0.000000,2.959564
1448.1503,2026-06-18T16:27:14.269531,0.000000,2.958948
1448.6448,2026-06-18T16:27:14.764001,0.000000,2.957956
1449.1316,2026-06-18T16:27:15.250832,0.000000,2.956824
1449.6300,2026-06-18T16:27:15.749225,0.000000,2.955712
1450.1244,2026-06-18T16:27:16.243625,0.000000,2.954628
1450.6181,2026-06-18T16:27:16.737303,0.000000,2.953632
1451.1104,2026-06-18T16:27:17.229607,0.000000,2.952384
1451.6045,2026-06-18T16:27:17.723672,0.000000,2.951172
1452.1332,2026-06-18T16:27:18.252430,0.000000,2.949888
1452.6314,2026-06-18T16:27:18.750555,0.000000,2.948412
1453.1308,2026-06-18T16:27:19.250062,0.000000,2.947540
1453.6377,2026-06-18T16:27:19.756905,0.000000,2.946736
1454.1309,2026-06-18T16:27:20.250136,0.000000,2.945816
1454.6277,2026-06-18T16:27:20.746951,0.000000,2.945208
1455.1189,2026-06-18T16:27:21.238126,0.000000,2.944332
1455.6528,2026-06-18T16:27:21.771996,0.000000,2.943352
1456.1475,2026-06-18T16:27:22.266704,0.000000,2.942484
1456.6534,2026-06-18T16:27:22.772576,0.000000,2.941356
1457.1538,2026-06-18T16:27:23.273054,0.000000,2.940416
1457.6540,2026-06-18T16:27:23.773229,0.000000,2.939412
1458.1746,2026-06-18T16:27:24.293842,0.000000,2.938492
1458.6762,2026-06-18T16:27:24.795390,0.000000,2.937316
1459.1769,2026-06-18T16:27:25.296142,0.000000,2.936360
1459.6810,2026-06-18T16:27:25.800196,0.000000,2.935228
1460.1785,2026-06-18T16:27:26.297667,0.000000,2.933924
1460.6821,2026-06-18T16:27:26.801296,0.000000,2.932688
1461.2010,2026-06-18T16:27:27.320184,0.000000,2.930936
1461.7018,2026-06-18T16:27:27.821017,0.000000,2.929472
1462.1684,2026-06-18T16:27:28.287614,0.000000,2.927956
1462.6464,2026-06-18T16:27:28.765576,0.000000,2.927104
1463.1348,2026-06-18T16:27:29.254022,0.000000,2.926388
1463.6301,2026-06-18T16:27:29.749340,0.000000,2.925568
1464.1350,2026-06-18T16:27:30.254248,0.000000,2.924500
1464.6334,2026-06-18T16:27:30.752644,0.000000,2.923116
1465.1380,2026-06-18T16:27:31.257204,0.000000,2.922232
1465.6481,2026-06-18T16:27:31.767312,0.000000,2.921304
1466.1633,2026-06-18T16:27:32.282481,0.000000,2.920516
1466.6348,2026-06-18T16:27:32.754060,0.000000,2.919720
1467.1401,2026-06-18T16:27:33.259326,0.000000,2.918500
1467.6359,2026-06-18T16:27:33.755115,0.000000,2.917224
1468.1351,2026-06-18T16:27:34.254363,0.000000,2.916092
1468.6299,2026-06-18T16:27:34.749101,0.000000,2.915064
1469.1326,2026-06-18T16:27:35.251776,0.000000,2.913864
1469.6329,2026-06-18T16:27:35.752156,0.000000,2.912676
1470.1311,2026-06-18T16:27:36.250353,0.000000,2.911284
1470.6125,2026-06-18T16:27:36.731726,0.000000,2.910052
1471.1158,2026-06-18T16:27:37.235058,0.000000,2.909184
1471.6225,2026-06-18T16:27:37.741689,0.000000,2.908384
1472.1201,2026-06-18T16:27:38.239358,0.000000,2.907460
1472.6202,2026-06-18T16:27:38.739449,0.000000,2.906384
1473.1621,2026-06-18T16:27:39.281288,0.000000,2.904828
1473.6616,2026-06-18T16:27:39.780817,0.000000,2.903352
1474.1509,2026-06-18T16:27:40.270123,0.000000,2.902412
1474.6536,2026-06-18T16:27:40.772799,0.000000,2.901008
1475.1600,2026-06-18T16:27:41.279178,0.000000,2.900096
1475.6531,2026-06-18T16:27:41.772320,0.000000,2.898844
1476.1516,2026-06-18T16:27:42.270801,0.000000,2.897552
1476.6537,2026-06-18T16:27:42.772873,0.000000,2.896588
1477.1583,2026-06-18T16:27:43.277565,0.000000,2.895456
1477.6605,2026-06-18T16:27:43.779691,0.000000,2.894452
1478.1551,2026-06-18T16:27:44.274321,0.000000,2.893340
1478.6531,2026-06-18T16:27:44.772307,0.000000,2.891972
1479.1506,2026-06-18T16:27:45.269787,0.000000,2.890816
1479.6795,2026-06-18T16:27:45.798738,0.000000,2.889896
1480.1585,2026-06-18T16:27:46.277714,0.000000,2.888800
1480.6593,2026-06-18T16:27:46.778557,0.000000,2.887844
1481.1618,2026-06-18T16:27:47.281052,0.000000,2.886784
1481.6624,2026-06-18T16:27:47.781601,0.000000,2.885420
1482.1559,2026-06-18T16:27:48.275089,0.000000,2.884136
1482.6520,2026-06-18T16:27:48.771257,0.000000,2.883072
1483.1767,2026-06-18T16:27:49.295876,0.000000,2.881888
1483.6671,2026-06-18T16:27:49.786267,0.000000,2.880708
1484.1686,2026-06-18T16:27:50.287828,0.000000,2.879656
1484.6724,2026-06-18T16:27:50.791619,0.000000,2.878444
1485.1703,2026-06-18T16:27:51.289545,0.000000,2.877240
1485.6723,2026-06-18T16:27:51.791519,0.000000,2.876168
1486.1922,2026-06-18T16:27:52.311363,0.000000,2.875076
1486.6807,2026-06-18T16:27:52.799914,0.000000,2.873984
1487.1766,2026-06-18T16:27:53.295832,0.000000,2.873180
1487.6747,2026-06-18T16:27:53.793900,0.000000,2.872252
1488.1537,2026-06-18T16:27:54.272937,0.000000,2.871188
1488.6490,2026-06-18T16:27:54.768209,0.000000,2.870220
1489.1572,2026-06-18T16:27:55.276401,0.000000,2.868976
1489.6739,2026-06-18T16:27:55.793066,0.000000,2.867604
1490.1850,2026-06-18T16:27:56.304163,0.000000,2.866320
1490.6744,2026-06-18T16:27:56.793662,0.000000,2.865092
1491.1734,2026-06-18T16:27:57.292577,0.000000,2.863996
1491.6681,2026-06-18T16:27:57.787330,0.000000,2.863092
1492.1683,2026-06-18T16:27:58.287522,0.000000,2.862220
1492.6590,2026-06-18T16:27:58.778181,0.000000,2.861092
1493.1824,2026-06-18T16:27:59.301631,0.000000,2.859664
1493.6646,2026-06-18T16:27:59.783817,0.000000,2.858036
1494.1604,2026-06-18T16:28:00.279612,0.000000,2.856628
1494.6515,2026-06-18T16:28:00.770723,0.000000,2.855040
1495.1123,2026-06-18T16:28:01.231541,0.000000,2.853920
1495.6152,2026-06-18T16:28:01.734453,0.000000,2.852992
1496.1074,2026-06-18T16:28:02.226608,0.000000,2.851848
1496.5807,2026-06-18T16:28:02.699914,0.000000,2.851012
1497.0806,2026-06-18T16:28:03.199790,0.000000,2.849960
1497.5847,2026-06-18T16:28:03.703940,0.000000,2.848460
1498.0588,2026-06-18T16:28:04.178051,0.000000,2.846992
1498.5523,2026-06-18T16:28:04.671481,0.000000,2.845660
1499.0484,2026-06-18T16:28:05.167644,0.000000,2.844424
1499.5516,2026-06-18T16:28:05.670820,0.000000,2.843172
1500.0413,2026-06-18T16:28:06.160554,0.000000,2.842204
1500.5449,2026-06-18T16:28:06.664057,0.000000,2.840904
1501.0200,2026-06-18T16:28:07.139237,0.000000,2.839432
1501.5259,2026-06-18T16:28:07.645148,0.000000,2.837884
1502.0443,2026-06-18T16:28:08.163473,0.000000,2.836248
1502.5550,2026-06-18T16:28:08.674164,0.000000,2.834728
1503.0508,2026-06-18T16:28:09.170059,0.000000,2.833176
1503.5500,2026-06-18T16:28:09.669201,0.000000,2.831628
1504.0300,2026-06-18T16:28:10.149187,0.000000,2.830136
1504.5318,2026-06-18T16:28:10.650989,0.000000,2.828704
1505.0349,2026-06-18T16:28:11.154085,0.000000,2.827384
1505.5574,2026-06-18T16:28:11.676593,0.000000,2.826224
1506.0236,2026-06-18T16:28:12.142790,0.000000,2.824876
1506.5198,2026-06-18T16:28:12.638998,0.000000,2.823840
1507.0180,2026-06-18T16:28:13.137203,0.000000,2.822788
1507.5183,2026-06-18T16:28:13.637485,0.000000,2.821856
1507.9964,2026-06-18T16:28:14.115625,0.000000,2.821268
1508.4737,2026-06-18T16:28:14.592929,0.000000,2.820556
1508.9688,2026-06-18T16:28:15.088011,0.000000,2.819452
1509.4619,2026-06-18T16:28:15.581123,0.000000,2.818124
1509.9821,2026-06-18T16:28:16.101343,0.000000,2.816616
1510.4898,2026-06-18T16:28:16.608977,0.000000,2.815116
1510.9775,2026-06-18T16:28:17.096731,0.000000,2.813940
1511.4653,2026-06-18T16:28:17.584556,0.000000,2.812588
1511.9485,2026-06-18T16:28:18.067763,0.000000,2.811144
1512.4544,2026-06-18T16:28:18.573574,0.000000,2.809032
1512.9543,2026-06-18T16:28:19.073531,0.000000,2.807396
1513.4671,2026-06-18T16:28:19.586336,0.000000,2.805848
1513.9858,2026-06-18T16:28:20.104987,0.000000,2.804420
1514.4679,2026-06-18T16:28:20.587107,0.000000,2.803192
1514.9719,2026-06-18T16:28:21.091122,0.000000,2.801664
1515.4696,2026-06-18T16:28:21.588844,0.000000,2.800544
1515.9614,2026-06-18T16:28:22.080622,0.000000,2.799404
1516.4597,2026-06-18T16:28:22.578911,0.000000,2.798036
1516.9584,2026-06-18T16:28:23.077568,0.000000,2.796680
1517.4729,2026-06-18T16:28:23.592148,0.000000,2.794996
1517.9618,2026-06-18T16:28:24.080977,0.000000,2.793200
1518.4574,2026-06-18T16:28:24.576576,0.000000,2.791988
1518.9540,2026-06-18T16:28:25.073239,0.000000,2.790792
1519.4147,2026-06-18T16:28:25.533930,0.000000,2.789312
1519.9046,2026-06-18T16:28:26.023803,0.000000,2.787968
1520.3900,2026-06-18T16:28:26.509174,0.000000,2.786580
1520.8944,2026-06-18T16:28:27.013641,0.000000,2.785300
1521.3883,2026-06-18T16:28:27.507506,0.000000,2.784352
1521.9138,2026-06-18T16:28:28.032997,0.000000,2.783448
1522.4126,2026-06-18T16:28:28.531797,0.000000,2.782604
1522.9140,2026-06-18T16:28:29.033167,0.000000,2.781624
1523.4102,2026-06-18T16:28:29.529380,0.000000,2.780456
1523.9114,2026-06-18T16:28:30.030612,0.000000,2.779156
1524.4106,2026-06-18T16:28:30.529781,0.000000,2.777516
1524.9089,2026-06-18T16:28:31.028079,0.000000,2.775672
1525.4271,2026-06-18T16:28:31.546291,0.000000,2.773860
1525.9238,2026-06-18T16:28:32.043057,0.000000,2.772048
1526.4141,2026-06-18T16:28:32.533317,0.000000,2.770320
1526.9055,2026-06-18T16:28:33.024717,0.000000,2.768620
1527.3738,2026-06-18T16:28:33.492991,0.000000,2.766968
1527.8461,2026-06-18T16:28:33.965319,0.000000,2.765284
1528.3472,2026-06-18T16:28:34.466400,0.000000,2.763880
1528.8470,2026-06-18T16:28:34.966224,0.000000,2.762688
1529.3412,2026-06-18T16:28:35.460430,0.000000,2.761588
1529.8531,2026-06-18T16:28:35.972295,0.000000,2.760548
1530.3653,2026-06-18T16:28:36.484500,0.000000,2.759532
1530.8316,2026-06-18T16:28:36.950767,0.000000,2.758284
1531.3053,2026-06-18T16:28:37.424517,0.000000,2.757056
1531.7891,2026-06-18T16:28:37.908320,0.000000,2.755640
1532.2758,2026-06-18T16:28:38.394987,0.000000,2.753952
1532.7762,2026-06-18T16:28:38.895370,0.000000,2.751896
1533.2696,2026-06-18T16:28:39.388780,0.000000,2.749604
1533.7846,2026-06-18T16:28:39.903814,0.000000,2.748256
1534.2915,2026-06-18T16:28:40.410675,0.000000,2.746624
1534.7506,2026-06-18T16:28:40.869783,0.000000,2.745408
1535.2538,2026-06-18T16:28:41.373021,0.000000,2.744616
1535.7456,2026-06-18T16:28:41.864764,0.000000,2.743016
1536.2444,2026-06-18T16:28:42.363612,0.000000,2.741764
1536.7478,2026-06-18T16:28:42.867034,0.000000,2.740516
1537.2385,2026-06-18T16:28:43.357675,0.000000,2.739164
1537.7366,2026-06-18T16:28:43.855847,0.000000,2.738004
1538.2622,2026-06-18T16:28:44.381392,0.000000,2.736588
1538.7478,2026-06-18T16:28:44.867038,0.000000,2.734768
1539.2511,2026-06-18T16:28:45.370349,0.000000,2.732868
1539.7484,2026-06-18T16:28:45.867591,0.000000,2.730892
1540.2232,2026-06-18T16:28:46.342357,0.000000,2.729216
1540.7153,2026-06-18T16:28:46.834472,0.000000,2.727960
1541.2102,2026-06-18T16:28:47.329546,0.000000,2.726828
1541.6974,2026-06-18T16:28:47.816666,0.000000,2.725424
1542.1593,2026-06-18T16:28:48.278506,0.000000,2.723832
1542.6552,2026-06-18T16:28:48.774421,0.000000,2.722404
1543.1779,2026-06-18T16:28:49.297094,0.000000,2.720872
1543.6767,2026-06-18T16:28:49.795864,0.000000,2.719452
1544.1624,2026-06-18T16:28:50.281650,0.000000,2.717840
1544.6530,2026-06-18T16:28:50.772262,0.000000,2.716064
1545.1571,2026-06-18T16:28:51.276289,0.000000,2.713672
1545.6763,2026-06-18T16:28:51.795533,0.000000,2.711484
1546.1663,2026-06-18T16:28:52.285508,0.000000,2.709148
1546.6989,2026-06-18T16:28:52.818118,0.000000,2.706992
1547.1837,2026-06-18T16:28:53.302877,0.000000,2.705284
1547.6740,2026-06-18T16:28:53.793174,0.000000,2.703776
1548.1700,2026-06-18T16:28:54.289231,0.000000,2.702484
1548.6644,2026-06-18T16:28:54.783577,0.000000,2.701440
1549.1928,2026-06-18T16:28:55.312045,0.000000,2.700080
1549.7075,2026-06-18T16:28:55.826698,0.000000,2.698340
1550.1745,2026-06-18T16:28:56.293710,0.000000,2.696592
1550.6690,2026-06-18T16:28:56.788242,0.000000,2.695028
1551.1596,2026-06-18T16:28:57.278853,0.000000,2.693320
1551.6550,2026-06-18T16:28:57.774203,0.000000,2.691556
1552.1600,2026-06-18T16:28:58.279180,0.000000,2.689948
1552.6629,2026-06-18T16:28:58.782149,0.000000,2.688108
1553.1750,2026-06-18T16:28:59.294175,0.000000,2.686496
1553.6794,2026-06-18T16:28:59.798597,0.000000,2.685028
1554.1836,2026-06-18T16:29:00.302835,0.000000,2.683248
1554.6801,2026-06-18T16:29:00.799327,0.000000,2.681600
1555.1667,2026-06-18T16:29:01.285872,0.000000,2.679656
1555.6654,2026-06-18T16:29:01.784637,0.000000,2.677912
1556.1650,2026-06-18T16:29:02.284223,0.000000,2.676416
1556.6587,2026-06-18T16:29:02.777953,0.000000,2.674900
1557.1778,2026-06-18T16:29:03.297004,0.000000,2.673656
1557.6496,2026-06-18T16:29:03.768809,0.000000,2.672140
1558.1549,2026-06-18T16:29:04.274149,0.000000,2.670596
1558.6527,2026-06-18T16:29:04.771887,0.000000,2.668944
1559.1634,2026-06-18T16:29:05.282644,0.000000,2.667584
1559.6556,2026-06-18T16:29:05.774798,0.000000,2.666232
1560.1472,2026-06-18T16:29:06.266433,0.000000,2.664872
1560.6345,2026-06-18T16:29:06.753673,0.000000,2.663892
1561.1040,2026-06-18T16:29:07.223174,0.000000,2.662692
1561.6112,2026-06-18T16:29:07.730452,0.000000,2.661620
1562.1064,2026-06-18T16:29:08.225643,0.000000,2.660496
1562.6083,2026-06-18T16:29:08.727519,0.000000,2.659044
1563.1065,2026-06-18T16:29:09.225738,0.000000,2.657608
1563.5967,2026-06-18T16:29:09.715955,0.000000,2.656148
1564.0901,2026-06-18T16:29:10.209292,0.000000,2.654492
1564.5574,2026-06-18T16:29:10.676627,0.000000,2.652848
1565.0360,2026-06-18T16:29:11.155206,0.000000,2.651140
1565.5358,2026-06-18T16:29:11.654981,0.000000,2.649772
1566.0297,2026-06-18T16:29:12.148942,0.000000,2.648200
1566.5347,2026-06-18T16:29:12.653965,0.000000,2.646592
1567.0316,2026-06-18T16:29:13.150826,0.000000,2.644912
1567.5272,2026-06-18T16:29:13.646375,0.000000,2.642844
1568.0212,2026-06-18T16:29:14.140402,0.000000,2.641076
1568.5198,2026-06-18T16:29:14.639045,0.000000,2.639556
1569.0177,2026-06-18T16:29:15.136961,0.000000,2.638080
1569.5139,2026-06-18T16:29:15.633089,0.000000,2.637008
1570.0070,2026-06-18T16:29:16.126169,0.000000,2.635748
1570.5034,2026-06-18T16:29:16.622577,0.000000,2.634152
1570.9858,2026-06-18T16:29:17.105041,0.000000,2.632308
1571.4497,2026-06-18T16:29:17.568872,0.000000,2.630476
1571.9426,2026-06-18T16:29:18.061795,0.000000,2.628920
1572.4352,2026-06-18T16:29:18.554429,0.000000,2.627424
1572.9608,2026-06-18T16:29:19.080051,0.000000,2.626288
1573.4594,2026-06-18T16:29:19.578648,0.000000,2.625116
1573.9632,2026-06-18T16:29:20.082431,0.000000,2.623892
1574.4591,2026-06-18T16:29:20.578314,0.000000,2.622356
1574.9634,2026-06-18T16:29:21.082595,0.000000,2.620608
1575.4634,2026-06-18T16:29:21.582640,0.000000,2.618412
1575.9634,2026-06-18T16:29:22.082660,0.000000,2.616572
1576.4620,2026-06-18T16:29:22.581227,0.000000,2.614856
1576.9559,2026-06-18T16:29:23.075082,0.000000,2.613204
1577.4612,2026-06-18T16:29:23.580454,0.000000,2.611876
1577.9851,2026-06-18T16:29:24.104329,0.000000,2.610160
1578.4719,2026-06-18T16:29:24.591121,0.000000,2.608976
1578.9700,2026-06-18T16:29:25.089247,0.000000,2.607452
1579.4608,2026-06-18T16:29:25.579975,0.000000,2.606072
1579.9630,2026-06-18T16:29:26.082168,0.000000,2.604632
1580.4515,2026-06-18T16:29:26.570705,0.000000,2.602836
1580.9816,2026-06-18T16:29:27.100815,0.000000,2.601052
1581.4757,2026-06-18T16:29:27.594909,0.000000,2.598752
1581.9626,2026-06-18T16:29:28.081835,0.000000,2.597032
1582.4482,2026-06-18T16:29:28.567407,0.000000,2.595272
1582.9538,2026-06-18T16:29:29.073027,0.000000,2.593440
1583.4507,2026-06-18T16:29:29.569933,0.000000,2.591900
1583.9545,2026-06-18T16:29:30.073696,0.000000,2.590048
1584.4757,2026-06-18T16:29:30.594916,0.000000,2.588176
1584.9702,2026-06-18T16:29:31.089410,0.000000,2.586780
1585.4756,2026-06-18T16:29:31.594778,0.000000,2.585300
1585.9757,2026-06-18T16:29:32.094875,0.000000,2.583920
1586.4704,2026-06-18T16:29:32.589565,0.000000,2.582880
1586.9756,2026-06-18T16:29:33.094833,0.000000,2.581680
1587.4751,2026-06-18T16:29:33.594357,0.000000,2.580444
1587.9853,2026-06-18T16:29:34.104510,0.000000,2.579052
1588.4590,2026-06-18T16:29:34.578179,0.000000,2.577208
1588.9504,2026-06-18T16:29:35.069608,0.000000,2.575472
1589.4507,2026-06-18T16:29:35.569902,0.000000,2.573320
1589.9189,2026-06-18T16:29:36.038119,0.000000,2.571420
1590.3894,2026-06-18T16:29:36.508629,0.000000,2.569924
1590.8643,2026-06-18T16:29:36.983528,0.000000,2.568360
1591.3680,2026-06-18T16:29:37.487209,0.000000,2.567008
1591.8704,2026-06-18T16:29:37.989641,0.000000,2.565632
1592.3806,2026-06-18T16:29:38.499754,0.000000,2.564228
1592.8780,2026-06-18T16:29:38.997184,0.000000,2.562884
1593.3877,2026-06-18T16:29:39.506869,0.000000,2.561908
1593.8611,2026-06-18T16:29:39.980306,0.000000,2.561176
1594.3615,2026-06-18T16:29:40.480714,0.000000,2.560064
1594.8633,2026-06-18T16:29:40.982514,0.000000,2.559024
1595.3709,2026-06-18T16:29:41.490089,0.000000,2.557880
1595.8649,2026-06-18T16:29:41.984170,0.000000,2.556416
1596.4001,2026-06-18T16:29:42.519360,0.000000,2.554704
1596.9067,2026-06-18T16:29:43.025956,0.000000,2.553212
1597.3997,2026-06-18T16:29:43.518928,0.000000,2.551624
1597.9077,2026-06-18T16:29:44.026882,0.000000,2.549988
1598.3998,2026-06-18T16:29:44.519054,0.000000,2.548520
1598.8972,2026-06-18T16:29:45.016385,0.000000,2.546760
1599.3923,2026-06-18T16:29:45.511562,0.000000,2.544884
1599.8971,2026-06-18T16:29:46.016355,0.000000,2.543304
1600.3929,2026-06-18T16:29:46.512134,0.000000,2.542044
1600.8992,2026-06-18T16:29:47.018455,0.000000,2.540640
1601.3898,2026-06-18T16:29:47.509035,0.000000,2.539364
1601.9089,2026-06-18T16:29:48.028143,0.000000,2.538104
1602.4029,2026-06-18T16:29:48.522108,0.000000,2.536180
1602.9036,2026-06-18T16:29:49.022822,0.000000,2.534360
1603.3924,2026-06-18T16:29:49.511675,0.000000,2.532060
1603.8981,2026-06-18T16:29:50.017324,0.000000,2.529680
1604.3965,2026-06-18T16:29:50.515670,0.000000,2.527820
1604.8952,2026-06-18T16:29:51.014359,0.000000,2.526296
1605.3839,2026-06-18T16:29:51.503099,0.000000,2.525152
1605.8798,2026-06-18T16:29:51.998965,0.000000,2.524052
1606.3799,2026-06-18T16:29:52.499073,0.000000,2.523012
1606.8716,2026-06-18T16:29:52.990772,0.000000,2.522036
1607.3632,2026-06-18T16:29:53.482429,0.000000,2.520984
1607.8678,2026-06-18T16:29:53.986981,0.000000,2.520044
1608.3273,2026-06-18T16:29:54.446559,0.000000,2.518900
1608.8355,2026-06-18T16:29:54.954723,0.000000,2.517860
1609.3632,2026-06-18T16:29:55.482407,0.000000,2.517000
1609.8570,2026-06-18T16:29:55.976249,0.000000,2.515648
1610.3483,2026-06-18T16:29:56.467516,0.000000,2.514612
1610.8397,2026-06-18T16:29:56.958913,0.000000,2.513000
1611.3062,2026-06-18T16:29:57.425382,0.000000,2.511336
1611.7922,2026-06-18T16:29:57.911420,0.000000,2.510064
1612.2682,2026-06-18T16:29:58.387446,0.000000,2.508700
1612.7715,2026-06-18T16:29:58.890705,0.000000,2.507624
1613.2794,2026-06-18T16:29:59.398575,0.000000,2.506808
1613.7482,2026-06-18T16:29:59.867467,0.000000,2.505840
1614.2549,2026-06-18T16:30:00.374145,0.000000,2.504420
1614.7552,2026-06-18T16:30:00.874465,0.000000,2.503180
1615.2476,2026-06-18T16:30:01.366805,0.000000,2.502012
1615.7342,2026-06-18T16:30:01.853402,0.000000,2.500728
1616.2251,2026-06-18T16:30:02.344296,0.000000,2.499672
1616.6712,2026-06-18T16:30:02.790412,0.000000,2.498716
1617.1680,2026-06-18T16:30:03.287203,0.000000,2.497696
1617.6443,2026-06-18T16:30:03.763540,0.000000,2.496528
1618.1562,2026-06-18T16:30:04.275397,0.000000,2.495820
1618.6465,2026-06-18T16:30:04.765718,0.000000,2.494892
1619.1734,2026-06-18T16:30:05.292609,0.000000,2.494064
1619.6485,2026-06-18T16:30:05.767660,0.000000,2.493084
1620.1419,2026-06-18T16:30:06.261155,0.000000,2.492160
1620.6395,2026-06-18T16:30:06.758700,0.000000,2.490972
1621.1238,2026-06-18T16:30:07.243009,0.000000,2.489644
1621.5893,2026-06-18T16:30:07.708527,0.000000,2.488548
1622.0915,2026-06-18T16:30:08.210698,0.000000,2.487532
1622.5853,2026-06-18T16:30:08.704551,0.000000,2.486480
1623.0761,2026-06-18T16:30:09.195340,0.000000,2.485712
1623.5752,2026-06-18T16:30:09.694442,0.000000,2.485004
1624.0920,2026-06-18T16:30:10.211222,0.000000,2.484176
1624.5806,2026-06-18T16:30:10.699849,0.000000,2.483428
1625.0754,2026-06-18T16:30:11.194641,0.000000,2.482664
1625.5755,2026-06-18T16:30:11.694679,0.000000,2.481824
1626.0560,2026-06-18T16:30:12.175171,0.000000,2.481420
1626.5629,2026-06-18T16:30:12.682125,0.000000,2.480892
1627.0544,2026-06-18T16:30:13.173649,0.000000,2.480388
1627.5539,2026-06-18T16:30:13.673134,0.000000,2.479916
1628.0727,2026-06-18T16:30:14.191887,0.000000,2.479104
1628.5842,2026-06-18T16:30:14.703422,0.000000,2.478064
1629.0795,2026-06-18T16:30:15.198669,0.000000,2.476752
1629.5832,2026-06-18T16:30:15.702442,0.000000,2.475756
1630.0718,2026-06-18T16:30:16.191018,0.000000,2.474408
1630.5652,2026-06-18T16:30:16.684453,0.000000,2.473340
1631.0919,2026-06-18T16:30:17.211161,0.000000,2.472656
1631.5902,2026-06-18T16:30:17.709439,0.000000,2.471780
1632.0904,2026-06-18T16:30:18.209653,0.000000,2.471148
1632.5612,2026-06-18T16:30:18.680462,0.000000,2.470432
1633.0675,2026-06-18T16:30:19.186708,0.000000,2.469836
1633.5639,2026-06-18T16:30:19.683141,0.000000,2.469436
1634.0479,2026-06-18T16:30:20.167075,0.000000,2.468732
1634.5314,2026-06-18T16:30:20.650599,0.000000,2.468220
1635.0588,2026-06-18T16:30:21.178017,0.000000,2.467596
1635.5465,2026-06-18T16:30:21.665679,0.000000,2.466856
1636.0391,2026-06-18T16:30:22.158268,0.000000,2.466124
1636.5399,2026-06-18T16:30:22.659084,0.000000,2.465476
1637.0378,2026-06-18T16:30:23.156990,0.000000,2.464888
1637.5379,2026-06-18T16:30:23.657130,0.000000,2.464144
1638.0436,2026-06-18T16:30:24.162791,0.000000,2.463700
1638.5605,2026-06-18T16:30:24.679687,0.000000,2.462984
1639.0388,2026-06-18T16:30:25.157964,0.000000,2.462332
1639.5441,2026-06-18T16:30:25.663285,0.000000,2.461460
1640.0432,2026-06-18T16:30:26.162388,0.000000,2.460608
1640.5386,2026-06-18T16:30:26.657843,0.000000,2.459840
1641.0381,2026-06-18T16:30:27.157297,0.000000,2.458880
1641.5068,2026-06-18T16:30:27.626040,0.000000,2.458204
1641.9965,2026-06-18T16:30:28.115698,0.000000,2.457556
1642.4620,2026-06-18T16:30:28.581251,0.000000,2.457120
1642.9514,2026-06-18T16:30:29.070665,0.000000,2.456684
1643.4640,2026-06-18T16:30:29.583231,0.000000,2.456280
1643.9753,2026-06-18T16:30:30.094491,0.000000,2.455820
1644.4642,2026-06-18T16:30:30.583450,0.000000,2.455140
1644.9229,2026-06-18T16:30:31.042111,0.000000,2.454676
1645.4214,2026-06-18T16:30:31.540611,0.000000,2.454228
1645.9066,2026-06-18T16:30:32.025802,0.000000,2.453820
1646.3919,2026-06-18T16:30:32.511157,0.000000,2.453452
1646.8827,2026-06-18T16:30:33.001936,0.000000,2.452996
1647.3776,2026-06-18T16:30:33.496834,0.000000,2.452328
1647.9045,2026-06-18T16:30:34.023683,0.000000,2.451580
1648.4020,2026-06-18T16:30:34.521182,0.000000,2.451128
1648.8970,2026-06-18T16:30:35.016164,0.000000,2.450460
1649.3956,2026-06-18T16:30:35.514854,0.000000,2.450332
1649.8895,2026-06-18T16:30:36.008690,0.000000,2.450332
1650.4004,2026-06-18T16:30:36.519574,0.000000,2.449864
1650.9175,2026-06-18T16:30:37.036705,0.000000,2.449648
1651.4165,2026-06-18T16:30:37.535760,0.000000,2.449036
1651.8929,2026-06-18T16:30:38.012080,0.000000,2.448364
1652.4002,2026-06-18T16:30:38.519444,0.000000,2.447888
1652.8965,2026-06-18T16:30:39.015676,0.000000,2.447532
1653.3976,2026-06-18T16:30:39.516863,0.000000,2.447360
1653.8611,2026-06-18T16:30:39.980362,0.000000,2.447128
1654.3502,2026-06-18T16:30:40.469412,0.000000,2.446880
1654.8263,2026-06-18T16:30:40.945476,0.000000,2.446464
1655.3184,2026-06-18T16:30:41.437638,0.000000,2.446024
1655.8393,2026-06-18T16:30:41.958499,0.000000,2.445208
1656.3201,2026-06-18T16:30:42.439309,0.000000,2.444548
1656.8174,2026-06-18T16:30:42.936603,0.000000,2.443876
1657.2908,2026-06-18T16:30:43.409978,0.000000,2.443368
1657.7883,2026-06-18T16:30:43.907502,0.000000,2.443200
1658.2774,2026-06-18T16:30:44.396618,0.000000,2.442832
1658.7718,2026-06-18T16:30:44.890980,0.000000,2.442820
1659.2665,2026-06-18T16:30:45.385708,0.000000,2.442544
1659.7677,2026-06-18T16:30:45.886871,0.000000,2.442452
1660.2994,2026-06-18T16:30:46.418652,0.000000,2.442456
1660.7964,2026-06-18T16:30:46.915654,0.000000,2.442584
1661.2973,2026-06-18T16:30:47.416498,0.000000,2.442592
1661.8045,2026-06-18T16:30:47.923714,0.000000,2.442224
1662.3001,2026-06-18T16:30:48.419353,0.000000,2.441904
1662.8002,2026-06-18T16:30:48.919451,0.000000,2.441512
1663.3077,2026-06-18T16:30:49.426930,0.000000,2.440776
1663.8244,2026-06-18T16:30:49.943652,0.000000,2.440208
1664.3111,2026-06-18T16:30:50.430284,0.000000,2.439568
1664.8085,2026-06-18T16:30:50.927707,0.000000,2.438772
1665.3080,2026-06-18T16:30:51.427231,0.000000,2.438136
1665.8100,2026-06-18T16:30:51.929249,0.000000,2.437836
1666.3125,2026-06-18T16:30:52.431748,0.000000,2.437316
1666.7880,2026-06-18T16:30:52.907196,0.000000,2.437116
1667.2841,2026-06-18T16:30:53.403274,0.000000,2.437280
1667.7368,2026-06-18T16:30:53.856000,0.000000,2.437008
1668.2249,2026-06-18T16:30:54.344100,0.000000,2.436880
1668.7376,2026-06-18T16:30:54.856771,0.000000,2.436712
1669.2368,2026-06-18T16:30:55.355983,0.000000,2.436464
1669.7357,2026-06-18T16:30:55.854930,0.000000,2.436160
1670.2200,2026-06-18T16:30:56.339191,0.000000,2.435784
1670.6934,2026-06-18T16:30:56.812601,0.000000,2.435420
1671.1934,2026-06-18T16:30:57.312609,0.000000,2.435256
1671.6955,2026-06-18T16:30:57.814727,0.000000,2.435164
1672.1668,2026-06-18T16:30:58.286046,0.000000,2.435220
1672.6708,2026-06-18T16:30:58.790027,0.000000,2.435224
1673.1665,2026-06-18T16:30:59.285747,0.000000,2.434864
1673.6498,2026-06-18T16:30:59.768966,0.000000,2.434644
1674.1266,2026-06-18T16:31:00.245769,0.000000,2.434304
1674.6265,2026-06-18T16:31:00.745680,0.000000,2.434208
1675.1307,2026-06-18T16:31:01.249919,0.000000,2.434136
1675.6180,2026-06-18T16:31:01.737250,0.000000,2.433808
1676.1480,2026-06-18T16:31:02.267180,0.000000,2.433688
1676.6444,2026-06-18T16:31:02.763572,0.000000,2.433400
1677.1367,2026-06-18T16:31:03.255931,0.000000,2.433312
1677.6134,2026-06-18T16:31:03.732585,0.000000,2.433376
1678.1126,2026-06-18T16:31:04.231778,0.000000,2.433140
1678.6126,2026-06-18T16:31:04.731774,0.000000,2.433104
1679.1163,2026-06-18T16:31:05.235466,0.000000,2.432668
1679.6385,2026-06-18T16:31:05.757682,0.000000,2.432448
1680.1327,2026-06-18T16:31:06.251948,0.000000,2.432360
1680.6281,2026-06-18T16:31:06.747319,0.000000,2.432408
1681.1082,2026-06-18T16:31:07.227389,0.000000,2.432496
1681.6127,2026-06-18T16:31:07.731871,0.000000,2.432664
1682.0934,2026-06-18T16:31:08.212647,0.000000,2.432628
1682.6002,2026-06-18T16:31:08.719412,0.000000,2.432252
1683.0957,2026-06-18T16:31:09.214928,0.000000,2.432232
1683.6219,2026-06-18T16:31:09.741109,0.000000,2.432364
1684.1212,2026-06-18T16:31:10.240374,0.000000,2.432124
1684.6188,2026-06-18T16:31:10.737982,0.000000,2.432380
1685.1208,2026-06-18T16:31:11.240022,0.000000,2.432240
1685.6208,2026-06-18T16:31:11.739972,0.000000,2.431948
1686.1207,2026-06-18T16:31:12.239953,0.000000,2.431768
1686.6440,2026-06-18T16:31:12.763258,0.000000,2.431440
1687.1390,2026-06-18T16:31:13.258261,0.000000,2.431572
1687.6321,2026-06-18T16:31:13.751352,0.000000,2.431644
1688.1241,2026-06-18T16:31:14.243272,0.000000,2.431844
1688.6244,2026-06-18T16:31:14.743666,0.000000,2.431856
1689.1204,2026-06-18T16:31:15.239613,0.000000,2.431672
1689.6019,2026-06-18T16:31:15.721066,0.000000,2.431384
1690.0998,2026-06-18T16:31:16.218973,0.000000,2.431200
1690.6209,2026-06-18T16:31:16.740117,0.000000,2.430904
1691.1165,2026-06-18T16:31:17.235709,0.000000,2.430764
1691.5931,2026-06-18T16:31:17.712298,0.000000,2.430712
1692.0893,2026-06-18T16:31:18.208488,0.000000,2.430632
1692.5876,2026-06-18T16:31:18.706851,0.000000,2.430592
1693.0792,2026-06-18T16:31:19.198402,0.000000,2.430352
1693.5746,2026-06-18T16:31:19.693794,0.000000,2.430004
1694.0588,2026-06-18T16:31:20.177974,0.000000,2.429800
1694.5667,2026-06-18T16:31:20.685892,0.000000,2.429784
1695.0824,2026-06-18T16:31:21.201640,0.000000,2.430008
1695.5678,2026-06-18T16:31:21.687040,0.000000,2.430344
1696.0705,2026-06-18T16:31:22.189711,0.000000,2.430300
1696.5410,2026-06-18T16:31:22.660201,0.000000,2.430364
1697.0246,2026-06-18T16:31:23.143827,0.000000,2.430224
1697.5241,2026-06-18T16:31:23.643316,0.000000,2.430480
1698.0290,2026-06-18T16:31:24.148184,0.000000,2.430844
1698.5422,2026-06-18T16:31:24.661396,0.000000,2.431048
1699.0365,2026-06-18T16:31:25.155750,0.000000,2.430872
1699.5292,2026-06-18T16:31:25.648385,0.000000,2.430452
1700.0198,2026-06-18T16:31:26.138974,0.000000,2.430232
1700.5142,2026-06-18T16:31:26.633398,0.000000,2.430124
1701.0182,2026-06-18T16:31:27.137378,0.000000,2.430468
1701.5098,2026-06-18T16:31:27.629005,0.000000,2.430864
1702.0098,2026-06-18T16:31:28.129012,0.000000,2.431176
1702.5332,2026-06-18T16:31:28.652408,0.000000,2.431256
1703.0354,2026-06-18T16:31:29.154618,0.000000,2.430868
1703.5125,2026-06-18T16:31:29.631703,0.000000,2.430924
1704.0168,2026-06-18T16:31:30.136053,0.000000,2.431144
1704.5165,2026-06-18T16:31:30.635703,0.000000,2.431436
1705.0133,2026-06-18T16:31:31.132504,0.000000,2.431624
1705.4739,2026-06-18T16:31:31.593124,0.000000,2.431452
1705.9683,2026-06-18T16:31:32.087535,0.000000,2.431472
1706.4719,2026-06-18T16:31:32.591137,0.000000,2.431396
1706.9642,2026-06-18T16:31:33.083391,0.000000,2.431200
1707.4339,2026-06-18T16:31:33.553093,0.000000,2.431024
1707.9242,2026-06-18T16:31:34.043446,0.000000,2.430952
1708.4035,2026-06-18T16:31:34.522762,0.000000,2.430964
1708.8978,2026-06-18T16:31:35.017042,0.000000,2.431264
1709.4047,2026-06-18T16:31:35.523953,0.000000,2.431848
1709.8908,2026-06-18T16:31:36.010064,0.000000,2.431760
1710.3895,2026-06-18T16:31:36.508732,0.000000,2.431684
1710.8916,2026-06-18T16:31:37.010803,0.000000,2.431736
1711.4196,2026-06-18T16:31:37.538834,0.000000,2.431572
1711.9112,2026-06-18T16:31:38.030370,0.000000,2.431608
1712.4123,2026-06-18T16:31:38.531481,0.000000,2.431692
1712.9044,2026-06-18T16:31:39.023655,0.000000,2.431464
1713.3995,2026-06-18T16:31:39.518674,0.000000,2.431616
1713.8605,2026-06-18T16:31:39.979762,0.000000,2.431948
1714.3583,2026-06-18T16:31:40.477538,0.000000,2.432180
1714.8546,2026-06-18T16:31:40.973813,0.000000,2.432716
1715.3788,2026-06-18T16:31:41.497984,0.000000,2.432916
1715.8746,2026-06-18T16:31:41.993791,0.000000,2.432816
1716.3682,2026-06-18T16:31:42.487424,0.000000,2.432796
1716.8498,2026-06-18T16:31:42.968977,0.000000,2.432704
1717.3556,2026-06-18T16:31:43.474796,0.000000,2.432548
1717.8603,2026-06-18T16:31:43.979493,0.000000,2.432560
1718.3554,2026-06-18T16:31:44.474647,0.000000,2.432436
1718.8837,2026-06-18T16:31:45.002903,0.000000,2.432480
1719.3831,2026-06-18T16:31:45.502290,0.000000,2.432604
1719.8928,2026-06-18T16:31:46.011995,0.000000,2.432812
1720.3566,2026-06-18T16:31:46.475827,0.000000,2.433024
1720.8546,2026-06-18T16:31:46.973781,0.000000,2.433116
1721.3747,2026-06-18T16:31:47.493881,0.000000,2.433632
1721.8559,2026-06-18T16:31:47.975083,0.000000,2.434172
1722.3488,2026-06-18T16:31:48.468000,0.000000,2.434552
1722.8246,2026-06-18T16:31:48.943791,0.000000,2.434832
1723.3371,2026-06-18T16:31:49.456328,0.000000,2.435008
1723.8266,2026-06-18T16:31:49.945769,0.000000,2.435452
1724.3204,2026-06-18T16:31:50.439636,0.000000,2.435340
1724.8235,2026-06-18T16:31:50.942749,0.000000,2.435524
1725.3210,2026-06-18T16:31:51.440177,0.000000,2.435776
1725.8306,2026-06-18T16:31:51.949788,0.000000,2.435492
1726.3028,2026-06-18T16:31:52.421965,0.000000,2.436172
1726.8012,2026-06-18T16:31:52.920420,0.000000,2.436472
1727.2933,2026-06-18T16:31:53.412512,0.000000,2.436696
1727.7914,2026-06-18T16:31:53.910597,0.000000,2.437192
1728.2930,2026-06-18T16:31:54.412193,0.000000,2.437260
1728.7898,2026-06-18T16:31:54.909061,0.000000,2.437164
1729.3059,2026-06-18T16:31:55.425126,0.000000,2.436740
1729.8071,2026-06-18T16:31:55.926291,0.000000,2.436276
1730.3097,2026-06-18T16:31:56.428939,0.000000,2.436028
1730.8079,2026-06-18T16:31:56.927096,0.000000,2.435816
1731.3122,2026-06-18T16:31:57.431409,0.000000,2.435928
1731.8120,2026-06-18T16:31:57.931212,0.000000,2.436216
1732.3406,2026-06-18T16:31:58.459796,0.000000,2.436432
1732.8315,2026-06-18T16:31:58.950710,0.000000,2.437056
1733.3217,2026-06-18T16:31:59.440955,0.000000,2.437704
1733.8116,2026-06-18T16:31:59.930814,0.000000,2.438168
1734.3097,2026-06-18T16:32:00.428859,0.000000,2.438572
1734.8064,2026-06-18T16:32:00.925651,0.000000,2.438972
1735.2806,2026-06-18T16:32:01.399830,0.000000,2.439196
1735.7755,2026-06-18T16:32:01.894703,0.000000,2.439352
1736.2753,2026-06-18T16:32:02.394530,0.000000,2.439456
1736.7492,2026-06-18T16:32:02.868400,0.000000,2.439448
1737.2491,2026-06-18T16:32:03.368274,0.000000,2.439508
1737.7695,2026-06-18T16:32:03.888733,0.000000,2.439868
1738.2501,2026-06-18T16:32:04.369363,0.000000,2.440060
1738.7381,2026-06-18T16:32:04.857266,0.000000,2.439852
1739.2438,2026-06-18T16:32:05.363015,0.000000,2.439636
1739.7386,2026-06-18T16:32:05.857805,0.000000,2.439196
1740.2161,2026-06-18T16:32:06.335354,0.000000,2.439284
1740.7092,2026-06-18T16:32:06.828445,0.000000,2.439724
1741.2013,2026-06-18T16:32:07.320538,0.000000,2.440252
1741.7244,2026-06-18T16:32:07.843649,0.000000,2.440564
1742.2261,2026-06-18T16:32:08.345333,0.000000,2.440624
1742.7203,2026-06-18T16:32:08.839552,0.000000,2.440580
1743.1951,2026-06-18T16:32:09.314299,0.000000,2.440304
1743.6916,2026-06-18T16:32:09.810835,0.000000,2.440616
1744.1953,2026-06-18T16:32:10.314548,0.000000,2.441116
1744.6751,2026-06-18T16:32:10.794267,0.000000,2.441576
1745.1693,2026-06-18T16:32:11.288501,0.000000,2.442448
1745.6986,2026-06-18T16:32:11.817802,0.000000,2.442784
1746.2012,2026-06-18T16:32:12.320460,0.000000,2.443176
1746.6958,2026-06-18T16:32:12.814994,0.000000,2.443572
1747.1875,2026-06-18T16:32:13.306742,0.000000,2.443664
1747.6911,2026-06-18T16:32:13.810331,0.000000,2.443852
1748.1848,2026-06-18T16:32:14.303978,0.000000,2.444112
1748.6803,2026-06-18T16:32:14.799466,0.000000,2.444440
1749.2045,2026-06-18T16:32:15.323752,0.000000,2.444932
1749.7086,2026-06-18T16:32:15.827844,0.000000,2.445268
1750.2083,2026-06-18T16:32:16.327514,0.000000,2.445636
1750.7114,2026-06-18T16:32:16.830599,0.000000,2.445900
1751.1981,2026-06-18T16:32:17.317270,0.000000,2.446452
1751.7038,2026-06-18T16:32:17.822986,0.000000,2.447032
1752.2095,2026-06-18T16:32:18.328743,0.000000,2.447232
1752.7167,2026-06-18T16:32:18.835950,0.000000,2.447536
1753.1937,2026-06-18T16:32:19.312951,0.000000,2.447500
1753.6909,2026-06-18T16:32:19.810135,0.000000,2.447432
1754.1882,2026-06-18T16:32:20.307405,0.000000,2.447740
1754.6838,2026-06-18T16:32:20.803033,0.000000,2.448080
1755.1481,2026-06-18T16:32:21.267259,0.000000,2.448396
1755.6329,2026-06-18T16:32:21.752084,0.000000,2.448656
1756.1261,2026-06-18T16:32:22.245350,0.000000,2.448728
1756.6349,2026-06-18T16:32:22.754128,0.000000,2.448856
1757.1494,2026-06-18T16:32:23.268582,0.000000,2.449052
1757.6369,2026-06-18T16:32:23.756093,0.000000,2.449468
1758.1095,2026-06-18T16:32:24.228693,0.000000,2.449968
1758.6095,2026-06-18T16:32:24.728765,0.000000,2.450128
1759.0951,2026-06-18T16:32:25.214315,0.000000,2.450636
1759.5852,2026-06-18T16:32:25.704413,0.000000,2.450908
1760.0926,2026-06-18T16:32:26.211848,0.000000,2.451052
1760.6299,2026-06-18T16:32:26.749129,0.000000,2.451408
1761.1328,2026-06-18T16:32:27.252042,0.000000,2.451372
1761.6327,2026-06-18T16:32:27.751946,0.000000,2.451664
1762.1139,2026-06-18T16:32:28.233077,0.000000,2.452060
1762.5939,2026-06-18T16:32:28.713142,0.000000,2.452416
1763.1032,2026-06-18T16:32:29.222391,0.000000,2.452556
1763.5969,2026-06-18T16:32:29.716112,0.000000,2.452688
1764.1201,2026-06-18T16:32:30.239361,0.000000,2.452684
1764.5997,2026-06-18T16:32:30.718899,0.000000,2.452560
1765.0971,2026-06-18T16:32:31.216305,0.000000,2.452660
1765.5871,2026-06-18T16:32:31.706262,0.000000,2.452752
1766.0849,2026-06-18T16:32:32.204075,0.000000,2.452904
1766.5892,2026-06-18T16:32:32.708396,0.000000,2.453464
1767.0835,2026-06-18T16:32:33.202693,0.000000,2.453860
1767.6055,2026-06-18T16:32:33.724668,0.000000,2.454016
1768.0976,2026-06-18T16:32:34.216781,0.000000,2.454280
1768.5968,2026-06-18T16:32:34.716020,0.000000,2.454448
1769.0893,2026-06-18T16:32:35.208478,0.000000,2.454836
1769.5888,2026-06-18T16:32:35.707988,0.000000,2.455372
1770.0776,2026-06-18T16:32:36.196850,0.000000,2.455912
1770.5776,2026-06-18T16:32:36.696783,0.000000,2.456056
1771.0962,2026-06-18T16:32:37.215384,0.000000,2.455924
1771.5980,2026-06-18T16:32:37.717179,0.000000,2.455916
1772.0966,2026-06-18T16:32:38.215845,0.000000,2.455668
1772.6049,2026-06-18T16:32:38.724149,0.000000,2.455824
1773.1004,2026-06-18T16:32:39.219637,0.000000,2.456372
1773.5986,2026-06-18T16:32:39.717839,0.000000,2.456600
1774.0723,2026-06-18T16:32:40.191509,0.000000,2.457444
1774.5510,2026-06-18T16:32:40.670228,0.000000,2.458132
1775.0362,2026-06-18T16:32:41.155390,0.000000,2.458564
1775.5588,2026-06-18T16:32:41.678003,0.000000,2.459476
1776.0615,2026-06-18T16:32:42.180742,0.000000,2.459216
1776.5618,2026-06-18T16:32:42.681003,0.000000,2.458892
1777.0616,2026-06-18T16:32:43.180862,0.000000,2.458832
1777.5664,2026-06-18T16:32:43.685653,0.000000,2.458952
1778.0683,2026-06-18T16:32:44.187524,0.000000,2.460028
1778.5738,2026-06-18T16:32:44.692978,0.000000,2.460660
1779.0643,2026-06-18T16:32:45.183515,0.000000,2.460924
1779.5403,2026-06-18T16:32:45.659513,0.000000,2.460876
1780.0447,2026-06-18T16:32:46.163914,0.000000,2.460508
1780.5340,2026-06-18T16:32:46.653211,0.000000,2.460492
1781.0379,2026-06-18T16:32:47.157080,0.000000,2.460380
1781.5173,2026-06-18T16:32:47.636556,0.000000,2.460484
1782.0239,2026-06-18T16:32:48.143085,0.000000,2.460712
1782.5177,2026-06-18T16:32:48.636883,0.000000,2.460896
1783.0420,2026-06-18T16:32:49.161248,0.000000,2.461516
1783.5343,2026-06-18T16:32:49.653487,0.000000,2.462056
1784.0313,2026-06-18T16:32:50.150509,0.000000,2.462604
1784.5289,2026-06-18T16:32:50.648103,0.000000,2.463124
1785.0172,2026-06-18T16:32:51.136461,0.000000,2.463464
1785.5102,2026-06-18T16:32:51.629416,0.000000,2.463668
1786.0179,2026-06-18T16:32:52.137128,0.000000,2.463640
1786.5133,2026-06-18T16:32:52.632547,0.000000,2.463696
1787.0134,2026-06-18T16:32:53.132634,0.000000,2.463984
1787.5117,2026-06-18T16:32:53.630896,0.000000,2.464396
1788.0115,2026-06-18T16:32:54.130675,0.000000,2.465200
1788.5114,2026-06-18T16:32:54.630619,0.000000,2.466096
1789.0408,2026-06-18T16:32:55.160055,0.000000,2.466860
1789.5301,2026-06-18T16:32:55.649282,0.000000,2.467276
1789.9995,2026-06-18T16:32:56.118759,0.000000,2.467520
1790.5035,2026-06-18T16:32:56.622729,0.000000,2.467612
1791.0007,2026-06-18T16:32:57.119872,0.000000,2.467948
1791.5013,2026-06-18T16:32:57.620470,0.000000,2.468284
1791.9939,2026-06-18T16:32:58.113109,0.000000,2.468652
1792.4869,2026-06-18T16:32:58.606068,0.000000,2.468760
1793.0074,2026-06-18T16:32:59.126570,0.000000,2.468780
1793.5065,2026-06-18T16:32:59.625760,0.000000,2.469124
1793.9608,2026-06-18T16:33:00.080000,0.000000,2.469192
1794.4498,2026-06-18T16:33:00.569021,0.000000,2.469544
1794.9492,2026-06-18T16:33:01.068421,0.000000,2.469752
1795.4497,2026-06-18T16:33:01.568950,0.000000,2.470140
1795.9150,2026-06-18T16:33:02.034207,0.000000,2.470360
1796.4134,2026-06-18T16:33:02.532656,0.000000,2.470828
1796.9011,2026-06-18T16:33:03.020281,0.000000,2.471060
1797.4048,2026-06-18T16:33:03.524044,0.000000,2.471208
1797.9110,2026-06-18T16:33:04.030236,0.000000,2.471580
1798.4133,2026-06-18T16:33:04.532510,0.000000,2.471612
1798.8880,2026-06-18T16:33:05.007161,0.000000,2.472136
1799.3885,2026-06-18T16:33:05.507683,0.000000,2.472608
1799.8838,2026-06-18T16:33:06.003056,0.000000,2.473292
1800.3907,2026-06-18T16:33:06.509871,0.000000,2.473780
1800.8888,2026-06-18T16:33:07.008008,0.000000,2.474208
1801.4153,2026-06-18T16:33:07.534514,0.000000,2.474732
1801.9130,2026-06-18T16:33:08.032260,0.000000,2.475064
1802.3949,2026-06-18T16:33:08.514079,0.000000,2.474972
1802.8710,2026-06-18T16:33:08.990166,0.000000,2.474904
1803.3596,2026-06-18T16:33:09.478770,0.000000,2.474740
1803.8461,2026-06-18T16:33:09.965290,0.000000,2.474464
1804.3425,2026-06-18T16:33:10.461711,0.000000,2.474912
1804.8272,2026-06-18T16:33:10.946449,0.000000,2.475296
1805.3486,2026-06-18T16:33:11.467821,0.000000,2.475788
1805.8625,2026-06-18T16:33:11.981702,0.000000,2.476660
1806.3472,2026-06-18T16:33:12.466437,0.000000,2.477164
1806.8486,2026-06-18T16:33:12.967820,0.000000,2.477448
1807.3498,2026-06-18T16:33:13.469042,0.000000,2.477808
1807.8533,2026-06-18T16:33:13.972528,0.000000,2.477868
1808.3435,2026-06-18T16:33:14.462739,0.000000,2.478216
1808.8419,2026-06-18T16:33:14.961088,0.000000,2.478708
1809.3598,2026-06-18T16:33:15.479054,0.000000,2.478988
1809.8633,2026-06-18T16:33:15.982531,0.000000,2.479428
1810.3572,2026-06-18T16:33:16.476443,0.000000,2.480052
1810.8616,2026-06-18T16:33:16.980774,0.000000,2.480608
1811.3575,2026-06-18T16:33:17.476684,0.000000,2.481148
1811.8371,2026-06-18T16:33:17.956321,0.000000,2.481352
1812.3285,2026-06-18T16:33:18.447670,0.000000,2.481396
1812.8562,2026-06-18T16:33:18.975385,0.000000,2.481296
1813.3516,2026-06-18T16:33:19.470773,0.000000,2.481348
1813.8463,2026-06-18T16:33:19.965481,0.000000,2.481800
1814.3439,2026-06-18T16:33:20.463098,0.000000,2.482072
1814.8199,2026-06-18T16:33:20.939109,0.000000,2.482428
1815.3208,2026-06-18T16:33:21.440030,0.000000,2.482772
1815.7949,2026-06-18T16:33:21.914162,0.000000,2.483196
1816.2937,2026-06-18T16:33:22.412904,0.000000,2.483348
1816.8073,2026-06-18T16:33:22.926487,0.000000,2.483444
1817.3220,2026-06-18T16:33:23.441198,0.000000,2.483448
1817.8156,2026-06-18T16:33:23.934786,0.000000,2.483372
1818.3169,2026-06-18T16:33:24.436088,0.000000,2.483584
1818.8077,2026-06-18T16:33:24.926932,0.000000,2.484124
1819.3114,2026-06-18T16:33:25.430596,0.000000,2.484644
1819.8047,2026-06-18T16:33:25.923875,0.000000,2.485420
1820.3322,2026-06-18T16:33:26.451411,0.000000,2.486208
1820.8289,2026-06-18T16:33:26.948176,0.000000,2.487028
1821.3295,2026-06-18T16:33:27.448666,0.000000,2.487496
1821.8112,2026-06-18T16:33:27.930388,0.000000,2.487684
1822.3121,2026-06-18T16:33:28.431358,0.000000,2.487936
1822.8153,2026-06-18T16:33:28.934517,0.000000,2.487804
1823.3504,2026-06-18T16:33:29.469642,0.000000,2.488284
1823.8166,2026-06-18T16:33:29.935792,0.000000,2.488388
1824.3161,2026-06-18T16:33:30.435335,0.000000,2.488924
1824.8125,2026-06-18T16:33:30.931742,0.000000,2.490216
1825.3174,2026-06-18T16:33:31.436617,0.000000,2.491156
1825.8090,2026-06-18T16:33:31.928242,0.000000,2.492200
1826.2961,2026-06-18T16:33:32.415352,0.000000,2.493004
1826.7751,2026-06-18T16:33:32.894350,0.000000,2.492928
1827.2596,2026-06-18T16:33:33.378807,0.000000,2.493084
1827.7388,2026-06-18T16:33:33.858017,0.000000,2.493436
1828.2388,2026-06-18T16:33:34.358025,0.000000,2.493380
1828.7406,2026-06-18T16:33:34.859833,0.000000,2.493992
1829.2383,2026-06-18T16:33:35.357556,0.000000,2.494248
1829.7345,2026-06-18T16:33:35.853755,0.000000,2.494472
1830.2318,2026-06-18T16:33:36.351038,0.000000,2.495080
1830.7278,2026-06-18T16:33:36.846967,0.000000,2.495720
1831.2230,2026-06-18T16:33:37.342250,0.000000,2.496436
1831.7295,2026-06-18T16:33:37.848748,0.000000,2.497284
1832.2245,2026-06-18T16:33:38.343689,0.000000,2.497868
1832.7485,2026-06-18T16:33:38.867755,0.000000,2.497988
1833.2421,2026-06-18T16:33:39.361310,0.000000,2.497960
1833.7411,2026-06-18T16:33:39.860291,0.000000,2.497888
1834.2372,2026-06-18T16:33:40.356391,0.000000,2.497532
1834.7154,2026-06-18T16:33:40.834593,0.000000,2.497536
1835.2066,2026-06-18T16:33:41.325806,0.000000,2.497888
1835.7141,2026-06-18T16:33:41.833308,0.000000,2.498120
1836.2392,2026-06-18T16:33:42.358379,0.000000,2.498840
1836.7464,2026-06-18T16:33:42.865593,0.000000,2.499348
1837.2330,2026-06-18T16:33:43.352253,0.000000,2.499708
1837.7301,2026-06-18T16:33:43.849352,0.000000,2.500060
1838.1914,2026-06-18T16:33:44.310598,0.000000,2.500392
1838.6973,2026-06-18T16:33:44.816477,0.000000,2.500664
1839.1987,2026-06-18T16:33:45.317945,0.000000,2.500740
1839.6920,2026-06-18T16:33:45.811187,0.000000,2.500832
1840.2198,2026-06-18T16:33:46.338970,0.000000,2.501004
1840.7091,2026-06-18T16:33:46.828319,0.000000,2.501304
1841.2077,2026-06-18T16:33:47.326962,0.000000,2.501996
1841.7063,2026-06-18T16:33:47.825524,0.000000,2.502624
1842.2052,2026-06-18T16:33:48.324425,0.000000,2.502996
1842.6651,2026-06-18T16:33:48.784351,0.000000,2.503320
1843.1695,2026-06-18T16:33:49.288675,0.000000,2.503376
1843.6613,2026-06-18T16:33:49.780490,0.000000,2.503492
1844.1824,2026-06-18T16:33:50.301640,0.000000,2.503720
1844.6524,2026-06-18T16:33:50.771627,0.000000,2.504072
1845.1558,2026-06-18T16:33:51.274974,0.000000,2.504296
1845.6586,2026-06-18T16:33:51.777796,0.000000,2.504696
1846.1602,2026-06-18T16:33:52.279468,0.000000,2.505280
1846.6531,2026-06-18T16:33:52.772323,0.000000,2.505612
1847.1504,2026-06-18T16:33:53.269657,0.000000,2.505832
1847.6737,2026-06-18T16:33:53.792952,0.000000,2.506144
1848.1696,2026-06-18T16:33:54.288858,0.000000,2.506396
1848.6616,2026-06-18T16:33:54.780813,0.000000,2.506844
1849.1470,2026-06-18T16:33:55.266185,0.000000,2.507816
1849.6421,2026-06-18T16:33:55.761329,0.000000,2.508992
1850.1467,2026-06-18T16:33:56.265904,0.000000,2.509796
1850.6421,2026-06-18T16:33:56.761349,0.000000,2.510396
1851.1320,2026-06-18T16:33:57.251210,0.000000,2.510832
1851.6588,2026-06-18T16:33:57.777985,0.000000,2.511084
1852.1579,2026-06-18T16:33:58.277109,0.000000,2.511680
1852.6583,2026-06-18T16:33:58.777508,0.000000,2.512280
1853.1578,2026-06-18T16:33:59.277006,0.000000,2.512808
1853.6504,2026-06-18T16:33:59.769634,0.000000,2.513188
1854.1390,2026-06-18T16:34:00.258219,0.000000,2.513484
1854.6418,2026-06-18T16:34:00.761004,0.000000,2.513972
1855.1408,2026-06-18T16:34:01.259966,0.000000,2.514292
1855.6413,2026-06-18T16:34:01.760527,0.000000,2.514656
1856.1319,2026-06-18T16:34:02.251146,0.000000,2.515160
1856.6289,2026-06-18T16:34:02.748115,0.000000,2.515708
1857.1278,2026-06-18T16:34:03.246972,0.000000,2.516040
1857.6337,2026-06-18T16:34:03.752951,0.000000,2.516440
1858.1336,2026-06-18T16:34:04.252859,0.000000,2.516644
1858.6343,2026-06-18T16:34:04.753511,0.000000,2.516848
1859.1316,2026-06-18T16:34:05.250833,0.000000,2.517288
1859.6252,2026-06-18T16:34:05.744402,0.000000,2.518052
1860.0923,2026-06-18T16:34:06.211473,0.000000,2.518608
1860.5915,2026-06-18T16:34:06.710749,0.000000,2.519136
1861.0715,2026-06-18T16:34:07.190738,0.000000,2.519608
1861.5512,2026-06-18T16:34:07.670457,0.000000,2.519728
1862.0256,2026-06-18T16:34:08.144788,0.000000,2.519964
1862.5222,2026-06-18T16:34:08.641455,0.000000,2.520280
1863.0413,2026-06-18T16:34:09.160483,0.000000,2.520584
1863.5358,2026-06-18T16:34:09.655042,0.000000,2.520872
1864.0276,2026-06-18T16:34:10.146772,0.000000,2.521384
1864.5295,2026-06-18T16:34:10.648699,0.000000,2.521576
1865.0289,2026-06-18T16:34:11.148095,0.000000,2.521760
1865.5189,2026-06-18T16:34:11.638145,0.000000,2.521988
1866.0137,2026-06-18T16:34:12.132943,0.000000,2.522148
1866.5207,2026-06-18T16:34:12.639945,0.000000,2.522372
1867.0298,2026-06-18T16:34:13.149053,0.000000,2.522756
1867.5216,2026-06-18T16:34:13.640838,0.000000,2.523112
1868.0128,2026-06-18T16:34:14.132040,0.000000,2.523452
1868.5061,2026-06-18T16:34:14.625359,0.000000,2.523768
1869.0083,2026-06-18T16:34:15.127491,0.000000,2.524092
1869.5027,2026-06-18T16:34:15.621872,0.000000,2.524656
1869.9725,2026-06-18T16:34:16.091725,0.000000,2.525264
1870.5027,2026-06-18T16:34:16.621901,0.000000,2.526252
1871.0025,2026-06-18T16:34:17.121751,0.000000,2.527180
1871.4709,2026-06-18T16:34:17.590146,0.000000,2.527592
1871.9565,2026-06-18T16:34:18.075723,0.000000,2.527632
1872.4166,2026-06-18T16:34:18.535829,0.000000,2.527584
1872.9023,2026-06-18T16:34:19.021468,0.000000,2.527788
1873.3984,2026-06-18T16:34:19.517610,0.000000,2.528568
1873.8583,2026-06-18T16:34:19.977527,0.000000,2.529168
1874.3435,2026-06-18T16:34:20.462762,0.000000,2.529720
1874.8110,2026-06-18T16:34:20.930204,0.000000,2.530044
1875.2966,2026-06-18T16:34:21.415794,0.000000,2.530544
1875.7616,2026-06-18T16:34:21.880795,0.000000,2.531856
1876.2651,2026-06-18T16:34:22.384288,0.000000,2.532960
1876.7667,2026-06-18T16:34:22.885869,0.000000,2.534092
1877.2694,2026-06-18T16:34:23.388631,0.000000,2.534728
1877.7874,2026-06-18T16:34:23.906571,0.000000,2.535240
1878.2849,2026-06-18T16:34:24.404138,0.000000,2.535568
1878.7697,2026-06-18T16:34:24.888947,0.000000,2.535564
1879.2707,2026-06-18T16:34:25.389957,0.000000,2.535916
1879.7630,2026-06-18T16:34:25.882256,0.000000,2.536132
1880.2815,2026-06-18T16:34:26.400681,0.000000,2.536668
1880.7651,2026-06-18T16:34:26.884353,0.000000,2.537620
1881.2331,2026-06-18T16:34:27.352310,0.000000,2.538308
1881.7317,2026-06-18T16:34:27.850957,0.000000,2.538916
1882.2311,2026-06-18T16:34:28.350298,0.000000,2.539364
1882.7233,2026-06-18T16:34:28.842488,0.000000,2.540224
1883.1960,2026-06-18T16:34:29.315223,0.000000,2.541176
1883.6869,2026-06-18T16:34:29.806071,0.000000,2.542060
1884.1943,2026-06-18T16:34:30.313526,0.000000,2.542684
1884.6574,2026-06-18T16:34:30.776609,0.000000,2.543020
1885.1538,2026-06-18T16:34:31.273034,0.000000,2.543200
1885.6786,2026-06-18T16:34:31.797798,0.000000,2.543508
1886.1782,2026-06-18T16:34:32.297459,0.000000,2.543904
1886.6625,2026-06-18T16:34:32.781692,0.000000,2.544576
1887.1415,2026-06-18T16:34:33.260767,0.000000,2.544840
1887.6432,2026-06-18T16:34:33.762392,0.000000,2.544904
1888.1210,2026-06-18T16:34:34.240196,0.000000,2.545600
1888.6276,2026-06-18T16:34:34.746803,0.000000,2.545716
1889.1233,2026-06-18T16:34:35.242572,0.000000,2.545912
1889.5889,2026-06-18T16:34:35.708110,0.000000,2.546256
1890.0895,2026-06-18T16:34:36.208669,0.000000,2.546004
1890.6147,2026-06-18T16:34:36.733876,0.000000,2.546164
1891.1069,2026-06-18T16:34:37.226139,0.000000,2.546608
1891.5950,2026-06-18T16:34:37.714262,0.000000,2.547768
1892.0704,2026-06-18T16:34:38.189666,0.000000,2.548776
1892.5629,2026-06-18T16:34:38.682141,0.000000,2.549920
1893.0172,2026-06-18T16:34:39.136383,0.000000,2.551128
1893.5122,2026-06-18T16:34:39.631406,0.000000,2.551836
1893.9985,2026-06-18T16:34:40.117741,0.000000,2.552664
1894.4941,2026-06-18T16:34:40.613303,0.000000,2.553128
1895.0174,2026-06-18T16:34:41.136628,0.000000,2.554048
1895.5227,2026-06-18T16:34:41.641958,0.000000,2.554504
1896.0168,2026-06-18T16:34:42.136061,0.000000,2.554616
1896.5235,2026-06-18T16:34:42.642714,0.000000,2.555108
1897.0211,2026-06-18T16:34:43.140343,0.000000,2.554820
1897.5245,2026-06-18T16:34:43.643673,0.000000,2.555268
1898.0172,2026-06-18T16:34:44.136431,0.000000,2.556004
1898.5150,2026-06-18T16:34:44.634222,0.000000,2.556312
1899.0189,2026-06-18T16:34:45.138143,0.000000,2.557208
1899.5108,2026-06-18T16:34:45.630038,0.000000,2.557864
1900.0126,2026-06-18T16:34:46.131795,0.000000,2.558352
1900.5082,2026-06-18T16:34:46.627404,0.000000,2.558728
1900.9820,2026-06-18T16:34:47.101213,0.000000,2.558880
1901.4670,2026-06-18T16:34:47.586221,0.000000,2.558856
1901.9750,2026-06-18T16:34:48.094192,0.000000,2.558980
1902.4749,2026-06-18T16:34:48.594089,0.000000,2.559304
1903.0144,2026-06-18T16:34:49.133559,0.000000,2.559728
1903.4879,2026-06-18T16:34:49.607070,0.000000,2.560392
1903.9887,2026-06-18T16:34:50.107900,0.000000,2.561096
1904.4790,2026-06-18T16:34:50.598247,0.000000,2.562024
1904.9919,2026-06-18T16:34:51.111084,0.000000,2.562828
1905.4703,2026-06-18T16:34:51.589538,0.000000,2.563424
1905.9706,2026-06-18T16:34:52.089851,0.000000,2.563992
1906.4700,2026-06-18T16:34:52.589223,0.000000,2.564468
1906.9743,2026-06-18T16:34:53.093491,0.000000,2.564584
1907.4690,2026-06-18T16:34:53.588248,0.000000,2.565200
1907.9606,2026-06-18T16:34:54.079858,0.000000,2.565432
1908.4618,2026-06-18T16:34:54.580973,0.000000,2.565704
1908.9558,2026-06-18T16:34:55.074975,0.000000,2.566136
1909.4521,2026-06-18T16:34:55.571309,0.000000,2.565980
1909.9790,2026-06-18T16:34:56.098215,0.000000,2.566088
1910.4831,2026-06-18T16:34:56.602296,0.000000,2.566336
1910.9455,2026-06-18T16:34:57.064674,0.000000,2.566872
1911.4203,2026-06-18T16:34:57.539481,0.000000,2.567560
1911.8846,2026-06-18T16:34:58.003822,0.000000,2.568232
1912.3588,2026-06-18T16:34:58.478046,0.000000,2.568812
1912.8474,2026-06-18T16:34:58.966694,0.000000,2.569256
1913.3528,2026-06-18T16:34:59.472053,0.000000,2.569496
1913.8488,2026-06-18T16:34:59.967995,0.000000,2.570048
1914.3371,2026-06-18T16:35:00.456323,0.000000,2.570512
1914.8343,2026-06-18T16:35:00.953472,0.000000,2.571332
1915.3486,2026-06-18T16:35:01.467778,0.000000,2.572512
1915.8550,2026-06-18T16:35:01.974243,0.000000,2.573200
1916.3552,2026-06-18T16:35:02.474394,0.000000,2.573680
1916.8488,2026-06-18T16:35:02.968000,0.000000,2.573808
1917.3524,2026-06-18T16:35:03.471658,0.000000,2.573784
1917.8568,2026-06-18T16:35:03.976016,0.000000,2.573920
1918.3878,2026-06-18T16:35:04.507002,0.000000,2.574508
1918.8851,2026-06-18T16:35:05.004345,0.000000,2.574772
1919.3876,2026-06-18T16:35:05.506796,0.000000,2.575304
1919.8766,2026-06-18T16:35:05.995858,0.000000,2.575972
1920.3736,2026-06-18T16:35:06.492768,0.000000,2.576232
1920.8731,2026-06-18T16:35:06.992340,0.000000,2.576872
1921.3731,2026-06-18T16:35:07.492288,0.000000,2.577528
1921.8806,2026-06-18T16:35:07.999773,0.000000,2.578148
1922.3815,2026-06-18T16:35:08.500678,0.000000,2.578908
1922.8624,2026-06-18T16:35:08.981575,0.000000,2.579508
1923.3576,2026-06-18T16:35:09.476776,0.000000,2.579824
1923.8594,2026-06-18T16:35:09.978648,0.000000,2.579960
1924.3565,2026-06-18T16:35:10.475706,0.000000,2.579932
1924.8635,2026-06-18T16:35:10.982721,0.000000,2.580052
1925.3610,2026-06-18T16:35:11.480220,0.000000,2.580104
1925.8621,2026-06-18T16:35:11.981339,0.000000,2.580620
1926.3517,2026-06-18T16:35:12.470952,0.000000,2.581228
1926.8521,2026-06-18T16:35:12.971282,0.000000,2.581924
1927.3561,2026-06-18T16:35:13.475310,0.000000,2.582680
1927.8596,2026-06-18T16:35:13.978805,0.000000,2.583036
1928.3546,2026-06-18T16:35:14.473779,0.000000,2.583632
1928.8617,2026-06-18T16:35:14.980872,0.000000,2.584268
1929.3412,2026-06-18T16:35:15.460378,0.000000,2.584900
1929.8378,2026-06-18T16:35:15.956976,0.000000,2.585460
1930.3318,2026-06-18T16:35:16.451059,0.000000,2.586076
1930.8287,2026-06-18T16:35:16.947865,0.000000,2.586840
1931.3174,2026-06-18T16:35:17.436572,0.000000,2.587620
1931.8189,2026-06-18T16:35:17.938086,0.000000,2.588428
1932.3378,2026-06-18T16:35:18.457015,0.000000,2.589136
1932.8360,2026-06-18T16:35:18.955249,0.000000,2.589688
1933.3312,2026-06-18T16:35:19.450379,0.000000,2.590220
1933.8274,2026-06-18T16:35:19.946586,0.000000,2.590856
1934.3183,2026-06-18T16:35:20.437460,0.000000,2.591536
1934.8107,2026-06-18T16:35:20.929895,0.000000,2.591972
1935.3146,2026-06-18T16:35:21.433777,0.000000,2.592516
1935.8258,2026-06-18T16:35:21.945041,0.000000,2.593196
1936.3305,2026-06-18T16:35:22.449690,0.000000,2.593796
1936.8195,2026-06-18T16:35:22.938708,0.000000,2.594736
1937.3187,2026-06-18T16:35:23.437964,0.000000,2.595436
1937.8153,2026-06-18T16:35:23.934495,0.000000,2.595924
1938.2943,2026-06-18T16:35:24.413501,0.000000,2.596560
1938.7871,2026-06-18T16:35:24.906285,0.000000,2.597088
1939.2870,2026-06-18T16:35:25.406215,0.000000,2.597708
1939.8092,2026-06-18T16:35:25.928384,0.000000,2.598348
1940.3066,2026-06-18T16:35:26.425773,0.000000,2.599068
1940.8036,2026-06-18T16:35:26.922822,0.000000,2.599452
1941.3005,2026-06-18T16:35:27.419671,0.000000,2.599808
1941.8062,2026-06-18T16:35:27.925450,0.000000,2.600508
1942.3082,2026-06-18T16:35:28.427403,0.000000,2.600780
1942.8272,2026-06-18T16:35:28.946359,0.000000,2.601200
1943.3277,2026-06-18T16:35:29.446911,0.000000,2.601772
1943.8314,2026-06-18T16:35:29.950619,0.000000,2.602000
1944.3224,2026-06-18T16:35:30.441651,0.000000,2.602388
1944.7951,2026-06-18T16:35:30.914282,0.000000,2.603092
1945.2905,2026-06-18T16:35:31.409684,0.000000,2.603976
1945.7729,2026-06-18T16:35:31.892102,0.000000,2.604700
1946.2311,2026-06-18T16:35:32.350315,0.000000,2.605824
1946.7199,2026-06-18T16:35:32.839076,0.000000,2.606444
1947.1897,2026-06-18T16:35:33.308876,0.000000,2.606936
1947.6934,2026-06-18T16:35:33.812667,0.000000,2.607368
1948.1932,2026-06-18T16:35:34.312390,0.000000,2.607640
1948.7063,2026-06-18T16:35:34.825494,0.000000,2.608080
1949.1968,2026-06-18T16:35:35.316062,0.000000,2.608752
1949.6979,2026-06-18T16:35:35.817077,0.000000,2.609164
1950.1995,2026-06-18T16:35:36.318700,0.000000,2.609448
1950.6954,2026-06-18T16:35:36.814596,0.000000,2.609688
1951.1874,2026-06-18T16:35:37.306650,0.000000,2.609504
1951.7088,2026-06-18T16:35:37.828031,0.000000,2.610032
1952.2061,2026-06-18T16:35:38.325299,0.000000,2.610896
1952.7118,2026-06-18T16:35:38.831049,0.000000,2.611712
1953.2082,2026-06-18T16:35:39.327377,0.000000,2.612680
1953.7036,2026-06-18T16:35:39.822784,0.000000,2.613296
1954.2035,2026-06-18T16:35:40.322737,0.000000,2.613556
1954.7311,2026-06-18T16:35:40.850340,0.000000,2.613936
1955.2144,2026-06-18T16:35:41.333646,0.000000,2.614288
1955.7146,2026-06-18T16:35:41.833796,0.000000,2.614940
1956.2082,2026-06-18T16:35:42.327396,0.000000,2.615896
1956.7146,2026-06-18T16:35:42.833810,0.000000,2.617136
1957.2101,2026-06-18T16:35:43.329261,0.000000,2.618404
1957.7057,2026-06-18T16:35:43.824927,0.000000,2.619404
1958.1954,2026-06-18T16:35:44.314623,0.000000,2.620544
1958.6909,2026-06-18T16:35:44.810094,0.000000,2.621100
1959.2102,2026-06-18T16:35:45.329441,0.000000,2.621844
1959.6994,2026-06-18T16:35:45.818660,0.000000,2.622404
1960.1980,2026-06-18T16:35:46.317223,0.000000,2.622472
1960.6911,2026-06-18T16:35:46.810311,0.000000,2.622904
1961.1760,2026-06-18T16:35:47.295191,0.000000,2.623432
1961.6745,2026-06-18T16:35:47.793691,0.000000,2.624240
1962.1527,2026-06-18T16:35:48.271925,0.000000,2.625116
1962.6478,2026-06-18T16:35:48.766983,0.000000,2.625832
1963.1555,2026-06-18T16:35:49.274706,0.000000,2.626364
1963.6177,2026-06-18T16:35:49.736870,0.000000,2.626836
1964.0937,2026-06-18T16:35:50.212958,0.000000,2.627440
1964.5658,2026-06-18T16:35:50.685039,0.000000,2.628168
1965.0471,2026-06-18T16:35:51.166305,0.000000,2.628796
1965.5475,2026-06-18T16:35:51.666734,0.000000,2.629536
1966.0354,2026-06-18T16:35:52.154614,0.000000,2.630208
1966.5352,2026-06-18T16:35:52.654451,0.000000,2.631136
1967.0377,2026-06-18T16:35:53.156932,0.000000,2.632028
1967.5076,2026-06-18T16:35:53.626778,0.000000,2.632664
1968.0068,2026-06-18T16:35:54.126036,0.000000,2.633336
1968.5274,2026-06-18T16:35:54.646637,0.000000,2.633520
1969.0268,2026-06-18T16:35:55.146031,0.000000,2.633820
1969.5077,2026-06-18T16:35:55.626911,0.000000,2.634244
1970.0108,2026-06-18T16:35:56.129981,0.000000,2.634536
1970.4945,2026-06-18T16:35:56.613740,0.000000,2.634856
1970.9962,2026-06-18T16:35:57.115378,0.000000,2.635160
1971.5028,2026-06-18T16:35:57.622014,0.000000,2.635692
1971.9948,2026-06-18T16:35:58.114003,0.000000,2.636180
1972.5151,2026-06-18T16:35:58.634324,0.000000,2.636944
1972.9980,2026-06-18T16:35:59.117240,0.000000,2.637644
1973.4746,2026-06-18T16:35:59.593812,0.000000,2.638080
1973.9621,2026-06-18T16:36:00.081287,0.000000,2.638472
1974.4628,2026-06-18T16:36:00.581976,0.000000,2.638968
1974.9326,2026-06-18T16:36:01.051795,0.000000,2.639844
1975.4352,2026-06-18T16:36:01.554446,0.000000,2.640612
1975.9645,2026-06-18T16:36:02.083706,0.000000,2.641576
1976.4603,2026-06-18T16:36:02.579468,0.000000,2.642560
1976.9345,2026-06-18T16:36:03.053721,0.000000,2.643192
1977.4393,2026-06-18T16:36:03.558542,0.000000,2.643772
1977.9340,2026-06-18T16:36:04.053206,0.000000,2.644080
1978.4289,2026-06-18T16:36:04.548143,0.000000,2.644392
1978.9270,2026-06-18T16:36:05.046228,0.000000,2.644536
1979.4309,2026-06-18T16:36:05.550109,0.000000,2.645028
1979.9440,2026-06-18T16:36:06.063201,0.000000,2.645780
1980.4481,2026-06-18T16:36:06.567320,0.000000,2.646220
1980.9372,2026-06-18T16:36:07.056429,0.000000,2.647100
1981.4393,2026-06-18T16:36:07.558521,0.000000,2.647912
1981.9350,2026-06-18T16:36:08.054198,0.000000,2.648684
1982.4097,2026-06-18T16:36:08.528930,0.000000,2.649720
1982.9066,2026-06-18T16:36:09.025866,0.000000,2.650396
1983.4311,2026-06-18T16:36:09.550276,0.000000,2.650948
1983.9271,2026-06-18T16:36:10.046270,0.000000,2.651536
1984.4268,2026-06-18T16:36:10.545999,0.000000,2.652248
1984.9297,2026-06-18T16:36:11.048942,0.000000,2.652816
1985.4292,2026-06-18T16:36:11.548440,0.000000,2.653452
1985.9035,2026-06-18T16:36:12.022671,0.000000,2.654124
1986.3952,2026-06-18T16:36:12.514371,0.000000,2.654620
1986.9152,2026-06-18T16:36:13.034411,0.000000,2.655272
1987.4230,2026-06-18T16:36:13.542255,0.000000,2.655860
1987.9267,2026-06-18T16:36:14.045942,0.000000,2.656068
1988.4226,2026-06-18T16:36:14.541850,0.000000,2.656412
1988.8935,2026-06-18T16:36:15.012691,0.000000,2.656740
1989.3912,2026-06-18T16:36:15.510426,0.000000,2.657392
1989.8934,2026-06-18T16:36:16.012646,0.000000,2.658400
1990.4142,2026-06-18T16:36:16.533410,0.000000,2.659592
1990.9231,2026-06-18T16:36:17.042276,0.000000,2.660636
1991.4193,2026-06-18T16:36:17.538547,0.000000,2.661352
1991.9170,2026-06-18T16:36:18.036232,0.000000,2.661776
1992.4234,2026-06-18T16:36:18.542636,0.000000,2.661920
1992.9263,2026-06-18T16:36:19.045551,0.000000,2.662092
1993.4226,2026-06-18T16:36:19.541810,0.000000,2.662572
1993.9516,2026-06-18T16:36:20.070791,0.000000,2.663164
1994.4423,2026-06-18T16:36:20.561527,0.000000,2.663656
1994.9390,2026-06-18T16:36:21.058167,0.000000,2.664012
1995.4298,2026-06-18T16:36:21.548987,0.000000,2.664224
1995.9091,2026-06-18T16:36:22.028264,0.000000,2.664708
1996.4067,2026-06-18T16:36:22.525899,0.000000,2.665364
1996.9053,2026-06-18T16:36:23.024536,0.000000,2.666068
1997.3976,2026-06-18T16:36:23.516802,0.000000,2.667116
1997.9039,2026-06-18T16:36:24.023066,0.000000,2.668168
1998.4071,2026-06-18T16:36:24.526303,0.000000,2.668732
1998.9044,2026-06-18T16:36:25.023591,0.000000,2.669716
1999.4106,2026-06-18T16:36:25.529771,0.000000,2.670152
1999.9063,2026-06-18T16:36:26.025534,0.000000,2.670372
2000.4102,2026-06-18T16:36:26.529391,0.000000,2.670808
2000.9064,2026-06-18T16:36:27.025649,0.000000,2.670920
2001.4363,2026-06-18T16:36:27.555560,0.000000,2.671372
2001.9284,2026-06-18T16:36:28.047640,0.000000,2.671304
2002.4266,2026-06-18T16:36:28.545768,0.000000,2.671576
2002.9217,2026-06-18T16:36:29.040909,0.000000,2.672048
2003.3907,2026-06-18T16:36:29.509877,0.000000,2.672384
2003.8908,2026-06-18T16:36:30.010011,0.000000,2.673176
2004.3653,2026-06-18T16:36:30.484530,0.000000,2.673964
2004.8538,2026-06-18T16:36:30.973042,0.000000,2.674792
2005.3301,2026-06-18T16:36:31.449352,0.000000,2.675696
2005.8236,2026-06-18T16:36:31.942835,0.000000,2.676856
2006.3327,2026-06-18T16:36:32.451958,0.000000,2.677864
2006.8255,2026-06-18T16:36:32.944730,0.000000,2.678552
2007.2931,2026-06-18T16:36:33.412349,0.000000,2.679372
2007.7856,2026-06-18T16:36:33.904771,0.000000,2.679928
2008.2856,2026-06-18T16:36:34.404807,0.000000,2.680264
2008.7913,2026-06-18T16:36:34.910549,0.000000,2.681164
2009.2888,2026-06-18T16:36:35.408023,0.000000,2.681796
2009.7933,2026-06-18T16:36:35.912493,0.000000,2.682580
2010.2922,2026-06-18T16:36:36.411407,0.000000,2.683764
2010.8086,2026-06-18T16:36:36.927857,0.000000,2.684356
2011.2958,2026-06-18T16:36:37.414993,0.000000,2.685408
2011.8014,2026-06-18T16:36:37.920562,0.000000,2.686124
2012.2976,2026-06-18T16:36:38.416826,0.000000,2.686860
2012.8045,2026-06-18T16:36:38.923734,0.000000,2.687800
2013.3307,2026-06-18T16:36:39.449919,0.000000,2.688352
2013.8030,2026-06-18T16:36:39.922169,0.000000,2.688908
2014.3000,2026-06-18T16:36:40.419232,0.000000,2.689648
2014.8075,2026-06-18T16:36:40.926674,0.000000,2.690300
2015.2937,2026-06-18T16:36:41.412958,0.000000,2.691144
2015.7925,2026-06-18T16:36:41.911746,0.000000,2.691924
2016.2895,2026-06-18T16:36:42.408678,0.000000,2.692408
2016.7950,2026-06-18T16:36:42.914193,0.000000,2.692908
2017.3405,2026-06-18T16:36:43.459719,0.000000,2.693332
2017.8390,2026-06-18T16:36:43.958185,0.000000,2.693860
2018.3141,2026-06-18T16:36:44.433316,0.000000,2.694756
2018.8150,2026-06-18T16:36:44.934257,0.000000,2.695408
2019.3146,2026-06-18T16:36:45.433833,0.000000,2.696260
2019.8084,2026-06-18T16:36:45.927631,0.000000,2.696836
2020.2999,2026-06-18T16:36:46.419100,0.000000,2.697108
2020.8007,2026-06-18T16:36:46.919915,0.000000,2.697316
2021.3091,2026-06-18T16:36:47.428278,0.000000,2.697812
2021.8090,2026-06-18T16:36:47.928204,0.000000,2.698328
2022.3064,2026-06-18T16:36:48.425568,0.000000,2.699016
2022.8061,2026-06-18T16:36:48.925314,0.000000,2.699664
2023.3272,2026-06-18T16:36:49.446424,0.000000,2.700504
2023.8182,2026-06-18T16:36:49.937425,0.000000,2.701596
2024.3207,2026-06-18T16:36:50.439935,0.000000,2.702504
2024.8126,2026-06-18T16:36:50.931768,0.000000,2.703544
2025.3127,2026-06-18T16:36:51.431960,0.000000,2.704256
2025.8090,2026-06-18T16:36:51.928169,0.000000,2.704700
2026.3095,2026-06-18T16:36:52.428712,0.000000,2.705056
2026.8474,2026-06-18T16:36:52.966655,0.000000,2.705404
2027.3437,2026-06-18T16:36:53.462869,0.000000,2.706052
2027.8348,2026-06-18T16:36:53.953997,0.000000,2.706960
2028.3311,2026-06-18T16:36:54.450287,0.000000,2.707904
2028.8276,2026-06-18T16:36:54.946780,0.000000,2.709132
2029.3365,2026-06-18T16:36:55.455756,0.000000,2.710120
2029.8563,2026-06-18T16:36:55.975495,0.000000,2.710780
2030.3531,2026-06-18T16:36:56.472313,0.000000,2.711572
2030.8446,2026-06-18T16:36:56.963850,0.000000,2.712344
2031.3389,2026-06-18T16:36:57.458113,0.000000,2.713008
2031.8348,2026-06-18T16:36:57.954013,0.000000,2.714100
2032.2988,2026-06-18T16:36:58.418039,0.000000,2.715228
2032.8068,2026-06-18T16:36:58.925996,0.000000,2.715444
2033.3077,2026-06-18T16:36:59.426906,0.000000,2.716240
2033.8030,2026-06-18T16:36:59.922168,0.000000,2.716408
2034.3220,2026-06-18T16:37:00.441172,0.000000,2.717076
2034.8275,2026-06-18T16:37:00.946745,0.000000,2.718032
2035.3239,2026-06-18T16:37:01.443165,0.000000,2.718908
2035.8244,2026-06-18T16:37:01.943598,0.000000,2.719984
2036.3274,2026-06-18T16:37:02.446630,0.000000,2.720596
2036.8272,2026-06-18T16:37:02.946414,0.000000,2.721216
2037.3489,2026-06-18T16:37:03.468075,0.000000,2.721524
2037.8476,2026-06-18T16:37:03.966818,0.000000,2.722152
2038.3393,2026-06-18T16:37:04.458510,0.000000,2.722456
2038.8454,2026-06-18T16:37:04.964558,0.000000,2.722972
2039.3389,2026-06-18T16:37:05.458135,0.000000,2.723600
2039.8202,2026-06-18T16:37:05.939401,0.000000,2.723916
2040.3085,2026-06-18T16:37:06.427717,0.000000,2.724684
2040.7954,2026-06-18T16:37:06.914560,0.000000,2.725448
2041.3105,2026-06-18T16:37:07.429772,0.000000,2.725908
2041.8029,2026-06-18T16:37:07.922096,0.000000,2.726552
2042.3041,2026-06-18T16:37:08.423269,0.000000,2.727308
2042.8123,2026-06-18T16:37:08.931470,0.000000,2.728324
2043.3003,2026-06-18T16:37:09.419512,0.000000,2.729196
2043.7998,2026-06-18T16:37:09.919038,0.000000,2.730008
2044.2999,2026-06-18T16:37:10.419101,0.000000,2.730596
2044.8180,2026-06-18T16:37:10.937250,0.000000,2.730688
2045.3228,2026-06-18T16:37:11.442016,0.000000,2.731084
2045.8117,2026-06-18T16:37:11.930898,0.000000,2.731344
2046.3069,2026-06-18T16:37:12.426145,0.000000,2.731480
2046.8086,2026-06-18T16:37:12.927832,0.000000,2.731948
2047.3083,2026-06-18T16:37:13.427551,0.000000,2.732280
2047.8014,2026-06-18T16:37:13.920596,0.000000,2.732880
2048.3198,2026-06-18T16:37:14.439043,0.000000,2.733784
2048.8180,2026-06-18T16:37:14.937245,0.000000,2.734596
2049.3250,2026-06-18T16:37:15.444233,0.000000,2.735496
2049.8089,2026-06-18T16:37:15.928149,0.000000,2.736244
2050.3152,2026-06-18T16:37:16.434404,0.000000,2.736772
2050.8144,2026-06-18T16:37:16.933572,0.000000,2.737332
2051.3044,2026-06-18T16:37:17.423622,0.000000,2.738012
2051.8287,2026-06-18T16:37:17.947926,0.000000,2.738564
2052.3305,2026-06-18T16:37:18.449759,0.000000,2.739384
2052.8308,2026-06-18T16:37:18.949991,0.000000,2.739848
2053.3260,2026-06-18T16:37:19.445247,0.000000,2.740208
2053.8092,2026-06-18T16:37:19.928406,0.000000,2.740584
2054.3178,2026-06-18T16:37:20.437028,0.000000,2.740604
2054.8168,2026-06-18T16:37:20.936002,0.000000,2.740820
2055.3087,2026-06-18T16:37:21.427940,0.000000,2.741316
2055.7988,2026-06-18T16:37:21.918015,0.000000,2.741500
2056.2997,2026-06-18T16:37:22.418935,0.000000,2.741932
2056.7997,2026-06-18T16:37:22.918939,0.000000,2.742768
2057.2741,2026-06-18T16:37:23.393330,0.000000,2.743428
2057.7843,2026-06-18T16:37:23.903527,0.000000,2.744160
2058.2778,2026-06-18T16:37:24.396971,0.000000,2.744812
2058.7927,2026-06-18T16:37:24.911945,0.000000,2.745720
2059.2816,2026-06-18T16:37:25.400800,0.000000,2.746760
2059.7786,2026-06-18T16:37:25.897819,0.000000,2.747884
2060.2649,2026-06-18T16:37:26.384141,0.000000,2.749108
2060.7717,2026-06-18T16:37:26.890869,0.000000,2.749736
2061.2530,2026-06-18T16:37:27.372246,0.000000,2.750136
2061.7464,2026-06-18T16:37:27.865568,0.000000,2.750644
2062.2363,2026-06-18T16:37:28.355520,0.000000,2.751100
2062.7361,2026-06-18T16:37:28.855302,0.000000,2.751460
2063.2642,2026-06-18T16:37:29.383442,0.000000,2.752216
2063.7543,2026-06-18T16:37:29.873510,0.000000,2.752784
2064.2404,2026-06-18T16:37:30.359660,0.000000,2.753276
2064.7442,2026-06-18T16:37:30.863408,0.000000,2.753804
2065.2337,2026-06-18T16:37:31.352870,0.000000,2.754304
2065.7298,2026-06-18T16:37:31.849026,0.000000,2.755064
2066.2221,2026-06-18T16:37:32.341306,0.000000,2.755868
2066.7221,2026-06-18T16:37:32.841327,0.000000,2.756632
2067.2489,2026-06-18T16:37:33.368134,0.000000,2.757420
2067.7437,2026-06-18T16:37:33.862870,0.000000,2.757884
2068.2385,2026-06-18T16:37:34.357736,0.000000,2.758428
2068.7402,2026-06-18T16:37:34.859376,0.000000,2.758736
2069.2475,2026-06-18T16:37:35.366691,0.000000,2.759040
2069.7375,2026-06-18T16:37:35.856705,0.000000,2.759592
2070.2319,2026-06-18T16:37:36.351151,0.000000,2.760036
2070.7219,2026-06-18T16:37:36.841083,0.000000,2.760420
2071.2259,2026-06-18T16:37:37.345153,0.000000,2.760972
2071.7279,2026-06-18T16:37:37.847126,0.000000,2.761392
2072.2268,2026-06-18T16:37:38.345991,0.000000,2.761972
2072.7151,2026-06-18T16:37:38.834363,0.000000,2.762888
2073.2433,2026-06-18T16:37:39.362562,0.000000,2.763532
2073.7434,2026-06-18T16:37:39.862581,0.000000,2.764164
2074.2446,2026-06-18T16:37:40.363759,0.000000,2.764512
2074.7350,2026-06-18T16:37:40.854207,0.000000,2.765008
2075.2081,2026-06-18T16:37:41.327316,0.000000,2.765500
2075.7028,2026-06-18T16:37:41.821995,0.000000,2.765968
2076.1994,2026-06-18T16:37:42.318635,0.000000,2.766376
2076.6994,2026-06-18T16:37:42.818643,0.000000,2.766960
2077.2237,2026-06-18T16:37:43.342888,0.000000,2.767436
2077.7150,2026-06-18T16:37:43.834264,0.000000,2.767872
2078.2146,2026-06-18T16:37:44.333754,0.000000,2.768328
2078.7125,2026-06-18T16:37:44.831766,0.000000,2.768744
2079.2099,2026-06-18T16:37:45.329106,0.000000,2.769168
2079.7110,2026-06-18T16:37:45.830203,0.000000,2.769780
2080.2081,2026-06-18T16:37:46.327277,0.000000,2.770680
2080.7026,2026-06-18T16:37:46.821830,0.000000,2.771408
2081.1966,2026-06-18T16:37:47.315788,0.000000,2.772596
2081.7256,2026-06-18T16:37:47.844773,0.000000,2.774048
2082.2218,2026-06-18T16:37:48.341036,0.000000,2.775368
2082.7309,2026-06-18T16:37:48.850144,0.000000,2.776544
2083.2284,2026-06-18T16:37:49.347562,0.000000,2.777152
2083.7298,2026-06-18T16:37:49.848999,0.000000,2.777588
2084.2281,2026-06-18T16:37:50.347305,0.000000,2.778056
2084.7486,2026-06-18T16:37:50.867832,0.000000,2.778436
2085.2432,2026-06-18T16:37:51.362367,0.000000,2.778736
2085.7489,2026-06-18T16:37:51.868107,0.000000,2.779104
2086.2449,2026-06-18T16:37:52.364075,0.000000,2.779416
2086.7457,2026-06-18T16:37:52.864922,0.000000,2.779792
2087.2451,2026-06-18T16:37:53.364331,0.000000,2.780156
2087.7474,2026-06-18T16:37:53.866578,0.000000,2.780412
2088.2432,2026-06-18T16:37:54.362369,0.000000,2.780640
2088.7556,2026-06-18T16:37:54.874768,0.000000,2.780960
2089.2516,2026-06-18T16:37:55.370770,0.000000,2.781552
2089.7523,2026-06-18T16:37:55.871552,0.000000,2.781888
2090.2639,2026-06-18T16:37:56.383163,0.000000,2.782216
2090.7591,2026-06-18T16:37:56.878351,0.000000,2.782832
2091.2840,2026-06-18T16:37:57.403181,0.000000,2.783360
2091.7848,2026-06-18T16:37:57.904007,0.000000,2.783948
2092.2788,2026-06-18T16:37:58.398050,0.000000,2.784676
2092.7740,2026-06-18T16:37:58.893196,0.000000,2.785244
2093.2805,2026-06-18T16:37:59.399680,0.000000,2.786016
2093.7692,2026-06-18T16:37:59.888429,0.000000,2.786692
2094.2314,2026-06-18T16:38:00.350625,0.000000,2.786948
2094.7286,2026-06-18T16:38:00.847768,0.000000,2.787316
2095.2236,2026-06-18T16:38:01.342799,0.000000,2.787380
2095.7260,2026-06-18T16:38:01.845212,0.000000,2.787948
2096.2042,2026-06-18T16:38:02.323449,0.000000,2.788600
2096.6999,2026-06-18T16:38:02.819144,0.000000,2.789072
2097.2013,2026-06-18T16:38:03.320476,0.000000,2.789736
2097.7093,2026-06-18T16:38:03.828558,0.000000,2.790272
2098.2134,2026-06-18T16:38:04.332591,0.000000,2.791144
2098.7092,2026-06-18T16:38:04.828376,0.000000,2.791684
2099.2446,2026-06-18T16:38:05.363800,0.000000,2.792300
2099.7109,2026-06-18T16:38:05.830107,0.000000,2.793096
2100.2029,2026-06-18T16:38:06.322079,0.000000,2.793576
2100.6986,2026-06-18T16:38:06.817822,0.000000,2.794752
2101.2045,2026-06-18T16:38:07.323743,0.000000,2.795720
2101.7271,2026-06-18T16:38:07.846317,0.000000,2.796696
2102.2159,2026-06-18T16:38:08.335068,0.000000,2.797700
2102.7091,2026-06-18T16:38:08.828351,0.000000,2.798136
2103.1933,2026-06-18T16:38:09.312470,0.000000,2.798640
2103.6635,2026-06-18T16:38:09.782667,0.000000,2.798888
2104.1475,2026-06-18T16:38:10.266688,0.000000,2.799076
2104.6376,2026-06-18T16:38:10.756860,0.000000,2.799612
2105.1495,2026-06-18T16:38:11.268700,0.000000,2.800164
2105.6489,2026-06-18T16:38:11.768153,0.000000,2.800432
2106.1471,2026-06-18T16:38:12.266275,0.000000,2.801020
2106.6709,2026-06-18T16:38:12.790155,0.000000,2.801180
2107.1536,2026-06-18T16:38:13.272836,0.000000,2.801512
2107.6250,2026-06-18T16:38:13.744262,0.000000,2.801840
2108.1223,2026-06-18T16:38:14.241467,0.000000,2.802244
2108.6374,2026-06-18T16:38:14.756588,0.000000,2.802976
2109.1358,2026-06-18T16:38:15.255004,0.000000,2.803808
2109.6257,2026-06-18T16:38:15.744936,0.000000,2.804548
2110.1556,2026-06-18T16:38:16.274807,0.000000,2.805116
2110.6568,2026-06-18T16:38:16.776012,0.000000,2.805588
2111.1575,2026-06-18T16:38:17.276757,0.000000,2.805888
2111.6530,2026-06-18T16:38:17.772236,0.000000,2.806100
2112.1386,2026-06-18T16:38:18.257841,0.000000,2.806320
2112.6364,2026-06-18T16:38:18.755648,0.000000,2.806524
2113.1301,2026-06-18T16:38:19.249291,0.000000,2.806868
2113.6256,2026-06-18T16:38:19.744802,0.000000,2.807492
2114.1146,2026-06-18T16:38:20.233833,0.000000,2.807984
2114.6002,2026-06-18T16:38:20.719414,0.000000,2.808464
2115.0608,2026-06-18T16:38:21.180035,0.000000,2.809056
2115.5259,2026-06-18T16:38:21.645113,0.000000,2.809536
2116.0004,2026-06-18T16:38:22.119578,0.000000,2.809736
2116.4952,2026-06-18T16:38:22.614394,0.000000,2.810140
2116.9917,2026-06-18T16:38:23.110896,0.000000,2.810248
2117.5007,2026-06-18T16:38:23.619878,0.000000,2.810636
2118.0016,2026-06-18T16:38:24.120822,0.000000,2.811356
2118.5180,2026-06-18T16:38:24.637173,0.000000,2.811916
2119.0215,2026-06-18T16:38:25.140700,0.000000,2.812268
2119.5237,2026-06-18T16:38:25.642905,0.000000,2.812740
2120.0018,2026-06-18T16:38:26.120984,0.000000,2.813340
2120.5056,2026-06-18T16:38:26.624790,0.000000,2.813884
2121.0121,2026-06-18T16:38:27.131285,0.000000,2.814748
2121.5096,2026-06-18T16:38:27.628787,0.000000,2.815576
2122.0309,2026-06-18T16:38:28.150139,0.000000,2.816352
2122.5187,2026-06-18T16:38:28.637945,0.000000,2.817220
2123.0236,2026-06-18T16:38:29.142769,0.000000,2.817848
2123.5175,2026-06-18T16:38:29.636678,0.000000,2.818040
2124.0052,2026-06-18T16:38:30.124420,0.000000,2.817964
2124.4939,2026-06-18T16:38:30.613142,0.000000,2.818072
2124.9931,2026-06-18T16:38:31.112362,0.000000,2.818184
2125.5147,2026-06-18T16:38:31.633952,0.000000,2.818612
2126.0067,2026-06-18T16:38:32.125948,0.000000,2.819412
2126.4969,2026-06-18T16:38:32.616113,0.000000,2.819912
2126.9942,2026-06-18T16:38:33.113399,0.000000,2.820492
2127.4908,2026-06-18T16:38:33.610041,0.000000,2.820912
2127.9907,2026-06-18T16:38:34.109929,0.000000,2.820912
2128.4867,2026-06-18T16:38:34.605947,0.000000,2.820904
2129.0005,2026-06-18T16:38:35.119687,0.000000,2.820908
2129.5136,2026-06-18T16:38:35.632850,0.000000,2.820892
2130.0036,2026-06-18T16:38:36.122777,0.000000,2.821256
2130.5025,2026-06-18T16:38:36.621720,0.000000,2.821640
2131.0006,2026-06-18T16:38:37.119804,0.000000,2.822092
2131.5006,2026-06-18T16:38:37.619778,0.000000,2.822640
2131.9963,2026-06-18T16:38:38.115553,0.000000,2.822776
2132.5226,2026-06-18T16:38:38.641805,0.000000,2.823076
2133.0194,2026-06-18T16:38:39.138614,0.000000,2.823088
2133.4983,2026-06-18T16:38:39.617489,0.000000,2.823276
2133.9963,2026-06-18T16:38:40.115528,0.000000,2.823540
2134.4645,2026-06-18T16:38:40.583695,0.000000,2.823896
2134.9587,2026-06-18T16:38:41.077920,0.000000,2.824620
2135.4543,2026-06-18T16:38:41.573553,0.000000,2.824988
2135.9533,2026-06-18T16:38:42.072535,0.000000,2.825464
2136.4504,2026-06-18T16:38:42.569585,0.000000,2.825760
2136.9687,2026-06-18T16:38:43.087942,0.000000,2.825712
2137.4672,2026-06-18T16:38:43.586387,0.000000,2.826028
2137.9538,2026-06-18T16:38:44.073008,0.000000,2.826428
2138.4619,2026-06-18T16:38:44.581123,0.000000,2.826716
2138.9593,2026-06-18T16:38:45.078466,0.000000,2.827392
2139.4594,2026-06-18T16:38:45.578629,0.000000,2.827852
2139.9522,2026-06-18T16:38:46.071446,0.000000,2.828408
2140.4775,2026-06-18T16:38:46.596674,0.000000,2.829120
2140.9676,2026-06-18T16:38:47.086783,0.000000,2.829624
2141.4605,2026-06-18T16:38:47.579702,0.000000,2.829856
2141.9627,2026-06-18T16:38:48.081888,0.000000,2.830508
2142.4649,2026-06-18T16:38:48.584109,0.000000,2.831000
2142.9659,2026-06-18T16:38:49.085129,0.000000,2.831428
2143.4590,2026-06-18T16:38:49.578166,0.000000,2.831960
2143.9562,2026-06-18T16:38:50.075419,0.000000,2.832208
2144.4588,2026-06-18T16:38:50.578043,0.000000,2.832536
2144.9569,2026-06-18T16:38:51.076067,0.000000,2.832332
2145.4485,2026-06-18T16:38:51.567701,0.000000,2.832600
2145.9481,2026-06-18T16:38:52.067351,0.000000,2.832872
2146.4522,2026-06-18T16:38:52.571468,0.000000,2.832848
2146.9185,2026-06-18T16:38:53.037679,0.000000,2.833500
2147.4014,2026-06-18T16:38:53.520657,0.000000,2.833552
2147.9005,2026-06-18T16:38:54.019668,0.000000,2.833848
2148.4218,2026-06-18T16:38:54.541011,0.000000,2.834208
2148.9181,2026-06-18T16:38:55.037303,0.000000,2.834312
2149.4080,2026-06-18T16:38:55.527237,0.000000,2.834924
2149.9054,2026-06-18T16:38:56.024593,0.000000,2.835240
2150.4022,2026-06-18T16:38:56.521396,0.000000,2.835900
2150.9136,2026-06-18T16:38:57.032838,0.000000,2.836536
2151.4086,2026-06-18T16:38:57.527797,0.000000,2.836588
2151.9348,2026-06-18T16:38:58.054059,0.000000,2.836496
2152.4337,2026-06-18T16:38:58.552918,0.000000,2.836500
2152.9301,2026-06-18T16:38:59.049294,0.000000,2.836372
2153.4380,2026-06-18T16:38:59.557256,0.000000,2.836672
2153.9384,2026-06-18T16:39:00.057593,0.000000,2.836744
2154.4283,2026-06-18T16:39:00.547515,0.000000,2.836544
2154.9193,2026-06-18T16:39:01.038469,0.000000,2.837104
2155.4377,2026-06-18T16:39:01.556865,0.000000,2.837188
2155.9295,2026-06-18T16:39:02.048672,0.000000,2.837644
2156.4190,2026-06-18T16:39:02.538246,0.000000,2.838568
2156.9134,2026-06-18T16:39:03.032634,0.000000,2.838876
2157.4162,2026-06-18T16:39:03.535376,0.000000,2.839448
2157.9064,2026-06-18T16:39:04.025628,0.000000,2.839640
2158.4051,2026-06-18T16:39:04.524348,0.000000,2.839884
2158.9009,2026-06-18T16:39:05.020157,0.000000,2.840164
2159.4128,2026-06-18T16:39:05.531990,0.000000,2.840692
2159.9053,2026-06-18T16:39:06.024489,0.000000,2.841152
2160.3994,2026-06-18T16:39:06.518648,0.000000,2.841384
2160.8579,2026-06-18T16:39:06.977122,0.000000,2.841436
2161.3573,2026-06-18T16:39:07.476542,0.000000,2.841448
2161.8542,2026-06-18T16:39:07.973377,0.000000,2.841584
2162.3606,2026-06-18T16:39:08.479793,0.000000,2.841656
2162.8334,2026-06-18T16:39:08.952603,0.000000,2.841556
2163.3273,2026-06-18T16:39:09.446534,0.000000,2.841396
2163.8370,2026-06-18T16:39:09.956198,0.000000,2.841480
2164.3226,2026-06-18T16:39:10.441768,0.000000,2.841684
2164.8224,2026-06-18T16:39:10.941623,0.000000,2.842184
2165.3178,2026-06-18T16:39:11.437029,0.000000,2.842560
2165.8258,2026-06-18T16:39:11.945012,0.000000,2.842592
2166.3272,2026-06-18T16:39:12.446416,0.000000,2.842416
2166.8296,2026-06-18T16:39:12.948765,0.000000,2.842496
2167.3275,2026-06-18T16:39:13.446754,0.000000,2.842604
2167.8335,2026-06-18T16:39:13.952743,0.000000,2.842684
2168.3276,2026-06-18T16:39:14.446811,0.000000,2.842780
2168.8185,2026-06-18T16:39:14.937748,0.000000,2.842828
2169.3171,2026-06-18T16:39:15.436355,0.000000,2.843136
2169.8164,2026-06-18T16:39:15.935610,0.000000,2.843200
2170.3088,2026-06-18T16:39:16.428062,0.000000,2.843196
2170.7623,2026-06-18T16:39:16.881478,0.000000,2.843252
2171.2550,2026-06-18T16:39:17.374189,0.000000,2.843300
2171.7540,2026-06-18T16:39:17.873206,0.000000,2.843400
2172.2535,2026-06-18T16:39:18.372700,0.000000,2.844000
2172.7588,2026-06-18T16:39:18.878039,0.000000,2.844396
2173.2505,2026-06-18T16:39:19.369700,0.000000,2.844628
2173.7353,2026-06-18T16:39:19.854470,0.000000,2.844856
2174.2218,2026-06-18T16:39:20.341061,0.000000,2.844920
2174.7169,2026-06-18T16:39:20.836119,0.000000,2.845032
2175.2419,2026-06-18T16:39:21.361127,0.000000,2.845028
2175.7396,2026-06-18T16:39:21.858862,0.000000,2.845152
2176.2379,2026-06-18T16:39:22.357072,0.000000,2.845416
2176.7291,2026-06-18T16:39:22.848304,0.000000,2.845520
2177.2295,2026-06-18T16:39:23.348737,0.000000,2.845524
2177.7294,2026-06-18T16:39:23.848584,0.000000,2.845604
2178.2497,2026-06-18T16:39:24.368930,0.000000,2.845392
2178.7420,2026-06-18T16:39:24.861238,0.000000,2.845312
2179.2502,2026-06-18T16:39:25.369392,0.000000,2.845024
2179.7529,2026-06-18T16:39:25.872084,0.000000,2.845008
2180.2252,2026-06-18T16:39:26.344400,0.000000,2.845540
2180.7171,2026-06-18T16:39:26.836366,0.000000,2.845800
2181.2173,2026-06-18T16:39:27.336474,0.000000,2.846456
2181.7371,2026-06-18T16:39:27.856318,0.000000,2.846900
2182.2285,2026-06-18T16:39:28.347732,0.000000,2.846716
2182.7257,2026-06-18T16:39:28.844902,0.000000,2.846528
2183.1949,2026-06-18T16:39:29.314143,0.000000,2.846328
2183.6847,2026-06-18T16:39:29.803893,0.000000,2.846360
2184.1613,2026-06-18T16:39:30.280519,0.000000,2.846356
2184.6585,2026-06-18T16:39:30.777752,0.000000,2.846300
2185.1583,2026-06-18T16:39:31.277517,0.000000,2.846344
2185.6432,2026-06-18T16:39:31.762368,0.000000,2.846048
2186.1717,2026-06-18T16:39:32.290884,0.000000,2.846228
2186.6795,2026-06-18T16:39:32.798691,0.000000,2.846440
2187.1610,2026-06-18T16:39:33.280171,0.000000,2.846420
2187.6478,2026-06-18T16:39:33.767000,0.000000,2.846244
2188.1428,2026-06-18T16:39:34.261985,0.000000,2.845964
2188.6416,2026-06-18T16:39:34.760768,0.000000,2.845820
2189.1459,2026-06-18T16:39:35.265131,0.000000,2.846108
2189.6460,2026-06-18T16:39:35.765171,0.000000,2.846224
2190.1662,2026-06-18T16:39:36.285395,0.000000,2.846228
2190.6512,2026-06-18T16:39:36.770379,0.000000,2.846044
2191.1502,2026-06-18T16:39:37.269457,0.000000,2.845692
2191.6493,2026-06-18T16:39:37.768484,0.000000,2.845752
2192.1433,2026-06-18T16:39:38.262520,0.000000,2.845752
2192.6497,2026-06-18T16:39:38.768914,0.000000,2.845716
2193.1459,2026-06-18T16:39:39.265117,0.000000,2.845700
2193.6575,2026-06-18T16:39:39.776711,0.000000,2.845624
2194.1222,2026-06-18T16:39:40.241376,0.000000,2.845412
2194.6206,2026-06-18T16:39:40.739833,0.000000,2.845256
2195.1190,2026-06-18T16:39:41.238258,0.000000,2.845084
2195.6216,2026-06-18T16:39:41.740784,0.000000,2.845108
2196.1019,2026-06-18T16:39:42.221133,0.000000,2.845064
2196.6011,2026-06-18T16:39:42.720327,0.000000,2.845328
2197.0932,2026-06-18T16:39:43.212383,0.000000,2.845572
2197.6174,2026-06-18T16:39:43.736562,0.000000,2.845816
2198.1099,2026-06-18T16:39:44.229167,0.000000,2.846208
2198.6107,2026-06-18T16:39:44.729918,0.000000,2.846360
2199.1128,2026-06-18T16:39:45.232037,0.000000,2.846568
2199.6132,2026-06-18T16:39:45.732459,0.000000,2.846504
2200.0944,2026-06-18T16:39:46.213617,0.000000,2.846356
2200.5850,2026-06-18T16:39:46.704209,0.000000,2.846116
2201.0650,2026-06-18T16:39:47.184232,0.000000,2.845868
2201.5919,2026-06-18T16:39:47.711139,0.000000,2.845828
2202.0682,2026-06-18T16:39:48.187461,0.000000,2.845868
2202.5704,2026-06-18T16:39:48.689647,0.000000,2.846096
2203.0665,2026-06-18T16:39:49.185727,0.000000,2.846120
2203.5516,2026-06-18T16:39:49.670821,0.000000,2.845768
2204.0541,2026-06-18T16:39:50.173328,0.000000,2.845552
2204.5153,2026-06-18T16:39:50.634550,0.000000,2.845272
2205.0131,2026-06-18T16:39:51.132338,0.000000,2.845064
2205.5100,2026-06-18T16:39:51.629200,0.000000,2.844884
2206.0041,2026-06-18T16:39:52.123350,0.000000,2.844908
2206.4977,2026-06-18T16:39:52.616888,0.000000,2.844520
2206.9934,2026-06-18T16:39:53.112591,0.000000,2.844480
2207.4937,2026-06-18T16:39:53.612871,0.000000,2.844176
2207.9650,2026-06-18T16:39:54.084261,0.000000,2.843784
2208.4603,2026-06-18T16:39:54.579513,0.000000,2.843784
2208.9668,2026-06-18T16:39:55.086018,0.000000,2.843812
2209.4669,2026-06-18T16:39:55.586056,0.000000,2.844100
2209.9659,2026-06-18T16:39:56.085109,0.000000,2.844312
2210.4655,2026-06-18T16:39:56.584734,0.000000,2.843992
2210.9723,2026-06-18T16:39:57.091557,0.000000,2.843644
2211.4518,2026-06-18T16:39:57.570957,0.000000,2.843424
2211.9455,2026-06-18T16:39:58.064728,0.000000,2.843444
2212.4466,2026-06-18T16:39:58.565795,0.000000,2.843532
2212.9501,2026-06-18T16:39:59.069276,0.000000,2.843720
2213.4842,2026-06-18T16:39:59.603467,0.000000,2.843660
2213.9790,2026-06-18T16:40:00.098194,0.000000,2.843508
2214.4876,2026-06-18T16:40:00.606863,0.000000,2.843612
2214.9797,2026-06-18T16:40:01.098902,0.000000,2.843368
2215.4755,2026-06-18T16:40:01.594759,0.000000,2.843348
2215.9692,2026-06-18T16:40:02.088428,0.000000,2.843256
2216.4662,2026-06-18T16:40:02.585459,0.000000,2.843164
2216.9667,2026-06-18T16:40:03.085886,0.000000,2.843100
2217.4889,2026-06-18T16:40:03.608063,0.000000,2.842836
2217.9552,2026-06-18T16:40:04.074449,0.000000,2.842492
2218.4583,2026-06-18T16:40:04.577526,0.000000,2.842268
2218.9368,2026-06-18T16:40:05.055965,0.000000,2.842132
2219.4418,2026-06-18T16:40:05.561035,0.000000,2.841972
2219.9098,2026-06-18T16:40:06.028999,0.000000,2.841876
2220.4057,2026-06-18T16:40:06.524878,0.000000,2.841756
2220.8722,2026-06-18T16:40:06.991449,0.000000,2.841560
2221.3780,2026-06-18T16:40:07.497187,0.000000,2.841740
2221.8563,2026-06-18T16:40:07.975501,0.000000,2.841888
2222.3891,2026-06-18T16:40:08.508294,0.000000,2.841864
2222.8809,2026-06-18T16:40:09.000166,0.000000,2.842056
2223.3804,2026-06-18T16:40:09.499629,0.000000,2.841988
2223.8749,2026-06-18T16:40:09.994143,0.000000,2.841792
2224.3816,2026-06-18T16:40:10.500800,0.000000,2.841976
2224.8827,2026-06-18T16:40:11.001895,0.000000,2.842116
2225.3811,2026-06-18T16:40:11.500288,0.000000,2.842520
2225.9006,2026-06-18T16:40:12.019799,0.000000,2.842716
2226.4055,2026-06-18T16:40:12.524672,0.000000,2.842720
2226.8964,2026-06-18T16:40:13.015658,0.000000,2.842336
2227.3851,2026-06-18T16:40:13.504366,0.000000,2.841772
2227.8847,2026-06-18T16:40:14.003904,0.000000,2.841224
2228.3805,2026-06-18T16:40:14.499670,0.000000,2.840644
2228.8838,2026-06-18T16:40:15.003039,0.000000,2.840660
2229.3826,2026-06-18T16:40:15.501837,0.000000,2.840424
2229.8564,2026-06-18T16:40:15.975662,0.000000,2.840368
2230.3462,2026-06-18T16:40:16.465371,0.000000,2.840420
2230.8418,2026-06-18T16:40:16.961048,0.000000,2.840036
2231.3267,2026-06-18T16:40:17.445900,0.000000,2.840060
2231.8266,2026-06-18T16:40:17.945793,0.000000,2.839984
2232.3115,2026-06-18T16:40:18.430652,0.000000,2.839552
2232.8046,2026-06-18T16:40:18.923768,0.000000,2.839268
2233.3059,2026-06-18T16:40:19.425100,0.000000,2.838804
2233.8370,2026-06-18T16:40:19.956190,0.000000,2.838720
2234.3155,2026-06-18T16:40:20.434737,0.000000,2.838880
2234.8146,2026-06-18T16:40:20.933770,0.000000,2.839100
2235.3144,2026-06-18T16:40:21.433575,0.000000,2.839136
2235.8143,2026-06-18T16:40:21.933481,0.000000,2.838980
2236.3140,2026-06-18T16:40:22.433199,0.000000,2.838500
2236.8119,2026-06-18T16:40:22.931131,0.000000,2.837816
2237.3346,2026-06-18T16:40:23.453823,0.000000,2.837108
2237.8287,2026-06-18T16:40:23.947953,0.000000,2.836412
2238.3254,2026-06-18T16:40:24.444616,0.000000,2.836164
2238.8306,2026-06-18T16:40:24.949815,0.000000,2.835880
2239.3419,2026-06-18T16:40:25.461145,0.000000,2.835476
2239.8390,2026-06-18T16:40:25.958203,0.000000,2.834808
2240.3368,2026-06-18T16:40:26.455965,0.000000,2.834196
2240.8586,2026-06-18T16:40:26.977765,0.000000,2.833832
2241.3630,2026-06-18T16:40:27.482203,0.000000,2.833432
2241.8581,2026-06-18T16:40:27.977305,0.000000,2.833388
2242.3647,2026-06-18T16:40:28.483910,0.000000,2.832968
2242.8619,2026-06-18T16:40:28.981087,0.000000,2.832368
2243.3662,2026-06-18T16:40:29.485402,0.000000,2.832232
2243.8859,2026-06-18T16:40:30.005107,0.000000,2.831860
2244.3668,2026-06-18T16:40:30.485999,0.000000,2.831552
2244.8659,2026-06-18T16:40:30.985116,0.000000,2.831436
2245.3679,2026-06-18T16:40:31.487140,0.000000,2.831308
2245.8527,2026-06-18T16:40:31.971879,0.000000,2.831060
2246.3462,2026-06-18T16:40:32.465464,0.000000,2.830900
2246.8469,2026-06-18T16:40:32.966086,0.000000,2.830628
2247.3705,2026-06-18T16:40:33.489739,0.000000,2.830032
2247.8612,2026-06-18T16:40:33.980401,0.000000,2.829748
2248.3669,2026-06-18T16:40:34.486071,0.000000,2.829412
2248.8622,2026-06-18T16:40:34.981366,0.000000,2.829264
2249.3577,2026-06-18T16:40:35.476907,0.000000,2.829076
2249.8416,2026-06-18T16:40:35.960792,0.000000,2.828796
2250.3453,2026-06-18T16:40:36.464536,0.000000,2.828892
2250.8659,2026-06-18T16:40:36.985148,0.000000,2.828928
2251.3669,2026-06-18T16:40:37.486073,0.000000,2.829080
2251.8537,2026-06-18T16:40:37.972869,0.000000,2.829372
2252.3104,2026-06-18T16:40:38.429654,0.000000,2.829388
2252.8081,2026-06-18T16:40:38.927355,0.000000,2.828692
2253.3007,2026-06-18T16:40:39.419917,0.000000,2.828096
2253.7665,2026-06-18T16:40:39.885691,0.000000,2.827340
2254.2663,2026-06-18T16:40:40.385470,0.000000,2.826632
2254.7686,2026-06-18T16:40:40.887788,0.000000,2.826396
2255.2777,2026-06-18T16:40:41.396866,0.000000,2.826172
2255.7711,2026-06-18T16:40:41.890331,0.000000,2.826268
2256.2598,2026-06-18T16:40:42.379057,0.000000,2.826492
2256.7628,2026-06-18T16:40:42.881972,0.000000,2.826648
2257.2577,2026-06-18T16:40:43.376931,0.000000,2.826820
2257.7518,2026-06-18T16:40:43.870995,0.000000,2.826580
2258.2537,2026-06-18T16:40:44.372960,0.000000,2.826164
2258.7781,2026-06-18T16:40:44.897297,0.000000,2.825724
2259.2849,2026-06-18T16:40:45.404157,0.000000,2.825256
2259.7795,2026-06-18T16:40:45.898724,0.000000,2.824980
2260.2721,2026-06-18T16:40:46.391288,0.000000,2.824852
2260.7633,2026-06-18T16:40:46.882473,0.000000,2.824620
2261.2668,2026-06-18T16:40:47.385999,0.000000,2.824400
2261.7664,2026-06-18T16:40:47.885605,0.000000,2.824236
2262.2571,2026-06-18T16:40:48.376341,0.000000,2.823972
2262.7788,2026-06-18T16:40:48.898034,0.000000,2.823964
2263.2461,2026-06-18T16:40:49.365338,0.000000,2.823928
2263.7390,2026-06-18T16:40:49.858171,0.000000,2.823580
2264.2240,2026-06-18T16:40:50.343246,0.000000,2.823216
2264.7255,2026-06-18T16:40:50.844694,0.000000,2.822760
2265.2303,2026-06-18T16:40:51.349481,0.000000,2.822280
2265.7273,2026-06-18T16:40:51.846489,0.000000,2.822104
2266.2205,2026-06-18T16:40:52.339685,0.000000,2.821848
2266.7416,2026-06-18T16:40:52.860775,0.000000,2.821580
2267.2135,2026-06-18T16:40:53.332737,0.000000,2.821376
2267.7013,2026-06-18T16:40:53.820456,0.000000,2.821344
2268.1910,2026-06-18T16:40:54.310193,0.000000,2.821332
2268.6850,2026-06-18T16:40:54.804185,0.000000,2.821464
2269.1930,2026-06-18T16:40:55.312178,0.000000,2.821400
2269.6903,2026-06-18T16:40:55.809502,0.000000,2.821220
2270.1919,2026-06-18T16:40:56.311132,0.000000,2.821068
2270.7137,2026-06-18T16:40:56.832910,0.000000,2.820656
2271.2180,2026-06-18T16:40:57.337207,0.000000,2.820468
2271.7141,2026-06-18T16:40:57.833324,0.000000,2.820400
2272.2110,2026-06-18T16:40:58.330181,0.000000,2.820364
2272.7043,2026-06-18T16:40:58.823469,0.000000,2.820460
2273.1929,2026-06-18T16:40:59.312097,0.000000,2.820568
2273.6868,2026-06-18T16:40:59.806022,0.000000,2.820384
2274.1542,2026-06-18T16:41:00.273365,0.000000,2.820104
2274.6245,2026-06-18T16:41:00.743674,0.000000,2.820036
2275.1287,2026-06-18T16:41:01.247924,0.000000,2.819860
2275.6290,2026-06-18T16:41:01.748216,0.000000,2.819820
2276.1255,2026-06-18T16:41:02.244715,0.000000,2.819952
2276.6131,2026-06-18T16:41:02.732365,0.000000,2.820040
2277.1060,2026-06-18T16:41:03.225234,0.000000,2.820076
2277.6043,2026-06-18T16:41:03.723478,0.000000,2.820092
2278.1272,2026-06-18T16:41:04.246366,0.000000,2.820168
2278.6178,2026-06-18T16:41:04.737035,0.000000,2.820112
2279.1077,2026-06-18T16:41:05.226960,0.000000,2.820152
2279.6135,2026-06-18T16:41:05.732743,0.000000,2.820416
2280.0894,2026-06-18T16:41:06.208629,0.000000,2.820412
2280.5925,2026-06-18T16:41:06.711674,0.000000,2.820344
2281.0934,2026-06-18T16:41:07.212630,0.000000,2.820220
2281.6218,2026-06-18T16:41:07.741033,0.000000,2.820080
2282.0948,2026-06-18T16:41:08.214029,0.000000,2.820032
2282.5927,2026-06-18T16:41:08.711919,0.000000,2.819888
2283.0868,2026-06-18T16:41:09.206044,0.000000,2.819656
2283.5542,2026-06-18T16:41:09.673431,0.000000,2.819288
2284.0557,2026-06-18T16:41:10.174921,0.000000,2.818816
2284.5325,2026-06-18T16:41:10.651743,0.000000,2.818544
2285.0288,2026-06-18T16:41:11.148041,0.000000,2.818432
2285.5291,2026-06-18T16:41:11.648359,0.000000,2.818288
2286.0472,2026-06-18T16:41:12.166421,0.000000,2.818196
2286.5361,2026-06-18T16:41:12.655344,0.000000,2.817856
2287.0385,2026-06-18T16:41:13.157729,0.000000,2.817720
2287.5379,2026-06-18T16:41:13.657071,0.000000,2.817536
2288.0226,2026-06-18T16:41:14.141782,0.000000,2.817360
2288.5160,2026-06-18T16:41:14.635258,0.000000,2.817220
2289.0092,2026-06-18T16:41:15.128403,0.000000,2.816880
2289.5107,2026-06-18T16:41:15.629914,0.000000,2.816824
2290.0313,2026-06-18T16:41:16.150565,0.000000,2.816980
2290.5223,2026-06-18T16:41:16.641561,0.000000,2.817384
2291.0219,2026-06-18T16:41:17.141101,0.000000,2.817376
2291.5219,2026-06-18T16:41:17.641093,0.000000,2.817332
2292.0259,2026-06-18T16:41:18.145134,0.000000,2.817176
2292.5176,2026-06-18T16:41:18.636798,0.000000,2.816644
2293.0426,2026-06-18T16:41:19.161774,0.000000,2.816372
2293.5375,2026-06-18T16:41:19.656692,0.000000,2.815916
2294.0188,2026-06-18T16:41:20.138038,0.000000,2.815960
2294.5165,2026-06-18T16:41:20.635750,0.000000,2.816044
2294.9808,2026-06-18T16:41:21.100013,0.000000,2.816208
2295.4746,2026-06-18T16:41:21.593824,0.000000,2.816100
2295.9687,2026-06-18T16:41:22.087952,0.000000,2.815404
2296.4479,2026-06-18T16:41:22.567167,0.000000,2.814668
2296.9536,2026-06-18T16:41:23.072838,0.000000,2.814012
2297.4494,2026-06-18T16:41:23.568639,0.000000,2.813612
2297.9676,2026-06-18T16:41:24.086783,0.000000,2.813360
2298.4513,2026-06-18T16:41:24.570551,0.000000,2.813240
2298.9513,2026-06-18T16:41:25.070551,0.000000,2.813200
2299.4417,2026-06-18T16:41:25.560951,0.000000,2.813264
2299.9342,2026-06-18T16:41:26.053436,0.000000,2.813380
2300.4403,2026-06-18T16:41:26.559503,0.000000,2.813832
2300.9323,2026-06-18T16:41:27.051523,0.000000,2.813984
2301.4314,2026-06-18T16:41:27.550654,0.000000,2.813608
2301.9344,2026-06-18T16:41:28.053597,0.000000,2.813240
2302.4314,2026-06-18T16:41:28.550649,0.000000,2.812936
2302.9250,2026-06-18T16:41:29.044235,0.000000,2.812616
2303.4269,2026-06-18T16:41:29.546132,0.000000,2.812640
2303.9166,2026-06-18T16:41:30.035846,0.000000,2.812448
2304.4223,2026-06-18T16:41:30.541525,0.000000,2.812008
2304.9177,2026-06-18T16:41:31.036928,0.000000,2.811812
2305.4274,2026-06-18T16:41:31.546630,0.000000,2.811648
2305.9168,2026-06-18T16:41:32.036002,0.000000,2.811704
2306.4373,2026-06-18T16:41:32.556521,0.000000,2.811664
2306.9221,2026-06-18T16:41:33.041365,0.000000,2.811664
2307.4130,2026-06-18T16:41:33.532181,0.000000,2.811624
2307.8608,2026-06-18T16:41:33.979984,0.000000,2.811456
2308.3624,2026-06-18T16:41:34.481585,0.000000,2.811488
2308.8465,2026-06-18T16:41:34.965737,0.000000,2.811568
2309.3700,2026-06-18T16:41:35.489182,0.000000,2.811452
2309.8656,2026-06-18T16:41:35.984789,0.000000,2.811228
2310.3590,2026-06-18T16:41:36.478268,0.000000,2.811184
2310.8577,2026-06-18T16:41:36.976881,0.000000,2.810716
2311.3592,2026-06-18T16:41:37.478459,0.000000,2.810576
2311.8658,2026-06-18T16:41:37.985014,0.000000,2.810912
2312.3500,2026-06-18T16:41:38.469263,0.000000,2.811260
2312.8451,2026-06-18T16:41:38.964291,0.000000,2.811416
2313.3680,2026-06-18T16:41:39.487258,0.000000,2.811764
2313.8514,2026-06-18T16:41:39.970621,0.000000,2.811868
2314.3409,2026-06-18T16:41:40.460124,0.000000,2.811688
2314.8468,2026-06-18T16:41:40.965984,0.000000,2.812084
2315.3468,2026-06-18T16:41:41.466032,0.000000,2.811860
2315.8499,2026-06-18T16:41:41.969105,0.000000,2.811448
2316.3756,2026-06-18T16:41:42.494815,0.000000,2.811092
2316.8785,2026-06-18T16:41:42.997737,0.000000,2.810592
2317.3773,2026-06-18T16:41:43.496484,0.000000,2.810492
2317.8767,2026-06-18T16:41:43.995894,0.000000,2.810300
2318.3663,2026-06-18T16:41:44.485555,0.000000,2.810180
2318.8603,2026-06-18T16:41:44.979546,0.000000,2.809992
2319.3657,2026-06-18T16:41:45.484878,0.000000,2.809672
2319.8849,2026-06-18T16:41:46.004138,0.000000,2.809524
2320.3783,2026-06-18T16:41:46.497472,0.000000,2.809288
2320.8830,2026-06-18T16:41:47.002206,0.000000,2.809076
2321.3779,2026-06-18T16:41:47.497147,0.000000,2.808620
2321.8766,2026-06-18T16:41:47.995854,0.000000,2.808240
2322.3713,2026-06-18T16:41:48.490549,0.000000,2.807956
2322.8633,2026-06-18T16:41:48.982513,0.000000,2.807672
2323.3633,2026-06-18T16:41:49.482469,0.000000,2.807556
2323.8831,2026-06-18T16:41:50.002311,0.000000,2.807660
2324.3798,2026-06-18T16:41:50.499036,0.000000,2.807632
2324.8710,2026-06-18T16:41:50.990250,0.000000,2.807824
2325.3706,2026-06-18T16:41:51.489858,0.000000,2.807608
2325.8592,2026-06-18T16:41:51.978459,0.000000,2.807172
2326.3635,2026-06-18T16:41:52.482737,0.000000,2.806996
2326.8506,2026-06-18T16:41:52.969832,0.000000,2.806724
2327.3446,2026-06-18T16:41:53.463844,0.000000,2.806824
2327.8782,2026-06-18T16:41:53.997463,0.000000,2.806940
2328.3599,2026-06-18T16:41:54.479151,0.000000,2.806920
2328.8539,2026-06-18T16:41:54.973079,0.000000,2.807096
2329.3590,2026-06-18T16:41:55.478245,0.000000,2.807292
2329.8621,2026-06-18T16:41:55.981292,0.000000,2.807324
2330.3657,2026-06-18T16:41:56.484924,0.000000,2.807140
2330.8823,2026-06-18T16:41:57.001522,0.000000,2.806856
2331.3842,2026-06-18T16:41:57.503390,0.000000,2.806356
2331.8865,2026-06-18T16:41:58.005733,0.000000,2.805804
2332.3955,2026-06-18T16:41:58.514665,0.000000,2.805836
2332.8867,2026-06-18T16:41:59.005949,0.000000,2.805864
2333.3870,2026-06-18T16:41:59.506170,0.000000,2.806092
2333.8836,2026-06-18T16:42:00.002772,0.000000,2.806392
2334.3851,2026-06-18T16:42:00.504252,0.000000,2.806276
2334.8788,2026-06-18T16:42:00.997987,0.000000,2.806220
2335.3738,2026-06-18T16:42:01.493004,0.000000,2.805992
2335.8682,2026-06-18T16:42:01.987421,0.000000,2.805740
2336.3369,2026-06-18T16:42:02.456102,0.000000,2.805612
2336.8435,2026-06-18T16:42:02.962670,0.000000,2.805276
2337.3391,2026-06-18T16:42:03.458310,0.000000,2.804688
2337.8055,2026-06-18T16:42:03.924679,0.000000,2.803976
2338.3121,2026-06-18T16:42:04.431307,0.000000,2.803444
2338.8198,2026-06-18T16:42:04.939064,0.000000,2.803044
2339.3423,2026-06-18T16:42:05.461466,0.000000,2.803072
2339.8413,2026-06-18T16:42:05.960516,0.000000,2.803324
2340.3312,2026-06-18T16:42:06.450427,0.000000,2.803624
2340.8311,2026-06-18T16:42:06.950330,0.000000,2.803812
2341.3468,2026-06-18T16:42:07.465994,0.000000,2.803952
2341.8490,2026-06-18T16:42:07.968199,0.000000,2.804220
2342.3460,2026-06-18T16:42:08.465235,0.000000,2.804096
2342.8380,2026-06-18T16:42:08.957168,0.000000,2.803924
2343.3345,2026-06-18T16:42:09.453762,0.000000,2.803848
2343.8341,2026-06-18T16:42:09.953349,0.000000,2.803624
2344.3161,2026-06-18T16:42:10.435285,0.000000,2.803348
2344.8193,2026-06-18T16:42:10.938492,0.000000,2.803224
2345.3510,2026-06-18T16:42:11.470230,0.000000,2.803388
2345.8067,2026-06-18T16:42:11.925869,0.000000,2.803572
2346.2785,2026-06-18T16:42:12.397737,0.000000,2.804036
2346.7740,2026-06-18T16:42:12.893192,0.000000,2.804044
2347.2676,2026-06-18T16:42:13.386815,0.000000,2.803928
2347.7694,2026-06-18T16:42:13.888621,0.000000,2.803424
2348.2657,2026-06-18T16:42:14.384958,0.000000,2.802856
2348.7614,2026-06-18T16:42:14.880580,0.000000,2.802764
2349.2682,2026-06-18T16:42:15.387397,0.000000,2.802652
2349.7894,2026-06-18T16:42:15.908609,0.000000,2.802656
2350.2835,2026-06-18T16:42:16.402710,0.000000,2.802676
2350.7828,2026-06-18T16:42:16.902047,0.000000,2.802576
2351.2506,2026-06-18T16:42:17.369787,0.000000,2.802388
2351.7421,2026-06-18T16:42:17.861355,0.000000,2.802112
2352.2413,2026-06-18T16:42:18.360507,0.000000,2.802168
2352.7365,2026-06-18T16:42:18.855679,0.000000,2.802348
2353.2262,2026-06-18T16:42:19.345436,0.000000,2.802488
2353.7198,2026-06-18T16:42:19.839055,0.000000,2.802512
2354.2531,2026-06-18T16:42:20.372293,0.000000,2.801972
2354.7507,2026-06-18T16:42:20.869923,0.000000,2.801608
2355.2306,2026-06-18T16:42:21.349773,0.000000,2.801548
2355.7282,2026-06-18T16:42:21.847446,0.000000,2.801656
2356.2281,2026-06-18T16:42:22.347301,0.000000,2.802136
2356.7244,2026-06-18T16:42:22.843591,0.000000,2.801896
2357.2404,2026-06-18T16:42:23.359607,0.000000,2.801900
2357.7303,2026-06-18T16:42:23.849491,0.000000,2.801796
2358.2279,2026-06-18T16:42:24.347080,0.000000,2.801532
2358.7243,2026-06-18T16:42:24.843468,0.000000,2.801492
2359.2266,2026-06-18T16:42:25.345858,0.000000,2.801020
2359.7237,2026-06-18T16:42:25.842936,0.000000,2.800492
2360.1883,2026-06-18T16:42:26.307558,0.000000,2.800312
2360.6946,2026-06-18T16:42:26.813772,0.000000,2.800412
2361.2213,2026-06-18T16:42:27.340522,0.000000,2.800684
2361.7239,2026-06-18T16:42:27.843110,0.000000,2.801184
2362.2130,2026-06-18T16:42:28.332192,0.000000,2.801268
2362.6968,2026-06-18T16:42:28.816041,0.000000,2.801196
2363.1905,2026-06-18T16:42:29.309670,0.000000,2.801048
2363.6958,2026-06-18T16:42:29.815023,0.000000,2.800972
2364.1910,2026-06-18T16:42:30.310266,0.000000,2.800896
2364.6922,2026-06-18T16:42:30.811442,0.000000,2.800756
2365.2080,2026-06-18T16:42:31.327178,0.000000,2.800736
2365.6793,2026-06-18T16:42:31.798545,0.000000,2.800660
2366.1562,2026-06-18T16:42:32.275430,0.000000,2.800536
2366.6576,2026-06-18T16:42:32.776814,0.000000,2.800336
2367.1489,2026-06-18T16:42:33.268129,0.000000,2.800040
2367.6253,2026-06-18T16:42:33.744541,0.000000,2.799672
2368.1222,2026-06-18T16:42:34.241426,0.000000,2.799452
2368.6150,2026-06-18T16:42:34.734167,0.000000,2.798956
2369.1045,2026-06-18T16:42:35.223756,0.000000,2.798776
2369.6189,2026-06-18T16:42:35.738107,0.000000,2.798592
2370.1084,2026-06-18T16:42:36.227653,0.000000,2.798308
2370.6102,2026-06-18T16:42:36.729429,0.000000,2.798540
2371.1058,2026-06-18T16:42:37.224987,0.000000,2.798488
2371.6063,2026-06-18T16:42:37.725511,0.000000,2.798232
2372.0920,2026-06-18T16:42:38.211224,0.000000,2.798284
2372.5667,2026-06-18T16:42:38.685869,0.000000,2.798076
2373.0682,2026-06-18T16:42:39.187403,0.000000,2.797784
2373.5646,2026-06-18T16:42:39.683795,0.000000,2.797820
2374.0646,2026-06-18T16:42:40.183767,0.000000,2.797724
2374.5527,2026-06-18T16:42:40.671913,0.000000,2.797680
2375.0592,2026-06-18T16:42:41.178418,0.000000,2.797920
2375.5316,2026-06-18T16:42:41.650852,0.000000,2.797904
2376.0182,2026-06-18T16:42:42.137398,0.000000,2.797932
2376.5027,2026-06-18T16:42:42.621889,0.000000,2.797576
2376.9918,2026-06-18T16:42:43.111044,0.000000,2.797264
2377.5127,2026-06-18T16:42:43.631910,0.000000,2.797052
2377.9944,2026-06-18T16:42:44.113573,0.000000,2.796676
2378.4963,2026-06-18T16:42:44.615463,0.000000,2.796748
2378.9968,2026-06-18T16:42:45.115981,0.000000,2.796772
2379.5015,2026-06-18T16:42:45.620679,0.000000,2.796796
2379.9999,2026-06-18T16:42:46.119161,0.000000,2.796716
2380.4718,2026-06-18T16:42:46.591061,0.000000,2.796596
2380.9735,2026-06-18T16:42:47.092678,0.000000,2.796492
2381.4739,2026-06-18T16:42:47.593123,0.000000,2.796192
2381.9788,2026-06-18T16:42:48.098056,0.000000,2.796208
2382.4781,2026-06-18T16:42:48.597348,0.000000,2.795916
2382.9791,2026-06-18T16:42:49.098314,0.000000,2.795632
2383.4492,2026-06-18T16:42:49.568438,0.000000,2.795508
2383.9423,2026-06-18T16:42:50.061486,0.000000,2.795400
2384.4206,2026-06-18T16:42:50.539821,0.000000,2.795508
2384.9073,2026-06-18T16:42:51.026505,0.000000,2.795508
2385.4023,2026-06-18T16:42:51.521533,0.000000,2.795416
2385.9207,2026-06-18T16:42:52.039919,0.000000,2.795288
2386.4053,2026-06-18T16:42:52.524554,0.000000,2.794800
2386.8967,2026-06-18T16:42:53.015936,0.000000,2.794516
2387.3937,2026-06-18T16:42:53.512943,0.000000,2.794476
2387.8918,2026-06-18T16:42:54.010999,0.000000,2.794424
2388.3975,2026-06-18T16:42:54.516691,0.000000,2.794540
2388.8888,2026-06-18T16:42:55.007973,0.000000,2.794624
2389.3951,2026-06-18T16:42:55.514354,0.000000,2.794404
2389.9209,2026-06-18T16:42:56.040066,0.000000,2.794252
2390.4183,2026-06-18T16:42:56.537529,0.000000,2.794064
2390.9215,2026-06-18T16:42:57.040716,0.000000,2.793796
2391.4223,2026-06-18T16:42:57.541466,0.000000,2.793188
2391.9055,2026-06-18T16:42:58.024727,0.000000,2.792996
2392.4072,2026-06-18T16:42:58.526411,0.000000,2.792908
2392.8991,2026-06-18T16:42:59.018335,0.000000,2.792900
2393.4270,2026-06-18T16:42:59.546259,0.000000,2.793076
2393.9138,2026-06-18T16:43:00.033024,0.000000,2.793264
2394.4194,2026-06-18T16:43:00.538596,0.000000,2.793132
2394.9150,2026-06-18T16:43:01.034207,0.000000,2.792988
2395.4080,2026-06-18T16:43:01.527205,0.000000,2.792896
2395.9067,2026-06-18T16:43:02.025950,0.000000,2.792572
2396.4097,2026-06-18T16:43:02.528882,0.000000,2.792476
2396.9151,2026-06-18T16:43:03.034275,0.000000,2.792260
2397.3841,2026-06-18T16:43:03.503311,0.000000,2.792092
2397.8878,2026-06-18T16:43:04.007014,0.000000,2.791880
2398.3760,2026-06-18T16:43:04.495241,0.000000,2.791596
2398.8622,2026-06-18T16:43:04.981385,0.000000,2.791244
2399.3632,2026-06-18T16:43:05.482456,0.000000,2.790876
2399.8703,2026-06-18T16:43:05.989474,0.000000,2.790468
2400.3637,2026-06-18T16:43:06.482932,0.000000,2.790268
2400.8910,2026-06-18T16:43:07.010234,0.000000,2.790320
2401.3955,2026-06-18T16:43:07.514715,0.000000,2.790228
2401.8687,2026-06-18T16:43:07.987867,0.000000,2.790540
2402.3591,2026-06-18T16:43:08.478293,0.000000,2.790648
2402.8558,2026-06-18T16:43:08.975013,0.000000,2.790952
2403.3347,2026-06-18T16:43:09.453880,0.000000,2.791240
2403.8290,2026-06-18T16:43:09.948250,0.000000,2.791284
2404.3350,2026-06-18T16:43:10.454230,0.000000,2.791600
2404.8271,2026-06-18T16:43:10.946306,0.000000,2.791300
2405.3216,2026-06-18T16:43:11.440802,0.000000,2.791032
2405.8332,2026-06-18T16:43:11.952420,0.000000,2.790828
2406.3293,2026-06-18T16:43:12.448493,0.000000,2.790512
2406.8242,2026-06-18T16:43:12.943381,0.000000,2.790384
2407.3162,2026-06-18T16:43:13.435381,0.000000,2.790440
2407.8186,2026-06-18T16:43:13.937831,0.000000,2.790428
2408.2894,2026-06-18T16:43:14.408605,0.000000,2.789892
2408.7865,2026-06-18T16:43:14.905715,0.000000,2.789756
2409.2555,2026-06-18T16:43:15.374719,0.000000,2.789356
2409.7481,2026-06-18T16:43:15.867284,0.000000,2.788912
2410.2797,2026-06-18T16:43:16.398914,0.000000,2.788988
2410.7756,2026-06-18T16:43:16.894773,0.000000,2.788980
2411.2642,2026-06-18T16:43:17.383380,0.000000,2.788848
2411.7316,2026-06-18T16:43:17.850839,0.000000,2.788732
2412.2301,2026-06-18T16:43:18.349284,0.000000,2.788584
2412.7226,2026-06-18T16:43:18.841766,0.000000,2.788184
2413.2088,2026-06-18T16:43:19.328038,0.000000,2.787740
2413.7082,2026-06-18T16:43:19.827380,0.000000,2.787520
2414.2284,2026-06-18T16:43:20.347570,0.000000,2.787004
2414.7256,2026-06-18T16:43:20.844886,0.000000,2.786908
2415.2231,2026-06-18T16:43:21.342350,0.000000,2.787164
2415.7137,2026-06-18T16:43:21.832892,0.000000,2.787304
2416.1736,2026-06-18T16:43:22.292765,0.000000,2.787600
2416.6485,2026-06-18T16:43:22.767748,0.000000,2.787600
2417.1346,2026-06-18T16:43:23.253769,0.000000,2.787356
2417.6304,2026-06-18T16:43:23.749612,0.000000,2.787088
2418.1349,2026-06-18T16:43:24.254078,0.000000,2.786560
2418.6519,2026-06-18T16:43:24.771123,0.000000,2.786484
2419.1470,2026-06-18T16:43:25.266233,0.000000,2.786320
2419.6471,2026-06-18T16:43:25.766317,0.000000,2.786140
2420.1469,2026-06-18T16:43:26.266097,0.000000,2.786324
2420.6044,2026-06-18T16:43:26.723625,0.000000,2.786164
2421.1071,2026-06-18T16:43:27.226286,0.000000,2.786016
2421.6076,2026-06-18T16:43:27.726833,0.000000,2.786236
2422.0787,2026-06-18T16:43:28.197955,0.000000,2.785928
2422.5490,2026-06-18T16:43:28.668201,0.000000,2.785948
2423.0535,2026-06-18T16:43:29.172735,0.000000,2.785892
2423.5573,2026-06-18T16:43:29.676516,0.000000,2.785544
2424.0364,2026-06-18T16:43:30.155614,0.000000,2.785432
2424.5136,2026-06-18T16:43:30.632859,0.000000,2.785196
2425.0100,2026-06-18T16:43:31.129253,0.000000,2.785148
2425.5083,2026-06-18T16:43:31.627467,0.000000,2.785296
2425.9983,2026-06-18T16:43:32.117551,0.000000,2.785284
2426.5188,2026-06-18T16:43:32.637983,0.000000,2.785208
2427.0141,2026-06-18T16:43:33.133290,0.000000,2.785032
2427.5185,2026-06-18T16:43:33.637737,0.000000,2.784592
2428.0138,2026-06-18T16:43:34.132980,0.000000,2.784540
2428.5118,2026-06-18T16:43:34.630980,0.000000,2.784532
2429.0128,2026-06-18T16:43:35.131968,0.000000,2.784332
2429.5147,2026-06-18T16:43:35.633944,0.000000,2.784504
2430.0266,2026-06-18T16:43:36.145828,0.000000,2.784124
2430.5315,2026-06-18T16:43:36.650696,0.000000,2.783824
2431.0323,2026-06-18T16:43:37.151490,0.000000,2.783768
2431.5345,2026-06-18T16:43:37.653735,0.000000,2.783516
2432.0323,2026-06-18T16:43:38.151507,0.000000,2.783524
2432.5289,2026-06-18T16:43:38.648142,0.000000,2.783616
2433.0225,2026-06-18T16:43:39.141686,0.000000,2.783488
2433.5416,2026-06-18T16:43:39.660798,0.000000,2.783368
2434.0310,2026-06-18T16:43:40.150263,0.000000,2.783256
2434.5179,2026-06-18T16:43:40.637082,0.000000,2.782952
2435.0114,2026-06-18T16:43:41.130641,0.000000,2.782892
2435.5111,2026-06-18T16:43:41.630301,0.000000,2.782872
2436.0120,2026-06-18T16:43:42.131181,0.000000,2.783028
2436.5113,2026-06-18T16:43:42.630470,0.000000,2.782976
2437.0367,2026-06-18T16:43:43.155965,0.000000,2.783092
2437.5353,2026-06-18T16:43:43.654563,0.000000,2.782924
2438.0194,2026-06-18T16:43:44.138623,0.000000,2.782660
2438.5004,2026-06-18T16:43:44.619617,0.000000,2.782660
2439.0078,2026-06-18T16:43:45.126992,0.000000,2.782644
2439.4994,2026-06-18T16:43:45.618572,0.000000,2.782680
2439.9995,2026-06-18T16:43:46.118731,0.000000,2.782712
2440.4740,2026-06-18T16:43:46.593231,0.000000,2.782792
2440.9771,2026-06-18T16:43:47.096321,0.000000,2.782684
2441.4890,2026-06-18T16:43:47.608244,0.000000,2.782904
2441.9934,2026-06-18T16:43:48.112630,0.000000,2.782976
2442.4849,2026-06-18T16:43:48.604133,0.000000,2.782852
2442.9924,2026-06-18T16:43:49.111609,0.000000,2.782552
2443.4822,2026-06-18T16:43:49.601368,0.000000,2.782064
2443.9850,2026-06-18T16:43:50.104229,0.000000,2.781832
2444.5123,2026-06-18T16:43:50.631506,0.000000,2.781792
2445.0117,2026-06-18T16:43:51.130939,0.000000,2.782108
2445.5110,2026-06-18T16:43:51.630170,0.000000,2.782392
2446.0102,2026-06-18T16:43:52.129437,0.000000,2.782464
2446.5084,2026-06-18T16:43:52.627611,0.000000,2.782300
2446.9654,2026-06-18T16:43:53.084599,0.000000,2.782172
2447.4579,2026-06-18T16:43:53.577132,0.000000,2.781824
2447.9616,2026-06-18T16:43:54.080800,0.000000,2.781756
2448.4898,2026-06-18T16:43:54.608974,0.000000,2.781872
2448.9874,2026-06-18T16:43:55.106594,0.000000,2.781652
2449.4891,2026-06-18T16:43:55.608328,0.000000,2.781696
2449.9825,2026-06-18T16:43:56.101674,0.000000,2.781568
2450.4783,2026-06-18T16:43:56.597495,0.000000,2.781476
2450.9705,2026-06-18T16:43:57.089675,0.000000,2.781668
2451.4731,2026-06-18T16:43:57.592280,0.000000,2.781640
2451.9896,2026-06-18T16:43:58.108830,0.000000,2.781700
2452.4972,2026-06-18T16:43:58.616420,0.000000,2.781456
2452.9885,2026-06-18T16:43:59.107714,0.000000,2.781060
2453.4926,2026-06-18T16:43:59.611820,0.000000,2.780984
2453.9768,2026-06-18T16:44:00.096052,0.000000,2.780740
2454.4709,2026-06-18T16:44:00.590069,0.000000,2.781160
2454.9647,2026-06-18T16:44:01.083868,0.000000,2.781480
2455.4741,2026-06-18T16:44:01.593265,0.000000,2.781528
2455.9751,2026-06-18T16:44:02.094301,0.000000,2.781388
2456.4855,2026-06-18T16:44:02.604716,0.000000,2.780928
2456.9891,2026-06-18T16:44:03.108295,0.000000,2.780736
2457.4909,2026-06-18T16:44:03.610130,0.000000,2.780792
2457.9963,2026-06-18T16:44:04.115532,0.000000,2.780920
2458.5163,2026-06-18T16:44:04.635475,0.000000,2.781060
2458.9844,2026-06-18T16:44:05.103575,0.000000,2.781116
2459.4778,2026-06-18T16:44:05.596989,0.000000,2.781300
2459.9453,2026-06-18T16:44:06.064471,0.000000,2.781220
2460.4385,2026-06-18T16:44:06.557992,0.000000,2.781128
2460.9295,2026-06-18T16:44:07.048724,0.000000,2.780976
2461.4273,2026-06-18T16:44:07.546514,0.000000,2.780684
2461.9308,2026-06-18T16:44:08.050026,0.000000,2.780720
2462.4243,2026-06-18T16:44:08.543482,0.000000,2.780812
2462.9235,2026-06-18T16:44:09.042690,0.000000,2.780760
2463.4558,2026-06-18T16:44:09.575031,0.000000,2.780860
2463.9579,2026-06-18T16:44:10.077105,0.000000,2.781048
2464.4599,2026-06-18T16:44:10.579099,0.000000,2.781036
2464.9332,2026-06-18T16:44:11.052420,0.000000,2.780988
2465.4244,2026-06-18T16:44:11.543606,0.000000,2.780864
2465.9287,2026-06-18T16:44:12.047956,0.000000,2.780732
2466.4495,2026-06-18T16:44:12.568730,0.000000,2.780808
2466.9440,2026-06-18T16:44:13.063185,0.000000,2.780776
2467.4432,2026-06-18T16:44:13.562499,0.000000,2.780780
2467.9472,2026-06-18T16:44:14.066418,0.000000,2.780676
2468.4409,2026-06-18T16:44:14.560108,0.000000,2.780328
2468.9358,2026-06-18T16:44:15.055028,0.000000,2.780180
2469.4410,2026-06-18T16:44:15.560262,0.000000,2.779904
2469.9654,2026-06-18T16:44:16.084560,0.000000,2.779744
2470.4352,2026-06-18T16:44:16.554387,0.000000,2.779852
2470.9252,2026-06-18T16:44:17.044444,0.000000,2.780048
2471.4234,2026-06-18T16:44:17.542605,0.000000,2.780272
2471.9209,2026-06-18T16:44:18.040153,0.000000,2.780408
2472.4189,2026-06-18T16:44:18.538155,0.000000,2.780460
2472.9203,2026-06-18T16:44:19.039519,0.000000,2.780256
2473.4399,2026-06-18T16:44:19.559086,0.000000,2.780156
2473.9253,2026-06-18T16:44:20.044540,0.000000,2.779776
2474.4270,2026-06-18T16:44:20.546235,0.000000,2.779336
2474.9183,2026-06-18T16:44:21.037557,0.000000,2.779036
2475.4159,2026-06-18T16:44:21.535080,0.000000,2.778668
2475.9158,2026-06-18T16:44:22.034974,0.000000,2.778544
2476.4185,2026-06-18T16:44:22.537673,0.000000,2.778512
2476.9450,2026-06-18T16:44:23.064216,0.000000,2.778516
2477.4451,2026-06-18T16:44:23.564279,0.000000,2.778596
2477.9429,2026-06-18T16:44:24.062081,0.000000,2.778556
2478.4412,2026-06-18T16:44:24.560365,0.000000,2.778612
2478.9304,2026-06-18T16:44:25.049566,0.000000,2.778748
2479.4418,2026-06-18T16:44:25.561056,0.000000,2.778996
2479.9308,2026-06-18T16:44:26.050050,0.000000,2.779368
2480.4332,2026-06-18T16:44:26.552358,0.000000,2.779400
2480.9536,2026-06-18T16:44:27.072770,0.000000,2.779544
2481.4400,2026-06-18T16:44:27.559190,0.000000,2.779412
2481.9289,2026-06-18T16:44:28.048094,0.000000,2.779124
2482.4204,2026-06-18T16:44:28.539585,0.000000,2.778900
2482.9202,2026-06-18T16:44:29.039384,0.000000,2.778140
2483.4252,2026-06-18T16:44:29.544439,0.000000,2.777696
2483.9278,2026-06-18T16:44:30.047037,0.000000,2.777532
2484.4241,2026-06-18T16:44:30.543325,0.000000,2.777620
2484.9600,2026-06-18T16:44:31.079181,0.000000,2.778020
2485.4558,2026-06-18T16:44:31.574988,0.000000,2.778248
2485.9253,2026-06-18T16:44:32.044499,0.000000,2.778460
2486.3787,2026-06-18T16:44:32.497961,0.000000,2.778696
2486.8758,2026-06-18T16:44:32.995057,0.000000,2.778936
2487.3766,2026-06-18T16:44:33.495843,0.000000,2.779040
2487.9042,2026-06-18T16:44:34.023423,0.000000,2.778696
2488.4020,2026-06-18T16:44:34.521184,0.000000,2.778060
2488.9053,2026-06-18T16:44:35.024500,0.000000,2.777324
2489.4062,2026-06-18T16:44:35.525386,0.000000,2.776904
2489.9140,2026-06-18T16:44:36.033254,0.000000,2.776824
2490.4099,2026-06-18T16:44:36.529117,0.000000,2.777116
2490.9365,2026-06-18T16:44:37.055712,0.000000,2.777404
2491.4311,2026-06-18T16:44:37.550309,0.000000,2.777652
2491.9365,2026-06-18T16:44:38.055690,0.000000,2.777712
2492.4365,2026-06-18T16:44:38.555697,0.000000,2.777668
2492.9295,2026-06-18T16:44:39.048683,0.000000,2.777796
2493.4340,2026-06-18T16:44:39.553186,0.000000,2.777944
2493.9272,2026-06-18T16:44:40.046402,0.000000,2.777724
2494.4339,2026-06-18T16:44:40.553112,0.000000,2.777412
2494.9204,2026-06-18T16:44:41.039624,0.000000,2.777084
2495.4220,2026-06-18T16:44:41.541192,0.000000,2.776868
2495.9164,2026-06-18T16:44:42.035642,0.000000,2.776892
2496.4165,2026-06-18T16:44:42.535695,0.000000,2.776956
2496.9045,2026-06-18T16:44:43.023738,0.000000,2.776684
2497.3966,2026-06-18T16:44:43.515853,0.000000,2.776600
2497.8933,2026-06-18T16:44:44.012504,0.000000,2.776444
2498.4198,2026-06-18T16:44:44.538972,0.000000,2.776172
2498.9223,2026-06-18T16:44:45.041531,0.000000,2.776088
2499.4257,2026-06-18T16:44:45.544898,0.000000,2.775652
2499.9213,2026-06-18T16:44:46.040512,0.000000,2.775384
2500.4099,2026-06-18T16:44:46.529101,0.000000,2.775560
2500.9030,2026-06-18T16:44:47.022181,0.000000,2.775544
2501.3830,2026-06-18T16:44:47.502178,0.000000,2.775848
2501.8755,2026-06-18T16:44:47.994698,0.000000,2.775960
2502.3949,2026-06-18T16:44:48.514112,0.000000,2.775728
2502.8968,2026-06-18T16:44:49.016057,0.000000,2.775728
2503.3916,2026-06-18T16:44:49.510768,0.000000,2.775492
2503.8569,2026-06-18T16:44:49.976093,0.000000,2.775396
2504.3338,2026-06-18T16:44:50.453021,0.000000,2.775564
2504.7837,2026-06-18T16:44:50.902903,0.000000,2.775580
2505.2848,2026-06-18T16:44:51.403965,0.000000,2.775508
2505.7848,2026-06-18T16:44:51.903978,0.000000,2.775272
2506.2747,2026-06-18T16:44:52.393946,0.000000,2.775096
2506.7497,2026-06-18T16:44:52.868924,0.000000,2.775164
2507.2223,2026-06-18T16:44:53.341547,0.000000,2.775260
2507.7249,2026-06-18T16:44:53.844153,0.000000,2.775600
2508.2570,2026-06-18T16:44:54.376196,0.000000,2.775592
2508.7564,2026-06-18T16:44:54.875617,0.000000,2.775540
2509.2251,2026-06-18T16:44:55.344333,0.000000,2.775556
2509.7269,2026-06-18T16:44:55.846121,0.000000,2.775768
2510.2213,2026-06-18T16:44:56.340483,0.000000,2.776060
2510.7183,2026-06-18T16:44:56.837493,0.000000,2.776140
2511.2181,2026-06-18T16:44:57.337286,0.000000,2.776188
2511.7413,2026-06-18T16:44:57.860462,0.000000,2.775932
2512.2306,2026-06-18T16:44:58.349788,0.000000,2.775732
2512.6906,2026-06-18T16:44:58.809847,0.000000,2.775512
2513.1936,2026-06-18T16:44:59.312799,0.000000,2.775412
2513.7014,2026-06-18T16:44:59.820598,0.000000,2.775072
2514.1906,2026-06-18T16:45:00.309793,0.000000,2.774984
2514.6913,2026-06-18T16:45:00.810512,0.000000,2.774696
2515.2058,2026-06-18T16:45:01.325010,0.000000,2.774444
2515.7176,2026-06-18T16:45:01.836801,0.000000,2.774584
2516.1846,2026-06-18T16:45:02.303819,0.000000,2.774288
2516.6821,2026-06-18T16:45:02.801323,0.000000,2.773980
2517.1612,2026-06-18T16:45:03.280370,0.000000,2.773768
2517.6627,2026-06-18T16:45:03.781926,0.000000,2.773108
2518.1388,2026-06-18T16:45:04.257997,0.000000,2.772844
2518.6349,2026-06-18T16:45:04.754082,0.000000,2.772828
2519.1394,2026-06-18T16:45:05.258630,0.000000,2.772928
2519.6399,2026-06-18T16:45:05.759163,0.000000,2.773256
2520.1772,2026-06-18T16:45:06.296478,0.000000,2.773472
2520.6715,2026-06-18T16:45:06.790746,0.000000,2.773872
2521.1727,2026-06-18T16:45:07.291885,0.000000,2.774176
2521.6739,2026-06-18T16:45:07.793133,0.000000,2.774192
2522.1746,2026-06-18T16:45:08.293850,0.000000,2.774084
2522.6730,2026-06-18T16:45:08.792200,0.000000,2.773904
2523.1750,2026-06-18T16:45:09.294257,0.000000,2.773632
2523.6730,2026-06-18T16:45:09.792224,0.000000,2.773852
2524.1575,2026-06-18T16:45:10.276751,0.000000,2.774216
2524.6201,2026-06-18T16:45:10.739291,0.000000,2.774700
2525.0966,2026-06-18T16:45:11.215793,0.000000,2.774860
2525.5759,2026-06-18T16:45:11.695141,0.000000,2.774524
2526.0361,2026-06-18T16:45:12.155268,0.000000,2.774352
2526.4920,2026-06-18T16:45:12.611195,0.000000,2.773980
2526.9886,2026-06-18T16:45:13.107822,0.000000,2.773740
2527.4791,2026-06-18T16:45:13.598351,0.000000,2.773712
2527.9780,2026-06-18T16:45:14.097178,0.000000,2.773608
2528.4468,2026-06-18T16:45:14.566028,0.000000,2.773444
2528.9346,2026-06-18T16:45:15.053815,0.000000,2.773176
2529.4615,2026-06-18T16:45:15.580696,0.000000,2.773252
2529.9385,2026-06-18T16:45:16.057673,0.000000,2.773204
2530.4386,2026-06-18T16:45:16.557761,0.000000,2.773404
2530.9296,2026-06-18T16:45:17.048856,0.000000,2.773104
2531.4268,2026-06-18T16:45:17.546052,0.000000,2.772848
2531.9264,2026-06-18T16:45:18.045620,0.000000,2.772688
2532.4269,2026-06-18T16:45:18.546140,0.000000,2.772556
2532.9265,2026-06-18T16:45:19.045676,0.000000,2.772428
2533.4559,2026-06-18T16:45:19.575112,0.000000,2.772428
2533.9517,2026-06-18T16:45:20.070887,0.000000,2.772460
2534.4470,2026-06-18T16:45:20.566260,0.000000,2.772192
2534.9396,2026-06-18T16:45:21.058853,0.000000,2.772612
2535.4387,2026-06-18T16:45:21.557961,0.000000,2.772764
2535.9384,2026-06-18T16:45:22.057612,0.000000,2.772948
2536.4283,2026-06-18T16:45:22.547478,0.000000,2.773244
2536.9449,2026-06-18T16:45:23.064110,0.000000,2.773072
2537.4396,2026-06-18T16:45:23.558861,0.000000,2.773100
2537.9303,2026-06-18T16:45:24.049479,0.000000,2.772920
2538.4381,2026-06-18T16:45:24.557322,0.000000,2.772668
2538.9304,2026-06-18T16:45:25.049585,0.000000,2.772844
2539.4322,2026-06-18T16:45:25.551402,0.000000,2.772868
2539.9337,2026-06-18T16:45:26.052918,0.000000,2.773252
2540.4657,2026-06-18T16:45:26.584938,0.000000,2.773740
2540.9546,2026-06-18T16:45:27.073817,0.000000,2.774008
2541.4556,2026-06-18T16:45:27.574857,0.000000,2.774220
2541.9256,2026-06-18T16:45:28.044859,0.000000,2.774212
2542.4226,2026-06-18T16:45:28.541851,0.000000,2.774076
2542.9265,2026-06-18T16:45:29.045717,0.000000,2.774252
2543.4197,2026-06-18T16:45:29.538897,0.000000,2.774252
2543.9122,2026-06-18T16:45:30.031392,0.000000,2.774440
2544.4274,2026-06-18T16:45:30.546623,0.000000,2.774616
2544.9247,2026-06-18T16:45:31.043910,0.000000,2.774508
2545.4170,2026-06-18T16:45:31.536210,0.000000,2.774820
2545.9178,2026-06-18T16:45:32.037009,0.000000,2.774616
2546.4096,2026-06-18T16:45:32.528811,0.000000,2.774484
2546.8628,2026-06-18T16:45:32.981999,0.000000,2.774384
2547.3589,2026-06-18T16:45:33.478124,0.000000,2.773796
2547.8632,2026-06-18T16:45:33.982445,0.000000,2.773456
2548.3653,2026-06-18T16:45:34.484494,0.000000,2.773228
2548.8650,2026-06-18T16:45:34.984176,0.000000,2.773004
2549.3647,2026-06-18T16:45:35.483961,0.000000,2.772860
2549.8683,2026-06-18T16:45:35.987492,0.000000,2.772924
2550.3672,2026-06-18T16:45:36.486447,0.000000,2.772940
2550.8506,2026-06-18T16:45:36.969795,0.000000,2.773448
2551.3512,2026-06-18T16:45:37.470355,0.000000,2.773836
2551.8741,2026-06-18T16:45:37.993269,0.000000,2.773720
2552.3682,2026-06-18T16:45:38.487451,0.000000,2.773332
2552.8545,2026-06-18T16:45:38.973738,0.000000,2.772896
2553.3503,2026-06-18T16:45:39.469471,0.000000,2.772816
2553.8444,2026-06-18T16:45:39.963593,0.000000,2.772772
2554.3466,2026-06-18T16:45:40.465839,0.000000,2.772988
2554.8403,2026-06-18T16:45:40.959491,0.000000,2.772780
2555.3408,2026-06-18T16:45:41.460023,0.000000,2.772132
2555.8460,2026-06-18T16:45:41.965233,0.000000,2.771760
2556.3484,2026-06-18T16:45:42.467621,0.000000,2.771696
2556.8459,2026-06-18T16:45:42.965121,0.000000,2.771940
2557.3399,2026-06-18T16:45:43.459114,0.000000,2.772172
2557.8388,2026-06-18T16:45:43.958062,0.000000,2.772648
2558.3159,2026-06-18T16:45:44.435148,0.000000,2.772528
2558.8137,2026-06-18T16:45:44.932903,0.000000,2.772192
2559.3136,2026-06-18T16:45:45.432773,0.000000,2.772020
2559.8381,2026-06-18T16:45:45.957356,0.000000,2.771860
2560.3200,2026-06-18T16:45:46.439224,0.000000,2.771516
2560.8246,2026-06-18T16:45:46.943867,0.000000,2.771604
2561.3224,2026-06-18T16:45:47.441613,0.000000,2.771696
2561.8253,2026-06-18T16:45:47.944554,0.000000,2.771400
2562.3246,2026-06-18T16:45:48.443817,0.000000,2.771532
2562.8466,2026-06-18T16:45:48.965858,0.000000,2.771384
2563.3261,2026-06-18T16:45:49.445349,0.000000,2.771544
2563.8304,2026-06-18T16:45:49.949639,0.000000,2.771616
2564.3269,2026-06-18T16:45:50.446093,0.000000,2.771368
2564.8072,2026-06-18T16:45:50.926394,0.000000,2.771380
2565.3059,2026-06-18T16:45:51.425086,0.000000,2.770852
2565.7824,2026-06-18T16:45:51.901616,0.000000,2.770788
2566.2671,2026-06-18T16:45:52.386317,0.000000,2.770752
2566.7725,2026-06-18T16:45:52.891727,0.000000,2.770252
2567.3012,2026-06-18T16:45:53.420397,0.000000,2.769816
2567.8058,2026-06-18T16:45:53.925035,0.000000,2.769584
2568.3027,2026-06-18T16:45:54.421934,0.000000,2.769560
2568.7970,2026-06-18T16:45:54.916233,0.000000,2.769944
2569.2983,2026-06-18T16:45:55.417531,0.000000,2.770808
2569.7856,2026-06-18T16:45:55.904818,0.000000,2.771220
2570.3067,2026-06-18T16:45:56.425865,0.000000,2.771528
2570.8015,2026-06-18T16:45:56.920739,0.000000,2.771648
2571.3011,2026-06-18T16:45:57.420344,0.000000,2.770932
2571.7896,2026-06-18T16:45:57.908793,0.000000,2.770368
2572.2860,2026-06-18T16:45:58.405228,0.000000,2.770124
2572.7949,2026-06-18T16:45:58.914083,0.000000,2.770180
2573.2912,2026-06-18T16:45:59.410455,0.000000,2.770804
2573.8217,2026-06-18T16:45:59.940906,0.000000,2.771300
2574.3216,2026-06-18T16:46:00.440774,0.000000,2.771316
2574.8156,2026-06-18T16:46:00.934788,0.000000,2.771172
2575.3139,2026-06-18T16:46:01.433153,0.000000,2.770740
2575.8150,2026-06-18T16:46:01.934201,0.000000,2.770696
2576.2896,2026-06-18T16:46:02.408827,0.000000,2.771108
2576.7754,2026-06-18T16:46:02.894586,0.000000,2.771248
2577.2707,2026-06-18T16:46:03.389936,0.000000,2.771656
2577.7849,2026-06-18T16:46:03.904066,0.000000,2.771696
2578.2814,2026-06-18T16:46:04.400614,0.000000,2.771276
2578.7678,2026-06-18T16:46:04.886977,0.000000,2.771304
2579.2703,2026-06-18T16:46:05.389537,0.000000,2.771032
2579.7648,2026-06-18T16:46:05.884034,0.000000,2.770692
2580.2653,2026-06-18T16:46:06.384502,0.000000,2.770688
2580.7441,2026-06-18T16:46:06.863315,0.000000,2.770844
2581.2399,2026-06-18T16:46:07.359093,0.000000,2.770972
2581.7618,2026-06-18T16:46:07.881019,0.000000,2.771452
2582.2439,2026-06-18T16:46:08.363127,0.000000,2.771708
2582.7296,2026-06-18T16:46:08.848825,0.000000,2.771408
2583.2385,2026-06-18T16:46:09.357700,0.000000,2.771276
2583.7288,2026-06-18T16:46:09.847987,0.000000,2.771536
2584.2286,2026-06-18T16:46:10.347829,0.000000,2.771700
2584.7211,2026-06-18T16:46:10.840317,0.000000,2.772008
2585.2460,2026-06-18T16:46:11.365169,0.000000,2.772312
2585.7383,2026-06-18T16:46:11.857550,0.000000,2.771796
2586.2193,2026-06-18T16:46:12.338499,0.000000,2.771136
2586.7219,2026-06-18T16:46:12.841095,0.000000,2.770728
2587.2064,2026-06-18T16:46:13.325641,0.000000,2.770548
2587.7050,2026-06-18T16:46:13.824239,0.000000,2.770760
2588.2082,2026-06-18T16:46:14.327445,0.000000,2.771088
2588.7094,2026-06-18T16:46:14.828611,0.000000,2.771464
2589.2067,2026-06-18T16:46:15.325933,0.000000,2.771288
2589.7150,2026-06-18T16:46:15.834216,0.000000,2.771496
2590.2154,2026-06-18T16:46:16.334661,0.000000,2.771672
2590.7030,2026-06-18T16:46:16.822196,0.000000,2.771548
2591.1984,2026-06-18T16:46:17.317576,0.000000,2.772088
2591.7069,2026-06-18T16:46:17.826072,0.000000,2.772148
2592.1927,2026-06-18T16:46:18.311911,0.000000,2.772068
2592.6987,2026-06-18T16:46:18.817871,0.000000,2.772492
2593.1886,2026-06-18T16:46:19.307812,0.000000,2.772540
2593.6832,2026-06-18T16:46:19.802453,0.000000,2.772464
2594.1819,2026-06-18T16:46:20.301097,0.000000,2.772700
2594.6828,2026-06-18T16:46:20.802039,0.000000,2.772296
2595.1732,2026-06-18T16:46:21.292428,0.000000,2.772076
2595.6991,2026-06-18T16:46:21.818370,0.000000,2.771968
2596.1984,2026-06-18T16:46:22.317660,0.000000,2.771904
2596.7009,2026-06-18T16:46:22.820155,0.000000,2.771888
2597.1895,2026-06-18T16:46:23.308679,0.000000,2.771796
2597.6828,2026-06-18T16:46:23.801992,0.000000,2.771768
2598.1744,2026-06-18T16:46:24.293659,0.000000,2.771472
2598.6486,2026-06-18T16:46:24.767805,0.000000,2.771212
2599.1369,2026-06-18T16:46:25.256074,0.000000,2.770732
2599.6540,2026-06-18T16:46:25.773204,0.000000,2.770384
2600.1410,2026-06-18T16:46:26.260183,0.000000,2.770248
2600.6416,2026-06-18T16:46:26.760768,0.000000,2.770296
2601.1697,2026-06-18T16:46:27.288947,0.000000,2.770660
2601.6755,2026-06-18T16:46:27.794727,0.000000,2.771072
2602.1454,2026-06-18T16:46:28.264606,0.000000,2.771428
2602.6430,2026-06-18T16:46:28.762187,0.000000,2.771512
2603.1490,2026-06-18T16:46:29.268208,0.000000,2.771160
2603.6481,2026-06-18T16:46:29.767279,0.000000,2.770872
2604.1523,2026-06-18T16:46:30.271538,0.000000,2.770208
2604.6705,2026-06-18T16:46:30.789737,0.000000,2.770164
2605.1545,2026-06-18T16:46:31.273710,0.000000,2.770328
2605.6531,2026-06-18T16:46:31.772329,0.000000,2.770380
2606.1585,2026-06-18T16:46:32.277784,0.000000,2.770708
2606.6529,2026-06-18T16:46:32.772081,0.000000,2.770828
2607.1592,2026-06-18T16:46:33.278377,0.000000,2.771152
2607.6563,2026-06-18T16:46:33.775492,0.000000,2.771488
2608.1633,2026-06-18T16:46:34.282472,0.000000,2.771740
2608.6592,2026-06-18T16:46:34.778463,0.000000,2.771644
2609.1632,2026-06-18T16:46:35.282420,0.000000,2.771344
2609.6295,2026-06-18T16:46:35.748706,0.000000,2.771048
2610.1343,2026-06-18T16:46:36.253522,0.000000,2.770936
2610.6345,2026-06-18T16:46:36.753761,0.000000,2.770812
2611.1277,2026-06-18T16:46:37.246911,0.000000,2.770828
2611.6505,2026-06-18T16:46:37.769665,0.000000,2.770724
2612.1514,2026-06-18T16:46:38.270586,0.000000,2.770480
2612.6425,2026-06-18T16:46:38.761725,0.000000,2.770324
2613.1438,2026-06-18T16:46:39.263060,0.000000,2.769920
2613.6354,2026-06-18T16:46:39.754627,0.000000,2.769692
2614.1290,2026-06-18T16:46:40.248254,0.000000,2.769384
2614.6277,2026-06-18T16:46:40.746936,0.000000,2.769228
2615.1500,2026-06-18T16:46:41.269261,0.000000,2.769096
2615.6457,2026-06-18T16:46:41.764946,0.000000,2.768656
2616.1310,2026-06-18T16:46:42.250213,0.000000,2.768368
2616.6340,2026-06-18T16:46:42.753226,0.000000,2.767776
2617.1307,2026-06-18T16:46:43.249955,0.000000,2.767636
2617.6344,2026-06-18T16:46:43.753649,0.000000,2.767752
2618.1343,2026-06-18T16:46:44.253459,0.000000,2.768084
2618.6775,2026-06-18T16:46:44.796727,0.000000,2.768672
2619.1714,2026-06-18T16:46:45.290635,0.000000,2.768692
2619.6688,2026-06-18T16:46:45.788066,0.000000,2.768720
2620.1670,2026-06-18T16:46:46.286215,0.000000,2.768548
2620.6594,2026-06-18T16:46:46.778596,0.000000,2.768500
2621.1359,2026-06-18T16:46:47.255160,0.000000,2.768680
2621.6388,2026-06-18T16:46:47.758019,0.000000,2.768876
2622.1221,2026-06-18T16:46:48.241323,0.000000,2.769232
2622.6263,2026-06-18T16:46:48.745525,0.000000,2.769508
2623.1135,2026-06-18T16:46:49.232668,0.000000,2.769896
2623.6173,2026-06-18T16:46:49.736529,0.000000,2.769932
2624.0799,2026-06-18T16:46:50.199150,0.000000,2.769904
2624.5841,2026-06-18T16:46:50.703274,0.000000,2.769496
2625.0828,2026-06-18T16:46:51.202021,0.000000,2.769104
2625.6173,2026-06-18T16:46:51.736496,0.000000,2.769004
2626.0847,2026-06-18T16:46:52.203915,0.000000,2.768948
2626.5444,2026-06-18T16:46:52.663644,0.000000,2.768964
2627.0519,2026-06-18T16:46:53.171127,0.000000,2.768764
2627.5492,2026-06-18T16:46:53.668428,0.000000,2.768708
2628.0356,2026-06-18T16:46:54.154774,0.000000,2.768712
2628.5254,2026-06-18T16:46:54.644642,0.000000,2.768732
2629.0231,2026-06-18T16:46:55.142321,0.000000,2.768960
2629.5433,2026-06-18T16:46:55.662472,0.000000,2.769260
2630.0436,2026-06-18T16:46:56.162834,0.000000,2.769428
2630.5309,2026-06-18T16:46:56.650071,0.000000,2.769948
2631.0102,2026-06-18T16:46:57.129377,0.000000,2.770156
2631.5029,2026-06-18T16:46:57.622060,0.000000,2.770224
2631.9663,2026-06-18T16:46:58.085481,0.000000,2.770092
2632.4461,2026-06-18T16:46:58.565326,0.000000,2.769976
2632.9382,2026-06-18T16:46:59.057389,0.000000,2.769844
2633.4320,2026-06-18T16:46:59.551267,0.000000,2.769968
2633.9296,2026-06-18T16:47:00.048821,0.000000,2.769712
2634.4503,2026-06-18T16:47:00.569525,0.000000,2.769516
2634.9483,2026-06-18T16:47:01.067490,0.000000,2.769552
2635.4506,2026-06-18T16:47:01.569840,0.000000,2.769580
2635.9430,2026-06-18T16:47:02.062193,0.000000,2.769916
2636.4241,2026-06-18T16:47:02.543326,0.000000,2.770352
2636.9302,2026-06-18T16:47:03.049392,0.000000,2.770600
2637.4297,2026-06-18T16:47:03.548915,0.000000,2.770472
2637.9299,2026-06-18T16:47:04.049111,0.000000,2.770612
2638.4250,2026-06-18T16:47:04.544192,0.000000,2.770640
2638.9212,2026-06-18T16:47:05.040417,0.000000,2.771020
2639.4102,2026-06-18T16:47:05.529462,0.000000,2.771144
2639.8775,2026-06-18T16:47:05.996739,0.000000,2.771080
2640.3364,2026-06-18T16:47:06.455641,0.000000,2.771240
2640.8299,2026-06-18T16:47:06.949149,0.000000,2.771068
2641.2952,2026-06-18T16:47:07.414449,0.000000,2.771000
2641.7897,2026-06-18T16:47:07.908892,0.000000,2.771320
2642.2706,2026-06-18T16:47:08.389779,0.000000,2.771232
2642.7648,2026-06-18T16:47:08.884055,0.000000,2.771180
2643.2313,2026-06-18T16:47:09.350554,0.000000,2.771312
2643.7229,2026-06-18T16:47:09.842099,0.000000,2.771072
2644.2461,2026-06-18T16:47:10.365331,0.000000,2.771412
2644.7312,2026-06-18T16:47:10.850433,0.000000,2.771160
2645.2418,2026-06-18T16:47:11.361013,0.000000,2.771060
2645.7407,2026-06-18T16:47:11.859921,0.000000,2.770916
2646.2120,2026-06-18T16:47:12.331173,0.000000,2.770804
2646.7079,2026-06-18T16:47:12.827165,0.000000,2.771064
2647.1772,2026-06-18T16:47:13.296448,0.000000,2.771116
2647.6672,2026-06-18T16:47:13.786427,0.000000,2.771088
2648.1456,2026-06-18T16:47:14.264816,0.000000,2.770768
2648.6471,2026-06-18T16:47:14.766271,0.000000,2.770484
2649.1486,2026-06-18T16:47:15.267839,0.000000,2.770220
2649.6562,2026-06-18T16:47:15.775421,0.000000,2.770184
2650.1521,2026-06-18T16:47:16.271362,0.000000,2.770448
2650.6495,2026-06-18T16:47:16.768712,0.000000,2.770544
2651.1556,2026-06-18T16:47:17.274825,0.000000,2.770620
2651.6444,2026-06-18T16:47:17.763634,0.000000,2.770580
2652.1120,2026-06-18T16:47:18.231167,0.000000,2.770228
2652.6095,2026-06-18T16:47:18.728727,0.000000,2.770172
2653.0796,2026-06-18T16:47:19.198856,0.000000,2.769912
2653.5756,2026-06-18T16:47:19.694768,0.000000,2.769908
2654.0884,2026-06-18T16:47:20.207565,0.000000,2.770056
2654.5855,2026-06-18T16:47:20.704683,0.000000,2.770380
2655.0797,2026-06-18T16:47:21.198935,0.000000,2.770416
2655.5835,2026-06-18T16:47:21.702720,0.000000,2.770516
2656.0619,2026-06-18T16:47:22.181140,0.000000,2.770288
2656.5432,2026-06-18T16:47:22.662365,0.000000,2.770176
2657.0030,2026-06-18T16:47:23.122231,0.000000,2.770112
2657.4877,2026-06-18T16:47:23.606909,0.000000,2.770188
2657.9550,2026-06-18T16:47:24.074176,0.000000,2.770604
2658.4419,2026-06-18T16:47:24.561144,0.000000,2.770460
2658.9381,2026-06-18T16:47:25.057296,0.000000,2.770776
2659.4587,2026-06-18T16:47:25.577965,0.000000,2.770996
2659.9535,2026-06-18T16:47:26.072753,0.000000,2.770900
2660.4422,2026-06-18T16:47:26.561399,0.000000,2.770960
2660.9426,2026-06-18T16:47:27.061825,0.000000,2.770628
2661.4420,2026-06-18T16:47:27.561211,0.000000,2.770312
2661.9311,2026-06-18T16:47:28.050302,0.000000,2.770184
2662.4342,2026-06-18T16:47:28.553383,0.000000,2.770008
2662.9629,2026-06-18T16:47:29.082089,0.000000,2.769744
2663.4596,2026-06-18T16:47:29.578841,0.000000,2.769484
2663.9555,2026-06-18T16:47:30.074752,0.000000,2.769604
2664.4449,2026-06-18T16:47:30.564074,0.000000,2.769700
2664.9468,2026-06-18T16:47:31.066039,0.000000,2.770020
2665.4355,2026-06-18T16:47:31.554700,0.000000,2.770092
2665.9224,2026-06-18T16:47:32.041618,0.000000,2.770040
2666.4214,2026-06-18T16:47:32.540656,0.000000,2.769828
2666.9325,2026-06-18T16:47:33.051668,0.000000,2.769464
2667.4322,2026-06-18T16:47:33.551390,0.000000,2.769592
2667.9277,2026-06-18T16:47:34.046901,0.000000,2.769340
2668.4220,2026-06-18T16:47:34.541169,0.000000,2.769604
2668.9296,2026-06-18T16:47:35.048796,0.000000,2.769980
2669.4297,2026-06-18T16:47:35.548902,0.000000,2.769880
2669.9498,2026-06-18T16:47:36.069007,0.000000,2.770028
2670.4226,2026-06-18T16:47:36.541847,0.000000,2.769996
2670.8912,2026-06-18T16:47:37.010384,0.000000,2.769964
2671.3576,2026-06-18T16:47:37.476797,0.000000,2.770296
2671.8544,2026-06-18T16:47:37.973638,0.000000,2.770980
2672.3421,2026-06-18T16:47:38.461285,0.000000,2.771700
2672.8356,2026-06-18T16:47:38.954776,0.000000,2.772204
2673.3361,2026-06-18T16:47:39.455353,0.000000,2.772424
2673.8398,2026-06-18T16:47:39.959053,0.000000,2.772404
2674.3417,2026-06-18T16:47:40.460873,0.000000,2.772032
2674.8498,2026-06-18T16:47:40.968972,0.000000,2.771960
2675.3585,2026-06-18T16:47:41.477660,0.000000,2.771720
2675.8545,2026-06-18T16:47:41.973757,0.000000,2.771832
2676.3523,2026-06-18T16:47:42.471521,0.000000,2.772048
2676.8376,2026-06-18T16:47:42.956773,0.000000,2.772172
2677.3422,2026-06-18T16:47:43.461363,0.000000,2.772320
2677.8339,2026-06-18T16:47:43.953119,0.000000,2.772232
2678.3623,2026-06-18T16:47:44.481526,0.000000,2.772004
2678.8295,2026-06-18T16:47:44.948737,0.000000,2.771856
2679.3349,2026-06-18T16:47:45.454071,0.000000,2.771988
2679.8223,2026-06-18T16:47:45.941517,0.000000,2.772076
2680.3238,2026-06-18T16:47:46.443053,0.000000,2.772140
2680.8071,2026-06-18T16:47:46.926359,0.000000,2.772172
2681.3027,2026-06-18T16:47:47.421902,0.000000,2.772124
2681.7970,2026-06-18T16:47:47.916216,0.000000,2.772108
2682.3216,2026-06-18T16:47:48.440850,0.000000,2.772568
2682.7916,2026-06-18T16:47:48.910843,0.000000,2.772832
2683.2493,2026-06-18T16:47:49.368485,0.000000,2.772960
2683.7464,2026-06-18T16:47:49.865662,0.000000,2.772824
2684.2146,2026-06-18T16:47:50.333858,0.000000,2.772648
2684.7076,2026-06-18T16:47:50.826759,0.000000,2.772512
2685.1876,2026-06-18T16:47:51.306838,0.000000,2.772568
2685.6826,2026-06-18T16:47:51.801826,0.000000,2.773088
2686.1795,2026-06-18T16:47:52.298727,0.000000,2.773160
2686.6724,2026-06-18T16:47:52.791579,0.000000,2.773116
2687.1638,2026-06-18T16:47:53.283061,0.000000,2.773004
2687.6853,2026-06-18T16:47:53.804514,0.000000,2.772828
2688.1877,2026-06-18T16:47:54.306937,0.000000,2.772900
2688.6855,2026-06-18T16:47:54.804684,0.000000,2.772964
2689.1521,2026-06-18T16:47:55.271277,0.000000,2.773348
2689.6501,2026-06-18T16:47:55.769264,0.000000,2.773392
2690.1278,2026-06-18T16:47:56.247002,0.000000,2.773296
2690.6245,2026-06-18T16:47:56.743721,0.000000,2.773180
2691.1086,2026-06-18T16:47:57.227794,0.000000,2.772936
2691.5999,2026-06-18T16:47:57.719144,0.000000,2.772892
2692.0831,2026-06-18T16:47:58.202263,0.000000,2.772980
2692.5787,2026-06-18T16:47:58.697875,0.000000,2.773304
2693.0523,2026-06-18T16:47:59.171513,0.000000,2.773552
2693.5479,2026-06-18T16:47:59.667095,0.000000,2.774192
2694.0406,2026-06-18T16:48:00.159810,0.000000,2.774672
2694.5323,2026-06-18T16:48:00.651536,0.000000,2.774924
2695.0087,2026-06-18T16:48:01.127904,0.000000,2.775052
2695.4661,2026-06-18T16:48:01.585362,0.000000,2.774904
2695.9575,2026-06-18T16:48:02.076739,0.000000,2.774560
2696.4331,2026-06-18T16:48:02.552316,0.000000,2.774376
2696.9220,2026-06-18T16:48:03.041230,0.000000,2.774748
2697.4318,2026-06-18T16:48:03.551010,0.000000,2.774936
2697.9250,2026-06-18T16:48:04.044216,0.000000,2.775580
2698.4369,2026-06-18T16:48:04.556089,0.000000,2.776052
2698.9437,2026-06-18T16:48:05.062936,0.000000,2.776256
2699.4388,2026-06-18T16:48:05.558022,0.000000,2.776400
2699.9272,2026-06-18T16:48:06.046438,0.000000,2.776380
2700.4123,2026-06-18T16:48:06.531494,0.000000,2.776388
2700.9156,2026-06-18T16:48:07.034768,0.000000,2.776460
2701.4145,2026-06-18T16:48:07.533714,0.000000,2.776560
2701.9306,2026-06-18T16:48:08.049778,0.000000,2.776628
2702.4276,2026-06-18T16:48:08.546765,0.000000,2.776416
2702.9291,2026-06-18T16:48:09.048354,0.000000,2.776456
2703.4312,2026-06-18T16:48:09.550436,0.000000,2.776344
2703.9283,2026-06-18T16:48:10.047536,0.000000,2.776100
2704.4184,2026-06-18T16:48:10.537584,0.000000,2.776196
2704.9078,2026-06-18T16:48:11.027010,0.000000,2.776296
2705.3801,2026-06-18T16:48:11.499280,0.000000,2.776508
2705.8716,2026-06-18T16:48:11.990851,0.000000,2.776652
2706.3809,2026-06-18T16:48:12.500153,0.000000,2.777004
2706.8838,2026-06-18T16:48:13.002973,0.000000,2.777160
2707.3771,2026-06-18T16:48:13.496295,0.000000,2.777348
2707.8577,2026-06-18T16:48:13.976919,0.000000,2.777492
2708.3582,2026-06-18T16:48:14.477444,0.000000,2.777496
2708.8496,2026-06-18T16:48:14.968771,0.000000,2.777416
2709.3477,2026-06-18T16:48:15.466896,0.000000,2.777480
2709.8709,2026-06-18T16:48:15.990155,0.000000,2.777480
2710.3492,2026-06-18T16:48:16.468440,0.000000,2.777204
2710.8500,2026-06-18T16:48:16.969241,0.000000,2.777168
2711.3262,2026-06-18T16:48:17.445459,0.000000,2.777248
2711.8182,2026-06-18T16:48:17.937435,0.000000,2.777444
2712.3204,2026-06-18T16:48:18.439616,0.000000,2.777964
2712.8394,2026-06-18T16:48:18.958647,0.000000,2.778396
2713.3309,2026-06-18T16:48:19.450108,0.000000,2.778464
2713.8269,2026-06-18T16:48:19.946104,0.000000,2.778504
2714.3341,2026-06-18T16:48:20.453316,0.000000,2.778316
2714.8307,2026-06-18T16:48:20.949919,0.000000,2.778220
2715.3377,2026-06-18T16:48:21.456877,0.000000,2.778548
2715.8248,2026-06-18T16:48:21.943969,0.000000,2.778724
2716.3280,2026-06-18T16:48:22.447216,0.000000,2.779284
2716.8192,2026-06-18T16:48:22.938401,0.000000,2.779756
2717.3443,2026-06-18T16:48:23.463543,0.000000,2.779928
2717.8413,2026-06-18T16:48:23.960506,0.000000,2.780244
2718.3387,2026-06-18T16:48:24.457932,0.000000,2.780308
2718.8259,2026-06-18T16:48:24.945098,0.000000,2.780224
2719.3280,2026-06-18T16:48:25.447180,0.000000,2.780248
2719.8269,2026-06-18T16:48:25.946121,0.000000,2.780172
2720.3278,2026-06-18T16:48:26.446996,0.000000,2.780212
2720.8478,2026-06-18T16:48:26.967037,0.000000,2.780388
2721.3486,2026-06-18T16:48:27.467829,0.000000,2.780372
2721.8477,2026-06-18T16:48:27.966891,0.000000,2.780652
2722.3463,2026-06-18T16:48:28.465541,0.000000,2.780660
2722.8373,2026-06-18T16:48:28.956480,0.000000,2.780528
2723.3364,2026-06-18T16:48:29.455649,0.000000,2.780548
2723.8627,2026-06-18T16:48:29.981924,0.000000,2.780568
2724.3370,2026-06-18T16:48:30.456159,0.000000,2.780732
2724.8286,2026-06-18T16:48:30.947808,0.000000,2.781008
2725.3181,2026-06-18T16:48:31.437321,0.000000,2.781068
2725.8173,2026-06-18T16:48:31.936550,0.000000,2.781124
2726.3093,2026-06-18T16:48:32.428530,0.000000,2.781304
2726.8122,2026-06-18T16:48:32.931385,0.000000,2.781428
2727.3122,2026-06-18T16:48:33.431370,0.000000,2.781600
2727.8334,2026-06-18T16:48:33.952583,0.000000,2.781828
2728.3397,2026-06-18T16:48:34.458945,0.000000,2.781744
2728.8389,2026-06-18T16:48:34.958146,0.000000,2.781712
2729.3398,2026-06-18T16:48:35.459055,0.000000,2.782088
2729.8271,2026-06-18T16:48:35.946338,0.000000,2.782088
2730.3147,2026-06-18T16:48:36.433932,0.000000,2.782696
2730.8164,2026-06-18T16:48:36.935648,0.000000,2.783368
2731.3335,2026-06-18T16:48:37.452666,0.000000,2.783496
2731.8306,2026-06-18T16:48:37.949765,0.000000,2.783640
2732.3312,2026-06-18T16:48:38.450406,0.000000,2.783284
2732.8195,2026-06-18T16:48:38.938711,0.000000,2.782832
2733.2835,2026-06-18T16:48:39.402685,0.000000,2.782760
2733.7833,2026-06-18T16:48:39.902549,0.000000,2.782784
2734.2862,2026-06-18T16:48:40.405432,0.000000,2.782928
2734.7793,2026-06-18T16:48:40.898540,0.000000,2.783648
2735.2979,2026-06-18T16:48:41.417125,0.000000,2.784120
2735.8000,2026-06-18T16:48:41.919234,0.000000,2.784612
2736.3017,2026-06-18T16:48:42.420929,0.000000,2.784872
2736.7921,2026-06-18T16:48:42.911354,0.000000,2.785044
2737.2999,2026-06-18T16:48:43.419067,0.000000,2.785212
2737.7958,2026-06-18T16:48:43.914997,0.000000,2.785236
2738.2969,2026-06-18T16:48:44.416132,0.000000,2.785668
2738.7909,2026-06-18T16:48:44.910068,0.000000,2.785496
2739.2824,2026-06-18T16:48:45.401640,0.000000,2.785420
2739.7755,2026-06-18T16:48:45.894729,0.000000,2.785364
2740.2809,2026-06-18T16:48:46.400111,0.000000,2.785288
2740.7386,2026-06-18T16:48:46.857765,0.000000,2.785496
2741.2292,2026-06-18T16:48:47.348426,0.000000,2.785632
2741.7326,2026-06-18T16:48:47.851830,0.000000,2.785732
2742.2404,2026-06-18T16:48:48.359595,0.000000,2.785772
2742.7550,2026-06-18T16:48:48.874189,0.000000,2.785792
2743.2474,2026-06-18T16:48:49.366634,0.000000,2.785692
2743.7316,2026-06-18T16:48:49.850851,0.000000,2.785780
2744.2226,2026-06-18T16:48:50.341812,0.000000,2.785984
2744.7155,2026-06-18T16:48:50.834752,0.000000,2.786208
2745.2128,2026-06-18T16:48:51.331967,0.000000,2.786236
2745.7079,2026-06-18T16:48:51.827085,0.000000,2.786680
2746.2120,2026-06-18T16:48:52.331178,0.000000,2.786812
2746.7132,2026-06-18T16:48:52.832365,0.000000,2.786780
2747.2110,2026-06-18T16:48:53.330215,0.000000,2.786980
2747.6967,2026-06-18T16:48:53.815905,0.000000,2.786872
2748.1954,2026-06-18T16:48:54.314581,0.000000,2.786856
2748.6938,2026-06-18T16:48:54.813043,0.000000,2.787176
2749.1942,2026-06-18T16:48:55.313437,0.000000,2.787308
2749.7000,2026-06-18T16:48:55.819174,0.000000,2.787180
2750.2202,2026-06-18T16:48:56.339445,0.000000,2.786976
2750.7149,2026-06-18T16:48:56.834086,0.000000,2.786604
2751.2119,2026-06-18T16:48:57.331057,0.000000,2.786316
2751.7125,2026-06-18T16:48:57.831702,0.000000,2.786744
2752.2119,2026-06-18T16:48:58.331097,0.000000,2.786840
2752.7082,2026-06-18T16:48:58.827399,0.000000,2.787036
2753.2035,2026-06-18T16:48:59.322668,0.000000,2.787520
2753.7285,2026-06-18T16:48:59.847692,0.000000,2.787556
2754.2243,2026-06-18T16:49:00.343529,0.000000,2.787800
2754.7138,2026-06-18T16:49:00.833058,0.000000,2.787944
2755.2090,2026-06-18T16:49:01.328214,0.000000,2.787784
2755.6877,2026-06-18T16:49:01.806959,0.000000,2.787908
2756.1352,2026-06-18T16:49:02.254394,0.000000,2.788036
2756.6087,2026-06-18T16:49:02.727916,0.000000,2.788236
2757.1045,2026-06-18T16:49:03.223701,0.000000,2.788716
2757.6087,2026-06-18T16:49:03.727895,0.000000,2.789172
2758.1020,2026-06-18T16:49:04.221195,0.000000,2.789368
2758.6160,2026-06-18T16:49:04.735242,0.000000,2.789580
2759.1179,2026-06-18T16:49:05.237090,0.000000,2.789964
2759.5680,2026-06-18T16:49:05.687199,0.000000,2.789988
2760.0612,2026-06-18T16:49:06.180392,0.000000,2.790112
2760.5531,2026-06-18T16:49:06.672359,0.000000,2.790164
2761.0556,2026-06-18T16:49:07.174783,0.000000,2.789836
2761.5103,2026-06-18T16:49:07.629467,0.000000,2.789764
2762.0006,2026-06-18T16:49:08.119815,0.000000,2.789588
2762.4703,2026-06-18T16:49:08.589472,0.000000,2.789748
2762.9685,2026-06-18T16:49:09.087732,0.000000,2.789820
2763.4595,2026-06-18T16:49:09.578731,0.000000,2.790216
2763.9787,2026-06-18T16:49:10.097913,0.000000,2.790648
2764.4756,2026-06-18T16:49:10.594779,0.000000,2.791328
2764.9707,2026-06-18T16:49:11.089953,0.000000,2.791796
2765.4731,2026-06-18T16:49:11.592274,0.000000,2.792020
2765.9750,2026-06-18T16:49:12.094240,0.000000,2.791952
2766.4745,2026-06-18T16:49:12.593714,0.000000,2.791928
2766.9788,2026-06-18T16:49:13.098048,0.000000,2.792288
2767.4841,2026-06-18T16:49:13.603355,0.000000,2.792684
2767.9875,2026-06-18T16:49:14.106747,0.000000,2.793188
2768.4848,2026-06-18T16:49:14.604055,0.000000,2.793452
2768.9791,2026-06-18T16:49:15.098279,0.000000,2.793448
2769.4657,2026-06-18T16:49:15.584933,0.000000,2.793244
2769.9270,2026-06-18T16:49:16.046195,0.000000,2.793048
2770.4205,2026-06-18T16:49:16.539722,0.000000,2.793028
2770.9226,2026-06-18T16:49:17.041785,0.000000,2.793208
2771.4228,2026-06-18T16:49:17.541983,0.000000,2.793332
2771.9205,2026-06-18T16:49:18.039675,0.000000,2.793500
2772.4228,2026-06-18T16:49:18.542053,0.000000,2.793712
2772.9199,2026-06-18T16:49:19.039150,0.000000,2.794036
2773.3925,2026-06-18T16:49:19.511684,0.000000,2.794388
2773.8923,2026-06-18T16:49:20.011493,0.000000,2.794728
2774.3956,2026-06-18T16:49:20.514775,0.000000,2.795128
2774.9085,2026-06-18T16:49:21.027737,0.000000,2.795224
2775.4105,2026-06-18T16:49:21.529761,0.000000,2.794956
2775.8765,2026-06-18T16:49:21.995748,0.000000,2.794512
2776.3712,2026-06-18T16:49:22.490381,0.000000,2.793872
2776.8748,2026-06-18T16:49:22.994049,0.000000,2.793084
2777.3751,2026-06-18T16:49:23.494354,0.000000,2.793108
2777.8265,2026-06-18T16:49:23.945700,0.000000,2.793200
2778.3099,2026-06-18T16:49:24.429103,0.000000,2.793472
2778.7937,2026-06-18T16:49:24.912937,0.000000,2.793496
2779.2975,2026-06-18T16:49:25.416730,0.000000,2.793556
2779.8119,2026-06-18T16:49:25.931138,0.000000,2.793624
2780.3078,2026-06-18T16:49:26.427034,0.000000,2.793604
2780.8041,2026-06-18T16:49:26.923303,0.000000,2.793616
2781.2830,2026-06-18T16:49:27.402218,0.000000,2.793580
2781.7764,2026-06-18T16:49:27.895587,0.000000,2.793552
2782.2639,2026-06-18T16:49:28.383118,0.000000,2.793392
2782.7595,2026-06-18T16:49:28.878671,0.000000,2.793148
2783.2560,2026-06-18T16:49:29.375205,0.000000,2.793120
2783.7681,2026-06-18T16:49:29.887318,0.000000,2.793184
2784.2599,2026-06-18T16:49:30.379164,0.000000,2.793712
2784.7456,2026-06-18T16:49:30.864861,0.000000,2.793996
2785.2325,2026-06-18T16:49:31.351736,0.000000,2.794296
2785.7420,2026-06-18T16:49:31.861217,0.000000,2.794588
2786.2412,2026-06-18T16:49:32.360437,0.000000,2.794444
2786.7389,2026-06-18T16:49:32.858073,0.000000,2.794836
2787.2414,2026-06-18T16:49:33.360569,0.000000,2.794872
2787.7456,2026-06-18T16:49:33.864827,0.000000,2.794976
2788.2571,2026-06-18T16:49:34.376319,0.000000,2.795312
2788.7522,2026-06-18T16:49:34.871426,0.000000,2.795372
2789.2501,2026-06-18T16:49:35.369319,0.000000,2.795380
2789.7460,2026-06-18T16:49:35.865187,0.000000,2.795080
2790.2539,2026-06-18T16:49:36.373096,0.000000,2.795144
2790.7535,2026-06-18T16:49:36.872703,0.000000,2.795176
2791.2496,2026-06-18T16:49:37.368850,0.000000,2.795216
2791.7693,2026-06-18T16:49:37.888466,0.000000,2.795532
2792.2639,2026-06-18T16:49:38.383077,0.000000,2.795396
2792.7610,2026-06-18T16:49:38.880196,0.000000,2.795396
2793.2537,2026-06-18T16:49:39.372874,0.000000,2.795448
2793.7580,2026-06-18T16:49:39.877190,0.000000,2.795372
2794.2319,2026-06-18T16:49:40.351124,0.000000,2.795184
2794.7276,2026-06-18T16:49:40.846780,0.000000,2.794976
2795.2440,2026-06-18T16:49:41.363175,0.000000,2.794824
2795.7302,2026-06-18T16:49:41.849406,0.000000,2.794968
2796.2062,2026-06-18T16:49:42.325454,0.000000,2.795392
2796.6991,2026-06-18T16:49:42.818295,0.000000,2.795648
2797.1928,2026-06-18T16:49:43.311993,0.000000,2.796564
2797.6832,2026-06-18T16:49:43.802399,0.000000,2.796608
2798.1867,2026-06-18T16:49:44.305880,0.000000,2.796676
2798.6896,2026-06-18T16:49:44.808796,0.000000,2.796736
2799.1929,2026-06-18T16:49:45.312128,0.000000,2.796056
2799.7135,2026-06-18T16:49:45.832673,0.000000,2.796056
2800.1984,2026-06-18T16:49:46.317621,0.000000,2.795548
2800.7049,2026-06-18T16:49:46.824073,0.000000,2.795224
2801.2004,2026-06-18T16:49:47.319581,0.000000,2.795452
2801.6720,2026-06-18T16:49:47.791169,0.000000,2.795524
2802.1678,2026-06-18T16:49:48.287008,0.000000,2.795908
2802.6577,2026-06-18T16:49:48.776941,0.000000,2.796316
2803.1272,2026-06-18T16:49:49.246409,0.000000,2.796436
2803.6287,2026-06-18T16:49:49.747936,0.000000,2.796324
2804.1368,2026-06-18T16:49:50.256034,0.000000,2.796024
2804.6259,2026-06-18T16:49:50.745092,0.000000,2.795784
2805.1283,2026-06-18T16:49:51.247537,0.000000,2.795808
2805.5972,2026-06-18T16:49:51.716438,0.000000,2.796156
2806.0790,2026-06-18T16:49:52.198194,0.000000,2.796428
2806.5500,2026-06-18T16:49:52.669259,0.000000,2.796840
2807.0538,2026-06-18T16:49:53.173045,0.000000,2.796868
2807.5822,2026-06-18T16:49:53.701442,0.000000,2.796612
2808.0812,2026-06-18T16:49:54.200423,0.000000,2.796664
2808.5521,2026-06-18T16:49:54.671351,0.000000,2.796552
2809.0535,2026-06-18T16:49:55.172666,0.000000,2.796588
2809.5578,2026-06-18T16:49:55.676972,0.000000,2.796908
2810.0594,2026-06-18T16:49:56.178643,0.000000,2.797232
2810.5539,2026-06-18T16:49:56.673145,0.000000,2.797480
2811.0540,2026-06-18T16:49:57.173192,0.000000,2.797476
2811.5473,2026-06-18T16:49:57.666462,0.000000,2.797592
2812.0871,2026-06-18T16:49:58.206330,0.000000,2.797712
2812.5910,2026-06-18T16:49:58.710179,0.000000,2.797884
2813.0801,2026-06-18T16:49:59.199276,0.000000,2.798044
2813.5821,2026-06-18T16:49:59.701269,0.000000,2.797752
2814.1176,2026-06-18T16:50:00.236795,0.000000,2.797692
2814.6081,2026-06-18T16:50:00.727264,0.000000,2.797304
2815.1080,2026-06-18T16:50:01.227242,0.000000,2.797432
2815.5908,2026-06-18T16:50:01.710039,0.000000,2.797516
2816.0838,2026-06-18T16:50:02.202982,0.000000,2.797212
2816.5845,2026-06-18T16:50:02.703657,0.000000,2.797476
2817.0839,2026-06-18T16:50:03.203147,0.000000,2.797204
2817.6052,2026-06-18T16:50:03.724418,0.000000,2.797132
2818.1008,2026-06-18T16:50:04.220037,0.000000,2.797244
2818.6081,2026-06-18T16:50:04.727324,0.000000,2.796904
2819.1039,2026-06-18T16:50:05.223102,0.000000,2.797024
2819.5997,2026-06-18T16:50:05.718941,0.000000,2.797292
2820.0672,2026-06-18T16:50:06.186365,0.000000,2.797304
2820.5616,2026-06-18T16:50:06.680842,0.000000,2.797288
2821.0635,2026-06-18T16:50:07.182671,0.000000,2.796988
2821.5551,2026-06-18T16:50:07.674299,0.000000,2.796664
2822.0575,2026-06-18T16:50:08.176758,0.000000,2.796524
2822.5481,2026-06-18T16:50:08.667362,0.000000,2.796676
2823.0472,2026-06-18T16:50:09.166386,0.000000,2.797040
2823.5454,2026-06-18T16:50:09.664571,0.000000,2.797076
2824.0365,2026-06-18T16:50:10.155721,0.000000,2.797144
2824.5091,2026-06-18T16:50:10.628276,0.000000,2.797164
2825.0138,2026-06-18T16:50:11.133042,0.000000,2.796776
2825.5350,2026-06-18T16:50:11.654198,0.000000,2.796896
2826.0294,2026-06-18T16:50:12.148615,0.000000,2.797004
2826.5215,2026-06-18T16:50:12.640753,0.000000,2.796960
2827.0212,2026-06-18T16:50:13.140391,0.000000,2.797236
2827.5219,2026-06-18T16:50:13.641066,0.000000,2.797084
2828.0112,2026-06-18T16:50:14.130446,0.000000,2.796796
2828.5077,2026-06-18T16:50:14.626958,0.000000,2.796620
2829.0368,2026-06-18T16:50:15.156013,0.000000,2.796744
2829.5319,2026-06-18T16:50:15.651107,0.000000,2.796676
2830.0323,2026-06-18T16:50:16.151465,0.000000,2.796780
2830.5318,2026-06-18T16:50:16.651031,0.000000,2.796848
2831.0373,2026-06-18T16:50:17.156487,0.000000,2.796616
2831.5376,2026-06-18T16:50:17.656796,0.000000,2.797032
2832.0353,2026-06-18T16:50:18.154479,0.000000,2.797396
2832.5637,2026-06-18T16:50:18.682880,0.000000,2.797872
2833.0603,2026-06-18T16:50:19.179525,0.000000,2.798084
2833.5536,2026-06-18T16:50:19.672788,0.000000,2.797708
2834.0114,2026-06-18T16:50:20.130614,0.000000,2.797360
2834.5127,2026-06-18T16:50:20.631923,0.000000,2.797224
2835.0075,2026-06-18T16:50:21.126704,0.000000,2.797044
2835.5118,2026-06-18T16:50:21.631013,0.000000,2.797120
2836.0090,2026-06-18T16:50:22.128164,0.000000,2.797168
2836.5318,2026-06-18T16:50:22.650998,0.000000,2.797008
2837.0283,2026-06-18T16:50:23.147494,0.000000,2.797060
2837.5205,2026-06-18T16:50:23.639698,0.000000,2.796884
2838.0109,2026-06-18T16:50:24.130151,0.000000,2.796676
2838.4796,2026-06-18T16:50:24.598848,0.000000,2.796372
2838.9685,2026-06-18T16:50:25.087697,0.000000,2.795996
2839.4466,2026-06-18T16:50:25.565818,0.000000,2.795692
2839.9380,2026-06-18T16:50:26.057239,0.000000,2.795584
2840.4371,2026-06-18T16:50:26.556304,0.000000,2.795208
2840.9325,2026-06-18T16:50:27.051762,0.000000,2.795120
2841.4344,2026-06-18T16:50:27.553595,0.000000,2.795212
2841.9688,2026-06-18T16:50:28.088007,0.000000,2.795008
2842.4685,2026-06-18T16:50:28.587717,0.000000,2.795392
2842.9618,2026-06-18T16:50:29.080986,0.000000,2.795508
2843.4618,2026-06-18T16:50:29.581015,0.000000,2.795208
2843.9382,2026-06-18T16:50:30.057391,0.000000,2.795624
2844.4425,2026-06-18T16:50:30.561748,0.000000,2.795684
2844.9262,2026-06-18T16:50:31.045421,0.000000,2.795632
2845.4035,2026-06-18T16:50:31.522759,0.000000,2.795492
2845.8841,2026-06-18T16:50:32.003322,0.000000,2.794524
2846.3759,2026-06-18T16:50:32.495131,0.000000,2.793552
2846.8873,2026-06-18T16:50:33.006461,0.000000,2.792708
2847.3743,2026-06-18T16:50:33.493520,0.000000,2.792340
2847.8712,2026-06-18T16:50:33.990424,0.000000,2.792348
2848.3915,2026-06-18T16:50:34.510738,0.000000,2.792616
2848.8925,2026-06-18T16:50:35.011728,0.000000,2.792420
2849.3827,2026-06-18T16:50:35.501892,0.000000,2.791880
2849.8770,2026-06-18T16:50:35.996282,0.000000,2.791880
2850.3742,2026-06-18T16:50:36.493422,0.000000,2.791412
2850.8681,2026-06-18T16:50:36.987293,0.000000,2.791592
2851.3443,2026-06-18T16:50:37.463541,0.000000,2.791596
2851.8061,2026-06-18T16:50:37.925329,0.000000,2.791080
2852.2742,2026-06-18T16:50:38.393395,0.000000,2.791252
2852.7739,2026-06-18T16:50:38.893078,0.000000,2.791068
2853.2687,2026-06-18T16:50:39.387905,0.000000,2.791020
2853.8013,2026-06-18T16:50:39.920552,0.000000,2.791268
2854.2758,2026-06-18T16:50:40.395044,0.000000,2.790992
2854.7444,2026-06-18T16:50:40.863644,0.000000,2.790956
2855.2346,2026-06-18T16:50:41.353855,0.000000,2.791056
2855.7284,2026-06-18T16:50:41.847598,0.000000,2.791152
2856.2070,2026-06-18T16:50:42.326197,0.000000,2.791108
2856.6984,2026-06-18T16:50:42.817626,0.000000,2.791064
2857.1713,2026-06-18T16:50:43.290467,0.000000,2.790552
2857.6657,2026-06-18T16:50:43.784927,0.000000,2.790088
2858.1549,2026-06-18T16:50:44.274066,0.000000,2.789848
2858.6798,2026-06-18T16:50:44.799010,0.000000,2.789332
2859.1847,2026-06-18T16:50:45.303862,0.000000,2.789036
2859.6788,2026-06-18T16:50:45.798013,0.000000,2.788368
2860.1827,2026-06-18T16:50:46.301949,0.000000,2.787808
2860.6761,2026-06-18T16:50:46.795340,0.000000,2.787404
2861.1650,2026-06-18T16:50:47.284221,0.000000,2.786992
2861.6637,2026-06-18T16:50:47.782880,0.000000,2.787048
2862.1929,2026-06-18T16:50:48.312159,0.000000,2.786976
2862.6736,2026-06-18T16:50:48.792857,0.000000,2.786856
2863.1743,2026-06-18T16:50:49.293474,0.000000,2.787100
2863.6760,2026-06-18T16:50:49.795174,0.000000,2.786868
2864.1783,2026-06-18T16:50:50.297471,0.000000,2.786544
2864.6687,2026-06-18T16:50:50.787916,0.000000,2.786196
2865.1502,2026-06-18T16:50:51.269440,0.000000,2.785948
2865.6473,2026-06-18T16:50:51.766501,0.000000,2.785892
2866.1704,2026-06-18T16:50:52.289630,0.000000,2.786024
2866.6699,2026-06-18T16:50:52.789108,0.000000,2.785920
2867.1662,2026-06-18T16:50:53.285426,0.000000,2.785404
2867.6699,2026-06-18T16:50:53.789136,0.000000,2.784992
2868.1658,2026-06-18T16:50:54.284987,0.000000,2.784496
2868.6588,2026-06-18T16:50:54.778030,0.000000,2.784312
2869.1554,2026-06-18T16:50:55.274587,0.000000,2.784200
2869.6779,2026-06-18T16:50:55.797148,0.000000,2.784024
2870.1719,2026-06-18T16:50:56.291064,0.000000,2.783708
2870.6783,2026-06-18T16:50:56.797544,0.000000,2.783180
2871.1635,2026-06-18T16:50:57.282702,0.000000,2.782908
2871.6694,2026-06-18T16:50:57.788612,0.000000,2.782712
2872.1575,2026-06-18T16:50:58.276705,0.000000,2.782740
2872.6572,2026-06-18T16:50:58.776374,0.000000,2.782648
2873.1779,2026-06-18T16:50:59.297137,0.000000,2.782384
2873.6822,2026-06-18T16:50:59.801390,0.000000,2.782076
2874.1411,2026-06-18T16:51:00.260451,0.000000,2.781792
2874.6438,2026-06-18T16:51:00.762973,0.000000,2.781620
2875.1411,2026-06-18T16:51:01.260300,0.000000,2.781392
2875.6376,2026-06-18T16:51:01.756777,0.000000,2.781348
2876.1268,2026-06-18T16:51:02.245992,0.000000,2.781204
2876.6040,2026-06-18T16:51:02.723193,0.000000,2.781096
2877.0954,2026-06-18T16:51:03.214661,0.000000,2.780776
2877.6207,2026-06-18T16:51:03.739875,0.000000,2.780520
2878.1156,2026-06-18T16:51:04.234842,0.000000,2.780336
2878.6049,2026-06-18T16:51:04.724130,0.000000,2.780160
2879.1060,2026-06-18T16:51:05.225262,0.000000,2.780276
2879.6041,2026-06-18T16:51:05.723294,0.000000,2.780332
2880.0683,2026-06-18T16:51:06.187495,0.000000,2.780372
2880.5535,2026-06-18T16:51:06.672716,0.000000,2.780324
2881.0429,2026-06-18T16:51:07.162107,0.000000,2.780004
2881.5427,2026-06-18T16:51:07.661938,0.000000,2.779452
2882.0450,2026-06-18T16:51:08.164179,0.000000,2.778836
2882.5365,2026-06-18T16:51:08.655717,0.000000,2.778368
2883.0366,2026-06-18T16:51:09.155787,0.000000,2.777936
2883.5240,2026-06-18T16:51:09.643206,0.000000,2.777520
2883.9998,2026-06-18T16:51:10.119000,0.000000,2.777308
2884.4857,2026-06-18T16:51:10.604877,0.000000,2.776992
2884.9857,2026-06-18T16:51:11.104880,0.000000,2.776716
2885.4860,2026-06-18T16:51:11.605231,0.000000,2.776772
2885.9901,2026-06-18T16:51:12.109299,0.000000,2.776184
2886.4747,2026-06-18T16:51:12.593869,0.000000,2.775636
2886.9738,2026-06-18T16:51:13.093042,0.000000,2.775036
2887.4695,2026-06-18T16:51:13.588750,0.000000,2.774444
2887.9371,2026-06-18T16:51:14.056316,0.000000,2.774016
2888.4077,2026-06-18T16:51:14.526912,0.000000,2.773760
2888.9047,2026-06-18T16:51:15.023960,0.000000,2.773736
2889.3837,2026-06-18T16:51:15.502887,0.000000,2.773520
2889.8915,2026-06-18T16:51:16.010674,0.000000,2.773232
2890.3906,2026-06-18T16:51:16.509816,0.000000,2.772720
2890.8704,2026-06-18T16:51:16.989631,0.000000,2.771964
2891.3320,2026-06-18T16:51:17.451214,0.000000,2.770936
2891.8328,2026-06-18T16:51:17.951978,0.000000,2.769876
2892.3341,2026-06-18T16:51:18.453303,0.000000,2.769244
2892.8371,2026-06-18T16:51:18.956310,0.000000,2.768920
2893.3360,2026-06-18T16:51:19.455250,0.000000,2.768812
2893.8406,2026-06-18T16:51:19.959806,0.000000,2.769040
2894.3364,2026-06-18T16:51:20.455568,0.000000,2.769096
2894.8582,2026-06-18T16:51:20.977386,0.000000,2.769016
2895.3668,2026-06-18T16:51:21.485996,0.000000,2.769036
2895.8603,2026-06-18T16:51:21.979492,0.000000,2.768356
2896.3406,2026-06-18T16:51:22.459769,0.000000,2.767536
2896.8246,2026-06-18T16:51:22.943849,0.000000,2.766960
2897.3220,2026-06-18T16:51:23.441206,0.000000,2.766488
2897.8222,2026-06-18T16:51:23.941387,0.000000,2.766272
2898.3424,2026-06-18T16:51:24.461647,0.000000,2.765968
2898.8408,2026-06-18T16:51:24.960045,0.000000,2.765300
2899.3338,2026-06-18T16:51:25.453002,0.000000,2.764656
2899.8297,2026-06-18T16:51:25.948876,0.000000,2.763944
2900.3270,2026-06-18T16:51:26.446246,0.000000,2.763476
2900.8109,2026-06-18T16:51:26.930061,0.000000,2.763388
2901.3014,2026-06-18T16:51:27.420627,0.000000,2.763304
2901.7979,2026-06-18T16:51:27.917077,0.000000,2.763424
2902.3262,2026-06-18T16:51:28.445449,0.000000,2.763532
2902.8211,2026-06-18T16:51:28.940318,0.000000,2.763120
2903.3214,2026-06-18T16:51:29.440636,0.000000,2.762752
2903.8189,2026-06-18T16:51:29.938155,0.000000,2.762092
2904.3103,2026-06-18T16:51:30.429490,0.000000,2.761628
2904.8087,2026-06-18T16:51:30.927936,0.000000,2.761364
2905.2950,2026-06-18T16:51:31.414175,0.000000,2.760784
2905.8178,2026-06-18T16:51:31.937028,0.000000,2.760632
2906.3050,2026-06-18T16:51:32.424244,0.000000,2.759812
2906.8077,2026-06-18T16:51:32.926901,0.000000,2.759108
2907.3010,2026-06-18T16:51:33.420170,0.000000,2.758388
2907.7951,2026-06-18T16:51:33.914290,0.000000,2.757396
2908.2715,2026-06-18T16:51:34.390673,0.000000,2.757104
2908.7781,2026-06-18T16:51:34.897331,0.000000,2.756772
2909.2741,2026-06-18T16:51:35.393311,0.000000,2.756668
2909.7688,2026-06-18T16:51:35.887975,0.000000,2.756556
2910.2848,2026-06-18T16:51:36.403990,0.000000,2.756084
2910.7823,2026-06-18T16:51:36.901529,0.000000,2.755880
2911.2731,2026-06-18T16:51:37.392299,0.000000,2.755432
2911.7703,2026-06-18T16:51:37.889528,0.000000,2.755148
2912.2654,2026-06-18T16:51:38.384570,0.000000,2.754808
2912.7666,2026-06-18T16:51:38.885785,0.000000,2.754384
2913.2665,2026-06-18T16:51:39.385737,0.000000,2.753576
2913.7671,2026-06-18T16:51:39.886318,0.000000,2.752960
2914.2479,2026-06-18T16:51:40.367118,0.000000,2.752732
2914.7698,2026-06-18T16:51:40.889013,0.000000,2.752460
2915.2742,2026-06-18T16:51:41.393373,0.000000,2.752268
2915.7743,2026-06-18T16:51:41.893544,0.000000,2.752132
2916.2781,2026-06-18T16:51:42.397273,0.000000,2.751800
2916.7739,2026-06-18T16:51:42.893116,0.000000,2.751396
2917.2328,2026-06-18T16:51:43.351987,0.000000,2.751148
2917.7235,2026-06-18T16:51:43.842728,0.000000,2.750768
2918.2477,2026-06-18T16:51:44.366942,0.000000,2.749852
2918.7442,2026-06-18T16:51:44.863410,0.000000,2.748872
2919.2414,2026-06-18T16:51:45.360569,0.000000,2.747896
2919.7320,2026-06-18T16:51:45.851182,0.000000,2.747048
2920.2285,2026-06-18T16:51:46.347724,0.000000,2.746612
2920.7297,2026-06-18T16:51:46.848887,0.000000,2.746268
2921.2148,2026-06-18T16:51:47.333987,0.000000,2.746084
2921.6842,2026-06-18T16:51:47.803365,0.000000,2.745800
2922.1500,2026-06-18T16:51:48.269207,0.000000,2.745328
2922.6408,2026-06-18T16:51:48.760019,0.000000,2.745100
2923.1402,2026-06-18T16:51:49.259410,0.000000,2.744824
2923.6329,2026-06-18T16:51:49.752070,0.000000,2.744760
2924.1149,2026-06-18T16:51:50.234150,0.000000,2.744488
2924.6073,2026-06-18T16:51:50.726545,0.000000,2.744272
2925.1002,2026-06-18T16:51:51.219453,0.000000,2.743756
2925.5971,2026-06-18T16:51:51.716346,0.000000,2.742940
2926.1214,2026-06-18T16:51:52.240650,0.000000,2.742532
2926.6188,2026-06-18T16:51:52.738052,0.000000,2.742264
2927.1232,2026-06-18T16:51:53.242381,0.000000,2.742032
2927.6209,2026-06-18T16:51:53.740104,0.000000,2.741788
2928.1267,2026-06-18T16:51:54.245963,0.000000,2.741336
2928.6280,2026-06-18T16:51:54.747257,0.000000,2.740996
2929.1304,2026-06-18T16:51:55.249603,0.000000,2.740808
2929.6409,2026-06-18T16:51:55.760128,0.000000,2.740760
2930.1328,2026-06-18T16:51:56.252045,0.000000,2.740516
2930.6268,2026-06-18T16:51:56.745986,0.000000,2.740188
2931.1278,2026-06-18T16:51:57.247050,0.000000,2.739612
2931.6240,2026-06-18T16:51:57.743228,0.000000,2.739236
2932.1219,2026-06-18T16:51:58.241078,0.000000,2.739012
2932.5889,2026-06-18T16:51:58.708100,0.000000,2.738604
2933.0865,2026-06-18T16:51:59.205715,0.000000,2.737988
2933.6069,2026-06-18T16:51:59.726117,0.000000,2.736848
2934.0854,2026-06-18T16:52:00.204578,0.000000,2.735880
2934.5743,2026-06-18T16:52:00.693553,0.000000,2.735020
2935.0537,2026-06-18T16:52:01.172910,0.000000,2.734596
2935.5423,2026-06-18T16:52:01.661511,0.000000,2.734472
2936.0416,2026-06-18T16:52:02.160855,0.000000,2.733908
2936.5416,2026-06-18T16:52:02.660786,0.000000,2.733328
2937.0414,2026-06-18T16:52:03.160623,0.000000,2.732576
2937.5381,2026-06-18T16:52:03.657306,0.000000,2.732008
2937.9890,2026-06-18T16:52:04.108175,0.000000,2.731456
2938.4826,2026-06-18T16:52:04.601777,0.000000,2.731240
2938.9527,2026-06-18T16:52:05.071872,0.000000,2.731020
2939.4481,2026-06-18T16:52:05.567297,0.000000,2.730360
2939.9448,2026-06-18T16:52:06.064023,0.000000,2.730048
2940.4063,2026-06-18T16:52:06.525524,0.000000,2.729712
2940.9112,2026-06-18T16:52:07.030373,0.000000,2.729488
2941.4004,2026-06-18T16:52:07.519573,0.000000,2.729172
2941.9028,2026-06-18T16:52:08.022006,0.000000,2.728796
2942.4003,2026-06-18T16:52:08.519547,0.000000,2.728112
2942.9105,2026-06-18T16:52:09.029672,0.000000,2.727324
2943.4112,2026-06-18T16:52:09.530466,0.000000,2.726452
2943.8905,2026-06-18T16:52:10.009681,0.000000,2.725964
2944.3596,2026-06-18T16:52:10.478776,0.000000,2.725488
2944.8662,2026-06-18T16:52:10.985433,0.000000,2.724868
2945.3634,2026-06-18T16:52:11.482567,0.000000,2.724432
2945.8628,2026-06-18T16:52:11.982068,0.000000,2.723752
2946.3672,2026-06-18T16:52:12.486391,0.000000,2.723268
2946.8876,2026-06-18T16:52:13.006787,0.000000,2.722632
2947.3503,2026-06-18T16:52:13.469579,0.000000,2.722256
2947.8486,2026-06-18T16:52:13.967779,0.000000,2.721964
2948.3529,2026-06-18T16:52:14.472102,0.000000,2.721384
2948.8505,2026-06-18T16:52:14.969724,0.000000,2.720664
2949.3035,2026-06-18T16:52:15.422709,0.000000,2.719464
2949.7975,2026-06-18T16:52:15.916710,0.000000,2.718224
2950.2965,2026-06-18T16:52:16.415714,0.000000,2.716772
2950.8022,2026-06-18T16:52:16.921411,0.000000,2.715932
2951.2879,2026-06-18T16:52:17.407140,0.000000,2.715396
2951.8058,2026-06-18T16:52:17.925053,0.000000,2.714524
2952.3054,2026-06-18T16:52:18.424643,0.000000,2.713568
2952.8027,2026-06-18T16:52:18.921919,0.000000,2.712560
2953.2921,2026-06-18T16:52:19.411286,0.000000,2.711948
2953.7945,2026-06-18T16:52:19.913702,0.000000,2.711448
2954.2531,2026-06-18T16:52:20.372274,0.000000,2.711224
2954.7548,2026-06-18T16:52:20.874028,0.000000,2.711048
2955.2818,2026-06-18T16:52:21.401019,0.000000,2.710624
2955.7751,2026-06-18T16:52:21.894264,0.000000,2.710680
2956.2747,2026-06-18T16:52:22.393904,0.000000,2.710532
2956.7600,2026-06-18T16:52:22.879197,0.000000,2.710312
2957.2614,2026-06-18T16:52:23.380565,0.000000,2.709892
2957.7428,2026-06-18T16:52:23.861992,0.000000,2.709052
2958.2169,2026-06-18T16:52:24.336109,0.000000,2.708248
2958.7130,2026-06-18T16:52:24.832266,0.000000,2.707460
2959.2190,2026-06-18T16:52:25.338204,0.000000,2.706496
2959.7388,2026-06-18T16:52:25.857981,0.000000,2.705600
2960.2223,2026-06-18T16:52:26.341516,0.000000,2.705036
2960.6721,2026-06-18T16:52:26.791356,0.000000,2.704268
2961.1686,2026-06-18T16:52:27.287821,0.000000,2.703640
2961.6581,2026-06-18T16:52:27.777323,0.000000,2.702840
2962.1547,2026-06-18T16:52:28.273876,0.000000,2.702112
2962.6501,2026-06-18T16:52:28.769363,0.000000,2.701512
2963.1497,2026-06-18T16:52:29.268902,0.000000,2.701016
2963.6468,2026-06-18T16:52:29.766055,0.000000,2.700828
2964.1651,2026-06-18T16:52:30.284276,0.000000,2.700344
2964.6700,2026-06-18T16:52:30.789199,0.000000,2.699352
2965.1584,2026-06-18T16:52:31.277628,0.000000,2.698496
2965.6500,2026-06-18T16:52:31.769223,0.000000,2.697548
2966.1487,2026-06-18T16:52:32.267911,0.000000,2.696716
2966.6543,2026-06-18T16:52:32.773526,0.000000,2.695848
2967.1460,2026-06-18T16:52:33.265254,0.000000,2.694984
2967.6326,2026-06-18T16:52:33.751776,0.000000,2.694048
2968.1548,2026-06-18T16:52:34.274054,0.000000,2.693260
2968.6396,2026-06-18T16:52:34.758861,0.000000,2.693324
2969.1290,2026-06-18T16:52:35.248208,0.000000,2.693236
2969.6002,2026-06-18T16:52:35.719377,0.000000,2.692952
2970.0680,2026-06-18T16:52:36.187269,0.000000,2.692492
2970.5670,2026-06-18T16:52:36.686235,0.000000,2.691424
2971.0628,2026-06-18T16:52:37.182031,0.000000,2.690268
2971.5585,2026-06-18T16:52:37.677669,0.000000,2.689296
2972.0614,2026-06-18T16:52:38.180635,0.000000,2.688700
2972.5691,2026-06-18T16:52:38.688332,0.000000,2.688220
2973.0635,2026-06-18T16:52:39.182671,0.000000,2.687700
2973.5619,2026-06-18T16:52:39.681149,0.000000,2.687328
2974.0525,2026-06-18T16:52:40.171722,0.000000,2.686592
2974.5410,2026-06-18T16:52:40.660250,0.000000,2.685884
2975.0149,2026-06-18T16:52:41.134151,0.000000,2.685328
2975.5192,2026-06-18T16:52:41.638390,0.000000,2.684816
2975.9947,2026-06-18T16:52:42.113864,0.000000,2.684440
2976.5233,2026-06-18T16:52:42.642480,0.000000,2.684056
2977.0193,2026-06-18T16:52:43.138502,0.000000,2.683540
2977.5110,2026-06-18T16:52:43.630208,0.000000,2.682944
2977.9801,2026-06-18T16:52:44.099329,0.000000,2.682504
2978.4677,2026-06-18T16:52:44.586883,0.000000,2.681988
2978.9649,2026-06-18T16:52:45.084138,0.000000,2.681636
2979.4544,2026-06-18T16:52:45.573593,0.000000,2.681020
2979.9492,2026-06-18T16:52:46.068365,0.000000,2.680316
2980.4710,2026-06-18T16:52:46.590227,0.000000,2.679780
2980.9670,2026-06-18T16:52:47.086184,0.000000,2.678892
2981.4332,2026-06-18T16:52:47.552364,0.000000,2.678196
2981.9251,2026-06-18T16:52:48.044303,0.000000,2.677500
2982.4010,2026-06-18T16:52:48.520248,0.000000,2.676504
2982.8686,2026-06-18T16:52:48.987831,0.000000,2.675796
2983.3623,2026-06-18T16:52:49.481538,0.000000,2.675116
2983.8623,2026-06-18T16:52:49.981555,0.000000,2.674468
2984.3622,2026-06-18T16:52:50.481396,0.000000,2.673832
2984.8679,2026-06-18T16:52:50.987076,0.000000,2.673076
2985.3609,2026-06-18T16:52:51.480138,0.000000,2.672204
2985.8823,2026-06-18T16:52:52.001499,0.000000,2.671428
2986.3764,2026-06-18T16:52:52.495607,0.000000,2.670508
2986.8791,2026-06-18T16:52:52.998305,0.000000,2.669668
2987.3681,2026-06-18T16:52:53.487355,0.000000,2.668844
2987.8429,2026-06-18T16:52:53.962076,0.000000,2.667924
2988.3365,2026-06-18T16:52:54.455662,0.000000,2.667156
2988.8347,2026-06-18T16:52:54.953958,0.000000,2.666476
2989.3373,2026-06-18T16:52:55.456469,0.000000,2.665924
2989.8270,2026-06-18T16:52:55.946182,0.000000,2.665524
2990.3496,2026-06-18T16:52:56.468798,0.000000,2.665056
2990.8417,2026-06-18T16:52:56.960963,0.000000,2.664360
2991.3103,2026-06-18T16:52:57.429475,0.000000,2.663488
2991.7699,2026-06-18T16:52:57.889089,0.000000,2.662940
2992.2664,2026-06-18T16:52:58.385623,0.000000,2.662536
2992.7639,2026-06-18T16:52:58.883122,0.000000,2.661960
2993.2631,2026-06-18T16:52:59.382304,0.000000,2.661664
2993.7568,2026-06-18T16:52:59.875980,0.000000,2.661276
2994.2465,2026-06-18T16:53:00.365694,0.000000,2.660724
2994.7670,2026-06-18T16:53:00.886227,0.000000,2.660280
2995.2683,2026-06-18T16:53:01.387566,0.000000,2.659532
2995.7677,2026-06-18T16:53:01.886925,0.000000,2.658764
2996.2403,2026-06-18T16:53:02.359546,0.000000,2.658104
2996.6997,2026-06-18T16:53:02.818885,0.000000,2.657632
2997.1917,2026-06-18T16:53:03.310898,0.000000,2.657040
2997.6875,2026-06-18T16:53:03.806706,0.000000,2.656344
2998.1756,2026-06-18T16:53:04.294816,0.000000,2.655368
2998.6565,2026-06-18T16:53:04.775669,0.000000,2.654676
2999.1482,2026-06-18T16:53:05.267402,0.000000,2.653592
2999.6617,2026-06-18T16:53:05.780898,0.000000,2.652524
3000.1560,2026-06-18T16:53:06.275237,0.000000,2.651500
3000.6283,2026-06-18T16:53:06.747549,0.000000,2.650476
3001.1220,2026-06-18T16:53:07.241186,0.000000,2.649796
3001.6079,2026-06-18T16:53:07.727080,0.000000,2.649260
3002.0872,2026-06-18T16:53:08.206458,0.000000,2.648680
3002.5876,2026-06-18T16:53:08.706775,0.000000,2.647788
3003.0571,2026-06-18T16:53:09.176263,0.000000,2.647004
3003.5543,2026-06-18T16:53:09.673519,0.000000,2.646376
3004.0473,2026-06-18T16:53:10.166493,0.000000,2.645764
3004.5704,2026-06-18T16:53:10.689616,0.000000,2.645000
3005.0615,2026-06-18T16:53:11.180728,0.000000,2.644376
3005.5708,2026-06-18T16:53:11.690056,0.000000,2.643684
3006.0628,2026-06-18T16:53:12.182055,0.000000,2.643048
3006.5637,2026-06-18T16:53:12.682956,0.000000,2.642628
3007.0503,2026-06-18T16:53:13.169554,0.000000,2.642056
3007.5499,2026-06-18T16:53:13.669154,0.000000,2.641304
3008.0480,2026-06-18T16:53:14.167210,0.000000,2.640664
3008.5731,2026-06-18T16:53:14.692352,0.000000,2.639932
3009.0687,2026-06-18T16:53:15.187872,0.000000,2.639056
3009.5598,2026-06-18T16:53:15.679055,0.000000,2.638528
3010.0303,2026-06-18T16:53:16.149493,0.000000,2.637924
3010.5112,2026-06-18T16:53:16.630436,0.000000,2.637040
3010.9881,2026-06-18T16:53:17.107365,0.000000,2.636160
3011.4845,2026-06-18T16:53:17.603687,0.000000,2.635432
3011.9744,2026-06-18T16:53:18.093588,0.000000,2.634344
3012.4914,2026-06-18T16:53:18.610579,0.000000,2.633552
3012.9861,2026-06-18T16:53:19.105364,0.000000,2.633100
3013.4519,2026-06-18T16:53:19.571074,0.000000,2.632328
3013.9378,2026-06-18T16:53:20.057026,0.000000,2.631920
3014.4338,2026-06-18T16:53:20.553009,0.000000,2.631412
3014.9267,2026-06-18T16:53:21.045897,0.000000,2.630540
3015.4234,2026-06-18T16:53:21.542608,0.000000,2.629704
3015.9236,2026-06-18T16:53:22.042785,0.000000,2.628876
3016.3873,2026-06-18T16:53:22.506536,0.000000,2.628284
3016.8873,2026-06-18T16:53:23.006509,0.000000,2.627672
3017.3899,2026-06-18T16:53:23.509115,0.000000,2.626920
3017.8827,2026-06-18T16:53:24.001916,0.000000,2.626204
3018.3745,2026-06-18T16:53:24.493697,0.000000,2.625448
3018.8735,2026-06-18T16:53:24.992705,0.000000,2.624704
3019.3785,2026-06-18T16:53:25.497737,0.000000,2.623796
3019.8745,2026-06-18T16:53:25.993740,0.000000,2.622976
3020.3680,2026-06-18T16:53:26.487171,0.000000,2.621904
3020.8663,2026-06-18T16:53:26.985482,0.000000,2.620944
3021.4005,2026-06-18T16:53:27.519753,0.000000,2.620144
3021.8698,2026-06-18T16:53:27.988976,0.000000,2.619096
3022.3712,2026-06-18T16:53:28.490426,0.000000,2.618228
3022.8618,2026-06-18T16:53:28.980977,0.000000,2.617536
3023.3612,2026-06-18T16:53:29.480418,0.000000,2.616636
3023.8326,2026-06-18T16:53:29.951791,0.000000,2.615888
3024.3314,2026-06-18T16:53:30.450656,0.000000,2.615240
3024.8140,2026-06-18T16:53:30.933188,0.000000,2.614224
3025.3359,2026-06-18T16:53:31.455167,0.000000,2.613228
3025.8247,2026-06-18T16:53:31.943883,0.000000,2.612004
3026.3088,2026-06-18T16:53:32.427967,0.000000,2.611108
3026.8107,2026-06-18T16:53:32.929883,0.000000,2.610176
3027.3210,2026-06-18T16:53:33.440242,0.000000,2.609212
3027.8236,2026-06-18T16:53:33.942814,0.000000,2.608580
3028.3262,2026-06-18T16:53:34.445441,0.000000,2.607912
3028.8510,2026-06-18T16:53:34.970166,0.000000,2.607352
3029.3566,2026-06-18T16:53:35.475777,0.000000,2.606844
3029.8211,2026-06-18T16:53:35.940351,0.000000,2.606044
3030.3161,2026-06-18T16:53:36.435337,0.000000,2.605124
3030.8149,2026-06-18T16:53:36.934125,0.000000,2.604168
3031.3094,2026-06-18T16:53:37.428610,0.000000,2.603312
3031.8066,2026-06-18T16:53:37.925774,0.000000,2.602772
3032.3024,2026-06-18T16:53:38.421634,0.000000,2.601696
3032.8001,2026-06-18T16:53:38.919348,0.000000,2.600716
3033.3244,2026-06-18T16:53:39.443643,0.000000,2.599608
3033.8169,2026-06-18T16:53:39.936095,0.000000,2.598524
3034.3184,2026-06-18T16:53:40.437580,0.000000,2.598036
3034.8056,2026-06-18T16:53:40.924839,0.000000,2.597324
3035.3354,2026-06-18T16:53:41.454579,0.000000,2.596640
3035.8287,2026-06-18T16:53:41.947954,0.000000,2.595688
3036.3127,2026-06-18T16:53:42.431915,0.000000,2.594508
3036.8054,2026-06-18T16:53:42.924611,0.000000,2.593812
3037.2926,2026-06-18T16:53:43.411865,0.000000,2.593196
3037.7939,2026-06-18T16:53:43.913101,0.000000,2.592248
3038.2690,2026-06-18T16:53:44.388255,0.000000,2.591836
3038.7346,2026-06-18T16:53:44.853833,0.000000,2.591112
3039.2360,2026-06-18T16:53:45.355229,0.000000,2.590456
3039.7591,2026-06-18T16:53:45.878325,0.000000,2.590084
3040.2522,2026-06-18T16:53:46.371377,0.000000,2.588916
3040.7355,2026-06-18T16:53:46.854693,0.000000,2.587896
3041.1840,2026-06-18T16:53:47.303206,0.000000,2.586860
3041.6819,2026-06-18T16:53:47.801094,0.000000,2.585800
3042.1777,2026-06-18T16:53:48.296943,0.000000,2.584984
3042.6714,2026-06-18T16:53:48.790614,0.000000,2.583876
3043.1704,2026-06-18T16:53:49.289604,0.000000,2.583168
3043.6684,2026-06-18T16:53:49.787658,0.000000,2.582676
3044.1896,2026-06-18T16:53:50.308863,0.000000,2.582108
3044.6918,2026-06-18T16:53:50.810964,0.000000,2.581468
3045.1639,2026-06-18T16:53:51.283136,0.000000,2.580860
3045.6689,2026-06-18T16:53:51.788166,0.000000,2.579860
3046.1369,2026-06-18T16:53:52.256111,0.000000,2.578732
3046.6184,2026-06-18T16:53:52.737660,0.000000,2.577760
3047.1064,2026-06-18T16:53:53.225646,0.000000,2.576516
3047.6052,2026-06-18T16:53:53.724445,0.000000,2.575380
3048.1039,2026-06-18T16:53:54.223077,0.000000,2.574372
3048.6285,2026-06-18T16:53:54.747674,0.000000,2.573380
3049.1393,2026-06-18T16:53:55.258533,0.000000,2.572456
3049.6397,2026-06-18T16:53:55.758928,0.000000,2.571872
3050.1425,2026-06-18T16:53:56.261686,0.000000,2.571364
3050.6330,2026-06-18T16:53:56.752252,0.000000,2.570948
3051.1218,2026-06-18T16:53:57.241006,0.000000,2.570704
3051.6145,2026-06-18T16:53:57.733710,0.000000,2.570076
3052.1458,2026-06-18T16:53:58.265018,0.000000,2.569060
3052.6438,2026-06-18T16:53:58.763062,0.000000,2.567748
3053.1478,2026-06-18T16:53:59.266995,0.000000,2.566604
3053.6444,2026-06-18T16:53:59.763583,0.000000,2.565712
3054.1489,2026-06-18T16:54:00.268156,0.000000,2.564960
3054.6407,2026-06-18T16:54:00.759944,0.000000,2.564604
3055.1142,2026-06-18T16:54:01.233408,0.000000,2.563852
3055.5828,2026-06-18T16:54:01.702059,0.000000,2.562956
3056.0644,2026-06-18T16:54:02.183626,0.000000,2.562296
3056.5508,2026-06-18T16:54:02.670025,0.000000,2.561644
3057.0345,2026-06-18T16:54:03.153757,0.000000,2.561096
3057.5563,2026-06-18T16:54:03.675531,0.000000,2.560632
3058.0381,2026-06-18T16:54:04.157346,0.000000,2.560116
3058.5181,2026-06-18T16:54:04.637360,0.000000,2.559392
3059.0163,2026-06-18T16:54:05.135514,0.000000,2.558804
3059.5145,2026-06-18T16:54:05.633718,0.000000,2.558328
3060.0437,2026-06-18T16:54:06.162907,0.000000,2.557568
3060.5237,2026-06-18T16:54:06.642880,0.000000,2.556788
3061.0176,2026-06-18T16:54:07.136849,0.000000,2.556012
3061.5176,2026-06-18T16:54:07.636838,0.000000,2.554740
3062.0149,2026-06-18T16:54:08.134133,0.000000,2.553952
3062.5162,2026-06-18T16:54:08.635397,0.000000,2.553228
3062.9767,2026-06-18T16:54:09.095903,0.000000,2.552296
3063.4734,2026-06-18T16:54:09.592648,0.000000,2.551480
3063.9913,2026-06-18T16:54:10.110499,0.000000,2.550564
3064.4746,2026-06-18T16:54:10.593858,0.000000,2.549240
3064.9568,2026-06-18T16:54:11.076003,0.000000,2.548096
3065.4233,2026-06-18T16:54:11.542561,0.000000,2.547144
3065.9179,2026-06-18T16:54:12.037152,0.000000,2.546204
3066.4187,2026-06-18T16:54:12.537948,0.000000,2.545500
3066.9145,2026-06-18T16:54:13.033720,0.000000,2.544672
3067.4184,2026-06-18T16:54:13.537625,0.000000,2.543712
3067.8995,2026-06-18T16:54:14.018755,0.000000,2.542636
3068.4019,2026-06-18T16:54:14.521155,0.000000,2.541936
3068.9102,2026-06-18T16:54:15.029376,0.000000,2.541228
3069.3810,2026-06-18T16:54:15.500198,0.000000,2.540448
3069.8826,2026-06-18T16:54:16.001798,0.000000,2.539424
3070.3730,2026-06-18T16:54:16.492253,0.000000,2.538212
3070.8830,2026-06-18T16:54:17.002254,0.000000,2.536784
3071.3595,2026-06-18T16:54:17.478667,0.000000,2.535416
3071.8605,2026-06-18T16:54:17.979676,0.000000,2.534472
3072.3630,2026-06-18T16:54:18.482230,0.000000,2.533200
3072.8643,2026-06-18T16:54:18.983545,0.000000,2.532208
3073.3661,2026-06-18T16:54:19.485286,0.000000,2.531268
3073.8612,2026-06-18T16:54:19.980382,0.000000,2.530348
3074.3440,2026-06-18T16:54:20.463221,0.000000,2.529732
3074.8386,2026-06-18T16:54:20.957779,0.000000,2.528960
3075.3327,2026-06-18T16:54:21.451872,0.000000,2.528156
3075.8310,2026-06-18T16:54:21.950243,0.000000,2.527164
3076.3286,2026-06-18T16:54:22.447845,0.000000,2.525948
3076.8562,2026-06-18T16:54:22.975376,0.000000,2.524980
3077.3569,2026-06-18T16:54:23.476150,0.000000,2.524076
3077.8225,2026-06-18T16:54:23.941678,0.000000,2.523340
3078.3168,2026-06-18T16:54:24.435992,0.000000,2.522764
3078.8103,2026-06-18T16:54:24.929549,0.000000,2.521924
3079.3119,2026-06-18T16:54:25.431145,0.000000,2.521204
3079.8052,2026-06-18T16:54:25.924382,0.000000,2.520796
3080.2975,2026-06-18T16:54:26.416666,0.000000,2.520360
3080.8263,2026-06-18T16:54:26.945543,0.000000,2.519516
3081.3246,2026-06-18T16:54:27.443776,0.000000,2.518684
3081.8283,2026-06-18T16:54:27.947466,0.000000,2.517272
3082.3266,2026-06-18T16:54:28.445772,0.000000,2.516080
3082.8285,2026-06-18T16:54:28.947702,0.000000,2.515264
3083.3245,2026-06-18T16:54:29.443744,0.000000,2.514308
3083.8243,2026-06-18T16:54:29.943513,0.000000,2.513672
3084.3228,2026-06-18T16:54:30.441961,0.000000,2.512228
3084.8257,2026-06-18T16:54:30.944907,0.000000,2.511416
3085.3187,2026-06-18T16:54:31.437897,0.000000,2.510284
3085.8167,2026-06-18T16:54:31.935884,0.000000,2.509044
3086.3148,2026-06-18T16:54:32.434036,0.000000,2.508148
3086.8071,2026-06-18T16:54:32.926357,0.000000,2.506752
3087.3000,2026-06-18T16:54:33.419179,0.000000,2.505456
3087.8018,2026-06-18T16:54:33.921013,0.000000,2.504356
3088.3310,2026-06-18T16:54:34.450192,0.000000,2.503664
3088.7993,2026-06-18T16:54:34.918556,0.000000,2.503004
3089.3076,2026-06-18T16:54:35.426785,0.000000,2.502412
3089.7841,2026-06-18T16:54:35.903320,0.000000,2.501964
3090.2798,2026-06-18T16:54:36.398982,0.000000,2.501328
3090.7766,2026-06-18T16:54:36.895784,0.000000,2.500420
3091.2737,2026-06-18T16:54:37.392949,0.000000,2.499660
3091.7724,2026-06-18T16:54:37.891606,0.000000,2.498508
3092.2621,2026-06-18T16:54:38.381296,0.000000,2.497612
3092.7784,2026-06-18T16:54:38.897647,0.000000,2.496932
3093.2801,2026-06-18T16:54:39.399299,0.000000,2.496020
3093.7741,2026-06-18T16:54:39.893270,0.000000,2.495360
3094.2731,2026-06-18T16:54:40.392298,0.000000,2.494288
3094.7635,2026-06-18T16:54:40.882707,0.000000,2.493316
3095.2649,2026-06-18T16:54:41.384082,0.000000,2.492236
3095.7411,2026-06-18T16:54:41.860263,0.000000,2.490984
3096.2151,2026-06-18T16:54:42.334282,0.000000,2.489984
3096.6970,2026-06-18T16:54:42.816202,0.000000,2.488776
3097.2018,2026-06-18T16:54:43.320989,0.000000,2.488068
3097.7064,2026-06-18T16:54:43.825665,0.000000,2.487348
3098.2008,2026-06-18T16:54:44.320020,0.000000,2.486484
3098.7042,2026-06-18T16:54:44.823400,0.000000,2.485808
3099.2004,2026-06-18T16:54:45.319611,0.000000,2.484880
3099.7335,2026-06-18T16:54:45.852674,0.000000,2.484040
3100.2226,2026-06-18T16:54:46.341765,0.000000,2.483296
3100.7211,2026-06-18T16:54:46.840267,0.000000,2.482332
3101.1754,2026-06-18T16:54:47.294559,0.000000,2.481316
3101.6606,2026-06-18T16:54:47.779814,0.000000,2.480320
3102.1552,2026-06-18T16:54:48.274428,0.000000,2.479272
3102.6493,2026-06-18T16:54:48.768537,0.000000,2.478452
3103.1406,2026-06-18T16:54:49.259776,0.000000,2.477388
3103.6405,2026-06-18T16:54:49.759675,0.000000,2.476344
3104.1851,2026-06-18T16:54:50.304308,0.000000,2.475544
3104.6665,2026-06-18T16:54:50.785748,0.000000,2.474364
3105.1602,2026-06-18T16:54:51.279356,0.000000,2.473532
3105.6593,2026-06-18T16:54:51.778474,0.000000,2.472932
3106.1571,2026-06-18T16:54:52.276306,0.000000,2.471976
3106.6492,2026-06-18T16:54:52.768455,0.000000,2.471380
3107.1468,2026-06-18T16:54:53.266043,0.000000,2.470848
3107.6725,2026-06-18T16:54:53.791713,0.000000,2.469936
3108.1486,2026-06-18T16:54:54.267807,0.000000,2.469256
3108.6448,2026-06-18T16:54:54.763977,0.000000,2.468308
3109.1440,2026-06-18T16:54:55.263189,0.000000,2.467184
3109.6452,2026-06-18T16:54:55.764393,0.000000,2.465908
3110.1475,2026-06-18T16:54:56.266751,0.000000,2.464504
3110.6494,2026-06-18T16:54:56.768665,0.000000,2.463196
3111.1773,2026-06-18T16:54:57.296515,0.000000,2.461692
3111.6771,2026-06-18T16:54:57.796340,0.000000,2.460344
3112.1791,2026-06-18T16:54:58.298306,0.000000,2.459036
3112.6720,2026-06-18T16:54:58.791195,0.000000,2.457768
3113.1730,2026-06-18T16:54:59.292195,0.000000,2.456536
3113.6667,2026-06-18T16:54:59.785907,0.000000,2.455536
3114.1650,2026-06-18T16:55:00.284195,0.000000,2.454544
3114.6787,2026-06-18T16:55:00.797958,0.000000,2.453780
3115.1718,2026-06-18T16:55:01.291062,0.000000,2.453088
3115.6690,2026-06-18T16:55:01.788181,0.000000,2.452268
3116.1670,2026-06-18T16:55:02.286197,0.000000,2.451228
3116.6644,2026-06-18T16:55:02.783605,0.000000,2.450196
3117.1488,2026-06-18T16:55:03.267981,0.000000,2.449312
3117.6133,2026-06-18T16:55:03.732559,0.000000,2.448208
3118.0936,2026-06-18T16:55:04.212835,0.000000,2.447400
3118.5810,2026-06-18T16:55:04.700165,0.000000,2.446552
3119.0767,2026-06-18T16:55:05.195885,0.000000,2.445416
3119.6029,2026-06-18T16:55:05.722162,0.000000,2.444292
3120.0966,2026-06-18T16:55:06.215836,0.000000,2.443040
3120.5833,2026-06-18T16:55:06.702555,0.000000,2.442160
3121.0781,2026-06-18T16:55:07.197272,0.000000,2.441088
3121.5849,2026-06-18T16:55:07.704130,0.000000,2.439920
3122.0813,2026-06-18T16:55:08.200513,0.000000,2.438884
3122.5810,2026-06-18T16:55:08.700272,0.000000,2.437580
3123.0988,2026-06-18T16:55:09.218060,0.000000,2.436832
3123.6056,2026-06-18T16:55:09.724831,0.000000,2.435936
3124.0755,2026-06-18T16:55:10.194713,0.000000,2.434972
3124.5768,2026-06-18T16:55:10.696043,0.000000,2.433952
3125.0733,2026-06-18T16:55:11.192534,0.000000,2.432592
3125.5642,2026-06-18T16:55:11.683384,0.000000,2.431460
3126.0510,2026-06-18T16:55:12.170247,0.000000,2.430528
3126.5410,2026-06-18T16:55:12.660250,0.000000,2.429932
3127.0241,2026-06-18T16:55:13.143346,0.000000,2.429132
3127.5213,2026-06-18T16:55:13.640550,0.000000,2.428348
3128.0155,2026-06-18T16:55:14.134674,0.000000,2.427336
3128.5175,2026-06-18T16:55:14.636746,0.000000,2.426340
3128.9892,2026-06-18T16:55:15.108417,0.000000,2.425484
3129.4684,2026-06-18T16:55:15.587648,0.000000,2.424668
3129.9284,2026-06-18T16:55:16.047594,0.000000,2.424116
3130.4283,2026-06-18T16:55:16.547509,0.000000,2.423504
3130.9247,2026-06-18T16:55:17.043906,0.000000,2.422404
3131.4432,2026-06-18T16:55:17.562405,0.000000,2.421420
3131.9361,2026-06-18T16:55:18.055367,0.000000,2.419996
3132.4262,2026-06-18T16:55:18.545404,0.000000,2.418484
3132.9296,2026-06-18T16:55:19.048850,0.000000,2.417364
3133.4266,2026-06-18T16:55:19.545768,0.000000,2.416304
3133.9199,2026-06-18T16:55:20.039131,0.000000,2.415284
3134.4131,2026-06-18T16:55:20.532343,0.000000,2.414236
3134.9239,2026-06-18T16:55:21.043141,0.000000,2.413232
3135.4295,2026-06-18T16:55:21.548684,0.000000,2.412020
3135.9329,2026-06-18T16:55:22.052069,0.000000,2.410732
3136.4048,2026-06-18T16:55:22.524018,0.000000,2.409512
3136.9074,2026-06-18T16:55:23.026622,0.000000,2.408124
3137.4037,2026-06-18T16:55:23.522864,0.000000,2.406976
3137.8743,2026-06-18T16:55:23.993487,0.000000,2.406088
3138.3765,2026-06-18T16:55:24.495687,0.000000,2.405140
3138.8948,2026-06-18T16:55:25.014041,0.000000,2.404204
3139.3973,2026-06-18T16:55:25.516513,0.000000,2.403068
3139.9208,2026-06-18T16:55:26.039985,0.000000,2.401956
3140.4182,2026-06-18T16:55:26.537422,0.000000,2.400880
3140.9181,2026-06-18T16:55:27.037346,0.000000,2.400128
3141.4145,2026-06-18T16:55:27.533694,0.000000,2.399416
3141.9221,2026-06-18T16:55:28.041351,0.000000,2.398368
3142.4244,2026-06-18T16:55:28.543666,0.000000,2.397496
3142.9407,2026-06-18T16:55:29.059931,0.000000,2.396616
3143.4367,2026-06-18T16:55:29.555968,0.000000,2.395636
3143.9367,2026-06-18T16:55:30.055900,0.000000,2.395040
3144.4270,2026-06-18T16:55:30.546267,0.000000,2.394220
3144.9249,2026-06-18T16:55:31.044061,0.000000,2.393308
3145.4183,2026-06-18T16:55:31.537559,0.000000,2.392552
3145.8783,2026-06-18T16:55:31.997552,0.000000,2.391532
3146.3770,2026-06-18T16:55:32.496243,0.000000,2.390756
3146.8735,2026-06-18T16:55:32.992678,0.000000,2.389792
3147.3825,2026-06-18T16:55:33.501674,0.000000,2.388568
3147.8771,2026-06-18T16:55:33.996308,0.000000,2.387236
3148.3621,2026-06-18T16:55:34.481296,0.000000,2.385992
3148.8572,2026-06-18T16:55:34.976429,0.000000,2.384984
3149.3300,2026-06-18T16:55:35.449183,0.000000,2.384016
3149.8301,2026-06-18T16:55:35.949298,0.000000,2.382976
3150.3154,2026-06-18T16:55:36.434660,0.000000,2.381816
3150.8010,2026-06-18T16:55:36.920240,0.000000,2.380676
3151.3018,2026-06-18T16:55:37.420995,0.000000,2.379872
3151.8045,2026-06-18T16:55:37.923763,0.000000,2.379188
3152.3174,2026-06-18T16:55:38.436595,0.000000,2.378576
3152.8073,2026-06-18T16:55:38.926524,0.000000,2.377756
3153.3121,2026-06-18T16:55:39.431306,0.000000,2.376888
3153.8335,2026-06-18T16:55:39.952760,0.000000,2.375668
3154.3202,2026-06-18T16:55:40.439419,0.000000,2.374492
3154.8135,2026-06-18T16:55:40.932748,0.000000,2.373392
3155.3070,2026-06-18T16:55:41.426194,0.000000,2.372460
3155.7987,2026-06-18T16:55:41.917926,0.000000,2.371452
3156.3058,2026-06-18T16:55:42.424999,0.000000,2.370632
3156.8098,2026-06-18T16:55:42.929063,0.000000,2.369752
3157.3268,2026-06-18T16:55:43.445984,0.000000,2.368616
3157.8203,2026-06-18T16:55:43.939531,0.000000,2.367764
3158.3153,2026-06-18T16:55:44.434552,0.000000,2.366944
3158.8054,2026-06-18T16:55:44.924639,0.000000,2.365716
3159.3015,2026-06-18T16:55:45.420741,0.000000,2.364276
3159.7706,2026-06-18T16:55:45.889784,0.000000,2.362576
3160.2619,2026-06-18T16:55:46.381097,0.000000,2.360940
3160.7427,2026-06-18T16:55:46.861949,0.000000,2.359432
3161.2405,2026-06-18T16:55:47.359668,0.000000,2.357900
3161.7446,2026-06-18T16:55:47.863856,0.000000,2.356792
3162.2335,2026-06-18T16:55:48.352704,0.000000,2.355548
3162.7334,2026-06-18T16:55:48.852631,0.000000,2.354648
3163.2123,2026-06-18T16:55:49.331521,0.000000,2.354148
3163.6881,2026-06-18T16:55:49.807255,0.000000,2.353388
3164.1805,2026-06-18T16:55:50.299751,0.000000,2.352800
3164.6804,2026-06-18T16:55:50.799601,0.000000,2.351840
3165.1528,2026-06-18T16:55:51.271986,0.000000,2.350520
3165.6313,2026-06-18T16:55:51.750511,0.000000,2.349384
3166.1168,2026-06-18T16:55:52.236057,0.000000,2.347900
3166.6180,2026-06-18T16:55:52.737241,0.000000,2.346824
3167.1335,2026-06-18T16:55:53.252748,0.000000,2.345736
3167.6296,2026-06-18T16:55:53.748804,0.000000,2.344656
3168.1282,2026-06-18T16:55:54.247412,0.000000,2.343268
3168.6198,2026-06-18T16:55:54.738982,0.000000,2.342132
3169.1148,2026-06-18T16:55:55.234039,0.000000,2.341076
3169.6179,2026-06-18T16:55:55.737158,0.000000,2.339928
3170.1155,2026-06-18T16:55:56.234746,0.000000,2.338780
3170.6325,2026-06-18T16:55:56.751728,0.000000,2.337704
3171.1388,2026-06-18T16:55:57.258014,0.000000,2.336312
3171.6310,2026-06-18T16:55:57.750220,0.000000,2.335148
3172.1245,2026-06-18T16:55:58.243736,0.000000,2.334356
3172.6127,2026-06-18T16:55:58.731872,0.000000,2.333304
3173.1138,2026-06-18T16:55:59.232981,0.000000,2.332572
3173.5864,2026-06-18T16:55:59.705598,0.000000,2.332136
3174.0754,2026-06-18T16:56:00.194623,0.000000,2.331480
3174.5908,2026-06-18T16:56:00.710040,0.000000,2.330812
3175.0929,2026-06-18T16:56:01.212132,0.000000,2.330008
3175.5942,2026-06-18T16:56:01.713415,0.000000,2.328720
3176.0938,2026-06-18T16:56:02.213051,0.000000,2.327680
3176.5829,2026-06-18T16:56:02.702108,0.000000,2.326676
3177.0823,2026-06-18T16:56:03.201466,0.000000,2.325572
3177.5764,2026-06-18T16:56:03.695634,0.000000,2.324432
3178.1013,2026-06-18T16:56:04.220521,0.000000,2.323548
3178.5972,2026-06-18T16:56:04.716382,0.000000,2.322752
3179.1019,2026-06-18T16:56:05.221130,0.000000,2.326784
3179.5920,2026-06-18T16:56:05.711218,0.000000,2.335500
3180.0668,2026-06-18T16:56:06.186037,0.000000,2.343548
3180.5658,2026-06-18T16:56:06.684983,0.000000,2.351420
3181.0676,2026-06-18T16:56:07.186825,0.000000,2.355480
3181.5768,2026-06-18T16:56:07.695984,0.000000,2.354440
3182.0970,2026-06-18T16:56:08.216236,0.000000,2.353524
3182.6011,2026-06-18T16:56:08.720321,0.000000,2.351900
3183.0967,2026-06-18T16:56:09.215937,0.000000,2.350556
3183.5988,2026-06-18T16:56:09.717977,0.000000,2.349312
3184.0890,2026-06-18T16:56:10.208205,0.000000,2.347872
3184.5639,2026-06-18T16:56:10.683055,0.000000,2.347096
3185.0576,2026-06-18T16:56:11.176839,0.000000,2.346040
3185.5627,2026-06-18T16:56:11.681888,0.000000,2.345000
3186.0577,2026-06-18T16:56:12.176875,0.000000,2.343820
3186.5535,2026-06-18T16:56:12.672735,0.000000,2.342516
3187.0485,2026-06-18T16:56:13.167739,0.000000,2.341060
3187.5513,2026-06-18T16:56:13.670507,0.000000,2.339732
3188.0246,2026-06-18T16:56:14.143817,0.000000,2.338692
3188.5281,2026-06-18T16:56:14.647345,0.000000,2.337264
3188.9987,2026-06-18T16:56:15.117896,0.000000,2.336272
3189.4988,2026-06-18T16:56:15.618040,0.000000,2.335288
3189.9958,2026-06-18T16:56:16.115032,0.000000,2.334232
3190.4676,2026-06-18T16:56:16.586770,0.000000,2.333396
3190.9677,2026-06-18T16:56:17.086909,0.000000,2.332304
3191.4945,2026-06-18T16:56:17.613716,0.000000,2.331052
3191.9983,2026-06-18T16:56:18.117530,0.000000,2.329904
3192.4933,2026-06-18T16:56:18.612468,0.000000,2.328900
3192.9790,2026-06-18T16:56:19.098186,0.000000,2.328204
3193.4807,2026-06-18T16:56:19.599908,0.000000,2.327268
3193.9850,2026-06-18T16:56:20.104256,0.000000,2.326116
3194.5103,2026-06-18T16:56:20.629516,0.000000,2.325052
3195.0061,2026-06-18T16:56:21.125305,0.000000,2.324076
3195.4896,2026-06-18T16:56:21.608815,0.000000,2.323252
3195.9959,2026-06-18T16:56:22.115108,0.000000,2.322492
3196.4802,2026-06-18T16:56:22.599425,0.000000,2.321608
3196.9858,2026-06-18T16:56:23.104963,0.000000,2.320492
3197.4784,2026-06-18T16:56:23.597641,0.000000,2.319304
3197.9480,2026-06-18T16:56:24.067223,0.000000,2.318212
3198.4131,2026-06-18T16:56:24.532335,0.000000,2.317096
3198.9153,2026-06-18T16:56:25.034474,0.000000,2.316188
3199.3997,2026-06-18T16:56:25.518886,0.000000,2.314988
3199.8988,2026-06-18T16:56:26.017980,0.000000,2.314116
3200.4003,2026-06-18T16:56:26.519479,0.000000,2.313072
3200.8616,2026-06-18T16:56:26.980788,0.000000,2.311532
3201.3509,2026-06-18T16:56:27.470072,0.000000,2.310452
3201.8530,2026-06-18T16:56:27.972194,0.000000,2.308980
3202.3579,2026-06-18T16:56:28.477083,0.000000,2.307652
3202.8562,2026-06-18T16:56:28.975435,0.000000,2.306624
3203.3799,2026-06-18T16:56:29.499144,0.000000,2.305664
3203.8784,2026-06-18T16:56:29.997617,0.000000,2.304800
3204.3724,2026-06-18T16:56:30.491662,0.000000,2.303504
3204.8643,2026-06-18T16:56:30.983506,0.000000,2.302452
3205.3483,2026-06-18T16:56:31.467548,0.000000,2.301148
3205.8286,2026-06-18T16:56:31.947862,0.000000,2.300212
3206.3348,2026-06-18T16:56:32.454051,0.000000,2.299648
3206.8095,2026-06-18T16:56:32.928764,0.000000,2.299132
3207.2818,2026-06-18T16:56:33.400974,0.000000,2.298780
3207.7544,2026-06-18T16:56:33.873578,0.000000,2.298156
3208.2315,2026-06-18T16:56:34.350722,0.000000,2.297448
3208.7344,2026-06-18T16:56:34.853648,0.000000,2.296524
3209.2386,2026-06-18T16:56:35.357799,0.000000,2.295332
3209.7300,2026-06-18T16:56:35.849242,0.000000,2.294008
3210.2265,2026-06-18T16:56:36.345723,0.000000,2.292796
3210.7337,2026-06-18T16:56:36.852918,0.000000,2.292036
3211.2039,2026-06-18T16:56:37.323074,0.000000,2.291300
3211.7234,2026-06-18T16:56:37.842623,0.000000,2.290580
3212.2219,2026-06-18T16:56:38.341076,0.000000,2.289580
3212.7218,2026-06-18T16:56:38.841006,0.000000,2.288204
3213.2149,2026-06-18T16:56:39.334087,0.000000,2.287068
3213.7213,2026-06-18T16:56:39.840515,0.000000,2.285936
3214.2177,2026-06-18T16:56:40.336950,0.000000,2.285052
3214.7343,2026-06-18T16:56:40.853474,0.000000,2.284204
3215.2365,2026-06-18T16:56:41.355704,0.000000,2.283232
3215.7312,2026-06-18T16:56:41.850443,0.000000,2.282464
3216.2174,2026-06-18T16:56:42.336594,0.000000,2.281520
3216.6899,2026-06-18T16:56:42.809096,0.000000,2.280852
3217.1934,2026-06-18T16:56:43.312655,0.000000,2.280220
3217.6736,2026-06-18T16:56:43.792854,0.000000,2.279676
3218.1653,2026-06-18T16:56:44.284553,0.000000,2.279344
3218.6416,2026-06-18T16:56:44.760834,0.000000,2.278784
3219.1277,2026-06-18T16:56:45.246964,0.000000,2.278420
3219.6609,2026-06-18T16:56:45.780159,0.000000,2.278040
3220.1552,2026-06-18T16:56:46.274438,0.000000,2.277328
3220.6536,2026-06-18T16:56:46.772792,0.000000,2.276972
3221.1538,2026-06-18T16:56:47.273033,0.000000,2.276192
3221.6553,2026-06-18T16:56:47.774469,0.000000,2.275096
3222.1188,2026-06-18T16:56:48.238014,0.000000,2.274224
3222.6177,2026-06-18T16:56:48.736900,0.000000,2.273472
3223.1244,2026-06-18T16:56:49.243658,0.000000,2.272756
3223.6096,2026-06-18T16:56:49.728834,0.000000,2.272444
3224.0858,2026-06-18T16:56:50.205009,0.000000,2.272220
3224.5808,2026-06-18T16:56:50.699997,0.000000,2.271620
3225.0543,2026-06-18T16:56:51.173551,0.000000,2.271024
3225.5482,2026-06-18T16:56:51.667443,0.000000,2.270452
3226.0299,2026-06-18T16:56:52.149150,0.000000,2.270084
3226.5271,2026-06-18T16:56:52.646296,0.000000,2.269844
3227.0304,2026-06-18T16:56:53.149602,0.000000,2.269528
3227.5277,2026-06-18T16:56:53.646910,0.000000,2.269112
3228.0371,2026-06-18T16:56:54.156360,0.000000,2.268508
3228.5400,2026-06-18T16:56:54.659232,0.000000,2.267720
3229.0199,2026-06-18T16:56:55.139139,0.000000,2.266824
3229.5141,2026-06-18T16:56:55.633310,0.000000,2.266384
3229.9877,2026-06-18T16:56:56.106925,0.000000,2.265964
3230.4897,2026-06-18T16:56:56.608911,0.000000,2.265252
3230.9848,2026-06-18T16:56:57.103984,0.000000,2.264528
3231.4845,2026-06-18T16:56:57.603676,0.000000,2.263624
3231.9855,2026-06-18T16:56:58.104761,0.000000,2.262748
3232.4798,2026-06-18T16:56:58.599009,0.000000,2.262092
3233.0379,2026-06-18T16:56:59.157121,0.000000,2.261812
3233.5292,2026-06-18T16:56:59.648460,0.000000,2.261320
3234.0263,2026-06-18T16:57:00.145469,0.000000,2.261032
3234.5262,2026-06-18T16:57:00.645386,0.000000,2.260792
3235.0265,2026-06-18T16:57:01.145758,0.000000,2.260504
3235.5305,2026-06-18T16:57:01.649732,0.000000,2.260172
3236.0576,2026-06-18T16:57:02.176829,0.000000,2.260040
3236.5581,2026-06-18T16:57:02.677320,0.000000,2.259804
3237.0624,2026-06-18T16:57:03.181647,0.000000,2.259688
3237.5566,2026-06-18T16:57:03.675860,0.000000,2.259908
3238.0616,2026-06-18T16:57:04.180815,0.000000,2.259820
3238.5594,2026-06-18T16:57:04.678651,0.000000,2.259616
3239.0720,2026-06-18T16:57:05.191192,0.000000,2.259540
3239.5523,2026-06-18T16:57:05.671504,0.000000,2.259132
3240.0537,2026-06-18T16:57:06.172959,0.000000,2.258664
3240.5549,2026-06-18T16:57:06.674101,0.000000,2.258512
3241.0564,2026-06-18T16:57:07.175581,0.000000,2.258232
3241.5586,2026-06-18T16:57:07.677793,0.000000,2.258084
3242.0529,2026-06-18T16:57:08.172123,0.000000,2.258152
3242.5758,2026-06-18T16:57:08.694993,0.000000,2.258172
3243.0698,2026-06-18T16:57:09.188975,0.000000,2.257792
3243.5566,2026-06-18T16:57:09.675861,0.000000,2.257344
3244.0509,2026-06-18T16:57:10.170092,0.000000,2.256920
3244.5444,2026-06-18T16:57:10.663582,0.000000,2.256412
3245.0425,2026-06-18T16:57:11.161676,0.000000,2.256032
3245.5334,2026-06-18T16:57:11.652580,0.000000,2.255756
3246.0073,2026-06-18T16:57:12.126524,0.000000,2.255452
3246.4973,2026-06-18T16:57:12.616538,0.000000,2.255012
3246.9869,2026-06-18T16:57:13.106077,0.000000,2.254784
3247.4774,2026-06-18T16:57:13.596578,0.000000,2.254408
3247.9772,2026-06-18T16:57:14.096425,0.000000,2.254080
3248.4722,2026-06-18T16:57:14.591394,0.000000,2.253916
3248.9717,2026-06-18T16:57:15.090867,0.000000,2.253720
3249.4783,2026-06-18T16:57:15.597522,0.000000,2.253700
3249.9923,2026-06-18T16:57:16.111523,0.000000,2.253352
3250.4840,2026-06-18T16:57:16.603250,0.000000,2.252996
3250.9778,2026-06-18T16:57:17.097073,0.000000,2.253012
3251.4675,2026-06-18T16:57:17.586734,0.000000,2.252820
3251.9447,2026-06-18T16:57:18.063928,0.000000,2.252980
3252.4421,2026-06-18T16:57:18.561348,0.000000,2.253216
3252.9366,2026-06-18T16:57:19.055798,0.000000,2.253252
3253.4251,2026-06-18T16:57:19.544295,0.000000,2.253448
3253.8866,2026-06-18T16:57:20.005769,0.000000,2.253388
3254.3842,2026-06-18T16:57:20.503375,0.000000,2.253432
3254.8900,2026-06-18T16:57:21.009226,0.000000,2.253540
3255.4132,2026-06-18T16:57:21.532383,0.000000,2.253680
3255.8927,2026-06-18T16:57:22.011932,0.000000,2.253788
3256.3915,2026-06-18T16:57:22.510719,0.000000,2.253792
3256.8845,2026-06-18T16:57:23.003700,0.000000,2.253828
3257.3817,2026-06-18T16:57:23.500961,0.000000,2.253640
3257.8867,2026-06-18T16:57:24.005868,0.000000,2.253728
3258.3800,2026-06-18T16:57:24.499230,0.000000,2.253356
3258.9065,2026-06-18T16:57:25.025694,0.000000,2.252988
3259.4024,2026-06-18T16:57:25.521592,0.000000,2.252880
3259.8881,2026-06-18T16:57:26.007328,0.000000,2.252908
3260.3734,2026-06-18T16:57:26.492582,0.000000,2.252840
3260.8776,2026-06-18T16:57:26.996842,0.000000,2.252780
3261.3789,2026-06-18T16:57:27.498066,0.000000,2.252628
3261.8777,2026-06-18T16:57:27.996907,0.000000,2.252280
3262.4052,2026-06-18T16:57:28.524402,0.000000,2.252260
3262.9092,2026-06-18T16:57:29.028420,0.000000,2.252268
3263.4063,2026-06-18T16:57:29.525489,0.000000,2.252296
3263.9146,2026-06-18T16:57:30.033824,0.000000,2.252388
3264.4071,2026-06-18T16:57:30.526332,0.000000,2.252504
3264.9179,2026-06-18T16:57:31.037070,0.000000,2.252672
3265.4299,2026-06-18T16:57:31.549111,0.000000,2.252516
3265.9299,2026-06-18T16:57:32.049113,0.000000,2.252496
3266.4230,2026-06-18T16:57:32.542268,0.000000,2.252564
3266.9124,2026-06-18T16:57:33.031615,0.000000,2.252340
3267.3981,2026-06-18T16:57:33.517301,0.000000,2.252620
3267.8982,2026-06-18T16:57:34.017427,0.000000,2.252740
3268.3818,2026-06-18T16:57:34.501037,0.000000,2.252588
3268.8775,2026-06-18T16:57:34.996661,0.000000,2.252836
3269.3799,2026-06-18T16:57:35.499159,0.000000,2.252948
3269.8833,2026-06-18T16:57:36.002517,0.000000,2.252872
3270.3833,2026-06-18T16:57:36.502472,0.000000,2.253036
3270.8739,2026-06-18T16:57:36.993130,0.000000,2.252824
3271.3746,2026-06-18T16:57:37.493773,0.000000,2.252896
3271.8934,2026-06-18T16:57:38.012586,0.000000,2.253288
3272.3892,2026-06-18T16:57:38.508399,0.000000,2.253400
3272.8841,2026-06-18T16:57:39.003318,0.000000,2.253700
3273.3523,2026-06-18T16:57:39.471537,0.000000,2.253616
3273.8550,2026-06-18T16:57:39.974197,0.000000,2.253432
3274.3183,2026-06-18T16:57:40.437468,0.000000,2.253320
3274.8026,2026-06-18T16:57:40.921783,0.000000,2.253244
3275.3055,2026-06-18T16:57:41.424742,0.000000,2.253304
3275.8017,2026-06-18T16:57:41.920883,0.000000,2.253408
3276.3025,2026-06-18T16:57:42.421696,0.000000,2.253384
3276.8172,2026-06-18T16:57:42.936423,0.000000,2.253400
3277.3214,2026-06-18T16:57:43.440644,0.000000,2.253444
3277.8233,2026-06-18T16:57:43.942477,0.000000,2.253692
3278.3247,2026-06-18T16:57:44.443903,0.000000,2.253980
3278.8221,2026-06-18T16:57:44.941301,0.000000,2.254520
3279.3079,2026-06-18T16:57:45.427112,0.000000,2.255068
3279.8091,2026-06-18T16:57:45.928291,0.000000,2.255476
3280.3130,2026-06-18T16:57:46.432205,0.000000,2.255896
3280.8081,2026-06-18T16:57:46.927277,0.000000,2.255984
3281.3340,2026-06-18T16:57:47.453172,0.000000,2.255676
3281.8232,2026-06-18T16:57:47.942415,0.000000,2.255632
3282.3236,2026-06-18T16:57:48.442778,0.000000,2.255800
3282.8261,2026-06-18T16:57:48.945294,0.000000,2.255776
3283.3438,2026-06-18T16:57:49.462997,0.000000,2.256048
3283.8499,2026-06-18T16:57:49.969100,0.000000,2.256116
3284.3613,2026-06-18T16:57:50.480538,0.000000,2.256088
3284.8712,2026-06-18T16:57:50.990383,0.000000,2.256328
3285.3666,2026-06-18T16:57:51.485822,0.000000,2.256464
3285.8713,2026-06-18T16:57:51.990467,0.000000,2.256484
3286.3941,2026-06-18T16:57:52.513292,0.000000,2.256620
3286.8845,2026-06-18T16:57:53.003701,0.000000,2.256548
3287.3812,2026-06-18T16:57:53.500409,0.000000,2.256656
3287.8809,2026-06-18T16:57:54.000128,0.000000,2.256472
3288.3821,2026-06-18T16:57:54.501302,0.000000,2.256372
3288.8869,2026-06-18T16:57:55.006133,0.000000,2.256084
3289.3938,2026-06-18T16:57:55.512971,0.000000,2.255736
3289.8938,2026-06-18T16:57:56.013011,0.000000,2.255564
3290.3882,2026-06-18T16:57:56.507383,0.000000,2.255192
3290.8895,2026-06-18T16:57:57.008709,0.000000,2.255072
3291.3774,2026-06-18T16:57:57.496570,0.000000,2.254848
3291.8754,2026-06-18T16:57:57.994634,0.000000,2.254868
3292.3753,2026-06-18T16:57:58.494544,0.000000,2.254868
3292.8712,2026-06-18T16:57:58.990401,0.000000,2.254812
3293.3757,2026-06-18T16:57:59.494872,0.000000,2.255524
3293.8776,2026-06-18T16:57:59.996829,0.000000,2.256160
3294.3948,2026-06-18T16:58:00.514066,0.000000,2.256492
3294.8812,2026-06-18T16:58:01.000450,0.000000,2.257040
3295.3718,2026-06-18T16:58:01.490979,0.000000,2.256752
3295.8715,2026-06-18T16:58:01.990671,0.000000,2.256836
3296.3755,2026-06-18T16:58:02.494714,0.000000,2.257072
3296.8713,2026-06-18T16:58:02.990555,0.000000,2.257388
3297.3666,2026-06-18T16:58:03.485782,0.000000,2.257716
3297.8896,2026-06-18T16:58:04.008790,0.000000,2.257636
3298.3929,2026-06-18T16:58:04.512068,0.000000,2.257548
3298.8885,2026-06-18T16:58:05.007720,0.000000,2.257492
3299.3516,2026-06-18T16:58:05.470831,0.000000,2.257988
3299.8423,2026-06-18T16:58:05.961544,0.000000,2.258536
3300.3099,2026-06-18T16:58:06.429153,0.000000,2.258936
3300.8128,2026-06-18T16:58:06.932059,0.000000,2.259352
3301.3048,2026-06-18T16:58:07.423987,0.000000,2.259680
3301.7866,2026-06-18T16:58:07.905793,0.000000,2.260068
3302.2613,2026-06-18T16:58:08.380538,0.000000,2.260212
3302.7556,2026-06-18T16:58:08.874806,0.000000,2.260372
3303.2646,2026-06-18T16:58:09.383793,0.000000,2.260288
3303.7659,2026-06-18T16:58:09.885111,0.000000,2.260196
3304.2643,2026-06-18T16:58:10.383481,0.000000,2.260180
3304.7645,2026-06-18T16:58:10.883726,0.000000,2.259964
3305.2715,2026-06-18T16:58:11.390717,0.000000,2.259980
3305.7742,2026-06-18T16:58:11.893448,0.000000,2.260116
3306.2749,2026-06-18T16:58:12.394156,0.000000,2.260584
3306.7878,2026-06-18T16:58:12.907014,0.000000,2.261380
3307.2783,2026-06-18T16:58:13.397543,0.000000,2.261972
3307.7686,2026-06-18T16:58:13.887827,0.000000,2.262172
3308.2719,2026-06-18T16:58:14.391152,0.000000,2.262340
3308.7525,2026-06-18T16:58:14.871728,0.000000,2.262380
3309.2447,2026-06-18T16:58:15.363923,0.000000,2.262712
3309.7422,2026-06-18T16:58:15.861441,0.000000,2.263160
3310.2594,2026-06-18T16:58:16.378595,0.000000,2.263340
3310.7663,2026-06-18T16:58:16.885491,0.000000,2.263568
3311.2336,2026-06-18T16:58:17.352797,0.000000,2.263464
3311.7379,2026-06-18T16:58:17.857107,0.000000,2.263520
3312.2344,2026-06-18T16:58:18.353642,0.000000,2.263940
3312.7421,2026-06-18T16:58:18.861283,0.000000,2.264564
3313.2129,2026-06-18T16:58:19.332078,0.000000,2.265268
3313.7119,2026-06-18T16:58:19.831133,0.000000,2.265544
3314.1850,2026-06-18T16:58:20.304223,0.000000,2.265588
3314.6885,2026-06-18T16:58:20.807687,0.000000,2.265272
3315.1927,2026-06-18T16:58:21.311960,0.000000,2.264860
3315.6722,2026-06-18T16:58:21.791395,0.000000,2.265076
3316.1771,2026-06-18T16:58:22.296318,0.000000,2.265360
3316.6671,2026-06-18T16:58:22.786279,0.000000,2.265700
3317.1669,2026-06-18T16:58:23.286151,0.000000,2.265964
3317.6671,2026-06-18T16:58:23.786363,0.000000,2.265944
3318.1630,2026-06-18T16:58:24.282233,0.000000,2.266004
3318.6637,2026-06-18T16:58:24.782922,0.000000,2.266044
3319.1743,2026-06-18T16:58:25.293516,0.000000,2.266516
3319.6689,2026-06-18T16:58:25.788086,0.000000,2.266732
3320.1956,2026-06-18T16:58:26.314793,0.000000,2.266812
3320.6897,2026-06-18T16:58:26.808899,0.000000,2.266964
3321.1863,2026-06-18T16:58:27.305534,0.000000,2.266692
3321.7218,2026-06-18T16:58:27.841045,0.000000,2.266400
3322.1832,2026-06-18T16:58:28.302445,0.000000,2.266148
3322.6751,2026-06-18T16:58:28.794346,0.000000,2.266304
3323.1717,2026-06-18T16:58:29.290907,0.000000,2.266464
3323.6899,2026-06-18T16:58:29.809138,0.000000,2.266788
3324.1913,2026-06-18T16:58:30.310570,0.000000,2.267052
3324.6805,2026-06-18T16:58:30.799753,0.000000,2.266792
3325.1757,2026-06-18T16:58:31.294936,0.000000,2.266992
3325.6759,2026-06-18T16:58:31.795091,0.000000,2.267036
3326.1794,2026-06-18T16:58:32.298618,0.000000,2.267396
3326.6711,2026-06-18T16:58:32.790341,0.000000,2.267944
3327.1717,2026-06-18T16:58:33.290948,0.000000,2.268032
3327.6633,2026-06-18T16:58:33.782552,0.000000,2.268240
3328.1529,2026-06-18T16:58:34.272141,0.000000,2.268220
3328.6446,2026-06-18T16:58:34.763766,0.000000,2.268340
3329.1710,2026-06-18T16:58:35.290228,0.000000,2.268740
3329.6666,2026-06-18T16:58:35.785777,0.000000,2.269284
3330.1593,2026-06-18T16:58:36.278550,0.000000,2.270052
3330.6307,2026-06-18T16:58:36.749890,0.000000,2.270428
3331.1024,2026-06-18T16:58:37.221641,0.000000,2.270712
3331.5921,2026-06-18T16:58:37.711313,0.000000,2.270816
3332.0831,2026-06-18T16:58:38.202368,0.000000,2.270960
3332.5825,2026-06-18T16:58:38.701737,0.000000,2.271132
3333.0774,2026-06-18T16:58:39.196608,0.000000,2.271488
3333.6025,2026-06-18T16:58:39.721694,0.000000,2.271748
3334.0746,2026-06-18T16:58:40.193826,0.000000,2.271736
3334.5771,2026-06-18T16:58:40.696360,0.000000,2.271952
3335.0749,2026-06-18T16:58:41.194090,0.000000,2.272012
3335.5728,2026-06-18T16:58:41.692057,0.000000,2.272028
3336.0726,2026-06-18T16:58:42.191824,0.000000,2.272040
3336.5774,2026-06-18T16:58:42.696644,0.000000,2.271828
3337.0825,2026-06-18T16:58:43.201712,0.000000,2.271864
3337.5839,2026-06-18T16:58:43.703080,0.000000,2.272068
3338.0747,2026-06-18T16:58:44.193937,0.000000,2.272264
3338.5642,2026-06-18T16:58:44.683440,0.000000,2.272560
3339.0683,2026-06-18T16:58:45.187520,0.000000,2.272780
3339.5557,2026-06-18T16:58:45.674961,0.000000,2.273156
3340.0640,2026-06-18T16:58:46.183257,0.000000,2.273592
3340.5812,2026-06-18T16:58:46.700404,0.000000,2.274044
3341.0873,2026-06-18T16:58:47.206478,0.000000,2.274532
3341.5791,2026-06-18T16:58:47.698304,0.000000,2.274628
3342.0746,2026-06-18T16:58:48.193798,0.000000,2.274896
3342.5669,2026-06-18T16:58:48.686103,0.000000,2.275240
3343.0657,2026-06-18T16:58:49.184933,0.000000,2.275516
3343.5391,2026-06-18T16:58:49.658315,0.000000,2.276124
3344.0118,2026-06-18T16:58:50.131019,0.000000,2.276560
3344.5015,2026-06-18T16:58:50.620752,0.000000,2.276456
3345.0137,2026-06-18T16:58:51.132962,0.000000,2.276564
3345.5060,2026-06-18T16:58:51.625208,0.000000,2.276748
3346.0060,2026-06-18T16:58:52.125235,0.000000,2.277012
3346.5069,2026-06-18T16:58:52.626077,0.000000,2.277636
3347.0116,2026-06-18T16:58:53.130806,0.000000,2.277912
3347.5103,2026-06-18T16:58:53.629541,0.000000,2.277972
3347.9985,2026-06-18T16:58:54.117709,0.000000,2.278056
3348.5238,2026-06-18T16:58:54.643024,0.000000,2.278060
3349.0198,2026-06-18T16:58:55.139052,0.000000,2.278200
3349.5147,2026-06-18T16:58:55.633869,0.000000,2.278120
3350.0047,2026-06-18T16:58:56.123963,0.000000,2.278164
3350.4827,2026-06-18T16:58:56.601894,0.000000,2.278460
3350.9836,2026-06-18T16:58:57.102823,0.000000,2.278756
3351.4813,2026-06-18T16:58:57.600508,0.000000,2.279512
3352.0020,2026-06-18T16:58:58.121256,0.000000,2.280064
3352.5100,2026-06-18T16:58:58.629256,0.000000,2.280496
3352.9852,2026-06-18T16:58:59.104525,0.000000,2.280860
3353.4872,2026-06-18T16:58:59.606435,0.000000,2.281048
3353.9667,2026-06-18T16:59:00.085923,0.000000,2.281204
3354.4644,2026-06-18T16:59:00.583594,0.000000,2.281036
3354.9501,2026-06-18T16:59:01.069275,0.000000,2.281044
3355.4465,2026-06-18T16:59:01.565695,0.000000,2.280848
3355.9297,2026-06-18T16:59:02.048876,0.000000,2.280776
3356.4238,2026-06-18T16:59:02.543015,0.000000,2.281044
3356.8886,2026-06-18T16:59:03.007857,0.000000,2.281212
3357.3727,2026-06-18T16:59:03.491896,0.000000,2.281488
3357.8718,2026-06-18T16:59:03.991028,0.000000,2.282048
3358.3713,2026-06-18T16:59:04.490476,0.000000,2.282428
3358.8663,2026-06-18T16:59:04.985528,0.000000,2.282736
3359.3991,2026-06-18T16:59:05.518270,0.000000,2.283212
3359.8914,2026-06-18T16:59:06.010616,0.000000,2.283140
3360.3934,2026-06-18T16:59:06.512635,0.000000,2.282952
3360.8875,2026-06-18T16:59:07.006713,0.000000,2.282776
3361.3837,2026-06-18T16:59:07.502950,0.000000,2.282780
3361.8726,2026-06-18T16:59:07.991804,0.000000,2.282928
3362.3653,2026-06-18T16:59:08.484489,0.000000,2.283308
3362.8550,2026-06-18T16:59:08.974213,0.000000,2.283880
3363.3509,2026-06-18T16:59:09.470072,0.000000,2.283760
3363.8918,2026-06-18T16:59:10.010964,0.000000,2.283912
3364.3672,2026-06-18T16:59:10.486432,0.000000,2.284160
3364.8489,2026-06-18T16:59:10.968136,0.000000,2.284460
3365.3423,2026-06-18T16:59:11.461565,0.000000,2.285016
3365.8475,2026-06-18T16:59:11.966692,0.000000,2.285404
3366.3358,2026-06-18T16:59:12.455016,0.000000,2.285840
3366.8375,2026-06-18T16:59:12.956694,0.000000,2.286260
3367.3360,2026-06-18T16:59:13.455231,0.000000,2.286424
3367.8437,2026-06-18T16:59:13.962943,0.000000,2.287224
3368.3382,2026-06-18T16:59:14.457370,0.000000,2.287836
3368.8414,2026-06-18T16:59:14.960581,0.000000,2.288412
3369.3398,2026-06-18T16:59:15.459003,0.000000,2.289112
3369.8228,2026-06-18T16:59:15.942010,0.000000,2.289072
3370.3146,2026-06-18T16:59:16.433758,0.000000,2.289020
3370.8105,2026-06-18T16:59:16.929698,0.000000,2.288804
3371.3213,2026-06-18T16:59:17.440513,0.000000,2.288748
3371.8244,2026-06-18T16:59:17.943636,0.000000,2.288768
3372.3199,2026-06-18T16:59:18.439095,0.000000,2.289000
3372.8180,2026-06-18T16:59:18.937253,0.000000,2.289512
3373.3101,2026-06-18T16:59:19.429354,0.000000,2.289572
3373.8105,2026-06-18T16:59:19.929719,0.000000,2.289724
3374.2879,2026-06-18T16:59:20.407160,0.000000,2.289744
3374.7888,2026-06-18T16:59:20.908046,0.000000,2.289668
3375.3074,2026-06-18T16:59:21.426647,0.000000,2.290064
3375.8073,2026-06-18T16:59:21.926556,0.000000,2.290704
3376.3059,2026-06-18T16:59:22.425099,0.000000,2.291464
3376.8075,2026-06-18T16:59:22.926677,0.000000,2.291928
3377.3041,2026-06-18T16:59:23.423358,0.000000,2.292104
3377.7938,2026-06-18T16:59:23.912979,0.000000,2.292564
3378.2879,2026-06-18T16:59:24.407074,0.000000,2.292872
3378.8042,2026-06-18T16:59:24.923451,0.000000,2.293604
3379.3084,2026-06-18T16:59:25.427636,0.000000,2.294392
3379.8085,2026-06-18T16:59:25.927711,0.000000,2.294572
3380.3027,2026-06-18T16:59:26.421899,0.000000,2.294532
3380.7872,2026-06-18T16:59:26.906418,0.000000,2.294432
3381.2883,2026-06-18T16:59:27.407519,0.000000,2.294396
3381.7827,2026-06-18T16:59:27.901893,0.000000,2.294596
3382.2826,2026-06-18T16:59:28.401773,0.000000,2.294804
3382.7867,2026-06-18T16:59:28.905954,0.000000,2.294924
3383.2539,2026-06-18T16:59:29.373080,0.000000,2.295260
3383.7373,2026-06-18T16:59:29.856540,0.000000,2.295384
3384.2421,2026-06-18T16:59:30.361302,0.000000,2.295776
3384.7119,2026-06-18T16:59:30.831080,0.000000,2.296160
3385.2074,2026-06-18T16:59:31.326569,0.000000,2.296504
3385.7058,2026-06-18T16:59:31.824996,0.000000,2.296808
3386.2114,2026-06-18T16:59:32.330651,0.000000,2.296924
3386.6874,2026-06-18T16:59:32.806642,0.000000,2.296996
3387.1799,2026-06-18T16:59:33.299100,0.000000,2.296728
3387.7017,2026-06-18T16:59:33.820895,0.000000,2.296768
3388.1887,2026-06-18T16:59:34.307868,0.000000,2.297200
3388.6927,2026-06-18T16:59:34.811952,0.000000,2.297792
3389.1828,2026-06-18T16:59:35.301999,0.000000,2.298952
3389.6851,2026-06-18T16:59:35.804319,0.000000,2.299880
3390.1871,2026-06-18T16:59:36.306359,0.000000,2.300568
3390.6917,2026-06-18T16:59:36.810913,0.000000,2.301192
3391.2077,2026-06-18T16:59:37.326861,0.000000,2.301628
3391.6933,2026-06-18T16:59:37.812550,0.000000,2.301948
3392.1953,2026-06-18T16:59:38.314508,0.000000,2.302112
3392.6973,2026-06-18T16:59:38.816563,0.000000,2.302204
3393.2083,2026-06-18T16:59:39.327475,0.000000,2.302276
3393.7030,2026-06-18T16:59:39.822258,0.000000,2.302540
3394.2044,2026-06-18T16:59:40.323604,0.000000,2.302992
3394.7247,2026-06-18T16:59:40.843959,0.000000,2.303412
3395.1940,2026-06-18T16:59:41.313222,0.000000,2.303896
3395.6740,2026-06-18T16:59:41.793198,0.000000,2.304064
3396.1709,2026-06-18T16:59:42.290105,0.000000,2.304212
3396.6748,2026-06-18T16:59:42.794049,0.000000,2.304264
3397.1771,2026-06-18T16:59:43.296319,0.000000,2.304520
3397.6806,2026-06-18T16:59:43.799792,0.000000,2.304488
3398.2004,2026-06-18T16:59:44.319573,0.000000,2.304476
3398.7067,2026-06-18T16:59:44.825899,0.000000,2.304536
3399.2036,2026-06-18T16:59:45.322857,0.000000,2.304540
3399.7037,2026-06-18T16:59:45.822925,0.000000,2.304840
3400.1998,2026-06-18T16:59:46.319052,0.000000,2.305316
3400.6974,2026-06-18T16:59:46.816610,0.000000,2.306160
3401.2263,2026-06-18T16:59:47.345469,0.000000,2.306896
3401.7250,2026-06-18T16:59:47.844223,0.000000,2.307664
3402.2247,2026-06-18T16:59:48.343919,0.000000,2.308284
3402.7019,2026-06-18T16:59:48.821071,0.000000,2.308584
3403.1944,2026-06-18T16:59:49.313641,0.000000,2.309036
3403.6769,2026-06-18T16:59:49.796137,0.000000,2.309324
3404.1702,2026-06-18T16:59:50.289376,0.000000,2.309360
3404.6670,2026-06-18T16:59:50.786240,0.000000,2.309380
3405.1934,2026-06-18T16:59:51.312581,0.000000,2.309744
3405.6905,2026-06-18T16:59:51.809714,0.000000,2.310424
3406.1939,2026-06-18T16:59:52.313145,0.000000,2.311500
3406.6912,2026-06-18T16:59:52.810383,0.000000,2.312136
3407.1832,2026-06-18T16:59:53.302377,0.000000,2.312336
3407.6709,2026-06-18T16:59:53.790156,0.000000,2.312292
3408.1761,2026-06-18T16:59:54.295297,0.000000,2.312356
3408.7004,2026-06-18T16:59:54.819624,0.000000,2.312772
3409.1894,2026-06-18T16:59:55.308616,0.000000,2.313108
3409.6915,2026-06-18T16:59:55.810720,0.000000,2.313152
3410.1794,2026-06-18T16:59:56.298615,0.000000,2.313116
3410.6802,2026-06-18T16:59:56.799431,0.000000,2.313068
3411.1825,2026-06-18T16:59:57.301764,0.000000,2.313320
3411.6790,2026-06-18T16:59:57.798217,0.000000,2.313816
3412.2046,2026-06-18T16:59:58.323766,0.000000,2.314216
3412.7041,2026-06-18T16:59:58.823304,0.000000,2.314656
3413.1914,2026-06-18T16:59:59.310583,0.000000,2.315128
3413.7017,2026-06-18T16:59:59.820919,0.000000,2.315512
3414.2075,2026-06-18T17:00:00.326743,0.000000,2.316064
3414.7044,2026-06-18T17:00:00.823572,0.000000,2.316312
3415.2206,2026-06-18T17:00:01.339770,0.000000,2.316528
3415.7207,2026-06-18T17:00:01.839887,0.000000,2.316544
3416.2209,2026-06-18T17:00:02.340119,0.000000,2.316604
3416.7165,2026-06-18T17:00:02.835694,0.000000,2.316792
3417.2133,2026-06-18T17:00:03.332489,0.000000,2.316720
3417.7065,2026-06-18T17:00:03.825720,0.000000,2.316876
3418.2044,2026-06-18T17:00:04.323630,0.000000,2.316924
3418.7160,2026-06-18T17:00:04.835255,0.000000,2.317032
3419.2246,2026-06-18T17:00:05.343808,0.000000,2.317400
3419.7158,2026-06-18T17:00:05.835025,0.000000,2.318032
3420.2163,2026-06-18T17:00:06.335489,0.000000,2.318740
3420.7118,2026-06-18T17:00:06.831012,0.000000,2.319332
3421.2031,2026-06-18T17:00:07.322339,0.000000,2.319744
3421.7003,2026-06-18T17:00:07.819491,0.000000,2.319864
3422.2256,2026-06-18T17:00:08.344769,0.000000,2.320016
3422.7043,2026-06-18T17:00:08.823482,0.000000,2.320280
3423.2010,2026-06-18T17:00:09.320253,0.000000,2.320432
3423.7010,2026-06-18T17:00:09.820258,0.000000,2.321040
3424.1841,2026-06-18T17:00:10.303337,0.000000,2.321524
3424.6796,2026-06-18T17:00:10.798825,0.000000,2.321788
3425.1355,2026-06-18T17:00:11.254740,0.000000,2.322376
3425.6305,2026-06-18T17:00:11.749724,0.000000,2.322544
3426.1370,2026-06-18T17:00:12.256246,0.000000,2.322740
3426.6429,2026-06-18T17:00:12.762130,0.000000,2.323252
3427.1388,2026-06-18T17:00:13.257981,0.000000,2.323900
3427.6378,2026-06-18T17:00:13.757002,0.000000,2.324532
3428.1408,2026-06-18T17:00:14.260026,0.000000,2.324964
3428.6412,2026-06-18T17:00:14.760439,0.000000,2.325532
3429.1369,2026-06-18T17:00:15.256107,0.000000,2.325748
3429.6321,2026-06-18T17:00:15.751289,0.000000,2.326212
3430.1427,2026-06-18T17:00:16.261934,0.000000,2.326564
3430.6450,2026-06-18T17:00:16.764256,0.000000,2.326912
3431.1435,2026-06-18T17:00:17.262668,0.000000,2.327608
3431.6371,2026-06-18T17:00:17.756279,0.000000,2.328100
3432.1412,2026-06-18T17:00:18.260371,0.000000,2.328696
3432.6387,2026-06-18T17:00:18.757935,0.000000,2.328952
3433.1399,2026-06-18T17:00:19.259107,0.000000,2.328948
3433.6557,2026-06-18T17:00:19.774946,0.000000,2.329060
3434.1489,2026-06-18T17:00:20.268081,0.000000,2.329208
3434.6364,2026-06-18T17:00:20.755566,0.000000,2.329360
3435.1134,2026-06-18T17:00:21.232643,0.000000,2.329220
3435.5958,2026-06-18T17:00:21.715069,0.000000,2.329244
3436.0859,2026-06-18T17:00:22.205144,0.000000,2.329368
3436.5749,2026-06-18T17:00:22.694151,0.000000,2.329768
3437.0471,2026-06-18T17:00:23.166305,0.000000,2.330264
3437.5416,2026-06-18T17:00:23.660843,0.000000,2.330400
3438.0335,2026-06-18T17:00:24.152748,0.000000,2.330768
3438.5336,2026-06-18T17:00:24.652844,0.000000,2.331096
3439.0491,2026-06-18T17:00:25.168329,0.000000,2.331324
3439.5442,2026-06-18T17:00:25.663364,0.000000,2.331812
3440.0342,2026-06-18T17:00:26.153384,0.000000,2.332060
3440.5162,2026-06-18T17:00:26.635390,0.000000,2.332008
3441.0159,2026-06-18T17:00:27.135156,0.000000,2.332008
3441.5060,2026-06-18T17:00:27.625161,0.000000,2.332184
3442.0034,2026-06-18T17:00:28.122573,0.000000,2.332376
3442.5053,2026-06-18T17:00:28.624521,0.000000,2.332840
3443.0336,2026-06-18T17:00:29.152771,0.000000,2.334148
3443.5213,2026-06-18T17:00:29.640521,0.000000,2.335032
3443.9939,2026-06-18T17:00:30.113077,0.000000,2.335868
3444.4955,2026-06-18T17:00:30.614745,0.000000,2.336480
3444.9838,2026-06-18T17:00:31.102972,0.000000,2.336580
3445.4799,2026-06-18T17:00:31.599130,0.000000,2.336732
3445.9693,2026-06-18T17:00:32.088555,0.000000,2.336892
3446.4431,2026-06-18T17:00:32.562365,0.000000,2.337236
3446.9126,2026-06-18T17:00:33.031817,0.000000,2.337788
3447.4094,2026-06-18T17:00:33.528585,0.000000,2.338288
3447.8700,2026-06-18T17:00:33.989248,0.000000,2.338780
3448.3705,2026-06-18T17:00:34.489694,0.000000,2.339168
3448.8835,2026-06-18T17:00:35.002703,0.000000,2.338936
3449.3787,2026-06-18T17:00:35.497923,0.000000,2.338744
3449.8866,2026-06-18T17:00:36.005828,0.000000,2.338824
3450.3698,2026-06-18T17:00:36.488987,0.000000,2.339056
3450.8473,2026-06-18T17:00:36.966563,0.000000,2.339524
3451.3413,2026-06-18T17:00:37.460504,0.000000,2.339968
3451.8300,2026-06-18T17:00:37.949177,0.000000,2.340364
3452.3182,2026-06-18T17:00:38.437375,0.000000,2.340432
3452.8161,2026-06-18T17:00:38.935357,0.000000,2.340928
3453.2985,2026-06-18T17:00:39.417677,0.000000,2.341632
3453.7974,2026-06-18T17:00:39.916647,0.000000,2.342312
3454.2971,2026-06-18T17:00:40.416282,0.000000,2.343188
3454.7865,2026-06-18T17:00:40.905710,0.000000,2.343908
3455.2973,2026-06-18T17:00:41.416480,0.000000,2.344236
3455.8042,2026-06-18T17:00:41.923467,0.000000,2.344452
3456.2994,2026-06-18T17:00:42.418605,0.000000,2.345028
3456.8042,2026-06-18T17:00:42.923446,0.000000,2.345124
3457.2999,2026-06-18T17:00:43.419153,0.000000,2.345384
3457.7887,2026-06-18T17:00:43.907945,0.000000,2.345852
3458.2832,2026-06-18T17:00:44.402385,0.000000,2.345988
3458.8053,2026-06-18T17:00:44.924516,0.000000,2.346152
3459.2996,2026-06-18T17:00:45.418828,0.000000,2.346500
3459.8043,2026-06-18T17:00:45.923480,0.000000,2.346648
3460.3038,2026-06-18T17:00:46.423051,0.000000,2.347152
3460.7932,2026-06-18T17:00:46.912408,0.000000,2.347736
3461.2869,2026-06-18T17:00:47.406121,0.000000,2.348496
3461.7859,2026-06-18T17:00:47.905072,0.000000,2.349412
3462.3158,2026-06-18T17:00:48.434993,0.000000,2.349804
3462.8121,2026-06-18T17:00:48.931286,0.000000,2.350496
3463.3160,2026-06-18T17:00:49.435195,0.000000,2.350520
3463.7909,2026-06-18T17:00:49.910156,0.000000,2.350808
3464.2873,2026-06-18T17:00:50.406516,0.000000,2.351228
3464.7506,2026-06-18T17:00:50.869816,0.000000,2.351908
3465.2499,2026-06-18T17:00:51.369128,0.000000,2.352544
3465.7494,2026-06-18T17:00:51.868647,0.000000,2.353212
3466.2781,2026-06-18T17:00:52.397307,0.000000,2.353604
3466.7570,2026-06-18T17:00:52.876257,0.000000,2.353520
3467.2541,2026-06-18T17:00:53.373314,0.000000,2.353788
3467.7535,2026-06-18T17:00:53.872752,0.000000,2.354168
3468.2600,2026-06-18T17:00:54.379234,0.000000,2.354824
3468.7630,2026-06-18T17:00:54.882240,0.000000,2.355796
3469.2674,2026-06-18T17:00:55.386569,0.000000,2.356576
3469.7657,2026-06-18T17:00:55.884899,0.000000,2.356824
3470.2726,2026-06-18T17:00:56.391773,0.000000,2.357208
3470.7691,2026-06-18T17:00:56.888303,0.000000,2.357428
3471.2541,2026-06-18T17:00:57.373277,0.000000,2.357948
3471.7543,2026-06-18T17:00:57.873539,0.000000,2.358696
3472.2594,2026-06-18T17:00:58.378631,0.000000,2.359400
3472.7663,2026-06-18T17:00:58.885522,0.000000,2.360072
3473.2923,2026-06-18T17:00:59.411478,0.000000,2.360344
3473.7771,2026-06-18T17:00:59.896332,0.000000,2.360788
3474.2541,2026-06-18T17:01:00.373298,0.000000,2.360924
3474.7614,2026-06-18T17:01:00.880559,0.000000,2.361432
3475.2581,2026-06-18T17:01:01.377285,0.000000,2.361904
3475.7620,2026-06-18T17:01:01.881226,0.000000,2.362268
3476.2648,2026-06-18T17:01:02.384010,0.000000,2.362664
3476.7874,2026-06-18T17:01:02.906587,0.000000,2.362864
3477.2856,2026-06-18T17:01:03.404821,0.000000,2.362892
3477.7834,2026-06-18T17:01:03.902576,0.000000,2.363220
3478.2766,2026-06-18T17:01:04.395816,0.000000,2.363780
3478.7626,2026-06-18T17:01:04.881846,0.000000,2.364632
3479.2683,2026-06-18T17:01:05.387468,0.000000,2.365848
3479.7605,2026-06-18T17:01:05.879715,0.000000,2.366600
3480.2576,2026-06-18T17:01:06.376762,0.000000,2.367228
3480.7802,2026-06-18T17:01:06.899416,0.000000,2.367448
3481.2562,2026-06-18T17:01:07.375397,0.000000,2.367792
3481.7511,2026-06-18T17:01:07.870294,0.000000,2.368396
3482.2459,2026-06-18T17:01:08.365101,0.000000,2.369028
3482.7536,2026-06-18T17:01:08.872811,0.000000,2.369960
3483.2185,2026-06-18T17:01:09.337728,0.000000,2.370260
3483.7173,2026-06-18T17:01:09.836512,0.000000,2.370628
3484.2158,2026-06-18T17:01:10.335029,0.000000,2.371244
3484.7451,2026-06-18T17:01:10.864279,0.000000,2.371584
3485.2446,2026-06-18T17:01:11.363751,0.000000,2.372260
3485.7232,2026-06-18T17:01:11.842443,0.000000,2.372700
3486.2238,2026-06-18T17:01:12.343040,0.000000,2.372748
3486.7079,2026-06-18T17:01:12.827095,0.000000,2.372772
3487.1994,2026-06-18T17:01:13.318597,0.000000,2.372548
3487.6935,2026-06-18T17:01:13.812700,0.000000,2.372480
3488.1933,2026-06-18T17:01:14.312544,0.000000,2.372688
3488.7029,2026-06-18T17:01:14.822157,0.000000,2.373584
3489.2054,2026-06-18T17:01:15.324622,0.000000,2.374716
3489.6966,2026-06-18T17:01:15.815828,0.000000,2.375408
3490.1971,2026-06-18T17:01:16.316298,0.000000,2.375828
3490.6893,2026-06-18T17:01:16.808482,0.000000,2.375680
3491.1774,2026-06-18T17:01:17.296632,0.000000,2.375740
3491.6697,2026-06-18T17:01:17.788935,0.000000,2.376220
3492.1601,2026-06-18T17:01:18.279367,0.000000,2.376664
3492.6534,2026-06-18T17:01:18.772628,0.000000,2.377436
3493.1867,2026-06-18T17:01:19.305931,0.000000,2.377936
3493.6825,2026-06-18T17:01:19.801742,0.000000,2.378212
3494.1827,2026-06-18T17:01:20.301894,0.000000,2.378908
3494.6785,2026-06-18T17:01:20.797687,0.000000,2.379392
3495.1701,2026-06-18T17:01:21.289330,0.000000,2.380136
3495.6695,2026-06-18T17:01:21.788698,0.000000,2.381148
3496.1617,2026-06-18T17:01:22.280957,0.000000,2.381484
3496.6868,2026-06-18T17:01:22.806045,0.000000,2.382008
3497.1831,2026-06-18T17:01:23.302282,0.000000,2.382412
3497.6677,2026-06-18T17:01:23.786920,0.000000,2.382608
3498.1549,2026-06-18T17:01:24.274134,0.000000,2.383020
3498.6616,2026-06-18T17:01:24.780802,0.000000,2.383444
3499.1424,2026-06-18T17:01:25.261569,0.000000,2.383996
3499.6493,2026-06-18T17:01:25.768503,0.000000,2.384392
3500.1701,2026-06-18T17:01:26.289269,0.000000,2.385200
3500.6658,2026-06-18T17:01:26.784988,0.000000,2.385824
3501.1467,2026-06-18T17:01:27.265954,0.000000,2.386556
3501.6533,2026-06-18T17:01:27.772552,0.000000,2.387316
3502.1539,2026-06-18T17:01:28.273126,0.000000,2.387792
3502.6576,2026-06-18T17:01:28.776814,0.000000,2.388156
3503.1496,2026-06-18T17:01:29.268809,0.000000,2.388296
3503.6440,2026-06-18T17:01:29.763204,0.000000,2.388448
3504.1310,2026-06-18T17:01:30.250217,0.000000,2.388412
3504.6150,2026-06-18T17:01:30.734252,0.000000,2.388524
3505.0965,2026-06-18T17:01:31.215751,0.000000,2.388948
3505.5960,2026-06-18T17:01:31.715262,0.000000,2.389060
3506.0954,2026-06-18T17:01:32.214605,0.000000,2.389740
3506.5918,2026-06-18T17:01:32.710969,0.000000,2.390344
3507.0964,2026-06-18T17:01:33.215630,0.000000,2.390596
3507.6248,2026-06-18T17:01:33.744048,0.000000,2.390988
3508.1186,2026-06-18T17:01:34.237831,0.000000,2.390924
3508.6262,2026-06-18T17:01:34.745399,0.000000,2.391112
3509.1412,2026-06-18T17:01:35.260427,0.000000,2.391720
3509.6300,2026-06-18T17:01:35.749263,0.000000,2.392388
3510.1254,2026-06-18T17:01:36.244617,0.000000,2.393276
3510.6328,2026-06-18T17:01:36.752064,0.000000,2.393896
3511.1383,2026-06-18T17:01:37.257528,0.000000,2.394272
3511.6357,2026-06-18T17:01:37.754938,0.000000,2.394892
3512.1091,2026-06-18T17:01:38.228319,0.000000,2.395348
3512.5781,2026-06-18T17:01:38.697316,0.000000,2.396296
3513.0786,2026-06-18T17:01:39.197858,0.000000,2.397020
3513.5820,2026-06-18T17:01:39.701199,0.000000,2.397668
3514.0802,2026-06-18T17:01:40.199416,0.000000,2.398212
3514.5780,2026-06-18T17:01:40.697157,0.000000,2.398456
3515.0830,2026-06-18T17:01:41.202198,0.000000,2.398884
3515.5802,2026-06-18T17:01:41.699414,0.000000,2.399056
3516.0863,2026-06-18T17:01:42.205529,0.000000,2.399044
3516.5638,2026-06-18T17:01:42.683027,0.000000,2.399084
3517.0490,2026-06-18T17:01:43.168201,0.000000,2.399160
3517.5494,2026-06-18T17:01:43.668669,0.000000,2.399436
3518.0468,2026-06-18T17:01:44.165969,0.000000,2.399972
3518.5324,2026-06-18T17:01:44.651638,0.000000,2.400524
3519.0584,2026-06-18T17:01:45.177632,0.000000,2.401056
3519.5525,2026-06-18T17:01:45.671768,0.000000,2.401708
3520.0505,2026-06-18T17:01:46.169741,0.000000,2.402332
3520.5489,2026-06-18T17:01:46.668092,0.000000,2.402964
3521.0476,2026-06-18T17:01:47.166838,0.000000,2.403460
3521.5573,2026-06-18T17:01:47.676502,0.000000,2.403824
3522.0720,2026-06-18T17:01:48.191173,0.000000,2.404060
3522.5386,2026-06-18T17:01:48.657794,0.000000,2.404300
3523.0409,2026-06-18T17:01:49.160103,0.000000,2.404728
3523.5320,2026-06-18T17:01:49.651205,0.000000,2.405336
3524.0064,2026-06-18T17:01:50.125615,0.000000,2.405888
3524.5081,2026-06-18T17:01:50.627330,0.000000,2.406540
3524.9989,2026-06-18T17:01:51.118078,0.000000,2.407468
3525.4873,2026-06-18T17:01:51.606527,0.000000,2.408148
3525.9687,2026-06-18T17:01:52.087922,0.000000,2.408828
3526.4698,2026-06-18T17:01:52.588965,0.000000,2.409336
3526.9407,2026-06-18T17:01:53.059873,0.000000,2.409616
3527.4414,2026-06-18T17:01:53.560616,0.000000,2.409760
3527.9712,2026-06-18T17:01:54.090414,0.000000,2.410268
3528.4697,2026-06-18T17:01:54.588948,0.000000,2.410900
3528.9465,2026-06-18T17:01:55.065726,0.000000,2.411380
3529.4532,2026-06-18T17:01:55.572431,0.000000,2.411872
3529.9501,2026-06-18T17:01:56.069320,0.000000,2.412120
3530.4468,2026-06-18T17:01:56.566023,0.000000,2.412364
3530.9492,2026-06-18T17:01:57.068379,0.000000,2.412676
3531.4739,2026-06-18T17:01:57.593141,0.000000,2.413628
3531.9566,2026-06-18T17:01:58.075793,0.000000,2.414336
3532.4615,2026-06-18T17:01:58.580752,0.000000,2.415256
3532.9602,2026-06-18T17:01:59.079400,0.000000,2.416168
3533.4599,2026-06-18T17:01:59.579148,0.000000,2.416616
3533.9230,2026-06-18T17:02:00.042206,0.000000,2.417136
3534.4230,2026-06-18T17:02:00.542253,0.000000,2.417612
3534.9518,2026-06-18T17:02:01.071026,0.000000,2.418024
3535.4542,2026-06-18T17:02:01.573358,0.000000,2.418556
3535.9573,2026-06-18T17:02:02.076536,0.000000,2.419108
3536.4533,2026-06-18T17:02:02.572512,0.000000,2.419560
3536.9434,2026-06-18T17:02:03.062575,0.000000,2.420328
3537.4376,2026-06-18T17:02:03.556852,0.000000,2.420700
3537.9258,2026-06-18T17:02:04.044985,0.000000,2.420948
3538.4498,2026-06-18T17:02:04.569036,0.000000,2.421404
3538.9464,2026-06-18T17:02:05.065607,0.000000,2.421872
3539.4075,2026-06-18T17:02:05.526713,0.000000,2.422644
3539.9005,2026-06-18T17:02:06.019728,0.000000,2.423392
3540.3989,2026-06-18T17:02:06.518089,0.000000,2.424016
3540.9023,2026-06-18T17:02:07.021509,0.000000,2.424568
3541.3937,2026-06-18T17:02:07.512946,0.000000,2.424940
3541.8941,2026-06-18T17:02:08.013329,0.000000,2.425424
3542.4072,2026-06-18T17:02:08.526386,0.000000,2.425832
3542.9117,2026-06-18T17:02:09.030945,0.000000,2.426336
3543.4128,2026-06-18T17:02:09.531981,0.000000,2.426988
3543.9092,2026-06-18T17:02:10.028425,0.000000,2.427864
3544.3937,2026-06-18T17:02:10.512875,0.000000,2.428668
3544.8986,2026-06-18T17:02:11.017816,0.000000,2.429296
3545.3994,2026-06-18T17:02:11.518611,0.000000,2.429724
3545.9148,2026-06-18T17:02:12.033969,0.000000,2.429808
3546.4146,2026-06-18T17:02:12.533851,0.000000,2.430156
3546.8927,2026-06-18T17:02:13.011923,0.000000,2.430528
3547.3847,2026-06-18T17:02:13.503929,0.000000,2.431152
3547.8774,2026-06-18T17:02:13.996617,0.000000,2.432064
3548.3700,2026-06-18T17:02:14.489198,0.000000,2.432424
3548.8715,2026-06-18T17:02:14.990722,0.000000,2.432792
3549.3702,2026-06-18T17:02:15.489403,0.000000,2.433184
3549.8311,2026-06-18T17:02:15.950301,0.000000,2.433740
3550.3174,2026-06-18T17:02:16.436641,0.000000,2.434436
3550.8049,2026-06-18T17:02:16.924139,0.000000,2.435160
3551.3037,2026-06-18T17:02:17.422950,0.000000,2.435652
3551.8016,2026-06-18T17:02:17.920767,0.000000,2.436240
3552.3053,2026-06-18T17:02:18.424520,0.000000,2.437044
3552.8054,2026-06-18T17:02:18.924579,0.000000,2.437988
3553.2754,2026-06-18T17:02:19.394610,0.000000,2.439244
3553.7632,2026-06-18T17:02:19.882463,0.000000,2.439868
3554.2702,2026-06-18T17:02:20.389360,0.000000,2.440260
3554.7506,2026-06-18T17:02:20.869857,0.000000,2.440380
3555.2705,2026-06-18T17:02:21.389750,0.000000,2.440460
3555.7656,2026-06-18T17:02:21.884844,0.000000,2.441024
3556.2622,2026-06-18T17:02:22.381450,0.000000,2.441912
3556.7526,2026-06-18T17:02:22.871863,0.000000,2.443168
3557.2663,2026-06-18T17:02:23.385514,0.000000,2.444076
3557.7666,2026-06-18T17:02:23.885775,0.000000,2.444736
3558.2990,2026-06-18T17:02:24.418253,0.000000,2.445480
3558.8033,2026-06-18T17:02:24.922493,0.000000,2.445904
3559.3084,2026-06-18T17:02:25.427607,0.000000,2.446432
3559.7799,2026-06-18T17:02:25.899076,0.000000,2.446844
3560.2778,2026-06-18T17:02:26.397008,0.000000,2.447156
3560.7782,2026-06-18T17:02:26.897435,0.000000,2.447484
3561.2783,2026-06-18T17:02:27.397479,0.000000,2.448044
3561.7843,2026-06-18T17:02:27.903506,0.000000,2.448576
3562.2665,2026-06-18T17:02:28.385667,0.000000,2.448880
3562.7615,2026-06-18T17:02:28.880730,0.000000,2.449108
3563.2461,2026-06-18T17:02:29.365328,0.000000,2.449640
3563.7304,2026-06-18T17:02:29.849652,0.000000,2.450176
3564.2271,2026-06-18T17:02:30.346339,0.000000,2.451120
3564.7070,2026-06-18T17:02:30.826158,0.000000,2.451864
3565.2027,2026-06-18T17:02:31.321870,0.000000,2.452320
3565.6916,2026-06-18T17:02:31.810836,0.000000,2.452684
3566.1855,2026-06-18T17:02:32.304745,0.000000,2.453016
3566.6926,2026-06-18T17:02:32.811773,0.000000,2.453500
3567.1828,2026-06-18T17:02:33.301997,0.000000,2.453892
3567.6899,2026-06-18T17:02:33.809157,0.000000,2.454344
3568.1893,2026-06-18T17:02:34.308541,0.000000,2.454700
3568.6860,2026-06-18T17:02:34.805166,0.000000,2.455080
3569.1806,2026-06-18T17:02:35.299809,0.000000,2.455736
3569.6824,2026-06-18T17:02:35.801581,0.000000,2.456404
3570.1807,2026-06-18T17:02:36.299888,0.000000,2.457052
3570.6737,2026-06-18T17:02:36.792952,0.000000,2.457556
3571.1483,2026-06-18T17:02:37.267503,0.000000,2.457960
3571.6468,2026-06-18T17:02:37.766033,0.000000,2.458108
3572.1515,2026-06-18T17:02:38.270680,0.000000,2.458760
3572.6407,2026-06-18T17:02:38.759914,0.000000,2.459756
3573.1490,2026-06-18T17:02:39.268163,0.000000,2.460696
3573.6166,2026-06-18T17:02:39.735835,0.000000,2.461496
3574.1300,2026-06-18T17:02:40.249228,0.000000,2.461920
3574.6374,2026-06-18T17:02:40.756622,0.000000,2.462416
3575.1384,2026-06-18T17:02:41.257620,0.000000,2.463044
3575.6335,2026-06-18T17:02:41.752717,0.000000,2.464160
3576.1323,2026-06-18T17:02:42.251521,0.000000,2.465200
3576.6702,2026-06-18T17:02:42.789369,0.000000,2.466128
3577.1512,2026-06-18T17:02:43.270366,0.000000,2.467124
3577.6430,2026-06-18T17:02:43.762228,0.000000,2.467928
3578.1494,2026-06-18T17:02:44.268610,0.000000,2.468640
3578.6502,2026-06-18T17:02:44.769447,0.000000,2.469044
3579.1506,2026-06-18T17:02:45.269772,0.000000,2.469372
3579.6444,2026-06-18T17:02:45.763620,0.000000,2.469640
3580.1405,2026-06-18T17:02:46.259692,0.000000,2.469956
3580.6692,2026-06-18T17:02:46.788455,0.000000,2.470700
3581.1558,2026-06-18T17:02:47.275009,0.000000,2.471688
3581.6524,2026-06-18T17:02:47.771634,0.000000,2.472632
3582.1544,2026-06-18T17:02:48.273603,0.000000,2.473524
3582.6573,2026-06-18T17:02:48.776504,0.000000,2.474024
3583.1581,2026-06-18T17:02:49.277326,0.000000,2.474424
3583.6832,2026-06-18T17:02:49.802458,0.000000,2.474744
3584.1821,2026-06-18T17:02:50.301318,0.000000,2.475432
3584.6860,2026-06-18T17:02:50.805189,0.000000,2.476256
3585.1602,2026-06-18T17:02:51.279439,0.000000,2.477116
3585.6346,2026-06-18T17:02:51.753755,0.000000,2.477740
3586.1090,2026-06-18T17:02:52.228239,0.000000,2.478176
3586.6017,2026-06-18T17:02:52.720872,0.000000,2.478940
3587.0790,2026-06-18T17:02:53.198253,0.000000,2.479532
3587.5773,2026-06-18T17:02:53.696478,0.000000,2.480480
3588.0818,2026-06-18T17:02:54.201028,0.000000,2.481164
3588.5989,2026-06-18T17:02:54.718093,0.000000,2.481392
3589.0843,2026-06-18T17:02:55.203504,0.000000,2.482076
3589.5864,2026-06-18T17:02:55.705619,0.000000,2.482304
3590.0865,2026-06-18T17:02:56.205740,0.000000,2.483004
3590.5834,2026-06-18T17:02:56.702586,0.000000,2.483804
3591.0789,2026-06-18T17:02:57.198128,0.000000,2.484400
3591.6023,2026-06-18T17:02:57.721558,0.000000,2.485036
3592.0889,2026-06-18T17:02:58.208124,0.000000,2.485568
3592.5743,2026-06-18T17:02:58.693508,0.000000,2.486176
3593.0708,2026-06-18T17:02:59.190032,0.000000,2.486672
3593.5731,2026-06-18T17:02:59.692341,0.000000,2.487672
3594.0609,2026-06-18T17:03:00.180132,0.000000,2.488424
3594.5596,2026-06-18T17:03:00.678791,0.000000,2.489012
3595.0899,2026-06-18T17:03:01.209121,0.000000,2.489652
3595.5901,2026-06-18T17:03:01.709301,0.000000,2.489904
3596.0808,2026-06-18T17:03:02.200021,0.000000,2.490168
3596.5524,2026-06-18T17:03:02.671616,0.000000,2.490436
3597.0612,2026-06-18T17:03:03.180462,0.000000,2.490736
3597.5584,2026-06-18T17:03:03.677655,0.000000,2.491156
3598.0583,2026-06-18T17:03:04.177486,0.000000,2.491896
3598.5773,2026-06-18T17:03:04.696474,0.000000,2.492524
3599.0917,2026-06-18T17:03:05.210962,0.000000,2.493232
3599.5862,2026-06-18T17:03:05.705446,0.000000,2.493532
3600.0823,2026-06-18T17:03:06.201496,0.000000,2.493864
3600.5772,2026-06-18T17:03:06.696420,0.000000,2.494188
3601.0829,2026-06-18T17:03:07.202111,0.000000,2.494520
3601.5815,2026-06-18T17:03:07.700690,0.000000,2.495296
3602.1054,2026-06-18T17:03:08.224648,0.000000,2.495908
3602.6044,2026-06-18T17:03:08.723559,0.000000,2.496696
3603.1080,2026-06-18T17:03:09.227174,0.000000,2.497368
3603.6108,2026-06-18T17:03:09.730011,0.000000,2.498248
3604.1093,2026-06-18T17:03:10.228540,0.000000,2.499472
3604.6011,2026-06-18T17:03:10.720296,0.000000,2.500604
3605.1055,2026-06-18T17:03:11.224694,0.000000,2.501936
3605.6268,2026-06-18T17:03:11.745993,0.000000,2.502932
3606.1122,2026-06-18T17:03:12.231429,0.000000,2.503640
3606.6092,2026-06-18T17:03:12.728413,0.000000,2.504056
3607.0744,2026-06-18T17:03:13.193577,0.000000,2.504384
3607.5789,2026-06-18T17:03:13.698140,0.000000,2.504760
3608.0740,2026-06-18T17:03:14.193240,0.000000,2.505356
3608.5681,2026-06-18T17:03:14.687304,0.000000,2.505768
3609.0414,2026-06-18T17:03:15.160625,0.000000,2.506476
3609.5437,2026-06-18T17:03:15.662925,0.000000,2.507296
3610.0621,2026-06-18T17:03:16.181301,0.000000,2.507792
3610.5632,2026-06-18T17:03:16.682374,0.000000,2.508432
3611.0535,2026-06-18T17:03:17.172695,0.000000,2.508828
3611.5515,2026-06-18T17:03:17.670738,0.000000,2.509400
3612.0508,2026-06-18T17:03:18.169971,0.000000,2.509904
3612.5469,2026-06-18T17:03:18.666096,0.000000,2.510640
3613.0397,2026-06-18T17:03:19.158873,0.000000,2.511376
3613.5751,2026-06-18T17:03:19.694359,0.000000,2.511768
3614.0786,2026-06-18T17:03:20.197781,0.000000,2.512312
3614.5781,2026-06-18T17:03:20.697341,0.000000,2.512960
3615.0748,2026-06-18T17:03:21.193975,0.000000,2.513960
3615.5778,2026-06-18T17:03:21.697053,0.000000,2.514916
3616.0720,2026-06-18T17:03:22.191227,0.000000,2.515700
3616.6023,2026-06-18T17:03:22.721489,0.000000,2.516216
3617.0977,2026-06-18T17:03:23.216928,0.000000,2.516624
3617.5915,2026-06-18T17:03:23.710742,0.000000,2.517360
3618.0939,2026-06-18T17:03:24.213096,0.000000,2.518108
3618.5986,2026-06-18T17:03:24.717830,0.000000,2.518808
3619.0955,2026-06-18T17:03:25.214656,0.000000,2.519228
3619.6189,2026-06-18T17:03:25.738066,0.000000,2.519480
3620.1251,2026-06-18T17:03:26.244306,0.000000,2.519912
3620.6139,2026-06-18T17:03:26.733161,0.000000,2.520652
3621.1090,2026-06-18T17:03:27.228206,0.000000,2.521456
3621.6027,2026-06-18T17:03:27.721930,0.000000,2.522064
3622.1063,2026-06-18T17:03:28.225555,0.000000,2.522716
3622.6021,2026-06-18T17:03:28.721302,0.000000,2.522896
3623.1308,2026-06-18T17:03:29.250049,0.000000,2.523336
3623.6266,2026-06-18T17:03:29.745796,0.000000,2.523744
3624.1313,2026-06-18T17:03:30.250497,0.000000,2.523828
3624.6272,2026-06-18T17:03:30.746368,0.000000,2.524348
3625.1029,2026-06-18T17:03:31.222094,0.000000,2.525140
3625.5703,2026-06-18T17:03:31.689536,0.000000,2.526028
3626.0672,2026-06-18T17:03:32.186443,0.000000,2.526732
3626.5274,2026-06-18T17:03:32.646588,0.000000,2.527520
3627.0270,2026-06-18T17:03:33.146204,0.000000,2.528176
3627.5447,2026-06-18T17:03:33.663902,0.000000,2.529288
3628.0120,2026-06-18T17:03:34.131195,0.000000,2.530552
3628.5072,2026-06-18T17:03:34.626406,0.000000,2.531348
3628.9814,2026-06-18T17:03:35.100639,0.000000,2.531936
3629.4816,2026-06-18T17:03:35.600766,0.000000,2.532268
3629.9812,2026-06-18T17:03:36.100410,0.000000,2.532540
3630.4869,2026-06-18T17:03:36.606142,0.000000,2.533224
3630.9795,2026-06-18T17:03:37.098760,0.000000,2.533244
3631.5102,2026-06-18T17:03:37.629378,0.000000,2.533428
3631.9888,2026-06-18T17:03:38.108010,0.000000,2.533748
3632.4834,2026-06-18T17:03:38.602600,0.000000,2.533856
3632.9788,2026-06-18T17:03:39.097989,0.000000,2.534912
3633.4808,2026-06-18T17:03:39.600041,0.000000,2.535964
3633.9257,2026-06-18T17:03:40.044867,0.000000,2.536920
3634.4227,2026-06-18T17:03:40.541915,0.000000,2.537984
3634.9219,2026-06-18T17:03:41.041135,0.000000,2.538868
3635.4250,2026-06-18T17:03:41.544172,0.000000,2.539988
3635.9472,2026-06-18T17:03:42.066426,0.000000,2.540756
3636.4339,2026-06-18T17:03:42.553115,0.000000,2.541300
3636.9248,2026-06-18T17:03:43.043971,0.000000,2.541876
3637.4229,2026-06-18T17:03:43.542098,0.000000,2.542380
3637.9154,2026-06-18T17:03:44.034617,0.000000,2.543164
3638.4121,2026-06-18T17:03:44.531287,0.000000,2.543972
3638.9104,2026-06-18T17:03:45.029612,0.000000,2.545084
3639.4120,2026-06-18T17:03:45.531248,0.000000,2.546084
3639.9224,2026-06-18T17:03:46.041646,0.000000,2.546980
3640.4313,2026-06-18T17:03:46.550536,0.000000,2.547972
3640.9273,2026-06-18T17:03:47.046489,0.000000,2.548492
3641.4271,2026-06-18T17:03:47.546304,0.000000,2.549484
3641.9210,2026-06-18T17:03:48.040256,0.000000,2.550204
3642.4163,2026-06-18T17:03:48.535498,0.000000,2.551172
3642.9153,2026-06-18T17:03:49.034498,0.000000,2.552040
3643.4355,2026-06-18T17:03:49.554752,0.000000,2.552568
3643.9372,2026-06-18T17:03:50.056420,0.000000,2.553592
3644.4287,2026-06-18T17:03:50.547892,0.000000,2.554084
3644.9291,2026-06-18T17:03:51.048311,0.000000,2.554556
3645.4269,2026-06-18T17:03:51.546130,0.000000,2.554988
3645.9263,2026-06-18T17:03:52.045561,0.000000,2.555036
3646.4490,2026-06-18T17:03:52.568201,0.000000,2.555480
3646.9303,2026-06-18T17:03:53.049480,0.000000,2.556152
3647.4286,2026-06-18T17:03:53.547808,0.000000,2.556616
3647.9313,2026-06-18T17:03:54.050559,0.000000,2.557356
3648.4268,2026-06-18T17:03:54.545981,0.000000,2.557992
3648.9355,2026-06-18T17:03:55.054750,0.000000,2.558572
3649.4353,2026-06-18T17:03:55.554462,0.000000,2.559216
3649.9552,2026-06-18T17:03:56.074373,0.000000,2.559784
3650.4479,2026-06-18T17:03:56.567111,0.000000,2.560196
3650.9310,2026-06-18T17:03:57.050208,0.000000,2.560500
3651.4246,2026-06-18T17:03:57.543835,0.000000,2.560616
3651.9268,2026-06-18T17:03:58.046014,0.000000,2.560900
3652.4014,2026-06-18T17:03:58.520574,0.000000,2.561216
3652.8992,2026-06-18T17:03:59.018460,0.000000,2.561804
3653.4027,2026-06-18T17:03:59.521876,0.000000,2.562760
3653.8976,2026-06-18T17:04:00.016793,0.000000,2.563632
3654.4051,2026-06-18T17:04:00.524337,0.000000,2.564452
3654.9052,2026-06-18T17:04:01.024459,0.000000,2.565276
3655.3951,2026-06-18T17:04:01.514289,0.000000,2.565612
3655.8571,2026-06-18T17:04:01.976298,0.000000,2.566088
3656.3599,2026-06-18T17:04:02.479107,0.000000,2.566580
3656.8510,2026-06-18T17:04:02.970168,0.000000,2.567192
3657.3454,2026-06-18T17:04:03.464642,0.000000,2.567868
3657.8249,2026-06-18T17:04:03.944065,0.000000,2.568452
3658.3191,2026-06-18T17:04:04.438362,0.000000,2.568932
3658.8353,2026-06-18T17:04:04.954506,0.000000,2.569152
3659.3317,2026-06-18T17:04:05.450887,0.000000,2.569728
3659.8110,2026-06-18T17:04:05.930188,0.000000,2.570652
3660.3017,2026-06-18T17:04:06.420874,0.000000,2.571576
3660.7989,2026-06-18T17:04:06.918095,0.000000,2.572468
3661.3036,2026-06-18T17:04:07.422849,0.000000,2.573468
3661.7991,2026-06-18T17:04:07.918316,0.000000,2.574192
3662.2989,2026-06-18T17:04:08.418079,0.000000,2.575084
3662.8311,2026-06-18T17:04:08.950276,0.000000,2.575832
3663.3256,2026-06-18T17:04:09.444791,0.000000,2.576428
3663.8235,2026-06-18T17:04:09.942672,0.000000,2.577192
3664.3115,2026-06-18T17:04:10.430674,0.000000,2.577820
3664.7956,2026-06-18T17:04:10.914777,0.000000,2.578668
3665.3013,2026-06-18T17:04:11.420531,0.000000,2.579364
3665.8052,2026-06-18T17:04:11.924476,0.000000,2.579896
3666.3287,2026-06-18T17:04:12.447955,0.000000,2.580288
3666.8081,2026-06-18T17:04:12.927332,0.000000,2.580968
3667.3102,2026-06-18T17:04:13.429372,0.000000,2.581668
3667.8097,2026-06-18T17:04:13.928934,0.000000,2.582140
3668.2998,2026-06-18T17:04:14.419044,0.000000,2.582656
3668.8024,2026-06-18T17:04:14.921583,0.000000,2.583032
3669.3015,2026-06-18T17:04:15.420714,0.000000,2.583664
3669.8187,2026-06-18T17:04:15.937900,0.000000,2.584604
3670.3170,2026-06-18T17:04:16.436178,0.000000,2.585640
3670.8188,2026-06-18T17:04:16.938063,0.000000,2.586780
3671.2917,2026-06-18T17:04:17.410915,0.000000,2.587532
3671.7895,2026-06-18T17:04:17.908750,0.000000,2.588200
3672.2893,2026-06-18T17:04:18.408493,0.000000,2.588736
3672.7872,2026-06-18T17:04:18.906397,0.000000,2.588984
3673.3139,2026-06-18T17:04:19.433078,0.000000,2.589424
3673.8080,2026-06-18T17:04:19.927250,0.000000,2.589596
3674.3023,2026-06-18T17:04:20.421513,0.000000,2.589640
3674.8070,2026-06-18T17:04:20.926196,0.000000,2.590208
3675.3070,2026-06-18T17:04:21.426185,0.000000,2.590792
3675.8019,2026-06-18T17:04:21.921071,0.000000,2.591632
3676.2621,2026-06-18T17:04:22.381294,0.000000,2.592600
3676.7644,2026-06-18T17:04:22.883647,0.000000,2.593232
3677.2746,2026-06-18T17:04:23.393767,0.000000,2.593480
3677.7738,2026-06-18T17:04:23.893008,0.000000,2.594016
3678.2711,2026-06-18T17:04:24.390341,0.000000,2.594464
3678.7751,2026-06-18T17:04:24.894357,0.000000,2.594840
3679.2352,2026-06-18T17:04:25.354369,0.000000,2.595348
3679.7015,2026-06-18T17:04:25.820746,0.000000,2.595680
3680.1977,2026-06-18T17:04:26.316867,0.000000,2.596104
3680.7035,2026-06-18T17:04:26.822706,0.000000,2.596712
3681.1846,2026-06-18T17:04:27.303849,0.000000,2.597560
3681.6851,2026-06-18T17:04:27.804328,0.000000,2.598320
3682.1869,2026-06-18T17:04:28.306114,0.000000,2.599248
3682.6858,2026-06-18T17:04:28.804980,0.000000,2.600120
3683.1743,2026-06-18T17:04:29.293507,0.000000,2.600948
3683.6690,2026-06-18T17:04:29.788172,0.000000,2.601956
3684.1391,2026-06-18T17:04:30.258307,0.000000,2.603120
3684.6324,2026-06-18T17:04:30.751618,0.000000,2.603884
3685.1393,2026-06-18T17:04:31.258521,0.000000,2.604776
3685.6318,2026-06-18T17:04:31.750988,0.000000,2.605320
3686.1441,2026-06-18T17:04:32.263346,0.000000,2.605576
3686.6428,2026-06-18T17:04:32.762026,0.000000,2.606172
3687.1476,2026-06-18T17:04:33.266837,0.000000,2.606492
3687.6439,2026-06-18T17:04:33.763087,0.000000,2.606876
3688.1435,2026-06-18T17:04:34.262719,0.000000,2.607368
3688.6223,2026-06-18T17:04:34.741517,0.000000,2.607656
3689.1262,2026-06-18T17:04:35.245396,0.000000,2.608248
3689.6461,2026-06-18T17:04:35.765331,0.000000,2.608784
3690.1412,2026-06-18T17:04:36.260437,0.000000,2.609304
3690.6050,2026-06-18T17:04:36.724177,0.000000,2.609888
3691.0966,2026-06-18T17:04:37.215792,0.000000,2.610408
3691.6023,2026-06-18T17:04:37.721467,0.000000,2.610592
3692.0868,2026-06-18T17:04:38.206013,0.000000,2.610624
3692.6232,2026-06-18T17:04:38.742421,0.000000,2.610772
3693.1117,2026-06-18T17:04:39.230879,0.000000,2.611148
3693.6118,2026-06-18T17:04:39.730979,0.000000,2.611672
3694.1162,2026-06-18T17:04:40.235456,0.000000,2.612532
3694.5874,2026-06-18T17:04:40.706646,0.000000,2.613248
3695.0823,2026-06-18T17:04:41.201494,0.000000,2.613760
3695.5852,2026-06-18T17:04:41.704407,0.000000,2.614812
3696.0620,2026-06-18T17:04:42.181178,0.000000,2.615524
3696.5480,2026-06-18T17:04:42.667208,0.000000,2.616348
3697.0497,2026-06-18T17:04:43.168947,0.000000,2.617220
3697.5560,2026-06-18T17:04:43.675193,0.000000,2.617892
3698.0601,2026-06-18T17:04:44.179320,0.000000,2.618488
3698.5650,2026-06-18T17:04:44.684185,0.000000,2.619152
3699.0611,2026-06-18T17:04:45.180304,0.000000,2.619792
3699.5239,2026-06-18T17:04:45.643113,0.000000,2.620572
3700.0117,2026-06-18T17:04:46.130876,0.000000,2.621180
3700.5037,2026-06-18T17:04:46.622867,0.000000,2.621900
3700.9949,2026-06-18T17:04:47.114149,0.000000,2.622380
3701.5125,2026-06-18T17:04:47.631685,0.000000,2.622820
3702.0099,2026-06-18T17:04:48.129137,0.000000,2.623456
3702.5099,2026-06-18T17:04:48.629114,0.000000,2.624164
3703.0118,2026-06-18T17:04:49.131006,0.000000,2.625052
3703.4667,2026-06-18T17:04:49.585950,0.000000,2.626036
3703.9718,2026-06-18T17:04:50.091021,0.000000,2.626704
3704.4683,2026-06-18T17:04:50.587533,0.000000,2.627436
3704.9765,2026-06-18T17:04:51.095725,0.000000,2.627748
3705.4707,2026-06-18T17:04:51.589887,0.000000,2.627868
3705.9742,2026-06-18T17:04:52.093443,0.000000,2.628116
3706.4746,2026-06-18T17:04:52.593806,0.000000,2.628352
3706.9790,2026-06-18T17:04:53.098190,0.000000,2.629012
3707.4767,2026-06-18T17:04:53.595948,0.000000,2.629472
3707.9759,2026-06-18T17:04:54.095136,0.000000,2.630112
3708.4799,2026-06-18T17:04:54.599063,0.000000,2.630736
3708.9660,2026-06-18T17:04:55.085238,0.000000,2.631308
3709.4487,2026-06-18T17:04:55.567912,0.000000,2.632048
3709.9322,2026-06-18T17:04:56.051378,0.000000,2.632472
3710.4286,2026-06-18T17:04:56.547845,0.000000,2.632984
3710.9347,2026-06-18T17:04:57.053869,0.000000,2.633196
3711.4287,2026-06-18T17:04:57.547938,0.000000,2.633592
3711.9317,2026-06-18T17:04:58.050898,0.000000,2.633988
3712.4312,2026-06-18T17:04:58.550460,0.000000,2.634448
3712.9312,2026-06-18T17:04:59.050450,0.000000,2.634728
3713.4601,2026-06-18T17:04:59.579294,0.000000,2.635304
3713.9587,2026-06-18T17:05:00.077893,0.000000,2.635624
3714.4573,2026-06-18T17:05:00.576496,0.000000,2.635940
3714.9604,2026-06-18T17:05:01.079648,0.000000,2.636740
3715.4509,2026-06-18T17:05:01.570160,0.000000,2.637008
3715.9481,2026-06-18T17:05:02.067363,0.000000,2.637568
3716.4637,2026-06-18T17:05:02.582910,0.000000,2.638076
3716.9643,2026-06-18T17:05:03.083467,0.000000,2.638156
3717.4572,2026-06-18T17:05:03.576383,0.000000,2.638476
3717.9454,2026-06-18T17:05:04.064649,0.000000,2.638568
3718.4415,2026-06-18T17:05:04.560716,0.000000,2.638468
3718.9354,2026-06-18T17:05:05.054623,0.000000,2.638820
3719.4295,2026-06-18T17:05:05.548711,0.000000,2.639016
3719.9509,2026-06-18T17:05:06.070122,0.000000,2.639388
3720.4445,2026-06-18T17:05:06.563739,0.000000,2.640100
3720.9449,2026-06-18T17:05:07.064136,0.000000,2.640892
3721.4262,2026-06-18T17:05:07.545368,0.000000,2.641860
3721.8762,2026-06-18T17:05:07.995386,0.000000,2.642840
3722.3723,2026-06-18T17:05:08.491495,0.000000,2.643316
3722.8705,2026-06-18T17:05:08.989757,0.000000,2.643784
3723.3765,2026-06-18T17:05:09.495763,0.000000,2.644088
3723.8836,2026-06-18T17:05:10.002772,0.000000,2.644228
3724.3949,2026-06-18T17:05:10.514111,0.000000,2.644836
3724.8781,2026-06-18T17:05:10.997345,0.000000,2.645196
3725.3454,2026-06-18T17:05:11.464633,0.000000,2.645844
3725.8365,2026-06-18T17:05:11.955674,0.000000,2.646436
3726.3345,2026-06-18T17:05:12.453710,0.000000,2.646760
3726.8268,2026-06-18T17:05:12.946052,0.000000,2.647332
3727.3073,2026-06-18T17:05:13.426474,0.000000,2.647436
3727.8015,2026-06-18T17:05:13.920708,0.000000,2.647748
3728.2677,2026-06-18T17:05:14.386919,0.000000,2.648316
3728.7654,2026-06-18T17:05:14.884630,0.000000,2.649028
3729.2769,2026-06-18T17:05:15.396094,0.000000,2.649840
3729.7871,2026-06-18T17:05:15.906269,0.000000,2.650440
3730.2748,2026-06-18T17:05:16.393985,0.000000,2.650432
3730.7711,2026-06-18T17:05:16.890284,0.000000,2.650208
3731.2669,2026-06-18T17:05:17.386128,0.000000,2.650176
3731.7404,2026-06-18T17:05:17.859643,0.000000,2.650476
3732.2403,2026-06-18T17:05:18.359475,0.000000,2.651352
3732.7289,2026-06-18T17:05:18.848137,0.000000,2.652232
3733.2512,2026-06-18T17:05:19.370437,0.000000,2.653000
3733.7467,2026-06-18T17:05:19.865949,0.000000,2.653588
3734.2441,2026-06-18T17:05:20.363312,0.000000,2.654068
3734.7481,2026-06-18T17:05:20.867313,0.000000,2.654260
3735.2389,2026-06-18T17:05:21.358132,0.000000,2.654608
3735.7399,2026-06-18T17:05:21.859105,0.000000,2.654824
3736.2324,2026-06-18T17:05:22.351576,0.000000,2.654924
3736.7605,2026-06-18T17:05:22.879671,0.000000,2.655240
3737.2555,2026-06-18T17:05:23.374688,0.000000,2.655244
3737.7555,2026-06-18T17:05:23.874676,0.000000,2.655548
3738.2271,2026-06-18T17:05:24.346262,0.000000,2.655688
3738.7283,2026-06-18T17:05:24.847483,0.000000,2.656144
3739.2270,2026-06-18T17:05:25.346248,0.000000,2.656436
3739.7186,2026-06-18T17:05:25.837837,0.000000,2.656868
3740.2481,2026-06-18T17:05:26.367260,0.000000,2.657208
3740.7394,2026-06-18T17:05:26.858586,0.000000,2.657388
3741.2418,2026-06-18T17:05:27.361037,0.000000,2.657868
3741.7374,2026-06-18T17:05:27.856577,0.000000,2.658312
3742.2269,2026-06-18T17:05:28.346132,0.000000,2.658812
3742.7290,2026-06-18T17:05:28.848234,0.000000,2.659368
3743.2116,2026-06-18T17:05:29.330799,0.000000,2.659828
3743.7435,2026-06-18T17:05:29.862681,0.000000,2.660368
3744.2386,2026-06-18T17:05:30.357800,0.000000,2.660912
3744.7050,2026-06-18T17:05:30.824242,0.000000,2.661308
3745.1614,2026-06-18T17:05:31.280633,0.000000,2.661860
3745.6596,2026-06-18T17:05:31.778771,0.000000,2.662232
3746.1615,2026-06-18T17:05:32.280687,0.000000,2.662628
3746.6430,2026-06-18T17:05:32.762228,0.000000,2.663032
3747.1320,2026-06-18T17:05:33.251241,0.000000,2.663296
3747.5969,2026-06-18T17:05:33.716122,0.000000,2.663732
3748.0928,2026-06-18T17:05:34.211987,0.000000,2.664184
3748.5883,2026-06-18T17:05:34.707542,0.000000,2.664456
3749.0775,2026-06-18T17:05:35.196730,0.000000,2.664512
3749.5737,2026-06-18T17:05:35.692958,0.000000,2.664444
3750.0623,2026-06-18T17:05:36.181483,0.000000,2.664432
3750.5637,2026-06-18T17:05:36.682902,0.000000,2.664360
3751.0643,2026-06-18T17:05:37.183541,0.000000,2.664368
3751.5613,2026-06-18T17:05:37.680502,0.000000,2.664672
3752.0511,2026-06-18T17:05:38.170345,0.000000,2.665088
3752.5435,2026-06-18T17:05:38.662668,0.000000,2.665488
3753.0518,2026-06-18T17:05:39.171026,0.000000,2.665756
3753.5420,2026-06-18T17:05:39.661216,0.000000,2.665884
3754.0303,2026-06-18T17:05:40.149508,0.000000,2.665884
3754.5303,2026-06-18T17:05:40.649519,0.000000,2.665804
3755.0055,2026-06-18T17:05:41.124677,0.000000,2.666032
3755.4928,2026-06-18T17:05:41.612029,0.000000,2.666364
3755.9703,2026-06-18T17:05:42.089487,0.000000,2.666384
3756.4345,2026-06-18T17:05:42.553717,0.000000,2.666556
3756.9038,2026-06-18T17:05:43.022980,0.000000,2.666820
3757.3831,2026-06-18T17:05:43.502361,0.000000,2.666980
3757.8742,2026-06-18T17:05:43.993404,0.000000,2.667596
3758.3663,2026-06-18T17:05:44.485477,0.000000,2.668180
3758.8887,2026-06-18T17:05:45.007866,0.000000,2.668628
3759.3678,2026-06-18T17:05:45.487032,0.000000,2.668980
3759.8435,2026-06-18T17:05:45.962699,0.000000,2.668980
3760.3111,2026-06-18T17:05:46.430263,0.000000,2.668860
3760.8065,2026-06-18T17:05:46.925743,0.000000,2.668996
3761.3027,2026-06-18T17:05:47.421917,0.000000,2.669000
3761.7927,2026-06-18T17:05:47.911942,0.000000,2.669320
3762.2867,2026-06-18T17:05:48.405943,0.000000,2.669992
3762.7888,2026-06-18T17:05:48.908036,0.000000,2.670464
3763.2843,2026-06-18T17:05:49.403533,0.000000,2.670916
3763.7966,2026-06-18T17:05:49.915810,0.000000,2.671328
3764.2911,2026-06-18T17:05:50.410266,0.000000,2.671600
3764.7879,2026-06-18T17:05:50.907111,0.000000,2.671836
3765.2883,2026-06-18T17:05:51.407549,0.000000,2.672176
3765.7869,2026-06-18T17:05:51.906144,0.000000,2.672332
3766.2759,2026-06-18T17:05:52.395099,0.000000,2.672488
3766.7407,2026-06-18T17:05:52.859876,0.000000,2.672648
3767.2194,2026-06-18T17:05:53.338567,0.000000,2.672784
3767.6964,2026-06-18T17:05:53.815594,0.000000,2.673100
3768.1846,2026-06-18T17:05:54.303851,0.000000,2.672912
3768.6655,2026-06-18T17:05:54.784698,0.000000,2.672832
3769.1892,2026-06-18T17:05:55.308424,0.000000,2.672472
3769.6674,2026-06-18T17:05:55.786645,0.000000,2.672212
3770.1517,2026-06-18T17:05:56.270921,0.000000,2.672356
3770.6262,2026-06-18T17:05:56.745409,0.000000,2.672796
3771.0937,2026-06-18T17:05:57.212938,0.000000,2.673316
3771.5944,2026-06-18T17:05:57.713612,0.000000,2.673792
3772.0886,2026-06-18T17:05:58.207819,0.000000,2.674264
3772.5885,2026-06-18T17:05:58.707711,0.000000,2.674556
3773.0634,2026-06-18T17:05:59.182612,0.000000,2.674816
3773.5345,2026-06-18T17:05:59.653728,0.000000,2.675320
3774.0244,2026-06-18T17:06:00.143637,0.000000,2.675952
3774.4944,2026-06-18T17:06:00.613661,0.000000,2.676424
3774.9736,2026-06-18T17:06:01.092823,0.000000,2.676928
3775.4652,2026-06-18T17:06:01.584443,0.000000,2.676920
3775.9829,2026-06-18T17:06:02.102131,0.000000,2.676852
3776.4775,2026-06-18T17:06:02.596742,0.000000,2.676884
3776.9762,2026-06-18T17:06:03.095410,0.000000,2.677044
3777.4720,2026-06-18T17:06:03.591202,0.000000,2.677392
3777.9768,2026-06-18T17:06:04.095971,0.000000,2.677632
3778.4526,2026-06-18T17:06:04.571846,0.000000,2.677656
3778.9570,2026-06-18T17:06:05.076198,0.000000,2.677876
3779.4330,2026-06-18T17:06:05.552222,0.000000,2.677984
3779.9321,2026-06-18T17:06:06.051253,0.000000,2.678008
3780.4187,2026-06-18T17:06:06.537891,0.000000,2.678500
3780.9134,2026-06-18T17:06:07.032596,0.000000,2.678632
3781.4039,2026-06-18T17:06:07.523139,0.000000,2.679060
3781.9074,2026-06-18T17:06:08.026610,0.000000,2.679192
3782.4063,2026-06-18T17:06:08.525480,0.000000,2.679264
3782.9290,2026-06-18T17:06:09.048199,0.000000,2.679400
3783.4075,2026-06-18T17:06:09.526681,0.000000,2.679044
3783.8929,2026-06-18T17:06:10.012092,0.000000,2.678888
3784.4041,2026-06-18T17:06:10.523339,0.000000,2.678400
3784.9083,2026-06-18T17:06:11.027474,0.000000,2.677892
3785.3787,2026-06-18T17:06:11.497880,0.000000,2.677988
3785.8761,2026-06-18T17:06:11.995275,0.000000,2.678296
3786.3584,2026-06-18T17:06:12.477625,0.000000,2.678460
3786.8929,2026-06-18T17:06:13.012088,0.000000,2.678716
3787.3902,2026-06-18T17:06:13.509397,0.000000,2.678832
3787.8886,2026-06-18T17:06:14.007797,0.000000,2.679048
3788.3758,2026-06-18T17:06:14.494975,0.000000,2.679612
3788.8689,2026-06-18T17:06:14.988076,0.000000,2.680032
3789.3676,2026-06-18T17:06:15.486776,0.000000,2.680492
3789.8213,2026-06-18T17:06:15.940509,0.000000,2.680948
3790.3107,2026-06-18T17:06:16.429896,0.000000,2.680904
3790.7818,2026-06-18T17:06:16.901057,0.000000,2.681056
3791.2827,2026-06-18T17:06:17.401980,0.000000,2.680972
3791.7982,2026-06-18T17:06:17.917427,0.000000,2.680768
3792.2903,2026-06-18T17:06:18.409525,0.000000,2.681240
3792.7871,2026-06-18T17:06:18.906332,0.000000,2.681520
3793.2879,2026-06-18T17:06:19.407127,0.000000,2.681860
3793.7473,2026-06-18T17:06:19.866500,0.000000,2.682316
3794.2493,2026-06-18T17:06:20.368475,0.000000,2.682232
3794.7355,2026-06-18T17:06:20.854728,0.000000,2.682092
3795.2302,2026-06-18T17:06:21.349372,0.000000,2.682128
3795.7196,2026-06-18T17:06:21.838835,0.000000,2.681864
3796.2136,2026-06-18T17:06:22.332777,0.000000,2.681976
3796.7352,2026-06-18T17:06:22.854375,0.000000,2.681936
3797.2267,2026-06-18T17:06:23.345891,0.000000,2.682376
3797.7346,2026-06-18T17:06:23.853798,0.000000,2.682824
3798.2197,2026-06-18T17:06:24.338891,0.000000,2.682960
3798.7157,2026-06-18T17:06:24.834866,0.000000,2.683120
3799.2109,2026-06-18T17:06:25.330145,0.000000,2.682936
3799.7117,2026-06-18T17:06:25.830943,0.000000,2.682484
3800.2303,2026-06-18T17:06:26.349470,0.000000,2.682264
3800.7341,2026-06-18T17:06:26.853330,0.000000,2.682168
3801.2302,2026-06-18T17:06:27.349434,0.000000,2.682132
3801.7092,2026-06-18T17:06:27.828383,0.000000,2.682288
3802.2102,2026-06-18T17:06:28.329437,0.000000,2.682304
3802.7151,2026-06-18T17:06:28.834361,0.000000,2.682432
3803.2079,2026-06-18T17:06:29.327146,0.000000,2.682560
3803.7081,2026-06-18T17:06:29.827267,0.000000,2.682852
3804.2025,2026-06-18T17:06:30.321706,0.000000,2.683336
3804.6774,2026-06-18T17:06:30.796642,0.000000,2.683496
3805.1767,2026-06-18T17:06:31.295914,0.000000,2.683428
3805.6797,2026-06-18T17:06:31.798918,0.000000,2.683092
3806.1771,2026-06-18T17:06:32.296275,0.000000,2.682528
3806.6732,2026-06-18T17:06:32.792415,0.000000,2.681952
3807.1657,2026-06-18T17:06:33.284906,0.000000,2.681628
3807.6574,2026-06-18T17:06:33.776643,0.000000,2.681444
3808.1774,2026-06-18T17:06:34.296575,0.000000,2.681424
3808.6457,2026-06-18T17:06:34.764941,0.000000,2.681420
3809.1484,2026-06-18T17:06:35.267593,0.000000,2.681432
3809.6384,2026-06-18T17:06:35.757620,0.000000,2.681480
3810.1356,2026-06-18T17:06:36.254812,0.000000,2.681444
3810.6349,2026-06-18T17:06:36.754111,0.000000,2.681412
3811.1338,2026-06-18T17:06:37.253021,0.000000,2.681448
3811.6567,2026-06-18T17:06:37.775957,0.000000,2.681488
3812.1524,2026-06-18T17:06:38.271660,0.000000,2.681672
3812.6499,2026-06-18T17:06:38.769092,0.000000,2.681720
3813.1528,2026-06-18T17:06:39.271993,0.000000,2.681652
3813.6508,2026-06-18T17:06:39.770060,0.000000,2.681268
3814.1613,2026-06-18T17:06:40.280489,0.000000,2.681020
3814.6566,2026-06-18T17:06:40.775809,0.000000,2.681104
3815.1775,2026-06-18T17:06:41.296748,0.000000,2.681300
3815.6720,2026-06-18T17:06:41.791180,0.000000,2.681704
3816.1765,2026-06-18T17:06:42.295746,0.000000,2.681764
3816.6764,2026-06-18T17:06:42.795636,0.000000,2.681592
3817.1782,2026-06-18T17:06:43.297411,0.000000,2.681580
3817.6480,2026-06-18T17:06:43.767159,0.000000,2.681576
3818.1468,2026-06-18T17:06:44.266000,0.000000,2.681396
3818.6763,2026-06-18T17:06:44.795557,0.000000,2.681368
3819.1701,2026-06-18T17:06:45.289309,0.000000,2.680952
3819.6773,2026-06-18T17:06:45.796458,0.000000,2.680428
3820.1670,2026-06-18T17:06:46.286240,0.000000,2.680224
3820.6438,2026-06-18T17:06:46.762967,0.000000,2.680088
3821.1365,2026-06-18T17:06:47.255703,0.000000,2.679844
3821.6310,2026-06-18T17:06:47.750252,0.000000,2.679844
3822.1091,2026-06-18T17:06:48.228332,0.000000,2.679812
3822.5928,2026-06-18T17:06:48.712010,0.000000,2.679856
3823.0899,2026-06-18T17:06:49.209065,0.000000,2.680036
3823.5972,2026-06-18T17:06:49.716436,0.000000,2.680032
3824.0882,2026-06-18T17:06:50.207460,0.000000,2.679844
3824.5969,2026-06-18T17:06:50.716131,0.000000,2.679592
3825.0967,2026-06-18T17:06:51.215900,0.000000,2.679412
3825.6139,2026-06-18T17:06:51.733150,0.000000,2.679288
3826.1120,2026-06-18T17:06:52.231201,0.000000,2.679344
3826.6108,2026-06-18T17:06:52.730060,0.000000,2.679352
3827.1175,2026-06-18T17:06:53.236705,0.000000,2.679044
3827.6135,2026-06-18T17:06:53.732676,0.000000,2.678960
3828.0688,2026-06-18T17:06:54.187975,0.000000,2.678556
3828.5592,2026-06-18T17:06:54.678424,0.000000,2.678496
3829.0178,2026-06-18T17:06:55.136998,0.000000,2.678284
3829.5174,2026-06-18T17:06:55.636586,0.000000,2.678132
3830.0067,2026-06-18T17:06:56.125907,0.000000,2.678316
3830.5236,2026-06-18T17:06:56.642834,0.000000,2.678004
3831.0130,2026-06-18T17:06:57.132164,0.000000,2.678152
3831.5065,2026-06-18T17:06:57.625668,0.000000,2.678096
3832.0077,2026-06-18T17:06:58.126949,0.000000,2.677708
3832.4924,2026-06-18T17:06:58.611576,0.000000,2.677732
3832.9866,2026-06-18T17:06:59.105786,0.000000,2.677860
3833.4829,2026-06-18T17:06:59.602080,0.000000,2.678056
3833.9665,2026-06-18T17:07:00.085701,0.000000,2.678276
3834.4468,2026-06-18T17:07:00.565991,0.000000,2.678008
3834.9280,2026-06-18T17:07:01.047218,0.000000,2.677776
3835.4177,2026-06-18T17:07:01.536920,0.000000,2.677156
3835.8876,2026-06-18T17:07:02.006774,0.000000,2.676532
3836.3877,2026-06-18T17:07:02.506890,0.000000,2.676524
3836.8640,2026-06-18T17:07:02.983204,0.000000,2.676148
3837.3624,2026-06-18T17:07:03.481615,0.000000,2.676232
3837.8255,2026-06-18T17:07:03.944728,0.000000,2.676584
3838.2786,2026-06-18T17:07:04.397829,0.000000,2.676808
3838.7712,2026-06-18T17:07:04.890378,0.000000,2.676928
3839.2716,2026-06-18T17:07:05.390770,0.000000,2.676876
3839.7362,2026-06-18T17:07:05.855446,0.000000,2.676836
3840.2338,2026-06-18T17:07:06.353055,0.000000,2.676632
3840.7000,2026-06-18T17:07:06.819209,0.000000,2.676380
3841.2005,2026-06-18T17:07:07.319762,0.000000,2.676624
3841.7302,2026-06-18T17:07:07.849402,0.000000,2.676856
3842.2253,2026-06-18T17:07:08.344525,0.000000,2.677096
3842.7131,2026-06-18T17:07:08.832262,0.000000,2.677152
3843.2024,2026-06-18T17:07:09.321630,0.000000,2.676888
3843.7064,2026-06-18T17:07:09.825591,0.000000,2.676124
3844.2090,2026-06-18T17:07:10.328196,0.000000,2.675324
3844.7132,2026-06-18T17:07:10.832367,0.000000,2.674996
3845.2279,2026-06-18T17:07:11.347134,0.000000,2.674864
3845.7226,2026-06-18T17:07:11.841825,0.000000,2.674868
3846.2257,2026-06-18T17:07:12.344879,0.000000,2.674852
3846.7279,2026-06-18T17:07:12.847094,0.000000,2.674404
3847.2299,2026-06-18T17:07:13.349131,0.000000,2.674408
3847.7381,2026-06-18T17:07:13.857338,0.000000,2.674384
3848.2482,2026-06-18T17:07:14.367465,0.000000,2.674260
3848.7523,2026-06-18T17:07:14.871529,0.000000,2.674292
3849.2557,2026-06-18T17:07:15.374930,0.000000,2.673820
3849.7397,2026-06-18T17:07:15.858922,0.000000,2.673548
3850.2269,2026-06-18T17:07:16.346098,0.000000,2.673792
3850.7229,2026-06-18T17:07:16.842103,0.000000,2.674008
3851.2249,2026-06-18T17:07:17.344104,0.000000,2.674644
3851.7244,2026-06-18T17:07:17.843614,0.000000,2.675004
3852.2387,2026-06-18T17:07:18.357946,0.000000,2.674964
3852.7074,2026-06-18T17:07:18.826619,0.000000,2.674812
3853.2093,2026-06-18T17:07:19.328482,0.000000,2.674188
3853.7065,2026-06-18T17:07:19.825737,0.000000,2.673688
3854.2089,2026-06-18T17:07:20.328085,0.000000,2.673352
3854.7065,2026-06-18T17:07:20.825712,0.000000,2.672960
3855.2114,2026-06-18T17:07:21.330589,0.000000,2.672792
3855.7067,2026-06-18T17:07:21.825878,0.000000,2.672540
3856.2048,2026-06-18T17:07:22.323993,0.000000,2.672204
3856.7300,2026-06-18T17:07:22.849222,0.000000,2.672012
3857.2348,2026-06-18T17:07:23.353976,0.000000,2.671768
3857.7346,2026-06-18T17:07:23.853798,0.000000,2.671512
3858.2127,2026-06-18T17:07:24.331909,0.000000,2.671732
3858.7060,2026-06-18T17:07:24.825200,0.000000,2.671656
3859.2277,2026-06-18T17:07:25.346949,0.000000,2.671536
3859.7296,2026-06-18T17:07:25.848860,0.000000,2.671376
3860.2227,2026-06-18T17:07:26.341912,0.000000,2.671104
3860.7296,2026-06-18T17:07:26.848793,0.000000,2.671008
3861.2186,2026-06-18T17:07:27.337819,0.000000,2.671240
3861.7005,2026-06-18T17:07:27.819720,0.000000,2.671480
3862.1677,2026-06-18T17:07:28.286912,0.000000,2.671300
3862.6586,2026-06-18T17:07:28.777790,0.000000,2.671148
3863.1360,2026-06-18T17:07:29.255228,0.000000,2.670888
3863.6597,2026-06-18T17:07:29.778905,0.000000,2.670760
3864.1558,2026-06-18T17:07:30.275029,0.000000,2.670524
3864.6578,2026-06-18T17:07:30.776991,0.000000,2.670108
3865.1595,2026-06-18T17:07:31.278717,0.000000,2.669984
3865.6511,2026-06-18T17:07:31.770303,0.000000,2.669608
3866.1464,2026-06-18T17:07:32.265571,0.000000,2.669496
3866.6470,2026-06-18T17:07:32.766216,0.000000,2.669740
3867.1813,2026-06-18T17:07:33.300525,0.000000,2.669644
3867.6714,2026-06-18T17:07:33.790592,0.000000,2.669488
3868.1761,2026-06-18T17:07:34.295272,0.000000,2.669460
3868.6734,2026-06-18T17:07:34.792657,0.000000,2.669156
3869.1704,2026-06-18T17:07:35.289659,0.000000,2.668764
3869.6752,2026-06-18T17:07:35.794452,0.000000,2.668240
3870.2045,2026-06-18T17:07:36.323753,0.000000,2.667696
3870.6786,2026-06-18T17:07:36.797767,0.000000,2.667368
3871.1780,2026-06-18T17:07:37.297229,0.000000,2.666984
3871.6695,2026-06-18T17:07:37.788678,0.000000,2.666976
3872.1567,2026-06-18T17:07:38.275918,0.000000,2.667188
3872.6523,2026-06-18T17:07:38.771550,0.000000,2.667376
3873.1213,2026-06-18T17:07:39.240545,0.000000,2.667412
3873.6213,2026-06-18T17:07:39.740475,0.000000,2.667460
3874.1437,2026-06-18T17:07:40.262954,0.000000,2.667288
3874.6334,2026-06-18T17:07:40.752657,0.000000,2.666868
3875.1336,2026-06-18T17:07:41.252860,0.000000,2.666676
3875.6230,2026-06-18T17:07:41.742260,0.000000,2.666212
3876.1020,2026-06-18T17:07:42.221193,0.000000,2.665888
3876.5632,2026-06-18T17:07:42.682442,0.000000,2.665732
3877.0666,2026-06-18T17:07:43.185850,0.000000,2.665416
3877.5656,2026-06-18T17:07:43.684878,0.000000,2.665184
3878.0717,2026-06-18T17:07:44.190864,0.000000,2.664908
3878.5678,2026-06-18T17:07:44.686972,0.000000,2.664708
3879.0710,2026-06-18T17:07:45.190198,0.000000,2.664712
3879.5505,2026-06-18T17:07:45.669671,0.000000,2.664928
3880.0462,2026-06-18T17:07:46.165464,0.000000,2.665212
3880.5330,2026-06-18T17:07:46.652181,0.000000,2.665408
3881.0002,2026-06-18T17:07:47.119370,0.000000,2.665440
3881.4911,2026-06-18T17:07:47.610298,0.000000,2.665696
3881.9874,2026-06-18T17:07:48.106639,0.000000,2.665756
3882.4876,2026-06-18T17:07:48.606827,0.000000,2.665748
3883.0070,2026-06-18T17:07:49.126196,0.000000,2.665704
3883.4989,2026-06-18T17:07:49.618154,0.000000,2.665308
3883.9963,2026-06-18T17:07:50.115475,0.000000,2.665328
3884.4831,2026-06-18T17:07:50.602342,0.000000,2.665208
3884.9794,2026-06-18T17:07:51.098617,0.000000,2.665288
3885.4813,2026-06-18T17:07:51.600505,0.000000,2.665500
3885.9730,2026-06-18T17:07:52.092180,0.000000,2.665388
3886.4645,2026-06-18T17:07:52.583695,0.000000,2.665220
3886.9934,2026-06-18T17:07:53.112571,0.000000,2.665288
3887.4974,2026-06-18T17:07:53.616661,0.000000,2.664968
3887.9930,2026-06-18T17:07:54.112221,0.000000,2.664716
3888.4879,2026-06-18T17:07:54.607162,0.000000,2.664548
3888.9813,2026-06-18T17:07:55.100509,0.000000,2.664348
3889.4727,2026-06-18T17:07:55.591888,0.000000,2.664196
3889.9258,2026-06-18T17:07:56.045026,0.000000,2.663932
3890.4341,2026-06-18T17:07:56.553321,0.000000,2.663780
3890.8851,2026-06-18T17:07:57.004290,0.000000,2.663676
3891.3810,2026-06-18T17:07:57.500275,0.000000,2.663444
3891.8529,2026-06-18T17:07:57.972153,0.000000,2.663384
3892.3492,2026-06-18T17:07:58.468453,0.000000,2.663568
3892.8711,2026-06-18T17:07:58.990269,0.000000,2.663496
3893.3665,2026-06-18T17:07:59.485720,0.000000,2.663388
3893.8646,2026-06-18T17:07:59.983785,0.000000,2.663548
3894.3670,2026-06-18T17:08:00.486188,0.000000,2.663356
3894.8644,2026-06-18T17:08:00.983639,0.000000,2.663100
3895.3611,2026-06-18T17:08:01.480317,0.000000,2.663168
3895.8600,2026-06-18T17:08:01.979247,0.000000,2.663040
3896.3771,2026-06-18T17:08:02.496284,0.000000,2.662836
3896.8772,2026-06-18T17:08:02.996409,0.000000,2.662820
3897.3544,2026-06-18T17:08:03.473650,0.000000,2.662928
3897.8274,2026-06-18T17:08:03.946656,0.000000,2.662768
3898.3278,2026-06-18T17:08:04.447056,0.000000,2.662880
3898.8203,2026-06-18T17:08:04.939485,0.000000,2.662820
3899.3214,2026-06-18T17:08:05.440630,0.000000,2.662724
3899.8223,2026-06-18T17:08:05.941504,0.000000,2.662544
3900.3037,2026-06-18T17:08:06.422919,0.000000,2.662572
3900.8229,2026-06-18T17:08:06.942110,0.000000,2.662604
3901.3048,2026-06-18T17:08:07.423986,0.000000,2.662444
3901.7701,2026-06-18T17:08:07.889318,0.000000,2.662772
3902.2645,2026-06-18T17:08:08.383745,0.000000,2.662768
3902.7636,2026-06-18T17:08:08.882864,0.000000,2.662844
3903.2687,2026-06-18T17:08:09.387886,0.000000,2.663092
3903.7544,2026-06-18T17:08:09.873630,0.000000,2.662880
3904.2464,2026-06-18T17:08:10.365643,0.000000,2.662692
3904.7479,2026-06-18T17:08:10.867077,0.000000,2.662320
3905.2362,2026-06-18T17:08:11.355453,0.000000,2.661856
3905.7438,2026-06-18T17:08:11.862968,0.000000,2.661740
3906.2351,2026-06-18T17:08:12.354326,0.000000,2.661592
3906.7419,2026-06-18T17:08:12.861138,0.000000,2.661440
3907.2360,2026-06-18T17:08:13.355202,0.000000,2.661336
3907.7424,2026-06-18T17:08:13.861654,0.000000,2.661196
3908.2466,2026-06-18T17:08:14.365810,0.000000,2.660904
3908.7706,2026-06-18T17:08:14.889861,0.000000,2.661020
3909.2690,2026-06-18T17:08:15.388205,0.000000,2.660880
3909.7707,2026-06-18T17:08:15.889860,0.000000,2.660792
3910.2986,2026-06-18T17:08:16.417785,0.000000,2.660880
3910.7944,2026-06-18T17:08:16.913631,0.000000,2.660684
3911.2946,2026-06-18T17:08:17.413840,0.000000,2.660780
3911.7835,2026-06-18T17:08:17.902668,0.000000,2.660692
3912.2795,2026-06-18T17:08:18.398764,0.000000,2.660684
3912.7801,2026-06-18T17:08:18.899289,0.000000,2.660588
3913.2491,2026-06-18T17:08:19.368331,0.000000,2.660396
3913.7328,2026-06-18T17:08:19.852082,0.000000,2.660500
3914.2326,2026-06-18T17:08:20.351796,0.000000,2.660460
3914.7265,2026-06-18T17:08:20.845688,0.000000,2.660560
3915.2486,2026-06-18T17:08:21.367833,0.000000,2.660924
3915.7275,2026-06-18T17:08:21.846758,0.000000,2.660880
3916.2282,2026-06-18T17:08:22.347385,0.000000,2.660696
3916.7251,2026-06-18T17:08:22.844344,0.000000,2.660488
3917.2216,2026-06-18T17:08:23.340791,0.000000,2.660216
3917.7142,2026-06-18T17:08:23.833464,0.000000,2.660308
3918.2166,2026-06-18T17:08:24.335855,0.000000,2.660484
3918.7086,2026-06-18T17:08:24.827793,0.000000,2.660660
3919.2384,2026-06-18T17:08:25.357625,0.000000,2.660844
3919.7383,2026-06-18T17:08:25.857475,0.000000,2.660820
3920.2353,2026-06-18T17:08:26.354528,0.000000,2.660872
3920.7298,2026-06-18T17:08:26.849041,0.000000,2.661024
3921.2270,2026-06-18T17:08:27.346237,0.000000,2.661088
3921.7279,2026-06-18T17:08:27.847074,0.000000,2.661200
3922.2212,2026-06-18T17:08:28.340450,0.000000,2.661404
3922.7463,2026-06-18T17:08:28.865526,0.000000,2.661368
3923.2324,2026-06-18T17:08:29.351657,0.000000,2.661224
3923.7377,2026-06-18T17:08:29.856917,0.000000,2.661320
3924.2266,2026-06-18T17:08:30.345826,0.000000,2.661164
3924.7145,2026-06-18T17:08:30.833730,0.000000,2.661276
3925.2137,2026-06-18T17:08:31.332958,0.000000,2.661212
3925.7169,2026-06-18T17:08:31.836119,0.000000,2.661108
3926.2450,2026-06-18T17:08:32.364194,0.000000,2.660876
3926.7303,2026-06-18T17:08:32.849506,0.000000,2.660472
3927.2284,2026-06-18T17:08:33.347592,0.000000,2.660224
3927.7293,2026-06-18T17:08:33.848497,0.000000,2.659820
3928.2126,2026-06-18T17:08:34.331812,0.000000,2.659732
3928.6977,2026-06-18T17:08:34.816952,0.000000,2.659696
3929.1924,2026-06-18T17:08:35.311646,0.000000,2.659632
3929.6981,2026-06-18T17:08:35.817270,0.000000,2.659812
3930.2107,2026-06-18T17:08:36.329908,0.000000,2.659904
3930.7144,2026-06-18T17:08:36.833626,0.000000,2.659764
3931.2091,2026-06-18T17:08:37.328342,0.000000,2.659532
3931.7086,2026-06-18T17:08:37.827819,0.000000,2.659240
3932.2127,2026-06-18T17:08:38.331885,0.000000,2.659072
3932.7081,2026-06-18T17:08:38.827320,0.000000,2.659264
3933.2138,2026-06-18T17:08:39.333004,0.000000,2.659328
3933.7252,2026-06-18T17:08:39.844460,0.000000,2.659440
3934.2309,2026-06-18T17:08:40.350102,0.000000,2.659380
3934.7030,2026-06-18T17:08:40.822245,0.000000,2.659132
3935.2064,2026-06-18T17:08:41.325592,0.000000,2.658920
3935.6711,2026-06-18T17:08:41.790324,0.000000,2.658728
3936.1648,2026-06-18T17:08:42.284005,0.000000,2.658348
3936.6612,2026-06-18T17:08:42.780450,0.000000,2.658144
3937.1524,2026-06-18T17:08:43.271636,0.000000,2.657996
3937.6451,2026-06-18T17:08:43.764335,0.000000,2.658080
3938.1475,2026-06-18T17:08:44.266674,0.000000,2.658140
3938.6420,2026-06-18T17:08:44.761169,0.000000,2.657916
3939.1499,2026-06-18T17:08:45.269114,0.000000,2.658168
3939.6294,2026-06-18T17:08:45.748634,0.000000,2.657996
3940.1218,2026-06-18T17:08:46.241011,0.000000,2.658004
3940.6168,2026-06-18T17:08:46.736006,0.000000,2.658164
3941.1163,2026-06-18T17:08:47.235534,0.000000,2.658012
3941.6145,2026-06-18T17:08:47.733731,0.000000,2.657588
3942.1314,2026-06-18T17:08:48.250568,0.000000,2.657172
3942.6271,2026-06-18T17:08:48.746356,0.000000,2.657028
3943.1370,2026-06-18T17:08:49.256221,0.000000,2.656980
3943.6297,2026-06-18T17:08:49.748904,0.000000,2.657264
3944.1293,2026-06-18T17:08:50.248477,0.000000,2.657600
3944.6309,2026-06-18T17:08:50.750077,0.000000,2.657488
3945.1482,2026-06-18T17:08:51.267414,0.000000,2.657224
3945.6447,2026-06-18T17:08:51.763931,0.000000,2.657196
3946.1407,2026-06-18T17:08:52.259932,0.000000,2.657276
3946.6353,2026-06-18T17:08:52.754565,0.000000,2.657312
3947.1338,2026-06-18T17:08:53.252990,0.000000,2.657308
3947.6277,2026-06-18T17:08:53.746912,0.000000,2.656976
3948.1183,2026-06-18T17:08:54.237487,0.000000,2.656660
3948.6176,2026-06-18T17:08:54.736826,0.000000,2.656604
3949.1475,2026-06-18T17:08:55.266686,0.000000,2.656468
3949.6496,2026-06-18T17:08:55.768777,0.000000,2.656776
3950.1430,2026-06-18T17:08:56.262205,0.000000,2.656728
3950.6475,2026-06-18T17:08:56.766738,0.000000,2.656456
3951.1432,2026-06-18T17:08:57.262429,0.000000,2.656508
3951.6380,2026-06-18T17:08:57.757240,0.000000,2.656220
3952.1589,2026-06-18T17:08:58.278101,0.000000,2.656188
3952.6588,2026-06-18T17:08:58.777971,0.000000,2.656072
3953.1542,2026-06-18T17:08:59.273415,0.000000,2.655824
3953.6587,2026-06-18T17:08:59.777909,0.000000,2.655920
3954.1472,2026-06-18T17:09:00.266447,0.000000,2.655824
3954.6487,2026-06-18T17:09:00.767887,0.000000,2.656096
3955.1424,2026-06-18T17:09:01.261617,0.000000,2.656136
3955.6670,2026-06-18T17:09:01.786239,0.000000,2.655836
3956.1627,2026-06-18T17:09:02.281919,0.000000,2.655844
3956.6670,2026-06-18T17:09:02.786257,0.000000,2.655832
3957.1707,2026-06-18T17:09:03.289961,0.000000,2.656064
3957.6842,2026-06-18T17:09:03.803402,0.000000,2.656636
3958.1919,2026-06-18T17:09:04.311136,0.000000,2.656556
3958.6874,2026-06-18T17:09:04.806627,0.000000,2.656256
3959.1905,2026-06-18T17:09:05.309682,0.000000,2.655944
3959.6918,2026-06-18T17:09:05.810984,0.000000,2.655320
3960.1807,2026-06-18T17:09:06.299873,0.000000,2.655000
3960.7050,2026-06-18T17:09:06.824262,0.000000,2.654728
3961.1973,2026-06-18T17:09:07.316551,0.000000,2.654568
3961.6891,2026-06-18T17:09:07.808275,0.000000,2.654456
3962.1916,2026-06-18T17:09:08.310805,0.000000,2.654148
3962.6903,2026-06-18T17:09:08.809554,0.000000,2.654228
3963.1915,2026-06-18T17:09:09.310681,0.000000,2.653940
3963.6836,2026-06-18T17:09:09.802833,0.000000,2.653612
3964.1886,2026-06-18T17:09:10.307761,0.000000,2.653580
3964.6900,2026-06-18T17:09:10.809242,0.000000,2.653280
3965.1898,2026-06-18T17:09:11.308977,0.000000,2.653368
3965.7101,2026-06-18T17:09:11.829355,0.000000,2.653628
3966.2177,2026-06-18T17:09:12.336911,0.000000,2.654096
3966.7178,2026-06-18T17:09:12.836986,0.000000,2.654356
3967.2103,2026-06-18T17:09:13.329488,0.000000,2.654292
3967.6933,2026-06-18T17:09:13.812537,0.000000,2.654120
3968.1885,2026-06-18T17:09:14.307682,0.000000,2.653740
3968.6797,2026-06-18T17:09:14.798936,0.000000,2.653812
3969.1819,2026-06-18T17:09:15.301072,0.000000,2.653804
3969.6832,2026-06-18T17:09:15.802397,0.000000,2.653684
3970.1812,2026-06-18T17:09:16.300432,0.000000,2.653652
3970.6804,2026-06-18T17:09:16.799592,0.000000,2.653536
3971.1776,2026-06-18T17:09:17.296862,0.000000,2.653548
3971.7343,2026-06-18T17:09:17.853479,0.000000,2.653712
3972.2335,2026-06-18T17:09:18.352671,0.000000,2.653720
3972.7357,2026-06-18T17:09:18.854863,0.000000,2.653664
3973.2119,2026-06-18T17:09:19.331134,0.000000,2.653452
3973.6830,2026-06-18T17:09:19.802261,0.000000,2.653308
3974.1687,2026-06-18T17:09:20.287917,0.000000,2.652992
3974.6537,2026-06-18T17:09:20.772946,0.000000,2.652588
3975.1478,2026-06-18T17:09:21.267060,0.000000,2.652156
3975.6306,2026-06-18T17:09:21.749807,0.000000,2.651720
3976.1539,2026-06-18T17:09:22.273142,0.000000,2.651676
3976.6494,2026-06-18T17:09:22.768572,0.000000,2.651756
3977.1416,2026-06-18T17:09:23.260804,0.000000,2.651924
3977.6434,2026-06-18T17:09:23.762635,0.000000,2.652192
3978.1138,2026-06-18T17:09:24.232997,0.000000,2.652256
3978.6084,2026-06-18T17:09:24.727613,0.000000,2.652108
3979.1055,2026-06-18T17:09:25.224704,0.000000,2.652436
3979.6101,2026-06-18T17:09:25.729307,0.000000,2.652572
3980.1436,2026-06-18T17:09:26.262852,0.000000,2.652744
3980.6508,2026-06-18T17:09:26.770008,0.000000,2.652996
3981.1462,2026-06-18T17:09:27.265449,0.000000,2.653024
3981.6421,2026-06-18T17:09:27.761365,0.000000,2.652912
3982.1457,2026-06-18T17:09:28.264939,0.000000,2.652944
3982.6226,2026-06-18T17:09:28.741768,0.000000,2.652812
3983.1082,2026-06-18T17:09:29.227372,0.000000,2.652488
3983.6337,2026-06-18T17:09:29.752920,0.000000,2.652448
3984.1373,2026-06-18T17:09:30.256474,0.000000,2.651952
3984.6337,2026-06-18T17:09:30.752877,0.000000,2.651756
3985.1325,2026-06-18T17:09:31.251697,0.000000,2.651668
3985.6226,2026-06-18T17:09:31.741856,0.000000,2.651548
3986.1268,2026-06-18T17:09:32.246045,0.000000,2.651884
3986.6517,2026-06-18T17:09:32.770953,0.000000,2.651864
3987.1577,2026-06-18T17:09:33.276905,0.000000,2.652148
3987.6506,2026-06-18T17:09:33.769774,0.000000,2.651944
3988.1266,2026-06-18T17:09:34.245866,0.000000,2.651756
3988.6184,2026-06-18T17:09:34.737640,0.000000,2.651952
3989.1205,2026-06-18T17:09:35.239690,0.000000,2.652028
3989.5927,2026-06-18T17:09:35.711897,0.000000,2.652160
3990.0813,2026-06-18T17:09:36.200517,0.000000,2.652260
3990.5796,2026-06-18T17:09:36.698841,0.000000,2.652208
3991.1082,2026-06-18T17:09:37.227422,0.000000,2.652216
3991.6022,2026-06-18T17:09:37.721405,0.000000,2.652280
3992.0943,2026-06-18T17:09:38.213509,0.000000,2.652068
3992.5915,2026-06-18T17:09:38.710696,0.000000,2.651712
3993.0913,2026-06-18T17:09:39.210517,0.000000,2.650948
3993.5955,2026-06-18T17:09:39.714680,0.000000,2.650556
3994.0741,2026-06-18T17:09:40.193341,0.000000,2.650252
3994.5788,2026-06-18T17:09:40.698023,0.000000,2.650540
3995.0990,2026-06-18T17:09:41.218199,0.000000,2.650644
3995.6058,2026-06-18T17:09:41.724985,0.000000,2.650880
3996.0976,2026-06-18T17:09:42.216834,0.000000,2.651024
3996.5776,2026-06-18T17:09:42.696826,0.000000,2.650964
3997.0788,2026-06-18T17:09:43.198002,0.000000,2.650916
3997.5868,2026-06-18T17:09:43.705958,0.000000,2.650940
3998.0977,2026-06-18T17:09:44.216907,0.000000,2.651184
3998.5819,2026-06-18T17:09:44.701144,0.000000,2.650944
3999.0475,2026-06-18T17:09:45.166688,0.000000,2.651068
3999.5221,2026-06-18T17:09:45.641296,0.000000,2.650708
4000.0152,2026-06-18T17:09:46.134373,0.000000,2.650268
4000.5141,2026-06-18T17:09:46.633296,0.000000,2.650020
4001.0167,2026-06-18T17:09:47.135872,0.000000,2.649736
4001.4928,2026-06-18T17:09:47.612039,0.000000,2.649576
4001.9765,2026-06-18T17:09:48.095720,0.000000,2.649600
4002.4787,2026-06-18T17:09:48.597965,0.000000,2.649568
4002.9785,2026-06-18T17:09:49.097761,0.000000,2.649292
4003.4836,2026-06-18T17:09:49.602769,0.000000,2.649296
4003.9765,2026-06-18T17:09:50.095671,0.000000,2.649028
4004.4835,2026-06-18T17:09:50.602732,0.000000,2.648576
4004.9827,2026-06-18T17:09:51.101896,0.000000,2.648444
4005.4835,2026-06-18T17:09:51.602686,0.000000,2.648032
4005.9780,2026-06-18T17:09:52.097187,0.000000,2.647556
4006.4876,2026-06-18T17:09:52.606864,0.000000,2.647476
4006.9855,2026-06-18T17:09:53.104737,0.000000,2.647540
4007.4788,2026-06-18T17:09:53.598030,0.000000,2.647468
4007.9756,2026-06-18T17:09:54.094811,0.000000,2.647912
4008.4670,2026-06-18T17:09:54.586255,0.000000,2.648060
4008.9588,2026-06-18T17:09:55.077968,0.000000,2.648124
4009.4472,2026-06-18T17:09:55.566419,0.000000,2.648356
4009.9298,2026-06-18T17:09:56.049024,0.000000,2.648036
4010.4295,2026-06-18T17:09:56.548719,0.000000,2.647728
4010.9593,2026-06-18T17:09:57.078533,0.000000,2.647288
4011.4404,2026-06-18T17:09:57.559623,0.000000,2.646448
4011.9300,2026-06-18T17:09:58.049252,0.000000,2.645976
4012.4080,2026-06-18T17:09:58.527167,0.000000,2.646000
4012.9096,2026-06-18T17:09:59.028768,0.000000,2.646328
4013.4059,2026-06-18T17:09:59.525113,0.000000,2.646732
4013.9078,2026-06-18T17:10:00.027063,0.000000,2.647164
4014.3700,2026-06-18T17:10:00.489193,0.000000,2.647460
4014.8448,2026-06-18T17:10:00.964039,0.000000,2.647392
4015.3718,2026-06-18T17:10:01.491060,0.000000,2.647616
4015.8745,2026-06-18T17:10:01.993747,0.000000,2.647896
4016.3745,2026-06-18T17:10:02.493712,0.000000,2.647912
4016.8752,2026-06-18T17:10:02.994395,0.000000,2.647700
4017.3806,2026-06-18T17:10:03.499810,0.000000,2.647432
4017.8771,2026-06-18T17:10:03.996365,0.000000,2.647040
4018.3751,2026-06-18T17:10:04.494301,0.000000,2.646704
4018.9037,2026-06-18T17:10:05.022879,0.000000,2.646576
4019.3863,2026-06-18T17:10:05.505487,0.000000,2.646640
4019.8767,2026-06-18T17:10:05.995962,0.000000,2.646740
4020.3755,2026-06-18T17:10:06.494753,0.000000,2.647012
4020.8510,2026-06-18T17:10:06.970202,0.000000,2.647156
4021.3348,2026-06-18T17:10:07.454054,0.000000,2.646956
4021.8246,2026-06-18T17:10:07.943786,0.000000,2.646620
4022.2874,2026-06-18T17:10:08.406579,0.000000,2.646176
4022.7868,2026-06-18T17:10:08.905961,0.000000,2.645792
4023.3077,2026-06-18T17:10:09.426955,0.000000,2.645580
4023.8038,2026-06-18T17:10:09.922989,0.000000,2.645508
4024.3048,2026-06-18T17:10:10.424058,0.000000,2.645504
4024.7934,2026-06-18T17:10:10.912624,0.000000,2.645564
4025.2719,2026-06-18T17:10:11.391108,0.000000,2.645544
4025.7661,2026-06-18T17:10:11.885363,0.000000,2.645164
4026.2648,2026-06-18T17:10:12.384003,0.000000,2.645204
4026.7369,2026-06-18T17:10:12.856121,0.000000,2.645280
4027.2308,2026-06-18T17:10:13.350001,0.000000,2.645712
4027.7306,2026-06-18T17:10:13.849768,0.000000,2.646240
4028.2507,2026-06-18T17:10:14.369967,0.000000,2.646212
4028.7469,2026-06-18T17:10:14.866139,0.000000,2.646216
4029.2514,2026-06-18T17:10:15.370576,0.000000,2.645856
4029.7496,2026-06-18T17:10:15.868800,0.000000,2.645760
4030.2454,2026-06-18T17:10:16.364575,0.000000,2.646188
4030.7301,2026-06-18T17:10:16.849330,0.000000,2.646248
4031.2474,2026-06-18T17:10:17.366649,0.000000,2.646484
4031.7557,2026-06-18T17:10:17.874932,0.000000,2.646392
4032.2407,2026-06-18T17:10:18.359923,0.000000,2.645728
4032.7388,2026-06-18T17:10:18.858002,0.000000,2.645328
4033.2120,2026-06-18T17:10:19.331173,0.000000,2.645344
4033.7047,2026-06-18T17:10:19.823923,0.000000,2.645092
4034.2063,2026-06-18T17:10:20.325470,0.000000,2.645232
4034.7072,2026-06-18T17:10:20.826432,0.000000,2.645512
4035.2306,2026-06-18T17:10:21.349803,0.000000,2.645416
4035.7291,2026-06-18T17:10:21.848305,0.000000,2.645200
4036.2312,2026-06-18T17:10:22.350365,0.000000,2.644868
4036.7310,2026-06-18T17:10:22.850251,0.000000,2.644284
4037.2130,2026-06-18T17:10:23.332233,0.000000,2.643976
4037.6964,2026-06-18T17:10:23.815592,0.000000,2.644108
4038.1996,2026-06-18T17:10:24.318821,0.000000,2.644140
4038.7281,2026-06-18T17:10:24.847363,0.000000,2.644548
4039.2267,2026-06-18T17:10:25.345920,0.000000,2.644752
4039.7094,2026-06-18T17:10:25.828654,0.000000,2.644928
4040.2077,2026-06-18T17:10:26.326962,0.000000,2.644612
4040.7094,2026-06-18T17:10:26.828567,0.000000,2.643796
4041.2160,2026-06-18T17:10:27.335237,0.000000,2.643480
4041.7327,2026-06-18T17:10:27.851886,0.000000,2.643260
4042.2432,2026-06-18T17:10:28.362395,0.000000,2.643136
4042.7339,2026-06-18T17:10:28.853159,0.000000,2.642936
4043.2128,2026-06-18T17:10:29.331987,0.000000,2.642740
4043.7116,2026-06-18T17:10:29.830773,0.000000,2.642900
4044.1811,2026-06-18T17:10:30.300341,0.000000,2.643344
4044.6495,2026-06-18T17:10:30.768729,0.000000,2.643868
4045.1634,2026-06-18T17:10:31.282642,0.000000,2.644268
4045.6521,2026-06-18T17:10:31.771255,0.000000,2.643880
4046.1817,2026-06-18T17:10:32.300907,0.000000,2.643676
4046.6845,2026-06-18T17:10:32.803757,0.000000,2.643556
4047.1596,2026-06-18T17:10:33.278795,0.000000,2.643464
4047.6591,2026-06-18T17:10:33.778276,0.000000,2.643400
4048.1590,2026-06-18T17:10:34.278187,0.000000,2.643388
4048.6577,2026-06-18T17:10:34.776960,0.000000,2.643296
4049.1635,2026-06-18T17:10:35.282718,0.000000,2.642856
4049.6869,2026-06-18T17:10:35.806132,0.000000,2.642376
4050.1709,2026-06-18T17:10:36.290134,0.000000,2.641848
4050.6681,2026-06-18T17:10:36.787284,0.000000,2.641508
4051.1681,2026-06-18T17:10:37.287326,0.000000,2.641300
4051.6666,2026-06-18T17:10:37.785774,0.000000,2.641604
4052.1664,2026-06-18T17:10:38.285615,0.000000,2.641580
4052.6435,2026-06-18T17:10:38.762721,0.000000,2.641740
4053.1218,2026-06-18T17:10:39.241022,0.000000,2.641948
4053.6200,2026-06-18T17:10:39.739209,0.000000,2.641900
4054.1422,2026-06-18T17:10:40.261454,0.000000,2.642072
4054.6442,2026-06-18T17:10:40.763402,0.000000,2.642024
4055.1286,2026-06-18T17:10:41.247797,0.000000,2.641864
4055.6442,2026-06-18T17:10:41.763394,0.000000,2.641860
4056.1353,2026-06-18T17:10:42.254538,0.000000,2.641888
4056.6332,2026-06-18T17:10:42.752466,0.000000,2.641876
4057.1450,2026-06-18T17:10:43.264244,0.000000,2.641980
4057.6520,2026-06-18T17:10:43.771227,0.000000,2.641944
4058.1473,2026-06-18T17:10:44.266491,0.000000,2.641648
4058.6395,2026-06-18T17:10:44.758765,0.000000,2.641580
4059.1382,2026-06-18T17:10:45.257452,0.000000,2.641108
4059.6354,2026-06-18T17:10:45.754621,0.000000,2.640544
4060.1302,2026-06-18T17:10:46.249459,0.000000,2.640332
4060.6549,2026-06-18T17:10:46.774094,0.000000,2.640048
4061.1536,2026-06-18T17:10:47.272781,0.000000,2.640144
4061.6546,2026-06-18T17:10:47.773857,0.000000,2.640228
4062.1537,2026-06-18T17:10:48.272916,0.000000,2.640472
4062.6521,2026-06-18T17:10:48.771266,0.000000,2.640448
4063.1468,2026-06-18T17:10:49.266066,0.000000,2.640640
4063.6442,2026-06-18T17:10:49.763410,0.000000,2.641008
4064.1630,2026-06-18T17:10:50.282192,0.000000,2.640832
4064.6362,2026-06-18T17:10:50.755443,0.000000,2.640808
4065.1283,2026-06-18T17:10:51.247560,0.000000,2.640600
4065.6284,2026-06-18T17:10:51.747602,0.000000,2.640548
4066.1241,2026-06-18T17:10:52.243343,0.000000,2.640952
4066.6114,2026-06-18T17:10:52.730593,0.000000,2.641580
4067.1119,2026-06-18T17:10:53.231133,0.000000,2.642276
4067.5740,2026-06-18T17:10:53.693203,0.000000,2.642652
4068.0749,2026-06-18T17:10:54.194129,0.000000,2.642748
4068.5777,2026-06-18T17:10:54.696884,0.000000,2.642752
4069.0760,2026-06-18T17:10:55.195176,0.000000,2.642736
4069.5489,2026-06-18T17:10:55.668136,0.000000,2.642888
4070.0536,2026-06-18T17:10:56.172834,0.000000,2.642972
4070.5501,2026-06-18T17:10:56.669315,0.000000,2.643148
4071.0519,2026-06-18T17:10:57.171156,0.000000,2.642996
4071.5496,2026-06-18T17:10:57.668770,0.000000,2.642944
4072.0554,2026-06-18T17:10:58.174567,0.000000,2.642800
4072.5895,2026-06-18T17:10:58.708676,0.000000,2.642720
4073.0817,2026-06-18T17:10:59.200910,0.000000,2.642700
4073.5512,2026-06-18T17:10:59.670411,0.000000,2.642596
4074.0528,2026-06-18T17:11:00.171965,0.000000,2.642420
4074.5533,2026-06-18T17:11:00.672533,0.000000,2.642340
4075.0536,2026-06-18T17:11:01.172848,0.000000,2.642092
4075.5347,2026-06-18T17:11:01.653888,0.000000,2.641840
4076.0396,2026-06-18T17:11:02.158855,0.000000,2.641764
4076.5336,2026-06-18T17:11:02.652831,0.000000,2.641328
4077.0390,2026-06-18T17:11:03.158177,0.000000,2.641272
4077.5351,2026-06-18T17:11:03.654332,0.000000,2.640888
4078.0328,2026-06-18T17:11:04.152039,0.000000,2.640488
4078.5301,2026-06-18T17:11:04.649349,0.000000,2.640204
4078.9887,2026-06-18T17:11:05.107929,0.000000,2.639576
4079.4836,2026-06-18T17:11:05.602799,0.000000,2.639728
4079.9597,2026-06-18T17:11:06.078883,0.000000,2.640036
4080.4621,2026-06-18T17:11:06.581321,0.000000,2.640284
4080.9316,2026-06-18T17:11:07.050852,0.000000,2.640464
4081.4258,2026-06-18T17:11:07.545035,0.000000,2.640364
4081.9309,2026-06-18T17:11:08.050089,0.000000,2.639728
4082.4367,2026-06-18T17:11:08.555904,0.000000,2.639460
4082.9331,2026-06-18T17:11:09.052287,0.000000,2.639552
4083.4696,2026-06-18T17:11:09.588828,0.000000,2.639600
4083.9383,2026-06-18T17:11:10.057469,0.000000,2.640116
4084.4132,2026-06-18T17:11:10.532450,0.000000,2.640160
4084.9090,2026-06-18T17:11:11.028259,0.000000,2.640280
4085.3777,2026-06-18T17:11:11.496907,0.000000,2.640416
4085.8676,2026-06-18T17:11:11.986815,0.000000,2.640292
4086.3710,2026-06-18T17:11:12.490176,0.000000,2.640240
4086.8440,2026-06-18T17:11:12.963223,0.000000,2.640364
4087.3468,2026-06-18T17:11:13.466037,0.000000,2.640108
4087.8388,2026-06-18T17:11:13.957984,0.000000,2.640044
4088.3658,2026-06-18T17:11:14.485062,0.000000,2.640308
4088.8294,2026-06-18T17:11:14.948623,0.000000,2.640236
4089.3324,2026-06-18T17:11:15.451580,0.000000,2.640456
4089.8259,2026-06-18T17:11:15.945138,0.000000,2.640840
4090.3130,2026-06-18T17:11:16.432260,0.000000,2.640860
4090.8124,2026-06-18T17:11:16.931652,0.000000,2.640836
4091.3051,2026-06-18T17:11:17.424267,0.000000,2.640648
4091.8108,2026-06-18T17:11:17.930014,0.000000,2.640464
4092.3200,2026-06-18T17:11:18.439254,0.000000,2.640308
4092.8212,2026-06-18T17:11:18.940468,0.000000,2.640164
4093.3236,2026-06-18T17:11:19.442773,0.000000,2.639892
4093.8283,2026-06-18T17:11:19.947486,0.000000,2.639388
4094.3216,2026-06-18T17:11:20.440794,0.000000,2.638820
4094.8328,2026-06-18T17:11:20.952032,0.000000,2.638488
4095.3305,2026-06-18T17:11:21.449673,0.000000,2.638432
4095.8459,2026-06-18T17:11:21.965082,0.000000,2.638572
4096.3331,2026-06-18T17:11:22.452290,0.000000,2.638512
4096.8379,2026-06-18T17:11:22.957144,0.000000,2.638404
4097.3366,2026-06-18T17:11:23.455840,0.000000,2.638200
4097.8448,2026-06-18T17:11:23.964061,0.000000,2.637944
4098.3124,2026-06-18T17:11:24.431616,0.000000,2.638016
4098.7885,2026-06-18T17:11:24.907684,0.000000,2.638272
4099.2859,2026-06-18T17:11:25.405090,0.000000,2.638468
4099.8158,2026-06-18T17:11:25.935004,0.000000,2.638696
4100.3156,2026-06-18T17:11:26.434800,0.000000,2.638744
4100.8111,2026-06-18T17:11:26.930327,0.000000,2.638396
4101.2899,2026-06-18T17:11:27.409137,0.000000,2.638296
4101.7908,2026-06-18T17:11:27.910062,0.000000,2.638392
4102.2725,2026-06-18T17:11:28.391750,0.000000,2.639096
4102.7629,2026-06-18T17:11:28.882158,0.000000,2.639644
4103.2604,2026-06-18T17:11:29.379570,0.000000,2.640336
4103.7752,2026-06-18T17:11:29.894400,0.000000,2.640628
4104.2501,2026-06-18T17:11:30.369350,0.000000,2.640464
4104.7448,2026-06-18T17:11:30.863975,0.000000,2.640472
4105.2412,2026-06-18T17:11:31.360434,0.000000,2.640540
4105.7333,2026-06-18T17:11:31.852543,0.000000,2.640688
4106.2328,2026-06-18T17:11:32.351998,0.000000,2.640656
4106.7288,2026-06-18T17:11:32.848036,0.000000,2.640616
4107.2146,2026-06-18T17:11:33.333770,0.000000,2.640392
4107.6874,2026-06-18T17:11:33.806657,0.000000,2.640120
4108.1769,2026-06-18T17:11:34.296125,0.000000,2.639960
4108.6910,2026-06-18T17:11:34.810262,0.000000,2.639612
4109.1836,2026-06-18T17:11:35.302787,0.000000,2.639648
4109.6788,2026-06-18T17:11:35.797971,0.000000,2.639484
4110.1765,2026-06-18T17:11:36.295738,0.000000,2.639428
4110.6690,2026-06-18T17:11:36.788165,0.000000,2.639292
4111.1590,2026-06-18T17:11:37.278180,0.000000,2.638864
4111.6599,2026-06-18T17:11:37.779143,0.000000,2.638572
4112.1912,2026-06-18T17:11:38.310389,0.000000,2.638420
4112.6906,2026-06-18T17:11:38.809817,0.000000,2.638352
4113.1991,2026-06-18T17:11:39.318315,0.000000,2.638060
4113.6907,2026-06-18T17:11:39.809918,0.000000,2.637928
4114.1881,2026-06-18T17:11:40.307334,0.000000,2.637740
4114.6925,2026-06-18T17:11:40.811692,0.000000,2.637824
4115.2128,2026-06-18T17:11:41.332036,0.000000,2.638228
4115.7086,2026-06-18T17:11:41.827812,0.000000,2.638444
4116.2074,2026-06-18T17:11:42.326578,0.000000,2.638688
4116.7088,2026-06-18T17:11:42.827964,0.000000,2.638856
4117.2048,2026-06-18T17:11:43.324035,0.000000,2.638900
4117.7031,2026-06-18T17:11:43.822322,0.000000,2.638856
4118.2033,2026-06-18T17:11:44.322536,0.000000,2.638764
4118.7213,2026-06-18T17:11:44.840527,0.000000,2.638692
4119.2168,2026-06-18T17:11:45.336023,0.000000,2.638788
4119.7120,2026-06-18T17:11:45.831199,0.000000,2.638824
4120.2072,2026-06-18T17:11:46.326396,0.000000,2.639092
4120.6764,2026-06-18T17:11:46.795573,0.000000,2.639100
4121.1528,2026-06-18T17:11:47.272049,0.000000,2.639032
4121.6567,2026-06-18T17:11:47.775900,0.000000,2.638940
4122.1531,2026-06-18T17:11:48.272280,0.000000,2.638760
4122.6768,2026-06-18T17:11:48.796055,0.000000,2.638920
4123.1549,2026-06-18T17:11:49.274081,0.000000,2.638604
4123.6590,2026-06-18T17:11:49.778256,0.000000,2.638948
4124.1322,2026-06-18T17:11:50.251400,0.000000,2.638876
4124.6322,2026-06-18T17:11:50.751430,0.000000,2.638896
4125.1301,2026-06-18T17:11:51.249259,0.000000,2.639032
4125.6194,2026-06-18T17:11:51.738619,0.000000,2.638628
4126.1243,2026-06-18T17:11:52.243529,0.000000,2.638372
4126.6531,2026-06-18T17:11:52.772270,0.000000,2.638192
4127.1455,2026-06-18T17:11:53.264663,0.000000,2.638120
4127.6319,2026-06-18T17:11:53.751158,0.000000,2.638716
4128.1239,2026-06-18T17:11:54.243145,0.000000,2.639284
4128.6173,2026-06-18T17:11:54.736492,0.000000,2.639600
4129.1166,2026-06-18T17:11:55.235785,0.000000,2.639952
4129.6010,2026-06-18T17:11:55.720263,0.000000,2.639884
4130.0945,2026-06-18T17:11:56.213707,0.000000,2.639692
4130.6248,2026-06-18T17:11:56.743966,0.000000,2.639732
4131.1364,2026-06-18T17:11:57.255628,0.000000,2.639340
4131.6336,2026-06-18T17:11:57.752783,0.000000,2.639000
4132.1405,2026-06-18T17:11:58.259666,0.000000,2.638772
4132.6356,2026-06-18T17:11:58.754855,0.000000,2.638428
4133.1405,2026-06-18T17:11:59.259663,0.000000,2.638488
4133.6403,2026-06-18T17:11:59.759550,0.000000,2.638676
4134.1653,2026-06-18T17:12:00.284544,0.000000,2.638920
4134.6613,2026-06-18T17:12:00.780513,0.000000,2.638848
4135.1598,2026-06-18T17:12:01.278998,0.000000,2.638612
4135.6397,2026-06-18T17:12:01.758860,0.000000,2.638196
4136.1045,2026-06-18T17:12:02.223716,0.000000,2.637800
4136.6079,2026-06-18T17:12:02.727155,0.000000,2.637928
4137.1009,2026-06-18T17:12:03.220159,0.000000,2.637952
4137.5876,2026-06-18T17:12:03.706845,0.000000,2.637820
4138.1153,2026-06-18T17:12:04.234552,0.000000,2.638052
4138.6034,2026-06-18T17:12:04.722601,0.000000,2.637880
4139.0882,2026-06-18T17:12:05.207454,0.000000,2.637940
4139.5886,2026-06-18T17:12:05.707768,0.000000,2.638104
4140.0828,2026-06-18T17:12:06.201973,0.000000,2.637788
4140.5840,2026-06-18T17:12:06.703206,0.000000,2.637420
4141.1112,2026-06-18T17:12:07.230421,0.000000,2.637328
4141.6125,2026-06-18T17:12:07.731743,0.000000,2.637280
4142.1128,2026-06-18T17:12:08.231965,0.000000,2.637360
4142.6092,2026-06-18T17:12:08.728374,0.000000,2.637784
4143.0961,2026-06-18T17:12:09.215356,0.000000,2.637920
4143.5964,2026-06-18T17:12:09.715585,0.000000,2.638072
4144.1198,2026-06-18T17:12:10.239046,0.000000,2.638180
4144.6235,2026-06-18T17:12:10.742751,0.000000,2.637728
4145.1173,2026-06-18T17:12:11.236554,0.000000,2.637520
4145.6153,2026-06-18T17:12:11.734534,0.000000,2.637188
4146.1169,2026-06-18T17:12:12.236064,0.000000,2.637224
4146.6064,2026-06-18T17:12:12.725664,0.000000,2.637488
4147.0966,2026-06-18T17:12:13.215848,0.000000,2.637524
4147.6155,2026-06-18T17:12:13.734730,0.000000,2.637648
4148.1191,2026-06-18T17:12:14.238274,0.000000,2.637812
4148.6152,2026-06-18T17:12:14.734386,0.000000,2.637928
4149.1041,2026-06-18T17:12:15.223267,0.000000,2.638356
4149.5713,2026-06-18T17:12:15.690487,0.000000,2.638416
4150.0526,2026-06-18T17:12:16.171858,0.000000,2.638704
4150.5559,2026-06-18T17:12:16.675134,0.000000,2.638836
4151.0527,2026-06-18T17:12:17.171921,0.000000,2.638612
4151.5444,2026-06-18T17:12:17.663611,0.000000,2.638624
4152.0461,2026-06-18T17:12:18.165349,0.000000,2.638128
4152.5693,2026-06-18T17:12:18.688551,0.000000,2.638152
4153.0570,2026-06-18T17:12:19.176165,0.000000,2.638160
4153.5463,2026-06-18T17:12:19.665473,0.000000,2.638148
4154.0473,2026-06-18T17:12:20.166556,0.000000,2.638244
4154.5486,2026-06-18T17:12:20.667789,0.000000,2.638092
4155.0526,2026-06-18T17:12:21.171835,0.000000,2.638060
4155.5529,2026-06-18T17:12:21.672120,0.000000,2.638144
4156.0618,2026-06-18T17:12:22.180975,0.000000,2.638236
4156.5504,2026-06-18T17:12:22.669581,0.000000,2.638388
4157.0527,2026-06-18T17:12:23.171931,0.000000,2.638604
4157.5112,2026-06-18T17:12:23.630431,0.000000,2.638732
4158.0174,2026-06-18T17:12:24.136629,0.000000,2.638876
4158.5110,2026-06-18T17:12:24.630202,0.000000,2.638876
4159.0125,2026-06-18T17:12:25.131718,0.000000,2.638676
4159.4980,2026-06-18T17:12:25.617263,0.000000,2.638684
4160.0033,2026-06-18T17:12:26.122510,0.000000,2.638664
4160.5199,2026-06-18T17:12:26.639072,0.000000,2.638468
4161.0095,2026-06-18T17:12:27.128736,0.000000,2.638908
4161.4958,2026-06-18T17:12:27.615014,0.000000,2.638920
4161.9955,2026-06-18T17:12:28.114678,0.000000,2.638984
4162.4991,2026-06-18T17:12:28.618347,0.000000,2.639276
4162.9951,2026-06-18T17:12:29.114278,0.000000,2.639088
4163.4883,2026-06-18T17:12:29.607514,0.000000,2.639052
4163.9992,2026-06-18T17:12:30.118390,0.000000,2.638880
4164.5087,2026-06-18T17:12:30.627883,0.000000,2.638920
4164.9988,2026-06-18T17:12:31.118053,0.000000,2.639120
4165.4958,2026-06-18T17:12:31.615005,0.000000,2.639200
4165.9893,2026-06-18T17:12:32.108531,0.000000,2.639596
4166.4885,2026-06-18T17:12:32.607750,0.000000,2.639756
4166.9560,2026-06-18T17:12:33.075180,0.000000,2.640044
4167.4507,2026-06-18T17:12:33.569916,0.000000,2.640244
4167.9526,2026-06-18T17:12:34.071855,0.000000,2.639996
4168.4735,2026-06-18T17:12:34.592709,0.000000,2.639544
4168.9612,2026-06-18T17:12:35.080438,0.000000,2.639016
4169.4611,2026-06-18T17:12:35.580326,0.000000,2.638776
4169.9569,2026-06-18T17:12:36.076085,0.000000,2.638760
4170.4549,2026-06-18T17:12:36.574087,0.000000,2.638948
4170.9473,2026-06-18T17:12:37.066500,0.000000,2.638852
4171.4570,2026-06-18T17:12:37.576192,0.000000,2.638916
4171.9398,2026-06-18T17:12:38.058986,0.000000,2.638828
4172.4487,2026-06-18T17:12:38.567884,0.000000,2.639056
4172.9445,2026-06-18T17:12:39.063732,0.000000,2.639184
4173.4560,2026-06-18T17:12:39.575236,0.000000,2.638648
4173.9762,2026-06-18T17:12:40.095446,0.000000,2.638332
4174.4745,2026-06-18T17:12:40.593668,0.000000,2.638196
4174.9735,2026-06-18T17:12:41.092721,0.000000,2.638364
4175.4933,2026-06-18T17:12:41.612504,0.000000,2.638764
4175.9944,2026-06-18T17:12:42.113603,0.000000,2.639104
4176.4873,2026-06-18T17:12:42.606468,0.000000,2.638992
4176.9896,2026-06-18T17:12:43.108845,0.000000,2.638784
4177.4881,2026-06-18T17:12:43.607354,0.000000,2.638628
4177.9870,2026-06-18T17:12:44.106257,0.000000,2.638564
4178.5049,2026-06-18T17:12:44.624129,0.000000,2.638476
4179.0085,2026-06-18T17:12:45.127746,0.000000,2.638592
4179.5066,2026-06-18T17:12:45.625776,0.000000,2.638808
4180.0086,2026-06-18T17:12:46.127825,0.000000,2.638888
4180.5097,2026-06-18T17:12:46.628864,0.000000,2.638776
4181.0094,2026-06-18T17:12:47.128662,0.000000,2.638544
4181.5276,2026-06-18T17:12:47.646769,0.000000,2.638060
4182.0226,2026-06-18T17:12:48.141863,0.000000,2.637540
4182.5002,2026-06-18T17:12:48.619385,0.000000,2.637368
4182.9734,2026-06-18T17:12:49.092661,0.000000,2.637244
4183.4658,2026-06-18T17:12:49.585048,0.000000,2.637572
4183.9384,2026-06-18T17:12:50.057607,0.000000,2.638040
4184.4326,2026-06-18T17:12:50.551841,0.000000,2.638420
4184.9283,2026-06-18T17:12:51.047547,0.000000,2.638844
4185.4257,2026-06-18T17:12:51.544873,0.000000,2.638784
4185.9210,2026-06-18T17:12:52.040227,0.000000,2.638648
4186.4360,2026-06-18T17:12:52.555250,0.000000,2.638484
4186.9356,2026-06-18T17:12:53.054808,0.000000,2.638504
4187.4276,2026-06-18T17:12:53.546795,0.000000,2.638644
4187.9273,2026-06-18T17:12:54.046477,0.000000,2.638764
4188.4282,2026-06-18T17:12:54.547454,0.000000,2.638816
4188.9261,2026-06-18T17:12:55.045301,0.000000,2.638708
4189.4248,2026-06-18T17:12:55.544014,0.000000,2.638536
4189.8911,2026-06-18T17:12:56.010254,0.000000,2.638704
4190.3985,2026-06-18T17:12:56.517730,0.000000,2.638960
4190.9060,2026-06-18T17:12:57.025172,0.000000,2.639016
4191.4062,2026-06-18T17:12:57.525453,0.000000,2.639204
4191.8708,2026-06-18T17:12:57.990004,0.000000,2.638956
4192.3476,2026-06-18T17:12:58.466771,0.000000,2.638708
4192.8476,2026-06-18T17:12:58.966828,0.000000,2.638760
4193.3942,2026-06-18T17:12:59.513414,0.000000,2.638980
4193.8711,2026-06-18T17:12:59.990342,0.000000,2.639392
4194.3750,2026-06-18T17:13:00.494174,0.000000,2.639728
4194.8650,2026-06-18T17:13:00.984239,0.000000,2.639728
4195.3622,2026-06-18T17:13:01.481408,0.000000,2.639628
4195.8657,2026-06-18T17:13:01.984900,0.000000,2.639452
4196.3650,2026-06-18T17:13:02.484177,0.000000,2.639240
4196.8806,2026-06-18T17:13:02.999783,0.000000,2.639244
4197.3857,2026-06-18T17:13:03.504938,0.000000,2.639368
4197.8817,2026-06-18T17:13:04.000912,0.000000,2.639384
4198.3891,2026-06-18T17:13:04.508322,0.000000,2.639396
4198.8781,2026-06-18T17:13:04.997354,0.000000,2.639124
4199.3735,2026-06-18T17:13:05.492758,0.000000,2.638780
4199.8989,2026-06-18T17:13:06.018089,0.000000,2.638700
4200.4021,2026-06-18T17:13:06.521331,0.000000,2.638648
4200.9055,2026-06-18T17:13:07.024681,0.000000,2.638956
4201.4042,2026-06-18T17:13:07.523446,0.000000,2.639144
4201.8764,2026-06-18T17:13:07.995645,0.000000,2.639028
4202.3669,2026-06-18T17:13:08.486105,0.000000,2.639076
4202.8468,2026-06-18T17:13:08.965992,0.000000,2.639012
4203.3498,2026-06-18T17:13:09.469020,0.000000,2.638912
4203.8774,2026-06-18T17:13:09.996638,0.000000,2.638968
4204.3697,2026-06-18T17:13:10.488940,0.000000,2.638632
4204.8686,2026-06-18T17:13:10.987816,0.000000,2.638432
4205.3576,2026-06-18T17:13:11.476804,0.000000,2.638208
4205.8603,2026-06-18T17:13:11.979488,0.000000,2.637876
4206.3502,2026-06-18T17:13:12.469461,0.000000,2.637824
4206.8483,2026-06-18T17:13:12.967502,0.000000,2.637688
4207.3484,2026-06-18T17:13:13.467580,0.000000,2.637720
4207.8609,2026-06-18T17:13:13.980163,0.000000,2.637692
4208.3567,2026-06-18T17:13:14.475964,0.000000,2.637644
4208.8564,2026-06-18T17:13:14.975628,0.000000,2.637868
4209.3541,2026-06-18T17:13:15.473338,0.000000,2.637952
4209.8601,2026-06-18T17:13:15.979317,0.000000,2.638360
4210.3821,2026-06-18T17:13:16.501349,0.000000,2.638420
4210.8826,2026-06-18T17:13:17.001825,0.000000,2.638424
4211.3684,2026-06-18T17:13:17.487626,0.000000,2.638472
4211.8738,2026-06-18T17:13:17.992963,0.000000,2.638396
4212.3709,2026-06-18T17:13:18.490084,0.000000,2.638860
4212.8733,2026-06-18T17:13:18.992477,0.000000,2.638880
4213.3691,2026-06-18T17:13:19.488366,0.000000,2.638848
4213.8877,2026-06-18T17:13:20.006869,0.000000,2.638868
4214.3943,2026-06-18T17:13:20.513477,0.000000,2.638648
4214.8898,2026-06-18T17:13:21.008991,0.000000,2.638732
4215.3774,2026-06-18T17:13:21.496651,0.000000,2.638860
4215.8691,2026-06-18T17:13:21.988307,0.000000,2.638880
4216.3666,2026-06-18T17:13:22.485828,0.000000,2.638636
4216.8702,2026-06-18T17:13:22.989448,0.000000,2.638640
4217.3958,2026-06-18T17:13:23.514984,0.000000,2.638668
4217.8727,2026-06-18T17:13:23.991883,0.000000,2.638884
4218.3756,2026-06-18T17:13:24.494831,0.000000,2.639132
4218.8691,2026-06-18T17:13:24.988355,0.000000,2.638976
4219.3690,2026-06-18T17:13:25.488256,0.000000,2.638732
4219.8604,2026-06-18T17:13:25.979634,0.000000,2.638376
4220.3607,2026-06-18T17:13:26.479948,0.000000,2.637888
4220.8401,2026-06-18T17:13:26.959319,0.000000,2.637752
4221.3474,2026-06-18T17:13:27.466616,0.000000,2.637796
4221.8462,2026-06-18T17:13:27.965385,0.000000,2.637908
4222.3252,2026-06-18T17:13:28.444391,0.000000,2.638132
4222.8464,2026-06-18T17:13:28.965610,0.000000,2.638292
4223.3286,2026-06-18T17:13:29.447817,0.000000,2.638424
4223.8264,2026-06-18T17:13:29.945650,0.000000,2.638436
4224.3275,2026-06-18T17:13:30.446676,0.000000,2.638408
4224.8100,2026-06-18T17:13:30.929172,0.000000,2.638476
4225.2945,2026-06-18T17:13:31.413690,0.000000,2.638248
4225.7886,2026-06-18T17:13:31.907785,0.000000,2.638416
4226.2868,2026-06-18T17:13:32.406027,0.000000,2.638816
4226.7780,2026-06-18T17:13:32.897179,0.000000,2.638800
4227.2970,2026-06-18T17:13:33.416220,0.000000,2.639152
4227.7957,2026-06-18T17:13:33.914938,0.000000,2.638884
4228.2984,2026-06-18T17:13:34.417642,0.000000,2.638672
4228.7938,2026-06-18T17:13:34.913046,0.000000,2.638692
4229.2938,2026-06-18T17:13:35.413017,0.000000,2.638520
4229.7981,2026-06-18T17:13:35.917271,0.000000,2.638700
4230.3023,2026-06-18T17:13:36.421483,0.000000,2.638696
4230.8064,2026-06-18T17:13:36.925654,0.000000,2.638292
4231.3045,2026-06-18T17:13:37.423671,0.000000,2.638436
4231.7896,2026-06-18T17:13:37.908762,0.000000,2.638272
4232.3053,2026-06-18T17:13:38.424480,0.000000,2.638204
4232.7958,2026-06-18T17:13:38.915052,0.000000,2.638452
4233.2978,2026-06-18T17:13:39.416968,0.000000,2.638252
4233.8022,2026-06-18T17:13:39.921376,0.000000,2.638280
4234.2890,2026-06-18T17:13:40.408177,0.000000,2.638272
4234.7866,2026-06-18T17:13:40.905765,0.000000,2.638208
4235.2858,2026-06-18T17:13:41.404992,0.000000,2.638300
4235.7435,2026-06-18T17:13:41.862707,0.000000,2.637984
4236.2441,2026-06-18T17:13:42.363342,0.000000,2.637888
4236.7461,2026-06-18T17:13:42.865295,0.000000,2.638116
4237.2694,2026-06-18T17:13:43.388624,0.000000,2.637980
4237.7496,2026-06-18T17:13:43.868847,0.000000,2.638680
4238.2377,2026-06-18T17:13:44.356944,0.000000,2.639132
4238.7373,2026-06-18T17:13:44.856534,0.000000,2.638564
4239.2442,2026-06-18T17:13:45.363370,0.000000,2.638616
4239.7291,2026-06-18T17:13:45.848347,0.000000,2.638248
4240.2605,2026-06-18T17:13:46.379714,0.000000,2.638156
4240.7558,2026-06-18T17:13:46.875011,0.000000,2.638960
4241.2610,2026-06-18T17:13:47.380238,0.000000,2.639092
4241.7591,2026-06-18T17:13:47.878343,0.000000,2.639444
4242.2649,2026-06-18T17:13:48.384103,0.000000,2.639312
4242.7630,2026-06-18T17:13:48.882188,0.000000,2.639056
4243.2876,2026-06-18T17:13:49.406780,0.000000,2.638968
4243.7641,2026-06-18T17:13:49.883340,0.000000,2.638796
4244.2686,2026-06-18T17:13:50.387770,0.000000,2.638968
4244.7665,2026-06-18T17:13:50.885673,0.000000,2.638776
4245.2374,2026-06-18T17:13:51.356660,0.000000,2.638736
4245.7358,2026-06-18T17:13:51.854969,0.000000,2.638636
4246.2068,2026-06-18T17:13:52.325987,0.000000,2.638432
4246.6751,2026-06-18T17:13:52.794264,0.000000,2.638524
4247.1522,2026-06-18T17:13:53.271450,0.000000,2.638548
4247.6547,2026-06-18T17:13:53.773929,0.000000,2.638496
4248.1786,2026-06-18T17:13:54.297778,0.000000,2.638452
4248.6712,2026-06-18T17:13:54.790395,0.000000,2.638272
4249.1662,2026-06-18T17:13:55.285445,0.000000,2.638240
4249.6626,2026-06-18T17:13:55.781767,0.000000,2.638424
4250.1376,2026-06-18T17:13:56.256776,0.000000,2.638504
4250.6417,2026-06-18T17:13:56.760895,0.000000,2.638736
4251.1281,2026-06-18T17:13:57.247287,0.000000,2.639000
4251.6313,2026-06-18T17:13:57.750513,0.000000,2.638956
4252.1312,2026-06-18T17:13:58.250464,0.000000,2.638948
4252.6389,2026-06-18T17:13:58.758083,0.000000,2.639048
4253.1344,2026-06-18T17:13:59.253581,0.000000,2.639268
4253.6283,2026-06-18T17:13:59.747534,0.000000,2.639440
4254.1317,2026-06-18T17:14:00.250920,0.000000,2.639656
4254.6352,2026-06-18T17:14:00.754393,0.000000,2.639808
4255.1139,2026-06-18T17:14:01.233090,0.000000,2.640036
4255.6134,2026-06-18T17:14:01.732621,0.000000,2.640492
4256.1372,2026-06-18T17:14:02.256382,0.000000,2.640800
4256.6331,2026-06-18T17:14:02.752304,0.000000,2.641056
4257.1212,2026-06-18T17:14:03.240368,0.000000,2.640944
4257.6208,2026-06-18T17:14:03.740015,0.000000,2.640584
4258.1154,2026-06-18T17:14:04.234645,0.000000,2.640200
4258.6132,2026-06-18T17:14:04.732392,0.000000,2.639660
4259.1038,2026-06-18T17:14:05.223060,0.000000,2.639340
4259.6037,2026-06-18T17:14:05.722914,0.000000,2.639364
4260.1231,2026-06-18T17:14:06.242340,0.000000,2.639360
4260.6190,2026-06-18T17:14:06.738186,0.000000,2.639596
4261.1229,2026-06-18T17:14:07.242096,0.000000,2.639508
4261.6229,2026-06-18T17:14:07.742113,0.000000,2.639268
4262.1253,2026-06-18T17:14:08.244523,0.000000,2.639224
4262.6250,2026-06-18T17:14:08.744209,0.000000,2.639260
4263.1515,2026-06-18T17:14:09.270667,0.000000,2.639732
4263.6497,2026-06-18T17:14:09.768946,0.000000,2.640076
4264.1220,2026-06-18T17:14:10.241224,0.000000,2.640208
4264.6162,2026-06-18T17:14:10.735429,0.000000,2.640164
4265.0902,2026-06-18T17:14:11.209370,0.000000,2.639896
4265.5812,2026-06-18T17:14:11.700464,0.000000,2.639784
4266.0804,2026-06-18T17:14:12.199629,0.000000,2.639916
4266.5744,2026-06-18T17:14:12.693640,0.000000,2.639996
4267.0814,2026-06-18T17:14:13.200655,0.000000,2.640124
4267.5633,2026-06-18T17:14:13.682473,0.000000,2.640068
4268.0740,2026-06-18T17:14:14.193252,0.000000,2.639804
4268.5705,2026-06-18T17:14:14.689687,0.000000,2.639764
4269.0778,2026-06-18T17:14:15.197055,0.000000,2.639540
4269.5681,2026-06-18T17:14:15.687290,0.000000,2.639388
4270.0718,2026-06-18T17:14:16.191026,0.000000,2.639276
4270.5745,2026-06-18T17:14:16.693765,0.000000,2.639188
4271.1061,2026-06-18T17:14:17.225322,0.000000,2.639244
4271.6005,2026-06-18T17:14:17.719717,0.000000,2.639332
4272.1062,2026-06-18T17:14:18.225402,0.000000,2.639304
4272.6062,2026-06-18T17:14:18.725462,0.000000,2.639600
4273.1062,2026-06-18T17:14:19.225374,0.000000,2.639844
4273.6060,2026-06-18T17:14:19.725174,0.000000,2.640204
4274.1167,2026-06-18T17:14:20.235927,0.000000,2.640588
4274.6187,2026-06-18T17:14:20.737895,0.000000,2.640708
4275.0993,2026-06-18T17:14:21.218465,0.000000,2.640800
4275.5630,2026-06-18T17:14:21.682188,0.000000,2.640800
4276.0459,2026-06-18T17:14:22.165090,0.000000,2.640900
4276.5341,2026-06-18T17:14:22.653334,0.000000,2.640908
4277.0285,2026-06-18T17:14:23.147749,0.000000,2.641012
4277.5276,2026-06-18T17:14:23.646827,0.000000,2.641500
4277.9873,2026-06-18T17:14:24.106522,0.000000,2.641868
4278.4931,2026-06-18T17:14:24.612296,0.000000,2.642452
4279.0075,2026-06-18T17:14:25.126702,0.000000,2.643040
4279.5062,2026-06-18T17:14:25.625408,0.000000,2.643052
4279.9997,2026-06-18T17:14:26.118943,0.000000,2.643164
4280.4937,2026-06-18T17:14:26.612913,0.000000,2.643048
4280.9951,2026-06-18T17:14:27.114360,0.000000,2.642928
4281.4905,2026-06-18T17:14:27.609666,0.000000,2.642828
4281.9868,2026-06-18T17:14:28.106053,0.000000,2.642640
4282.5144,2026-06-18T17:14:28.633569,0.000000,2.642252
4283.0144,2026-06-18T17:14:29.133651,0.000000,2.641864
4283.5188,2026-06-18T17:14:29.638009,0.000000,2.641864
4283.9987,2026-06-18T17:14:30.117941,0.000000,2.641804
4284.4774,2026-06-18T17:14:30.596651,0.000000,2.642100
4284.9698,2026-06-18T17:14:31.088994,0.000000,2.642392
4285.4689,2026-06-18T17:14:31.588073,0.000000,2.642220
4285.9587,2026-06-18T17:14:32.077909,0.000000,2.642444
4286.4770,2026-06-18T17:14:32.596266,0.000000,2.642544
4286.9678,2026-06-18T17:14:33.086984,0.000000,2.642348
4287.4706,2026-06-18T17:14:33.589822,0.000000,2.642520
4287.9684,2026-06-18T17:14:34.087591,0.000000,2.642812
4288.4502,2026-06-18T17:14:34.569428,0.000000,2.643156
4288.9534,2026-06-18T17:14:35.072586,0.000000,2.643660
4289.4384,2026-06-18T17:14:35.557573,0.000000,2.644036
4289.9383,2026-06-18T17:14:36.057551,0.000000,2.643940
4290.4604,2026-06-18T17:14:36.579638,0.000000,2.643972
4290.9620,2026-06-18T17:14:37.081234,0.000000,2.644020
4291.4671,2026-06-18T17:14:37.586362,0.000000,2.644036
4291.9622,2026-06-18T17:14:38.081425,0.000000,2.644332
4292.4519,2026-06-18T17:14:38.571128,0.000000,2.644524
4292.9464,2026-06-18T17:14:39.065570,0.000000,2.644576
4293.4406,2026-06-18T17:14:39.559769,0.000000,2.644892
4293.9650,2026-06-18T17:14:40.084259,0.000000,2.644940
4294.4496,2026-06-18T17:14:40.568837,0.000000,2.645068
4294.9525,2026-06-18T17:14:41.071740,0.000000,2.645432
4295.4534,2026-06-18T17:14:41.572568,0.000000,2.645480
4295.9518,2026-06-18T17:14:42.070980,0.000000,2.645728
4296.4190,2026-06-18T17:14:42.538208,0.000000,2.646012
4296.9119,2026-06-18T17:14:43.031080,0.000000,2.646064
4297.4030,2026-06-18T17:14:43.522388,0.000000,2.646280
4297.9188,2026-06-18T17:14:44.037987,0.000000,2.646092
4298.4044,2026-06-18T17:14:44.523586,0.000000,2.645720
4298.8951,2026-06-18T17:14:45.014331,0.000000,2.645112
4299.3896,2026-06-18T17:14:45.508839,0.000000,2.644516
4299.8868,2026-06-18T17:14:46.005987,0.000000,2.644532
4300.3828,2026-06-18T17:14:46.502047,0.000000,2.644532
4300.8585,2026-06-18T17:14:46.977727,0.000000,2.644572
4301.3594,2026-06-18T17:14:47.478613,0.000000,2.644664
4301.8830,2026-06-18T17:14:48.002208,0.000000,2.644552
4302.3837,2026-06-18T17:14:48.502890,0.000000,2.644476
4302.8830,2026-06-18T17:14:49.002170,0.000000,2.644768
4303.3452,2026-06-18T17:14:49.464382,0.000000,2.645060
4303.8331,2026-06-18T17:14:49.952336,0.000000,2.645328
4304.3032,2026-06-18T17:14:50.422374,0.000000,2.645656
4304.7613,2026-06-18T17:14:50.880485,0.000000,2.645792
4305.2670,2026-06-18T17:14:51.386263,0.000000,2.645920
4305.7436,2026-06-18T17:14:51.862832,0.000000,2.646228
4306.2351,2026-06-18T17:14:52.354323,0.000000,2.646472
4306.7352,2026-06-18T17:14:52.854438,0.000000,2.646720
4307.2544,2026-06-18T17:14:53.373615,0.000000,2.647020
4307.7452,2026-06-18T17:14:53.864444,0.000000,2.647092
4308.2370,2026-06-18T17:14:54.356183,0.000000,2.647248
4308.7201,2026-06-18T17:14:54.839339,0.000000,2.647384
4309.2171,2026-06-18T17:14:55.336323,0.000000,2.647460
4309.6889,2026-06-18T17:14:55.808119,0.000000,2.647400
4310.1831,2026-06-18T17:14:56.302311,0.000000,2.647220
4310.6826,2026-06-18T17:14:56.801813,0.000000,2.647180
4311.1787,2026-06-18T17:14:57.297945,0.000000,2.647208
4311.7102,2026-06-18T17:14:57.829451,0.000000,2.647100
4312.1989,2026-06-18T17:14:58.318158,0.000000,2.647304
4312.7024,2026-06-18T17:14:58.821594,0.000000,2.647336
4313.1927,2026-06-18T17:14:59.311891,0.000000,2.647172
4313.6902,2026-06-18T17:14:59.809451,0.000000,2.647204
4314.1813,2026-06-18T17:15:00.300500,0.000000,2.647272
4314.6625,2026-06-18T17:15:00.781715,0.000000,2.647764
4315.1492,2026-06-18T17:15:01.268384,0.000000,2.648212
4315.6742,2026-06-18T17:15:01.793435,0.000000,2.648844
4316.1488,2026-06-18T17:15:02.268034,0.000000,2.649136
4316.6475,2026-06-18T17:15:02.766746,0.000000,2.648852
4317.1395,2026-06-18T17:15:03.258674,0.000000,2.648744
4317.6394,2026-06-18T17:15:03.758606,0.000000,2.648660
4318.1350,2026-06-18T17:15:04.254243,0.000000,2.648932
4318.6393,2026-06-18T17:15:04.758545,0.000000,2.649480
4319.1282,2026-06-18T17:15:05.247440,0.000000,2.649724
4319.6393,2026-06-18T17:15:05.758537,0.000000,2.649920
4320.1312,2026-06-18T17:15:06.250365,0.000000,2.649804
4320.6265,2026-06-18T17:15:06.745729,0.000000,2.649564
4321.1314,2026-06-18T17:15:07.250637,0.000000,2.649504
4321.5988,2026-06-18T17:15:07.717969,0.000000,2.649212
4322.0911,2026-06-18T17:15:08.210325,0.000000,2.649064
4322.5811,2026-06-18T17:15:08.700353,0.000000,2.648516
4323.0822,2026-06-18T17:15:09.201421,0.000000,2.648480
4323.6010,2026-06-18T17:15:09.720180,0.000000,2.648672
4324.0890,2026-06-18T17:15:10.208172,0.000000,2.649164
4324.5866,2026-06-18T17:15:10.705765,0.000000,2.649648
4325.0828,2026-06-18T17:15:11.201994,0.000000,2.649692
4325.5776,2026-06-18T17:15:11.696765,0.000000,2.649744
4326.0617,2026-06-18T17:15:12.180929,0.000000,2.649624
4326.5450,2026-06-18T17:15:12.664204,0.000000,2.650080
4327.0051,2026-06-18T17:15:13.124271,0.000000,2.650456
4327.5044,2026-06-18T17:15:13.623567,0.000000,2.650556
4328.0161,2026-06-18T17:15:14.135288,0.000000,2.650668
4328.5213,2026-06-18T17:15:14.640565,0.000000,2.650268
4329.0101,2026-06-18T17:15:15.129323,0.000000,2.650412
4329.5059,2026-06-18T17:15:15.625124,0.000000,2.650472
4330.0084,2026-06-18T17:15:16.127633,0.000000,2.651024
4330.4723,2026-06-18T17:15:16.591488,0.000000,2.651240
4330.9659,2026-06-18T17:15:17.085145,0.000000,2.651280
4331.4565,2026-06-18T17:15:17.575673,0.000000,2.651612
4331.9417,2026-06-18T17:15:18.060918,0.000000,2.651536
4332.4379,2026-06-18T17:15:18.557099,0.000000,2.652028
4332.9403,2026-06-18T17:15:19.059467,0.000000,2.652200
4333.4415,2026-06-18T17:15:19.560694,0.000000,2.652636
4333.9382,2026-06-18T17:15:20.057362,0.000000,2.653108
4334.4474,2026-06-18T17:15:20.566611,0.000000,2.653432
4334.9340,2026-06-18T17:15:21.053197,0.000000,2.653784
4335.4349,2026-06-18T17:15:21.554120,0.000000,2.654256
4335.9351,2026-06-18T17:15:22.054344,0.000000,2.654796
4336.4561,2026-06-18T17:15:22.575291,0.000000,2.655152
4336.9443,2026-06-18T17:15:23.063540,0.000000,2.655544
4337.4433,2026-06-18T17:15:23.562501,0.000000,2.655808
4337.9360,2026-06-18T17:15:24.055251,0.000000,2.655784
4338.4387,2026-06-18T17:15:24.557876,0.000000,2.655732
4338.9197,2026-06-18T17:15:25.038883,0.000000,2.655612
4339.3950,2026-06-18T17:15:25.514193,0.000000,2.655408
4339.8844,2026-06-18T17:15:26.003614,0.000000,2.655348
4340.3982,2026-06-18T17:15:26.517428,0.000000,2.655564
4340.8902,2026-06-18T17:15:27.009441,0.000000,2.655828
4341.3680,2026-06-18T17:15:27.487246,0.000000,2.656124
4341.8614,2026-06-18T17:15:27.980591,0.000000,2.656620
4342.3696,2026-06-18T17:15:28.488821,0.000000,2.656820
4342.8536,2026-06-18T17:15:28.972840,0.000000,2.657168
4343.3323,2026-06-18T17:15:29.451544,0.000000,2.657532
4343.8309,2026-06-18T17:15:29.950074,0.000000,2.657316
4344.3594,2026-06-18T17:15:30.478601,0.000000,2.657212
4344.8335,2026-06-18T17:15:30.952715,0.000000,2.657248
4345.3268,2026-06-18T17:15:31.445982,0.000000,2.656980
4345.8247,2026-06-18T17:15:31.943960,0.000000,2.657132
4346.3137,2026-06-18T17:15:32.432868,0.000000,2.657424
4346.8054,2026-06-18T17:15:32.924664,0.000000,2.657752
4347.3012,2026-06-18T17:15:33.420433,0.000000,2.658012
4347.7744,2026-06-18T17:15:33.893637,0.000000,2.658196
4348.2709,2026-06-18T17:15:34.390083,0.000000,2.658040
4348.7990,2026-06-18T17:15:34.918233,0.000000,2.658064
4349.2774,2026-06-18T17:15:35.396570,0.000000,2.658176
4349.7765,2026-06-18T17:15:35.895767,0.000000,2.658376
4350.2768,2026-06-18T17:15:36.396034,0.000000,2.658628
4350.7768,2026-06-18T17:15:36.895970,0.000000,2.658336
4351.2770,2026-06-18T17:15:37.396169,0.000000,2.657976
4351.7787,2026-06-18T17:15:37.897958,0.000000,2.657736
4352.2667,2026-06-18T17:15:38.385948,0.000000,2.657632
4352.7714,2026-06-18T17:15:38.890605,0.000000,2.657764
4353.2670,2026-06-18T17:15:39.386261,0.000000,2.657928
4353.7537,2026-06-18T17:15:39.872884,0.000000,2.658012
4354.2495,2026-06-18T17:15:40.368684,0.000000,2.658000
4354.7570,2026-06-18T17:15:40.876169,0.000000,2.658100
4355.2491,2026-06-18T17:15:41.368307,0.000000,2.657972
4355.7557,2026-06-18T17:15:41.874863,0.000000,2.658116
4356.2479,2026-06-18T17:15:42.367103,0.000000,2.658152
4356.7736,2026-06-18T17:15:42.892791,0.000000,2.658300
4357.2701,2026-06-18T17:15:43.389269,0.000000,2.658660
4357.7666,2026-06-18T17:15:43.885814,0.000000,2.658504
4358.2739,2026-06-18T17:15:44.393120,0.000000,2.658632
4358.7609,2026-06-18T17:15:44.880118,0.000000,2.658284
4359.2622,2026-06-18T17:15:45.381455,0.000000,2.657992
4359.7788,2026-06-18T17:15:45.897978,0.000000,2.657756
4360.2719,2026-06-18T17:15:46.391117,0.000000,2.657524
4360.7620,2026-06-18T17:15:46.881225,0.000000,2.657520
4361.2595,2026-06-18T17:15:47.378672,0.000000,2.657660
4361.7304,2026-06-18T17:15:47.849596,0.000000,2.658160
4362.2288,2026-06-18T17:15:48.347984,0.000000,2.658468
4362.7275,2026-06-18T17:15:48.846679,0.000000,2.658948
4363.2086,2026-06-18T17:15:49.327788,0.000000,2.659392
4363.6998,2026-06-18T17:15:49.819043,0.000000,2.659552
4364.2119,2026-06-18T17:15:50.331079,0.000000,2.659788
4364.7106,2026-06-18T17:15:50.829788,0.000000,2.659932
4365.2135,2026-06-18T17:15:51.332701,0.000000,2.659936
4365.6680,2026-06-18T17:15:51.787204,0.000000,2.659920
4366.1682,2026-06-18T17:15:52.287430,0.000000,2.659988
4366.6670,2026-06-18T17:15:52.786199,0.000000,2.660000
4367.1722,2026-06-18T17:15:53.291421,0.000000,2.660064
4367.6668,2026-06-18T17:15:53.785988,0.000000,2.659932
4368.1951,2026-06-18T17:15:54.314327,0.000000,2.659924
4368.6959,2026-06-18T17:15:54.815100,0.000000,2.659556
4369.1879,2026-06-18T17:15:55.307123,0.000000,2.659680
4369.6860,2026-06-18T17:15:55.805175,0.000000,2.659964
4370.1866,2026-06-18T17:15:56.305837,0.000000,2.660088
4370.6883,2026-06-18T17:15:56.807483,0.000000,2.660368
4371.2055,2026-06-18T17:15:57.324697,0.000000,2.660328
4371.6964,2026-06-18T17:15:57.815559,0.000000,2.660308
4372.1684,2026-06-18T17:15:58.287603,0.000000,2.660424
4372.6618,2026-06-18T17:15:58.781062,0.000000,2.660760
4373.1371,2026-06-18T17:15:59.256267,0.000000,2.661020
4373.6389,2026-06-18T17:15:59.758101,0.000000,2.661176
4374.1263,2026-06-18T17:16:00.245471,0.000000,2.661224
4374.6222,2026-06-18T17:16:00.741403,0.000000,2.661128
4375.1177,2026-06-18T17:16:01.236902,0.000000,2.661176
4375.6108,2026-06-18T17:16:01.730015,0.000000,2.661456
4376.1310,2026-06-18T17:16:02.250203,0.000000,2.661668
4376.6125,2026-06-18T17:16:02.731758,0.000000,2.661980
4377.1096,2026-06-18T17:16:03.228807,0.000000,2.662028
4377.5846,2026-06-18T17:16:03.703769,0.000000,2.661828
4378.0613,2026-06-18T17:16:04.180551,0.000000,2.661652
4378.5328,2026-06-18T17:16:04.651993,0.000000,2.661568
4379.0310,2026-06-18T17:16:05.150242,0.000000,2.661356
4379.5112,2026-06-18T17:16:05.630418,0.000000,2.661164
4380.0011,2026-06-18T17:16:06.120285,0.000000,2.661324
4380.5112,2026-06-18T17:16:06.630408,0.000000,2.661660
4381.0329,2026-06-18T17:16:07.152111,0.000000,2.661968
4381.5149,2026-06-18T17:16:07.634112,0.000000,2.662248
4382.0133,2026-06-18T17:16:08.132552,0.000000,2.662360
4382.5055,2026-06-18T17:16:08.624720,0.000000,2.662304
4383.0045,2026-06-18T17:16:09.123698,0.000000,2.662484
4383.4849,2026-06-18T17:16:09.604124,0.000000,2.662584
4383.9862,2026-06-18T17:16:10.105371,0.000000,2.662812
4384.4660,2026-06-18T17:16:10.585214,0.000000,2.662824
4384.9958,2026-06-18T17:16:11.114992,0.000000,2.662940
4385.4917,2026-06-18T17:16:11.610954,0.000000,2.663004
4385.9954,2026-06-18T17:16:12.114634,0.000000,2.662900
4386.4963,2026-06-18T17:16:12.615506,0.000000,2.662872
4386.9991,2026-06-18T17:16:13.118296,0.000000,2.662848
4387.5002,2026-06-18T17:16:13.619420,0.000000,2.663444
4388.0196,2026-06-18T17:16:14.138770,0.000000,2.663752
4388.5245,2026-06-18T17:16:14.643672,0.000000,2.664148
4389.0264,2026-06-18T17:16:15.145668,0.000000,2.664480
4389.5279,2026-06-18T17:16:15.647134,0.000000,2.664456
4390.0300,2026-06-18T17:16:16.149201,0.000000,2.664576
4390.5300,2026-06-18T17:16:16.649186,0.000000,2.664640
4391.0515,2026-06-18T17:16:17.170670,0.000000,2.664532
4391.5465,2026-06-18T17:16:17.665713,0.000000,2.664392
4392.0428,2026-06-18T17:16:18.162024,0.000000,2.663980
4392.5426,2026-06-18T17:16:18.661820,0.000000,2.663844
4393.0388,2026-06-18T17:16:19.157985,0.000000,2.663680
4393.5409,2026-06-18T17:16:19.660099,0.000000,2.663864
4394.0362,2026-06-18T17:16:20.155445,0.000000,2.664224
4394.5554,2026-06-18T17:16:20.674561,0.000000,2.664612
4395.0512,2026-06-18T17:16:21.170433,0.000000,2.665052
4395.5511,2026-06-18T17:16:21.670327,0.000000,2.665148
4396.0600,2026-06-18T17:16:22.179242,0.000000,2.665324
4396.5458,2026-06-18T17:16:22.664992,0.000000,2.665344
4397.0320,2026-06-18T17:16:23.151221,0.000000,2.665184
4397.5321,2026-06-18T17:16:23.651331,0.000000,2.665324
4398.0515,2026-06-18T17:16:24.170739,0.000000,2.664976
4398.5506,2026-06-18T17:16:24.669781,0.000000,2.664700
4399.0344,2026-06-18T17:16:25.153627,0.000000,2.664908
4399.5363,2026-06-18T17:16:25.655509,0.000000,2.664692
4400.0304,2026-06-18T17:16:26.149659,0.000000,2.664928
4400.5275,2026-06-18T17:16:26.646761,0.000000,2.665036
4401.0206,2026-06-18T17:16:27.139783,0.000000,2.665076
4401.5186,2026-06-18T17:16:27.637838,0.000000,2.665476
4402.0167,2026-06-18T17:16:28.135872,0.000000,2.665404
4402.5278,2026-06-18T17:16:28.646988,0.000000,2.665516
4403.0298,2026-06-18T17:16:29.148978,0.000000,2.665340
4403.5359,2026-06-18T17:16:29.655155,0.000000,2.665264
4404.0096,2026-06-18T17:16:30.128783,0.000000,2.665312
4404.5163,2026-06-18T17:16:30.635565,0.000000,2.665476
4405.0063,2026-06-18T17:16:31.125554,0.000000,2.665568
4405.5239,2026-06-18T17:16:31.643071,0.000000,2.665376
4405.9955,2026-06-18T17:16:32.114679,0.000000,2.665196
4406.4867,2026-06-18T17:16:32.605969,0.000000,2.664808
4406.9860,2026-06-18T17:16:33.105247,0.000000,2.664292
4407.4802,2026-06-18T17:16:33.599459,0.000000,2.663920
4407.9808,2026-06-18T17:16:34.100028,0.000000,2.663844
4408.4787,2026-06-18T17:16:34.597946,0.000000,2.664112
4409.0057,2026-06-18T17:16:35.124922,0.000000,2.664828
4409.4902,2026-06-18T17:16:35.609444,0.000000,2.665364
4409.9989,2026-06-18T17:16:36.118090,0.000000,2.665544
4410.4907,2026-06-18T17:16:36.609901,0.000000,2.665412
4410.9928,2026-06-18T17:16:37.111970,0.000000,2.665400
4411.4784,2026-06-18T17:16:37.597664,0.000000,2.664972
4411.9759,2026-06-18T17:16:38.095116,0.000000,2.665068
4412.4678,2026-06-18T17:16:38.587052,0.000000,2.665556
4412.9893,2026-06-18T17:16:39.108497,0.000000,2.665780
4413.4950,2026-06-18T17:16:39.614237,0.000000,2.666040
4413.9969,2026-06-18T17:16:40.116090,0.000000,2.665964
4414.4704,2026-06-18T17:16:40.589609,0.000000,2.665612
4414.9692,2026-06-18T17:16:41.088371,0.000000,2.665072
4415.4358,2026-06-18T17:16:41.555041,0.000000,2.665200
4415.9364,2026-06-18T17:16:42.055607,0.000000,2.665256
4416.4302,2026-06-18T17:16:42.549441,0.000000,2.665200
4416.9554,2026-06-18T17:16:43.074636,0.000000,2.665320
4417.4528,2026-06-18T17:16:43.571955,0.000000,2.665164
4417.9470,2026-06-18T17:16:44.066244,0.000000,2.664996
4418.4217,2026-06-18T17:16:44.540873,0.000000,2.664712
4418.9182,2026-06-18T17:16:45.037395,0.000000,2.664488
4419.4156,2026-06-18T17:16:45.534846,0.000000,2.664376
4419.9122,2026-06-18T17:16:46.031432,0.000000,2.664112
4420.4445,2026-06-18T17:16:46.563702,0.000000,2.664272
4420.9367,2026-06-18T17:16:47.055889,0.000000,2.664256
4421.4325,2026-06-18T17:16:47.551765,0.000000,2.664256
4421.9274,2026-06-18T17:16:48.046589,0.000000,2.664492
4422.4242,2026-06-18T17:16:48.543391,0.000000,2.664324
4422.9177,2026-06-18T17:16:49.036897,0.000000,2.664240
4423.4187,2026-06-18T17:16:49.537886,0.000000,2.663852
4423.9024,2026-06-18T17:16:50.021574,0.000000,2.663584
4424.3949,2026-06-18T17:16:50.514111,0.000000,2.663616
4424.9097,2026-06-18T17:16:51.028899,0.000000,2.663340
4425.4178,2026-06-18T17:16:51.536968,0.000000,2.663516
4425.9104,2026-06-18T17:16:52.029607,0.000000,2.663568
4426.4127,2026-06-18T17:16:52.531917,0.000000,2.663468
4426.9277,2026-06-18T17:16:53.046946,0.000000,2.663688
4427.4300,2026-06-18T17:16:53.549213,0.000000,2.663532
4427.9262,2026-06-18T17:16:54.045419,0.000000,2.663608
4428.4280,2026-06-18T17:16:54.547178,0.000000,2.663752
4428.9237,2026-06-18T17:16:55.042870,0.000000,2.663844
4429.4151,2026-06-18T17:16:55.534267,0.000000,2.664268
4429.9197,2026-06-18T17:16:56.038927,0.000000,2.664200
4430.4142,2026-06-18T17:16:56.533453,0.000000,2.663944
4430.9204,2026-06-18T17:16:57.039601,0.000000,2.663696
4431.4197,2026-06-18T17:16:57.538925,0.000000,2.663120
4431.9157,2026-06-18T17:16:58.034869,0.000000,2.662936
4432.4136,2026-06-18T17:16:58.532771,0.000000,2.662900
4432.9054,2026-06-18T17:16:59.024596,0.000000,2.663200
4433.4031,2026-06-18T17:16:59.522334,0.000000,2.663652
4433.9153,2026-06-18T17:17:00.034524,0.000000,2.663948
4434.4092,2026-06-18T17:17:00.528364,0.000000,2.664224
4434.8888,2026-06-18T17:17:01.008055,0.000000,2.664228
4435.3884,2026-06-18T17:17:01.507645,0.000000,2.664288
4435.8927,2026-06-18T17:17:02.011868,0.000000,2.664612
4436.3790,2026-06-18T17:17:02.498249,0.000000,2.664424
4436.8701,2026-06-18T17:17:02.989357,0.000000,2.664124
4437.3608,2026-06-18T17:17:03.480014,0.000000,2.663756
4437.8518,2026-06-18T17:17:03.971025,0.000000,2.663140
4438.3675,2026-06-18T17:17:04.486726,0.000000,2.663060
4438.8642,2026-06-18T17:17:04.983414,0.000000,2.663120
4439.3298,2026-06-18T17:17:05.448991,0.000000,2.663008
4439.8344,2026-06-18T17:17:05.953612,0.000000,2.663120
4440.3329,2026-06-18T17:17:06.452061,0.000000,2.663152
4440.8217,2026-06-18T17:17:06.940893,0.000000,2.663136
4441.3288,2026-06-18T17:17:07.448033,0.000000,2.662904
4441.8463,2026-06-18T17:17:07.965475,0.000000,2.662684
4442.3382,2026-06-18T17:17:08.457416,0.000000,2.662576
4442.8342,2026-06-18T17:17:08.953423,0.000000,2.662436
4443.3401,2026-06-18T17:17:09.459301,0.000000,2.662660
4443.8228,2026-06-18T17:17:09.941992,0.000000,2.662688
4444.3151,2026-06-18T17:17:10.434352,0.000000,2.662856
4444.8160,2026-06-18T17:17:10.935230,0.000000,2.662868
4445.3118,2026-06-18T17:17:11.430977,0.000000,2.662584
4445.8201,2026-06-18T17:17:11.939357,0.000000,2.662500
4446.3135,2026-06-18T17:17:12.432742,0.000000,2.662216
4446.8083,2026-06-18T17:17:12.927484,0.000000,2.661992
4447.3046,2026-06-18T17:17:13.423774,0.000000,2.661952
4447.8050,2026-06-18T17:17:13.924210,0.000000,2.661864
4448.3134,2026-06-18T17:17:14.432576,0.000000,2.661632
4448.7956,2026-06-18T17:17:14.914828,0.000000,2.661592
4449.2968,2026-06-18T17:17:15.416013,0.000000,2.661548
4449.7990,2026-06-18T17:17:15.918169,0.000000,2.661748
4450.3133,2026-06-18T17:17:16.432555,0.000000,2.661780
4450.7985,2026-06-18T17:17:16.917671,0.000000,2.661564
4451.2718,2026-06-18T17:17:17.391052,0.000000,2.661460
4451.7284,2026-06-18T17:17:17.847631,0.000000,2.660768
4452.2269,2026-06-18T17:17:18.346127,0.000000,2.660340
4452.7251,2026-06-18T17:17:18.844296,0.000000,2.660108
4453.2101,2026-06-18T17:17:19.329270,0.000000,2.659480
4453.7161,2026-06-18T17:17:19.835291,0.000000,2.659444
4454.2384,2026-06-18T17:17:20.357621,0.000000,2.659512
4454.7380,2026-06-18T17:17:20.857246,0.000000,2.659676
4455.2438,2026-06-18T17:17:21.362986,0.000000,2.660096
4455.7400,2026-06-18T17:17:21.859208,0.000000,2.660292
4456.2356,2026-06-18T17:17:22.354804,0.000000,2.660592
4456.7438,2026-06-18T17:17:22.862987,0.000000,2.660712
4457.2415,2026-06-18T17:17:23.360715,0.000000,2.660820
4457.7471,2026-06-18T17:17:23.866362,0.000000,2.660772
4458.2591,2026-06-18T17:17:24.378351,0.000000,2.660376
4458.7508,2026-06-18T17:17:24.869974,0.000000,2.660180
4459.2495,2026-06-18T17:17:25.368655,0.000000,2.660068
4459.7489,2026-06-18T17:17:25.868095,0.000000,2.659952
4460.2383,2026-06-18T17:17:26.357520,0.000000,2.660060
4460.7402,2026-06-18T17:17:26.859450,0.000000,2.659944
4461.2572,2026-06-18T17:17:27.376390,0.000000,2.659720
4461.7596,2026-06-18T17:17:27.878846,0.000000,2.659536
4462.2539,2026-06-18T17:17:28.373098,0.000000,2.659144
4462.7596,2026-06-18T17:17:28.878809,0.000000,2.658748
4463.2303,2026-06-18T17:17:29.349548,0.000000,2.658356
4463.7342,2026-06-18T17:17:29.853460,0.000000,2.658024
4464.2317,2026-06-18T17:17:30.350921,0.000000,2.657728
4464.7571,2026-06-18T17:17:30.876268,0.000000,2.657324
4465.2531,2026-06-18T17:17:31.372351,0.000000,2.656852
4465.7563,2026-06-18T17:17:31.875494,0.000000,2.656528
4466.2610,2026-06-18T17:17:32.380236,0.000000,2.656420
4466.7565,2026-06-18T17:17:32.875758,0.000000,2.656160
4467.2526,2026-06-18T17:17:33.371843,0.000000,2.656264
4467.7734,2026-06-18T17:17:33.892615,0.000000,2.656356
4468.2689,2026-06-18T17:17:34.388078,0.000000,2.656580
4468.7560,2026-06-18T17:17:34.875257,0.000000,2.656936
4469.2257,2026-06-18T17:17:35.344957,0.000000,2.656876
4469.7073,2026-06-18T17:17:35.826532,0.000000,2.656552
4470.2090,2026-06-18T17:17:36.328200,0.000000,2.655784
4470.7132,2026-06-18T17:17:36.832406,0.000000,2.655520
4471.2071,2026-06-18T17:17:37.326339,0.000000,2.655332
4471.7282,2026-06-18T17:17:37.847426,0.000000,2.655444
4472.2285,2026-06-18T17:17:38.347668,0.000000,2.655532
4472.7148,2026-06-18T17:17:38.833987,0.000000,2.655464
4473.2111,2026-06-18T17:17:39.330287,0.000000,2.655080
4473.7091,2026-06-18T17:17:39.828278,0.000000,2.654352
4474.2073,2026-06-18T17:17:40.326558,0.000000,2.654176
4474.6783,2026-06-18T17:17:40.797494,0.000000,2.653624
4475.1568,2026-06-18T17:17:41.276052,0.000000,2.653476
4475.6526,2026-06-18T17:17:41.771817,0.000000,2.653712
4476.1484,2026-06-18T17:17:42.267601,0.000000,2.653528
4476.6701,2026-06-18T17:17:42.789302,0.000000,2.653504
4477.1674,2026-06-18T17:17:43.286572,0.000000,2.653196
4477.6536,2026-06-18T17:17:43.772819,0.000000,2.652604
4478.1305,2026-06-18T17:17:44.249733,0.000000,2.652272
4478.6167,2026-06-18T17:17:44.735913,0.000000,2.651780
4479.1122,2026-06-18T17:17:45.231435,0.000000,2.651560
4479.6184,2026-06-18T17:17:45.737617,0.000000,2.651144
4480.1025,2026-06-18T17:17:46.221756,0.000000,2.650984
4480.6260,2026-06-18T17:17:46.745187,0.000000,2.650648
4481.1140,2026-06-18T17:17:47.233169,0.000000,2.650072
4481.6060,2026-06-18T17:17:47.725252,0.000000,2.649808
4482.1091,2026-06-18T17:17:48.228314,0.000000,2.649280
4482.6004,2026-06-18T17:17:48.719577,0.000000,2.648876
4483.0971,2026-06-18T17:17:49.216336,0.000000,2.649156
4483.6068,2026-06-18T17:17:49.726032,0.000000,2.649196
4484.1285,2026-06-18T17:17:50.247718,0.000000,2.649044
4484.6304,2026-06-18T17:17:50.749599,0.000000,2.649316
4485.1199,2026-06-18T17:17:51.239077,0.000000,2.648772
4485.6236,2026-06-18T17:17:51.742772,0.000000,2.648340
4486.1152,2026-06-18T17:17:52.234414,0.000000,2.648148
4486.6164,2026-06-18T17:17:52.735650,0.000000,2.647168
4487.1105,2026-06-18T17:17:53.229763,0.000000,2.646420
4487.6267,2026-06-18T17:17:53.745934,0.000000,2.645884
4488.1276,2026-06-18T17:17:54.246785,0.000000,2.645356
4488.6403,2026-06-18T17:17:54.759491,0.000000,2.645212
4489.1324,2026-06-18T17:17:55.251626,0.000000,2.645164
4489.6266,2026-06-18T17:17:55.745767,0.000000,2.644900
4490.1315,2026-06-18T17:17:56.250728,0.000000,2.644504
4490.6284,2026-06-18T17:17:56.747584,0.000000,2.644136
4491.1447,2026-06-18T17:17:57.263884,0.000000,2.644148
4491.6559,2026-06-18T17:17:57.775135,0.000000,2.644068
4492.1595,2026-06-18T17:17:58.278668,0.000000,2.643928
4492.6525,2026-06-18T17:17:58.771673,0.000000,2.643940
4493.1490,2026-06-18T17:17:59.268172,0.000000,2.643704
4493.6420,2026-06-18T17:17:59.761183,0.000000,2.643680
4494.1697,2026-06-18T17:18:00.288911,0.000000,2.643836
4494.6705,2026-06-18T17:18:00.789742,0.000000,2.643836
4495.1735,2026-06-18T17:18:01.292686,0.000000,2.643604
4495.6732,2026-06-18T17:18:01.792444,0.000000,2.643200
4496.1690,2026-06-18T17:18:02.288235,0.000000,2.642928
4496.6646,2026-06-18T17:18:02.783811,0.000000,2.642496
4497.1649,2026-06-18T17:18:03.284088,0.000000,2.642276
4497.6778,2026-06-18T17:18:03.797030,0.000000,2.641612
4498.1741,2026-06-18T17:18:04.293354,0.000000,2.641032
4498.6332,2026-06-18T17:18:04.752375,0.000000,2.640700
4499.0947,2026-06-18T17:18:05.213921,0.000000,2.640128
4499.5861,2026-06-18T17:18:05.705350,0.000000,2.640368
4500.0835,2026-06-18T17:18:06.202735,0.000000,2.640180
4500.5363,2026-06-18T17:18:06.655540,0.000000,2.639732
4501.0366,2026-06-18T17:18:07.155820,0.000000,2.639208
4501.5387,2026-06-18T17:18:07.657876,0.000000,2.638380
4502.0402,2026-06-18T17:18:08.159453,0.000000,2.637504
4502.5425,2026-06-18T17:18:08.661702,0.000000,2.636784
4503.0712,2026-06-18T17:18:09.190401,0.000000,2.636524
4503.5465,2026-06-18T17:18:09.665757,0.000000,2.636400
4504.0513,2026-06-18T17:18:10.170531,0.000000,2.636468
4504.5481,2026-06-18T17:18:10.667284,0.000000,2.636448
4505.0461,2026-06-18T17:18:11.165312,0.000000,2.636196
4505.5515,2026-06-18T17:18:11.670671,0.000000,2.635912
4506.0425,2026-06-18T17:18:12.161666,0.000000,2.635748
4506.5545,2026-06-18T17:18:12.673751,0.000000,2.635284
4507.0533,2026-06-18T17:18:13.172534,0.000000,2.634784
4507.5387,2026-06-18T17:18:13.657877,0.000000,2.634064
4508.0368,2026-06-18T17:18:14.156032,0.000000,2.633252
4508.5419,2026-06-18T17:18:14.661156,0.000000,2.632952
4509.0375,2026-06-18T17:18:15.156705,0.000000,2.632788
4509.5239,2026-06-18T17:18:15.643112,0.000000,2.632784
4510.0154,2026-06-18T17:18:16.134629,0.000000,2.632844
4510.5444,2026-06-18T17:18:16.663606,0.000000,2.632356
4511.0431,2026-06-18T17:18:17.162362,0.000000,2.631588
4511.5502,2026-06-18T17:18:17.669387,0.000000,2.631100
4512.0465,2026-06-18T17:18:18.165685,0.000000,2.630536
4512.5438,2026-06-18T17:18:18.663012,0.000000,2.630092
4513.0361,2026-06-18T17:18:19.155327,0.000000,2.629748
4513.5623,2026-06-18T17:18:19.681539,0.000000,2.629284
4514.0593,2026-06-18T17:18:20.178464,0.000000,2.628968
4514.5197,2026-06-18T17:18:20.638926,0.000000,2.628500
4515.0184,2026-06-18T17:18:21.137644,0.000000,2.628244
4515.5203,2026-06-18T17:18:21.639561,0.000000,2.627624
4516.0206,2026-06-18T17:18:22.139837,0.000000,2.626888
4516.5207,2026-06-18T17:18:22.639955,0.000000,2.626564
4517.0236,2026-06-18T17:18:23.142775,0.000000,2.625952
4517.5356,2026-06-18T17:18:23.654848,0.000000,2.625408
4518.0349,2026-06-18T17:18:24.154131,0.000000,2.625048
4518.5398,2026-06-18T17:18:24.659030,0.000000,2.624300
4519.0290,2026-06-18T17:18:25.148208,0.000000,2.623672
4519.5292,2026-06-18T17:18:25.648375,0.000000,2.622848
4520.0441,2026-06-18T17:18:26.163333,0.000000,2.622120
4520.5413,2026-06-18T17:18:26.660484,0.000000,2.621572
4521.0366,2026-06-18T17:18:27.155816,0.000000,2.620800
4521.5320,2026-06-18T17:18:27.651243,0.000000,2.620248
4522.0243,2026-06-18T17:18:28.143468,0.000000,2.619328
4522.5219,2026-06-18T17:18:28.641073,0.000000,2.618268
4522.9975,2026-06-18T17:18:29.116700,0.000000,2.617616
4523.4869,2026-06-18T17:18:29.606072,0.000000,2.617312
4523.9846,2026-06-18T17:18:30.103815,0.000000,2.617008
4524.5055,2026-06-18T17:18:30.624686,0.000000,2.616668
4524.9863,2026-06-18T17:18:31.105476,0.000000,2.616448
4525.4786,2026-06-18T17:18:31.597835,0.000000,2.616312
4525.9770,2026-06-18T17:18:32.096254,0.000000,2.616188
4526.4786,2026-06-18T17:18:32.597828,0.000000,2.615968
4526.9734,2026-06-18T17:18:33.092630,0.000000,2.615560
4527.4701,2026-06-18T17:18:33.589322,0.000000,2.614668
4527.9651,2026-06-18T17:18:34.084281,0.000000,2.613884
4528.4715,2026-06-18T17:18:34.590756,0.000000,2.613564
4528.9486,2026-06-18T17:18:35.067844,0.000000,2.613088
4529.4585,2026-06-18T17:18:35.577684,0.000000,2.613140
4529.9579,2026-06-18T17:18:36.077115,0.000000,2.612956
4530.4548,2026-06-18T17:18:36.574035,0.000000,2.612588
4530.9476,2026-06-18T17:18:37.066820,0.000000,2.612496
4531.4522,2026-06-18T17:18:37.571390,0.000000,2.611884
4531.9598,2026-06-18T17:18:38.079040,0.000000,2.611224
4532.4582,2026-06-18T17:18:38.577410,0.000000,2.610552
4532.9487,2026-06-18T17:18:39.067926,0.000000,2.609844
4533.4500,2026-06-18T17:18:39.569215,0.000000,2.609064
4533.9440,2026-06-18T17:18:40.063239,0.000000,2.608432
4534.4441,2026-06-18T17:18:40.563289,0.000000,2.608096
4534.9411,2026-06-18T17:18:41.060276,0.000000,2.607440
4535.4350,2026-06-18T17:18:41.554228,0.000000,2.607216
4535.9450,2026-06-18T17:18:42.064215,0.000000,2.606944
4536.4501,2026-06-18T17:18:42.569329,0.000000,2.606184
4536.9422,2026-06-18T17:18:43.061412,0.000000,2.605744
4537.4356,2026-06-18T17:18:43.554804,0.000000,2.605092
4537.9337,2026-06-18T17:18:44.052893,0.000000,2.604712
4538.4353,2026-06-18T17:18:44.554539,0.000000,2.604464
4538.9354,2026-06-18T17:18:45.054618,0.000000,2.604020
4539.4540,2026-06-18T17:18:45.573184,0.000000,2.603844
4539.9449,2026-06-18T17:18:46.064110,0.000000,2.603392
4540.4191,2026-06-18T17:18:46.538301,0.000000,2.602564
4540.9197,2026-06-18T17:18:47.038921,0.000000,2.602020
4541.4119,2026-06-18T17:18:47.531100,0.000000,2.601580
4541.9179,2026-06-18T17:18:48.037118,0.000000,2.601308
4542.4174,2026-06-18T17:18:48.536639,0.000000,2.601240
4542.9117,2026-06-18T17:18:49.030864,0.000000,2.600992
4543.4272,2026-06-18T17:18:49.546390,0.000000,2.600140
4543.9270,2026-06-18T17:18:50.046238,0.000000,2.599144
4544.4274,2026-06-18T17:18:50.546629,0.000000,2.598120
4544.9264,2026-06-18T17:18:51.045609,0.000000,2.597360
4545.4114,2026-06-18T17:18:51.530666,0.000000,2.596780
4545.9096,2026-06-18T17:18:52.028789,0.000000,2.596212
4546.4005,2026-06-18T17:18:52.519665,0.000000,2.595852
4546.9015,2026-06-18T17:18:53.020694,0.000000,2.595508
4547.3754,2026-06-18T17:18:53.494625,0.000000,2.595372
4547.8754,2026-06-18T17:18:53.994644,0.000000,2.595412
4548.3699,2026-06-18T17:18:54.489084,0.000000,2.595500
4548.8688,2026-06-18T17:18:54.988045,0.000000,2.594968
4549.3471,2026-06-18T17:18:55.466334,0.000000,2.594252
4549.8254,2026-06-18T17:18:55.944602,0.000000,2.593408
4550.3047,2026-06-18T17:18:56.423884,0.000000,2.592688
4550.7770,2026-06-18T17:18:56.896255,0.000000,2.592208
4551.2705,2026-06-18T17:18:57.389694,0.000000,2.591452
4551.7795,2026-06-18T17:18:57.898746,0.000000,2.590784
4552.2912,2026-06-18T17:18:58.410377,0.000000,2.589992
4552.7815,2026-06-18T17:18:58.900681,0.000000,2.589404
4553.2814,2026-06-18T17:18:59.400624,0.000000,2.588872
4553.7393,2026-06-18T17:18:59.858468,0.000000,2.588736
4554.2392,2026-06-18T17:19:00.358412,0.000000,2.588700
4554.7005,2026-06-18T17:19:00.819731,0.000000,2.588244
4555.1911,2026-06-18T17:19:01.310337,0.000000,2.588144
4555.6814,2026-06-18T17:19:01.800638,0.000000,2.587812
4556.1838,2026-06-18T17:19:02.302961,0.000000,2.586952
4556.7026,2026-06-18T17:19:02.821854,0.000000,2.586104
4557.2021,2026-06-18T17:19:03.321302,0.000000,2.585252
4557.7037,2026-06-18T17:19:03.822857,0.000000,2.584252
4558.1941,2026-06-18T17:19:04.313354,0.000000,2.583672
4558.6901,2026-06-18T17:19:04.809337,0.000000,2.583100
4559.1956,2026-06-18T17:19:05.314839,0.000000,2.582908
4559.6896,2026-06-18T17:19:05.808801,0.000000,2.582332
4560.1809,2026-06-18T17:19:06.300116,0.000000,2.581572
4560.6673,2026-06-18T17:19:06.786465,0.000000,2.581012
4561.1617,2026-06-18T17:19:07.280895,0.000000,2.579652
4561.6628,2026-06-18T17:19:07.782000,0.000000,2.578868
4562.1634,2026-06-18T17:19:08.282605,0.000000,2.578312
4562.6527,2026-06-18T17:19:08.771928,0.000000,2.577808
4563.1452,2026-06-18T17:19:09.264411,0.000000,2.577696
4563.6517,2026-06-18T17:19:09.770934,0.000000,2.577500
4564.1698,2026-06-18T17:19:10.288993,0.000000,2.577020
4564.6722,2026-06-18T17:19:10.791430,0.000000,2.576612
4565.1364,2026-06-18T17:19:11.255650,0.000000,2.575952
4565.6384,2026-06-18T17:19:11.757602,0.000000,2.575016
4566.1069,2026-06-18T17:19:12.226104,0.000000,2.574044
4566.6120,2026-06-18T17:19:12.731184,0.000000,2.572996
4567.1009,2026-06-18T17:19:13.220137,0.000000,2.572060
4567.5941,2026-06-18T17:19:13.713276,0.000000,2.571292
4568.1117,2026-06-18T17:19:14.230887,0.000000,2.571164
4568.6074,2026-06-18T17:19:14.726570,0.000000,2.570940
4569.1067,2026-06-18T17:19:15.225893,0.000000,2.570516
4569.6014,2026-06-18T17:19:15.720615,0.000000,2.570216
4570.0981,2026-06-18T17:19:16.217293,0.000000,2.569584
4570.5914,2026-06-18T17:19:16.710615,0.000000,2.568804
4571.0891,2026-06-18T17:19:17.208282,0.000000,2.568104
4571.5746,2026-06-18T17:19:17.693850,0.000000,2.567532
4572.0676,2026-06-18T17:19:18.186829,0.000000,2.566956
4572.5678,2026-06-18T17:19:18.686977,0.000000,2.566276
4573.0641,2026-06-18T17:19:19.183337,0.000000,2.565956
4573.5636,2026-06-18T17:19:19.682789,0.000000,2.565636
4574.0524,2026-06-18T17:19:20.171640,0.000000,2.565112
4574.5327,2026-06-18T17:19:20.651861,0.000000,2.564564
4575.0043,2026-06-18T17:19:21.123528,0.000000,2.563912
4575.4941,2026-06-18T17:19:21.613318,0.000000,2.563024
4575.9942,2026-06-18T17:19:22.113442,0.000000,2.562544
4576.4929,2026-06-18T17:19:22.612141,0.000000,2.562208
4576.9924,2026-06-18T17:19:23.111605,0.000000,2.561880
4577.5026,2026-06-18T17:19:23.621788,0.000000,2.561552
4578.0002,2026-06-18T17:19:24.119416,0.000000,2.560908
4578.4935,2026-06-18T17:19:24.612671,0.000000,2.560312
4578.9967,2026-06-18T17:19:25.115898,0.000000,2.559848
4579.4906,2026-06-18T17:19:25.609856,0.000000,2.559480
4580.0008,2026-06-18T17:19:26.120047,0.000000,2.559160
4580.5005,2026-06-18T17:19:26.619740,0.000000,2.558724
4581.0278,2026-06-18T17:19:27.146971,0.000000,2.558036
4581.5138,2026-06-18T17:19:27.632965,0.000000,2.557360
4582.0021,2026-06-18T17:19:28.121347,0.000000,2.556804
4582.5003,2026-06-18T17:19:28.619511,0.000000,2.556520
4582.9764,2026-06-18T17:19:29.095579,0.000000,2.556216
4583.4732,2026-06-18T17:19:29.592376,0.000000,2.556156
4583.9600,2026-06-18T17:19:30.079169,0.000000,2.555700
4584.4610,2026-06-18T17:19:30.580220,0.000000,2.555032
4584.9716,2026-06-18T17:19:31.090786,0.000000,2.554320
4585.4600,2026-06-18T17:19:31.579217,0.000000,2.553532
4585.9517,2026-06-18T17:19:32.070886,0.000000,2.552892
4586.4489,2026-06-18T17:19:32.568075,0.000000,2.552124
4586.9444,2026-06-18T17:19:33.063622,0.000000,2.550924
4587.4399,2026-06-18T17:19:33.559124,0.000000,2.549848
4587.9332,2026-06-18T17:19:34.052463,0.000000,2.548580
4588.4550,2026-06-18T17:19:34.574167,0.000000,2.547776
4588.9512,2026-06-18T17:19:35.070439,0.000000,2.547724
4589.4497,2026-06-18T17:19:35.568894,0.000000,2.547440
4589.9426,2026-06-18T17:19:36.061761,0.000000,2.547008
4590.4407,2026-06-18T17:19:36.559913,0.000000,2.546260
4590.9282,2026-06-18T17:19:37.047359,0.000000,2.545056
4591.4181,2026-06-18T17:19:37.537318,0.000000,2.543968
4591.8878,2026-06-18T17:19:38.006972,0.000000,2.543192
4592.3689,2026-06-18T17:19:38.488239,0.000000,2.542664
4592.8895,2026-06-18T17:19:39.008728,0.000000,2.542308
4593.3578,2026-06-18T17:19:39.477041,0.000000,2.541912
4593.8381,2026-06-18T17:19:39.957320,0.000000,2.541152
4594.3348,2026-06-18T17:19:40.453969,0.000000,2.540192
4594.8059,2026-06-18T17:19:40.925130,0.000000,2.539200
4595.3092,2026-06-18T17:19:41.428406,0.000000,2.538152
4595.7942,2026-06-18T17:19:41.913371,0.000000,2.537300
4596.2859,2026-06-18T17:19:42.405122,0.000000,2.536548
4596.7852,2026-06-18T17:19:42.904372,0.000000,2.535856
4597.3133,2026-06-18T17:19:43.432466,0.000000,2.535212
4597.8087,2026-06-18T17:19:43.927879,0.000000,2.534644
4598.3092,2026-06-18T17:19:44.428453,0.000000,2.534052
4598.8124,2026-06-18T17:19:44.931656,0.000000,2.533196
4599.3134,2026-06-18T17:19:45.432651,0.000000,2.532100
4599.8154,2026-06-18T17:19:45.934619,0.000000,2.531688
4600.3365,2026-06-18T17:19:46.455665,0.000000,2.530864
4600.8247,2026-06-18T17:19:46.943881,0.000000,2.530120
4601.3233,2026-06-18T17:19:47.442489,0.000000,2.529428
4601.8281,2026-06-18T17:19:47.947326,0.000000,2.528132
4602.3265,2026-06-18T17:19:48.445674,0.000000,2.527472
4602.8302,2026-06-18T17:19:48.949430,0.000000,2.526808
4603.3252,2026-06-18T17:19:49.444374,0.000000,2.526672
4603.8339,2026-06-18T17:19:49.953110,0.000000,2.526508
4604.3232,2026-06-18T17:19:50.442449,0.000000,2.525872
4604.8044,2026-06-18T17:19:50.923590,0.000000,2.525200
4605.2974,2026-06-18T17:19:51.416601,0.000000,2.524576
4605.7933,2026-06-18T17:19:51.912534,0.000000,2.523920
4606.2889,2026-06-18T17:19:52.408071,0.000000,2.523420
4606.7939,2026-06-18T17:19:52.913123,0.000000,2.523012
4607.2923,2026-06-18T17:19:53.411476,0.000000,2.521988
4607.8103,2026-06-18T17:19:53.929483,0.000000,2.521124
4608.3072,2026-06-18T17:19:54.426369,0.000000,2.520720
4608.8111,2026-06-18T17:19:54.930306,0.000000,2.520004
4609.3092,2026-06-18T17:19:55.428422,0.000000,2.519532
4609.7987,2026-06-18T17:19:55.917905,0.000000,2.519108
4610.2968,2026-06-18T17:19:56.416010,0.000000,2.518688
4610.7927,2026-06-18T17:19:56.911916,0.000000,2.518772
4611.3151,2026-06-18T17:19:57.434332,0.000000,2.518576
4611.8052,2026-06-18T17:19:57.924422,0.000000,2.517812
4612.3003,2026-06-18T17:19:58.419537,0.000000,2.516956
4612.7927,2026-06-18T17:19:58.911936,0.000000,2.516012
4613.2963,2026-06-18T17:19:59.415520,0.000000,2.515516
4613.7899,2026-06-18T17:19:59.909068,0.000000,2.515160
4614.2928,2026-06-18T17:20:00.411996,0.000000,2.514352
4614.7774,2026-06-18T17:20:00.896577,0.000000,2.513556
4615.2522,2026-06-18T17:20:01.371411,0.000000,2.512488
4615.7467,2026-06-18T17:20:01.865895,0.000000,2.511952
4616.2555,2026-06-18T17:20:02.374688,0.000000,2.511268
4616.7546,2026-06-18T17:20:02.873816,0.000000,2.510408
4617.2578,2026-06-18T17:20:03.377031,0.000000,2.509780
4617.7346,2026-06-18T17:20:03.853811,0.000000,2.508800
4618.2267,2026-06-18T17:20:04.345951,0.000000,2.508228
4618.7123,2026-06-18T17:20:04.831511,0.000000,2.507404
4619.2140,2026-06-18T17:20:05.333179,0.000000,2.506472
4619.7096,2026-06-18T17:20:05.828819,0.000000,2.505420
4620.2217,2026-06-18T17:20:06.340893,0.000000,2.504340
4620.7122,2026-06-18T17:20:06.831419,0.000000,2.503744
4621.2070,2026-06-18T17:20:07.326198,0.000000,2.503368
4621.6668,2026-06-18T17:20:07.786006,0.000000,2.503060
4622.1723,2026-06-18T17:20:08.291523,0.000000,2.502752
4622.6675,2026-06-18T17:20:08.786721,0.000000,2.502108
4623.1732,2026-06-18T17:20:09.292443,0.000000,2.501052
4623.6716,2026-06-18T17:20:09.790818,0.000000,2.500152
4624.1577,2026-06-18T17:20:10.276912,0.000000,2.499200
4624.6613,2026-06-18T17:20:10.780480,0.000000,2.498484
4625.1612,2026-06-18T17:20:11.280371,0.000000,2.497476
4625.6533,2026-06-18T17:20:11.772504,0.000000,2.496696
4626.1489,2026-06-18T17:20:12.268156,0.000000,2.495888
4626.6530,2026-06-18T17:20:12.772252,0.000000,2.495068
4627.1540,2026-06-18T17:20:13.273175,0.000000,2.494488
4627.6552,2026-06-18T17:20:13.774381,0.000000,2.493768
4628.1807,2026-06-18T17:20:14.299937,0.000000,2.493188
4628.6821,2026-06-18T17:20:14.801334,0.000000,2.492512
4629.1774,2026-06-18T17:20:15.296581,0.000000,2.491836
4629.6723,2026-06-18T17:20:15.791504,0.000000,2.491204
4630.1695,2026-06-18T17:20:16.288676,0.000000,2.490400
4630.6638,2026-06-18T17:20:16.782996,0.000000,2.489688
4631.1592,2026-06-18T17:20:17.278372,0.000000,2.488916
4631.6425,2026-06-18T17:20:17.761748,0.000000,2.488352
4632.1402,2026-06-18T17:20:18.259362,0.000000,2.488284
4632.6432,2026-06-18T17:20:18.762435,0.000000,2.487668
4633.1413,2026-06-18T17:20:19.260555,0.000000,2.486872
4633.6470,2026-06-18T17:20:19.766200,0.000000,2.486180
4634.1400,2026-06-18T17:20:20.259188,0.000000,2.484960
4634.6372,2026-06-18T17:20:20.756367,0.000000,2.484112
4635.1576,2026-06-18T17:20:21.276820,0.000000,2.483496
4635.6545,2026-06-18T17:20:21.773738,0.000000,2.482704
4636.1552,2026-06-18T17:20:22.274375,0.000000,2.482080
4636.6520,2026-06-18T17:20:22.771255,0.000000,2.481508
4637.1554,2026-06-18T17:20:23.274575,0.000000,2.480852
4637.6589,2026-06-18T17:20:23.778132,0.000000,2.480120
4638.1573,2026-06-18T17:20:24.276523,0.000000,2.479284
4638.6845,2026-06-18T17:20:24.803745,0.000000,2.478676
4639.1869,2026-06-18T17:20:25.306089,0.000000,2.477756
4639.6824,2026-06-18T17:20:25.801563,0.000000,2.477148
4640.1760,2026-06-18T17:20:26.295251,0.000000,2.476512
4640.6761,2026-06-18T17:20:26.795265,0.000000,2.475556
4641.1686,2026-06-18T17:20:27.287810,0.000000,2.474680
4641.6607,2026-06-18T17:20:27.779954,0.000000,2.474056
4642.1899,2026-06-18T17:20:28.309148,0.000000,2.473388
4642.6677,2026-06-18T17:20:28.786889,0.000000,2.472552
4643.1375,2026-06-18T17:20:29.256705,0.000000,2.472000
4643.6144,2026-06-18T17:20:29.733612,0.000000,2.470988
4644.0982,2026-06-18T17:20:30.217438,0.000000,2.470060
4644.5863,2026-06-18T17:20:30.705494,0.000000,2.469436
4645.0860,2026-06-18T17:20:31.205230,0.000000,2.468752
4645.5526,2026-06-18T17:20:31.671822,0.000000,2.468072
4646.0462,2026-06-18T17:20:32.165420,0.000000,2.467432
4646.5413,2026-06-18T17:20:32.660520,0.000000,2.466448
4647.0694,2026-06-18T17:20:33.188566,0.000000,2.465752
4647.5414,2026-06-18T17:20:33.660621,0.000000,2.464844
4648.0083,2026-06-18T17:20:34.127547,0.000000,2.463744
4648.5136,2026-06-18T17:20:34.632822,0.000000,2.463008
4649.0032,2026-06-18T17:20:35.122459,0.000000,2.462236
4649.5081,2026-06-18T17:20:35.627278,0.000000,2.461356
4649.9684,2026-06-18T17:20:36.087627,0.000000,2.460720
4650.4676,2026-06-18T17:20:36.586833,0.000000,2.459956
4650.9610,2026-06-18T17:20:37.080163,0.000000,2.458964
4651.4692,2026-06-18T17:20:37.588381,0.000000,2.458056
4651.9718,2026-06-18T17:20:38.090969,0.000000,2.457284
4652.4772,2026-06-18T17:20:38.596437,0.000000,2.456496
4652.9696,2026-06-18T17:20:39.088777,0.000000,2.455632
4653.4654,2026-06-18T17:20:39.584611,0.000000,2.455036
4653.9669,2026-06-18T17:20:40.086093,0.000000,2.454276
4654.4476,2026-06-18T17:20:40.566764,0.000000,2.453080
4654.9291,2026-06-18T17:20:41.048342,0.000000,2.452184
4655.4196,2026-06-18T17:20:41.538801,0.000000,2.451492
4655.9331,2026-06-18T17:20:42.052324,0.000000,2.450640
4656.4302,2026-06-18T17:20:42.549426,0.000000,2.450472
4656.9214,2026-06-18T17:20:43.040603,0.000000,2.450176
4657.4142,2026-06-18T17:20:43.533431,0.000000,2.449800
4657.9032,2026-06-18T17:20:44.022424,0.000000,2.449300
4658.3872,2026-06-18T17:20:44.506376,0.000000,2.448532
4658.8733,2026-06-18T17:20:44.992516,0.000000,2.447900
4659.3643,2026-06-18T17:20:45.483500,0.000000,2.447160
4659.8613,2026-06-18T17:20:45.980486,0.000000,2.446712
4660.3524,2026-06-18T17:20:46.471600,0.000000,2.446300
4660.8445,2026-06-18T17:20:46.963683,0.000000,2.445788
4661.3362,2026-06-18T17:20:47.455431,0.000000,2.445060
4661.8371,2026-06-18T17:20:47.956342,0.000000,2.444612
4662.3350,2026-06-18T17:20:48.454212,0.000000,2.443996
4662.8269,2026-06-18T17:20:48.946112,0.000000,2.443216
4663.3191,2026-06-18T17:20:49.438269,0.000000,2.442524
4663.8112,2026-06-18T17:20:49.930461,0.000000,2.441688
4664.3051,2026-06-18T17:20:50.424323,0.000000,2.440920
4664.8094,2026-06-18T17:20:50.928654,0.000000,2.439812
4665.3091,2026-06-18T17:20:51.428325,0.000000,2.438544
4665.8054,2026-06-18T17:20:51.924646,0.000000,2.437468
4666.3030,2026-06-18T17:20:52.422180,0.000000,2.436444
4666.8263,2026-06-18T17:20:52.945508,0.000000,2.435744
4667.2941,2026-06-18T17:20:53.413297,0.000000,2.435484
4667.7946,2026-06-18T17:20:53.913816,0.000000,2.434764
4668.2740,2026-06-18T17:20:54.393245,0.000000,2.433700
4668.7526,2026-06-18T17:20:54.871848,0.000000,2.433120
4669.2510,2026-06-18T17:20:55.370175,0.000000,2.432068
4669.7500,2026-06-18T17:20:55.869224,0.000000,2.431536
4670.2510,2026-06-18T17:20:56.370173,0.000000,2.430936
4670.7435,2026-06-18T17:20:56.862741,0.000000,2.430384
4671.2609,2026-06-18T17:20:57.380121,0.000000,2.429544
4671.7569,2026-06-18T17:20:57.876082,0.000000,2.428464
4672.2662,2026-06-18T17:20:58.385427,0.000000,2.427900
4672.7672,2026-06-18T17:20:58.886418,0.000000,2.427176
4673.2491,2026-06-18T17:20:59.368343,0.000000,2.426604
4673.7438,2026-06-18T17:20:59.863037,0.000000,2.426128
4674.2368,2026-06-18T17:21:00.355968,0.000000,2.425096
4674.7348,2026-06-18T17:21:00.854022,0.000000,2.424020
4675.2583,2026-06-18T17:21:01.377507,0.000000,2.423048
4675.7510,2026-06-18T17:21:01.870184,0.000000,2.422396
4676.2563,2026-06-18T17:21:02.375467,0.000000,2.421648
4676.7551,2026-06-18T17:21:02.874298,0.000000,2.420796
4677.2551,2026-06-18T17:21:03.374303,0.000000,2.419704
4677.7565,2026-06-18T17:21:03.875723,0.000000,2.418208
4678.2714,2026-06-18T17:21:04.390580,0.000000,2.416648
4678.7683,2026-06-18T17:21:04.887466,0.000000,2.415120
4679.2653,2026-06-18T17:21:05.384539,0.000000,2.413928
4679.7619,2026-06-18T17:21:05.881103,0.000000,2.412676
4680.2652,2026-06-18T17:21:06.384439,0.000000,2.411500
4680.7586,2026-06-18T17:21:06.877786,0.000000,2.410632
4681.2439,2026-06-18T17:21:07.363151,0.000000,2.409764
4681.7657,2026-06-18T17:21:07.884918,0.000000,2.409168
4682.2682,2026-06-18T17:21:08.387391,0.000000,2.408884
4682.7654,2026-06-18T17:21:08.884564,0.000000,2.408728
4683.2499,2026-06-18T17:21:09.369109,0.000000,2.408068
4683.7468,2026-06-18T17:21:09.865978,0.000000,2.407148
4684.2288,2026-06-18T17:21:10.347968,0.000000,2.406300
4684.7160,2026-06-18T17:21:10.835244,0.000000,2.405412
4685.2102,2026-06-18T17:21:11.329409,0.000000,2.404544
4685.7345,2026-06-18T17:21:11.853694,0.000000,2.403948
4686.2303,2026-06-18T17:21:12.349514,0.000000,2.403168
4686.7345,2026-06-18T17:21:12.853706,0.000000,2.402196
4687.2303,2026-06-18T17:21:13.349517,0.000000,2.401352
4687.7319,2026-06-18T17:21:13.851074,0.000000,2.400904
4688.2302,2026-06-18T17:21:14.349390,0.000000,2.400312
4688.7234,2026-06-18T17:21:14.842604,0.000000,2.399740
4689.2384,2026-06-18T17:21:15.357570,0.000000,2.399424
4689.7093,2026-06-18T17:21:15.828464,0.000000,2.398572
4690.2066,2026-06-18T17:21:16.325785,0.000000,2.397768
4690.7016,2026-06-18T17:21:16.820858,0.000000,2.396932
4691.1897,2026-06-18T17:21:17.308926,0.000000,2.396300
4691.6899,2026-06-18T17:21:17.809128,0.000000,2.395668
4692.1768,2026-06-18T17:21:18.295997,0.000000,2.395300
4692.6758,2026-06-18T17:21:18.794995,0.000000,2.394936
4693.2014,2026-06-18T17:21:19.320636,0.000000,2.394088
4693.6971,2026-06-18T17:21:19.816303,0.000000,2.393012
4694.1441,2026-06-18T17:21:20.263310,0.000000,2.391844
4694.6213,2026-06-18T17:21:20.740486,0.000000,2.390640
4695.0944,2026-06-18T17:21:21.213568,0.000000,2.389296
4695.6150,2026-06-18T17:21:21.734210,0.000000,2.388196
4696.0969,2026-06-18T17:21:22.216058,0.000000,2.387224
4696.5728,2026-06-18T17:21:22.691991,0.000000,2.386804
4697.0440,2026-06-18T17:21:23.163188,0.000000,2.386500
4697.5026,2026-06-18T17:21:23.621827,0.000000,2.386084
4697.9647,2026-06-18T17:21:24.083867,0.000000,2.385260
4698.4146,2026-06-18T17:21:24.533773,0.000000,2.384648
4698.9127,2026-06-18T17:21:25.031858,0.000000,2.383732
4699.3893,2026-06-18T17:21:25.508506,0.000000,2.383032
4699.8926,2026-06-18T17:21:26.011781,0.000000,2.382424
4700.3918,2026-06-18T17:21:26.511023,0.000000,2.381552
4700.8811,2026-06-18T17:21:27.000326,0.000000,2.381084
4701.3867,2026-06-18T17:21:27.505917,0.000000,2.380372
4701.8906,2026-06-18T17:21:28.009845,0.000000,2.379700
4702.3928,2026-06-18T17:21:28.512012,0.000000,2.379136
4702.8847,2026-06-18T17:21:29.003910,0.000000,2.378292
4703.3730,2026-06-18T17:21:29.492209,0.000000,2.377552
4703.8712,2026-06-18T17:21:29.990414,0.000000,2.376460
4704.3578,2026-06-18T17:21:30.477000,0.000000,2.375152
4704.8610,2026-06-18T17:21:30.980177,0.000000,2.373760
4705.3499,2026-06-18T17:21:31.469127,0.000000,2.372400
4705.8736,2026-06-18T17:21:31.992837,0.000000,2.371488
4706.3690,2026-06-18T17:21:32.488169,0.000000,2.370768
4706.8503,2026-06-18T17:21:32.969460,0.000000,2.370564
4707.3509,2026-06-18T17:21:33.470106,0.000000,2.370128
4707.8404,2026-06-18T17:21:33.959651,0.000000,2.369580
4708.3466,2026-06-18T17:21:34.465837,0.000000,2.368824
4708.8385,2026-06-18T17:21:34.957701,0.000000,2.367620
4709.3344,2026-06-18T17:21:35.453625,0.000000,2.366896
4709.8262,2026-06-18T17:21:35.945392,0.000000,2.366032
4710.3399,2026-06-18T17:21:36.459077,0.000000,2.365268
4710.8318,2026-06-18T17:21:36.950965,0.000000,2.364584
4711.3298,2026-06-18T17:21:37.448976,0.000000,2.363460
4711.8260,2026-06-18T17:21:37.945211,0.000000,2.362428
4712.3298,2026-06-18T17:21:38.449021,0.000000,2.361596
4712.8212,2026-06-18T17:21:38.940358,0.000000,2.360764
4713.3226,2026-06-18T17:21:39.441768,0.000000,2.360028
4713.8286,2026-06-18T17:21:39.947848,0.000000,2.359496
4714.3300,2026-06-18T17:21:40.449180,0.000000,2.358900
4714.8306,2026-06-18T17:21:40.949762,0.000000,2.358008
4715.3543,2026-06-18T17:21:41.473471,0.000000,2.357080
4715.8268,2026-06-18T17:21:41.946053,0.000000,2.355656
4716.2953,2026-06-18T17:21:42.414544,0.000000,2.354296
4716.7891,2026-06-18T17:21:42.908294,0.000000,2.352900
4717.3105,2026-06-18T17:21:43.429664,0.000000,2.351712
4717.8079,2026-06-18T17:21:43.927063,0.000000,2.350812
4718.2968,2026-06-18T17:21:44.415997,0.000000,2.349684
4718.7969,2026-06-18T17:21:44.916075,0.000000,2.349084
4719.2843,2026-06-18T17:21:45.403552,0.000000,2.348464
4719.7947,2026-06-18T17:21:45.913912,0.000000,2.347672
4720.2859,2026-06-18T17:21:46.405137,0.000000,2.346988
4720.8002,2026-06-18T17:21:46.919410,0.000000,2.346260
4721.2906,2026-06-18T17:21:47.409771,0.000000,2.345588
4721.7927,2026-06-18T17:21:47.911942,0.000000,2.344900
4722.2769,2026-06-18T17:21:48.396066,0.000000,2.344180
4722.7711,2026-06-18T17:21:48.890337,0.000000,2.343124
4723.2491,2026-06-18T17:21:49.368299,0.000000,2.342016
4723.7567,2026-06-18T17:21:49.875942,0.000000,2.340964
4724.2513,2026-06-18T17:21:50.370455,0.000000,2.339892
4724.7770,2026-06-18T17:21:50.896192,0.000000,2.338940
4725.2703,2026-06-18T17:21:51.389453,0.000000,2.338212
4725.7752,2026-06-18T17:21:51.894456,0.000000,2.337208
4726.2696,2026-06-18T17:21:52.388825,0.000000,2.336476
4726.7750,2026-06-18T17:21:52.894248,0.000000,2.335828
4727.2707,2026-06-18T17:21:53.389948,0.000000,2.335096
4727.7637,2026-06-18T17:21:53.882869,0.000000,2.334832
4728.2862,2026-06-18T17:21:54.405423,0.000000,2.334404
4728.7644,2026-06-18T17:21:54.883568,0.000000,2.333768
4729.2634,2026-06-18T17:21:55.382649,0.000000,2.332916
4729.7534,2026-06-18T17:21:55.872578,0.000000,2.331808
4730.2516,2026-06-18T17:21:56.370853,0.000000,2.330740
4730.7512,2026-06-18T17:21:56.870454,0.000000,2.329668
4731.2483,2026-06-18T17:21:57.367532,0.000000,2.328632
4731.7376,2026-06-18T17:21:57.856835,0.000000,2.328064
4732.2638,2026-06-18T17:21:58.382968,0.000000,2.327732
4732.7596,2026-06-18T17:21:58.878819,0.000000,2.327412
4733.2515,2026-06-18T17:21:59.370673,0.000000,2.327168
4733.7470,2026-06-18T17:21:59.866184,0.000000,2.326480
4734.2753,2026-06-18T17:22:00.394469,0.000000,2.325556
4734.7650,2026-06-18T17:22:00.884253,0.000000,2.324704
4735.2653,2026-06-18T17:22:01.384530,0.000000,2.323644
4735.7636,2026-06-18T17:22:01.882763,0.000000,2.322752
4736.2655,2026-06-18T17:22:02.384738,0.000000,2.321944
4736.7438,2026-06-18T17:22:02.863012,0.000000,2.320908
4737.2140,2026-06-18T17:22:03.333213,0.000000,2.320196
4737.6926,2026-06-18T17:22:03.811813,0.000000,2.319568
4738.1872,2026-06-18T17:22:04.306371,0.000000,2.318688
4738.6899,2026-06-18T17:22:04.809109,0.000000,2.317888
4739.1914,2026-06-18T17:22:05.310609,0.000000,2.316964
4739.6815,2026-06-18T17:22:05.800690,0.000000,2.315752
4740.1479,2026-06-18T17:22:06.267128,0.000000,2.314740
4740.6471,2026-06-18T17:22:06.766280,0.000000,2.313928
4741.1452,2026-06-18T17:22:07.264385,0.000000,2.313268
4741.6348,2026-06-18T17:22:07.753966,0.000000,2.312432
4742.1103,2026-06-18T17:22:08.229485,0.000000,2.312144
4742.6071,2026-06-18T17:22:08.726318,0.000000,2.311688
4743.0931,2026-06-18T17:22:09.212292,0.000000,2.310980
4743.6094,2026-06-18T17:22:09.728619,0.000000,2.310480
4744.0940,2026-06-18T17:22:10.213194,0.000000,2.309336
4744.5554,2026-06-18T17:22:10.674590,0.000000,2.308544
4745.0514,2026-06-18T17:22:11.170610,0.000000,2.307756
4745.5483,2026-06-18T17:22:11.667517,0.000000,2.306852
4746.0382,2026-06-18T17:22:12.157418,0.000000,2.306116
4746.5391,2026-06-18T17:22:12.658282,0.000000,2.305440
4747.0258,2026-06-18T17:22:13.145098,0.000000,2.305008
4747.5259,2026-06-18T17:22:13.645148,0.000000,2.304664
4748.0224,2026-06-18T17:22:14.141642,0.000000,2.304344
4748.5481,2026-06-18T17:22:14.667283,0.000000,2.303496
4749.0414,2026-06-18T17:22:15.160650,0.000000,2.302236
4749.5299,2026-06-18T17:22:15.649073,0.000000,2.301088
4750.0161,2026-06-18T17:22:16.135340,0.000000,2.299852
4750.5128,2026-06-18T17:22:16.632039,0.000000,2.298692
4751.0155,2026-06-18T17:22:17.134680,0.000000,2.297452
4751.5067,2026-06-18T17:22:17.625944,0.000000,2.296140
4752.0299,2026-06-18T17:22:18.149124,0.000000,2.295016
4752.5322,2026-06-18T17:22:18.651388,0.000000,2.293796
4753.0330,2026-06-18T17:22:19.152180,0.000000,2.292732
4753.5046,2026-06-18T17:22:19.623810,0.000000,2.291720
4753.9990,2026-06-18T17:22:20.118173,0.000000,2.290600
4754.4875,2026-06-18T17:22:20.606748,0.000000,2.289376
4754.9863,2026-06-18T17:22:21.105495,0.000000,2.288192
4755.4726,2026-06-18T17:22:21.591780,0.000000,2.287208
4755.9707,2026-06-18T17:22:22.089959,0.000000,2.286444
4756.4868,2026-06-18T17:22:22.605986,0.000000,2.285752
4756.9621,2026-06-18T17:22:23.081304,0.000000,2.285540
4757.4611,2026-06-18T17:22:23.580360,0.000000,2.284552
4757.9363,2026-06-18T17:22:24.055543,0.000000,2.283252
4758.4317,2026-06-18T17:22:24.550872,0.000000,2.282188
4758.9246,2026-06-18T17:22:25.043788,0.000000,2.280816
4759.4140,2026-06-18T17:22:25.533184,0.000000,2.279796
4759.9150,2026-06-18T17:22:26.034163,0.000000,2.279056
4760.4111,2026-06-18T17:22:26.530319,0.000000,2.278280
4760.9280,2026-06-18T17:22:27.047175,0.000000,2.277184
4761.4277,2026-06-18T17:22:27.546929,0.000000,2.276228
4761.9321,2026-06-18T17:22:28.051337,0.000000,2.275640
4762.4250,2026-06-18T17:22:28.544158,0.000000,2.274824
4762.9157,2026-06-18T17:22:29.034868,0.000000,2.274076
4763.4181,2026-06-18T17:22:29.537270,0.000000,2.273068
4763.9194,2026-06-18T17:22:30.038589,0.000000,2.272028
4764.3983,2026-06-18T17:22:30.517544,0.000000,2.271172
4764.9154,2026-06-18T17:22:31.034642,0.000000,2.270556
4765.4034,2026-06-18T17:22:31.522620,0.000000,2.269964
4765.8907,2026-06-18T17:22:32.009858,0.000000,2.269236
4766.3807,2026-06-18T17:22:32.499936,0.000000,2.268332
4766.8763,2026-06-18T17:22:32.995556,0.000000,2.267312
4767.3721,2026-06-18T17:22:33.491348,0.000000,2.266404
4767.8722,2026-06-18T17:22:33.991373,0.000000,2.265400
4768.3984,2026-06-18T17:22:34.517609,0.000000,2.264688
4768.8955,2026-06-18T17:22:35.014734,0.000000,2.263912
4769.4042,2026-06-18T17:22:35.523457,0.000000,2.263396
4769.8958,2026-06-18T17:22:36.014966,0.000000,2.262744
4770.4000,2026-06-18T17:22:36.519260,0.000000,2.262060
4770.8992,2026-06-18T17:22:37.018437,0.000000,2.261456
4771.4224,2026-06-18T17:22:37.541632,0.000000,2.260444
4771.9247,2026-06-18T17:22:38.043942,0.000000,2.259552
4772.4147,2026-06-18T17:22:38.533944,0.000000,2.258648
4772.9115,2026-06-18T17:22:39.030721,0.000000,2.257940
4773.4081,2026-06-18T17:22:39.527300,0.000000,2.257444
4773.9061,2026-06-18T17:22:40.025262,0.000000,2.256928
4774.4116,2026-06-18T17:22:40.530835,0.000000,2.256344
4774.9038,2026-06-18T17:22:41.022981,0.000000,2.255132
4775.4442,2026-06-18T17:22:41.563393,0.000000,2.253848
4775.9401,2026-06-18T17:22:42.059329,0.000000,2.252184
4776.4448,2026-06-18T17:22:42.563978,0.000000,2.251088
4776.9606,2026-06-18T17:22:43.079837,0.000000,2.250564
4777.4639,2026-06-18T17:22:43.583070,0.000000,2.250136
4777.9627,2026-06-18T17:22:44.081954,0.000000,2.249440
4778.4601,2026-06-18T17:22:44.579305,0.000000,2.248536
4778.9540,2026-06-18T17:22:45.073178,0.000000,2.247428
4779.4562,2026-06-18T17:22:45.575446,0.000000,2.246240
4779.9291,2026-06-18T17:22:46.048363,0.000000,2.245620
4780.4292,2026-06-18T17:22:46.548440,0.000000,2.244988
4780.9184,2026-06-18T17:22:47.037605,0.000000,2.244320
4781.4101,2026-06-18T17:22:47.529290,0.000000,2.243624
4781.9166,2026-06-18T17:22:48.035821,0.000000,2.242860
4782.4160,2026-06-18T17:22:48.535169,0.000000,2.241644
4782.9146,2026-06-18T17:22:49.033770,0.000000,2.240740
4783.4163,2026-06-18T17:22:49.535550,0.000000,2.239608
4783.9179,2026-06-18T17:22:50.037078,0.000000,2.238792
4784.4146,2026-06-18T17:22:50.533840,0.000000,2.238012
4784.9096,2026-06-18T17:22:51.028757,0.000000,2.237116
4785.4242,2026-06-18T17:22:51.543433,0.000000,2.236296
4785.9286,2026-06-18T17:22:52.047794,0.000000,2.234912
4786.4263,2026-06-18T17:22:52.545531,0.000000,2.233660
4786.9313,2026-06-18T17:22:53.050496,0.000000,2.232468
4787.4205,2026-06-18T17:22:53.539743,0.000000,2.231468
4787.9133,2026-06-18T17:22:54.032504,0.000000,2.230644
4788.4086,2026-06-18T17:22:54.527793,0.000000,2.229712
4788.9363,2026-06-18T17:22:55.055517,0.000000,2.228604
4789.4366,2026-06-18T17:22:55.555778,0.000000,2.227208
4789.9375,2026-06-18T17:22:56.056697,0.000000,2.225912
4790.4355,2026-06-18T17:22:56.554759,0.000000,2.224572
4790.9395,2026-06-18T17:22:57.058755,0.000000,2.223632
4791.4312,2026-06-18T17:22:57.550454,0.000000,2.222728
4791.9226,2026-06-18T17:22:58.041830,0.000000,2.221688
4792.4272,2026-06-18T17:22:58.546415,0.000000,2.220492
4792.9231,2026-06-18T17:22:59.042263,0.000000,2.219000
4793.4053,2026-06-18T17:22:59.524538,0.000000,2.217608
4793.8990,2026-06-18T17:23:00.018231,0.000000,2.216688
4794.4056,2026-06-18T17:23:00.524817,0.000000,2.215984
4794.9049,2026-06-18T17:23:01.024115,0.000000,2.215180
4795.4003,2026-06-18T17:23:01.519518,0.000000,2.213980
4795.9188,2026-06-18T17:23:02.038001,0.000000,2.212576
4796.4202,2026-06-18T17:23:02.539389,0.000000,2.210940
4796.9079,2026-06-18T17:23:03.027102,0.000000,2.209524
4797.4072,2026-06-18T17:23:03.526358,0.000000,2.208764
4797.9000,2026-06-18T17:23:04.019245,0.000000,2.208140
4798.4045,2026-06-18T17:23:04.523687,0.000000,2.207416
4798.9049,2026-06-18T17:23:05.024118,0.000000,2.207036
4799.4306,2026-06-18T17:23:05.549817,0.000000,2.206552
4799.9242,2026-06-18T17:23:06.043407,0.000000,2.205752
4800.4215,2026-06-18T17:23:06.540668,0.000000,2.204928
4800.9180,2026-06-18T17:23:07.037195,0.000000,2.203980
4801.4230,2026-06-18T17:23:07.542191,0.000000,2.202740
4801.9185,2026-06-18T17:23:08.037686,0.000000,2.201668
4802.4131,2026-06-18T17:23:08.532304,0.000000,2.200960
4802.9360,2026-06-18T17:23:09.055232,0.000000,2.200316
4803.4446,2026-06-18T17:23:09.563792,0.000000,2.200256
4803.9395,2026-06-18T17:23:10.058702,0.000000,2.200708
4804.4396,2026-06-18T17:23:10.558818,0.000000,2.201404
4804.9118,2026-06-18T17:23:11.030972,0.000000,2.202068
4805.4009,2026-06-18T17:23:11.520102,0.000000,2.202428
