elapsed_s,timestamp,ch1_MEAN_V,ch2_MEAN_V
0.5076,2026-06-03T16:08:53.959024,-0.819368,0.000000
1.0147,2026-06-03T16:08:54.466151,-0.819192,0.000000
1.5050,2026-06-03T16:08:54.956416,-0.819080,0.000000
1.9684,2026-06-03T16:08:55.419764,-0.818744,0.000000
2.5009,2026-06-03T16:08:55.952334,-0.818264,0.000000
2.9603,2026-06-03T16:08:56.411755,-0.817808,0.000000
3.4330,2026-06-03T16:08:56.884424,-0.817024,0.000000
3.8960,2026-06-03T16:08:57.347421,-0.815368,0.000000
4.4212,2026-06-03T16:08:57.872600,-0.813824,0.000000
4.8957,2026-06-03T16:08:58.347089,-0.811792,0.000000
5.3547,2026-06-03T16:08:58.806105,-0.809160,0.000000
5.8212,2026-06-03T16:08:59.272645,-0.806632,0.000000
6.3011,2026-06-03T16:08:59.752545,-0.804008,0.000000
6.7713,2026-06-03T16:09:00.222700,-0.801784,0.000000
7.2612,2026-06-03T16:09:00.712617,-0.799536,0.000000
7.7549,2026-06-03T16:09:01.206267,-0.797400,0.000000
8.2517,2026-06-03T16:09:01.703106,-0.795656,0.000000
8.7623,2026-06-03T16:09:02.213702,-0.792776,0.000000
9.2624,2026-06-03T16:09:02.713769,-0.790464,0.000000
9.7614,2026-06-03T16:09:03.212864,-0.787752,0.000000
10.2580,2026-06-03T16:09:03.709462,-0.784920,0.000000
10.7565,2026-06-03T16:09:04.207899,-0.783240,0.000000
11.2544,2026-06-03T16:09:04.705785,-0.781592,0.000000
11.7210,2026-06-03T16:09:05.172441,-0.780840,0.000000
12.2224,2026-06-03T16:09:05.673830,-0.780472,0.000000
12.7221,2026-06-03T16:09:06.173549,-0.780016,0.000000
13.2304,2026-06-03T16:09:06.681846,-0.779760,0.000000
13.7356,2026-06-03T16:09:07.187017,-0.779520,0.000000
14.2313,2026-06-03T16:09:07.682740,-0.779080,0.000000
14.7169,2026-06-03T16:09:08.168330,-0.778272,0.000000
15.2071,2026-06-03T16:09:08.658492,-0.777104,0.000000
15.6809,2026-06-03T16:09:09.132358,-0.776040,0.000000
16.1806,2026-06-03T16:09:09.631959,-0.774200,0.000000
16.6815,2026-06-03T16:09:10.132935,-0.772064,0.000000
17.2103,2026-06-03T16:09:10.661755,-0.770392,0.000000
17.6825,2026-06-03T16:09:11.133880,-0.767896,0.000000
18.1978,2026-06-03T16:09:11.649251,-0.766192,0.000000
18.6829,2026-06-03T16:09:12.134364,-0.764208,0.000000
19.1829,2026-06-03T16:09:12.634279,-0.762168,0.000000
19.6796,2026-06-03T16:09:13.131043,-0.760632,0.000000
20.1785,2026-06-03T16:09:13.629886,-0.758848,0.000000
20.6849,2026-06-03T16:09:14.136278,-0.757472,0.000000
21.1813,2026-06-03T16:09:14.632681,-0.755744,0.000000
21.6857,2026-06-03T16:09:15.137108,-0.753840,0.000000
22.1795,2026-06-03T16:09:15.630937,-0.752272,0.000000
22.6788,2026-06-03T16:09:16.130231,-0.750408,0.000000
23.1829,2026-06-03T16:09:16.634363,-0.748536,0.000000
23.6784,2026-06-03T16:09:17.129868,-0.746336,0.000000
24.2108,2026-06-03T16:09:17.662212,-0.743928,0.000000
24.7186,2026-06-03T16:09:18.170029,-0.742120,0.000000
25.2166,2026-06-03T16:09:18.667973,-0.741144,0.000000
25.6888,2026-06-03T16:09:19.140227,-0.740520,0.000000
26.1918,2026-06-03T16:09:19.643229,-0.740272,0.000000
26.6898,2026-06-03T16:09:20.141175,-0.740048,0.000000
27.1950,2026-06-03T16:09:20.646409,-0.739840,0.000000
27.6910,2026-06-03T16:09:21.142457,-0.739784,0.000000
28.1982,2026-06-03T16:09:21.649628,-0.739632,0.000000
28.6917,2026-06-03T16:09:22.143121,-0.739520,0.000000
29.1971,2026-06-03T16:09:22.648490,-0.739248,0.000000
29.6924,2026-06-03T16:09:23.143775,-0.738816,0.000000
30.1527,2026-06-03T16:09:23.604083,-0.738352,0.000000
30.6456,2026-06-03T16:09:24.097010,-0.737544,0.000000
31.1140,2026-06-03T16:09:24.565466,-0.735984,0.000000
31.5728,2026-06-03T16:09:25.024225,-0.734608,0.000000
32.0616,2026-06-03T16:09:25.512991,-0.732632,0.000000
32.5632,2026-06-03T16:09:26.014640,-0.730072,0.000000
33.0575,2026-06-03T16:09:26.508915,-0.727488,0.000000
33.5112,2026-06-03T16:09:26.962637,-0.724512,0.000000
33.9825,2026-06-03T16:09:27.433917,-0.722040,0.000000
34.4567,2026-06-03T16:09:27.908136,-0.719464,0.000000
34.9491,2026-06-03T16:09:28.400541,-0.717672,0.000000
35.4585,2026-06-03T16:09:28.909907,-0.716424,0.000000
35.9145,2026-06-03T16:09:29.365942,-0.715616,0.000000
36.4181,2026-06-03T16:09:29.869539,-0.714888,0.000000
36.8993,2026-06-03T16:09:30.350721,-0.713168,0.000000
37.4018,2026-06-03T16:09:30.853187,-0.711768,0.000000
37.8660,2026-06-03T16:09:31.317386,-0.709632,0.000000
38.3303,2026-06-03T16:09:31.781736,-0.708664,0.000000
38.8267,2026-06-03T16:09:32.278140,-0.707736,0.000000
39.3198,2026-06-03T16:09:32.771178,-0.706064,0.000000
39.8150,2026-06-03T16:09:33.266427,-0.704864,0.000000
40.3127,2026-06-03T16:09:33.764097,-0.703104,0.000000
40.7830,2026-06-03T16:09:34.234437,-0.701904,0.000000
41.2539,2026-06-03T16:09:34.705276,-0.701464,0.000000
41.7112,2026-06-03T16:09:35.162669,-0.700936,0.000000
42.2016,2026-06-03T16:09:35.653040,-0.700584,0.000000
42.6978,2026-06-03T16:09:36.149214,-0.700360,0.000000
43.1790,2026-06-03T16:09:36.630404,-0.700160,0.000000
43.6701,2026-06-03T16:09:37.121554,-0.699968,0.000000
44.1293,2026-06-03T16:09:37.580707,-0.699864,0.000000
44.6308,2026-06-03T16:09:38.082224,-0.699856,0.000000
45.0791,2026-06-03T16:09:38.530537,-0.699848,0.000000
45.5863,2026-06-03T16:09:39.037736,-0.699880,0.000000
46.0540,2026-06-03T16:09:39.505446,-0.699768,0.000000
46.5101,2026-06-03T16:09:39.961529,-0.699728,0.000000
47.0007,2026-06-03T16:09:40.452111,-0.699608,0.000000
47.5126,2026-06-03T16:09:40.964021,-0.699536,0.000000
47.9890,2026-06-03T16:09:41.440390,-0.699496,0.000000
48.4868,2026-06-03T16:09:41.938264,-0.699056,0.000000
48.9436,2026-06-03T16:09:42.395000,-0.698744,0.000000
49.4370,2026-06-03T16:09:42.888397,-0.698008,0.000000
49.9014,2026-06-03T16:09:43.352785,-0.696800,0.000000
50.4128,2026-06-03T16:09:43.864258,-0.696008,0.000000
50.8788,2026-06-03T16:09:44.330227,-0.694272,0.000000
51.3815,2026-06-03T16:09:44.832928,-0.693416,0.000000
51.8814,2026-06-03T16:09:45.332800,-0.692944,0.000000
52.3595,2026-06-03T16:09:45.810948,-0.692208,0.000000
52.8219,2026-06-03T16:09:46.273365,-0.692576,0.000000
53.2735,2026-06-03T16:09:46.724951,-0.692208,0.000000
53.7669,2026-06-03T16:09:47.218315,-0.691536,0.000000
54.2708,2026-06-03T16:09:47.722197,-0.690992,0.000000
54.7690,2026-06-03T16:09:48.220380,-0.689744,0.000000
55.2634,2026-06-03T16:09:48.714799,-0.688312,0.000000
55.7273,2026-06-03T16:09:49.178688,-0.686176,0.000000
56.2359,2026-06-03T16:09:49.687268,-0.684840,0.000000
56.7141,2026-06-03T16:09:50.165477,-0.683120,0.000000
57.2095,2026-06-03T16:09:50.660880,-0.682400,0.000000
57.7147,2026-06-03T16:09:51.166098,-0.681656,0.000000
58.2059,2026-06-03T16:09:51.657348,-0.680912,0.000000
58.6679,2026-06-03T16:09:52.119347,-0.680240,0.000000
59.1454,2026-06-03T16:09:52.596795,-0.679856,0.000000
59.6458,2026-06-03T16:09:53.097212,-0.679832,0.000000
60.1399,2026-06-03T16:09:53.591266,-0.680184,0.000000
60.6716,2026-06-03T16:09:54.122986,-0.680584,0.000000
61.1765,2026-06-03T16:09:54.627945,-0.680688,0.000000
61.6741,2026-06-03T16:09:55.125544,-0.680432,0.000000
62.1475,2026-06-03T16:09:55.598955,-0.679888,0.000000
62.6185,2026-06-03T16:09:56.069903,-0.679296,0.000000
63.0703,2026-06-03T16:09:56.521757,-0.679112,0.000000
63.5487,2026-06-03T16:09:57.000079,-0.678952,0.000000
64.0466,2026-06-03T16:09:57.497994,-0.678552,0.000000
64.5788,2026-06-03T16:09:58.030188,-0.677608,0.000000
65.0346,2026-06-03T16:09:58.486062,-0.676864,0.000000
65.5502,2026-06-03T16:09:59.001608,-0.676648,0.000000
66.0504,2026-06-03T16:09:59.501822,-0.676776,0.000000
66.5361,2026-06-03T16:09:59.987522,-0.677216,0.000000
67.0386,2026-06-03T16:10:00.489972,-0.677256,0.000000
67.5360,2026-06-03T16:10:00.987422,-0.676488,0.000000
68.0385,2026-06-03T16:10:01.489877,-0.675616,0.000000
68.5677,2026-06-03T16:10:02.019135,-0.675224,0.000000
69.0663,2026-06-03T16:10:02.517746,-0.674096,0.000000
69.5680,2026-06-03T16:10:03.019452,-0.673200,0.000000
70.0706,2026-06-03T16:10:03.521972,-0.672832,0.000000
70.5663,2026-06-03T16:10:04.017754,-0.672368,0.000000
71.0935,2026-06-03T16:10:04.544932,-0.672536,0.000000
71.5745,2026-06-03T16:10:05.025957,-0.671896,0.000000
72.0522,2026-06-03T16:10:05.503662,-0.671200,0.000000
72.5584,2026-06-03T16:10:06.009828,-0.670752,0.000000
73.0579,2026-06-03T16:10:06.509342,-0.670288,0.000000
73.5072,2026-06-03T16:10:06.958655,-0.669584,0.000000
74.0014,2026-06-03T16:10:07.452864,-0.669016,0.000000
74.4996,2026-06-03T16:10:07.951015,-0.667408,0.000000
74.9988,2026-06-03T16:10:08.450231,-0.665512,0.000000
75.4971,2026-06-03T16:10:08.948491,-0.664568,0.000000
76.0025,2026-06-03T16:10:09.453931,-0.663696,0.000000
76.4951,2026-06-03T16:10:09.946495,-0.664000,0.000000
76.9914,2026-06-03T16:10:10.442794,-0.664672,0.000000
77.4863,2026-06-03T16:10:10.937711,-0.664416,0.000000
77.9843,2026-06-03T16:10:11.435756,-0.664808,0.000000
78.4770,2026-06-03T16:10:11.928401,-0.664352,0.000000
78.9344,2026-06-03T16:10:12.385885,-0.663824,0.000000
79.4232,2026-06-03T16:10:12.874575,-0.664640,0.000000
79.9009,2026-06-03T16:10:13.352295,-0.664568,0.000000
80.4070,2026-06-03T16:10:13.858430,-0.664208,0.000000
80.9154,2026-06-03T16:10:14.366850,-0.664120,0.000000
81.3788,2026-06-03T16:10:14.830237,-0.663184,0.000000
81.8786,2026-06-03T16:10:15.330000,-0.662504,0.000000
82.3831,2026-06-03T16:10:15.834494,-0.662040,0.000000
82.8736,2026-06-03T16:10:16.325043,-0.661672,0.000000
83.3689,2026-06-03T16:10:16.820303,-0.661592,0.000000
83.8431,2026-06-03T16:10:17.294513,-0.661800,0.000000
84.3456,2026-06-03T16:10:17.796983,-0.662640,0.000000
84.7918,2026-06-03T16:10:18.243196,-0.663464,0.000000
85.2927,2026-06-03T16:10:18.744105,-0.664008,0.000000
85.7428,2026-06-03T16:10:19.194244,-0.664536,0.000000
86.1926,2026-06-03T16:10:19.644037,-0.664832,0.000000
86.7254,2026-06-03T16:10:20.176843,-0.664712,0.000000
87.2262,2026-06-03T16:10:20.677633,-0.664408,0.000000
87.7013,2026-06-03T16:10:21.152715,-0.663624,0.000000
88.1779,2026-06-03T16:10:21.629301,-0.662768,0.000000
88.6341,2026-06-03T16:10:22.085541,-0.662256,0.000000
89.1407,2026-06-03T16:10:22.592119,-0.662256,0.000000
89.5940,2026-06-03T16:10:23.045398,-0.662632,0.000000
90.0761,2026-06-03T16:10:23.527480,-0.662832,0.000000
90.5358,2026-06-03T16:10:23.987227,-0.662936,0.000000
91.0385,2026-06-03T16:10:24.489895,-0.662616,0.000000
91.5350,2026-06-03T16:10:24.986394,-0.662264,0.000000
92.0096,2026-06-03T16:10:25.460981,-0.661736,0.000000
92.5022,2026-06-03T16:10:25.953648,-0.661888,0.000000
93.0007,2026-06-03T16:10:26.452107,-0.662008,0.000000
93.5071,2026-06-03T16:10:26.958505,-0.662576,0.000000
94.0102,2026-06-03T16:10:27.461602,-0.662704,0.000000
94.5112,2026-06-03T16:10:27.962658,-0.662280,0.000000
94.9942,2026-06-03T16:10:28.445660,-0.661960,0.000000
95.4869,2026-06-03T16:10:28.938295,-0.661552,0.000000
95.9427,2026-06-03T16:10:29.394166,-0.661432,0.000000
96.4180,2026-06-03T16:10:29.869422,-0.661440,0.000000
96.9149,2026-06-03T16:10:30.366337,-0.661408,0.000000
97.4201,2026-06-03T16:10:30.871511,-0.661376,0.000000
97.9382,2026-06-03T16:10:31.389643,-0.661352,0.000000
98.4420,2026-06-03T16:10:31.893429,-0.661352,0.000000
98.9448,2026-06-03T16:10:32.396267,-0.661560,0.000000
99.4472,2026-06-03T16:10:32.898646,-0.661696,0.000000
99.9418,2026-06-03T16:10:33.393275,-0.661664,0.000000
100.4047,2026-06-03T16:10:33.856114,-0.661640,0.000000
100.9069,2026-06-03T16:10:34.358336,-0.661352,0.000000
101.4348,2026-06-03T16:10:34.886168,-0.661024,0.000000
101.9311,2026-06-03T16:10:35.382552,-0.661120,0.000000
102.4067,2026-06-03T16:10:35.858099,-0.661288,0.000000
102.8844,2026-06-03T16:10:36.335792,-0.661408,0.000000
103.3755,2026-06-03T16:10:36.826958,-0.661512,0.000000
103.8707,2026-06-03T16:10:37.322169,-0.661624,0.000000
104.3322,2026-06-03T16:10:37.783628,-0.661504,0.000000
104.8341,2026-06-03T16:10:38.285493,-0.661488,0.000000
105.3133,2026-06-03T16:10:38.764720,-0.661656,0.000000
105.8073,2026-06-03T16:10:39.258694,-0.661648,0.000000
106.3032,2026-06-03T16:10:39.754619,-0.661624,0.000000
106.8068,2026-06-03T16:10:40.258250,-0.661920,0.000000
107.3187,2026-06-03T16:10:40.770152,-0.662216,0.000000
107.8032,2026-06-03T16:10:41.254618,-0.662784,0.000000
108.2957,2026-06-03T16:10:41.747093,-0.663536,0.000000
108.7863,2026-06-03T16:10:42.237730,-0.663952,0.000000
109.2805,2026-06-03T16:10:42.731875,-0.664104,0.000000
109.7583,2026-06-03T16:10:43.209722,-0.664192,0.000000
110.2508,2026-06-03T16:10:43.702259,-0.664240,0.000000
110.7417,2026-06-03T16:10:44.193125,-0.664240,0.000000
111.2367,2026-06-03T16:10:44.688116,-0.664576,0.000000
111.7010,2026-06-03T16:10:45.152368,-0.664432,0.000000
112.2025,2026-06-03T16:10:45.653913,-0.664040,0.000000
112.6695,2026-06-03T16:10:46.120927,-0.663648,0.000000
113.1431,2026-06-03T16:10:46.594483,-0.663520,0.000000
113.6419,2026-06-03T16:10:47.093322,-0.663888,0.000000
114.1372,2026-06-03T16:10:47.588649,-0.663784,0.000000
114.6409,2026-06-03T16:10:48.092271,-0.663712,0.000000
115.1365,2026-06-03T16:10:48.587905,-0.663512,0.000000
115.6698,2026-06-03T16:10:49.121226,-0.662552,0.000000
116.1700,2026-06-03T16:10:49.621451,-0.662264,0.000000
116.6668,2026-06-03T16:10:50.118246,-0.662072,0.000000
117.1656,2026-06-03T16:10:50.616977,-0.661648,0.000000
117.6654,2026-06-03T16:10:51.116842,-0.662256,0.000000
118.1642,2026-06-03T16:10:51.615638,-0.662472,0.000000
118.6631,2026-06-03T16:10:52.114544,-0.663040,0.000000
119.1369,2026-06-03T16:10:52.588345,-0.663392,0.000000
119.6355,2026-06-03T16:10:53.086958,-0.663712,0.000000
120.1410,2026-06-03T16:10:53.592453,-0.664360,0.000000
120.6379,2026-06-03T16:10:54.089328,-0.664776,0.000000
121.1404,2026-06-03T16:10:54.591855,-0.664736,0.000000
121.6360,2026-06-03T16:10:55.087404,-0.664280,0.000000
122.1435,2026-06-03T16:10:55.594940,-0.664328,0.000000
122.6628,2026-06-03T16:10:56.114265,-0.664880,0.000000
123.1614,2026-06-03T16:10:56.612845,-0.665200,0.000000
123.6531,2026-06-03T16:10:57.104564,-0.666416,0.000000
124.1451,2026-06-03T16:10:57.596485,-0.666792,0.000000
124.6455,2026-06-03T16:10:58.096873,-0.666912,0.000000
125.1448,2026-06-03T16:10:58.596218,-0.667480,0.000000
125.6282,2026-06-03T16:10:59.079571,-0.667216,0.000000
126.1616,2026-06-03T16:10:59.613030,-0.667048,0.000000
126.6617,2026-06-03T16:11:00.113120,-0.666264,0.000000
127.1670,2026-06-03T16:11:00.618415,-0.666088,0.000000
127.6577,2026-06-03T16:11:01.109166,-0.666256,0.000000
128.1623,2026-06-03T16:11:01.613741,-0.666512,0.000000
128.6669,2026-06-03T16:11:02.118353,-0.667344,0.000000
129.1633,2026-06-03T16:11:02.614735,-0.667840,0.000000
129.6616,2026-06-03T16:11:03.113036,-0.667968,0.000000
130.1538,2026-06-03T16:11:03.605202,-0.667064,0.000000
130.6372,2026-06-03T16:11:04.088635,-0.666056,0.000000
131.1040,2026-06-03T16:11:04.555386,-0.664872,0.000000
131.6151,2026-06-03T16:11:05.066542,-0.664032,0.000000
132.1113,2026-06-03T16:11:05.562720,-0.664064,0.000000
132.6117,2026-06-03T16:11:06.063082,-0.664416,0.000000
133.1026,2026-06-03T16:11:06.554024,-0.666072,0.000000
133.6294,2026-06-03T16:11:07.080780,-0.666736,0.000000
134.1244,2026-06-03T16:11:07.575848,-0.668352,0.000000
134.6309,2026-06-03T16:11:08.082326,-0.669880,0.000000
135.0925,2026-06-03T16:11:08.543882,-0.670728,0.000000
135.5995,2026-06-03T16:11:09.050910,-0.672576,0.000000
136.0908,2026-06-03T16:11:09.542242,-0.672984,0.000000
136.5540,2026-06-03T16:11:10.005427,-0.674240,0.000000
137.0528,2026-06-03T16:11:10.504167,-0.674112,0.000000
137.5565,2026-06-03T16:11:11.007971,-0.674384,0.000000
138.0305,2026-06-03T16:11:11.481905,-0.675304,0.000000
138.5333,2026-06-03T16:11:11.984762,-0.675352,0.000000
139.0660,2026-06-03T16:11:12.517409,-0.676800,0.000000
139.5614,2026-06-03T16:11:13.012776,-0.677544,0.000000
140.0313,2026-06-03T16:11:13.482718,-0.677464,0.000000
140.5329,2026-06-03T16:11:13.984393,-0.677360,0.000000
141.0330,2026-06-03T16:11:14.484381,-0.676776,0.000000
141.5309,2026-06-03T16:11:14.982352,-0.675992,0.000000
142.0321,2026-06-03T16:11:15.483513,-0.675496,0.000000
142.5595,2026-06-03T16:11:16.010892,-0.675872,0.000000
143.0518,2026-06-03T16:11:16.503171,-0.675888,0.000000
143.5471,2026-06-03T16:11:16.998489,-0.676216,0.000000
144.0333,2026-06-03T16:11:17.484736,-0.676944,0.000000
144.5321,2026-06-03T16:11:17.983473,-0.676976,0.000000
145.0388,2026-06-03T16:11:18.490217,-0.677448,0.000000
145.5267,2026-06-03T16:11:18.978067,-0.677608,0.000000
146.0298,2026-06-03T16:11:19.481216,-0.677840,0.000000
146.5301,2026-06-03T16:11:19.981492,-0.678408,0.000000
147.0343,2026-06-03T16:11:20.485710,-0.678648,0.000000
147.4963,2026-06-03T16:11:20.947674,-0.678960,0.000000
147.9983,2026-06-03T16:11:21.449721,-0.679024,0.000000
148.4992,2026-06-03T16:11:21.950657,-0.679032,0.000000
148.9894,2026-06-03T16:11:22.440789,-0.679008,0.000000
149.4946,2026-06-03T16:11:22.946063,-0.679216,0.000000
149.9917,2026-06-03T16:11:23.443122,-0.679232,0.000000
150.4982,2026-06-03T16:11:23.949659,-0.679264,0.000000
150.9853,2026-06-03T16:11:24.436710,-0.679336,0.000000
151.4595,2026-06-03T16:11:24.910879,-0.679232,0.000000
151.9520,2026-06-03T16:11:25.403402,-0.679232,0.000000
152.4165,2026-06-03T16:11:25.867943,-0.679080,0.000000
152.8968,2026-06-03T16:11:26.348169,-0.679168,0.000000
153.3932,2026-06-03T16:11:26.844643,-0.679432,0.000000
153.8899,2026-06-03T16:11:27.341368,-0.679592,0.000000
154.3860,2026-06-03T16:11:27.837396,-0.679816,0.000000
154.8794,2026-06-03T16:11:28.330804,-0.679984,0.000000
155.4098,2026-06-03T16:11:28.861219,-0.680016,0.000000
155.8851,2026-06-03T16:11:29.336565,-0.680088,0.000000
156.3821,2026-06-03T16:11:29.833554,-0.680168,0.000000
156.8757,2026-06-03T16:11:30.327130,-0.680352,0.000000
157.3797,2026-06-03T16:11:30.831106,-0.680576,0.000000
157.8549,2026-06-03T16:11:31.306298,-0.680792,0.000000
158.3583,2026-06-03T16:11:31.809678,-0.681264,0.000000
158.8536,2026-06-03T16:11:32.305010,-0.681512,0.000000
159.3279,2026-06-03T16:11:32.779325,-0.681992,0.000000
159.8010,2026-06-03T16:11:33.252426,-0.682608,0.000000
160.3038,2026-06-03T16:11:33.755167,-0.682624,0.000000
160.8019,2026-06-03T16:11:34.253363,-0.682520,0.000000
161.2583,2026-06-03T16:11:34.709706,-0.682712,0.000000
161.7165,2026-06-03T16:11:35.167892,-0.682912,0.000000
162.2229,2026-06-03T16:11:35.674312,-0.683160,0.000000
162.7085,2026-06-03T16:11:36.159888,-0.683616,0.000000
163.1664,2026-06-03T16:11:36.617824,-0.683832,0.000000
163.6633,2026-06-03T16:11:37.114759,-0.683560,0.000000
164.1200,2026-06-03T16:11:37.571382,-0.684352,0.000000
164.6173,2026-06-03T16:11:38.068736,-0.685376,0.000000
165.1067,2026-06-03T16:11:38.558123,-0.686752,0.000000
165.5587,2026-06-03T16:11:39.010099,-0.688504,0.000000
166.0436,2026-06-03T16:11:39.495002,-0.688528,0.000000
166.5584,2026-06-03T16:11:40.009800,-0.688632,0.000000
167.0183,2026-06-03T16:11:40.469740,-0.688128,0.000000
167.4751,2026-06-03T16:11:40.926530,-0.686768,0.000000
167.9733,2026-06-03T16:11:41.424696,-0.687744,0.000000
168.4506,2026-06-03T16:11:41.901973,-0.687648,0.000000
168.9498,2026-06-03T16:11:42.401189,-0.687752,0.000000
169.4487,2026-06-03T16:11:42.900145,-0.688672,0.000000
169.9113,2026-06-03T16:11:43.362689,-0.688440,0.000000
170.4111,2026-06-03T16:11:43.862473,-0.689600,0.000000
170.9036,2026-06-03T16:11:44.354998,-0.690808,0.000000
171.3884,2026-06-03T16:11:44.839823,-0.690136,0.000000
171.8817,2026-06-03T16:11:45.333083,-0.690296,0.000000
172.3870,2026-06-03T16:11:45.838448,-0.690336,0.000000
172.8931,2026-06-03T16:11:46.344466,-0.690216,0.000000
173.3443,2026-06-03T16:11:46.795688,-0.690984,0.000000
173.8128,2026-06-03T16:11:47.264172,-0.691512,0.000000
174.3041,2026-06-03T16:11:47.755536,-0.691520,0.000000
174.7977,2026-06-03T16:11:48.249168,-0.691856,0.000000
175.2649,2026-06-03T16:11:48.716336,-0.692176,0.000000
175.7595,2026-06-03T16:11:49.210917,-0.692464,0.000000
176.2608,2026-06-03T16:11:49.712170,-0.692592,0.000000
176.7559,2026-06-03T16:11:50.207345,-0.692448,0.000000
177.2668,2026-06-03T16:11:50.718185,-0.692312,0.000000
177.7518,2026-06-03T16:11:51.203241,-0.692288,0.000000
178.2096,2026-06-03T16:11:51.660974,-0.692608,0.000000
178.7228,2026-06-03T16:11:52.174259,-0.693296,0.000000
179.2190,2026-06-03T16:11:52.670401,-0.694360,0.000000
179.7189,2026-06-03T16:11:53.170356,-0.695448,0.000000
180.2106,2026-06-03T16:11:53.662046,-0.696296,0.000000
180.7037,2026-06-03T16:11:54.155092,-0.696440,0.000000
181.2015,2026-06-03T16:11:54.652880,-0.696744,0.000000
181.7002,2026-06-03T16:11:55.151577,-0.696824,0.000000
182.2264,2026-06-03T16:11:55.677830,-0.696864,0.000000
182.7300,2026-06-03T16:11:56.181459,-0.697168,0.000000
183.2271,2026-06-03T16:11:56.678475,-0.697624,0.000000
183.7298,2026-06-03T16:11:57.181253,-0.698160,0.000000
184.2114,2026-06-03T16:11:57.662861,-0.698480,0.000000
184.7059,2026-06-03T16:11:58.157270,-0.698560,0.000000
185.1870,2026-06-03T16:11:58.638452,-0.698656,0.000000
185.6645,2026-06-03T16:11:59.115922,-0.698752,0.000000
186.1596,2026-06-03T16:11:59.611013,-0.699080,0.000000
186.6169,2026-06-03T16:12:00.068313,-0.699264,0.000000
187.0992,2026-06-03T16:12:00.550615,-0.699328,0.000000
187.5990,2026-06-03T16:12:01.050407,-0.699384,0.000000
188.0992,2026-06-03T16:12:01.550627,-0.699304,0.000000
188.5976,2026-06-03T16:12:02.049066,-0.699328,0.000000
189.0833,2026-06-03T16:12:02.534754,-0.699352,0.000000
189.5409,2026-06-03T16:12:02.992284,-0.699400,0.000000
189.9993,2026-06-03T16:12:03.450732,-0.699584,0.000000
190.4996,2026-06-03T16:12:03.951000,-0.699640,0.000000
190.9604,2026-06-03T16:12:04.411843,-0.699632,0.000000
191.4521,2026-06-03T16:12:04.903533,-0.699616,0.000000
191.9565,2026-06-03T16:12:05.407896,-0.699624,0.000000
192.4110,2026-06-03T16:12:05.862384,-0.699576,0.000000
192.9056,2026-06-03T16:12:06.357055,-0.699624,0.000000
193.4033,2026-06-03T16:12:06.854769,-0.699800,0.000000
193.8627,2026-06-03T16:12:07.314134,-0.699856,0.000000
194.3577,2026-06-03T16:12:07.809123,-0.699912,0.000000
194.8310,2026-06-03T16:12:08.282426,-0.700352,0.000000
195.3140,2026-06-03T16:12:08.765387,-0.700480,0.000000
195.7777,2026-06-03T16:12:09.229069,-0.700528,0.000000
196.2510,2026-06-03T16:12:09.702417,-0.700632,0.000000
196.7134,2026-06-03T16:12:10.164841,-0.700624,0.000000
197.1818,2026-06-03T16:12:10.633210,-0.700592,0.000000
197.6501,2026-06-03T16:12:11.101515,-0.700640,0.000000
198.1192,2026-06-03T16:12:11.570655,-0.700672,0.000000
198.5879,2026-06-03T16:12:12.039350,-0.700680,0.000000
199.0884,2026-06-03T16:12:12.539788,-0.700552,0.000000
199.5484,2026-06-03T16:12:12.999823,-0.700576,0.000000
200.0159,2026-06-03T16:12:13.467298,-0.700920,0.000000
200.4815,2026-06-03T16:12:13.932896,-0.701216,0.000000
200.9797,2026-06-03T16:12:14.431120,-0.701656,0.000000
201.4467,2026-06-03T16:12:14.898115,-0.702112,0.000000
201.9052,2026-06-03T16:12:15.356584,-0.702136,0.000000
202.3547,2026-06-03T16:12:15.806120,-0.702688,0.000000
202.8340,2026-06-03T16:12:16.285363,-0.702920,0.000000
203.3002,2026-06-03T16:12:16.751575,-0.702824,0.000000
203.7678,2026-06-03T16:12:17.219235,-0.702928,0.000000
204.2376,2026-06-03T16:12:17.689031,-0.702584,0.000000
204.7310,2026-06-03T16:12:18.182432,-0.702552,0.000000
205.2082,2026-06-03T16:12:18.659636,-0.702896,0.000000
205.7103,2026-06-03T16:12:19.161708,-0.703200,0.000000
206.1709,2026-06-03T16:12:19.622330,-0.703584,0.000000
206.6475,2026-06-03T16:12:20.098871,-0.704744,0.000000
207.1183,2026-06-03T16:12:20.569759,-0.705376,0.000000
207.5871,2026-06-03T16:12:21.038500,-0.705752,0.000000
208.0712,2026-06-03T16:12:21.522635,-0.706952,0.000000
208.5411,2026-06-03T16:12:21.992506,-0.706312,0.000000
208.9955,2026-06-03T16:12:22.446902,-0.706704,0.000000
209.5253,2026-06-03T16:12:22.976722,-0.707808,0.000000
210.0215,2026-06-03T16:12:23.472935,-0.708056,0.000000
210.5023,2026-06-03T16:12:23.953683,-0.708584,0.000000
211.0014,2026-06-03T16:12:24.452828,-0.709216,0.000000
211.4622,2026-06-03T16:12:24.913588,-0.709576,0.000000
211.9635,2026-06-03T16:12:25.414873,-0.710128,0.000000
212.4572,2026-06-03T16:12:25.908637,-0.711352,0.000000
212.9147,2026-06-03T16:12:26.366163,-0.713296,0.000000
213.3824,2026-06-03T16:12:26.833859,-0.714656,0.000000
213.8734,2026-06-03T16:12:27.324859,-0.715912,0.000000
214.3838,2026-06-03T16:12:27.835194,-0.717240,0.000000
214.8867,2026-06-03T16:12:28.338082,-0.716584,0.000000
215.3861,2026-06-03T16:12:28.837552,-0.715536,0.000000
215.8447,2026-06-03T16:12:29.296101,-0.714888,0.000000
216.3084,2026-06-03T16:12:29.759791,-0.714792,0.000000
216.7786,2026-06-03T16:12:30.229979,-0.715968,0.000000
217.2701,2026-06-03T16:12:30.721523,-0.717136,0.000000
217.7746,2026-06-03T16:12:31.226060,-0.718792,0.000000
218.2716,2026-06-03T16:12:31.722997,-0.719416,0.000000
218.7392,2026-06-03T16:12:32.190610,-0.719616,0.000000
219.2309,2026-06-03T16:12:32.682361,-0.720224,0.000000
219.7354,2026-06-03T16:12:33.186788,-0.720248,0.000000
220.2424,2026-06-03T16:12:33.693836,-0.720560,0.000000
220.7442,2026-06-03T16:12:34.195629,-0.720728,0.000000
221.2465,2026-06-03T16:12:34.697902,-0.721528,0.000000
221.7468,2026-06-03T16:12:35.198236,-0.724040,0.000000
222.2055,2026-06-03T16:12:35.656881,-0.726120,0.000000
222.6852,2026-06-03T16:12:36.136658,-0.728008,0.000000
223.1861,2026-06-03T16:12:36.637521,-0.729432,0.000000
223.6897,2026-06-03T16:12:37.141117,-0.729336,0.000000
224.1987,2026-06-03T16:12:37.650152,-0.729568,0.000000
224.6970,2026-06-03T16:12:38.148419,-0.729352,0.000000
225.1540,2026-06-03T16:12:38.605441,-0.728552,0.000000
225.6441,2026-06-03T16:12:39.095478,-0.728216,0.000000
226.1555,2026-06-03T16:12:39.606883,-0.727280,0.000000
226.6516,2026-06-03T16:12:40.102990,-0.727680,0.000000
227.1539,2026-06-03T16:12:40.605345,-0.729120,0.000000
227.6299,2026-06-03T16:12:41.081287,-0.730528,0.000000
228.1143,2026-06-03T16:12:41.565733,-0.731968,0.000000
228.5843,2026-06-03T16:12:42.035754,-0.733056,0.000000
229.0875,2026-06-03T16:12:42.538904,-0.733808,0.000000
229.5860,2026-06-03T16:12:43.037392,-0.734744,0.000000
230.0709,2026-06-03T16:12:43.522332,-0.735680,0.000000
230.5459,2026-06-03T16:12:43.997300,-0.736128,0.000000
231.0206,2026-06-03T16:12:44.472026,-0.736144,0.000000
231.5226,2026-06-03T16:12:44.973995,-0.736400,0.000000
232.0264,2026-06-03T16:12:45.477767,-0.736480,0.000000
232.5258,2026-06-03T16:12:45.977167,-0.736512,0.000000
233.0554,2026-06-03T16:12:46.506862,-0.736592,0.000000
233.5214,2026-06-03T16:12:46.972763,-0.736552,0.000000
234.0042,2026-06-03T16:12:47.455582,-0.736816,0.000000
234.5189,2026-06-03T16:12:47.970275,-0.737144,0.000000
234.9708,2026-06-03T16:12:48.422202,-0.737648,0.000000
235.4767,2026-06-03T16:12:48.928149,-0.738056,0.000000
235.9606,2026-06-03T16:12:49.412005,-0.738272,0.000000
236.4521,2026-06-03T16:12:49.903534,-0.738464,0.000000
236.9526,2026-06-03T16:12:50.404060,-0.738712,0.000000
237.4473,2026-06-03T16:12:50.898734,-0.738920,0.000000
237.9284,2026-06-03T16:12:51.379817,-0.739048,0.000000
238.4297,2026-06-03T16:12:51.881151,-0.739312,0.000000
238.8954,2026-06-03T16:12:52.346815,-0.739424,0.000000
239.3780,2026-06-03T16:12:52.829398,-0.739544,0.000000
239.8647,2026-06-03T16:12:53.316085,-0.739568,0.000000
240.3360,2026-06-03T16:12:53.787389,-0.739504,0.000000
240.7885,2026-06-03T16:12:54.239902,-0.739480,0.000000
241.2823,2026-06-03T16:12:54.733704,-0.739560,0.000000
241.7751,2026-06-03T16:12:55.226476,-0.739576,0.000000
242.2717,2026-06-03T16:12:55.723098,-0.739656,0.000000
242.7709,2026-06-03T16:12:56.222334,-0.739728,0.000000
243.2685,2026-06-03T16:12:56.719907,-0.739712,0.000000
243.7946,2026-06-03T16:12:57.246026,-0.739808,0.000000
244.2978,2026-06-03T16:12:57.749183,-0.739864,0.000000
244.7835,2026-06-03T16:12:58.234888,-0.739912,0.000000
245.2871,2026-06-03T16:12:58.738520,-0.739984,0.000000
245.7459,2026-06-03T16:12:59.197289,-0.740200,0.000000
246.2432,2026-06-03T16:12:59.694598,-0.740360,0.000000
246.7473,2026-06-03T16:13:00.198744,-0.740680,0.000000
247.2306,2026-06-03T16:13:00.681979,-0.740936,0.000000
247.6857,2026-06-03T16:13:01.137179,-0.741072,0.000000
248.1368,2026-06-03T16:13:01.588200,-0.741128,0.000000
248.6274,2026-06-03T16:13:02.078792,-0.741320,0.000000
249.0886,2026-06-03T16:13:02.539995,-0.741352,0.000000
249.5712,2026-06-03T16:13:03.022641,-0.741712,0.000000
250.0789,2026-06-03T16:13:03.530352,-0.741880,0.000000
250.5531,2026-06-03T16:13:04.004528,-0.741888,0.000000
251.0639,2026-06-03T16:13:04.515285,-0.741728,0.000000
251.5635,2026-06-03T16:13:05.014929,-0.741696,0.000000
252.0149,2026-06-03T16:13:05.466292,-0.741816,0.000000
252.5041,2026-06-03T16:13:05.955549,-0.742440,0.000000
252.9524,2026-06-03T16:13:06.403797,-0.743120,0.000000
253.4555,2026-06-03T16:13:06.906940,-0.743672,0.000000
253.9256,2026-06-03T16:13:07.377003,-0.744576,0.000000
254.4062,2026-06-03T16:13:07.857622,-0.745168,0.000000
254.8808,2026-06-03T16:13:08.332183,-0.745168,0.000000
255.3528,2026-06-03T16:13:08.804217,-0.745192,0.000000
255.8234,2026-06-03T16:13:09.274822,-0.745640,0.000000
256.3201,2026-06-03T16:13:09.771545,-0.746312,0.000000
256.8256,2026-06-03T16:13:10.277039,-0.747696,0.000000
257.3360,2026-06-03T16:13:10.787424,-0.749096,0.000000
257.8278,2026-06-03T16:13:11.279223,-0.749120,0.000000
258.2937,2026-06-03T16:13:11.745147,-0.748816,0.000000
258.7707,2026-06-03T16:13:12.222078,-0.749664,0.000000
259.2376,2026-06-03T16:13:12.688984,-0.750024,0.000000
259.7430,2026-06-03T16:13:13.194377,-0.751152,0.000000
260.1940,2026-06-03T16:13:13.645415,-0.752312,0.000000
260.6542,2026-06-03T16:13:14.105580,-0.752736,0.000000
261.1380,2026-06-03T16:13:14.589446,-0.753096,0.000000
261.6045,2026-06-03T16:13:15.055919,-0.752216,0.000000
262.1090,2026-06-03T16:13:15.560417,-0.752184,0.000000
262.5929,2026-06-03T16:13:16.044313,-0.752000,0.000000
263.0788,2026-06-03T16:13:16.530246,-0.752080,0.000000
263.5746,2026-06-03T16:13:17.025965,-0.753920,0.000000
264.0277,2026-06-03T16:13:17.479092,-0.754768,0.000000
264.5456,2026-06-03T16:13:17.997034,-0.755664,0.000000
265.0468,2026-06-03T16:13:18.498244,-0.756928,0.000000
265.5489,2026-06-03T16:13:19.000369,-0.757304,0.000000
266.0271,2026-06-03T16:13:19.478474,-0.757648,0.000000
266.4957,2026-06-03T16:13:19.947129,-0.757704,0.000000
266.9534,2026-06-03T16:13:20.404807,-0.757576,0.000000
267.4454,2026-06-03T16:13:20.896797,-0.757496,0.000000
267.9334,2026-06-03T16:13:21.384810,-0.757848,0.000000
268.4386,2026-06-03T16:13:21.890021,-0.758464,0.000000
268.9347,2026-06-03T16:13:22.386133,-0.758928,0.000000
269.3886,2026-06-03T16:13:22.839978,-0.759048,0.000000
269.8912,2026-06-03T16:13:23.342638,-0.759320,0.000000
270.3698,2026-06-03T16:13:23.821238,-0.759288,0.000000
270.8578,2026-06-03T16:13:24.309227,-0.759560,0.000000
271.3241,2026-06-03T16:13:24.775518,-0.759880,0.000000
271.8246,2026-06-03T16:13:25.275974,-0.759976,0.000000
272.2951,2026-06-03T16:13:25.746569,-0.760800,0.000000
272.7913,2026-06-03T16:13:26.242706,-0.761216,0.000000
273.2780,2026-06-03T16:13:26.729436,-0.761896,0.000000
273.7580,2026-06-03T16:13:27.209385,-0.761976,0.000000
274.2201,2026-06-03T16:13:27.671570,-0.761816,0.000000
274.7209,2026-06-03T16:13:28.172284,-0.761856,0.000000
275.2097,2026-06-03T16:13:28.661106,-0.762064,0.000000
275.6884,2026-06-03T16:13:29.139841,-0.762752,0.000000
276.1915,2026-06-03T16:13:29.642874,-0.764304,0.000000
276.6876,2026-06-03T16:13:30.138990,-0.765152,0.000000
277.1704,2026-06-03T16:13:30.621807,-0.765728,0.000000
277.6609,2026-06-03T16:13:31.112314,-0.766856,0.000000
278.1654,2026-06-03T16:13:31.616792,-0.767104,0.000000
278.6659,2026-06-03T16:13:32.117338,-0.768912,0.000000
279.1140,2026-06-03T16:13:32.565412,-0.770568,0.000000
279.6193,2026-06-03T16:13:33.070731,-0.771800,0.000000
280.1054,2026-06-03T16:13:33.556823,-0.773272,0.000000
280.5691,2026-06-03T16:13:34.020522,-0.774152,0.000000
281.0189,2026-06-03T16:13:34.470331,-0.775080,0.000000
281.5401,2026-06-03T16:13:34.991491,-0.775888,0.000000
282.0267,2026-06-03T16:13:35.478098,-0.776384,0.000000
282.5263,2026-06-03T16:13:35.977760,-0.776664,0.000000
283.0223,2026-06-03T16:13:36.473686,-0.776752,0.000000
283.5114,2026-06-03T16:13:36.962790,-0.776800,0.000000
284.0107,2026-06-03T16:13:37.462119,-0.776824,0.000000
284.5066,2026-06-03T16:13:37.958040,-0.777216,0.000000
284.9710,2026-06-03T16:13:38.422394,-0.777536,0.000000
285.4271,2026-06-03T16:13:38.878524,-0.778104,0.000000
285.9061,2026-06-03T16:13:39.357472,-0.778536,0.000000
286.3937,2026-06-03T16:13:39.845136,-0.778848,0.000000
286.8931,2026-06-03T16:13:40.344466,-0.779168,0.000000
287.3915,2026-06-03T16:13:40.842930,-0.779408,0.000000
287.8968,2026-06-03T16:13:41.348166,-0.779560,0.000000
288.3945,2026-06-03T16:13:41.845880,-0.779440,0.000000
288.8551,2026-06-03T16:13:42.306518,-0.779536,0.000000
289.3224,2026-06-03T16:13:42.773862,-0.779496,0.000000
289.8164,2026-06-03T16:13:43.267803,-0.779512,0.000000
290.2770,2026-06-03T16:13:43.728459,-0.779736,0.000000
290.7405,2026-06-03T16:13:44.191869,-0.779888,0.000000
291.1911,2026-06-03T16:13:44.642505,-0.779944,0.000000
291.6725,2026-06-03T16:13:45.123892,-0.780064,0.000000
292.1492,2026-06-03T16:13:45.600623,-0.780184,0.000000
292.6333,2026-06-03T16:13:46.084765,-0.780288,0.000000
293.1083,2026-06-03T16:13:46.559738,-0.780424,0.000000
293.5838,2026-06-03T16:13:47.035197,-0.780424,0.000000
294.0603,2026-06-03T16:13:47.511728,-0.780512,0.000000
294.5479,2026-06-03T16:13:47.999290,-0.780736,0.000000
295.0174,2026-06-03T16:13:48.468793,-0.780816,0.000000
295.4788,2026-06-03T16:13:48.930191,-0.781144,0.000000
295.9350,2026-06-03T16:13:49.386394,-0.781200,0.000000
296.4315,2026-06-03T16:13:49.882882,-0.781160,0.000000
296.9143,2026-06-03T16:13:50.365722,-0.781368,0.000000
297.4007,2026-06-03T16:13:50.852098,-0.781520,0.000000
297.9032,2026-06-03T16:13:51.354626,-0.782120,0.000000
298.4019,2026-06-03T16:13:51.853340,-0.782808,0.000000
298.9194,2026-06-03T16:13:52.370819,-0.783296,0.000000
299.4031,2026-06-03T16:13:52.854552,-0.784008,0.000000
299.8657,2026-06-03T16:13:53.317082,-0.784496,0.000000
300.3712,2026-06-03T16:13:53.822597,-0.784744,0.000000
300.8270,2026-06-03T16:13:54.278392,-0.785048,0.000000
301.2867,2026-06-03T16:13:54.738133,-0.784784,0.000000
301.7695,2026-06-03T16:13:55.220945,-0.784896,0.000000
302.2146,2026-06-03T16:13:55.665970,-0.785248,0.000000
302.6747,2026-06-03T16:13:56.126065,-0.785216,0.000000
303.1685,2026-06-03T16:13:56.619953,-0.786392,0.000000
303.6673,2026-06-03T16:13:57.118715,-0.787624,0.000000
304.1640,2026-06-03T16:13:57.615413,-0.789272,0.000000
304.6680,2026-06-03T16:13:58.119427,-0.791736,0.000000
305.1499,2026-06-03T16:13:58.601276,-0.793776,0.000000
305.6807,2026-06-03T16:13:59.132152,-0.795296,0.000000
306.1718,2026-06-03T16:13:59.623243,-0.796112,0.000000
306.6673,2026-06-03T16:14:00.118676,-0.796344,0.000000
307.1234,2026-06-03T16:14:00.574854,-0.796136,0.000000
307.6181,2026-06-03T16:14:01.069531,-0.796512,0.000000
308.1056,2026-06-03T16:14:01.556985,-0.796976,0.000000
308.5919,2026-06-03T16:14:02.043309,-0.797952,0.000000
309.0845,2026-06-03T16:14:02.535930,-0.798896,0.000000
309.5869,2026-06-03T16:14:03.038348,-0.799320,0.000000
310.0873,2026-06-03T16:14:03.538704,-0.799728,0.000000
310.5746,2026-06-03T16:14:04.026017,-0.799816,0.000000
311.0642,2026-06-03T16:14:04.515652,-0.800256,0.000000
311.5411,2026-06-03T16:14:04.992520,-0.801368,0.000000
312.0389,2026-06-03T16:14:05.490314,-0.802088,0.000000
312.4900,2026-06-03T16:14:05.941444,-0.802904,0.000000
312.9489,2026-06-03T16:14:06.400326,-0.804120,0.000000
313.4177,2026-06-03T16:14:06.869139,-0.803696,0.000000
313.9087,2026-06-03T16:14:07.360121,-0.803656,0.000000
314.4014,2026-06-03T16:14:07.852817,-0.803568,0.000000
314.9121,2026-06-03T16:14:08.363538,-0.803624,0.000000
315.4200,2026-06-03T16:14:08.871402,-0.804648,0.000000
315.9295,2026-06-03T16:14:09.380973,-0.805952,0.000000
316.4211,2026-06-03T16:14:09.872482,-0.808000,0.000000
316.9175,2026-06-03T16:14:10.368900,-0.809552,0.000000
317.4226,2026-06-03T16:14:10.874065,-0.810768,0.000000
317.9139,2026-06-03T16:14:11.365271,-0.811328,0.000000
318.4241,2026-06-03T16:14:11.875472,-0.812304,0.000000
318.9320,2026-06-03T16:14:12.383403,-0.813104,0.000000
319.4246,2026-06-03T16:14:12.875970,-0.814232,0.000000
319.9117,2026-06-03T16:14:13.363124,-0.815816,0.000000
320.4161,2026-06-03T16:14:13.867479,-0.816488,0.000000
320.9141,2026-06-03T16:14:14.365511,-0.817120,0.000000
321.4097,2026-06-03T16:14:14.861146,-0.817672,0.000000
321.9072,2026-06-03T16:14:15.358582,-0.818168,0.000000
322.4282,2026-06-03T16:14:15.879626,-0.818608,0.000000
322.9357,2026-06-03T16:14:16.387118,-0.818712,0.000000
323.4293,2026-06-03T16:14:16.880744,-0.818944,0.000000
323.9301,2026-06-03T16:14:17.381475,-0.819192,0.000000
324.4305,2026-06-03T16:14:17.881904,-0.819232,0.000000
324.9374,2026-06-03T16:14:18.388792,-0.819360,0.000000
325.4312,2026-06-03T16:14:18.882628,-0.819456,0.000000
325.9155,2026-06-03T16:14:19.366898,-0.819568,0.000000
326.4190,2026-06-03T16:14:19.870422,-0.819672,0.000000
326.9120,2026-06-03T16:14:20.363442,-0.819736,0.000000
327.3909,2026-06-03T16:14:20.842334,-0.819744,0.000000
327.8863,2026-06-03T16:14:21.337738,-0.819752,0.000000
328.3917,2026-06-03T16:14:21.843118,-0.819736,0.000000
328.8774,2026-06-03T16:14:22.328782,-0.819704,0.000000
329.3551,2026-06-03T16:14:22.806535,-0.819816,0.000000
329.8463,2026-06-03T16:14:23.297671,-0.819992,0.000000
330.3329,2026-06-03T16:14:23.784292,-0.820232,0.000000
330.8070,2026-06-03T16:14:24.258405,-0.820520,0.000000
331.2949,2026-06-03T16:14:24.746278,-0.821096,0.000000
331.7949,2026-06-03T16:14:25.246363,-0.821768,0.000000
332.2924,2026-06-03T16:14:25.743839,-0.821792,0.000000
332.7868,2026-06-03T16:14:26.238202,-0.821840,0.000000
333.2866,2026-06-03T16:14:26.738046,-0.821528,0.000000
333.7827,2026-06-03T16:14:27.234088,-0.821112,0.000000
334.2835,2026-06-03T16:14:27.734882,-0.821424,0.000000
334.7906,2026-06-03T16:14:28.241988,-0.821688,0.000000
335.2874,2026-06-03T16:14:28.738820,-0.822008,0.000000
335.7916,2026-06-03T16:14:29.243038,-0.822376,0.000000
336.2921,2026-06-03T16:14:29.743471,-0.823112,0.000000
336.7908,2026-06-03T16:14:30.242167,-0.824160,0.000000
337.2919,2026-06-03T16:14:30.743335,-0.825424,0.000000
337.7755,2026-06-03T16:14:31.226930,-0.826712,0.000000
338.2706,2026-06-03T16:14:31.721999,-0.827808,0.000000
338.7738,2026-06-03T16:14:32.225194,-0.829616,0.000000
339.2739,2026-06-03T16:14:32.725345,-0.830768,0.000000
339.7751,2026-06-03T16:14:33.226530,-0.832264,0.000000
340.2706,2026-06-03T16:14:33.722006,-0.833392,0.000000
340.7711,2026-06-03T16:14:34.222488,-0.834152,0.000000
341.2705,2026-06-03T16:14:34.721897,-0.834432,0.000000
341.7724,2026-06-03T16:14:35.223818,-0.834576,0.000000
342.2800,2026-06-03T16:14:35.731419,-0.834888,0.000000
342.7754,2026-06-03T16:14:36.226803,-0.834408,0.000000
343.2747,2026-06-03T16:14:36.726073,-0.835336,0.000000
343.7714,2026-06-03T16:14:37.222827,-0.836192,0.000000
344.2762,2026-06-03T16:14:37.727617,-0.836952,0.000000
344.7501,2026-06-03T16:14:38.201473,-0.838240,0.000000
345.2204,2026-06-03T16:14:38.671854,-0.839136,0.000000
345.7094,2026-06-03T16:14:39.160804,-0.839936,0.000000
346.2375,2026-06-03T16:14:39.688919,-0.841064,0.000000
346.7098,2026-06-03T16:14:40.161204,-0.842864,0.000000
347.2074,2026-06-03T16:14:40.658838,-0.843976,0.000000
347.6711,2026-06-03T16:14:41.122477,-0.845552,0.000000
348.1743,2026-06-03T16:14:41.625744,-0.847496,0.000000
348.6285,2026-06-03T16:14:42.079928,-0.848856,0.000000
349.1279,2026-06-03T16:14:42.579343,-0.850176,0.000000
349.5972,2026-06-03T16:14:43.048574,-0.850984,0.000000
350.0966,2026-06-03T16:14:43.548028,-0.852088,0.000000
350.6001,2026-06-03T16:14:44.051500,-0.853176,0.000000
351.0883,2026-06-03T16:14:44.539737,-0.854688,0.000000
351.5400,2026-06-03T16:14:44.991418,-0.856496,0.000000
352.0338,2026-06-03T16:14:45.485238,-0.857144,0.000000
352.5370,2026-06-03T16:14:45.988443,-0.857664,0.000000
353.0362,2026-06-03T16:14:46.487600,-0.857888,0.000000
353.4967,2026-06-03T16:14:46.948108,-0.858096,0.000000
353.9797,2026-06-03T16:14:47.431140,-0.858232,0.000000
354.4652,2026-06-03T16:14:47.916672,-0.858496,0.000000
354.9630,2026-06-03T16:14:48.414396,-0.858776,0.000000
355.4609,2026-06-03T16:14:48.912278,-0.859024,0.000000
355.9391,2026-06-03T16:14:49.390522,-0.859216,0.000000
356.4463,2026-06-03T16:14:49.897692,-0.859344,0.000000
356.9378,2026-06-03T16:14:50.389266,-0.859544,0.000000
357.4618,2026-06-03T16:14:50.913256,-0.859632,0.000000
357.9652,2026-06-03T16:14:51.416646,-0.859912,0.000000
358.4634,2026-06-03T16:14:51.914810,-0.860080,0.000000
358.9620,2026-06-03T16:14:52.413411,-0.860264,0.000000
359.4641,2026-06-03T16:14:52.915523,-0.860384,0.000000
359.9335,2026-06-03T16:14:53.384930,-0.860616,0.000000
360.4222,2026-06-03T16:14:53.873652,-0.861200,0.000000
360.8764,2026-06-03T16:14:54.327853,-0.861488,0.000000
361.3883,2026-06-03T16:14:54.839719,-0.862128,0.000000
361.8785,2026-06-03T16:14:55.329974,-0.862792,0.000000
362.3793,2026-06-03T16:14:55.830765,-0.863184,0.000000
362.8810,2026-06-03T16:14:56.332378,-0.864256,0.000000
363.3796,2026-06-03T16:14:56.830988,-0.866112,0.000000
363.8451,2026-06-03T16:14:57.296472,-0.867288,0.000000
364.3444,2026-06-03T16:14:57.795807,-0.869120,0.000000
364.8373,2026-06-03T16:14:58.288714,-0.870784,0.000000
365.3536,2026-06-03T16:14:58.805047,-0.871248,0.000000
365.8482,2026-06-03T16:14:59.299609,-0.873056,0.000000
366.3338,2026-06-03T16:14:59.785220,-0.874656,0.000000
366.8363,2026-06-03T16:15:00.287708,-0.875568,0.000000
367.3388,2026-06-03T16:15:00.790189,-0.876880,0.000000
367.8321,2026-06-03T16:15:01.283482,-0.877696,0.000000
368.3550,2026-06-03T16:15:01.806375,-0.878216,0.000000
368.8586,2026-06-03T16:15:02.309993,-0.878688,0.000000
369.3302,2026-06-03T16:15:02.781616,-0.878600,0.000000
369.8153,2026-06-03T16:15:03.266731,-0.878576,0.000000
370.2587,2026-06-03T16:15:03.710134,-0.878704,0.000000
370.7727,2026-06-03T16:15:04.224086,-0.878848,0.000000
371.2678,2026-06-03T16:15:04.719206,-0.879440,0.000000
371.7533,2026-06-03T16:15:05.204710,-0.879856,0.000000
372.2497,2026-06-03T16:15:05.701161,-0.880480,0.000000
372.7478,2026-06-03T16:15:06.199260,-0.881080,0.000000
373.2424,2026-06-03T16:15:06.693863,-0.881960,0.000000
373.7117,2026-06-03T16:15:07.163069,-0.883488,0.000000
374.2092,2026-06-03T16:15:07.660628,-0.884528,0.000000
374.6900,2026-06-03T16:15:08.141388,-0.886160,0.000000
375.1885,2026-06-03T16:15:08.639968,-0.888112,0.000000
375.6881,2026-06-03T16:15:09.139517,-0.889856,0.000000
376.1471,2026-06-03T16:15:09.598467,-0.892256,0.000000
376.6113,2026-06-03T16:15:10.062721,-0.894368,0.000000
377.0901,2026-06-03T16:15:10.541523,-0.895496,0.000000
377.5910,2026-06-03T16:15:11.042420,-0.896048,0.000000
378.0925,2026-06-03T16:15:11.543958,-0.896400,0.000000
378.5861,2026-06-03T16:15:12.037487,-0.896472,0.000000
379.0863,2026-06-03T16:15:12.537686,-0.896936,0.000000
379.5966,2026-06-03T16:15:13.048013,-0.897552,0.000000
380.0971,2026-06-03T16:15:13.548559,-0.897912,0.000000
380.6003,2026-06-03T16:15:14.051697,-0.898504,0.000000
381.0990,2026-06-03T16:15:14.550453,-0.898872,0.000000
381.5554,2026-06-03T16:15:15.006863,-0.899208,0.000000
382.0110,2026-06-03T16:15:15.462458,-0.899296,0.000000
382.4872,2026-06-03T16:15:15.938582,-0.899360,0.000000
382.9846,2026-06-03T16:15:16.436010,-0.899400,0.000000
383.4885,2026-06-03T16:15:16.939909,-0.899592,0.000000
383.9855,2026-06-03T16:15:17.436939,-0.899776,0.000000
384.4875,2026-06-03T16:15:17.938898,-0.899848,0.000000
384.9865,2026-06-03T16:15:18.437929,-0.899952,0.000000
385.4538,2026-06-03T16:15:18.905210,-0.900064,0.000000
385.9641,2026-06-03T16:15:19.415509,-0.900264,0.000000
386.4592,2026-06-03T16:15:19.910582,-0.900792,0.000000
386.9345,2026-06-03T16:15:20.385945,-0.900904,0.000000
387.3958,2026-06-03T16:15:20.847222,-0.901376,0.000000
387.8637,2026-06-03T16:15:21.315160,-0.901864,0.000000
388.3450,2026-06-03T16:15:21.796380,-0.901912,0.000000
388.8126,2026-06-03T16:15:22.264030,-0.902456,0.000000
389.2689,2026-06-03T16:15:22.720349,-0.903160,0.000000
389.7383,2026-06-03T16:15:23.189671,-0.903968,0.000000
390.2378,2026-06-03T16:15:23.689229,-0.905960,0.000000
390.7027,2026-06-03T16:15:24.154092,-0.908312,0.000000
391.1756,2026-06-03T16:15:24.627002,-0.910160,0.000000
391.6546,2026-06-03T16:15:25.106056,-0.912720,0.000000
392.1497,2026-06-03T16:15:25.601102,-0.914496,0.000000
392.6442,2026-06-03T16:15:26.095626,-0.915736,0.000000
393.1271,2026-06-03T16:15:26.578526,-0.917360,0.000000
393.5857,2026-06-03T16:15:27.037128,-0.918328,0.000000
394.0857,2026-06-03T16:15:27.537091,-0.919208,0.000000
394.5971,2026-06-03T16:15:28.048507,-0.920648,0.000000
395.0584,2026-06-03T16:15:28.509775,-0.922016,0.000000
395.5455,2026-06-03T16:15:28.996917,-0.922896,0.000000
396.0009,2026-06-03T16:15:29.452329,-0.924712,0.000000
396.5030,2026-06-03T16:15:29.954373,-0.925752,0.000000
396.9954,2026-06-03T16:15:30.446779,-0.927232,0.000000
397.4691,2026-06-03T16:15:30.920500,-0.928896,0.000000
397.9585,2026-06-03T16:15:31.409908,-0.930104,0.000000
398.4110,2026-06-03T16:15:31.862390,-0.932200,0.000000
398.9362,2026-06-03T16:15:32.387622,-0.933696,0.000000
399.4276,2026-06-03T16:15:32.878978,-0.935536,0.000000
399.9119,2026-06-03T16:15:33.363295,-0.936648,0.000000
400.4154,2026-06-03T16:15:33.866775,-0.937168,0.000000
400.9189,2026-06-03T16:15:34.370333,-0.937552,0.000000
401.3761,2026-06-03T16:15:34.827535,-0.938048,0.000000
401.8335,2026-06-03T16:15:35.284896,-0.938176,0.000000
402.3032,2026-06-03T16:15:35.754589,-0.938632,0.000000
402.7758,2026-06-03T16:15:36.227172,-0.938896,0.000000
403.2743,2026-06-03T16:15:36.725678,-0.939264,0.000000
403.7531,2026-06-03T16:15:37.204545,-0.939536,0.000000
404.2509,2026-06-03T16:15:37.702343,-0.939600,0.000000
404.7481,2026-06-03T16:15:38.199536,-0.939712,0.000000
405.2349,2026-06-03T16:15:38.686322,-0.939776,0.000000
405.7299,2026-06-03T16:15:39.181299,-0.939808,0.000000
406.2351,2026-06-03T16:15:39.686557,-0.939872,0.000000
406.7006,2026-06-03T16:15:40.151984,-0.939968,0.000000
407.1892,2026-06-03T16:15:40.640594,-0.940088,0.000000
407.6599,2026-06-03T16:15:41.111348,-0.940256,0.000000
408.1576,2026-06-03T16:15:41.609027,-0.940512,0.000000
408.6139,2026-06-03T16:15:42.065350,-0.941040,0.000000
409.1157,2026-06-03T16:15:42.567146,-0.941512,0.000000
409.5738,2026-06-03T16:15:43.025250,-0.942168,0.000000
410.0713,2026-06-03T16:15:43.522709,-0.943520,0.000000
410.5712,2026-06-03T16:15:44.022660,-0.944840,0.000000
411.0758,2026-06-03T16:15:44.527190,-0.946840,0.000000
411.5979,2026-06-03T16:15:45.049347,-0.949008,0.000000
412.0642,2026-06-03T16:15:45.515663,-0.950544,0.000000
412.5757,2026-06-03T16:15:46.027144,-0.952448,0.000000
413.0751,2026-06-03T16:15:46.526484,-0.953856,0.000000
413.5243,2026-06-03T16:15:46.975743,-0.955704,0.000000
414.0091,2026-06-03T16:15:47.460509,-0.957112,0.000000
414.4588,2026-06-03T16:15:47.910241,-0.958152,0.000000
414.9164,2026-06-03T16:15:48.367852,-0.959224,0.000000
415.4115,2026-06-03T16:15:48.862949,-0.960000,0.000000
415.8921,2026-06-03T16:15:49.343510,-0.960240,0.000000
416.3528,2026-06-03T16:15:49.804245,-0.960968,0.000000
416.8552,2026-06-03T16:15:50.306660,-0.961504,0.000000
417.3190,2026-06-03T16:15:50.770461,-0.962264,0.000000
417.7779,2026-06-03T16:15:51.229277,-0.964392,0.000000
418.2746,2026-06-03T16:15:51.726035,-0.966344,0.000000
418.7587,2026-06-03T16:15:52.210071,-0.967944,0.000000
419.2582,2026-06-03T16:15:52.709615,-0.969824,0.000000
419.7461,2026-06-03T16:15:53.197458,-0.971928,0.000000
420.2095,2026-06-03T16:15:53.660882,-0.973512,0.000000
420.7055,2026-06-03T16:15:54.156882,-0.975640,0.000000
421.1876,2026-06-03T16:15:54.638994,-0.977080,0.000000
421.6922,2026-06-03T16:15:55.143663,-0.977840,0.000000
422.1902,2026-06-03T16:15:55.641598,-0.978576,0.000000
422.6548,2026-06-03T16:15:56.106176,-0.978584,0.000000
423.1508,2026-06-03T16:15:56.602195,-0.978616,0.000000
423.6677,2026-06-03T16:15:57.119063,-0.978824,0.000000
424.1801,2026-06-03T16:15:57.631506,-0.978968,0.000000
424.6312,2026-06-03T16:15:58.082600,-0.979328,0.000000
425.1322,2026-06-03T16:15:58.583614,-0.979552,0.000000
425.6362,2026-06-03T16:15:59.087667,-0.979728,0.000000
426.1250,2026-06-03T16:15:59.576409,-0.979880,0.000000
426.6320,2026-06-03T16:16:00.083410,-0.980056,0.000000
427.0873,2026-06-03T16:16:00.538764,-0.980568,0.000000
427.5456,2026-06-03T16:16:00.996988,-0.981192,0.000000
428.0233,2026-06-03T16:16:01.474735,-0.982256,0.000000
428.5060,2026-06-03T16:16:01.957433,-0.983048,0.000000
428.9972,2026-06-03T16:16:02.448643,-0.984592,0.000000
429.4789,2026-06-03T16:16:02.930345,-0.985920,0.000000
429.9916,2026-06-03T16:16:03.443041,-0.987672,0.000000
430.4944,2026-06-03T16:16:03.945867,-0.988488,0.000000
430.9438,2026-06-03T16:16:04.395231,-0.989752,0.000000
431.4109,2026-06-03T16:16:04.862271,-0.991600,0.000000
431.8889,2026-06-03T16:16:05.340297,-0.992984,0.000000
432.3666,2026-06-03T16:16:05.818049,-0.995768,0.000000
432.8694,2026-06-03T16:16:06.320801,-0.998232,0.000000
433.3540,2026-06-03T16:16:06.805409,-0.999328,0.000000
433.8441,2026-06-03T16:16:07.295516,-1.000552,0.000000
434.3019,2026-06-03T16:16:07.753327,-1.001696,0.000000
434.7829,2026-06-03T16:16:08.234293,-1.002216,0.000000
435.2499,2026-06-03T16:16:08.701309,-1.003160,0.000000
435.7253,2026-06-03T16:16:09.176738,-1.004376,0.000000
436.2206,2026-06-03T16:16:09.671984,-1.005536,0.000000
436.7441,2026-06-03T16:16:10.195474,-1.008560,0.000000
437.2318,2026-06-03T16:16:10.683212,-1.011496,0.000000
437.7317,2026-06-03T16:16:11.183090,-1.013680,0.000000
438.2254,2026-06-03T16:16:11.676790,-1.015752,0.000000
438.7351,2026-06-03T16:16:12.186537,-1.016632,0.000000
439.2273,2026-06-03T16:16:12.678726,-1.017304,0.000000
439.7311,2026-06-03T16:16:13.182501,-1.018008,0.000000
440.2298,2026-06-03T16:16:13.681228,-1.018544,0.000000
440.7431,2026-06-03T16:16:14.194478,-1.018904,0.000000
441.2323,2026-06-03T16:16:14.683678,-1.019176,0.000000
441.7310,2026-06-03T16:16:15.182406,-1.019360,0.000000
442.2345,2026-06-03T16:16:15.685879,-1.019552,0.000000
442.7232,2026-06-03T16:16:16.174576,-1.019664,0.000000
443.2239,2026-06-03T16:16:16.675346,-1.019816,0.000000
443.7314,2026-06-03T16:16:17.182825,-1.019904,0.000000
444.2277,2026-06-03T16:16:17.679154,-1.019928,0.000000
444.6927,2026-06-03T16:16:18.144119,-1.020024,0.000000
445.1648,2026-06-03T16:16:18.616232,-1.020288,0.000000
445.6712,2026-06-03T16:16:19.122658,-1.020488,0.000000
446.1285,2026-06-03T16:16:19.579910,-1.021208,0.000000
446.6363,2026-06-03T16:16:20.087704,-1.021736,0.000000
447.1306,2026-06-03T16:16:20.582026,-1.022288,0.000000
447.6315,2026-06-03T16:16:21.082950,-1.022984,0.000000
448.1273,2026-06-03T16:16:21.578725,-1.024056,0.000000
448.6036,2026-06-03T16:16:22.055063,-1.026288,0.000000
449.0689,2026-06-03T16:16:22.520273,-1.029592,0.000000
449.5554,2026-06-03T16:16:23.006848,-1.031760,0.000000
450.0399,2026-06-03T16:16:23.491336,-1.034288,0.000000
450.5078,2026-06-03T16:16:23.959217,-1.037192,0.000000
451.0108,2026-06-03T16:16:24.462185,-1.038832,0.000000
451.4985,2026-06-03T16:16:24.949903,-1.040752,0.000000
451.9992,2026-06-03T16:16:25.450645,-1.043640,0.000000
452.4551,2026-06-03T16:16:25.906538,-1.044840,0.000000
452.9305,2026-06-03T16:16:26.381959,-1.047608,0.000000
453.3872,2026-06-03T16:16:26.838588,-1.050264,0.000000
453.8873,2026-06-03T16:16:27.338724,-1.052304,0.000000
454.3826,2026-06-03T16:16:27.834008,-1.054960,0.000000
454.8873,2026-06-03T16:16:28.338717,-1.056680,0.000000
455.3817,2026-06-03T16:16:28.833107,-1.058088,0.000000
455.9066,2026-06-03T16:16:29.358035,-1.058776,0.000000
456.4119,2026-06-03T16:16:29.863283,-1.059248,0.000000
456.9124,2026-06-03T16:16:30.363859,-1.059320,0.000000
457.4131,2026-06-03T16:16:30.864547,-1.059544,0.000000
457.8637,2026-06-03T16:16:31.315128,-1.059568,0.000000
458.3620,2026-06-03T16:16:31.813407,-1.059640,0.000000
458.8597,2026-06-03T16:16:32.311090,-1.059712,0.000000
459.3236,2026-06-03T16:16:32.775054,-1.059736,0.000000
459.8248,2026-06-03T16:16:33.276227,-1.059768,0.000000
460.3274,2026-06-03T16:16:33.778858,-1.059808,0.000000
460.8267,2026-06-03T16:16:34.278097,-1.059928,0.000000
461.2958,2026-06-03T16:16:34.747184,-1.060032,0.000000
461.7460,2026-06-03T16:16:35.197452,-1.060120,0.000000
462.2120,2026-06-03T16:16:35.663468,-1.060408,0.000000
462.7000,2026-06-03T16:16:36.151426,-1.060904,0.000000
463.1621,2026-06-03T16:16:36.613516,-1.061528,0.000000
463.6678,2026-06-03T16:16:37.119227,-1.062552,0.000000
464.1741,2026-06-03T16:16:37.625540,-1.063688,0.000000
464.6599,2026-06-03T16:16:38.111325,-1.065160,0.000000
465.1304,2026-06-03T16:16:38.581773,-1.067136,0.000000
465.5828,2026-06-03T16:16:39.034189,-1.069232,0.000000
466.0531,2026-06-03T16:16:39.504521,-1.071544,0.000000
466.5558,2026-06-03T16:16:40.007269,-1.074072,0.000000
467.0541,2026-06-03T16:16:40.505521,-1.076336,0.000000
467.5307,2026-06-03T16:16:40.982092,-1.078568,0.000000
468.0244,2026-06-03T16:16:41.475809,-1.080120,0.000000
468.5208,2026-06-03T16:16:41.972229,-1.081472,0.000000
469.0202,2026-06-03T16:16:42.471643,-1.084640,0.000000
469.5104,2026-06-03T16:16:42.961810,-1.087272,0.000000
469.9947,2026-06-03T16:16:43.446103,-1.090184,0.000000
470.4902,2026-06-03T16:16:43.941648,-1.093064,0.000000
470.9560,2026-06-03T16:16:44.407463,-1.094288,0.000000
471.4558,2026-06-03T16:16:44.907245,-1.095520,0.000000
471.9850,2026-06-03T16:16:45.436437,-1.096728,0.000000
472.4903,2026-06-03T16:16:45.941678,-1.097856,0.000000
472.9906,2026-06-03T16:16:46.442008,-1.098560,0.000000
473.4478,2026-06-03T16:16:46.899171,-1.099016,0.000000
473.9197,2026-06-03T16:16:47.371061,-1.099312,0.000000
474.3731,2026-06-03T16:16:47.824538,-1.099552,0.000000
474.8294,2026-06-03T16:16:48.280772,-1.099640,0.000000
475.3087,2026-06-03T16:16:48.760074,-1.099864,0.000000
475.8000,2026-06-03T16:16:49.251383,-1.100056,0.000000
476.2624,2026-06-03T16:16:49.713816,-1.100112,0.000000
476.7409,2026-06-03T16:16:50.192297,-1.100304,0.000000
477.2418,2026-06-03T16:16:50.693201,-1.100808,0.000000
477.7082,2026-06-03T16:16:51.159605,-1.101408,0.000000
478.1886,2026-06-03T16:16:51.639974,-1.102256,0.000000
478.6918,2026-06-03T16:16:52.143229,-1.104272,0.000000
479.2053,2026-06-03T16:16:52.656747,-1.106888,0.000000
479.7063,2026-06-03T16:16:53.157678,-1.109312,0.000000
480.2107,2026-06-03T16:16:53.662169,-1.112592,0.000000
480.6696,2026-06-03T16:16:54.121011,-1.114888,0.000000
481.1754,2026-06-03T16:16:54.626843,-1.116096,0.000000
481.6523,2026-06-03T16:16:55.103684,-1.117456,0.000000
482.1429,2026-06-03T16:16:55.594303,-1.118456,0.000000
482.5973,2026-06-03T16:16:56.048674,-1.118984,0.000000
483.1052,2026-06-03T16:16:56.556609,-1.120104,0.000000
483.5979,2026-06-03T16:16:57.049348,-1.121624,0.000000
484.0682,2026-06-03T16:16:57.519577,-1.123184,0.000000
484.5642,2026-06-03T16:16:58.015646,-1.124440,0.000000
485.0468,2026-06-03T16:16:58.498173,-1.126464,0.000000
485.5524,2026-06-03T16:16:59.003854,-1.128800,0.000000
486.0485,2026-06-03T16:16:59.499928,-1.131080,0.000000
486.5538,2026-06-03T16:17:00.005265,-1.133640,0.000000
487.0563,2026-06-03T16:17:00.507696,-1.135160,0.000000
487.5568,2026-06-03T16:17:01.008234,-1.136192,0.000000
488.0610,2026-06-03T16:17:01.512434,-1.137344,0.000000
488.5679,2026-06-03T16:17:02.019328,-1.138392,0.000000
489.0689,2026-06-03T16:17:02.520290,-1.139080,0.000000
489.5658,2026-06-03T16:17:03.017235,-1.139504,0.000000
490.0465,2026-06-03T16:17:03.497964,-1.139648,0.000000
490.5481,2026-06-03T16:17:03.999461,-1.139776,0.000000
491.0402,2026-06-03T16:17:04.491593,-1.139936,0.000000
491.5280,2026-06-03T16:17:04.979418,-1.140224,0.000000
492.0319,2026-06-03T16:17:05.483356,-1.140528,0.000000
492.5432,2026-06-03T16:17:05.994599,-1.141280,0.000000
493.0355,2026-06-03T16:17:06.486879,-1.142400,0.000000
493.5380,2026-06-03T16:17:06.989442,-1.143760,0.000000
494.0361,2026-06-03T16:17:07.487492,-1.144816,0.000000
494.5380,2026-06-03T16:17:07.989405,-1.147328,0.000000
495.0270,2026-06-03T16:17:08.478448,-1.149968,0.000000
495.5333,2026-06-03T16:17:08.984717,-1.152216,0.000000
496.0354,2026-06-03T16:17:09.486787,-1.155616,0.000000
496.5328,2026-06-03T16:17:09.984220,-1.157088,0.000000
496.9922,2026-06-03T16:17:10.443586,-1.158128,0.000000
497.4921,2026-06-03T16:17:10.943474,-1.159008,0.000000
497.9928,2026-06-03T16:17:11.444251,-1.159776,0.000000
498.4928,2026-06-03T16:17:11.944230,-1.160640,0.000000
498.9854,2026-06-03T16:17:12.436818,-1.162024,0.000000
499.5167,2026-06-03T16:17:12.968137,-1.163824,0.000000
500.0306,2026-06-03T16:17:13.482035,-1.165720,0.000000
500.5271,2026-06-03T16:17:13.978553,-1.167672,0.000000
501.0279,2026-06-03T16:17:14.479293,-1.169464,0.000000
501.5188,2026-06-03T16:17:14.970221,-1.171608,0.000000
502.0154,2026-06-03T16:17:15.466856,-1.173904,0.000000
502.5408,2026-06-03T16:17:15.992243,-1.175928,0.000000
503.0164,2026-06-03T16:17:16.467776,-1.177704,0.000000
503.5126,2026-06-03T16:17:16.964003,-1.178528,0.000000
504.0138,2026-06-03T16:17:17.465263,-1.179128,0.000000
504.5103,2026-06-03T16:17:17.961734,-1.179416,0.000000
504.9864,2026-06-03T16:17:18.437784,-1.179656,0.000000
505.4880,2026-06-03T16:17:18.939408,-1.179904,0.000000
506.0177,2026-06-03T16:17:19.469087,-1.180240,0.000000
506.5326,2026-06-03T16:17:19.984060,-1.180928,0.000000
507.0305,2026-06-03T16:17:20.481892,-1.181624,0.000000
507.5054,2026-06-03T16:17:20.956800,-1.182536,0.000000
508.0074,2026-06-03T16:17:21.458853,-1.183328,0.000000
508.5012,2026-06-03T16:17:21.952643,-1.185024,0.000000
508.9695,2026-06-03T16:17:22.420945,-1.186080,0.000000
509.4759,2026-06-03T16:17:22.927324,-1.187776,0.000000
509.9686,2026-06-03T16:17:23.420034,-1.190712,0.000000
510.4585,2026-06-03T16:17:23.909941,-1.192896,0.000000
510.9926,2026-06-03T16:17:24.443992,-1.195528,0.000000
511.4926,2026-06-03T16:17:24.943994,-1.197720,0.000000
512.0008,2026-06-03T16:17:25.452192,-1.199168,0.000000
512.5023,2026-06-03T16:17:25.953769,-1.200336,0.000000
512.9992,2026-06-03T16:17:26.450607,-1.201536,0.000000
513.5023,2026-06-03T16:17:26.953703,-1.202744,0.000000
514.0212,2026-06-03T16:17:27.472765,-1.203608,0.000000
514.5397,2026-06-03T16:17:27.991108,-1.204808,0.000000
514.9872,2026-06-03T16:17:28.438601,-1.206704,0.000000
515.4847,2026-06-03T16:17:28.936068,-1.208856,0.000000
515.9799,2026-06-03T16:17:29.431341,-1.211520,0.000000
516.4870,2026-06-03T16:17:29.938359,-1.214216,0.000000
516.9872,2026-06-03T16:17:30.438587,-1.216192,0.000000
517.4920,2026-06-03T16:17:30.943416,-1.217320,0.000000
518.0160,2026-06-03T16:17:31.467415,-1.218288,0.000000
518.5204,2026-06-03T16:17:31.971774,-1.218992,0.000000
519.0151,2026-06-03T16:17:32.466501,-1.219280,0.000000
519.5246,2026-06-03T16:17:32.976033,-1.219520,0.000000
520.0249,2026-06-03T16:17:33.476315,-1.219704,0.000000
520.5607,2026-06-03T16:17:34.012135,-1.219792,0.000000
521.0215,2026-06-03T16:17:34.472906,-1.219824,0.000000
521.5233,2026-06-03T16:17:34.974721,-1.219864,0.000000
522.0205,2026-06-03T16:17:35.471894,-1.220096,0.000000
522.4737,2026-06-03T16:17:35.925087,-1.220152,0.000000
522.9409,2026-06-03T16:17:36.392271,-1.220176,0.000000
523.4152,2026-06-03T16:17:36.866631,-1.220136,0.000000
523.9091,2026-06-03T16:17:37.360567,-1.219984,0.000000
524.3770,2026-06-03T16:17:37.828404,-1.220008,0.000000
524.8366,2026-06-03T16:17:38.288060,-1.220216,0.000000
525.3321,2026-06-03T16:17:38.783503,-1.220440,0.000000
525.8215,2026-06-03T16:17:39.272960,-1.220656,0.000000
526.3289,2026-06-03T16:17:39.780297,-1.221096,0.000000
526.8316,2026-06-03T16:17:40.283006,-1.221472,0.000000
527.3339,2026-06-03T16:17:40.785273,-1.221848,0.000000
527.7950,2026-06-03T16:17:41.246371,-1.223216,0.000000
528.2738,2026-06-03T16:17:41.725217,-1.224800,0.000000
528.7552,2026-06-03T16:17:42.206624,-1.226896,0.000000
529.2467,2026-06-03T16:17:42.698103,-1.229808,0.000000
529.7419,2026-06-03T16:17:43.193298,-1.232592,0.000000
530.2395,2026-06-03T16:17:43.690901,-1.234728,0.000000
530.7441,2026-06-03T16:17:44.195538,-1.236808,0.000000
531.2392,2026-06-03T16:17:44.690641,-1.238864,0.000000
531.7554,2026-06-03T16:17:45.206862,-1.240696,0.000000
532.2039,2026-06-03T16:17:45.655321,-1.242704,0.000000
532.6616,2026-06-03T16:17:46.113009,-1.245576,0.000000
533.1134,2026-06-03T16:17:46.564865,-1.247712,0.000000
533.5806,2026-06-03T16:17:47.032004,-1.250320,0.000000
534.0871,2026-06-03T16:17:47.538467,-1.252240,0.000000
534.5888,2026-06-03T16:17:48.040247,-1.253712,0.000000
535.0920,2026-06-03T16:17:48.543382,-1.255104,0.000000
535.5856,2026-06-03T16:17:49.037044,-1.255944,0.000000
536.0893,2026-06-03T16:17:49.540746,-1.257248,0.000000
536.5928,2026-06-03T16:17:50.044197,-1.258480,0.000000
537.0978,2026-06-03T16:17:50.549231,-1.258792,0.000000
537.6005,2026-06-03T16:17:51.051892,-1.259240,0.000000
538.1043,2026-06-03T16:17:51.555730,-1.259408,0.000000
538.5491,2026-06-03T16:17:52.000494,-1.259584,0.000000
539.0370,2026-06-03T16:17:52.488379,-1.259680,0.000000
539.5225,2026-06-03T16:17:52.973872,-1.259784,0.000000
540.0041,2026-06-03T16:17:53.455565,-1.259832,0.000000
540.5045,2026-06-03T16:17:53.955886,-1.259856,0.000000
541.0126,2026-06-03T16:17:54.464018,-1.259952,0.000000
541.5043,2026-06-03T16:17:54.955692,-1.260176,0.000000
541.9957,2026-06-03T16:17:55.447104,-1.260544,0.000000
542.5087,2026-06-03T16:17:55.960110,-1.260960,0.000000
542.9650,2026-06-03T16:17:56.416405,-1.261944,0.000000
543.4580,2026-06-03T16:17:56.909384,-1.262856,0.000000
543.9295,2026-06-03T16:17:57.380895,-1.263816,0.000000
544.4328,2026-06-03T16:17:57.884215,-1.264696,0.000000
544.8919,2026-06-03T16:17:58.343280,-1.266440,0.000000
545.3884,2026-06-03T16:17:58.839816,-1.268128,0.000000
545.8406,2026-06-03T16:17:59.292035,-1.270320,0.000000
546.2900,2026-06-03T16:17:59.741462,-1.272616,0.000000
546.7400,2026-06-03T16:18:00.191413,-1.274320,0.000000
547.2381,2026-06-03T16:18:00.689467,-1.275328,0.000000
547.7300,2026-06-03T16:18:01.181451,-1.276800,0.000000
548.2047,2026-06-03T16:18:01.656119,-1.277384,0.000000
548.6995,2026-06-03T16:18:02.150868,-1.278312,0.000000
549.2025,2026-06-03T16:18:02.653882,-1.279248,0.000000
549.6692,2026-06-03T16:18:03.120615,-1.280704,0.000000
550.1273,2026-06-03T16:18:03.578738,-1.282912,0.000000
550.5930,2026-06-03T16:18:04.044428,-1.284384,0.000000
551.0896,2026-06-03T16:18:04.541027,-1.286032,0.000000
551.5837,2026-06-03T16:18:05.035098,-1.288408,0.000000
552.0681,2026-06-03T16:18:05.519492,-1.290280,0.000000
552.5591,2026-06-03T16:18:06.010525,-1.292608,0.000000
553.0585,2026-06-03T16:18:06.509924,-1.294912,0.000000
553.5597,2026-06-03T16:18:07.011074,-1.296184,0.000000
554.0970,2026-06-03T16:18:07.548422,-1.297104,0.000000
554.6044,2026-06-03T16:18:08.055854,-1.297832,0.000000
555.0971,2026-06-03T16:18:08.548484,-1.298256,0.000000
555.6005,2026-06-03T16:18:09.051940,-1.298952,0.000000
556.0967,2026-06-03T16:18:09.548096,-1.299232,0.000000
556.5915,2026-06-03T16:18:10.042951,-1.299448,0.000000
557.0969,2026-06-03T16:18:10.548265,-1.299784,0.000000
557.5832,2026-06-03T16:18:11.034584,-1.300160,0.000000
558.0760,2026-06-03T16:18:11.527436,-1.300568,0.000000
558.5722,2026-06-03T16:18:12.023593,-1.300752,0.000000
559.0674,2026-06-03T16:18:12.518828,-1.301200,0.000000
559.5712,2026-06-03T16:18:13.022616,-1.302200,0.000000
560.0526,2026-06-03T16:18:13.504007,-1.303120,0.000000
560.5372,2026-06-03T16:18:13.988624,-1.304168,0.000000
561.0092,2026-06-03T16:18:14.460576,-1.305944,0.000000
561.4983,2026-06-03T16:18:14.949741,-1.307624,0.000000
562.0305,2026-06-03T16:18:15.481922,-1.310232,0.000000
562.5007,2026-06-03T16:18:15.952082,-1.313256,0.000000
562.9715,2026-06-03T16:18:16.422921,-1.315096,0.000000
563.4676,2026-06-03T16:18:16.918975,-1.316616,0.000000
563.9371,2026-06-03T16:18:17.388562,-1.317328,0.000000
564.4137,2026-06-03T16:18:17.865106,-1.317912,0.000000
564.8809,2026-06-03T16:18:18.332326,-1.318160,0.000000
565.3819,2026-06-03T16:18:18.833346,-1.318592,0.000000
565.8390,2026-06-03T16:18:19.290438,-1.318824,0.000000
566.3288,2026-06-03T16:18:19.780192,-1.319088,0.000000
566.8263,2026-06-03T16:18:20.277688,-1.319432,0.000000
567.3312,2026-06-03T16:18:20.782615,-1.319632,0.000000
567.7841,2026-06-03T16:18:21.235553,-1.319752,0.000000
568.2887,2026-06-03T16:18:21.740093,-1.319816,0.000000
568.7881,2026-06-03T16:18:22.239485,-1.319824,0.000000
569.2913,2026-06-03T16:18:22.742734,-1.319960,0.000000
569.7916,2026-06-03T16:18:23.242990,-1.320632,0.000000
570.2830,2026-06-03T16:18:23.734380,-1.321496,0.000000
570.7886,2026-06-03T16:18:24.240067,-1.322856,0.000000
571.2372,2026-06-03T16:18:24.688572,-1.324232,0.000000
571.7304,2026-06-03T16:18:25.181798,-1.325464,0.000000
572.2246,2026-06-03T16:18:25.675973,-1.327320,0.000000
572.7203,2026-06-03T16:18:26.171730,-1.328264,0.000000
573.2199,2026-06-03T16:18:26.671304,-1.329624,0.000000
573.7206,2026-06-03T16:18:27.171976,-1.330304,0.000000
574.2000,2026-06-03T16:18:27.651408,-1.331144,0.000000
574.6959,2026-06-03T16:18:28.147341,-1.332504,0.000000
575.1636,2026-06-03T16:18:28.614981,-1.333160,0.000000
575.6299,2026-06-03T16:18:29.081315,-1.333736,0.000000
576.1302,2026-06-03T16:18:29.581645,-1.334280,0.000000
576.6321,2026-06-03T16:18:30.083565,-1.335128,0.000000
577.1227,2026-06-03T16:18:30.574075,-1.336184,0.000000
577.5871,2026-06-03T16:18:31.038462,-1.337640,0.000000
578.0860,2026-06-03T16:18:31.537370,-1.338320,0.000000
578.5478,2026-06-03T16:18:31.999190,-1.338752,0.000000
579.0430,2026-06-03T16:18:32.494432,-1.339104,0.000000
579.5387,2026-06-03T16:18:32.990123,-1.339360,0.000000
580.0010,2026-06-03T16:18:33.452383,-1.339680,0.000000
580.4505,2026-06-03T16:18:33.901864,-1.339904,0.000000
580.9540,2026-06-03T16:18:34.405393,-1.340032,0.000000
581.4347,2026-06-03T16:18:34.886123,-1.340216,0.000000
581.9414,2026-06-03T16:18:35.392842,-1.340528,0.000000
582.4387,2026-06-03T16:18:35.890160,-1.341080,0.000000
582.8938,2026-06-03T16:18:36.345213,-1.341664,0.000000
583.3665,2026-06-03T16:18:36.817867,-1.342320,0.000000
583.8730,2026-06-03T16:18:37.324362,-1.343360,0.000000
584.3685,2026-06-03T16:18:37.819905,-1.344056,0.000000
584.8708,2026-06-03T16:18:38.322188,-1.345280,0.000000
585.3704,2026-06-03T16:18:38.821831,-1.346912,0.000000
585.8271,2026-06-03T16:18:39.278502,-1.347720,0.000000
586.3014,2026-06-03T16:18:39.752810,-1.349000,0.000000
586.8003,2026-06-03T16:18:40.251723,-1.350824,0.000000
587.2691,2026-06-03T16:18:40.720539,-1.352136,0.000000
587.7761,2026-06-03T16:18:41.227514,-1.353696,0.000000
588.2266,2026-06-03T16:18:41.677977,-1.354032,0.000000
588.7088,2026-06-03T16:18:42.160195,-1.354648,0.000000
589.1682,2026-06-03T16:18:42.619590,-1.355552,0.000000
589.6771,2026-06-03T16:18:43.128554,-1.356488,0.000000
590.1630,2026-06-03T16:18:43.614450,-1.358480,0.000000
590.6572,2026-06-03T16:18:44.108600,-1.359496,0.000000
591.1559,2026-06-03T16:18:44.607284,-1.359880,0.000000
591.6497,2026-06-03T16:18:45.101105,-1.360768,0.000000
592.1391,2026-06-03T16:18:45.590464,-1.361600,0.000000
592.6361,2026-06-03T16:18:46.087481,-1.362568,0.000000
593.1300,2026-06-03T16:18:46.581413,-1.363960,0.000000
593.6361,2026-06-03T16:18:47.087476,-1.365040,0.000000
594.1347,2026-06-03T16:18:47.586157,-1.367224,0.000000
594.6022,2026-06-03T16:18:48.053644,-1.368488,0.000000
595.0557,2026-06-03T16:18:48.507119,-1.369728,0.000000
595.5526,2026-06-03T16:18:49.003966,-1.371408,0.000000
596.0431,2026-06-03T16:18:49.494497,-1.372192,0.000000
596.5567,2026-06-03T16:18:50.008085,-1.372968,0.000000
597.0608,2026-06-03T16:18:50.512228,-1.374264,0.000000
597.5608,2026-06-03T16:18:51.012260,-1.375424,0.000000
598.0547,2026-06-03T16:18:51.506155,-1.376272,0.000000
598.5408,2026-06-03T16:18:51.992202,-1.377216,0.000000
599.0198,2026-06-03T16:18:52.471240,-1.377912,0.000000
599.5071,2026-06-03T16:18:52.958541,-1.378336,0.000000
600.0122,2026-06-03T16:18:53.463585,-1.378592,0.000000
600.5515,2026-06-03T16:18:54.002927,-1.378952,0.000000
601.0490,2026-06-03T16:18:54.500402,-1.379360,0.000000
601.5406,2026-06-03T16:18:54.992005,-1.379408,0.000000
602.0347,2026-06-03T16:18:55.486087,-1.379552,0.000000
602.5390,2026-06-03T16:18:55.990399,-1.379648,0.000000
603.0294,2026-06-03T16:18:56.480834,-1.379680,0.000000
603.5257,2026-06-03T16:18:56.977117,-1.379792,0.000000
604.0464,2026-06-03T16:18:57.497853,-1.379896,0.000000
604.5488,2026-06-03T16:18:58.000174,-1.379928,0.000000
605.0401,2026-06-03T16:18:58.491564,-1.380104,0.000000
605.5303,2026-06-03T16:18:58.981758,-1.380152,0.000000
606.0293,2026-06-03T16:18:59.480702,-1.380232,0.000000
606.5255,2026-06-03T16:18:59.976910,-1.380568,0.000000
607.0172,2026-06-03T16:19:00.468646,-1.380600,0.000000
607.5370,2026-06-03T16:19:00.988381,-1.380728,0.000000
608.0016,2026-06-03T16:19:01.453049,-1.380896,0.000000
608.5197,2026-06-03T16:19:01.971121,-1.381016,0.000000
609.0116,2026-06-03T16:19:02.463025,-1.381352,0.000000
609.5110,2026-06-03T16:19:02.962452,-1.381944,0.000000
610.0055,2026-06-03T16:19:03.456917,-1.382824,0.000000
610.4639,2026-06-03T16:19:03.915354,-1.384432,0.000000
610.9504,2026-06-03T16:19:04.401841,-1.385960,0.000000
611.4255,2026-06-03T16:19:04.876886,-1.386896,0.000000
611.9055,2026-06-03T16:19:05.356910,-1.388328,0.000000
612.3831,2026-06-03T16:19:05.834550,-1.388560,0.000000
612.8842,2026-06-03T16:19:06.335643,-1.388504,0.000000
613.3714,2026-06-03T16:19:06.822796,-1.389512,0.000000
613.8438,2026-06-03T16:19:07.295215,-1.390232,0.000000
614.3459,2026-06-03T16:19:07.797361,-1.391648,0.000000
614.8441,2026-06-03T16:19:08.295482,-1.392552,0.000000
615.3167,2026-06-03T16:19:08.768158,-1.393808,0.000000
615.7981,2026-06-03T16:19:09.249556,-1.394968,0.000000
616.3057,2026-06-03T16:19:09.757133,-1.395608,0.000000
616.8123,2026-06-03T16:19:10.263695,-1.397216,0.000000
617.3118,2026-06-03T16:19:10.763241,-1.397728,0.000000
617.8124,2026-06-03T16:19:11.263822,-1.398208,0.000000
618.3043,2026-06-03T16:19:11.755735,-1.398656,0.000000
618.8077,2026-06-03T16:19:12.259124,-1.398848,0.000000
619.3018,2026-06-03T16:19:12.753251,-1.399288,0.000000
619.7994,2026-06-03T16:19:13.250773,-1.399416,0.000000
620.2541,2026-06-03T16:19:13.705530,-1.399648,0.000000
620.7391,2026-06-03T16:19:14.190473,-1.400016,0.000000
621.2291,2026-06-03T16:19:14.680473,-1.400288,0.000000
621.7187,2026-06-03T16:19:15.170130,-1.401064,0.000000
622.1874,2026-06-03T16:19:15.638799,-1.402512,0.000000
622.6845,2026-06-03T16:19:16.135956,-1.403072,0.000000
623.1761,2026-06-03T16:19:16.627544,-1.403800,0.000000
623.6810,2026-06-03T16:19:17.132424,-1.404864,0.000000
624.1854,2026-06-03T16:19:17.636849,-1.404736,0.000000
624.6771,2026-06-03T16:19:18.128487,-1.406000,0.000000
625.1685,2026-06-03T16:19:18.619874,-1.407592,0.000000
625.6647,2026-06-03T16:19:19.116069,-1.409160,0.000000
626.1564,2026-06-03T16:19:19.607838,-1.411048,0.000000
626.6414,2026-06-03T16:19:20.092763,-1.412552,0.000000
627.1393,2026-06-03T16:19:20.590755,-1.414088,0.000000
627.6371,2026-06-03T16:19:21.088465,-1.415040,0.000000
628.1332,2026-06-03T16:19:21.584586,-1.416032,0.000000
628.6286,2026-06-03T16:19:22.080055,-1.416920,0.000000
629.1331,2026-06-03T16:19:22.584569,-1.417208,0.000000
629.5852,2026-06-03T16:19:23.036650,-1.417544,0.000000
630.0782,2026-06-03T16:19:23.529643,-1.417712,0.000000
630.5754,2026-06-03T16:19:24.026819,-1.418096,0.000000
631.0908,2026-06-03T16:19:24.542255,-1.418128,0.000000
631.6039,2026-06-03T16:19:25.055332,-1.418232,0.000000
632.0612,2026-06-03T16:19:25.512605,-1.418480,0.000000
632.5611,2026-06-03T16:19:26.012480,-1.418544,0.000000
633.0594,2026-06-03T16:19:26.510844,-1.418808,0.000000
633.5579,2026-06-03T16:19:27.009274,-1.419120,0.000000
634.0496,2026-06-03T16:19:27.501040,-1.419304,0.000000
634.5064,2026-06-03T16:19:27.957857,-1.419400,0.000000
634.9784,2026-06-03T16:19:28.429828,-1.419496,0.000000
635.4786,2026-06-03T16:19:28.930058,-1.419480,0.000000
635.9802,2026-06-03T16:19:29.431598,-1.419512,0.000000
636.4720,2026-06-03T16:19:29.923386,-1.419512,0.000000
636.9787,2026-06-03T16:19:30.430140,-1.419496,0.000000
637.4832,2026-06-03T16:19:30.934619,-1.419536,0.000000
637.9618,2026-06-03T16:19:31.413157,-1.419560,0.000000
638.4581,2026-06-03T16:19:31.909538,-1.419616,0.000000
638.9656,2026-06-03T16:19:32.417050,-1.419664,0.000000
639.4623,2026-06-03T16:19:32.913733,-1.419752,0.000000
639.9648,2026-06-03T16:19:33.416205,-1.419816,0.000000
640.4558,2026-06-03T16:19:33.907195,-1.419912,0.000000
640.9521,2026-06-03T16:19:34.403472,-1.420056,0.000000
641.4567,2026-06-03T16:19:34.908074,-1.420144,0.000000
641.9541,2026-06-03T16:19:35.405516,-1.420256,0.000000
642.4617,2026-06-03T16:19:35.913085,-1.420496,0.000000
642.9549,2026-06-03T16:19:36.406306,-1.420728,0.000000
643.4621,2026-06-03T16:19:36.913537,-1.421336,0.000000
643.9691,2026-06-03T16:19:37.420543,-1.421480,0.000000
644.4731,2026-06-03T16:19:37.924535,-1.421856,0.000000
644.9636,2026-06-03T16:19:38.415025,-1.422352,0.000000
645.4665,2026-06-03T16:19:38.917871,-1.422552,0.000000
645.9179,2026-06-03T16:19:39.369344,-1.423936,0.000000
646.4142,2026-06-03T16:19:39.865566,-1.424456,0.000000
646.9135,2026-06-03T16:19:40.364869,-1.424648,0.000000
647.4212,2026-06-03T16:19:40.872647,-1.424592,0.000000
647.9212,2026-06-03T16:19:41.372572,-1.424920,0.000000
648.4318,2026-06-03T16:19:41.883164,-1.425192,0.000000
648.9291,2026-06-03T16:19:42.380566,-1.426064,0.000000
649.4290,2026-06-03T16:19:42.880440,-1.427888,0.000000
649.9261,2026-06-03T16:19:43.377537,-1.429296,0.000000
650.4304,2026-06-03T16:19:43.881788,-1.431824,0.000000
650.9229,2026-06-03T16:19:44.374326,-1.433264,0.000000
651.4234,2026-06-03T16:19:44.874819,-1.434320,0.000000
651.9157,2026-06-03T16:19:45.367105,-1.435488,0.000000
652.4120,2026-06-03T16:19:45.863426,-1.435752,0.000000
652.8951,2026-06-03T16:19:46.346563,-1.437176,0.000000
653.3920,2026-06-03T16:19:46.843452,-1.438312,0.000000
653.8999,2026-06-03T16:19:47.351301,-1.438984,0.000000
654.4195,2026-06-03T16:19:47.870958,-1.440064,0.000000
654.9294,2026-06-03T16:19:48.380862,-1.440640,0.000000
655.4330,2026-06-03T16:19:48.884460,-1.440888,0.000000
655.9365,2026-06-03T16:19:49.387939,-1.441144,0.000000
656.4331,2026-06-03T16:19:49.884569,-1.441648,0.000000
656.9370,2026-06-03T16:19:50.388408,-1.442128,0.000000
657.4366,2026-06-03T16:19:50.888051,-1.442944,0.000000
657.9309,2026-06-03T16:19:51.382301,-1.443960,0.000000
658.4321,2026-06-03T16:19:51.883520,-1.444520,0.000000
658.9405,2026-06-03T16:19:52.391942,-1.444816,0.000000
659.4322,2026-06-03T16:19:52.883582,-1.445784,0.000000
659.9327,2026-06-03T16:19:53.384121,-1.445976,0.000000
660.4324,2026-06-03T16:19:53.883852,-1.446688,0.000000
660.9076,2026-06-03T16:19:54.359037,-1.448560,0.000000
661.4089,2026-06-03T16:19:54.860331,-1.449152,0.000000
661.9094,2026-06-03T16:19:55.360799,-1.450504,0.000000
662.4039,2026-06-03T16:19:55.855300,-1.451952,0.000000
662.9048,2026-06-03T16:19:56.356199,-1.452848,0.000000
663.3997,2026-06-03T16:19:56.851136,-1.453664,0.000000
663.8934,2026-06-03T16:19:57.344787,-1.453776,0.000000
664.3904,2026-06-03T16:19:57.841793,-1.453984,0.000000
664.8842,2026-06-03T16:19:58.335635,-1.453928,0.000000
665.3996,2026-06-03T16:19:58.851008,-1.453536,0.000000
665.8992,2026-06-03T16:19:59.350582,-1.454224,0.000000
666.4083,2026-06-03T16:19:59.859705,-1.454824,0.000000
666.9001,2026-06-03T16:20:00.351487,-1.455624,0.000000
667.4005,2026-06-03T16:20:00.851947,-1.457096,0.000000
667.8974,2026-06-03T16:20:01.348823,-1.457920,0.000000
668.4070,2026-06-03T16:20:01.858435,-1.458440,0.000000
668.8965,2026-06-03T16:20:02.347951,-1.458608,0.000000
669.3995,2026-06-03T16:20:02.850904,-1.458768,0.000000
669.8827,2026-06-03T16:20:03.334143,-1.458808,0.000000
670.3896,2026-06-03T16:20:03.841049,-1.458784,0.000000
670.8915,2026-06-03T16:20:04.342954,-1.458960,0.000000
671.3883,2026-06-03T16:20:04.839670,-1.459048,0.000000
671.8895,2026-06-03T16:20:05.340922,-1.459152,0.000000
672.4037,2026-06-03T16:20:05.855089,-1.459320,0.000000
672.9125,2026-06-03T16:20:06.363883,-1.459448,0.000000
673.3899,2026-06-03T16:20:06.841264,-1.459712,0.000000
673.8662,2026-06-03T16:20:07.317639,-1.459768,0.000000
674.3608,2026-06-03T16:20:07.812234,-1.459880,0.000000
674.8570,2026-06-03T16:20:08.308445,-1.459984,0.000000
675.3609,2026-06-03T16:20:08.812307,-1.459952,0.000000
675.8533,2026-06-03T16:20:09.304726,-1.460160,0.000000
676.3493,2026-06-03T16:20:09.800753,-1.460160,0.000000
676.8829,2026-06-03T16:20:10.334361,-1.460160,0.000000
677.3887,2026-06-03T16:20:10.840065,-1.460248,0.000000
677.8803,2026-06-03T16:20:11.331699,-1.460216,0.000000
678.3774,2026-06-03T16:20:11.828827,-1.460424,0.000000
678.8822,2026-06-03T16:20:12.333582,-1.461016,0.000000
679.3993,2026-06-03T16:20:12.850748,-1.461496,0.000000
679.9114,2026-06-03T16:20:13.362867,-1.462384,0.000000
680.4034,2026-06-03T16:20:13.854782,-1.463088,0.000000
680.9041,2026-06-03T16:20:14.355522,-1.463176,0.000000
681.4001,2026-06-03T16:20:14.851490,-1.463520,0.000000
681.9011,2026-06-03T16:20:15.352499,-1.463520,0.000000
682.3959,2026-06-03T16:20:15.847263,-1.463168,0.000000
682.9325,2026-06-03T16:20:16.383959,-1.463512,0.000000
683.4247,2026-06-03T16:20:16.876096,-1.463976,0.000000
683.8834,2026-06-03T16:20:17.334794,-1.464456,0.000000
684.3799,2026-06-03T16:20:17.831328,-1.465376,0.000000
684.8480,2026-06-03T16:20:18.299443,-1.466360,0.000000
685.3533,2026-06-03T16:20:18.804713,-1.467128,0.000000
685.8198,2026-06-03T16:20:19.271239,-1.467728,0.000000
686.3124,2026-06-03T16:20:19.763818,-1.468272,0.000000
686.8045,2026-06-03T16:20:20.255930,-1.468240,0.000000
687.3034,2026-06-03T16:20:20.754825,-1.467536,0.000000
687.8055,2026-06-03T16:20:21.256916,-1.468080,0.000000
688.3284,2026-06-03T16:20:21.779802,-1.469184,0.000000
688.8072,2026-06-03T16:20:22.258608,-1.470512,0.000000
689.3178,2026-06-03T16:20:22.769185,-1.472120,0.000000
689.8076,2026-06-03T16:20:23.259043,-1.474384,0.000000
690.3066,2026-06-03T16:20:23.758052,-1.475240,0.000000
690.7835,2026-06-03T16:20:24.234902,-1.476224,0.000000
691.2465,2026-06-03T16:20:24.697929,-1.477168,0.000000
691.7415,2026-06-03T16:20:25.192893,-1.477376,0.000000
692.2460,2026-06-03T16:20:25.697409,-1.477576,0.000000
692.7347,2026-06-03T16:20:26.186104,-1.477712,0.000000
693.2116,2026-06-03T16:20:26.663061,-1.477560,0.000000
693.7046,2026-06-03T16:20:27.155974,-1.477832,0.000000
694.2063,2026-06-03T16:20:27.657689,-1.477792,0.000000
694.7029,2026-06-03T16:20:28.154348,-1.478328,0.000000
695.2086,2026-06-03T16:20:28.660037,-1.478864,0.000000
695.7016,2026-06-03T16:20:29.152980,-1.478888,0.000000
696.1989,2026-06-03T16:20:29.650273,-1.479192,0.000000
696.6992,2026-06-03T16:20:30.150609,-1.479280,0.000000
697.1981,2026-06-03T16:20:30.649476,-1.479264,0.000000
697.6909,2026-06-03T16:20:31.142351,-1.479328,0.000000
698.1882,2026-06-03T16:20:31.639566,-1.479296,0.000000
698.6831,2026-06-03T16:20:32.134507,-1.479344,0.000000
699.1906,2026-06-03T16:20:32.642040,-1.479400,0.000000
699.6990,2026-06-03T16:20:33.150391,-1.479480,0.000000
700.2051,2026-06-03T16:20:33.656478,-1.479552,0.000000
700.6955,2026-06-03T16:20:34.146908,-1.479640,0.000000
701.2054,2026-06-03T16:20:34.656801,-1.479704,0.000000
701.7087,2026-06-03T16:20:35.160063,-1.479720,0.000000
702.1994,2026-06-03T16:20:35.650843,-1.479920,0.000000
702.7013,2026-06-03T16:20:36.152701,-1.480248,0.000000
703.2010,2026-06-03T16:20:36.652449,-1.480456,0.000000
703.6896,2026-06-03T16:20:37.141004,-1.481248,0.000000
704.1691,2026-06-03T16:20:37.620502,-1.481920,0.000000
704.6339,2026-06-03T16:20:38.085342,-1.482344,0.000000
705.1276,2026-06-03T16:20:38.579004,-1.482416,0.000000
705.6362,2026-06-03T16:20:39.087639,-1.482448,0.000000
706.1155,2026-06-03T16:20:39.566941,-1.482000,0.000000
706.6209,2026-06-03T16:20:40.072339,-1.481848,0.000000
707.1113,2026-06-03T16:20:40.562697,-1.481984,0.000000
707.6085,2026-06-03T16:20:41.059882,-1.482024,0.000000
708.1258,2026-06-03T16:20:41.577201,-1.482320,0.000000
708.6101,2026-06-03T16:20:42.061526,-1.482888,0.000000
709.1149,2026-06-03T16:20:42.566326,-1.484032,0.000000
709.6126,2026-06-03T16:20:43.064019,-1.485320,0.000000
710.1043,2026-06-03T16:20:43.555722,-1.485664,0.000000
710.6039,2026-06-03T16:20:44.055353,-1.486080,0.000000
711.0891,2026-06-03T16:20:44.540475,-1.486512,0.000000
711.5820,2026-06-03T16:20:45.033394,-1.487288,0.000000
712.0848,2026-06-03T16:20:45.536240,-1.488792,0.000000
712.6114,2026-06-03T16:20:46.062832,-1.490408,0.000000
713.1136,2026-06-03T16:20:46.565053,-1.490880,0.000000
713.6145,2026-06-03T16:20:47.065957,-1.490464,0.000000
714.1174,2026-06-03T16:20:47.568773,-1.490640,0.000000
714.6172,2026-06-03T16:20:48.068636,-1.490240,0.000000
715.1456,2026-06-03T16:20:48.596980,-1.490968,0.000000
715.6537,2026-06-03T16:20:49.105152,-1.492288,0.000000
716.1492,2026-06-03T16:20:49.600592,-1.492512,0.000000
716.6444,2026-06-03T16:20:50.095821,-1.493744,0.000000
717.1454,2026-06-03T16:20:50.596812,-1.493880,0.000000
717.6406,2026-06-03T16:20:51.092009,-1.494272,0.000000
718.1730,2026-06-03T16:20:51.624439,-1.495120,0.000000
718.6649,2026-06-03T16:20:52.116355,-1.495240,0.000000
719.1537,2026-06-03T16:20:52.605128,-1.495576,0.000000
719.6554,2026-06-03T16:20:53.106778,-1.496296,0.000000
720.1608,2026-06-03T16:20:53.612202,-1.496696,0.000000
720.6529,2026-06-03T16:20:54.104289,-1.496952,0.000000
721.1853,2026-06-03T16:20:54.636681,-1.497656,0.000000
721.6711,2026-06-03T16:20:55.122543,-1.497784,0.000000
722.1727,2026-06-03T16:20:55.624131,-1.497344,0.000000
722.6733,2026-06-03T16:20:56.124720,-1.497552,0.000000
723.1812,2026-06-03T16:20:56.632583,-1.497352,0.000000
723.6711,2026-06-03T16:20:57.122494,-1.497312,0.000000
724.2005,2026-06-03T16:20:57.651958,-1.497832,0.000000
724.6907,2026-06-03T16:20:58.142161,-1.498096,0.000000
725.1887,2026-06-03T16:20:58.640072,-1.498456,0.000000
725.6792,2026-06-03T16:20:59.130589,-1.498608,0.000000
726.1815,2026-06-03T16:20:59.632953,-1.498872,0.000000
726.6814,2026-06-03T16:21:00.132835,-1.499024,0.000000
727.1769,2026-06-03T16:21:00.628317,-1.499312,0.000000
727.6679,2026-06-03T16:21:01.119307,-1.499512,0.000000
728.1969,2026-06-03T16:21:01.648263,-1.499704,0.000000
728.6857,2026-06-03T16:21:02.137127,-1.499856,0.000000
729.1863,2026-06-03T16:21:02.637744,-1.499936,0.000000
729.6881,2026-06-03T16:21:03.139507,-1.500232,0.000000
730.1857,2026-06-03T16:21:03.637084,-1.500296,0.000000
730.6785,2026-06-03T16:21:04.129885,-1.500232,0.000000
731.2080,2026-06-03T16:21:04.659382,-1.500232,0.000000
731.6919,2026-06-03T16:21:05.143320,-1.500048,0.000000
732.1973,2026-06-03T16:21:05.648707,-1.500120,0.000000
732.6948,2026-06-03T16:21:06.146171,-1.500224,0.000000
733.1938,2026-06-03T16:21:06.645228,-1.500480,0.000000
733.6965,2026-06-03T16:21:07.147893,-1.500768,0.000000
734.1935,2026-06-03T16:21:07.644878,-1.501080,0.000000
734.6982,2026-06-03T16:21:08.149624,-1.501216,0.000000
735.1658,2026-06-03T16:21:08.617248,-1.501096,0.000000
735.6857,2026-06-03T16:21:09.137132,-1.501272,0.000000
736.1415,2026-06-03T16:21:09.592948,-1.501472,0.000000
736.6450,2026-06-03T16:21:10.096448,-1.501536,0.000000
737.1372,2026-06-03T16:21:10.588638,-1.501624,0.000000
737.5982,2026-06-03T16:21:11.049572,-1.501600,0.000000
738.0959,2026-06-03T16:21:11.547267,-1.501736,0.000000
738.5912,2026-06-03T16:21:12.042600,-1.502296,0.000000
739.0809,2026-06-03T16:21:12.532280,-1.503272,0.000000
739.5719,2026-06-03T16:21:13.023331,-1.504248,0.000000
740.0717,2026-06-03T16:21:13.523115,-1.504472,0.000000
740.5674,2026-06-03T16:21:14.018797,-1.504776,0.000000
741.0705,2026-06-03T16:21:14.521935,-1.505288,0.000000
741.5469,2026-06-03T16:21:14.998357,-1.505912,0.000000
742.0568,2026-06-03T16:21:15.508176,-1.507296,0.000000
742.5401,2026-06-03T16:21:15.991501,-1.509056,0.000000
743.0237,2026-06-03T16:21:16.475067,-1.510264,0.000000
743.5267,2026-06-03T16:21:16.978108,-1.511040,0.000000
744.0294,2026-06-03T16:21:17.480874,-1.510392,0.000000
744.5247,2026-06-03T16:21:17.976145,-1.509256,0.000000
745.0250,2026-06-03T16:21:18.476435,-1.509096,0.000000
745.5068,2026-06-03T16:21:18.958193,-1.508608,0.000000
746.0136,2026-06-03T16:21:19.464986,-1.509320,0.000000
746.4901,2026-06-03T16:21:19.941502,-1.509408,0.000000
746.9812,2026-06-03T16:21:20.432579,-1.509360,0.000000
747.4855,2026-06-03T16:21:20.936921,-1.510056,0.000000
747.9972,2026-06-03T16:21:21.448621,-1.510872,0.000000
748.4973,2026-06-03T16:21:21.948666,-1.512664,0.000000
749.0015,2026-06-03T16:21:22.452867,-1.513352,0.000000
749.4777,2026-06-03T16:21:22.929091,-1.512776,0.000000
749.9682,2026-06-03T16:21:23.419649,-1.512224,0.000000
750.4440,2026-06-03T16:21:23.895398,-1.511608,0.000000
750.9166,2026-06-03T16:21:24.367968,-1.512200,0.000000
751.3857,2026-06-03T16:21:24.837092,-1.513432,0.000000
751.8757,2026-06-03T16:21:25.327100,-1.515200,0.000000
752.3775,2026-06-03T16:21:25.828902,-1.516016,0.000000
752.8768,2026-06-03T16:21:26.328209,-1.516040,0.000000
753.3771,2026-06-03T16:21:26.828492,-1.515272,0.000000
753.8545,2026-06-03T16:21:27.305930,-1.515048,0.000000
754.3500,2026-06-03T16:21:27.801424,-1.515392,0.000000
754.8433,2026-06-03T16:21:28.294725,-1.515488,0.000000
755.3493,2026-06-03T16:21:28.800685,-1.517048,0.000000
755.8183,2026-06-03T16:21:29.269740,-1.518248,0.000000
756.2950,2026-06-03T16:21:29.746384,-1.518944,0.000000
756.7931,2026-06-03T16:21:30.244552,-1.519792,0.000000
757.2961,2026-06-03T16:21:30.747482,-1.519896,0.000000
757.8126,2026-06-03T16:21:31.263973,-1.519792,0.000000
758.2970,2026-06-03T16:21:31.748430,-1.519624,0.000000
758.7525,2026-06-03T16:21:32.203959,-1.519664,0.000000
759.2551,2026-06-03T16:21:32.706486,-1.519552,0.000000
759.7544,2026-06-03T16:21:33.205769,-1.520104,0.000000
760.2492,2026-06-03T16:21:33.700564,-1.520424,0.000000
760.7456,2026-06-03T16:21:34.197012,-1.520480,0.000000
761.2020,2026-06-03T16:21:34.653424,-1.520448,0.000000
761.7014,2026-06-03T16:21:35.152841,-1.520080,0.000000
762.2097,2026-06-03T16:21:35.661096,-1.519872,0.000000
762.7495,2026-06-03T16:21:36.200924,-1.519936,0.000000
763.2488,2026-06-03T16:21:36.700185,-1.520648,0.000000
763.7435,2026-06-03T16:21:37.194880,-1.521704,0.000000
764.2462,2026-06-03T16:21:37.697571,-1.522608,0.000000
764.7401,2026-06-03T16:21:38.191465,-1.523040,0.000000
765.2409,2026-06-03T16:21:38.692346,-1.522744,0.000000
765.7687,2026-06-03T16:21:39.220144,-1.522192,0.000000
766.2781,2026-06-03T16:21:39.729501,-1.522032,0.000000
766.7703,2026-06-03T16:21:40.221674,-1.522960,0.000000
767.2566,2026-06-03T16:21:40.708051,-1.523432,0.000000
767.7397,2026-06-03T16:21:41.191081,-1.523592,0.000000
768.2251,2026-06-03T16:21:41.676523,-1.524440,0.000000
768.7195,2026-06-03T16:21:42.170913,-1.525152,0.000000
769.2138,2026-06-03T16:21:42.665246,-1.526784,0.000000
769.7165,2026-06-03T16:21:43.167959,-1.528720,0.000000
770.2134,2026-06-03T16:21:43.664870,-1.530272,0.000000
770.7153,2026-06-03T16:21:44.166718,-1.530944,0.000000
771.2117,2026-06-03T16:21:44.663127,-1.531800,0.000000
771.7133,2026-06-03T16:21:45.164719,-1.532928,0.000000
772.2103,2026-06-03T16:21:45.661686,-1.533728,0.000000
772.7171,2026-06-03T16:21:46.168523,-1.535008,0.000000
773.2141,2026-06-03T16:21:46.665501,-1.535904,0.000000
773.7137,2026-06-03T16:21:47.165146,-1.536456,0.000000
774.2062,2026-06-03T16:21:47.657587,-1.536552,0.000000
774.7022,2026-06-03T16:21:48.153580,-1.535640,0.000000
775.1867,2026-06-03T16:21:48.638093,-1.535360,0.000000
775.6899,2026-06-03T16:21:49.141276,-1.535456,0.000000
776.1931,2026-06-03T16:21:49.644561,-1.535864,0.000000
776.6867,2026-06-03T16:21:50.138137,-1.536528,0.000000
777.1482,2026-06-03T16:21:50.599643,-1.536784,0.000000
777.6437,2026-06-03T16:21:51.095096,-1.536496,0.000000
778.1484,2026-06-03T16:21:51.599843,-1.536544,0.000000
778.6112,2026-06-03T16:21:52.062632,-1.537296,0.000000
779.1134,2026-06-03T16:21:52.564845,-1.537992,0.000000
779.6025,2026-06-03T16:21:53.053957,-1.538392,0.000000
780.1093,2026-06-03T16:21:53.560715,-1.538288,0.000000
780.5768,2026-06-03T16:21:54.028189,-1.537808,0.000000
781.0778,2026-06-03T16:21:54.529171,-1.537464,0.000000
781.5936,2026-06-03T16:21:55.045038,-1.537248,0.000000
782.1012,2026-06-03T16:21:55.552589,-1.537616,0.000000
782.5937,2026-06-03T16:21:56.045142,-1.538136,0.000000
783.0968,2026-06-03T16:21:56.548277,-1.538504,0.000000
783.5969,2026-06-03T16:21:57.048293,-1.539136,0.000000
784.0958,2026-06-03T16:21:57.547192,-1.539192,0.000000
784.6244,2026-06-03T16:21:58.075857,-1.539152,0.000000
785.1267,2026-06-03T16:21:58.578112,-1.539208,0.000000
785.6283,2026-06-03T16:21:59.079751,-1.539072,0.000000
786.1318,2026-06-03T16:21:59.583224,-1.538928,0.000000
786.6266,2026-06-03T16:22:00.078018,-1.538960,0.000000
787.0851,2026-06-03T16:22:00.536483,-1.538880,0.000000
787.5841,2026-06-03T16:22:01.035525,-1.538880,0.000000
788.0799,2026-06-03T16:22:01.531283,-1.539120,0.000000
788.6052,2026-06-03T16:22:02.056593,-1.539256,0.000000
789.0972,2026-06-03T16:22:02.548607,-1.539472,0.000000
789.6017,2026-06-03T16:22:03.053103,-1.539648,0.000000
790.0924,2026-06-03T16:22:03.543766,-1.539632,0.000000
790.5935,2026-06-03T16:22:04.044871,-1.539704,0.000000
791.0560,2026-06-03T16:22:04.507377,-1.539680,0.000000
791.5484,2026-06-03T16:22:04.999784,-1.539728,0.000000
792.0075,2026-06-03T16:22:05.458964,-1.539784,0.000000
792.5095,2026-06-03T16:22:05.960945,-1.539744,0.000000
793.0100,2026-06-03T16:22:06.461397,-1.539736,0.000000
793.5012,2026-06-03T16:22:06.952595,-1.539800,0.000000
793.9979,2026-06-03T16:22:07.449270,-1.539752,0.000000
794.5286,2026-06-03T16:22:07.979981,-1.539784,0.000000
795.0134,2026-06-03T16:22:08.464853,-1.539784,0.000000
795.5094,2026-06-03T16:22:08.960856,-1.539736,0.000000
795.9942,2026-06-03T16:22:09.445570,-1.539832,0.000000
796.4940,2026-06-03T16:22:09.945427,-1.539808,0.000000
796.9871,2026-06-03T16:22:10.438496,-1.539840,0.000000
797.4921,2026-06-03T16:22:10.943473,-1.539856,0.000000
798.0162,2026-06-03T16:22:11.467640,-1.539864,0.000000
798.5206,2026-06-03T16:22:11.972054,-1.539936,0.000000
799.0185,2026-06-03T16:22:12.469917,-1.540032,0.000000
799.5163,2026-06-03T16:22:12.967689,-1.540128,0.000000
800.0130,2026-06-03T16:22:13.464372,-1.540272,0.000000
800.5052,2026-06-03T16:22:13.956580,-1.540312,0.000000
801.0050,2026-06-03T16:22:14.456454,-1.540256,0.000000
801.5057,2026-06-03T16:22:14.957166,-1.540200,0.000000
802.0033,2026-06-03T16:22:15.454733,-1.540176,0.000000
802.5045,2026-06-03T16:22:15.955892,-1.540184,0.000000
802.9977,2026-06-03T16:22:16.449120,-1.540176,0.000000
803.4584,2026-06-03T16:22:16.909809,-1.540160,0.000000
803.9291,2026-06-03T16:22:17.380503,-1.540168,0.000000
804.4174,2026-06-03T16:22:17.868856,-1.540248,0.000000
804.9306,2026-06-03T16:22:18.382014,-1.540480,0.000000
805.4338,2026-06-03T16:22:18.885216,-1.540872,0.000000
805.9321,2026-06-03T16:22:19.383569,-1.541032,0.000000
806.4381,2026-06-03T16:22:19.889506,-1.541528,0.000000
806.9332,2026-06-03T16:22:20.384612,-1.541968,0.000000
807.4262,2026-06-03T16:22:20.877616,-1.542448,0.000000
807.9217,2026-06-03T16:22:21.373073,-1.542672,0.000000
808.4261,2026-06-03T16:22:21.877537,-1.542296,0.000000
808.9354,2026-06-03T16:22:22.386856,-1.542000,0.000000
809.4347,2026-06-03T16:22:22.886134,-1.541608,0.000000
809.9358,2026-06-03T16:22:23.387216,-1.541736,0.000000
810.4405,2026-06-03T16:22:23.891901,-1.542160,0.000000
810.9325,2026-06-03T16:22:24.383890,-1.542296,0.000000
811.4278,2026-06-03T16:22:24.879176,-1.542408,0.000000
811.9340,2026-06-03T16:22:25.385458,-1.542784,0.000000
812.4367,2026-06-03T16:22:25.888132,-1.543112,0.000000
812.9298,2026-06-03T16:22:26.381263,-1.543232,0.000000
813.4317,2026-06-03T16:22:26.883109,-1.543880,0.000000
813.9266,2026-06-03T16:22:27.378044,-1.544264,0.000000
814.4333,2026-06-03T16:22:27.884658,-1.544488,0.000000
814.9172,2026-06-03T16:22:28.368574,-1.545136,0.000000
815.3983,2026-06-03T16:22:28.849740,-1.545792,0.000000
815.9041,2026-06-03T16:22:29.355482,-1.546576,0.000000
816.4174,2026-06-03T16:22:29.868840,-1.548144,0.000000
816.8807,2026-06-03T16:22:30.332082,-1.549112,0.000000
817.3448,2026-06-03T16:22:30.796260,-1.549520,0.000000
817.8474,2026-06-03T16:22:31.298856,-1.550176,0.000000
818.3330,2026-06-03T16:22:31.784382,-1.550008,0.000000
818.8298,2026-06-03T16:22:32.281250,-1.551104,0.000000
819.3213,2026-06-03T16:22:32.772718,-1.552248,0.000000
819.8097,2026-06-03T16:22:33.261155,-1.553152,0.000000
820.3009,2026-06-03T16:22:33.752347,-1.554808,0.000000
820.8015,2026-06-03T16:22:34.252901,-1.555168,0.000000
821.3371,2026-06-03T16:22:34.788506,-1.555712,0.000000
821.8276,2026-06-03T16:22:35.278992,-1.556544,0.000000
822.3061,2026-06-03T16:22:35.757508,-1.556968,0.000000
822.8050,2026-06-03T16:22:36.256378,-1.557488,0.000000
823.3009,2026-06-03T16:22:36.752356,-1.557896,0.000000
823.8019,2026-06-03T16:22:37.253351,-1.557600,0.000000
824.2956,2026-06-03T16:22:37.747040,-1.557088,0.000000
824.7992,2026-06-03T16:22:38.250579,-1.556912,0.000000
825.2909,2026-06-03T16:22:38.742329,-1.557056,0.000000
825.7976,2026-06-03T16:22:39.249048,-1.557632,0.000000
826.2921,2026-06-03T16:22:39.743552,-1.558320,0.000000
826.7968,2026-06-03T16:22:40.248160,-1.558552,0.000000
827.2529,2026-06-03T16:22:40.704304,-1.558624,0.000000
827.7480,2026-06-03T16:22:41.199454,-1.558456,0.000000
828.2498,2026-06-03T16:22:41.701190,-1.558544,0.000000
828.7434,2026-06-03T16:22:42.194836,-1.558632,0.000000
829.2450,2026-06-03T16:22:42.696446,-1.558624,0.000000
829.7431,2026-06-03T16:22:43.194547,-1.558552,0.000000
830.2392,2026-06-03T16:22:43.690624,-1.558312,0.000000
830.7409,2026-06-03T16:22:44.192286,-1.558736,0.000000
831.2429,2026-06-03T16:22:44.694354,-1.559488,0.000000
831.7452,2026-06-03T16:22:45.196652,-1.559880,0.000000
832.2385,2026-06-03T16:22:45.689891,-1.560800,0.000000
832.7346,2026-06-03T16:22:46.186025,-1.560768,0.000000
833.2363,2026-06-03T16:22:46.687668,-1.560824,0.000000
833.6929,2026-06-03T16:22:47.144337,-1.560720,0.000000
834.1900,2026-06-03T16:22:47.641421,-1.560552,0.000000
834.6929,2026-06-03T16:22:48.144334,-1.560736,0.000000
835.1893,2026-06-03T16:22:48.640745,-1.561000,0.000000
835.6896,2026-06-03T16:22:49.141039,-1.562328,0.000000
836.1975,2026-06-03T16:22:49.648966,-1.563144,0.000000
836.6976,2026-06-03T16:22:50.148982,-1.563976,0.000000
837.1649,2026-06-03T16:22:50.616280,-1.564688,0.000000
837.6596,2026-06-03T16:22:51.110980,-1.565216,0.000000
838.1632,2026-06-03T16:22:51.614564,-1.566000,0.000000
838.6512,2026-06-03T16:22:52.102636,-1.567400,0.000000
839.1165,2026-06-03T16:22:52.567899,-1.568176,0.000000
839.6077,2026-06-03T16:22:53.059094,-1.568952,0.000000
840.1133,2026-06-03T16:22:53.564742,-1.569152,0.000000
840.6085,2026-06-03T16:22:54.059903,-1.568088,0.000000
841.0664,2026-06-03T16:22:54.517848,-1.568472,0.000000
841.5350,2026-06-03T16:22:54.986453,-1.569104,0.000000
842.0384,2026-06-03T16:22:55.489810,-1.569560,0.000000
842.5344,2026-06-03T16:22:55.985834,-1.571448,0.000000
843.0366,2026-06-03T16:22:56.487975,-1.572968,0.000000
843.5314,2026-06-03T16:22:56.982858,-1.573632,0.000000
843.9988,2026-06-03T16:22:57.450226,-1.574208,0.000000
844.5016,2026-06-03T16:22:57.952976,-1.573720,0.000000
844.9731,2026-06-03T16:22:58.424504,-1.572936,0.000000
845.4688,2026-06-03T16:22:58.920199,-1.572432,0.000000
845.9746,2026-06-03T16:22:59.425977,-1.572272,0.000000
846.4807,2026-06-03T16:22:59.932113,-1.572920,0.000000
846.9472,2026-06-03T16:23:00.398598,-1.573912,0.000000
847.4567,2026-06-03T16:23:00.908128,-1.574704,0.000000
847.9495,2026-06-03T16:23:01.400931,-1.575936,0.000000
848.4526,2026-06-03T16:23:01.904031,-1.576656,0.000000
848.9485,2026-06-03T16:23:02.399926,-1.577328,0.000000
849.4576,2026-06-03T16:23:02.909013,-1.577592,0.000000
849.9536,2026-06-03T16:23:03.405052,-1.577840,0.000000
850.4734,2026-06-03T16:23:03.924855,-1.577712,0.000000
850.9563,2026-06-03T16:23:04.407729,-1.577592,0.000000
851.4619,2026-06-03T16:23:04.913366,-1.577416,0.000000
851.9580,2026-06-03T16:23:05.409449,-1.577560,0.000000
852.4565,2026-06-03T16:23:05.907926,-1.577856,0.000000
852.9523,2026-06-03T16:23:06.403668,-1.578280,0.000000
853.4677,2026-06-03T16:23:06.919146,-1.578608,0.000000
853.9620,2026-06-03T16:23:07.413399,-1.578432,0.000000
854.4528,2026-06-03T16:23:07.904193,-1.577960,0.000000
854.9170,2026-06-03T16:23:08.368403,-1.577672,0.000000
855.4149,2026-06-03T16:23:08.866284,-1.577600,0.000000
855.9083,2026-06-03T16:23:09.359672,-1.578056,0.000000
856.3777,2026-06-03T16:23:09.829088,-1.578592,0.000000
856.8766,2026-06-03T16:23:10.328005,-1.578920,0.000000
857.3759,2026-06-03T16:23:10.827359,-1.579248,0.000000
857.8672,2026-06-03T16:23:11.318611,-1.579328,0.000000
858.3654,2026-06-03T16:23:11.816793,-1.579400,0.000000
858.8833,2026-06-03T16:23:12.334745,-1.579504,0.000000
859.3759,2026-06-03T16:23:12.827282,-1.579496,0.000000
859.8743,2026-06-03T16:23:13.325685,-1.579592,0.000000
860.3692,2026-06-03T16:23:13.820606,-1.579624,0.000000
860.8673,2026-06-03T16:23:14.318720,-1.579624,0.000000
861.3385,2026-06-03T16:23:14.789893,-1.579696,0.000000
861.8445,2026-06-03T16:23:15.295867,-1.579672,0.000000
862.3093,2026-06-03T16:23:15.760671,-1.579664,0.000000
862.7720,2026-06-03T16:23:16.223410,-1.579704,0.000000
863.2743,2026-06-03T16:23:16.725673,-1.579712,0.000000
863.7660,2026-06-03T16:23:17.217391,-1.579728,0.000000
864.2553,2026-06-03T16:23:17.706714,-1.579808,0.000000
864.7568,2026-06-03T16:23:18.208224,-1.579800,0.000000
865.2599,2026-06-03T16:23:18.711349,-1.579760,0.000000
865.7497,2026-06-03T16:23:19.201082,-1.579816,0.000000
866.2450,2026-06-03T16:23:19.696375,-1.579768,0.000000
866.7430,2026-06-03T16:23:20.194439,-1.579800,0.000000
867.2425,2026-06-03T16:23:20.693946,-1.579928,0.000000
867.7457,2026-06-03T16:23:21.197077,-1.579976,0.000000
868.2337,2026-06-03T16:23:21.685144,-1.580088,0.000000
868.7296,2026-06-03T16:23:22.181017,-1.580128,0.000000
869.2171,2026-06-03T16:23:22.668549,-1.580112,0.000000
869.7176,2026-06-03T16:23:23.169046,-1.580120,0.000000
870.1819,2026-06-03T16:23:23.633361,-1.580168,0.000000
870.6832,2026-06-03T16:23:24.134663,-1.580264,0.000000
871.1838,2026-06-03T16:23:24.635228,-1.580432,0.000000
871.7002,2026-06-03T16:23:25.151637,-1.580592,0.000000
872.1863,2026-06-03T16:23:25.637673,-1.580600,0.000000
872.6790,2026-06-03T16:23:26.130381,-1.580648,0.000000
873.1857,2026-06-03T16:23:26.637076,-1.580464,0.000000
873.6842,2026-06-03T16:23:27.135630,-1.580304,0.000000
874.1866,2026-06-03T16:23:27.638022,-1.580392,0.000000
874.7141,2026-06-03T16:23:28.165508,-1.580448,0.000000
875.1933,2026-06-03T16:23:28.644709,-1.580568,0.000000
875.6956,2026-06-03T16:23:29.147030,-1.580688,0.000000
876.1957,2026-06-03T16:23:29.647069,-1.580504,0.000000
876.6979,2026-06-03T16:23:30.149311,-1.580384,0.000000
877.1977,2026-06-03T16:23:30.649139,-1.580456,0.000000
877.6952,2026-06-03T16:23:31.146643,-1.580568,0.000000
878.2000,2026-06-03T16:23:31.651404,-1.580816,0.000000
878.7139,2026-06-03T16:23:32.165283,-1.581496,0.000000
879.2017,2026-06-03T16:23:32.653110,-1.582456,0.000000
879.6815,2026-06-03T16:23:33.132903,-1.582864,0.000000
880.1797,2026-06-03T16:23:33.631147,-1.583352,0.000000
880.6703,2026-06-03T16:23:34.121727,-1.583616,0.000000
881.1221,2026-06-03T16:23:34.573544,-1.583544,0.000000
881.6207,2026-06-03T16:23:35.072073,-1.583848,0.000000
882.1087,2026-06-03T16:23:35.560098,-1.584368,0.000000
882.6062,2026-06-03T16:23:36.057606,-1.585328,0.000000
883.0836,2026-06-03T16:23:36.535033,-1.586344,0.000000
883.5475,2026-06-03T16:23:36.998927,-1.586960,0.000000
884.0286,2026-06-03T16:23:37.480048,-1.586896,0.000000
884.5206,2026-06-03T16:23:37.972014,-1.587088,0.000000
885.0160,2026-06-03T16:23:38.467429,-1.586768,0.000000
885.5176,2026-06-03T16:23:38.969002,-1.587288,0.000000
885.9902,2026-06-03T16:23:39.441640,-1.587408,0.000000
886.4905,2026-06-03T16:23:39.941885,-1.587184,0.000000
886.9852,2026-06-03T16:23:40.436618,-1.587704,0.000000
887.4392,2026-06-03T16:23:40.890654,-1.588032,0.000000
887.9401,2026-06-03T16:23:41.391464,-1.589392,0.000000
888.4741,2026-06-03T16:23:41.925540,-1.591536,0.000000
888.9655,2026-06-03T16:23:42.416882,-1.592944,0.000000
889.4597,2026-06-03T16:23:42.911126,-1.593896,0.000000
889.9498,2026-06-03T16:23:43.401227,-1.594592,0.000000
890.4471,2026-06-03T16:23:43.898489,-1.594424,0.000000
890.9476,2026-06-03T16:23:44.399049,-1.594552,0.000000
891.4492,2026-06-03T16:23:44.900626,-1.595304,0.000000
891.9301,2026-06-03T16:23:45.381463,-1.595544,0.000000
892.4079,2026-06-03T16:23:45.859273,-1.595072,0.000000
892.8832,2026-06-03T16:23:46.334566,-1.594632,0.000000
893.3861,2026-06-03T16:23:46.837505,-1.593840,0.000000
893.8652,2026-06-03T16:23:47.316562,-1.593760,0.000000
894.3679,2026-06-03T16:23:47.819277,-1.594776,0.000000
894.8678,2026-06-03T16:23:48.319247,-1.595920,0.000000
895.3594,2026-06-03T16:23:48.810817,-1.596856,0.000000
895.8623,2026-06-03T16:23:49.313757,-1.597280,0.000000
896.3530,2026-06-03T16:23:49.804420,-1.597552,0.000000
896.8483,2026-06-03T16:23:50.299726,-1.597720,0.000000
897.3465,2026-06-03T16:23:50.797927,-1.597712,0.000000
897.8370,2026-06-03T16:23:51.288458,-1.597912,0.000000
898.3028,2026-06-03T16:23:51.754206,-1.598296,0.000000
898.8022,2026-06-03T16:23:52.253648,-1.598232,0.000000
899.2838,2026-06-03T16:23:52.735233,-1.598120,0.000000
899.7815,2026-06-03T16:23:53.232913,-1.598424,0.000000
900.2536,2026-06-03T16:23:53.705018,-1.598496,0.000000
900.7536,2026-06-03T16:23:54.204994,-1.598768,0.000000
901.2493,2026-06-03T16:23:54.700687,-1.599384,0.000000
901.7719,2026-06-03T16:23:55.223319,-1.599688,0.000000
902.2558,2026-06-03T16:23:55.707212,-1.599888,0.000000
902.7745,2026-06-03T16:23:56.225873,-1.599944,0.000000
903.2595,2026-06-03T16:23:56.710925,-1.600088,0.000000
903.7703,2026-06-03T16:23:57.221733,-1.599856,0.000000
904.2629,2026-06-03T16:23:57.714305,-1.599952,0.000000
904.7551,2026-06-03T16:23:58.206528,-1.599864,0.000000
905.2527,2026-06-03T16:23:58.704185,-1.600376,0.000000
905.7802,2026-06-03T16:23:59.231603,-1.601112,0.000000
906.2677,2026-06-03T16:23:59.719146,-1.601664,0.000000
906.7615,2026-06-03T16:24:00.212908,-1.602624,0.000000
907.2406,2026-06-03T16:24:00.692020,-1.602632,0.000000
907.7387,2026-06-03T16:24:01.190088,-1.603552,0.000000
908.2458,2026-06-03T16:24:01.697248,-1.605104,0.000000
908.7393,2026-06-03T16:24:02.190732,-1.606024,0.000000
909.2410,2026-06-03T16:24:02.692362,-1.606856,0.000000
909.7609,2026-06-03T16:24:03.212354,-1.607608,0.000000
910.2676,2026-06-03T16:24:03.718975,-1.608168,0.000000
910.7591,2026-06-03T16:24:04.210505,-1.608272,0.000000
911.2660,2026-06-03T16:24:04.717369,-1.609176,0.000000
911.7515,2026-06-03T16:24:05.202905,-1.608192,0.000000
912.2443,2026-06-03T16:24:05.695707,-1.607232,0.000000
912.7449,2026-06-03T16:24:06.196291,-1.607400,0.000000
913.2491,2026-06-03T16:24:06.700562,-1.607728,0.000000
913.7251,2026-06-03T16:24:07.176505,-1.608544,0.000000
914.2264,2026-06-03T16:24:07.677846,-1.608960,0.000000
914.7188,2026-06-03T16:24:08.170246,-1.609248,0.000000
915.2193,2026-06-03T16:24:08.670712,-1.610072,0.000000
915.7094,2026-06-03T16:24:09.160811,-1.611352,0.000000
916.1988,2026-06-03T16:24:09.650186,-1.612872,0.000000
916.7178,2026-06-03T16:24:10.169194,-1.613496,0.000000
917.2175,2026-06-03T16:24:10.668936,-1.612496,0.000000
917.7105,2026-06-03T16:24:11.161927,-1.611736,0.000000
918.2170,2026-06-03T16:24:11.668414,-1.610560,0.000000
918.7133,2026-06-03T16:24:12.164722,-1.610240,0.000000
919.2097,2026-06-03T16:24:12.661109,-1.611368,0.000000
919.7005,2026-06-03T16:24:13.151950,-1.612840,0.000000
920.2118,2026-06-03T16:24:13.663212,-1.613856,0.000000
920.7177,2026-06-03T16:24:14.169153,-1.615064,0.000000
921.2213,2026-06-03T16:24:14.672752,-1.615648,0.000000
921.7260,2026-06-03T16:24:15.177391,-1.615656,0.000000
922.1922,2026-06-03T16:24:15.643625,-1.616472,0.000000
922.6940,2026-06-03T16:24:16.145382,-1.616600,0.000000
923.1914,2026-06-03T16:24:16.642795,-1.617008,0.000000
923.7147,2026-06-03T16:24:17.166080,-1.617328,0.000000
924.2136,2026-06-03T16:24:17.665007,-1.617168,0.000000
924.7120,2026-06-03T16:24:18.163377,-1.617424,0.000000
925.2100,2026-06-03T16:24:18.661462,-1.617544,0.000000
925.7179,2026-06-03T16:24:19.169296,-1.617720,0.000000
926.2008,2026-06-03T16:24:19.652264,-1.618176,0.000000
926.7046,2026-06-03T16:24:20.156019,-1.618632,0.000000
927.1986,2026-06-03T16:24:20.650026,-1.618936,0.000000
927.6886,2026-06-03T16:24:21.140001,-1.619144,0.000000
928.1551,2026-06-03T16:24:21.606501,-1.619272,0.000000
928.6590,2026-06-03T16:24:22.110410,-1.619256,0.000000
929.1576,2026-06-03T16:24:22.609055,-1.619272,0.000000
929.6592,2026-06-03T16:24:23.110619,-1.619208,0.000000
930.1574,2026-06-03T16:24:23.608823,-1.619248,0.000000
930.6598,2026-06-03T16:24:24.111207,-1.619336,0.000000
931.1645,2026-06-03T16:24:24.615957,-1.619400,0.000000
931.6656,2026-06-03T16:24:25.117029,-1.619512,0.000000
932.1668,2026-06-03T16:24:25.618160,-1.619576,0.000000
932.6318,2026-06-03T16:24:26.083241,-1.619608,0.000000
933.1218,2026-06-03T16:24:26.573228,-1.619584,0.000000
933.6375,2026-06-03T16:24:27.088938,-1.619616,0.000000
934.1410,2026-06-03T16:24:27.592419,-1.619624,0.000000
934.6339,2026-06-03T16:24:28.085294,-1.619592,0.000000
935.1655,2026-06-03T16:24:28.616926,-1.619600,0.000000
935.6612,2026-06-03T16:24:29.112606,-1.619560,0.000000
936.1694,2026-06-03T16:24:29.620795,-1.619568,0.000000
936.6588,2026-06-03T16:24:30.110175,-1.619648,0.000000
937.1259,2026-06-03T16:24:30.577316,-1.619720,0.000000
937.5944,2026-06-03T16:24:31.045805,-1.619760,0.000000
938.0732,2026-06-03T16:24:31.524658,-1.619768,0.000000
938.5675,2026-06-03T16:24:32.018869,-1.619768,0.000000
939.0744,2026-06-03T16:24:32.525810,-1.619688,0.000000
939.5677,2026-06-03T16:24:33.019152,-1.619688,0.000000
940.1000,2026-06-03T16:24:33.551450,-1.619704,0.000000
940.6080,2026-06-03T16:24:34.059463,-1.619712,0.000000
941.1061,2026-06-03T16:24:34.557484,-1.619760,0.000000
941.6045,2026-06-03T16:24:35.055937,-1.619760,0.000000
942.1089,2026-06-03T16:24:35.560274,-1.619776,0.000000
942.6342,2026-06-03T16:24:36.085624,-1.619784,0.000000
943.1296,2026-06-03T16:24:36.581047,-1.619816,0.000000
943.6300,2026-06-03T16:24:37.081460,-1.619808,0.000000
944.1188,2026-06-03T16:24:37.570261,-1.619816,0.000000
944.5880,2026-06-03T16:24:38.039396,-1.619816,0.000000
945.0843,2026-06-03T16:24:38.535710,-1.619840,0.000000
945.5932,2026-06-03T16:24:39.044643,-1.619840,0.000000
946.0852,2026-06-03T16:24:39.536662,-1.619880,0.000000
946.5894,2026-06-03T16:24:40.040834,-1.619880,0.000000
947.1171,2026-06-03T16:24:40.568519,-1.619928,0.000000
947.5857,2026-06-03T16:24:41.037130,-1.619976,0.000000
948.0796,2026-06-03T16:24:41.531039,-1.620016,0.000000
948.5528,2026-06-03T16:24:42.004234,-1.620072,0.000000
949.0482,2026-06-03T16:24:42.499657,-1.620024,0.000000
949.5419,2026-06-03T16:24:42.993311,-1.620000,0.000000
950.0336,2026-06-03T16:24:43.485061,-1.619960,0.000000
950.4999,2026-06-03T16:24:43.951358,-1.619936,0.000000
950.9975,2026-06-03T16:24:44.448895,-1.619976,0.000000
951.5009,2026-06-03T16:24:44.952271,-1.619992,0.000000
952.0023,2026-06-03T16:24:45.453717,-1.620024,0.000000
952.5009,2026-06-03T16:24:45.952300,-1.620064,0.000000
952.9963,2026-06-03T16:24:46.447752,-1.620120,0.000000
953.4923,2026-06-03T16:24:46.943674,-1.620240,0.000000
953.9669,2026-06-03T16:24:47.418269,-1.620312,0.000000
954.4739,2026-06-03T16:24:47.925315,-1.620520,0.000000
954.9620,2026-06-03T16:24:48.413459,-1.620800,0.000000
955.4571,2026-06-03T16:24:48.908513,-1.620976,0.000000
955.9496,2026-06-03T16:24:49.400990,-1.621032,0.000000
956.4221,2026-06-03T16:24:49.873514,-1.621072,0.000000
956.9086,2026-06-03T16:24:50.360024,-1.620976,0.000000
957.3957,2026-06-03T16:24:50.847133,-1.621048,0.000000
957.9003,2026-06-03T16:24:51.351673,-1.621360,0.000000
958.3543,2026-06-03T16:24:51.805667,-1.621520,0.000000
958.8496,2026-06-03T16:24:52.300997,-1.621760,0.000000
959.3207,2026-06-03T16:24:52.772147,-1.621872,0.000000
959.8288,2026-06-03T16:24:53.280248,-1.621984,0.000000
960.3297,2026-06-03T16:24:53.781073,-1.621808,0.000000
960.8029,2026-06-03T16:24:54.254315,-1.621744,0.000000
961.3044,2026-06-03T16:24:54.755836,-1.621872,0.000000
961.8138,2026-06-03T16:24:55.265203,-1.621496,0.000000
962.2867,2026-06-03T16:24:55.738168,-1.621464,0.000000
962.7909,2026-06-03T16:24:56.242274,-1.621920,0.000000
963.2575,2026-06-03T16:24:56.708955,-1.622352,0.000000
963.7541,2026-06-03T16:24:57.205486,-1.623016,0.000000
964.2565,2026-06-03T16:24:57.707945,-1.623728,0.000000
964.7669,2026-06-03T16:24:58.218353,-1.624456,0.000000
965.2626,2026-06-03T16:24:58.714039,-1.625288,0.000000
965.7649,2026-06-03T16:24:59.216346,-1.626064,0.000000
966.2246,2026-06-03T16:24:59.676044,-1.627256,0.000000
966.7255,2026-06-03T16:25:00.176888,-1.627792,0.000000
967.2035,2026-06-03T16:25:00.654977,-1.627896,0.000000
967.7005,2026-06-03T16:25:01.151900,-1.628496,0.000000
968.2025,2026-06-03T16:25:01.653934,-1.627560,0.000000
968.7260,2026-06-03T16:25:02.177394,-1.627592,0.000000
969.2365,2026-06-03T16:25:02.687925,-1.627984,0.000000
969.7420,2026-06-03T16:25:03.193386,-1.628744,0.000000
970.2447,2026-06-03T16:25:03.696155,-1.629448,0.000000
970.7415,2026-06-03T16:25:04.192881,-1.629792,0.000000
971.2447,2026-06-03T16:25:04.696075,-1.630088,0.000000
971.7422,2026-06-03T16:25:05.193591,-1.629936,0.000000
972.2074,2026-06-03T16:25:05.658810,-1.631016,0.000000
972.6999,2026-06-03T16:25:06.151294,-1.630944,0.000000
973.2050,2026-06-03T16:25:06.656435,-1.630512,0.000000
973.7004,2026-06-03T16:25:07.151773,-1.629152,0.000000
974.1831,2026-06-03T16:25:07.634525,-1.628464,0.000000
974.6781,2026-06-03T16:25:08.129558,-1.628232,0.000000
975.1741,2026-06-03T16:25:08.625549,-1.628384,0.000000
975.6710,2026-06-03T16:25:09.122375,-1.630248,0.000000
976.1761,2026-06-03T16:25:09.627504,-1.631344,0.000000
976.6714,2026-06-03T16:25:10.122811,-1.631712,0.000000
977.1783,2026-06-03T16:25:10.629710,-1.632664,0.000000
977.6775,2026-06-03T16:25:11.128917,-1.633496,0.000000
978.1803,2026-06-03T16:25:11.631682,-1.634248,0.000000
978.6702,2026-06-03T16:25:12.121661,-1.635776,0.000000
979.1520,2026-06-03T16:25:12.603436,-1.636752,0.000000
979.6376,2026-06-03T16:25:13.088976,-1.636800,0.000000
980.1609,2026-06-03T16:25:13.612304,-1.637152,0.000000
980.6743,2026-06-03T16:25:14.125748,-1.637568,0.000000
981.1523,2026-06-03T16:25:14.603766,-1.639032,0.000000
981.6434,2026-06-03T16:25:15.094767,-1.640424,0.000000
982.0917,2026-06-03T16:25:15.543072,-1.641864,0.000000
982.5792,2026-06-03T16:25:16.030650,-1.642864,0.000000
983.0703,2026-06-03T16:25:16.521732,-1.642928,0.000000
983.5722,2026-06-03T16:25:17.023655,-1.642992,0.000000
984.0741,2026-06-03T16:25:17.525493,-1.642360,0.000000
984.5436,2026-06-03T16:25:17.995020,-1.641376,0.000000
985.0373,2026-06-03T16:25:18.488744,-1.641032,0.000000
985.5113,2026-06-03T16:25:18.962719,-1.641104,0.000000
986.0044,2026-06-03T16:25:19.455810,-1.641672,0.000000
986.5084,2026-06-03T16:25:19.959776,-1.643784,0.000000
986.9565,2026-06-03T16:25:20.407885,-1.644624,0.000000
987.4557,2026-06-03T16:25:20.907132,-1.645344,0.000000
987.9541,2026-06-03T16:25:21.405552,-1.646880,0.000000
988.4506,2026-06-03T16:25:21.902048,-1.646992,0.000000
988.9538,2026-06-03T16:25:22.405215,-1.647584,0.000000
989.4529,2026-06-03T16:25:22.904304,-1.648016,0.000000
989.9248,2026-06-03T16:25:23.376247,-1.647600,0.000000
990.4384,2026-06-03T16:25:23.889770,-1.647272,0.000000
990.9339,2026-06-03T16:25:24.385282,-1.648008,0.000000
991.4354,2026-06-03T16:25:24.886856,-1.649504,0.000000
991.9373,2026-06-03T16:25:25.388765,-1.650912,0.000000
992.4322,2026-06-03T16:25:25.883581,-1.651944,0.000000
992.9335,2026-06-03T16:25:26.384920,-1.652208,0.000000
993.4299,2026-06-03T16:25:26.881278,-1.651944,0.000000
993.9343,2026-06-03T16:25:27.385696,-1.652080,0.000000
994.4250,2026-06-03T16:25:27.876425,-1.653328,0.000000
994.8995,2026-06-03T16:25:28.350908,-1.653992,0.000000
995.3912,2026-06-03T16:25:28.842611,-1.654568,0.000000
995.8912,2026-06-03T16:25:29.342616,-1.655600,0.000000
996.3935,2026-06-03T16:25:29.844960,-1.656264,0.000000
996.8937,2026-06-03T16:25:30.345140,-1.657352,0.000000
997.3944,2026-06-03T16:25:30.845772,-1.658096,0.000000
997.9151,2026-06-03T16:25:31.366550,-1.658408,0.000000
998.4119,2026-06-03T16:25:31.863340,-1.658504,0.000000
998.9081,2026-06-03T16:25:32.359477,-1.658488,0.000000
999.4078,2026-06-03T16:25:32.859202,-1.658560,0.000000
999.9118,2026-06-03T16:25:33.363248,-1.658072,0.000000
1000.4084,2026-06-03T16:25:33.859839,-1.657472,0.000000
1000.9405,2026-06-03T16:25:34.391949,-1.657216,0.000000
1001.4295,2026-06-03T16:25:34.880928,-1.657312,0.000000
1001.9382,2026-06-03T16:25:35.389595,-1.657872,0.000000
1002.4276,2026-06-03T16:25:35.878994,-1.658592,0.000000
1002.9369,2026-06-03T16:25:36.388338,-1.658936,0.000000
1003.4371,2026-06-03T16:25:36.888491,-1.658864,0.000000
1003.9016,2026-06-03T16:25:37.353068,-1.658976,0.000000
1004.4320,2026-06-03T16:25:37.883410,-1.659008,0.000000
1004.9168,2026-06-03T16:25:38.368178,-1.659136,0.000000
1005.4218,2026-06-03T16:25:38.873259,-1.659368,0.000000
1005.9169,2026-06-03T16:25:39.368348,-1.659440,0.000000
1006.4106,2026-06-03T16:25:39.861993,-1.659512,0.000000
1006.9035,2026-06-03T16:25:40.354864,-1.659584,0.000000
1007.3805,2026-06-03T16:25:40.831890,-1.659600,0.000000
1007.8702,2026-06-03T16:25:41.321637,-1.659624,0.000000
1008.3657,2026-06-03T16:25:41.817107,-1.659632,0.000000
1008.8937,2026-06-03T16:25:42.345089,-1.659632,0.000000
1009.3847,2026-06-03T16:25:42.836080,-1.659656,0.000000
1009.8773,2026-06-03T16:25:43.328686,-1.659696,0.000000
1010.3746,2026-06-03T16:25:43.826030,-1.659720,0.000000
1010.8692,2026-06-03T16:25:44.320638,-1.659776,0.000000
1011.3691,2026-06-03T16:25:44.820487,-1.659800,0.000000
1011.8705,2026-06-03T16:25:45.321963,-1.659792,0.000000
1012.3665,2026-06-03T16:25:45.817988,-1.659792,0.000000
1012.8862,2026-06-03T16:25:46.337644,-1.659832,0.000000
1013.3983,2026-06-03T16:25:46.849746,-1.659816,0.000000
1013.8819,2026-06-03T16:25:47.333328,-1.659816,0.000000
1014.3785,2026-06-03T16:25:47.829894,-1.659784,0.000000
1014.8635,2026-06-03T16:25:48.314967,-1.659760,0.000000
1015.3622,2026-06-03T16:25:48.813646,-1.659760,0.000000
1015.8640,2026-06-03T16:25:49.315438,-1.659760,0.000000
1016.3616,2026-06-03T16:25:49.812982,-1.659800,0.000000
1016.8511,2026-06-03T16:25:50.302525,-1.659768,0.000000
1017.3485,2026-06-03T16:25:50.799961,-1.659808,0.000000
1017.8477,2026-06-03T16:25:51.299078,-1.659784,0.000000
1018.3439,2026-06-03T16:25:51.795325,-1.659784,0.000000
1018.8479,2026-06-03T16:25:52.299361,-1.659816,0.000000
1019.3199,2026-06-03T16:25:52.771364,-1.659824,0.000000
1019.8143,2026-06-03T16:25:53.265747,-1.659872,0.000000
1020.3080,2026-06-03T16:25:53.759436,-1.659888,0.000000
1020.8063,2026-06-03T16:25:54.257696,-1.659920,0.000000
1021.3023,2026-06-03T16:25:54.753711,-1.659952,0.000000
1021.8061,2026-06-03T16:25:55.257472,-1.659944,0.000000
1022.3012,2026-06-03T16:25:55.752610,-1.659992,0.000000
1022.8054,2026-06-03T16:25:56.256771,-1.659952,0.000000
1023.3053,2026-06-03T16:25:56.756696,-1.659976,0.000000
1023.8062,2026-06-03T16:25:57.257651,-1.660096,0.000000
1024.2893,2026-06-03T16:25:57.740673,-1.660152,0.000000
1024.7932,2026-06-03T16:25:58.244610,-1.660264,0.000000
1025.2639,2026-06-03T16:25:58.715343,-1.660264,0.000000
1025.7659,2026-06-03T16:25:59.217327,-1.660304,0.000000
1026.2659,2026-06-03T16:25:59.717301,-1.660232,0.000000
1026.7650,2026-06-03T16:26:00.216373,-1.660144,0.000000
1027.2665,2026-06-03T16:26:00.717888,-1.660200,0.000000
1027.7659,2026-06-03T16:26:01.217342,-1.660256,0.000000
1028.2638,2026-06-03T16:26:01.715210,-1.660336,0.000000
1028.7485,2026-06-03T16:26:02.199940,-1.660600,0.000000
1029.2543,2026-06-03T16:26:02.705743,-1.660728,0.000000
1029.7493,2026-06-03T16:26:03.200709,-1.660768,0.000000
1030.2484,2026-06-03T16:26:03.699792,-1.660648,0.000000
1030.7436,2026-06-03T16:26:04.195034,-1.660472,0.000000
1031.2410,2026-06-03T16:26:04.692400,-1.660336,0.000000
1031.7336,2026-06-03T16:26:05.185037,-1.660376,0.000000
1032.2451,2026-06-03T16:26:05.696503,-1.660512,0.000000
1032.7368,2026-06-03T16:26:06.188245,-1.660472,0.000000
1033.1974,2026-06-03T16:26:06.648774,-1.660488,0.000000
1033.6961,2026-06-03T16:26:07.147496,-1.660432,0.000000
1034.1869,2026-06-03T16:26:07.638362,-1.660824,0.000000
1034.6869,2026-06-03T16:26:08.138283,-1.661048,0.000000
1035.1906,2026-06-03T16:26:08.642018,-1.661352,0.000000
1035.7070,2026-06-03T16:26:09.158433,-1.661616,0.000000
1036.2161,2026-06-03T16:26:09.667503,-1.661448,0.000000
1036.7163,2026-06-03T16:26:10.167766,-1.662048,0.000000
1037.2007,2026-06-03T16:26:10.652147,-1.662072,0.000000
1037.7059,2026-06-03T16:26:11.157358,-1.662336,0.000000
1038.1987,2026-06-03T16:26:11.650162,-1.662576,0.000000
1038.7291,2026-06-03T16:26:12.180504,-1.662288,0.000000
1039.2005,2026-06-03T16:26:12.651965,-1.662504,0.000000
1039.7054,2026-06-03T16:26:13.156766,-1.662328,0.000000
1040.2062,2026-06-03T16:26:13.657591,-1.662048,0.000000
1040.6716,2026-06-03T16:26:14.123032,-1.662040,0.000000
1041.1453,2026-06-03T16:26:14.596699,-1.662008,0.000000
1041.6308,2026-06-03T16:26:15.082181,-1.662696,0.000000
1042.1218,2026-06-03T16:26:15.573207,-1.663120,0.000000
1042.6199,2026-06-03T16:26:16.071274,-1.663888,0.000000
1043.1016,2026-06-03T16:26:16.553032,-1.664856,0.000000
1043.6011,2026-06-03T16:26:17.052473,-1.665280,0.000000
1044.0979,2026-06-03T16:26:17.549350,-1.665824,0.000000
1044.6001,2026-06-03T16:26:18.051549,-1.666160,0.000000
1045.1118,2026-06-03T16:26:18.563262,-1.665728,0.000000
1045.6130,2026-06-03T16:26:19.064383,-1.666432,0.000000
1046.0901,2026-06-03T16:26:19.541534,-1.666856,0.000000
1046.5890,2026-06-03T16:26:20.040408,-1.666544,0.000000
1047.0823,2026-06-03T16:26:20.533735,-1.666656,0.000000
1047.5861,2026-06-03T16:26:21.037513,-1.665712,0.000000
1048.1159,2026-06-03T16:26:21.567329,-1.664936,0.000000
1048.6325,2026-06-03T16:26:22.083887,-1.664920,0.000000
1049.1290,2026-06-03T16:26:22.580404,-1.665512,0.000000
1049.6325,2026-06-03T16:26:23.083933,-1.666432,0.000000
1050.1323,2026-06-03T16:26:23.583726,-1.667768,0.000000
1050.6288,2026-06-03T16:26:24.080263,-1.669152,0.000000
1051.1601,2026-06-03T16:26:24.611491,-1.669448,0.000000
1051.6463,2026-06-03T16:26:25.097741,-1.670184,0.000000
1052.1472,2026-06-03T16:26:25.598645,-1.670368,0.000000
1052.6485,2026-06-03T16:26:26.099868,-1.670528,0.000000
1053.1504,2026-06-03T16:26:26.601834,-1.671568,0.000000
1053.6306,2026-06-03T16:26:27.082024,-1.671960,0.000000
1054.1214,2026-06-03T16:26:27.572796,-1.672960,0.000000
1054.6154,2026-06-03T16:26:28.066856,-1.674296,0.000000
1055.1435,2026-06-03T16:26:28.594962,-1.674800,0.000000
1055.6462,2026-06-03T16:26:29.097658,-1.675912,0.000000
1056.1492,2026-06-03T16:26:29.600647,-1.676568,0.000000
1056.6071,2026-06-03T16:26:30.058471,-1.676800,0.000000
1057.1123,2026-06-03T16:26:30.563725,-1.677480,0.000000
1057.6124,2026-06-03T16:26:31.063802,-1.677960,0.000000
1058.1076,2026-06-03T16:26:31.559049,-1.678048,0.000000
1058.6365,2026-06-03T16:26:32.087875,-1.678624,0.000000
1059.1502,2026-06-03T16:26:32.601588,-1.679128,0.000000
1059.6488,2026-06-03T16:26:33.100257,-1.679056,0.000000
1060.1490,2026-06-03T16:26:33.600463,-1.679440,0.000000
1060.6492,2026-06-03T16:26:34.100665,-1.679616,0.000000
1061.1723,2026-06-03T16:26:34.623727,-1.679552,0.000000
1061.6628,2026-06-03T16:26:35.114211,-1.679832,0.000000
1062.1652,2026-06-03T16:26:35.616641,-1.679920,0.000000
1062.6648,2026-06-03T16:26:36.116198,-1.680368,0.000000
1063.1373,2026-06-03T16:26:36.588724,-1.680696,0.000000
1063.6319,2026-06-03T16:26:37.083283,-1.681152,0.000000
1064.1267,2026-06-03T16:26:37.578112,-1.681360,0.000000
1064.6258,2026-06-03T16:26:38.077205,-1.681280,0.000000
1065.1138,2026-06-03T16:26:38.565251,-1.681016,0.000000
1065.5865,2026-06-03T16:26:39.037893,-1.680544,0.000000
1066.0821,2026-06-03T16:26:39.533517,-1.680592,0.000000
1066.5473,2026-06-03T16:26:39.998701,-1.680520,0.000000
1067.0541,2026-06-03T16:26:40.505553,-1.680536,0.000000
1067.5495,2026-06-03T16:26:41.000951,-1.680912,0.000000
1068.0524,2026-06-03T16:26:41.503816,-1.681112,0.000000
1068.5509,2026-06-03T16:26:42.002347,-1.681936,0.000000
1069.0489,2026-06-03T16:26:42.500352,-1.682776,0.000000
1069.5531,2026-06-03T16:26:43.004497,-1.684104,0.000000
1070.0489,2026-06-03T16:26:43.500342,-1.685464,0.000000
1070.5468,2026-06-03T16:26:43.998182,-1.685720,0.000000
1071.0000,2026-06-03T16:26:44.451441,-1.685800,0.000000
1071.5052,2026-06-03T16:26:44.956613,-1.685448,0.000000
1072.0064,2026-06-03T16:26:45.457830,-1.685096,0.000000
1072.5137,2026-06-03T16:26:45.965100,-1.686072,0.000000
1073.0220,2026-06-03T16:26:46.473390,-1.687208,0.000000
1073.5317,2026-06-03T16:26:46.983161,-1.688280,0.000000
1074.0218,2026-06-03T16:26:47.473244,-1.688744,0.000000
1074.5287,2026-06-03T16:26:47.980098,-1.688072,0.000000
1075.0284,2026-06-03T16:26:48.479855,-1.687864,0.000000
1075.5130,2026-06-03T16:26:48.964390,-1.687032,0.000000
1076.0140,2026-06-03T16:26:49.465395,-1.686640,0.000000
1076.4690,2026-06-03T16:26:49.920423,-1.687496,0.000000
1076.9831,2026-06-03T16:26:50.434528,-1.687256,0.000000
1077.4698,2026-06-03T16:26:50.921255,-1.688648,0.000000
1077.9679,2026-06-03T16:26:51.419341,-1.689832,0.000000
1078.4528,2026-06-03T16:26:51.904229,-1.690568,0.000000
1078.9434,2026-06-03T16:26:52.394784,-1.692632,0.000000
1079.4267,2026-06-03T16:26:52.878082,-1.692624,0.000000
1079.9194,2026-06-03T16:26:53.370792,-1.692328,0.000000
1080.4193,2026-06-03T16:26:53.870705,-1.692888,0.000000
1080.8973,2026-06-03T16:26:54.348738,-1.692144,0.000000
1081.3703,2026-06-03T16:26:54.821736,-1.692752,0.000000
1081.8711,2026-06-03T16:26:55.322549,-1.693600,0.000000
1082.3721,2026-06-03T16:26:55.823496,-1.693792,0.000000
1082.8677,2026-06-03T16:26:56.319114,-1.693792,0.000000
1083.3654,2026-06-03T16:26:56.816778,-1.693384,0.000000
1083.8656,2026-06-03T16:26:57.317051,-1.693696,0.000000
1084.3605,2026-06-03T16:26:57.811935,-1.694328,0.000000
1084.8317,2026-06-03T16:26:58.283133,-1.695008,0.000000
1085.3069,2026-06-03T16:26:58.758343,-1.695928,0.000000
1085.8052,2026-06-03T16:26:59.256574,-1.695920,0.000000
1086.3067,2026-06-03T16:26:59.758069,-1.696208,0.000000
1086.8035,2026-06-03T16:27:00.254888,-1.696736,0.000000
1087.3045,2026-06-03T16:27:00.755900,-1.697264,0.000000
1087.7956,2026-06-03T16:27:01.247035,-1.697984,0.000000
1088.3008,2026-06-03T16:27:01.752214,-1.698328,0.000000
1088.7982,2026-06-03T16:27:02.249593,-1.698064,0.000000
1089.3015,2026-06-03T16:27:02.752922,-1.697848,0.000000
1089.7941,2026-06-03T16:27:03.245533,-1.697800,0.000000
1090.3014,2026-06-03T16:27:03.752788,-1.697704,0.000000
1090.7899,2026-06-03T16:27:04.241354,-1.697912,0.000000
1091.2889,2026-06-03T16:27:04.740268,-1.698224,0.000000
1091.7812,2026-06-03T16:27:05.232634,-1.698336,0.000000
1092.2840,2026-06-03T16:27:05.735396,-1.698536,0.000000
1092.7341,2026-06-03T16:27:06.185500,-1.698704,0.000000
1093.2086,2026-06-03T16:27:06.659984,-1.698776,0.000000
1093.7071,2026-06-03T16:27:07.158489,-1.698848,0.000000
1094.2139,2026-06-03T16:27:07.665323,-1.698840,0.000000
1094.6894,2026-06-03T16:27:08.140829,-1.698856,0.000000
1095.1849,2026-06-03T16:27:08.636364,-1.698752,0.000000
1095.6471,2026-06-03T16:27:09.098496,-1.698920,0.000000
1096.1453,2026-06-03T16:27:09.596705,-1.698984,0.000000
1096.6314,2026-06-03T16:27:10.082788,-1.698896,0.000000
1097.1326,2026-06-03T16:27:10.583974,-1.698920,0.000000
1097.6290,2026-06-03T16:27:11.080425,-1.698880,0.000000
1098.1318,2026-06-03T16:27:11.583200,-1.698984,0.000000
1098.5913,2026-06-03T16:27:12.042681,-1.699032,0.000000
1099.0941,2026-06-03T16:27:12.545558,-1.698912,0.000000
1099.5941,2026-06-03T16:27:13.045507,-1.698744,0.000000
1100.0945,2026-06-03T16:27:13.545940,-1.698648,0.000000
1100.5973,2026-06-03T16:27:14.048745,-1.698704,0.000000
1101.0856,2026-06-03T16:27:14.537041,-1.699040,0.000000
1101.5859,2026-06-03T16:27:15.037355,-1.699304,0.000000
1102.0875,2026-06-03T16:27:15.538896,-1.699496,0.000000
1102.5874,2026-06-03T16:27:16.038845,-1.699528,0.000000
1103.0623,2026-06-03T16:27:16.513671,-1.699552,0.000000
1103.5578,2026-06-03T16:27:17.009188,-1.699584,0.000000
1104.0545,2026-06-03T16:27:17.505865,-1.699624,0.000000
1104.5637,2026-06-03T16:27:18.015077,-1.699640,0.000000
1105.0604,2026-06-03T16:27:18.511866,-1.699648,0.000000
1105.5562,2026-06-03T16:27:19.007590,-1.699584,0.000000
1106.0494,2026-06-03T16:27:19.500820,-1.699608,0.000000
1106.5490,2026-06-03T16:27:20.000395,-1.699648,0.000000
1107.0462,2026-06-03T16:27:20.497614,-1.699648,0.000000
1107.5412,2026-06-03T16:27:20.992594,-1.699656,0.000000
1108.0347,2026-06-03T16:27:21.486122,-1.699680,0.000000
1108.4998,2026-06-03T16:27:21.951192,-1.699688,0.000000
1108.9770,2026-06-03T16:27:22.428440,-1.699720,0.000000
1109.4595,2026-06-03T16:27:22.910873,-1.699760,0.000000
1109.9527,2026-06-03T16:27:23.404157,-1.699752,0.000000
1110.4570,2026-06-03T16:27:23.908406,-1.699728,0.000000
1110.9467,2026-06-03T16:27:24.398112,-1.699760,0.000000
1111.4689,2026-06-03T16:27:24.920314,-1.699760,0.000000
1111.9582,2026-06-03T16:27:25.409650,-1.699744,0.000000
1112.4361,2026-06-03T16:27:25.887518,-1.699792,0.000000
1112.9380,2026-06-03T16:27:26.389400,-1.699832,0.000000
1113.4626,2026-06-03T16:27:26.914044,-1.699848,0.000000
1113.9606,2026-06-03T16:27:27.411990,-1.699912,0.000000
1114.4269,2026-06-03T16:27:27.878293,-1.699952,0.000000
1114.9053,2026-06-03T16:27:28.356743,-1.699992,0.000000
1115.4025,2026-06-03T16:27:28.853917,-1.700016,0.000000
1115.8705,2026-06-03T16:27:29.321943,-1.700032,0.000000
1116.3608,2026-06-03T16:27:29.812273,-1.700024,0.000000
1116.8433,2026-06-03T16:27:30.294730,-1.699968,0.000000
1117.3407,2026-06-03T16:27:30.792093,-1.699984,0.000000
1117.8188,2026-06-03T16:27:31.270172,-1.699968,0.000000
1118.3120,2026-06-03T16:27:31.763434,-1.699952,0.000000
1118.8191,2026-06-03T16:27:32.270483,-1.700008,0.000000
1119.3171,2026-06-03T16:27:32.768553,-1.699984,0.000000
1119.8100,2026-06-03T16:27:33.261439,-1.699992,0.000000
1120.3005,2026-06-03T16:27:33.751967,-1.699984,0.000000
1120.8007,2026-06-03T16:27:34.252126,-1.700032,0.000000
1121.2658,2026-06-03T16:27:34.717259,-1.700032,0.000000
1121.7684,2026-06-03T16:27:35.219795,-1.700176,0.000000
1122.2653,2026-06-03T16:27:35.716694,-1.700328,0.000000
1122.7532,2026-06-03T16:27:36.204618,-1.700592,0.000000
1123.2576,2026-06-03T16:27:36.709040,-1.700976,0.000000
1123.7552,2026-06-03T16:27:37.206662,-1.701168,0.000000
1124.2585,2026-06-03T16:27:37.709955,-1.701432,0.000000
1124.7528,2026-06-03T16:27:38.204235,-1.701560,0.000000
1125.2318,2026-06-03T16:27:38.683206,-1.701536,0.000000
1125.7587,2026-06-03T16:27:39.210098,-1.701800,0.000000
1126.2476,2026-06-03T16:27:39.699055,-1.701888,0.000000
1126.7196,2026-06-03T16:27:40.171010,-1.701672,0.000000
1127.2213,2026-06-03T16:27:40.672764,-1.701920,0.000000
1127.7228,2026-06-03T16:27:41.174239,-1.702104,0.000000
1128.2190,2026-06-03T16:27:41.670413,-1.701984,0.000000
1128.7063,2026-06-03T16:27:42.157756,-1.702616,0.000000
1129.2022,2026-06-03T16:27:42.653646,-1.702592,0.000000
1129.6902,2026-06-03T16:27:43.141573,-1.703208,0.000000
1130.2185,2026-06-03T16:27:43.669887,-1.703816,0.000000
1130.7113,2026-06-03T16:27:44.162696,-1.704360,0.000000
1131.2191,2026-06-03T16:27:44.670520,-1.704872,0.000000
1131.7270,2026-06-03T16:27:45.178426,-1.704672,0.000000
1132.1957,2026-06-03T16:27:45.647126,-1.705304,0.000000
1132.6911,2026-06-03T16:27:46.142568,-1.706160,0.000000
1133.1854,2026-06-03T16:27:46.636823,-1.706712,0.000000
1133.7104,2026-06-03T16:27:47.161837,-1.707344,0.000000
1134.2156,2026-06-03T16:27:47.666993,-1.708200,0.000000
1134.7115,2026-06-03T16:27:48.162881,-1.708528,0.000000
1135.2189,2026-06-03T16:27:48.670292,-1.709400,0.000000
1135.7135,2026-06-03T16:27:49.164892,-1.709400,0.000000
1136.2118,2026-06-03T16:27:49.663233,-1.708880,0.000000
1136.7264,2026-06-03T16:27:50.177847,-1.708280,0.000000
1137.2255,2026-06-03T16:27:50.676873,-1.707880,0.000000
1137.7264,2026-06-03T16:27:51.177817,-1.709696,0.000000
1138.2274,2026-06-03T16:27:51.678786,-1.710840,0.000000
1138.7267,2026-06-03T16:27:52.178089,-1.711640,0.000000
1139.2289,2026-06-03T16:27:52.680311,-1.712200,0.000000
1139.7274,2026-06-03T16:27:53.178844,-1.711648,0.000000
1140.2288,2026-06-03T16:27:53.680256,-1.711376,0.000000
1140.7294,2026-06-03T16:27:54.180806,-1.712736,0.000000
1141.2271,2026-06-03T16:27:54.678555,-1.714960,0.000000
1141.7224,2026-06-03T16:27:55.173828,-1.716952,0.000000
1142.2166,2026-06-03T16:27:55.668034,-1.718032,0.000000
1142.7007,2026-06-03T16:27:56.152098,-1.718088,0.000000
1143.1975,2026-06-03T16:27:56.648912,-1.717736,0.000000
1143.6937,2026-06-03T16:27:57.145117,-1.717392,0.000000
1144.2018,2026-06-03T16:27:57.653191,-1.717936,0.000000
1144.6968,2026-06-03T16:27:58.148187,-1.720008,0.000000
1145.1982,2026-06-03T16:27:58.649628,-1.721432,0.000000
1145.6715,2026-06-03T16:27:59.122917,-1.723136,0.000000
1146.1686,2026-06-03T16:27:59.620008,-1.724568,0.000000
1146.6792,2026-06-03T16:28:00.130664,-1.724000,0.000000
1147.1271,2026-06-03T16:28:00.578504,-1.724200,0.000000
1147.6216,2026-06-03T16:28:01.073010,-1.723240,0.000000
1148.1179,2026-06-03T16:28:01.569346,-1.723352,0.000000
1148.6215,2026-06-03T16:28:02.072892,-1.724744,0.000000
1149.1465,2026-06-03T16:28:02.597956,-1.726432,0.000000
1149.6577,2026-06-03T16:28:03.109141,-1.728632,0.000000
1150.1571,2026-06-03T16:28:03.608560,-1.730240,0.000000
1150.6296,2026-06-03T16:28:04.081056,-1.730624,0.000000
1151.1280,2026-06-03T16:28:04.579414,-1.729976,0.000000
1151.6169,2026-06-03T16:28:05.068362,-1.729552,0.000000
1152.1186,2026-06-03T16:28:05.570020,-1.729784,0.000000
1152.6240,2026-06-03T16:28:06.075436,-1.730512,0.000000
1153.1440,2026-06-03T16:28:06.595379,-1.731728,0.000000
1153.6468,2026-06-03T16:28:07.098242,-1.732672,0.000000
1154.1459,2026-06-03T16:28:07.597295,-1.732944,0.000000
1154.6461,2026-06-03T16:28:08.097470,-1.733256,0.000000
1155.1468,2026-06-03T16:28:08.598252,-1.733552,0.000000
1155.6661,2026-06-03T16:28:09.117529,-1.734624,0.000000
1156.1708,2026-06-03T16:28:09.622216,-1.734952,0.000000
1156.6695,2026-06-03T16:28:10.120887,-1.735720,0.000000
1157.1682,2026-06-03T16:28:10.619654,-1.736400,0.000000
1157.6563,2026-06-03T16:28:11.107760,-1.736984,0.000000
1158.1415,2026-06-03T16:28:11.592967,-1.737680,0.000000
1158.6291,2026-06-03T16:28:12.080563,-1.737880,0.000000
1159.1303,2026-06-03T16:28:12.581764,-1.737840,0.000000
1159.6265,2026-06-03T16:28:13.077942,-1.737936,0.000000
1160.1308,2026-06-03T16:28:13.582264,-1.737880,0.000000
1160.6291,2026-06-03T16:28:14.080531,-1.738048,0.000000
1161.1295,2026-06-03T16:28:14.580944,-1.738256,0.000000
1161.6307,2026-06-03T16:28:15.082072,-1.738344,0.000000
1162.1309,2026-06-03T16:28:15.582283,-1.738536,0.000000
1162.6381,2026-06-03T16:28:16.089531,-1.738720,0.000000
1163.1381,2026-06-03T16:28:16.589516,-1.738936,0.000000
1163.6321,2026-06-03T16:28:17.083494,-1.739080,0.000000
1164.1257,2026-06-03T16:28:17.577097,-1.739264,0.000000
1164.6178,2026-06-03T16:28:18.069227,-1.739328,0.000000
1165.1140,2026-06-03T16:28:18.565401,-1.739320,0.000000
1165.6137,2026-06-03T16:28:19.065155,-1.739336,0.000000
1166.1099,2026-06-03T16:28:19.561354,-1.739440,0.000000
1166.5736,2026-06-03T16:28:20.025053,-1.739480,0.000000
1167.0681,2026-06-03T16:28:20.519504,-1.739568,0.000000
1167.5702,2026-06-03T16:28:21.021655,-1.739664,0.000000
1168.0524,2026-06-03T16:28:21.503854,-1.739632,0.000000
1168.5550,2026-06-03T16:28:22.006431,-1.739696,0.000000
1169.0216,2026-06-03T16:28:22.473061,-1.739712,0.000000
1169.5197,2026-06-03T16:28:22.971123,-1.739728,0.000000
1169.9974,2026-06-03T16:28:23.448824,-1.739768,0.000000
1170.4973,2026-06-03T16:28:23.948766,-1.739768,0.000000
1170.9689,2026-06-03T16:28:24.420330,-1.739744,0.000000
1171.4748,2026-06-03T16:28:24.926253,-1.739736,0.000000
1171.9765,2026-06-03T16:28:25.427897,-1.739752,0.000000
1172.4712,2026-06-03T16:28:25.922651,-1.739752,0.000000
1172.9639,2026-06-03T16:28:26.415325,-1.739832,0.000000
1173.4546,2026-06-03T16:28:26.906003,-1.739856,0.000000
1173.9537,2026-06-03T16:28:27.405140,-1.739848,0.000000
1174.4473,2026-06-03T16:28:27.898754,-1.739928,0.000000
1174.9525,2026-06-03T16:28:28.403948,-1.739904,0.000000
1175.4504,2026-06-03T16:28:28.901801,-1.739928,0.000000
1175.9181,2026-06-03T16:28:29.369510,-1.740056,0.000000
1176.4016,2026-06-03T16:28:29.853000,-1.740080,0.000000
1176.8594,2026-06-03T16:28:30.310852,-1.740144,0.000000
1177.3609,2026-06-03T16:28:30.812327,-1.740176,0.000000
1177.8624,2026-06-03T16:28:31.313808,-1.740224,0.000000
1178.3598,2026-06-03T16:28:31.811201,-1.740184,0.000000
1178.8658,2026-06-03T16:28:32.317217,-1.740192,0.000000
1179.3596,2026-06-03T16:28:32.811017,-1.740376,0.000000
1179.8436,2026-06-03T16:28:33.294981,-1.740584,0.000000
1180.3662,2026-06-03T16:28:33.817640,-1.740904,0.000000
1180.8715,2026-06-03T16:28:34.322906,-1.741192,0.000000
1181.3707,2026-06-03T16:28:34.822111,-1.741464,0.000000
1181.8454,2026-06-03T16:28:35.296792,-1.742024,0.000000
1182.3303,2026-06-03T16:28:35.781743,-1.743136,0.000000
1182.8332,2026-06-03T16:28:36.284629,-1.743984,0.000000
1183.3140,2026-06-03T16:28:36.765411,-1.745664,0.000000
1183.8219,2026-06-03T16:28:37.273293,-1.746768,0.000000
1184.3114,2026-06-03T16:28:37.762832,-1.746784,0.000000
1184.8029,2026-06-03T16:28:38.254321,-1.746912,0.000000
1185.3155,2026-06-03T16:28:38.766881,-1.746904,0.000000
1185.8133,2026-06-03T16:28:39.264750,-1.748032,0.000000
1186.3202,2026-06-03T16:28:39.771589,-1.749208,0.000000
1186.8121,2026-06-03T16:28:40.263565,-1.750920,0.000000
1187.3055,2026-06-03T16:28:40.756902,-1.751888,0.000000
1187.8080,2026-06-03T16:28:41.259443,-1.751976,0.000000
1188.3149,2026-06-03T16:28:41.766361,-1.752104,0.000000
1188.8358,2026-06-03T16:28:42.287220,-1.751528,0.000000
1189.3178,2026-06-03T16:28:42.769194,-1.751536,0.000000
1189.8216,2026-06-03T16:28:43.273064,-1.751632,0.000000
1190.3294,2026-06-03T16:28:43.780816,-1.752784,0.000000
1190.8288,2026-06-03T16:28:44.280180,-1.754424,0.000000
1191.3200,2026-06-03T16:28:44.771433,-1.755520,0.000000
1191.8162,2026-06-03T16:28:45.267568,-1.756560,0.000000
1192.2830,2026-06-03T16:28:45.734374,-1.757320,0.000000
1192.7769,2026-06-03T16:28:46.228332,-1.757416,0.000000
1193.2477,2026-06-03T16:28:46.699073,-1.757544,0.000000
1193.7470,2026-06-03T16:28:47.198443,-1.757760,0.000000
1194.2174,2026-06-03T16:28:47.668846,-1.757776,0.000000
1194.6900,2026-06-03T16:28:48.141420,-1.758288,0.000000
1195.1912,2026-06-03T16:28:48.642648,-1.758672,0.000000
1195.6817,2026-06-03T16:28:49.133142,-1.758936,0.000000
1196.1499,2026-06-03T16:28:49.601287,-1.759136,0.000000
1196.6496,2026-06-03T16:28:50.101005,-1.759328,0.000000
1197.1189,2026-06-03T16:28:50.570299,-1.759584,0.000000
1197.5972,2026-06-03T16:28:51.048581,-1.759720,0.000000
1198.0930,2026-06-03T16:28:51.544437,-1.759824,0.000000
1198.5622,2026-06-03T16:28:52.013577,-1.759744,0.000000
1199.0364,2026-06-03T16:28:52.487836,-1.759768,0.000000
1199.5392,2026-06-03T16:28:52.990669,-1.760248,0.000000
1200.0301,2026-06-03T16:28:53.481531,-1.760688,0.000000
1200.5302,2026-06-03T16:28:53.981636,-1.761712,0.000000
1201.0164,2026-06-03T16:28:54.467787,-1.762776,0.000000
1201.5162,2026-06-03T16:28:54.967608,-1.763760,0.000000
1202.0217,2026-06-03T16:28:55.473101,-1.764848,0.000000
1202.5214,2026-06-03T16:28:55.972820,-1.765408,0.000000
1203.0308,2026-06-03T16:28:56.482246,-1.766096,0.000000
1203.5304,2026-06-03T16:28:56.981826,-1.766944,0.000000
1204.0261,2026-06-03T16:28:57.477521,-1.767768,0.000000
1204.5258,2026-06-03T16:28:57.977255,-1.767952,0.000000
1205.0221,2026-06-03T16:28:58.473536,-1.768280,0.000000
1205.4927,2026-06-03T16:28:58.944120,-1.768512,0.000000
1205.9853,2026-06-03T16:28:59.436745,-1.768480,0.000000
1206.5069,2026-06-03T16:28:59.958299,-1.769352,0.000000
1206.9946,2026-06-03T16:29:00.446029,-1.769456,0.000000
1207.4878,2026-06-03T16:29:00.939218,-1.770280,0.000000
1207.9806,2026-06-03T16:29:01.431982,-1.771432,0.000000
1208.4830,2026-06-03T16:29:01.934417,-1.772416,0.000000
1208.9884,2026-06-03T16:29:02.439784,-1.773728,0.000000
1209.4422,2026-06-03T16:29:02.893590,-1.774360,0.000000
1209.9257,2026-06-03T16:29:03.377152,-1.774008,0.000000
1210.4575,2026-06-03T16:29:03.908966,-1.774288,0.000000
1210.9591,2026-06-03T16:29:04.410537,-1.773976,0.000000
1211.4589,2026-06-03T16:29:04.910272,-1.773704,0.000000
1211.9198,2026-06-03T16:29:05.371233,-1.774592,0.000000
1212.4215,2026-06-03T16:29:05.872870,-1.775208,0.000000
1212.8927,2026-06-03T16:29:06.344087,-1.776328,0.000000
1213.3952,2026-06-03T16:29:06.846651,-1.777416,0.000000
1213.8946,2026-06-03T16:29:07.346046,-1.778024,0.000000
1214.3921,2026-06-03T16:29:07.843473,-1.778136,0.000000
1214.8963,2026-06-03T16:29:08.347678,-1.778080,0.000000
1215.4083,2026-06-03T16:29:08.859690,-1.777808,0.000000
1215.8969,2026-06-03T16:29:09.348366,-1.777728,0.000000
1216.3942,2026-06-03T16:29:09.845586,-1.777912,0.000000
1216.8988,2026-06-03T16:29:10.350205,-1.778136,0.000000
1217.3924,2026-06-03T16:29:10.843822,-1.778552,0.000000
1217.8991,2026-06-03T16:29:11.350509,-1.778760,0.000000
1218.4177,2026-06-03T16:29:11.869077,-1.778672,0.000000
1218.9003,2026-06-03T16:29:12.351748,-1.778816,0.000000
1219.3982,2026-06-03T16:29:12.849591,-1.778736,0.000000
1219.8989,2026-06-03T16:29:13.350309,-1.778616,0.000000
1220.3634,2026-06-03T16:29:13.814812,-1.778616,0.000000
1220.8617,2026-06-03T16:29:14.313076,-1.778464,0.000000
1221.3454,2026-06-03T16:29:14.796855,-1.778424,0.000000
1221.8430,2026-06-03T16:29:15.294452,-1.778440,0.000000
1222.3372,2026-06-03T16:29:15.788579,-1.778568,0.000000
1222.8298,2026-06-03T16:29:16.281231,-1.778856,0.000000
1223.3222,2026-06-03T16:29:16.773663,-1.778960,0.000000
1223.8156,2026-06-03T16:29:17.267023,-1.778952,0.000000
1224.3151,2026-06-03T16:29:17.766530,-1.778824,0.000000
1224.8077,2026-06-03T16:29:18.259150,-1.778728,0.000000
1225.3127,2026-06-03T16:29:18.764072,-1.778744,0.000000
1225.8139,2026-06-03T16:29:19.265351,-1.778928,0.000000
1226.3145,2026-06-03T16:29:19.765918,-1.779072,0.000000
1226.8170,2026-06-03T16:29:20.268461,-1.779104,0.000000
1227.3217,2026-06-03T16:29:20.773089,-1.779264,0.000000
1227.8214,2026-06-03T16:29:21.272778,-1.779312,0.000000
1228.3183,2026-06-03T16:29:21.769746,-1.779392,0.000000
1228.8146,2026-06-03T16:29:22.266058,-1.779512,0.000000
1229.3176,2026-06-03T16:29:22.769042,-1.779608,0.000000
1229.8131,2026-06-03T16:29:23.264541,-1.779664,0.000000
1230.3159,2026-06-03T16:29:23.767323,-1.779632,0.000000
1230.7804,2026-06-03T16:29:24.231803,-1.779656,0.000000
1231.2578,2026-06-03T16:29:24.709232,-1.779664,0.000000
1231.7531,2026-06-03T16:29:25.204547,-1.779672,0.000000
1232.2462,2026-06-03T16:29:25.697567,-1.779776,0.000000
1232.7364,2026-06-03T16:29:26.187853,-1.779856,0.000000
1233.2380,2026-06-03T16:29:26.689448,-1.779840,0.000000
1233.7381,2026-06-03T16:29:27.189561,-1.779816,0.000000
1234.2314,2026-06-03T16:29:27.682894,-1.779800,0.000000
1234.7353,2026-06-03T16:29:28.186714,-1.779744,0.000000
1235.2149,2026-06-03T16:29:28.666331,-1.779664,0.000000
1235.7046,2026-06-03T16:29:29.156020,-1.779648,0.000000
1236.1988,2026-06-03T16:29:29.650189,-1.779680,0.000000
1236.7036,2026-06-03T16:29:30.155018,-1.779672,0.000000
1237.1821,2026-06-03T16:29:30.633499,-1.779800,0.000000
1237.6672,2026-06-03T16:29:31.118570,-1.779840,0.000000
1238.1672,2026-06-03T16:29:31.618578,-1.779792,0.000000
1238.6756,2026-06-03T16:29:32.126976,-1.779824,0.000000
1239.1938,2026-06-03T16:29:32.645248,-1.779696,0.000000
1239.6874,2026-06-03T16:29:33.138826,-1.779680,0.000000
1240.1810,2026-06-03T16:29:33.632453,-1.779768,0.000000
1240.6390,2026-06-03T16:29:34.090453,-1.779768,0.000000
1241.1366,2026-06-03T16:29:34.587981,-1.779896,0.000000
1241.6410,2026-06-03T16:29:35.092433,-1.779928,0.000000
1242.1176,2026-06-03T16:29:35.568983,-1.779904,0.000000
1242.5855,2026-06-03T16:29:36.036919,-1.779896,0.000000
1243.0528,2026-06-03T16:29:36.504221,-1.779936,0.000000
1243.5343,2026-06-03T16:29:36.985730,-1.780000,0.000000
1244.0288,2026-06-03T16:29:37.480261,-1.780016,0.000000
1244.5223,2026-06-03T16:29:37.973693,-1.780056,0.000000
1245.0047,2026-06-03T16:29:38.456092,-1.780056,0.000000
1245.4687,2026-06-03T16:29:38.920071,-1.779984,0.000000
1245.9446,2026-06-03T16:29:39.396061,-1.779992,0.000000
1246.4394,2026-06-03T16:29:39.890770,-1.779872,0.000000
1246.9374,2026-06-03T16:29:40.388788,-1.779888,0.000000
1247.4361,2026-06-03T16:29:40.887534,-1.779888,0.000000
1247.9361,2026-06-03T16:29:41.387551,-1.779784,0.000000
1248.4381,2026-06-03T16:29:41.889556,-1.779800,0.000000
1248.9484,2026-06-03T16:29:42.399851,-1.779632,0.000000
1249.4103,2026-06-03T16:29:42.861722,-1.779536,0.000000
1249.9333,2026-06-03T16:29:43.384668,-1.779616,0.000000
1250.4124,2026-06-03T16:29:43.863814,-1.779712,0.000000
1250.9152,2026-06-03T16:29:44.366617,-1.779856,0.000000
1251.3724,2026-06-03T16:29:44.823828,-1.780016,0.000000
1251.8646,2026-06-03T16:29:45.316051,-1.780056,0.000000
1252.3264,2026-06-03T16:29:45.777787,-1.780056,0.000000
1252.8212,2026-06-03T16:29:46.272645,-1.779968,0.000000
1253.3045,2026-06-03T16:29:46.755891,-1.779880,0.000000
1253.8002,2026-06-03T16:29:47.251585,-1.779744,0.000000
1254.3023,2026-06-03T16:29:47.753743,-1.779728,0.000000
1254.8003,2026-06-03T16:29:48.251709,-1.779768,0.000000
1255.2984,2026-06-03T16:29:48.749843,-1.779872,0.000000
1255.7949,2026-06-03T16:29:49.246275,-1.779992,0.000000
1256.2912,2026-06-03T16:29:49.742634,-1.780000,0.000000
1256.7827,2026-06-03T16:29:50.234071,-1.780064,0.000000
1257.2806,2026-06-03T16:29:50.732038,-1.779984,0.000000
1257.7683,2026-06-03T16:29:51.219724,-1.779928,0.000000
1258.2667,2026-06-03T16:29:51.718139,-1.779968,0.000000
1258.7541,2026-06-03T16:29:52.205515,-1.779968,0.000000
1259.2526,2026-06-03T16:29:52.704017,-1.780032,0.000000
1259.7460,2026-06-03T16:29:53.197397,-1.780080,0.000000
1260.2462,2026-06-03T16:29:53.697591,-1.780056,0.000000
1260.7468,2026-06-03T16:29:54.198186,-1.779952,0.000000
1261.2483,2026-06-03T16:29:54.699726,-1.779960,0.000000
1261.7436,2026-06-03T16:29:55.194979,-1.780024,0.000000
1262.2256,2026-06-03T16:29:55.676969,-1.780224,0.000000
1262.7159,2026-06-03T16:29:56.167332,-1.780352,0.000000
1263.2275,2026-06-03T16:29:56.678922,-1.780264,0.000000
1263.7224,2026-06-03T16:29:57.173803,-1.780224,0.000000
1264.1947,2026-06-03T16:29:57.646079,-1.780144,0.000000
1264.6775,2026-06-03T16:29:58.128879,-1.780040,0.000000
1265.1756,2026-06-03T16:29:58.626975,-1.779992,0.000000
1265.6794,2026-06-03T16:29:59.130802,-1.779928,0.000000
1266.1709,2026-06-03T16:29:59.622315,-1.779832,0.000000
1266.6819,2026-06-03T16:30:00.133316,-1.779776,0.000000
1267.1900,2026-06-03T16:30:00.641402,-1.779840,0.000000
1267.6839,2026-06-03T16:30:01.135324,-1.779904,0.000000
1268.1796,2026-06-03T16:30:01.631011,-1.779856,0.000000
1268.6720,2026-06-03T16:30:02.123430,-1.779896,0.000000
1269.1342,2026-06-03T16:30:02.585609,-1.779904,0.000000
1269.6280,2026-06-03T16:30:03.079400,-1.779776,0.000000
1270.1269,2026-06-03T16:30:03.578318,-1.779752,0.000000
1270.6272,2026-06-03T16:30:04.078626,-1.779680,0.000000
1271.1292,2026-06-03T16:30:04.580666,-1.779616,0.000000
1271.6460,2026-06-03T16:30:05.097432,-1.779544,0.000000
1272.1331,2026-06-03T16:30:05.584538,-1.779576,0.000000
1272.6339,2026-06-03T16:30:06.085291,-1.779664,0.000000
1273.1253,2026-06-03T16:30:06.576685,-1.779584,0.000000
1273.6208,2026-06-03T16:30:07.072172,-1.779504,0.000000
1274.1230,2026-06-03T16:30:07.574433,-1.779376,0.000000
1274.5879,2026-06-03T16:30:08.039340,-1.779264,0.000000
1275.0698,2026-06-03T16:30:08.521241,-1.779272,0.000000
1275.5710,2026-06-03T16:30:09.022433,-1.779416,0.000000
1276.0710,2026-06-03T16:30:09.522396,-1.779424,0.000000
1276.5655,2026-06-03T16:30:10.016908,-1.779504,0.000000
1277.0597,2026-06-03T16:30:10.511099,-1.779584,0.000000
1277.5613,2026-06-03T16:30:11.012745,-1.779648,0.000000
1278.0516,2026-06-03T16:30:11.503044,-1.779624,0.000000
1278.5499,2026-06-03T16:30:12.001338,-1.779480,0.000000
1279.0412,2026-06-03T16:30:12.492608,-1.779360,0.000000
1279.5419,2026-06-03T16:30:12.993318,-1.779088,0.000000
1280.0352,2026-06-03T16:30:13.486634,-1.778912,0.000000
1280.5357,2026-06-03T16:30:13.987165,-1.778928,0.000000
1281.0477,2026-06-03T16:30:14.499145,-1.778872,0.000000
1281.5249,2026-06-03T16:30:14.976335,-1.778984,0.000000
1282.0281,2026-06-03T16:30:15.479503,-1.779040,0.000000
1282.5214,2026-06-03T16:30:15.972812,-1.778848,0.000000
1282.9986,2026-06-03T16:30:16.450005,-1.778712,0.000000
1283.4986,2026-06-03T16:30:16.950043,-1.778616,0.000000
1284.0005,2026-06-03T16:30:17.451927,-1.778744,0.000000
1284.4935,2026-06-03T16:30:17.944955,-1.778672,0.000000
1284.9968,2026-06-03T16:30:18.448251,-1.778568,0.000000
1285.4941,2026-06-03T16:30:18.945485,-1.778184,0.000000
1285.9673,2026-06-03T16:30:19.418669,-1.777984,0.000000
1286.4298,2026-06-03T16:30:19.881158,-1.778056,0.000000
1286.9259,2026-06-03T16:30:20.377327,-1.778144,0.000000
1287.4018,2026-06-03T16:30:20.853234,-1.778272,0.000000
1287.8981,2026-06-03T16:30:21.349543,-1.778464,0.000000
1288.3927,2026-06-03T16:30:21.844075,-1.778368,0.000000
1288.9232,2026-06-03T16:30:22.374641,-1.778320,0.000000
1289.4041,2026-06-03T16:30:22.855540,-1.778216,0.000000
1289.9117,2026-06-03T16:30:23.363119,-1.777896,0.000000
1290.4111,2026-06-03T16:30:23.862529,-1.777392,0.000000
1290.9147,2026-06-03T16:30:24.366148,-1.776800,0.000000
1291.4053,2026-06-03T16:30:24.856684,-1.776232,0.000000
1291.9331,2026-06-03T16:30:25.384487,-1.775632,0.000000
1292.4425,2026-06-03T16:30:25.893896,-1.775016,0.000000
1292.9440,2026-06-03T16:30:26.395458,-1.774472,0.000000
1293.4509,2026-06-03T16:30:26.902279,-1.774464,0.000000
1293.9544,2026-06-03T16:30:27.405818,-1.774096,0.000000
1294.4542,2026-06-03T16:30:27.905631,-1.773896,0.000000
1294.9674,2026-06-03T16:30:28.418797,-1.773272,0.000000
1295.4579,2026-06-03T16:30:28.909345,-1.771696,0.000000
1295.9543,2026-06-03T16:30:29.405747,-1.771392,0.000000
1296.4550,2026-06-03T16:30:29.906366,-1.771136,0.000000
1296.9509,2026-06-03T16:30:30.402326,-1.770496,0.000000
1297.4101,2026-06-03T16:30:30.861542,-1.769664,0.000000
1297.8997,2026-06-03T16:30:31.351066,-1.767904,0.000000
1298.3993,2026-06-03T16:30:31.850674,-1.766744,0.000000
1298.8928,2026-06-03T16:30:32.344182,-1.766152,0.000000
1299.3830,2026-06-03T16:30:32.834399,-1.766432,0.000000
1299.9144,2026-06-03T16:30:33.365841,-1.766672,0.000000
1300.3971,2026-06-03T16:30:33.848524,-1.765584,0.000000
1300.8882,2026-06-03T16:30:34.339657,-1.764984,0.000000
1301.3917,2026-06-03T16:30:34.843117,-1.764448,0.000000
1301.8680,2026-06-03T16:30:35.319367,-1.764328,0.000000
1302.3710,2026-06-03T16:30:35.822396,-1.764616,0.000000
1302.8592,2026-06-03T16:30:36.310628,-1.764496,0.000000
1303.3331,2026-06-03T16:30:36.784500,-1.763944,0.000000
1303.8244,2026-06-03T16:30:37.275775,-1.763440,0.000000
1304.3316,2026-06-03T16:30:37.783042,-1.763112,0.000000
1304.8361,2026-06-03T16:30:38.287489,-1.762544,0.000000
1305.3339,2026-06-03T16:30:38.785316,-1.762176,0.000000
1305.8327,2026-06-03T16:30:39.284150,-1.761616,0.000000
1306.3242,2026-06-03T16:30:39.775612,-1.761072,0.000000
1306.8275,2026-06-03T16:30:40.278895,-1.760824,0.000000
1307.3232,2026-06-03T16:30:40.774608,-1.760736,0.000000
1307.8257,2026-06-03T16:30:41.277165,-1.761008,0.000000
1308.3192,2026-06-03T16:30:41.770595,-1.760992,0.000000
1308.8117,2026-06-03T16:30:42.263112,-1.761456,0.000000
1309.2872,2026-06-03T16:30:42.738582,-1.762104,0.000000
1309.7837,2026-06-03T16:30:43.235130,-1.761728,0.000000
1310.2833,2026-06-03T16:30:43.734698,-1.761752,0.000000
1310.7492,2026-06-03T16:30:44.200649,-1.762240,0.000000
1311.2474,2026-06-03T16:30:44.698773,-1.761912,0.000000
1311.7516,2026-06-03T16:30:45.203015,-1.762184,0.000000
1312.2508,2026-06-03T16:30:45.702259,-1.762312,0.000000
1312.7493,2026-06-03T16:30:46.200743,-1.761856,0.000000
1313.2047,2026-06-03T16:30:46.656093,-1.761368,0.000000
1313.7078,2026-06-03T16:30:47.159175,-1.761336,0.000000
1314.1913,2026-06-03T16:30:47.642724,-1.760856,0.000000
1314.6908,2026-06-03T16:30:48.142242,-1.760368,0.000000
1315.1829,2026-06-03T16:30:48.634306,-1.760240,0.000000
1315.6602,2026-06-03T16:30:49.111625,-1.759808,0.000000
1316.1511,2026-06-03T16:30:49.602486,-1.759480,0.000000
1316.6499,2026-06-03T16:30:50.101299,-1.759136,0.000000
1317.1788,2026-06-03T16:30:50.630210,-1.758760,0.000000
1317.6620,2026-06-03T16:30:51.113358,-1.758624,0.000000
1318.1632,2026-06-03T16:30:51.614621,-1.758456,0.000000
1318.6385,2026-06-03T16:30:52.089946,-1.758272,0.000000
1319.1323,2026-06-03T16:30:52.583718,-1.756880,0.000000
1319.6336,2026-06-03T16:30:53.085049,-1.756056,0.000000
1320.1237,2026-06-03T16:30:53.575075,-1.755528,0.000000
1320.6272,2026-06-03T16:30:54.078648,-1.755152,0.000000
1321.1242,2026-06-03T16:30:54.575602,-1.755536,0.000000
1321.6227,2026-06-03T16:30:55.074102,-1.754872,0.000000
1322.1010,2026-06-03T16:30:55.552416,-1.753112,0.000000
1322.6000,2026-06-03T16:30:56.051429,-1.751000,0.000000
1323.0576,2026-06-03T16:30:56.509038,-1.749624,0.000000
1323.5394,2026-06-03T16:30:56.990844,-1.748664,0.000000
1324.0429,2026-06-03T16:30:57.494300,-1.748792,0.000000
1324.5424,2026-06-03T16:30:57.993833,-1.749384,0.000000
1325.0478,2026-06-03T16:30:58.499206,-1.749776,0.000000
1325.5460,2026-06-03T16:30:58.997455,-1.749480,0.000000
1326.0113,2026-06-03T16:30:59.462744,-1.748608,0.000000
1326.4969,2026-06-03T16:30:59.948271,-1.748232,0.000000
1326.9986,2026-06-03T16:31:00.450042,-1.747144,0.000000
1327.4935,2026-06-03T16:31:00.944892,-1.747016,0.000000
1327.9924,2026-06-03T16:31:01.443852,-1.746992,0.000000
1328.4951,2026-06-03T16:31:01.946522,-1.746344,0.000000
1329.0147,2026-06-03T16:31:02.466078,-1.746264,0.000000
1329.5037,2026-06-03T16:31:02.955156,-1.745624,0.000000
1329.9817,2026-06-03T16:31:03.433153,-1.745408,0.000000
1330.4835,2026-06-03T16:31:03.934915,-1.745008,0.000000
1330.9546,2026-06-03T16:31:04.406013,-1.744688,0.000000
1331.4390,2026-06-03T16:31:04.890397,-1.744432,0.000000
1331.9228,2026-06-03T16:31:05.374220,-1.743704,0.000000
1332.4158,2026-06-03T16:31:05.867169,-1.743536,0.000000
1332.9064,2026-06-03T16:31:06.357848,-1.742848,0.000000
1333.4041,2026-06-03T16:31:06.855569,-1.742088,0.000000
1333.9230,2026-06-03T16:31:07.374405,-1.741880,0.000000
1334.4431,2026-06-03T16:31:07.894556,-1.741624,0.000000
1334.9407,2026-06-03T16:31:08.392111,-1.741224,0.000000
1335.4434,2026-06-03T16:31:08.894775,-1.741232,0.000000
1335.9314,2026-06-03T16:31:09.382777,-1.740944,0.000000
1336.4169,2026-06-03T16:31:09.868350,-1.740744,0.000000
1336.9017,2026-06-03T16:31:10.353091,-1.740736,0.000000
1337.4070,2026-06-03T16:31:10.858414,-1.740848,0.000000
1337.9015,2026-06-03T16:31:11.352904,-1.740744,0.000000
1338.4009,2026-06-03T16:31:11.852360,-1.740552,0.000000
1338.8923,2026-06-03T16:31:12.343709,-1.740424,0.000000
1339.3908,2026-06-03T16:31:12.842192,-1.740072,0.000000
1339.8865,2026-06-03T16:31:13.337950,-1.739976,0.000000
1340.3909,2026-06-03T16:31:13.842278,-1.740008,0.000000
1340.8869,2026-06-03T16:31:14.338277,-1.739952,0.000000
1341.3867,2026-06-03T16:31:14.838099,-1.739984,0.000000
1341.8739,2026-06-03T16:31:15.325290,-1.740024,0.000000
1342.3546,2026-06-03T16:31:15.805982,-1.739984,0.000000
1342.8487,2026-06-03T16:31:16.300133,-1.739944,0.000000
1343.3417,2026-06-03T16:31:16.793097,-1.739880,0.000000
1343.8071,2026-06-03T16:31:17.258517,-1.739800,0.000000
1344.3026,2026-06-03T16:31:17.754053,-1.739776,0.000000
1344.8090,2026-06-03T16:31:18.260442,-1.739752,0.000000
1345.3326,2026-06-03T16:31:18.783994,-1.739720,0.000000
1345.8095,2026-06-03T16:31:19.260900,-1.739728,0.000000
1346.3196,2026-06-03T16:31:19.771061,-1.739752,0.000000
1346.8110,2026-06-03T16:31:20.262419,-1.739736,0.000000
1347.3016,2026-06-03T16:31:20.752987,-1.739696,0.000000
1347.7978,2026-06-03T16:31:21.249240,-1.739648,0.000000
1348.2785,2026-06-03T16:31:21.729875,-1.739496,0.000000
1348.7747,2026-06-03T16:31:22.226083,-1.739368,0.000000
1349.2707,2026-06-03T16:31:22.722131,-1.739280,0.000000
1349.7682,2026-06-03T16:31:23.219577,-1.739072,0.000000
1350.2989,2026-06-03T16:31:23.750323,-1.738784,0.000000
1350.8070,2026-06-03T16:31:24.258407,-1.738552,0.000000
1351.2848,2026-06-03T16:31:24.736255,-1.737896,0.000000
1351.7834,2026-06-03T16:31:25.234857,-1.737432,0.000000
1352.2821,2026-06-03T16:31:25.733514,-1.736560,0.000000
1352.7770,2026-06-03T16:31:26.228461,-1.735576,0.000000
1353.2694,2026-06-03T16:31:26.720841,-1.735512,0.000000
1353.7912,2026-06-03T16:31:27.242606,-1.735248,0.000000
1354.2846,2026-06-03T16:31:27.736020,-1.735432,0.000000
1354.7812,2026-06-03T16:31:28.232588,-1.735480,0.000000
1355.2821,2026-06-03T16:31:28.733475,-1.734256,0.000000
1355.7616,2026-06-03T16:31:29.213005,-1.732168,0.000000
1356.2655,2026-06-03T16:31:29.716865,-1.729224,0.000000
1356.7597,2026-06-03T16:31:30.211108,-1.726384,0.000000
1357.2930,2026-06-03T16:31:30.744448,-1.723888,0.000000
1357.7771,2026-06-03T16:31:31.228512,-1.722824,0.000000
1358.2844,2026-06-03T16:31:31.735805,-1.722568,0.000000
1358.7767,2026-06-03T16:31:32.228143,-1.722384,0.000000
1359.2802,2026-06-03T16:31:32.731588,-1.722152,0.000000
1359.7395,2026-06-03T16:31:33.190924,-1.720952,0.000000
1360.2320,2026-06-03T16:31:33.683456,-1.719736,0.000000
1360.7244,2026-06-03T16:31:34.175766,-1.717488,0.000000
1361.1982,2026-06-03T16:31:34.649578,-1.715048,0.000000
1361.6569,2026-06-03T16:31:35.108303,-1.713848,0.000000
1362.1523,2026-06-03T16:31:35.603728,-1.712168,0.000000
1362.6389,2026-06-03T16:31:36.090351,-1.711152,0.000000
1363.1106,2026-06-03T16:31:36.562014,-1.710904,0.000000
1363.6051,2026-06-03T16:31:37.056518,-1.710088,0.000000
1364.1115,2026-06-03T16:31:37.562959,-1.709472,0.000000
1364.6143,2026-06-03T16:31:38.065753,-1.708480,0.000000
1365.1130,2026-06-03T16:31:38.564378,-1.706872,0.000000
1365.6440,2026-06-03T16:31:39.095455,-1.705944,0.000000
1366.1135,2026-06-03T16:31:39.564963,-1.704752,0.000000
1366.5835,2026-06-03T16:31:40.034905,-1.704032,0.000000
1367.0878,2026-06-03T16:31:40.539198,-1.703480,0.000000
1367.5920,2026-06-03T16:31:41.043435,-1.702568,0.000000
1368.0744,2026-06-03T16:31:41.525798,-1.702272,0.000000
1368.5778,2026-06-03T16:31:42.029251,-1.702136,0.000000
1369.0740,2026-06-03T16:31:42.525397,-1.701968,0.000000
1369.5769,2026-06-03T16:31:43.028327,-1.702040,0.000000
1370.1001,2026-06-03T16:31:43.551501,-1.701680,0.000000
1370.6057,2026-06-03T16:31:44.057115,-1.701184,0.000000
1371.0920,2026-06-03T16:31:44.543459,-1.701088,0.000000
1371.5989,2026-06-03T16:31:45.050315,-1.700632,0.000000
1372.0905,2026-06-03T16:31:45.541952,-1.700488,0.000000
1372.5845,2026-06-03T16:31:46.035907,-1.700472,0.000000
1373.1199,2026-06-03T16:31:46.571284,-1.700392,0.000000
1373.6387,2026-06-03T16:31:47.090140,-1.700400,0.000000
1374.1273,2026-06-03T16:31:47.578672,-1.700392,0.000000
1374.6320,2026-06-03T16:31:48.083410,-1.700312,0.000000
1375.1162,2026-06-03T16:31:48.567666,-1.700224,0.000000
1375.6235,2026-06-03T16:31:49.074915,-1.700160,0.000000
1376.1305,2026-06-03T16:31:49.581935,-1.700152,0.000000
1376.6347,2026-06-03T16:31:50.086122,-1.700128,0.000000
1377.1273,2026-06-03T16:31:50.578732,-1.700080,0.000000
1377.6237,2026-06-03T16:31:51.075102,-1.700024,0.000000
1378.0981,2026-06-03T16:31:51.549552,-1.699888,0.000000
1378.5958,2026-06-03T16:31:52.047258,-1.699808,0.000000
1379.0594,2026-06-03T16:31:52.510847,-1.699776,0.000000
1379.5281,2026-06-03T16:31:52.979524,-1.699728,0.000000
1380.0294,2026-06-03T16:31:53.480857,-1.699720,0.000000
1380.5278,2026-06-03T16:31:53.979245,-1.699712,0.000000
1381.0076,2026-06-03T16:31:54.459003,-1.699616,0.000000
1381.4731,2026-06-03T16:31:54.924512,-1.699544,0.000000
1381.9798,2026-06-03T16:31:55.431240,-1.699520,0.000000
1382.4530,2026-06-03T16:31:55.904450,-1.699376,0.000000
1382.9553,2026-06-03T16:31:56.406694,-1.699320,0.000000
1383.4520,2026-06-03T16:31:56.903392,-1.699096,0.000000
1383.9292,2026-06-03T16:31:57.380624,-1.698632,0.000000
1384.4194,2026-06-03T16:31:57.870777,-1.698104,0.000000
1384.8838,2026-06-03T16:31:58.335184,-1.697544,0.000000
1385.3773,2026-06-03T16:31:58.828704,-1.696632,0.000000
1385.8763,2026-06-03T16:31:59.327748,-1.696080,0.000000
1386.4064,2026-06-03T16:31:59.857770,-1.695848,0.000000
1386.9099,2026-06-03T16:32:00.361273,-1.695320,0.000000
1387.4072,2026-06-03T16:32:00.858644,-1.695120,0.000000
1387.9112,2026-06-03T16:32:01.362652,-1.694088,0.000000
1388.4062,2026-06-03T16:32:01.857602,-1.692224,0.000000
1388.8810,2026-06-03T16:32:02.332438,-1.690688,0.000000
1389.3749,2026-06-03T16:32:02.826352,-1.689616,0.000000
1389.8832,2026-06-03T16:32:03.334578,-1.689288,0.000000
1390.3776,2026-06-03T16:32:03.829051,-1.688216,0.000000
1390.8774,2026-06-03T16:32:04.328828,-1.686960,0.000000
1391.3806,2026-06-03T16:32:04.832053,-1.684856,0.000000
1391.8769,2026-06-03T16:32:05.328277,-1.682816,0.000000
1392.3799,2026-06-03T16:32:05.831322,-1.682448,0.000000
1392.8762,2026-06-03T16:32:06.327616,-1.681568,0.000000
1393.3802,2026-06-03T16:32:06.831644,-1.681216,0.000000
1393.8789,2026-06-03T16:32:07.330322,-1.680760,0.000000
1394.3806,2026-06-03T16:32:07.831982,-1.680056,0.000000
1394.8823,2026-06-03T16:32:08.333724,-1.680224,0.000000
1395.3881,2026-06-03T16:32:08.839539,-1.680120,0.000000
1395.8809,2026-06-03T16:32:09.332266,-1.679856,0.000000
1396.3832,2026-06-03T16:32:09.834597,-1.679512,0.000000
1396.8568,2026-06-03T16:32:10.308194,-1.678840,0.000000
1397.3693,2026-06-03T16:32:10.820739,-1.678808,0.000000
1397.8614,2026-06-03T16:32:11.312858,-1.678616,0.000000
1398.3355,2026-06-03T16:32:11.786948,-1.678096,0.000000
1398.8394,2026-06-03T16:32:12.290804,-1.676864,0.000000
1399.3024,2026-06-03T16:32:12.753795,-1.674696,0.000000
1399.7738,2026-06-03T16:32:13.225219,-1.672224,0.000000
1400.2673,2026-06-03T16:32:13.718735,-1.670184,0.000000
1400.7659,2026-06-03T16:32:14.217275,-1.668760,0.000000
1401.2562,2026-06-03T16:32:14.707615,-1.667080,0.000000
1401.7442,2026-06-03T16:32:15.195599,-1.666120,0.000000
1402.2397,2026-06-03T16:32:15.691157,-1.664840,0.000000
1402.7414,2026-06-03T16:32:16.192779,-1.663064,0.000000
1403.2715,2026-06-03T16:32:16.722914,-1.662104,0.000000
1403.7836,2026-06-03T16:32:17.234999,-1.661592,0.000000
1404.2793,2026-06-03T16:32:17.730692,-1.661088,0.000000
1404.7775,2026-06-03T16:32:18.228892,-1.661008,0.000000
1405.2688,2026-06-03T16:32:18.720166,-1.660680,0.000000
1405.7661,2026-06-03T16:32:19.217526,-1.660304,0.000000
1406.2960,2026-06-03T16:32:19.747445,-1.660104,0.000000
1406.7956,2026-06-03T16:32:20.247011,-1.659952,0.000000
1407.2682,2026-06-03T16:32:20.719598,-1.659904,0.000000
1407.7717,2026-06-03T16:32:21.223112,-1.659912,0.000000
1408.2678,2026-06-03T16:32:21.719234,-1.659896,0.000000
1408.7601,2026-06-03T16:32:22.211512,-1.659880,0.000000
1409.2314,2026-06-03T16:32:22.682840,-1.659840,0.000000
1409.7284,2026-06-03T16:32:23.179783,-1.659760,0.000000
1410.2297,2026-06-03T16:32:23.681083,-1.659744,0.000000
1410.7146,2026-06-03T16:32:24.166034,-1.659664,0.000000
1411.1839,2026-06-03T16:32:24.635324,-1.659672,0.000000
1411.6779,2026-06-03T16:32:25.129279,-1.659648,0.000000
1412.1802,2026-06-03T16:32:25.631596,-1.659496,0.000000
1412.6840,2026-06-03T16:32:26.135410,-1.659384,0.000000
1413.1755,2026-06-03T16:32:26.626931,-1.659232,0.000000
1413.6765,2026-06-03T16:32:27.127933,-1.659168,0.000000
1414.1804,2026-06-03T16:32:27.631795,-1.659032,0.000000
1414.6690,2026-06-03T16:32:28.120460,-1.658640,0.000000
1415.1682,2026-06-03T16:32:28.619615,-1.658192,0.000000
1415.6499,2026-06-03T16:32:29.101351,-1.657272,0.000000
1416.1549,2026-06-03T16:32:29.606351,-1.656176,0.000000
1416.6554,2026-06-03T16:32:30.106795,-1.654936,0.000000
1417.1525,2026-06-03T16:32:30.603872,-1.653832,0.000000
1417.6546,2026-06-03T16:32:31.106049,-1.652712,0.000000
1418.1498,2026-06-03T16:32:31.601237,-1.651152,0.000000
1418.6250,2026-06-03T16:32:32.076398,-1.649880,0.000000
1419.1021,2026-06-03T16:32:32.553529,-1.647976,0.000000
1419.5673,2026-06-03T16:32:33.018729,-1.646368,0.000000
1420.0801,2026-06-03T16:32:33.531476,-1.645176,0.000000
1420.5710,2026-06-03T16:32:34.022374,-1.642736,0.000000
1421.0690,2026-06-03T16:32:34.520406,-1.640904,0.000000
1421.5677,2026-06-03T16:32:35.019087,-1.639192,0.000000
1422.0684,2026-06-03T16:32:35.519854,-1.638232,0.000000
1422.5719,2026-06-03T16:32:36.023271,-1.637792,0.000000
1423.1044,2026-06-03T16:32:36.555857,-1.636504,0.000000
1423.5760,2026-06-03T16:32:37.027408,-1.633296,0.000000
1424.0745,2026-06-03T16:32:37.525900,-1.630568,0.000000
1424.5714,2026-06-03T16:32:38.022833,-1.627432,0.000000
1425.0360,2026-06-03T16:32:38.487405,-1.625120,0.000000
1425.5057,2026-06-03T16:32:38.957105,-1.624728,0.000000
1425.9985,2026-06-03T16:32:39.449934,-1.623488,0.000000
1426.4849,2026-06-03T16:32:39.936355,-1.623024,0.000000
1426.9996,2026-06-03T16:32:40.450996,-1.622728,0.000000
1427.4946,2026-06-03T16:32:40.946006,-1.622344,0.000000
1427.9489,2026-06-03T16:32:41.400277,-1.621736,0.000000
1428.4587,2026-06-03T16:32:41.910122,-1.621288,0.000000
1428.9507,2026-06-03T16:32:42.402091,-1.620880,0.000000
1429.4351,2026-06-03T16:32:42.886551,-1.620584,0.000000
1429.9358,2026-06-03T16:32:43.387183,-1.620392,0.000000
1430.4279,2026-06-03T16:32:43.879339,-1.620200,0.000000
1430.9069,2026-06-03T16:32:44.358366,-1.620064,0.000000
1431.3993,2026-06-03T16:32:44.850738,-1.619992,0.000000
1431.8720,2026-06-03T16:32:45.323424,-1.619896,0.000000
1432.3757,2026-06-03T16:32:45.827080,-1.619848,0.000000
1432.8612,2026-06-03T16:32:46.312589,-1.619792,0.000000
1433.3585,2026-06-03T16:32:46.809957,-1.619752,0.000000
1433.8488,2026-06-03T16:32:47.300216,-1.619712,0.000000
1434.3496,2026-06-03T16:32:47.801030,-1.619608,0.000000
1434.8457,2026-06-03T16:32:48.297077,-1.619544,0.000000
1435.3446,2026-06-03T16:32:48.796049,-1.619400,0.000000
1435.8419,2026-06-03T16:32:49.293365,-1.619416,0.000000
1436.3523,2026-06-03T16:32:49.803748,-1.619384,0.000000
1436.8261,2026-06-03T16:32:50.277479,-1.619312,0.000000
1437.3011,2026-06-03T16:32:50.752565,-1.619344,0.000000
1437.7937,2026-06-03T16:32:51.245078,-1.619056,0.000000
1438.2930,2026-06-03T16:32:51.744421,-1.618600,0.000000
1438.8001,2026-06-03T16:32:52.251538,-1.617784,0.000000
1439.2918,2026-06-03T16:32:52.743170,-1.616720,0.000000
1439.7934,2026-06-03T16:32:53.244791,-1.615584,0.000000
1440.3017,2026-06-03T16:32:53.753089,-1.614720,0.000000
1440.7743,2026-06-03T16:32:54.225708,-1.613176,0.000000
1441.2766,2026-06-03T16:32:54.728004,-1.612496,0.000000
1441.7794,2026-06-03T16:32:55.230848,-1.611464,0.000000
1442.2753,2026-06-03T16:32:55.726675,-1.609856,0.000000
1442.7762,2026-06-03T16:32:56.227608,-1.608296,0.000000
1443.2358,2026-06-03T16:32:56.687268,-1.606472,0.000000
1443.7378,2026-06-03T16:32:57.189260,-1.604712,0.000000
1444.2271,2026-06-03T16:32:57.678479,-1.603008,0.000000
1444.7398,2026-06-03T16:32:58.191168,-1.601976,0.000000
1445.2290,2026-06-03T16:32:58.680430,-1.600960,0.000000
1445.7216,2026-06-03T16:32:59.173051,-1.600376,0.000000
1446.2240,2026-06-03T16:32:59.675368,-1.599792,0.000000
1446.7288,2026-06-03T16:33:00.180176,-1.599464,0.000000
1447.2057,2026-06-03T16:33:00.657128,-1.598864,0.000000
1447.6999,2026-06-03T16:33:01.151303,-1.597880,0.000000
1448.2000,2026-06-03T16:33:01.651407,-1.596136,0.000000
1448.7287,2026-06-03T16:33:02.180092,-1.594784,0.000000
1449.2338,2026-06-03T16:33:02.685253,-1.592736,0.000000
1449.7061,2026-06-03T16:33:03.157541,-1.590416,0.000000
1450.2098,2026-06-03T16:33:03.661248,-1.589448,0.000000
1450.7060,2026-06-03T16:33:04.157384,-1.587688,0.000000
1451.2153,2026-06-03T16:33:04.666756,-1.586432,0.000000
1451.7379,2026-06-03T16:33:05.189367,-1.585344,0.000000
1452.2381,2026-06-03T16:33:05.689487,-1.583512,0.000000
1452.7384,2026-06-03T16:33:06.189822,-1.582400,0.000000
1453.2393,2026-06-03T16:33:06.690730,-1.581424,0.000000
1453.7010,2026-06-03T16:33:07.152406,-1.580768,0.000000
1454.1724,2026-06-03T16:33:07.623834,-1.580592,0.000000
1454.6662,2026-06-03T16:33:08.117661,-1.580472,0.000000
1455.1662,2026-06-03T16:33:08.617603,-1.580280,0.000000
1455.6573,2026-06-03T16:33:09.108685,-1.580168,0.000000
1456.1889,2026-06-03T16:33:09.640319,-1.580072,0.000000
1456.6702,2026-06-03T16:33:10.121590,-1.579936,0.000000
1457.1765,2026-06-03T16:33:10.627929,-1.579840,0.000000
1457.6736,2026-06-03T16:33:11.124977,-1.579736,0.000000
1458.1556,2026-06-03T16:33:11.607025,-1.579632,0.000000
1458.6486,2026-06-03T16:33:12.100056,-1.579512,0.000000
1459.1133,2026-06-03T16:33:12.564745,-1.579304,0.000000
1459.6153,2026-06-03T16:33:13.066748,-1.579080,0.000000
1460.0837,2026-06-03T16:33:13.535090,-1.578464,0.000000
1460.5779,2026-06-03T16:33:14.029292,-1.577912,0.000000
1461.0771,2026-06-03T16:33:14.528484,-1.577424,0.000000
1461.5346,2026-06-03T16:33:14.985973,-1.577008,0.000000
1462.0098,2026-06-03T16:33:15.461219,-1.576936,0.000000
1462.4868,2026-06-03T16:33:15.938201,-1.576176,0.000000
1462.9705,2026-06-03T16:33:16.421932,-1.574712,0.000000
1463.4704,2026-06-03T16:33:16.921792,-1.572656,0.000000
1463.9392,2026-06-03T16:33:17.390660,-1.570144,0.000000
1464.4418,2026-06-03T16:33:17.893195,-1.567840,0.000000
1464.9264,2026-06-03T16:33:18.377845,-1.566576,0.000000
1465.4301,2026-06-03T16:33:18.881563,-1.565936,0.000000
1465.9025,2026-06-03T16:33:19.353942,-1.564944,0.000000
1466.3989,2026-06-03T16:33:19.850342,-1.563928,0.000000
1466.8849,2026-06-03T16:33:20.336350,-1.562632,0.000000
1467.3911,2026-06-03T16:33:20.842524,-1.561112,0.000000
1467.9035,2026-06-03T16:33:21.354926,-1.560024,0.000000
1468.4121,2026-06-03T16:33:21.863506,-1.559688,0.000000
1468.9121,2026-06-03T16:33:22.363557,-1.558472,0.000000
1469.3910,2026-06-03T16:33:22.842390,-1.557376,0.000000
1469.8853,2026-06-03T16:33:23.336749,-1.556624,0.000000
1470.3912,2026-06-03T16:33:23.842617,-1.555752,0.000000
1470.9207,2026-06-03T16:33:24.372109,-1.554976,0.000000
1471.4357,2026-06-03T16:33:24.887101,-1.553928,0.000000
1471.9286,2026-06-03T16:33:25.380003,-1.551928,0.000000
1472.4211,2026-06-03T16:33:25.872495,-1.550008,0.000000
1472.9218,2026-06-03T16:33:26.373254,-1.547720,0.000000
1473.4264,2026-06-03T16:33:26.877768,-1.545360,0.000000
1473.9412,2026-06-03T16:33:27.392639,-1.543704,0.000000
1474.4359,2026-06-03T16:33:27.887358,-1.542152,0.000000
1474.9386,2026-06-03T16:33:28.390006,-1.541616,0.000000
1475.4387,2026-06-03T16:33:28.890150,-1.541344,0.000000
1475.9347,2026-06-03T16:33:29.386068,-1.540936,0.000000
1476.4321,2026-06-03T16:33:29.883516,-1.540576,0.000000
1476.9636,2026-06-03T16:33:30.414990,-1.540400,0.000000
1477.4742,2026-06-03T16:33:30.925628,-1.540112,0.000000
1477.9704,2026-06-03T16:33:31.421846,-1.539992,0.000000
1478.4521,2026-06-03T16:33:31.903502,-1.539768,0.000000
1478.9292,2026-06-03T16:33:32.380620,-1.539520,0.000000
1479.4262,2026-06-03T16:33:32.877662,-1.539424,0.000000
1479.9251,2026-06-03T16:33:33.376483,-1.539312,0.000000
1480.4586,2026-06-03T16:33:33.909991,-1.539384,0.000000
1480.9704,2026-06-03T16:33:34.421778,-1.539280,0.000000
1481.4630,2026-06-03T16:33:34.914478,-1.538928,0.000000
1481.9601,2026-06-03T16:33:35.411539,-1.538192,0.000000
1482.4543,2026-06-03T16:33:35.905735,-1.536680,0.000000
1482.9385,2026-06-03T16:33:36.389942,-1.534824,0.000000
1483.4341,2026-06-03T16:33:36.885553,-1.532504,0.000000
1483.9323,2026-06-03T16:33:37.383748,-1.531088,0.000000
1484.4587,2026-06-03T16:33:37.910071,-1.530216,0.000000
1484.9406,2026-06-03T16:33:38.391968,-1.529024,0.000000
1485.4482,2026-06-03T16:33:38.899603,-1.528304,0.000000
1485.9325,2026-06-03T16:33:39.383891,-1.526464,0.000000
1486.4279,2026-06-03T16:33:39.879319,-1.524480,0.000000
1486.9226,2026-06-03T16:33:40.374064,-1.523120,0.000000
1487.4161,2026-06-03T16:33:40.867495,-1.521888,0.000000
1487.9093,2026-06-03T16:33:41.360685,-1.520680,0.000000
1488.4422,2026-06-03T16:33:41.893658,-1.518848,0.000000
1488.9484,2026-06-03T16:33:42.399855,-1.517680,0.000000
1489.4450,2026-06-03T16:33:42.896442,-1.516312,0.000000
1489.9465,2026-06-03T16:33:43.397895,-1.515424,0.000000
1490.4502,2026-06-03T16:33:43.901633,-1.515048,0.000000
1490.9483,2026-06-03T16:33:44.399681,-1.513432,0.000000
1491.4747,2026-06-03T16:33:44.926114,-1.511656,0.000000
1491.9759,2026-06-03T16:33:45.427282,-1.509176,0.000000
1492.4787,2026-06-03T16:33:45.930136,-1.507744,0.000000
1492.9676,2026-06-03T16:33:46.419051,-1.506328,0.000000
1493.4659,2026-06-03T16:33:46.917275,-1.505464,0.000000
1493.9439,2026-06-03T16:33:47.395270,-1.504736,0.000000
1494.4261,2026-06-03T16:33:47.877530,-1.503288,0.000000
1494.9040,2026-06-03T16:33:48.355440,-1.502280,0.000000
1495.3916,2026-06-03T16:33:48.843021,-1.501528,0.000000
1495.8826,2026-06-03T16:33:49.333982,-1.500752,0.000000
1496.3579,2026-06-03T16:33:49.809278,-1.500288,0.000000
1496.8605,2026-06-03T16:33:50.311925,-1.499904,0.000000
1497.3398,2026-06-03T16:33:50.791258,-1.499528,0.000000
1497.8368,2026-06-03T16:33:51.288234,-1.499072,0.000000
1498.3046,2026-06-03T16:33:51.756066,-1.498800,0.000000
1498.7881,2026-06-03T16:33:52.239548,-1.498688,0.000000
1499.2828,2026-06-03T16:33:52.734183,-1.498320,0.000000
1499.7393,2026-06-03T16:33:53.190700,-1.497944,0.000000
1500.2311,2026-06-03T16:33:53.682509,-1.497248,0.000000
1500.7357,2026-06-03T16:33:54.187125,-1.495848,0.000000
1501.2297,2026-06-03T16:33:54.681107,-1.493712,0.000000
1501.7284,2026-06-03T16:33:55.179859,-1.491312,0.000000
1502.2257,2026-06-03T16:33:55.677099,-1.489464,0.000000
1502.7259,2026-06-03T16:33:56.177308,-1.486904,0.000000
1503.2167,2026-06-03T16:33:56.668106,-1.484888,0.000000
1503.7105,2026-06-03T16:33:57.161904,-1.483400,0.000000
1504.2158,2026-06-03T16:33:57.667244,-1.481512,0.000000
1504.7143,2026-06-03T16:33:58.165759,-1.480824,0.000000
1505.2074,2026-06-03T16:33:58.658828,-1.480376,0.000000
1505.7006,2026-06-03T16:33:59.151974,-1.480000,0.000000
1506.1975,2026-06-03T16:33:59.648882,-1.479712,0.000000
1506.7010,2026-06-03T16:34:00.152452,-1.479448,0.000000
1507.1842,2026-06-03T16:34:00.635627,-1.478848,0.000000
1507.6790,2026-06-03T16:34:01.130423,-1.477904,0.000000
1508.1712,2026-06-03T16:34:01.622580,-1.477152,0.000000
1508.6920,2026-06-03T16:34:02.143371,-1.475880,0.000000
1509.1575,2026-06-03T16:34:02.608870,-1.475480,0.000000
1509.6591,2026-06-03T16:34:03.110547,-1.475048,0.000000
1510.1603,2026-06-03T16:34:03.611669,-1.473496,0.000000
1510.6592,2026-06-03T16:34:04.110576,-1.471552,0.000000
1511.1573,2026-06-03T16:34:04.608714,-1.468688,0.000000
1511.6473,2026-06-03T16:34:05.098663,-1.466008,0.000000
1512.1654,2026-06-03T16:34:05.616834,-1.464128,0.000000
1512.6627,2026-06-03T16:34:06.114152,-1.462792,0.000000
1513.1298,2026-06-03T16:34:06.581240,-1.461968,0.000000
1513.6260,2026-06-03T16:34:07.077437,-1.461424,0.000000
1514.1243,2026-06-03T16:34:07.575721,-1.461008,0.000000
1514.6234,2026-06-03T16:34:08.074821,-1.460592,0.000000
1515.1271,2026-06-03T16:34:08.578491,-1.460328,0.000000
1515.5925,2026-06-03T16:34:09.043890,-1.460016,0.000000
1516.0926,2026-06-03T16:34:09.543983,-1.459752,0.000000
1516.6172,2026-06-03T16:34:10.068586,-1.459640,0.000000
1517.0973,2026-06-03T16:34:10.548726,-1.459560,0.000000
1517.5789,2026-06-03T16:34:11.030282,-1.459336,0.000000
1518.0869,2026-06-03T16:34:11.538333,-1.459176,0.000000
1518.5824,2026-06-03T16:34:12.033803,-1.458656,0.000000
1519.0795,2026-06-03T16:34:12.530905,-1.457872,0.000000
1519.5782,2026-06-03T16:34:13.029645,-1.457016,0.000000
1520.1021,2026-06-03T16:34:13.553533,-1.455320,0.000000
1520.6110,2026-06-03T16:34:14.062436,-1.453088,0.000000
1521.1046,2026-06-03T16:34:14.555992,-1.450552,0.000000
1521.5833,2026-06-03T16:34:15.034715,-1.449040,0.000000
1522.0687,2026-06-03T16:34:15.520122,-1.447928,0.000000
1522.5744,2026-06-03T16:34:16.025805,-1.447384,0.000000
1523.0635,2026-06-03T16:34:16.514905,-1.446552,0.000000
1523.5582,2026-06-03T16:34:17.009621,-1.444296,0.000000
1524.0582,2026-06-03T16:34:17.509566,-1.442192,0.000000
1524.5720,2026-06-03T16:34:18.023399,-1.440600,0.000000
1525.0666,2026-06-03T16:34:18.518053,-1.439040,0.000000
1525.5591,2026-06-03T16:34:19.010547,-1.437856,0.000000
1526.0349,2026-06-03T16:34:19.486351,-1.436216,0.000000
1526.5337,2026-06-03T16:34:19.985123,-1.434216,0.000000
1527.0336,2026-06-03T16:34:20.485031,-1.431944,0.000000
1527.5154,2026-06-03T16:34:20.966820,-1.430088,0.000000
1528.0071,2026-06-03T16:34:21.458546,-1.428984,0.000000
1528.4953,2026-06-03T16:34:21.946696,-1.427904,0.000000
1528.9963,2026-06-03T16:34:22.447758,-1.427944,0.000000
1529.5268,2026-06-03T16:34:22.978202,-1.427160,0.000000
1530.0276,2026-06-03T16:34:23.479020,-1.425248,0.000000
1530.5293,2026-06-03T16:34:23.980707,-1.423488,0.000000
1531.0161,2026-06-03T16:34:24.467558,-1.421496,0.000000
1531.5185,2026-06-03T16:34:24.969896,-1.420384,0.000000
1532.0154,2026-06-03T16:34:25.466766,-1.420136,0.000000
1532.5485,2026-06-03T16:34:25.999923,-1.419960,0.000000
1533.0530,2026-06-03T16:34:26.504430,-1.419928,0.000000
1533.5571,2026-06-03T16:34:27.008530,-1.419792,0.000000
1534.0531,2026-06-03T16:34:27.504534,-1.419536,0.000000
1534.5580,2026-06-03T16:34:28.009457,-1.419416,0.000000
1535.0469,2026-06-03T16:34:28.498318,-1.419232,0.000000
1535.5071,2026-06-03T16:34:28.958509,-1.418904,0.000000
1535.9833,2026-06-03T16:34:29.434755,-1.418456,0.000000
1536.4796,2026-06-03T16:34:29.931059,-1.417648,0.000000
1536.9715,2026-06-03T16:34:30.422906,-1.416744,0.000000
1537.4368,2026-06-03T16:34:30.888218,-1.414616,0.000000
1537.9434,2026-06-03T16:34:31.394869,-1.413536,0.000000
1538.4450,2026-06-03T16:34:31.896408,-1.412680,0.000000
1538.9494,2026-06-03T16:34:32.400831,-1.411088,0.000000
1539.4667,2026-06-03T16:34:32.918166,-1.410368,0.000000
1539.9712,2026-06-03T16:34:33.422607,-1.408680,0.000000
1540.4402,2026-06-03T16:34:33.891569,-1.406648,0.000000
1540.9038,2026-06-03T16:34:34.355215,-1.405160,0.000000
1541.3743,2026-06-03T16:34:34.825683,-1.403712,0.000000
1541.8715,2026-06-03T16:34:35.322941,-1.402504,0.000000
1542.3753,2026-06-03T16:34:35.826758,-1.401216,0.000000
1542.8519,2026-06-03T16:34:36.303318,-1.400328,0.000000
1543.3495,2026-06-03T16:34:36.800922,-1.399536,0.000000
1543.8498,2026-06-03T16:34:37.301179,-1.399096,0.000000
1544.3410,2026-06-03T16:34:37.792387,-1.397872,0.000000
1544.8383,2026-06-03T16:34:38.289676,-1.395152,0.000000
1545.3621,2026-06-03T16:34:38.813499,-1.392576,0.000000
1545.8800,2026-06-03T16:34:39.331413,-1.391072,0.000000
1546.3504,2026-06-03T16:34:39.801861,-1.388640,0.000000
1546.8502,2026-06-03T16:34:40.301630,-1.388160,0.000000
1547.3527,2026-06-03T16:34:40.804085,-1.387528,0.000000
1547.8528,2026-06-03T16:34:41.304243,-1.384992,0.000000
1548.3821,2026-06-03T16:34:41.833533,-1.383920,0.000000
1548.8893,2026-06-03T16:34:42.340752,-1.382576,0.000000
1549.3844,2026-06-03T16:34:42.835795,-1.381200,0.000000
1549.8789,2026-06-03T16:34:43.330363,-1.380712,0.000000
1550.3813,2026-06-03T16:34:43.832770,-1.380392,0.000000
1550.8718,2026-06-03T16:34:44.323253,-1.380040,0.000000
1551.3652,2026-06-03T16:34:44.816614,-1.379912,0.000000
1551.8913,2026-06-03T16:34:45.342731,-1.379824,0.000000
1552.3883,2026-06-03T16:34:45.839684,-1.379704,0.000000
1552.8752,2026-06-03T16:34:46.326615,-1.379560,0.000000
1553.3753,2026-06-03T16:34:46.826669,-1.379352,0.000000
1553.8670,2026-06-03T16:34:47.318450,-1.378888,0.000000
1554.3585,2026-06-03T16:34:47.809885,-1.378344,0.000000
1554.8560,2026-06-03T16:34:48.307467,-1.377528,0.000000
1555.3443,2026-06-03T16:34:48.795757,-1.376072,0.000000
1555.8381,2026-06-03T16:34:49.289491,-1.374000,0.000000
1556.3442,2026-06-03T16:34:49.795577,-1.371072,0.000000
1556.8043,2026-06-03T16:34:50.255679,-1.368624,0.000000
1557.2528,2026-06-03T16:34:50.704176,-1.367088,0.000000
1557.7483,2026-06-03T16:34:51.199749,-1.365792,0.000000
1558.2501,2026-06-03T16:34:51.701533,-1.364424,0.000000
1558.7305,2026-06-03T16:34:52.181920,-1.363384,0.000000
1559.2236,2026-06-03T16:34:52.675021,-1.361520,0.000000
1559.7283,2026-06-03T16:34:53.179669,-1.359976,0.000000
1560.2428,2026-06-03T16:34:53.694249,-1.358944,0.000000
1560.7419,2026-06-03T16:34:54.193353,-1.357336,0.000000
1561.2410,2026-06-03T16:34:54.692452,-1.355552,0.000000
1561.7415,2026-06-03T16:34:55.192924,-1.353112,0.000000
1562.2370,2026-06-03T16:34:55.688424,-1.349624,0.000000
1562.7447,2026-06-03T16:34:56.196079,-1.346960,0.000000
1563.2692,2026-06-03T16:34:56.720668,-1.344424,0.000000
1563.7492,2026-06-03T16:34:57.200651,-1.343040,0.000000
1564.2566,2026-06-03T16:34:57.707993,-1.342696,0.000000
1564.7409,2026-06-03T16:34:58.192289,-1.342224,0.000000
1565.2155,2026-06-03T16:34:58.666957,-1.341704,0.000000
1565.7094,2026-06-03T16:34:59.160801,-1.340760,0.000000
1566.1817,2026-06-03T16:34:59.633093,-1.340400,0.000000
1566.6888,2026-06-03T16:35:00.140180,-1.339960,0.000000
1567.1839,2026-06-03T16:35:00.635287,-1.339808,0.000000
1567.6789,2026-06-03T16:35:01.130343,-1.339600,0.000000
1568.1862,2026-06-03T16:35:01.637629,-1.339312,0.000000
1568.6815,2026-06-03T16:35:02.132910,-1.338872,0.000000
1569.1874,2026-06-03T16:35:02.638857,-1.337944,0.000000
1569.6937,2026-06-03T16:35:03.145168,-1.335960,0.000000
1570.1895,2026-06-03T16:35:03.640933,-1.333856,0.000000
1570.6947,2026-06-03T16:35:04.146101,-1.332400,0.000000
1571.2561,2026-06-03T16:35:04.707546,-1.331560,0.000000
1571.7985,2026-06-03T16:35:05.249864,-1.330728,0.000000
1572.2968,2026-06-03T16:35:05.748207,-1.330304,0.000000
1572.7904,2026-06-03T16:35:06.241788,-1.327752,0.000000
1573.2948,2026-06-03T16:35:06.746198,-1.325528,0.000000
1573.8212,2026-06-03T16:35:07.272608,-1.323728,0.000000
1574.3008,2026-06-03T16:35:07.752195,-1.322000,0.000000
1574.8037,2026-06-03T16:35:08.255166,-1.321232,0.000000
1575.3041,2026-06-03T16:35:08.755552,-1.320616,0.000000
1575.7959,2026-06-03T16:35:09.247323,-1.320136,0.000000
1576.2789,2026-06-03T16:35:09.730356,-1.319744,0.000000
1576.7699,2026-06-03T16:35:10.221275,-1.319568,0.000000
1577.2773,2026-06-03T16:35:10.728715,-1.319392,0.000000
1577.8036,2026-06-03T16:35:11.255044,-1.319136,0.000000
1578.3113,2026-06-03T16:35:11.762680,-1.318352,0.000000
1578.8057,2026-06-03T16:35:12.257160,-1.318144,0.000000
1579.2984,2026-06-03T16:35:12.749774,-1.317496,0.000000
1579.7954,2026-06-03T16:35:13.246767,-1.315776,0.000000
1580.2761,2026-06-03T16:35:13.727510,-1.314600,0.000000
1580.7622,2026-06-03T16:35:14.213638,-1.312872,0.000000
1581.2549,2026-06-03T16:35:14.706364,-1.310696,0.000000
1581.7457,2026-06-03T16:35:15.197085,-1.309160,0.000000
1582.2122,2026-06-03T16:35:15.663642,-1.307216,0.000000
1582.7034,2026-06-03T16:35:16.154799,-1.304992,0.000000
1583.2041,2026-06-03T16:35:16.655492,-1.303240,0.000000
1583.7008,2026-06-03T16:35:17.152249,-1.301856,0.000000
1584.1616,2026-06-03T16:35:17.613017,-1.300840,0.000000
1584.6687,2026-06-03T16:35:18.120066,-1.300376,0.000000
1585.1648,2026-06-03T16:35:18.616215,-1.299952,0.000000
1585.6867,2026-06-03T16:35:19.138127,-1.299560,0.000000
1586.1882,2026-06-03T16:35:19.639572,-1.299480,0.000000
1586.6531,2026-06-03T16:35:20.104456,-1.299336,0.000000
1587.1370,2026-06-03T16:35:20.588450,-1.299232,0.000000
1587.6353,2026-06-03T16:35:21.086696,-1.299216,0.000000
1588.1078,2026-06-03T16:35:21.559241,-1.299176,0.000000
1588.6162,2026-06-03T16:35:22.067608,-1.298976,0.000000
1589.1163,2026-06-03T16:35:22.567669,-1.297392,0.000000
1589.6057,2026-06-03T16:35:23.057074,-1.295776,0.000000
1590.1356,2026-06-03T16:35:23.587065,-1.293600,0.000000
1590.6580,2026-06-03T16:35:24.109427,-1.290768,0.000000
1591.1517,2026-06-03T16:35:24.603159,-1.288152,0.000000
1591.6373,2026-06-03T16:35:25.088712,-1.285848,0.000000
1592.1298,2026-06-03T16:35:25.581206,-1.283432,0.000000
1592.6349,2026-06-03T16:35:26.086297,-1.282112,0.000000
1593.1576,2026-06-03T16:35:26.609046,-1.281152,0.000000
1593.6389,2026-06-03T16:35:27.090306,-1.280256,0.000000
1594.1418,2026-06-03T16:35:27.593187,-1.279384,0.000000
1594.6411,2026-06-03T16:35:28.092532,-1.278304,0.000000
1595.1524,2026-06-03T16:35:28.603830,-1.277592,0.000000
1595.6407,2026-06-03T16:35:29.092126,-1.275104,0.000000
1596.1397,2026-06-03T16:35:29.591159,-1.273336,0.000000
1596.6609,2026-06-03T16:35:30.112362,-1.270832,0.000000
1597.1421,2026-06-03T16:35:30.593519,-1.268008,0.000000
1597.6429,2026-06-03T16:35:31.094359,-1.267360,0.000000
1598.1070,2026-06-03T16:35:31.558416,-1.266000,0.000000
1598.5834,2026-06-03T16:35:32.034774,-1.264616,0.000000
1599.0778,2026-06-03T16:35:32.529200,-1.263792,0.000000
1599.5367,2026-06-03T16:35:32.988170,-1.262592,0.000000
1600.0316,2026-06-03T16:35:33.483043,-1.261592,0.000000
1600.5286,2026-06-03T16:35:33.979982,-1.261144,0.000000
1601.0359,2026-06-03T16:35:34.487330,-1.260760,0.000000
1601.5275,2026-06-03T16:35:34.978922,-1.260264,0.000000
1602.0302,2026-06-03T16:35:35.481647,-1.260104,0.000000
1602.5162,2026-06-03T16:35:35.967627,-1.259984,0.000000
1603.0167,2026-06-03T16:35:36.468160,-1.259896,0.000000
1603.5075,2026-06-03T16:35:36.958946,-1.259872,0.000000
1604.0161,2026-06-03T16:35:37.467562,-1.259752,0.000000
1604.4634,2026-06-03T16:35:37.914774,-1.259584,0.000000
1604.9494,2026-06-03T16:35:38.400833,-1.259448,0.000000
1605.4474,2026-06-03T16:35:38.898778,-1.258968,0.000000
1605.9771,2026-06-03T16:35:39.428553,-1.258464,0.000000
1606.4674,2026-06-03T16:35:39.918765,-1.257632,0.000000
1606.9543,2026-06-03T16:35:40.405722,-1.256672,0.000000
1607.4199,2026-06-03T16:35:40.871326,-1.255432,0.000000
1607.9091,2026-06-03T16:35:41.360514,-1.254208,0.000000
1608.4070,2026-06-03T16:35:41.858438,-1.253272,0.000000
1608.9077,2026-06-03T16:35:42.359148,-1.251976,0.000000
1609.3967,2026-06-03T16:35:42.848099,-1.250712,0.000000
1609.8917,2026-06-03T16:35:43.343114,-1.249784,0.000000
1610.4119,2026-06-03T16:35:43.863306,-1.247792,0.000000
1610.9151,2026-06-03T16:35:44.366545,-1.245680,0.000000
1611.4143,2026-06-03T16:35:44.865763,-1.244200,0.000000
1611.9091,2026-06-03T16:35:45.360567,-1.241608,0.000000
1612.4077,2026-06-03T16:35:45.859098,-1.239248,0.000000
1612.9050,2026-06-03T16:35:46.356410,-1.237200,0.000000
1613.4202,2026-06-03T16:35:46.871565,-1.234424,0.000000
1613.9156,2026-06-03T16:35:47.367003,-1.233512,0.000000
1614.4186,2026-06-03T16:35:47.870045,-1.232424,0.000000
1614.9149,2026-06-03T16:35:48.366346,-1.230352,0.000000
1615.4119,2026-06-03T16:35:48.863304,-1.229048,0.000000
1615.8998,2026-06-03T16:35:49.351224,-1.227328,0.000000
1616.3949,2026-06-03T16:35:49.846347,-1.225976,0.000000
1616.8893,2026-06-03T16:35:50.340679,-1.225416,0.000000
1617.4162,2026-06-03T16:35:50.867653,-1.224696,0.000000
1617.9160,2026-06-03T16:35:51.367421,-1.223608,0.000000
1618.3854,2026-06-03T16:35:51.836855,-1.222384,0.000000
1618.8867,2026-06-03T16:35:52.338114,-1.222088,0.000000
1619.3918,2026-06-03T16:35:52.843221,-1.221576,0.000000
1619.8867,2026-06-03T16:35:53.338084,-1.221032,0.000000
1620.3819,2026-06-03T16:35:53.833330,-1.220856,0.000000
1620.9200,2026-06-03T16:35:54.371448,-1.220456,0.000000
1621.4183,2026-06-03T16:35:54.869693,-1.220176,0.000000
1621.9181,2026-06-03T16:35:55.369549,-1.220056,0.000000
1622.4148,2026-06-03T16:35:55.866176,-1.220000,0.000000
1622.8986,2026-06-03T16:35:56.349971,-1.219880,0.000000
1623.3646,2026-06-03T16:35:56.815969,-1.219904,0.000000
1623.8689,2026-06-03T16:35:57.320322,-1.219800,0.000000
1624.3991,2026-06-03T16:35:57.850518,-1.219672,0.000000
1624.8993,2026-06-03T16:35:58.350746,-1.219632,0.000000
1625.3921,2026-06-03T16:35:58.843563,-1.219528,0.000000
1625.8846,2026-06-03T16:35:59.336053,-1.219528,0.000000
1626.3782,2026-06-03T16:35:59.829581,-1.219600,0.000000
1626.8833,2026-06-03T16:36:00.334755,-1.219384,0.000000
1627.3848,2026-06-03T16:36:00.836227,-1.218976,0.000000
1627.9073,2026-06-03T16:36:01.358726,-1.218680,0.000000
1628.4032,2026-06-03T16:36:01.854640,-1.218240,0.000000
1628.9067,2026-06-03T16:36:02.358106,-1.218024,0.000000
1629.3961,2026-06-03T16:36:02.847544,-1.218136,0.000000
1629.8995,2026-06-03T16:36:03.350891,-1.217880,0.000000
1630.3992,2026-06-03T16:36:03.850614,-1.217224,0.000000
1630.8902,2026-06-03T16:36:04.341642,-1.217064,0.000000
1631.3962,2026-06-03T16:36:04.847575,-1.216600,0.000000
1631.8873,2026-06-03T16:36:05.338686,-1.216416,0.000000
1632.3890,2026-06-03T16:36:05.840425,-1.216792,0.000000
1632.8692,2026-06-03T16:36:06.320667,-1.216320,0.000000
1633.3520,2026-06-03T16:36:06.803383,-1.215792,0.000000
1633.8469,2026-06-03T16:36:07.298279,-1.215440,0.000000
1634.3517,2026-06-03T16:36:07.803079,-1.214136,0.000000
1634.8362,2026-06-03T16:36:08.287591,-1.212912,0.000000
1635.3648,2026-06-03T16:36:08.816260,-1.211240,0.000000
1635.8664,2026-06-03T16:36:09.317775,-1.209400,0.000000
1636.3642,2026-06-03T16:36:09.815576,-1.208344,0.000000
1636.8551,2026-06-03T16:36:10.306501,-1.208088,0.000000
1637.3514,2026-06-03T16:36:10.802866,-1.207872,0.000000
1637.8478,2026-06-03T16:36:11.299180,-1.207360,0.000000
1638.3563,2026-06-03T16:36:11.807754,-1.207096,0.000000
1638.8677,2026-06-03T16:36:12.319156,-1.206272,0.000000
1639.3725,2026-06-03T16:36:12.823871,-1.205496,0.000000
1639.8666,2026-06-03T16:36:13.318064,-1.205264,0.000000
1640.3689,2026-06-03T16:36:13.820338,-1.204920,0.000000
1640.8552,2026-06-03T16:36:14.306608,-1.205000,0.000000
1641.3168,2026-06-03T16:36:14.768241,-1.205512,0.000000
1641.8138,2026-06-03T16:36:15.265228,-1.205048,0.000000
1642.3175,2026-06-03T16:36:15.768953,-1.204432,0.000000
1642.8359,2026-06-03T16:36:16.287296,-1.203184,0.000000
1643.3189,2026-06-03T16:36:16.770267,-1.202216,0.000000
1643.8026,2026-06-03T16:36:17.253983,-1.201264,0.000000
1644.2885,2026-06-03T16:36:17.739952,-1.200760,0.000000
1644.7547,2026-06-03T16:36:18.206148,-1.200456,0.000000
1645.2404,2026-06-03T16:36:18.691829,-1.200056,0.000000
1645.7356,2026-06-03T16:36:19.186988,-1.200176,0.000000
1646.2134,2026-06-03T16:36:19.664825,-1.200072,0.000000
1646.7167,2026-06-03T16:36:20.168096,-1.200128,0.000000
1647.2123,2026-06-03T16:36:20.663730,-1.200040,0.000000
1647.7162,2026-06-03T16:36:21.167656,-1.199552,0.000000
1648.2110,2026-06-03T16:36:21.662438,-1.199264,0.000000
1648.7372,2026-06-03T16:36:22.188650,-1.198944,0.000000
1649.2204,2026-06-03T16:36:22.671836,-1.198896,0.000000
1649.6800,2026-06-03T16:36:23.131415,-1.199016,0.000000
1650.1830,2026-06-03T16:36:23.634388,-1.199168,0.000000
1650.6784,2026-06-03T16:36:24.129785,-1.199296,0.000000
1651.1804,2026-06-03T16:36:24.631851,-1.199272,0.000000
1651.6821,2026-06-03T16:36:25.133558,-1.198896,0.000000
1652.1765,2026-06-03T16:36:25.627912,-1.198328,0.000000
1652.7111,2026-06-03T16:36:26.162562,-1.197904,0.000000
1653.2171,2026-06-03T16:36:26.668505,-1.197048,0.000000
1653.6825,2026-06-03T16:36:27.133941,-1.197040,0.000000
1654.1809,2026-06-03T16:36:27.632327,-1.197000,0.000000
1654.6691,2026-06-03T16:36:28.120518,-1.197208,0.000000
1655.1618,2026-06-03T16:36:28.613261,-1.197856,0.000000
1655.6635,2026-06-03T16:36:29.114946,-1.197736,0.000000
1656.1490,2026-06-03T16:36:29.600384,-1.197400,0.000000
1656.6432,2026-06-03T16:36:30.094653,-1.196048,0.000000
1657.1405,2026-06-03T16:36:30.591946,-1.194648,0.000000
1657.6144,2026-06-03T16:36:31.065779,-1.194264,0.000000
1658.1154,2026-06-03T16:36:31.566772,-1.194136,0.000000
1658.6152,2026-06-03T16:36:32.066586,-1.194776,0.000000
1659.1154,2026-06-03T16:36:32.566856,-1.195904,0.000000
1659.6165,2026-06-03T16:36:33.067952,-1.196224,0.000000
1660.1161,2026-06-03T16:36:33.567520,-1.196280,0.000000
1660.6069,2026-06-03T16:36:34.058295,-1.195944,0.000000
1661.1116,2026-06-03T16:36:34.563064,-1.195368,0.000000
1661.5865,2026-06-03T16:36:35.037954,-1.195296,0.000000
1662.0715,2026-06-03T16:36:35.522877,-1.195928,0.000000
1662.5719,2026-06-03T16:36:36.023284,-1.196528,0.000000
1663.0600,2026-06-03T16:36:36.511383,-1.196856,0.000000
1663.5344,2026-06-03T16:36:36.985826,-1.196904,0.000000
1664.0358,2026-06-03T16:36:37.487208,-1.196752,0.000000
1664.5360,2026-06-03T16:36:37.987428,-1.196640,0.000000
1665.0357,2026-06-03T16:36:38.487100,-1.196512,0.000000
1665.5318,2026-06-03T16:36:38.983242,-1.195448,0.000000
1666.0318,2026-06-03T16:36:39.483223,-1.194904,0.000000
1666.5328,2026-06-03T16:36:39.984194,-1.194464,0.000000
1667.0325,2026-06-03T16:36:40.483882,-1.194160,0.000000
1667.5403,2026-06-03T16:36:40.991685,-1.194176,0.000000
1668.0462,2026-06-03T16:36:41.497649,-1.194896,0.000000
1668.5417,2026-06-03T16:36:41.993163,-1.195056,0.000000
1669.0443,2026-06-03T16:36:42.495677,-1.195880,0.000000
1669.5421,2026-06-03T16:36:42.993550,-1.196320,0.000000
1670.0317,2026-06-03T16:36:43.483105,-1.195920,0.000000
1670.5312,2026-06-03T16:36:43.982603,-1.196344,0.000000
1671.0280,2026-06-03T16:36:44.479430,-1.196264,0.000000
1671.5404,2026-06-03T16:36:44.991865,-1.196672,0.000000
1672.0316,2026-06-03T16:36:45.483032,-1.196592,0.000000
1672.5255,2026-06-03T16:36:45.976930,-1.196464,0.000000
1673.0227,2026-06-03T16:36:46.474141,-1.196976,0.000000
1673.5332,2026-06-03T16:36:46.984616,-1.197152,0.000000
1674.0323,2026-06-03T16:36:47.483715,-1.197408,0.000000
1674.5022,2026-06-03T16:36:47.953587,-1.197928,0.000000
1675.0017,2026-06-03T16:36:48.453169,-1.196760,0.000000
1675.5207,2026-06-03T16:36:48.972089,-1.196120,0.000000
1676.0149,2026-06-03T16:36:49.466322,-1.196128,0.000000
1676.5230,2026-06-03T16:36:49.974364,-1.195496,0.000000
1677.0243,2026-06-03T16:36:50.475705,-1.195848,0.000000
1677.5282,2026-06-03T16:36:50.979629,-1.196160,0.000000
1678.0234,2026-06-03T16:36:51.474856,-1.196328,0.000000
1678.5356,2026-06-03T16:36:51.987026,-1.196144,0.000000
1679.0476,2026-06-03T16:36:52.499025,-1.196344,0.000000
1679.5233,2026-06-03T16:36:52.974691,-1.195904,0.000000
1680.0116,2026-06-03T16:36:53.463057,-1.195776,0.000000
1680.5092,2026-06-03T16:36:53.960638,-1.196448,0.000000
1680.9887,2026-06-03T16:36:54.440094,-1.197168,0.000000
1681.4855,2026-06-03T16:36:54.936957,-1.198024,0.000000
1681.9839,2026-06-03T16:36:55.435313,-1.198528,0.000000
1682.4830,2026-06-03T16:36:55.934411,-1.198832,0.000000
1683.0082,2026-06-03T16:36:56.459612,-1.198808,0.000000
1683.4948,2026-06-03T16:36:56.946168,-1.199016,0.000000
1683.9701,2026-06-03T16:36:57.421550,-1.199176,0.000000
1684.4733,2026-06-03T16:36:57.924749,-1.199312,0.000000
1684.9679,2026-06-03T16:36:58.419334,-1.199184,0.000000
1685.4762,2026-06-03T16:36:58.927618,-1.199136,0.000000
1685.9736,2026-06-03T16:36:59.425067,-1.198960,0.000000
1686.4951,2026-06-03T16:36:59.946526,-1.198736,0.000000
1686.9898,2026-06-03T16:37:00.441247,-1.198712,0.000000
1687.4949,2026-06-03T16:37:00.946327,-1.198344,0.000000
1687.9802,2026-06-03T16:37:01.431640,-1.198280,0.000000
1688.4813,2026-06-03T16:37:01.932763,-1.198384,0.000000
1688.9657,2026-06-03T16:37:02.417106,-1.198712,0.000000
1689.4665,2026-06-03T16:37:02.917902,-1.199024,0.000000
1689.9648,2026-06-03T16:37:03.416190,-1.199224,0.000000
1690.4813,2026-06-03T16:37:03.932671,-1.199552,0.000000
1690.9876,2026-06-03T16:37:04.438971,-1.199680,0.000000
1691.4848,2026-06-03T16:37:04.936191,-1.199952,0.000000
1691.9843,2026-06-03T16:37:05.435692,-1.200304,0.000000
1692.4827,2026-06-03T16:37:05.934168,-1.200240,0.000000
1692.9532,2026-06-03T16:37:06.404566,-1.200520,0.000000
1693.4509,2026-06-03T16:37:06.902280,-1.200896,0.000000
1693.9464,2026-06-03T16:37:07.397834,-1.201144,0.000000
1694.4800,2026-06-03T16:37:07.931373,-1.201144,0.000000
1694.9820,2026-06-03T16:37:08.433423,-1.201160,0.000000
1695.4846,2026-06-03T16:37:08.936046,-1.201208,0.000000
1695.9431,2026-06-03T16:37:09.394479,-1.201080,0.000000
1696.4114,2026-06-03T16:37:09.862805,-1.201136,0.000000
1696.9082,2026-06-03T16:37:10.359654,-1.201296,0.000000
1697.4098,2026-06-03T16:37:10.861262,-1.201032,0.000000
1697.9091,2026-06-03T16:37:11.360528,-1.201424,0.000000
1698.4106,2026-06-03T16:37:11.861979,-1.201680,0.000000
1698.9022,2026-06-03T16:37:12.353622,-1.201984,0.000000
1699.4126,2026-06-03T16:37:12.864020,-1.202656,0.000000
1699.9140,2026-06-03T16:37:13.365382,-1.202680,0.000000
1700.4196,2026-06-03T16:37:13.871005,-1.203264,0.000000
1700.9130,2026-06-03T16:37:14.364425,-1.203392,0.000000
1701.3665,2026-06-03T16:37:14.817948,-1.204488,0.000000
1701.8630,2026-06-03T16:37:15.314447,-1.205688,0.000000
1702.3510,2026-06-03T16:37:15.802417,-1.206312,0.000000
1702.8430,2026-06-03T16:37:16.294439,-1.207088,0.000000
1703.3448,2026-06-03T16:37:16.796216,-1.206560,0.000000
1703.8425,2026-06-03T16:37:17.293930,-1.206656,0.000000
1704.3375,2026-06-03T16:37:17.788903,-1.206784,0.000000
1704.8398,2026-06-03T16:37:18.291173,-1.206336,0.000000
1705.3304,2026-06-03T16:37:18.781779,-1.206680,0.000000
1705.8323,2026-06-03T16:37:19.283765,-1.206376,0.000000
1706.3311,2026-06-03T16:37:19.782503,-1.206112,0.000000
1706.8330,2026-06-03T16:37:20.284434,-1.206592,0.000000
1707.3298,2026-06-03T16:37:20.781188,-1.206792,0.000000
1707.8256,2026-06-03T16:37:21.277045,-1.206752,0.000000
1708.2964,2026-06-03T16:37:21.747786,-1.207656,0.000000
1708.7895,2026-06-03T16:37:22.240965,-1.208752,0.000000
1709.2994,2026-06-03T16:37:22.750840,-1.209896,0.000000
1709.8176,2026-06-03T16:37:23.269015,-1.211392,0.000000
1710.3146,2026-06-03T16:37:23.765980,-1.212496,0.000000
1710.8148,2026-06-03T16:37:24.266256,-1.213032,0.000000
1711.3038,2026-06-03T16:37:24.755226,-1.212976,0.000000
1711.7999,2026-06-03T16:37:25.251346,-1.213456,0.000000
1712.2975,2026-06-03T16:37:25.748957,-1.213680,0.000000
1712.8011,2026-06-03T16:37:26.252559,-1.213656,0.000000
1713.3216,2026-06-03T16:37:26.772961,-1.214592,0.000000
1713.8028,2026-06-03T16:37:27.254236,-1.214992,0.000000
1714.2961,2026-06-03T16:37:27.747506,-1.215392,0.000000
1714.7951,2026-06-03T16:37:28.246507,-1.216664,0.000000
1715.2894,2026-06-03T16:37:28.740762,-1.217040,0.000000
1715.7556,2026-06-03T16:37:29.207040,-1.217680,0.000000
1716.2512,2026-06-03T16:37:29.702631,-1.218256,0.000000
1716.7340,2026-06-03T16:37:30.185445,-1.218368,0.000000
1717.2351,2026-06-03T16:37:30.686483,-1.218680,0.000000
1717.7324,2026-06-03T16:37:31.183813,-1.218552,0.000000
1718.2629,2026-06-03T16:37:31.714279,-1.218704,0.000000
1718.7414,2026-06-03T16:37:32.192834,-1.218848,0.000000
1719.2114,2026-06-03T16:37:32.662840,-1.218824,0.000000
1719.7156,2026-06-03T16:37:33.166999,-1.219056,0.000000
1720.2213,2026-06-03T16:37:33.672712,-1.218912,0.000000
1720.7212,2026-06-03T16:37:34.172587,-1.218944,0.000000
1721.2212,2026-06-03T16:37:34.672661,-1.219112,0.000000
1721.7118,2026-06-03T16:37:35.163263,-1.219184,0.000000
1722.2125,2026-06-03T16:37:35.663867,-1.219448,0.000000
1722.7049,2026-06-03T16:37:36.156281,-1.219544,0.000000
1723.2051,2026-06-03T16:37:36.656472,-1.219600,0.000000
1723.6962,2026-06-03T16:37:37.147606,-1.219600,0.000000
1724.1889,2026-06-03T16:37:37.640316,-1.219632,0.000000
1724.6800,2026-06-03T16:37:38.131403,-1.219616,0.000000
1725.1765,2026-06-03T16:37:38.627911,-1.219608,0.000000
1725.6294,2026-06-03T16:37:39.080776,-1.219648,0.000000
1726.1302,2026-06-03T16:37:39.581583,-1.219672,0.000000
1726.6309,2026-06-03T16:37:40.082313,-1.219672,0.000000
1727.1309,2026-06-03T16:37:40.582303,-1.219656,0.000000
1727.6252,2026-06-03T16:37:41.076639,-1.219664,0.000000
1728.1243,2026-06-03T16:37:41.575675,-1.219704,0.000000
1728.6129,2026-06-03T16:37:42.064336,-1.219696,0.000000
1729.1043,2026-06-03T16:37:42.555704,-1.219744,0.000000
1729.6021,2026-06-03T16:37:43.053532,-1.219768,0.000000
1730.0815,2026-06-03T16:37:43.532959,-1.219736,0.000000
1730.5727,2026-06-03T16:37:44.024083,-1.219784,0.000000
1731.0443,2026-06-03T16:37:44.495723,-1.219824,0.000000
1731.5562,2026-06-03T16:37:45.007635,-1.219864,0.000000
1732.0507,2026-06-03T16:37:45.502098,-1.219888,0.000000
1732.5137,2026-06-03T16:37:45.965133,-1.219960,0.000000
1733.0168,2026-06-03T16:37:46.468179,-1.219912,0.000000
1733.5210,2026-06-03T16:37:46.972418,-1.219920,0.000000
1733.9787,2026-06-03T16:37:47.430136,-1.219944,0.000000
1734.4722,2026-06-03T16:37:47.923646,-1.219880,0.000000
1734.9621,2026-06-03T16:37:48.413523,-1.219888,0.000000
1735.4650,2026-06-03T16:37:48.916437,-1.219896,0.000000
1735.9517,2026-06-03T16:37:49.403105,-1.219904,0.000000
1736.4422,2026-06-03T16:37:49.893594,-1.219944,0.000000
1736.9348,2026-06-03T16:37:50.386221,-1.219984,0.000000
1737.4265,2026-06-03T16:37:50.877933,-1.219976,0.000000
1737.9229,2026-06-03T16:37:51.374318,-1.220016,0.000000
1738.4016,2026-06-03T16:37:51.852981,-1.220176,0.000000
1738.8658,2026-06-03T16:37:52.317169,-1.220336,0.000000
1739.3668,2026-06-03T16:37:52.818217,-1.220616,0.000000
1739.8629,2026-06-03T16:37:53.314311,-1.220744,0.000000
1740.3862,2026-06-03T16:37:53.837585,-1.220816,0.000000
1740.8838,2026-06-03T16:37:54.335177,-1.220696,0.000000
1741.3636,2026-06-03T16:37:54.814973,-1.220712,0.000000
1741.8641,2026-06-03T16:37:55.315505,-1.220896,0.000000
1742.3672,2026-06-03T16:37:55.818616,-1.221352,0.000000
1742.8599,2026-06-03T16:37:56.311273,-1.221608,0.000000
1743.3629,2026-06-03T16:37:56.814272,-1.221648,0.000000
1743.8563,2026-06-03T16:37:57.307704,-1.221616,0.000000
1744.3505,2026-06-03T16:37:57.801884,-1.221576,0.000000
1744.8218,2026-06-03T16:37:58.273180,-1.221888,0.000000
1745.3374,2026-06-03T16:37:58.788767,-1.222248,0.000000
1745.8244,2026-06-03T16:37:59.275775,-1.222760,0.000000
1746.3171,2026-06-03T16:37:59.768489,-1.222480,0.000000
1746.8197,2026-06-03T16:38:00.271095,-1.222288,0.000000
1747.2971,2026-06-03T16:38:00.748559,-1.222448,0.000000
1747.7578,2026-06-03T16:38:01.209224,-1.222808,0.000000
1748.2556,2026-06-03T16:38:01.707060,-1.224072,0.000000
1748.7571,2026-06-03T16:38:02.208529,-1.224568,0.000000
1749.2605,2026-06-03T16:38:02.711954,-1.225528,0.000000
1749.7602,2026-06-03T16:38:03.211580,-1.225728,0.000000
1750.2465,2026-06-03T16:38:03.697931,-1.225992,0.000000
1750.7531,2026-06-03T16:38:04.204517,-1.226824,0.000000
1751.2457,2026-06-03T16:38:04.697106,-1.227976,0.000000
1751.7386,2026-06-03T16:38:05.190023,-1.230216,0.000000
1752.2391,2026-06-03T16:38:05.690481,-1.231632,0.000000
1752.7362,2026-06-03T16:38:06.187656,-1.232784,0.000000
1753.2395,2026-06-03T16:38:06.690909,-1.233864,0.000000
1753.7005,2026-06-03T16:38:07.151905,-1.233920,0.000000
1754.1962,2026-06-03T16:38:07.647669,-1.233816,0.000000
1754.6708,2026-06-03T16:38:08.122198,-1.235128,0.000000
1755.1735,2026-06-03T16:38:08.624952,-1.235768,0.000000
1755.6714,2026-06-03T16:38:09.122810,-1.236464,0.000000
1756.1734,2026-06-03T16:38:09.624871,-1.237224,0.000000
1756.7018,2026-06-03T16:38:10.153260,-1.237512,0.000000
1757.2057,2026-06-03T16:38:10.657113,-1.238048,0.000000
1757.6746,2026-06-03T16:38:11.125996,-1.238944,0.000000
1758.1652,2026-06-03T16:38:11.616617,-1.239544,0.000000
1758.6695,2026-06-03T16:38:12.120955,-1.239616,0.000000
1759.1753,2026-06-03T16:38:12.626689,-1.239312,0.000000
1759.6732,2026-06-03T16:38:13.124657,-1.239120,0.000000
1760.1652,2026-06-03T16:38:13.616600,-1.239256,0.000000
1760.6777,2026-06-03T16:38:14.129120,-1.240200,0.000000
1761.1889,2026-06-03T16:38:14.640330,-1.241672,0.000000
1761.6788,2026-06-03T16:38:15.130210,-1.242536,0.000000
1762.1809,2026-06-03T16:38:15.632296,-1.243992,0.000000
1762.6811,2026-06-03T16:38:16.132551,-1.246056,0.000000
1763.1766,2026-06-03T16:38:16.628015,-1.246784,0.000000
1763.6833,2026-06-03T16:38:17.134721,-1.248640,0.000000
1764.1841,2026-06-03T16:38:17.635515,-1.249752,0.000000
1764.6854,2026-06-03T16:38:18.136786,-1.250048,0.000000
1765.1764,2026-06-03T16:38:18.627819,-1.251760,0.000000
1765.6711,2026-06-03T16:38:19.122513,-1.252048,0.000000
1766.1664,2026-06-03T16:38:19.617812,-1.252496,0.000000
1766.6651,2026-06-03T16:38:20.116497,-1.253184,0.000000
1767.1645,2026-06-03T16:38:20.615955,-1.253496,0.000000
1767.6808,2026-06-03T16:38:21.132182,-1.254896,0.000000
1768.1765,2026-06-03T16:38:21.627873,-1.255800,0.000000
1768.6765,2026-06-03T16:38:22.127971,-1.256488,0.000000
1769.1443,2026-06-03T16:38:22.595751,-1.256960,0.000000
1769.6524,2026-06-03T16:38:23.103843,-1.256936,0.000000
1770.1175,2026-06-03T16:38:23.568953,-1.257384,0.000000
1770.6003,2026-06-03T16:38:24.051711,-1.257712,0.000000
1771.0972,2026-06-03T16:38:24.548614,-1.257784,0.000000
1771.5722,2026-06-03T16:38:25.023600,-1.258104,0.000000
1772.0534,2026-06-03T16:38:25.504809,-1.258352,0.000000
1772.5436,2026-06-03T16:38:25.995004,-1.258544,0.000000
1773.0413,2026-06-03T16:38:26.492722,-1.258896,0.000000
1773.5239,2026-06-03T16:38:26.975312,-1.259016,0.000000
1774.0167,2026-06-03T16:38:27.468137,-1.259072,0.000000
1774.5037,2026-06-03T16:38:27.955135,-1.259168,0.000000
1775.0000,2026-06-03T16:38:28.451456,-1.259152,0.000000
1775.4775,2026-06-03T16:38:28.928935,-1.259144,0.000000
1775.9720,2026-06-03T16:38:29.423416,-1.259184,0.000000
1776.4754,2026-06-03T16:38:29.926847,-1.259320,0.000000
1776.9704,2026-06-03T16:38:30.421784,-1.259392,0.000000
1777.4650,2026-06-03T16:38:30.916384,-1.259472,0.000000
1777.9704,2026-06-03T16:38:31.421851,-1.259576,0.000000
1778.4671,2026-06-03T16:38:31.918488,-1.259536,0.000000
1778.9515,2026-06-03T16:38:32.402900,-1.259552,0.000000
1779.4407,2026-06-03T16:38:32.892115,-1.259560,0.000000
1779.9300,2026-06-03T16:38:33.381376,-1.259600,0.000000
1780.4266,2026-06-03T16:38:33.878068,-1.259672,0.000000
1780.9334,2026-06-03T16:38:34.384803,-1.259688,0.000000
1781.4606,2026-06-03T16:38:34.912022,-1.259792,0.000000
1781.9371,2026-06-03T16:38:35.388564,-1.259800,0.000000
1782.4333,2026-06-03T16:38:35.884744,-1.259968,0.000000
1782.9304,2026-06-03T16:38:36.381837,-1.260064,0.000000
1783.4307,2026-06-03T16:38:36.882095,-1.260112,0.000000
1783.9289,2026-06-03T16:38:37.380364,-1.260208,0.000000
1784.4213,2026-06-03T16:38:37.872677,-1.260208,0.000000
1784.9451,2026-06-03T16:38:38.396544,-1.260352,0.000000
1785.4552,2026-06-03T16:38:38.906642,-1.260704,0.000000
1785.9482,2026-06-03T16:38:39.399639,-1.261192,0.000000
1786.4500,2026-06-03T16:38:39.901389,-1.261400,0.000000
1786.9510,2026-06-03T16:38:40.402385,-1.261416,0.000000
1787.4442,2026-06-03T16:38:40.895631,-1.261392,0.000000
1787.9545,2026-06-03T16:38:41.405902,-1.261184,0.000000
1788.4556,2026-06-03T16:38:41.906972,-1.261224,0.000000
1788.9488,2026-06-03T16:38:42.400248,-1.261976,0.000000
1789.4426,2026-06-03T16:38:42.894046,-1.262176,0.000000
1789.9302,2026-06-03T16:38:43.381603,-1.262912,0.000000
1790.4252,2026-06-03T16:38:43.876639,-1.263336,0.000000
1790.9215,2026-06-03T16:38:44.372867,-1.263368,0.000000
1791.3780,2026-06-03T16:38:44.829453,-1.264352,0.000000
1791.8765,2026-06-03T16:38:45.327873,-1.265000,0.000000
1792.3767,2026-06-03T16:38:45.828100,-1.265536,0.000000
1792.8755,2026-06-03T16:38:46.326876,-1.266848,0.000000
1793.3733,2026-06-03T16:38:46.824685,-1.268640,0.000000
1793.8694,2026-06-03T16:38:47.320793,-1.270592,0.000000
1794.3733,2026-06-03T16:38:47.824670,-1.272488,0.000000
1794.8520,2026-06-03T16:38:48.303404,-1.274432,0.000000
1795.3562,2026-06-03T16:38:48.807595,-1.275552,0.000000
1795.8360,2026-06-03T16:38:49.287420,-1.276600,0.000000
1796.3262,2026-06-03T16:38:49.777579,-1.277360,0.000000
1796.8255,2026-06-03T16:38:50.276936,-1.277064,0.000000
1797.3008,2026-06-03T16:38:50.752231,-1.277232,0.000000
1797.7691,2026-06-03T16:38:51.220514,-1.277400,0.000000
1798.2742,2026-06-03T16:38:51.725581,-1.277952,0.000000
1798.7672,2026-06-03T16:38:52.218659,-1.278912,0.000000
1799.2642,2026-06-03T16:38:52.715614,-1.279400,0.000000
1799.7311,2026-06-03T16:38:53.182546,-1.279984,0.000000
1800.2345,2026-06-03T16:38:53.685885,-1.280384,0.000000
1800.7329,2026-06-03T16:38:54.184367,-1.281120,0.000000
1801.2289,2026-06-03T16:38:54.680340,-1.281544,0.000000
1801.7271,2026-06-03T16:38:55.178536,-1.282064,0.000000
1802.2571,2026-06-03T16:38:55.708515,-1.283056,0.000000
1802.7333,2026-06-03T16:38:56.184761,-1.283976,0.000000
1803.2453,2026-06-03T16:38:56.696669,-1.284704,0.000000
1803.7347,2026-06-03T16:38:57.186081,-1.284960,0.000000
1804.2278,2026-06-03T16:38:57.679212,-1.285040,0.000000
1804.6944,2026-06-03T16:38:58.145828,-1.285160,0.000000
1805.1919,2026-06-03T16:38:58.643280,-1.285880,0.000000
1805.6732,2026-06-03T16:38:59.124600,-1.287024,0.000000
1806.1674,2026-06-03T16:38:59.618856,-1.288256,0.000000
1806.6673,2026-06-03T16:39:00.118719,-1.288856,0.000000
1807.1527,2026-06-03T16:39:00.604143,-1.289256,0.000000
1807.6172,2026-06-03T16:39:01.068573,-1.290360,0.000000
1808.1176,2026-06-03T16:39:01.569037,-1.291128,0.000000
1808.6015,2026-06-03T16:39:02.052945,-1.291968,0.000000
1809.1006,2026-06-03T16:39:02.552041,-1.293432,0.000000
1809.6038,2026-06-03T16:39:03.055216,-1.294168,0.000000
1810.0936,2026-06-03T16:39:03.544967,-1.295080,0.000000
1810.6062,2026-06-03T16:39:04.057618,-1.295680,0.000000
1811.0966,2026-06-03T16:39:04.547986,-1.296368,0.000000
1811.5858,2026-06-03T16:39:05.037229,-1.296936,0.000000
1812.0571,2026-06-03T16:39:05.508500,-1.297088,0.000000
1812.5578,2026-06-03T16:39:06.009209,-1.297376,0.000000
1813.0429,2026-06-03T16:39:06.494272,-1.297240,0.000000
1813.5246,2026-06-03T16:39:06.975974,-1.297256,0.000000
1814.0315,2026-06-03T16:39:07.482891,-1.297368,0.000000
1814.5287,2026-06-03T16:39:07.980074,-1.297656,0.000000
1815.0335,2026-06-03T16:39:08.484935,-1.298216,0.000000
1815.5452,2026-06-03T16:39:08.996661,-1.298392,0.000000
1816.0355,2026-06-03T16:39:09.486894,-1.298816,0.000000
1816.5281,2026-06-03T16:39:09.979475,-1.299136,0.000000
1817.0294,2026-06-03T16:39:10.480830,-1.299184,0.000000
1817.5258,2026-06-03T16:39:10.977178,-1.299192,0.000000
1818.0136,2026-06-03T16:39:11.465008,-1.299096,0.000000
1818.4815,2026-06-03T16:39:11.932944,-1.299128,0.000000
1818.9738,2026-06-03T16:39:12.425231,-1.299320,0.000000
1819.4655,2026-06-03T16:39:12.916949,-1.299440,0.000000
1819.9657,2026-06-03T16:39:13.417081,-1.299720,0.000000
1820.4459,2026-06-03T16:39:13.897296,-1.299992,0.000000
1820.9270,2026-06-03T16:39:14.378406,-1.300088,0.000000
1821.4230,2026-06-03T16:39:14.874455,-1.300360,0.000000
1821.9076,2026-06-03T16:39:15.359067,-1.300496,0.000000
1822.3990,2026-06-03T16:39:15.850448,-1.300480,0.000000
1822.8942,2026-06-03T16:39:16.345660,-1.300768,0.000000
1823.4002,2026-06-03T16:39:16.851640,-1.301416,0.000000
1823.9082,2026-06-03T16:39:17.359620,-1.302040,0.000000
1824.4084,2026-06-03T16:39:17.859835,-1.303704,0.000000
1824.9032,2026-06-03T16:39:18.354629,-1.304768,0.000000
1825.4093,2026-06-03T16:39:18.860747,-1.305864,0.000000
1825.8839,2026-06-03T16:39:19.335340,-1.306792,0.000000
1826.3869,2026-06-03T16:39:19.838307,-1.307328,0.000000
1826.8922,2026-06-03T16:39:20.343579,-1.307672,0.000000
1827.4164,2026-06-03T16:39:20.867835,-1.308320,0.000000
1827.9078,2026-06-03T16:39:21.359187,-1.309112,0.000000
1828.4084,2026-06-03T16:39:21.859782,-1.309464,0.000000
1828.8974,2026-06-03T16:39:22.348792,-1.310912,0.000000
1829.3975,2026-06-03T16:39:22.848931,-1.311696,0.000000
1829.8785,2026-06-03T16:39:23.329915,-1.312232,0.000000
1830.3704,2026-06-03T16:39:23.821880,-1.313432,0.000000
1830.8695,2026-06-03T16:39:24.320915,-1.313968,0.000000
1831.3955,2026-06-03T16:39:24.846888,-1.315056,0.000000
1831.9095,2026-06-03T16:39:25.360965,-1.316296,0.000000
1832.4084,2026-06-03T16:39:25.859803,-1.317064,0.000000
1832.9087,2026-06-03T16:39:26.360166,-1.317824,0.000000
1833.4080,2026-06-03T16:39:26.859421,-1.318176,0.000000
1833.9245,2026-06-03T16:39:27.375932,-1.318808,0.000000
1834.4325,2026-06-03T16:39:27.883888,-1.319208,0.000000
1834.9265,2026-06-03T16:39:28.377897,-1.319376,0.000000
1835.4235,2026-06-03T16:39:28.874937,-1.319488,0.000000
1835.9147,2026-06-03T16:39:29.366072,-1.319576,0.000000
1836.4253,2026-06-03T16:39:29.876684,-1.319688,0.000000
1836.8762,2026-06-03T16:39:30.327567,-1.319880,0.000000
1837.3544,2026-06-03T16:39:30.805838,-1.319944,0.000000
1837.8286,2026-06-03T16:39:31.279981,-1.320096,0.000000
1838.3260,2026-06-03T16:39:31.777449,-1.320256,0.000000
1838.7904,2026-06-03T16:39:32.241788,-1.320224,0.000000
1839.2831,2026-06-03T16:39:32.734502,-1.320624,0.000000
1839.7657,2026-06-03T16:39:33.217135,-1.320952,0.000000
1840.2613,2026-06-03T16:39:33.712744,-1.321576,0.000000
1840.7612,2026-06-03T16:39:34.212575,-1.322504,0.000000
1841.2602,2026-06-03T16:39:34.711640,-1.323072,0.000000
1841.7515,2026-06-03T16:39:35.202894,-1.323768,0.000000
1842.2457,2026-06-03T16:39:35.697150,-1.324120,0.000000
1842.7298,2026-06-03T16:39:36.181192,-1.325312,0.000000
1843.2130,2026-06-03T16:39:36.664370,-1.326784,0.000000
1843.7133,2026-06-03T16:39:37.164741,-1.328336,0.000000
1844.1874,2026-06-03T16:39:37.638817,-1.329408,0.000000
1844.6973,2026-06-03T16:39:38.148745,-1.330512,0.000000
1845.1889,2026-06-03T16:39:38.640293,-1.331640,0.000000
1845.6562,2026-06-03T16:39:39.107645,-1.333240,0.000000
1846.1302,2026-06-03T16:39:39.581616,-1.334848,0.000000
1846.6144,2026-06-03T16:39:40.065793,-1.335864,0.000000
1847.1135,2026-06-03T16:39:40.564900,-1.337368,0.000000
1847.6111,2026-06-03T16:39:41.062491,-1.337776,0.000000
1848.1084,2026-06-03T16:39:41.559857,-1.338344,0.000000
1848.5648,2026-06-03T16:39:42.016247,-1.338864,0.000000
1849.0651,2026-06-03T16:39:42.516524,-1.338952,0.000000
1849.5358,2026-06-03T16:39:42.987225,-1.338960,0.000000
1850.0280,2026-06-03T16:39:43.479404,-1.339016,0.000000
1850.5279,2026-06-03T16:39:43.979360,-1.339064,0.000000
1851.0094,2026-06-03T16:39:44.460830,-1.339352,0.000000
1851.4735,2026-06-03T16:39:44.924955,-1.339696,0.000000
1851.9813,2026-06-03T16:39:45.432764,-1.339872,0.000000
1852.4728,2026-06-03T16:39:45.924171,-1.339992,0.000000
1852.9726,2026-06-03T16:39:46.424054,-1.340176,0.000000
1853.4538,2026-06-03T16:39:46.905251,-1.340160,0.000000
1853.9542,2026-06-03T16:39:47.405602,-1.340320,0.000000
1854.4774,2026-06-03T16:39:47.928841,-1.340784,0.000000
1854.9521,2026-06-03T16:39:48.403520,-1.341176,0.000000
1855.4437,2026-06-03T16:39:48.895092,-1.342096,0.000000
1855.9415,2026-06-03T16:39:49.392898,-1.343984,0.000000
1856.4374,2026-06-03T16:39:49.888815,-1.345808,0.000000
1856.9360,2026-06-03T16:39:50.387392,-1.347880,0.000000
1857.4313,2026-06-03T16:39:50.882746,-1.349304,0.000000
1857.9568,2026-06-03T16:39:51.408229,-1.349952,0.000000
1858.4629,2026-06-03T16:39:51.914312,-1.350136,0.000000
1858.9648,2026-06-03T16:39:52.416171,-1.350304,0.000000
1859.4646,2026-06-03T16:39:52.916058,-1.351064,0.000000
1859.9676,2026-06-03T16:39:53.419034,-1.352304,0.000000
1860.4603,2026-06-03T16:39:53.911705,-1.354088,0.000000
1860.9497,2026-06-03T16:39:54.401070,-1.356000,0.000000
1861.4756,2026-06-03T16:39:54.927008,-1.357272,0.000000
1861.9413,2026-06-03T16:39:55.392677,-1.357984,0.000000
1862.4328,2026-06-03T16:39:55.884200,-1.358344,0.000000
1862.9416,2026-06-03T16:39:56.392993,-1.358096,0.000000
1863.4416,2026-06-03T16:39:56.893028,-1.358304,0.000000
1863.9075,2026-06-03T16:39:57.358900,-1.358448,0.000000
1864.4124,2026-06-03T16:39:57.863795,-1.359096,0.000000
1864.8815,2026-06-03T16:39:58.332941,-1.359800,0.000000
1865.3412,2026-06-03T16:39:58.792590,-1.360568,0.000000
1865.8362,2026-06-03T16:39:59.287661,-1.361712,0.000000
1866.3412,2026-06-03T16:39:59.792645,-1.363384,0.000000
1866.8331,2026-06-03T16:40:00.284524,-1.364440,0.000000
1867.3365,2026-06-03T16:40:00.787953,-1.366608,0.000000
1867.8256,2026-06-03T16:40:01.276974,-1.368120,0.000000
1868.3214,2026-06-03T16:40:01.772856,-1.368496,0.000000
1868.8157,2026-06-03T16:40:02.267159,-1.370608,0.000000
1869.3122,2026-06-03T16:40:02.763622,-1.371560,0.000000
1869.8164,2026-06-03T16:40:03.267855,-1.372856,0.000000
1870.2961,2026-06-03T16:40:03.747491,-1.374624,0.000000
1870.7898,2026-06-03T16:40:04.241221,-1.375000,0.000000
1871.2989,2026-06-03T16:40:04.750344,-1.375152,0.000000
1871.7913,2026-06-03T16:40:05.242721,-1.375504,0.000000
1872.2577,2026-06-03T16:40:05.709134,-1.375776,0.000000
1872.7518,2026-06-03T16:40:06.203259,-1.376432,0.000000
1873.2458,2026-06-03T16:40:06.697256,-1.377320,0.000000
1873.7506,2026-06-03T16:40:07.201995,-1.377920,0.000000
1874.2707,2026-06-03T16:40:07.722061,-1.378232,0.000000
1874.7822,2026-06-03T16:40:08.233656,-1.378440,0.000000
1875.2806,2026-06-03T16:40:08.732003,-1.378688,0.000000
1875.7744,2026-06-03T16:40:09.225867,-1.379048,0.000000
1876.2727,2026-06-03T16:40:09.724103,-1.379472,0.000000
1876.7773,2026-06-03T16:40:10.228714,-1.379672,0.000000
1877.2769,2026-06-03T16:40:10.728330,-1.379816,0.000000
1877.7806,2026-06-03T16:40:11.231981,-1.379824,0.000000
1878.2750,2026-06-03T16:40:11.726388,-1.379880,0.000000
1878.7799,2026-06-03T16:40:12.231358,-1.379944,0.000000
1879.2512,2026-06-03T16:40:12.702582,-1.379944,0.000000
1879.7197,2026-06-03T16:40:13.171138,-1.380176,0.000000
1880.2050,2026-06-03T16:40:13.656383,-1.380520,0.000000
1880.6977,2026-06-03T16:40:14.149107,-1.380816,0.000000
1881.1630,2026-06-03T16:40:14.614396,-1.381576,0.000000
1881.6692,2026-06-03T16:40:15.120625,-1.382344,0.000000
1882.1715,2026-06-03T16:40:15.622913,-1.383344,0.000000
1882.6486,2026-06-03T16:40:16.100037,-1.384424,0.000000
1883.1415,2026-06-03T16:40:16.592942,-1.384976,0.000000
1883.6346,2026-06-03T16:40:17.086010,-1.385440,0.000000
1884.1273,2026-06-03T16:40:17.578673,-1.386288,0.000000
1884.6610,2026-06-03T16:40:18.112398,-1.387448,0.000000
1885.1578,2026-06-03T16:40:18.609212,-1.388272,0.000000
1885.6493,2026-06-03T16:40:19.100722,-1.389168,0.000000
1886.1474,2026-06-03T16:40:19.598814,-1.390184,0.000000
1886.6477,2026-06-03T16:40:20.099159,-1.391144,0.000000
1887.1525,2026-06-03T16:40:20.603951,-1.393144,0.000000
1887.6259,2026-06-03T16:40:21.077289,-1.394712,0.000000
1888.1236,2026-06-03T16:40:21.575041,-1.395896,0.000000
1888.6122,2026-06-03T16:40:22.063668,-1.397384,0.000000
1889.0670,2026-06-03T16:40:22.518451,-1.398304,0.000000
1889.5624,2026-06-03T16:40:23.013765,-1.399200,0.000000
1890.0641,2026-06-03T16:40:23.515499,-1.399672,0.000000
1890.5453,2026-06-03T16:40:23.996723,-1.399896,0.000000
1891.0472,2026-06-03T16:40:24.498606,-1.400296,0.000000
1891.5616,2026-06-03T16:40:25.013026,-1.400432,0.000000
1892.0723,2026-06-03T16:40:25.523697,-1.400936,0.000000
1892.5578,2026-06-03T16:40:26.009179,-1.402096,0.000000
1893.0380,2026-06-03T16:40:26.489404,-1.403128,0.000000
1893.5287,2026-06-03T16:40:26.980134,-1.404208,0.000000
1894.0054,2026-06-03T16:40:27.456809,-1.405160,0.000000
1894.4979,2026-06-03T16:40:27.949311,-1.405592,0.000000
1895.0017,2026-06-03T16:40:28.453168,-1.405816,0.000000
1895.4954,2026-06-03T16:40:28.946833,-1.407112,0.000000
1895.9976,2026-06-03T16:40:29.448964,-1.409104,0.000000
1896.5239,2026-06-03T16:40:29.975354,-1.411288,0.000000
1897.0286,2026-06-03T16:40:30.479996,-1.413216,0.000000
1897.5299,2026-06-03T16:40:30.981341,-1.414320,0.000000
1898.0285,2026-06-03T16:40:31.479965,-1.414664,0.000000
1898.5219,2026-06-03T16:40:31.973318,-1.415224,0.000000
1899.0196,2026-06-03T16:40:32.471032,-1.416200,0.000000
1899.5535,2026-06-03T16:40:33.004912,-1.417000,0.000000
1900.0418,2026-06-03T16:40:33.493225,-1.417880,0.000000
1900.5377,2026-06-03T16:40:33.989124,-1.418472,0.000000
1901.0375,2026-06-03T16:40:34.488905,-1.419032,0.000000
1901.5359,2026-06-03T16:40:34.987341,-1.419320,0.000000
1902.0316,2026-06-03T16:40:35.483003,-1.419480,0.000000
1902.5658,2026-06-03T16:40:36.017189,-1.419528,0.000000
1903.0462,2026-06-03T16:40:36.497622,-1.419600,0.000000
1903.5532,2026-06-03T16:40:37.004606,-1.419664,0.000000
1904.0059,2026-06-03T16:40:37.457354,-1.419752,0.000000
1904.4872,2026-06-03T16:40:37.938654,-1.419800,0.000000
1904.9523,2026-06-03T16:40:38.403725,-1.419872,0.000000
1905.4254,2026-06-03T16:40:38.876784,-1.419960,0.000000
1905.9205,2026-06-03T16:40:39.371953,-1.419992,0.000000
1906.4196,2026-06-03T16:40:39.871023,-1.420128,0.000000
1906.8880,2026-06-03T16:40:40.339441,-1.420208,0.000000
1907.3886,2026-06-03T16:40:40.840058,-1.420400,0.000000
1907.8528,2026-06-03T16:40:41.304168,-1.420632,0.000000
1908.3199,2026-06-03T16:40:41.771280,-1.420888,0.000000
1908.8557,2026-06-03T16:40:42.307128,-1.421160,0.000000
1909.3448,2026-06-03T16:40:42.796187,-1.421520,0.000000
1909.8114,2026-06-03T16:40:43.262840,-1.421936,0.000000
1910.2874,2026-06-03T16:40:43.738838,-1.423224,0.000000
1910.7789,2026-06-03T16:40:44.230316,-1.424424,0.000000
1911.2772,2026-06-03T16:40:44.728606,-1.425936,0.000000
1911.7660,2026-06-03T16:40:45.217424,-1.427328,0.000000
1912.2566,2026-06-03T16:40:45.707975,-1.428384,0.000000
1912.7600,2026-06-03T16:40:46.211396,-1.429504,0.000000
1913.2383,2026-06-03T16:40:46.689688,-1.429624,0.000000
1913.7416,2026-06-03T16:40:47.193049,-1.431416,0.000000
1914.2286,2026-06-03T16:40:47.679977,-1.432720,0.000000
1914.7314,2026-06-03T16:40:48.182778,-1.434392,0.000000
1915.1954,2026-06-03T16:40:48.646861,-1.436624,0.000000
1915.6948,2026-06-03T16:40:49.146212,-1.437560,0.000000
1916.1964,2026-06-03T16:40:49.647807,-1.438256,0.000000
1916.6705,2026-06-03T16:40:50.121963,-1.438928,0.000000
1917.1574,2026-06-03T16:40:50.608782,-1.439680,0.000000
1917.6621,2026-06-03T16:40:51.113559,-1.440720,0.000000
1918.1433,2026-06-03T16:40:51.594721,-1.442488,0.000000
1918.6556,2026-06-03T16:40:52.107000,-1.443616,0.000000
1919.1071,2026-06-03T16:40:52.558571,-1.445480,0.000000
1919.6075,2026-06-03T16:40:53.058931,-1.446688,0.000000
1920.0914,2026-06-03T16:40:53.542852,-1.447400,0.000000
1920.5933,2026-06-03T16:40:54.044741,-1.448288,0.000000
1921.0894,2026-06-03T16:40:54.540819,-1.448984,0.000000
1921.5639,2026-06-03T16:40:55.015268,-1.450200,0.000000
1922.0737,2026-06-03T16:40:55.525077,-1.452168,0.000000
1922.5700,2026-06-03T16:40:56.021372,-1.454176,0.000000
1923.0990,2026-06-03T16:40:56.550398,-1.455912,0.000000
1923.6073,2026-06-03T16:40:57.058744,-1.457352,0.000000
1924.1046,2026-06-03T16:40:57.555971,-1.457952,0.000000
1924.5756,2026-06-03T16:40:58.027039,-1.458568,0.000000
1925.0808,2026-06-03T16:40:58.532249,-1.459032,0.000000
1925.5757,2026-06-03T16:40:59.027176,-1.459296,0.000000
1926.1041,2026-06-03T16:40:59.555543,-1.459432,0.000000
1926.6173,2026-06-03T16:41:00.068674,-1.459696,0.000000
1927.1208,2026-06-03T16:41:00.572198,-1.459824,0.000000
1927.6182,2026-06-03T16:41:01.069650,-1.459968,0.000000
1928.1230,2026-06-03T16:41:01.574387,-1.460120,0.000000
1928.5986,2026-06-03T16:41:02.049995,-1.460224,0.000000
1929.0947,2026-06-03T16:41:02.546165,-1.460496,0.000000
1929.6121,2026-06-03T16:41:03.063513,-1.460688,0.000000
1930.1211,2026-06-03T16:41:03.572515,-1.461096,0.000000
1930.6151,2026-06-03T16:41:04.066523,-1.461392,0.000000
1931.0901,2026-06-03T16:41:04.541531,-1.462056,0.000000
1931.5888,2026-06-03T16:41:05.040173,-1.462648,0.000000
1932.0906,2026-06-03T16:41:05.542064,-1.464216,0.000000
1932.5835,2026-06-03T16:41:06.034879,-1.466440,0.000000
1933.0983,2026-06-03T16:41:06.549695,-1.468184,0.000000
1933.5988,2026-06-03T16:41:07.050200,-1.468872,0.000000
1934.0901,2026-06-03T16:41:07.541571,-1.468632,0.000000
1934.5897,2026-06-03T16:41:08.041148,-1.469544,0.000000
1935.0852,2026-06-03T16:41:08.536666,-1.470416,0.000000
1935.5862,2026-06-03T16:41:09.037618,-1.472792,0.000000
1936.0421,2026-06-03T16:41:09.493477,-1.475256,0.000000
1936.5478,2026-06-03T16:41:09.999186,-1.476360,0.000000
1937.0447,2026-06-03T16:41:10.496109,-1.477688,0.000000
1937.5447,2026-06-03T16:41:10.996134,-1.478672,0.000000
1938.0480,2026-06-03T16:41:11.499407,-1.479256,0.000000
1938.5566,2026-06-03T16:41:12.008046,-1.479544,0.000000
1939.0494,2026-06-03T16:41:12.500831,-1.479608,0.000000
1939.5447,2026-06-03T16:41:12.996161,-1.479744,0.000000
1940.0369,2026-06-03T16:41:13.488304,-1.479888,0.000000
1940.5363,2026-06-03T16:41:13.987724,-1.480208,0.000000
1941.0276,2026-06-03T16:41:14.479008,-1.480344,0.000000
1941.5198,2026-06-03T16:41:14.971265,-1.480376,0.000000
1942.0243,2026-06-03T16:41:15.475739,-1.480936,0.000000
1942.5266,2026-06-03T16:41:15.978024,-1.481544,0.000000
1943.0196,2026-06-03T16:41:16.471022,-1.482784,0.000000
1943.4905,2026-06-03T16:41:16.941876,-1.483752,0.000000
1943.9863,2026-06-03T16:41:17.437702,-1.485544,0.000000
1944.4862,2026-06-03T16:41:17.937574,-1.487872,0.000000
1944.9735,2026-06-03T16:41:18.424959,-1.489368,0.000000
1945.4762,2026-06-03T16:41:18.927608,-1.491312,0.000000
1945.9778,2026-06-03T16:41:19.429169,-1.492720,0.000000
1946.4780,2026-06-03T16:41:19.929460,-1.493816,0.000000
1946.9470,2026-06-03T16:41:20.398435,-1.495504,0.000000
1947.4348,2026-06-03T16:41:20.886181,-1.496760,0.000000
1947.9185,2026-06-03T16:41:21.369902,-1.497584,0.000000
1948.4140,2026-06-03T16:41:21.865427,-1.498008,0.000000
1948.9027,2026-06-03T16:41:22.354171,-1.498304,0.000000
1949.4008,2026-06-03T16:41:22.852189,-1.498584,0.000000
1949.9018,2026-06-03T16:41:23.353201,-1.499016,0.000000
1950.4323,2026-06-03T16:41:23.883750,-1.499416,0.000000
1950.9452,2026-06-03T16:41:24.396620,-1.500008,0.000000
1951.4472,2026-06-03T16:41:24.898665,-1.500600,0.000000
1951.9210,2026-06-03T16:41:25.372373,-1.500936,0.000000
1952.4134,2026-06-03T16:41:25.864813,-1.501104,0.000000
1952.9096,2026-06-03T16:41:26.361023,-1.501288,0.000000
1953.4099,2026-06-03T16:41:26.861331,-1.501488,0.000000
1953.9212,2026-06-03T16:41:27.372605,-1.501904,0.000000
1954.4142,2026-06-03T16:41:27.865620,-1.502776,0.000000
1954.8797,2026-06-03T16:41:28.331104,-1.504240,0.000000
1955.3753,2026-06-03T16:41:28.826694,-1.505984,0.000000
1955.8608,2026-06-03T16:41:29.312249,-1.508128,0.000000
1956.3452,2026-06-03T16:41:29.796583,-1.509584,0.000000
1956.8487,2026-06-03T16:41:30.300109,-1.511200,0.000000
1957.3536,2026-06-03T16:41:30.804965,-1.513424,0.000000
1957.8189,2026-06-03T16:41:31.270327,-1.515032,0.000000
1958.3231,2026-06-03T16:41:31.774495,-1.517320,0.000000
1958.8205,2026-06-03T16:41:32.271915,-1.518976,0.000000
1959.3109,2026-06-03T16:41:32.762309,-1.519584,0.000000
1959.8048,2026-06-03T16:41:33.256172,-1.520896,0.000000
1960.2820,2026-06-03T16:41:33.733390,-1.521976,0.000000
1960.7802,2026-06-03T16:41:34.231602,-1.522944,0.000000
1961.2770,2026-06-03T16:41:34.728449,-1.523920,0.000000
1961.7935,2026-06-03T16:41:35.244931,-1.524256,0.000000
1962.3080,2026-06-03T16:41:35.759451,-1.526032,0.000000
1962.7976,2026-06-03T16:41:36.249000,-1.528224,0.000000
1963.2986,2026-06-03T16:41:36.750052,-1.530424,0.000000
1963.8020,2026-06-03T16:41:37.253460,-1.532792,0.000000
1964.3003,2026-06-03T16:41:37.751760,-1.534016,0.000000
1964.8000,2026-06-03T16:41:38.251450,-1.535104,0.000000
1965.2984,2026-06-03T16:41:38.749785,-1.536264,0.000000
1965.7982,2026-06-03T16:41:39.249654,-1.537320,0.000000
1966.2851,2026-06-03T16:41:39.736517,-1.537960,0.000000
1966.7867,2026-06-03T16:41:40.238084,-1.538392,0.000000
1967.2865,2026-06-03T16:41:40.737918,-1.538816,0.000000
1967.7940,2026-06-03T16:41:41.245427,-1.539112,0.000000
1968.2975,2026-06-03T16:41:41.748908,-1.539360,0.000000
1968.7899,2026-06-03T16:41:42.241331,-1.539488,0.000000
1969.2816,2026-06-03T16:41:42.732977,-1.539528,0.000000
1969.7715,2026-06-03T16:41:43.222870,-1.539640,0.000000
1970.2235,2026-06-03T16:41:43.674957,-1.539848,0.000000
1970.7192,2026-06-03T16:41:44.170576,-1.539936,0.000000
1971.2180,2026-06-03T16:41:44.669388,-1.540152,0.000000
1971.7218,2026-06-03T16:41:45.173225,-1.540328,0.000000
1972.2142,2026-06-03T16:41:45.665577,-1.540584,0.000000
1972.7068,2026-06-03T16:41:46.158205,-1.541024,0.000000
1973.2317,2026-06-03T16:41:46.683089,-1.541768,0.000000
1973.7389,2026-06-03T16:41:47.190314,-1.542344,0.000000
1974.2066,2026-06-03T16:41:47.658017,-1.543416,0.000000
1974.7080,2026-06-03T16:41:48.159386,-1.544672,0.000000
1975.1847,2026-06-03T16:41:48.636103,-1.546016,0.000000
1975.6523,2026-06-03T16:41:49.103728,-1.548328,0.000000
1976.1051,2026-06-03T16:41:49.556497,-1.551040,0.000000
1976.5751,2026-06-03T16:41:50.026515,-1.552944,0.000000
1977.0432,2026-06-03T16:41:50.494650,-1.555456,0.000000
1977.5238,2026-06-03T16:41:50.975168,-1.557168,0.000000
1978.0007,2026-06-03T16:41:51.452142,-1.558616,0.000000
1978.4549,2026-06-03T16:41:51.906301,-1.559304,0.000000
1978.9175,2026-06-03T16:41:52.368942,-1.559616,0.000000
1979.3837,2026-06-03T16:41:52.835168,-1.559792,0.000000
1979.8534,2026-06-03T16:41:53.304798,-1.560168,0.000000
1980.3227,2026-06-03T16:41:53.774093,-1.561176,0.000000
1980.7952,2026-06-03T16:41:54.246604,-1.563232,0.000000
1981.2598,2026-06-03T16:41:54.711225,-1.565320,0.000000
1981.7172,2026-06-03T16:41:55.168618,-1.566528,0.000000
1982.1797,2026-06-03T16:41:55.631081,-1.568840,0.000000
1982.6414,2026-06-03T16:41:56.092789,-1.570184,0.000000
1983.0956,2026-06-03T16:41:56.547003,-1.571496,0.000000
1983.5678,2026-06-03T16:41:57.019177,-1.574088,0.000000
1984.0449,2026-06-03T16:41:57.496339,-1.575800,0.000000
1984.5448,2026-06-03T16:41:57.996198,-1.577112,0.000000
1985.0110,2026-06-03T16:41:58.462407,-1.577848,0.000000
1985.4611,2026-06-03T16:41:58.912546,-1.578264,0.000000
1985.9511,2026-06-03T16:41:59.402503,-1.578640,0.000000
1986.4300,2026-06-03T16:41:59.881414,-1.578864,0.000000
1986.9147,2026-06-03T16:42:00.366097,-1.579008,0.000000
1987.4122,2026-06-03T16:42:00.863607,-1.579096,0.000000
1987.9066,2026-06-03T16:42:01.358063,-1.579368,0.000000
1988.4357,2026-06-03T16:42:01.887077,-1.579504,0.000000
1988.9128,2026-06-03T16:42:02.364257,-1.579552,0.000000
1989.4298,2026-06-03T16:42:02.881224,-1.579712,0.000000
1989.9150,2026-06-03T16:42:03.366468,-1.579784,0.000000
1990.3983,2026-06-03T16:42:03.849680,-1.579952,0.000000
1990.8860,2026-06-03T16:42:04.337389,-1.580104,0.000000
1991.3636,2026-06-03T16:42:04.814970,-1.580240,0.000000
1991.8606,2026-06-03T16:42:05.311997,-1.580544,0.000000
1992.3190,2026-06-03T16:42:05.770390,-1.580760,0.000000
1992.7933,2026-06-03T16:42:06.244754,-1.581744,0.000000
1993.2965,2026-06-03T16:42:06.747950,-1.583088,0.000000
1993.7949,2026-06-03T16:42:07.246296,-1.584328,0.000000
1994.2848,2026-06-03T16:42:07.736247,-1.587104,0.000000
1994.7854,2026-06-03T16:42:08.236817,-1.589728,0.000000
1995.2685,2026-06-03T16:42:08.719875,-1.591848,0.000000
1995.7663,2026-06-03T16:42:09.217721,-1.594200,0.000000
1996.2435,2026-06-03T16:42:09.694930,-1.595544,0.000000
1996.7103,2026-06-03T16:42:10.161720,-1.596456,0.000000
1997.2021,2026-06-03T16:42:10.653567,-1.597240,0.000000
1997.7380,2026-06-03T16:42:11.189408,-1.598112,0.000000
1998.2224,2026-06-03T16:42:11.673808,-1.599288,0.000000
1998.7224,2026-06-03T16:42:12.173864,-1.600224,0.000000
1999.2122,2026-06-03T16:42:12.663587,-1.601904,0.000000
1999.6951,2026-06-03T16:42:13.146477,-1.603768,0.000000
2000.1964,2026-06-03T16:42:13.647772,-1.605688,0.000000
2000.7000,2026-06-03T16:42:14.151455,-1.607688,0.000000
2001.2018,2026-06-03T16:42:14.653272,-1.609488,0.000000
2001.7005,2026-06-03T16:42:15.151933,-1.611680,0.000000
2002.1684,2026-06-03T16:42:15.619839,-1.613328,0.000000
2002.6593,2026-06-03T16:42:16.110705,-1.614424,0.000000
2003.1499,2026-06-03T16:42:16.601343,-1.615752,0.000000
2003.6500,2026-06-03T16:42:17.101412,-1.616496,0.000000
2004.1402,2026-06-03T16:42:17.591632,-1.617104,0.000000
2004.6006,2026-06-03T16:42:18.052004,-1.618192,0.000000
2005.0916,2026-06-03T16:42:18.542979,-1.618696,0.000000
2005.5889,2026-06-03T16:42:19.040358,-1.619136,0.000000
2006.0920,2026-06-03T16:42:19.543407,-1.619448,0.000000
2006.5874,2026-06-03T16:42:20.038818,-1.619608,0.000000
2007.1091,2026-06-03T16:42:20.560495,-1.619720,0.000000
2007.6020,2026-06-03T16:42:21.053415,-1.619696,0.000000
2008.1038,2026-06-03T16:42:21.555238,-1.619664,0.000000
2008.5925,2026-06-03T16:42:22.043914,-1.619680,0.000000
2009.0852,2026-06-03T16:42:22.536563,-1.619704,0.000000
2009.5506,2026-06-03T16:42:23.002013,-1.619776,0.000000
2010.0417,2026-06-03T16:42:23.493106,-1.619856,0.000000
2010.5311,2026-06-03T16:42:23.982485,-1.619856,0.000000
2011.0105,2026-06-03T16:42:24.461914,-1.619992,0.000000
2011.4907,2026-06-03T16:42:24.942140,-1.620352,0.000000
2011.9650,2026-06-03T16:42:25.416450,-1.620784,0.000000
2012.4521,2026-06-03T16:42:25.903492,-1.621376,0.000000
2012.9519,2026-06-03T16:42:26.403366,-1.622056,0.000000
2013.4492,2026-06-03T16:42:26.900637,-1.623232,0.000000
2013.9501,2026-06-03T16:42:27.401529,-1.624624,0.000000
2014.4436,2026-06-03T16:42:27.895030,-1.627176,0.000000
2014.9439,2026-06-03T16:42:28.395359,-1.629792,0.000000
2015.4161,2026-06-03T16:42:28.867507,-1.631904,0.000000
2015.9424,2026-06-03T16:42:29.393837,-1.633632,0.000000
2016.4424,2026-06-03T16:42:29.893862,-1.635304,0.000000
2016.9334,2026-06-03T16:42:30.384850,-1.636824,0.000000
2017.4330,2026-06-03T16:42:30.884412,-1.638416,0.000000
2017.9298,2026-06-03T16:42:31.381243,-1.639960,0.000000
2018.4296,2026-06-03T16:42:31.881026,-1.642160,0.000000
2018.9249,2026-06-03T16:42:32.376271,-1.643904,0.000000
2019.4548,2026-06-03T16:42:32.906246,-1.646504,0.000000
2019.9574,2026-06-03T16:42:33.408786,-1.650296,0.000000
2020.4579,2026-06-03T16:42:33.909261,-1.652536,0.000000
2020.9537,2026-06-03T16:42:34.405161,-1.655408,0.000000
2021.4095,2026-06-03T16:42:34.860900,-1.656536,0.000000
2021.8991,2026-06-03T16:42:35.350544,-1.657144,0.000000
2022.4040,2026-06-03T16:42:35.855380,-1.657656,0.000000
2022.8978,2026-06-03T16:42:36.349230,-1.658016,0.000000
2023.4245,2026-06-03T16:42:36.875875,-1.658664,0.000000
2023.9205,2026-06-03T16:42:37.371931,-1.659040,0.000000
2024.4273,2026-06-03T16:42:37.878731,-1.659352,0.000000
2024.9100,2026-06-03T16:42:38.361385,-1.659528,0.000000
2025.4130,2026-06-03T16:42:38.864447,-1.659648,0.000000
2025.9039,2026-06-03T16:42:39.355288,-1.659760,0.000000
2026.4037,2026-06-03T16:42:39.855134,-1.659816,0.000000
2026.9185,2026-06-03T16:42:40.369904,-1.659920,0.000000
2027.4168,2026-06-03T16:42:40.868268,-1.659984,0.000000
2027.9015,2026-06-03T16:42:41.352870,-1.660032,0.000000
2028.3930,2026-06-03T16:42:41.844413,-1.660184,0.000000
2028.8771,2026-06-03T16:42:42.328484,-1.660800,0.000000
2029.3721,2026-06-03T16:42:42.823531,-1.661504,0.000000
2029.8593,2026-06-03T16:42:43.310758,-1.662392,0.000000
2030.3087,2026-06-03T16:42:43.760112,-1.663360,0.000000
2030.8090,2026-06-03T16:42:44.260432,-1.664008,0.000000
2031.3055,2026-06-03T16:42:44.756893,-1.665344,0.000000
2031.7969,2026-06-03T16:42:45.248283,-1.667096,0.000000
2032.2725,2026-06-03T16:42:45.723948,-1.668936,0.000000
2032.7723,2026-06-03T16:42:46.223740,-1.671864,0.000000
2033.2694,2026-06-03T16:42:46.720822,-1.673960,0.000000
2033.7422,2026-06-03T16:42:47.193566,-1.675656,0.000000
2034.2422,2026-06-03T16:42:47.693612,-1.677528,0.000000
2034.7215,2026-06-03T16:42:48.172876,-1.678424,0.000000
2035.2139,2026-06-03T16:42:48.665303,-1.679400,0.000000
2035.6890,2026-06-03T16:42:49.140386,-1.680344,0.000000
2036.1931,2026-06-03T16:42:49.644483,-1.681288,0.000000
2036.6914,2026-06-03T16:42:50.142850,-1.682768,0.000000
2037.2026,2026-06-03T16:42:50.654003,-1.684264,0.000000
2037.6928,2026-06-03T16:42:51.144228,-1.686656,0.000000
2038.1940,2026-06-03T16:42:51.645398,-1.689432,0.000000
2038.6966,2026-06-03T16:42:52.148022,-1.692400,0.000000
2039.1899,2026-06-03T16:42:52.641340,-1.695320,0.000000
2039.6826,2026-06-03T16:42:53.134030,-1.697584,0.000000
2040.1946,2026-06-03T16:42:53.646013,-1.698960,0.000000
2040.7018,2026-06-03T16:42:54.153243,-1.699152,0.000000
2041.2059,2026-06-03T16:42:54.657292,-1.699256,0.000000
2041.6844,2026-06-03T16:42:55.135865,-1.699368,0.000000
2042.2007,2026-06-03T16:42:55.652089,-1.699384,0.000000
2042.7021,2026-06-03T16:42:56.153519,-1.699464,0.000000
2043.2013,2026-06-03T16:42:56.652744,-1.699536,0.000000
2043.7102,2026-06-03T16:42:57.161631,-1.699600,0.000000
2044.2015,2026-06-03T16:42:57.652878,-1.699680,0.000000
2044.6972,2026-06-03T16:42:58.148582,-1.699736,0.000000
2045.1997,2026-06-03T16:42:58.651123,-1.699816,0.000000
2045.6863,2026-06-03T16:42:59.137680,-1.699920,0.000000
2046.1852,2026-06-03T16:42:59.636595,-1.700024,0.000000
2046.6760,2026-06-03T16:43:00.127399,-1.700392,0.000000
2047.1672,2026-06-03T16:43:00.618653,-1.700760,0.000000
2047.6958,2026-06-03T16:43:01.147252,-1.700976,0.000000
2048.2021,2026-06-03T16:43:01.653527,-1.701360,0.000000
2048.7013,2026-06-03T16:43:02.152718,-1.701976,0.000000
2049.2019,2026-06-03T16:43:02.653316,-1.702832,0.000000
2049.6926,2026-06-03T16:43:03.143962,-1.704240,0.000000
2050.1898,2026-06-03T16:43:03.641227,-1.706112,0.000000
2050.6646,2026-06-03T16:43:04.116020,-1.708072,0.000000
2051.1972,2026-06-03T16:43:04.648638,-1.709760,0.000000
2051.6976,2026-06-03T16:43:05.149046,-1.713120,0.000000
2052.1955,2026-06-03T16:43:05.646916,-1.716296,0.000000
2052.6818,2026-06-03T16:43:06.133210,-1.720264,0.000000
2053.1799,2026-06-03T16:43:06.631313,-1.723456,0.000000
2053.6804,2026-06-03T16:43:07.131831,-1.726320,0.000000
2054.1807,2026-06-03T16:43:07.632145,-1.728592,0.000000
2054.7056,2026-06-03T16:43:08.157017,-1.729632,0.000000
2055.1994,2026-06-03T16:43:08.650815,-1.731984,0.000000
2055.7004,2026-06-03T16:43:09.151793,-1.733824,0.000000
2056.2055,2026-06-03T16:43:09.656939,-1.735680,0.000000
2056.7140,2026-06-03T16:43:10.165442,-1.737616,0.000000
2057.2321,2026-06-03T16:43:10.683564,-1.738608,0.000000
2057.7382,2026-06-03T16:43:11.189593,-1.739144,0.000000
2058.1932,2026-06-03T16:43:11.644634,-1.739400,0.000000
2058.6883,2026-06-03T16:43:12.139694,-1.739560,0.000000
2059.1713,2026-06-03T16:43:12.622740,-1.739680,0.000000
2059.6503,2026-06-03T16:43:13.101745,-1.739784,0.000000
2060.1086,2026-06-03T16:43:13.560054,-1.739856,0.000000
2060.6054,2026-06-03T16:43:14.056807,-1.739904,0.000000
2061.1016,2026-06-03T16:43:14.552986,-1.740280,0.000000
2061.6023,2026-06-03T16:43:15.053765,-1.740616,0.000000
2062.0877,2026-06-03T16:43:15.539125,-1.741104,0.000000
2062.5831,2026-06-03T16:43:16.034532,-1.741896,0.000000
2063.0869,2026-06-03T16:43:16.538329,-1.742928,0.000000
2063.6147,2026-06-03T16:43:17.066148,-1.744024,0.000000
2064.1136,2026-06-03T16:43:17.565032,-1.745944,0.000000
2064.5787,2026-06-03T16:43:18.030131,-1.747096,0.000000
2065.0809,2026-06-03T16:43:18.532333,-1.748088,0.000000
2065.5291,2026-06-03T16:43:18.980530,-1.749400,0.000000
2066.0135,2026-06-03T16:43:19.464925,-1.750536,0.000000
2066.5156,2026-06-03T16:43:19.967047,-1.753064,0.000000
2067.0204,2026-06-03T16:43:20.471832,-1.755328,0.000000
2067.4852,2026-06-03T16:43:20.936638,-1.757504,0.000000
2067.9997,2026-06-03T16:43:21.451101,-1.758960,0.000000
2068.4948,2026-06-03T16:43:21.946224,-1.759440,0.000000
2068.9987,2026-06-03T16:43:22.450110,-1.759776,0.000000
2069.4822,2026-06-03T16:43:22.933589,-1.760144,0.000000
2069.9768,2026-06-03T16:43:23.428171,-1.761032,0.000000
2070.4763,2026-06-03T16:43:23.927728,-1.761944,0.000000
2070.9698,2026-06-03T16:43:24.421187,-1.764232,0.000000
2071.4767,2026-06-03T16:43:24.928105,-1.767024,0.000000
2071.9806,2026-06-03T16:43:25.431999,-1.769728,0.000000
2072.4785,2026-06-03T16:43:25.929915,-1.772912,0.000000
2072.9684,2026-06-03T16:43:26.419833,-1.775048,0.000000
2073.4623,2026-06-03T16:43:26.913688,-1.776376,0.000000
2073.9699,2026-06-03T16:43:27.421287,-1.777360,0.000000
2074.4322,2026-06-03T16:43:27.883633,-1.777912,0.000000
2074.9275,2026-06-03T16:43:28.378965,-1.778280,0.000000
2075.4360,2026-06-03T16:43:28.887417,-1.778608,0.000000
2075.9351,2026-06-03T16:43:29.386491,-1.779136,0.000000
2076.4371,2026-06-03T16:43:29.888525,-1.779432,0.000000
2076.9396,2026-06-03T16:43:30.390980,-1.779640,0.000000
2077.4406,2026-06-03T16:43:30.891989,-1.780152,0.000000
2077.9364,2026-06-03T16:43:31.387768,-1.780720,0.000000
2078.4423,2026-06-03T16:43:31.893682,-1.781536,0.000000
2078.9052,2026-06-03T16:43:32.356641,-1.782288,0.000000
2079.4252,2026-06-03T16:43:32.876638,-1.782848,0.000000
2079.8941,2026-06-03T16:43:33.345475,-1.783600,0.000000
2080.4083,2026-06-03T16:43:33.859724,-1.784416,0.000000
2080.8688,2026-06-03T16:43:34.320194,-1.785752,0.000000
2081.3638,2026-06-03T16:43:34.815254,-1.788208,0.000000
2081.8263,2026-06-03T16:43:35.277680,-1.790472,0.000000
2082.3326,2026-06-03T16:43:35.784022,-1.792800,0.000000
2082.7897,2026-06-03T16:43:36.241127,-1.795232,0.000000
2083.2866,2026-06-03T16:43:36.737990,-1.796520,0.000000
2083.7812,2026-06-03T16:43:37.232622,-1.798320,0.000000
2084.2775,2026-06-03T16:43:37.728957,-1.800064,0.000000
2084.7758,2026-06-03T16:43:38.227184,-1.801608,0.000000
2085.2741,2026-06-03T16:43:38.725551,-1.803312,0.000000
2085.7754,2026-06-03T16:43:39.226858,-1.805504,0.000000
2086.2636,2026-06-03T16:43:39.715023,-1.808456,0.000000
2086.7394,2026-06-03T16:43:40.190832,-1.810248,0.000000
2087.2162,2026-06-03T16:43:40.667649,-1.812376,0.000000
2087.7093,2026-06-03T16:43:41.160760,-1.814048,0.000000
2088.2090,2026-06-03T16:43:41.660454,-1.814752,0.000000
2088.7037,2026-06-03T16:43:42.155100,-1.816360,0.000000
2089.1991,2026-06-03T16:43:42.650493,-1.817192,0.000000
2089.7054,2026-06-03T16:43:43.156815,-1.817768,0.000000
2090.2059,2026-06-03T16:43:43.657281,-1.818592,0.000000
2090.7086,2026-06-03T16:43:44.159980,-1.818968,0.000000
2091.2070,2026-06-03T16:43:44.658401,-1.819232,0.000000
2091.6857,2026-06-03T16:43:45.137077,-1.819416,0.000000
2092.1488,2026-06-03T16:43:45.600215,-1.819616,0.000000
2092.6476,2026-06-03T16:43:46.098994,-1.819864,0.000000
2093.1438,2026-06-03T16:43:46.595221,-1.820184,0.000000
2093.6680,2026-06-03T16:43:47.119375,-1.820552,0.000000
2094.1509,2026-06-03T16:43:47.602367,-1.820912,0.000000
2094.6587,2026-06-03T16:43:48.110140,-1.821368,0.000000
2095.1528,2026-06-03T16:43:48.604183,-1.822880,0.000000
2095.6476,2026-06-03T16:43:49.098990,-1.824776,0.000000
2096.1303,2026-06-03T16:43:49.581674,-1.826976,0.000000
2096.6377,2026-06-03T16:43:50.089153,-1.830088,0.000000
2097.1141,2026-06-03T16:43:50.565504,-1.833160,0.000000
2097.6103,2026-06-03T16:43:51.061742,-1.835592,0.000000
2098.0914,2026-06-03T16:43:51.542816,-1.837552,0.000000
2098.6000,2026-06-03T16:43:52.051378,-1.838632,0.000000
2099.0923,2026-06-03T16:43:52.543705,-1.838912,0.000000
2099.5914,2026-06-03T16:43:53.042774,-1.839088,0.000000
2100.0696,2026-06-03T16:43:53.521017,-1.839416,0.000000
2100.5628,2026-06-03T16:43:54.014214,-1.839888,0.000000
2101.0644,2026-06-03T16:43:54.515795,-1.840224,0.000000
2101.5670,2026-06-03T16:43:55.018462,-1.840672,0.000000
2102.0279,2026-06-03T16:43:55.479348,-1.841424,0.000000
2102.5101,2026-06-03T16:43:55.961467,-1.842624,0.000000
2103.0097,2026-06-03T16:43:56.461145,-1.844424,0.000000
2103.4986,2026-06-03T16:43:56.950010,-1.847776,0.000000
2103.9944,2026-06-03T16:43:57.445817,-1.850616,0.000000
2104.4895,2026-06-03T16:43:57.940926,-1.853456,0.000000
2104.9894,2026-06-03T16:43:58.440832,-1.854664,0.000000
2105.4916,2026-06-03T16:43:58.943013,-1.855536,0.000000
2106.0071,2026-06-03T16:43:59.458551,-1.856848,0.000000
2106.4997,2026-06-03T16:43:59.951100,-1.857624,0.000000
2106.9966,2026-06-03T16:44:00.447988,-1.858888,0.000000
2107.4946,2026-06-03T16:44:00.946006,-1.859648,0.000000
2107.9985,2026-06-03T16:44:01.449925,-1.859848,0.000000
2108.4906,2026-06-03T16:44:01.941968,-1.860408,0.000000
2108.9892,2026-06-03T16:44:02.440655,-1.861056,0.000000
2109.4850,2026-06-03T16:44:02.936407,-1.861720,0.000000
2110.0178,2026-06-03T16:44:03.469255,-1.862624,0.000000
2110.5123,2026-06-03T16:44:03.963736,-1.863640,0.000000
2111.0097,2026-06-03T16:44:04.461144,-1.865264,0.000000
2111.5074,2026-06-03T16:44:04.958847,-1.867584,0.000000
2112.0153,2026-06-03T16:44:05.466709,-1.870552,0.000000
2112.4876,2026-06-03T16:44:05.939003,-1.873168,0.000000
2112.9877,2026-06-03T16:44:06.439102,-1.875104,0.000000
2113.4872,2026-06-03T16:44:06.938632,-1.876368,0.000000
2114.0147,2026-06-03T16:44:07.466111,-1.876696,0.000000
2114.5034,2026-06-03T16:44:07.954800,-1.877512,0.000000
2114.9605,2026-06-03T16:44:08.411888,-1.878376,0.000000
2115.4563,2026-06-03T16:44:08.907748,-1.879512,0.000000
2115.9295,2026-06-03T16:44:09.380954,-1.881568,0.000000
2116.4326,2026-06-03T16:44:09.883960,-1.883072,0.000000
2116.9274,2026-06-03T16:44:10.378795,-1.884456,0.000000
2117.4143,2026-06-03T16:44:10.865698,-1.885864,0.000000
2117.9142,2026-06-03T16:44:11.365666,-1.886688,0.000000
2118.4134,2026-06-03T16:44:11.864791,-1.887488,0.000000
2118.9115,2026-06-03T16:44:12.362875,-1.890184,0.000000
2119.4072,2026-06-03T16:44:12.858581,-1.892232,0.000000
2119.9036,2026-06-03T16:44:13.354997,-1.894488,0.000000
2120.4073,2026-06-03T16:44:13.858672,-1.896808,0.000000
2120.8936,2026-06-03T16:44:14.344977,-1.897448,0.000000
2121.3850,2026-06-03T16:44:14.836453,-1.897960,0.000000
2121.8830,2026-06-03T16:44:15.334467,-1.898544,0.000000
2122.3832,2026-06-03T16:44:15.834610,-1.898944,0.000000
2122.8487,2026-06-03T16:44:16.300140,-1.899112,0.000000
2123.3545,2026-06-03T16:44:16.805952,-1.899528,0.000000
2123.8499,2026-06-03T16:44:17.301298,-1.899744,0.000000
2124.3544,2026-06-03T16:44:17.805789,-1.900032,0.000000
2124.8470,2026-06-03T16:44:18.298460,-1.900408,0.000000
2125.3638,2026-06-03T16:44:18.815175,-1.900608,0.000000
2125.8638,2026-06-03T16:44:19.315200,-1.900824,0.000000
2126.3619,2026-06-03T16:44:19.813284,-1.901184,0.000000
2126.8617,2026-06-03T16:44:20.313150,-1.901584,0.000000
2127.3594,2026-06-03T16:44:20.810835,-1.902144,0.000000
2127.8575,2026-06-03T16:44:21.308879,-1.902832,0.000000
2128.3537,2026-06-03T16:44:21.805125,-1.904408,0.000000
2128.8159,2026-06-03T16:44:22.267301,-1.905648,0.000000
2129.3065,2026-06-03T16:44:22.757905,-1.907256,0.000000
2129.8051,2026-06-03T16:44:23.256513,-1.909072,0.000000
2130.3049,2026-06-03T16:44:23.756336,-1.910512,0.000000
2130.7802,2026-06-03T16:44:24.231648,-1.913104,0.000000
2131.2802,2026-06-03T16:44:24.731654,-1.915008,0.000000
2131.7798,2026-06-03T16:44:25.231219,-1.917184,0.000000
2132.2786,2026-06-03T16:44:25.729986,-1.918664,0.000000
2132.7873,2026-06-03T16:44:26.238695,-1.919488,0.000000
2133.3095,2026-06-03T16:44:26.760950,-1.920752,0.000000
2133.8192,2026-06-03T16:44:27.270605,-1.921816,0.000000
2134.3097,2026-06-03T16:44:27.761084,-1.922336,0.000000
2134.8092,2026-06-03T16:44:28.260631,-1.923128,0.000000
2135.3077,2026-06-03T16:44:28.759133,-1.923840,0.000000
2135.8109,2026-06-03T16:44:29.262358,-1.924792,0.000000
2136.3027,2026-06-03T16:44:29.754115,-1.927040,0.000000
2136.8094,2026-06-03T16:44:30.260820,-1.929408,0.000000
2137.2997,2026-06-03T16:44:30.751100,-1.931912,0.000000
2137.7802,2026-06-03T16:44:31.231644,-1.934096,0.000000
2138.2915,2026-06-03T16:44:31.742928,-1.935544,0.000000
2138.7809,2026-06-03T16:44:32.232365,-1.936280,0.000000
2139.2866,2026-06-03T16:44:32.738039,-1.937056,0.000000
2139.7772,2026-06-03T16:44:33.228643,-1.937760,0.000000
2140.2669,2026-06-03T16:44:33.718301,-1.938208,0.000000
2140.7885,2026-06-03T16:44:34.239942,-1.938872,0.000000
2141.2912,2026-06-03T16:44:34.742644,-1.939160,0.000000
2141.7730,2026-06-03T16:44:35.224368,-1.939432,0.000000
2142.2743,2026-06-03T16:44:35.725706,-1.939512,0.000000
2142.7585,2026-06-03T16:44:36.209877,-1.939616,0.000000
2143.2627,2026-06-03T16:44:36.714131,-1.939656,0.000000
2143.7567,2026-06-03T16:44:37.208158,-1.939712,0.000000
2144.2848,2026-06-03T16:44:37.736259,-1.939800,0.000000
2144.8035,2026-06-03T16:44:38.254963,-1.939936,0.000000
2145.3009,2026-06-03T16:44:38.752332,-1.940072,0.000000
2145.7918,2026-06-03T16:44:39.243229,-1.940184,0.000000
2146.2989,2026-06-03T16:44:39.750300,-1.940256,0.000000
2146.7884,2026-06-03T16:44:40.239837,-1.940464,0.000000
2147.3133,2026-06-03T16:44:40.764685,-1.940704,0.000000
2147.8091,2026-06-03T16:44:41.260502,-1.940960,0.000000
2148.2962,2026-06-03T16:44:41.747639,-1.941832,0.000000
2148.7913,2026-06-03T16:44:42.242707,-1.943328,0.000000
2149.2951,2026-06-03T16:44:42.746517,-1.944608,0.000000
2149.7988,2026-06-03T16:44:43.250218,-1.947136,0.000000
2150.2885,2026-06-03T16:44:43.739909,-1.949896,0.000000
2150.7814,2026-06-03T16:44:44.232840,-1.951816,0.000000
2151.2918,2026-06-03T16:44:44.743209,-1.953872,0.000000
2151.7836,2026-06-03T16:44:45.235053,-1.954600,0.000000
2152.2666,2026-06-03T16:44:45.718036,-1.955368,0.000000
2152.7660,2026-06-03T16:44:46.217424,-1.956424,0.000000
2153.2346,2026-06-03T16:44:46.685974,-1.957728,0.000000
2153.7222,2026-06-03T16:44:47.173571,-1.959080,0.000000
2154.1791,2026-06-03T16:44:47.630564,-1.959808,0.000000
2154.6612,2026-06-03T16:44:48.112576,-1.960072,0.000000
2155.1591,2026-06-03T16:44:48.610559,-1.960344,0.000000
2155.6565,2026-06-03T16:44:49.107917,-1.960704,0.000000
2156.1550,2026-06-03T16:44:49.606404,-1.961232,0.000000
2156.6559,2026-06-03T16:44:50.107275,-1.961312,0.000000
2157.1824,2026-06-03T16:44:50.633787,-1.962312,0.000000
2157.6718,2026-06-03T16:44:51.123205,-1.964600,0.000000
2158.1706,2026-06-03T16:44:51.621975,-1.966088,0.000000
2158.6743,2026-06-03T16:44:52.125754,-1.967880,0.000000
2159.1688,2026-06-03T16:44:52.620210,-1.969688,0.000000
2159.6424,2026-06-03T16:44:53.093834,-1.971208,0.000000
2160.1373,2026-06-03T16:44:53.588679,-1.973024,0.000000
2160.6380,2026-06-03T16:44:54.089386,-1.975472,0.000000
2161.1158,2026-06-03T16:44:54.567198,-1.977040,0.000000
2161.6158,2026-06-03T16:44:55.067224,-1.977544,0.000000
2162.0898,2026-06-03T16:44:55.541245,-1.978224,0.000000
2162.5887,2026-06-03T16:44:56.040134,-1.978624,0.000000
2163.0723,2026-06-03T16:44:56.523755,-1.978904,0.000000
2163.5760,2026-06-03T16:44:57.027378,-1.979232,0.000000
2164.0757,2026-06-03T16:44:57.527112,-1.979584,0.000000
2164.5592,2026-06-03T16:44:58.010652,-1.979696,0.000000
2165.0523,2026-06-03T16:44:58.503713,-1.979808,0.000000
2165.5521,2026-06-03T16:44:59.003503,-1.980016,0.000000
2166.0298,2026-06-03T16:44:59.481210,-1.980064,0.000000
2166.5213,2026-06-03T16:44:59.972664,-1.980192,0.000000
2167.0251,2026-06-03T16:45:00.476471,-1.980352,0.000000
2167.5251,2026-06-03T16:45:00.976562,-1.980584,0.000000
2168.0278,2026-06-03T16:45:01.479245,-1.980920,0.000000
2168.5427,2026-06-03T16:45:01.994118,-1.981136,0.000000
2169.0408,2026-06-03T16:45:02.492188,-1.981520,0.000000
2169.5415,2026-06-03T16:45:02.992921,-1.981800,0.000000
2170.0435,2026-06-03T16:45:03.494870,-1.982368,0.000000
2170.5153,2026-06-03T16:45:03.966721,-1.983424,0.000000
2171.0153,2026-06-03T16:45:04.466751,-1.984896,0.000000
2171.4757,2026-06-03T16:45:04.927096,-1.987056,0.000000
2171.9787,2026-06-03T16:45:05.430104,-1.989192,0.000000
2172.5038,2026-06-03T16:45:05.955268,-1.991240,0.000000
2173.0135,2026-06-03T16:45:06.464896,-1.992440,0.000000
2173.5196,2026-06-03T16:45:06.971041,-1.993360,0.000000
2174.0086,2026-06-03T16:45:07.460003,-1.993840,0.000000
2174.5035,2026-06-03T16:45:07.954969,-1.993272,0.000000
2175.0030,2026-06-03T16:45:08.454413,-1.993872,0.000000
2175.5288,2026-06-03T16:45:08.980249,-1.994904,0.000000
2176.0248,2026-06-03T16:45:09.476175,-1.996080,0.000000
2176.5283,2026-06-03T16:45:09.979727,-1.997832,0.000000
2177.0044,2026-06-03T16:45:10.455853,-1.998856,0.000000
2177.5073,2026-06-03T16:45:10.958750,-1.999024,0.000000
2177.9959,2026-06-03T16:45:11.447356,-1.999104,0.000000
2178.4893,2026-06-03T16:45:11.940746,-1.999512,0.000000
2178.9807,2026-06-03T16:45:12.432120,-1.999776,0.000000
2179.5074,2026-06-03T16:45:12.958771,-2.000064,0.000000
2180.0045,2026-06-03T16:45:13.455960,-2.000176,0.000000
2180.5150,2026-06-03T16:45:13.966400,-2.000224,0.000000
2181.0108,2026-06-03T16:45:14.462169,-2.000312,0.000000
2181.5129,2026-06-03T16:45:14.964330,-2.000664,0.000000
2182.0084,2026-06-03T16:45:15.459813,-2.001000,0.000000
2182.5116,2026-06-03T16:45:15.963020,-2.001704,0.000000
2183.0051,2026-06-03T16:45:16.456471,-2.002952,0.000000
2183.5087,2026-06-03T16:45:16.960148,-2.004064,0.000000
2184.0001,2026-06-03T16:45:17.451474,-2.006152,0.000000
2184.5038,2026-06-03T16:45:17.955241,-2.007648,0.000000
2184.9949,2026-06-03T16:45:18.446284,-2.007896,0.000000
2185.4976,2026-06-03T16:45:18.948973,-2.009128,0.000000
2185.9763,2026-06-03T16:45:19.427733,-2.009448,0.000000
2186.4899,2026-06-03T16:45:19.941308,-2.010240,0.000000
2186.9890,2026-06-03T16:45:20.440427,-2.011600,0.000000
2187.4863,2026-06-03T16:45:20.937671,-2.012352,0.000000
2187.9919,2026-06-03T16:45:21.443350,-2.013688,0.000000
2188.4940,2026-06-03T16:45:21.945437,-2.014672,0.000000
2189.0005,2026-06-03T16:45:22.451945,-2.015704,0.000000
2189.4989,2026-06-03T16:45:22.950306,-2.016536,0.000000
2189.9943,2026-06-03T16:45:23.445707,-2.016896,0.000000
2190.4774,2026-06-03T16:45:23.928778,-2.017544,0.000000
2190.9901,2026-06-03T16:45:24.441525,-2.018112,0.000000
2191.4675,2026-06-03T16:45:24.918906,-2.018824,0.000000
2191.9598,2026-06-03T16:45:25.411201,-2.019280,0.000000
2192.4503,2026-06-03T16:45:25.901690,-2.019528,0.000000
2192.9475,2026-06-03T16:45:26.398920,-2.019664,0.000000
2193.4383,2026-06-03T16:45:26.889676,-2.019616,0.000000
2193.9298,2026-06-03T16:45:27.381198,-2.019656,0.000000
2194.4471,2026-06-03T16:45:27.898536,-2.019712,0.000000
2194.9397,2026-06-03T16:45:28.391076,-2.019760,0.000000
2195.4472,2026-06-03T16:45:28.898585,-2.019848,0.000000
2195.9477,2026-06-03T16:45:29.399099,-2.019872,0.000000
2196.4455,2026-06-03T16:45:29.896932,-2.020016,0.000000
2196.9461,2026-06-03T16:45:30.397505,-2.020128,0.000000
2197.4742,2026-06-03T16:45:30.925639,-2.020280,0.000000
2197.9741,2026-06-03T16:45:31.425535,-2.020448,0.000000
2198.4485,2026-06-03T16:45:31.899931,-2.020520,0.000000
2198.9374,2026-06-03T16:45:32.388860,-2.020600,0.000000
2199.4043,2026-06-03T16:45:32.855731,-2.020704,0.000000
2199.9032,2026-06-03T16:45:33.354603,-2.020832,0.000000
2200.3862,2026-06-03T16:45:33.837622,-2.020912,0.000000
2200.8840,2026-06-03T16:45:34.335440,-2.020976,0.000000
2201.3909,2026-06-03T16:45:34.842339,-2.021200,0.000000
2201.8422,2026-06-03T16:45:35.293572,-2.021328,0.000000
2202.3006,2026-06-03T16:45:35.751969,-2.021760,0.000000
2202.7996,2026-06-03T16:45:36.250993,-2.022128,0.000000
2203.2943,2026-06-03T16:45:36.745704,-2.022112,0.000000
2203.7888,2026-06-03T16:45:37.240250,-2.022328,0.000000
2204.2637,2026-06-03T16:45:37.715161,-2.022768,0.000000
2204.7535,2026-06-03T16:45:38.204957,-2.023304,0.000000
2205.2542,2026-06-03T16:45:38.705598,-2.024616,0.000000
2205.7490,2026-06-03T16:45:39.200444,-2.025888,0.000000
2206.2071,2026-06-03T16:45:39.658515,-2.027416,0.000000
2206.7074,2026-06-03T16:45:40.158858,-2.027456,0.000000
2207.2027,2026-06-03T16:45:40.654105,-2.027024,0.000000
2207.7315,2026-06-03T16:45:41.182925,-2.026376,0.000000
2208.2125,2026-06-03T16:45:41.663937,-2.025256,0.000000
2208.7193,2026-06-03T16:45:42.170753,-2.025752,0.000000
2209.2164,2026-06-03T16:45:42.667795,-2.027128,0.000000
2209.7214,2026-06-03T16:45:43.172796,-2.027816,0.000000
2210.2188,2026-06-03T16:45:43.670215,-2.028536,0.000000
2210.7025,2026-06-03T16:45:44.153943,-2.029272,0.000000
2211.2206,2026-06-03T16:45:44.672066,-2.030352,0.000000
2211.7229,2026-06-03T16:45:45.174354,-2.031704,0.000000
2212.2176,2026-06-03T16:45:45.669028,-2.033384,0.000000
2212.6811,2026-06-03T16:45:46.132467,-2.034000,0.000000
2213.1641,2026-06-03T16:45:46.615475,-2.034528,0.000000
2213.6619,2026-06-03T16:45:47.113349,-2.035384,0.000000
2214.1600,2026-06-03T16:45:47.611414,-2.036264,0.000000
2214.6628,2026-06-03T16:45:48.114199,-2.037304,0.000000
2215.1453,2026-06-03T16:45:48.596760,-2.037816,0.000000
2215.6474,2026-06-03T16:45:49.098862,-2.038128,0.000000
2216.1141,2026-06-03T16:45:49.565490,-2.038064,0.000000
2216.5870,2026-06-03T16:45:50.038409,-2.037992,0.000000
2217.0854,2026-06-03T16:45:50.536769,-2.038352,0.000000
2217.5782,2026-06-03T16:45:51.029617,-2.039280,0.000000
2218.0714,2026-06-03T16:45:51.522830,-2.040496,0.000000
2218.5683,2026-06-03T16:45:52.019721,-2.041776,0.000000
2219.0449,2026-06-03T16:45:52.496327,-2.043448,0.000000
2219.5284,2026-06-03T16:45:52.979780,-2.044616,0.000000
2220.0245,2026-06-03T16:45:53.475922,-2.045248,0.000000
2220.5623,2026-06-03T16:45:54.013693,-2.045752,0.000000
2221.0538,2026-06-03T16:45:54.505207,-2.045656,0.000000
2221.5550,2026-06-03T16:45:55.006451,-2.044496,0.000000
2222.0355,2026-06-03T16:45:55.486954,-2.044120,0.000000
2222.5321,2026-06-03T16:45:55.983488,-2.044488,0.000000
2223.0356,2026-06-03T16:45:56.487048,-2.045008,0.000000
2223.5286,2026-06-03T16:45:56.980029,-2.046480,0.000000
2224.0315,2026-06-03T16:45:57.482951,-2.048048,0.000000
2224.5376,2026-06-03T16:45:57.989049,-2.049440,0.000000
2225.0326,2026-06-03T16:45:58.483976,-2.050544,0.000000
2225.4930,2026-06-03T16:45:58.944459,-2.052240,0.000000
2225.9912,2026-06-03T16:45:59.442566,-2.053824,0.000000
2226.4945,2026-06-03T16:45:59.945892,-2.055152,0.000000
2226.9910,2026-06-03T16:46:00.442367,-2.056064,0.000000
2227.4911,2026-06-03T16:46:00.942518,-2.055848,0.000000
2227.9905,2026-06-03T16:46:01.441914,-2.055240,0.000000
2228.5165,2026-06-03T16:46:01.967928,-2.054104,0.000000
2229.0160,2026-06-03T16:46:02.467436,-2.053872,0.000000
2229.4995,2026-06-03T16:46:02.950925,-2.053944,0.000000
2230.0028,2026-06-03T16:46:03.454177,-2.054296,0.000000
2230.4985,2026-06-03T16:46:03.949943,-2.055144,0.000000
2230.9983,2026-06-03T16:46:04.449744,-2.055984,0.000000
2231.4936,2026-06-03T16:46:04.945043,-2.056824,0.000000
2232.0077,2026-06-03T16:46:05.459164,-2.057440,0.000000
2232.4718,2026-06-03T16:46:05.923227,-2.058224,0.000000
2232.9621,2026-06-03T16:46:06.413483,-2.058464,0.000000
2233.4499,2026-06-03T16:46:06.901270,-2.058672,0.000000
2233.9333,2026-06-03T16:46:07.384754,-2.058808,0.000000
2234.4336,2026-06-03T16:46:07.885037,-2.058792,0.000000
2234.9285,2026-06-03T16:46:08.379957,-2.058856,0.000000
2235.4354,2026-06-03T16:46:08.886836,-2.059008,0.000000
2235.9282,2026-06-03T16:46:09.379659,-2.059064,0.000000
2236.4315,2026-06-03T16:46:09.882917,-2.059048,0.000000
2236.9502,2026-06-03T16:46:10.401591,-2.059080,0.000000
2237.4468,2026-06-03T16:46:10.898253,-2.059088,0.000000
2237.9436,2026-06-03T16:46:11.395009,-2.059120,0.000000
2238.4471,2026-06-03T16:46:11.898537,-2.059064,0.000000
2238.9398,2026-06-03T16:46:12.391229,-2.059056,0.000000
2239.4326,2026-06-03T16:46:12.884051,-2.059168,0.000000
2239.9047,2026-06-03T16:46:13.356116,-2.059312,0.000000
2240.3796,2026-06-03T16:46:13.831026,-2.059504,0.000000
2240.8679,2026-06-03T16:46:14.319344,-2.059600,0.000000
2241.3516,2026-06-03T16:46:14.803021,-2.059624,0.000000
2241.8438,2026-06-03T16:46:15.295200,-2.059752,0.000000
2242.3268,2026-06-03T16:46:15.778245,-2.059832,0.000000
2242.8080,2026-06-03T16:46:16.259459,-2.059952,0.000000
2243.3124,2026-06-03T16:46:16.763855,-2.060096,0.000000
2243.8114,2026-06-03T16:46:17.262859,-2.060064,0.000000
2244.3078,2026-06-03T16:46:17.759248,-2.060064,0.000000
2244.8353,2026-06-03T16:46:18.286687,-2.060056,0.000000
2245.3319,2026-06-03T16:46:18.783319,-2.060032,0.000000
2245.8269,2026-06-03T16:46:19.278289,-2.060160,0.000000
2246.3227,2026-06-03T16:46:19.774134,-2.060304,0.000000
2246.8280,2026-06-03T16:46:20.279414,-2.060368,0.000000
2247.3235,2026-06-03T16:46:20.774968,-2.060400,0.000000
2247.8223,2026-06-03T16:46:21.273664,-2.060448,0.000000
2248.3244,2026-06-03T16:46:21.775833,-2.060336,0.000000
2248.8328,2026-06-03T16:46:22.284239,-2.060384,0.000000
2249.3052,2026-06-03T16:46:22.756651,-2.060568,0.000000
2249.8039,2026-06-03T16:46:23.255348,-2.060712,0.000000
2250.2698,2026-06-03T16:46:23.721228,-2.060864,0.000000
2250.7761,2026-06-03T16:46:24.227546,-2.060928,0.000000
2251.2642,2026-06-03T16:46:24.715597,-2.060880,0.000000
2251.7681,2026-06-03T16:46:25.219499,-2.060992,0.000000
2252.2757,2026-06-03T16:46:25.727158,-2.061400,0.000000
2252.7873,2026-06-03T16:46:26.238679,-2.061896,0.000000
2253.2776,2026-06-03T16:46:26.728995,-2.062176,0.000000
2253.7837,2026-06-03T16:46:27.235134,-2.062384,0.000000
2254.2784,2026-06-03T16:46:27.729800,-2.062232,0.000000
2254.7838,2026-06-03T16:46:28.235210,-2.062192,0.000000
2255.2792,2026-06-03T16:46:28.730597,-2.062384,0.000000
2255.7867,2026-06-03T16:46:29.238104,-2.062720,0.000000
2256.2865,2026-06-03T16:46:29.737875,-2.062976,0.000000
2256.7724,2026-06-03T16:46:30.223772,-2.063040,0.000000
2257.2662,2026-06-03T16:46:30.717609,-2.063336,0.000000
2257.7362,2026-06-03T16:46:31.187652,-2.063424,0.000000
2258.2030,2026-06-03T16:46:31.654438,-2.063528,0.000000
2258.6949,2026-06-03T16:46:32.146320,-2.064712,0.000000
2259.1995,2026-06-03T16:46:32.650876,-2.066456,0.000000
2259.6878,2026-06-03T16:46:33.139257,-2.068248,0.000000
2260.1471,2026-06-03T16:46:33.598489,-2.070072,0.000000
2260.6394,2026-06-03T16:46:34.090797,-2.070256,0.000000
2261.1115,2026-06-03T16:46:34.562889,-2.070736,0.000000
2261.5768,2026-06-03T16:46:35.028213,-2.071328,0.000000
2262.0517,2026-06-03T16:46:35.503114,-2.071520,0.000000
2262.5490,2026-06-03T16:46:36.000393,-2.072520,0.000000
2263.0076,2026-06-03T16:46:36.458970,-2.072744,0.000000
2263.5209,2026-06-03T16:46:36.972330,-2.073168,0.000000
2264.0034,2026-06-03T16:46:37.454786,-2.073288,0.000000
2264.4860,2026-06-03T16:46:37.937398,-2.072928,0.000000
2264.9741,2026-06-03T16:46:38.425489,-2.072608,0.000000
2265.4728,2026-06-03T16:46:38.924225,-2.072176,0.000000
2265.9768,2026-06-03T16:46:39.428248,-2.072792,0.000000
2266.4756,2026-06-03T16:46:39.926990,-2.074016,0.000000
2266.9804,2026-06-03T16:46:40.431804,-2.075528,0.000000
2267.4644,2026-06-03T16:46:40.915776,-2.076248,0.000000
2267.9660,2026-06-03T16:46:41.417465,-2.077040,0.000000
2268.4682,2026-06-03T16:46:41.919630,-2.077392,0.000000
2268.9574,2026-06-03T16:46:42.408842,-2.077576,0.000000
2269.4085,2026-06-03T16:46:42.859882,-2.078096,0.000000
2269.9028,2026-06-03T16:46:43.354194,-2.077944,0.000000
2270.3999,2026-06-03T16:46:43.851325,-2.078248,0.000000
2270.8896,2026-06-03T16:46:44.341005,-2.078152,0.000000
2271.3800,2026-06-03T16:46:44.831429,-2.078048,0.000000
2271.8778,2026-06-03T16:46:45.329260,-2.078296,0.000000
2272.3817,2026-06-03T16:46:45.833110,-2.078224,0.000000
2272.9157,2026-06-03T16:46:46.367129,-2.078584,0.000000
2273.4075,2026-06-03T16:46:46.858934,-2.078704,0.000000
2273.9010,2026-06-03T16:46:47.352425,-2.078568,0.000000
2274.4113,2026-06-03T16:46:47.862731,-2.078400,0.000000
2274.9070,2026-06-03T16:46:48.358404,-2.078464,0.000000
2275.3877,2026-06-03T16:46:48.839089,-2.078512,0.000000
2275.8822,2026-06-03T16:46:49.333599,-2.078624,0.000000
2276.3836,2026-06-03T16:46:49.835061,-2.078952,0.000000
2276.8696,2026-06-03T16:46:50.320992,-2.079192,0.000000
2277.3681,2026-06-03T16:46:50.819536,-2.079288,0.000000
2277.8640,2026-06-03T16:46:51.315463,-2.079152,0.000000
2278.3638,2026-06-03T16:46:51.815187,-2.079160,0.000000
2278.8598,2026-06-03T16:46:52.311197,-2.079184,0.000000
2279.3591,2026-06-03T16:46:52.810514,-2.079104,0.000000
2279.8572,2026-06-03T16:46:53.308595,-2.079392,0.000000
2280.3638,2026-06-03T16:46:53.815204,-2.079440,0.000000
2280.8600,2026-06-03T16:46:54.311402,-2.079488,0.000000
2281.3599,2026-06-03T16:46:54.811302,-2.079720,0.000000
2281.8489,2026-06-03T16:46:55.300359,-2.080032,0.000000
2282.3406,2026-06-03T16:46:55.791999,-2.080392,0.000000
2282.8407,2026-06-03T16:46:56.292143,-2.080600,0.000000
2283.3136,2026-06-03T16:46:56.765038,-2.080696,0.000000
2283.8155,2026-06-03T16:46:57.266884,-2.080424,0.000000
2284.3020,2026-06-03T16:46:57.753373,-2.080352,0.000000
2284.8097,2026-06-03T16:46:58.261123,-2.080424,0.000000
2285.3025,2026-06-03T16:46:58.753947,-2.081048,0.000000
2285.8032,2026-06-03T16:46:59.254583,-2.081928,0.000000
2286.3036,2026-06-03T16:46:59.755057,-2.082464,0.000000
2286.7919,2026-06-03T16:47:00.243282,-2.082576,0.000000
2287.3050,2026-06-03T16:47:00.756408,-2.082392,0.000000
2287.8014,2026-06-03T16:47:01.252829,-2.082176,0.000000
2288.3030,2026-06-03T16:47:01.754392,-2.081984,0.000000
2288.7933,2026-06-03T16:47:02.244694,-2.082200,0.000000
2289.2878,2026-06-03T16:47:02.739261,-2.082200,0.000000
2289.7834,2026-06-03T16:47:03.234829,-2.081712,0.000000
2290.2821,2026-06-03T16:47:03.733486,-2.081528,0.000000
2290.8152,2026-06-03T16:47:04.266633,-2.081352,0.000000
2291.3161,2026-06-03T16:47:04.767553,-2.081632,0.000000
2291.8046,2026-06-03T16:47:05.255966,-2.082312,0.000000
2292.3104,2026-06-03T16:47:05.761809,-2.082760,0.000000
2292.7901,2026-06-03T16:47:06.241500,-2.083536,0.000000
2293.2852,2026-06-03T16:47:06.736582,-2.083328,0.000000
2293.7592,2026-06-03T16:47:07.210598,-2.083928,0.000000
2294.2573,2026-06-03T16:47:07.708669,-2.084248,0.000000
2294.7630,2026-06-03T16:47:08.214390,-2.084448,0.000000
2295.2823,2026-06-03T16:47:08.733761,-2.084720,0.000000
2295.7401,2026-06-03T16:47:09.191476,-2.084456,0.000000
2296.2320,2026-06-03T16:47:09.683405,-2.084344,0.000000
2296.7240,2026-06-03T16:47:10.175406,-2.083816,0.000000
2297.1961,2026-06-03T16:47:10.647515,-2.084056,0.000000
2297.6947,2026-06-03T16:47:11.146071,-2.083656,0.000000
2298.1843,2026-06-03T16:47:11.635699,-2.083744,0.000000
2298.6793,2026-06-03T16:47:12.130692,-2.083840,0.000000
2299.1819,2026-06-03T16:47:12.633305,-2.083936,0.000000
2299.6737,2026-06-03T16:47:13.125149,-2.084704,0.000000
2300.1755,2026-06-03T16:47:13.626946,-2.084520,0.000000
2300.6866,2026-06-03T16:47:14.138065,-2.084088,0.000000
2301.1917,2026-06-03T16:47:14.643082,-2.083392,0.000000
2301.6864,2026-06-03T16:47:15.137791,-2.082376,0.000000
2302.1776,2026-06-03T16:47:15.629021,-2.082256,0.000000
2302.6738,2026-06-03T16:47:16.125256,-2.083152,0.000000
2303.1780,2026-06-03T16:47:16.629392,-2.083784,0.000000
2303.6779,2026-06-03T16:47:17.129321,-2.084920,0.000000
2304.1784,2026-06-03T16:47:17.629766,-2.085344,0.000000
2304.6696,2026-06-03T16:47:18.121056,-2.084880,0.000000
2305.1673,2026-06-03T16:47:18.618747,-2.084136,0.000000
2305.6624,2026-06-03T16:47:19.113850,-2.082776,0.000000
2306.1721,2026-06-03T16:47:19.623464,-2.081728,0.000000
2306.6719,2026-06-03T16:47:20.123341,-2.081416,0.000000
2307.1511,2026-06-03T16:47:20.602474,-2.082008,0.000000
2307.6830,2026-06-03T16:47:21.134414,-2.082592,0.000000
2308.1796,2026-06-03T16:47:21.630984,-2.083440,0.000000
2308.6829,2026-06-03T16:47:22.134330,-2.083456,0.000000
2309.1812,2026-06-03T16:47:22.632623,-2.082568,0.000000
2309.6801,2026-06-03T16:47:23.131553,-2.082312,0.000000
2310.1836,2026-06-03T16:47:23.635025,-2.082240,0.000000
2310.7030,2026-06-03T16:47:24.154414,-2.082208,0.000000
2311.1927,2026-06-03T16:47:24.644083,-2.082400,0.000000
2311.6989,2026-06-03T16:47:25.150339,-2.083120,0.000000
2312.1839,2026-06-03T16:47:25.635325,-2.082912,0.000000
2312.6857,2026-06-03T16:47:26.137149,-2.083600,0.000000
2313.1766,2026-06-03T16:47:26.628020,-2.084480,0.000000
2313.6819,2026-06-03T16:47:27.133352,-2.084200,0.000000
2314.1846,2026-06-03T16:47:27.636046,-2.084584,0.000000
2314.6876,2026-06-03T16:47:28.139033,-2.084256,0.000000
2315.1808,2026-06-03T16:47:28.632229,-2.084184,0.000000
2315.6860,2026-06-03T16:47:29.137415,-2.084160,0.000000
2316.1801,2026-06-03T16:47:29.631526,-2.083968,0.000000
2316.6635,2026-06-03T16:47:30.114892,-2.084104,0.000000
2317.1297,2026-06-03T16:47:30.581083,-2.083600,0.000000
2317.6274,2026-06-03T16:47:31.078831,-2.083552,0.000000
2318.1111,2026-06-03T16:47:31.562486,-2.083480,0.000000
2318.6162,2026-06-03T16:47:32.067633,-2.082976,0.000000
2319.1108,2026-06-03T16:47:32.562209,-2.082968,0.000000
2319.6027,2026-06-03T16:47:33.054145,-2.083264,0.000000
2320.1011,2026-06-03T16:47:33.552536,-2.083744,0.000000
2320.6026,2026-06-03T16:47:34.053986,-2.084064,0.000000
2321.1005,2026-06-03T16:47:34.551923,-2.084464,0.000000
2321.5546,2026-06-03T16:47:35.006065,-2.085200,0.000000
2322.0717,2026-06-03T16:47:35.523103,-2.085008,0.000000
2322.5581,2026-06-03T16:47:36.009550,-2.085208,0.000000
2323.0587,2026-06-03T16:47:36.510101,-2.085072,0.000000
2323.5543,2026-06-03T16:47:37.005743,-2.084392,0.000000
2324.0578,2026-06-03T16:47:37.509191,-2.084240,0.000000
2324.5557,2026-06-03T16:47:38.007100,-2.084544,0.000000
2325.0547,2026-06-03T16:47:38.506119,-2.084944,0.000000
2325.5646,2026-06-03T16:47:39.015990,-2.085272,0.000000
2326.0640,2026-06-03T16:47:39.515393,-2.085880,0.000000
2326.5632,2026-06-03T16:47:40.014620,-2.085944,0.000000
2327.0597,2026-06-03T16:47:40.511077,-2.085568,0.000000
2327.5558,2026-06-03T16:47:41.007185,-2.084928,0.000000
2328.0568,2026-06-03T16:47:41.508194,-2.084064,0.000000
2328.5590,2026-06-03T16:47:42.010387,-2.083544,0.000000
2329.0600,2026-06-03T16:47:42.511414,-2.083664,0.000000
2329.5559,2026-06-03T16:47:43.007297,-2.084544,0.000000
2330.0553,2026-06-03T16:47:43.506733,-2.084984,0.000000
2330.5484,2026-06-03T16:47:43.999835,-2.086112,0.000000
2331.0271,2026-06-03T16:47:44.478495,-2.086184,0.000000
2331.5129,2026-06-03T16:47:44.964332,-2.085576,0.000000
2332.0148,2026-06-03T16:47:45.466234,-2.085336,0.000000
2332.4894,2026-06-03T16:47:45.940847,-2.084832,0.000000
2332.9879,2026-06-03T16:47:46.439321,-2.084416,0.000000
2333.4896,2026-06-03T16:47:46.941004,-2.084968,0.000000
2333.9866,2026-06-03T16:47:47.437988,-2.085968,0.000000
2334.4916,2026-06-03T16:47:47.943034,-2.086296,0.000000
2334.9769,2026-06-03T16:47:48.428272,-2.087856,0.000000
2335.4787,2026-06-03T16:47:48.930081,-2.088472,0.000000
2335.9713,2026-06-03T16:47:49.422669,-2.087896,0.000000
2336.4675,2026-06-03T16:47:49.918894,-2.088416,0.000000
2336.9531,2026-06-03T16:47:50.404552,-2.088184,0.000000
2337.4881,2026-06-03T16:47:50.939556,-2.088760,0.000000
2337.9815,2026-06-03T16:47:51.432898,-2.089352,0.000000
2338.4868,2026-06-03T16:47:51.938261,-2.089024,0.000000
2338.9778,2026-06-03T16:47:52.429175,-2.089184,0.000000
2339.4832,2026-06-03T16:47:52.934646,-2.089296,0.000000
2339.9732,2026-06-03T16:47:53.424594,-2.089576,0.000000
2340.4754,2026-06-03T16:47:53.926793,-2.089992,0.000000
2340.9733,2026-06-03T16:47:54.424750,-2.089912,0.000000
2341.4814,2026-06-03T16:47:54.932865,-2.089688,0.000000
2341.9815,2026-06-03T16:47:55.432933,-2.089984,0.000000
2342.4813,2026-06-03T16:47:55.932697,-2.090496,0.000000
2342.9841,2026-06-03T16:47:56.435540,-2.091192,0.000000
2343.4742,2026-06-03T16:47:56.925656,-2.091760,0.000000
2343.9908,2026-06-03T16:47:57.442186,-2.092440,0.000000
2344.4947,2026-06-03T16:47:57.946142,-2.092560,0.000000
2344.9980,2026-06-03T16:47:58.449395,-2.092664,0.000000
2345.4675,2026-06-03T16:47:58.918953,-2.092096,0.000000
2345.9688,2026-06-03T16:47:59.420213,-2.092016,0.000000
2346.4632,2026-06-03T16:47:59.914588,-2.092400,0.000000
2346.9614,2026-06-03T16:48:00.412798,-2.091600,0.000000
2347.4501,2026-06-03T16:48:00.901533,-2.091288,0.000000
2347.9828,2026-06-03T16:48:01.434201,-2.090632,0.000000
2348.4756,2026-06-03T16:48:01.927008,-2.089968,0.000000
2348.9559,2026-06-03T16:48:02.407312,-2.089480,0.000000
2349.4113,2026-06-03T16:48:02.862761,-2.088896,0.000000
2349.9148,2026-06-03T16:48:03.366234,-2.088496,0.000000
2350.4109,2026-06-03T16:48:03.862364,-2.088976,0.000000
2350.9048,2026-06-03T16:48:04.356198,-2.090072,0.000000
2351.4070,2026-06-03T16:48:04.858379,-2.091480,0.000000
2351.9050,2026-06-03T16:48:05.356437,-2.091024,0.000000
2352.4195,2026-06-03T16:48:05.870928,-2.090216,0.000000
2352.9293,2026-06-03T16:48:06.380758,-2.089800,0.000000
2353.4306,2026-06-03T16:48:06.882032,-2.089224,0.000000
2353.9185,2026-06-03T16:48:07.369930,-2.090208,0.000000
2354.3952,2026-06-03T16:48:07.846601,-2.090400,0.000000
2354.8964,2026-06-03T16:48:08.347785,-2.089752,0.000000
2355.4000,2026-06-03T16:48:08.851408,-2.089216,0.000000
2355.8884,2026-06-03T16:48:09.339851,-2.088440,0.000000
2356.4257,2026-06-03T16:48:09.877136,-2.087472,0.000000
2356.9020,2026-06-03T16:48:10.353375,-2.087688,0.000000
2357.4048,2026-06-03T16:48:10.856207,-2.087704,0.000000
2357.9057,2026-06-03T16:48:11.357170,-2.088048,0.000000
2358.4064,2026-06-03T16:48:11.857756,-2.088688,0.000000
2358.8997,2026-06-03T16:48:12.351145,-2.088520,0.000000
2359.4320,2026-06-03T16:48:12.883391,-2.088664,0.000000
2359.9367,2026-06-03T16:48:13.388114,-2.088464,0.000000
2360.4315,2026-06-03T16:48:13.882860,-2.089264,0.000000
2360.9280,2026-06-03T16:48:14.379469,-2.090264,0.000000
2361.4266,2026-06-03T16:48:14.878053,-2.090088,0.000000
2361.9293,2026-06-03T16:48:15.380768,-2.089824,0.000000
2362.4377,2026-06-03T16:48:15.889081,-2.088696,0.000000
2362.9357,2026-06-03T16:48:16.387069,-2.087072,0.000000
2363.4293,2026-06-03T16:48:16.880693,-2.087016,0.000000
2363.9068,2026-06-03T16:48:17.358189,-2.086840,0.000000
2364.4103,2026-06-03T16:48:17.861750,-2.087632,0.000000
2364.9065,2026-06-03T16:48:18.357883,-2.088128,0.000000
2365.3826,2026-06-03T16:48:18.834014,-2.088376,0.000000
2365.8310,2026-06-03T16:48:19.282401,-2.088944,0.000000
2366.3338,2026-06-03T16:48:19.785230,-2.088392,0.000000
2366.8354,2026-06-03T16:48:20.286779,-2.087768,0.000000
2367.3176,2026-06-03T16:48:20.768988,-2.087224,0.000000
2367.8178,2026-06-03T16:48:21.269236,-2.086208,0.000000
2368.2809,2026-06-03T16:48:21.732362,-2.085704,0.000000
2368.7805,2026-06-03T16:48:22.231954,-2.086392,0.000000
2369.2725,2026-06-03T16:48:22.723898,-2.087184,0.000000
2369.7727,2026-06-03T16:48:23.224138,-2.087816,0.000000
2370.2296,2026-06-03T16:48:23.681036,-2.089928,0.000000
2370.7073,2026-06-03T16:48:24.158703,-2.091040,0.000000
2371.2077,2026-06-03T16:48:24.659106,-2.091832,0.000000
2371.7109,2026-06-03T16:48:25.162332,-2.092264,0.000000
2372.2323,2026-06-03T16:48:25.683708,-2.090592,0.000000
2372.7126,2026-06-03T16:48:26.164045,-2.089920,0.000000
2373.2184,2026-06-03T16:48:26.669857,-2.090104,0.000000
2373.7161,2026-06-03T16:48:27.167536,-2.090176,0.000000
2374.2124,2026-06-03T16:48:27.663813,-2.091376,0.000000
2374.7145,2026-06-03T16:48:28.165902,-2.091640,0.000000
2375.1693,2026-06-03T16:48:28.620736,-2.090152,0.000000
2375.6587,2026-06-03T16:48:29.110121,-2.090000,0.000000
2376.1330,2026-06-03T16:48:29.584368,-2.090648,0.000000
2376.6440,2026-06-03T16:48:30.095395,-2.090440,0.000000
2377.1127,2026-06-03T16:48:30.564077,-2.092064,0.000000
2377.6089,2026-06-03T16:48:31.060288,-2.092280,0.000000
2378.1085,2026-06-03T16:48:31.559911,-2.091928,0.000000
2378.6125,2026-06-03T16:48:32.063938,-2.092360,0.000000
2379.0975,2026-06-03T16:48:32.548881,-2.092320,0.000000
2379.5962,2026-06-03T16:48:33.047617,-2.092880,0.000000
2380.0945,2026-06-03T16:48:33.545962,-2.093368,0.000000
2380.5734,2026-06-03T16:48:34.024828,-2.093064,0.000000
2381.0598,2026-06-03T16:48:34.511205,-2.092832,0.000000
2381.5479,2026-06-03T16:48:34.999336,-2.092648,0.000000
2382.0612,2026-06-03T16:48:35.512618,-2.092616,0.000000
2382.5597,2026-06-03T16:48:36.011145,-2.093496,0.000000
2383.0427,2026-06-03T16:48:36.494084,-2.093816,0.000000
2383.5365,2026-06-03T16:48:36.987944,-2.094240,0.000000
2384.0336,2026-06-03T16:48:37.485020,-2.093576,0.000000
2384.5355,2026-06-03T16:48:37.986996,-2.092392,0.000000
2385.0677,2026-06-03T16:48:38.519119,-2.091920,0.000000
2385.5429,2026-06-03T16:48:38.994358,-2.090616,0.000000
2386.0446,2026-06-03T16:48:39.495988,-2.091200,0.000000
2386.5294,2026-06-03T16:48:39.980825,-2.092056,0.000000
2387.0320,2026-06-03T16:48:40.483367,-2.092200,0.000000
2387.5295,2026-06-03T16:48:40.980886,-2.092968,0.000000
2388.0271,2026-06-03T16:48:41.478525,-2.092720,0.000000
2388.5268,2026-06-03T16:48:41.978188,-2.092216,0.000000
2389.0552,2026-06-03T16:48:42.506597,-2.091896,0.000000
2389.5604,2026-06-03T16:48:43.011795,-2.091936,0.000000
2390.0559,2026-06-03T16:48:43.507369,-2.091152,0.000000
2390.5482,2026-06-03T16:48:43.999655,-2.090808,0.000000
2391.0416,2026-06-03T16:48:44.492976,-2.090000,0.000000
2391.5422,2026-06-03T16:48:44.993638,-2.090424,0.000000
2392.0260,2026-06-03T16:48:45.477432,-2.091088,0.000000
2392.5277,2026-06-03T16:48:45.979088,-2.091880,0.000000
2393.0482,2026-06-03T16:48:46.499581,-2.093088,0.000000
2393.5598,2026-06-03T16:48:47.011205,-2.092616,0.000000
2394.0592,2026-06-03T16:48:47.510640,-2.092408,0.000000
2394.5598,2026-06-03T16:48:48.011184,-2.092272,0.000000
2395.0484,2026-06-03T16:48:48.499816,-2.092528,0.000000
2395.5418,2026-06-03T16:48:48.993208,-2.092568,0.000000
2396.0677,2026-06-03T16:48:49.519133,-2.092480,0.000000
2396.5838,2026-06-03T16:48:50.035266,-2.092048,0.000000
2397.0659,2026-06-03T16:48:50.517347,-2.092176,0.000000
2397.5671,2026-06-03T16:48:51.018511,-2.092344,0.000000
2398.0523,2026-06-03T16:48:51.503748,-2.092912,0.000000
2398.5455,2026-06-03T16:48:51.996864,-2.093816,0.000000
2399.0452,2026-06-03T16:48:52.496579,-2.093792,0.000000
2399.5759,2026-06-03T16:48:53.027355,-2.093944,0.000000
2400.0752,2026-06-03T16:48:53.526621,-2.093608,0.000000
2400.5680,2026-06-03T16:48:54.019419,-2.092872,0.000000
2401.0683,2026-06-03T16:48:54.519683,-2.092984,0.000000
2401.5645,2026-06-03T16:48:55.015934,-2.092416,0.000000
2402.0647,2026-06-03T16:48:55.516126,-2.091728,0.000000
2402.5437,2026-06-03T16:48:55.995103,-2.091104,0.000000
2403.0465,2026-06-03T16:48:56.497926,-2.090872,0.000000
2403.5470,2026-06-03T16:48:56.998435,-2.090960,0.000000
2404.0469,2026-06-03T16:48:57.498344,-2.091416,0.000000
2404.5441,2026-06-03T16:48:57.995519,-2.092424,0.000000
2405.0415,2026-06-03T16:48:58.492941,-2.092488,0.000000
2405.5428,2026-06-03T16:48:58.994249,-2.092744,0.000000
2406.0378,2026-06-03T16:48:59.489223,-2.093504,0.000000
2406.5297,2026-06-03T16:48:59.981101,-2.093632,0.000000
2407.0325,2026-06-03T16:49:00.483950,-2.093440,0.000000
2407.5291,2026-06-03T16:49:00.980528,-2.093736,0.000000
2408.0136,2026-06-03T16:49:01.464986,-2.093296,0.000000
2408.5159,2026-06-03T16:49:01.967289,-2.093120,0.000000
2409.0086,2026-06-03T16:49:02.459991,-2.093512,0.000000
2409.5012,2026-06-03T16:49:02.952647,-2.093696,0.000000
2410.0076,2026-06-03T16:49:03.458985,-2.094200,0.000000
2410.4994,2026-06-03T16:49:03.950802,-2.095200,0.000000
2410.9765,2026-06-03T16:49:04.427906,-2.095680,0.000000
2411.4673,2026-06-03T16:49:04.918672,-2.094976,0.000000
2411.9404,2026-06-03T16:49:05.391794,-2.094968,0.000000
2412.3971,2026-06-03T16:49:05.848475,-2.094336,0.000000
2412.8974,2026-06-03T16:49:06.348811,-2.094112,0.000000
2413.3680,2026-06-03T16:49:06.819405,-2.094480,0.000000
2413.8363,2026-06-03T16:49:07.287723,-2.094280,0.000000
2414.3304,2026-06-03T16:49:07.781857,-2.094600,0.000000
2414.8390,2026-06-03T16:49:08.290363,-2.094472,0.000000
2415.3351,2026-06-03T16:49:08.786485,-2.094672,0.000000
2415.8258,2026-06-03T16:49:09.277199,-2.095216,0.000000
2416.3135,2026-06-03T16:49:09.764965,-2.095144,0.000000
2416.7963,2026-06-03T16:49:10.247671,-2.095680,0.000000
2417.2876,2026-06-03T16:49:10.738993,-2.095672,0.000000
2417.7845,2026-06-03T16:49:11.235882,-2.095440,0.000000
2418.2694,2026-06-03T16:49:11.720858,-2.095400,0.000000
2418.7723,2026-06-03T16:49:12.223705,-2.095088,0.000000
2419.2677,2026-06-03T16:49:12.719089,-2.095568,0.000000
2419.7580,2026-06-03T16:49:13.209424,-2.096352,0.000000
2420.2501,2026-06-03T16:49:13.701522,-2.096976,0.000000
2420.7450,2026-06-03T16:49:14.196442,-2.097480,0.000000
2421.2508,2026-06-03T16:49:14.702170,-2.097352,0.000000
2421.7471,2026-06-03T16:49:15.198529,-2.097000,0.000000
2422.2209,2026-06-03T16:49:15.672327,-2.096472,0.000000
2422.7244,2026-06-03T16:49:16.175785,-2.095984,0.000000
2423.2263,2026-06-03T16:49:16.677708,-2.095440,0.000000
2423.7402,2026-06-03T16:49:17.191628,-2.095608,0.000000
2424.2387,2026-06-03T16:49:17.690145,-2.095648,0.000000
2424.7477,2026-06-03T16:49:18.199132,-2.096096,0.000000
2425.2543,2026-06-03T16:49:18.705681,-2.096840,0.000000
2425.7598,2026-06-03T16:49:19.211252,-2.097176,0.000000
2426.2562,2026-06-03T16:49:19.707579,-2.097464,0.000000
2426.7521,2026-06-03T16:49:20.203507,-2.097528,0.000000
2427.2565,2026-06-03T16:49:20.707923,-2.097704,0.000000
2427.7582,2026-06-03T16:49:21.209647,-2.097488,0.000000
2428.2464,2026-06-03T16:49:21.697787,-2.097376,0.000000
2428.7537,2026-06-03T16:49:22.205130,-2.097080,0.000000
2429.2451,2026-06-03T16:49:22.696509,-2.097208,0.000000
2429.7464,2026-06-03T16:49:23.197852,-2.097432,0.000000
2430.2379,2026-06-03T16:49:23.689298,-2.097680,0.000000
2430.7091,2026-06-03T16:49:24.160551,-2.097984,0.000000
2431.2033,2026-06-03T16:49:24.654725,-2.097848,0.000000
2431.6966,2026-06-03T16:49:25.147998,-2.097744,0.000000
2432.2116,2026-06-03T16:49:25.663049,-2.097712,0.000000
2432.7124,2026-06-03T16:49:26.163836,-2.097728,0.000000
2433.2049,2026-06-03T16:49:26.656310,-2.098008,0.000000
2433.7031,2026-06-03T16:49:27.154569,-2.098200,0.000000
2434.1967,2026-06-03T16:49:27.648146,-2.098392,0.000000
2434.7043,2026-06-03T16:49:28.155735,-2.098432,0.000000
2435.2234,2026-06-03T16:49:28.674793,-2.098352,0.000000
2435.6917,2026-06-03T16:49:29.143143,-2.098240,0.000000
2436.1674,2026-06-03T16:49:29.618815,-2.098192,0.000000
2436.6578,2026-06-03T16:49:30.109169,-2.098376,0.000000
2437.1365,2026-06-03T16:49:30.587957,-2.098336,0.000000
2437.6383,2026-06-03T16:49:31.089749,-2.098552,0.000000
2438.1357,2026-06-03T16:49:31.587131,-2.098592,0.000000
2438.6350,2026-06-03T16:49:32.086385,-2.098280,0.000000
2439.1325,2026-06-03T16:49:32.583912,-2.098264,0.000000
2439.6209,2026-06-03T16:49:33.072272,-2.098328,0.000000
2440.1170,2026-06-03T16:49:33.568432,-2.098504,0.000000
2440.6199,2026-06-03T16:49:34.071270,-2.099032,0.000000
2441.1460,2026-06-03T16:49:34.597411,-2.099240,0.000000
2441.6503,2026-06-03T16:49:35.101708,-2.099328,0.000000
2442.1455,2026-06-03T16:49:35.596915,-2.099296,0.000000
2442.6437,2026-06-03T16:49:36.095111,-2.099080,0.000000
2443.1420,2026-06-03T16:49:36.593422,-2.099088,0.000000
2443.6689,2026-06-03T16:49:37.120270,-2.098888,0.000000
2444.1712,2026-06-03T16:49:37.622625,-2.098632,0.000000
2444.6539,2026-06-03T16:49:38.105286,-2.098656,0.000000
2445.1553,2026-06-03T16:49:38.606707,-2.098640,0.000000
2445.6538,2026-06-03T16:49:39.105202,-2.098776,0.000000
2446.1606,2026-06-03T16:49:39.612050,-2.099104,0.000000
2446.6493,2026-06-03T16:49:40.100760,-2.099272,0.000000
2447.1860,2026-06-03T16:49:40.637438,-2.099256,0.000000
2447.6754,2026-06-03T16:49:41.126770,-2.099272,0.000000
2448.1663,2026-06-03T16:49:41.617679,-2.099088,0.000000
2448.6600,2026-06-03T16:49:42.111372,-2.099040,0.000000
2449.1599,2026-06-03T16:49:42.611315,-2.098936,0.000000
2449.6563,2026-06-03T16:49:43.107747,-2.098864,0.000000
2450.1526,2026-06-03T16:49:43.604027,-2.098800,0.000000
2450.6635,2026-06-03T16:49:44.114948,-2.098544,0.000000
2451.1722,2026-06-03T16:49:44.623657,-2.098504,0.000000
2451.6639,2026-06-03T16:49:45.115359,-2.098432,0.000000
2452.1663,2026-06-03T16:49:45.617743,-2.098568,0.000000
2452.6504,2026-06-03T16:49:46.101842,-2.098576,0.000000
2453.1492,2026-06-03T16:49:46.600608,-2.098432,0.000000
2453.6561,2026-06-03T16:49:47.107537,-2.097968,0.000000
2454.1787,2026-06-03T16:49:47.630093,-2.097536,0.000000
2454.6881,2026-06-03T16:49:48.139483,-2.097392,0.000000
2455.1878,2026-06-03T16:49:48.639226,-2.097360,0.000000
2455.6712,2026-06-03T16:49:49.122579,-2.097632,0.000000
2456.1715,2026-06-03T16:49:49.622931,-2.097904,0.000000
2456.6728,2026-06-03T16:49:50.124172,-2.098064,0.000000
2457.1715,2026-06-03T16:49:50.622942,-2.098256,0.000000
2457.6924,2026-06-03T16:49:51.143790,-2.098208,0.000000
2458.1885,2026-06-03T16:49:51.639968,-2.098144,0.000000
2458.6747,2026-06-03T16:49:52.126106,-2.098192,0.000000
2459.1670,2026-06-03T16:49:52.618383,-2.098408,0.000000
2459.6458,2026-06-03T16:49:53.097213,-2.098624,0.000000
2460.1443,2026-06-03T16:49:53.595685,-2.098704,0.000000
2460.6469,2026-06-03T16:49:54.098273,-2.098616,0.000000
2461.1367,2026-06-03T16:49:54.588098,-2.098440,0.000000
2461.6134,2026-06-03T16:49:55.064832,-2.097984,0.000000
2462.1201,2026-06-03T16:49:55.571487,-2.097800,0.000000
2462.6123,2026-06-03T16:49:56.063694,-2.097824,0.000000
2463.1022,2026-06-03T16:49:56.553627,-2.097824,0.000000
2463.5972,2026-06-03T16:49:57.048581,-2.098304,0.000000
2464.0802,2026-06-03T16:49:57.531647,-2.098424,0.000000
2464.5487,2026-06-03T16:49:58.000150,-2.098304,0.000000
2465.0568,2026-06-03T16:49:58.508183,-2.098368,0.000000
2465.5522,2026-06-03T16:49:59.003582,-2.098376,0.000000
2466.0725,2026-06-03T16:49:59.523896,-2.098448,0.000000
2466.5556,2026-06-03T16:50:00.006985,-2.098656,0.000000
2467.0502,2026-06-03T16:50:00.501632,-2.098856,0.000000
2467.5491,2026-06-03T16:50:01.000540,-2.098848,0.000000
2468.0492,2026-06-03T16:50:01.500594,-2.098696,0.000000
2468.5488,2026-06-03T16:50:02.000188,-2.098416,0.000000
2469.0498,2026-06-03T16:50:02.501222,-2.098296,0.000000
2469.5088,2026-06-03T16:50:02.960183,-2.098152,0.000000
2470.0064,2026-06-03T16:50:03.457790,-2.098344,0.000000
2470.5056,2026-06-03T16:50:03.957014,-2.098424,0.000000
2471.0075,2026-06-03T16:50:04.458942,-2.098248,0.000000
2471.5038,2026-06-03T16:50:04.955194,-2.098072,0.000000
2471.9977,2026-06-03T16:50:05.449115,-2.098144,0.000000
2472.4751,2026-06-03T16:50:05.926549,-2.098040,0.000000
2472.9764,2026-06-03T16:50:06.427806,-2.098216,0.000000
2473.4998,2026-06-03T16:50:06.951230,-2.098304,0.000000
2474.0049,2026-06-03T16:50:07.456354,-2.098200,0.000000
2474.4893,2026-06-03T16:50:07.940662,-2.098288,0.000000
2474.9588,2026-06-03T16:50:08.410214,-2.098096,0.000000
2475.4295,2026-06-03T16:50:08.880877,-2.097928,0.000000
2475.9213,2026-06-03T16:50:09.372722,-2.097728,0.000000
2476.4209,2026-06-03T16:50:09.872333,-2.097600,0.000000
2476.9145,2026-06-03T16:50:10.365959,-2.097776,0.000000
2477.3874,2026-06-03T16:50:10.838827,-2.098160,0.000000
2477.8570,2026-06-03T16:50:11.308460,-2.098664,0.000000
2478.3674,2026-06-03T16:50:11.818788,-2.098952,0.000000
2478.8545,2026-06-03T16:50:12.305886,-2.098848,0.000000
2479.3435,2026-06-03T16:50:12.794886,-2.098736,0.000000
2479.8400,2026-06-03T16:50:13.291438,-2.098600,0.000000
2480.3220,2026-06-03T16:50:13.773463,-2.098400,0.000000
2480.8154,2026-06-03T16:50:14.266821,-2.098504,0.000000
2481.3204,2026-06-03T16:50:14.771779,-2.098400,0.000000
2481.8211,2026-06-03T16:50:15.272562,-2.098328,0.000000
2482.3236,2026-06-03T16:50:15.775013,-2.098544,0.000000
2482.8226,2026-06-03T16:50:16.274050,-2.098464,0.000000
2483.3238,2026-06-03T16:50:16.775230,-2.098560,0.000000
2483.8059,2026-06-03T16:50:17.257287,-2.098784,0.000000
2484.3109,2026-06-03T16:50:17.762308,-2.098632,0.000000
2484.8083,2026-06-03T16:50:18.259671,-2.098816,0.000000
2485.3068,2026-06-03T16:50:18.758174,-2.098952,0.000000
2485.7957,2026-06-03T16:50:19.247083,-2.098856,0.000000
2486.2960,2026-06-03T16:50:19.747396,-2.098968,0.000000
2486.7920,2026-06-03T16:50:20.243403,-2.098912,0.000000
2487.2926,2026-06-03T16:50:20.744057,-2.098912,0.000000
2487.7467,2026-06-03T16:50:21.198078,-2.099008,0.000000
2488.2392,2026-06-03T16:50:21.690646,-2.099064,0.000000
2488.7150,2026-06-03T16:50:22.166422,-2.098992,0.000000
2489.1876,2026-06-03T16:50:22.639019,-2.098936,0.000000
2489.6826,2026-06-03T16:50:23.134040,-2.099040,0.000000
2490.1753,2026-06-03T16:50:23.626725,-2.099136,0.000000
2490.6331,2026-06-03T16:50:24.084492,-2.099296,0.000000
2491.1317,2026-06-03T16:50:24.583070,-2.099376,0.000000
2491.6237,2026-06-03T16:50:25.075077,-2.099256,0.000000
2492.0711,2026-06-03T16:50:25.522472,-2.099048,0.000000
2492.5711,2026-06-03T16:50:26.022531,-2.098856,0.000000
2493.0668,2026-06-03T16:50:26.518184,-2.098720,0.000000
2493.5634,2026-06-03T16:50:27.014817,-2.098632,0.000000
2494.0261,2026-06-03T16:50:27.477551,-2.098776,0.000000
2494.5127,2026-06-03T16:50:27.964110,-2.098928,0.000000
2494.9776,2026-06-03T16:50:28.429057,-2.099056,0.000000
2495.4752,2026-06-03T16:50:28.926634,-2.098992,0.000000
2495.9749,2026-06-03T16:50:29.426355,-2.098960,0.000000
2496.4838,2026-06-03T16:50:29.935212,-2.098824,0.000000
2496.9848,2026-06-03T16:50:30.436175,-2.098536,0.000000
2497.4903,2026-06-03T16:50:30.941734,-2.098616,0.000000
2498.0127,2026-06-03T16:50:31.464110,-2.098496,0.000000
2498.4860,2026-06-03T16:50:31.937386,-2.098456,0.000000
2498.9888,2026-06-03T16:50:32.440232,-2.098736,0.000000
2499.4872,2026-06-03T16:50:32.938634,-2.098784,0.000000
2499.9849,2026-06-03T16:50:33.436354,-2.098968,0.000000
2500.4881,2026-06-03T16:50:33.939509,-2.099232,0.000000
2500.9793,2026-06-03T16:50:34.430725,-2.099176,0.000000
2501.5038,2026-06-03T16:50:34.955262,-2.099112,0.000000
2502.0014,2026-06-03T16:50:35.452824,-2.099056,0.000000
2502.5040,2026-06-03T16:50:35.955431,-2.099088,0.000000
2503.0044,2026-06-03T16:50:36.455818,-2.099008,0.000000
2503.5044,2026-06-03T16:50:36.955863,-2.098936,0.000000
2503.9817,2026-06-03T16:50:37.433085,-2.098832,0.000000
2504.4454,2026-06-03T16:50:37.896768,-2.098632,0.000000
2504.9366,2026-06-03T16:50:38.388016,-2.098624,0.000000
2505.4302,2026-06-03T16:50:38.881663,-2.098800,0.000000
2505.9652,2026-06-03T16:50:39.416628,-2.099104,0.000000
2506.4688,2026-06-03T16:50:39.920168,-2.099192,0.000000
2506.9547,2026-06-03T16:50:40.406098,-2.099184,0.000000
2507.4542,2026-06-03T16:50:40.905646,-2.099040,0.000000
2507.9551,2026-06-03T16:50:41.406526,-2.098880,0.000000
2508.4497,2026-06-03T16:50:41.901158,-2.098680,0.000000
2508.9727,2026-06-03T16:50:42.424131,-2.098592,0.000000
2509.4626,2026-06-03T16:50:42.914062,-2.098552,0.000000
2509.9287,2026-06-03T16:50:43.380114,-2.098576,0.000000
2510.4287,2026-06-03T16:50:43.880109,-2.098688,0.000000
2510.9057,2026-06-03T16:50:44.357112,-2.098784,0.000000
2511.3985,2026-06-03T16:50:44.849936,-2.098848,0.000000
2511.8989,2026-06-03T16:50:45.350343,-2.098792,0.000000
2512.4057,2026-06-03T16:50:45.857134,-2.098808,0.000000
2512.9382,2026-06-03T16:50:46.389562,-2.098928,0.000000
2513.4245,2026-06-03T16:50:46.875877,-2.099048,0.000000
2513.9249,2026-06-03T16:50:47.376291,-2.099232,0.000000
2514.4049,2026-06-03T16:50:47.856354,-2.099344,0.000000
2514.9112,2026-06-03T16:50:48.362654,-2.099320,0.000000
2515.4131,2026-06-03T16:50:48.864489,-2.099384,0.000000
2515.9064,2026-06-03T16:50:49.357852,-2.099336,0.000000
2516.3954,2026-06-03T16:50:49.846859,-2.099240,0.000000
2516.9121,2026-06-03T16:50:50.363529,-2.099120,0.000000
2517.4164,2026-06-03T16:50:50.867825,-2.098992,0.000000
2517.9123,2026-06-03T16:50:51.363755,-2.098856,0.000000
2518.4166,2026-06-03T16:50:51.867971,-2.098912,0.000000
2518.9042,2026-06-03T16:50:52.355647,-2.098904,0.000000
2519.3953,2026-06-03T16:50:52.846750,-2.098896,0.000000
2519.8923,2026-06-03T16:50:53.343735,-2.098968,0.000000
2520.3907,2026-06-03T16:50:53.842071,-2.098824,0.000000
2520.9143,2026-06-03T16:50:54.365675,-2.098968,0.000000
2521.4314,2026-06-03T16:50:54.882824,-2.099072,0.000000
2521.9182,2026-06-03T16:50:55.369647,-2.099168,0.000000
2522.4138,2026-06-03T16:50:55.865179,-2.099328,0.000000
2522.9090,2026-06-03T16:50:56.360423,-2.099312,0.000000
2523.3952,2026-06-03T16:50:56.846574,-2.099336,0.000000
2523.8552,2026-06-03T16:50:57.306568,-2.099360,0.000000
2524.3512,2026-06-03T16:50:57.802600,-2.099328,0.000000
2524.8085,2026-06-03T16:50:58.259867,-2.099280,0.000000
2525.3038,2026-06-03T16:50:58.755204,-2.099224,0.000000
2525.7664,2026-06-03T16:50:59.217795,-2.099224,0.000000
2526.2810,2026-06-03T16:50:59.732457,-2.099272,0.000000
2526.7686,2026-06-03T16:51:00.219970,-2.099224,0.000000
2527.2621,2026-06-03T16:51:00.713498,-2.099360,0.000000
2527.7296,2026-06-03T16:51:01.181054,-2.099328,0.000000
2528.2357,2026-06-03T16:51:01.687152,-2.099328,0.000000
2528.7329,2026-06-03T16:51:02.184359,-2.099440,0.000000
2529.2198,2026-06-03T16:51:02.671199,-2.099464,0.000000
2529.7247,2026-06-03T16:51:03.176114,-2.099512,0.000000
2530.2503,2026-06-03T16:51:03.701744,-2.099472,0.000000
2530.7382,2026-06-03T16:51:04.189668,-2.099488,0.000000
2531.2369,2026-06-03T16:51:04.688334,-2.099432,0.000000
2531.7313,2026-06-03T16:51:05.182711,-2.099432,0.000000
2532.1929,2026-06-03T16:51:05.644341,-2.099472,0.000000
2532.6863,2026-06-03T16:51:06.137752,-2.099480,0.000000
2533.1482,2026-06-03T16:51:06.599599,-2.099560,0.000000
2533.6561,2026-06-03T16:51:07.107489,-2.099616,0.000000
2534.1366,2026-06-03T16:51:07.588067,-2.099560,0.000000
2534.6305,2026-06-03T16:51:08.081903,-2.099488,0.000000
2535.1192,2026-06-03T16:51:08.570575,-2.099456,0.000000
2535.6156,2026-06-03T16:51:09.067062,-2.099488,0.000000
2536.1201,2026-06-03T16:51:09.571543,-2.099552,0.000000
2536.6148,2026-06-03T16:51:10.066236,-2.099616,0.000000
2537.1159,2026-06-03T16:51:10.567343,-2.099648,0.000000
2537.6101,2026-06-03T16:51:11.061559,-2.099584,0.000000
2538.1161,2026-06-03T16:51:11.567557,-2.099536,0.000000
2538.6122,2026-06-03T16:51:12.063606,-2.099456,0.000000
2539.1132,2026-06-03T16:51:12.564591,-2.099456,0.000000
2539.6158,2026-06-03T16:51:13.067199,-2.099472,0.000000
2540.0765,2026-06-03T16:51:13.527933,-2.099472,0.000000
2540.5730,2026-06-03T16:51:14.024434,-2.099528,0.000000
2541.0809,2026-06-03T16:51:14.532311,-2.099544,0.000000
2541.5766,2026-06-03T16:51:15.028042,-2.099536,0.000000
2542.0780,2026-06-03T16:51:15.529413,-2.099552,0.000000
2542.5697,2026-06-03T16:51:16.021142,-2.099512,0.000000
2543.0730,2026-06-03T16:51:16.524442,-2.099472,0.000000
2543.5616,2026-06-03T16:51:17.013062,-2.099512,0.000000
2544.0622,2026-06-03T16:51:17.513658,-2.099496,0.000000
2544.5612,2026-06-03T16:51:18.012665,-2.099456,0.000000
2545.0647,2026-06-03T16:51:18.516152,-2.099480,0.000000
2545.5644,2026-06-03T16:51:19.015808,-2.099464,0.000000
2546.0637,2026-06-03T16:51:19.515166,-2.099552,0.000000
2546.5731,2026-06-03T16:51:20.024514,-2.099608,0.000000
2547.0739,2026-06-03T16:51:20.525320,-2.099640,0.000000
2547.5635,2026-06-03T16:51:21.014918,-2.099696,0.000000
2548.0642,2026-06-03T16:51:21.515638,-2.099696,0.000000
2548.5689,2026-06-03T16:51:22.020359,-2.099752,0.000000
2549.0634,2026-06-03T16:51:22.514849,-2.099768,0.000000
2549.5797,2026-06-03T16:51:23.031083,-2.099680,0.000000
2550.0719,2026-06-03T16:51:23.523288,-2.099656,0.000000
2550.5723,2026-06-03T16:51:24.023728,-2.099600,0.000000
2551.0699,2026-06-03T16:51:24.521316,-2.099584,0.000000
2551.5782,2026-06-03T16:51:25.029625,-2.099608,0.000000
2552.0670,2026-06-03T16:51:25.518466,-2.099624,0.000000
2552.5445,2026-06-03T16:51:25.995898,-2.099600,0.000000
2553.0684,2026-06-03T16:51:26.519778,-2.099600,0.000000
2553.5739,2026-06-03T16:51:27.025320,-2.099504,0.000000
2554.0656,2026-06-03T16:51:27.517002,-2.099432,0.000000
2554.5638,2026-06-03T16:51:28.015178,-2.099424,0.000000
2555.0489,2026-06-03T16:51:28.500366,-2.099440,0.000000
2555.5515,2026-06-03T16:51:29.002935,-2.099520,0.000000
2556.0157,2026-06-03T16:51:29.467132,-2.099552,0.000000
2556.5147,2026-06-03T16:51:29.966069,-2.099600,0.000000
2557.0076,2026-06-03T16:51:30.459027,-2.099520,0.000000
2557.5288,2026-06-03T16:51:30.980208,-2.099568,0.000000
2558.0280,2026-06-03T16:51:31.479403,-2.099592,0.000000
2558.5329,2026-06-03T16:51:31.984313,-2.099616,0.000000
2559.0265,2026-06-03T16:51:32.477916,-2.099672,0.000000
2559.5291,2026-06-03T16:51:32.980539,-2.099656,0.000000
2560.0269,2026-06-03T16:51:33.478338,-2.099608,0.000000
2560.5261,2026-06-03T16:51:33.977561,-2.099632,0.000000
2561.0389,2026-06-03T16:51:34.490297,-2.099560,0.000000
2561.5299,2026-06-03T16:51:34.981291,-2.099512,0.000000
2562.0473,2026-06-03T16:51:35.498765,-2.099504,0.000000
2562.5165,2026-06-03T16:51:35.967893,-2.099496,0.000000
2563.0200,2026-06-03T16:51:36.471372,-2.099608,0.000000
2563.5199,2026-06-03T16:51:36.971311,-2.099560,0.000000
2563.9887,2026-06-03T16:51:37.440118,-2.099488,0.000000
2564.4842,2026-06-03T16:51:37.935650,-2.099456,0.000000
2564.9852,2026-06-03T16:51:38.436575,-2.099392,0.000000
2565.4762,2026-06-03T16:51:38.927612,-2.099376,0.000000
2565.9779,2026-06-03T16:51:39.429321,-2.099440,0.000000
2566.4761,2026-06-03T16:51:39.927496,-2.099424,0.000000
2566.9779,2026-06-03T16:51:40.429270,-2.099408,0.000000
2567.4806,2026-06-03T16:51:40.932024,-2.099472,0.000000
2567.9852,2026-06-03T16:51:41.436569,-2.099496,0.000000
2568.4810,2026-06-03T16:51:41.932451,-2.099536,0.000000
2568.9775,2026-06-03T16:51:42.428915,-2.099584,0.000000
2569.4743,2026-06-03T16:51:42.925756,-2.099544,0.000000
2569.9753,2026-06-03T16:51:43.426717,-2.099504,0.000000
2570.4511,2026-06-03T16:51:43.902540,-2.099456,0.000000
2570.9532,2026-06-03T16:51:44.404629,-2.099480,0.000000
2571.4430,2026-06-03T16:51:44.894417,-2.099520,0.000000
2571.9270,2026-06-03T16:51:45.378552,-2.099504,0.000000
2572.3950,2026-06-03T16:51:45.846401,-2.099584,0.000000
2572.8810,2026-06-03T16:51:46.332437,-2.099512,0.000000
2573.3998,2026-06-03T16:51:46.851171,-2.099408,0.000000
2573.8831,2026-06-03T16:51:47.334543,-2.099456,0.000000
2574.3846,2026-06-03T16:51:47.836055,-2.099376,0.000000
2574.8649,2026-06-03T16:51:48.316368,-2.099352,0.000000
2575.3638,2026-06-03T16:51:48.815206,-2.099384,0.000000
2575.8387,2026-06-03T16:51:49.290104,-2.099448,0.000000
2576.3283,2026-06-03T16:51:49.779757,-2.099496,0.000000
2576.8256,2026-06-03T16:51:50.277060,-2.099544,0.000000
2577.3071,2026-06-03T16:51:50.758540,-2.099632,0.000000
2577.7818,2026-06-03T16:51:51.233251,-2.099584,0.000000
2578.2885,2026-06-03T16:51:51.739920,-2.099520,0.000000
2578.7769,2026-06-03T16:51:52.228322,-2.099560,0.000000
2579.2799,2026-06-03T16:51:52.731267,-2.099544,0.000000
2579.7562,2026-06-03T16:51:53.207564,-2.099560,0.000000
2580.2407,2026-06-03T16:51:53.692157,-2.099664,0.000000
2580.7320,2026-06-03T16:51:54.183426,-2.099688,0.000000
2581.2411,2026-06-03T16:51:54.692486,-2.099728,0.000000
2581.7314,2026-06-03T16:51:55.182798,-2.099784,0.000000
2582.2366,2026-06-03T16:51:55.687982,-2.099744,0.000000
2582.7320,2026-06-03T16:51:56.183371,-2.099752,0.000000
2583.2258,2026-06-03T16:51:56.677175,-2.099720,0.000000
2583.6963,2026-06-03T16:51:57.147751,-2.099640,0.000000
2584.1946,2026-06-03T16:51:57.645980,-2.099640,0.000000
2584.6813,2026-06-03T16:51:58.132714,-2.099624,0.000000
2585.1756,2026-06-03T16:51:58.626979,-2.099592,0.000000
2585.6722,2026-06-03T16:51:59.123634,-2.099560,0.000000
2586.1904,2026-06-03T16:51:59.641855,-2.099480,0.000000
2586.7055,2026-06-03T16:52:00.156884,-2.099424,0.000000
2587.2106,2026-06-03T16:52:00.661976,-2.099496,0.000000
2587.7110,2026-06-03T16:52:01.162407,-2.099552,0.000000
2588.2106,2026-06-03T16:52:01.662062,-2.099584,0.000000
2588.6921,2026-06-03T16:52:02.143525,-2.099672,0.000000
2589.1818,2026-06-03T16:52:02.633188,-2.099624,0.000000
2589.6857,2026-06-03T16:52:03.137112,-2.099664,0.000000
2590.1999,2026-06-03T16:52:03.651281,-2.099704,0.000000
2590.7011,2026-06-03T16:52:04.152556,-2.099728,0.000000
2591.1973,2026-06-03T16:52:04.648691,-2.099800,0.000000
2591.7076,2026-06-03T16:52:05.158984,-2.099744,0.000000
2592.1934,2026-06-03T16:52:05.644830,-2.099744,0.000000
2592.6926,2026-06-03T16:52:06.144002,-2.099768,0.000000
2593.2038,2026-06-03T16:52:06.655199,-2.099736,0.000000
2593.6934,2026-06-03T16:52:07.144842,-2.099808,0.000000
2594.1953,2026-06-03T16:52:07.646708,-2.099808,0.000000
2594.6983,2026-06-03T16:52:08.149669,-2.099736,0.000000
2595.1931,2026-06-03T16:52:08.644510,-2.099744,0.000000
2595.6862,2026-06-03T16:52:09.137655,-2.099736,0.000000
2596.1433,2026-06-03T16:52:09.594672,-2.099696,0.000000
2596.6440,2026-06-03T16:52:10.095410,-2.099712,0.000000
2597.1452,2026-06-03T16:52:10.596627,-2.099736,0.000000
2597.6419,2026-06-03T16:52:11.093272,-2.099728,0.000000
2598.1527,2026-06-03T16:52:11.604083,-2.099720,0.000000
2598.6511,2026-06-03T16:52:12.102554,-2.099760,0.000000
2599.1480,2026-06-03T16:52:12.599393,-2.099760,0.000000
2599.6444,2026-06-03T16:52:13.095819,-2.099760,0.000000
2600.1121,2026-06-03T16:52:13.563527,-2.099768,0.000000
2600.6016,2026-06-03T16:52:14.053039,-2.099768,0.000000
2601.0832,2026-06-03T16:52:14.534614,-2.099760,0.000000
2601.5621,2026-06-03T16:52:15.013504,-2.099808,0.000000
2602.0727,2026-06-03T16:52:15.524143,-2.099848,0.000000
2602.5982,2026-06-03T16:52:16.049576,-2.099800,0.000000
2603.1156,2026-06-03T16:52:16.567004,-2.099784,0.000000
2603.6131,2026-06-03T16:52:17.064529,-2.099736,0.000000
2604.0995,2026-06-03T16:52:17.550964,-2.099712,0.000000
2604.5691,2026-06-03T16:52:18.020532,-2.099728,0.000000
2605.0670,2026-06-03T16:52:18.518376,-2.099728,0.000000
2605.5591,2026-06-03T16:52:19.010498,-2.099744,0.000000
2606.0634,2026-06-03T16:52:19.514824,-2.099784,0.000000
2606.5899,2026-06-03T16:52:20.041324,-2.099832,0.000000
2607.0814,2026-06-03T16:52:20.532784,-2.099848,0.000000
2607.5879,2026-06-03T16:52:21.039278,-2.099840,0.000000
2608.0882,2026-06-03T16:52:21.539590,-2.099864,0.000000
2608.5721,2026-06-03T16:52:22.023524,-2.099872,0.000000
2609.0396,2026-06-03T16:52:22.491006,-2.099872,0.000000
2609.5383,2026-06-03T16:52:22.989734,-2.099888,0.000000
2610.0356,2026-06-03T16:52:23.487064,-2.099912,0.000000
2610.5397,2026-06-03T16:52:23.991130,-2.099896,0.000000
2611.0145,2026-06-03T16:52:24.465946,-2.099880,0.000000
2611.4991,2026-06-03T16:52:24.950538,-2.099864,0.000000
2611.9749,2026-06-03T16:52:25.426307,-2.099856,0.000000
2612.4715,2026-06-03T16:52:25.922910,-2.099896,0.000000
2612.9547,2026-06-03T16:52:26.406091,-2.099944,0.000000
2613.4369,2026-06-03T16:52:26.888289,-2.100008,0.000000
2613.9567,2026-06-03T16:52:27.408163,-2.100040,0.000000
2614.4403,2026-06-03T16:52:27.891701,-2.099960,0.000000
2614.9261,2026-06-03T16:52:28.377558,-2.099976,0.000000
2615.4106,2026-06-03T16:52:28.861997,-2.099880,0.000000
2615.8941,2026-06-03T16:52:29.345496,-2.099848,0.000000
2616.3922,2026-06-03T16:52:29.843622,-2.099856,0.000000
2616.8745,2026-06-03T16:52:30.325892,-2.099832,0.000000
2617.3381,2026-06-03T16:52:30.789477,-2.099840,0.000000
2617.7966,2026-06-03T16:52:31.248027,-2.099848,0.000000
2618.3085,2026-06-03T16:52:31.759931,-2.099808,0.000000
2618.8045,2026-06-03T16:52:32.255957,-2.099816,0.000000
2619.3023,2026-06-03T16:52:32.753720,-2.099832,0.000000
2619.7839,2026-06-03T16:52:33.235316,-2.099864,0.000000
2620.2664,2026-06-03T16:52:33.717808,-2.099872,0.000000
2620.7690,2026-06-03T16:52:34.220380,-2.099904,0.000000
2621.2610,2026-06-03T16:52:34.712449,-2.099888,0.000000
2621.7444,2026-06-03T16:52:35.195847,-2.099880,0.000000
2622.2370,2026-06-03T16:52:35.688400,-2.099912,0.000000
2622.7319,2026-06-03T16:52:36.183270,-2.099928,0.000000
2623.2324,2026-06-03T16:52:36.683783,-2.099992,0.000000
2623.7519,2026-06-03T16:52:37.203366,-2.100008,0.000000
2624.2642,2026-06-03T16:52:37.715652,-2.100000,0.000000
2624.7646,2026-06-03T16:52:38.216003,-2.100016,0.000000
2625.2643,2026-06-03T16:52:38.715682,-2.099992,0.000000
2625.7637,2026-06-03T16:52:39.215115,-2.100056,0.000000
2626.2650,2026-06-03T16:52:39.716442,-2.100096,0.000000
2626.7547,2026-06-03T16:52:40.206112,-2.100144,0.000000
2627.2504,2026-06-03T16:52:40.701806,-2.100144,0.000000
2627.7226,2026-06-03T16:52:41.174033,-2.100192,0.000000
2628.2317,2026-06-03T16:52:41.683079,-2.100256,0.000000
2628.7307,2026-06-03T16:52:42.182086,-2.100224,0.000000
2629.2293,2026-06-03T16:52:42.680759,-2.100168,0.000000
2629.7280,2026-06-03T16:52:43.179418,-2.100152,0.000000
2630.2250,2026-06-03T16:52:43.676408,-2.100072,0.000000
2630.7312,2026-06-03T16:52:44.182580,-2.100160,0.000000
2631.2356,2026-06-03T16:52:44.687017,-2.100232,0.000000
2631.7368,2026-06-03T16:52:45.188244,-2.100216,0.000000
2632.2268,2026-06-03T16:52:45.678208,-2.100208,0.000000
2632.7170,2026-06-03T16:52:46.168423,-2.100144,0.000000
2633.2058,2026-06-03T16:52:46.657228,-2.100120,0.000000
2633.6913,2026-06-03T16:52:47.142728,-2.100168,0.000000
2634.1845,2026-06-03T16:52:47.635956,-2.100168,0.000000
2634.6896,2026-06-03T16:52:48.140980,-2.100224,0.000000
2635.2139,2026-06-03T16:52:48.665314,-2.100352,0.000000
2635.7020,2026-06-03T16:52:49.153451,-2.100400,0.000000
2636.2017,2026-06-03T16:52:49.653103,-2.100624,0.000000
2636.7015,2026-06-03T16:52:50.152969,-2.100632,0.000000
2637.2050,2026-06-03T16:52:50.656453,-2.100656,0.000000
2637.6936,2026-06-03T16:52:51.144973,-2.100632,0.000000
2638.1957,2026-06-03T16:52:51.647121,-2.100440,0.000000
2638.7041,2026-06-03T16:52:52.155495,-2.100344,0.000000
2639.2116,2026-06-03T16:52:52.662981,-2.100240,0.000000
2639.7124,2026-06-03T16:52:53.163835,-2.100168,0.000000
2640.2128,2026-06-03T16:52:53.664183,-2.100120,0.000000
2640.7096,2026-06-03T16:52:54.160997,-2.101664,0.000000
2641.1853,2026-06-03T16:52:54.636673,-2.103192,0.000000
2641.6854,2026-06-03T16:52:55.136864,-2.104504,0.000000
2642.1986,2026-06-03T16:52:55.649977,-2.106384,0.000000
2642.7128,2026-06-03T16:52:56.164211,-2.106656,0.000000
2643.2018,2026-06-03T16:52:56.653225,-2.106824,0.000000
2643.6751,2026-06-03T16:52:57.126492,-2.107552,0.000000
2644.1802,2026-06-03T16:52:57.631578,-2.107704,0.000000
2644.6763,2026-06-03T16:52:58.127702,-2.107800,0.000000
2645.1809,2026-06-03T16:52:58.632349,-2.107704,0.000000
2645.7107,2026-06-03T16:52:59.162080,-2.107624,0.000000
2646.2045,2026-06-03T16:52:59.655944,-2.106672,0.000000
2646.7026,2026-06-03T16:53:00.154060,-2.106920,0.000000
2647.2049,2026-06-03T16:53:00.656317,-2.105904,0.000000
2647.6929,2026-06-03T16:53:01.144302,-2.104784,0.000000
2648.1935,2026-06-03T16:53:01.644902,-2.104496,0.000000
2648.6916,2026-06-03T16:53:02.142978,-2.103544,0.000000
2649.1933,2026-06-03T16:53:02.644710,-2.104544,0.000000
2649.6832,2026-06-03T16:53:03.134578,-2.105120,0.000000
2650.1798,2026-06-03T16:53:03.631197,-2.105504,0.000000
2650.6745,2026-06-03T16:53:04.125939,-2.105776,0.000000
2651.1603,2026-06-03T16:53:04.611703,-2.105128,0.000000
2651.6637,2026-06-03T16:53:05.115131,-2.105504,0.000000
2652.1587,2026-06-03T16:53:05.610141,-2.105168,0.000000
2652.6636,2026-06-03T16:53:06.115020,-2.105088,0.000000
2653.1596,2026-06-03T16:53:06.611029,-2.105088,0.000000
2653.6558,2026-06-03T16:53:07.107267,-2.104552,0.000000
2654.1599,2026-06-03T16:53:07.611346,-2.104672,0.000000
2654.6583,2026-06-03T16:53:08.109683,-2.104456,0.000000
2655.1510,2026-06-03T16:53:08.602419,-2.104472,0.000000
2655.6487,2026-06-03T16:53:09.100154,-2.104056,0.000000
2656.1428,2026-06-03T16:53:09.594225,-2.103872,0.000000
2656.6767,2026-06-03T16:53:10.128101,-2.104360,0.000000
2657.1893,2026-06-03T16:53:10.640746,-2.104720,0.000000
2657.6849,2026-06-03T16:53:11.136330,-2.105000,0.000000
2658.1822,2026-06-03T16:53:11.633651,-2.105096,0.000000
2658.6794,2026-06-03T16:53:12.130805,-2.104520,0.000000
2659.1765,2026-06-03T16:53:12.627874,-2.104376,0.000000
2659.6552,2026-06-03T16:53:13.106626,-2.104784,0.000000
2660.1687,2026-06-03T16:53:13.620136,-2.105648,0.000000
2660.6695,2026-06-03T16:53:14.120930,-2.106336,0.000000
2661.1643,2026-06-03T16:53:14.615690,-2.107352,0.000000
2661.6560,2026-06-03T16:53:15.107370,-2.108168,0.000000
2662.1572,2026-06-03T16:53:15.608637,-2.108056,0.000000
2662.6480,2026-06-03T16:53:16.099438,-2.108592,0.000000
2663.1243,2026-06-03T16:53:16.575748,-2.107960,0.000000
2663.5915,2026-06-03T16:53:17.042881,-2.107432,0.000000
2664.0963,2026-06-03T16:53:17.547685,-2.108184,0.000000
2664.5948,2026-06-03T16:53:18.046229,-2.107792,0.000000
2665.1133,2026-06-03T16:53:18.564762,-2.108088,0.000000
2665.5987,2026-06-03T16:53:19.050115,-2.108192,0.000000
2666.0999,2026-06-03T16:53:19.551287,-2.107800,0.000000
2666.5968,2026-06-03T16:53:20.048263,-2.108032,0.000000
2667.0599,2026-06-03T16:53:20.511362,-2.109248,0.000000
2667.5601,2026-06-03T16:53:21.011489,-2.110168,0.000000
2668.0466,2026-06-03T16:53:21.498043,-2.110136,0.000000
2668.5477,2026-06-03T16:53:21.999071,-2.110400,0.000000
2669.0495,2026-06-03T16:53:22.500876,-2.111040,0.000000
2669.5637,2026-06-03T16:53:23.015075,-2.111592,0.000000
2670.0510,2026-06-03T16:53:23.502386,-2.112464,0.000000
2670.5633,2026-06-03T16:53:24.014769,-2.112720,0.000000
2671.0513,2026-06-03T16:53:24.502677,-2.112016,0.000000
2671.5492,2026-06-03T16:53:25.000561,-2.111096,0.000000
2672.0327,2026-06-03T16:53:25.484143,-2.110480,0.000000
2672.5456,2026-06-03T16:53:25.996975,-2.110592,0.000000
2673.0391,2026-06-03T16:53:26.490544,-2.109800,0.000000
2673.5437,2026-06-03T16:53:26.995078,-2.110064,0.000000
2674.0325,2026-06-03T16:53:27.483944,-2.110656,0.000000
2674.5335,2026-06-03T16:53:27.984965,-2.111504,0.000000
2674.9876,2026-06-03T16:53:28.439014,-2.113408,0.000000
2675.4830,2026-06-03T16:53:28.934374,-2.114448,0.000000
2675.9819,2026-06-03T16:53:29.433277,-2.115336,0.000000
2676.4817,2026-06-03T16:53:29.933113,-2.116024,0.000000
2676.9830,2026-06-03T16:53:30.434411,-2.116648,0.000000
2677.4851,2026-06-03T16:53:30.936537,-2.116096,0.000000
2677.9764,2026-06-03T16:53:31.427795,-2.115440,0.000000
2678.4747,2026-06-03T16:53:31.926100,-2.114064,0.000000
2678.9714,2026-06-03T16:53:32.422786,-2.113696,0.000000
2679.4712,2026-06-03T16:53:32.922593,-2.113944,0.000000
2679.9621,2026-06-03T16:53:33.413527,-2.114504,0.000000
2680.4648,2026-06-03T16:53:33.916223,-2.116016,0.000000
2680.9637,2026-06-03T16:53:34.415080,-2.115096,0.000000
2681.4623,2026-06-03T16:53:34.913753,-2.115824,0.000000
2681.9639,2026-06-03T16:53:35.415267,-2.116264,0.000000
2682.4639,2026-06-03T16:53:35.915300,-2.116648,0.000000
2682.9615,2026-06-03T16:53:36.412920,-2.118160,0.000000
2683.4470,2026-06-03T16:53:36.898397,-2.117392,0.000000
2683.9266,2026-06-03T16:53:37.377975,-2.117496,0.000000
2684.4389,2026-06-03T16:53:37.890335,-2.117904,0.000000
2684.9395,2026-06-03T16:53:38.390967,-2.117920,0.000000
2685.4405,2026-06-03T16:53:38.891874,-2.120120,0.000000
2685.9388,2026-06-03T16:53:39.390202,-2.120656,0.000000
2686.4300,2026-06-03T16:53:39.881397,-2.120304,0.000000
2686.9417,2026-06-03T16:53:40.393130,-2.119320,0.000000
2687.4416,2026-06-03T16:53:40.893033,-2.117984,0.000000
2687.9346,2026-06-03T16:53:41.385978,-2.117544,0.000000
2688.4370,2026-06-03T16:53:41.888406,-2.117184,0.000000
2688.9272,2026-06-03T16:53:42.378610,-2.117344,0.000000
2689.4222,2026-06-03T16:53:42.873590,-2.116648,0.000000
2689.8969,2026-06-03T16:53:43.348349,-2.115720,0.000000
2690.3956,2026-06-03T16:53:43.847032,-2.114952,0.000000
2690.8917,2026-06-03T16:53:44.343155,-2.114688,0.000000
2691.4168,2026-06-03T16:53:44.868192,-2.115328,0.000000
2691.9284,2026-06-03T16:53:45.379816,-2.116256,0.000000
2692.3825,2026-06-03T16:53:45.833918,-2.117584,0.000000
2692.8865,2026-06-03T16:53:46.337901,-2.117528,0.000000
2693.3934,2026-06-03T16:53:46.844854,-2.116936,0.000000
2693.8880,2026-06-03T16:53:47.339381,-2.115848,0.000000
2694.3844,2026-06-03T16:53:47.835778,-2.113896,0.000000
2694.8782,2026-06-03T16:53:48.329617,-2.112584,0.000000
2695.3776,2026-06-03T16:53:48.829058,-2.112680,0.000000
2695.8526,2026-06-03T16:53:49.304068,-2.113368,0.000000
2696.3722,2026-06-03T16:53:49.823652,-2.115224,0.000000
2696.8654,2026-06-03T16:53:50.316862,-2.117984,0.000000
2697.3635,2026-06-03T16:53:50.814924,-2.120008,0.000000
2697.8637,2026-06-03T16:53:51.315164,-2.121336,0.000000
2698.3417,2026-06-03T16:53:51.793158,-2.121592,0.000000
2698.8299,2026-06-03T16:53:52.281292,-2.121336,0.000000
2699.3676,2026-06-03T16:53:52.819011,-2.121568,0.000000
2699.8716,2026-06-03T16:53:53.322990,-2.121456,0.000000
2700.3623,2026-06-03T16:53:53.813734,-2.122704,0.000000
2700.8632,2026-06-03T16:53:54.314656,-2.122984,0.000000
2701.3631,2026-06-03T16:53:54.814543,-2.122904,0.000000
2701.8558,2026-06-03T16:53:55.307195,-2.122480,0.000000
2702.3552,2026-06-03T16:53:55.806610,-2.122432,0.000000
2702.8698,2026-06-03T16:53:56.321252,-2.123080,0.000000
2703.3602,2026-06-03T16:53:56.811651,-2.123624,0.000000
2703.8572,2026-06-03T16:53:57.308579,-2.125352,0.000000
2704.3386,2026-06-03T16:53:57.790038,-2.126976,0.000000
2704.8369,2026-06-03T16:53:58.288354,-2.128184,0.000000
2705.3374,2026-06-03T16:53:58.788822,-2.128552,0.000000
2705.8344,2026-06-03T16:53:59.285830,-2.129120,0.000000
2706.3404,2026-06-03T16:53:59.791800,-2.129320,0.000000
2706.8484,2026-06-03T16:54:00.299852,-2.129576,0.000000
2707.3449,2026-06-03T16:54:00.796363,-2.130264,0.000000
2707.8438,2026-06-03T16:54:01.295185,-2.131384,0.000000
2708.3430,2026-06-03T16:54:01.794458,-2.132744,0.000000
2708.8451,2026-06-03T16:54:02.296481,-2.133416,0.000000
2709.3429,2026-06-03T16:54:02.794310,-2.134344,0.000000
2709.8456,2026-06-03T16:54:03.297021,-2.134800,0.000000
2710.3512,2026-06-03T16:54:03.802639,-2.133872,0.000000
2710.8550,2026-06-03T16:54:04.306424,-2.134104,0.000000
2711.3573,2026-06-03T16:54:04.808719,-2.134784,0.000000
2711.8511,2026-06-03T16:54:05.302521,-2.135080,0.000000
2712.3492,2026-06-03T16:54:05.800614,-2.135824,0.000000
2712.8489,2026-06-03T16:54:06.300276,-2.136048,0.000000
2713.3514,2026-06-03T16:54:06.802829,-2.135688,0.000000
2713.8426,2026-06-03T16:54:07.293974,-2.136128,0.000000
2714.3358,2026-06-03T16:54:07.787172,-2.136720,0.000000
2714.8416,2026-06-03T16:54:08.292977,-2.137408,0.000000
2715.3164,2026-06-03T16:54:08.767806,-2.138288,0.000000
2715.8135,2026-06-03T16:54:09.264910,-2.138736,0.000000
2716.2749,2026-06-03T16:54:09.726296,-2.139048,0.000000
2716.7515,2026-06-03T16:54:10.202880,-2.139000,0.000000
2717.2492,2026-06-03T16:54:10.700585,-2.139064,0.000000
2717.7428,2026-06-03T16:54:11.194266,-2.139168,0.000000
2718.2400,2026-06-03T16:54:11.691370,-2.139160,0.000000
2718.7571,2026-06-03T16:54:12.208473,-2.139264,0.000000
2719.2571,2026-06-03T16:54:12.708517,-2.139336,0.000000
2719.7531,2026-06-03T16:54:13.204464,-2.139296,0.000000
2720.2466,2026-06-03T16:54:13.698026,-2.139336,0.000000
2720.7443,2026-06-03T16:54:14.195667,-2.139384,0.000000
2721.2499,2026-06-03T16:54:14.701313,-2.139376,0.000000
2721.7669,2026-06-03T16:54:15.218344,-2.139416,0.000000
2722.2765,2026-06-03T16:54:15.727895,-2.139456,0.000000
2722.7694,2026-06-03T16:54:16.220808,-2.139448,0.000000
2723.2543,2026-06-03T16:54:16.705704,-2.139496,0.000000
2723.7132,2026-06-03T16:54:17.164648,-2.139568,0.000000
2724.2177,2026-06-03T16:54:17.669082,-2.139568,0.000000
2724.7066,2026-06-03T16:54:18.157979,-2.139592,0.000000
2725.2133,2026-06-03T16:54:18.664693,-2.139632,0.000000
2725.7410,2026-06-03T16:54:19.192422,-2.139600,0.000000
2726.2395,2026-06-03T16:54:19.690920,-2.139624,0.000000
2726.7320,2026-06-03T16:54:20.183411,-2.139632,0.000000
2727.2301,2026-06-03T16:54:20.681505,-2.139640,0.000000
2727.7176,2026-06-03T16:54:21.169056,-2.139656,0.000000
2728.2153,2026-06-03T16:54:21.666752,-2.139688,0.000000
2728.7130,2026-06-03T16:54:22.164379,-2.139736,0.000000
2729.2255,2026-06-03T16:54:22.676918,-2.139760,0.000000
2729.7364,2026-06-03T16:54:23.187786,-2.139768,0.000000
2730.2322,2026-06-03T16:54:23.683583,-2.139752,0.000000
2730.7274,2026-06-03T16:54:24.178825,-2.139784,0.000000
2731.2326,2026-06-03T16:54:24.684036,-2.139752,0.000000
2731.7279,2026-06-03T16:54:25.179366,-2.139720,0.000000
2732.2293,2026-06-03T16:54:25.680755,-2.139728,0.000000
2732.7448,2026-06-03T16:54:26.196282,-2.139712,0.000000
2733.2530,2026-06-03T16:54:26.704376,-2.139704,0.000000
2733.7536,2026-06-03T16:54:27.205036,-2.139696,0.000000
2734.2448,2026-06-03T16:54:27.696180,-2.139704,0.000000
2734.7487,2026-06-03T16:54:28.200123,-2.139664,0.000000
2735.2415,2026-06-03T16:54:28.692946,-2.139704,0.000000
2735.7676,2026-06-03T16:54:29.219005,-2.139744,0.000000
2736.2645,2026-06-03T16:54:29.715940,-2.139720,0.000000
2736.7687,2026-06-03T16:54:30.220147,-2.139744,0.000000
2737.2651,2026-06-03T16:54:30.716494,-2.139736,0.000000
2737.7605,2026-06-03T16:54:31.211917,-2.139728,0.000000
2738.2571,2026-06-03T16:54:31.708561,-2.139768,0.000000
2738.7505,2026-06-03T16:54:32.201921,-2.139784,0.000000
2739.2480,2026-06-03T16:54:32.699365,-2.139792,0.000000
2739.7617,2026-06-03T16:54:33.213137,-2.139808,0.000000
2740.2571,2026-06-03T16:54:33.708483,-2.139824,0.000000
2740.7579,2026-06-03T16:54:34.209289,-2.139840,0.000000
2741.2572,2026-06-03T16:54:34.708581,-2.139872,0.000000
2741.7551,2026-06-03T16:54:35.206499,-2.139904,0.000000
2742.2619,2026-06-03T16:54:35.713293,-2.139952,0.000000
2742.7286,2026-06-03T16:54:36.180041,-2.139968,0.000000
2743.2490,2026-06-03T16:54:36.700372,-2.139944,0.000000
2743.7419,2026-06-03T16:54:37.193314,-2.139928,0.000000
2744.2460,2026-06-03T16:54:37.697362,-2.139944,0.000000
2744.7496,2026-06-03T16:54:38.200984,-2.139904,0.000000
2745.2441,2026-06-03T16:54:38.695529,-2.139896,0.000000
2745.7417,2026-06-03T16:54:39.193079,-2.139912,0.000000
2746.2448,2026-06-03T16:54:39.696253,-2.139936,0.000000
2746.7332,2026-06-03T16:54:40.184620,-2.140024,0.000000
2747.2300,2026-06-03T16:54:40.681389,-2.140160,0.000000
2747.7171,2026-06-03T16:54:41.168508,-2.140280,0.000000
2748.2050,2026-06-03T16:54:41.656376,-2.140416,0.000000
2748.6629,2026-06-03T16:54:42.114299,-2.140512,0.000000
2749.1645,2026-06-03T16:54:42.615881,-2.140704,0.000000
2749.6561,2026-06-03T16:54:43.107531,-2.140960,0.000000
2750.1461,2026-06-03T16:54:43.597546,-2.141024,0.000000
2750.6378,2026-06-03T16:54:44.089204,-2.141248,0.000000
2751.1076,2026-06-03T16:54:44.558982,-2.141200,0.000000
2751.6053,2026-06-03T16:54:45.056716,-2.141464,0.000000
2752.1032,2026-06-03T16:54:45.554604,-2.141456,0.000000
2752.6006,2026-06-03T16:54:46.052061,-2.141488,0.000000
2753.1008,2026-06-03T16:54:46.552246,-2.141704,0.000000
2753.5959,2026-06-03T16:54:47.047317,-2.141416,0.000000
2754.0985,2026-06-03T16:54:47.549895,-2.141616,0.000000
2754.6003,2026-06-03T16:54:48.051712,-2.141568,0.000000
2755.0688,2026-06-03T16:54:48.520198,-2.141768,0.000000
2755.5592,2026-06-03T16:54:49.010568,-2.142176,0.000000
2756.0580,2026-06-03T16:54:49.509399,-2.142360,0.000000
2756.5402,2026-06-03T16:54:49.991561,-2.142488,0.000000
2757.0335,2026-06-03T16:54:50.484923,-2.142576,0.000000
2757.5332,2026-06-03T16:54:50.984589,-2.142728,0.000000
2757.9839,2026-06-03T16:54:51.435310,-2.143016,0.000000
2758.4887,2026-06-03T16:54:51.940129,-2.143312,0.000000
2758.9834,2026-06-03T16:54:52.434865,-2.143840,0.000000
2759.4868,2026-06-03T16:54:52.938197,-2.144424,0.000000
2759.9943,2026-06-03T16:54:53.445712,-2.144232,0.000000
2760.4905,2026-06-03T16:54:53.941936,-2.144176,0.000000
2761.0001,2026-06-03T16:54:54.451519,-2.144152,0.000000
2761.5001,2026-06-03T16:54:54.951548,-2.144080,0.000000
2761.9928,2026-06-03T16:54:55.444242,-2.144856,0.000000
2762.4919,2026-06-03T16:54:55.943358,-2.145336,0.000000
2762.9836,2026-06-03T16:54:56.435057,-2.144984,0.000000
2763.4923,2026-06-03T16:54:56.943750,-2.145432,0.000000
2763.9918,2026-06-03T16:54:57.443254,-2.145832,0.000000
2764.5002,2026-06-03T16:54:57.951641,-2.146800,0.000000
2764.9936,2026-06-03T16:54:58.444988,-2.148176,0.000000
2765.4813,2026-06-03T16:54:58.932737,-2.149016,0.000000
2765.9762,2026-06-03T16:54:59.427655,-2.149416,0.000000
2766.4764,2026-06-03T16:54:59.927785,-2.149264,0.000000
2766.9673,2026-06-03T16:55:00.418744,-2.149992,0.000000
2767.4914,2026-06-03T16:55:00.942786,-2.150248,0.000000
2768.0093,2026-06-03T16:55:01.460712,-2.150904,0.000000
2768.5028,2026-06-03T16:55:01.954193,-2.151808,0.000000
2769.0057,2026-06-03T16:55:02.457112,-2.151984,0.000000
2769.5005,2026-06-03T16:55:02.951880,-2.153024,0.000000
2769.9996,2026-06-03T16:55:03.451050,-2.154040,0.000000
2770.4846,2026-06-03T16:55:03.935981,-2.154960,0.000000
2770.9985,2026-06-03T16:55:04.449894,-2.156032,0.000000
2771.4909,2026-06-03T16:55:04.942300,-2.156584,0.000000
2771.9876,2026-06-03T16:55:05.438960,-2.156664,0.000000
2772.4837,2026-06-03T16:55:05.935118,-2.156320,0.000000
2772.9626,2026-06-03T16:55:06.413972,-2.156464,0.000000
2773.4440,2026-06-03T16:55:06.895431,-2.156112,0.000000
2773.9247,2026-06-03T16:55:07.376080,-2.156704,0.000000
2774.4248,2026-06-03T16:55:07.876208,-2.157704,0.000000
2774.9279,2026-06-03T16:55:08.379264,-2.158200,0.000000
2775.4471,2026-06-03T16:55:08.898511,-2.159272,0.000000
2775.9312,2026-06-03T16:55:09.382558,-2.159496,0.000000
2776.4333,2026-06-03T16:55:09.884683,-2.159784,0.000000
2776.9328,2026-06-03T16:55:10.384249,-2.159920,0.000000
2777.4288,2026-06-03T16:55:10.880224,-2.159680,0.000000
2777.9288,2026-06-03T16:55:11.380173,-2.159544,0.000000
2778.4344,2026-06-03T16:55:11.885792,-2.159160,0.000000
2778.9411,2026-06-03T16:55:12.392469,-2.159064,0.000000
2779.4573,2026-06-03T16:55:12.908720,-2.159024,0.000000
2779.9426,2026-06-03T16:55:13.393962,-2.158928,0.000000
2780.4500,2026-06-03T16:55:13.901433,-2.159128,0.000000
2780.9458,2026-06-03T16:55:14.397190,-2.159320,0.000000
2781.4257,2026-06-03T16:55:14.877115,-2.159208,0.000000
2781.9081,2026-06-03T16:55:15.359511,-2.159568,0.000000
2782.4119,2026-06-03T16:55:15.863309,-2.159472,0.000000
2782.9371,2026-06-03T16:55:16.388475,-2.159968,0.000000
2783.4254,2026-06-03T16:55:16.876787,-2.160424,0.000000
2783.8865,2026-06-03T16:55:17.337932,-2.161016,0.000000
2784.4085,2026-06-03T16:55:17.859889,-2.162008,0.000000
2784.9046,2026-06-03T16:55:18.356003,-2.162256,0.000000
2785.4118,2026-06-03T16:55:18.863185,-2.162640,0.000000
2785.9058,2026-06-03T16:55:19.357187,-2.162736,0.000000
2786.3965,2026-06-03T16:55:19.847954,-2.163096,0.000000
2786.8912,2026-06-03T16:55:20.342607,-2.163048,0.000000
2787.4237,2026-06-03T16:55:20.875079,-2.163368,0.000000
2787.9161,2026-06-03T16:55:21.367493,-2.163744,0.000000
2788.4179,2026-06-03T16:55:21.869340,-2.163496,0.000000
2788.9163,2026-06-03T16:55:22.367715,-2.163416,0.000000
2789.4022,2026-06-03T16:55:22.853643,-2.162608,0.000000
2789.9009,2026-06-03T16:55:23.352365,-2.162312,0.000000
2790.3940,2026-06-03T16:55:23.845416,-2.162376,0.000000
2790.8905,2026-06-03T16:55:24.341929,-2.163016,0.000000
2791.3939,2026-06-03T16:55:24.845369,-2.165032,0.000000
2791.8924,2026-06-03T16:55:25.343820,-2.166080,0.000000
2792.3937,2026-06-03T16:55:25.845149,-2.166848,0.000000
2792.8938,2026-06-03T16:55:26.345216,-2.167560,0.000000
2793.3897,2026-06-03T16:55:26.841098,-2.167512,0.000000
2793.8856,2026-06-03T16:55:27.336972,-2.168608,0.000000
2794.3828,2026-06-03T16:55:27.834163,-2.170688,0.000000
2794.8782,2026-06-03T16:55:28.329650,-2.172304,0.000000
2795.3666,2026-06-03T16:55:28.818064,-2.174000,0.000000
2795.8745,2026-06-03T16:55:29.325935,-2.175504,0.000000
2796.3663,2026-06-03T16:55:29.817672,-2.176032,0.000000
2796.8720,2026-06-03T16:55:30.323386,-2.176944,0.000000
2797.3481,2026-06-03T16:55:30.799507,-2.177552,0.000000
2797.8456,2026-06-03T16:55:31.296983,-2.177856,0.000000
2798.3417,2026-06-03T16:55:31.793091,-2.178248,0.000000
2798.8331,2026-06-03T16:55:32.284494,-2.178800,0.000000
2799.3012,2026-06-03T16:55:32.752620,-2.179008,0.000000
2799.8061,2026-06-03T16:55:33.257494,-2.179176,0.000000
2800.2682,2026-06-03T16:55:33.719639,-2.179240,0.000000
2800.7717,2026-06-03T16:55:34.223080,-2.179248,0.000000
2801.2595,2026-06-03T16:55:34.710932,-2.179344,0.000000
2801.7617,2026-06-03T16:55:35.213145,-2.179448,0.000000
2802.2724,2026-06-03T16:55:35.723823,-2.179632,0.000000
2802.7563,2026-06-03T16:55:36.207716,-2.179672,0.000000
2803.2554,2026-06-03T16:55:36.706792,-2.179760,0.000000
2803.7529,2026-06-03T16:55:37.204287,-2.179816,0.000000
2804.2541,2026-06-03T16:55:37.705507,-2.179848,0.000000
2804.7317,2026-06-03T16:55:38.183131,-2.179904,0.000000
2805.1945,2026-06-03T16:55:38.645938,-2.179944,0.000000
2805.6894,2026-06-03T16:55:39.140850,-2.180024,0.000000
2806.1963,2026-06-03T16:55:39.647721,-2.180104,0.000000
2806.6867,2026-06-03T16:55:40.138118,-2.180280,0.000000
2807.1829,2026-06-03T16:55:40.634271,-2.180536,0.000000
2807.7109,2026-06-03T16:55:41.162325,-2.180784,0.000000
2808.2075,2026-06-03T16:55:41.658911,-2.181176,0.000000
2808.6699,2026-06-03T16:55:42.121324,-2.181688,0.000000
2809.1649,2026-06-03T16:55:42.616353,-2.182704,0.000000
2809.6649,2026-06-03T16:55:43.116322,-2.184232,0.000000
2810.1708,2026-06-03T16:55:43.622173,-2.187448,0.000000
2810.6702,2026-06-03T16:55:44.121618,-2.190848,0.000000
2811.1727,2026-06-03T16:55:44.624145,-2.193080,0.000000
2811.6635,2026-06-03T16:55:45.114914,-2.195424,0.000000
2812.1656,2026-06-03T16:55:45.617064,-2.194664,0.000000
2812.6645,2026-06-03T16:55:46.115931,-2.194832,0.000000
2813.1661,2026-06-03T16:55:46.617540,-2.194656,0.000000
2813.6272,2026-06-03T16:55:47.078626,-2.194440,0.000000
2814.1313,2026-06-03T16:55:47.582697,-2.195880,0.000000
2814.6325,2026-06-03T16:55:48.083866,-2.196160,0.000000
2815.1266,2026-06-03T16:55:48.578043,-2.196664,0.000000
2815.6365,2026-06-03T16:55:49.087908,-2.197136,0.000000
2816.1333,2026-06-03T16:55:49.584701,-2.197408,0.000000
2816.6243,2026-06-03T16:55:50.075750,-2.197728,0.000000
2817.1242,2026-06-03T16:55:50.575626,-2.198448,0.000000
2817.6259,2026-06-03T16:55:51.077275,-2.199328,0.000000
2818.1192,2026-06-03T16:55:51.570611,-2.199648,0.000000
2818.5894,2026-06-03T16:55:52.040823,-2.200096,0.000000
2819.0850,2026-06-03T16:55:52.536411,-2.200248,0.000000
2819.5740,2026-06-03T16:55:53.025452,-2.200088,0.000000
2820.0615,2026-06-03T16:55:53.512896,-2.200368,0.000000
2820.5472,2026-06-03T16:55:53.998635,-2.200592,0.000000
2821.0535,2026-06-03T16:55:54.504924,-2.200920,0.000000
2821.5561,2026-06-03T16:55:55.007479,-2.201016,0.000000
2822.0371,2026-06-03T16:55:55.488528,-2.200976,0.000000
2822.5561,2026-06-03T16:55:56.007563,-2.201144,0.000000
2823.0626,2026-06-03T16:55:56.513977,-2.201968,0.000000
2823.5702,2026-06-03T16:55:57.021596,-2.202368,0.000000
2824.0699,2026-06-03T16:55:57.521258,-2.202792,0.000000
2824.5470,2026-06-03T16:55:57.998419,-2.202992,0.000000
2825.0421,2026-06-03T16:55:58.493563,-2.202560,0.000000
2825.5442,2026-06-03T16:55:58.995622,-2.202928,0.000000
2826.0722,2026-06-03T16:55:59.523588,-2.203552,0.000000
2826.5579,2026-06-03T16:56:00.009349,-2.205176,0.000000
2827.0647,2026-06-03T16:56:00.516096,-2.206872,0.000000
2827.5451,2026-06-03T16:56:00.996527,-2.208344,0.000000
2828.0450,2026-06-03T16:56:01.496443,-2.208952,0.000000
2828.5380,2026-06-03T16:56:01.989425,-2.207760,0.000000
2829.0381,2026-06-03T16:56:02.489518,-2.207200,0.000000
2829.5619,2026-06-03T16:56:03.013288,-2.206352,0.000000
2830.0551,2026-06-03T16:56:03.506538,-2.206688,0.000000
2830.5595,2026-06-03T16:56:04.010919,-2.208560,0.000000
2831.0583,2026-06-03T16:56:04.509759,-2.210984,0.000000
2831.5579,2026-06-03T16:56:05.009278,-2.213224,0.000000
2832.0571,2026-06-03T16:56:05.508491,-2.214800,0.000000
2832.5568,2026-06-03T16:56:06.008239,-2.215440,0.000000
2833.0538,2026-06-03T16:56:06.505185,-2.215424,0.000000
2833.5155,2026-06-03T16:56:06.966882,-2.215720,0.000000
2834.0273,2026-06-03T16:56:07.478722,-2.216192,0.000000
2834.5234,2026-06-03T16:56:07.974763,-2.217056,0.000000
2835.0206,2026-06-03T16:56:08.472062,-2.217008,0.000000
2835.5183,2026-06-03T16:56:08.969739,-2.216448,0.000000
2836.0163,2026-06-03T16:56:09.467691,-2.216216,0.000000
2836.5132,2026-06-03T16:56:09.964613,-2.215992,0.000000
2837.0125,2026-06-03T16:56:10.463966,-2.215920,0.000000
2837.5414,2026-06-03T16:56:10.992783,-2.216136,0.000000
2838.0397,2026-06-03T16:56:11.491152,-2.216192,0.000000
2838.5434,2026-06-03T16:56:11.994864,-2.215888,0.000000
2839.0404,2026-06-03T16:56:12.491843,-2.216424,0.000000
2839.5132,2026-06-03T16:56:12.964589,-2.217184,0.000000
2840.0140,2026-06-03T16:56:13.465383,-2.217232,0.000000
2840.4990,2026-06-03T16:56:13.950389,-2.217072,0.000000
2840.9992,2026-06-03T16:56:14.450607,-2.216712,0.000000
2841.5294,2026-06-03T16:56:14.980855,-2.216496,0.000000
2842.0376,2026-06-03T16:56:15.489041,-2.216840,0.000000
2842.5407,2026-06-03T16:56:15.992149,-2.217360,0.000000
2843.0343,2026-06-03T16:56:16.485720,-2.217528,0.000000
2843.5321,2026-06-03T16:56:16.983567,-2.217376,0.000000
2844.0235,2026-06-03T16:56:17.474933,-2.217152,0.000000
2844.5197,2026-06-03T16:56:17.971144,-2.217064,0.000000
2845.0531,2026-06-03T16:56:18.504512,-2.217080,0.000000
2845.5592,2026-06-03T16:56:19.010630,-2.217152,0.000000
2846.0648,2026-06-03T16:56:19.516205,-2.217600,0.000000
2846.5693,2026-06-03T16:56:20.020708,-2.218128,0.000000
2847.0564,2026-06-03T16:56:20.507852,-2.218448,0.000000
2847.5562,2026-06-03T16:56:21.007604,-2.218472,0.000000
2848.0736,2026-06-03T16:56:21.525051,-2.218136,0.000000
2848.5746,2026-06-03T16:56:22.026042,-2.217840,0.000000
2849.0716,2026-06-03T16:56:22.522987,-2.217512,0.000000
2849.5715,2026-06-03T16:56:23.022933,-2.217688,0.000000
2850.0711,2026-06-03T16:56:23.522509,-2.217752,0.000000
2850.6030,2026-06-03T16:56:24.054416,-2.217576,0.000000
2851.1114,2026-06-03T16:56:24.562812,-2.217736,0.000000
2851.6133,2026-06-03T16:56:25.064718,-2.217848,0.000000
2852.1116,2026-06-03T16:56:25.563018,-2.217872,0.000000
2852.6066,2026-06-03T16:56:26.058035,-2.218360,0.000000
2853.1446,2026-06-03T16:56:26.595973,-2.218624,0.000000
2853.6420,2026-06-03T16:56:27.093464,-2.218672,0.000000
2854.1373,2026-06-03T16:56:27.588718,-2.218704,0.000000
2854.6208,2026-06-03T16:56:28.072185,-2.218736,0.000000
2855.0853,2026-06-03T16:56:28.536707,-2.218816,0.000000
2855.5817,2026-06-03T16:56:29.033091,-2.218928,0.000000
2856.0846,2026-06-03T16:56:29.536062,-2.219048,0.000000
2856.5805,2026-06-03T16:56:30.031908,-2.219072,0.000000
2857.1178,2026-06-03T16:56:30.569185,-2.218840,0.000000
2857.6067,2026-06-03T16:56:31.058112,-2.218744,0.000000
2858.1056,2026-06-03T16:56:31.556970,-2.218656,0.000000
2858.6036,2026-06-03T16:56:32.055005,-2.218616,0.000000
2859.1059,2026-06-03T16:56:32.557315,-2.218680,0.000000
2859.5842,2026-06-03T16:56:33.035648,-2.218712,0.000000
2860.0861,2026-06-03T16:56:33.537515,-2.218624,0.000000
2860.5768,2026-06-03T16:56:34.028219,-2.218520,0.000000
2861.0813,2026-06-03T16:56:34.532684,-2.218624,0.000000
2861.5833,2026-06-03T16:56:35.034677,-2.218560,0.000000
2862.0841,2026-06-03T16:56:35.535509,-2.218656,0.000000
2862.5781,2026-06-03T16:56:36.029562,-2.218632,0.000000
2863.0819,2026-06-03T16:56:36.533268,-2.218432,0.000000
2863.5808,2026-06-03T16:56:37.032209,-2.218488,0.000000
2864.0776,2026-06-03T16:56:37.528985,-2.218456,0.000000
2864.6057,2026-06-03T16:56:38.057079,-2.218432,0.000000
2865.1040,2026-06-03T16:56:38.555460,-2.218608,0.000000
2865.5845,2026-06-03T16:56:39.035962,-2.218664,0.000000
2866.0581,2026-06-03T16:56:39.509528,-2.218712,0.000000
2866.5492,2026-06-03T16:56:40.000647,-2.218960,0.000000
2867.0361,2026-06-03T16:56:40.487493,-2.218880,0.000000
2867.5193,2026-06-03T16:56:40.970741,-2.218600,0.000000
2868.0106,2026-06-03T16:56:41.461998,-2.218096,0.000000
2868.5140,2026-06-03T16:56:41.965398,-2.217776,0.000000
2869.0133,2026-06-03T16:56:42.464683,-2.217656,0.000000
2869.4736,2026-06-03T16:56:42.925022,-2.217864,0.000000
2869.9523,2026-06-03T16:56:43.403686,-2.218392,0.000000
2870.4433,2026-06-03T16:56:43.894686,-2.218504,0.000000
2870.9382,2026-06-03T16:56:44.389644,-2.218672,0.000000
2871.4275,2026-06-03T16:56:44.878882,-2.218456,0.000000
2871.9021,2026-06-03T16:56:45.353546,-2.218408,0.000000
2872.3861,2026-06-03T16:56:45.837484,-2.218552,0.000000
2872.8808,2026-06-03T16:56:46.332214,-2.218728,0.000000
2873.3820,2026-06-03T16:56:46.833373,-2.219048,0.000000
2873.9104,2026-06-03T16:56:47.361784,-2.219032,0.000000
2874.3892,2026-06-03T16:56:47.840606,-2.219088,0.000000
2874.9017,2026-06-03T16:56:48.353139,-2.219216,0.000000
2875.3915,2026-06-03T16:56:48.842878,-2.219320,0.000000
2875.8586,2026-06-03T16:56:49.310021,-2.219440,0.000000
2876.3545,2026-06-03T16:56:49.805910,-2.219400,0.000000
2876.8512,2026-06-03T16:56:50.302616,-2.219328,0.000000
2877.3530,2026-06-03T16:56:50.804445,-2.219264,0.000000
2877.8570,2026-06-03T16:56:51.308420,-2.219064,0.000000
2878.3848,2026-06-03T16:56:51.836202,-2.218888,0.000000
2878.8801,2026-06-03T16:56:52.331502,-2.218576,0.000000
2879.3736,2026-06-03T16:56:52.825038,-2.218432,0.000000
2879.8428,2026-06-03T16:56:53.294186,-2.218360,0.000000
2880.3426,2026-06-03T16:56:53.794048,-2.218288,0.000000
2880.8419,2026-06-03T16:56:54.293286,-2.218224,0.000000
2881.3320,2026-06-03T16:56:54.783423,-2.218272,0.000000
2881.8358,2026-06-03T16:56:55.287184,-2.218128,0.000000
2882.3664,2026-06-03T16:56:55.817779,-2.218064,0.000000
2882.8686,2026-06-03T16:56:56.320012,-2.218160,0.000000
2883.3594,2026-06-03T16:56:56.810798,-2.217944,0.000000
2883.8512,2026-06-03T16:56:57.302621,-2.217976,0.000000
2884.3526,2026-06-03T16:56:57.804005,-2.217920,0.000000
2884.8540,2026-06-03T16:56:58.305390,-2.218080,0.000000
2885.3773,2026-06-03T16:56:58.828686,-2.218216,0.000000
2885.8942,2026-06-03T16:56:59.345618,-2.218344,0.000000
2886.3861,2026-06-03T16:56:59.837495,-2.218528,0.000000
2886.8853,2026-06-03T16:57:00.336693,-2.218488,0.000000
2887.3762,2026-06-03T16:57:00.827637,-2.218584,0.000000
2887.8762,2026-06-03T16:57:01.327601,-2.218328,0.000000
2888.3831,2026-06-03T16:57:01.834515,-2.218280,0.000000
2888.8562,2026-06-03T16:57:02.307558,-2.218328,0.000000
2889.3680,2026-06-03T16:57:02.819421,-2.218328,0.000000
2889.8600,2026-06-03T16:57:03.311416,-2.218304,0.000000
2890.3565,2026-06-03T16:57:03.807892,-2.218032,0.000000
2890.8526,2026-06-03T16:57:04.304008,-2.217688,0.000000
2891.3532,2026-06-03T16:57:04.804633,-2.217536,0.000000
2891.8250,2026-06-03T16:57:05.276411,-2.217512,0.000000
2892.3190,2026-06-03T16:57:05.770379,-2.217664,0.000000
2892.7836,2026-06-03T16:57:06.235031,-2.217848,0.000000
2893.2752,2026-06-03T16:57:06.726624,-2.217888,0.000000
2893.7687,2026-06-03T16:57:07.220089,-2.217976,0.000000
2894.2762,2026-06-03T16:57:07.727588,-2.217792,0.000000
2894.7781,2026-06-03T16:57:08.229526,-2.217664,0.000000
2895.2822,2026-06-03T16:57:08.733582,-2.217360,0.000000
2895.7723,2026-06-03T16:57:09.223683,-2.216992,0.000000
2896.2730,2026-06-03T16:57:09.724410,-2.217120,0.000000
2896.7607,2026-06-03T16:57:10.212111,-2.216832,0.000000
2897.2602,2026-06-03T16:57:10.711602,-2.216808,0.000000
2897.7981,2026-06-03T16:57:11.249553,-2.216576,0.000000
2898.2915,2026-06-03T16:57:11.742922,-2.216408,0.000000
2898.7901,2026-06-03T16:57:12.241524,-2.216440,0.000000
2899.2813,2026-06-03T16:57:12.732693,-2.216872,0.000000
2899.7853,2026-06-03T16:57:13.236747,-2.217264,0.000000
2900.2741,2026-06-03T16:57:13.725534,-2.217088,0.000000
2900.7730,2026-06-03T16:57:14.224397,-2.216920,0.000000
2901.2672,2026-06-03T16:57:14.718594,-2.216256,0.000000
2901.7349,2026-06-03T16:57:15.186336,-2.216192,0.000000
2902.2377,2026-06-03T16:57:15.689143,-2.216160,0.000000
2902.7380,2026-06-03T16:57:16.189423,-2.216248,0.000000
2903.2027,2026-06-03T16:57:16.654162,-2.216064,0.000000
2903.6926,2026-06-03T16:57:17.143966,-2.215016,0.000000
2904.1842,2026-06-03T16:57:17.635645,-2.213568,0.000000
2904.7170,2026-06-03T16:57:18.168454,-2.212544,0.000000
2905.2146,2026-06-03T16:57:18.666032,-2.212152,0.000000
2905.7171,2026-06-03T16:57:19.168513,-2.212304,0.000000
2906.1891,2026-06-03T16:57:19.640523,-2.213568,0.000000
2906.6670,2026-06-03T16:57:20.118446,-2.214016,0.000000
2907.1496,2026-06-03T16:57:20.600980,-2.214112,0.000000
2907.6458,2026-06-03T16:57:21.097244,-2.214168,0.000000
2908.1346,2026-06-03T16:57:21.585990,-2.213488,0.000000
2908.6270,2026-06-03T16:57:22.078458,-2.213176,0.000000
2909.1301,2026-06-03T16:57:22.581536,-2.212440,0.000000
2909.6641,2026-06-03T16:57:23.115550,-2.211008,0.000000
2910.1590,2026-06-03T16:57:23.610399,-2.209104,0.000000
2910.6594,2026-06-03T16:57:24.110832,-2.207112,0.000000
2911.1562,2026-06-03T16:57:24.607609,-2.205528,0.000000
2911.6563,2026-06-03T16:57:25.107740,-2.205536,0.000000
2912.1568,2026-06-03T16:57:25.608191,-2.205544,0.000000
2912.6705,2026-06-03T16:57:26.121885,-2.205712,0.000000
2913.1726,2026-06-03T16:57:26.624002,-2.204768,0.000000
2913.6727,2026-06-03T16:57:27.124074,-2.203256,0.000000
2914.1484,2026-06-03T16:57:27.599772,-2.201960,0.000000
2914.6228,2026-06-03T16:57:28.074224,-2.200856,0.000000
2915.1230,2026-06-03T16:57:28.574415,-2.201288,0.000000
2915.6247,2026-06-03T16:57:29.076138,-2.200768,0.000000
2916.1179,2026-06-03T16:57:29.569345,-2.200104,0.000000
2916.6079,2026-06-03T16:57:30.059326,-2.199984,0.000000
2917.1427,2026-06-03T16:57:30.594111,-2.198696,0.000000
2917.6480,2026-06-03T16:57:31.099462,-2.198360,0.000000
2918.1057,2026-06-03T16:57:31.557124,-2.198744,0.000000
2918.5990,2026-06-03T16:57:32.050434,-2.198224,0.000000
2919.0943,2026-06-03T16:57:32.545763,-2.197864,0.000000
2919.5880,2026-06-03T16:57:33.039388,-2.197224,0.000000
2920.0921,2026-06-03T16:57:33.543502,-2.195816,0.000000
2920.5855,2026-06-03T16:57:34.036950,-2.195472,0.000000
2921.1177,2026-06-03T16:57:34.569104,-2.195200,0.000000
2921.6059,2026-06-03T16:57:35.057362,-2.194856,0.000000
2922.0767,2026-06-03T16:57:35.528119,-2.194496,0.000000
2922.5678,2026-06-03T16:57:36.019303,-2.193576,0.000000
2923.0559,2026-06-03T16:57:36.507289,-2.192304,0.000000
2923.5612,2026-06-03T16:57:37.012643,-2.191720,0.000000
2924.0571,2026-06-03T16:57:37.508532,-2.191680,0.000000
2924.5600,2026-06-03T16:57:38.011396,-2.191032,0.000000
2925.0401,2026-06-03T16:57:38.491501,-2.190240,0.000000
2925.5252,2026-06-03T16:57:38.976647,-2.189200,0.000000
2926.0105,2026-06-03T16:57:39.461877,-2.187208,0.000000
2926.5142,2026-06-03T16:57:39.965648,-2.186696,0.000000
2927.0144,2026-06-03T16:57:40.465779,-2.185744,0.000000
2927.5241,2026-06-03T16:57:40.975510,-2.185168,0.000000
2928.0228,2026-06-03T16:57:41.474266,-2.185024,0.000000
2928.5311,2026-06-03T16:57:41.982488,-2.184384,0.000000
2929.0378,2026-06-03T16:57:42.489216,-2.184328,0.000000
2929.5077,2026-06-03T16:57:42.959070,-2.183704,0.000000
2930.0100,2026-06-03T16:57:43.461389,-2.182904,0.000000
2930.4857,2026-06-03T16:57:43.937081,-2.182328,0.000000
2930.9820,2026-06-03T16:57:44.433409,-2.181896,0.000000
2931.4725,2026-06-03T16:57:44.923903,-2.181840,0.000000
2931.9665,2026-06-03T16:57:45.417872,-2.181696,0.000000
2932.4859,2026-06-03T16:57:45.937278,-2.181336,0.000000
2932.9809,2026-06-03T16:57:46.432341,-2.181176,0.000000
2933.4643,2026-06-03T16:57:46.915758,-2.180968,0.000000
2933.9372,2026-06-03T16:57:47.388568,-2.180848,0.000000
2934.4402,2026-06-03T16:57:47.891597,-2.180784,0.000000
2934.9335,2026-06-03T16:57:48.384882,-2.180592,0.000000
2935.4257,2026-06-03T16:57:48.877157,-2.180448,0.000000
2935.8996,2026-06-03T16:57:49.350972,-2.180488,0.000000
2936.3835,2026-06-03T16:57:49.834906,-2.180336,0.000000
2936.8892,2026-06-03T16:57:50.340632,-2.180256,0.000000
2937.3493,2026-06-03T16:57:50.800725,-2.180200,0.000000
2937.8499,2026-06-03T16:57:51.301361,-2.180008,0.000000
2938.3432,2026-06-03T16:57:51.794641,-2.180008,0.000000
2938.8226,2026-06-03T16:57:52.274025,-2.179928,0.000000
2939.2996,2026-06-03T16:57:52.751056,-2.179856,0.000000
2939.7962,2026-06-03T16:57:53.247639,-2.179840,0.000000
2940.2747,2026-06-03T16:57:53.726074,-2.179856,0.000000
2940.7778,2026-06-03T16:57:54.229181,-2.179888,0.000000
2941.2639,2026-06-03T16:57:54.715360,-2.179832,0.000000
2941.7663,2026-06-03T16:57:55.217668,-2.179728,0.000000
2942.2818,2026-06-03T16:57:55.733207,-2.179624,0.000000
2942.7753,2026-06-03T16:57:56.226688,-2.179568,0.000000
2943.2734,2026-06-03T16:57:56.724830,-2.179568,0.000000
2943.7683,2026-06-03T16:57:57.219695,-2.179600,0.000000
2944.2624,2026-06-03T16:57:57.713831,-2.179512,0.000000
2944.7598,2026-06-03T16:57:58.211178,-2.179432,0.000000
2945.2624,2026-06-03T16:57:58.713757,-2.179312,0.000000
2945.7751,2026-06-03T16:57:59.226469,-2.179032,0.000000
2946.2432,2026-06-03T16:57:59.694602,-2.178696,0.000000
2946.7515,2026-06-03T16:58:00.202959,-2.177968,0.000000
2947.2536,2026-06-03T16:58:00.705066,-2.177288,0.000000
2947.7542,2026-06-03T16:58:01.205610,-2.177064,0.000000
2948.2483,2026-06-03T16:58:01.699690,-2.176688,0.000000
2948.7511,2026-06-03T16:58:02.202524,-2.176616,0.000000
2949.2785,2026-06-03T16:58:02.729942,-2.176352,0.000000
2949.7600,2026-06-03T16:58:03.211462,-2.175744,0.000000
2950.2663,2026-06-03T16:58:03.717668,-2.175320,0.000000
2950.7581,2026-06-03T16:58:04.209485,-2.174736,0.000000
2951.2588,2026-06-03T16:58:04.710222,-2.174112,0.000000
2951.7415,2026-06-03T16:58:05.192956,-2.173136,0.000000
2952.2431,2026-06-03T16:58:05.694469,-2.173152,0.000000
2952.7415,2026-06-03T16:58:06.192950,-2.173400,0.000000
2953.2541,2026-06-03T16:58:06.705512,-2.172512,0.000000
2953.7310,2026-06-03T16:58:07.182396,-2.171176,0.000000
2954.2291,2026-06-03T16:58:07.680520,-2.168832,0.000000
2954.7053,2026-06-03T16:58:08.156688,-2.165664,0.000000
2955.2043,2026-06-03T16:58:08.655741,-2.164080,0.000000
2955.7018,2026-06-03T16:58:09.153239,-2.162736,0.000000
2956.1964,2026-06-03T16:58:09.647830,-2.161760,0.000000
2956.6788,2026-06-03T16:58:10.130185,-2.160792,0.000000
2957.2122,2026-06-03T16:58:10.663633,-2.160024,0.000000
2957.7179,2026-06-03T16:58:11.169317,-2.159168,0.000000
2958.2142,2026-06-03T16:58:11.665662,-2.158488,0.000000
2958.7064,2026-06-03T16:58:12.157810,-2.158040,0.000000
2959.2096,2026-06-03T16:58:12.661066,-2.157208,0.000000
2959.7103,2026-06-03T16:58:13.161767,-2.156400,0.000000
2960.2382,2026-06-03T16:58:13.689628,-2.155656,0.000000
2960.7100,2026-06-03T16:58:14.161421,-2.155000,0.000000
2961.2141,2026-06-03T16:58:14.665513,-2.155024,0.000000
2961.7220,2026-06-03T16:58:15.173465,-2.154664,0.000000
2962.2213,2026-06-03T16:58:15.672740,-2.154584,0.000000
2962.7121,2026-06-03T16:58:16.163566,-2.153400,0.000000
2963.2011,2026-06-03T16:58:16.652464,-2.151416,0.000000
2963.7013,2026-06-03T16:58:17.152733,-2.149800,0.000000
2964.2175,2026-06-03T16:58:17.668930,-2.148136,0.000000
2964.7137,2026-06-03T16:58:18.165148,-2.147248,0.000000
2965.2093,2026-06-03T16:58:18.660728,-2.146784,0.000000
2965.6988,2026-06-03T16:58:19.150221,-2.146552,0.000000
2966.2012,2026-06-03T16:58:19.652592,-2.145808,0.000000
2966.6987,2026-06-03T16:58:20.150130,-2.144808,0.000000
2967.1953,2026-06-03T16:58:20.646717,-2.144456,0.000000
2967.6845,2026-06-03T16:58:21.135909,-2.144224,0.000000
2968.1774,2026-06-03T16:58:21.628847,-2.144144,0.000000
2968.6846,2026-06-03T16:58:22.135975,-2.144016,0.000000
2969.1799,2026-06-03T16:58:22.631273,-2.143216,0.000000
2969.6843,2026-06-03T16:58:23.135744,-2.142560,0.000000
2970.1760,2026-06-03T16:58:23.627418,-2.142152,0.000000
2970.6751,2026-06-03T16:58:24.126506,-2.141792,0.000000
2971.1701,2026-06-03T16:58:24.621499,-2.141824,0.000000
2971.6788,2026-06-03T16:58:25.130235,-2.141904,0.000000
2972.1801,2026-06-03T16:58:25.631555,-2.141664,0.000000
2972.6484,2026-06-03T16:58:26.099853,-2.141720,0.000000
2973.1546,2026-06-03T16:58:26.605980,-2.141768,0.000000
2973.6540,2026-06-03T16:58:27.105420,-2.141520,0.000000
2974.1537,2026-06-03T16:58:27.605109,-2.141672,0.000000
2974.6508,2026-06-03T16:58:28.102172,-2.141552,0.000000
2975.1846,2026-06-03T16:58:28.636025,-2.141392,0.000000
2975.6836,2026-06-03T16:58:29.135007,-2.141432,0.000000
2976.1509,2026-06-03T16:58:29.602286,-2.141184,0.000000
2976.6496,2026-06-03T16:58:30.100972,-2.141208,0.000000
2977.1499,2026-06-03T16:58:30.601322,-2.141072,0.000000
2977.6495,2026-06-03T16:58:31.100924,-2.140904,0.000000
2978.1476,2026-06-03T16:58:31.598966,-2.140728,0.000000
2978.6550,2026-06-03T16:58:32.106383,-2.140488,0.000000
2979.1263,2026-06-03T16:58:32.577711,-2.140320,0.000000
2979.6327,2026-06-03T16:58:33.084154,-2.140112,0.000000
2980.1172,2026-06-03T16:58:33.568567,-2.139984,0.000000
2980.6172,2026-06-03T16:58:34.068667,-2.140008,0.000000
2981.1101,2026-06-03T16:58:34.561525,-2.139992,0.000000
2981.5692,2026-06-03T16:58:35.020604,-2.139968,0.000000
2982.0280,2026-06-03T16:58:35.479429,-2.139960,0.000000
2982.5267,2026-06-03T16:58:35.978090,-2.139848,0.000000
2983.0255,2026-06-03T16:58:36.476868,-2.139784,0.000000
2983.5244,2026-06-03T16:58:36.975795,-2.139720,0.000000
2984.0216,2026-06-03T16:58:37.473018,-2.139704,0.000000
2984.5258,2026-06-03T16:58:37.977222,-2.139664,0.000000
2985.0358,2026-06-03T16:58:38.487187,-2.139656,0.000000
2985.5370,2026-06-03T16:58:38.988442,-2.139632,0.000000
2986.0378,2026-06-03T16:58:39.489257,-2.139648,0.000000
2986.5420,2026-06-03T16:58:39.993467,-2.139632,0.000000
2987.0345,2026-06-03T16:58:40.485923,-2.139640,0.000000
2987.5300,2026-06-03T16:58:40.981442,-2.139648,0.000000
2988.0246,2026-06-03T16:58:41.475989,-2.139632,0.000000
2988.5216,2026-06-03T16:58:41.972997,-2.139592,0.000000
2989.0147,2026-06-03T16:58:42.466082,-2.139360,0.000000
2989.4907,2026-06-03T16:58:42.942101,-2.139120,0.000000
2989.9755,2026-06-03T16:58:43.426905,-2.138904,0.000000
2990.4674,2026-06-03T16:58:43.918807,-2.138712,0.000000
2990.9693,2026-06-03T16:58:44.420724,-2.138504,0.000000
2991.4692,2026-06-03T16:58:44.920608,-2.138144,0.000000
2991.9784,2026-06-03T16:58:45.429861,-2.137832,0.000000
2992.4706,2026-06-03T16:58:45.921999,-2.137288,0.000000
2992.9701,2026-06-03T16:58:46.421560,-2.136344,0.000000
2993.4726,2026-06-03T16:58:46.924010,-2.135680,0.000000
2993.9644,2026-06-03T16:58:47.415806,-2.135008,0.000000
2994.4741,2026-06-03T16:58:47.925482,-2.134352,0.000000
2994.9617,2026-06-03T16:58:48.413072,-2.133960,0.000000
2995.4558,2026-06-03T16:58:48.907185,-2.133368,0.000000
2995.9842,2026-06-03T16:58:49.435669,-2.132032,0.000000
2996.4766,2026-06-03T16:58:49.928013,-2.130824,0.000000
2996.9636,2026-06-03T16:58:50.414986,-2.129848,0.000000
2997.4590,2026-06-03T16:58:50.910446,-2.128312,0.000000
2997.9647,2026-06-03T16:58:51.416073,-2.126816,0.000000
2998.4581,2026-06-03T16:58:51.909505,-2.125032,0.000000
2998.9621,2026-06-03T16:58:52.413502,-2.122984,0.000000
2999.4825,2026-06-03T16:58:52.933879,-2.121424,0.000000
2999.9903,2026-06-03T16:58:53.441724,-2.119712,0.000000
3000.4841,2026-06-03T16:58:53.935571,-2.118600,0.000000
3000.9859,2026-06-03T16:58:54.437367,-2.117800,0.000000
3001.4861,2026-06-03T16:58:54.937514,-2.116248,0.000000
3001.9826,2026-06-03T16:58:55.433993,-2.114912,0.000000
3002.4873,2026-06-03T16:58:55.938729,-2.112240,0.000000
3002.9807,2026-06-03T16:58:56.432072,-2.109592,0.000000
3003.4463,2026-06-03T16:58:56.897758,-2.108016,0.000000
3003.9619,2026-06-03T16:58:57.413288,-2.106816,0.000000
3004.4287,2026-06-03T16:58:57.880140,-2.105632,0.000000
3004.9383,2026-06-03T16:58:58.389681,-2.104568,0.000000
3005.4326,2026-06-03T16:58:58.884028,-2.103560,0.000000
3005.9332,2026-06-03T16:58:59.384594,-2.102392,0.000000
3006.4246,2026-06-03T16:58:59.876009,-2.101904,0.000000
3006.9127,2026-06-03T16:59:00.364099,-2.101720,0.000000
3007.4133,2026-06-03T16:59:00.864741,-2.101064,0.000000
3007.8879,2026-06-03T16:59:01.339321,-2.100816,0.000000
3008.3606,2026-06-03T16:59:01.812050,-2.100560,0.000000
3008.8585,2026-06-03T16:59:02.309901,-2.100432,0.000000
3009.3613,2026-06-03T16:59:02.812717,-2.100344,0.000000
3009.8381,2026-06-03T16:59:03.289507,-2.100224,0.000000
3010.3408,2026-06-03T16:59:03.792263,-2.100104,0.000000
3010.8358,2026-06-03T16:59:04.287177,-2.100040,0.000000
3011.3458,2026-06-03T16:59:04.797206,-2.100008,0.000000
3011.8458,2026-06-03T16:59:05.297173,-2.100008,0.000000
3012.3475,2026-06-03T16:59:05.798887,-2.099960,0.000000
3012.8464,2026-06-03T16:59:06.297809,-2.099848,0.000000
3013.3507,2026-06-03T16:59:06.802148,-2.099752,0.000000
3013.8469,2026-06-03T16:59:07.298360,-2.099704,0.000000
3014.3445,2026-06-03T16:59:07.795862,-2.099656,0.000000
3014.8406,2026-06-03T16:59:08.292005,-2.099656,0.000000
3015.3459,2026-06-03T16:59:08.797284,-2.099632,0.000000
3015.8466,2026-06-03T16:59:09.298008,-2.099392,0.000000
3016.3533,2026-06-03T16:59:09.804725,-2.099152,0.000000
3016.8399,2026-06-03T16:59:10.291289,-2.098856,0.000000
3017.3381,2026-06-03T16:59:10.789566,-2.098448,0.000000
3017.8328,2026-06-03T16:59:11.284214,-2.097904,0.000000
3018.3298,2026-06-03T16:59:11.781193,-2.097192,0.000000
3018.8246,2026-06-03T16:59:12.276059,-2.095904,0.000000
3019.2977,2026-06-03T16:59:12.749095,-2.093920,0.000000
3019.7973,2026-06-03T16:59:13.248694,-2.092440,0.000000
3020.3039,2026-06-03T16:59:13.755352,-2.090080,0.000000
3020.8089,2026-06-03T16:59:14.260317,-2.088624,0.000000
3021.3048,2026-06-03T16:59:14.756248,-2.086600,0.000000
3021.8069,2026-06-03T16:59:15.258276,-2.084784,0.000000
3022.2919,2026-06-03T16:59:15.743329,-2.083864,0.000000
3022.7777,2026-06-03T16:59:16.229132,-2.082736,0.000000
3023.2781,2026-06-03T16:59:16.729511,-2.082312,0.000000
3023.7683,2026-06-03T16:59:17.219750,-2.081672,0.000000
3024.2702,2026-06-03T16:59:17.721563,-2.080696,0.000000
3024.7604,2026-06-03T16:59:18.211795,-2.080040,0.000000
3025.2337,2026-06-03T16:59:18.685134,-2.079176,0.000000
3025.7290,2026-06-03T16:59:19.180376,-2.078480,0.000000
3026.2334,2026-06-03T16:59:19.684795,-2.077960,0.000000
3026.6874,2026-06-03T16:59:20.138840,-2.077064,0.000000
3027.1560,2026-06-03T16:59:20.607449,-2.075584,0.000000
3027.6485,2026-06-03T16:59:21.099939,-2.074376,0.000000
3028.1434,2026-06-03T16:59:21.594803,-2.073528,0.000000
3028.6501,2026-06-03T16:59:22.101479,-2.072120,0.000000
3029.1032,2026-06-03T16:59:22.554653,-2.071328,0.000000
3029.6004,2026-06-03T16:59:23.051808,-2.070600,0.000000
3030.1004,2026-06-03T16:59:23.551838,-2.068744,0.000000
3030.5911,2026-06-03T16:59:24.042521,-2.066952,0.000000
3031.0863,2026-06-03T16:59:24.537693,-2.065864,0.000000
3031.5833,2026-06-03T16:59:25.034770,-2.064328,0.000000
3032.0854,2026-06-03T16:59:25.536805,-2.062984,0.000000
3032.5836,2026-06-03T16:59:26.034994,-2.062248,0.000000
3033.0849,2026-06-03T16:59:26.536347,-2.061328,0.000000
3033.5337,2026-06-03T16:59:26.985139,-2.060912,0.000000
3034.0337,2026-06-03T16:59:27.485079,-2.060696,0.000000
3034.5168,2026-06-03T16:59:27.968174,-2.060384,0.000000
3035.0000,2026-06-03T16:59:28.451412,-2.060296,0.000000
3035.4950,2026-06-03T16:59:28.946426,-2.060136,0.000000
3035.9939,2026-06-03T16:59:29.445301,-2.059968,0.000000
3036.4908,2026-06-03T16:59:29.942231,-2.059760,0.000000
3036.9971,2026-06-03T16:59:30.448561,-2.059472,0.000000
3037.5198,2026-06-03T16:59:30.971250,-2.059192,0.000000
3038.0318,2026-06-03T16:59:31.483237,-2.058056,0.000000
3038.5259,2026-06-03T16:59:31.977366,-2.056928,0.000000
3039.0276,2026-06-03T16:59:32.479039,-2.055784,0.000000
3039.4911,2026-06-03T16:59:32.942522,-2.054224,0.000000
3039.9836,2026-06-03T16:59:33.435015,-2.053496,0.000000
3040.4785,2026-06-03T16:59:33.929899,-2.052616,0.000000
3040.9587,2026-06-03T16:59:34.410098,-2.050552,0.000000
3041.4540,2026-06-03T16:59:34.905454,-2.049056,0.000000
3041.9486,2026-06-03T16:59:35.400051,-2.048040,0.000000
3042.4443,2026-06-03T16:59:35.895672,-2.046656,0.000000
3042.9334,2026-06-03T16:59:36.384765,-2.045920,0.000000
3043.4362,2026-06-03T16:59:36.887597,-2.044008,0.000000
3043.9305,2026-06-03T16:59:37.381893,-2.041264,0.000000
3044.4296,2026-06-03T16:59:37.880978,-2.038528,0.000000
3044.9264,2026-06-03T16:59:38.377861,-2.036176,0.000000
3045.4201,2026-06-03T16:59:38.871462,-2.034024,0.000000
3045.9160,2026-06-03T16:59:39.367462,-2.032904,0.000000
3046.4224,2026-06-03T16:59:39.873867,-2.031760,0.000000
3046.9193,2026-06-03T16:59:40.370687,-2.030096,0.000000
3047.4249,2026-06-03T16:59:40.876307,-2.028936,0.000000
3047.9168,2026-06-03T16:59:41.368191,-2.027408,0.000000
3048.4168,2026-06-03T16:59:41.868202,-2.025280,0.000000
3048.9103,2026-06-03T16:59:42.361698,-2.023752,0.000000
3049.4081,2026-06-03T16:59:42.859498,-2.022648,0.000000
3049.8746,2026-06-03T16:59:43.326047,-2.021336,0.000000
3050.3680,2026-06-03T16:59:43.819395,-2.020768,0.000000
3050.8654,2026-06-03T16:59:44.316799,-2.020512,0.000000
3051.3615,2026-06-03T16:59:44.812938,-2.020192,0.000000
3051.8541,2026-06-03T16:59:45.305534,-2.020024,0.000000
3052.3501,2026-06-03T16:59:45.801496,-2.019976,0.000000
3052.8333,2026-06-03T16:59:46.284724,-2.019840,0.000000
3053.3454,2026-06-03T16:59:46.796837,-2.019704,0.000000
3053.8367,2026-06-03T16:59:47.288100,-2.019392,0.000000
3054.3424,2026-06-03T16:59:47.793831,-2.019032,0.000000
3054.8329,2026-06-03T16:59:48.284305,-2.018576,0.000000
3055.3332,2026-06-03T16:59:48.784621,-2.018136,0.000000
3055.8324,2026-06-03T16:59:49.283795,-2.017352,0.000000
3056.3417,2026-06-03T16:59:49.793131,-2.016360,0.000000
3056.8322,2026-06-03T16:59:50.283614,-2.015208,0.000000
3057.3335,2026-06-03T16:59:50.784884,-2.013576,0.000000
3057.8333,2026-06-03T16:59:51.284732,-2.010848,0.000000
3058.3204,2026-06-03T16:59:51.771804,-2.009000,0.000000
3058.7866,2026-06-03T16:59:52.237987,-2.007544,0.000000
3059.2474,2026-06-03T16:59:52.698786,-2.005976,0.000000
3059.7505,2026-06-03T16:59:53.201929,-2.005000,0.000000
3060.2396,2026-06-03T16:59:53.691053,-2.004176,0.000000
3060.7083,2026-06-03T16:59:54.159687,-2.002680,0.000000
3061.2042,2026-06-03T16:59:54.655631,-2.001432,0.000000
3061.7105,2026-06-03T16:59:55.161910,-2.001040,0.000000
3062.2007,2026-06-03T16:59:55.652100,-2.000200,0.000000
3062.7120,2026-06-03T16:59:56.163431,-1.999104,0.000000
3063.2173,2026-06-03T16:59:56.668725,-1.998464,0.000000
3063.7125,2026-06-03T16:59:57.163894,-1.997904,0.000000
3064.1826,2026-06-03T16:59:57.634026,-1.997520,0.000000
3064.6811,2026-06-03T16:59:58.132479,-1.996792,0.000000
3065.1768,2026-06-03T16:59:58.628245,-1.996488,0.000000
3065.6784,2026-06-03T16:59:59.129773,-1.995552,0.000000
3066.1791,2026-06-03T16:59:59.630548,-1.994336,0.000000
3066.7169,2026-06-03T17:00:00.168348,-1.992872,0.000000
3067.2106,2026-06-03T17:00:00.662062,-1.990576,0.000000
3067.7112,2026-06-03T17:00:01.162620,-1.988008,0.000000
3068.2104,2026-06-03T17:00:01.661854,-1.985088,0.000000
3068.7143,2026-06-03T17:00:02.165713,-1.983488,0.000000
3069.1845,2026-06-03T17:00:02.635908,-1.982256,0.000000
3069.6818,2026-06-03T17:00:03.133207,-1.981456,0.000000
3070.1778,2026-06-03T17:00:03.629243,-1.981040,0.000000
3070.6719,2026-06-03T17:00:04.123336,-1.980544,0.000000
3071.1512,2026-06-03T17:00:04.602660,-1.980288,0.000000
3071.6460,2026-06-03T17:00:05.097444,-1.980016,0.000000
3072.1469,2026-06-03T17:00:05.598298,-1.979752,0.000000
3072.6539,2026-06-03T17:00:06.105274,-1.979704,0.000000
3073.1548,2026-06-03T17:00:06.606202,-1.979488,0.000000
3073.6353,2026-06-03T17:00:07.086708,-1.979192,0.000000
3074.1332,2026-06-03T17:00:07.584645,-1.978704,0.000000
3074.5948,2026-06-03T17:00:08.046191,-1.978240,0.000000
3075.0922,2026-06-03T17:00:08.543573,-1.977352,0.000000
3075.5902,2026-06-03T17:00:09.041630,-1.976312,0.000000
3076.0981,2026-06-03T17:00:09.549545,-1.974952,0.000000
3076.5970,2026-06-03T17:00:10.048406,-1.973456,0.000000
3077.0868,2026-06-03T17:00:10.538253,-1.972200,0.000000
3077.5724,2026-06-03T17:00:11.023868,-1.971128,0.000000
3078.0731,2026-06-03T17:00:11.524480,-1.969064,0.000000
3078.5747,2026-06-03T17:00:12.026124,-1.966712,0.000000
3079.0741,2026-06-03T17:00:12.525538,-1.965016,0.000000
3079.5667,2026-06-03T17:00:13.018063,-1.963080,0.000000
3080.0576,2026-06-03T17:00:13.509035,-1.962552,0.000000
3080.5621,2026-06-03T17:00:14.013518,-1.962304,0.000000
3081.0578,2026-06-03T17:00:14.509200,-1.961016,0.000000
3081.5659,2026-06-03T17:00:15.017338,-1.959632,0.000000
3082.0831,2026-06-03T17:00:15.534522,-1.957136,0.000000
3082.5780,2026-06-03T17:00:16.029419,-1.954472,0.000000
3083.0749,2026-06-03T17:00:16.526337,-1.952768,0.000000
3083.5741,2026-06-03T17:00:17.025554,-1.951440,0.000000
3084.0669,2026-06-03T17:00:17.518359,-1.950088,0.000000
3084.5626,2026-06-03T17:00:18.014000,-1.949296,0.000000
3085.0778,2026-06-03T17:00:18.529238,-1.947392,0.000000
3085.5800,2026-06-03T17:00:19.031448,-1.945536,0.000000
3086.0743,2026-06-03T17:00:19.525672,-1.944512,0.000000
3086.5705,2026-06-03T17:00:20.021948,-1.943536,0.000000
3087.0655,2026-06-03T17:00:20.516885,-1.942560,0.000000
3087.5671,2026-06-03T17:00:21.018482,-1.941424,0.000000
3088.0661,2026-06-03T17:00:21.517518,-1.940840,0.000000
3088.5782,2026-06-03T17:00:22.029626,-1.940256,0.000000
3089.0594,2026-06-03T17:00:22.510768,-1.940040,0.000000
3089.5613,2026-06-03T17:00:23.012765,-1.939928,0.000000
3090.0560,2026-06-03T17:00:23.507464,-1.939848,0.000000
3090.5569,2026-06-03T17:00:24.008308,-1.939824,0.000000
3091.0520,2026-06-03T17:00:24.503398,-1.939824,0.000000
3091.5588,2026-06-03T17:00:25.010236,-1.939768,0.000000
3092.0509,2026-06-03T17:00:25.502271,-1.939720,0.000000
3092.5577,2026-06-03T17:00:26.009088,-1.939648,0.000000
3093.0608,2026-06-03T17:00:26.512259,-1.939568,0.000000
3093.5491,2026-06-03T17:00:27.000500,-1.939456,0.000000
3094.0331,2026-06-03T17:00:27.484469,-1.938824,0.000000
3094.5316,2026-06-03T17:00:27.983008,-1.938184,0.000000
3095.0389,2026-06-03T17:00:28.490361,-1.937680,0.000000
3095.5685,2026-06-03T17:00:29.019959,-1.937272,0.000000
3096.0713,2026-06-03T17:00:29.522688,-1.936904,0.000000
3096.5646,2026-06-03T17:00:30.016026,-1.935144,0.000000
3097.0707,2026-06-03T17:00:30.522103,-1.933080,0.000000
3097.5376,2026-06-03T17:00:30.989024,-1.931504,0.000000
3098.0323,2026-06-03T17:00:31.483688,-1.929928,0.000000
3098.5331,2026-06-03T17:00:31.984521,-1.928872,0.000000
3099.0325,2026-06-03T17:00:32.483879,-1.927880,0.000000
3099.5403,2026-06-03T17:00:32.991756,-1.926056,0.000000
3100.0439,2026-06-03T17:00:33.495291,-1.923776,0.000000
3100.5379,2026-06-03T17:00:33.989345,-1.922504,0.000000
3101.0423,2026-06-03T17:00:34.493675,-1.921240,0.000000
3101.5345,2026-06-03T17:00:34.985873,-1.920264,0.000000
3102.0329,2026-06-03T17:00:35.484287,-1.919656,0.000000
3102.4925,2026-06-03T17:00:35.943932,-1.917592,0.000000
3102.9904,2026-06-03T17:00:36.441807,-1.915392,0.000000
3103.5129,2026-06-03T17:00:36.964283,-1.912248,0.000000
3104.0226,2026-06-03T17:00:37.473975,-1.909480,0.000000
3104.5208,2026-06-03T17:00:37.972185,-1.907120,0.000000
3105.0159,2026-06-03T17:00:38.467267,-1.905112,0.000000
3105.5225,2026-06-03T17:00:38.973903,-1.903640,0.000000
3106.0116,2026-06-03T17:00:39.463007,-1.902320,0.000000
3106.5432,2026-06-03T17:00:39.994616,-1.901016,0.000000
3107.0298,2026-06-03T17:00:40.481189,-1.900456,0.000000
3107.5266,2026-06-03T17:00:40.978044,-1.900208,0.000000
3108.0191,2026-06-03T17:00:41.470559,-1.900072,0.000000
3108.5235,2026-06-03T17:00:41.974960,-1.899888,0.000000
3109.0115,2026-06-03T17:00:42.462952,-1.899552,0.000000
3109.5146,2026-06-03T17:00:42.966019,-1.899208,0.000000
3110.0075,2026-06-03T17:00:43.458893,-1.898840,0.000000
3110.4896,2026-06-03T17:00:43.940959,-1.898608,0.000000
3110.9452,2026-06-03T17:00:44.396639,-1.898216,0.000000
3111.4750,2026-06-03T17:00:44.926413,-1.897536,0.000000
3111.9435,2026-06-03T17:00:45.394905,-1.896992,0.000000
3112.4346,2026-06-03T17:00:45.886009,-1.895792,0.000000
3112.9309,2026-06-03T17:00:46.382312,-1.893272,0.000000
3113.4035,2026-06-03T17:00:46.854929,-1.890544,0.000000
3113.9072,2026-06-03T17:00:47.358648,-1.887072,0.000000
3114.4060,2026-06-03T17:00:47.857446,-1.883704,0.000000
3114.9008,2026-06-03T17:00:48.352195,-1.881440,0.000000
3115.3987,2026-06-03T17:00:48.850096,-1.879880,0.000000
3115.8906,2026-06-03T17:00:49.342051,-1.878368,0.000000
3116.4118,2026-06-03T17:00:49.863214,-1.876472,0.000000
3116.9150,2026-06-03T17:00:50.366362,-1.873688,0.000000
3117.3888,2026-06-03T17:00:50.840266,-1.870440,0.000000
3117.8866,2026-06-03T17:00:51.337975,-1.867560,0.000000
3118.3790,2026-06-03T17:00:51.830384,-1.865552,0.000000
3118.8643,2026-06-03T17:00:52.315711,-1.864224,0.000000
3119.3583,2026-06-03T17:00:52.809675,-1.863312,0.000000
3119.8597,2026-06-03T17:00:53.311162,-1.863040,0.000000
3120.3735,2026-06-03T17:00:53.824963,-1.862256,0.000000
3120.8813,2026-06-03T17:00:54.332727,-1.861960,0.000000
3121.3442,2026-06-03T17:00:54.795628,-1.861776,0.000000
3121.8180,2026-06-03T17:00:55.269369,-1.861176,0.000000
3122.3114,2026-06-03T17:00:55.762771,-1.860832,0.000000
3122.8059,2026-06-03T17:00:56.257278,-1.860408,0.000000
3123.3004,2026-06-03T17:00:56.751836,-1.860040,0.000000
3123.8031,2026-06-03T17:00:57.254522,-1.859824,0.000000
3124.3030,2026-06-03T17:00:57.754444,-1.859592,0.000000
3124.8010,2026-06-03T17:00:58.252439,-1.859280,0.000000
3125.2932,2026-06-03T17:00:58.744577,-1.858968,0.000000
3125.7904,2026-06-03T17:00:59.241815,-1.858712,0.000000
3126.2905,2026-06-03T17:00:59.741934,-1.858328,0.000000
3126.7910,2026-06-03T17:01:00.242368,-1.857792,0.000000
3127.2890,2026-06-03T17:01:00.740417,-1.856464,0.000000
3127.7904,2026-06-03T17:01:01.241844,-1.854952,0.000000
3128.2819,2026-06-03T17:01:01.733339,-1.853136,0.000000
3128.7822,2026-06-03T17:01:02.233622,-1.851464,0.000000
3129.2813,2026-06-03T17:01:02.732697,-1.849656,0.000000
3129.7562,2026-06-03T17:01:03.207640,-1.847576,0.000000
3130.2549,2026-06-03T17:01:03.706342,-1.845560,0.000000
3130.7552,2026-06-03T17:01:04.206625,-1.843288,0.000000
3131.2534,2026-06-03T17:01:04.704769,-1.841896,0.000000
3131.7238,2026-06-03T17:01:05.175241,-1.840672,0.000000
3132.2342,2026-06-03T17:01:05.685582,-1.840040,0.000000
3132.7075,2026-06-03T17:01:06.158868,-1.839712,0.000000
3133.2018,2026-06-03T17:01:06.653231,-1.839488,0.000000
3133.6813,2026-06-03T17:01:07.132705,-1.839240,0.000000
3134.1766,2026-06-03T17:01:07.628056,-1.838776,0.000000
3134.6742,2026-06-03T17:01:08.125619,-1.837688,0.000000
3135.1735,2026-06-03T17:01:08.624872,-1.834872,0.000000
3135.6830,2026-06-03T17:01:09.134424,-1.832352,0.000000
3136.1910,2026-06-03T17:01:09.642451,-1.829464,0.000000
3136.6836,2026-06-03T17:01:10.135007,-1.827360,0.000000
3137.1945,2026-06-03T17:01:10.645951,-1.826384,0.000000
3137.6850,2026-06-03T17:01:11.136443,-1.825168,0.000000
3138.1778,2026-06-03T17:01:11.629194,-1.824296,0.000000
3138.6738,2026-06-03T17:01:12.125232,-1.822784,0.000000
3139.2023,2026-06-03T17:01:12.653740,-1.821776,0.000000
3139.6879,2026-06-03T17:01:13.139348,-1.821152,0.000000
3140.1779,2026-06-03T17:01:13.629335,-1.820576,0.000000
3140.6621,2026-06-03T17:01:14.113510,-1.820360,0.000000
3141.1597,2026-06-03T17:01:14.611121,-1.820128,0.000000
3141.6656,2026-06-03T17:01:15.116970,-1.819800,0.000000
3142.1488,2026-06-03T17:01:15.600238,-1.819704,0.000000
3142.6435,2026-06-03T17:01:16.094961,-1.819344,0.000000
3143.1721,2026-06-03T17:01:16.623512,-1.819104,0.000000
3143.6825,2026-06-03T17:01:17.133960,-1.818776,0.000000
3144.1739,2026-06-03T17:01:17.625298,-1.817896,0.000000
3144.6744,2026-06-03T17:01:18.125842,-1.816704,0.000000
3145.1684,2026-06-03T17:01:18.619788,-1.815176,0.000000
3145.6527,2026-06-03T17:01:19.104076,-1.814016,0.000000
3146.1483,2026-06-03T17:01:19.599689,-1.811784,0.000000
3146.6721,2026-06-03T17:01:20.123513,-1.809464,0.000000
3147.1632,2026-06-03T17:01:20.614685,-1.806680,0.000000
3147.6367,2026-06-03T17:01:21.088068,-1.804344,0.000000
3148.1348,2026-06-03T17:01:21.586189,-1.802984,0.000000
3148.6110,2026-06-03T17:01:22.062443,-1.801632,0.000000
3149.0823,2026-06-03T17:01:22.533741,-1.800760,0.000000
3149.5716,2026-06-03T17:01:23.022990,-1.799568,0.000000
3150.0630,2026-06-03T17:01:23.514405,-1.797760,0.000000
3150.5609,2026-06-03T17:01:24.012294,-1.796776,0.000000
3151.0550,2026-06-03T17:01:24.506421,-1.795656,0.000000
3151.5115,2026-06-03T17:01:24.962904,-1.794048,0.000000
3151.9749,2026-06-03T17:01:25.426348,-1.793072,0.000000
3152.4788,2026-06-03T17:01:25.930212,-1.791496,0.000000
3152.9748,2026-06-03T17:01:26.426269,-1.790272,0.000000
3153.4668,2026-06-03T17:01:26.918193,-1.788352,0.000000
3153.9567,2026-06-03T17:01:27.408071,-1.786592,0.000000
3154.4475,2026-06-03T17:01:27.898893,-1.785096,0.000000
3154.9469,2026-06-03T17:01:28.398341,-1.783120,0.000000
3155.4132,2026-06-03T17:01:28.864631,-1.781736,0.000000
3155.8664,2026-06-03T17:01:29.317774,-1.780760,0.000000
3156.3358,2026-06-03T17:01:29.787216,-1.780408,0.000000
3156.8403,2026-06-03T17:01:30.291709,-1.780072,0.000000
3157.3390,2026-06-03T17:01:30.790456,-1.779880,0.000000
3157.8332,2026-06-03T17:01:31.284594,-1.779720,0.000000
3158.3215,2026-06-03T17:01:31.772943,-1.779560,0.000000
3158.8557,2026-06-03T17:01:32.307126,-1.779344,0.000000
3159.3282,2026-06-03T17:01:32.779576,-1.779064,0.000000
3159.8466,2026-06-03T17:01:33.297976,-1.778512,0.000000
3160.3454,2026-06-03T17:01:33.796765,-1.777840,0.000000
3160.8507,2026-06-03T17:01:34.302148,-1.776792,0.000000
3161.3483,2026-06-03T17:01:34.799755,-1.775160,0.000000
3161.8761,2026-06-03T17:01:35.327554,-1.772808,0.000000
3162.3734,2026-06-03T17:01:35.824825,-1.771560,0.000000
3162.8777,2026-06-03T17:01:36.329145,-1.771088,0.000000
3163.3728,2026-06-03T17:01:36.824181,-1.770552,0.000000
3163.8677,2026-06-03T17:01:37.319137,-1.769360,0.000000
3164.3712,2026-06-03T17:01:37.822650,-1.767120,0.000000
3164.8592,2026-06-03T17:01:38.310579,-1.764200,0.000000
3165.3545,2026-06-03T17:01:38.805938,-1.761608,0.000000
3165.8825,2026-06-03T17:01:39.333912,-1.760616,0.000000
3166.4019,2026-06-03T17:01:39.853354,-1.759496,0.000000
3166.8839,2026-06-03T17:01:40.335333,-1.758928,0.000000
3167.3642,2026-06-03T17:01:40.815617,-1.757984,0.000000
3167.8616,2026-06-03T17:01:41.313007,-1.756920,0.000000
3168.3659,2026-06-03T17:01:41.817315,-1.755744,0.000000
3168.8624,2026-06-03T17:01:42.313767,-1.752744,0.000000
3169.3556,2026-06-03T17:01:42.807006,-1.750096,0.000000
3169.8519,2026-06-03T17:01:43.303313,-1.747560,0.000000
3170.3578,2026-06-03T17:01:43.809212,-1.744984,0.000000
3170.8495,2026-06-03T17:01:44.300903,-1.743552,0.000000
3171.3549,2026-06-03T17:01:44.806367,-1.742640,0.000000
3171.8549,2026-06-03T17:01:45.306320,-1.741608,0.000000
3172.3478,2026-06-03T17:01:45.799171,-1.740744,0.000000
3172.8482,2026-06-03T17:01:46.299655,-1.740480,0.000000
3173.3500,2026-06-03T17:01:46.801416,-1.740200,0.000000
3173.8467,2026-06-03T17:01:47.298144,-1.740088,0.000000
3174.3547,2026-06-03T17:01:47.806096,-1.739960,0.000000
3174.8548,2026-06-03T17:01:48.306186,-1.739832,0.000000
3175.3312,2026-06-03T17:01:48.782565,-1.739784,0.000000
3175.8179,2026-06-03T17:01:49.269299,-1.739720,0.000000
3176.3217,2026-06-03T17:01:49.773114,-1.739664,0.000000
3176.8171,2026-06-03T17:01:50.268538,-1.739568,0.000000
3177.3206,2026-06-03T17:01:50.772013,-1.739296,0.000000
3177.8250,2026-06-03T17:01:51.276395,-1.739032,0.000000
3178.2925,2026-06-03T17:01:51.743918,-1.738440,0.000000
3178.7966,2026-06-03T17:01:52.248008,-1.737864,0.000000
3179.2937,2026-06-03T17:01:52.745076,-1.736776,0.000000
3179.7928,2026-06-03T17:01:53.244216,-1.735424,0.000000
3180.2966,2026-06-03T17:01:53.747999,-1.734144,0.000000
3180.8067,2026-06-03T17:01:54.258148,-1.732080,0.000000
3181.3031,2026-06-03T17:01:54.754519,-1.730256,0.000000
3181.7957,2026-06-03T17:01:55.247155,-1.727648,0.000000
3182.2978,2026-06-03T17:01:55.749179,-1.723872,0.000000
3182.7897,2026-06-03T17:01:56.241081,-1.720864,0.000000
3183.2843,2026-06-03T17:01:56.735680,-1.717760,0.000000
3183.7967,2026-06-03T17:01:57.248101,-1.715424,0.000000
3184.2618,2026-06-03T17:01:57.713222,-1.713456,0.000000
3184.7569,2026-06-03T17:01:58.208315,-1.711080,0.000000
3185.2712,2026-06-03T17:01:58.722610,-1.708520,0.000000
3185.7567,2026-06-03T17:01:59.208059,-1.705968,0.000000
3186.2181,2026-06-03T17:01:59.669480,-1.704088,0.000000
3186.7205,2026-06-03T17:02:00.171881,-1.703056,0.000000
3187.1940,2026-06-03T17:02:00.645398,-1.702000,0.000000
3187.6904,2026-06-03T17:02:01.141781,-1.701432,0.000000
3188.1823,2026-06-03T17:02:01.633720,-1.700840,0.000000
3188.7123,2026-06-03T17:02:02.163719,-1.700536,0.000000
3189.1852,2026-06-03T17:02:02.636580,-1.700384,0.000000
3189.6902,2026-06-03T17:02:03.141578,-1.700232,0.000000
3190.1884,2026-06-03T17:02:03.639846,-1.700032,0.000000
3190.6770,2026-06-03T17:02:04.128461,-1.699880,0.000000
3191.1775,2026-06-03T17:02:04.628917,-1.699848,0.000000
3191.6759,2026-06-03T17:02:05.127348,-1.699736,0.000000
3192.1938,2026-06-03T17:02:05.645215,-1.699648,0.000000
3192.6794,2026-06-03T17:02:06.130834,-1.699448,0.000000
3193.1906,2026-06-03T17:02:06.641978,-1.699112,0.000000
3193.6891,2026-06-03T17:02:07.140544,-1.698752,0.000000
3194.1827,2026-06-03T17:02:07.634142,-1.697808,0.000000
3194.6746,2026-06-03T17:02:08.126047,-1.696800,0.000000
3195.1750,2026-06-03T17:02:08.626461,-1.695576,0.000000
3195.6349,2026-06-03T17:02:09.086275,-1.694728,0.000000
3196.1041,2026-06-03T17:02:09.555566,-1.693968,0.000000
3196.6069,2026-06-03T17:02:10.058310,-1.692976,0.000000
3197.0971,2026-06-03T17:02:10.548486,-1.691264,0.000000
3197.5942,2026-06-03T17:02:11.045654,-1.688064,0.000000
3198.0920,2026-06-03T17:02:11.543448,-1.685040,0.000000
3198.5837,2026-06-03T17:02:12.035161,-1.682432,0.000000
3199.0822,2026-06-03T17:02:12.533586,-1.680992,0.000000
3199.5795,2026-06-03T17:02:13.030891,-1.680600,0.000000
3200.0814,2026-06-03T17:02:13.532836,-1.680376,0.000000
3200.5703,2026-06-03T17:02:14.021690,-1.679672,0.000000
3201.0693,2026-06-03T17:02:14.520743,-1.678432,0.000000
3201.5470,2026-06-03T17:02:14.998453,-1.676944,0.000000
3202.0396,2026-06-03T17:02:15.491005,-1.674368,0.000000
3202.5371,2026-06-03T17:02:15.988470,-1.671224,0.000000
3203.0351,2026-06-03T17:02:16.486546,-1.668648,0.000000
3203.5234,2026-06-03T17:02:16.974783,-1.666040,0.000000
3204.0251,2026-06-03T17:02:17.476521,-1.664200,0.000000
3204.5393,2026-06-03T17:02:17.990756,-1.663136,0.000000
3205.0267,2026-06-03T17:02:18.478132,-1.662136,0.000000
3205.5253,2026-06-03T17:02:18.976722,-1.661248,0.000000
3206.0185,2026-06-03T17:02:19.469874,-1.661000,0.000000
3206.5272,2026-06-03T17:02:19.978649,-1.660632,0.000000
3207.0197,2026-06-03T17:02:20.471076,-1.660360,0.000000
3207.5227,2026-06-03T17:02:20.974134,-1.660120,0.000000
3208.0136,2026-06-03T17:02:21.465027,-1.659944,0.000000
3208.5146,2026-06-03T17:02:21.966029,-1.659864,0.000000
3209.0132,2026-06-03T17:02:22.464631,-1.659824,0.000000
3209.5228,2026-06-03T17:02:22.974217,-1.659840,0.000000
3210.0182,2026-06-03T17:02:23.469626,-1.659800,0.000000
3210.5066,2026-06-03T17:02:23.958042,-1.659752,0.000000
3210.9581,2026-06-03T17:02:24.409499,-1.659672,0.000000
3211.4605,2026-06-03T17:02:24.911982,-1.659504,0.000000
3211.9566,2026-06-03T17:02:25.407989,-1.659408,0.000000
3212.4769,2026-06-03T17:02:25.928318,-1.659256,0.000000
3212.9619,2026-06-03T17:02:26.413278,-1.659176,0.000000
3213.4491,2026-06-03T17:02:26.900488,-1.658952,0.000000
3213.9218,2026-06-03T17:02:27.373169,-1.658376,0.000000
3214.4357,2026-06-03T17:02:27.887073,-1.657760,0.000000
3214.9432,2026-06-03T17:02:28.394577,-1.657264,0.000000
3215.4434,2026-06-03T17:02:28.894790,-1.655656,0.000000
3215.9454,2026-06-03T17:02:29.396843,-1.654064,0.000000
3216.4709,2026-06-03T17:02:29.922333,-1.652896,0.000000
3216.9681,2026-06-03T17:02:30.419472,-1.651336,0.000000
3217.4708,2026-06-03T17:02:30.922211,-1.651008,0.000000
3217.9702,2026-06-03T17:02:31.421637,-1.649584,0.000000
3218.4643,2026-06-03T17:02:31.915751,-1.647104,0.000000
3218.9724,2026-06-03T17:02:32.423820,-1.644408,0.000000
3219.4835,2026-06-03T17:02:32.934883,-1.641384,0.000000
3219.9733,2026-06-03T17:02:33.424755,-1.639952,0.000000
3220.4655,2026-06-03T17:02:33.916953,-1.638048,0.000000
3220.9661,2026-06-03T17:02:34.417511,-1.636896,0.000000
3221.4633,2026-06-03T17:02:34.914679,-1.635760,0.000000
3221.9601,2026-06-03T17:02:35.411493,-1.634112,0.000000
3222.4539,2026-06-03T17:02:35.905333,-1.632424,0.000000
3222.9761,2026-06-03T17:02:36.427526,-1.630512,0.000000
3223.4720,2026-06-03T17:02:36.923400,-1.628760,0.000000
3223.9774,2026-06-03T17:02:37.428801,-1.626840,0.000000
3224.4631,2026-06-03T17:02:37.914545,-1.626344,0.000000
3224.9477,2026-06-03T17:02:38.399112,-1.625880,0.000000
3225.4540,2026-06-03T17:02:38.905422,-1.625176,0.000000
3225.9468,2026-06-03T17:02:39.398230,-1.624744,0.000000
3226.4630,2026-06-03T17:02:39.914420,-1.624000,0.000000
3226.9630,2026-06-03T17:02:40.414379,-1.623408,0.000000
3227.4609,2026-06-03T17:02:40.912337,-1.623056,0.000000
3227.9419,2026-06-03T17:02:41.393314,-1.622792,0.000000
3228.4365,2026-06-03T17:02:41.887957,-1.622408,0.000000
3228.9100,2026-06-03T17:02:42.361393,-1.621856,0.000000
3229.4064,2026-06-03T17:02:42.857770,-1.621552,0.000000
3229.9019,2026-06-03T17:02:43.353354,-1.621264,0.000000
3230.3994,2026-06-03T17:02:43.850790,-1.620752,0.000000
3230.8901,2026-06-03T17:02:44.341496,-1.620400,0.000000
3231.3911,2026-06-03T17:02:44.842531,-1.620240,0.000000
3231.8552,2026-06-03T17:02:45.306630,-1.620080,0.000000
3232.3513,2026-06-03T17:02:45.802710,-1.620008,0.000000
3232.8274,2026-06-03T17:02:46.278814,-1.619944,0.000000
3233.3165,2026-06-03T17:02:46.767898,-1.619920,0.000000
3233.8120,2026-06-03T17:02:47.263459,-1.619880,0.000000
3234.3068,2026-06-03T17:02:47.758241,-1.619856,0.000000
3234.8064,2026-06-03T17:02:48.257863,-1.619864,0.000000
3235.3055,2026-06-03T17:02:48.756896,-1.619856,0.000000
3235.8235,2026-06-03T17:02:49.274883,-1.619872,0.000000
3236.3248,2026-06-03T17:02:49.776185,-1.619848,0.000000
3236.8270,2026-06-03T17:02:50.278369,-1.619864,0.000000
3237.3284,2026-06-03T17:02:50.779849,-1.619824,0.000000
3237.8229,2026-06-03T17:02:51.274332,-1.619800,0.000000
3238.3142,2026-06-03T17:02:51.765587,-1.619776,0.000000
3238.8181,2026-06-03T17:02:52.269490,-1.619720,0.000000
3239.3286,2026-06-03T17:02:52.780012,-1.619752,0.000000
3239.8271,2026-06-03T17:02:53.278540,-1.619792,0.000000
3240.3221,2026-06-03T17:02:53.773468,-1.619808,0.000000
3240.8076,2026-06-03T17:02:54.259019,-1.619792,0.000000
3241.2971,2026-06-03T17:02:54.748485,-1.619776,0.000000
3241.7704,2026-06-03T17:02:55.221818,-1.619728,0.000000
3242.2661,2026-06-03T17:02:55.717513,-1.619664,0.000000
3242.7667,2026-06-03T17:02:56.218143,-1.619624,0.000000
3243.2788,2026-06-03T17:02:56.730208,-1.619592,0.000000
3243.7748,2026-06-03T17:02:57.226194,-1.619520,0.000000
3244.2619,2026-06-03T17:02:57.713324,-1.619480,0.000000
3244.7557,2026-06-03T17:02:58.207160,-1.619456,0.000000
3245.2554,2026-06-03T17:02:58.706840,-1.619416,0.000000
3245.7575,2026-06-03T17:02:59.208919,-1.619424,0.000000
3246.2601,2026-06-03T17:02:59.711559,-1.619448,0.000000
3246.7828,2026-06-03T17:03:00.234258,-1.619392,0.000000
3247.2768,2026-06-03T17:03:00.728221,-1.619360,0.000000
3247.7830,2026-06-03T17:03:01.234386,-1.619368,0.000000
3248.2753,2026-06-03T17:03:01.726712,-1.619400,0.000000
3248.7791,2026-06-03T17:03:02.230547,-1.619480,0.000000
3249.2760,2026-06-03T17:03:02.727379,-1.619560,0.000000
3249.7762,2026-06-03T17:03:03.227623,-1.619560,0.000000
3250.2791,2026-06-03T17:03:03.730534,-1.619528,0.000000
3250.7712,2026-06-03T17:03:04.222649,-1.619536,0.000000
3251.2690,2026-06-03T17:03:04.720435,-1.619512,0.000000
3251.7662,2026-06-03T17:03:05.217576,-1.619576,0.000000
3252.2430,2026-06-03T17:03:05.694460,-1.619560,0.000000
3252.7314,2026-06-03T17:03:06.182763,-1.619544,0.000000
3253.2259,2026-06-03T17:03:06.677277,-1.619488,0.000000
3253.6864,2026-06-03T17:03:07.137770,-1.619304,0.000000
3254.1791,2026-06-03T17:03:07.630509,-1.619256,0.000000
3254.6759,2026-06-03T17:03:08.127330,-1.619064,0.000000
3255.1717,2026-06-03T17:03:08.623114,-1.619056,0.000000
3255.6919,2026-06-03T17:03:09.143361,-1.618992,0.000000
3256.2038,2026-06-03T17:03:09.655215,-1.619056,0.000000
3256.7015,2026-06-03T17:03:10.152970,-1.619040,0.000000
3257.2053,2026-06-03T17:03:10.656717,-1.618800,0.000000
3257.6923,2026-06-03T17:03:11.143737,-1.618752,0.000000
3258.1947,2026-06-03T17:03:11.646169,-1.618592,0.000000
3258.7220,2026-06-03T17:03:12.173447,-1.618568,0.000000
3259.2345,2026-06-03T17:03:12.685871,-1.618584,0.000000
3259.7320,2026-06-03T17:03:13.183407,-1.618544,0.000000
3260.2202,2026-06-03T17:03:13.671658,-1.618280,0.000000
3260.7174,2026-06-03T17:03:14.168773,-1.618184,0.000000
3261.1980,2026-06-03T17:03:14.649379,-1.618168,0.000000
3261.6571,2026-06-03T17:03:15.108483,-1.617808,0.000000
3262.1523,2026-06-03T17:03:15.603686,-1.617648,0.000000
3262.6502,2026-06-03T17:03:16.101569,-1.617688,0.000000
3263.1310,2026-06-03T17:03:16.582360,-1.617824,0.000000
3263.6259,2026-06-03T17:03:17.077278,-1.618184,0.000000
3264.0703,2026-06-03T17:03:17.521666,-1.618200,0.000000
3264.5712,2026-06-03T17:03:18.022660,-1.618176,0.000000
3265.0406,2026-06-03T17:03:18.491992,-1.617848,0.000000
3265.5383,2026-06-03T17:03:18.989732,-1.617696,0.000000
3266.0383,2026-06-03T17:03:19.489749,-1.617776,0.000000
3266.5367,2026-06-03T17:03:19.988147,-1.618096,0.000000
3267.0453,2026-06-03T17:03:20.496766,-1.618488,0.000000
3267.5549,2026-06-03T17:03:21.006348,-1.618624,0.000000
3268.0454,2026-06-03T17:03:21.496858,-1.618888,0.000000
3268.5394,2026-06-03T17:03:21.990801,-1.618768,0.000000
3269.0381,2026-06-03T17:03:22.489503,-1.618840,0.000000
3269.5428,2026-06-03T17:03:22.994233,-1.618976,0.000000
3270.0369,2026-06-03T17:03:23.488343,-1.619008,0.000000
3270.5692,2026-06-03T17:03:24.020647,-1.619168,0.000000
3271.0509,2026-06-03T17:03:24.502366,-1.619152,0.000000
3271.5506,2026-06-03T17:03:25.001977,-1.619160,0.000000
3272.0502,2026-06-03T17:03:25.501614,-1.619192,0.000000
3272.5345,2026-06-03T17:03:25.985878,-1.619136,0.000000
3273.0259,2026-06-03T17:03:26.477275,-1.619208,0.000000
3273.5233,2026-06-03T17:03:26.974717,-1.619208,0.000000
3274.0229,2026-06-03T17:03:27.474346,-1.619096,0.000000
3274.5423,2026-06-03T17:03:27.993704,-1.619072,0.000000
3275.0438,2026-06-03T17:03:28.495240,-1.619064,0.000000
3275.5397,2026-06-03T17:03:28.991165,-1.619032,0.000000
3276.0433,2026-06-03T17:03:29.494667,-1.619048,0.000000
3276.5382,2026-06-03T17:03:29.989634,-1.619128,0.000000
3277.0421,2026-06-03T17:03:30.493562,-1.619144,0.000000
3277.5659,2026-06-03T17:03:31.017365,-1.619168,0.000000
3278.0641,2026-06-03T17:03:31.515525,-1.619328,0.000000
3278.5659,2026-06-03T17:03:32.017314,-1.619408,0.000000
3279.0658,2026-06-03T17:03:32.517181,-1.619376,0.000000
3279.5591,2026-06-03T17:03:33.010530,-1.619424,0.000000
3280.0444,2026-06-03T17:03:33.495842,-1.619464,0.000000
3280.5427,2026-06-03T17:03:33.994100,-1.619472,0.000000
3281.0479,2026-06-03T17:03:34.499349,-1.619552,0.000000
3281.5499,2026-06-03T17:03:35.001340,-1.619568,0.000000
3282.0346,2026-06-03T17:03:35.486036,-1.619560,0.000000
3282.5285,2026-06-03T17:03:35.979870,-1.619584,0.000000
3283.0304,2026-06-03T17:03:36.481844,-1.619480,0.000000
3283.5237,2026-06-03T17:03:36.975108,-1.619432,0.000000
3284.0310,2026-06-03T17:03:37.482463,-1.619400,0.000000
3284.5255,2026-06-03T17:03:37.976966,-1.619424,0.000000
3285.0421,2026-06-03T17:03:38.493501,-1.619456,0.000000
3285.5432,2026-06-03T17:03:38.994605,-1.619536,0.000000
3286.0356,2026-06-03T17:03:39.487028,-1.619536,0.000000
3286.5096,2026-06-03T17:03:39.960993,-1.619528,0.000000
3287.0040,2026-06-03T17:03:40.455404,-1.619552,0.000000
3287.4788,2026-06-03T17:03:40.930256,-1.619488,0.000000
3287.9738,2026-06-03T17:03:41.425244,-1.619488,0.000000
3288.4715,2026-06-03T17:03:41.922871,-1.619512,0.000000
3288.9559,2026-06-03T17:03:42.407355,-1.619544,0.000000
3289.4513,2026-06-03T17:03:42.902701,-1.619616,0.000000
3289.9120,2026-06-03T17:03:43.363390,-1.619680,0.000000
3290.3835,2026-06-03T17:03:43.834904,-1.619672,0.000000
3290.8741,2026-06-03T17:03:44.325506,-1.619664,0.000000
3291.3654,2026-06-03T17:03:44.816850,-1.619656,0.000000
3291.8547,2026-06-03T17:03:45.306089,-1.619672,0.000000
3292.3586,2026-06-03T17:03:45.809984,-1.619664,0.000000
3292.8561,2026-06-03T17:03:46.307517,-1.619656,0.000000
3293.3590,2026-06-03T17:03:46.810442,-1.619664,0.000000
3293.8591,2026-06-03T17:03:47.310547,-1.619664,0.000000
3294.3527,2026-06-03T17:03:47.804140,-1.619704,0.000000
3294.8588,2026-06-03T17:03:48.310219,-1.619736,0.000000
3295.3226,2026-06-03T17:03:48.774028,-1.619736,0.000000
3295.8049,2026-06-03T17:03:49.256292,-1.619728,0.000000
3296.3029,2026-06-03T17:03:49.754359,-1.619712,0.000000
3296.8039,2026-06-03T17:03:50.255362,-1.619680,0.000000
3297.3114,2026-06-03T17:03:50.762789,-1.619696,0.000000
3297.8005,2026-06-03T17:03:51.251895,-1.619696,0.000000
3298.2994,2026-06-03T17:03:51.750800,-1.619752,0.000000
3298.8188,2026-06-03T17:03:52.270263,-1.619776,0.000000
3299.2963,2026-06-03T17:03:52.747710,-1.619792,0.000000
3299.7883,2026-06-03T17:03:53.239706,-1.619824,0.000000
3300.2807,2026-06-03T17:03:53.732097,-1.619840,0.000000
3300.7808,2026-06-03T17:03:54.232180,-1.619840,0.000000
3301.2701,2026-06-03T17:03:54.721491,-1.619896,0.000000
3301.7736,2026-06-03T17:03:55.225011,-1.619896,0.000000
3302.3072,2026-06-03T17:03:55.758644,-1.619856,0.000000
3302.7753,2026-06-03T17:03:56.226834,-1.619896,0.000000
3303.2777,2026-06-03T17:03:56.729081,-1.619888,0.000000
3303.7839,2026-06-03T17:03:57.235268,-1.619864,0.000000
3304.2837,2026-06-03T17:03:57.735106,-1.619896,0.000000
3304.7628,2026-06-03T17:03:58.214197,-1.619928,0.000000
3305.2301,2026-06-03T17:03:58.681491,-1.619912,0.000000
3305.7334,2026-06-03T17:03:59.184822,-1.619912,0.000000
3306.2340,2026-06-03T17:03:59.685378,-1.619872,0.000000
3306.7347,2026-06-03T17:04:00.186116,-1.619840,0.000000
3307.2588,2026-06-03T17:04:00.710254,-1.619872,0.000000
3307.7441,2026-06-03T17:04:01.195533,-1.619896,0.000000
3308.2470,2026-06-03T17:04:01.698404,-1.619952,0.000000
3308.7086,2026-06-03T17:04:02.159990,-1.619960,0.000000
3309.1799,2026-06-03T17:04:02.631314,-1.619976,0.000000
3309.6419,2026-06-03T17:04:03.093283,-1.620048,0.000000
3310.1196,2026-06-03T17:04:03.570971,-1.620072,0.000000
3310.6110,2026-06-03T17:04:04.062393,-1.620104,0.000000
3311.1105,2026-06-03T17:04:04.561874,-1.620256,0.000000
3311.5838,2026-06-03T17:04:05.035258,-1.620248,0.000000
3312.0835,2026-06-03T17:04:05.534891,-1.620256,0.000000
3312.5958,2026-06-03T17:04:06.047214,-1.620416,0.000000
3313.0989,2026-06-03T17:04:06.550283,-1.620456,0.000000
3313.5526,2026-06-03T17:04:07.004030,-1.620664,0.000000
3314.0480,2026-06-03T17:04:07.499465,-1.620912,0.000000
3314.5401,2026-06-03T17:04:07.991541,-1.620984,0.000000
3315.0450,2026-06-03T17:04:08.496400,-1.621040,0.000000
3315.5461,2026-06-03T17:04:08.997539,-1.621360,0.000000
3316.0430,2026-06-03T17:04:09.494416,-1.621424,0.000000
3316.5131,2026-06-03T17:04:09.964491,-1.621968,0.000000
3317.0461,2026-06-03T17:04:10.497486,-1.622152,0.000000
3317.5289,2026-06-03T17:04:10.980262,-1.622200,0.000000
3318.0292,2026-06-03T17:04:11.480663,-1.622536,0.000000
3318.5293,2026-06-03T17:04:11.980718,-1.622608,0.000000
3319.0348,2026-06-03T17:04:12.486229,-1.623128,0.000000
3319.5312,2026-06-03T17:04:12.982590,-1.623456,0.000000
3320.0381,2026-06-03T17:04:13.489475,-1.623480,0.000000
3320.5114,2026-06-03T17:04:13.962774,-1.623240,0.000000
3321.0356,2026-06-03T17:04:14.487049,-1.623208,0.000000
3321.5227,2026-06-03T17:04:14.974155,-1.623624,0.000000
3321.9936,2026-06-03T17:04:15.444971,-1.624800,0.000000
3322.4978,2026-06-03T17:04:15.949248,-1.626072,0.000000
3322.9958,2026-06-03T17:04:16.447186,-1.626872,0.000000
3323.4757,2026-06-03T17:04:16.927142,-1.627760,0.000000
3323.9638,2026-06-03T17:04:17.415200,-1.628216,0.000000
3324.4547,2026-06-03T17:04:17.906153,-1.628472,0.000000
3324.9461,2026-06-03T17:04:18.397506,-1.629304,0.000000
3325.4447,2026-06-03T17:04:18.896156,-1.629816,0.000000
3325.9411,2026-06-03T17:04:19.392541,-1.629392,0.000000
3326.4353,2026-06-03T17:04:19.886741,-1.629680,0.000000
3326.9124,2026-06-03T17:04:20.363803,-1.630152,0.000000
3327.4109,2026-06-03T17:04:20.862332,-1.629880,0.000000
3327.9065,2026-06-03T17:04:21.357879,-1.631112,0.000000
3328.3758,2026-06-03T17:04:21.827204,-1.632016,0.000000
3328.8749,2026-06-03T17:04:22.326348,-1.631400,0.000000
3329.3565,2026-06-03T17:04:22.807881,-1.632768,0.000000
3329.8521,2026-06-03T17:04:23.303531,-1.633240,0.000000
3330.3668,2026-06-03T17:04:23.818198,-1.633704,0.000000
3330.8672,2026-06-03T17:04:24.318588,-1.635512,0.000000
3331.3682,2026-06-03T17:04:24.819568,-1.636096,0.000000
3331.8624,2026-06-03T17:04:25.313823,-1.637928,0.000000
3332.3664,2026-06-03T17:04:25.817843,-1.639280,0.000000
3332.8792,2026-06-03T17:04:26.330572,-1.640616,0.000000
3333.3817,2026-06-03T17:04:26.833066,-1.641960,0.000000
3333.8663,2026-06-03T17:04:27.317685,-1.642784,0.000000
3334.3679,2026-06-03T17:04:27.819342,-1.644664,0.000000
3334.8619,2026-06-03T17:04:28.313356,-1.646264,0.000000
3335.3667,2026-06-03T17:04:28.818083,-1.648000,0.000000
3335.8585,2026-06-03T17:04:29.309905,-1.647960,0.000000
3336.3748,2026-06-03T17:04:29.826176,-1.647464,0.000000
3336.8700,2026-06-03T17:04:30.321431,-1.647000,0.000000
3337.3362,2026-06-03T17:04:30.787660,-1.646672,0.000000
3337.8355,2026-06-03T17:04:31.286894,-1.647112,0.000000
3338.3357,2026-06-03T17:04:31.787096,-1.647416,0.000000
3338.8204,2026-06-03T17:04:32.271829,-1.647168,0.000000
3339.2968,2026-06-03T17:04:32.748265,-1.646632,0.000000
3339.7988,2026-06-03T17:04:33.250251,-1.646896,0.000000
3340.2987,2026-06-03T17:04:33.750083,-1.647704,0.000000
3340.8306,2026-06-03T17:04:34.282009,-1.649728,0.000000
3341.3292,2026-06-03T17:04:34.780643,-1.651896,0.000000
3341.8202,2026-06-03T17:04:35.271581,-1.653192,0.000000
3342.3207,2026-06-03T17:04:35.772145,-1.654312,0.000000
3342.8278,2026-06-03T17:04:36.279171,-1.655008,0.000000
3343.3046,2026-06-03T17:04:36.755985,-1.655848,0.000000
3343.8401,2026-06-03T17:04:37.291538,-1.656656,0.000000
3344.3438,2026-06-03T17:04:37.795238,-1.657008,0.000000
3344.8384,2026-06-03T17:04:38.289794,-1.657496,0.000000
3345.3374,2026-06-03T17:04:38.788809,-1.658128,0.000000
3345.8359,2026-06-03T17:04:39.287328,-1.658552,0.000000
3346.3364,2026-06-03T17:04:39.787870,-1.658832,0.000000
3346.8284,2026-06-03T17:04:40.279773,-1.658936,0.000000
3347.3267,2026-06-03T17:04:40.778110,-1.658984,0.000000
3347.8301,2026-06-03T17:04:41.281483,-1.659128,0.000000
3348.3247,2026-06-03T17:04:41.776108,-1.659400,0.000000
3348.8167,2026-06-03T17:04:42.268076,-1.659504,0.000000
3349.2955,2026-06-03T17:04:42.746929,-1.659600,0.000000
3349.7930,2026-06-03T17:04:43.244368,-1.659608,0.000000
3350.2519,2026-06-03T17:04:43.703361,-1.659616,0.000000
3350.7458,2026-06-03T17:04:44.197261,-1.659600,0.000000
3351.2322,2026-06-03T17:04:44.683588,-1.659488,0.000000
3351.7395,2026-06-03T17:04:45.190930,-1.659472,0.000000
3352.2368,2026-06-03T17:04:45.688232,-1.659456,0.000000
3352.7553,2026-06-03T17:04:46.206681,-1.659480,0.000000
3353.2455,2026-06-03T17:04:46.696865,-1.659608,0.000000
3353.7458,2026-06-03T17:04:47.197230,-1.659600,0.000000
3354.2272,2026-06-03T17:04:47.678591,-1.659648,0.000000
3354.7277,2026-06-03T17:04:48.179146,-1.659712,0.000000
3355.2026,2026-06-03T17:04:48.654032,-1.659712,0.000000
3355.6800,2026-06-03T17:04:49.131453,-1.659744,0.000000
3356.1739,2026-06-03T17:04:49.625282,-1.659768,0.000000
3356.6758,2026-06-03T17:04:50.127190,-1.659784,0.000000
3357.1751,2026-06-03T17:04:50.626569,-1.659832,0.000000
3357.6700,2026-06-03T17:04:51.121398,-1.659824,0.000000
3358.1611,2026-06-03T17:04:51.612553,-1.659816,0.000000
3358.6572,2026-06-03T17:04:52.108583,-1.659824,0.000000
3359.1584,2026-06-03T17:04:52.609818,-1.659768,0.000000
3359.6613,2026-06-03T17:04:53.112756,-1.659888,0.000000
3360.1528,2026-06-03T17:04:53.604176,-1.659936,0.000000
3360.6269,2026-06-03T17:04:54.078353,-1.660056,0.000000
3361.1077,2026-06-03T17:04:54.559128,-1.660136,0.000000
3361.6076,2026-06-03T17:04:55.058999,-1.660160,0.000000
3362.0949,2026-06-03T17:04:55.546340,-1.660272,0.000000
3362.5826,2026-06-03T17:04:56.034025,-1.660288,0.000000
3363.0807,2026-06-03T17:04:56.532122,-1.660512,0.000000
3363.5640,2026-06-03T17:04:57.015424,-1.660608,0.000000
3364.0577,2026-06-03T17:04:57.509098,-1.660672,0.000000
3364.5431,2026-06-03T17:04:57.994493,-1.660752,0.000000
3365.0181,2026-06-03T17:04:58.469527,-1.660808,0.000000
3365.5192,2026-06-03T17:04:58.970592,-1.660824,0.000000
3365.9827,2026-06-03T17:04:59.434102,-1.661032,0.000000
3366.4828,2026-06-03T17:04:59.934205,-1.661160,0.000000
3366.9833,2026-06-03T17:05:00.434675,-1.661384,0.000000
3367.4847,2026-06-03T17:05:00.936159,-1.661776,0.000000
3367.9801,2026-06-03T17:05:01.431482,-1.662008,0.000000
3368.4874,2026-06-03T17:05:01.938816,-1.662240,0.000000
3368.9794,2026-06-03T17:05:02.430833,-1.662696,0.000000
3369.4862,2026-06-03T17:05:02.937573,-1.663216,0.000000
3369.9820,2026-06-03T17:05:03.433441,-1.663536,0.000000
3370.4912,2026-06-03T17:05:03.942576,-1.664328,0.000000
3370.9992,2026-06-03T17:05:04.450628,-1.665104,0.000000
3371.4939,2026-06-03T17:05:04.945306,-1.666368,0.000000
3371.9604,2026-06-03T17:05:05.411800,-1.667720,0.000000
3372.4531,2026-06-03T17:05:05.904549,-1.669040,0.000000
3372.9569,2026-06-03T17:05:06.408362,-1.670632,0.000000
3373.4560,2026-06-03T17:05:06.907383,-1.670704,0.000000
3373.9518,2026-06-03T17:05:07.403210,-1.671408,0.000000
3374.4360,2026-06-03T17:05:07.887461,-1.671848,0.000000
3374.9399,2026-06-03T17:05:08.391292,-1.671480,0.000000
3375.4332,2026-06-03T17:05:08.884627,-1.672416,0.000000
3375.9367,2026-06-03T17:05:09.388118,-1.673136,0.000000
3376.4332,2026-06-03T17:05:09.884622,-1.674000,0.000000
3376.9282,2026-06-03T17:05:10.379665,-1.675368,0.000000
3377.3860,2026-06-03T17:05:10.837415,-1.676400,0.000000
3377.8868,2026-06-03T17:05:11.338256,-1.677552,0.000000
3378.3822,2026-06-03T17:05:11.833629,-1.677920,0.000000
3378.8947,2026-06-03T17:05:12.346125,-1.678640,0.000000
3379.3899,2026-06-03T17:05:12.841272,-1.679000,0.000000
3379.8841,2026-06-03T17:05:13.335520,-1.679320,0.000000
3380.3836,2026-06-03T17:05:13.835039,-1.680136,0.000000
3380.8841,2026-06-03T17:05:14.335492,-1.680720,0.000000
3381.3896,2026-06-03T17:05:14.841035,-1.681104,0.000000
3381.8847,2026-06-03T17:05:15.336105,-1.681592,0.000000
3382.3907,2026-06-03T17:05:15.842101,-1.682216,0.000000
3382.8868,2026-06-03T17:05:16.338178,-1.684128,0.000000
3383.3821,2026-06-03T17:05:16.833488,-1.685048,0.000000
3383.8754,2026-06-03T17:05:17.326827,-1.686472,0.000000
3384.3837,2026-06-03T17:05:17.835155,-1.687400,0.000000
3384.9051,2026-06-03T17:05:18.356557,-1.686544,0.000000
3385.4102,2026-06-03T17:05:18.861679,-1.687816,0.000000
3385.9114,2026-06-03T17:05:19.362827,-1.687848,0.000000
3386.4033,2026-06-03T17:05:19.854688,-1.688144,0.000000
3386.9034,2026-06-03T17:05:20.354868,-1.689136,0.000000
3387.4013,2026-06-03T17:05:20.852738,-1.689408,0.000000
3387.9343,2026-06-03T17:05:21.385717,-1.690360,0.000000
3388.4389,2026-06-03T17:05:21.890279,-1.691224,0.000000
3388.9192,2026-06-03T17:05:22.370574,-1.691304,0.000000
3389.4183,2026-06-03T17:05:22.869748,-1.690408,0.000000
3389.9177,2026-06-03T17:05:23.369165,-1.689960,0.000000
3390.4166,2026-06-03T17:05:23.868027,-1.690544,0.000000
3390.9134,2026-06-03T17:05:24.364833,-1.692176,0.000000
3391.4063,2026-06-03T17:05:24.857756,-1.693592,0.000000
3391.8887,2026-06-03T17:05:25.340093,-1.695232,0.000000
3392.3948,2026-06-03T17:05:25.846256,-1.695824,0.000000
3392.8975,2026-06-03T17:05:26.348911,-1.695672,0.000000
3393.3745,2026-06-03T17:05:26.825899,-1.696440,0.000000
3393.8488,2026-06-03T17:05:27.300245,-1.696800,0.000000
3394.3527,2026-06-03T17:05:27.804130,-1.697144,0.000000
3394.8485,2026-06-03T17:05:28.299895,-1.697728,0.000000
3395.3394,2026-06-03T17:05:28.790796,-1.698296,0.000000
3395.8390,2026-06-03T17:05:29.290377,-1.698616,0.000000
3396.3631,2026-06-03T17:05:29.814488,-1.698904,0.000000
3396.8648,2026-06-03T17:05:30.316184,-1.699056,0.000000
3397.3652,2026-06-03T17:05:30.816613,-1.699264,0.000000
3397.8380,2026-06-03T17:05:31.289409,-1.699248,0.000000
3398.3392,2026-06-03T17:05:31.790617,-1.699400,0.000000
3398.8346,2026-06-03T17:05:32.286032,-1.699496,0.000000
3399.2953,2026-06-03T17:05:32.746711,-1.699448,0.000000
3399.7918,2026-06-03T17:05:33.243213,-1.699504,0.000000
3400.2870,2026-06-03T17:05:33.738391,-1.699592,0.000000
3400.7704,2026-06-03T17:05:34.221822,-1.699624,0.000000
3401.2550,2026-06-03T17:05:34.706434,-1.699704,0.000000
3401.7497,2026-06-03T17:05:35.201147,-1.699744,0.000000
3402.2279,2026-06-03T17:05:35.679282,-1.699776,0.000000
3402.7215,2026-06-03T17:05:36.172950,-1.699744,0.000000
3403.2203,2026-06-03T17:05:36.671666,-1.699744,0.000000
3403.7230,2026-06-03T17:05:37.174443,-1.699768,0.000000
3404.2137,2026-06-03T17:05:37.665109,-1.699792,0.000000
3404.7134,2026-06-03T17:05:38.164856,-1.699824,0.000000
3405.2177,2026-06-03T17:05:38.669124,-1.699848,0.000000
3405.7184,2026-06-03T17:05:39.169787,-1.699888,0.000000
3406.2181,2026-06-03T17:05:39.669468,-1.699920,0.000000
3406.7135,2026-06-03T17:05:40.164899,-1.699920,0.000000
3407.2089,2026-06-03T17:05:40.660291,-1.699976,0.000000
3407.6981,2026-06-03T17:05:41.149498,-1.699960,0.000000
3408.1946,2026-06-03T17:05:41.646065,-1.699936,0.000000
3408.6721,2026-06-03T17:05:42.123493,-1.699984,0.000000
3409.1590,2026-06-03T17:05:42.610451,-1.700008,0.000000
3409.6717,2026-06-03T17:05:43.123145,-1.700056,0.000000
3410.1432,2026-06-03T17:05:43.594606,-1.700152,0.000000
3410.6431,2026-06-03T17:05:44.094472,-1.700240,0.000000
3411.1477,2026-06-03T17:05:44.599104,-1.700352,0.000000
3411.5946,2026-06-03T17:05:45.046012,-1.700480,0.000000
3412.0897,2026-06-03T17:05:45.541132,-1.700792,0.000000
3412.5610,2026-06-03T17:05:46.012373,-1.701232,0.000000
3413.0529,2026-06-03T17:05:46.504333,-1.701512,0.000000
3413.5364,2026-06-03T17:05:46.987784,-1.701728,0.000000
3414.0411,2026-06-03T17:05:47.492504,-1.701976,0.000000
3414.5426,2026-06-03T17:05:47.994056,-1.701984,0.000000
3415.0102,2026-06-03T17:05:48.461594,-1.702096,0.000000
3415.4939,2026-06-03T17:05:48.945365,-1.702504,0.000000
3415.9973,2026-06-03T17:05:49.448714,-1.703448,0.000000
3416.4876,2026-06-03T17:05:49.939022,-1.704656,0.000000
3416.9952,2026-06-03T17:05:50.446639,-1.705824,0.000000
3417.4780,2026-06-03T17:05:50.929379,-1.706984,0.000000
3417.9780,2026-06-03T17:05:51.429420,-1.708832,0.000000
3418.4999,2026-06-03T17:05:51.951358,-1.710920,0.000000
3419.0026,2026-06-03T17:05:52.454034,-1.712792,0.000000
3419.4877,2026-06-03T17:05:52.939162,-1.713832,0.000000
3419.9777,2026-06-03T17:05:53.429140,-1.714344,0.000000
3420.4815,2026-06-03T17:05:53.932914,-1.715192,0.000000
3420.9782,2026-06-03T17:05:54.429620,-1.715112,0.000000
3421.4786,2026-06-03T17:05:54.929970,-1.716592,0.000000
3421.9789,2026-06-03T17:05:55.430322,-1.716200,0.000000
3422.4678,2026-06-03T17:05:55.919197,-1.716768,0.000000
3422.9708,2026-06-03T17:05:56.422167,-1.718048,0.000000
3423.4718,2026-06-03T17:05:56.923251,-1.719184,0.000000
3423.9585,2026-06-03T17:05:57.409953,-1.720736,0.000000
3424.4527,2026-06-03T17:05:57.904122,-1.721112,0.000000
3424.9444,2026-06-03T17:05:58.395841,-1.722896,0.000000
3425.4427,2026-06-03T17:05:58.894078,-1.724352,0.000000
3425.9693,2026-06-03T17:05:59.420676,-1.726768,0.000000
3426.4765,2026-06-03T17:05:59.927879,-1.729872,0.000000
3426.9701,2026-06-03T17:06:00.421521,-1.731920,0.000000
3427.4601,2026-06-03T17:06:00.911554,-1.733408,0.000000
3427.9314,2026-06-03T17:06:01.382822,-1.734488,0.000000
3428.4276,2026-06-03T17:06:01.878963,-1.735368,0.000000
3428.8910,2026-06-03T17:06:02.342415,-1.736200,0.000000
3429.3913,2026-06-03T17:06:02.842708,-1.737208,0.000000
3429.8790,2026-06-03T17:06:03.330381,-1.737664,0.000000
3430.3749,2026-06-03T17:06:03.826299,-1.737976,0.000000
3430.8772,2026-06-03T17:06:04.328631,-1.738168,0.000000
3431.4081,2026-06-03T17:06:04.859511,-1.738424,0.000000
3431.8989,2026-06-03T17:06:05.350297,-1.738936,0.000000
3432.3934,2026-06-03T17:06:05.844775,-1.739032,0.000000
3432.8931,2026-06-03T17:06:06.344542,-1.739192,0.000000
3433.3830,2026-06-03T17:06:06.834463,-1.739264,0.000000
3433.8809,2026-06-03T17:06:07.332332,-1.739248,0.000000
3434.3842,2026-06-03T17:06:07.835574,-1.739400,0.000000
3434.9084,2026-06-03T17:06:08.359793,-1.739384,0.000000
3435.3702,2026-06-03T17:06:08.821671,-1.739504,0.000000
3435.8602,2026-06-03T17:06:09.311590,-1.739568,0.000000
3436.3404,2026-06-03T17:06:09.791807,-1.739616,0.000000
3436.8424,2026-06-03T17:06:10.293763,-1.739688,0.000000
3437.3268,2026-06-03T17:06:10.778217,-1.739736,0.000000
3437.8261,2026-06-03T17:06:11.277472,-1.739776,0.000000
3438.3221,2026-06-03T17:06:11.773561,-1.739792,0.000000
3438.8240,2026-06-03T17:06:12.275376,-1.739904,0.000000
3439.2962,2026-06-03T17:06:12.747576,-1.739968,0.000000
3439.7937,2026-06-03T17:06:13.245127,-1.739992,0.000000
3440.2919,2026-06-03T17:06:13.743345,-1.740064,0.000000
3440.7749,2026-06-03T17:06:14.226326,-1.740048,0.000000
3441.2712,2026-06-03T17:06:14.722654,-1.740152,0.000000
3441.7717,2026-06-03T17:06:15.223131,-1.740264,0.000000
3442.2423,2026-06-03T17:06:15.693705,-1.740336,0.000000
3442.7757,2026-06-03T17:06:16.227135,-1.740648,0.000000
3443.2790,2026-06-03T17:06:16.730407,-1.741048,0.000000
3443.7744,2026-06-03T17:06:17.225782,-1.741744,0.000000
3444.2756,2026-06-03T17:06:17.727047,-1.742536,0.000000
3444.7474,2026-06-03T17:06:18.198865,-1.742800,0.000000
3445.2476,2026-06-03T17:06:18.699042,-1.743104,0.000000
3445.7433,2026-06-03T17:06:19.194759,-1.743144,0.000000
3446.2507,2026-06-03T17:06:19.702118,-1.742888,0.000000
3446.7389,2026-06-03T17:06:20.190270,-1.744120,0.000000
3447.2105,2026-06-03T17:06:20.661935,-1.745472,0.000000
3447.6944,2026-06-03T17:06:21.145791,-1.747816,0.000000
3448.2079,2026-06-03T17:06:21.659324,-1.749416,0.000000
3448.6965,2026-06-03T17:06:22.147914,-1.750816,0.000000
3449.1941,2026-06-03T17:06:22.645556,-1.751824,0.000000
3449.6917,2026-06-03T17:06:23.143150,-1.752440,0.000000
3450.1877,2026-06-03T17:06:23.639086,-1.753896,0.000000
3450.7229,2026-06-03T17:06:24.174534,-1.755120,0.000000
3451.2273,2026-06-03T17:06:24.678708,-1.755872,0.000000
3451.7268,2026-06-03T17:06:25.178261,-1.756104,0.000000
3452.2177,2026-06-03T17:06:25.669110,-1.756240,0.000000
3452.7148,2026-06-03T17:06:26.166270,-1.756688,0.000000
3453.2063,2026-06-03T17:06:26.657707,-1.757200,0.000000
3453.7308,2026-06-03T17:06:27.182203,-1.757936,0.000000
3454.2224,2026-06-03T17:06:27.673829,-1.758920,0.000000
3454.7236,2026-06-03T17:06:28.175063,-1.759520,0.000000
3455.2236,2026-06-03T17:06:28.675037,-1.759776,0.000000
3455.7226,2026-06-03T17:06:29.173966,-1.760160,0.000000
3456.2130,2026-06-03T17:06:29.664386,-1.760816,0.000000
3456.7162,2026-06-03T17:06:30.167577,-1.761848,0.000000
3457.2121,2026-06-03T17:06:30.663571,-1.762816,0.000000
3457.6855,2026-06-03T17:06:31.136904,-1.763280,0.000000
3458.1567,2026-06-03T17:06:31.608073,-1.763792,0.000000
3458.6644,2026-06-03T17:06:32.115783,-1.763856,0.000000
3459.1588,2026-06-03T17:06:32.610204,-1.764152,0.000000
3459.6663,2026-06-03T17:06:33.117753,-1.765712,0.000000
3460.1573,2026-06-03T17:06:33.608694,-1.767704,0.000000
3460.6671,2026-06-03T17:06:34.118526,-1.770080,0.000000
3461.1556,2026-06-03T17:06:34.607064,-1.771680,0.000000
3461.6508,2026-06-03T17:06:35.102242,-1.773208,0.000000
3462.1609,2026-06-03T17:06:35.612266,-1.773792,0.000000
3462.6673,2026-06-03T17:06:36.118724,-1.774016,0.000000
3463.1619,2026-06-03T17:06:36.613285,-1.774984,0.000000
3463.6464,2026-06-03T17:06:37.097796,-1.775784,0.000000
3464.1336,2026-06-03T17:06:37.584960,-1.776760,0.000000
3464.6439,2026-06-03T17:06:38.095349,-1.777656,0.000000
3465.0898,2026-06-03T17:06:38.541217,-1.778304,0.000000
3465.5833,2026-06-03T17:06:39.034725,-1.778944,0.000000
3466.0610,2026-06-03T17:06:39.512372,-1.778928,0.000000
3466.5590,2026-06-03T17:06:40.010448,-1.779056,0.000000
3467.0627,2026-06-03T17:06:40.514116,-1.779232,0.000000
3467.5589,2026-06-03T17:06:41.010280,-1.779336,0.000000
3468.0561,2026-06-03T17:06:41.507531,-1.779656,0.000000
3468.5127,2026-06-03T17:06:41.964110,-1.779776,0.000000
3469.0098,2026-06-03T17:06:42.461248,-1.779864,0.000000
3469.5022,2026-06-03T17:06:42.953643,-1.779992,0.000000
3469.9915,2026-06-03T17:06:43.442881,-1.780104,0.000000
3470.4920,2026-06-03T17:06:43.943408,-1.780112,0.000000
3471.0105,2026-06-03T17:06:44.461970,-1.780104,0.000000
3471.5026,2026-06-03T17:06:44.954048,-1.780184,0.000000
3471.9986,2026-06-03T17:06:45.449987,-1.780168,0.000000
3472.5000,2026-06-03T17:06:45.951448,-1.780312,0.000000
3472.9928,2026-06-03T17:06:46.444175,-1.780568,0.000000
3473.4791,2026-06-03T17:06:46.930529,-1.780728,0.000000
3473.9834,2026-06-03T17:06:47.434782,-1.781440,0.000000
3474.5015,2026-06-03T17:06:47.952928,-1.782448,0.000000
3474.9757,2026-06-03T17:06:48.427147,-1.783248,0.000000
3475.4901,2026-06-03T17:06:48.941554,-1.784832,0.000000
3475.9651,2026-06-03T17:06:49.416483,-1.786680,0.000000
3476.4349,2026-06-03T17:06:49.886340,-1.788248,0.000000
3476.9266,2026-06-03T17:06:50.378002,-1.790376,0.000000
3477.4094,2026-06-03T17:06:50.860838,-1.792744,0.000000
3477.9078,2026-06-03T17:06:51.359180,-1.793928,0.000000
3478.4029,2026-06-03T17:06:51.854337,-1.795536,0.000000
3478.9061,2026-06-03T17:06:52.357475,-1.796624,0.000000
3479.4124,2026-06-03T17:06:52.863788,-1.797648,0.000000
3479.9194,2026-06-03T17:06:53.370796,-1.798792,0.000000
3480.4149,2026-06-03T17:06:53.866310,-1.799680,0.000000
3480.9143,2026-06-03T17:06:54.365725,-1.800680,0.000000
3481.4022,2026-06-03T17:06:54.853587,-1.801320,0.000000
3481.8983,2026-06-03T17:06:55.349707,-1.802136,0.000000
3482.4027,2026-06-03T17:06:55.854137,-1.802408,0.000000
3482.9271,2026-06-03T17:06:56.378544,-1.803816,0.000000
3483.4190,2026-06-03T17:06:56.870379,-1.805248,0.000000
3483.9195,2026-06-03T17:06:57.370914,-1.806112,0.000000
3484.4209,2026-06-03T17:06:57.872327,-1.807664,0.000000
3484.9184,2026-06-03T17:06:58.369773,-1.809408,0.000000
3485.4224,2026-06-03T17:06:58.873798,-1.810496,0.000000
3485.9102,2026-06-03T17:06:59.361604,-1.811808,0.000000
3486.4008,2026-06-03T17:06:59.852188,-1.812584,0.000000
3486.9006,2026-06-03T17:07:00.352011,-1.811464,0.000000
3487.4251,2026-06-03T17:07:00.876551,-1.812104,0.000000
3487.9310,2026-06-03T17:07:01.382398,-1.812936,0.000000
3488.4274,2026-06-03T17:07:01.878807,-1.814400,0.000000
3488.9300,2026-06-03T17:07:02.381439,-1.816336,0.000000
3489.4276,2026-06-03T17:07:02.879039,-1.817544,0.000000
3489.9265,2026-06-03T17:07:03.377954,-1.818480,0.000000
3490.4294,2026-06-03T17:07:03.880808,-1.818912,0.000000
3490.9257,2026-06-03T17:07:04.377072,-1.818936,0.000000
3491.4310,2026-06-03T17:07:04.882433,-1.818960,0.000000
3491.9307,2026-06-03T17:07:05.382122,-1.819008,0.000000
3492.4278,2026-06-03T17:07:05.879224,-1.819160,0.000000
3492.9302,2026-06-03T17:07:06.381662,-1.819384,0.000000
3493.3972,2026-06-03T17:07:06.848568,-1.819544,0.000000
3493.8884,2026-06-03T17:07:07.339839,-1.819848,0.000000
3494.3874,2026-06-03T17:07:07.838832,-1.820128,0.000000
3494.8803,2026-06-03T17:07:08.331744,-1.820560,0.000000
3495.3718,2026-06-03T17:07:08.823180,-1.820744,0.000000
3495.8647,2026-06-03T17:07:09.316143,-1.821120,0.000000
3496.3625,2026-06-03T17:07:09.813925,-1.822000,0.000000
3496.8632,2026-06-03T17:07:10.314621,-1.823088,0.000000
3497.3583,2026-06-03T17:07:10.809670,-1.824544,0.000000
3497.8620,2026-06-03T17:07:11.313421,-1.825616,0.000000
3498.3597,2026-06-03T17:07:11.811065,-1.826528,0.000000
3498.8543,2026-06-03T17:07:12.305726,-1.827280,0.000000
3499.3478,2026-06-03T17:07:12.799169,-1.827816,0.000000
3499.8474,2026-06-03T17:07:13.298842,-1.829424,0.000000
3500.3434,2026-06-03T17:07:13.794777,-1.830928,0.000000
3500.8355,2026-06-03T17:07:14.286934,-1.832384,0.000000
3501.3337,2026-06-03T17:07:14.785107,-1.834592,0.000000
3501.8353,2026-06-03T17:07:15.286659,-1.835640,0.000000
3502.3349,2026-06-03T17:07:15.786279,-1.837432,0.000000
3502.8316,2026-06-03T17:07:16.282981,-1.838704,0.000000
3503.3133,2026-06-03T17:07:16.764727,-1.839192,0.000000
3503.8160,2026-06-03T17:07:17.267431,-1.839424,0.000000
3504.3018,2026-06-03T17:07:17.753239,-1.839480,0.000000
3504.8000,2026-06-03T17:07:18.251408,-1.839520,0.000000
3505.2949,2026-06-03T17:07:18.746286,-1.839592,0.000000
3505.7994,2026-06-03T17:07:19.250765,-1.839760,0.000000
3506.2933,2026-06-03T17:07:19.744711,-1.839944,0.000000
3506.7998,2026-06-03T17:07:20.251208,-1.839992,0.000000
3507.2741,2026-06-03T17:07:20.725473,-1.840176,0.000000
3507.7592,2026-06-03T17:07:21.210635,-1.840440,0.000000
3508.2243,2026-06-03T17:07:21.675730,-1.841216,0.000000
3508.7217,2026-06-03T17:07:22.173137,-1.842024,0.000000
3509.2095,2026-06-03T17:07:22.660953,-1.843504,0.000000
3509.7117,2026-06-03T17:07:23.163149,-1.845560,0.000000
3510.1830,2026-06-03T17:07:23.634383,-1.847720,0.000000
3510.6799,2026-06-03T17:07:24.131273,-1.849480,0.000000
3511.1737,2026-06-03T17:07:24.625146,-1.850944,0.000000
3511.6724,2026-06-03T17:07:25.123837,-1.852232,0.000000
3512.1720,2026-06-03T17:07:25.623442,-1.852544,0.000000
3512.6653,2026-06-03T17:07:26.116739,-1.853504,0.000000
3513.1412,2026-06-03T17:07:26.592567,-1.854400,0.000000
3513.6412,2026-06-03T17:07:27.092606,-1.855216,0.000000
3514.1432,2026-06-03T17:07:27.594601,-1.856184,0.000000
3514.6433,2026-06-03T17:07:28.094764,-1.857224,0.000000
3515.1467,2026-06-03T17:07:28.598132,-1.857824,0.000000
3515.6429,2026-06-03T17:07:29.094280,-1.858392,0.000000
3516.1371,2026-06-03T17:07:29.588467,-1.858784,0.000000
3516.6350,2026-06-03T17:07:30.086425,-1.859136,0.000000
3517.1244,2026-06-03T17:07:30.575854,-1.859432,0.000000
3517.6289,2026-06-03T17:07:31.080280,-1.859568,0.000000
3518.1437,2026-06-03T17:07:31.595092,-1.859792,0.000000
3518.6511,2026-06-03T17:07:32.102565,-1.860064,0.000000
3519.1261,2026-06-03T17:07:32.577521,-1.860472,0.000000
3519.6264,2026-06-03T17:07:33.077807,-1.860704,0.000000
3520.1195,2026-06-03T17:07:33.570963,-1.860832,0.000000
3520.5927,2026-06-03T17:07:34.044086,-1.861104,0.000000
3521.0832,2026-06-03T17:07:34.534609,-1.861408,0.000000
3521.5622,2026-06-03T17:07:35.013584,-1.861840,0.000000
3522.0548,2026-06-03T17:07:35.506187,-1.862472,0.000000
3522.5555,2026-06-03T17:07:36.006901,-1.862744,0.000000
3523.0805,2026-06-03T17:07:36.531897,-1.863664,0.000000
3523.5668,2026-06-03T17:07:37.018266,-1.864888,0.000000
3524.0720,2026-06-03T17:07:37.523426,-1.865952,0.000000
3524.5680,2026-06-03T17:07:38.019403,-1.867408,0.000000
3525.0675,2026-06-03T17:07:38.518915,-1.868248,0.000000
3525.5741,2026-06-03T17:07:39.025473,-1.869704,0.000000
3526.0972,2026-06-03T17:07:39.548656,-1.871264,0.000000
3526.5747,2026-06-03T17:07:40.026139,-1.872432,0.000000
3527.0663,2026-06-03T17:07:40.517766,-1.874184,0.000000
3527.5713,2026-06-03T17:07:41.022739,-1.875696,0.000000
3528.0710,2026-06-03T17:07:41.522427,-1.877392,0.000000
3528.5511,2026-06-03T17:07:42.002510,-1.879152,0.000000
3529.0228,2026-06-03T17:07:42.474258,-1.880176,0.000000
3529.4912,2026-06-03T17:07:42.942575,-1.881192,0.000000
3529.9843,2026-06-03T17:07:43.435724,-1.882408,0.000000
3530.4828,2026-06-03T17:07:43.934206,-1.884464,0.000000
3530.9842,2026-06-03T17:07:44.435600,-1.885792,0.000000
3531.4751,2026-06-03T17:07:44.926509,-1.887504,0.000000
3531.9742,2026-06-03T17:07:45.425643,-1.889208,0.000000
3532.4737,2026-06-03T17:07:45.925102,-1.890168,0.000000
3532.9762,2026-06-03T17:07:46.427609,-1.892352,0.000000
3533.4731,2026-06-03T17:07:46.924506,-1.893520,0.000000
3533.9792,2026-06-03T17:07:47.430628,-1.894048,0.000000
3534.4707,2026-06-03T17:07:47.922100,-1.894432,0.000000
3534.9528,2026-06-03T17:07:48.404229,-1.894656,0.000000
3535.4480,2026-06-03T17:07:48.899422,-1.895256,0.000000
3535.9228,2026-06-03T17:07:49.374233,-1.896464,0.000000
3536.4276,2026-06-03T17:07:49.879018,-1.897480,0.000000
3536.9205,2026-06-03T17:07:50.371900,-1.898208,0.000000
3537.4161,2026-06-03T17:07:50.867509,-1.898880,0.000000
3537.9083,2026-06-03T17:07:51.359677,-1.899120,0.000000
3538.3966,2026-06-03T17:07:51.848043,-1.899232,0.000000
3538.9192,2026-06-03T17:07:52.370601,-1.899312,0.000000
3539.4213,2026-06-03T17:07:52.872732,-1.899488,0.000000
3539.9125,2026-06-03T17:07:53.363909,-1.899512,0.000000
3540.4159,2026-06-03T17:07:53.867343,-1.899600,0.000000
3540.9129,2026-06-03T17:07:54.364272,-1.899792,0.000000
3541.4067,2026-06-03T17:07:54.858063,-1.900000,0.000000
3541.9333,2026-06-03T17:07:55.384727,-1.900264,0.000000
3542.4287,2026-06-03T17:07:55.880136,-1.900672,0.000000
3542.9138,2026-06-03T17:07:56.365184,-1.901384,0.000000
3543.4200,2026-06-03T17:07:56.871385,-1.902096,0.000000
3543.9223,2026-06-03T17:07:57.373741,-1.903424,0.000000
3544.4279,2026-06-03T17:07:57.879281,-1.905696,0.000000
3544.9268,2026-06-03T17:07:58.378229,-1.908552,0.000000
3545.4284,2026-06-03T17:07:58.879844,-1.910352,0.000000
3545.9053,2026-06-03T17:07:59.356730,-1.911744,0.000000
3546.3968,2026-06-03T17:07:59.848221,-1.912296,0.000000
3546.8930,2026-06-03T17:08:00.344374,-1.912680,0.000000
3547.3982,2026-06-03T17:08:00.849671,-1.913744,0.000000
3547.8683,2026-06-03T17:08:01.319728,-1.915328,0.000000
3548.3680,2026-06-03T17:08:01.819398,-1.916872,0.000000
3548.8625,2026-06-03T17:08:02.313939,-1.917760,0.000000
3549.3489,2026-06-03T17:08:02.800357,-1.918880,0.000000
3549.8154,2026-06-03T17:08:03.266809,-1.919240,0.000000
3550.3163,2026-06-03T17:08:03.767725,-1.919464,0.000000
3550.8088,2026-06-03T17:08:04.260196,-1.919880,0.000000
3551.3354,2026-06-03T17:08:04.786811,-1.920608,0.000000
3551.8509,2026-06-03T17:08:05.302357,-1.921744,0.000000
3552.3498,2026-06-03T17:08:05.801174,-1.923896,0.000000
3552.8511,2026-06-03T17:08:06.302477,-1.926112,0.000000
3553.3472,2026-06-03T17:08:06.798574,-1.929128,0.000000
3553.8802,2026-06-03T17:08:07.331658,-1.931896,0.000000
3554.3849,2026-06-03T17:08:07.836289,-1.934120,0.000000
3554.8917,2026-06-03T17:08:08.343078,-1.936072,0.000000
3555.3871,2026-06-03T17:08:08.838527,-1.937104,0.000000
3555.8767,2026-06-03T17:08:09.328131,-1.937912,0.000000
3556.4018,2026-06-03T17:08:09.853262,-1.938288,0.000000
3556.9241,2026-06-03T17:08:10.375553,-1.938752,0.000000
3557.4148,2026-06-03T17:08:10.866199,-1.939040,0.000000
3557.9157,2026-06-03T17:08:11.367111,-1.939200,0.000000
3558.4118,2026-06-03T17:08:11.863201,-1.939440,0.000000
3558.8792,2026-06-03T17:08:12.330666,-1.939608,0.000000
3559.3774,2026-06-03T17:08:12.828789,-1.939680,0.000000
3559.9020,2026-06-03T17:08:13.353423,-1.939632,0.000000
3560.4023,2026-06-03T17:08:13.853698,-1.939672,0.000000
3560.9082,2026-06-03T17:08:14.359579,-1.939736,0.000000
3561.4029,2026-06-03T17:08:14.854341,-1.939744,0.000000
3561.8697,2026-06-03T17:08:15.321141,-1.939888,0.000000
3562.3628,2026-06-03T17:08:15.814235,-1.940008,0.000000
3562.8299,2026-06-03T17:08:16.281308,-1.940232,0.000000
3563.2941,2026-06-03T17:08:16.745475,-1.940624,0.000000
3563.7888,2026-06-03T17:08:17.240188,-1.940992,0.000000
3564.2952,2026-06-03T17:08:17.746618,-1.941232,0.000000
3564.7793,2026-06-03T17:08:18.230725,-1.941856,0.000000
3565.2837,2026-06-03T17:08:18.735120,-1.942440,0.000000
3565.7804,2026-06-03T17:08:19.231833,-1.942984,0.000000
3566.3018,2026-06-03T17:08:19.753230,-1.944320,0.000000
3566.7970,2026-06-03T17:08:20.248425,-1.945824,0.000000
3567.2979,2026-06-03T17:08:20.749286,-1.946576,0.000000
3567.7933,2026-06-03T17:08:21.244724,-1.948280,0.000000
3568.2906,2026-06-03T17:08:21.741990,-1.950128,0.000000
3568.7836,2026-06-03T17:08:22.234974,-1.951328,0.000000
3569.2839,2026-06-03T17:08:22.735276,-1.953160,0.000000
3569.7846,2026-06-03T17:08:23.236049,-1.953704,0.000000
3570.2924,2026-06-03T17:08:23.743845,-1.953632,0.000000
3570.7906,2026-06-03T17:08:24.242005,-1.953840,0.000000
3571.2832,2026-06-03T17:08:24.734678,-1.955032,0.000000
3571.7840,2026-06-03T17:08:25.235369,-1.956480,0.000000
3572.2717,2026-06-03T17:08:25.723139,-1.957912,0.000000
3572.7708,2026-06-03T17:08:26.222228,-1.959168,0.000000
3573.2655,2026-06-03T17:08:26.716918,-1.959192,0.000000
3573.7619,2026-06-03T17:08:27.213340,-1.959744,0.000000
3574.2374,2026-06-03T17:08:27.688837,-1.959664,0.000000
3574.7088,2026-06-03T17:08:28.160181,-1.960304,0.000000
3575.2130,2026-06-03T17:08:28.664384,-1.961000,0.000000
3575.7121,2026-06-03T17:08:29.163566,-1.962352,0.000000
3576.2113,2026-06-03T17:08:29.662718,-1.963136,0.000000
3576.7155,2026-06-03T17:08:30.166918,-1.963872,0.000000
3577.2111,2026-06-03T17:08:30.662524,-1.965976,0.000000
3577.6796,2026-06-03T17:08:31.131025,-1.967936,0.000000
3578.1766,2026-06-03T17:08:31.628013,-1.970352,0.000000
3578.6796,2026-06-03T17:08:32.131030,-1.973552,0.000000
3579.1681,2026-06-03T17:08:32.619551,-1.974856,0.000000
3579.6659,2026-06-03T17:08:33.117293,-1.976144,0.000000
3580.1518,2026-06-03T17:08:33.603177,-1.977032,0.000000
3580.6525,2026-06-03T17:08:34.103946,-1.977936,0.000000
3581.1708,2026-06-03T17:08:34.622176,-1.978688,0.000000
3581.6433,2026-06-03T17:08:35.094714,-1.979280,0.000000
3582.1374,2026-06-03T17:08:35.588848,-1.979536,0.000000
3582.6380,2026-06-03T17:08:36.089423,-1.979680,0.000000
3583.1397,2026-06-03T17:08:36.591104,-1.979880,0.000000
3583.6443,2026-06-03T17:08:37.095684,-1.980128,0.000000
3584.1394,2026-06-03T17:08:37.590771,-1.980472,0.000000
3584.6446,2026-06-03T17:08:38.095983,-1.980944,0.000000
3585.1582,2026-06-03T17:08:38.609608,-1.982168,0.000000
3585.6717,2026-06-03T17:08:39.123094,-1.983232,0.000000
3586.1591,2026-06-03T17:08:39.610527,-1.984280,0.000000
3586.6544,2026-06-03T17:08:40.105867,-1.985760,0.000000
3587.1543,2026-06-03T17:08:40.605700,-1.986392,0.000000
3587.6551,2026-06-03T17:08:41.106533,-1.987760,0.000000
3588.1907,2026-06-03T17:08:41.642121,-1.988880,0.000000
3588.6881,2026-06-03T17:08:42.139513,-1.989464,0.000000
3589.1745,2026-06-03T17:08:42.625881,-1.991168,0.000000
3589.6540,2026-06-03T17:08:43.105384,-1.992936,0.000000
3590.1603,2026-06-03T17:08:43.611764,-1.995144,0.000000
3590.6124,2026-06-03T17:08:44.063783,-1.996976,0.000000
3591.1126,2026-06-03T17:08:44.564010,-1.998128,0.000000
3591.5987,2026-06-03T17:08:45.050116,-1.998752,0.000000
3592.0556,2026-06-03T17:08:45.506993,-1.998968,0.000000
3592.5151,2026-06-03T17:08:45.966561,-1.999360,0.000000
3593.0124,2026-06-03T17:08:46.463807,-1.999568,0.000000
3593.5085,2026-06-03T17:08:46.959895,-1.999696,0.000000
3593.9722,2026-06-03T17:08:47.423578,-1.999856,0.000000
3594.4777,2026-06-03T17:08:47.929136,-1.999992,0.000000
3594.9754,2026-06-03T17:08:48.426858,-2.000432,0.000000
3595.4700,2026-06-03T17:08:48.921411,-2.001336,0.000000
3595.9685,2026-06-03T17:08:49.419905,-2.002928,0.000000
3596.4489,2026-06-03T17:08:49.900338,-2.005776,0.000000
3596.9732,2026-06-03T17:08:50.424661,-2.008712,0.000000
3597.4751,2026-06-03T17:08:50.926499,-2.011400,0.000000
3597.9756,2026-06-03T17:08:51.427007,-2.013440,0.000000
3598.4567,2026-06-03T17:08:51.908127,-2.014904,0.000000
3598.9501,2026-06-03T17:08:52.401532,-2.016024,0.000000
3599.4038,2026-06-03T17:08:52.855168,-2.017256,0.000000
3599.8942,2026-06-03T17:08:53.345586,-2.018392,0.000000
3600.4005,2026-06-03T17:08:53.851913,-2.018944,0.000000
3600.9041,2026-06-03T17:08:54.355522,-2.019336,0.000000
3601.3946,2026-06-03T17:08:54.845999,-2.019424,0.000000
3601.8873,2026-06-03T17:08:55.338763,-2.019504,0.000000
3602.4122,2026-06-03T17:08:55.863651,-2.019640,0.000000
3602.9322,2026-06-03T17:08:56.383665,-2.019744,0.000000
3603.4152,2026-06-03T17:08:56.866588,-2.019808,0.000000
3603.9128,2026-06-03T17:08:57.364219,-2.019904,0.000000
3604.4170,2026-06-03T17:08:57.868426,-2.020000,0.000000
3604.9082,2026-06-03T17:08:58.359619,-2.020248,0.000000
3605.4047,2026-06-03T17:08:58.856113,-2.020784,0.000000
3605.9077,2026-06-03T17:08:59.359072,-2.021672,0.000000
3606.4242,2026-06-03T17:08:59.875568,-2.023256,0.000000
3606.9124,2026-06-03T17:09:00.363777,-2.024304,0.000000
3607.4139,2026-06-03T17:09:00.865335,-2.024976,0.000000
3607.9192,2026-06-03T17:09:01.370648,-2.026008,0.000000
3608.4076,2026-06-03T17:09:01.858986,-2.027240,0.000000
3608.8995,2026-06-03T17:09:02.350966,-2.029264,0.000000
3609.3575,2026-06-03T17:09:02.808943,-2.032104,0.000000
3609.8464,2026-06-03T17:09:03.297853,-2.034440,0.000000
3610.3525,2026-06-03T17:09:03.803948,-2.036408,0.000000
3610.8115,2026-06-03T17:09:04.262939,-2.038432,0.000000
3611.3163,2026-06-03T17:09:04.767719,-2.040240,0.000000
3611.7867,2026-06-03T17:09:05.238106,-2.042024,0.000000
3612.2904,2026-06-03T17:09:05.741783,-2.044768,0.000000
3612.7622,2026-06-03T17:09:06.213558,-2.047792,0.000000
3613.2629,2026-06-03T17:09:06.714339,-2.050560,0.000000
3613.7617,2026-06-03T17:09:07.213134,-2.053544,0.000000
3614.2915,2026-06-03T17:09:07.742958,-2.055888,0.000000
3614.7621,2026-06-03T17:09:08.213486,-2.057232,0.000000
3615.2703,2026-06-03T17:09:08.721675,-2.058192,0.000000
3615.7751,2026-06-03T17:09:09.226518,-2.058544,0.000000
3616.2715,2026-06-03T17:09:09.722919,-2.058688,0.000000
3616.7719,2026-06-03T17:09:10.223307,-2.058888,0.000000
3617.2570,2026-06-03T17:09:10.708482,-2.059208,0.000000
3617.7906,2026-06-03T17:09:11.242038,-2.059440,0.000000
3618.2855,2026-06-03T17:09:11.736875,-2.059664,0.000000
3618.7902,2026-06-03T17:09:12.241650,-2.059840,0.000000
3619.2861,2026-06-03T17:09:12.737476,-2.060088,0.000000
3619.7741,2026-06-03T17:09:13.225552,-2.060472,0.000000
3620.2797,2026-06-03T17:09:13.731154,-2.060648,0.000000
3620.7798,2026-06-03T17:09:14.231256,-2.061312,0.000000
3621.2553,2026-06-03T17:09:14.706750,-2.062048,0.000000
3621.7632,2026-06-03T17:09:15.214657,-2.062448,0.000000
3622.2605,2026-06-03T17:09:15.711954,-2.063008,0.000000
3622.7605,2026-06-03T17:09:16.211885,-2.063664,0.000000
3623.2602,2026-06-03T17:09:16.711622,-2.064944,0.000000
3623.7601,2026-06-03T17:09:17.211558,-2.066776,0.000000
3624.2468,2026-06-03T17:09:17.698200,-2.069680,0.000000
3624.7803,2026-06-03T17:09:18.231752,-2.072752,0.000000
3625.2795,2026-06-03T17:09:18.730930,-2.075296,0.000000
3625.7711,2026-06-03T17:09:19.222484,-2.077392,0.000000
3626.2689,2026-06-03T17:09:19.720346,-2.078552,0.000000
3626.7582,2026-06-03T17:09:20.209655,-2.078920,0.000000
3627.2554,2026-06-03T17:09:20.706776,-2.079472,0.000000
3627.7480,2026-06-03T17:09:21.199408,-2.080000,0.000000
3628.2746,2026-06-03T17:09:21.725965,-2.080504,0.000000
3628.7749,2026-06-03T17:09:22.226325,-2.081640,0.000000
3629.2755,2026-06-03T17:09:22.726937,-2.082440,0.000000
3629.7678,2026-06-03T17:09:23.219193,-2.084760,0.000000
3630.2688,2026-06-03T17:09:23.720209,-2.087464,0.000000
3630.7634,2026-06-03T17:09:24.214825,-2.088960,0.000000
3631.2659,2026-06-03T17:09:24.717352,-2.090776,0.000000
3631.7800,2026-06-03T17:09:25.231435,-2.090352,0.000000
3632.2702,2026-06-03T17:09:25.721580,-2.089544,0.000000
3632.7703,2026-06-03T17:09:26.221670,-2.090576,0.000000
3633.2767,2026-06-03T17:09:26.728116,-2.091200,0.000000
3633.7738,2026-06-03T17:09:27.225196,-2.093112,0.000000
3634.2479,2026-06-03T17:09:27.699318,-2.095168,0.000000
3634.7458,2026-06-03T17:09:28.197247,-2.096328,0.000000
3635.2744,2026-06-03T17:09:28.725767,-2.097656,0.000000
3635.7494,2026-06-03T17:09:29.200821,-2.098272,0.000000
3636.2571,2026-06-03T17:09:29.708565,-2.098664,0.000000
3636.7646,2026-06-03T17:09:30.215985,-2.098936,0.000000
3637.2632,2026-06-03T17:09:30.714577,-2.099040,0.000000
3637.7577,2026-06-03T17:09:31.209097,-2.099392,0.000000
3638.2643,2026-06-03T17:09:31.715664,-2.099632,0.000000
3638.7769,2026-06-03T17:09:32.228348,-2.099696,0.000000
3639.2687,2026-06-03T17:09:32.720142,-2.099728,0.000000
3639.7529,2026-06-03T17:09:33.204338,-2.099816,0.000000
3640.2443,2026-06-03T17:09:33.695674,-2.099840,0.000000
3640.7361,2026-06-03T17:09:34.187547,-2.099960,0.000000
3641.2169,2026-06-03T17:09:34.668350,-2.100288,0.000000
3641.6856,2026-06-03T17:09:35.137055,-2.100752,0.000000
3642.1823,2026-06-03T17:09:35.633669,-2.102568,0.000000
3642.6775,2026-06-03T17:09:36.128951,-2.105320,0.000000
3643.1747,2026-06-03T17:09:36.626144,-2.110280,0.000000
3643.6899,2026-06-03T17:09:37.141331,-2.116496,0.000000
3644.1828,2026-06-03T17:09:37.634242,-2.121816,0.000000
3644.6911,2026-06-03T17:09:38.142514,-2.127040,0.000000
3645.1796,2026-06-03T17:09:38.631047,-2.130872,0.000000
3645.6853,2026-06-03T17:09:39.136692,-2.132032,0.000000
3646.1812,2026-06-03T17:09:39.632583,-2.133120,0.000000
3646.6724,2026-06-03T17:09:40.123807,-2.133808,0.000000
3647.1702,2026-06-03T17:09:40.621579,-2.134160,0.000000
3647.6961,2026-06-03T17:09:41.147561,-2.135320,0.000000
3648.2036,2026-06-03T17:09:41.655023,-2.136280,0.000000
3648.6982,2026-06-03T17:09:42.149646,-2.137200,0.000000
3649.1990,2026-06-03T17:09:42.650437,-2.138144,0.000000
3649.6987,2026-06-03T17:09:43.150079,-2.139048,0.000000
3650.1979,2026-06-03T17:09:43.649340,-2.139576,0.000000
3650.7008,2026-06-03T17:09:44.152261,-2.139656,0.000000
3651.2163,2026-06-03T17:09:44.667702,-2.139680,0.000000
3651.7030,2026-06-03T17:09:45.154372,-2.139696,0.000000
3652.1744,2026-06-03T17:09:45.625826,-2.139744,0.000000
3652.6770,2026-06-03T17:09:46.128415,-2.139808,0.000000
3653.1778,2026-06-03T17:09:46.629258,-2.139840,0.000000
3653.6390,2026-06-03T17:09:47.090374,-2.139896,0.000000
3654.1013,2026-06-03T17:09:47.552737,-2.139992,0.000000
3654.5992,2026-06-03T17:09:48.050602,-2.140008,0.000000
3655.0908,2026-06-03T17:09:48.542245,-2.140064,0.000000
3655.5774,2026-06-03T17:09:49.028771,-2.140016,0.000000
3656.0828,2026-06-03T17:09:49.534237,-2.140040,0.000000
3656.5798,2026-06-03T17:09:50.031176,-2.140128,0.000000
3657.0843,2026-06-03T17:09:50.535735,-2.140104,0.000000
3657.5811,2026-06-03T17:09:51.032497,-2.140208,0.000000
3658.0365,2026-06-03T17:09:51.487938,-2.140408,0.000000
3658.5324,2026-06-03T17:09:51.983793,-2.140416,0.000000
3659.0320,2026-06-03T17:09:52.483427,-2.140576,0.000000
3659.5245,2026-06-03T17:09:52.975915,-2.140728,0.000000
3660.0328,2026-06-03T17:09:53.484232,-2.140920,0.000000
3660.5259,2026-06-03T17:09:53.977337,-2.141304,0.000000
3660.9883,2026-06-03T17:09:54.439755,-2.142248,0.000000
3661.4855,2026-06-03T17:09:54.936916,-2.142808,0.000000
3661.9867,2026-06-03T17:09:55.438148,-2.144080,0.000000
3662.4886,2026-06-03T17:09:55.940019,-2.144984,0.000000
3662.9632,2026-06-03T17:09:56.414627,-2.145744,0.000000
3663.4351,2026-06-03T17:09:56.886485,-2.146704,0.000000
3663.9314,2026-06-03T17:09:57.382841,-2.147576,0.000000
3664.4367,2026-06-03T17:09:57.888167,-2.148296,0.000000
3664.9556,2026-06-03T17:09:58.407053,-2.148624,0.000000
3665.4376,2026-06-03T17:09:58.888968,-2.150360,0.000000
3665.9399,2026-06-03T17:09:59.391274,-2.152176,0.000000
3666.4398,2026-06-03T17:09:59.891226,-2.154648,0.000000
3666.9349,2026-06-03T17:10:00.386345,-2.157032,0.000000
3667.4408,2026-06-03T17:10:00.892248,-2.158288,0.000000
3667.9106,2026-06-03T17:10:01.362051,-2.158936,0.000000
3668.4167,2026-06-03T17:10:01.868087,-2.160256,0.000000
3668.9076,2026-06-03T17:10:02.359031,-2.162472,0.000000
3669.3880,2026-06-03T17:10:02.839374,-2.163968,0.000000
3669.8807,2026-06-03T17:10:03.332084,-2.164800,0.000000
3670.3771,2026-06-03T17:10:03.828480,-2.165336,0.000000
3670.8751,2026-06-03T17:10:04.326496,-2.164560,0.000000
3671.3808,2026-06-03T17:10:04.832220,-2.164312,0.000000
3671.8639,2026-06-03T17:10:05.315298,-2.164184,0.000000
3672.3527,2026-06-03T17:10:05.804130,-2.164152,0.000000
3672.8535,2026-06-03T17:10:06.304872,-2.164128,0.000000
3673.3503,2026-06-03T17:10:06.801731,-2.164216,0.000000
3673.8356,2026-06-03T17:10:07.287006,-2.164320,0.000000
3674.2831,2026-06-03T17:10:07.734555,-2.164416,0.000000
3674.7962,2026-06-03T17:10:08.247664,-2.164128,0.000000
3675.2410,2026-06-03T17:10:08.692426,-2.163928,0.000000
3675.7439,2026-06-03T17:10:09.195300,-2.164048,0.000000
3676.2448,2026-06-03T17:10:09.696241,-2.163376,0.000000
3676.7138,2026-06-03T17:10:10.165255,-2.163528,0.000000
3677.2011,2026-06-03T17:10:10.652524,-2.164408,0.000000
3677.7083,2026-06-03T17:10:11.159701,-2.165808,0.000000
3678.1762,2026-06-03T17:10:11.627650,-2.168328,0.000000
3678.6782,2026-06-03T17:10:12.129650,-2.170568,0.000000
3679.1720,2026-06-03T17:10:12.623419,-2.171704,0.000000
3679.6479,2026-06-03T17:10:13.099350,-2.172736,0.000000
3680.1409,2026-06-03T17:10:13.592310,-2.173472,0.000000
3680.6377,2026-06-03T17:10:14.089126,-2.174384,0.000000
3681.1354,2026-06-03T17:10:14.586823,-2.175680,0.000000
3681.6389,2026-06-03T17:10:15.090325,-2.176632,0.000000
3682.1313,2026-06-03T17:10:15.582757,-2.177304,0.000000
3682.6270,2026-06-03T17:10:16.078461,-2.178048,0.000000
3683.1145,2026-06-03T17:10:16.565903,-2.178440,0.000000
3683.6061,2026-06-03T17:10:17.057555,-2.178928,0.000000
3684.1040,2026-06-03T17:10:17.555394,-2.179336,0.000000
3684.6064,2026-06-03T17:10:18.057782,-2.179672,0.000000
3685.1070,2026-06-03T17:10:18.558432,-2.180048,0.000000
3685.5981,2026-06-03T17:10:19.049555,-2.180320,0.000000
3686.0806,2026-06-03T17:10:19.532012,-2.180952,0.000000
3686.6128,2026-06-03T17:10:20.064241,-2.181552,0.000000
3687.1148,2026-06-03T17:10:20.566179,-2.185744,0.000000
3687.6065,2026-06-03T17:10:21.057923,-2.192336,0.000000
3688.0746,2026-06-03T17:10:21.526018,-2.197800,0.000000
3688.5655,2026-06-03T17:10:22.016933,-2.203944,0.000000
3689.0373,2026-06-03T17:10:22.488677,-2.207512,0.000000
3689.5093,2026-06-03T17:10:22.960721,-2.208704,0.000000
3690.0129,2026-06-03T17:10:23.464348,-2.211016,0.000000
3690.4797,2026-06-03T17:10:23.931096,-2.213256,0.000000
3690.9803,2026-06-03T17:10:24.431682,-2.215264,0.000000
3691.4805,2026-06-03T17:10:24.931888,-2.216872,0.000000
3691.9766,2026-06-03T17:10:25.428057,-2.218096,0.000000
3692.4814,2026-06-03T17:10:25.932820,-2.218704,0.000000
3692.9943,2026-06-03T17:10:26.445704,-2.218864,0.000000
3693.4822,2026-06-03T17:10:26.933599,-2.219376,0.000000
3693.9774,2026-06-03T17:10:27.428849,-2.219568,0.000000
3694.4810,2026-06-03T17:10:27.932428,-2.219712,0.000000
3694.9856,2026-06-03T17:10:28.437022,-2.219800,0.000000
3695.4794,2026-06-03T17:10:28.930820,-2.219888,0.000000
3696.0063,2026-06-03T17:10:29.457729,-2.220048,0.000000
3696.4872,2026-06-03T17:10:29.938604,-2.220288,0.000000
3696.9859,2026-06-03T17:10:30.437267,-2.220744,0.000000
3697.4655,2026-06-03T17:10:30.916940,-2.221872,0.000000
3697.9679,2026-06-03T17:10:31.419331,-2.223808,0.000000
3698.4621,2026-06-03T17:10:31.913467,-2.226656,0.000000
3698.9529,2026-06-03T17:10:32.404281,-2.230224,0.000000
3699.4404,2026-06-03T17:10:32.891796,-2.233744,0.000000
3699.9379,2026-06-03T17:10:33.389325,-2.236384,0.000000
3700.4074,2026-06-03T17:10:33.858803,-2.238256,0.000000
3700.9033,2026-06-03T17:10:34.354740,-2.239104,0.000000
3701.4062,2026-06-03T17:10:34.857657,-2.239392,0.000000
3701.9021,2026-06-03T17:10:35.353518,-2.239848,0.000000
3702.4080,2026-06-03T17:10:35.859427,-2.241128,0.000000
3702.9027,2026-06-03T17:10:36.354121,-2.241952,0.000000
3703.4013,2026-06-03T17:10:36.852748,-2.244352,0.000000
3703.8983,2026-06-03T17:10:37.349761,-2.246248,0.000000
3704.4081,2026-06-03T17:10:37.859541,-2.247576,0.000000
3704.8788,2026-06-03T17:10:38.330246,-2.250080,0.000000
3705.3467,2026-06-03T17:10:38.798091,-2.251920,0.000000
3705.8391,2026-06-03T17:10:39.290554,-2.254168,0.000000
3706.3363,2026-06-03T17:10:39.787756,-2.256424,0.000000
3706.7952,2026-06-03T17:10:40.246664,-2.258048,0.000000
3707.2985,2026-06-03T17:10:40.749877,-2.258672,0.000000
3707.7921,2026-06-03T17:10:41.243483,-2.259056,0.000000
3708.2880,2026-06-03T17:10:41.739448,-2.259168,0.000000
3708.7991,2026-06-03T17:10:42.250503,-2.259304,0.000000
3709.2918,2026-06-03T17:10:42.743186,-2.259472,0.000000
3709.8005,2026-06-03T17:10:43.251883,-2.259632,0.000000
3710.2950,2026-06-03T17:10:43.746458,-2.259784,0.000000
3710.7968,2026-06-03T17:10:44.248194,-2.259920,0.000000
3711.2665,2026-06-03T17:10:44.717862,-2.260168,0.000000
3711.7460,2026-06-03T17:10:45.197392,-2.260432,0.000000
3712.2523,2026-06-03T17:10:45.703702,-2.260720,0.000000
3712.7494,2026-06-03T17:10:46.200817,-2.261144,0.000000
3713.2670,2026-06-03T17:10:46.718394,-2.261680,0.000000
3713.7534,2026-06-03T17:10:47.204804,-2.262344,0.000000
3714.2488,2026-06-03T17:10:47.700207,-2.262800,0.000000
3714.7475,2026-06-03T17:10:48.198959,-2.263480,0.000000
3715.2315,2026-06-03T17:10:48.682946,-2.264976,0.000000
3715.7317,2026-06-03T17:10:49.183161,-2.267184,0.000000
3716.2342,2026-06-03T17:10:49.685665,-2.269816,0.000000
3716.7400,2026-06-03T17:10:50.191437,-2.272248,0.000000
3717.2316,2026-06-03T17:10:50.682996,-2.274336,0.000000
3717.7372,2026-06-03T17:10:51.188570,-2.275344,0.000000
3718.2364,2026-06-03T17:10:51.687818,-2.276440,0.000000
3718.7335,2026-06-03T17:10:52.184882,-2.277608,0.000000
3719.2299,2026-06-03T17:10:52.681338,-2.278160,0.000000
3719.7103,2026-06-03T17:10:53.161690,-2.279064,0.000000
3720.1858,2026-06-03T17:10:53.637259,-2.279776,0.000000
3720.6911,2026-06-03T17:10:54.142509,-2.280456,0.000000
3721.1939,2026-06-03T17:10:54.645292,-2.281176,0.000000
3721.6738,2026-06-03T17:10:55.125239,-2.282192,0.000000
3722.1673,2026-06-03T17:10:55.618779,-2.283552,0.000000
3722.6612,2026-06-03T17:10:56.112568,-2.285272,0.000000
3723.1483,2026-06-03T17:10:56.599675,-2.287312,0.000000
3723.6375,2026-06-03T17:10:57.088872,-2.289600,0.000000
3724.1327,2026-06-03T17:10:57.584140,-2.291920,0.000000
3724.6213,2026-06-03T17:10:58.072731,-2.293512,0.000000
3725.1353,2026-06-03T17:10:58.586738,-2.295008,0.000000
3725.6161,2026-06-03T17:10:59.067541,-2.295728,0.000000
3726.1131,2026-06-03T17:10:59.564558,-2.295448,0.000000
3726.6110,2026-06-03T17:11:00.062371,-2.295784,0.000000
3727.0784,2026-06-03T17:11:00.529787,-2.296064,0.000000
3727.5764,2026-06-03T17:11:01.027845,-2.296584,0.000000
3728.0734,2026-06-03T17:11:01.524801,-2.297712,0.000000
3728.5637,2026-06-03T17:11:02.015096,-2.298168,0.000000
3729.0648,2026-06-03T17:11:02.516253,-2.298648,0.000000
3729.5331,2026-06-03T17:11:02.984502,-2.299088,0.000000
3730.0297,2026-06-03T17:11:03.481083,-2.299240,0.000000
3730.5314,2026-06-03T17:11:03.982812,-2.299368,0.000000
3731.0311,2026-06-03T17:11:04.482548,-2.299456,0.000000
3731.5317,2026-06-03T17:11:04.983145,-2.299552,0.000000
3732.0300,2026-06-03T17:11:05.481445,-2.299592,0.000000
3732.5283,2026-06-03T17:11:05.979719,-2.299720,0.000000
3733.0208,2026-06-03T17:11:06.472229,-2.299888,0.000000
3733.5133,2026-06-03T17:11:06.964725,-2.300056,0.000000
3734.0195,2026-06-03T17:11:07.470921,-2.300368,0.000000
3734.5170,2026-06-03T17:11:07.968394,-2.300632,0.000000
3735.0145,2026-06-03T17:11:08.465925,-2.301160,0.000000
3735.5197,2026-06-03T17:11:08.971081,-2.301728,0.000000
3736.0035,2026-06-03T17:11:09.454898,-2.303736,0.000000
3736.5052,2026-06-03T17:11:09.956615,-2.306736,0.000000
3736.9983,2026-06-03T17:11:10.449733,-2.310208,0.000000
3737.5050,2026-06-03T17:11:10.956461,-2.313864,0.000000
3738.0072,2026-06-03T17:11:11.458602,-2.316672,0.000000
3738.4771,2026-06-03T17:11:11.928535,-2.318672,0.000000
3738.9723,2026-06-03T17:11:12.423744,-2.320344,0.000000
3739.4719,2026-06-03T17:11:12.923331,-2.322320,0.000000
3739.9691,2026-06-03T17:11:13.420478,-2.324032,0.000000
3740.4684,2026-06-03T17:11:13.919852,-2.325056,0.000000
3740.9689,2026-06-03T17:11:14.420348,-2.326120,0.000000
3741.4605,2026-06-03T17:11:14.911896,-2.329056,0.000000
3741.9336,2026-06-03T17:11:15.385057,-2.331104,0.000000
3742.4326,2026-06-03T17:11:15.883975,-2.333608,0.000000
3742.9105,2026-06-03T17:11:16.361967,-2.336864,0.000000
3743.4147,2026-06-03T17:11:16.866079,-2.337664,0.000000
3743.9052,2026-06-03T17:11:17.356629,-2.338648,0.000000
3744.4021,2026-06-03T17:11:17.853551,-2.339184,0.000000
3744.9006,2026-06-03T17:11:18.351998,-2.339408,0.000000
3745.3924,2026-06-03T17:11:18.843825,-2.339456,0.000000
3745.9103,2026-06-03T17:11:19.361758,-2.339528,0.000000
3746.4095,2026-06-03T17:11:19.860899,-2.339576,0.000000
3746.8868,2026-06-03T17:11:20.338238,-2.339576,0.000000
3747.3797,2026-06-03T17:11:20.831084,-2.339696,0.000000
3747.8634,2026-06-03T17:11:21.314822,-2.339824,0.000000
3748.3602,2026-06-03T17:11:21.811640,-2.339872,0.000000
3748.8646,2026-06-03T17:11:22.315963,-2.339920,0.000000
3749.3582,2026-06-03T17:11:22.809635,-2.339968,0.000000
3749.8636,2026-06-03T17:11:23.314962,-2.340032,0.000000
3750.3884,2026-06-03T17:11:23.839794,-2.340152,0.000000
3750.8660,2026-06-03T17:11:24.317455,-2.340344,0.000000
3751.3671,2026-06-03T17:11:24.818564,-2.340944,0.000000
3751.8456,2026-06-03T17:11:25.296976,-2.341648,0.000000
3752.3486,2026-06-03T17:11:25.799969,-2.342296,0.000000
3752.8525,2026-06-03T17:11:26.303894,-2.343528,0.000000
3753.3369,2026-06-03T17:11:26.788346,-2.344880,0.000000
3753.8315,2026-06-03T17:11:27.282951,-2.345944,0.000000
3754.3320,2026-06-03T17:11:27.783380,-2.347392,0.000000
3754.8268,2026-06-03T17:11:28.278251,-2.348720,0.000000
3755.2968,2026-06-03T17:11:28.748185,-2.350360,0.000000
3755.7931,2026-06-03T17:11:29.244508,-2.352984,0.000000
3756.2927,2026-06-03T17:11:29.744064,-2.355608,0.000000
3756.7861,2026-06-03T17:11:30.237499,-2.357400,0.000000
3757.2483,2026-06-03T17:11:30.699668,-2.358768,0.000000
3757.7542,2026-06-03T17:11:31.205640,-2.358952,0.000000
3758.2592,2026-06-03T17:11:31.710580,-2.359264,0.000000
3758.7567,2026-06-03T17:11:32.208165,-2.360168,0.000000
3759.2323,2026-06-03T17:11:32.683730,-2.360760,0.000000
3759.7177,2026-06-03T17:11:33.169135,-2.362672,0.000000
3760.2104,2026-06-03T17:11:33.661780,-2.364672,0.000000
3760.7049,2026-06-03T17:11:34.156316,-2.365952,0.000000
3761.2040,2026-06-03T17:11:34.655441,-2.367224,0.000000
3761.6982,2026-06-03T17:11:35.149664,-2.368600,0.000000
3762.2294,2026-06-03T17:11:35.680760,-2.369224,0.000000
3762.7212,2026-06-03T17:11:36.172597,-2.370440,0.000000
3763.2198,2026-06-03T17:11:36.671181,-2.372432,0.000000
3763.7100,2026-06-03T17:11:37.161376,-2.372728,0.000000
3764.2063,2026-06-03T17:11:37.657700,-2.373440,0.000000
3764.7028,2026-06-03T17:11:38.154160,-2.374264,0.000000
3765.2029,2026-06-03T17:11:38.654293,-2.374648,0.000000
3765.7172,2026-06-03T17:11:39.168649,-2.375696,0.000000
3766.2245,2026-06-03T17:11:39.675902,-2.376608,0.000000
3766.7246,2026-06-03T17:11:40.176013,-2.377552,0.000000
3767.2225,2026-06-03T17:11:40.673897,-2.378088,0.000000
3767.7248,2026-06-03T17:11:41.176255,-2.378448,0.000000
3768.2216,2026-06-03T17:11:41.673069,-2.378888,0.000000
3768.7357,2026-06-03T17:11:42.187150,-2.379176,0.000000
3769.2404,2026-06-03T17:11:42.691856,-2.379424,0.000000
3769.7356,2026-06-03T17:11:43.187045,-2.379544,0.000000
3770.2278,2026-06-03T17:11:43.679194,-2.379632,0.000000
3770.7268,2026-06-03T17:11:44.178241,-2.379584,0.000000
3771.2230,2026-06-03T17:11:44.674370,-2.379584,0.000000
3771.7166,2026-06-03T17:11:45.168006,-2.379648,0.000000
3772.1765,2026-06-03T17:11:45.627955,-2.379744,0.000000
3772.7087,2026-06-03T17:11:46.160131,-2.379896,0.000000
3773.2033,2026-06-03T17:11:46.654711,-2.379992,0.000000
3773.6991,2026-06-03T17:11:47.150543,-2.380032,0.000000
3774.1932,2026-06-03T17:11:47.644640,-2.380072,0.000000
3774.6907,2026-06-03T17:11:48.142146,-2.380072,0.000000
3775.1846,2026-06-03T17:11:48.636010,-2.380120,0.000000
3775.6756,2026-06-03T17:11:49.127044,-2.380112,0.000000
3776.2051,2026-06-03T17:11:49.656547,-2.380136,0.000000
3776.7072,2026-06-03T17:11:50.158647,-2.380248,0.000000
3777.1751,2026-06-03T17:11:50.626481,-2.380512,0.000000
3777.6751,2026-06-03T17:11:51.126476,-2.380920,0.000000
3778.1348,2026-06-03T17:11:51.586197,-2.381296,0.000000
3778.6081,2026-06-03T17:11:52.059525,-2.381752,0.000000
3779.0568,2026-06-03T17:11:52.508174,-2.381728,0.000000
3779.5685,2026-06-03T17:11:53.019964,-2.381640,0.000000
3780.0569,2026-06-03T17:11:53.508365,-2.381672,0.000000
3780.5539,2026-06-03T17:11:54.005282,-2.381592,0.000000
3781.0515,2026-06-03T17:11:54.502957,-2.381976,0.000000
3781.5424,2026-06-03T17:11:54.993781,-2.382240,0.000000
3782.0387,2026-06-03T17:11:55.490123,-2.382216,0.000000
3782.5341,2026-06-03T17:11:55.985521,-2.382072,0.000000
3783.0350,2026-06-03T17:11:56.486414,-2.382080,0.000000
3783.5288,2026-06-03T17:11:56.980182,-2.382208,0.000000
3784.0375,2026-06-03T17:11:57.488874,-2.382688,0.000000
3784.5334,2026-06-03T17:11:57.984807,-2.383272,0.000000
3785.0320,2026-06-03T17:11:58.483460,-2.383816,0.000000
3785.5221,2026-06-03T17:11:58.973484,-2.384576,0.000000
3786.0249,2026-06-03T17:11:59.476269,-2.385952,0.000000
3786.5045,2026-06-03T17:11:59.955941,-2.387584,0.000000
3786.9778,2026-06-03T17:12:00.429258,-2.388552,0.000000
3787.4609,2026-06-03T17:12:00.912325,-2.389544,0.000000
3787.9338,2026-06-03T17:12:01.385198,-2.390552,0.000000
3788.4306,2026-06-03T17:12:01.882064,-2.392024,0.000000
3788.8972,2026-06-03T17:12:02.348668,-2.393968,0.000000
3789.3723,2026-06-03T17:12:02.823712,-2.395864,0.000000
3789.8809,2026-06-03T17:12:03.332276,-2.397576,0.000000
3790.3766,2026-06-03T17:12:03.828037,-2.398200,0.000000
3790.8757,2026-06-03T17:12:04.327122,-2.398864,0.000000
3791.3935,2026-06-03T17:12:04.844920,-2.399144,0.000000
3791.8891,2026-06-03T17:12:05.340531,-2.399264,0.000000
3792.3626,2026-06-03T17:12:05.814014,-2.399512,0.000000
3792.8471,2026-06-03T17:12:06.298464,-2.400152,0.000000
3793.3311,2026-06-03T17:12:06.782489,-2.400640,0.000000
3793.8109,2026-06-03T17:12:07.262356,-2.401280,0.000000
3794.2703,2026-06-03T17:12:07.721671,-2.402528,0.000000
3794.7620,2026-06-03T17:12:08.213450,-2.403192,0.000000
3795.2647,2026-06-03T17:12:08.716152,-2.404216,0.000000
3795.7625,2026-06-03T17:12:09.213949,-2.405424,0.000000
3796.2583,2026-06-03T17:12:09.709713,-2.406480,0.000000
3796.7439,2026-06-03T17:12:10.195337,-2.407944,0.000000
3797.2387,2026-06-03T17:12:10.690123,-2.409928,0.000000
3797.7405,2026-06-03T17:12:11.191946,-2.411168,0.000000
3798.2458,2026-06-03T17:12:11.697210,-2.411792,0.000000
3798.7405,2026-06-03T17:12:12.191912,-2.411976,0.000000
3799.2453,2026-06-03T17:12:12.696690,-2.411792,0.000000
3799.6926,2026-06-03T17:12:13.144059,-2.412096,0.000000
3800.1565,2026-06-03T17:12:13.607917,-2.412176,0.000000
3800.6366,2026-06-03T17:12:14.088056,-2.412152,0.000000
3801.0976,2026-06-03T17:12:14.549036,-2.411016,0.000000
3801.5512,2026-06-03T17:12:15.002607,-2.410832,0.000000
3802.0245,2026-06-03T17:12:15.475939,-2.410904,0.000000
3802.5244,2026-06-03T17:12:15.975850,-2.411112,0.000000
3803.0226,2026-06-03T17:12:16.474034,-2.412104,0.000000
3803.5252,2026-06-03T17:12:16.976593,-2.413176,0.000000
3804.0274,2026-06-03T17:12:17.478851,-2.413944,0.000000
3804.5216,2026-06-03T17:12:17.973044,-2.414400,0.000000
3805.0202,2026-06-03T17:12:18.471635,-2.414792,0.000000
3805.5203,2026-06-03T17:12:18.971759,-2.415544,0.000000
3806.0180,2026-06-03T17:12:19.469370,-2.416048,0.000000
3806.5162,2026-06-03T17:12:19.967586,-2.417152,0.000000
3806.9672,2026-06-03T17:12:20.418652,-2.418048,0.000000
3807.4800,2026-06-03T17:12:20.931421,-2.418232,0.000000
3807.9679,2026-06-03T17:12:21.419365,-2.418224,0.000000
3808.4639,2026-06-03T17:12:21.915282,-2.418336,0.000000
3808.9287,2026-06-03T17:12:22.380151,-2.418528,0.000000
3809.4283,2026-06-03T17:12:22.879695,-2.418768,0.000000
3809.9204,2026-06-03T17:12:23.371786,-2.419024,0.000000
3810.3809,2026-06-03T17:12:23.832305,-2.419224,0.000000
3810.8682,2026-06-03T17:12:24.319606,-2.419304,0.000000
3811.3368,2026-06-03T17:12:24.788214,-2.419392,0.000000
3811.8053,2026-06-03T17:12:25.256698,-2.419440,0.000000
3812.2989,2026-06-03T17:12:25.750274,-2.419456,0.000000
3812.7931,2026-06-03T17:12:26.244504,-2.419472,0.000000
3813.2884,2026-06-03T17:12:26.739802,-2.419472,0.000000
3813.7840,2026-06-03T17:12:27.235369,-2.419512,0.000000
3814.2728,2026-06-03T17:12:27.724207,-2.419592,0.000000
3814.7622,2026-06-03T17:12:28.213627,-2.419656,0.000000
3815.2648,2026-06-03T17:12:28.716257,-2.419728,0.000000
3815.7565,2026-06-03T17:12:29.207910,-2.419696,0.000000
3816.2539,2026-06-03T17:12:29.705359,-2.419672,0.000000
3816.7596,2026-06-03T17:12:30.210978,-2.419688,0.000000
3817.2594,2026-06-03T17:12:30.710769,-2.419752,0.000000
3817.7583,2026-06-03T17:12:31.209680,-2.419824,0.000000
3818.2510,2026-06-03T17:12:31.702399,-2.419888,0.000000
3818.7205,2026-06-03T17:12:32.171923,-2.419896,0.000000
3819.2182,2026-06-03T17:12:32.669583,-2.419856,0.000000
3819.7163,2026-06-03T17:12:33.167683,-2.419880,0.000000
3820.2169,2026-06-03T17:12:33.668361,-2.419896,0.000000
3820.7111,2026-06-03T17:12:34.162539,-2.419912,0.000000
3821.2124,2026-06-03T17:12:34.663809,-2.419976,0.000000
3821.7196,2026-06-03T17:12:35.171043,-2.419976,0.000000
3822.1889,2026-06-03T17:12:35.640309,-2.420008,0.000000
3822.6690,2026-06-03T17:12:36.120367,-2.420040,0.000000
3823.1680,2026-06-03T17:12:36.619430,-2.420040,0.000000
3823.6690,2026-06-03T17:12:37.120411,-2.420184,0.000000
3824.1477,2026-06-03T17:12:37.599064,-2.420272,0.000000
3824.6434,2026-06-03T17:12:38.094830,-2.420360,0.000000
3825.1417,2026-06-03T17:12:38.593067,-2.420344,0.000000
3825.6479,2026-06-03T17:12:39.099353,-2.420344,0.000000
3826.1367,2026-06-03T17:12:39.588145,-2.420416,0.000000
3826.6595,2026-06-03T17:12:40.110892,-2.420640,0.000000
3827.1455,2026-06-03T17:12:40.596887,-2.421048,0.000000
3827.6534,2026-06-03T17:12:41.104796,-2.421352,0.000000
3828.1523,2026-06-03T17:12:41.603703,-2.421440,0.000000
3828.6427,2026-06-03T17:12:42.094085,-2.421488,0.000000
3829.1143,2026-06-03T17:12:42.565702,-2.421320,0.000000
3829.6098,2026-06-03T17:12:43.061172,-2.421144,0.000000
3830.1067,2026-06-03T17:12:43.558080,-2.421232,0.000000
3830.6046,2026-06-03T17:12:44.056029,-2.421232,0.000000
3831.1099,2026-06-03T17:12:44.561274,-2.421608,0.000000
3831.6006,2026-06-03T17:12:45.051979,-2.421712,0.000000
3832.0895,2026-06-03T17:12:45.540872,-2.421784,0.000000
3832.5786,2026-06-03T17:12:46.029965,-2.421848,0.000000
3833.0830,2026-06-03T17:12:46.534424,-2.421680,0.000000
3833.5830,2026-06-03T17:12:47.034429,-2.422080,0.000000
3834.0845,2026-06-03T17:12:47.535882,-2.422088,0.000000
3834.5737,2026-06-03T17:12:48.025105,-2.422152,0.000000
3835.0590,2026-06-03T17:12:48.510443,-2.422288,0.000000
3835.5589,2026-06-03T17:12:49.010335,-2.422304,0.000000
3836.0239,2026-06-03T17:12:49.475326,-2.422456,0.000000
3836.5039,2026-06-03T17:12:49.955292,-2.422704,0.000000
3836.9942,2026-06-03T17:12:50.445579,-2.423328,0.000000
3837.4533,2026-06-03T17:12:50.904762,-2.424064,0.000000
3837.9149,2026-06-03T17:12:51.366285,-2.424656,0.000000
3838.4173,2026-06-03T17:12:51.868740,-2.424808,0.000000
3838.8807,2026-06-03T17:12:52.332100,-2.425256,0.000000
3839.3590,2026-06-03T17:12:52.810454,-2.426328,0.000000
3839.8509,2026-06-03T17:12:53.302314,-2.427768,0.000000
3840.3421,2026-06-03T17:12:53.793485,-2.430368,0.000000
3840.8456,2026-06-03T17:12:54.296990,-2.432120,0.000000
3841.3413,2026-06-03T17:12:54.792681,-2.432712,0.000000
3841.8420,2026-06-03T17:12:55.293428,-2.433776,0.000000
3842.3426,2026-06-03T17:12:55.794050,-2.433640,0.000000
3842.8340,2026-06-03T17:12:56.285463,-2.433792,0.000000
3843.3168,2026-06-03T17:12:56.768192,-2.434368,0.000000
3843.8092,2026-06-03T17:12:57.260595,-2.434728,0.000000
3844.2768,2026-06-03T17:12:57.728184,-2.435432,0.000000
3844.7745,2026-06-03T17:12:58.225915,-2.436680,0.000000
3845.2845,2026-06-03T17:12:58.735889,-2.437440,0.000000
3845.7856,2026-06-03T17:12:59.237007,-2.437920,0.000000
3846.2869,2026-06-03T17:12:59.738280,-2.438544,0.000000
3846.7812,2026-06-03T17:13:00.232610,-2.438856,0.000000
3847.2755,2026-06-03T17:13:00.726924,-2.439872,0.000000
3847.7663,2026-06-03T17:13:01.217746,-2.439464,0.000000
3848.2714,2026-06-03T17:13:01.722823,-2.439472,0.000000
3848.7666,2026-06-03T17:13:02.218004,-2.439608,0.000000
3849.2610,2026-06-03T17:13:02.712424,-2.439416,0.000000
3849.7562,2026-06-03T17:13:03.207652,-2.440096,0.000000
3850.2487,2026-06-03T17:13:03.700079,-2.441128,0.000000
3850.7338,2026-06-03T17:13:04.185260,-2.441048,0.000000
3851.2378,2026-06-03T17:13:04.689201,-2.441928,0.000000
3851.7111,2026-06-03T17:13:05.162545,-2.442592,0.000000
3852.1952,2026-06-03T17:13:05.646639,-2.443744,0.000000
3852.6915,2026-06-03T17:13:06.142945,-2.444800,0.000000
3853.1740,2026-06-03T17:13:06.625457,-2.444920,0.000000
3853.6757,2026-06-03T17:13:07.127088,-2.445008,0.000000
3854.1965,2026-06-03T17:13:07.647927,-2.443296,0.000000
3854.7058,2026-06-03T17:13:08.157189,-2.442344,0.000000
3855.1800,2026-06-03T17:13:08.631447,-2.442368,0.000000
3855.6497,2026-06-03T17:13:09.101121,-2.442304,0.000000
3856.1463,2026-06-03T17:13:09.597724,-2.442824,0.000000
3856.6546,2026-06-03T17:13:10.106050,-2.443896,0.000000
3857.1203,2026-06-03T17:13:10.571742,-2.444272,0.000000
3857.6210,2026-06-03T17:13:11.072408,-2.445376,0.000000
3858.0718,2026-06-03T17:13:11.523216,-2.446328,0.000000
3858.5692,2026-06-03T17:13:12.020654,-2.447776,0.000000
3859.0727,2026-06-03T17:13:12.524121,-2.448552,0.000000
3859.5760,2026-06-03T17:13:13.027422,-2.448560,0.000000
3860.0747,2026-06-03T17:13:13.526104,-2.449392,0.000000
3860.5710,2026-06-03T17:13:14.022462,-2.448664,0.000000
3861.0402,2026-06-03T17:13:14.491661,-2.449064,0.000000
3861.5389,2026-06-03T17:13:14.990321,-2.448368,0.000000
3862.0291,2026-06-03T17:13:15.480544,-2.446800,0.000000
3862.5342,2026-06-03T17:13:15.985623,-2.446656,0.000000
3863.0340,2026-06-03T17:13:16.485426,-2.447104,0.000000
3863.5273,2026-06-03T17:13:16.978688,-2.448216,0.000000
3863.9826,2026-06-03T17:13:17.433964,-2.449744,0.000000
3864.4910,2026-06-03T17:13:17.942399,-2.450744,0.000000
3865.0009,2026-06-03T17:13:18.452297,-2.452320,0.000000
3865.4845,2026-06-03T17:13:18.935949,-2.453776,0.000000
3865.9873,2026-06-03T17:13:19.438733,-2.454952,0.000000
3866.5072,2026-06-03T17:13:19.958614,-2.455688,0.000000
3867.0348,2026-06-03T17:13:20.486216,-2.454936,0.000000
3867.5320,2026-06-03T17:13:20.983400,-2.454568,0.000000
3868.0329,2026-06-03T17:13:21.484332,-2.454560,0.000000
3868.5001,2026-06-03T17:13:21.951551,-2.454832,0.000000
3868.9914,2026-06-03T17:13:22.442799,-2.455752,0.000000
3869.4974,2026-06-03T17:13:22.948789,-2.456576,0.000000
3869.9900,2026-06-03T17:13:23.441404,-2.456888,0.000000
3870.4843,2026-06-03T17:13:23.935741,-2.456624,0.000000
3871.0141,2026-06-03T17:13:24.465521,-2.456392,0.000000
3871.5128,2026-06-03T17:13:24.964181,-2.456632,0.000000
3872.0108,2026-06-03T17:13:25.462231,-2.456784,0.000000
3872.5083,2026-06-03T17:13:25.959728,-2.457568,0.000000
3873.0180,2026-06-03T17:13:26.469435,-2.457984,0.000000
3873.5092,2026-06-03T17:13:26.960599,-2.458184,0.000000
3874.0482,2026-06-03T17:13:27.499633,-2.458496,0.000000
3874.5593,2026-06-03T17:13:28.010676,-2.458344,0.000000
3875.0650,2026-06-03T17:13:28.516370,-2.458256,0.000000
3875.5640,2026-06-03T17:13:29.015413,-2.457880,0.000000
3876.0636,2026-06-03T17:13:29.514990,-2.457760,0.000000
3876.5789,2026-06-03T17:13:30.030300,-2.457872,0.000000
3877.0783,2026-06-03T17:13:30.529743,-2.457904,0.000000
3877.5768,2026-06-03T17:13:31.028228,-2.457784,0.000000
3878.0662,2026-06-03T17:13:31.517660,-2.457784,0.000000
3878.5626,2026-06-03T17:13:32.013979,-2.457776,0.000000
3879.0668,2026-06-03T17:13:32.518238,-2.457752,0.000000
3879.5571,2026-06-03T17:13:33.008490,-2.458000,0.000000
3880.0751,2026-06-03T17:13:33.526494,-2.458048,0.000000
3880.5792,2026-06-03T17:13:34.030578,-2.457896,0.000000
3881.0703,2026-06-03T17:13:34.521766,-2.458016,0.000000
3881.5653,2026-06-03T17:13:35.016723,-2.458184,0.000000
3882.0624,2026-06-03T17:13:35.513843,-2.458184,0.000000
3882.5668,2026-06-03T17:13:36.018215,-2.458336,0.000000
3883.0631,2026-06-03T17:13:36.514558,-2.458184,0.000000
3883.5773,2026-06-03T17:13:37.028764,-2.457888,0.000000
3884.0505,2026-06-03T17:13:37.501965,-2.457944,0.000000
3884.5519,2026-06-03T17:13:38.003319,-2.457800,0.000000
3885.0520,2026-06-03T17:13:38.503443,-2.457760,0.000000
3885.5532,2026-06-03T17:13:39.004596,-2.457936,0.000000
3886.0201,2026-06-03T17:13:39.471480,-2.457880,0.000000
3886.5160,2026-06-03T17:13:39.967440,-2.458000,0.000000
3887.0095,2026-06-03T17:13:40.460877,-2.458200,0.000000
3887.5040,2026-06-03T17:13:40.955427,-2.458440,0.000000
3887.9984,2026-06-03T17:13:41.449830,-2.458592,0.000000
3888.5246,2026-06-03T17:13:41.976060,-2.458672,0.000000
3889.0346,2026-06-03T17:13:42.485998,-2.458848,0.000000
3889.5244,2026-06-03T17:13:42.975865,-2.458808,0.000000
3890.0353,2026-06-03T17:13:43.486709,-2.458392,0.000000
3890.5265,2026-06-03T17:13:43.977922,-2.458264,0.000000
3891.0312,2026-06-03T17:13:44.482568,-2.458200,0.000000
3891.5041,2026-06-03T17:13:44.955515,-2.458264,0.000000
3892.0072,2026-06-03T17:13:45.458664,-2.458656,0.000000
3892.4970,2026-06-03T17:13:45.948465,-2.458768,0.000000
3892.9895,2026-06-03T17:13:46.440959,-2.458536,0.000000
3893.4867,2026-06-03T17:13:46.938114,-2.457912,0.000000
3893.9803,2026-06-03T17:13:47.431697,-2.457376,0.000000
3894.4803,2026-06-03T17:13:47.931731,-2.457192,0.000000
3894.9553,2026-06-03T17:13:48.406728,-2.457376,0.000000
3895.4411,2026-06-03T17:13:48.892558,-2.457712,0.000000
3895.9424,2026-06-03T17:13:49.393846,-2.457856,0.000000
3896.4390,2026-06-03T17:13:49.890413,-2.457992,0.000000
3896.9374,2026-06-03T17:13:50.388844,-2.457816,0.000000
3897.4299,2026-06-03T17:13:50.881305,-2.457656,0.000000
3897.9347,2026-06-03T17:13:51.386120,-2.457696,0.000000
3898.4335,2026-06-03T17:13:51.884919,-2.457680,0.000000
3898.9367,2026-06-03T17:13:52.388125,-2.457768,0.000000
3899.4312,2026-06-03T17:13:52.882610,-2.457952,0.000000
3899.9295,2026-06-03T17:13:53.380941,-2.458240,0.000000
3900.4224,2026-06-03T17:13:53.873811,-2.458408,0.000000
3900.9256,2026-06-03T17:13:54.376979,-2.458616,0.000000
3901.4147,2026-06-03T17:13:54.866102,-2.458848,0.000000
3901.9150,2026-06-03T17:13:55.366394,-2.458968,0.000000
3902.4128,2026-06-03T17:13:55.864253,-2.459160,0.000000
3902.9046,2026-06-03T17:13:56.355995,-2.459160,0.000000
3903.4245,2026-06-03T17:13:56.875954,-2.459160,0.000000
3903.9162,2026-06-03T17:13:57.367624,-2.458960,0.000000
3904.4047,2026-06-03T17:13:57.856077,-2.458752,0.000000
3904.9022,2026-06-03T17:13:58.353645,-2.458600,0.000000
3905.3644,2026-06-03T17:13:58.815839,-2.458520,0.000000
3905.8264,2026-06-03T17:13:59.277793,-2.458728,0.000000
3906.3301,2026-06-03T17:13:59.781511,-2.458840,0.000000
3906.8285,2026-06-03T17:14:00.279886,-2.458872,0.000000
3907.3230,2026-06-03T17:14:00.774429,-2.458872,0.000000
3907.8137,2026-06-03T17:14:01.265142,-2.458680,0.000000
3908.3095,2026-06-03T17:14:01.760891,-2.458536,0.000000
3908.8313,2026-06-03T17:14:02.282719,-2.458584,0.000000
3909.3307,2026-06-03T17:14:02.782083,-2.458528,0.000000
3909.8275,2026-06-03T17:14:03.278863,-2.458536,0.000000
3910.3224,2026-06-03T17:14:03.773857,-2.458368,0.000000
3910.8155,2026-06-03T17:14:04.266884,-2.458240,0.000000
3911.2761,2026-06-03T17:14:04.727565,-2.458240,0.000000
3911.7706,2026-06-03T17:14:05.222000,-2.458240,0.000000
3912.2426,2026-06-03T17:14:05.694050,-2.458440,0.000000
3912.7073,2026-06-03T17:14:06.158758,-2.458512,0.000000
3913.2004,2026-06-03T17:14:06.651803,-2.458760,0.000000
3913.6768,2026-06-03T17:14:07.128223,-2.458912,0.000000
3914.1729,2026-06-03T17:14:07.624315,-2.459024,0.000000
3914.6523,2026-06-03T17:14:08.103682,-2.459008,0.000000
3915.1518,2026-06-03T17:14:08.603251,-2.458968,0.000000
3915.6536,2026-06-03T17:14:09.105011,-2.458912,0.000000
3916.1450,2026-06-03T17:14:09.596446,-2.458912,0.000000
3916.6450,2026-06-03T17:14:10.096386,-2.458992,0.000000
3917.1098,2026-06-03T17:14:10.561226,-2.459056,0.000000
3917.6389,2026-06-03T17:14:11.090321,-2.459008,0.000000
3918.1464,2026-06-03T17:14:11.597830,-2.458672,0.000000
3918.6468,2026-06-03T17:14:12.098212,-2.458496,0.000000
3919.1410,2026-06-03T17:14:12.592430,-2.458456,0.000000
3919.6473,2026-06-03T17:14:13.098757,-2.458576,0.000000
3920.1357,2026-06-03T17:14:13.587132,-2.458672,0.000000
3920.6388,2026-06-03T17:14:14.090193,-2.458856,0.000000
3921.1393,2026-06-03T17:14:14.590674,-2.458944,0.000000
3921.6454,2026-06-03T17:14:15.096831,-2.458960,0.000000
3922.1258,2026-06-03T17:14:15.577195,-2.459112,0.000000
3922.6146,2026-06-03T17:14:16.066056,-2.458736,0.000000
3923.0968,2026-06-03T17:14:16.548226,-2.458200,0.000000
3923.6095,2026-06-03T17:14:17.060966,-2.457920,0.000000
3924.1056,2026-06-03T17:14:17.557003,-2.457864,0.000000
3924.6031,2026-06-03T17:14:18.054543,-2.457992,0.000000
3925.1048,2026-06-03T17:14:18.556190,-2.458504,0.000000
3925.6160,2026-06-03T17:14:19.067429,-2.458808,0.000000
3926.1178,2026-06-03T17:14:19.569181,-2.458664,0.000000
3926.6186,2026-06-03T17:14:20.070053,-2.458856,0.000000
3927.1227,2026-06-03T17:14:20.574152,-2.458656,0.000000
3927.6164,2026-06-03T17:14:21.067776,-2.458480,0.000000
3928.1178,2026-06-03T17:14:21.569251,-2.458568,0.000000
3928.5838,2026-06-03T17:14:22.035261,-2.458464,0.000000
3929.1036,2026-06-03T17:14:22.555034,-2.458600,0.000000
3929.5853,2026-06-03T17:14:23.036742,-2.458592,0.000000
3930.0877,2026-06-03T17:14:23.539148,-2.458584,0.000000
3930.5869,2026-06-03T17:14:24.038275,-2.458600,0.000000
3931.0787,2026-06-03T17:14:24.530082,-2.458632,0.000000
3931.5482,2026-06-03T17:14:24.999627,-2.458640,0.000000
3932.0451,2026-06-03T17:14:25.496525,-2.458792,0.000000
3932.5369,2026-06-03T17:14:25.988318,-2.458960,0.000000
3933.0391,2026-06-03T17:14:26.490552,-2.458992,0.000000
3933.5575,2026-06-03T17:14:27.008938,-2.459240,0.000000
3934.0780,2026-06-03T17:14:27.529445,-2.459304,0.000000
3934.5787,2026-06-03T17:14:28.030128,-2.459328,0.000000
3935.0702,2026-06-03T17:14:28.521564,-2.459336,0.000000
3935.5596,2026-06-03T17:14:29.011039,-2.459360,0.000000
3936.0622,2026-06-03T17:14:29.513636,-2.459304,0.000000
3936.5870,2026-06-03T17:14:30.038454,-2.459280,0.000000
3937.0705,2026-06-03T17:14:30.521908,-2.459352,0.000000
3937.5793,2026-06-03T17:14:31.030745,-2.459288,0.000000
3938.0618,2026-06-03T17:14:31.513228,-2.459352,0.000000
3938.5347,2026-06-03T17:14:31.986142,-2.459400,0.000000
3939.0260,2026-06-03T17:14:32.477461,-2.459336,0.000000
3939.5194,2026-06-03T17:14:32.970839,-2.459368,0.000000
3940.0230,2026-06-03T17:14:33.474428,-2.459392,0.000000
3940.5162,2026-06-03T17:14:33.967609,-2.459432,0.000000
3941.0437,2026-06-03T17:14:34.495109,-2.459496,0.000000
3941.5519,2026-06-03T17:14:35.003286,-2.459496,0.000000
3942.0541,2026-06-03T17:14:35.505514,-2.459480,0.000000
3942.5616,2026-06-03T17:14:36.013032,-2.459400,0.000000
3943.0566,2026-06-03T17:14:36.508044,-2.459248,0.000000
3943.5585,2026-06-03T17:14:37.009866,-2.459160,0.000000
3944.0816,2026-06-03T17:14:37.533018,-2.459224,0.000000
3944.5993,2026-06-03T17:14:38.050743,-2.459288,0.000000
3945.0914,2026-06-03T17:14:38.542825,-2.459376,0.000000
3945.5950,2026-06-03T17:14:39.046377,-2.459384,0.000000
3946.0913,2026-06-03T17:14:39.542700,-2.459224,0.000000
3946.6254,2026-06-03T17:14:40.076823,-2.459168,0.000000
3947.1304,2026-06-03T17:14:40.581865,-2.459024,0.000000
3947.5956,2026-06-03T17:14:41.047039,-2.459096,0.000000
3948.0920,2026-06-03T17:14:41.543371,-2.459152,0.000000
3948.5829,2026-06-03T17:14:42.034273,-2.459264,0.000000
3949.0750,2026-06-03T17:14:42.526444,-2.459392,0.000000
3949.5794,2026-06-03T17:14:43.030822,-2.459440,0.000000
3950.0744,2026-06-03T17:14:43.525868,-2.459440,0.000000
3950.6010,2026-06-03T17:14:44.052390,-2.459296,0.000000
3951.1192,2026-06-03T17:14:44.570583,-2.459288,0.000000
3951.6093,2026-06-03T17:14:45.060691,-2.459224,0.000000
3952.0933,2026-06-03T17:14:45.544717,-2.459224,0.000000
3952.5906,2026-06-03T17:14:46.042032,-2.459368,0.000000
3953.0651,2026-06-03T17:14:46.516570,-2.459288,0.000000
3953.5663,2026-06-03T17:14:47.017705,-2.459256,0.000000
3954.0646,2026-06-03T17:14:47.515961,-2.459288,0.000000
3954.5957,2026-06-03T17:14:48.047143,-2.459248,0.000000
3955.1079,2026-06-03T17:14:48.559289,-2.459280,0.000000
3955.6079,2026-06-03T17:14:49.059310,-2.459360,0.000000
3956.0741,2026-06-03T17:14:49.525531,-2.459296,0.000000
3956.5234,2026-06-03T17:14:49.974846,-2.459232,0.000000
3957.0162,2026-06-03T17:14:50.467587,-2.459272,0.000000
3957.4943,2026-06-03T17:14:50.945755,-2.459272,0.000000
3958.0004,2026-06-03T17:14:51.451845,-2.459256,0.000000
3958.4922,2026-06-03T17:14:51.943582,-2.459312,0.000000
3958.9945,2026-06-03T17:14:52.445895,-2.459272,0.000000
3959.4941,2026-06-03T17:14:52.945508,-2.459032,0.000000
3959.9941,2026-06-03T17:14:53.445532,-2.458880,0.000000
3960.4928,2026-06-03T17:14:53.944235,-2.458624,0.000000
3960.9985,2026-06-03T17:14:54.449919,-2.458536,0.000000
3961.4943,2026-06-03T17:14:54.945707,-2.458472,0.000000
3961.9907,2026-06-03T17:14:55.442079,-2.458208,0.000000
3962.4969,2026-06-03T17:14:55.948323,-2.458344,0.000000
3962.9999,2026-06-03T17:14:56.451299,-2.458248,0.000000
3963.4994,2026-06-03T17:14:56.950771,-2.458416,0.000000
3963.9735,2026-06-03T17:14:57.424917,-2.458688,0.000000
3964.4777,2026-06-03T17:14:57.929085,-2.458504,0.000000
3964.9584,2026-06-03T17:14:58.409874,-2.458696,0.000000
3965.4559,2026-06-03T17:14:58.907358,-2.458728,0.000000
3965.9206,2026-06-03T17:14:59.372019,-2.458872,0.000000
3966.4342,2026-06-03T17:14:59.885647,-2.459040,0.000000
3966.9210,2026-06-03T17:15:00.372417,-2.459024,0.000000
3967.4246,2026-06-03T17:15:00.875971,-2.458984,0.000000
3967.9231,2026-06-03T17:15:01.374481,-2.458792,0.000000
3968.4196,2026-06-03T17:15:01.870975,-2.458632,0.000000
3968.9138,2026-06-03T17:15:02.365179,-2.458496,0.000000
3969.4228,2026-06-03T17:15:02.874212,-2.458464,0.000000
3969.9259,2026-06-03T17:15:03.377274,-2.458448,0.000000
3970.4309,2026-06-03T17:15:03.882310,-2.458384,0.000000
3970.9235,2026-06-03T17:15:04.374883,-2.458240,0.000000
3971.4245,2026-06-03T17:15:04.875922,-2.457976,0.000000
3971.9231,2026-06-03T17:15:05.374488,-2.457824,0.000000
3972.4247,2026-06-03T17:15:05.876102,-2.457520,0.000000
3972.9072,2026-06-03T17:15:06.358612,-2.457008,0.000000
3973.4279,2026-06-03T17:15:06.879312,-2.456728,0.000000
3973.8755,2026-06-03T17:15:07.326899,-2.456520,0.000000
3974.3803,2026-06-03T17:15:07.831692,-2.456576,0.000000
3974.8785,2026-06-03T17:15:08.329926,-2.457232,0.000000
3975.3280,2026-06-03T17:15:08.779438,-2.457384,0.000000
3975.8379,2026-06-03T17:15:09.289339,-2.457544,0.000000
3976.3078,2026-06-03T17:15:09.759183,-2.457280,0.000000
3976.7958,2026-06-03T17:15:10.247245,-2.456520,0.000000
3977.2911,2026-06-03T17:15:10.742501,-2.456160,0.000000
3977.7956,2026-06-03T17:15:11.247039,-2.456104,0.000000
3978.2793,2026-06-03T17:15:11.730703,-2.456424,0.000000
3978.7831,2026-06-03T17:15:12.234566,-2.457096,0.000000
3979.2491,2026-06-03T17:15:12.700555,-2.457080,0.000000
3979.7560,2026-06-03T17:15:13.207414,-2.456648,0.000000
3980.2466,2026-06-03T17:15:13.698020,-2.456592,0.000000
3980.7427,2026-06-03T17:15:14.194130,-2.456456,0.000000
3981.2321,2026-06-03T17:15:14.683531,-2.456472,0.000000
3981.7275,2026-06-03T17:15:15.178971,-2.456632,0.000000
3982.2243,2026-06-03T17:15:15.675727,-2.456160,0.000000
3982.7036,2026-06-03T17:15:16.154986,-2.455744,0.000000
3983.2182,2026-06-03T17:15:16.669621,-2.455576,0.000000
3983.7066,2026-06-03T17:15:17.157979,-2.455480,0.000000
3984.1903,2026-06-03T17:15:17.641687,-2.455312,0.000000
3984.6904,2026-06-03T17:15:18.141861,-2.454768,0.000000
3985.1787,2026-06-03T17:15:18.630121,-2.454104,0.000000
3985.6549,2026-06-03T17:15:19.106324,-2.452840,0.000000
3986.1521,2026-06-03T17:15:19.603478,-2.451480,0.000000
3986.6237,2026-06-03T17:15:20.075099,-2.451136,0.000000
3987.1245,2026-06-03T17:15:20.575949,-2.450752,0.000000
3987.5888,2026-06-03T17:15:21.040256,-2.451344,0.000000
3988.0905,2026-06-03T17:15:21.541916,-2.452168,0.000000
3988.5818,2026-06-03T17:15:22.033265,-2.452120,0.000000
3989.1086,2026-06-03T17:15:22.560023,-2.452424,0.000000
3989.6150,2026-06-03T17:15:23.066444,-2.451928,0.000000
3990.1104,2026-06-03T17:15:23.561856,-2.451608,0.000000
3990.6061,2026-06-03T17:15:24.057544,-2.451168,0.000000
3991.1045,2026-06-03T17:15:24.555915,-2.450184,0.000000
3991.6075,2026-06-03T17:15:25.058886,-2.449968,0.000000
3992.1236,2026-06-03T17:15:25.575052,-2.448936,0.000000
3992.6157,2026-06-03T17:15:26.067157,-2.449040,0.000000
3993.1160,2026-06-03T17:15:26.567483,-2.449448,0.000000
3993.6167,2026-06-03T17:15:27.068070,-2.449680,0.000000
3994.0997,2026-06-03T17:15:27.551101,-2.450184,0.000000
3994.5867,2026-06-03T17:15:28.038145,-2.450288,0.000000
3995.0923,2026-06-03T17:15:28.543751,-2.449304,0.000000
3995.5786,2026-06-03T17:15:29.029986,-2.448904,0.000000
3996.0844,2026-06-03T17:15:29.535807,-2.448712,0.000000
3996.5785,2026-06-03T17:15:30.029922,-2.448312,0.000000
3997.0600,2026-06-03T17:15:30.511396,-2.449008,0.000000
3997.5281,2026-06-03T17:15:30.979509,-2.448528,0.000000
3998.0284,2026-06-03T17:15:31.479827,-2.449008,0.000000
3998.5288,2026-06-03T17:15:31.980257,-2.449488,0.000000
3999.0209,2026-06-03T17:15:32.472273,-2.449880,0.000000
3999.5186,2026-06-03T17:15:32.970034,-2.451560,0.000000
4000.0283,2026-06-03T17:15:33.479709,-2.452304,0.000000
4000.5275,2026-06-03T17:15:33.978922,-2.453232,0.000000
4001.0286,2026-06-03T17:15:34.480035,-2.452624,0.000000
4001.5327,2026-06-03T17:15:34.984091,-2.452480,0.000000
4001.9756,2026-06-03T17:15:35.427035,-2.452344,0.000000
4002.4629,2026-06-03T17:15:35.914356,-2.451984,0.000000
4002.9554,2026-06-03T17:15:36.406801,-2.452520,0.000000
4003.4588,2026-06-03T17:15:36.910247,-2.451680,0.000000
4003.9777,2026-06-03T17:15:37.429133,-2.450672,0.000000
4004.4907,2026-06-03T17:15:37.942077,-2.450424,0.000000
4004.9789,2026-06-03T17:15:38.430353,-2.450200,0.000000
4005.4785,2026-06-03T17:15:38.929931,-2.450216,0.000000
4005.9632,2026-06-03T17:15:39.414656,-2.450304,0.000000
4006.4681,2026-06-03T17:15:39.919524,-2.449800,0.000000
4006.9598,2026-06-03T17:15:40.411242,-2.449848,0.000000
4007.4588,2026-06-03T17:15:40.910198,-2.449912,0.000000
4007.9684,2026-06-03T17:15:41.419861,-2.450144,0.000000
4008.4522,2026-06-03T17:15:41.903569,-2.450352,0.000000
4008.9452,2026-06-03T17:15:42.396625,-2.450368,0.000000
4009.4473,2026-06-03T17:15:42.898715,-2.451344,0.000000
4009.9387,2026-06-03T17:15:43.390135,-2.451744,0.000000
4010.4233,2026-06-03T17:15:43.874746,-2.452712,0.000000
4010.9163,2026-06-03T17:15:44.367728,-2.453016,0.000000
4011.4053,2026-06-03T17:15:44.856715,-2.452592,0.000000
4011.9079,2026-06-03T17:15:45.359299,-2.451648,0.000000
4012.4350,2026-06-03T17:15:45.886403,-2.450736,0.000000
4012.9421,2026-06-03T17:15:46.393562,-2.450136,0.000000
4013.4473,2026-06-03T17:15:46.898700,-2.450184,0.000000
4013.9486,2026-06-03T17:15:47.399982,-2.450936,0.000000
4014.4371,2026-06-03T17:15:47.888520,-2.450576,0.000000
4014.9349,2026-06-03T17:15:48.386284,-2.450920,0.000000
4015.4162,2026-06-03T17:15:48.867641,-2.450856,0.000000
4015.9337,2026-06-03T17:15:49.385068,-2.449752,0.000000
4016.4152,2026-06-03T17:15:49.866643,-2.449552,0.000000
4016.9349,2026-06-03T17:15:50.386311,-2.449480,0.000000
4017.4272,2026-06-03T17:15:50.878568,-2.448456,0.000000
4017.9167,2026-06-03T17:15:51.368080,-2.448936,0.000000
4018.3828,2026-06-03T17:15:51.834195,-2.449816,0.000000
4018.8947,2026-06-03T17:15:52.346113,-2.450160,0.000000
4019.3781,2026-06-03T17:15:52.829469,-2.451592,0.000000
4019.8807,2026-06-03T17:15:53.332071,-2.452568,0.000000
4020.3709,2026-06-03T17:15:53.822360,-2.453032,0.000000
4020.8779,2026-06-03T17:15:54.329263,-2.452584,0.000000
4021.3521,2026-06-03T17:15:54.803531,-2.451952,0.000000
4021.8506,2026-06-03T17:15:55.302050,-2.451136,0.000000
4022.3479,2026-06-03T17:15:55.799309,-2.450320,0.000000
4022.8470,2026-06-03T17:15:56.298433,-2.450400,0.000000
4023.3156,2026-06-03T17:15:56.767044,-2.450824,0.000000
4023.8156,2026-06-03T17:15:57.266985,-2.451608,0.000000
4024.3158,2026-06-03T17:15:57.767248,-2.451608,0.000000
4024.8198,2026-06-03T17:15:58.271177,-2.451456,0.000000
4025.3246,2026-06-03T17:15:58.776024,-2.450888,0.000000
4025.8114,2026-06-03T17:15:59.262833,-2.449496,0.000000
4026.3078,2026-06-03T17:15:59.759194,-2.449216,0.000000
4026.8050,2026-06-03T17:16:00.256418,-2.448608,0.000000
4027.2889,2026-06-03T17:16:00.740352,-2.447936,0.000000
4027.7456,2026-06-03T17:16:01.197040,-2.447400,0.000000
4028.2688,2026-06-03T17:16:01.720195,-2.446264,0.000000
4028.7473,2026-06-03T17:16:02.198758,-2.446320,0.000000
4029.2514,2026-06-03T17:16:02.702795,-2.446888,0.000000
4029.7239,2026-06-03T17:16:03.175314,-2.448704,0.000000
4030.2129,2026-06-03T17:16:03.664346,-2.449968,0.000000
4030.7156,2026-06-03T17:16:04.167053,-2.450520,0.000000
4031.2131,2026-06-03T17:16:04.664549,-2.450552,0.000000
4031.7122,2026-06-03T17:16:05.163632,-2.449728,0.000000
4032.1999,2026-06-03T17:16:05.651384,-2.449328,0.000000
4032.6997,2026-06-03T17:16:06.151151,-2.449504,0.000000
4033.2251,2026-06-03T17:16:06.676494,-2.449592,0.000000
4033.7241,2026-06-03T17:16:07.175542,-2.450640,0.000000
4034.2291,2026-06-03T17:16:07.680462,-2.451144,0.000000
4034.7268,2026-06-03T17:16:08.178241,-2.451712,0.000000
4035.2186,2026-06-03T17:16:08.670023,-2.452984,0.000000
4035.7250,2026-06-03T17:16:09.176369,-2.453248,0.000000
4036.2419,2026-06-03T17:16:09.693337,-2.453592,0.000000
4036.7487,2026-06-03T17:16:10.200090,-2.452952,0.000000
4037.2288,2026-06-03T17:16:10.680255,-2.451904,0.000000
4037.7289,2026-06-03T17:16:11.180260,-2.451464,0.000000
4038.2201,2026-06-03T17:16:11.671488,-2.451064,0.000000
4038.7227,2026-06-03T17:16:12.174132,-2.451296,0.000000
4039.2112,2026-06-03T17:16:12.662619,-2.451832,0.000000
4039.7097,2026-06-03T17:16:13.161062,-2.452288,0.000000
4040.2018,2026-06-03T17:16:13.653233,-2.452944,0.000000
4040.7002,2026-06-03T17:16:14.151631,-2.453128,0.000000
4041.1945,2026-06-03T17:16:14.645936,-2.453200,0.000000
4041.6983,2026-06-03T17:16:15.149740,-2.452704,0.000000
4042.1915,2026-06-03T17:16:15.642885,-2.451584,0.000000
4042.6821,2026-06-03T17:16:16.133468,-2.451040,0.000000
4043.1841,2026-06-03T17:16:16.635529,-2.449648,0.000000
4043.6888,2026-06-03T17:16:17.140169,-2.449608,0.000000
4044.1805,2026-06-03T17:16:17.631913,-2.449936,0.000000
4044.6842,2026-06-03T17:16:18.135659,-2.450256,0.000000
4045.1806,2026-06-03T17:16:18.632057,-2.450768,0.000000
4045.6774,2026-06-03T17:16:19.128856,-2.450584,0.000000
4046.1741,2026-06-03T17:16:19.625509,-2.449824,0.000000
4046.6768,2026-06-03T17:16:20.128190,-2.449512,0.000000
4047.1738,2026-06-03T17:16:20.625241,-2.449272,0.000000
4047.6729,2026-06-03T17:16:21.124293,-2.448768,0.000000
4048.1715,2026-06-03T17:16:21.622889,-2.449592,0.000000
4048.6491,2026-06-03T17:16:22.100474,-2.449360,0.000000
4049.1520,2026-06-03T17:16:22.603407,-2.449000,0.000000
4049.6442,2026-06-03T17:16:23.095634,-2.449680,0.000000
4050.1468,2026-06-03T17:16:23.598164,-2.450344,0.000000
4050.6376,2026-06-03T17:16:24.088973,-2.450432,0.000000
4051.1448,2026-06-03T17:16:24.596185,-2.450248,0.000000
4051.6403,2026-06-03T17:16:25.091741,-2.449536,0.000000
4052.1430,2026-06-03T17:16:25.594414,-2.448592,0.000000
4052.6431,2026-06-03T17:16:26.094508,-2.448504,0.000000
4053.1432,2026-06-03T17:16:26.594650,-2.449592,0.000000
4053.6409,2026-06-03T17:16:27.092320,-2.449352,0.000000
4054.1710,2026-06-03T17:16:27.622448,-2.448896,0.000000
4054.6455,2026-06-03T17:16:28.096869,-2.448544,0.000000
4055.1022,2026-06-03T17:16:28.553658,-2.448008,0.000000
4055.5716,2026-06-03T17:16:29.023005,-2.448552,0.000000
4056.0523,2026-06-03T17:16:29.503753,-2.448896,0.000000
4056.5276,2026-06-03T17:16:29.978994,-2.449104,0.000000
4057.0276,2026-06-03T17:16:30.478994,-2.449600,0.000000
4057.5209,2026-06-03T17:16:30.972359,-2.449384,0.000000
4058.0202,2026-06-03T17:16:31.471665,-2.450008,0.000000
4058.5247,2026-06-03T17:16:31.976084,-2.450248,0.000000
4059.0162,2026-06-03T17:16:32.467600,-2.449280,0.000000
4059.5025,2026-06-03T17:16:32.953952,-2.448576,0.000000
4060.0039,2026-06-03T17:16:33.455347,-2.447304,0.000000
4060.5321,2026-06-03T17:16:33.983503,-2.446968,0.000000
4061.0258,2026-06-03T17:16:34.477191,-2.446968,0.000000
4061.5176,2026-06-03T17:16:34.969034,-2.447200,0.000000
4062.0148,2026-06-03T17:16:35.466167,-2.447504,0.000000
4062.5158,2026-06-03T17:16:35.967248,-2.447432,0.000000
4063.0065,2026-06-03T17:16:36.457951,-2.447904,0.000000
4063.5035,2026-06-03T17:16:36.954962,-2.448608,0.000000
4063.9906,2026-06-03T17:16:37.442056,-2.449632,0.000000
4064.5013,2026-06-03T17:16:37.952737,-2.450784,0.000000
4065.0030,2026-06-03T17:16:38.454363,-2.451688,0.000000
4065.4958,2026-06-03T17:16:38.947170,-2.452072,0.000000
4065.9928,2026-06-03T17:16:39.444255,-2.452096,0.000000
4066.4693,2026-06-03T17:16:39.920711,-2.451648,0.000000
4066.9715,2026-06-03T17:16:40.422938,-2.451952,0.000000
4067.4634,2026-06-03T17:16:40.914820,-2.452096,0.000000
4067.9629,2026-06-03T17:16:41.414350,-2.452048,0.000000
4068.4655,2026-06-03T17:16:41.916933,-2.452128,0.000000
4068.9636,2026-06-03T17:16:42.415028,-2.451496,0.000000
4069.4683,2026-06-03T17:16:42.919711,-2.451368,0.000000
4069.9644,2026-06-03T17:16:43.415786,-2.450984,0.000000
4070.4240,2026-06-03T17:16:43.875453,-2.450664,0.000000
4070.9654,2026-06-03T17:16:44.416840,-2.449616,0.000000
4071.4610,2026-06-03T17:16:44.912442,-2.448552,0.000000
4071.9614,2026-06-03T17:16:45.412778,-2.448912,0.000000
4072.4613,2026-06-03T17:16:45.912766,-2.449136,0.000000
4072.9659,2026-06-03T17:16:46.417275,-2.450568,0.000000
4073.4608,2026-06-03T17:16:46.912203,-2.451200,0.000000
4073.9596,2026-06-03T17:16:47.410974,-2.450864,0.000000
4074.4531,2026-06-03T17:16:47.904526,-2.450656,0.000000
4074.9524,2026-06-03T17:16:48.403826,-2.450528,0.000000
4075.4525,2026-06-03T17:16:48.903888,-2.451256,0.000000
4075.9528,2026-06-03T17:16:49.404218,-2.451784,0.000000
4076.4398,2026-06-03T17:16:49.891261,-2.451928,0.000000
4076.9393,2026-06-03T17:16:50.390764,-2.451736,0.000000
4077.4369,2026-06-03T17:16:50.888258,-2.451520,0.000000
4077.9471,2026-06-03T17:16:51.398511,-2.450656,0.000000
4078.4428,2026-06-03T17:16:51.894219,-2.450920,0.000000
4078.9362,2026-06-03T17:16:52.387578,-2.451328,0.000000
4079.4366,2026-06-03T17:16:52.887982,-2.450696,0.000000
4079.9030,2026-06-03T17:16:53.354436,-2.450840,0.000000
4080.4009,2026-06-03T17:16:53.852353,-2.449792,0.000000
4080.9010,2026-06-03T17:16:54.352416,-2.448528,0.000000
4081.4015,2026-06-03T17:16:54.852921,-2.447688,0.000000
4081.9077,2026-06-03T17:16:55.359106,-2.448120,0.000000
4082.4238,2026-06-03T17:16:55.875209,-2.448536,0.000000
4082.9114,2026-06-03T17:16:56.362775,-2.448688,0.000000
4083.4178,2026-06-03T17:16:56.869222,-2.448968,0.000000
4083.9132,2026-06-03T17:16:57.364573,-2.448176,0.000000
4084.4168,2026-06-03T17:16:57.868217,-2.448376,0.000000
4084.9114,2026-06-03T17:16:58.362842,-2.448376,0.000000
4085.4352,2026-06-03T17:16:58.886568,-2.448688,0.000000
4085.9186,2026-06-03T17:16:59.370046,-2.448976,0.000000
4086.4065,2026-06-03T17:16:59.857945,-2.449328,0.000000
4086.9063,2026-06-03T17:17:00.357738,-2.449304,0.000000
4087.4151,2026-06-03T17:17:00.866546,-2.449760,0.000000
4087.8926,2026-06-03T17:17:01.343988,-2.450576,0.000000
4088.3814,2026-06-03T17:17:01.832834,-2.450304,0.000000
4088.8795,2026-06-03T17:17:02.330868,-2.450816,0.000000
4089.4096,2026-06-03T17:17:02.860999,-2.450752,0.000000
4089.9174,2026-06-03T17:17:03.368842,-2.450176,0.000000
4090.4118,2026-06-03T17:17:03.863173,-2.449624,0.000000
4090.9173,2026-06-03T17:17:04.368670,-2.449040,0.000000
4091.4196,2026-06-03T17:17:04.871037,-2.449064,0.000000
4091.9381,2026-06-03T17:17:05.389508,-2.449512,0.000000
4092.4343,2026-06-03T17:17:05.885713,-2.450328,0.000000
4092.9237,2026-06-03T17:17:06.375072,-2.450864,0.000000
4093.4196,2026-06-03T17:17:06.871008,-2.450064,0.000000
4093.9084,2026-06-03T17:17:07.359851,-2.448848,0.000000
4094.4015,2026-06-03T17:17:07.852910,-2.447856,0.000000
4094.8816,2026-06-03T17:17:08.333002,-2.447208,0.000000
4095.3778,2026-06-03T17:17:08.829192,-2.446520,0.000000
4095.9131,2026-06-03T17:17:09.364544,-2.446952,0.000000
4096.4131,2026-06-03T17:17:09.864534,-2.447512,0.000000
4096.9152,2026-06-03T17:17:10.366592,-2.446992,0.000000
4097.4140,2026-06-03T17:17:10.865436,-2.447600,0.000000
4097.8940,2026-06-03T17:17:11.345389,-2.446992,0.000000
4098.3891,2026-06-03T17:17:11.840494,-2.446320,0.000000
4098.8885,2026-06-03T17:17:12.339909,-2.446600,0.000000
4099.3793,2026-06-03T17:17:12.830744,-2.445656,0.000000
4099.8902,2026-06-03T17:17:13.341626,-2.446256,0.000000
4100.3905,2026-06-03T17:17:13.841916,-2.447168,0.000000
4100.8923,2026-06-03T17:17:14.343756,-2.446832,0.000000
4101.3817,2026-06-03T17:17:14.833130,-2.447856,0.000000
4101.8670,2026-06-03T17:17:15.318425,-2.447768,0.000000
4102.3605,2026-06-03T17:17:15.811880,-2.448384,0.000000
4102.8611,2026-06-03T17:17:16.312469,-2.449640,0.000000
4103.3920,2026-06-03T17:17:16.843407,-2.450240,0.000000
4103.8973,2026-06-03T17:17:17.348678,-2.450592,0.000000
4104.3855,2026-06-03T17:17:17.836883,-2.449376,0.000000
4104.8671,2026-06-03T17:17:18.318496,-2.448592,0.000000
4105.3479,2026-06-03T17:17:18.799355,-2.448056,0.000000
4105.8522,2026-06-03T17:17:19.303654,-2.447688,0.000000
4106.3534,2026-06-03T17:17:19.804852,-2.448104,0.000000
4106.8850,2026-06-03T17:17:20.336451,-2.448328,0.000000
4107.3855,2026-06-03T17:17:20.836956,-2.448432,0.000000
4107.8802,2026-06-03T17:17:21.331586,-2.448568,0.000000
4108.3675,2026-06-03T17:17:21.818902,-2.449112,0.000000
4108.8304,2026-06-03T17:17:22.281779,-2.450288,0.000000
4109.3265,2026-06-03T17:17:22.777881,-2.450832,0.000000
4109.8214,2026-06-03T17:17:23.272769,-2.451392,0.000000
4110.3188,2026-06-03T17:17:23.770213,-2.452256,0.000000
4110.8436,2026-06-03T17:17:24.295048,-2.451896,0.000000
4111.3478,2026-06-03T17:17:24.799181,-2.452248,0.000000
4111.8383,2026-06-03T17:17:25.289705,-2.452024,0.000000
4112.3358,2026-06-03T17:17:25.787189,-2.451944,0.000000
4112.8363,2026-06-03T17:17:26.287729,-2.451992,0.000000
4113.3380,2026-06-03T17:17:26.789430,-2.451856,0.000000
4113.8277,2026-06-03T17:17:27.279145,-2.451640,0.000000
4114.3330,2026-06-03T17:17:27.784460,-2.451024,0.000000
4114.8427,2026-06-03T17:17:28.294071,-2.452240,0.000000
4115.3496,2026-06-03T17:17:28.801058,-2.452648,0.000000
4115.8491,2026-06-03T17:17:29.300494,-2.453488,0.000000
4116.3233,2026-06-03T17:17:29.774722,-2.454000,0.000000
4116.8257,2026-06-03T17:17:30.277139,-2.453752,0.000000
4117.3281,2026-06-03T17:17:30.779467,-2.453160,0.000000
4117.8159,2026-06-03T17:17:31.267361,-2.453000,0.000000
4118.3215,2026-06-03T17:17:31.772949,-2.453480,0.000000
4118.8174,2026-06-03T17:17:32.268806,-2.453352,0.000000
4119.2861,2026-06-03T17:17:32.737486,-2.452608,0.000000
4119.7776,2026-06-03T17:17:33.229035,-2.452112,0.000000
4120.2722,2026-06-03T17:17:33.723572,-2.451744,0.000000
4120.7675,2026-06-03T17:17:34.218950,-2.451408,0.000000
4121.2653,2026-06-03T17:17:34.716714,-2.451872,0.000000
4121.7530,2026-06-03T17:17:35.204440,-2.452760,0.000000
4122.2425,2026-06-03T17:17:35.693964,-2.452904,0.000000
4122.7786,2026-06-03T17:17:36.230001,-2.452832,0.000000
4123.2856,2026-06-03T17:17:36.737046,-2.453808,0.000000
4123.7401,2026-06-03T17:17:37.191507,-2.453952,0.000000
4124.2325,2026-06-03T17:17:37.683875,-2.454040,0.000000
4124.7149,2026-06-03T17:17:38.166362,-2.453784,0.000000
4125.2179,2026-06-03T17:17:38.669320,-2.453368,0.000000
4125.7177,2026-06-03T17:17:39.169124,-2.453360,0.000000
4126.2085,2026-06-03T17:17:39.659964,-2.453048,0.000000
4126.7028,2026-06-03T17:17:40.154184,-2.453224,0.000000
4127.1997,2026-06-03T17:17:40.651101,-2.453368,0.000000
4127.6965,2026-06-03T17:17:41.147920,-2.453024,0.000000
4128.1589,2026-06-03T17:17:41.610350,-2.452368,0.000000
4128.6550,2026-06-03T17:17:42.106437,-2.451760,0.000000
4129.1141,2026-06-03T17:17:42.565495,-2.451120,0.000000
4129.5814,2026-06-03T17:17:43.032841,-2.450608,0.000000
4130.0524,2026-06-03T17:17:43.503824,-2.449624,0.000000
4130.5180,2026-06-03T17:17:43.969423,-2.449072,0.000000
4131.0162,2026-06-03T17:17:44.467601,-2.448952,0.000000
4131.5146,2026-06-03T17:17:44.966064,-2.449200,0.000000
4132.0194,2026-06-03T17:17:45.470866,-2.449896,0.000000
4132.5137,2026-06-03T17:17:45.965121,-2.450552,0.000000
4133.0090,2026-06-03T17:17:46.460381,-2.450128,0.000000
4133.4754,2026-06-03T17:17:46.926803,-2.450024,0.000000
4133.9770,2026-06-03T17:17:47.428454,-2.450184,0.000000
4134.4693,2026-06-03T17:17:47.920685,-2.450472,0.000000
4134.9649,2026-06-03T17:17:48.416306,-2.451232,0.000000
4135.4613,2026-06-03T17:17:48.912718,-2.450576,0.000000
4135.9554,2026-06-03T17:17:49.406789,-2.449696,0.000000
4136.4064,2026-06-03T17:17:49.857774,-2.449680,0.000000
4136.9103,2026-06-03T17:17:50.361738,-2.448840,0.000000
4137.4135,2026-06-03T17:17:50.864945,-2.448016,0.000000
4137.9095,2026-06-03T17:17:51.360884,-2.447776,0.000000
4138.3926,2026-06-03T17:17:51.844070,-2.446864,0.000000
4138.8936,2026-06-03T17:17:52.345040,-2.446976,0.000000
4139.3772,2026-06-03T17:17:52.828648,-2.447760,0.000000
4139.8760,2026-06-03T17:17:53.327432,-2.447376,0.000000
4140.3436,2026-06-03T17:17:53.795026,-2.447184,0.000000
4140.8440,2026-06-03T17:17:54.295413,-2.447064,0.000000
4141.3354,2026-06-03T17:17:54.786846,-2.447384,0.000000
4141.8345,2026-06-03T17:17:55.285885,-2.448192,0.000000
4142.3110,2026-06-03T17:17:55.762394,-2.447920,0.000000
4142.8001,2026-06-03T17:17:56.251531,-2.447304,0.000000
4143.3054,2026-06-03T17:17:56.756788,-2.446224,0.000000
4143.8325,2026-06-03T17:17:57.283878,-2.445088,0.000000
4144.3254,2026-06-03T17:17:57.776758,-2.445176,0.000000
4144.8255,2026-06-03T17:17:58.276895,-2.445056,0.000000
4145.3181,2026-06-03T17:17:58.769519,-2.445384,0.000000
4145.8125,2026-06-03T17:17:59.263938,-2.445776,0.000000
4146.3012,2026-06-03T17:17:59.752662,-2.446456,0.000000
4146.7986,2026-06-03T17:18:00.249997,-2.447272,0.000000
4147.2981,2026-06-03T17:18:00.749541,-2.447824,0.000000
4147.7921,2026-06-03T17:18:01.243505,-2.448216,0.000000
4148.2928,2026-06-03T17:18:01.744181,-2.448224,0.000000
4148.7860,2026-06-03T17:18:02.237434,-2.447944,0.000000
4149.2896,2026-06-03T17:18:02.740968,-2.447672,0.000000
4149.7758,2026-06-03T17:18:03.227249,-2.448512,0.000000
4150.2816,2026-06-03T17:18:03.732980,-2.449296,0.000000
4150.7544,2026-06-03T17:18:04.205781,-2.450128,0.000000
4151.2562,2026-06-03T17:18:04.707642,-2.450136,0.000000
4151.7557,2026-06-03T17:18:05.207103,-2.449392,0.000000
4152.2435,2026-06-03T17:18:05.694894,-2.448416,0.000000
4152.7419,2026-06-03T17:18:06.193348,-2.447872,0.000000
4153.2338,2026-06-03T17:18:06.685218,-2.447816,0.000000
4153.7302,2026-06-03T17:18:07.181633,-2.446928,0.000000
4154.2353,2026-06-03T17:18:07.686765,-2.446992,0.000000
4154.7377,2026-06-03T17:18:08.189100,-2.447312,0.000000
4155.2031,2026-06-03T17:18:08.654476,-2.447576,0.000000
4155.7112,2026-06-03T17:18:09.162576,-2.448376,0.000000
4156.2056,2026-06-03T17:18:09.656972,-2.448544,0.000000
4156.7049,2026-06-03T17:18:10.156319,-2.447944,0.000000
4157.2024,2026-06-03T17:18:10.653833,-2.447752,0.000000
4157.6916,2026-06-03T17:18:11.143022,-2.447376,0.000000
4158.1879,2026-06-03T17:18:11.639295,-2.447824,0.000000
4158.7104,2026-06-03T17:18:12.161809,-2.449032,0.000000
4159.2088,2026-06-03T17:18:12.660230,-2.449784,0.000000
4159.7076,2026-06-03T17:18:13.158981,-2.450464,0.000000
4160.2020,2026-06-03T17:18:13.653398,-2.451008,0.000000
4160.7042,2026-06-03T17:18:14.155589,-2.450048,0.000000
4161.1994,2026-06-03T17:18:14.650794,-2.450104,0.000000
4161.7380,2026-06-03T17:18:15.189451,-2.450968,0.000000
4162.2111,2026-06-03T17:18:15.662554,-2.450720,0.000000
4162.7215,2026-06-03T17:18:16.172871,-2.450856,0.000000
4163.2127,2026-06-03T17:18:16.664135,-2.450168,0.000000
4163.7043,2026-06-03T17:18:17.155698,-2.449104,0.000000
4164.1581,2026-06-03T17:18:17.609487,-2.449232,0.000000
4164.6436,2026-06-03T17:18:18.095020,-2.449296,0.000000
4165.1440,2026-06-03T17:18:18.595391,-2.449840,0.000000
4165.6458,2026-06-03T17:18:19.097239,-2.450464,0.000000
4166.1406,2026-06-03T17:18:19.591968,-2.450568,0.000000
4166.6338,2026-06-03T17:18:20.085236,-2.451248,0.000000
4167.1603,2026-06-03T17:18:20.611671,-2.451488,0.000000
4167.6581,2026-06-03T17:18:21.109477,-2.452048,0.000000
4168.1577,2026-06-03T17:18:21.609128,-2.451768,0.000000
4168.6508,2026-06-03T17:18:22.102230,-2.451112,0.000000
4169.1573,2026-06-03T17:18:22.608686,-2.450792,0.000000
4169.6519,2026-06-03T17:18:23.103275,-2.449688,0.000000
4170.1759,2026-06-03T17:18:23.627350,-2.448512,0.000000
4170.6537,2026-06-03T17:18:24.105125,-2.447824,0.000000
4171.1113,2026-06-03T17:18:24.562701,-2.446936,0.000000
4171.6126,2026-06-03T17:18:25.063970,-2.446104,0.000000
4172.1178,2026-06-03T17:18:25.569180,-2.446336,0.000000
4172.6105,2026-06-03T17:18:26.061884,-2.446352,0.000000
4173.1112,2026-06-03T17:18:26.562583,-2.446944,0.000000
4173.5869,2026-06-03T17:18:27.038304,-2.447184,0.000000
4174.0672,2026-06-03T17:18:27.518614,-2.447184,0.000000
4174.5649,2026-06-03T17:18:28.016291,-2.447400,0.000000
4175.0422,2026-06-03T17:18:28.493605,-2.446936,0.000000
4175.5396,2026-06-03T17:18:28.991007,-2.446720,0.000000
4176.0385,2026-06-03T17:18:29.489913,-2.446080,0.000000
4176.5338,2026-06-03T17:18:29.985198,-2.446432,0.000000
4177.0378,2026-06-03T17:18:30.489183,-2.446608,0.000000
4177.5280,2026-06-03T17:18:30.979449,-2.447024,0.000000
4178.0137,2026-06-03T17:18:31.465109,-2.447264,0.000000
4178.5186,2026-06-03T17:18:31.969997,-2.446352,0.000000
4179.0186,2026-06-03T17:18:32.470041,-2.446256,0.000000
4179.5301,2026-06-03T17:18:32.981500,-2.445792,0.000000
4179.9995,2026-06-03T17:18:33.450884,-2.445656,0.000000
4180.4584,2026-06-03T17:18:33.909848,-2.445808,0.000000
4180.9602,2026-06-03T17:18:34.411610,-2.445576,0.000000
4181.4609,2026-06-03T17:18:34.912298,-2.446168,0.000000
4181.9450,2026-06-03T17:18:35.396410,-2.445640,0.000000
4182.4635,2026-06-03T17:18:35.914898,-2.445520,0.000000
4182.9693,2026-06-03T17:18:36.420712,-2.446040,0.000000
4183.4668,2026-06-03T17:18:36.918247,-2.445944,0.000000
4183.9666,2026-06-03T17:18:37.417993,-2.446176,0.000000
4184.4700,2026-06-03T17:18:37.921401,-2.446208,0.000000
4184.9641,2026-06-03T17:18:38.415492,-2.445488,0.000000
4185.4669,2026-06-03T17:18:38.918311,-2.445016,0.000000
4185.9530,2026-06-03T17:18:39.404373,-2.445216,0.000000
4186.4756,2026-06-03T17:18:39.927042,-2.444600,0.000000
4186.9742,2026-06-03T17:18:40.425625,-2.445256,0.000000
4187.4644,2026-06-03T17:18:40.915783,-2.445912,0.000000
4187.9608,2026-06-03T17:18:41.412209,-2.446064,0.000000
4188.4598,2026-06-03T17:18:41.911168,-2.447112,0.000000
4188.9645,2026-06-03T17:18:42.415878,-2.447248,0.000000
4189.4580,2026-06-03T17:18:42.909413,-2.447064,0.000000
4189.9839,2026-06-03T17:18:43.435281,-2.447336,0.000000
4190.4889,2026-06-03T17:18:43.940295,-2.448552,0.000000
4190.9797,2026-06-03T17:18:44.431063,-2.449336,0.000000
4191.4571,2026-06-03T17:18:44.908523,-2.449776,0.000000
4191.9468,2026-06-03T17:18:45.398260,-2.450832,0.000000
4192.4411,2026-06-03T17:18:45.892519,-2.450568,0.000000
4192.9420,2026-06-03T17:18:46.393387,-2.450288,0.000000
4193.4326,2026-06-03T17:18:46.884048,-2.450200,0.000000
4193.9531,2026-06-03T17:18:47.404496,-2.450144,0.000000
4194.4477,2026-06-03T17:18:47.899139,-2.450608,0.000000
4194.9154,2026-06-03T17:18:48.366818,-2.450096,0.000000
4195.4147,2026-06-03T17:18:48.866158,-2.449312,0.000000
4195.9146,2026-06-03T17:18:49.366028,-2.448712,0.000000
4196.3935,2026-06-03T17:18:49.844920,-2.447184,0.000000
4196.8981,2026-06-03T17:18:50.349562,-2.446808,0.000000
4197.4016,2026-06-03T17:18:50.853050,-2.447752,0.000000
4197.8705,2026-06-03T17:18:51.321887,-2.447656,0.000000
4198.3600,2026-06-03T17:18:51.811445,-2.447448,0.000000
4198.8644,2026-06-03T17:18:52.315854,-2.447200,0.000000
4199.3305,2026-06-03T17:18:52.781932,-2.446672,0.000000
4199.8313,2026-06-03T17:18:53.282743,-2.446088,0.000000
4200.3333,2026-06-03T17:18:53.784682,-2.446848,0.000000
4200.8341,2026-06-03T17:18:54.285514,-2.447320,0.000000
4201.3297,2026-06-03T17:18:54.781151,-2.448008,0.000000
4201.8330,2026-06-03T17:18:55.284400,-2.448368,0.000000
4202.3465,2026-06-03T17:18:55.797892,-2.448760,0.000000
4202.8366,2026-06-03T17:18:56.288011,-2.449080,0.000000
4203.3296,2026-06-03T17:18:56.781059,-2.449320,0.000000
4203.8250,2026-06-03T17:18:57.276399,-2.449992,0.000000
4204.3317,2026-06-03T17:18:57.783118,-2.449680,0.000000
4204.8345,2026-06-03T17:18:58.285932,-2.448768,0.000000
4205.3272,2026-06-03T17:18:58.778574,-2.447896,0.000000
4205.8365,2026-06-03T17:18:59.287897,-2.447272,0.000000
4206.3212,2026-06-03T17:18:59.772657,-2.447056,0.000000
4206.8167,2026-06-03T17:19:00.268099,-2.446848,0.000000
4207.2912,2026-06-03T17:19:00.742590,-2.447072,0.000000
4207.7916,2026-06-03T17:19:01.243035,-2.447496,0.000000
4208.2936,2026-06-03T17:19:01.745064,-2.447888,0.000000
4208.7862,2026-06-03T17:19:02.237633,-2.448216,0.000000
4209.2793,2026-06-03T17:19:02.730727,-2.448560,0.000000
4209.7985,2026-06-03T17:19:03.249873,-2.448880,0.000000
4210.2816,2026-06-03T17:19:03.733042,-2.449320,0.000000
4210.7699,2026-06-03T17:19:04.221272,-2.450640,0.000000
4211.2718,2026-06-03T17:19:04.723193,-2.451424,0.000000
4211.7699,2026-06-03T17:19:05.221261,-2.451424,0.000000
4212.2410,2026-06-03T17:19:05.692404,-2.450192,0.000000
4212.7290,2026-06-03T17:19:06.180459,-2.449448,0.000000
4213.2283,2026-06-03T17:19:06.679674,-2.449400,0.000000
4213.7294,2026-06-03T17:19:07.180805,-2.449848,0.000000
4214.2599,2026-06-03T17:19:07.711355,-2.450640,0.000000
4214.7308,2026-06-03T17:19:08.182238,-2.449984,0.000000
4215.2151,2026-06-03T17:19:08.666523,-2.448984,0.000000
4215.6934,2026-06-03T17:19:09.144776,-2.447560,0.000000
4216.1981,2026-06-03T17:19:09.649479,-2.446768,0.000000
4216.6968,2026-06-03T17:19:10.148172,-2.446384,0.000000
4217.1965,2026-06-03T17:19:10.647885,-2.446520,0.000000
4217.6773,2026-06-03T17:19:11.128680,-2.447528,0.000000
4218.1755,2026-06-03T17:19:11.626940,-2.448256,0.000000
4218.7096,2026-06-03T17:19:12.161017,-2.449376,0.000000
4219.2141,2026-06-03T17:19:12.665519,-2.449400,0.000000
4219.6971,2026-06-03T17:19:13.148540,-2.448504,0.000000
4220.1931,2026-06-03T17:19:13.644523,-2.447752,0.000000
4220.6985,2026-06-03T17:19:14.149873,-2.447096,0.000000
4221.1987,2026-06-03T17:19:14.650089,-2.448272,0.000000
4221.6993,2026-06-03T17:19:15.150677,-2.448456,0.000000
4222.2161,2026-06-03T17:19:15.667566,-2.448696,0.000000
4222.6936,2026-06-03T17:19:16.144987,-2.448840,0.000000
4223.1933,2026-06-03T17:19:16.644753,-2.448208,0.000000
4223.6969,2026-06-03T17:19:17.148321,-2.448304,0.000000
4224.1800,2026-06-03T17:19:17.631393,-2.448936,0.000000
4224.6582,2026-06-03T17:19:18.109598,-2.449584,0.000000
4225.1568,2026-06-03T17:19:18.608232,-2.449456,0.000000
4225.6624,2026-06-03T17:19:19.113837,-2.449168,0.000000
4226.1545,2026-06-03T17:19:19.605916,-2.449040,0.000000
4226.6475,2026-06-03T17:19:20.098944,-2.448856,0.000000
4227.1391,2026-06-03T17:19:20.590547,-2.448760,0.000000
4227.5989,2026-06-03T17:19:21.050345,-2.448544,0.000000
4228.0890,2026-06-03T17:19:21.540430,-2.448376,0.000000
4228.5835,2026-06-03T17:19:22.034942,-2.447416,0.000000
4229.0888,2026-06-03T17:19:22.540220,-2.446592,0.000000
4229.6059,2026-06-03T17:19:23.057331,-2.446528,0.000000
4230.1189,2026-06-03T17:19:23.570325,-2.446832,0.000000
4230.6093,2026-06-03T17:19:24.060765,-2.446768,0.000000
4231.0972,2026-06-03T17:19:24.548593,-2.446424,0.000000
4231.5636,2026-06-03T17:19:25.014985,-2.445592,0.000000
4232.0664,2026-06-03T17:19:25.517785,-2.444880,0.000000
4232.5427,2026-06-03T17:19:25.994116,-2.445696,0.000000
4233.0342,2026-06-03T17:19:26.485612,-2.446248,0.000000
4233.4930,2026-06-03T17:19:26.944461,-2.446320,0.000000
4233.9902,2026-06-03T17:19:27.441628,-2.446784,0.000000
4234.4824,2026-06-03T17:19:27.933801,-2.446536,0.000000
4234.9764,2026-06-03T17:19:28.427852,-2.447224,0.000000
4235.5058,2026-06-03T17:19:28.957193,-2.447744,0.000000
4236.0011,2026-06-03T17:19:29.452526,-2.447680,0.000000
4236.4954,2026-06-03T17:19:29.946776,-2.447816,0.000000
4236.9915,2026-06-03T17:19:30.442945,-2.447864,0.000000
4237.4932,2026-06-03T17:19:30.944571,-2.447736,0.000000
4237.9984,2026-06-03T17:19:31.449792,-2.447736,0.000000
4238.5062,2026-06-03T17:19:31.957575,-2.447944,0.000000
4239.0055,2026-06-03T17:19:32.456920,-2.447584,0.000000
4239.5152,2026-06-03T17:19:32.966665,-2.447880,0.000000
4240.0229,2026-06-03T17:19:33.474322,-2.447912,0.000000
4240.5089,2026-06-03T17:19:33.960274,-2.448080,0.000000
4240.9997,2026-06-03T17:19:34.451168,-2.448600,0.000000
4241.5031,2026-06-03T17:19:34.954475,-2.449056,0.000000
4242.0291,2026-06-03T17:19:35.480513,-2.449904,0.000000
4242.5326,2026-06-03T17:19:35.983982,-2.449888,0.000000
4243.0180,2026-06-03T17:19:36.469429,-2.449160,0.000000
4243.5087,2026-06-03T17:19:36.960071,-2.448848,0.000000
4244.0013,2026-06-03T17:19:37.452751,-2.448080,0.000000
4244.4900,2026-06-03T17:19:37.941444,-2.447312,0.000000
4244.9889,2026-06-03T17:19:38.440279,-2.447400,0.000000
4245.4918,2026-06-03T17:19:38.943210,-2.447408,0.000000
4245.9847,2026-06-03T17:19:39.436100,-2.447128,0.000000
4246.4592,2026-06-03T17:19:39.910654,-2.448472,0.000000
4246.9663,2026-06-03T17:19:40.417751,-2.448424,0.000000
4247.4750,2026-06-03T17:19:40.926406,-2.448304,0.000000
4247.9736,2026-06-03T17:19:41.425058,-2.447608,0.000000
4248.4669,2026-06-03T17:19:41.918277,-2.445864,0.000000
4248.9624,2026-06-03T17:19:42.413836,-2.445664,0.000000
4249.4664,2026-06-03T17:19:42.917816,-2.445008,0.000000
4249.9706,2026-06-03T17:19:43.421980,-2.445616,0.000000
4250.4753,2026-06-03T17:19:43.926716,-2.445792,0.000000
4250.9748,2026-06-03T17:19:44.426180,-2.444968,0.000000
4251.4727,2026-06-03T17:19:44.924081,-2.444088,0.000000
4251.9749,2026-06-03T17:19:45.426357,-2.444080,0.000000
4252.4750,2026-06-03T17:19:45.926390,-2.444344,0.000000
4252.9688,2026-06-03T17:19:46.420197,-2.444904,0.000000
4253.4731,2026-06-03T17:19:46.924482,-2.446152,0.000000
4253.9544,2026-06-03T17:19:47.405820,-2.445944,0.000000
4254.4370,2026-06-03T17:19:47.888404,-2.446280,0.000000
4254.9390,2026-06-03T17:19:48.390381,-2.446112,0.000000
4255.4348,2026-06-03T17:19:48.886183,-2.445616,0.000000
4255.9385,2026-06-03T17:19:49.389969,-2.445720,0.000000
4256.4273,2026-06-03T17:19:49.878676,-2.445072,0.000000
4256.9351,2026-06-03T17:19:50.386541,-2.445232,0.000000
4257.4270,2026-06-03T17:19:50.878413,-2.445264,0.000000
4257.9221,2026-06-03T17:19:51.373472,-2.444920,0.000000
4258.4220,2026-06-03T17:19:51.873457,-2.445136,0.000000
4258.9192,2026-06-03T17:19:52.370646,-2.444664,0.000000
4259.4189,2026-06-03T17:19:52.870272,-2.445192,0.000000
4259.9206,2026-06-03T17:19:53.372064,-2.445712,0.000000
4260.4005,2026-06-03T17:19:53.851891,-2.445912,0.000000
4260.9007,2026-06-03T17:19:54.352142,-2.446400,0.000000
4261.3801,2026-06-03T17:19:54.831515,-2.445632,0.000000
4261.8622,2026-06-03T17:19:55.313615,-2.444232,0.000000
4262.3563,2026-06-03T17:19:55.807675,-2.443480,0.000000
4262.8163,2026-06-03T17:19:56.267693,-2.443584,0.000000
4263.3081,2026-06-03T17:19:56.759554,-2.443576,0.000000
4263.8126,2026-06-03T17:19:57.263969,-2.444784,0.000000
4264.3145,2026-06-03T17:19:57.765955,-2.446112,0.000000
4264.8095,2026-06-03T17:19:58.260907,-2.445976,0.000000
4265.3416,2026-06-03T17:19:58.793002,-2.447120,0.000000
4265.8225,2026-06-03T17:19:59.273877,-2.447312,0.000000
4266.3348,2026-06-03T17:19:59.786252,-2.446472,0.000000
4266.8233,2026-06-03T17:20:00.274698,-2.446424,0.000000
4267.3135,2026-06-03T17:20:00.764949,-2.445864,0.000000
4267.8157,2026-06-03T17:20:01.267145,-2.445856,0.000000
4268.3182,2026-06-03T17:20:01.769625,-2.446368,0.000000
4268.8263,2026-06-03T17:20:02.277716,-2.446224,0.000000
4269.3304,2026-06-03T17:20:02.781784,-2.445560,0.000000
4269.8283,2026-06-03T17:20:03.279694,-2.445408,0.000000
4270.3353,2026-06-03T17:20:03.786675,-2.445632,0.000000
4270.8291,2026-06-03T17:20:04.280510,-2.446176,0.000000
4271.3292,2026-06-03T17:20:04.780603,-2.446248,0.000000
4271.8303,2026-06-03T17:20:05.281700,-2.446224,0.000000
4272.3463,2026-06-03T17:20:05.797685,-2.445760,0.000000
4272.8323,2026-06-03T17:20:06.283727,-2.445728,0.000000
4273.3386,2026-06-03T17:20:06.790013,-2.446320,0.000000
4273.8330,2026-06-03T17:20:07.284411,-2.446496,0.000000
4274.3387,2026-06-03T17:20:07.790110,-2.446808,0.000000
4274.8343,2026-06-03T17:20:08.285712,-2.446104,0.000000
4275.2969,2026-06-03T17:20:08.748276,-2.445072,0.000000
4275.7928,2026-06-03T17:20:09.244185,-2.445112,0.000000
4276.2962,2026-06-03T17:20:09.747569,-2.445176,0.000000
4276.7827,2026-06-03T17:20:10.234123,-2.446320,0.000000
4277.2741,2026-06-03T17:20:10.725488,-2.447216,0.000000
4277.7464,2026-06-03T17:20:11.197850,-2.447520,0.000000
4278.2174,2026-06-03T17:20:11.668833,-2.446432,0.000000
4278.6928,2026-06-03T17:20:12.144240,-2.445664,0.000000
4279.1901,2026-06-03T17:20:12.641514,-2.445600,0.000000
4279.6935,2026-06-03T17:20:13.144952,-2.444936,0.000000
4280.1876,2026-06-03T17:20:13.639019,-2.445696,0.000000
4280.7177,2026-06-03T17:20:14.169163,-2.446184,0.000000
4281.2121,2026-06-03T17:20:14.663544,-2.445696,0.000000
4281.7046,2026-06-03T17:20:15.155992,-2.446072,0.000000
4282.2115,2026-06-03T17:20:15.662884,-2.445304,0.000000
4282.7053,2026-06-03T17:20:16.156687,-2.444680,0.000000
4283.1830,2026-06-03T17:20:16.634389,-2.445152,0.000000
4283.6867,2026-06-03T17:20:17.138067,-2.444688,0.000000
4284.2135,2026-06-03T17:20:17.664908,-2.444664,0.000000
4284.7136,2026-06-03T17:20:18.164974,-2.445208,0.000000
4285.2118,2026-06-03T17:20:18.663210,-2.444832,0.000000
4285.7083,2026-06-03T17:20:19.159750,-2.444800,0.000000
4286.2074,2026-06-03T17:20:19.658834,-2.445456,0.000000
4286.6992,2026-06-03T17:20:20.150573,-2.444264,0.000000
4287.1949,2026-06-03T17:20:20.646325,-2.443832,0.000000
4287.6877,2026-06-03T17:20:21.139089,-2.443568,0.000000
4288.1966,2026-06-03T17:20:21.648050,-2.443216,0.000000
4288.6881,2026-06-03T17:20:22.139475,-2.443128,0.000000
4289.1867,2026-06-03T17:20:22.638099,-2.442528,0.000000
4289.6461,2026-06-03T17:20:23.097472,-2.442272,0.000000
4290.1306,2026-06-03T17:20:23.581985,-2.441864,0.000000
4290.6254,2026-06-03T17:20:24.076839,-2.442272,0.000000
4291.1202,2026-06-03T17:20:24.571608,-2.443136,0.000000
4291.6126,2026-06-03T17:20:25.063989,-2.443272,0.000000
4292.1135,2026-06-03T17:20:25.564873,-2.443208,0.000000
4292.5940,2026-06-03T17:20:26.045402,-2.442544,0.000000
4293.0949,2026-06-03T17:20:26.546306,-2.442376,0.000000
4293.6136,2026-06-03T17:20:27.065024,-2.442680,0.000000
4294.1158,2026-06-03T17:20:27.567190,-2.443592,0.000000
4294.6067,2026-06-03T17:20:28.058083,-2.444376,0.000000
4295.1046,2026-06-03T17:20:28.555991,-2.445424,0.000000
4295.6031,2026-06-03T17:20:29.054528,-2.445936,0.000000
4296.1064,2026-06-03T17:20:29.557806,-2.446536,0.000000
4296.6035,2026-06-03T17:20:30.054876,-2.446528,0.000000
4297.1344,2026-06-03T17:20:30.585821,-2.446248,0.000000
4297.6341,2026-06-03T17:20:31.085563,-2.446520,0.000000
4298.1107,2026-06-03T17:20:31.562155,-2.446672,0.000000
4298.6033,2026-06-03T17:20:32.054759,-2.447824,0.000000
4299.1101,2026-06-03T17:20:32.561566,-2.448696,0.000000
4299.6016,2026-06-03T17:20:33.052977,-2.448608,0.000000
4300.0993,2026-06-03T17:20:33.550756,-2.448696,0.000000
4300.6278,2026-06-03T17:20:34.079221,-2.448584,0.000000
4301.1164,2026-06-03T17:20:34.567797,-2.448720,0.000000
4301.6079,2026-06-03T17:20:35.059349,-2.449880,0.000000
4302.1094,2026-06-03T17:20:35.560855,-2.451088,0.000000
4302.5820,2026-06-03T17:20:36.033394,-2.452232,0.000000
4303.0762,2026-06-03T17:20:36.527570,-2.452840,0.000000
4303.5815,2026-06-03T17:20:37.032888,-2.453040,0.000000
4304.0686,2026-06-03T17:20:37.520003,-2.452176,0.000000
4304.5535,2026-06-03T17:20:38.004908,-2.451616,0.000000
4305.0433,2026-06-03T17:20:38.494719,-2.451432,0.000000
4305.5214,2026-06-03T17:20:38.972844,-2.452120,0.000000
4306.0230,2026-06-03T17:20:39.474399,-2.453344,0.000000
4306.5317,2026-06-03T17:20:39.983120,-2.454400,0.000000
4307.0300,2026-06-03T17:20:40.481463,-2.455424,0.000000
4307.5343,2026-06-03T17:20:40.985747,-2.456088,0.000000
4308.0373,2026-06-03T17:20:41.488687,-2.456656,0.000000
4308.5284,2026-06-03T17:20:41.979864,-2.456848,0.000000
4309.0101,2026-06-03T17:20:42.461481,-2.456888,0.000000
4309.5111,2026-06-03T17:20:42.962472,-2.456784,0.000000
4309.9964,2026-06-03T17:20:43.447821,-2.456520,0.000000
4310.4718,2026-06-03T17:20:43.923234,-2.456608,0.000000
4310.9663,2026-06-03T17:20:44.417752,-2.456808,0.000000
4311.4715,2026-06-03T17:20:44.922963,-2.457040,0.000000
4311.9883,2026-06-03T17:20:45.439742,-2.457272,0.000000
4312.4989,2026-06-03T17:20:45.950329,-2.457640,0.000000
4312.9976,2026-06-03T17:20:46.448983,-2.457904,0.000000
4313.4968,2026-06-03T17:20:46.948198,-2.457504,0.000000
4313.9995,2026-06-03T17:20:47.450898,-2.457480,0.000000
4314.4876,2026-06-03T17:20:47.939030,-2.457184,0.000000
4315.0134,2026-06-03T17:20:48.464822,-2.456896,0.000000
4315.5120,2026-06-03T17:20:48.963417,-2.456832,0.000000
4316.0197,2026-06-03T17:20:49.471138,-2.456736,0.000000
4316.4882,2026-06-03T17:20:49.939693,-2.456768,0.000000
4316.9800,2026-06-03T17:20:50.431449,-2.456792,0.000000
4317.4784,2026-06-03T17:20:50.929854,-2.456672,0.000000
4317.9646,2026-06-03T17:20:51.415985,-2.456272,0.000000
4318.4914,2026-06-03T17:20:51.942862,-2.455824,0.000000
4318.9947,2026-06-03T17:20:52.446120,-2.455960,0.000000
4319.4884,2026-06-03T17:20:52.939816,-2.456448,0.000000
4319.9810,2026-06-03T17:20:53.432361,-2.456856,0.000000
4320.4386,2026-06-03T17:20:53.890034,-2.457512,0.000000
4320.9147,2026-06-03T17:20:54.366157,-2.457904,0.000000
4321.4145,2026-06-03T17:20:54.865891,-2.458016,0.000000
4321.9159,2026-06-03T17:20:55.367357,-2.458456,0.000000
4322.4133,2026-06-03T17:20:55.864690,-2.458672,0.000000
4322.8686,2026-06-03T17:20:56.319993,-2.458808,0.000000
4323.3669,2026-06-03T17:20:56.818342,-2.459016,0.000000
4323.8678,2026-06-03T17:20:57.319183,-2.459080,0.000000
4324.3630,2026-06-03T17:20:57.814425,-2.459248,0.000000
4324.8730,2026-06-03T17:20:58.324391,-2.459448,0.000000
4325.3808,2026-06-03T17:20:58.832252,-2.459512,0.000000
4325.8759,2026-06-03T17:20:59.327279,-2.459664,0.000000
4326.3779,2026-06-03T17:20:59.829298,-2.459696,0.000000
4326.8741,2026-06-03T17:21:00.325540,-2.459696,0.000000
4327.3708,2026-06-03T17:21:00.822199,-2.459736,0.000000
4327.8588,2026-06-03T17:21:01.310212,-2.459720,0.000000
4328.3585,2026-06-03T17:21:01.809949,-2.459736,0.000000
4328.8638,2026-06-03T17:21:02.315234,-2.459664,0.000000
4329.3297,2026-06-03T17:21:02.781102,-2.459608,0.000000
4329.8280,2026-06-03T17:21:03.279430,-2.459584,0.000000
4330.3008,2026-06-03T17:21:03.752179,-2.459592,0.000000
4330.7992,2026-06-03T17:21:04.250582,-2.459648,0.000000
4331.3067,2026-06-03T17:21:04.758071,-2.459704,0.000000
4331.7867,2026-06-03T17:21:05.238148,-2.459752,0.000000
4332.2947,2026-06-03T17:21:05.746156,-2.459744,0.000000
4332.7500,2026-06-03T17:21:06.201401,-2.459768,0.000000
4333.2679,2026-06-03T17:21:06.719329,-2.459760,0.000000
4333.7354,2026-06-03T17:21:07.186823,-2.459776,0.000000
4334.2294,2026-06-03T17:21:07.680807,-2.459792,0.000000
4334.7224,2026-06-03T17:21:08.173843,-2.459832,0.000000
4335.2260,2026-06-03T17:21:08.677391,-2.459784,0.000000
4335.6827,2026-06-03T17:21:09.134077,-2.459824,0.000000
4336.1837,2026-06-03T17:21:09.635149,-2.459848,0.000000
4336.6861,2026-06-03T17:21:10.137460,-2.459816,0.000000
4337.1741,2026-06-03T17:21:10.625532,-2.459816,0.000000
4337.6709,2026-06-03T17:21:11.122292,-2.459824,0.000000
4338.1956,2026-06-03T17:21:11.646976,-2.459792,0.000000
4338.6940,2026-06-03T17:21:12.145399,-2.459840,0.000000
4339.1931,2026-06-03T17:21:12.644474,-2.459968,0.000000
4339.6967,2026-06-03T17:21:13.148126,-2.459960,0.000000
4340.1565,2026-06-03T17:21:13.607867,-2.460040,0.000000
4340.6631,2026-06-03T17:21:14.114551,-2.460192,0.000000
4341.1568,2026-06-03T17:21:14.608202,-2.460120,0.000000
4341.6910,2026-06-03T17:21:15.142445,-2.460168,0.000000
4342.1901,2026-06-03T17:21:15.641551,-2.460120,0.000000
4342.6904,2026-06-03T17:21:16.141828,-2.460048,0.000000
4343.1866,2026-06-03T17:21:16.637969,-2.460080,0.000000
4343.6923,2026-06-03T17:21:17.143748,-2.460248,0.000000
4344.2155,2026-06-03T17:21:17.666927,-2.460600,0.000000
4344.7123,2026-06-03T17:21:18.163703,-2.460848,0.000000
4345.2118,2026-06-03T17:21:18.663221,-2.461104,0.000000
4345.7149,2026-06-03T17:21:19.166354,-2.461224,0.000000
4346.2112,2026-06-03T17:21:19.662616,-2.461464,0.000000
4346.6787,2026-06-03T17:21:20.130161,-2.461840,0.000000
4347.1740,2026-06-03T17:21:20.625437,-2.462176,0.000000
4347.6710,2026-06-03T17:21:21.122368,-2.462968,0.000000
4348.1615,2026-06-03T17:21:21.612901,-2.464072,0.000000
4348.6627,2026-06-03T17:21:22.114138,-2.464472,0.000000
4349.1548,2026-06-03T17:21:22.606259,-2.464656,0.000000
4349.6531,2026-06-03T17:21:23.104492,-2.464512,0.000000
4350.1577,2026-06-03T17:21:23.609071,-2.463936,0.000000
4350.6433,2026-06-03T17:21:24.094710,-2.464152,0.000000
4351.1462,2026-06-03T17:21:24.597633,-2.465888,0.000000
4351.6338,2026-06-03T17:21:25.085260,-2.468008,0.000000
4352.1344,2026-06-03T17:21:25.585844,-2.469392,0.000000
4352.6307,2026-06-03T17:21:26.082089,-2.470096,0.000000
4353.1341,2026-06-03T17:21:26.585531,-2.470168,0.000000
4353.6217,2026-06-03T17:21:27.073159,-2.469528,0.000000
4354.1207,2026-06-03T17:21:27.572162,-2.470560,0.000000
4354.6203,2026-06-03T17:21:28.071682,-2.472240,0.000000
4355.1201,2026-06-03T17:21:28.571520,-2.473328,0.000000
4355.6267,2026-06-03T17:21:29.078148,-2.475136,0.000000
4356.1213,2026-06-03T17:21:29.572762,-2.475944,0.000000
4356.6276,2026-06-03T17:21:30.079040,-2.476792,0.000000
4357.1131,2026-06-03T17:21:30.564534,-2.477384,0.000000
4357.6063,2026-06-03T17:21:31.057709,-2.477912,0.000000
4358.1060,2026-06-03T17:21:31.557394,-2.478400,0.000000
4358.5980,2026-06-03T17:21:32.049477,-2.478728,0.000000
4359.0963,2026-06-03T17:21:32.547705,-2.479480,0.000000
4359.5972,2026-06-03T17:21:33.048577,-2.479784,0.000000
4360.0995,2026-06-03T17:21:33.550871,-2.479896,0.000000
4360.5751,2026-06-03T17:21:34.026525,-2.480040,0.000000
4361.0721,2026-06-03T17:21:34.523489,-2.480104,0.000000
4361.5745,2026-06-03T17:21:35.025965,-2.480232,0.000000
4362.0463,2026-06-03T17:21:35.497705,-2.480864,0.000000
4362.5446,2026-06-03T17:21:35.996012,-2.481496,0.000000
4363.0410,2026-06-03T17:21:36.492407,-2.482536,0.000000
4363.5532,2026-06-03T17:21:37.004654,-2.483712,0.000000
4364.0519,2026-06-03T17:21:37.503265,-2.484528,0.000000
4364.5583,2026-06-03T17:21:38.009695,-2.485888,0.000000
4365.0510,2026-06-03T17:21:38.502414,-2.486464,0.000000
4365.5469,2026-06-03T17:21:38.998329,-2.487240,0.000000
4366.0423,2026-06-03T17:21:39.493730,-2.488288,0.000000
4366.5403,2026-06-03T17:21:39.991720,-2.489136,0.000000
4367.0535,2026-06-03T17:21:40.504876,-2.490768,0.000000
4367.5312,2026-06-03T17:21:40.982663,-2.492800,0.000000
4367.9998,2026-06-03T17:21:41.451173,-2.493984,0.000000
4368.5058,2026-06-03T17:21:41.957251,-2.495344,0.000000
4369.0030,2026-06-03T17:21:42.454384,-2.496512,0.000000
4369.5074,2026-06-03T17:21:42.958866,-2.497160,0.000000
4369.9941,2026-06-03T17:21:43.445525,-2.497984,0.000000
4370.4646,2026-06-03T17:21:43.916005,-2.498304,0.000000
4370.9686,2026-06-03T17:21:44.420030,-2.498416,0.000000
4371.5003,2026-06-03T17:21:44.951743,-2.498584,0.000000
4371.9982,2026-06-03T17:21:45.449621,-2.498688,0.000000
4372.5004,2026-06-03T17:21:45.951779,-2.499024,0.000000
4372.9918,2026-06-03T17:21:46.443247,-2.499416,0.000000
4373.4857,2026-06-03T17:21:46.937086,-2.499528,0.000000
4373.9837,2026-06-03T17:21:47.435103,-2.499776,0.000000
4374.5140,2026-06-03T17:21:47.965448,-2.499768,0.000000
4375.0224,2026-06-03T17:21:48.473836,-2.499760,0.000000
4375.5153,2026-06-03T17:21:48.966717,-2.499768,0.000000
4376.0069,2026-06-03T17:21:49.458361,-2.499800,0.000000
4376.5013,2026-06-03T17:21:49.952735,-2.499808,0.000000
4377.0000,2026-06-03T17:21:50.451453,-2.499816,0.000000
4377.4942,2026-06-03T17:21:50.945588,-2.499872,0.000000
4378.0113,2026-06-03T17:21:51.462699,-2.499904,0.000000
4378.5013,2026-06-03T17:21:51.952669,-2.499912,0.000000
4379.0077,2026-06-03T17:21:52.459126,-2.500152,0.000000
4379.5067,2026-06-03T17:21:52.958105,-2.500352,0.000000
4379.9964,2026-06-03T17:21:53.447821,-2.500480,0.000000
4380.4948,2026-06-03T17:21:53.946241,-2.500608,0.000000
4380.9960,2026-06-03T17:21:54.447456,-2.500616,0.000000
4381.5107,2026-06-03T17:21:54.962144,-2.500416,0.000000
4382.0117,2026-06-03T17:21:55.463102,-2.500464,0.000000
4382.5026,2026-06-03T17:21:55.954037,-2.500648,0.000000
4383.0043,2026-06-03T17:21:56.455767,-2.500848,0.000000
4383.4792,2026-06-03T17:21:56.930643,-2.501264,0.000000
4383.9795,2026-06-03T17:21:57.430930,-2.502160,0.000000
4384.4809,2026-06-03T17:21:57.932274,-2.503416,0.000000
4384.9818,2026-06-03T17:21:58.433175,-2.503928,0.000000
4385.5046,2026-06-03T17:21:58.955974,-2.504776,0.000000
4386.0085,2026-06-03T17:21:59.459880,-2.505512,0.000000
4386.5147,2026-06-03T17:21:59.966125,-2.505704,0.000000
4387.0076,2026-06-03T17:22:00.458994,-2.506848,0.000000
4387.5072,2026-06-03T17:22:00.958657,-2.508264,0.000000
4388.0085,2026-06-03T17:22:01.459929,-2.509072,0.000000
4388.5336,2026-06-03T17:22:01.985020,-2.510392,0.000000
4389.0346,2026-06-03T17:22:02.485975,-2.511688,0.000000
4389.5333,2026-06-03T17:22:02.984757,-2.512160,0.000000
4390.0371,2026-06-03T17:22:03.488541,-2.513944,0.000000
4390.5343,2026-06-03T17:22:03.985724,-2.515320,0.000000
4391.0360,2026-06-03T17:22:04.487431,-2.516576,0.000000
4391.5299,2026-06-03T17:22:04.981332,-2.517664,0.000000
4392.0401,2026-06-03T17:22:05.491549,-2.518064,0.000000
4392.5382,2026-06-03T17:22:05.989599,-2.518200,0.000000
4393.0157,2026-06-03T17:22:06.467091,-2.518448,0.000000
4393.5154,2026-06-03T17:22:06.966773,-2.519296,0.000000
4394.0121,2026-06-03T17:22:07.463538,-2.519992,0.000000
4394.5174,2026-06-03T17:22:07.968769,-2.521256,0.000000
4395.0077,2026-06-03T17:22:08.459111,-2.522672,0.000000
4395.5247,2026-06-03T17:22:08.976092,-2.523216,0.000000
4396.0195,2026-06-03T17:22:09.470959,-2.523024,0.000000
4396.5189,2026-06-03T17:22:09.970335,-2.522848,0.000000
4397.0153,2026-06-03T17:22:10.466720,-2.522976,0.000000
4397.5082,2026-06-03T17:22:10.959660,-2.523888,0.000000
4398.0085,2026-06-03T17:22:11.459920,-2.525472,0.000000
4398.5026,2026-06-03T17:22:11.953998,-2.526488,0.000000
4399.0035,2026-06-03T17:22:12.454902,-2.527136,0.000000
4399.5032,2026-06-03T17:22:12.954635,-2.528216,0.000000
4399.9936,2026-06-03T17:22:13.445020,-2.529088,0.000000
4400.4746,2026-06-03T17:22:13.926028,-2.530360,0.000000
4400.9506,2026-06-03T17:22:14.402009,-2.531280,0.000000
4401.4145,2026-06-03T17:22:14.865934,-2.532048,0.000000
4401.8904,2026-06-03T17:22:15.341781,-2.532016,0.000000
4402.3789,2026-06-03T17:22:15.830287,-2.532520,0.000000
4402.8796,2026-06-03T17:22:16.331063,-2.533200,0.000000
4403.3794,2026-06-03T17:22:16.830773,-2.533512,0.000000
4403.8475,2026-06-03T17:22:17.298931,-2.534392,0.000000
4404.3379,2026-06-03T17:22:17.789326,-2.535168,0.000000
4404.8408,2026-06-03T17:22:18.292179,-2.535624,0.000000
4405.3214,2026-06-03T17:22:18.772847,-2.536664,0.000000
4405.8328,2026-06-03T17:22:19.284200,-2.537416,0.000000
4406.3277,2026-06-03T17:22:19.779094,-2.537856,0.000000
4406.8281,2026-06-03T17:22:20.279497,-2.538768,0.000000
4407.3251,2026-06-03T17:22:20.776531,-2.539144,0.000000
4407.8248,2026-06-03T17:22:21.276208,-2.539320,0.000000
4408.3060,2026-06-03T17:22:21.757469,-2.539368,0.000000
4408.8127,2026-06-03T17:22:22.264122,-2.539384,0.000000
4409.3161,2026-06-03T17:22:22.767520,-2.539376,0.000000
4409.8077,2026-06-03T17:22:23.259071,-2.539432,0.000000
4410.3044,2026-06-03T17:22:23.755791,-2.539504,0.000000
4410.7883,2026-06-03T17:22:24.239706,-2.539472,0.000000
4411.2827,2026-06-03T17:22:24.734109,-2.539528,0.000000
4411.7728,2026-06-03T17:22:25.224227,-2.539584,0.000000
4412.2599,2026-06-03T17:22:25.711329,-2.539656,0.000000
4412.7525,2026-06-03T17:22:26.203871,-2.539752,0.000000
4413.2845,2026-06-03T17:22:26.735891,-2.539792,0.000000
4413.7796,2026-06-03T17:22:27.231048,-2.539792,0.000000
4414.2752,2026-06-03T17:22:27.726644,-2.539808,0.000000
4414.7754,2026-06-03T17:22:28.226768,-2.539904,0.000000
4415.2776,2026-06-03T17:22:28.728986,-2.540080,0.000000
4415.8083,2026-06-03T17:22:29.259696,-2.540216,0.000000
4416.3230,2026-06-03T17:22:29.774369,-2.540320,0.000000
4416.8130,2026-06-03T17:22:30.264444,-2.540368,0.000000
4417.3176,2026-06-03T17:22:30.769069,-2.540336,0.000000
4417.8119,2026-06-03T17:22:31.263320,-2.540312,0.000000
4418.3077,2026-06-03T17:22:31.759148,-2.540400,0.000000
4418.7997,2026-06-03T17:22:32.251113,-2.540464,0.000000
4419.2990,2026-06-03T17:22:32.750375,-2.540592,0.000000
4419.8160,2026-06-03T17:22:33.267399,-2.540720,0.000000
4420.3175,2026-06-03T17:22:33.768888,-2.540880,0.000000
4420.8113,2026-06-03T17:22:34.262732,-2.541224,0.000000
4421.3084,2026-06-03T17:22:34.759811,-2.541440,0.000000
4421.7837,2026-06-03T17:22:35.235077,-2.541872,0.000000
4422.2586,2026-06-03T17:22:35.710005,-2.541936,0.000000
4422.7645,2026-06-03T17:22:36.215939,-2.542064,0.000000
4423.2628,2026-06-03T17:22:36.714281,-2.542328,0.000000
4423.7941,2026-06-03T17:22:37.245517,-2.542616,0.000000
4424.2728,2026-06-03T17:22:37.724254,-2.543424,0.000000
4424.7663,2026-06-03T17:22:38.217738,-2.544528,0.000000
4425.2690,2026-06-03T17:22:38.720423,-2.545184,0.000000
4425.7705,2026-06-03T17:22:39.221901,-2.546056,0.000000
4426.2645,2026-06-03T17:22:39.715947,-2.546440,0.000000
4426.7579,2026-06-03T17:22:40.209313,-2.547072,0.000000
4427.2908,2026-06-03T17:22:40.742187,-2.548056,0.000000
4427.8014,2026-06-03T17:22:41.252791,-2.548704,0.000000
4428.3038,2026-06-03T17:22:41.755189,-2.549960,0.000000
4428.7871,2026-06-03T17:22:42.238478,-2.550240,0.000000
4429.2729,2026-06-03T17:22:42.724282,-2.550784,0.000000
4429.7714,2026-06-03T17:22:43.222796,-2.551968,0.000000
4430.2663,2026-06-03T17:22:43.717701,-2.552440,0.000000
4430.7956,2026-06-03T17:22:44.247044,-2.553648,0.000000
4431.2956,2026-06-03T17:22:44.747013,-2.555064,0.000000
4431.7955,2026-06-03T17:22:45.246900,-2.555936,0.000000
4432.2885,2026-06-03T17:22:45.739880,-2.557064,0.000000
4432.7925,2026-06-03T17:22:46.243900,-2.557816,0.000000
4433.2627,2026-06-03T17:22:46.714089,-2.557472,0.000000
4433.7368,2026-06-03T17:22:47.188181,-2.557416,0.000000
4434.2410,2026-06-03T17:22:47.692395,-2.556960,0.000000
4434.7355,2026-06-03T17:22:48.186869,-2.556784,0.000000
4435.2690,2026-06-03T17:22:48.720433,-2.557512,0.000000
4435.7698,2026-06-03T17:22:49.221201,-2.558000,0.000000
4436.2693,2026-06-03T17:22:49.720704,-2.558824,0.000000
4436.7716,2026-06-03T17:22:50.223014,-2.559472,0.000000
4437.2710,2026-06-03T17:22:50.722371,-2.560152,0.000000
4437.7705,2026-06-03T17:22:51.221922,-2.561160,0.000000
4438.2873,2026-06-03T17:22:51.738706,-2.561648,0.000000
4438.7733,2026-06-03T17:22:52.224734,-2.561928,0.000000
4439.2620,2026-06-03T17:22:52.713421,-2.562432,0.000000
4439.7442,2026-06-03T17:22:53.195654,-2.563208,0.000000
4440.2388,2026-06-03T17:22:53.690252,-2.564776,0.000000
4440.7367,2026-06-03T17:22:54.188072,-2.565832,0.000000
4441.2172,2026-06-03T17:22:54.668606,-2.567072,0.000000
4441.7119,2026-06-03T17:22:55.163327,-2.567072,0.000000
4442.2038,2026-06-03T17:22:55.655216,-2.566712,0.000000
4442.7086,2026-06-03T17:22:56.160001,-2.567104,0.000000
4443.2065,2026-06-03T17:22:56.657917,-2.567320,0.000000
4443.6947,2026-06-03T17:22:57.146121,-2.567856,0.000000
4444.1944,2026-06-03T17:22:57.645771,-2.567576,0.000000
4444.6913,2026-06-03T17:22:58.142736,-2.567768,0.000000
4445.1928,2026-06-03T17:22:58.644253,-2.568128,0.000000
4445.6905,2026-06-03T17:22:59.141912,-2.568520,0.000000
4446.1877,2026-06-03T17:22:59.639124,-2.568976,0.000000
4446.6809,2026-06-03T17:23:00.132339,-2.568296,0.000000
4447.1347,2026-06-03T17:23:00.586083,-2.567376,0.000000
4447.6099,2026-06-03T17:23:01.061328,-2.566856,0.000000
4448.1039,2026-06-03T17:23:01.555355,-2.567760,0.000000
4448.6088,2026-06-03T17:23:02.060210,-2.568024,0.000000
4449.0736,2026-06-03T17:23:02.525054,-2.568912,0.000000
4449.5715,2026-06-03T17:23:03.022941,-2.570496,0.000000
4450.0379,2026-06-03T17:23:03.489369,-2.571152,0.000000
4450.5370,2026-06-03T17:23:03.988373,-2.572384,0.000000
4451.0331,2026-06-03T17:23:04.484522,-2.573168,0.000000
4451.5665,2026-06-03T17:23:05.017862,-2.572984,0.000000
4452.0446,2026-06-03T17:23:05.495985,-2.572832,0.000000
4452.5545,2026-06-03T17:23:06.005965,-2.573184,0.000000
4453.0478,2026-06-03T17:23:06.499198,-2.573664,0.000000
4453.5511,2026-06-03T17:23:07.002476,-2.574520,0.000000
4454.0508,2026-06-03T17:23:07.502258,-2.575184,0.000000
4454.5413,2026-06-03T17:23:07.992746,-2.575416,0.000000
4455.0545,2026-06-03T17:23:08.505910,-2.575432,0.000000
4455.5631,2026-06-03T17:23:09.014486,-2.575264,0.000000
4456.0582,2026-06-03T17:23:09.509623,-2.575128,0.000000
4456.5652,2026-06-03T17:23:10.016634,-2.575096,0.000000
4457.0613,2026-06-03T17:23:10.512685,-2.574672,0.000000
4457.5243,2026-06-03T17:23:10.975683,-2.574360,0.000000
4457.9911,2026-06-03T17:23:11.442497,-2.573984,0.000000
4458.4880,2026-06-03T17:23:11.939417,-2.573792,0.000000
4458.9901,2026-06-03T17:23:12.441521,-2.573792,0.000000
4459.4858,2026-06-03T17:23:12.937211,-2.574096,0.000000
4459.9856,2026-06-03T17:23:13.437013,-2.574608,0.000000
4460.4690,2026-06-03T17:23:13.920425,-2.574928,0.000000
4460.9735,2026-06-03T17:23:14.424937,-2.575136,0.000000
4461.4707,2026-06-03T17:23:14.922153,-2.574880,0.000000
4461.9770,2026-06-03T17:23:15.428459,-2.574384,0.000000
4462.4767,2026-06-03T17:23:15.928133,-2.574376,0.000000
4462.9679,2026-06-03T17:23:16.419288,-2.574400,0.000000
4463.4623,2026-06-03T17:23:16.913732,-2.574376,0.000000
4463.9625,2026-06-03T17:23:17.413900,-2.575160,0.000000
4464.4598,2026-06-03T17:23:17.911264,-2.575800,0.000000
4464.9643,2026-06-03T17:23:18.415757,-2.576344,0.000000
4465.4558,2026-06-03T17:23:18.907166,-2.577272,0.000000
4465.9605,2026-06-03T17:23:19.411933,-2.577632,0.000000
4466.4368,2026-06-03T17:23:19.888200,-2.577480,0.000000
4466.9447,2026-06-03T17:23:20.396151,-2.577064,0.000000
4467.4369,2026-06-03T17:23:20.888342,-2.576528,0.000000
4467.9144,2026-06-03T17:23:21.365814,-2.575792,0.000000
4468.4078,2026-06-03T17:23:21.859225,-2.575560,0.000000
4468.9124,2026-06-03T17:23:22.363856,-2.575816,0.000000
4469.4039,2026-06-03T17:23:22.855313,-2.576040,0.000000
4469.8977,2026-06-03T17:23:23.349092,-2.576576,0.000000
4470.4277,2026-06-03T17:23:23.879060,-2.576528,0.000000
4470.9171,2026-06-03T17:23:24.368526,-2.576640,0.000000
4471.4167,2026-06-03T17:23:24.868159,-2.577080,0.000000
4471.8998,2026-06-03T17:23:25.351234,-2.576776,0.000000
4472.4039,2026-06-03T17:23:25.855303,-2.576568,0.000000
4472.8996,2026-06-03T17:23:26.351000,-2.576352,0.000000
4473.3940,2026-06-03T17:23:26.845377,-2.575864,0.000000
4473.8909,2026-06-03T17:23:27.342333,-2.575080,0.000000
4474.3870,2026-06-03T17:23:27.838401,-2.574744,0.000000
4474.8929,2026-06-03T17:23:28.344347,-2.574296,0.000000
4475.3764,2026-06-03T17:23:28.827777,-2.573584,0.000000
4475.8672,2026-06-03T17:23:29.318616,-2.574112,0.000000
4476.3660,2026-06-03T17:23:29.817387,-2.574848,0.000000
4476.8579,2026-06-03T17:23:30.309281,-2.575720,0.000000
4477.3232,2026-06-03T17:23:30.774611,-2.576664,0.000000
4477.8239,2026-06-03T17:23:31.275310,-2.576864,0.000000
4478.3270,2026-06-03T17:23:31.778448,-2.576808,0.000000
4478.8474,2026-06-03T17:23:32.298788,-2.576552,0.000000
4479.3286,2026-06-03T17:23:32.780051,-2.575984,0.000000
4479.8244,2026-06-03T17:23:33.275824,-2.575968,0.000000
4480.3188,2026-06-03T17:23:33.770227,-2.575776,0.000000
4480.7994,2026-06-03T17:23:34.250813,-2.575136,0.000000
4481.3043,2026-06-03T17:23:34.755767,-2.574864,0.000000
4481.8068,2026-06-03T17:23:35.258252,-2.574544,0.000000
4482.3313,2026-06-03T17:23:35.782675,-2.574864,0.000000
4482.8407,2026-06-03T17:23:36.292097,-2.575464,0.000000
4483.3414,2026-06-03T17:23:36.792857,-2.575704,0.000000
4483.8395,2026-06-03T17:23:37.290936,-2.575672,0.000000
4484.3449,2026-06-03T17:23:37.796283,-2.575408,0.000000
4484.8473,2026-06-03T17:23:38.298718,-2.575136,0.000000
4485.3478,2026-06-03T17:23:38.799234,-2.575480,0.000000
4485.8575,2026-06-03T17:23:39.308864,-2.575808,0.000000
4486.3496,2026-06-03T17:23:39.801056,-2.576040,0.000000
4486.8588,2026-06-03T17:23:40.310219,-2.576272,0.000000
4487.3517,2026-06-03T17:23:40.803076,-2.576432,0.000000
4487.8427,2026-06-03T17:23:41.294147,-2.576624,0.000000
4488.3243,2026-06-03T17:23:41.775669,-2.576944,0.000000
4488.8583,2026-06-03T17:23:42.309685,-2.576744,0.000000
4489.3282,2026-06-03T17:23:42.779655,-2.576488,0.000000
4489.8029,2026-06-03T17:23:43.254320,-2.576648,0.000000
4490.3038,2026-06-03T17:23:43.755205,-2.576560,0.000000
4490.7982,2026-06-03T17:23:44.249618,-2.576568,0.000000
4491.2931,2026-06-03T17:23:44.744545,-2.576672,0.000000
4491.7926,2026-06-03T17:23:45.244049,-2.575968,0.000000
4492.2878,2026-06-03T17:23:45.739220,-2.575272,0.000000
4492.8119,2026-06-03T17:23:46.263299,-2.575152,0.000000
4493.3104,2026-06-03T17:23:46.761839,-2.575248,0.000000
4493.7997,2026-06-03T17:23:47.251095,-2.575856,0.000000
4494.2972,2026-06-03T17:23:47.748617,-2.576472,0.000000
4494.7952,2026-06-03T17:23:48.246576,-2.576896,0.000000
4495.3038,2026-06-03T17:23:48.755200,-2.576552,0.000000
4495.7848,2026-06-03T17:23:49.236236,-2.576432,0.000000
4496.3092,2026-06-03T17:23:49.760638,-2.576224,0.000000
4496.8084,2026-06-03T17:23:50.259855,-2.575768,0.000000
4497.2954,2026-06-03T17:23:50.746859,-2.576112,0.000000
4497.7973,2026-06-03T17:23:51.248746,-2.576560,0.000000
4498.3005,2026-06-03T17:23:51.751947,-2.576936,0.000000
4498.7897,2026-06-03T17:23:52.241065,-2.577080,0.000000
4499.2890,2026-06-03T17:23:52.740401,-2.576176,0.000000
4499.8049,2026-06-03T17:23:53.256352,-2.574872,0.000000
4500.3201,2026-06-03T17:23:53.771480,-2.574256,0.000000
4500.8147,2026-06-03T17:23:54.266145,-2.574056,0.000000
4501.3204,2026-06-03T17:23:54.771807,-2.574936,0.000000
4501.8113,2026-06-03T17:23:55.262685,-2.576184,0.000000
4502.3099,2026-06-03T17:23:55.761349,-2.576648,0.000000
4502.8166,2026-06-03T17:23:56.268060,-2.577248,0.000000
4503.3391,2026-06-03T17:23:56.790482,-2.576872,0.000000
4503.8341,2026-06-03T17:23:57.285493,-2.576032,0.000000
4504.3099,2026-06-03T17:23:57.761297,-2.575448,0.000000
4504.8079,2026-06-03T17:23:58.259336,-2.575112,0.000000
4505.3031,2026-06-03T17:23:58.754552,-2.575664,0.000000
4505.7842,2026-06-03T17:23:59.235663,-2.576376,0.000000
4506.2850,2026-06-03T17:23:59.736378,-2.576704,0.000000
4506.7805,2026-06-03T17:24:00.231954,-2.576832,0.000000
4507.3036,2026-06-03T17:24:00.755013,-2.576384,0.000000
4507.8212,2026-06-03T17:24:01.272606,-2.576064,0.000000
4508.2972,2026-06-03T17:24:01.748618,-2.576192,0.000000
4508.7973,2026-06-03T17:24:02.248722,-2.576104,0.000000
4509.2894,2026-06-03T17:24:02.740846,-2.576632,0.000000
4509.7851,2026-06-03T17:24:03.236487,-2.577328,0.000000
4510.2855,2026-06-03T17:24:03.736877,-2.577576,0.000000
4510.7949,2026-06-03T17:24:04.246336,-2.577968,0.000000
4511.2987,2026-06-03T17:24:04.750070,-2.577880,0.000000
4511.7776,2026-06-03T17:24:05.228989,-2.577720,0.000000
4512.2395,2026-06-03T17:24:05.690872,-2.577488,0.000000
4512.7024,2026-06-03T17:24:06.153846,-2.577408,0.000000
4513.1862,2026-06-03T17:24:06.637649,-2.577456,0.000000
4513.6876,2026-06-03T17:24:07.139043,-2.577448,0.000000
4514.1865,2026-06-03T17:24:07.637926,-2.577720,0.000000
4514.6772,2026-06-03T17:24:08.128664,-2.578120,0.000000
4515.1727,2026-06-03T17:24:08.624160,-2.578136,0.000000
4515.6614,2026-06-03T17:24:09.112775,-2.578200,0.000000
4516.1575,2026-06-03T17:24:09.608886,-2.578008,0.000000
4516.6576,2026-06-03T17:24:10.108972,-2.577640,0.000000
4517.1508,2026-06-03T17:24:10.602198,-2.577352,0.000000
4517.6576,2026-06-03T17:24:11.109045,-2.576664,0.000000
4518.1631,2026-06-03T17:24:11.614526,-2.576296,0.000000
4518.6469,2026-06-03T17:24:12.098273,-2.575864,0.000000
4519.1532,2026-06-03T17:24:12.604618,-2.575872,0.000000
4519.6433,2026-06-03T17:24:13.094681,-2.576312,0.000000
4520.1452,2026-06-03T17:24:13.596656,-2.576192,0.000000
4520.6428,2026-06-03T17:24:14.094180,-2.576360,0.000000
4521.1479,2026-06-03T17:24:14.599291,-2.575864,0.000000
4521.6459,2026-06-03T17:24:15.097301,-2.575680,0.000000
4522.1453,2026-06-03T17:24:15.596674,-2.576168,0.000000
4522.6365,2026-06-03T17:24:16.087901,-2.576392,0.000000
4523.1352,2026-06-03T17:24:16.586620,-2.576712,0.000000
4523.6391,2026-06-03T17:24:17.090478,-2.576376,0.000000
4524.1366,2026-06-03T17:24:17.587983,-2.575544,0.000000
4524.6371,2026-06-03T17:24:18.088506,-2.575144,0.000000
4525.1333,2026-06-03T17:24:18.584720,-2.574472,0.000000
4525.6347,2026-06-03T17:24:19.086120,-2.574320,0.000000
4526.1344,2026-06-03T17:24:19.585778,-2.574848,0.000000
4526.6243,2026-06-03T17:24:20.075755,-2.574928,0.000000
4527.1232,2026-06-03T17:24:20.574593,-2.575120,0.000000
4527.6238,2026-06-03T17:24:21.075252,-2.575472,0.000000
4528.1199,2026-06-03T17:24:21.571321,-2.574864,0.000000
4528.6201,2026-06-03T17:24:22.071512,-2.573992,0.000000
4529.0946,2026-06-03T17:24:22.546052,-2.573608,0.000000
4529.5735,2026-06-03T17:24:23.024899,-2.572088,0.000000
4530.0389,2026-06-03T17:24:23.490357,-2.571088,0.000000
4530.5364,2026-06-03T17:24:23.987853,-2.570512,0.000000
4531.0315,2026-06-03T17:24:24.482922,-2.569440,0.000000
4531.5185,2026-06-03T17:24:24.969894,-2.568968,0.000000
4532.0390,2026-06-03T17:24:25.490455,-2.568384,0.000000
4532.5392,2026-06-03T17:24:25.990598,-2.567088,0.000000
4532.9957,2026-06-03T17:24:26.447083,-2.566504,0.000000
4533.4813,2026-06-03T17:24:26.932675,-2.565520,0.000000
4533.9661,2026-06-03T17:24:27.417509,-2.564464,0.000000
4534.4731,2026-06-03T17:24:27.924475,-2.564376,0.000000
4534.9681,2026-06-03T17:24:28.419552,-2.563512,0.000000
4535.4670,2026-06-03T17:24:28.918382,-2.563016,0.000000
4535.9489,2026-06-03T17:24:29.400320,-2.562120,0.000000
4536.4532,2026-06-03T17:24:29.904611,-2.561624,0.000000
4536.9624,2026-06-03T17:24:30.413848,-2.561480,0.000000
4537.4273,2026-06-03T17:24:30.878720,-2.560968,0.000000
4537.9499,2026-06-03T17:24:31.401365,-2.560192,0.000000
4538.4447,2026-06-03T17:24:31.896117,-2.558952,0.000000
4538.9408,2026-06-03T17:24:32.392195,-2.558024,0.000000
4539.4432,2026-06-03T17:24:32.894570,-2.557264,0.000000
4539.9306,2026-06-03T17:24:33.381980,-2.556544,0.000000
4540.4332,2026-06-03T17:24:33.884666,-2.555688,0.000000
4540.8963,2026-06-03T17:24:34.347720,-2.555008,0.000000
4541.3863,2026-06-03T17:24:34.837714,-2.553784,0.000000
4541.8807,2026-06-03T17:24:35.332110,-2.553240,0.000000
4542.3813,2026-06-03T17:24:35.832688,-2.552576,0.000000
4542.8824,2026-06-03T17:24:36.333780,-2.551584,0.000000
4543.3812,2026-06-03T17:24:36.832649,-2.551224,0.000000
4543.8816,2026-06-03T17:24:37.333023,-2.550536,0.000000
4544.3811,2026-06-03T17:24:37.832520,-2.549528,0.000000
4544.8819,2026-06-03T17:24:38.333368,-2.548008,0.000000
4545.3443,2026-06-03T17:24:38.795748,-2.547232,0.000000
4545.8405,2026-06-03T17:24:39.291903,-2.546304,0.000000
4546.3323,2026-06-03T17:24:39.783766,-2.545688,0.000000
4546.8320,2026-06-03T17:24:40.283395,-2.545376,0.000000
4547.3046,2026-06-03T17:24:40.755973,-2.544320,0.000000
4547.8012,2026-06-03T17:24:41.252626,-2.543384,0.000000
4548.2930,2026-06-03T17:24:41.744437,-2.542328,0.000000
4548.8239,2026-06-03T17:24:42.275292,-2.541768,0.000000
4549.3075,2026-06-03T17:24:42.758885,-2.541480,0.000000
4549.8097,2026-06-03T17:24:43.261112,-2.541144,0.000000
4550.2986,2026-06-03T17:24:43.750033,-2.540888,0.000000
4550.8035,2026-06-03T17:24:44.254881,-2.540440,0.000000
4551.2982,2026-06-03T17:24:44.749644,-2.540344,0.000000
4551.7552,2026-06-03T17:24:45.206656,-2.540424,0.000000
4552.2178,2026-06-03T17:24:45.669177,-2.540480,0.000000
4552.7173,2026-06-03T17:24:46.168683,-2.540456,0.000000
4553.2154,2026-06-03T17:24:46.666775,-2.540248,0.000000
4553.7497,2026-06-03T17:24:47.201070,-2.539960,0.000000
4554.2569,2026-06-03T17:24:47.708328,-2.539816,0.000000
4554.7491,2026-06-03T17:24:48.200489,-2.539736,0.000000
4555.2432,2026-06-03T17:24:48.694637,-2.539696,0.000000
4555.7447,2026-06-03T17:24:49.196141,-2.539624,0.000000
4556.2443,2026-06-03T17:24:49.695746,-2.539440,0.000000
4556.7600,2026-06-03T17:24:50.211416,-2.539264,0.000000
4557.2697,2026-06-03T17:24:50.721134,-2.539120,0.000000
4557.7618,2026-06-03T17:24:51.213205,-2.539032,0.000000
4558.2651,2026-06-03T17:24:51.716491,-2.539160,0.000000
4558.7637,2026-06-03T17:24:52.215147,-2.539192,0.000000
4559.2641,2026-06-03T17:24:52.715570,-2.538920,0.000000
4559.7642,2026-06-03T17:24:53.215642,-2.538704,0.000000
4560.2740,2026-06-03T17:24:53.725406,-2.538592,0.000000
4560.7660,2026-06-03T17:24:54.217442,-2.538480,0.000000
4561.2654,2026-06-03T17:24:54.716797,-2.538528,0.000000
4561.7663,2026-06-03T17:24:55.217753,-2.538464,0.000000
4562.2656,2026-06-03T17:24:55.717056,-2.538328,0.000000
4562.7667,2026-06-03T17:24:56.218104,-2.538240,0.000000
4563.2931,2026-06-03T17:24:56.744488,-2.537872,0.000000
4563.7670,2026-06-03T17:24:57.218404,-2.537144,0.000000
4564.2699,2026-06-03T17:24:57.721284,-2.536384,0.000000
4564.7642,2026-06-03T17:24:58.215642,-2.535280,0.000000
4565.2657,2026-06-03T17:24:58.717116,-2.535016,0.000000
4565.7570,2026-06-03T17:24:59.208441,-2.534480,0.000000
4566.2611,2026-06-03T17:24:59.712569,-2.533280,0.000000
4566.7655,2026-06-03T17:25:00.216927,-2.532768,0.000000
4567.2333,2026-06-03T17:25:00.684676,-2.531544,0.000000
4567.7344,2026-06-03T17:25:01.185774,-2.531048,0.000000
4568.2346,2026-06-03T17:25:01.685991,-2.531176,0.000000
4568.7412,2026-06-03T17:25:02.192622,-2.529664,0.000000
4569.2283,2026-06-03T17:25:02.679693,-2.528944,0.000000
4569.7069,2026-06-03T17:25:03.158293,-2.527272,0.000000
4570.2136,2026-06-03T17:25:03.665039,-2.526088,0.000000
4570.6886,2026-06-03T17:25:04.139972,-2.525296,0.000000
4571.1820,2026-06-03T17:25:04.633430,-2.524112,0.000000
4571.6819,2026-06-03T17:25:05.133327,-2.523264,0.000000
4572.2074,2026-06-03T17:25:05.658864,-2.521824,0.000000
4572.7049,2026-06-03T17:25:06.156310,-2.520816,0.000000
4573.2010,2026-06-03T17:25:06.652458,-2.519536,0.000000
4573.6900,2026-06-03T17:25:07.141377,-2.517784,0.000000
4574.1576,2026-06-03T17:25:07.609018,-2.516464,0.000000
4574.6304,2026-06-03T17:25:08.081855,-2.515768,0.000000
4575.1183,2026-06-03T17:25:08.569702,-2.515456,0.000000
4575.5985,2026-06-03T17:25:09.049933,-2.515416,0.000000
4576.0566,2026-06-03T17:25:09.508008,-2.513856,0.000000
4576.5268,2026-06-03T17:25:09.978244,-2.512048,0.000000
4577.0142,2026-06-03T17:25:10.465576,-2.510512,0.000000
4577.5236,2026-06-03T17:25:10.975024,-2.508600,0.000000
4577.9825,2026-06-03T17:25:11.433891,-2.507896,0.000000
4578.4894,2026-06-03T17:25:11.940836,-2.507560,0.000000
4578.9903,2026-06-03T17:25:12.441699,-2.506272,0.000000
4579.4616,2026-06-03T17:25:12.913034,-2.505296,0.000000
4579.9655,2026-06-03T17:25:13.416935,-2.504304,0.000000
4580.4403,2026-06-03T17:25:13.891731,-2.503056,0.000000
4580.9402,2026-06-03T17:25:14.391646,-2.502912,0.000000
4581.4424,2026-06-03T17:25:14.893812,-2.502440,0.000000
4581.9486,2026-06-03T17:25:15.399980,-2.502192,0.000000
4582.4461,2026-06-03T17:25:15.897545,-2.501952,0.000000
4582.9766,2026-06-03T17:25:16.428011,-2.501136,0.000000
4583.4489,2026-06-03T17:25:16.900287,-2.500736,0.000000
4583.9501,2026-06-03T17:25:17.401516,-2.500472,0.000000
4584.4219,2026-06-03T17:25:17.873342,-2.500232,0.000000
4584.9178,2026-06-03T17:25:18.369261,-2.500152,0.000000
4585.3814,2026-06-03T17:25:18.832810,-2.500008,0.000000
4585.8761,2026-06-03T17:25:19.327558,-2.499904,0.000000
4586.3737,2026-06-03T17:25:19.825104,-2.499880,0.000000
4586.8735,2026-06-03T17:25:20.324965,-2.499728,0.000000
4587.3414,2026-06-03T17:25:20.792863,-2.499632,0.000000
4587.8378,2026-06-03T17:25:21.289184,-2.499528,0.000000
4588.3344,2026-06-03T17:25:21.785775,-2.499280,0.000000
4588.8024,2026-06-03T17:25:22.253827,-2.499152,0.000000
4589.3024,2026-06-03T17:25:22.753779,-2.498960,0.000000
4589.7967,2026-06-03T17:25:23.248110,-2.498848,0.000000
4590.2966,2026-06-03T17:25:23.747974,-2.498480,0.000000
4590.8042,2026-06-03T17:25:24.255647,-2.497704,0.000000
4591.2937,2026-06-03T17:25:24.745100,-2.497072,0.000000
4591.7945,2026-06-03T17:25:25.245920,-2.496152,0.000000
4592.2962,2026-06-03T17:25:25.747710,-2.495240,0.000000
4592.7939,2026-06-03T17:25:26.245332,-2.493824,0.000000
4593.2853,2026-06-03T17:25:26.736727,-2.492472,0.000000
4593.7861,2026-06-03T17:25:27.237491,-2.491648,0.000000
4594.2772,2026-06-03T17:25:27.728586,-2.491392,0.000000
4594.8067,2026-06-03T17:25:28.258108,-2.490480,0.000000
4595.3070,2026-06-03T17:25:28.758408,-2.489720,0.000000
4595.8048,2026-06-03T17:25:29.256262,-2.487768,0.000000
4596.3053,2026-06-03T17:25:29.756691,-2.485448,0.000000
4596.8039,2026-06-03T17:25:30.255312,-2.484864,0.000000
4597.3130,2026-06-03T17:25:30.764446,-2.483880,0.000000
4597.8135,2026-06-03T17:25:31.264939,-2.482952,0.000000
4598.3138,2026-06-03T17:25:31.765182,-2.482280,0.000000
4598.8075,2026-06-03T17:25:32.258867,-2.481552,0.000000
4599.3093,2026-06-03T17:25:32.760743,-2.480968,0.000000
4599.7903,2026-06-03T17:25:33.241732,-2.480840,0.000000
4600.2923,2026-06-03T17:25:33.743660,-2.480488,0.000000
4600.7907,2026-06-03T17:25:34.242087,-2.479600,0.000000
4601.2588,2026-06-03T17:25:34.710180,-2.478856,0.000000
4601.7491,2026-06-03T17:25:35.200467,-2.478072,0.000000
4602.2679,2026-06-03T17:25:35.719328,-2.477280,0.000000
4602.7691,2026-06-03T17:25:36.220556,-2.475384,0.000000
4603.2458,2026-06-03T17:25:36.697209,-2.473624,0.000000
4603.7542,2026-06-03T17:25:37.205616,-2.471736,0.000000
4604.2514,2026-06-03T17:25:37.702841,-2.469408,0.000000
4604.7439,2026-06-03T17:25:38.195344,-2.468072,0.000000
4605.2462,2026-06-03T17:25:38.697622,-2.466472,0.000000
4605.7692,2026-06-03T17:25:39.220602,-2.464976,0.000000
4606.2639,2026-06-03T17:25:39.715301,-2.463712,0.000000
4606.7686,2026-06-03T17:25:40.220016,-2.462568,0.000000
4607.2734,2026-06-03T17:25:40.724781,-2.461864,0.000000
4607.7702,2026-06-03T17:25:41.221629,-2.461264,0.000000
4608.2693,2026-06-03T17:25:41.720681,-2.460896,0.000000
4608.7630,2026-06-03T17:25:42.214384,-2.460592,0.000000
4609.2389,2026-06-03T17:25:42.690318,-2.460328,0.000000
4609.7008,2026-06-03T17:25:43.152218,-2.460160,0.000000
4610.2298,2026-06-03T17:25:43.681200,-2.460064,0.000000
4610.7016,2026-06-03T17:25:44.152995,-2.459912,0.000000
4611.1998,2026-06-03T17:25:44.651171,-2.459816,0.000000
4611.7037,2026-06-03T17:25:45.155104,-2.459656,0.000000
4612.2006,2026-06-03T17:25:45.651992,-2.459520,0.000000
4612.6649,2026-06-03T17:25:46.116269,-2.459288,0.000000
4613.1613,2026-06-03T17:25:46.612697,-2.459144,0.000000
4613.6636,2026-06-03T17:25:47.115009,-2.459048,0.000000
4614.1617,2026-06-03T17:25:47.613107,-2.458912,0.000000
4614.6914,2026-06-03T17:25:48.142766,-2.458712,0.000000
4615.2007,2026-06-03T17:25:48.652123,-2.457520,0.000000
4615.6940,2026-06-03T17:25:49.145441,-2.455808,0.000000
4616.1925,2026-06-03T17:25:49.643960,-2.453184,0.000000
4616.6854,2026-06-03T17:25:50.136847,-2.450472,0.000000
4617.1853,2026-06-03T17:25:50.636762,-2.448792,0.000000
4617.7096,2026-06-03T17:25:51.161050,-2.447064,0.000000
4618.2202,2026-06-03T17:25:51.671582,-2.446376,0.000000
4618.7134,2026-06-03T17:25:52.164788,-2.445400,0.000000
4619.2094,2026-06-03T17:25:52.660792,-2.444096,0.000000
4619.7024,2026-06-03T17:25:53.153805,-2.443488,0.000000
4620.2048,2026-06-03T17:25:53.656210,-2.442440,0.000000
4620.7009,2026-06-03T17:25:54.152323,-2.441128,0.000000
4621.2184,2026-06-03T17:25:54.669812,-2.440032,0.000000
4621.7148,2026-06-03T17:25:55.166254,-2.438376,0.000000
4622.1926,2026-06-03T17:25:55.643976,-2.436288,0.000000
4622.6856,2026-06-03T17:25:56.137014,-2.434840,0.000000
4623.1800,2026-06-03T17:25:56.631440,-2.433016,0.000000
4623.6634,2026-06-03T17:25:57.114781,-2.431584,0.000000
4624.1725,2026-06-03T17:25:57.623926,-2.430320,0.000000
4624.6567,2026-06-03T17:25:58.108151,-2.429160,0.000000
4625.1565,2026-06-03T17:25:58.607925,-2.427456,0.000000
4625.6378,2026-06-03T17:25:59.089170,-2.425904,0.000000
4626.1431,2026-06-03T17:25:59.594474,-2.424392,0.000000
4626.6444,2026-06-03T17:26:00.095759,-2.422864,0.000000
4627.1485,2026-06-03T17:26:00.599960,-2.422160,0.000000
4627.6466,2026-06-03T17:26:01.097983,-2.421368,0.000000
4628.1468,2026-06-03T17:26:01.598267,-2.421192,0.000000
4628.6509,2026-06-03T17:26:02.102323,-2.420872,0.000000
4629.1418,2026-06-03T17:26:02.593201,-2.420904,0.000000
4629.6469,2026-06-03T17:26:03.098270,-2.420696,0.000000
4630.1407,2026-06-03T17:26:03.592086,-2.420552,0.000000
4630.6436,2026-06-03T17:26:04.095012,-2.420408,0.000000
4631.1394,2026-06-03T17:26:04.590829,-2.420216,0.000000
4631.6468,2026-06-03T17:26:05.098250,-2.420168,0.000000
4632.1424,2026-06-03T17:26:05.593823,-2.419976,0.000000
4632.6405,2026-06-03T17:26:06.091956,-2.419888,0.000000
4633.1172,2026-06-03T17:26:06.568621,-2.419784,0.000000
4633.6010,2026-06-03T17:26:07.052454,-2.419744,0.000000
4634.0951,2026-06-03T17:26:07.546520,-2.419680,0.000000
4634.6026,2026-06-03T17:26:08.053992,-2.419616,0.000000
4635.1104,2026-06-03T17:26:08.561856,-2.418992,0.000000
4635.5946,2026-06-03T17:26:09.045969,-2.418296,0.000000
4636.0602,2026-06-03T17:26:09.511641,-2.417304,0.000000
4636.5391,2026-06-03T17:26:09.990522,-2.416560,0.000000
4637.0545,2026-06-03T17:26:10.505941,-2.416464,0.000000
4637.5545,2026-06-03T17:26:11.005954,-2.416472,0.000000
4638.0299,2026-06-03T17:26:11.481352,-2.417192,0.000000
4638.5205,2026-06-03T17:26:11.971916,-2.417488,0.000000
4639.0223,2026-06-03T17:26:12.473732,-2.417464,0.000000
4639.4991,2026-06-03T17:26:12.950487,-2.417216,0.000000
4639.9979,2026-06-03T17:26:13.449359,-2.416648,0.000000
4640.4638,2026-06-03T17:26:13.915190,-2.416168,0.000000
4640.9547,2026-06-03T17:26:14.406094,-2.415256,0.000000
4641.4482,2026-06-03T17:26:14.899647,-2.413824,0.000000
4641.9448,2026-06-03T17:26:15.396204,-2.411416,0.000000
4642.4663,2026-06-03T17:26:15.917711,-2.408064,0.000000
4642.9568,2026-06-03T17:26:16.408190,-2.405080,0.000000
4643.4595,2026-06-03T17:26:16.910935,-2.402672,0.000000
4643.9472,2026-06-03T17:26:17.398640,-2.400840,0.000000
4644.4295,2026-06-03T17:26:17.880934,-2.399672,0.000000
4644.9239,2026-06-03T17:26:18.375332,-2.398848,0.000000
4645.4216,2026-06-03T17:26:18.873061,-2.397888,0.000000
4645.9048,2026-06-03T17:26:19.356232,-2.397168,0.000000
4646.4063,2026-06-03T17:26:19.857732,-2.396832,0.000000
4646.8786,2026-06-03T17:26:20.330054,-2.396408,0.000000
4647.3728,2026-06-03T17:26:20.824229,-2.394800,0.000000
4647.8682,2026-06-03T17:26:21.319641,-2.392568,0.000000
4648.3382,2026-06-03T17:26:21.789599,-2.389848,0.000000
4648.8107,2026-06-03T17:26:22.262079,-2.386688,0.000000
4649.2990,2026-06-03T17:26:22.750444,-2.384808,0.000000
4649.7966,2026-06-03T17:26:23.248066,-2.383456,0.000000
4650.3145,2026-06-03T17:26:23.765955,-2.382160,0.000000
4650.8147,2026-06-03T17:26:24.266128,-2.381432,0.000000
4651.3064,2026-06-03T17:26:24.757861,-2.380528,0.000000
4651.7996,2026-06-03T17:26:25.250988,-2.380200,0.000000
4652.2973,2026-06-03T17:26:25.748699,-2.379984,0.000000
4652.7833,2026-06-03T17:26:26.234765,-2.379896,0.000000
4653.2856,2026-06-03T17:26:26.737043,-2.379808,0.000000
4653.7786,2026-06-03T17:26:27.230029,-2.379672,0.000000
4654.3021,2026-06-03T17:26:27.753534,-2.379592,0.000000
4654.8104,2026-06-03T17:26:28.261824,-2.379328,0.000000
4655.3107,2026-06-03T17:26:28.762157,-2.379032,0.000000
4655.8022,2026-06-03T17:26:29.253615,-2.378648,0.000000
4656.3022,2026-06-03T17:26:29.753585,-2.377648,0.000000
4656.7980,2026-06-03T17:26:30.249397,-2.376224,0.000000
4657.3049,2026-06-03T17:26:30.756325,-2.374376,0.000000
4657.8051,2026-06-03T17:26:31.256565,-2.372368,0.000000
4658.3105,2026-06-03T17:26:31.761961,-2.370672,0.000000
4658.8104,2026-06-03T17:26:32.261838,-2.368816,0.000000
4659.3066,2026-06-03T17:26:32.757969,-2.366928,0.000000
4659.8031,2026-06-03T17:26:33.254482,-2.365352,0.000000
4660.3064,2026-06-03T17:26:33.757816,-2.363168,0.000000
4660.8211,2026-06-03T17:26:34.272497,-2.361752,0.000000
4661.3230,2026-06-03T17:26:34.774439,-2.360448,0.000000
4661.8047,2026-06-03T17:26:35.256143,-2.358664,0.000000
4662.2971,2026-06-03T17:26:35.748502,-2.356448,0.000000
4662.7938,2026-06-03T17:26:36.245256,-2.353192,0.000000
4663.2942,2026-06-03T17:26:36.745590,-2.350880,0.000000
4663.7565,2026-06-03T17:26:37.207901,-2.348632,0.000000
4664.2486,2026-06-03T17:26:37.699982,-2.346936,0.000000
4664.7478,2026-06-03T17:26:38.199232,-2.345936,0.000000
4665.2834,2026-06-03T17:26:38.734799,-2.344320,0.000000
4665.7858,2026-06-03T17:26:39.237191,-2.342624,0.000000
4666.2556,2026-06-03T17:26:39.707031,-2.341472,0.000000
4666.7243,2026-06-03T17:26:40.175686,-2.340744,0.000000
4667.2157,2026-06-03T17:26:40.667117,-2.340392,0.000000
4667.7046,2026-06-03T17:26:41.156044,-2.340088,0.000000
4668.2100,2026-06-03T17:26:41.661443,-2.339928,0.000000
4668.7079,2026-06-03T17:26:42.159322,-2.339864,0.000000
4669.1685,2026-06-03T17:26:42.619953,-2.339760,0.000000
4669.6754,2026-06-03T17:26:43.126776,-2.339664,0.000000
4670.1690,2026-06-03T17:26:43.620388,-2.339488,0.000000
4670.6680,2026-06-03T17:26:44.119480,-2.339192,0.000000
4671.1833,2026-06-03T17:26:44.634689,-2.338240,0.000000
4671.6815,2026-06-03T17:26:45.132877,-2.337096,0.000000
4672.1818,2026-06-03T17:26:45.633195,-2.335936,0.000000
4672.6853,2026-06-03T17:26:46.136700,-2.334448,0.000000
4673.1778,2026-06-03T17:26:46.629186,-2.332312,0.000000
4673.6711,2026-06-03T17:26:47.122478,-2.330072,0.000000
4674.1669,2026-06-03T17:26:47.618302,-2.326856,0.000000
4674.6672,2026-06-03T17:26:48.118585,-2.324112,0.000000
4675.1646,2026-06-03T17:26:48.616013,-2.321600,0.000000
4675.6676,2026-06-03T17:26:49.118986,-2.317888,0.000000
4676.1709,2026-06-03T17:26:49.622325,-2.314824,0.000000
4676.6433,2026-06-03T17:26:50.094712,-2.311080,0.000000
4677.1484,2026-06-03T17:26:50.599800,-2.307984,0.000000
4677.6392,2026-06-03T17:26:51.090658,-2.305680,0.000000
4678.1415,2026-06-03T17:26:51.592958,-2.303728,0.000000
4678.6385,2026-06-03T17:26:52.089951,-2.302400,0.000000
4679.1426,2026-06-03T17:26:52.593985,-2.301368,0.000000
4679.6246,2026-06-03T17:26:53.076006,-2.300872,0.000000
4680.1052,2026-06-03T17:26:53.556576,-2.300400,0.000000
4680.5977,2026-06-03T17:26:54.049139,-2.300088,0.000000
4681.0919,2026-06-03T17:26:54.543303,-2.299888,0.000000
4681.5897,2026-06-03T17:26:55.041083,-2.299808,0.000000
4682.0582,2026-06-03T17:26:55.509617,-2.299768,0.000000
4682.5261,2026-06-03T17:26:55.977523,-2.299608,0.000000
4683.0375,2026-06-03T17:26:56.488923,-2.299368,0.000000
4683.5274,2026-06-03T17:26:56.978775,-2.298992,0.000000
4684.0296,2026-06-03T17:26:57.481012,-2.298672,0.000000
4684.5259,2026-06-03T17:26:57.977298,-2.298136,0.000000
4685.0272,2026-06-03T17:26:58.478612,-2.297328,0.000000
4685.5239,2026-06-03T17:26:58.975325,-2.296072,0.000000
4686.0553,2026-06-03T17:26:59.506739,-2.294160,0.000000
4686.5341,2026-06-03T17:26:59.985507,-2.291640,0.000000
4687.0387,2026-06-03T17:27:00.490088,-2.288328,0.000000
4687.5355,2026-06-03T17:27:00.986886,-2.285408,0.000000
4688.0302,2026-06-03T17:27:01.481641,-2.282984,0.000000
4688.5272,2026-06-03T17:27:01.978619,-2.281256,0.000000
4689.0270,2026-06-03T17:27:02.478398,-2.280464,0.000000
4689.5295,2026-06-03T17:27:02.980924,-2.279952,0.000000
4690.0556,2026-06-03T17:27:03.507041,-2.279376,0.000000
4690.5400,2026-06-03T17:27:03.991468,-2.278608,0.000000
4691.0389,2026-06-03T17:27:04.490303,-2.276888,0.000000
4691.5423,2026-06-03T17:27:04.993766,-2.274256,0.000000
4692.0164,2026-06-03T17:27:05.467864,-2.270832,0.000000
4692.5217,2026-06-03T17:27:05.973075,-2.268328,0.000000
4693.0182,2026-06-03T17:27:06.469651,-2.267296,0.000000
4693.5194,2026-06-03T17:27:06.970810,-2.266536,0.000000
4694.0185,2026-06-03T17:27:07.469956,-2.266352,0.000000
4694.5187,2026-06-03T17:27:07.970106,-2.265080,0.000000
4694.9643,2026-06-03T17:27:08.415745,-2.263336,0.000000
4695.4717,2026-06-03T17:27:08.923104,-2.261872,0.000000
4695.9491,2026-06-03T17:27:09.400511,-2.260872,0.000000
4696.4440,2026-06-03T17:27:09.895452,-2.260248,0.000000
4696.9255,2026-06-03T17:27:10.376896,-2.259848,0.000000
4697.4298,2026-06-03T17:27:10.881240,-2.259632,0.000000
4697.9357,2026-06-03T17:27:11.387136,-2.259488,0.000000
4698.4364,2026-06-03T17:27:11.887838,-2.259368,0.000000
4698.9309,2026-06-03T17:27:12.382353,-2.258816,0.000000
4699.4306,2026-06-03T17:27:12.882037,-2.257808,0.000000
4699.9291,2026-06-03T17:27:13.380540,-2.256472,0.000000
4700.4315,2026-06-03T17:27:13.882907,-2.255280,0.000000
4700.9295,2026-06-03T17:27:14.380920,-2.253216,0.000000
4701.4296,2026-06-03T17:27:14.881018,-2.252736,0.000000
4701.9014,2026-06-03T17:27:15.352796,-2.251256,0.000000
4702.4106,2026-06-03T17:27:15.862010,-2.248544,0.000000
4702.8966,2026-06-03T17:27:16.348000,-2.246496,0.000000
4703.3974,2026-06-03T17:27:16.848839,-2.243088,0.000000
4703.8642,2026-06-03T17:27:17.315595,-2.240352,0.000000
4704.3639,2026-06-03T17:27:17.815277,-2.238240,0.000000
4704.8626,2026-06-03T17:27:18.313983,-2.236032,0.000000
4705.3596,2026-06-03T17:27:18.811032,-2.233912,0.000000
4705.8916,2026-06-03T17:27:19.343067,-2.231488,0.000000
4706.3500,2026-06-03T17:27:19.801437,-2.228856,0.000000
4706.8219,2026-06-03T17:27:20.273279,-2.226072,0.000000
4707.3390,2026-06-03T17:27:20.790376,-2.223640,0.000000
4707.8256,2026-06-03T17:27:21.277023,-2.221808,0.000000
4708.3244,2026-06-03T17:27:21.775802,-2.221024,0.000000
4708.8184,2026-06-03T17:27:22.269770,-2.220552,0.000000
4709.2805,2026-06-03T17:27:22.731936,-2.220160,0.000000
4709.7809,2026-06-03T17:27:23.232322,-2.219992,0.000000
4710.2822,2026-06-03T17:27:23.733630,-2.219896,0.000000
4710.7816,2026-06-03T17:27:24.232987,-2.219864,0.000000
4711.3150,2026-06-03T17:27:24.766466,-2.219720,0.000000
4711.7784,2026-06-03T17:27:25.229765,-2.219600,0.000000
4712.2743,2026-06-03T17:27:25.725679,-2.219568,0.000000
4712.7727,2026-06-03T17:27:26.224169,-2.219440,0.000000
4713.2507,2026-06-03T17:27:26.702125,-2.219256,0.000000
4713.7500,2026-06-03T17:27:27.201391,-2.219072,0.000000
4714.2500,2026-06-03T17:27:27.701392,-2.218584,0.000000
4714.7464,2026-06-03T17:27:28.197779,-2.217472,0.000000
4715.2316,2026-06-03T17:27:28.683020,-2.215888,0.000000
4715.7307,2026-06-03T17:27:29.182159,-2.214696,0.000000
4716.2265,2026-06-03T17:27:29.677868,-2.213704,0.000000
4716.7276,2026-06-03T17:27:30.179016,-2.213320,0.000000
4717.2335,2026-06-03T17:27:30.684866,-2.213360,0.000000
4717.7266,2026-06-03T17:27:31.178031,-2.212624,0.000000
4718.2268,2026-06-03T17:27:31.678264,-2.211784,0.000000
4718.7264,2026-06-03T17:27:32.177859,-2.211896,0.000000
4719.2296,2026-06-03T17:27:32.681061,-2.212072,0.000000
4719.7257,2026-06-03T17:27:33.177070,-2.213056,0.000000
4720.2027,2026-06-03T17:27:33.654099,-2.214504,0.000000
4720.6931,2026-06-03T17:27:34.144510,-2.214592,0.000000
4721.1857,2026-06-03T17:27:34.637105,-2.214968,0.000000
4721.6762,2026-06-03T17:27:35.127664,-2.215536,0.000000
4722.1783,2026-06-03T17:27:35.629716,-2.215416,0.000000
4722.6915,2026-06-03T17:27:36.142951,-2.216344,0.000000
4723.1916,2026-06-03T17:27:36.643014,-2.217032,0.000000
4723.6905,2026-06-03T17:27:37.141920,-2.217256,0.000000
4724.1773,2026-06-03T17:27:37.628762,-2.217496,0.000000
4724.6741,2026-06-03T17:27:38.125486,-2.215016,0.000000
4725.1643,2026-06-03T17:27:38.615672,-2.207376,0.000000
4725.6719,2026-06-03T17:27:39.123274,-2.199144,0.000000
4726.1787,2026-06-03T17:27:39.630106,-2.191088,0.000000
4726.6547,2026-06-03T17:27:40.106073,-2.184216,0.000000
4727.1487,2026-06-03T17:27:40.600158,-2.182688,0.000000
4727.6584,2026-06-03T17:27:41.109831,-2.181464,0.000000
4728.1423,2026-06-03T17:27:41.593674,-2.180344,0.000000
4728.6459,2026-06-03T17:27:42.097270,-2.179856,0.000000
4729.1392,2026-06-03T17:27:42.590579,-2.179464,0.000000
4729.6456,2026-06-03T17:27:43.097022,-2.178712,0.000000
4730.1215,2026-06-03T17:27:43.572935,-2.177592,0.000000
4730.6044,2026-06-03T17:27:44.055832,-2.176384,0.000000
4731.1168,2026-06-03T17:27:44.568264,-2.175168,0.000000
4731.6067,2026-06-03T17:27:45.058071,-2.174832,0.000000
4732.1002,2026-06-03T17:27:45.551637,-2.174224,0.000000
4732.6062,2026-06-03T17:27:46.057582,-2.172792,0.000000
4733.0988,2026-06-03T17:27:46.550185,-2.170504,0.000000
4733.6109,2026-06-03T17:27:47.062325,-2.166792,0.000000
4734.1013,2026-06-03T17:27:47.552698,-2.163728,0.000000
4734.6017,2026-06-03T17:27:48.053129,-2.161528,0.000000
4735.0849,2026-06-03T17:27:48.536315,-2.160088,0.000000
4735.5849,2026-06-03T17:27:49.036293,-2.159528,0.000000
4736.0562,2026-06-03T17:27:49.507629,-2.159272,0.000000
4736.5310,2026-06-03T17:27:49.982417,-2.159176,0.000000
4737.0071,2026-06-03T17:27:50.458491,-2.158128,0.000000
4737.4954,2026-06-03T17:27:50.946852,-2.157664,0.000000
4737.9871,2026-06-03T17:27:51.438534,-2.156040,0.000000
4738.4876,2026-06-03T17:27:51.938977,-2.154040,0.000000
4738.9873,2026-06-03T17:27:52.438705,-2.153200,0.000000
4739.5180,2026-06-03T17:27:52.969384,-2.152592,0.000000
4740.0127,2026-06-03T17:27:53.464138,-2.152880,0.000000
4740.5153,2026-06-03T17:27:53.966699,-2.153304,0.000000
4741.0149,2026-06-03T17:27:54.466311,-2.153920,0.000000
4741.4770,2026-06-03T17:27:54.928419,-2.154928,0.000000
4741.9744,2026-06-03T17:27:55.425854,-2.155688,0.000000
4742.4710,2026-06-03T17:27:55.922385,-2.156544,0.000000
4742.9228,2026-06-03T17:27:56.374177,-2.157232,0.000000
4743.4232,2026-06-03T17:27:56.874595,-2.156840,0.000000
4743.9011,2026-06-03T17:27:57.352542,-2.156456,0.000000
4744.3931,2026-06-03T17:27:57.844569,-2.155480,0.000000
4744.8956,2026-06-03T17:27:58.346972,-2.155360,0.000000
4745.3961,2026-06-03T17:27:58.847531,-2.155224,0.000000
4745.8963,2026-06-03T17:27:59.347687,-2.155080,0.000000
4746.3910,2026-06-03T17:27:59.842366,-2.155576,0.000000
4746.8986,2026-06-03T17:28:00.350035,-2.154976,0.000000
4747.3952,2026-06-03T17:28:00.846572,-2.154432,0.000000
4747.8891,2026-06-03T17:28:01.340521,-2.154344,0.000000
4748.3888,2026-06-03T17:28:01.840257,-2.154104,0.000000
4748.8738,2026-06-03T17:28:02.325187,-2.153824,0.000000
4749.3806,2026-06-03T17:28:02.832037,-2.153488,0.000000
4749.8554,2026-06-03T17:28:03.306824,-2.152648,0.000000
4750.3557,2026-06-03T17:28:03.807107,-2.152144,0.000000
4750.8478,2026-06-03T17:28:04.299234,-2.150864,0.000000
4751.3617,2026-06-03T17:28:04.813158,-2.150048,0.000000
4751.8608,2026-06-03T17:28:05.312240,-2.148712,0.000000
4752.3724,2026-06-03T17:28:05.823822,-2.146800,0.000000
4752.8413,2026-06-03T17:28:06.292708,-2.145184,0.000000
4753.3396,2026-06-03T17:28:06.791039,-2.143888,0.000000
4753.8395,2026-06-03T17:28:07.290950,-2.142640,0.000000
4754.3390,2026-06-03T17:28:07.790455,-2.141960,0.000000
4754.8390,2026-06-03T17:28:08.290375,-2.141664,0.000000
4755.3331,2026-06-03T17:28:08.784499,-2.141088,0.000000
4755.8325,2026-06-03T17:28:09.283929,-2.140672,0.000000
4756.3399,2026-06-03T17:28:09.791342,-2.140176,0.000000
4756.8307,2026-06-03T17:28:10.282115,-2.139872,0.000000
4757.3201,2026-06-03T17:28:10.771562,-2.139632,0.000000
4757.8117,2026-06-03T17:28:11.263162,-2.139368,0.000000
4758.3070,2026-06-03T17:28:11.758404,-2.138920,0.000000
4758.8221,2026-06-03T17:28:12.273545,-2.138048,0.000000
4759.3264,2026-06-03T17:28:12.777853,-2.135896,0.000000
4759.8263,2026-06-03T17:28:13.277694,-2.131936,0.000000
4760.3229,2026-06-03T17:28:13.774333,-2.126760,0.000000
4760.8181,2026-06-03T17:28:14.269500,-2.121616,0.000000
4761.3135,2026-06-03T17:28:14.764868,-2.117200,0.000000
4761.7934,2026-06-03T17:28:15.244871,-2.112704,0.000000
4762.2949,2026-06-03T17:28:15.746338,-2.109632,0.000000
4762.8006,2026-06-03T17:28:16.252010,-2.106400,0.000000
4763.3039,2026-06-03T17:28:16.755317,-2.104048,0.000000
4763.7995,2026-06-03T17:28:17.250945,-2.103464,0.000000
4764.2992,2026-06-03T17:28:17.750651,-2.103048,0.000000
4764.7944,2026-06-03T17:28:18.245814,-2.102592,0.000000
4765.2832,2026-06-03T17:28:18.734590,-2.102000,0.000000
4765.7875,2026-06-03T17:28:19.238922,-2.101112,0.000000
4766.3043,2026-06-03T17:28:19.755755,-2.100456,0.000000
4766.8010,2026-06-03T17:28:20.252456,-2.100168,0.000000
4767.3027,2026-06-03T17:28:20.754114,-2.099920,0.000000
4767.7979,2026-06-03T17:28:21.249329,-2.099768,0.000000
4768.2996,2026-06-03T17:28:21.751049,-2.099656,0.000000
4768.8041,2026-06-03T17:28:22.255472,-2.099440,0.000000
4769.2993,2026-06-03T17:28:22.750749,-2.099040,0.000000
4769.7675,2026-06-03T17:28:23.218890,-2.098632,0.000000
4770.2771,2026-06-03T17:28:23.728523,-2.097504,0.000000
4770.7681,2026-06-03T17:28:24.219512,-2.096464,0.000000
4771.2602,2026-06-03T17:28:24.711618,-2.095416,0.000000
4771.7260,2026-06-03T17:28:25.177401,-2.094248,0.000000
4772.2345,2026-06-03T17:28:25.685958,-2.091656,0.000000
4772.7243,2026-06-03T17:28:26.175698,-2.088392,0.000000
4773.1912,2026-06-03T17:28:26.642615,-2.085128,0.000000
4773.6831,2026-06-03T17:28:27.134467,-2.082120,0.000000
4774.1660,2026-06-03T17:28:27.617446,-2.080432,0.000000
4774.6404,2026-06-03T17:28:28.091774,-2.079664,0.000000
4775.1375,2026-06-03T17:28:28.588910,-2.078840,0.000000
4775.6359,2026-06-03T17:28:29.087295,-2.077904,0.000000
4776.1330,2026-06-03T17:28:29.584380,-2.077056,0.000000
4776.6247,2026-06-03T17:28:30.076114,-2.075832,0.000000
4777.1348,2026-06-03T17:28:30.586177,-2.074800,0.000000
4777.6313,2026-06-03T17:28:31.082716,-2.073568,0.000000
4778.1023,2026-06-03T17:28:31.553672,-2.071656,0.000000
4778.6070,2026-06-03T17:28:32.058393,-2.069840,0.000000
4779.0736,2026-06-03T17:28:32.524965,-2.068160,0.000000
4779.5681,2026-06-03T17:28:33.019520,-2.066320,0.000000
4780.0757,2026-06-03T17:28:33.527096,-2.064976,0.000000
4780.5686,2026-06-03T17:28:34.019998,-2.063696,0.000000
4781.0402,2026-06-03T17:28:34.491611,-2.062136,0.000000
4781.5311,2026-06-03T17:28:34.982504,-2.061264,0.000000
4782.0321,2026-06-03T17:28:35.483563,-2.060624,0.000000
4782.5228,2026-06-03T17:28:35.974252,-2.060072,0.000000
4783.0195,2026-06-03T17:28:36.470884,-2.059520,0.000000
4783.5385,2026-06-03T17:28:36.989873,-2.059168,0.000000
4784.0483,2026-06-03T17:28:37.499706,-2.058232,0.000000
4784.5510,2026-06-03T17:28:38.002380,-2.057608,0.000000
4785.0484,2026-06-03T17:28:38.499855,-2.056992,0.000000
4785.5422,2026-06-03T17:28:38.993606,-2.055696,0.000000
4786.0420,2026-06-03T17:28:39.493381,-2.053936,0.000000
4786.5280,2026-06-03T17:28:39.979451,-2.050696,0.000000
4787.0588,2026-06-03T17:28:40.510251,-2.048600,0.000000
4787.5422,2026-06-03T17:28:40.993610,-2.046248,0.000000
4788.0357,2026-06-03T17:28:41.487089,-2.043944,0.000000
4788.5327,2026-06-03T17:28:41.984148,-2.042312,0.000000
4789.0249,2026-06-03T17:28:42.476288,-2.038768,0.000000
4789.5307,2026-06-03T17:28:42.982093,-2.035760,0.000000
4790.0281,2026-06-03T17:28:43.479494,-2.034216,0.000000
4790.5286,2026-06-03T17:28:43.979959,-2.031216,0.000000
4791.0177,2026-06-03T17:28:44.469149,-2.028888,0.000000
4791.5258,2026-06-03T17:28:44.977255,-2.026208,0.000000
4792.0206,2026-06-03T17:28:45.471972,-2.022760,0.000000
4792.5243,2026-06-03T17:28:45.975715,-2.021288,0.000000
4793.0202,2026-06-03T17:28:46.471589,-2.020480,0.000000
4793.5130,2026-06-03T17:28:46.964449,-2.019912,0.000000
4794.0080,2026-06-03T17:28:47.459388,-2.019632,0.000000
4794.5266,2026-06-03T17:28:47.978019,-2.019344,0.000000
4795.0193,2026-06-03T17:28:48.470704,-2.019128,0.000000
4795.5202,2026-06-03T17:28:48.971571,-2.018024,0.000000
4796.0223,2026-06-03T17:28:49.473669,-2.016744,0.000000
4796.5133,2026-06-03T17:28:49.964708,-2.015584,0.000000
4797.0215,2026-06-03T17:28:50.472956,-2.012448,0.000000
4797.5043,2026-06-03T17:28:50.955700,-2.008848,0.000000
4798.0078,2026-06-03T17:28:51.459238,-2.005488,0.000000
4798.5194,2026-06-03T17:28:51.970800,-2.001808,0.000000
4799.0197,2026-06-03T17:28:52.471099,-2.000168,0.000000
4799.5161,2026-06-03T17:28:52.967527,-1.999664,0.000000
4800.0157,2026-06-03T17:28:53.467095,-1.999424,0.000000
4800.5159,2026-06-03T17:28:53.967265,-1.999064,0.000000
4800.9966,2026-06-03T17:28:54.447967,-1.997552,0.000000
4801.4932,2026-06-03T17:28:54.944578,-1.995992,0.000000
4802.0016,2026-06-03T17:28:55.452966,-1.994728,0.000000
4802.5043,2026-06-03T17:28:55.955696,-1.993400,0.000000
4803.0034,2026-06-03T17:28:56.454818,-1.993368,0.000000
4803.4993,2026-06-03T17:28:56.950697,-1.994104,0.000000
4803.9984,2026-06-03T17:28:57.449841,-1.993440,0.000000
4804.4740,2026-06-03T17:28:57.925413,-1.993544,0.000000
4804.9718,2026-06-03T17:28:58.423201,-1.992920,0.000000
4805.4350,2026-06-03T17:28:58.886376,-1.991456,0.000000
4805.9300,2026-06-03T17:28:59.381377,-1.991232,0.000000
4806.4644,2026-06-03T17:28:59.915818,-1.990888,0.000000
4806.9572,2026-06-03T17:29:00.408647,-1.990584,0.000000
4807.4554,2026-06-03T17:29:00.906839,-1.989968,0.000000
4807.9648,2026-06-03T17:29:01.416239,-1.989480,0.000000
4808.4714,2026-06-03T17:29:01.922864,-1.987896,0.000000
4808.9932,2026-06-03T17:29:02.444654,-1.987216,0.000000
4809.4897,2026-06-03T17:29:02.941152,-1.987128,0.000000
4809.9753,2026-06-03T17:29:03.426715,-1.986600,0.000000
4810.4309,2026-06-03T17:29:03.882334,-1.986984,0.000000
4810.9288,2026-06-03T17:29:04.380255,-1.986640,0.000000
4811.4314,2026-06-03T17:29:04.882757,-1.987424,0.000000
4811.9219,2026-06-03T17:29:05.373351,-1.987584,0.000000
4812.4008,2026-06-03T17:29:05.852243,-1.987768,0.000000
4812.8999,2026-06-03T17:29:06.351294,-1.987976,0.000000
4813.3880,2026-06-03T17:29:06.839426,-1.986728,0.000000
4813.8794,2026-06-03T17:29:07.330820,-1.986616,0.000000
4814.3866,2026-06-03T17:29:07.838031,-1.986344,0.000000
4814.8881,2026-06-03T17:29:08.339536,-1.986304,0.000000
4815.3802,2026-06-03T17:29:08.831657,-1.986848,0.000000
4815.8713,2026-06-03T17:29:09.322761,-1.986608,0.000000
4816.3537,2026-06-03T17:29:09.805094,-1.986640,0.000000
4816.8502,2026-06-03T17:29:10.301584,-1.987008,0.000000
4817.3298,2026-06-03T17:29:10.781244,-1.987312,0.000000
4817.8281,2026-06-03T17:29:11.279549,-1.987360,0.000000
4818.3284,2026-06-03T17:29:11.779850,-1.987328,0.000000
4818.7963,2026-06-03T17:29:12.247739,-1.987832,0.000000
4819.2950,2026-06-03T17:29:12.746447,-1.988208,0.000000
4819.7673,2026-06-03T17:29:13.218743,-1.989296,0.000000
4820.2579,2026-06-03T17:29:13.709333,-1.989912,0.000000
4820.7597,2026-06-03T17:29:14.211136,-1.989568,0.000000
4821.2308,2026-06-03T17:29:14.682261,-1.988656,0.000000
4821.7134,2026-06-03T17:29:15.164823,-1.987840,0.000000
4822.2107,2026-06-03T17:29:15.662153,-1.987104,0.000000
4822.7051,2026-06-03T17:29:16.156499,-1.987008,0.000000
4823.1601,2026-06-03T17:29:16.611475,-1.987520,0.000000
4823.6419,2026-06-03T17:29:17.093356,-1.987520,0.000000
4824.1376,2026-06-03T17:29:17.588980,-1.987768,0.000000
4824.6381,2026-06-03T17:29:18.089556,-1.988384,0.000000
4825.1382,2026-06-03T17:29:18.589575,-1.987928,0.000000
4825.6270,2026-06-03T17:29:19.078423,-1.988152,0.000000
4826.1254,2026-06-03T17:29:19.576844,-1.988720,0.000000
4826.6269,2026-06-03T17:29:20.078291,-1.987784,0.000000
4827.1217,2026-06-03T17:29:20.573155,-1.988952,0.000000
4827.6299,2026-06-03T17:29:21.081319,-1.988984,0.000000
4828.1167,2026-06-03T17:29:21.568124,-1.989104,0.000000
4828.5882,2026-06-03T17:29:22.039631,-1.990656,0.000000
4829.0879,2026-06-03T17:29:22.539391,-1.990248,0.000000
4829.5913,2026-06-03T17:29:23.042695,-1.991128,0.000000
4830.0915,2026-06-03T17:29:23.542873,-1.992080,0.000000
4830.5531,2026-06-03T17:29:24.004535,-1.992160,0.000000
4831.0575,2026-06-03T17:29:24.508914,-1.993312,0.000000
4831.5631,2026-06-03T17:29:25.014482,-1.994080,0.000000
4832.0577,2026-06-03T17:29:25.509139,-1.993984,0.000000
4832.5409,2026-06-03T17:29:25.992317,-1.993696,0.000000
4833.0421,2026-06-03T17:29:26.493567,-1.992984,0.000000
4833.5380,2026-06-03T17:29:26.989431,-1.992000,0.000000
4834.0446,2026-06-03T17:29:27.496046,-1.991816,0.000000
4834.5135,2026-06-03T17:29:27.964950,-1.991616,0.000000
4835.0131,2026-06-03T17:29:28.464502,-1.991856,0.000000
4835.5055,2026-06-03T17:29:28.956871,-1.991576,0.000000
4835.9800,2026-06-03T17:29:29.431425,-1.990352,0.000000
4836.4715,2026-06-03T17:29:29.922875,-1.989496,0.000000
4836.9716,2026-06-03T17:29:30.423057,-1.988960,0.000000
4837.4398,2026-06-03T17:29:30.891207,-1.988352,0.000000
4837.9436,2026-06-03T17:29:31.394972,-1.988328,0.000000
4838.4444,2026-06-03T17:29:31.895863,-1.988856,0.000000
4838.9126,2026-06-03T17:29:32.364056,-1.989672,0.000000
4839.4058,2026-06-03T17:29:32.857180,-1.991520,0.000000
4839.9086,2026-06-03T17:29:33.359981,-1.993664,0.000000
4840.3916,2026-06-03T17:29:33.843055,-1.994504,0.000000
4840.8875,2026-06-03T17:29:34.338890,-1.995184,0.000000
4841.3606,2026-06-03T17:29:34.812016,-1.994824,0.000000
4841.8602,2026-06-03T17:29:35.311650,-1.993424,0.000000
4842.3629,2026-06-03T17:29:35.814314,-1.993360,0.000000
4842.8565,2026-06-03T17:29:36.307931,-1.993360,0.000000
4843.3311,2026-06-03T17:29:36.782531,-1.994264,0.000000
4843.8106,2026-06-03T17:29:37.262060,-1.995632,0.000000
4844.3048,2026-06-03T17:29:37.756181,-1.996520,0.000000
4844.8030,2026-06-03T17:29:38.254455,-1.997144,0.000000
4845.3060,2026-06-03T17:29:38.757435,-1.996928,0.000000
4845.7819,2026-06-03T17:29:39.233289,-1.997248,0.000000
4846.2806,2026-06-03T17:29:39.732043,-1.997672,0.000000
4846.7695,2026-06-03T17:29:40.220884,-1.997088,0.000000
4847.3018,2026-06-03T17:29:40.753235,-1.996624,0.000000
4847.7837,2026-06-03T17:29:41.235082,-1.996040,0.000000
4848.2886,2026-06-03T17:29:41.740062,-1.995888,0.000000
4848.7913,2026-06-03T17:29:42.242758,-1.995936,0.000000
4849.2719,2026-06-03T17:29:42.723271,-1.995600,0.000000
4849.7463,2026-06-03T17:29:43.197689,-1.995544,0.000000
4850.2373,2026-06-03T17:29:43.688696,-1.995032,0.000000
4850.7313,2026-06-03T17:29:44.182767,-1.994048,0.000000
4851.2404,2026-06-03T17:29:44.691782,-1.993120,0.000000
4851.7661,2026-06-03T17:29:45.217536,-1.992744,0.000000
4852.2424,2026-06-03T17:29:45.693834,-1.993184,0.000000
4852.7280,2026-06-03T17:29:46.179409,-1.993800,0.000000
4853.2246,2026-06-03T17:29:46.675985,-1.995024,0.000000
4853.7157,2026-06-03T17:29:47.167107,-1.994872,0.000000
4854.2204,2026-06-03T17:29:47.671793,-1.993864,0.000000
4854.7174,2026-06-03T17:29:48.168857,-1.993080,0.000000
4855.2172,2026-06-03T17:29:48.668568,-1.992352,0.000000
4855.7341,2026-06-03T17:29:49.185530,-1.992232,0.000000
4856.2238,2026-06-03T17:29:49.675220,-1.992448,0.000000
4856.6769,2026-06-03T17:29:50.128321,-1.993296,0.000000
4857.1329,2026-06-03T17:29:50.584266,-1.993808,0.000000
4857.6398,2026-06-03T17:29:51.091191,-1.994832,0.000000
4858.1369,2026-06-03T17:29:51.588299,-1.995680,0.000000
4858.6361,2026-06-03T17:29:52.087541,-1.996448,0.000000
4859.1255,2026-06-03T17:29:52.576877,-1.996776,0.000000
4859.6272,2026-06-03T17:29:53.078629,-1.996792,0.000000
4860.1266,2026-06-03T17:29:53.578072,-1.996680,0.000000
4860.6320,2026-06-03T17:29:54.083377,-1.995552,0.000000
4861.1255,2026-06-03T17:29:54.576897,-1.995352,0.000000
4861.6107,2026-06-03T17:29:55.062101,-1.995032,0.000000
4862.1060,2026-06-03T17:29:55.557425,-1.995160,0.000000
4862.6003,2026-06-03T17:29:56.051671,-1.996288,0.000000
4863.1174,2026-06-03T17:29:56.568814,-1.996216,0.000000
4863.6256,2026-06-03T17:29:57.077060,-1.996744,0.000000
4864.1033,2026-06-03T17:29:57.554759,-1.997224,0.000000
4864.5796,2026-06-03T17:29:58.030985,-1.997072,0.000000
4865.0843,2026-06-03T17:29:58.535705,-1.997696,0.000000
4865.5829,2026-06-03T17:29:59.034275,-1.997896,0.000000
4866.0794,2026-06-03T17:29:59.530782,-1.997688,0.000000
4866.6130,2026-06-03T17:30:00.064395,-1.997864,0.000000
4867.1115,2026-06-03T17:30:00.562924,-1.998152,0.000000
4867.6131,2026-06-03T17:30:01.064479,-1.998128,0.000000
4868.1080,2026-06-03T17:30:01.559381,-1.998504,0.000000
4868.6052,2026-06-03T17:30:02.056655,-1.998768,0.000000
4869.1068,2026-06-03T17:30:02.558228,-1.998720,0.000000
4869.5754,2026-06-03T17:30:03.026824,-1.999056,0.000000
4870.0435,2026-06-03T17:30:03.494869,-1.999032,0.000000
4870.5323,2026-06-03T17:30:03.983683,-1.999168,0.000000
4871.0254,2026-06-03T17:30:04.476861,-1.999192,0.000000
4871.5152,2026-06-03T17:30:04.966612,-1.999288,0.000000
4872.0396,2026-06-03T17:30:05.490989,-1.999296,0.000000
4872.5405,2026-06-03T17:30:05.991915,-1.999032,0.000000
4873.0268,2026-06-03T17:30:06.478165,-1.998968,0.000000
4873.4887,2026-06-03T17:30:06.940139,-1.998960,0.000000
4873.9916,2026-06-03T17:30:07.443023,-1.998968,0.000000
4874.4637,2026-06-03T17:30:07.915073,-1.999184,0.000000
4874.9673,2026-06-03T17:30:08.418679,-1.999136,0.000000
4875.4536,2026-06-03T17:30:08.905068,-1.999040,0.000000
4875.9502,2026-06-03T17:30:09.401631,-1.999040,0.000000
4876.4564,2026-06-03T17:30:09.907805,-1.998912,0.000000
4876.9566,2026-06-03T17:30:10.408040,-1.998968,0.000000
4877.4512,2026-06-03T17:30:10.902625,-1.998784,0.000000
4877.9534,2026-06-03T17:30:11.404831,-1.998600,0.000000
4878.4457,2026-06-03T17:30:11.897148,-1.997952,0.000000
4878.9522,2026-06-03T17:30:12.403618,-1.997960,0.000000
4879.4438,2026-06-03T17:30:12.895245,-1.998128,0.000000
4879.9214,2026-06-03T17:30:13.372820,-1.998248,0.000000
4880.4242,2026-06-03T17:30:13.875655,-1.998936,0.000000
4880.8797,2026-06-03T17:30:14.331091,-1.999072,0.000000
4881.3481,2026-06-03T17:30:14.799553,-1.999128,0.000000
4881.8441,2026-06-03T17:30:15.295489,-1.999144,0.000000
4882.3354,2026-06-03T17:30:15.786783,-1.999304,0.000000
4882.7960,2026-06-03T17:30:16.247397,-1.999208,0.000000
4883.3043,2026-06-03T17:30:16.755728,-1.999240,0.000000
4883.8097,2026-06-03T17:30:17.261125,-1.999304,0.000000
4884.3111,2026-06-03T17:30:17.762478,-1.999288,0.000000
4884.8052,2026-06-03T17:30:18.256619,-1.999440,0.000000
4885.2959,2026-06-03T17:30:18.747265,-1.999480,0.000000
4885.7879,2026-06-03T17:30:19.239272,-1.999536,0.000000
4886.2882,2026-06-03T17:30:19.739653,-1.999512,0.000000
4886.7809,2026-06-03T17:30:20.232327,-1.999464,0.000000
4887.2846,2026-06-03T17:30:20.736068,-1.999384,0.000000
4887.7537,2026-06-03T17:30:21.205128,-1.999312,0.000000
4888.2307,2026-06-03T17:30:21.682174,-1.999328,0.000000
4888.7322,2026-06-03T17:30:22.183577,-1.999312,0.000000
4889.2317,2026-06-03T17:30:22.683101,-1.999384,0.000000
4889.7333,2026-06-03T17:30:23.184767,-1.999448,0.000000
4890.2327,2026-06-03T17:30:23.684097,-1.999568,0.000000
4890.7254,2026-06-03T17:30:24.176785,-1.999640,0.000000
4891.2199,2026-06-03T17:30:24.671347,-1.999720,0.000000
4891.7182,2026-06-03T17:30:25.169578,-1.999712,0.000000
4892.2185,2026-06-03T17:30:25.669890,-1.999664,0.000000
4892.7212,2026-06-03T17:30:26.172582,-1.999640,0.000000
4893.2126,2026-06-03T17:30:26.663995,-1.999688,0.000000
4893.6880,2026-06-03T17:30:27.139407,-1.999776,0.000000
4894.1868,2026-06-03T17:30:27.638209,-1.999872,0.000000
4894.6840,2026-06-03T17:30:28.135378,-1.999856,0.000000
4895.1482,2026-06-03T17:30:28.599581,-1.999920,0.000000
4895.6347,2026-06-03T17:30:29.086109,-1.999928,0.000000
4896.1318,2026-06-03T17:30:29.583203,-1.999992,0.000000
4896.6258,2026-06-03T17:30:30.077182,-2.000200,0.000000
4897.1168,2026-06-03T17:30:30.568241,-2.000448,0.000000
4897.6173,2026-06-03T17:30:31.068673,-2.000760,0.000000
4898.1071,2026-06-03T17:30:31.558520,-2.000944,0.000000
4898.6082,2026-06-03T17:30:32.059652,-2.001232,0.000000
4899.1267,2026-06-03T17:30:32.578092,-2.001208,0.000000
4899.6329,2026-06-03T17:30:33.084310,-2.001032,0.000000
4900.1281,2026-06-03T17:30:33.579508,-2.001208,0.000000
4900.6083,2026-06-03T17:30:34.059688,-2.000992,0.000000
4901.1087,2026-06-03T17:30:34.560072,-2.000936,0.000000
4901.6097,2026-06-03T17:30:35.061093,-2.001496,0.000000
4902.0985,2026-06-03T17:30:35.549873,-2.001552,0.000000
4902.6012,2026-06-03T17:30:36.052595,-2.002096,0.000000
4903.0972,2026-06-03T17:30:36.548624,-2.002440,0.000000
4903.5973,2026-06-03T17:30:37.048702,-2.002704,0.000000
4904.0895,2026-06-03T17:30:37.540930,-2.003320,0.000000
4904.5857,2026-06-03T17:30:38.037125,-2.003288,0.000000
4905.0832,2026-06-03T17:30:38.534591,-2.003720,0.000000
4905.5791,2026-06-03T17:30:39.030546,-2.003672,0.000000
4906.0668,2026-06-03T17:30:39.518250,-2.003704,0.000000
4906.5427,2026-06-03T17:30:39.994077,-2.003944,0.000000
4907.0422,2026-06-03T17:30:40.493573,-2.003240,0.000000
4907.5378,2026-06-03T17:30:40.989168,-2.003576,0.000000
4908.0373,2026-06-03T17:30:41.488725,-2.003648,0.000000
4908.5280,2026-06-03T17:30:41.979387,-2.003632,0.000000
4909.0232,2026-06-03T17:30:42.474612,-2.004256,0.000000
4909.5211,2026-06-03T17:30:42.972530,-2.003528,0.000000
4910.0409,2026-06-03T17:30:43.492310,-2.003136,0.000000
4910.5398,2026-06-03T17:30:43.991231,-2.003328,0.000000
4911.0418,2026-06-03T17:30:44.493209,-2.003640,0.000000
4911.5412,2026-06-03T17:30:44.992601,-2.004216,0.000000
4912.0415,2026-06-03T17:30:45.492896,-2.004472,0.000000
4912.5418,2026-06-03T17:30:45.993244,-2.005072,0.000000
4913.0395,2026-06-03T17:30:46.490929,-2.006128,0.000000
4913.5428,2026-06-03T17:30:46.994229,-2.008256,0.000000
4914.0456,2026-06-03T17:30:47.496999,-2.010664,0.000000
4914.5407,2026-06-03T17:30:47.992150,-2.012040,0.000000
4915.0207,2026-06-03T17:30:48.472067,-2.012752,0.000000
4915.5124,2026-06-03T17:30:48.963831,-2.012792,0.000000
4916.0034,2026-06-03T17:30:49.454828,-2.011792,0.000000
4916.4607,2026-06-03T17:30:49.912131,-2.011568,0.000000
4916.9493,2026-06-03T17:30:50.400707,-2.010880,0.000000
4917.4443,2026-06-03T17:30:50.895715,-2.010792,0.000000
4917.9358,2026-06-03T17:30:51.387212,-2.010976,0.000000
4918.4125,2026-06-03T17:30:51.863885,-2.010720,0.000000
4918.9025,2026-06-03T17:30:52.353902,-2.011520,0.000000
4919.4130,2026-06-03T17:30:52.864415,-2.012224,0.000000
4919.9025,2026-06-03T17:30:53.353907,-2.012400,0.000000
4920.4025,2026-06-03T17:30:53.853969,-2.013776,0.000000
4920.9007,2026-06-03T17:30:54.352162,-2.014088,0.000000
4921.4057,2026-06-03T17:30:54.857129,-2.014768,0.000000
4921.8593,2026-06-03T17:30:55.310670,-2.015184,0.000000
4922.3603,2026-06-03T17:30:55.811753,-2.014688,0.000000
4922.8191,2026-06-03T17:30:56.270494,-2.014272,0.000000
4923.3373,2026-06-03T17:30:56.788719,-2.013968,0.000000
4923.8375,2026-06-03T17:30:57.288902,-2.013760,0.000000
4924.3254,2026-06-03T17:30:57.776827,-2.013912,0.000000
4924.8143,2026-06-03T17:30:58.265727,-2.014184,0.000000
4925.2821,2026-06-03T17:30:58.733555,-2.013456,0.000000
4925.7858,2026-06-03T17:30:59.237250,-2.013312,0.000000
4926.2840,2026-06-03T17:30:59.735404,-2.013176,0.000000
4926.7860,2026-06-03T17:31:00.237398,-2.013008,0.000000
4927.2858,2026-06-03T17:31:00.737190,-2.013584,0.000000
4927.7953,2026-06-03T17:31:01.246757,-2.013632,0.000000
4928.2867,2026-06-03T17:31:01.738136,-2.013680,0.000000
4928.7753,2026-06-03T17:31:02.226733,-2.014240,0.000000
4929.2672,2026-06-03T17:31:02.718577,-2.013848,0.000000
4929.7536,2026-06-03T17:31:03.205018,-2.013480,0.000000
4930.2484,2026-06-03T17:31:03.699776,-2.014160,0.000000
4930.7571,2026-06-03T17:31:04.208505,-2.014408,0.000000
4931.2353,2026-06-03T17:31:04.686735,-2.015168,0.000000
4931.7301,2026-06-03T17:31:05.181541,-2.016024,0.000000
4932.2290,2026-06-03T17:31:05.680425,-2.015936,0.000000
4932.7307,2026-06-03T17:31:06.182059,-2.016168,0.000000
4933.2115,2026-06-03T17:31:06.662956,-2.016368,0.000000
4933.7095,2026-06-03T17:31:07.160937,-2.016864,0.000000
4934.1963,2026-06-03T17:31:07.647677,-2.017384,0.000000
4934.6919,2026-06-03T17:31:08.143369,-2.017232,0.000000
4935.1885,2026-06-03T17:31:08.639913,-2.017400,0.000000
4935.6884,2026-06-03T17:31:09.139791,-2.017128,0.000000
4936.1899,2026-06-03T17:31:09.641365,-2.017184,0.000000
4936.6936,2026-06-03T17:31:10.145031,-2.017408,0.000000
4937.1858,2026-06-03T17:31:10.637240,-2.017368,0.000000
4937.6890,2026-06-03T17:31:11.140411,-2.017584,0.000000
4938.1859,2026-06-03T17:31:11.637308,-2.017584,0.000000
4938.6873,2026-06-03T17:31:12.138747,-2.017776,0.000000
4939.1779,2026-06-03T17:31:12.629322,-2.017696,0.000000
4939.6902,2026-06-03T17:31:13.141632,-2.017592,0.000000
4940.1942,2026-06-03T17:31:13.645572,-2.017680,0.000000
4940.6973,2026-06-03T17:31:14.148768,-2.017608,0.000000
4941.1630,2026-06-03T17:31:14.614449,-2.018016,0.000000
4941.6408,2026-06-03T17:31:15.092235,-2.018072,0.000000
4942.1396,2026-06-03T17:31:15.591049,-2.018112,0.000000
4942.6369,2026-06-03T17:31:16.088282,-2.018240,0.000000
4943.1386,2026-06-03T17:31:16.589977,-2.018016,0.000000
4943.6356,2026-06-03T17:31:17.087014,-2.018072,0.000000
4944.1399,2026-06-03T17:31:17.591309,-2.018040,0.000000
4944.6398,2026-06-03T17:31:18.091236,-2.017632,0.000000
4945.1394,2026-06-03T17:31:18.590779,-2.017632,0.000000
4945.6082,2026-06-03T17:31:19.059580,-2.017464,0.000000
4946.1077,2026-06-03T17:31:19.559159,-2.017336,0.000000
4946.6000,2026-06-03T17:31:20.051455,-2.017680,0.000000
4947.1247,2026-06-03T17:31:20.576156,-2.017808,0.000000
4947.5978,2026-06-03T17:31:21.049213,-2.018024,0.000000
4948.0981,2026-06-03T17:31:21.549498,-2.018472,0.000000
4948.5580,2026-06-03T17:31:22.009440,-2.018656,0.000000
4949.0567,2026-06-03T17:31:22.508092,-2.018872,0.000000
4949.5400,2026-06-03T17:31:22.991411,-2.018896,0.000000
4950.0430,2026-06-03T17:31:23.494377,-2.018824,0.000000
4950.5439,2026-06-03T17:31:23.995344,-2.018784,0.000000
4951.0076,2026-06-03T17:31:24.459037,-2.018592,0.000000
4951.5037,2026-06-03T17:31:24.955150,-2.018616,0.000000
4952.0045,2026-06-03T17:31:25.455915,-2.018488,0.000000
4952.5384,2026-06-03T17:31:25.989792,-2.018432,0.000000
4953.0088,2026-06-03T17:31:26.460213,-2.018520,0.000000
4953.5089,2026-06-03T17:31:26.960334,-2.018224,0.000000
4954.0035,2026-06-03T17:31:27.454869,-2.018264,0.000000
4954.5127,2026-06-03T17:31:27.964112,-2.018320,0.000000
4955.0124,2026-06-03T17:31:28.463825,-2.018384,0.000000
4955.5035,2026-06-03T17:31:28.954926,-2.018936,0.000000
4956.0021,2026-06-03T17:31:29.453466,-2.019208,0.000000
4956.5000,2026-06-03T17:31:29.951461,-2.019424,0.000000
4956.9957,2026-06-03T17:31:30.447097,-2.019488,0.000000
4957.5057,2026-06-03T17:31:30.957163,-2.019368,0.000000
4958.0056,2026-06-03T17:31:31.456978,-2.019384,0.000000
4958.5106,2026-06-03T17:31:31.961979,-2.019400,0.000000
4959.0073,2026-06-03T17:31:32.458688,-2.019472,0.000000
4959.5101,2026-06-03T17:31:32.961490,-2.019592,0.000000
4959.9995,2026-06-03T17:31:33.450942,-2.019656,0.000000
4960.4954,2026-06-03T17:31:33.946839,-2.019672,0.000000
4960.9956,2026-06-03T17:31:34.447058,-2.019608,0.000000
4961.4913,2026-06-03T17:31:34.942678,-2.019488,0.000000
4961.9830,2026-06-03T17:31:35.434446,-2.019416,0.000000
4962.4780,2026-06-03T17:31:35.929382,-2.019432,0.000000
4962.9735,2026-06-03T17:31:36.424957,-2.019552,0.000000
4963.4810,2026-06-03T17:31:36.932403,-2.019688,0.000000
4963.9753,2026-06-03T17:31:37.426722,-2.019712,0.000000
4964.4750,2026-06-03T17:31:37.926446,-2.019752,0.000000
4964.9462,2026-06-03T17:31:38.397584,-2.019832,0.000000
4965.4291,2026-06-03T17:31:38.880505,-2.019856,0.000000
4965.9277,2026-06-03T17:31:39.379145,-2.019920,0.000000
4966.4285,2026-06-03T17:31:39.879953,-2.019952,0.000000
4966.9277,2026-06-03T17:31:40.379084,-2.019928,0.000000
4967.4125,2026-06-03T17:31:40.863897,-2.019920,0.000000
4967.9220,2026-06-03T17:31:41.373461,-2.019888,0.000000
4968.4291,2026-06-03T17:31:41.880517,-2.019800,0.000000
4968.9263,2026-06-03T17:31:42.377726,-2.019736,0.000000
4969.3774,2026-06-03T17:31:42.828793,-2.019792,0.000000
4969.8707,2026-06-03T17:31:43.322102,-2.019808,0.000000
4970.3419,2026-06-03T17:31:43.793295,-2.019896,0.000000
4970.8401,2026-06-03T17:31:44.291488,-2.019920,0.000000
4971.3440,2026-06-03T17:31:44.795429,-2.019880,0.000000
4971.8372,2026-06-03T17:31:45.288587,-2.019848,0.000000
4972.3339,2026-06-03T17:31:45.785357,-2.019808,0.000000
4972.7943,2026-06-03T17:31:46.245765,-2.019816,0.000000
4973.2937,2026-06-03T17:31:46.745101,-2.019792,0.000000
4973.7636,2026-06-03T17:31:47.215034,-2.019744,0.000000
4974.2454,2026-06-03T17:31:47.696841,-2.019752,0.000000
4974.7296,2026-06-03T17:31:48.180996,-2.019720,0.000000
4975.2037,2026-06-03T17:31:48.655065,-2.019680,0.000000
4975.7077,2026-06-03T17:31:49.159136,-2.019720,0.000000
4976.2018,2026-06-03T17:31:49.653189,-2.019664,0.000000
4976.7060,2026-06-03T17:31:50.157359,-2.019632,0.000000
4977.2315,2026-06-03T17:31:50.682961,-2.019608,0.000000
4977.7318,2026-06-03T17:31:51.183164,-2.019608,0.000000
4978.2368,2026-06-03T17:31:51.688159,-2.019672,0.000000
4978.6950,2026-06-03T17:31:52.146440,-2.019704,0.000000
4979.1821,2026-06-03T17:31:52.633531,-2.019776,0.000000
4979.6718,2026-06-03T17:31:53.123177,-2.019840,0.000000
4980.1752,2026-06-03T17:31:53.626575,-2.019896,0.000000
4980.6358,2026-06-03T17:31:54.087218,-2.019936,0.000000
4981.1179,2026-06-03T17:31:54.569331,-2.019952,0.000000
4981.6109,2026-06-03T17:31:55.062311,-2.019944,0.000000
4982.0826,2026-06-03T17:31:55.534042,-2.019912,0.000000
4982.5751,2026-06-03T17:31:56.026482,-2.019912,0.000000
4983.0659,2026-06-03T17:31:56.517283,-2.019952,0.000000
4983.5641,2026-06-03T17:31:57.015556,-2.019984,0.000000
4984.0589,2026-06-03T17:31:57.510308,-2.020016,0.000000
4984.5580,2026-06-03T17:31:58.009459,-2.020104,0.000000
4985.0575,2026-06-03T17:31:58.508877,-2.020088,0.000000
4985.5453,2026-06-03T17:31:58.996725,-2.020072,0.000000
4986.0319,2026-06-03T17:31:59.483344,-2.020144,0.000000
4986.4977,2026-06-03T17:31:59.949141,-2.020192,0.000000
4987.0264,2026-06-03T17:32:00.477820,-2.020208,0.000000
4987.5246,2026-06-03T17:32:00.975996,-2.020176,0.000000
4988.0257,2026-06-03T17:32:01.477095,-2.020144,0.000000
4988.5242,2026-06-03T17:32:01.975587,-2.020072,0.000000
4989.0162,2026-06-03T17:32:02.467622,-2.020120,0.000000
4989.5020,2026-06-03T17:32:02.953447,-2.020184,0.000000
4989.9978,2026-06-03T17:32:03.449244,-2.020136,0.000000
4990.5386,2026-06-03T17:32:03.989963,-2.020112,0.000000
4991.0272,2026-06-03T17:32:04.478598,-2.020104,0.000000
4991.5208,2026-06-03T17:32:04.972179,-2.020168,0.000000
4992.0163,2026-06-03T17:32:05.467694,-2.020280,0.000000
4992.5252,2026-06-03T17:32:05.976592,-2.020440,0.000000
4993.0069,2026-06-03T17:32:06.458278,-2.020560,0.000000
4993.5075,2026-06-03T17:32:06.958875,-2.020648,0.000000
4994.0311,2026-06-03T17:32:07.482530,-2.020824,0.000000
4994.5274,2026-06-03T17:32:07.978809,-2.020896,0.000000
4995.0171,2026-06-03T17:32:08.468481,-2.020936,0.000000
4995.5039,2026-06-03T17:32:08.955333,-2.020920,0.000000
4995.9980,2026-06-03T17:32:09.449382,-2.020800,0.000000
4996.4763,2026-06-03T17:32:09.927709,-2.020752,0.000000
4996.9757,2026-06-03T17:32:10.427143,-2.020752,0.000000
4997.4808,2026-06-03T17:32:10.932161,-2.020872,0.000000
4998.0018,2026-06-03T17:32:11.453218,-2.020944,0.000000
4998.5145,2026-06-03T17:32:11.965933,-2.020816,0.000000
4999.0056,2026-06-03T17:32:12.457036,-2.020736,0.000000
4999.4781,2026-06-03T17:32:12.929552,-2.020680,0.000000
4999.9698,2026-06-03T17:32:13.421172,-2.020696,0.000000
5000.4665,2026-06-03T17:32:13.917948,-2.020872,0.000000
5000.9645,2026-06-03T17:32:14.415933,-2.021000,0.000000
5001.4637,2026-06-03T17:32:14.915154,-2.020928,0.000000
5001.9976,2026-06-03T17:32:15.449035,-2.021120,0.000000
5002.4911,2026-06-03T17:32:15.942528,-2.021104,0.000000
5002.9968,2026-06-03T17:32:16.448177,-2.021104,0.000000
5003.4923,2026-06-03T17:32:16.943733,-2.021312,0.000000
5004.0014,2026-06-03T17:32:17.452866,-2.021176,0.000000
5004.5305,2026-06-03T17:32:17.981936,-2.021328,0.000000
5005.0010,2026-06-03T17:32:18.452385,-2.021304,0.000000
5005.5032,2026-06-03T17:32:18.954569,-2.021208,0.000000
5006.0056,2026-06-03T17:32:19.456991,-2.021112,0.000000
5006.5062,2026-06-03T17:32:19.957589,-2.021016,0.000000
5007.0062,2026-06-03T17:32:20.457634,-2.021336,0.000000
5007.5027,2026-06-03T17:32:20.954114,-2.021528,0.000000
5008.0300,2026-06-03T17:32:21.481419,-2.021728,0.000000
5008.5222,2026-06-03T17:32:21.973629,-2.021880,0.000000
5009.0252,2026-06-03T17:32:22.476630,-2.021736,0.000000
5009.4920,2026-06-03T17:32:22.943454,-2.021912,0.000000
5009.9868,2026-06-03T17:32:23.438180,-2.022224,0.000000
5010.4767,2026-06-03T17:32:23.928132,-2.022456,0.000000
5010.9760,2026-06-03T17:32:24.427435,-2.023096,0.000000
5011.4797,2026-06-03T17:32:24.931087,-2.022928,0.000000
5012.0103,2026-06-03T17:32:25.461681,-2.022960,0.000000
5012.5039,2026-06-03T17:32:25.955276,-2.022792,0.000000
5013.0072,2026-06-03T17:32:26.458668,-2.022552,0.000000
5013.5123,2026-06-03T17:32:26.963734,-2.022584,0.000000
5014.0037,2026-06-03T17:32:27.455117,-2.022392,0.000000
5014.5323,2026-06-03T17:32:27.983694,-2.022264,0.000000
5015.0314,2026-06-03T17:32:28.482808,-2.022064,0.000000
5015.5371,2026-06-03T17:32:28.988545,-2.021848,0.000000
5016.0280,2026-06-03T17:32:29.479391,-2.021720,0.000000
5016.4933,2026-06-03T17:32:29.944733,-2.021960,0.000000
5016.9642,2026-06-03T17:32:30.415622,-2.022128,0.000000
5017.4622,2026-06-03T17:32:30.913581,-2.022432,0.000000
5017.9617,2026-06-03T17:32:31.413068,-2.022600,0.000000
5018.4583,2026-06-03T17:32:31.909730,-2.022624,0.000000
5018.9479,2026-06-03T17:32:32.399279,-2.022456,0.000000
5019.4171,2026-06-03T17:32:32.868471,-2.022304,0.000000
5019.9074,2026-06-03T17:32:33.358858,-2.022232,0.000000
5020.4033,2026-06-03T17:32:33.854707,-2.022304,0.000000
5020.8983,2026-06-03T17:32:34.349744,-2.022256,0.000000
5021.3948,2026-06-03T17:32:34.846264,-2.022800,0.000000
5021.8580,2026-06-03T17:32:35.309410,-2.023048,0.000000
5022.3220,2026-06-03T17:32:35.773434,-2.022992,0.000000
5022.8157,2026-06-03T17:32:36.267100,-2.023048,0.000000
5023.3243,2026-06-03T17:32:36.775766,-2.022736,0.000000
5023.8182,2026-06-03T17:32:37.269609,-2.022864,0.000000
5024.3105,2026-06-03T17:32:37.761924,-2.022976,0.000000
5024.8186,2026-06-03T17:32:38.270047,-2.023256,0.000000
5025.3269,2026-06-03T17:32:38.778296,-2.023568,0.000000
5025.8283,2026-06-03T17:32:39.279762,-2.023800,0.000000
5026.3256,2026-06-03T17:32:39.777008,-2.024136,0.000000
5026.8031,2026-06-03T17:32:40.254485,-2.024840,0.000000
5027.3026,2026-06-03T17:32:40.754051,-2.025216,0.000000
5027.7877,2026-06-03T17:32:41.239088,-2.025400,0.000000
5028.2853,2026-06-03T17:32:41.736746,-2.025280,0.000000
5028.7905,2026-06-03T17:32:42.241900,-2.025160,0.000000
5029.2823,2026-06-03T17:32:42.733726,-2.025472,0.000000
5029.7882,2026-06-03T17:32:43.239617,-2.026152,0.000000
5030.2904,2026-06-03T17:32:43.741770,-2.028056,0.000000
5030.7588,2026-06-03T17:32:44.210245,-2.028640,0.000000
5031.2582,2026-06-03T17:32:44.709600,-2.028760,0.000000
5031.7613,2026-06-03T17:32:45.212695,-2.028408,0.000000
5032.2893,2026-06-03T17:32:45.740718,-2.027376,0.000000
5032.7862,2026-06-03T17:32:46.237623,-2.026984,0.000000
5033.2926,2026-06-03T17:32:46.744043,-2.026208,0.000000
5033.7961,2026-06-03T17:32:47.247534,-2.026096,0.000000
5034.3026,2026-06-03T17:32:47.753996,-2.026432,0.000000
5034.8001,2026-06-03T17:32:48.251528,-2.026304,0.000000
5035.3263,2026-06-03T17:32:48.777722,-2.026616,0.000000
5035.8117,2026-06-03T17:32:49.263098,-2.026664,0.000000
5036.3101,2026-06-03T17:32:49.761561,-2.026728,0.000000
5036.8114,2026-06-03T17:32:50.262863,-2.026576,0.000000
5037.3054,2026-06-03T17:32:50.756844,-2.026184,0.000000
5037.8039,2026-06-03T17:32:51.255284,-2.026280,0.000000
5038.3116,2026-06-03T17:32:51.762977,-2.025592,0.000000
5038.8215,2026-06-03T17:32:52.272887,-2.026032,0.000000
5039.3196,2026-06-03T17:32:52.770974,-2.026984,0.000000
5039.7937,2026-06-03T17:32:53.245100,-2.027280,0.000000
5040.2977,2026-06-03T17:32:53.749070,-2.027848,0.000000
5040.7866,2026-06-03T17:32:54.237997,-2.027672,0.000000
5041.2946,2026-06-03T17:32:54.746048,-2.027112,0.000000
5041.7870,2026-06-03T17:32:55.238387,-2.026600,0.000000
5042.2795,2026-06-03T17:32:55.730918,-2.026064,0.000000
5042.7900,2026-06-03T17:32:56.241386,-2.025712,0.000000
5043.2895,2026-06-03T17:32:56.740941,-2.025456,0.000000
5043.7641,2026-06-03T17:32:57.215515,-2.025384,0.000000
5044.2656,2026-06-03T17:32:57.716994,-2.025008,0.000000
5044.7638,2026-06-03T17:32:58.215214,-2.024840,0.000000
5045.2624,2026-06-03T17:32:58.713882,-2.025424,0.000000
5045.7488,2026-06-03T17:32:59.200219,-2.025832,0.000000
5046.2405,2026-06-03T17:32:59.691871,-2.025912,0.000000
5046.6874,2026-06-03T17:33:00.138795,-2.025864,0.000000
5047.1782,2026-06-03T17:33:00.629623,-2.025536,0.000000
5047.6737,2026-06-03T17:33:01.125125,-2.025784,0.000000
5048.1545,2026-06-03T17:33:01.605957,-2.027040,0.000000
5048.6511,2026-06-03T17:33:02.102488,-2.027568,0.000000
5049.1489,2026-06-03T17:33:02.600272,-2.028056,0.000000
5049.6516,2026-06-03T17:33:03.103005,-2.028064,0.000000
5050.1218,2026-06-03T17:33:03.573255,-2.028280,0.000000
5050.6197,2026-06-03T17:33:04.071142,-2.029936,0.000000
5051.1125,2026-06-03T17:33:04.563924,-2.031008,0.000000
5051.6095,2026-06-03T17:33:05.060951,-2.032736,0.000000
5052.1007,2026-06-03T17:33:05.552073,-2.033192,0.000000
5052.6046,2026-06-03T17:33:06.055985,-2.032816,0.000000
5053.1029,2026-06-03T17:33:06.554306,-2.033456,0.000000
5053.5988,2026-06-03T17:33:07.050225,-2.032344,0.000000
5054.0921,2026-06-03T17:33:07.543553,-2.032296,0.000000
5054.5914,2026-06-03T17:33:08.042826,-2.032640,0.000000
5055.0915,2026-06-03T17:33:08.542902,-2.032232,0.000000
5055.5973,2026-06-03T17:33:09.048680,-2.033472,0.000000
5056.0811,2026-06-03T17:33:09.532521,-2.033560,0.000000
5056.5471,2026-06-03T17:33:09.998514,-2.033960,0.000000
5057.0382,2026-06-03T17:33:10.489646,-2.034848,0.000000
5057.5515,2026-06-03T17:33:11.002971,-2.034416,0.000000
5058.0539,2026-06-03T17:33:11.505342,-2.035168,0.000000
5058.5582,2026-06-03T17:33:12.009620,-2.035496,0.000000
5059.0551,2026-06-03T17:33:12.506515,-2.035336,0.000000
5059.5544,2026-06-03T17:33:13.005807,-2.035616,0.000000
5060.0525,2026-06-03T17:33:13.503918,-2.035672,0.000000
5060.5580,2026-06-03T17:33:14.009401,-2.035680,0.000000
5061.0656,2026-06-03T17:33:14.516962,-2.035856,0.000000
5061.5615,2026-06-03T17:33:15.012928,-2.036136,0.000000
5062.0444,2026-06-03T17:33:15.495840,-2.036272,0.000000
5062.5323,2026-06-03T17:33:15.983760,-2.036296,0.000000
5063.0145,2026-06-03T17:33:16.465894,-2.036248,0.000000
5063.4829,2026-06-03T17:33:16.934350,-2.036288,0.000000
5063.9799,2026-06-03T17:33:17.431285,-2.036296,0.000000
5064.4830,2026-06-03T17:33:17.934457,-2.036272,0.000000
5064.9833,2026-06-03T17:33:18.434756,-2.036016,0.000000
5065.4848,2026-06-03T17:33:18.936199,-2.035320,0.000000
5065.9863,2026-06-03T17:33:19.437759,-2.035472,0.000000
5066.4858,2026-06-03T17:33:19.937263,-2.036752,0.000000
5066.9765,2026-06-03T17:33:20.427950,-2.037896,0.000000
5067.4699,2026-06-03T17:33:20.921332,-2.039432,0.000000
5067.9656,2026-06-03T17:33:21.417030,-2.039488,0.000000
5068.4318,2026-06-03T17:33:21.883238,-2.039488,0.000000
5068.9135,2026-06-03T17:33:22.364910,-2.038936,0.000000
5069.3917,2026-06-03T17:33:22.843126,-2.039312,0.000000
5069.9030,2026-06-03T17:33:23.354429,-2.040432,0.000000
5070.3617,2026-06-03T17:33:23.813111,-2.040112,0.000000
5070.8656,2026-06-03T17:33:24.317033,-2.040600,0.000000
5071.3681,2026-06-03T17:33:24.819542,-2.040664,0.000000
5071.8456,2026-06-03T17:33:25.297007,-2.040216,0.000000
5072.3391,2026-06-03T17:33:25.790470,-2.040320,0.000000
5072.8472,2026-06-03T17:33:26.298563,-2.040944,0.000000
5073.3675,2026-06-03T17:33:26.818899,-2.041840,0.000000
5073.8596,2026-06-03T17:33:27.310999,-2.042344,0.000000
5074.3584,2026-06-03T17:33:27.809791,-2.042704,0.000000
5074.8529,2026-06-03T17:33:28.304327,-2.041824,0.000000
5075.3545,2026-06-03T17:33:28.805919,-2.040232,0.000000
5075.8452,2026-06-03T17:33:29.296653,-2.039336,0.000000
5076.3431,2026-06-03T17:33:29.794522,-2.038560,0.000000
5076.8709,2026-06-03T17:33:30.322300,-2.037840,0.000000
5077.3653,2026-06-03T17:33:30.816726,-2.037984,0.000000
5077.8640,2026-06-03T17:33:31.315439,-2.037912,0.000000
5078.3669,2026-06-03T17:33:31.818320,-2.038736,0.000000
5078.8658,2026-06-03T17:33:32.317166,-2.039608,0.000000
5079.3569,2026-06-03T17:33:32.808326,-2.040664,0.000000
5079.8515,2026-06-03T17:33:33.302908,-2.041472,0.000000
5080.3402,2026-06-03T17:33:33.791654,-2.042704,0.000000
5080.8193,2026-06-03T17:33:34.270729,-2.043704,0.000000
5081.3132,2026-06-03T17:33:34.764620,-2.043472,0.000000
5081.8151,2026-06-03T17:33:35.266516,-2.043424,0.000000
5082.3147,2026-06-03T17:33:35.766144,-2.042544,0.000000
5082.8097,2026-06-03T17:33:36.261094,-2.041504,0.000000
5083.3112,2026-06-03T17:33:36.762644,-2.041248,0.000000
5083.8113,2026-06-03T17:33:37.262754,-2.042280,0.000000
5084.3070,2026-06-03T17:33:37.758392,-2.042992,0.000000
5084.8025,2026-06-03T17:33:38.253869,-2.043336,0.000000
5085.3192,2026-06-03T17:33:38.770608,-2.043544,0.000000
5085.7986,2026-06-03T17:33:39.250047,-2.042944,0.000000
5086.2983,2026-06-03T17:33:39.749732,-2.043072,0.000000
5086.7950,2026-06-03T17:33:40.246386,-2.043864,0.000000
5087.2945,2026-06-03T17:33:40.745926,-2.044064,0.000000
5087.7674,2026-06-03T17:33:41.218783,-2.043712,0.000000
5088.2453,2026-06-03T17:33:41.696711,-2.043208,0.000000
5088.7466,2026-06-03T17:33:42.198058,-2.042400,0.000000
5089.2095,2026-06-03T17:33:42.660886,-2.042432,0.000000
5089.6966,2026-06-03T17:33:43.148016,-2.042056,0.000000
5090.1940,2026-06-03T17:33:43.645403,-2.042216,0.000000
5090.6975,2026-06-03T17:33:44.148952,-2.042392,0.000000
5091.1895,2026-06-03T17:33:44.640898,-2.042584,0.000000
5091.6929,2026-06-03T17:33:45.144309,-2.043288,0.000000
5092.1742,2026-06-03T17:33:45.625638,-2.043792,0.000000
5092.6699,2026-06-03T17:33:46.121315,-2.043528,0.000000
5093.1584,2026-06-03T17:33:46.609793,-2.042864,0.000000
5093.6593,2026-06-03T17:33:47.110736,-2.042544,0.000000
5094.1420,2026-06-03T17:33:47.593365,-2.042576,0.000000
5094.6399,2026-06-03T17:33:48.091268,-2.043088,0.000000
5095.1374,2026-06-03T17:33:48.588833,-2.043600,0.000000
5095.6275,2026-06-03T17:33:49.078907,-2.044672,0.000000
5096.1267,2026-06-03T17:33:49.578123,-2.044608,0.000000
5096.6059,2026-06-03T17:33:50.057340,-2.044704,0.000000
5097.0731,2026-06-03T17:33:50.524511,-2.044784,0.000000
5097.5674,2026-06-03T17:33:51.018796,-2.043960,0.000000
5098.0642,2026-06-03T17:33:51.515658,-2.043576,0.000000
5098.5864,2026-06-03T17:33:52.037797,-2.043016,0.000000
5099.0804,2026-06-03T17:33:52.531798,-2.042496,0.000000
5099.5571,2026-06-03T17:33:53.008480,-2.042304,0.000000
5100.0423,2026-06-03T17:33:53.493692,-2.041608,0.000000
5100.5330,2026-06-03T17:33:53.984396,-2.041232,0.000000
5101.0092,2026-06-03T17:33:54.460598,-2.041512,0.000000
5101.5099,2026-06-03T17:33:54.961308,-2.041528,0.000000
5102.0096,2026-06-03T17:33:55.461000,-2.042064,0.000000
5102.5100,2026-06-03T17:33:55.961377,-2.042840,0.000000
5103.0099,2026-06-03T17:33:56.461277,-2.042920,0.000000
5103.5070,2026-06-03T17:33:56.958457,-2.044432,0.000000
5104.0181,2026-06-03T17:33:57.469472,-2.044776,0.000000
5104.4927,2026-06-03T17:33:57.944129,-2.045088,0.000000
5104.9816,2026-06-03T17:33:58.433039,-2.045104,0.000000
5105.4753,2026-06-03T17:33:58.926739,-2.043720,0.000000
5105.9766,2026-06-03T17:33:59.427970,-2.043528,0.000000
5106.4611,2026-06-03T17:33:59.912547,-2.042960,0.000000
5106.9571,2026-06-03T17:34:00.408501,-2.042144,0.000000
5107.4431,2026-06-03T17:34:00.894539,-2.042040,0.000000
5107.9510,2026-06-03T17:34:01.402417,-2.041168,0.000000
5108.4508,2026-06-03T17:34:01.902219,-2.040496,0.000000
5108.9507,2026-06-03T17:34:02.402114,-2.040720,0.000000
5109.4407,2026-06-03T17:34:02.892082,-2.041216,0.000000
5109.9361,2026-06-03T17:34:03.387545,-2.041536,0.000000
5110.4284,2026-06-03T17:34:03.879841,-2.041648,0.000000
5110.9062,2026-06-03T17:34:04.357605,-2.041392,0.000000
5111.4098,2026-06-03T17:34:04.861253,-2.040728,0.000000
5111.9097,2026-06-03T17:34:05.361075,-2.040896,0.000000
5112.3965,2026-06-03T17:34:05.847879,-2.042168,0.000000
5112.8931,2026-06-03T17:34:06.344553,-2.043480,0.000000
5113.3534,2026-06-03T17:34:06.804833,-2.044216,0.000000
5113.8302,2026-06-03T17:34:07.281615,-2.045224,0.000000
5114.3156,2026-06-03T17:34:07.767042,-2.045432,0.000000
5114.8068,2026-06-03T17:34:08.258251,-2.045944,0.000000
5115.2886,2026-06-03T17:34:08.740005,-2.046608,0.000000
5115.7727,2026-06-03T17:34:09.224090,-2.045992,0.000000
5116.2606,2026-06-03T17:34:09.712006,-2.046728,0.000000
5116.7504,2026-06-03T17:34:10.201843,-2.047352,0.000000
5117.2153,2026-06-03T17:34:10.666683,-2.048016,0.000000
5117.7097,2026-06-03T17:34:11.161159,-2.049776,0.000000
5118.2089,2026-06-03T17:34:11.660282,-2.049080,0.000000
5118.7065,2026-06-03T17:34:12.157897,-2.047840,0.000000
5119.1986,2026-06-03T17:34:12.650028,-2.046744,0.000000
5119.6944,2026-06-03T17:34:13.145799,-2.045008,0.000000
5120.1887,2026-06-03T17:34:13.640099,-2.045264,0.000000
5120.6920,2026-06-03T17:34:14.143456,-2.045928,0.000000
5121.1956,2026-06-03T17:34:14.646981,-2.045864,0.000000
5121.6884,2026-06-03T17:34:15.139805,-2.046424,0.000000
5122.1470,2026-06-03T17:34:15.598426,-2.045856,0.000000
5122.6435,2026-06-03T17:34:16.094956,-2.045432,0.000000
5123.1347,2026-06-03T17:34:16.586084,-2.045992,0.000000
5123.6306,2026-06-03T17:34:17.082058,-2.046304,0.000000
5124.1269,2026-06-03T17:34:17.578268,-2.046352,0.000000
5124.6299,2026-06-03T17:34:18.081340,-2.045880,0.000000
5125.1527,2026-06-03T17:34:18.604131,-2.045584,0.000000
5125.6599,2026-06-03T17:34:19.111271,-2.045744,0.000000
5126.1493,2026-06-03T17:34:19.600752,-2.046616,0.000000
5126.6462,2026-06-03T17:34:20.097656,-2.047760,0.000000
5127.1429,2026-06-03T17:34:20.594349,-2.048048,0.000000
5127.6464,2026-06-03T17:34:21.097835,-2.048264,0.000000
5128.1381,2026-06-03T17:34:21.589508,-2.048232,0.000000
5128.6715,2026-06-03T17:34:22.122873,-2.048624,0.000000
5129.1662,2026-06-03T17:34:22.617610,-2.048648,0.000000
5129.6633,2026-06-03T17:34:23.114754,-2.048720,0.000000
5130.1631,2026-06-03T17:34:23.614543,-2.048656,0.000000
5130.6734,2026-06-03T17:34:24.124852,-2.048856,0.000000
5131.1717,2026-06-03T17:34:24.623141,-2.049112,0.000000
5131.6674,2026-06-03T17:34:25.118766,-2.048880,0.000000
5132.1716,2026-06-03T17:34:25.622981,-2.047976,0.000000
5132.6676,2026-06-03T17:34:26.118988,-2.046224,0.000000
5133.1604,2026-06-03T17:34:26.611840,-2.045176,0.000000
5133.6584,2026-06-03T17:34:27.109807,-2.044392,0.000000
5134.1550,2026-06-03T17:34:27.606544,-2.044776,0.000000
5134.6417,2026-06-03T17:34:28.093162,-2.045288,0.000000
5135.1400,2026-06-03T17:34:28.591459,-2.045272,0.000000
5135.6502,2026-06-03T17:34:29.101643,-2.046216,0.000000
5136.1622,2026-06-03T17:34:29.613627,-2.046960,0.000000
5136.6603,2026-06-03T17:34:30.111709,-2.048976,0.000000
5137.1566,2026-06-03T17:34:30.607984,-2.050592,0.000000
5137.6572,2026-06-03T17:34:31.108615,-2.050448,0.000000
5138.1636,2026-06-03T17:34:31.615002,-2.050568,0.000000
5138.6596,2026-06-03T17:34:32.111021,-2.049672,0.000000
5139.1553,2026-06-03T17:34:32.606749,-2.049568,0.000000
5139.6232,2026-06-03T17:34:33.074595,-2.050024,0.000000
5140.1247,2026-06-03T17:34:33.576116,-2.050608,0.000000
5140.6230,2026-06-03T17:34:34.074467,-2.051768,0.000000
5141.1034,2026-06-03T17:34:34.554864,-2.052440,0.000000
5141.5879,2026-06-03T17:34:35.039327,-2.052856,0.000000
5142.0853,2026-06-03T17:34:35.536765,-2.053456,0.000000
5142.5805,2026-06-03T17:34:36.031901,-2.053216,0.000000
5143.0881,2026-06-03T17:34:36.539464,-2.053000,0.000000
5143.6065,2026-06-03T17:34:37.057892,-2.053192,0.000000
5144.0977,2026-06-03T17:34:37.549097,-2.053352,0.000000
5144.6030,2026-06-03T17:34:38.054398,-2.053688,0.000000
5145.0988,2026-06-03T17:34:38.550221,-2.053816,0.000000
5145.6025,2026-06-03T17:34:39.053927,-2.053792,0.000000
5146.0794,2026-06-03T17:34:39.530793,-2.053688,0.000000
5146.5598,2026-06-03T17:34:40.011233,-2.053872,0.000000
5147.0349,2026-06-03T17:34:40.486292,-2.054408,0.000000
5147.5318,2026-06-03T17:34:40.983228,-2.054232,0.000000
5148.0220,2026-06-03T17:34:41.473374,-2.054640,0.000000
5148.5110,2026-06-03T17:34:41.962438,-2.054800,0.000000
5149.0024,2026-06-03T17:34:42.453821,-2.054616,0.000000
5149.5071,2026-06-03T17:34:42.958485,-2.055432,0.000000
5149.9953,2026-06-03T17:34:43.446751,-2.055480,0.000000
5150.4983,2026-06-03T17:34:43.949691,-2.055576,0.000000
5150.9868,2026-06-03T17:34:44.438175,-2.055888,0.000000
5151.4883,2026-06-03T17:34:44.939733,-2.056208,0.000000
5151.9911,2026-06-03T17:34:45.442486,-2.055696,0.000000
5152.4886,2026-06-03T17:34:45.939987,-2.054560,0.000000
5152.9524,2026-06-03T17:34:46.403771,-2.053984,0.000000
5153.4590,2026-06-03T17:34:46.910388,-2.053680,0.000000
5153.9638,2026-06-03T17:34:47.415189,-2.053640,0.000000
5154.4364,2026-06-03T17:34:47.887815,-2.054768,0.000000
5154.9396,2026-06-03T17:34:48.391012,-2.055480,0.000000
5155.4064,2026-06-03T17:34:48.857800,-2.055824,0.000000
5155.9119,2026-06-03T17:34:49.363328,-2.055664,0.000000
5156.4376,2026-06-03T17:34:49.889063,-2.055392,0.000000
5156.9361,2026-06-03T17:34:50.387491,-2.054944,0.000000
5157.4230,2026-06-03T17:34:50.874387,-2.054856,0.000000
5157.9240,2026-06-03T17:34:51.375386,-2.055232,0.000000
5158.4187,2026-06-03T17:34:51.870064,-2.054560,0.000000
5158.9190,2026-06-03T17:34:52.370447,-2.055192,0.000000
5159.4095,2026-06-03T17:34:52.860874,-2.055512,0.000000
5159.9188,2026-06-03T17:34:53.370164,-2.055544,0.000000
5160.4197,2026-06-03T17:34:53.871128,-2.056288,0.000000
5160.9192,2026-06-03T17:34:54.370579,-2.056288,0.000000
5161.4110,2026-06-03T17:34:54.862371,-2.056232,0.000000
5161.9148,2026-06-03T17:34:55.366270,-2.056480,0.000000
5162.4113,2026-06-03T17:34:55.862665,-2.057248,0.000000
5162.9248,2026-06-03T17:34:56.376210,-2.057552,0.000000
5163.4231,2026-06-03T17:34:56.874492,-2.057624,0.000000
5163.9360,2026-06-03T17:34:57.387438,-2.057856,0.000000
5164.4354,2026-06-03T17:34:57.886843,-2.057536,0.000000
5164.9186,2026-06-03T17:34:58.370059,-2.057128,0.000000
5165.4233,2026-06-03T17:34:58.874714,-2.057120,0.000000
5165.8939,2026-06-03T17:34:59.345343,-2.057088,0.000000
5166.3667,2026-06-03T17:34:59.818098,-2.057184,0.000000
5166.8665,2026-06-03T17:35:00.317932,-2.057344,0.000000
5167.3684,2026-06-03T17:35:00.819848,-2.057408,0.000000
5167.8849,2026-06-03T17:35:01.336281,-2.057440,0.000000
5168.3708,2026-06-03T17:35:01.822168,-2.057800,0.000000
5168.8520,2026-06-03T17:35:02.303386,-2.058072,0.000000
5169.3280,2026-06-03T17:35:02.779419,-2.058496,0.000000
5169.7999,2026-06-03T17:35:03.251344,-2.058576,0.000000
5170.2844,2026-06-03T17:35:03.735833,-2.058088,0.000000
5170.7820,2026-06-03T17:35:04.233386,-2.057952,0.000000
5171.2875,2026-06-03T17:35:04.738890,-2.057640,0.000000
5171.7802,2026-06-03T17:35:05.231570,-2.057080,0.000000
5172.2821,2026-06-03T17:35:05.733528,-2.057360,0.000000
5172.8067,2026-06-03T17:35:06.258158,-2.057304,0.000000
5173.2944,2026-06-03T17:35:06.745833,-2.057272,0.000000
5173.8005,2026-06-03T17:35:07.251936,-2.057496,0.000000
5174.2957,2026-06-03T17:35:07.747084,-2.057672,0.000000
5174.7926,2026-06-03T17:35:08.243981,-2.057464,0.000000
5175.2988,2026-06-03T17:35:08.750242,-2.057624,0.000000
5175.7881,2026-06-03T17:35:09.239510,-2.057984,0.000000
5176.2525,2026-06-03T17:35:09.703961,-2.058024,0.000000
5176.7561,2026-06-03T17:35:10.207501,-2.058344,0.000000
5177.2355,2026-06-03T17:35:10.686955,-2.058464,0.000000
5177.7313,2026-06-03T17:35:11.182726,-2.058416,0.000000
5178.1920,2026-06-03T17:35:11.643435,-2.058496,0.000000
5178.6586,2026-06-03T17:35:12.110008,-2.058592,0.000000
5179.1572,2026-06-03T17:35:12.608615,-2.058640,0.000000
5179.6508,2026-06-03T17:35:13.102175,-2.058784,0.000000
5180.1490,2026-06-03T17:35:13.600453,-2.058648,0.000000
5180.6506,2026-06-03T17:35:14.101998,-2.058600,0.000000
5181.1831,2026-06-03T17:35:14.634538,-2.058368,0.000000
5181.6634,2026-06-03T17:35:15.114844,-2.058240,0.000000
5182.1596,2026-06-03T17:35:15.611030,-2.058312,0.000000
5182.6636,2026-06-03T17:35:16.115063,-2.058416,0.000000
5183.1606,2026-06-03T17:35:16.612035,-2.058656,0.000000
5183.6670,2026-06-03T17:35:17.118455,-2.058816,0.000000
5184.1934,2026-06-03T17:35:17.644845,-2.058920,0.000000
5184.6693,2026-06-03T17:35:18.120740,-2.058896,0.000000
5185.1671,2026-06-03T17:35:18.618543,-2.058928,0.000000
5185.6710,2026-06-03T17:35:19.122393,-2.058992,0.000000
5186.1673,2026-06-03T17:35:19.618718,-2.059072,0.000000
5186.6662,2026-06-03T17:35:20.117682,-2.058832,0.000000
5187.1380,2026-06-03T17:35:20.589417,-2.058664,0.000000
5187.6251,2026-06-03T17:35:21.076531,-2.058488,0.000000
5188.1428,2026-06-03T17:35:21.594257,-2.058272,0.000000
5188.6467,2026-06-03T17:35:22.098085,-2.058240,0.000000
5189.1467,2026-06-03T17:35:22.598152,-2.058200,0.000000
5189.6486,2026-06-03T17:35:23.100008,-2.058136,0.000000
5190.1403,2026-06-03T17:35:23.591685,-2.057968,0.000000
5190.6424,2026-06-03T17:35:24.093836,-2.058040,0.000000
5191.1396,2026-06-03T17:35:24.591060,-2.058168,0.000000
5191.6500,2026-06-03T17:35:25.101407,-2.058256,0.000000
5192.1645,2026-06-03T17:35:25.615898,-2.058432,0.000000
5192.6684,2026-06-03T17:35:26.119835,-2.058536,0.000000
5193.1668,2026-06-03T17:35:26.618207,-2.058440,0.000000
5193.6630,2026-06-03T17:35:27.114461,-2.058504,0.000000
5194.1690,2026-06-03T17:35:27.620395,-2.058744,0.000000
5194.6630,2026-06-03T17:35:28.114370,-2.058840,0.000000
5195.1562,2026-06-03T17:35:28.607665,-2.058880,0.000000
5195.6512,2026-06-03T17:35:29.102599,-2.058944,0.000000
5196.1562,2026-06-03T17:35:29.607578,-2.058880,0.000000
5196.6499,2026-06-03T17:35:30.101287,-2.058792,0.000000
5197.1559,2026-06-03T17:35:30.607361,-2.059016,0.000000
5197.6476,2026-06-03T17:35:31.099043,-2.059240,0.000000
5198.1563,2026-06-03T17:35:31.607728,-2.059320,0.000000
5198.6481,2026-06-03T17:35:32.099506,-2.059496,0.000000
5199.1509,2026-06-03T17:35:32.602296,-2.059472,0.000000
5199.6468,2026-06-03T17:35:33.098221,-2.059424,0.000000
5200.1421,2026-06-03T17:35:33.593467,-2.059224,0.000000
5200.6350,2026-06-03T17:35:34.086449,-2.059112,0.000000
5201.1354,2026-06-03T17:35:34.586806,-2.059128,0.000000
5201.6352,2026-06-03T17:35:35.086621,-2.059192,0.000000
5202.1313,2026-06-03T17:35:35.582713,-2.059424,0.000000
5202.6068,2026-06-03T17:35:36.058261,-2.059520,0.000000
5203.1186,2026-06-03T17:35:36.569988,-2.059568,0.000000
5203.6206,2026-06-03T17:35:37.072031,-2.059600,0.000000
5204.1226,2026-06-03T17:35:37.573972,-2.059552,0.000000
5204.6105,2026-06-03T17:35:38.061877,-2.059488,0.000000
5205.1125,2026-06-03T17:35:38.563891,-2.059432,0.000000
5205.6086,2026-06-03T17:35:39.060028,-2.059328,0.000000
5206.0805,2026-06-03T17:35:39.531945,-2.059376,0.000000
5206.5793,2026-06-03T17:35:40.030737,-2.059328,0.000000
5207.0719,2026-06-03T17:35:40.523367,-2.059416,0.000000
5207.5770,2026-06-03T17:35:41.028433,-2.059448,0.000000
5208.0840,2026-06-03T17:35:41.535468,-2.059488,0.000000
5208.5874,2026-06-03T17:35:42.038827,-2.059560,0.000000
5209.0854,2026-06-03T17:35:42.536810,-2.059560,0.000000
5209.6068,2026-06-03T17:35:43.058225,-2.059680,0.000000
5210.1081,2026-06-03T17:35:43.559553,-2.059736,0.000000
5210.6082,2026-06-03T17:35:44.059616,-2.059816,0.000000
5211.0823,2026-06-03T17:35:44.533717,-2.059792,0.000000
5211.5475,2026-06-03T17:35:44.998961,-2.059808,0.000000
5212.0433,2026-06-03T17:35:45.494721,-2.059824,0.000000
5212.5483,2026-06-03T17:35:45.999733,-2.059736,0.000000
5213.0395,2026-06-03T17:35:46.490917,-2.059800,0.000000
5213.5477,2026-06-03T17:35:46.999085,-2.059856,0.000000
5214.0721,2026-06-03T17:35:47.523509,-2.059864,0.000000
5214.5561,2026-06-03T17:35:48.007520,-2.060016,0.000000
5215.0390,2026-06-03T17:35:48.490412,-2.060008,0.000000
5215.5042,2026-06-03T17:35:48.955597,-2.059928,0.000000
5215.9998,2026-06-03T17:35:49.451200,-2.059920,0.000000
5216.4877,2026-06-03T17:35:49.939167,-2.059840,0.000000
5216.9833,2026-06-03T17:35:50.434689,-2.059840,0.000000
5217.4767,2026-06-03T17:35:50.928094,-2.059848,0.000000
5217.9793,2026-06-03T17:35:51.430738,-2.059864,0.000000
5218.4466,2026-06-03T17:35:51.898055,-2.059888,0.000000
5218.9343,2026-06-03T17:35:52.385666,-2.059816,0.000000
5219.4170,2026-06-03T17:35:52.868402,-2.059872,0.000000
5219.9227,2026-06-03T17:35:53.374151,-2.059856,0.000000
5220.4189,2026-06-03T17:35:53.870299,-2.059800,0.000000
5220.9251,2026-06-03T17:35:54.376475,-2.059840,0.000000
5221.4207,2026-06-03T17:35:54.872163,-2.059856,0.000000
5221.9185,2026-06-03T17:35:55.369903,-2.059896,0.000000
5222.4184,2026-06-03T17:35:55.869819,-2.059912,0.000000
5222.9103,2026-06-03T17:35:56.361682,-2.059888,0.000000
5223.3774,2026-06-03T17:35:56.828842,-2.059840,0.000000
5223.8756,2026-06-03T17:35:57.327043,-2.059832,0.000000
5224.3604,2026-06-03T17:35:57.811812,-2.059896,0.000000
5224.8452,2026-06-03T17:35:58.296661,-2.059896,0.000000
5225.3462,2026-06-03T17:35:58.797573,-2.059872,0.000000
5225.8504,2026-06-03T17:35:59.301849,-2.059912,0.000000
5226.3449,2026-06-03T17:35:59.796291,-2.059840,0.000000
5226.8429,2026-06-03T17:36:00.294323,-2.059800,0.000000
5227.3421,2026-06-03T17:36:00.793531,-2.059848,0.000000
5227.8503,2026-06-03T17:36:01.301715,-2.059760,0.000000
5228.3307,2026-06-03T17:36:01.782120,-2.059768,0.000000
5228.8307,2026-06-03T17:36:02.282168,-2.059840,0.000000
5229.3268,2026-06-03T17:36:02.778259,-2.059832,0.000000
5229.8214,2026-06-03T17:36:03.272866,-2.059904,0.000000
5230.3225,2026-06-03T17:36:03.773877,-2.059928,0.000000
5230.8264,2026-06-03T17:36:04.277791,-2.059888,0.000000
5231.3231,2026-06-03T17:36:04.774553,-2.059936,0.000000
5231.8241,2026-06-03T17:36:05.275492,-2.059920,0.000000
5232.2936,2026-06-03T17:36:05.744996,-2.059944,0.000000
5232.7944,2026-06-03T17:36:06.245839,-2.059968,0.000000
5233.3047,2026-06-03T17:36:06.756126,-2.059952,0.000000
5233.8042,2026-06-03T17:36:07.255645,-2.059904,0.000000
5234.3085,2026-06-03T17:36:07.759892,-2.059880,0.000000
5234.8178,2026-06-03T17:36:08.269239,-2.059824,0.000000
5235.3251,2026-06-03T17:36:08.776531,-2.059800,0.000000
5235.8194,2026-06-03T17:36:09.270794,-2.059912,0.000000
5236.3187,2026-06-03T17:36:09.770165,-2.059952,0.000000
5236.8207,2026-06-03T17:36:10.272114,-2.059968,0.000000
5237.2809,2026-06-03T17:36:10.732317,-2.059888,0.000000
5237.7449,2026-06-03T17:36:11.196291,-2.059792,0.000000
5238.2405,2026-06-03T17:36:11.691877,-2.059744,0.000000
5238.7287,2026-06-03T17:36:12.180142,-2.059760,0.000000
5239.2074,2026-06-03T17:36:12.658804,-2.059792,0.000000
5239.7082,2026-06-03T17:36:13.159569,-2.059856,0.000000
5240.2014,2026-06-03T17:36:13.652798,-2.059920,0.000000
5240.7018,2026-06-03T17:36:14.153241,-2.059904,0.000000
5241.2018,2026-06-03T17:36:14.653223,-2.059872,0.000000
5241.7041,2026-06-03T17:36:15.155574,-2.059800,0.000000
5242.1953,2026-06-03T17:36:15.646745,-2.059832,0.000000
5242.6962,2026-06-03T17:36:16.147573,-2.059872,0.000000
5243.1894,2026-06-03T17:36:16.640845,-2.059952,0.000000
5243.6844,2026-06-03T17:36:17.135811,-2.060016,0.000000
5244.1731,2026-06-03T17:36:17.624540,-2.059960,0.000000
5244.6749,2026-06-03T17:36:18.126268,-2.059992,0.000000
5245.1697,2026-06-03T17:36:18.621077,-2.059968,0.000000
5245.6750,2026-06-03T17:36:19.126405,-2.060032,0.000000
5246.1613,2026-06-03T17:36:19.612721,-2.060016,0.000000
5246.6514,2026-06-03T17:36:20.102809,-2.060008,0.000000
5247.1451,2026-06-03T17:36:20.596496,-2.060048,0.000000
5247.6482,2026-06-03T17:36:21.099590,-2.060000,0.000000
5248.1517,2026-06-03T17:36:21.603149,-2.060008,0.000000
5248.6463,2026-06-03T17:36:22.097700,-2.059944,0.000000
5249.1061,2026-06-03T17:36:22.557515,-2.059960,0.000000
5249.6032,2026-06-03T17:36:23.054642,-2.060008,0.000000
5250.1041,2026-06-03T17:36:23.555563,-2.060104,0.000000
5250.5854,2026-06-03T17:36:24.036827,-2.060200,0.000000
5251.0851,2026-06-03T17:36:24.536482,-2.060368,0.000000
5251.5717,2026-06-03T17:36:25.023157,-2.060440,0.000000
5252.0727,2026-06-03T17:36:25.524124,-2.060408,0.000000
5252.5752,2026-06-03T17:36:26.026620,-2.060432,0.000000
5253.1064,2026-06-03T17:36:26.557867,-2.060240,0.000000
5253.6115,2026-06-03T17:36:27.062910,-2.060104,0.000000
5254.0947,2026-06-03T17:36:27.546119,-2.060168,0.000000
5254.5884,2026-06-03T17:36:28.039767,-2.060200,0.000000
5255.0871,2026-06-03T17:36:28.538567,-2.060344,0.000000
5255.5694,2026-06-03T17:36:29.020765,-2.060456,0.000000
5256.0753,2026-06-03T17:36:29.526702,-2.060608,0.000000
5256.5619,2026-06-03T17:36:30.013271,-2.060632,0.000000
5257.0627,2026-06-03T17:36:30.514070,-2.060544,0.000000
5257.5232,2026-06-03T17:36:30.974649,-2.060560,0.000000
5258.0188,2026-06-03T17:36:31.470175,-2.060424,0.000000
5258.5186,2026-06-03T17:36:31.970028,-2.060400,0.000000
5258.9918,2026-06-03T17:36:32.443263,-2.060328,0.000000
5259.4841,2026-06-03T17:36:32.935488,-2.060192,0.000000
5259.9653,2026-06-03T17:36:33.416703,-2.060192,0.000000
5260.4861,2026-06-03T17:36:33.937559,-2.060120,0.000000
5261.0044,2026-06-03T17:36:34.455828,-2.060352,0.000000
5261.4883,2026-06-03T17:36:34.939718,-2.060480,0.000000
5261.9883,2026-06-03T17:36:35.439748,-2.060528,0.000000
5262.4919,2026-06-03T17:36:35.943358,-2.060496,0.000000
5262.9745,2026-06-03T17:36:36.425946,-2.060368,0.000000
5263.4728,2026-06-03T17:36:36.924216,-2.060456,0.000000
5263.9902,2026-06-03T17:36:37.441611,-2.060472,0.000000
5264.4979,2026-06-03T17:36:37.949321,-2.060568,0.000000
5265.0009,2026-06-03T17:36:38.452285,-2.060544,0.000000
5265.4763,2026-06-03T17:36:38.927757,-2.060392,0.000000
5265.9728,2026-06-03T17:36:39.424229,-2.060496,0.000000
5266.4644,2026-06-03T17:36:39.915808,-2.060536,0.000000
5266.9564,2026-06-03T17:36:40.407774,-2.060616,0.000000
5267.4473,2026-06-03T17:36:40.898712,-2.060720,0.000000
5267.9411,2026-06-03T17:36:41.392540,-2.060720,0.000000
5268.4626,2026-06-03T17:36:41.913968,-2.060664,0.000000
5268.9733,2026-06-03T17:36:42.424733,-2.060720,0.000000
5269.4506,2026-06-03T17:36:42.901977,-2.060696,0.000000
5269.9489,2026-06-03T17:36:43.400341,-2.060560,0.000000
5270.4193,2026-06-03T17:36:43.870714,-2.060600,0.000000
5270.9135,2026-06-03T17:36:44.364875,-2.060512,0.000000
5271.4043,2026-06-03T17:36:44.855701,-2.060464,0.000000
5271.8995,2026-06-03T17:36:45.350916,-2.060368,0.000000
5272.3928,2026-06-03T17:36:45.844172,-2.060304,0.000000
5272.8760,2026-06-03T17:36:46.327372,-2.060416,0.000000
5273.3808,2026-06-03T17:36:46.832227,-2.060400,0.000000
5273.8724,2026-06-03T17:36:47.323826,-2.060568,0.000000
5274.3732,2026-06-03T17:36:47.824586,-2.060616,0.000000
5274.8755,2026-06-03T17:36:48.326967,-2.060616,0.000000
5275.3788,2026-06-03T17:36:48.830229,-2.060864,0.000000
5275.8684,2026-06-03T17:36:49.319770,-2.060872,0.000000
5276.3686,2026-06-03T17:36:49.820014,-2.061008,0.000000
5276.8578,2026-06-03T17:36:50.309252,-2.061056,0.000000
5277.3636,2026-06-03T17:36:50.814981,-2.060968,0.000000
5277.8597,2026-06-03T17:36:51.311086,-2.060976,0.000000
5278.3544,2026-06-03T17:36:51.805844,-2.060880,0.000000
5278.8652,2026-06-03T17:36:52.316627,-2.060736,0.000000
5279.3368,2026-06-03T17:36:52.788222,-2.060664,0.000000
5279.8059,2026-06-03T17:36:53.257328,-2.060672,0.000000
5280.2655,2026-06-03T17:36:53.716918,-2.060600,0.000000
5280.7998,2026-06-03T17:36:54.251219,-2.060712,0.000000
5281.2957,2026-06-03T17:36:54.747159,-2.060920,0.000000
5281.8011,2026-06-03T17:36:55.252508,-2.061136,0.000000
5282.2919,2026-06-03T17:36:55.743351,-2.061200,0.000000
5282.8013,2026-06-03T17:36:56.252697,-2.061264,0.000000
5283.2966,2026-06-03T17:36:56.747966,-2.061152,0.000000
5283.7988,2026-06-03T17:36:57.250165,-2.060976,0.000000
5284.2954,2026-06-03T17:36:57.746837,-2.061048,0.000000
5284.7931,2026-06-03T17:36:58.244497,-2.061192,0.000000
5285.2854,2026-06-03T17:36:58.736805,-2.061256,0.000000
5285.7839,2026-06-03T17:36:59.235329,-2.061272,0.000000
5286.2853,2026-06-03T17:36:59.736766,-2.061440,0.000000
5286.7881,2026-06-03T17:37:00.239505,-2.061280,0.000000
5287.2929,2026-06-03T17:37:00.744271,-2.061072,0.000000
5287.7931,2026-06-03T17:37:01.244490,-2.061008,0.000000
5288.2890,2026-06-03T17:37:01.740407,-2.060704,0.000000
5288.7886,2026-06-03T17:37:02.240027,-2.060400,0.000000
5289.2840,2026-06-03T17:37:02.735369,-2.060376,0.000000
5289.7429,2026-06-03T17:37:03.194343,-2.060400,0.000000
