elapsed_s,timestamp,ch1_MEAN_V,ch2_MEAN_V
0.4701,2026-05-19T17:26:17.285168,0.000000,2.679018
0.9498,2026-05-19T17:26:17.764935,0.000000,2.678883
1.4012,2026-05-19T17:26:18.216337,0.000000,2.678657
1.8914,2026-05-19T17:26:18.706560,0.000000,2.678214
2.3809,2026-05-19T17:26:19.196050,0.000000,2.677610
2.8763,2026-05-19T17:26:19.691413,0.000000,2.677076
3.3247,2026-05-19T17:26:20.139778,0.000000,2.676461
3.8180,2026-05-19T17:26:20.633137,0.000000,2.675960
4.3083,2026-05-19T17:26:21.123421,0.000000,2.675576
4.8204,2026-05-19T17:26:21.635539,0.000000,2.675064
5.3059,2026-05-19T17:26:22.121045,0.000000,2.674720
5.7603,2026-05-19T17:26:22.575377,0.000000,2.674325
6.2168,2026-05-19T17:26:23.031935,0.000000,2.673812
6.6834,2026-05-19T17:26:23.498550,0.000000,2.673509
7.1333,2026-05-19T17:26:23.948370,0.000000,2.673142
7.5935,2026-05-19T17:26:24.408568,0.000000,2.672814
8.0884,2026-05-19T17:26:24.903452,0.000000,2.672544
8.5628,2026-05-19T17:26:25.377927,0.000000,2.672256
9.0157,2026-05-19T17:26:25.830781,0.000000,2.671981
9.5190,2026-05-19T17:26:26.334099,0.000000,2.671708
9.9659,2026-05-19T17:26:26.781019,0.000000,2.671453
10.4170,2026-05-19T17:26:27.232141,0.000000,2.671122
10.8960,2026-05-19T17:26:27.711070,0.000000,2.670747
11.3588,2026-05-19T17:26:28.173869,0.000000,2.670351
11.8204,2026-05-19T17:26:28.635526,0.000000,2.670013
12.3109,2026-05-19T17:26:29.125982,0.000000,2.669651
12.7837,2026-05-19T17:26:29.598799,0.000000,2.669345
13.2763,2026-05-19T17:26:30.091395,0.000000,2.669044
13.7267,2026-05-19T17:26:30.541819,0.000000,2.668709
14.1834,2026-05-19T17:26:30.998517,0.000000,2.668420
14.6624,2026-05-19T17:26:31.477516,0.000000,2.668133
15.1168,2026-05-19T17:26:31.931909,0.000000,2.667874
15.5835,2026-05-19T17:26:32.398609,0.000000,2.667730
16.0440,2026-05-19T17:26:32.859119,0.000000,2.667525
16.4996,2026-05-19T17:26:33.314708,0.000000,2.667400
17.0028,2026-05-19T17:26:33.817934,0.000000,2.667339
17.5023,2026-05-19T17:26:34.317428,0.000000,2.667128
17.9983,2026-05-19T17:26:34.813458,0.000000,2.667009
18.4595,2026-05-19T17:26:35.274600,0.000000,2.666813
18.9360,2026-05-19T17:26:35.751154,0.000000,2.666481
19.4188,2026-05-19T17:26:36.233901,0.000000,2.666175
19.9136,2026-05-19T17:26:36.728718,0.000000,2.665917
20.4213,2026-05-19T17:26:37.236417,0.000000,2.665687
20.9018,2026-05-19T17:26:37.716855,0.000000,2.665556
21.4237,2026-05-19T17:26:38.238837,0.000000,2.665391
21.9187,2026-05-19T17:26:38.733832,0.000000,2.665188
22.3750,2026-05-19T17:26:39.190078,0.000000,2.664962
22.8364,2026-05-19T17:26:39.651546,0.000000,2.664760
23.3209,2026-05-19T17:26:40.135982,0.000000,2.664581
23.8025,2026-05-19T17:26:40.617655,0.000000,2.664448
24.2904,2026-05-19T17:26:41.105546,0.000000,2.664206
24.7862,2026-05-19T17:26:41.601258,0.000000,2.664065
25.2459,2026-05-19T17:26:42.060987,0.000000,2.663890
25.6999,2026-05-19T17:26:42.514990,0.000000,2.663807
26.1520,2026-05-19T17:26:42.967123,0.000000,2.663634
26.6084,2026-05-19T17:26:43.423490,0.000000,2.663438
27.0854,2026-05-19T17:26:43.900547,0.000000,2.663170
27.5355,2026-05-19T17:26:44.350594,0.000000,2.662783
28.0189,2026-05-19T17:26:44.833966,0.000000,2.662572
28.4751,2026-05-19T17:26:45.290240,0.000000,2.662420
28.9647,2026-05-19T17:26:45.779790,0.000000,2.662275
29.4436,2026-05-19T17:26:46.258765,0.000000,2.662146
29.9282,2026-05-19T17:26:46.743256,0.000000,2.661950
30.4140,2026-05-19T17:26:47.229158,0.000000,2.661831
30.9152,2026-05-19T17:26:47.730300,0.000000,2.661757
31.3905,2026-05-19T17:26:48.205643,0.000000,2.661740
31.9066,2026-05-19T17:26:48.721702,0.000000,2.661703
32.3822,2026-05-19T17:26:49.197334,0.000000,2.661598
32.8674,2026-05-19T17:26:49.682537,0.000000,2.661451
33.3689,2026-05-19T17:26:50.184041,0.000000,2.661266
33.8492,2026-05-19T17:26:50.664308,0.000000,2.661118
34.3323,2026-05-19T17:26:51.147426,0.000000,2.661136
34.8273,2026-05-19T17:26:51.642402,0.000000,2.661103
35.3331,2026-05-19T17:26:52.148249,0.000000,2.660946
35.8299,2026-05-19T17:26:52.645055,0.000000,2.660754
36.3346,2026-05-19T17:26:53.149692,0.000000,2.660367
36.8324,2026-05-19T17:26:53.647516,0.000000,2.660146
37.3046,2026-05-19T17:26:54.119745,0.000000,2.659820
37.7836,2026-05-19T17:26:54.598677,0.000000,2.659617
38.2480,2026-05-19T17:26:55.063078,0.000000,2.659448
38.7048,2026-05-19T17:26:55.519878,0.000000,2.659296
39.1546,2026-05-19T17:26:55.969706,0.000000,2.659193
39.6146,2026-05-19T17:26:56.429697,0.000000,2.659033
40.0714,2026-05-19T17:26:56.886547,0.000000,2.658747
40.5322,2026-05-19T17:26:57.347266,0.000000,2.658469
41.0414,2026-05-19T17:26:57.856543,0.000000,2.658235
41.5470,2026-05-19T17:26:58.362125,0.000000,2.658038
42.0147,2026-05-19T17:26:58.829798,0.000000,2.657848
42.4735,2026-05-19T17:26:59.288574,0.000000,2.657646
42.9364,2026-05-19T17:26:59.751516,0.000000,2.657513
43.3942,2026-05-19T17:27:00.209346,0.000000,2.657364
43.8494,2026-05-19T17:27:00.664490,0.000000,2.657355
44.3416,2026-05-19T17:27:01.156714,0.000000,2.657332
44.7877,2026-05-19T17:27:01.602780,0.000000,2.657278
45.2461,2026-05-19T17:27:02.061254,0.000000,2.657199
45.7039,2026-05-19T17:27:02.518990,0.000000,2.657102
46.1648,2026-05-19T17:27:02.979878,0.000000,2.657021
46.6237,2026-05-19T17:27:03.438794,0.000000,2.656784
47.0963,2026-05-19T17:27:03.911441,0.000000,2.656616
47.5543,2026-05-19T17:27:04.369393,0.000000,2.656439
48.0481,2026-05-19T17:27:04.863174,0.000000,2.656283
48.5065,2026-05-19T17:27:05.321576,0.000000,2.656142
48.9687,2026-05-19T17:27:05.783828,0.000000,2.655951
49.4292,2026-05-19T17:27:06.244326,0.000000,2.655777
49.9292,2026-05-19T17:27:06.744351,0.000000,2.655582
50.3889,2026-05-19T17:27:07.203956,0.000000,2.655459
50.8747,2026-05-19T17:27:07.689788,0.000000,2.655290
51.3476,2026-05-19T17:27:08.162709,0.000000,2.655199
51.8190,2026-05-19T17:27:08.634136,0.000000,2.655070
52.3220,2026-05-19T17:27:09.137079,0.000000,2.654910
52.8166,2026-05-19T17:27:09.631728,0.000000,2.654797
53.3232,2026-05-19T17:27:10.138260,0.000000,2.654656
53.7733,2026-05-19T17:27:10.588355,0.000000,2.654556
54.2708,2026-05-19T17:27:11.085875,0.000000,2.654499
54.7563,2026-05-19T17:27:11.571375,0.000000,2.654503
55.2386,2026-05-19T17:27:12.053730,0.000000,2.654496
55.6959,2026-05-19T17:27:12.511046,0.000000,2.654472
56.1761,2026-05-19T17:27:12.991210,0.000000,2.654449
56.6470,2026-05-19T17:27:13.462143,0.000000,2.654324
57.1044,2026-05-19T17:27:13.919506,0.000000,2.654134
57.5542,2026-05-19T17:27:14.369292,0.000000,2.653964
58.0728,2026-05-19T17:27:14.887951,0.000000,2.653770
58.5712,2026-05-19T17:27:15.386268,0.000000,2.653511
59.0330,2026-05-19T17:27:15.848075,0.000000,2.653506
59.5139,2026-05-19T17:27:16.329048,0.000000,2.653379
59.9661,2026-05-19T17:27:16.781153,0.000000,2.653174
60.4310,2026-05-19T17:27:17.246134,0.000000,2.652982
60.8882,2026-05-19T17:27:17.703325,0.000000,2.652677
61.3567,2026-05-19T17:27:18.171826,0.000000,2.652325
61.8227,2026-05-19T17:27:18.637818,0.000000,2.652157
62.2704,2026-05-19T17:27:19.085551,0.000000,2.652035
62.7311,2026-05-19T17:27:19.546170,0.000000,2.651877
63.2210,2026-05-19T17:27:20.036096,0.000000,2.651796
63.7103,2026-05-19T17:27:20.525419,0.000000,2.651817
64.1847,2026-05-19T17:27:20.999755,0.000000,2.651740
64.6352,2026-05-19T17:27:21.450262,0.000000,2.651712
65.0978,2026-05-19T17:27:21.912954,0.000000,2.651663
65.5953,2026-05-19T17:27:22.410443,0.000000,2.651508
66.0975,2026-05-19T17:27:22.912645,0.000000,2.651442
66.5541,2026-05-19T17:27:23.369175,0.000000,2.651278
67.0133,2026-05-19T17:27:23.828406,0.000000,2.651102
67.4619,2026-05-19T17:27:24.276996,0.000000,2.650932
67.9200,2026-05-19T17:27:24.735112,0.000000,2.650706
68.4061,2026-05-19T17:27:25.221234,0.000000,2.650512
68.9073,2026-05-19T17:27:25.722382,0.000000,2.650408
69.3896,2026-05-19T17:27:26.204715,0.000000,2.650236
69.8962,2026-05-19T17:27:26.711357,0.000000,2.650120
70.4182,2026-05-19T17:27:27.233299,0.000000,2.649998
70.9107,2026-05-19T17:27:27.725765,0.000000,2.649982
71.3976,2026-05-19T17:27:28.212708,0.000000,2.649954
71.8973,2026-05-19T17:27:28.712450,0.000000,2.649885
72.3661,2026-05-19T17:27:29.181237,0.000000,2.649814
72.8166,2026-05-19T17:27:29.631655,0.000000,2.649778
73.3074,2026-05-19T17:27:30.122551,0.000000,2.649642
73.8034,2026-05-19T17:27:30.618489,0.000000,2.649540
74.3249,2026-05-19T17:27:31.140027,0.000000,2.649370
74.7992,2026-05-19T17:27:31.614331,0.000000,2.649123
75.3433,2026-05-19T17:27:32.158427,0.000000,2.648970
75.8012,2026-05-19T17:27:32.616281,0.000000,2.648791
76.2861,2026-05-19T17:27:33.101228,0.000000,2.648728
76.7835,2026-05-19T17:27:33.598566,0.000000,2.648582
77.2777,2026-05-19T17:27:34.092853,0.000000,2.648421
77.7311,2026-05-19T17:27:34.546230,0.000000,2.648318
78.2227,2026-05-19T17:27:35.037779,0.000000,2.648102
78.7594,2026-05-19T17:27:35.574532,0.000000,2.647978
79.2835,2026-05-19T17:27:36.098604,0.000000,2.647961
79.7814,2026-05-19T17:27:36.596524,0.000000,2.647924
80.2451,2026-05-19T17:27:37.060162,0.000000,2.647929
80.6986,2026-05-19T17:27:37.513707,0.000000,2.647863
81.1771,2026-05-19T17:27:37.992256,0.000000,2.647682
81.6373,2026-05-19T17:27:38.452354,0.000000,2.647478
82.1389,2026-05-19T17:27:38.954044,0.000000,2.647389
82.5968,2026-05-19T17:27:39.411922,0.000000,2.647310
83.0949,2026-05-19T17:27:39.909997,0.000000,2.647278
83.5695,2026-05-19T17:27:40.384650,0.000000,2.647238
84.0253,2026-05-19T17:27:40.840362,0.000000,2.647178
84.4805,2026-05-19T17:27:41.295614,0.000000,2.647084
84.9429,2026-05-19T17:27:41.758034,0.000000,2.647054
85.4084,2026-05-19T17:27:42.223502,0.000000,2.647030
85.9038,2026-05-19T17:27:42.718905,0.000000,2.647004
86.3796,2026-05-19T17:27:43.194695,0.000000,2.646919
86.8783,2026-05-19T17:27:43.693362,0.000000,2.646721
87.3808,2026-05-19T17:27:44.195956,0.000000,2.646588
87.8760,2026-05-19T17:27:44.691077,0.000000,2.646466
88.3819,2026-05-19T17:27:45.197035,0.000000,2.646340
88.8460,2026-05-19T17:27:45.661110,0.000000,2.646344
89.3479,2026-05-19T17:27:46.163045,0.000000,2.646184
89.8378,2026-05-19T17:27:46.652912,0.000000,2.645955
90.3409,2026-05-19T17:27:47.156036,0.000000,2.645818
90.8009,2026-05-19T17:27:47.615996,0.000000,2.645682
91.2715,2026-05-19T17:27:48.086637,0.000000,2.645584
91.7677,2026-05-19T17:27:48.582802,0.000000,2.645578
92.2311,2026-05-19T17:27:49.046225,0.000000,2.645535
92.7230,2026-05-19T17:27:49.538157,0.000000,2.645432
93.2303,2026-05-19T17:27:50.045369,0.000000,2.645346
93.7593,2026-05-19T17:27:50.574449,0.000000,2.645284
94.2389,2026-05-19T17:27:51.053958,0.000000,2.645240
94.7334,2026-05-19T17:27:51.548472,0.000000,2.645202
95.2005,2026-05-19T17:27:52.015551,0.000000,2.645012
95.6947,2026-05-19T17:27:52.509857,0.000000,2.644964
96.1555,2026-05-19T17:27:52.970642,0.000000,2.644879
96.6229,2026-05-19T17:27:53.438038,0.000000,2.644756
97.0963,2026-05-19T17:27:53.911444,0.000000,2.644712
97.5450,2026-05-19T17:27:54.360165,0.000000,2.644540
98.0091,2026-05-19T17:27:54.824240,0.000000,2.644481
98.4819,2026-05-19T17:27:55.297048,0.000000,2.644506
98.9753,2026-05-19T17:27:55.790452,0.000000,2.644511
99.4734,2026-05-19T17:27:56.288499,0.000000,2.644524
99.9776,2026-05-19T17:27:56.792750,0.000000,2.644499
100.4961,2026-05-19T17:27:57.311227,0.000000,2.644381
100.9795,2026-05-19T17:27:57.794600,0.000000,2.644355
101.4757,2026-05-19T17:27:58.290805,0.000000,2.644230
101.9324,2026-05-19T17:27:58.747483,0.000000,2.644108
102.4094,2026-05-19T17:27:59.224550,0.000000,2.643957
102.8996,2026-05-19T17:27:59.714719,0.000000,2.643811
103.3948,2026-05-19T17:28:00.209947,0.000000,2.643766
103.8728,2026-05-19T17:28:00.687939,0.000000,2.643674
104.3720,2026-05-19T17:28:01.187062,0.000000,2.643506
104.8761,2026-05-19T17:28:01.691233,0.000000,2.643258
105.3635,2026-05-19T17:28:02.178581,0.000000,2.643032
105.8117,2026-05-19T17:28:02.626805,0.000000,2.642870
106.3442,2026-05-19T17:28:03.159280,0.000000,2.642770
106.8471,2026-05-19T17:28:03.662165,0.000000,2.642764
107.3106,2026-05-19T17:28:04.125669,0.000000,2.642754
107.7711,2026-05-19T17:28:04.586240,0.000000,2.642672
108.2211,2026-05-19T17:28:05.036233,0.000000,2.642640
108.7411,2026-05-19T17:28:05.556165,0.000000,2.642489
109.2396,2026-05-19T17:28:06.054710,0.000000,2.642334
109.7460,2026-05-19T17:28:06.561100,0.000000,2.642162
110.2953,2026-05-19T17:28:07.110371,0.000000,2.642081
110.7994,2026-05-19T17:28:07.614524,0.000000,2.641943
111.2718,2026-05-19T17:28:08.086955,0.000000,2.641802
111.7647,2026-05-19T17:28:08.579775,0.000000,2.641742
112.2170,2026-05-19T17:28:09.032101,0.000000,2.641577
112.7148,2026-05-19T17:28:09.529908,0.000000,2.641516
113.2000,2026-05-19T17:28:10.015071,0.000000,2.641377
113.6524,2026-05-19T17:28:10.467476,0.000000,2.641286
114.1353,2026-05-19T17:28:10.950385,0.000000,2.641181
114.6431,2026-05-19T17:28:11.458187,0.000000,2.641099
115.0930,2026-05-19T17:28:11.908147,0.000000,2.641118
115.5917,2026-05-19T17:28:12.406813,0.000000,2.641128
116.1087,2026-05-19T17:28:12.923768,0.000000,2.641134
116.5882,2026-05-19T17:28:13.403284,0.000000,2.641044
117.1008,2026-05-19T17:28:13.915917,0.000000,2.640921
117.5615,2026-05-19T17:28:14.376569,0.000000,2.640687
118.0396,2026-05-19T17:28:14.854648,0.000000,2.640506
118.5052,2026-05-19T17:28:15.320316,0.000000,2.640344
118.9886,2026-05-19T17:28:15.803741,0.000000,2.640182
119.4445,2026-05-19T17:28:16.259646,0.000000,2.640064
119.9144,2026-05-19T17:28:16.729506,0.000000,2.639879
120.3984,2026-05-19T17:28:17.213551,0.000000,2.639738
120.8787,2026-05-19T17:28:17.693845,0.000000,2.639560
121.3646,2026-05-19T17:28:18.179731,0.000000,2.639380
121.8293,2026-05-19T17:28:18.644364,0.000000,2.639274
122.3343,2026-05-19T17:28:19.149440,0.000000,2.639272
122.8128,2026-05-19T17:28:19.627887,0.000000,2.639188
123.3429,2026-05-19T17:28:20.158017,0.000000,2.639038
123.8396,2026-05-19T17:28:20.654665,0.000000,2.638862
124.3403,2026-05-19T17:28:21.155372,0.000000,2.638600
124.8405,2026-05-19T17:28:21.655583,0.000000,2.638402
125.3327,2026-05-19T17:28:22.147766,0.000000,2.638240
125.8305,2026-05-19T17:28:22.645647,0.000000,2.638164
126.3445,2026-05-19T17:28:23.159550,0.000000,2.638115
126.8540,2026-05-19T17:28:23.669117,0.000000,2.638027
127.3649,2026-05-19T17:28:24.180002,0.000000,2.638038
127.8557,2026-05-19T17:28:24.670822,0.000000,2.638032
128.3433,2026-05-19T17:28:25.158371,0.000000,2.637950
128.8399,2026-05-19T17:28:25.654982,0.000000,2.637902
129.3408,2026-05-19T17:28:26.155940,0.000000,2.637845
129.8147,2026-05-19T17:28:26.629796,0.000000,2.637818
130.3192,2026-05-19T17:28:27.134342,0.000000,2.637735
130.7882,2026-05-19T17:28:27.603338,0.000000,2.637684
131.3240,2026-05-19T17:28:28.139083,0.000000,2.637627
131.8097,2026-05-19T17:28:28.624836,0.000000,2.637542
132.3168,2026-05-19T17:28:29.131862,0.000000,2.637425
132.7862,2026-05-19T17:28:29.601320,0.000000,2.637322
133.2928,2026-05-19T17:28:30.107871,0.000000,2.637299
133.7847,2026-05-19T17:28:30.599959,0.000000,2.637232
134.2801,2026-05-19T17:28:31.095239,0.000000,2.637216
134.7846,2026-05-19T17:28:31.599696,0.000000,2.637230
135.2941,2026-05-19T17:28:32.109241,0.000000,2.637132
135.7774,2026-05-19T17:28:32.592479,0.000000,2.637098
136.2707,2026-05-19T17:28:33.085856,0.000000,2.637090
136.7677,2026-05-19T17:28:33.582751,0.000000,2.637030
137.2646,2026-05-19T17:28:34.079712,0.000000,2.636874
137.7467,2026-05-19T17:28:34.561796,0.000000,2.636628
138.2356,2026-05-19T17:28:35.050718,0.000000,2.636385
138.7212,2026-05-19T17:28:35.536318,0.000000,2.636157
139.2424,2026-05-19T17:28:36.057466,0.000000,2.635904
139.7478,2026-05-19T17:28:36.562886,0.000000,2.635791
140.2460,2026-05-19T17:28:37.061067,0.000000,2.635665
140.7467,2026-05-19T17:28:37.561832,0.000000,2.635466
141.2689,2026-05-19T17:28:38.084058,0.000000,2.635426
141.7987,2026-05-19T17:28:38.613818,0.000000,2.635312
142.2931,2026-05-19T17:28:39.108263,0.000000,2.635204
142.7995,2026-05-19T17:28:39.614644,0.000000,2.635011
143.2963,2026-05-19T17:28:40.111441,0.000000,2.634765
143.7982,2026-05-19T17:28:40.613276,0.000000,2.634589
144.3367,2026-05-19T17:28:41.151831,0.000000,2.634437
144.8135,2026-05-19T17:28:41.628580,0.000000,2.634315
145.3270,2026-05-19T17:28:42.142090,0.000000,2.634328
145.8018,2026-05-19T17:28:42.616956,0.000000,2.634176
146.2955,2026-05-19T17:28:43.110658,0.000000,2.634097
146.8017,2026-05-19T17:28:43.616779,0.000000,2.633988
147.2869,2026-05-19T17:28:44.101962,0.000000,2.633828
147.7888,2026-05-19T17:28:44.603906,0.000000,2.633731
148.2784,2026-05-19T17:28:45.093540,0.000000,2.633521
148.7772,2026-05-19T17:28:45.592359,0.000000,2.633397
149.2826,2026-05-19T17:28:46.097672,0.000000,2.633200
149.7843,2026-05-19T17:28:46.599363,0.000000,2.632970
150.2490,2026-05-19T17:28:47.064076,0.000000,2.632876
150.7490,2026-05-19T17:28:47.564086,0.000000,2.632752
151.2524,2026-05-19T17:28:48.067510,0.000000,2.632735
151.7314,2026-05-19T17:28:48.546556,0.000000,2.632663
152.2065,2026-05-19T17:28:49.021584,0.000000,2.632720
152.6977,2026-05-19T17:28:49.512781,0.000000,2.632610
153.2202,2026-05-19T17:28:50.035315,0.000000,2.632518
153.7268,2026-05-19T17:28:50.541924,0.000000,2.632398
154.2305,2026-05-19T17:28:51.045633,0.000000,2.632230
154.7177,2026-05-19T17:28:51.532817,0.000000,2.632134
155.2211,2026-05-19T17:28:52.036167,0.000000,2.631958
155.7388,2026-05-19T17:28:52.553905,0.000000,2.631854
156.2204,2026-05-19T17:28:53.035478,0.000000,2.631728
156.7412,2026-05-19T17:28:53.556305,0.000000,2.631518
157.2199,2026-05-19T17:28:54.034954,0.000000,2.631468
157.6842,2026-05-19T17:28:54.499279,0.000000,2.631334
158.1445,2026-05-19T17:28:54.959561,0.000000,2.631259
158.6131,2026-05-19T17:28:55.428244,0.000000,2.631221
159.1084,2026-05-19T17:28:55.923472,0.000000,2.631019
159.5613,2026-05-19T17:28:56.376448,0.000000,2.630864
160.0189,2026-05-19T17:28:56.834023,0.000000,2.630702
160.5289,2026-05-19T17:28:57.344019,0.000000,2.630532
160.9894,2026-05-19T17:28:57.804491,0.000000,2.630308
161.4442,2026-05-19T17:28:58.259322,0.000000,2.630043
161.9124,2026-05-19T17:28:58.727545,0.000000,2.629873
162.3997,2026-05-19T17:28:59.214814,0.000000,2.629718
162.8730,2026-05-19T17:28:59.688094,0.000000,2.629626
163.3675,2026-05-19T17:29:00.182654,0.000000,2.629450
163.8621,2026-05-19T17:29:00.677192,0.000000,2.629336
164.3480,2026-05-19T17:29:01.163142,0.000000,2.629297
164.8764,2026-05-19T17:29:01.691461,0.000000,2.629214
165.3638,2026-05-19T17:29:02.178933,0.000000,2.629210
165.8402,2026-05-19T17:29:02.655296,0.000000,2.629091
166.3311,2026-05-19T17:29:03.146220,0.000000,2.628976
166.8289,2026-05-19T17:29:03.644042,0.000000,2.628792
167.3337,2026-05-19T17:29:04.148824,0.000000,2.628634
167.8313,2026-05-19T17:29:04.646397,0.000000,2.628598
168.3274,2026-05-19T17:29:05.142538,0.000000,2.628489
168.8471,2026-05-19T17:29:05.662198,0.000000,2.628524
169.3691,2026-05-19T17:29:06.184237,0.000000,2.628588
169.8603,2026-05-19T17:29:06.675384,0.000000,2.628557
170.3404,2026-05-19T17:29:07.155466,0.000000,2.628556
170.8410,2026-05-19T17:29:07.656093,0.000000,2.628522
171.3857,2026-05-19T17:29:08.200766,0.000000,2.628350
171.8841,2026-05-19T17:29:08.699156,0.000000,2.628138
172.3734,2026-05-19T17:29:09.188506,0.000000,2.627886
172.8241,2026-05-19T17:29:09.639171,0.000000,2.627625
173.3014,2026-05-19T17:29:10.116550,0.000000,2.627475
173.8106,2026-05-19T17:29:10.625687,0.000000,2.627323
174.2854,2026-05-19T17:29:11.100478,0.000000,2.627282
174.7848,2026-05-19T17:29:11.599918,0.000000,2.627176
175.2480,2026-05-19T17:29:12.063093,0.000000,2.627169
175.7043,2026-05-19T17:29:12.519422,0.000000,2.627166
176.1845,2026-05-19T17:29:12.999616,0.000000,2.627053
176.6378,2026-05-19T17:29:13.452943,0.000000,2.627069
177.1063,2026-05-19T17:29:13.921389,0.000000,2.627040
177.5717,2026-05-19T17:29:14.386779,0.000000,2.626858
178.0582,2026-05-19T17:29:14.873275,0.000000,2.626741
178.5307,2026-05-19T17:29:15.345776,0.000000,2.626528
179.0358,2026-05-19T17:29:15.850881,0.000000,2.626286
179.5046,2026-05-19T17:29:16.319748,0.000000,2.626043
179.9968,2026-05-19T17:29:16.811951,0.000000,2.625837
180.4807,2026-05-19T17:29:17.295781,0.000000,2.625747
180.9704,2026-05-19T17:29:17.785533,0.000000,2.625598
181.4658,2026-05-19T17:29:18.280881,0.000000,2.625436
181.9566,2026-05-19T17:29:18.771745,0.000000,2.625339
182.4218,2026-05-19T17:29:19.236925,0.000000,2.625148
182.9119,2026-05-19T17:29:19.727019,0.000000,2.624928
183.3714,2026-05-19T17:29:20.186528,0.000000,2.624806
183.8405,2026-05-19T17:29:20.655637,0.000000,2.624761
184.2896,2026-05-19T17:29:21.104728,0.000000,2.624626
184.7516,2026-05-19T17:29:21.566694,0.000000,2.624548
185.2084,2026-05-19T17:29:22.023536,0.000000,2.624540
185.6762,2026-05-19T17:29:22.491264,0.000000,2.624424
186.1258,2026-05-19T17:29:22.940899,0.000000,2.624450
186.6206,2026-05-19T17:29:23.435721,0.000000,2.624433
187.1014,2026-05-19T17:29:23.916460,0.000000,2.624338
187.5679,2026-05-19T17:29:24.383048,0.000000,2.624257
188.0615,2026-05-19T17:29:24.876583,0.000000,2.624120
188.5294,2026-05-19T17:29:25.344523,0.000000,2.624063
188.9772,2026-05-19T17:29:25.792298,0.000000,2.624096
189.4753,2026-05-19T17:29:26.290408,0.000000,2.624065
189.9772,2026-05-19T17:29:26.792263,0.000000,2.624073
190.4767,2026-05-19T17:29:27.291762,0.000000,2.623973
190.9672,2026-05-19T17:29:27.782335,0.000000,2.623817
191.4779,2026-05-19T17:29:28.292970,0.000000,2.623696
191.9526,2026-05-19T17:29:28.767731,0.000000,2.623568
192.4706,2026-05-19T17:29:29.285717,0.000000,2.623446
192.9355,2026-05-19T17:29:29.750601,0.000000,2.623315
193.4273,2026-05-19T17:29:30.242435,0.000000,2.623264
193.8773,2026-05-19T17:29:30.692405,0.000000,2.623166
194.3422,2026-05-19T17:29:31.157284,0.000000,2.623179
194.8320,2026-05-19T17:29:31.647115,0.000000,2.623212
195.2839,2026-05-19T17:29:32.099022,0.000000,2.623136
195.7859,2026-05-19T17:29:32.601083,0.000000,2.623032
196.2521,2026-05-19T17:29:33.067225,0.000000,2.622856
196.7027,2026-05-19T17:29:33.517827,0.000000,2.622688
197.1966,2026-05-19T17:29:34.011709,0.000000,2.622530
197.6663,2026-05-19T17:29:34.481376,0.000000,2.622468
198.1521,2026-05-19T17:29:34.967197,0.000000,2.622382
198.6186,2026-05-19T17:29:35.433693,0.000000,2.622218
199.1102,2026-05-19T17:29:35.925329,0.000000,2.622033
199.6141,2026-05-19T17:29:36.429239,0.000000,2.621908
200.1180,2026-05-19T17:29:36.933112,0.000000,2.621722
200.6011,2026-05-19T17:29:37.416187,0.000000,2.621649
201.0977,2026-05-19T17:29:37.912754,0.000000,2.621530
201.5941,2026-05-19T17:29:38.409218,0.000000,2.621363
202.0869,2026-05-19T17:29:38.902031,0.000000,2.621187
202.5438,2026-05-19T17:29:39.358904,0.000000,2.620966
202.9928,2026-05-19T17:29:39.807896,0.000000,2.620699
203.4813,2026-05-19T17:29:40.296419,0.000000,2.620451
203.9512,2026-05-19T17:29:40.766261,0.000000,2.620244
204.4367,2026-05-19T17:29:41.251784,0.000000,2.620086
204.9190,2026-05-19T17:29:41.734133,0.000000,2.620016
205.4336,2026-05-19T17:29:42.248674,0.000000,2.619878
205.9814,2026-05-19T17:29:42.796461,0.000000,2.619638
206.4685,2026-05-19T17:29:43.283656,0.000000,2.619388
206.9399,2026-05-19T17:29:43.754972,0.000000,2.619201
207.4347,2026-05-19T17:29:44.249770,0.000000,2.619132
207.8931,2026-05-19T17:29:44.708241,0.000000,2.619121
208.3463,2026-05-19T17:29:45.161422,0.000000,2.619034
208.8130,2026-05-19T17:29:45.628148,0.000000,2.618842
209.2637,2026-05-19T17:29:46.078779,0.000000,2.618678
209.7310,2026-05-19T17:29:46.546113,0.000000,2.618507
210.2274,2026-05-19T17:29:47.042464,0.000000,2.618336
210.7299,2026-05-19T17:29:47.545038,0.000000,2.618243
211.1980,2026-05-19T17:29:48.013152,0.000000,2.618177
211.6561,2026-05-19T17:29:48.471243,0.000000,2.618085
212.1055,2026-05-19T17:29:48.920643,0.000000,2.617928
212.5631,2026-05-19T17:29:49.378218,0.000000,2.617832
213.0564,2026-05-19T17:29:49.871519,0.000000,2.617800
213.5044,2026-05-19T17:29:50.319508,0.000000,2.617699
213.9912,2026-05-19T17:29:50.806319,0.000000,2.617750
214.4917,2026-05-19T17:29:51.306843,0.000000,2.617694
214.9677,2026-05-19T17:29:51.782827,0.000000,2.617613
215.4381,2026-05-19T17:29:52.253232,0.000000,2.617533
215.9541,2026-05-19T17:29:52.769174,0.000000,2.617356
216.4230,2026-05-19T17:29:53.238082,0.000000,2.617210
216.9626,2026-05-19T17:29:53.777661,0.000000,2.617071
217.4387,2026-05-19T17:29:54.253819,0.000000,2.616830
217.9205,2026-05-19T17:29:54.735643,0.000000,2.616583
218.3710,2026-05-19T17:29:55.186112,0.000000,2.616335
218.8738,2026-05-19T17:29:55.688904,0.000000,2.616133
219.3480,2026-05-19T17:29:56.163107,0.000000,2.616024
219.8135,2026-05-19T17:29:56.628617,0.000000,2.615938
220.2656,2026-05-19T17:29:57.080713,0.000000,2.615757
220.7244,2026-05-19T17:29:57.539538,0.000000,2.615698
221.2003,2026-05-19T17:29:58.015455,0.000000,2.615545
221.6635,2026-05-19T17:29:58.478615,0.000000,2.615447
222.1563,2026-05-19T17:29:58.971409,0.000000,2.615272
222.6427,2026-05-19T17:29:59.457832,0.000000,2.615103
223.1043,2026-05-19T17:29:59.919409,0.000000,2.614980
223.5629,2026-05-19T17:30:00.378035,0.000000,2.614821
224.0312,2026-05-19T17:30:00.846308,0.000000,2.614648
224.5180,2026-05-19T17:30:01.333071,0.000000,2.614546
224.9801,2026-05-19T17:30:01.795245,0.000000,2.614319
225.4427,2026-05-19T17:30:02.257758,0.000000,2.614099
225.9015,2026-05-19T17:30:02.716593,0.000000,2.613928
226.3632,2026-05-19T17:30:03.178313,0.000000,2.613759
226.8229,2026-05-19T17:30:03.638028,0.000000,2.613603
227.2797,2026-05-19T17:30:04.094763,0.000000,2.613352
227.7394,2026-05-19T17:30:04.554521,0.000000,2.613211
228.1873,2026-05-19T17:30:05.002423,0.000000,2.613059
228.6823,2026-05-19T17:30:05.497415,0.000000,2.612853
229.1749,2026-05-19T17:30:05.990050,0.000000,2.612679
229.6321,2026-05-19T17:30:06.447218,0.000000,2.612524
230.1265,2026-05-19T17:30:06.941581,0.000000,2.612308
230.6194,2026-05-19T17:30:07.434529,0.000000,2.612160
231.1190,2026-05-19T17:30:07.934117,0.000000,2.612014
231.5769,2026-05-19T17:30:08.391996,0.000000,2.611998
232.0874,2026-05-19T17:30:08.902502,0.000000,2.611824
232.5852,2026-05-19T17:30:09.400285,0.000000,2.611751
233.0678,2026-05-19T17:30:09.882899,0.000000,2.611713
233.5515,2026-05-19T17:30:10.366591,0.000000,2.611546
234.0477,2026-05-19T17:30:10.862777,0.000000,2.611411
234.5282,2026-05-19T17:30:11.343252,0.000000,2.611100
235.0173,2026-05-19T17:30:11.832387,0.000000,2.610976
235.5115,2026-05-19T17:30:12.326648,0.000000,2.610919
236.0172,2026-05-19T17:30:12.832280,0.000000,2.610790
236.5307,2026-05-19T17:30:13.345769,0.000000,2.610688
237.0189,2026-05-19T17:30:13.833988,0.000000,2.610401
237.5137,2026-05-19T17:30:14.328812,0.000000,2.610055
237.9842,2026-05-19T17:30:14.799278,0.000000,2.609876
238.4416,2026-05-19T17:30:15.256751,0.000000,2.609690
238.9319,2026-05-19T17:30:15.747026,0.000000,2.609566
239.3842,2026-05-19T17:30:16.199331,0.000000,2.609381
239.8690,2026-05-19T17:30:16.684090,0.000000,2.609168
240.3291,2026-05-19T17:30:17.144213,0.000000,2.609020
240.8350,2026-05-19T17:30:17.650124,0.000000,2.608870
241.3181,2026-05-19T17:30:18.133172,0.000000,2.608688
241.7857,2026-05-19T17:30:18.600828,0.000000,2.608565
242.2470,2026-05-19T17:30:19.062117,0.000000,2.608378
242.7602,2026-05-19T17:30:19.575318,0.000000,2.608235
243.2416,2026-05-19T17:30:20.056729,0.000000,2.608116
243.7783,2026-05-19T17:30:20.593436,0.000000,2.607933
244.2456,2026-05-19T17:30:21.060720,0.000000,2.607896
244.7087,2026-05-19T17:30:21.523847,0.000000,2.607771
245.1584,2026-05-19T17:30:21.973551,0.000000,2.607539
245.6706,2026-05-19T17:30:22.485676,0.000000,2.607474
246.1260,2026-05-19T17:30:22.941112,0.000000,2.607334
246.5858,2026-05-19T17:30:23.400883,0.000000,2.607155
247.0771,2026-05-19T17:30:23.892222,0.000000,2.606952
247.5440,2026-05-19T17:30:24.359159,0.000000,2.606731
248.0365,2026-05-19T17:30:24.851612,0.000000,2.606490
248.5231,2026-05-19T17:30:25.338188,0.000000,2.606347
248.9838,2026-05-19T17:30:25.798902,0.000000,2.606240
249.4557,2026-05-19T17:30:26.270784,0.000000,2.606134
249.9159,2026-05-19T17:30:26.730981,0.000000,2.605932
250.3753,2026-05-19T17:30:27.190371,0.000000,2.605736
250.8787,2026-05-19T17:30:27.693781,0.000000,2.605511
251.3207,2026-05-19T17:30:28.135804,0.000000,2.605264
251.7782,2026-05-19T17:30:28.593320,0.000000,2.605092
252.2344,2026-05-19T17:30:29.049526,0.000000,2.604956
252.7103,2026-05-19T17:30:29.525375,0.000000,2.604791
253.1678,2026-05-19T17:30:29.982933,0.000000,2.604676
253.6252,2026-05-19T17:30:30.440346,0.000000,2.604555
254.0830,2026-05-19T17:30:30.898133,0.000000,2.604413
254.5514,2026-05-19T17:30:31.366507,0.000000,2.604224
255.0087,2026-05-19T17:30:31.823798,0.000000,2.604161
255.4665,2026-05-19T17:30:32.281606,0.000000,2.604062
255.9186,2026-05-19T17:30:32.733666,0.000000,2.603908
256.4228,2026-05-19T17:30:33.237898,0.000000,2.603577
256.8751,2026-05-19T17:30:33.690210,0.000000,2.603406
257.3780,2026-05-19T17:30:34.193110,0.000000,2.603146
257.8255,2026-05-19T17:30:34.640614,0.000000,2.602987
258.2854,2026-05-19T17:30:35.100548,0.000000,2.602882
258.7603,2026-05-19T17:30:35.575439,0.000000,2.602766
259.2104,2026-05-19T17:30:36.025459,0.000000,2.602581
259.6770,2026-05-19T17:30:36.492073,0.000000,2.602437
260.1342,2026-05-19T17:30:36.949278,0.000000,2.602301
260.5846,2026-05-19T17:30:37.399697,0.000000,2.602164
261.0786,2026-05-19T17:30:37.893750,0.000000,2.602067
261.5595,2026-05-19T17:30:38.374554,0.000000,2.601917
262.0007,2026-05-19T17:30:38.815790,0.000000,2.601831
262.4584,2026-05-19T17:30:39.273505,0.000000,2.601546
262.9082,2026-05-19T17:30:39.723289,0.000000,2.601246
263.3899,2026-05-19T17:30:40.205026,0.000000,2.600989
263.8651,2026-05-19T17:30:40.680210,0.000000,2.600802
264.3500,2026-05-19T17:30:41.165062,0.000000,2.600635
264.8322,2026-05-19T17:30:41.647314,0.000000,2.600445
265.2976,2026-05-19T17:30:42.112750,0.000000,2.600238
265.7463,2026-05-19T17:30:42.561372,0.000000,2.600007
266.2229,2026-05-19T17:30:43.038031,0.000000,2.599839
266.6928,2026-05-19T17:30:43.507933,0.000000,2.599673
267.1575,2026-05-19T17:30:43.972587,0.000000,2.599579
267.6129,2026-05-19T17:30:44.427970,0.000000,2.599482
268.0740,2026-05-19T17:30:44.889088,0.000000,2.599301
268.5680,2026-05-19T17:30:45.383074,0.000000,2.599080
269.0684,2026-05-19T17:30:45.883520,0.000000,2.598819
269.5427,2026-05-19T17:30:46.357800,0.000000,2.598534
270.0018,2026-05-19T17:30:46.816869,0.000000,2.598242
270.4666,2026-05-19T17:30:47.281727,0.000000,2.598138
270.9555,2026-05-19T17:30:47.770626,0.000000,2.597949
271.4144,2026-05-19T17:30:48.229477,0.000000,2.597802
271.9145,2026-05-19T17:30:48.729631,0.000000,2.597723
272.3965,2026-05-19T17:30:49.211620,0.000000,2.597562
272.9233,2026-05-19T17:30:49.738448,0.000000,2.597522
273.3968,2026-05-19T17:30:50.211955,0.000000,2.597380
273.8884,2026-05-19T17:30:50.703470,0.000000,2.597184
274.3722,2026-05-19T17:30:51.187306,0.000000,2.597003
274.8310,2026-05-19T17:30:51.646132,0.000000,2.596692
275.2890,2026-05-19T17:30:52.104136,0.000000,2.596440
275.7807,2026-05-19T17:30:52.595777,0.000000,2.596294
276.2498,2026-05-19T17:30:53.064919,0.000000,2.596086
276.7061,2026-05-19T17:30:53.521169,0.000000,2.595844
277.1845,2026-05-19T17:30:53.999599,0.000000,2.595694
277.6389,2026-05-19T17:30:54.454031,0.000000,2.595506
278.1053,2026-05-19T17:30:54.920439,0.000000,2.595199
278.5798,2026-05-19T17:30:55.394921,0.000000,2.595021
279.0484,2026-05-19T17:30:55.863515,0.000000,2.594738
279.5513,2026-05-19T17:30:56.366448,0.000000,2.594518
280.0243,2026-05-19T17:30:56.839426,0.000000,2.594384
280.4799,2026-05-19T17:30:57.295007,0.000000,2.594192
280.9391,2026-05-19T17:30:57.754206,0.000000,2.594112
281.3891,2026-05-19T17:30:58.204225,0.000000,2.593960
281.8579,2026-05-19T17:30:58.672993,0.000000,2.593797
282.3310,2026-05-19T17:30:59.146116,0.000000,2.593593
282.8208,2026-05-19T17:30:59.635903,0.000000,2.593373
283.2795,2026-05-19T17:31:00.094611,0.000000,2.593101
283.7498,2026-05-19T17:31:00.564900,0.000000,2.592883
284.2128,2026-05-19T17:31:01.027953,0.000000,2.592674
284.6980,2026-05-19T17:31:01.513061,0.000000,2.592445
285.1949,2026-05-19T17:31:02.009994,0.000000,2.592250
285.6721,2026-05-19T17:31:02.487160,0.000000,2.592072
286.1702,2026-05-19T17:31:02.985282,0.000000,2.591910
286.6626,2026-05-19T17:31:03.477688,0.000000,2.591789
287.1547,2026-05-19T17:31:03.969757,0.000000,2.591794
287.6126,2026-05-19T17:31:04.427713,0.000000,2.591578
288.1147,2026-05-19T17:31:04.929846,0.000000,2.591526
288.5919,2026-05-19T17:31:05.406999,0.000000,2.591429
289.0563,2026-05-19T17:31:05.871361,0.000000,2.591256
289.5051,2026-05-19T17:31:06.320226,0.000000,2.591303
289.9972,2026-05-19T17:31:06.812337,0.000000,2.591281
290.4541,2026-05-19T17:31:07.269204,0.000000,2.591121
290.9314,2026-05-19T17:31:07.746489,0.000000,2.590999
291.4108,2026-05-19T17:31:08.225871,0.000000,2.590835
291.8982,2026-05-19T17:31:08.713343,0.000000,2.590628
292.3462,2026-05-19T17:31:09.161358,0.000000,2.590486
292.8398,2026-05-19T17:31:09.654935,0.000000,2.590368
293.2793,2026-05-19T17:31:10.094436,0.000000,2.590033
293.7554,2026-05-19T17:31:10.570549,0.000000,2.589905
294.2047,2026-05-19T17:31:11.019823,0.000000,2.589694
294.6633,2026-05-19T17:31:11.478419,0.000000,2.589453
295.1388,2026-05-19T17:31:11.953863,0.000000,2.589272
295.5993,2026-05-19T17:31:12.414419,0.000000,2.589030
296.0613,2026-05-19T17:31:12.876377,0.000000,2.588799
296.5148,2026-05-19T17:31:13.329890,0.000000,2.588503
297.0100,2026-05-19T17:31:13.825105,0.000000,2.588308
297.4766,2026-05-19T17:31:14.291739,0.000000,2.588012
297.9827,2026-05-19T17:31:14.797824,0.000000,2.587823
298.4319,2026-05-19T17:31:15.246967,0.000000,2.587621
298.9130,2026-05-19T17:31:15.728143,0.000000,2.587468
299.3723,2026-05-19T17:31:16.187453,0.000000,2.587338
299.8741,2026-05-19T17:31:16.689248,0.000000,2.587227
300.3312,2026-05-19T17:31:17.146303,0.000000,2.587175
300.8290,2026-05-19T17:31:17.644107,0.000000,2.586993
301.3230,2026-05-19T17:31:18.138143,0.000000,2.586872
301.7898,2026-05-19T17:31:18.604880,0.000000,2.586720
302.2700,2026-05-19T17:31:19.085153,0.000000,2.586510
302.7816,2026-05-19T17:31:19.596718,0.000000,2.586322
303.2641,2026-05-19T17:31:20.079180,0.000000,2.586032
303.7224,2026-05-19T17:31:20.537456,0.000000,2.585808
304.1886,2026-05-19T17:31:21.003737,0.000000,2.585602
304.6817,2026-05-19T17:31:21.496847,0.000000,2.585530
305.1666,2026-05-19T17:31:21.981736,0.000000,2.585490
305.6243,2026-05-19T17:31:22.439374,0.000000,2.585382
306.0849,2026-05-19T17:31:22.899970,0.000000,2.585248
306.5784,2026-05-19T17:31:23.393497,0.000000,2.585048
307.0375,2026-05-19T17:31:23.852562,0.000000,2.584783
307.5399,2026-05-19T17:31:24.355052,0.000000,2.584537
307.9943,2026-05-19T17:31:24.809363,0.000000,2.584350
308.4544,2026-05-19T17:31:25.269457,0.000000,2.584200
308.9482,2026-05-19T17:31:25.763322,0.000000,2.584093
309.4134,2026-05-19T17:31:26.228459,0.000000,2.583926
309.8727,2026-05-19T17:31:26.687771,0.000000,2.583649
310.3316,2026-05-19T17:31:27.146658,0.000000,2.583417
310.8312,2026-05-19T17:31:27.646353,0.000000,2.583230
311.2785,2026-05-19T17:31:28.093579,0.000000,2.582995
311.7298,2026-05-19T17:31:28.544944,0.000000,2.582854
312.1929,2026-05-19T17:31:29.007985,0.000000,2.582795
312.6936,2026-05-19T17:31:29.508737,0.000000,2.582569
313.1593,2026-05-19T17:31:29.974409,0.000000,2.582414
313.6206,2026-05-19T17:31:30.435652,0.000000,2.582204
314.1032,2026-05-19T17:31:30.918273,0.000000,2.581986
314.5855,2026-05-19T17:31:31.400651,0.000000,2.581788
315.0740,2026-05-19T17:31:31.889101,0.000000,2.581613
315.6218,2026-05-19T17:31:32.436935,0.000000,2.581430
316.1080,2026-05-19T17:31:32.923076,0.000000,2.581210
316.5875,2026-05-19T17:31:33.402616,0.000000,2.580992
317.0654,2026-05-19T17:31:33.880519,0.000000,2.580819
317.5197,2026-05-19T17:31:34.334791,0.000000,2.580468
318.0143,2026-05-19T17:31:34.829373,0.000000,2.580282
318.4801,2026-05-19T17:31:35.295230,0.000000,2.579954
318.9399,2026-05-19T17:31:35.754983,0.000000,2.579632
319.4395,2026-05-19T17:31:36.254638,0.000000,2.579334
319.8955,2026-05-19T17:31:36.710601,0.000000,2.579046
320.3659,2026-05-19T17:31:37.180961,0.000000,2.578760
320.8223,2026-05-19T17:31:37.637457,0.000000,2.578396
321.3226,2026-05-19T17:31:38.137696,0.000000,2.578098
321.8216,2026-05-19T17:31:38.636673,0.000000,2.577924
322.2799,2026-05-19T17:31:39.095018,0.000000,2.577726
322.7795,2026-05-19T17:31:39.594602,0.000000,2.577579
323.3151,2026-05-19T17:31:40.130208,0.000000,2.577566
323.7968,2026-05-19T17:31:40.611866,0.000000,2.577405
324.2890,2026-05-19T17:31:41.104125,0.000000,2.577302
324.7911,2026-05-19T17:31:41.606235,0.000000,2.577249
325.2392,2026-05-19T17:31:42.054300,0.000000,2.577063
325.6987,2026-05-19T17:31:42.513824,0.000000,2.576795
326.1974,2026-05-19T17:31:43.012463,0.000000,2.424000
326.6663,2026-05-19T17:31:43.481427,0.000000,0.288470
327.1747,2026-05-19T17:31:43.989757,0.000000,0.286016
327.6601,2026-05-19T17:31:44.475191,0.000000,0.285428
328.1352,2026-05-19T17:31:44.950269,0.000000,0.425305
328.6386,2026-05-19T17:31:45.453706,0.000000,0.286690
329.1377,2026-05-19T17:31:45.952775,0.000000,0.798374
329.6388,2026-05-19T17:31:46.453872,0.000000,1.398811
330.1401,2026-05-19T17:31:46.955175,0.000000,1.915634
330.6399,2026-05-19T17:31:47.455037,0.000000,2.527391
331.1023,2026-05-19T17:31:47.917364,0.000000,2.573513
331.5605,2026-05-19T17:31:48.375589,0.000000,2.573085
332.0270,2026-05-19T17:31:48.842150,0.000000,2.572843
332.5047,2026-05-19T17:31:49.319837,0.000000,2.572636
332.9872,2026-05-19T17:31:49.802309,0.000000,2.572450
333.4515,2026-05-19T17:31:50.266622,0.000000,2.572265
333.9429,2026-05-19T17:31:50.758036,0.000000,2.572057
334.4116,2026-05-19T17:31:51.226663,0.000000,2.571688
334.9023,2026-05-19T17:31:51.717361,0.000000,2.571474
335.3713,2026-05-19T17:31:52.186388,0.000000,2.571252
335.8349,2026-05-19T17:31:52.649985,0.000000,2.571040
336.3431,2026-05-19T17:31:53.158164,0.000000,2.570866
336.8584,2026-05-19T17:31:53.673473,0.000000,2.570589
337.3339,2026-05-19T17:31:54.148995,0.000000,2.570230
337.8181,2026-05-19T17:31:54.633194,0.000000,2.569870
338.2678,2026-05-19T17:31:55.082901,0.000000,2.569534
338.7667,2026-05-19T17:31:55.581821,0.000000,2.569296
339.2607,2026-05-19T17:31:56.075842,0.000000,2.568967
339.7282,2026-05-19T17:31:56.543347,0.000000,2.568617
340.2021,2026-05-19T17:31:57.017194,0.000000,2.568414
340.6581,2026-05-19T17:31:57.473218,0.000000,2.568058
341.1527,2026-05-19T17:31:57.967823,0.000000,2.567741
341.6527,2026-05-19T17:31:58.467816,0.000000,2.567403
342.1188,2026-05-19T17:31:58.933870,0.000000,2.567132
342.6115,2026-05-19T17:31:59.426646,0.000000,2.566887
343.1104,2026-05-19T17:31:59.925546,0.000000,2.566618
343.6128,2026-05-19T17:32:00.427922,0.000000,2.566409
344.1192,2026-05-19T17:32:00.934341,0.000000,2.566052
344.6115,2026-05-19T17:32:01.426591,0.000000,2.565738
345.0622,2026-05-19T17:32:01.877343,0.000000,2.565385
345.5352,2026-05-19T17:32:02.350333,0.000000,2.565104
346.0191,2026-05-19T17:32:02.834207,0.000000,2.564832
346.4806,2026-05-19T17:32:03.295660,0.000000,2.564426
346.9810,2026-05-19T17:32:03.796117,0.000000,2.564084
347.4546,2026-05-19T17:32:04.269750,0.000000,2.563572
347.9189,2026-05-19T17:32:04.733998,0.000000,2.563206
348.3758,2026-05-19T17:32:05.190879,0.000000,2.562939
348.8330,2026-05-19T17:32:05.648094,0.000000,2.562644
349.2866,2026-05-19T17:32:06.101745,0.000000,2.562488
349.7828,2026-05-19T17:32:06.597942,0.000000,2.562147
350.2421,2026-05-19T17:32:07.057188,0.000000,2.561815
350.7445,2026-05-19T17:32:07.559634,0.000000,2.561547
351.2099,2026-05-19T17:32:08.024980,0.000000,2.561186
351.6794,2026-05-19T17:32:08.494493,0.000000,2.560732
352.1343,2026-05-19T17:32:08.949423,0.000000,2.560399
352.6208,2026-05-19T17:32:09.435868,0.000000,2.559990
353.1046,2026-05-19T17:32:09.919656,0.000000,2.559413
353.5539,2026-05-19T17:32:10.369028,0.000000,2.558813
354.0272,2026-05-19T17:32:10.842348,0.000000,2.558211
354.4855,2026-05-19T17:32:11.300649,0.000000,2.557655
355.0217,2026-05-19T17:32:11.836819,0.000000,2.557137
355.5062,2026-05-19T17:32:12.321301,0.000000,2.556562
356.0307,2026-05-19T17:32:12.845796,0.000000,2.555989
356.5142,2026-05-19T17:32:13.329316,0.000000,2.555193
356.9743,2026-05-19T17:32:13.789450,0.000000,2.554492
357.4479,2026-05-19T17:32:14.262996,0.000000,2.553909
357.9148,2026-05-19T17:32:14.729915,0.000000,2.553135
358.3727,2026-05-19T17:32:15.187788,0.000000,2.552450
358.8218,2026-05-19T17:32:15.636872,0.000000,2.551774
359.3409,2026-05-19T17:32:16.156031,0.000000,2.551023
359.8215,2026-05-19T17:32:16.636614,0.000000,2.550362
360.2801,2026-05-19T17:32:17.095192,0.000000,2.549560
360.7819,2026-05-19T17:32:17.596967,0.000000,2.548800
361.2680,2026-05-19T17:32:18.083123,0.000000,2.547933
361.7813,2026-05-19T17:32:18.596393,0.000000,2.547162
362.2626,2026-05-19T17:32:19.077660,0.000000,2.546381
362.8035,2026-05-19T17:32:19.618559,0.000000,2.545457
363.2589,2026-05-19T17:32:20.074044,0.000000,2.544459
363.7089,2026-05-19T17:32:20.523976,0.000000,2.543343
364.1755,2026-05-19T17:32:20.990653,0.000000,2.542478
364.6352,2026-05-19T17:32:21.450324,0.000000,2.541432
365.0875,2026-05-19T17:32:21.902564,0.000000,2.540387
365.6021,2026-05-19T17:32:22.417188,0.000000,2.539347
366.0556,2026-05-19T17:32:22.870701,0.000000,2.538080
366.5190,2026-05-19T17:32:23.334076,0.000000,2.536906
366.9942,2026-05-19T17:32:23.809319,0.000000,2.535807
367.4590,2026-05-19T17:32:24.274115,0.000000,2.534448
367.9272,2026-05-19T17:32:24.742268,0.000000,2.533140
368.3753,2026-05-19T17:32:25.190427,0.000000,2.531984
368.8278,2026-05-19T17:32:25.642948,0.000000,2.530606
369.2923,2026-05-19T17:32:26.107392,0.000000,2.529413
369.7953,2026-05-19T17:32:26.610381,0.000000,2.527982
370.2502,2026-05-19T17:32:27.065340,0.000000,2.526329
370.7098,2026-05-19T17:32:27.524930,0.000000,2.524748
371.1753,2026-05-19T17:32:27.990417,0.000000,2.523400
371.6399,2026-05-19T17:32:28.455047,0.000000,2.521714
372.1449,2026-05-19T17:32:28.959965,0.000000,2.520322
372.6205,2026-05-19T17:32:29.435597,0.000000,2.518318
373.1024,2026-05-19T17:32:29.917501,0.000000,2.516373
373.5589,2026-05-19T17:32:30.374045,0.000000,2.514362
374.0389,2026-05-19T17:32:30.853970,0.000000,2.512463
374.5273,2026-05-19T17:32:31.342453,0.000000,2.510497
374.9906,2026-05-19T17:32:31.805740,0.000000,2.508546
375.4587,2026-05-19T17:32:32.273783,0.000000,2.506501
375.9269,2026-05-19T17:32:32.742028,0.000000,2.504364
376.3863,2026-05-19T17:32:33.201407,0.000000,2.502137
376.8889,2026-05-19T17:32:33.704032,0.000000,2.499799
377.3610,2026-05-19T17:32:34.176110,0.000000,2.497285
377.8340,2026-05-19T17:32:34.649156,0.000000,2.494877
378.3021,2026-05-19T17:32:35.117243,0.000000,2.492454
378.8379,2026-05-19T17:32:35.652968,0.000000,2.490100
379.3172,2026-05-19T17:32:36.132304,0.000000,2.487414
379.8526,2026-05-19T17:32:36.667687,0.000000,2.484818
380.3086,2026-05-19T17:32:37.123688,0.000000,2.481866
380.7609,2026-05-19T17:32:37.575960,0.000000,2.479310
381.2287,2026-05-19T17:32:38.043800,0.000000,2.476967
381.6965,2026-05-19T17:32:38.511572,0.000000,2.473995
382.1850,2026-05-19T17:32:39.000139,0.000000,2.471087
382.6524,2026-05-19T17:32:39.467461,0.000000,2.468136
383.1218,2026-05-19T17:32:39.936890,0.000000,2.465289
383.5752,2026-05-19T17:32:40.390319,0.000000,2.462268
384.0605,2026-05-19T17:32:40.875613,0.000000,2.459388
384.5089,2026-05-19T17:32:41.323990,0.000000,2.456050
384.9871,2026-05-19T17:32:41.802197,0.000000,2.452852
385.4418,2026-05-19T17:32:42.256877,0.000000,2.449439
385.9356,2026-05-19T17:32:42.750743,0.000000,2.446123
386.3937,2026-05-19T17:32:43.208845,0.000000,2.442496
386.8443,2026-05-19T17:32:43.659386,0.000000,2.439188
387.3024,2026-05-19T17:32:44.117491,0.000000,2.435889
387.7940,2026-05-19T17:32:44.609106,0.000000,2.432760
388.2752,2026-05-19T17:32:45.090334,0.000000,2.428550
388.7351,2026-05-19T17:32:45.550216,0.000000,2.424675
389.1938,2026-05-19T17:32:46.008885,0.000000,2.420834
389.6562,2026-05-19T17:32:46.471316,0.000000,2.416903
390.1133,2026-05-19T17:32:46.928371,0.000000,2.412822
390.5676,2026-05-19T17:32:47.382681,0.000000,2.408498
391.0169,2026-05-19T17:32:47.832054,0.000000,2.404176
391.5020,2026-05-19T17:32:48.317149,0.000000,2.399885
391.9948,2026-05-19T17:32:48.809962,0.000000,2.395116
392.4589,2026-05-19T17:32:49.274030,0.000000,2.390200
392.9186,2026-05-19T17:32:49.733696,0.000000,2.385457
393.3782,2026-05-19T17:32:50.193312,0.000000,2.380296
393.8351,2026-05-19T17:32:50.650255,0.000000,2.375110
394.3054,2026-05-19T17:32:51.120468,0.000000,2.370412
394.8063,2026-05-19T17:32:51.621410,0.000000,2.364755
395.2923,2026-05-19T17:32:52.107377,0.000000,2.357622
395.7424,2026-05-19T17:32:52.557495,0.000000,2.351666
396.1927,2026-05-19T17:32:53.007803,0.000000,2.345933
396.6632,2026-05-19T17:32:53.478322,0.000000,2.340201
397.1091,2026-05-19T17:32:53.924237,0.000000,2.334192
397.5674,2026-05-19T17:32:54.382505,0.000000,2.328289
398.0306,2026-05-19T17:32:54.845737,0.000000,2.322153
398.4883,2026-05-19T17:32:55.303410,0.000000,2.316535
398.9554,2026-05-19T17:32:55.770546,0.000000,2.310154
399.4186,2026-05-19T17:32:56.233710,0.000000,2.305389
399.9030,2026-05-19T17:32:56.718069,0.000000,2.300546
400.3668,2026-05-19T17:32:57.181903,0.000000,2.296679
400.8245,2026-05-19T17:32:57.639653,0.000000,2.293278
401.3066,2026-05-19T17:32:58.121668,0.000000,2.290227
401.7831,2026-05-19T17:32:58.598203,0.000000,2.287450
402.2574,2026-05-19T17:32:59.072532,0.000000,2.285508
402.7165,2026-05-19T17:32:59.531597,0.000000,2.284412
403.2017,2026-05-19T17:33:00.016790,0.000000,2.284046
403.6690,2026-05-19T17:33:00.484090,0.000000,2.284003
404.1370,2026-05-19T17:33:00.952086,0.000000,2.284000
404.5864,2026-05-19T17:33:01.401523,0.000000,2.284000
405.0743,2026-05-19T17:33:01.889395,0.000000,2.284000
405.5335,2026-05-19T17:33:02.348598,0.000000,2.284000
406.0270,2026-05-19T17:33:02.842114,0.000000,2.284000
406.4857,2026-05-19T17:33:03.300794,0.000000,2.284000
406.9807,2026-05-19T17:33:03.795782,0.000000,2.284000
407.4895,2026-05-19T17:33:04.304622,0.000000,2.284000
407.9597,2026-05-19T17:33:04.774824,0.000000,2.284000
408.4179,2026-05-19T17:33:05.233013,0.000000,2.284000
408.8748,2026-05-19T17:33:05.689886,0.000000,2.284000
409.3427,2026-05-19T17:33:06.157788,0.000000,2.284000
409.7931,2026-05-19T17:33:06.608157,0.000000,2.284000
410.2506,2026-05-19T17:33:07.065660,0.000000,2.284000
410.7262,2026-05-19T17:33:07.541275,0.000000,2.284000
411.1870,2026-05-19T17:33:08.002138,0.000000,2.284000
411.6760,2026-05-19T17:33:08.491088,0.000000,2.284000
412.1355,2026-05-19T17:33:08.950611,0.000000,2.284000
412.6251,2026-05-19T17:33:09.440247,0.000000,2.284000
413.0942,2026-05-19T17:33:09.909357,0.000000,2.284000
413.5518,2026-05-19T17:33:10.366952,0.000000,2.284000
414.0439,2026-05-19T17:33:10.859017,0.000000,2.284000
414.5018,2026-05-19T17:33:11.316950,0.000000,2.284000
414.9584,2026-05-19T17:33:11.773478,0.000000,2.284000
415.4333,2026-05-19T17:33:12.248398,0.000000,2.284000
415.8800,2026-05-19T17:33:12.695102,0.000000,2.284000
416.3600,2026-05-19T17:33:13.175112,0.000000,2.284000
416.8121,2026-05-19T17:33:13.627233,0.000000,2.284000
417.2755,2026-05-19T17:33:14.090607,0.000000,2.284000
417.7342,2026-05-19T17:33:14.549266,0.000000,2.284000
418.2105,2026-05-19T17:33:15.025571,0.000000,2.284000
418.7003,2026-05-19T17:33:15.515358,0.000000,2.284000
419.1948,2026-05-19T17:33:16.009940,0.000000,2.284000
419.7018,2026-05-19T17:33:16.516873,0.000000,2.284000
420.1672,2026-05-19T17:33:16.982311,0.000000,2.284000
420.6343,2026-05-19T17:33:17.449412,0.000000,2.284000
421.1095,2026-05-19T17:33:17.924625,0.000000,2.284000
421.5643,2026-05-19T17:33:18.379357,0.000000,2.284000
422.0648,2026-05-19T17:33:18.879896,0.000000,2.284000
422.5221,2026-05-19T17:33:19.337180,0.000000,2.284000
423.0137,2026-05-19T17:33:19.828816,0.000000,2.284000
423.4639,2026-05-19T17:33:20.278954,0.000000,2.284000
423.9227,2026-05-19T17:33:20.737828,0.000000,2.284000
424.3792,2026-05-19T17:33:21.194303,0.000000,2.284000
424.8805,2026-05-19T17:33:21.695608,0.000000,2.284000
425.3609,2026-05-19T17:33:22.176039,0.000000,2.284000
425.8400,2026-05-19T17:33:22.655133,0.000000,2.284000
426.2895,2026-05-19T17:33:23.104611,0.000000,2.284000
426.7480,2026-05-19T17:33:23.563104,0.000000,2.284000
427.2047,2026-05-19T17:33:24.019805,0.000000,2.284000
427.6888,2026-05-19T17:33:24.503861,0.000000,2.284000
428.1553,2026-05-19T17:33:24.970423,0.000000,2.284000
428.6135,2026-05-19T17:33:25.428625,0.000000,2.284000
429.0647,2026-05-19T17:33:25.879762,0.000000,2.284000
429.5432,2026-05-19T17:33:26.358281,0.000000,2.284000
429.9963,2026-05-19T17:33:26.811439,0.000000,2.284000
430.4648,2026-05-19T17:33:27.279912,0.000000,2.284000
430.9317,2026-05-19T17:33:27.746800,0.000000,2.284000
431.4080,2026-05-19T17:33:28.223125,0.000000,2.284000
431.8703,2026-05-19T17:33:28.685370,0.000000,2.284000
432.3230,2026-05-19T17:33:29.138053,0.000000,2.284000
432.7785,2026-05-19T17:33:29.593606,0.000000,2.284000
433.2380,2026-05-19T17:33:30.053120,0.000000,2.284000
433.7354,2026-05-19T17:33:30.550482,0.000000,2.284000
434.1973,2026-05-19T17:33:31.012431,0.000000,2.284000
434.6564,2026-05-19T17:33:31.471548,0.000000,2.284000
435.1142,2026-05-19T17:33:31.929312,0.000000,2.284000
435.5979,2026-05-19T17:33:32.413005,0.000000,2.284000
436.0482,2026-05-19T17:33:32.863322,0.000000,2.284000
436.5435,2026-05-19T17:33:33.358599,0.000000,2.284000
436.9968,2026-05-19T17:33:33.811947,0.000000,2.284000
437.4546,2026-05-19T17:33:34.269698,0.000000,2.284000
437.9481,2026-05-19T17:33:34.763182,0.000000,2.284000
438.3979,2026-05-19T17:33:35.213042,0.000000,2.284000
438.8549,2026-05-19T17:33:35.670027,0.000000,2.284000
439.3178,2026-05-19T17:33:36.132888,0.000000,2.284000
439.7802,2026-05-19T17:33:36.595310,0.000000,2.284000
440.2307,2026-05-19T17:33:37.045850,0.000000,2.284000
440.7063,2026-05-19T17:33:37.521453,0.000000,2.284000
441.1551,2026-05-19T17:33:37.970227,0.000000,2.284000
441.6742,2026-05-19T17:33:38.489277,0.000000,2.284000
442.1297,2026-05-19T17:33:38.944767,0.000000,2.284000
442.5880,2026-05-19T17:33:39.403055,0.000000,2.284000
443.0820,2026-05-19T17:33:39.897126,0.000000,2.284000
443.5500,2026-05-19T17:33:40.365139,0.000000,2.284000
444.0158,2026-05-19T17:33:40.830904,0.000000,2.284000
444.4857,2026-05-19T17:33:41.300794,0.000000,2.284000
444.9521,2026-05-19T17:33:41.767228,0.000000,2.284000
445.4066,2026-05-19T17:33:42.221663,0.000000,2.284000
445.8853,2026-05-19T17:33:42.700395,0.000000,2.284000
446.3842,2026-05-19T17:33:43.199319,0.000000,2.284000
446.8521,2026-05-19T17:33:43.667247,0.000000,2.284000
447.3108,2026-05-19T17:33:44.125870,0.000000,2.284000
447.7695,2026-05-19T17:33:44.584607,0.000000,2.284000
448.2243,2026-05-19T17:33:45.039437,0.000000,2.284000
448.7097,2026-05-19T17:33:45.524754,0.000000,2.284000
449.1811,2026-05-19T17:33:45.996166,0.000000,2.284000
449.6524,2026-05-19T17:33:46.467543,0.000000,2.284000
450.1203,2026-05-19T17:33:46.935396,0.000000,2.284000
450.5756,2026-05-19T17:33:47.390680,0.000000,2.284000
451.0332,2026-05-19T17:33:47.848340,0.000000,2.284000
451.5003,2026-05-19T17:33:48.315457,0.000000,2.284000
451.9721,2026-05-19T17:33:48.787240,0.000000,2.284000
452.4256,2026-05-19T17:33:49.240708,0.000000,2.284000
452.8855,2026-05-19T17:33:49.700619,0.000000,2.284000
453.3339,2026-05-19T17:33:50.149014,0.000000,2.284000
453.8023,2026-05-19T17:33:50.617374,0.000000,2.284000
454.2777,2026-05-19T17:33:51.092834,0.000000,2.284000
454.7766,2026-05-19T17:33:51.591670,0.000000,2.284000
455.2346,2026-05-19T17:33:52.049680,0.000000,2.284000
455.7171,2026-05-19T17:33:52.532160,0.000000,2.284000
456.2105,2026-05-19T17:33:53.025655,0.000000,2.284000
456.6675,2026-05-19T17:33:53.482634,0.000000,2.284000
457.1266,2026-05-19T17:33:53.941721,0.000000,2.284000
457.5759,2026-05-19T17:33:54.391015,0.000000,2.284000
458.0333,2026-05-19T17:33:54.848480,0.000000,2.284000
458.5021,2026-05-19T17:33:55.317159,0.000000,2.284000
459.0106,2026-05-19T17:33:55.825695,0.000000,2.284000
459.4679,2026-05-19T17:33:56.282954,0.000000,2.284000
459.9273,2026-05-19T17:33:56.742387,0.000000,2.284000
460.4267,2026-05-19T17:33:57.241772,0.000000,2.284000
460.9607,2026-05-19T17:33:57.775822,0.000000,0.284308
461.5356,2026-05-19T17:33:58.350682,0.000000,0.288128
462.0541,2026-05-19T17:33:58.869163,0.000000,0.283020
462.5924,2026-05-19T17:33:59.407510,0.000000,0.282992
463.0645,2026-05-19T17:33:59.879610,0.000000,0.687424
463.5594,2026-05-19T17:34:00.374530,0.000000,0.287168
464.0773,2026-05-19T17:34:00.892416,0.000000,0.367834
464.6087,2026-05-19T17:34:01.423776,0.000000,0.281974
465.1783,2026-05-19T17:34:01.993409,0.000000,0.284770
465.7079,2026-05-19T17:34:02.522982,0.000000,0.279716
466.2119,2026-05-19T17:34:03.026961,0.000000,0.277000
466.7909,2026-05-19T17:34:03.606017,0.000000,0.273136
467.2596,2026-05-19T17:34:04.074659,0.000000,0.448980
467.7276,2026-05-19T17:34:04.542756,0.000000,0.784186
468.1948,2026-05-19T17:34:05.009855,0.000000,1.132578
468.6862,2026-05-19T17:34:05.501329,0.000000,1.484996
469.2152,2026-05-19T17:34:06.030290,0.000000,1.737430
469.6673,2026-05-19T17:34:06.482397,0.000000,1.735868
470.1260,2026-05-19T17:34:06.941136,0.000000,1.734493
470.5857,2026-05-19T17:34:07.400776,0.000000,1.733268
471.0457,2026-05-19T17:34:07.860857,0.000000,1.731875
471.5002,2026-05-19T17:34:08.315349,0.000000,1.730806
472.0387,2026-05-19T17:34:08.853766,0.000000,1.729413
472.4919,2026-05-19T17:34:09.307008,0.000000,1.727969
472.9941,2026-05-19T17:34:09.809214,0.000000,1.726822
473.4729,2026-05-19T17:34:10.287975,0.000000,1.725532
473.9698,2026-05-19T17:34:10.784920,0.000000,1.724408
474.4781,2026-05-19T17:34:11.293192,0.000000,1.723312
474.9960,2026-05-19T17:34:11.811074,0.000000,1.722235
475.4768,2026-05-19T17:34:12.291923,0.000000,1.721111
475.9671,2026-05-19T17:34:12.782171,0.000000,1.720213
476.4200,2026-05-19T17:34:13.235089,0.000000,1.719278
476.9349,2026-05-19T17:34:13.750002,0.000000,1.718382
477.3832,2026-05-19T17:34:14.198331,0.000000,1.717371
477.8859,2026-05-19T17:34:14.700986,0.000000,1.716378
478.3432,2026-05-19T17:34:15.158270,0.000000,1.715291
478.8397,2026-05-19T17:34:15.654770,0.000000,1.714285
479.2962,2026-05-19T17:34:16.111270,0.000000,1.713308
479.8052,2026-05-19T17:34:16.620293,0.000000,1.712300
480.2972,2026-05-19T17:34:17.112302,0.000000,1.711407
480.7988,2026-05-19T17:34:17.613902,0.000000,1.710493
481.2727,2026-05-19T17:34:18.087850,0.000000,1.709393
481.7543,2026-05-19T17:34:18.569455,0.000000,1.708613
482.2482,2026-05-19T17:34:19.063350,0.000000,1.707631
482.7419,2026-05-19T17:34:19.556965,0.000000,1.706703
483.2379,2026-05-19T17:34:20.053031,0.000000,1.705866
483.7388,2026-05-19T17:34:20.553893,0.000000,1.704953
484.1979,2026-05-19T17:34:21.012993,0.000000,1.704086
484.6479,2026-05-19T17:34:21.462972,0.000000,1.703374
485.1263,2026-05-19T17:34:21.941448,0.000000,1.702630
485.5794,2026-05-19T17:34:22.394534,0.000000,1.701965
486.0815,2026-05-19T17:34:22.896646,0.000000,1.701251
486.5399,2026-05-19T17:34:23.355002,0.000000,1.700529
487.0178,2026-05-19T17:34:23.832878,0.000000,1.699896
487.5058,2026-05-19T17:34:24.320894,0.000000,1.699276
488.0016,2026-05-19T17:34:24.816703,0.000000,1.698573
488.4645,2026-05-19T17:34:25.279568,0.000000,1.697866
488.9990,2026-05-19T17:34:25.814062,0.000000,1.697267
489.5104,2026-05-19T17:34:26.325554,0.000000,1.696500
490.0188,2026-05-19T17:34:26.833872,0.000000,1.695819
490.5121,2026-05-19T17:34:27.327216,0.000000,1.695163
490.9960,2026-05-19T17:34:27.811121,0.000000,1.694547
491.4462,2026-05-19T17:34:28.261277,0.000000,1.693995
491.9400,2026-05-19T17:34:28.755149,0.000000,1.693411
492.4303,2026-05-19T17:34:29.245402,0.000000,1.692847
492.9270,2026-05-19T17:34:29.742137,0.000000,1.692285
493.4203,2026-05-19T17:34:30.235450,0.000000,1.691640
493.9220,2026-05-19T17:34:30.737063,0.000000,1.691076
494.3979,2026-05-19T17:34:31.213050,0.000000,1.690700
494.8752,2026-05-19T17:34:31.690296,0.000000,1.690085
495.3769,2026-05-19T17:34:32.191961,0.000000,1.689542
495.8701,2026-05-19T17:34:32.685217,0.000000,1.689070
496.3671,2026-05-19T17:34:33.182169,0.000000,1.688451
496.8439,2026-05-19T17:34:33.659056,0.000000,1.687938
497.3496,2026-05-19T17:34:34.164745,0.000000,1.687591
497.8817,2026-05-19T17:34:34.696814,0.000000,1.687094
498.3718,2026-05-19T17:34:35.186951,0.000000,1.686826
498.8654,2026-05-19T17:34:35.680698,0.000000,1.686654
499.3212,2026-05-19T17:34:36.136319,0.000000,1.686387
499.7713,2026-05-19T17:34:36.586377,0.000000,1.686264
500.2288,2026-05-19T17:34:37.043900,0.000000,1.685925
500.6879,2026-05-19T17:34:37.502978,0.000000,1.685493
501.1557,2026-05-19T17:34:37.970838,0.000000,1.685116
501.6566,2026-05-19T17:34:38.471743,0.000000,1.684743
502.1127,2026-05-19T17:34:38.927829,0.000000,1.684433
502.5725,2026-05-19T17:34:39.387645,0.000000,1.684240
503.0554,2026-05-19T17:34:39.870490,0.000000,1.684075
503.5424,2026-05-19T17:34:40.357478,0.000000,1.683808
504.0330,2026-05-19T17:34:40.848152,0.000000,1.683455
504.4792,2026-05-19T17:34:41.294301,0.000000,1.683162
504.9564,2026-05-19T17:34:41.771502,0.000000,1.682946
505.4219,2026-05-19T17:34:42.236958,0.000000,1.682654
505.9005,2026-05-19T17:34:42.715613,0.000000,1.682369
506.3656,2026-05-19T17:34:43.180731,0.000000,1.682090
506.8375,2026-05-19T17:34:43.652649,0.000000,1.681748
507.2960,2026-05-19T17:34:44.111079,0.000000,1.681536
507.7628,2026-05-19T17:34:44.577932,0.000000,1.681291
508.2214,2026-05-19T17:34:45.036484,0.000000,1.681072
508.6725,2026-05-19T17:34:45.487604,0.000000,1.680844
509.1753,2026-05-19T17:34:45.990399,0.000000,1.680630
509.6305,2026-05-19T17:34:46.445627,0.000000,1.680494
510.0896,2026-05-19T17:34:46.904680,0.000000,1.680467
510.5595,2026-05-19T17:34:47.374585,0.000000,1.680500
511.0621,2026-05-19T17:34:47.877160,0.000000,1.681535
511.5139,2026-05-19T17:34:48.329045,0.000000,1.684046
511.9872,2026-05-19T17:34:48.802262,0.000000,1.686204
512.4566,2026-05-19T17:34:49.271674,0.000000,1.688243
513.0016,2026-05-19T17:34:49.816673,0.000000,1.689666
513.4714,2026-05-19T17:34:50.286492,0.000000,1.688971
513.9568,2026-05-19T17:34:50.771953,0.000000,1.688547
514.4145,2026-05-19T17:34:51.229618,0.000000,1.688269
514.9209,2026-05-19T17:34:51.736047,0.000000,1.687894
515.3734,2026-05-19T17:34:52.188498,0.000000,1.687582
515.8471,2026-05-19T17:34:52.662235,0.000000,1.687158
516.3143,2026-05-19T17:34:53.129365,0.000000,1.686851
516.7710,2026-05-19T17:34:53.586117,0.000000,1.686327
517.2640,2026-05-19T17:34:54.079083,0.000000,1.685976
517.7242,2026-05-19T17:34:54.539305,0.000000,1.685769
518.1812,2026-05-19T17:34:54.996289,0.000000,1.685437
518.6379,2026-05-19T17:34:55.453037,0.000000,1.685140
519.0964,2026-05-19T17:34:55.911476,0.000000,1.684990
519.5878,2026-05-19T17:34:56.402927,0.000000,1.684635
520.0565,2026-05-19T17:34:56.871613,0.000000,1.684352
520.5130,2026-05-19T17:34:57.328124,0.000000,1.684120
520.9985,2026-05-19T17:34:57.813601,0.000000,1.683833
521.4537,2026-05-19T17:34:58.268766,0.000000,1.683612
521.9374,2026-05-19T17:34:58.752467,0.000000,1.683369
522.3961,2026-05-19T17:34:59.211214,0.000000,1.683133
522.9004,2026-05-19T17:34:59.715472,0.000000,1.682903
523.3475,2026-05-19T17:35:00.162630,0.000000,1.682585
523.8444,2026-05-19T17:35:00.659485,0.000000,1.682276
524.3435,2026-05-19T17:35:01.158645,0.000000,1.681988
524.8056,2026-05-19T17:35:01.620706,0.000000,1.681676
525.2720,2026-05-19T17:35:02.087146,0.000000,1.681395
525.7990,2026-05-19T17:35:02.614060,0.000000,1.681190
526.3472,2026-05-19T17:35:03.162342,0.000000,1.681012
526.8600,2026-05-19T17:35:03.675141,0.000000,1.680842
527.3163,2026-05-19T17:35:04.131376,0.000000,1.680718
527.7820,2026-05-19T17:35:04.597050,0.000000,1.680550
528.2464,2026-05-19T17:35:05.061539,0.000000,1.680285
528.7136,2026-05-19T17:35:05.528703,0.000000,1.680064
529.1646,2026-05-19T17:35:05.979737,0.000000,1.679904
529.6215,2026-05-19T17:35:06.436636,0.000000,1.679648
530.0803,2026-05-19T17:35:06.895453,0.000000,1.679538
530.5397,2026-05-19T17:35:07.354762,0.000000,1.679359
531.0779,2026-05-19T17:35:07.893038,0.000000,1.679180
531.5732,2026-05-19T17:35:08.388326,0.000000,1.679001
532.0708,2026-05-19T17:35:08.885945,0.000000,1.678744
532.5628,2026-05-19T17:35:09.377920,0.000000,1.678548
533.0764,2026-05-19T17:35:09.891520,0.000000,1.678402
533.5945,2026-05-19T17:35:10.409599,0.000000,1.678280
534.0490,2026-05-19T17:35:10.864110,0.000000,1.678281
534.5475,2026-05-19T17:35:11.362604,0.000000,1.678130
535.0485,2026-05-19T17:35:11.863563,0.000000,1.678038
535.4963,2026-05-19T17:35:12.311397,0.000000,1.677996
535.9701,2026-05-19T17:35:12.785233,0.000000,1.677851
536.4293,2026-05-19T17:35:13.244426,0.000000,1.677737
536.9307,2026-05-19T17:35:13.745813,0.000000,1.677581
537.3899,2026-05-19T17:35:14.204980,0.000000,1.677452
537.8727,2026-05-19T17:35:14.687760,0.000000,1.677284
538.3378,2026-05-19T17:35:15.152865,0.000000,1.677094
538.8401,2026-05-19T17:35:15.655165,0.000000,1.676981
539.2980,2026-05-19T17:35:16.113128,0.000000,1.676755
539.7946,2026-05-19T17:35:16.609699,0.000000,1.676649
540.2542,2026-05-19T17:35:17.069275,0.000000,1.676532
540.7129,2026-05-19T17:35:17.527969,0.000000,1.676377
541.2157,2026-05-19T17:35:18.030802,0.000000,1.676302
541.7079,2026-05-19T17:35:18.522970,0.000000,1.676072
542.1985,2026-05-19T17:35:19.013571,0.000000,1.675952
542.6479,2026-05-19T17:35:19.462963,0.000000,1.675976
543.1096,2026-05-19T17:35:19.924742,0.000000,1.675952
543.6360,2026-05-19T17:35:20.451119,0.000000,1.676063
544.0976,2026-05-19T17:35:20.912745,0.000000,1.675915
544.5549,2026-05-19T17:35:21.369966,0.000000,1.675900
545.0423,2026-05-19T17:35:21.857444,0.000000,1.675784
545.5333,2026-05-19T17:35:22.348368,0.000000,1.675682
546.0222,2026-05-19T17:35:22.837356,0.000000,1.675562
546.5232,2026-05-19T17:35:23.338326,0.000000,1.675492
546.9963,2026-05-19T17:35:23.811391,0.000000,1.675346
547.4479,2026-05-19T17:35:24.263038,0.000000,1.675271
547.9162,2026-05-19T17:35:24.731306,0.000000,1.675348
548.3887,2026-05-19T17:35:25.203812,0.000000,1.675392
548.8857,2026-05-19T17:35:25.700819,0.000000,1.675351
549.3902,2026-05-19T17:35:26.205310,0.000000,1.675352
549.9182,2026-05-19T17:35:26.733355,0.000000,1.675341
550.4148,2026-05-19T17:35:27.229901,0.000000,1.675327
550.8883,2026-05-19T17:35:27.703365,0.000000,1.675252
551.3885,2026-05-19T17:35:28.203612,0.000000,1.675159
551.8388,2026-05-19T17:35:28.653886,0.000000,1.675117
552.2988,2026-05-19T17:35:29.113954,0.000000,1.675138
552.7542,2026-05-19T17:35:29.569329,0.000000,1.675130
553.2556,2026-05-19T17:35:30.070678,0.000000,1.675139
553.7496,2026-05-19T17:35:30.564744,0.000000,1.675026
554.2483,2026-05-19T17:35:31.063379,0.000000,1.674882
554.7763,2026-05-19T17:35:31.591406,0.000000,1.674850
555.2777,2026-05-19T17:35:32.092843,0.000000,1.674785
555.7296,2026-05-19T17:35:32.544712,0.000000,1.674690
556.2211,2026-05-19T17:35:33.036238,0.000000,1.674640
556.7229,2026-05-19T17:35:33.538007,0.000000,1.674621
557.1709,2026-05-19T17:35:33.986032,0.000000,1.674670
557.6299,2026-05-19T17:35:34.444970,0.000000,1.674727
558.0881,2026-05-19T17:35:34.903165,0.000000,1.674860
558.5691,2026-05-19T17:35:35.384246,0.000000,1.674950
559.0681,2026-05-19T17:35:35.883212,0.000000,1.675009
559.5309,2026-05-19T17:35:36.345990,0.000000,1.674933
560.0269,2026-05-19T17:35:36.842043,0.000000,1.674862
560.4792,2026-05-19T17:35:37.294308,0.000000,1.674871
560.9480,2026-05-19T17:35:37.763131,0.000000,1.674832
561.4148,2026-05-19T17:35:38.229905,0.000000,1.674882
561.9016,2026-05-19T17:35:38.716698,0.000000,1.675030
562.3733,2026-05-19T17:35:39.188368,0.000000,1.675040
562.8584,2026-05-19T17:35:39.673489,0.000000,1.675182
563.3267,2026-05-19T17:35:40.141797,0.000000,1.675282
563.8164,2026-05-19T17:35:40.631558,0.000000,1.675357
564.2711,2026-05-19T17:35:41.086165,0.000000,1.675533
564.7807,2026-05-19T17:35:41.595796,0.000000,1.675627
565.2627,2026-05-19T17:35:42.077799,0.000000,1.675806
565.7635,2026-05-19T17:35:42.578555,0.000000,1.675956
566.2651,2026-05-19T17:35:43.080163,0.000000,1.676184
566.7209,2026-05-19T17:35:43.536054,0.000000,1.676224
567.1813,2026-05-19T17:35:43.996405,0.000000,1.676381
567.6503,2026-05-19T17:35:44.465404,0.000000,1.676330
568.1129,2026-05-19T17:35:44.927960,0.000000,1.676307
568.5795,2026-05-19T17:35:45.394582,0.000000,1.676394
569.1110,2026-05-19T17:35:45.926064,0.000000,1.676408
569.5631,2026-05-19T17:35:46.378207,0.000000,1.676582
570.0498,2026-05-19T17:35:46.864930,0.000000,1.676788
570.5058,2026-05-19T17:35:47.320875,0.000000,1.676997
571.0032,2026-05-19T17:35:47.818308,0.000000,1.677295
571.4650,2026-05-19T17:35:48.280130,0.000000,1.677398
571.9725,2026-05-19T17:35:48.787576,0.000000,1.677475
572.4212,2026-05-19T17:35:49.236355,0.000000,1.677626
572.9130,2026-05-19T17:35:49.728091,0.000000,1.677616
573.3707,2026-05-19T17:35:50.185834,0.000000,1.677700
573.9078,2026-05-19T17:35:50.722915,0.000000,1.677931
574.4044,2026-05-19T17:35:51.219496,0.000000,1.678149
574.9145,2026-05-19T17:35:51.729600,0.000000,1.678328
575.3763,2026-05-19T17:35:52.191348,0.000000,1.678531
575.8399,2026-05-19T17:35:52.654982,0.000000,1.678618
576.2957,2026-05-19T17:35:53.110789,0.000000,1.678759
576.7884,2026-05-19T17:35:53.603471,0.000000,1.678930
577.2845,2026-05-19T17:35:54.099644,0.000000,1.679150
577.7795,2026-05-19T17:35:54.594559,0.000000,1.679391
578.2335,2026-05-19T17:35:55.048600,0.000000,1.679656
578.7182,2026-05-19T17:35:55.533307,0.000000,1.679824
579.1708,2026-05-19T17:35:55.985921,0.000000,1.679974
579.6241,2026-05-19T17:35:56.439251,0.000000,1.680176
580.0785,2026-05-19T17:35:56.893640,0.000000,1.680355
580.5434,2026-05-19T17:35:57.358502,0.000000,1.680576
581.0444,2026-05-19T17:35:57.859471,0.000000,1.680829
581.5062,2026-05-19T17:35:58.321349,0.000000,1.681093
582.0168,2026-05-19T17:35:58.831920,0.000000,1.681275
582.4599,2026-05-19T17:35:59.275006,0.000000,1.681612
582.9242,2026-05-19T17:35:59.739337,0.000000,1.681790
583.4286,2026-05-19T17:36:00.243733,0.000000,1.681897
583.9254,2026-05-19T17:36:00.740463,0.000000,1.682163
584.3928,2026-05-19T17:36:01.207878,0.000000,1.682417
584.8888,2026-05-19T17:36:01.703945,0.000000,1.682780
585.3923,2026-05-19T17:36:02.207424,0.000000,1.683121
585.8605,2026-05-19T17:36:02.675595,0.000000,1.683528
586.3164,2026-05-19T17:36:03.131485,0.000000,1.683849
586.8238,2026-05-19T17:36:03.638882,0.000000,1.684202
587.2857,2026-05-19T17:36:04.100822,0.000000,1.684601
587.7385,2026-05-19T17:36:04.553604,0.000000,1.685030
588.2261,2026-05-19T17:36:05.041162,0.000000,1.685325
588.7210,2026-05-19T17:36:05.536133,0.000000,1.685478
589.2192,2026-05-19T17:36:06.034349,0.000000,1.685676
589.6733,2026-05-19T17:36:06.488401,0.000000,1.685792
590.1608,2026-05-19T17:36:06.975919,0.000000,1.686037
590.6529,2026-05-19T17:36:07.467976,0.000000,1.686462
591.1525,2026-05-19T17:36:07.967639,0.000000,1.686882
591.6240,2026-05-19T17:36:08.439133,0.000000,1.687293
592.1233,2026-05-19T17:36:08.938442,0.000000,1.687825
592.6399,2026-05-19T17:36:09.455054,0.000000,1.688063
593.1015,2026-05-19T17:36:09.916627,0.000000,1.688442
593.5986,2026-05-19T17:36:10.413739,0.000000,1.688734
594.1048,2026-05-19T17:36:10.919851,0.000000,1.689006
594.5537,2026-05-19T17:36:11.368766,0.000000,1.689417
595.0229,2026-05-19T17:36:11.837964,0.000000,1.689801
595.5250,2026-05-19T17:36:12.340092,0.000000,1.690100
596.0109,2026-05-19T17:36:12.826003,0.000000,1.690462
596.5108,2026-05-19T17:36:13.325937,0.000000,1.690796
596.9990,2026-05-19T17:36:13.814123,0.000000,1.691053
597.4937,2026-05-19T17:36:14.308815,0.000000,1.691370
597.9604,2026-05-19T17:36:14.775481,0.000000,1.691657
598.4197,2026-05-19T17:36:15.234771,0.000000,1.692009
598.9111,2026-05-19T17:36:15.726183,0.000000,1.692404
599.3837,2026-05-19T17:36:16.198787,0.000000,1.692778
599.8490,2026-05-19T17:36:16.664140,0.000000,1.693270
600.3073,2026-05-19T17:36:17.122366,0.000000,1.693722
600.7851,2026-05-19T17:36:17.600251,0.000000,1.694069
601.2736,2026-05-19T17:36:18.088771,0.000000,1.694480
601.7705,2026-05-19T17:36:18.585624,0.000000,1.694913
602.2692,2026-05-19T17:36:19.084268,0.000000,1.695447
602.7584,2026-05-19T17:36:19.573474,0.000000,1.695875
603.2256,2026-05-19T17:36:20.040707,0.000000,1.696458
603.7179,2026-05-19T17:36:20.532972,0.000000,1.696964
604.2167,2026-05-19T17:36:21.031851,0.000000,1.697410
604.7337,2026-05-19T17:36:21.548792,0.000000,1.697951
605.2391,2026-05-19T17:36:22.054210,0.000000,1.698353
605.7103,2026-05-19T17:36:22.525440,0.000000,1.698849
606.1680,2026-05-19T17:36:22.983142,0.000000,1.699319
606.6553,2026-05-19T17:36:23.470438,0.000000,1.699710
607.1333,2026-05-19T17:36:23.948393,0.000000,1.700206
607.6271,2026-05-19T17:36:24.442199,0.000000,1.700749
608.0859,2026-05-19T17:36:24.900980,0.000000,1.701202
608.5606,2026-05-19T17:36:25.375739,0.000000,1.701613
609.0272,2026-05-19T17:36:25.842329,0.000000,1.702038
609.4942,2026-05-19T17:36:26.309268,0.000000,1.702508
609.9557,2026-05-19T17:36:26.770773,0.000000,1.702943
610.4177,2026-05-19T17:36:27.232759,0.000000,1.703402
610.9077,2026-05-19T17:36:27.722802,0.000000,1.703769
611.3694,2026-05-19T17:36:28.184531,0.000000,1.704189
611.8584,2026-05-19T17:36:28.673508,0.000000,1.704696
612.3219,2026-05-19T17:36:29.137019,0.000000,1.705230
612.8587,2026-05-19T17:36:29.673804,0.000000,1.705829
613.3538,2026-05-19T17:36:30.168866,0.000000,1.706561
613.8600,2026-05-19T17:36:30.675079,0.000000,1.707167
614.3573,2026-05-19T17:36:31.172364,0.000000,1.707864
614.8233,2026-05-19T17:36:31.638391,0.000000,1.708430
615.2878,2026-05-19T17:36:32.102871,0.000000,1.708852
615.7641,2026-05-19T17:36:32.579192,0.000000,1.709243
616.2490,2026-05-19T17:36:33.064092,0.000000,1.709638
616.7415,2026-05-19T17:36:33.556625,0.000000,1.710162
617.2273,2026-05-19T17:36:34.042399,0.000000,1.710718
617.7032,2026-05-19T17:36:34.518333,0.000000,1.711267
618.1944,2026-05-19T17:36:35.009483,0.000000,1.711764
618.6616,2026-05-19T17:36:35.476732,0.000000,1.712305
619.1603,2026-05-19T17:36:35.975395,0.000000,1.712853
619.7029,2026-05-19T17:36:36.518015,0.000000,1.713351
620.2091,2026-05-19T17:36:37.024225,0.000000,1.714010
620.6837,2026-05-19T17:36:37.498786,0.000000,1.714501
621.1650,2026-05-19T17:36:37.980081,0.000000,1.715121
621.6351,2026-05-19T17:36:38.450227,0.000000,1.715780
622.1034,2026-05-19T17:36:38.918489,0.000000,1.716529
622.5588,2026-05-19T17:36:39.373931,0.000000,1.717243
623.0129,2026-05-19T17:36:39.828032,0.000000,1.717858
623.4775,2026-05-19T17:36:40.292623,0.000000,1.718357
623.9719,2026-05-19T17:36:40.786998,0.000000,1.718941
624.4337,2026-05-19T17:36:41.248793,0.000000,1.719548
624.8766,2026-05-19T17:36:41.691731,0.000000,1.720084
625.3272,2026-05-19T17:36:42.142258,0.000000,1.720658
625.7984,2026-05-19T17:36:42.613519,0.000000,1.721146
626.2987,2026-05-19T17:36:43.113770,0.000000,1.721580
626.7855,2026-05-19T17:36:43.600578,0.000000,1.722173
627.2896,2026-05-19T17:36:44.104726,0.000000,1.722684
627.7833,2026-05-19T17:36:44.598361,0.000000,1.723270
628.2944,2026-05-19T17:36:45.109570,0.000000,1.723805
628.7841,2026-05-19T17:36:45.599217,0.000000,1.724345
629.2564,2026-05-19T17:36:46.071473,0.000000,1.724884
629.7094,2026-05-19T17:36:46.524454,0.000000,1.725327
630.2171,2026-05-19T17:36:47.032233,0.000000,1.725829
630.6755,2026-05-19T17:36:47.490633,0.000000,1.726414
631.1464,2026-05-19T17:36:47.961487,0.000000,1.726883
631.6088,2026-05-19T17:36:48.423935,0.000000,1.727436
632.0606,2026-05-19T17:36:48.875747,0.000000,1.727972
632.5499,2026-05-19T17:36:49.365044,0.000000,1.728481
633.0015,2026-05-19T17:36:49.816636,0.000000,1.729108
633.4674,2026-05-19T17:36:50.282480,0.000000,1.729628
633.9168,2026-05-19T17:36:50.731959,0.000000,1.730276
634.4030,2026-05-19T17:36:51.218088,0.000000,1.730790
634.8783,2026-05-19T17:36:51.693451,0.000000,1.731295
635.3774,2026-05-19T17:36:52.192483,0.000000,1.731861
635.8489,2026-05-19T17:36:52.663971,0.000000,1.732435
636.3264,2026-05-19T17:36:53.141545,0.000000,1.733020
636.7853,2026-05-19T17:36:53.600401,0.000000,1.733665
637.2786,2026-05-19T17:36:54.093677,0.000000,1.734119
637.7815,2026-05-19T17:36:54.596587,0.000000,1.734650
638.3147,2026-05-19T17:36:55.129784,0.000000,1.735204
638.7938,2026-05-19T17:36:55.608896,0.000000,1.735839
639.2999,2026-05-19T17:36:56.115050,0.000000,1.736556
639.7939,2026-05-19T17:36:56.609049,0.000000,1.737226
640.2896,2026-05-19T17:36:57.104743,0.000000,1.737960
640.7811,2026-05-19T17:36:57.596206,0.000000,1.738635
641.2742,2026-05-19T17:36:58.089283,0.000000,1.739304
641.7854,2026-05-19T17:36:58.600532,0.000000,1.739926
642.3037,2026-05-19T17:36:59.118782,0.000000,1.740528
642.7834,2026-05-19T17:36:59.598472,0.000000,1.741338
643.2668,2026-05-19T17:37:00.081911,0.000000,1.741869
643.7617,2026-05-19T17:37:00.576764,0.000000,1.742549
644.2420,2026-05-19T17:37:01.057133,0.000000,1.743250
644.7001,2026-05-19T17:37:01.515159,0.000000,1.743843
645.1858,2026-05-19T17:37:02.000955,0.000000,1.744468
645.6410,2026-05-19T17:37:02.456082,0.000000,1.745069
646.0936,2026-05-19T17:37:02.908718,0.000000,1.745606
646.5522,2026-05-19T17:37:03.367331,0.000000,1.746317
647.0115,2026-05-19T17:37:03.826574,0.000000,1.746996
647.4589,2026-05-19T17:37:04.273970,0.000000,1.747680
647.9101,2026-05-19T17:37:04.725218,0.000000,1.748378
648.3694,2026-05-19T17:37:05.184545,0.000000,1.748970
648.8175,2026-05-19T17:37:05.632597,0.000000,1.749601
649.3191,2026-05-19T17:37:06.134209,0.000000,1.750052
649.7755,2026-05-19T17:37:06.590614,0.000000,1.750778
650.2887,2026-05-19T17:37:07.103848,0.000000,1.751411
650.7332,2026-05-19T17:37:07.548299,0.000000,1.752123
651.1975,2026-05-19T17:37:08.012638,0.000000,1.752743
651.6523,2026-05-19T17:37:08.467432,0.000000,1.753202
652.1444,2026-05-19T17:37:08.959515,0.000000,1.753933
652.6037,2026-05-19T17:37:09.418843,0.000000,1.754569
653.0959,2026-05-19T17:37:09.911033,0.000000,1.755137
653.5509,2026-05-19T17:37:10.365995,0.000000,1.755796
654.0096,2026-05-19T17:37:10.824693,0.000000,1.756494
654.5015,2026-05-19T17:37:11.316622,0.000000,1.757080
654.9774,2026-05-19T17:37:11.792526,0.000000,1.757819
655.4336,2026-05-19T17:37:12.248744,0.000000,1.758486
655.8989,2026-05-19T17:37:12.713959,0.000000,1.759016
656.3749,2026-05-19T17:37:13.189967,0.000000,1.759575
656.8448,2026-05-19T17:37:13.659887,0.000000,1.760181
657.3183,2026-05-19T17:37:14.133378,0.000000,1.760711
657.7854,2026-05-19T17:37:14.600463,0.000000,1.761329
658.2858,2026-05-19T17:37:15.100894,0.000000,1.761878
658.7336,2026-05-19T17:37:15.548684,0.000000,1.762633
659.2373,2026-05-19T17:37:16.052431,0.000000,1.456000
659.7223,2026-05-19T17:37:16.537456,0.000000,0.524743
660.2204,2026-05-19T17:37:17.035484,0.000000,0.286206
660.7346,2026-05-19T17:37:17.549703,0.000000,0.276672
661.2479,2026-05-19T17:37:18.063031,0.000000,0.272120
661.8015,2026-05-19T17:37:18.616606,0.000000,0.283846
662.3141,2026-05-19T17:37:19.129227,0.000000,0.623344
662.8131,2026-05-19T17:37:19.628177,0.000000,1.016602
663.3056,2026-05-19T17:37:20.120670,0.000000,1.393450
663.7813,2026-05-19T17:37:20.596399,0.000000,1.759924
664.2609,2026-05-19T17:37:21.076039,0.000000,1.769729
664.7621,2026-05-19T17:37:21.577213,0.000000,1.770454
665.2533,2026-05-19T17:37:22.068428,0.000000,1.771205
665.7256,2026-05-19T17:37:22.540750,0.000000,1.771862
666.2204,2026-05-19T17:37:23.035534,0.000000,1.772474
666.7085,2026-05-19T17:37:23.523591,0.000000,1.773101
667.2001,2026-05-19T17:37:24.015178,0.000000,1.773684
667.6535,2026-05-19T17:37:24.468615,0.000000,1.774360
668.1896,2026-05-19T17:37:25.004690,0.000000,1.775292
668.7100,2026-05-19T17:37:25.525103,0.000000,1.776070
669.1580,2026-05-19T17:37:25.973143,0.000000,1.777148
669.6608,2026-05-19T17:37:26.475951,0.000000,1.777904
670.1599,2026-05-19T17:37:26.975019,0.000000,1.778526
670.6298,2026-05-19T17:37:27.444950,0.000000,1.779189
671.1217,2026-05-19T17:37:27.936792,0.000000,1.779736
671.5943,2026-05-19T17:37:28.409401,0.000000,1.780403
672.1319,2026-05-19T17:37:28.947053,0.000000,1.781046
672.6010,2026-05-19T17:37:29.416061,0.000000,1.781817
673.1492,2026-05-19T17:37:29.964263,0.000000,1.782470
673.5951,2026-05-19T17:37:30.410175,0.000000,1.783209
674.0505,2026-05-19T17:37:30.865581,0.000000,1.783804
674.5103,2026-05-19T17:37:31.325395,0.000000,1.784288
674.9683,2026-05-19T17:37:31.783440,0.000000,1.784964
675.4170,2026-05-19T17:37:32.232097,0.000000,1.785583
675.9183,2026-05-19T17:37:32.733383,0.000000,1.786144
676.4345,2026-05-19T17:37:33.249607,0.000000,1.786801
676.9191,2026-05-19T17:37:33.734228,0.000000,1.787522
677.4005,2026-05-19T17:37:34.215560,0.000000,1.788068
677.8684,2026-05-19T17:37:34.683487,0.000000,1.788661
678.3412,2026-05-19T17:37:35.156317,0.000000,1.789225
678.8103,2026-05-19T17:37:35.625435,0.000000,1.789852
679.2959,2026-05-19T17:37:36.110957,0.000000,1.790558
679.7807,2026-05-19T17:37:36.595796,0.000000,1.791216
680.2723,2026-05-19T17:37:37.087400,0.000000,1.791876
680.7939,2026-05-19T17:37:37.609033,0.000000,1.792506
681.2730,2026-05-19T17:37:38.088056,0.000000,1.792958
681.7936,2026-05-19T17:37:38.608667,0.000000,1.793488
682.2918,2026-05-19T17:37:39.106881,0.000000,1.794191
682.7808,2026-05-19T17:37:39.595871,0.000000,1.794945
683.2692,2026-05-19T17:37:40.084330,0.000000,1.795800
683.8098,2026-05-19T17:37:40.624928,0.000000,1.796629
684.3060,2026-05-19T17:37:41.121096,0.000000,1.797325
684.8007,2026-05-19T17:37:41.615807,0.000000,1.797997
685.2576,2026-05-19T17:37:42.072696,0.000000,1.798482
685.7358,2026-05-19T17:37:42.550958,0.000000,1.798935
686.2408,2026-05-19T17:37:43.055932,0.000000,1.799614
686.6940,2026-05-19T17:37:43.509101,0.000000,1.800171
687.1946,2026-05-19T17:37:44.009672,0.000000,1.800685
687.6913,2026-05-19T17:37:44.506386,0.000000,1.801233
688.1790,2026-05-19T17:37:44.994140,0.000000,1.801713
688.7105,2026-05-19T17:37:45.525626,0.000000,1.802233
689.2193,2026-05-19T17:37:46.034424,0.000000,1.802764
689.7192,2026-05-19T17:37:46.534321,0.000000,1.803325
690.1997,2026-05-19T17:37:47.014781,0.000000,1.803745
690.6520,2026-05-19T17:37:47.467138,0.000000,1.804254
691.1361,2026-05-19T17:37:47.951256,0.000000,1.804686
691.5920,2026-05-19T17:37:48.407087,0.000000,1.805143
692.0505,2026-05-19T17:37:48.865647,0.000000,1.805754
692.5003,2026-05-19T17:37:49.315377,0.000000,1.806314
692.9805,2026-05-19T17:37:49.795616,0.000000,1.806814
693.4348,2026-05-19T17:37:50.249925,0.000000,1.807548
693.9326,2026-05-19T17:37:50.747717,0.000000,1.808048
694.3861,2026-05-19T17:37:51.201158,0.000000,1.808389
694.8523,2026-05-19T17:37:51.667438,0.000000,1.808799
695.3308,2026-05-19T17:37:52.145936,0.000000,1.809041
695.8262,2026-05-19T17:37:52.641265,0.000000,1.809425
696.3157,2026-05-19T17:37:53.130792,0.000000,1.809948
696.7619,2026-05-19T17:37:53.576979,0.000000,1.810433
697.2451,2026-05-19T17:37:54.060253,0.000000,1.810829
697.7415,2026-05-19T17:37:54.556604,0.000000,1.811208
698.2433,2026-05-19T17:37:55.058376,0.000000,1.811716
698.7190,2026-05-19T17:37:55.534167,0.000000,1.812159
699.2309,2026-05-19T17:37:56.046004,0.000000,1.812545
699.6845,2026-05-19T17:37:56.499629,0.000000,1.812941
700.2215,2026-05-19T17:37:57.036578,0.000000,1.813306
700.6786,2026-05-19T17:37:57.493694,0.000000,1.813709
701.1532,2026-05-19T17:37:57.968350,0.000000,1.814106
701.6117,2026-05-19T17:37:58.426833,0.000000,1.814524
702.1105,2026-05-19T17:37:58.925574,0.000000,1.814930
702.5642,2026-05-19T17:37:59.379344,0.000000,1.815446
703.0585,2026-05-19T17:37:59.873580,0.000000,1.815988
703.5090,2026-05-19T17:38:00.324086,0.000000,1.816610
704.0051,2026-05-19T17:38:00.820169,0.000000,1.817048
704.4503,2026-05-19T17:38:01.265430,0.000000,1.817398
704.9432,2026-05-19T17:38:01.758295,0.000000,1.817635
705.4089,2026-05-19T17:38:02.224020,0.000000,1.817733
705.9078,2026-05-19T17:38:02.722922,0.000000,1.817893
706.4145,2026-05-19T17:38:03.229634,0.000000,1.818025
706.8738,2026-05-19T17:38:03.688897,0.000000,1.818094
707.3588,2026-05-19T17:38:04.173948,0.000000,1.818270
707.8912,2026-05-19T17:38:04.706288,0.000000,1.818416
708.3607,2026-05-19T17:38:05.175782,0.000000,1.818492
708.8099,2026-05-19T17:38:05.625031,0.000000,1.818641
709.2902,2026-05-19T17:38:06.105262,0.000000,1.818777
709.7474,2026-05-19T17:38:06.562543,0.000000,1.818829
710.2516,2026-05-19T17:38:07.066732,0.000000,1.819021
710.7095,2026-05-19T17:38:07.524585,0.000000,1.819216
711.1776,2026-05-19T17:38:07.992668,0.000000,1.819380
711.6439,2026-05-19T17:38:08.459035,0.000000,1.819550
712.1453,2026-05-19T17:38:08.960401,0.000000,1.819705
712.5999,2026-05-19T17:38:09.415020,0.000000,1.819762
713.0787,2026-05-19T17:38:09.893788,0.000000,1.819759
713.5332,2026-05-19T17:38:10.348324,0.000000,1.819756
714.0289,2026-05-19T17:38:10.843968,0.000000,1.819778
714.4838,2026-05-19T17:38:11.298901,0.000000,1.819781
714.9525,2026-05-19T17:38:11.767605,0.000000,1.819814
715.4078,2026-05-19T17:38:12.222934,0.000000,1.819838
715.8692,2026-05-19T17:38:12.684349,0.000000,1.819874
716.3627,2026-05-19T17:38:13.177767,0.000000,1.819768
716.8594,2026-05-19T17:38:13.674553,0.000000,1.819770
717.3827,2026-05-19T17:38:14.197777,0.000000,1.819707
717.8941,2026-05-19T17:38:14.709201,0.000000,1.819547
718.3835,2026-05-19T17:38:15.198649,0.000000,1.819456
718.8805,2026-05-19T17:38:15.695605,0.000000,1.819222
719.3826,2026-05-19T17:38:16.197740,0.000000,1.819044
719.8339,2026-05-19T17:38:16.648956,0.000000,1.818786
720.3012,2026-05-19T17:38:17.116262,0.000000,1.818586
720.7944,2026-05-19T17:38:17.609540,0.000000,1.818429
721.2741,2026-05-19T17:38:18.089177,0.000000,1.818196
721.7536,2026-05-19T17:38:18.568672,0.000000,1.818006
722.2378,2026-05-19T17:38:19.052933,0.000000,1.817801
722.7774,2026-05-19T17:38:19.592547,0.000000,1.817474
723.3038,2026-05-19T17:38:20.118938,0.000000,1.817284
723.7586,2026-05-19T17:38:20.573755,0.000000,1.817133
724.2619,2026-05-19T17:38:21.076967,0.000000,1.816937
724.7380,2026-05-19T17:38:21.553109,0.000000,1.816790
725.2442,2026-05-19T17:38:22.059356,0.000000,1.816592
725.6934,2026-05-19T17:38:22.508552,0.000000,1.816218
726.1980,2026-05-19T17:38:23.013115,0.000000,1.815925
726.6507,2026-05-19T17:38:23.465781,0.000000,1.815526
727.1444,2026-05-19T17:38:23.959508,0.000000,1.815060
727.6436,2026-05-19T17:38:24.458716,0.000000,1.814603
728.1601,2026-05-19T17:38:24.975206,0.000000,1.814068
728.6418,2026-05-19T17:38:25.456873,0.000000,1.813498
729.1430,2026-05-19T17:38:25.958135,0.000000,1.813263
729.5940,2026-05-19T17:38:26.409132,0.000000,1.813028
730.0655,2026-05-19T17:38:26.880588,0.000000,1.812783
730.5614,2026-05-19T17:38:27.376514,0.000000,1.812501
731.0608,2026-05-19T17:38:27.875882,0.000000,1.812053
731.5198,2026-05-19T17:38:28.334878,0.000000,1.811580
731.9766,2026-05-19T17:38:28.791721,0.000000,1.811163
732.4346,2026-05-19T17:38:29.249654,0.000000,1.810759
732.8886,2026-05-19T17:38:29.703673,0.000000,1.810373
733.3902,2026-05-19T17:38:30.205307,0.000000,1.809998
733.8487,2026-05-19T17:38:30.663774,0.000000,1.809527
734.3154,2026-05-19T17:38:31.130471,0.000000,1.809147
734.7856,2026-05-19T17:38:31.600726,0.000000,1.808591
735.2850,2026-05-19T17:38:32.100120,0.000000,1.808125
735.7608,2026-05-19T17:38:32.575892,0.000000,1.807620
736.3033,2026-05-19T17:38:33.118446,0.000000,1.807188
736.7809,2026-05-19T17:38:33.595965,0.000000,1.806644
737.2997,2026-05-19T17:38:34.114782,0.000000,1.806119
737.7619,2026-05-19T17:38:34.577031,0.000000,1.805509
738.2308,2026-05-19T17:38:35.045948,0.000000,1.805025
738.6913,2026-05-19T17:38:35.506364,0.000000,1.804646
739.1891,2026-05-19T17:38:36.004217,0.000000,1.804269
739.6378,2026-05-19T17:38:36.452913,0.000000,1.803806
740.1026,2026-05-19T17:38:36.917707,0.000000,1.803320
740.5923,2026-05-19T17:38:37.407412,0.000000,1.802735
741.0491,2026-05-19T17:38:37.864225,0.000000,1.802125
741.5037,2026-05-19T17:38:38.318798,0.000000,1.801637
741.9804,2026-05-19T17:38:38.795559,0.000000,1.801136
742.4383,2026-05-19T17:38:39.253444,0.000000,1.800499
742.9396,2026-05-19T17:38:39.754717,0.000000,1.799969
743.3974,2026-05-19T17:38:40.212534,0.000000,1.799219
743.8520,2026-05-19T17:38:40.667144,0.000000,1.798663
744.3237,2026-05-19T17:38:41.138810,0.000000,1.798104
744.8190,2026-05-19T17:38:41.634081,0.000000,1.797503
745.3034,2026-05-19T17:38:42.118535,0.000000,1.797002
745.7660,2026-05-19T17:38:42.581102,0.000000,1.796475
746.2673,2026-05-19T17:38:43.082393,0.000000,1.795869
746.7274,2026-05-19T17:38:43.542472,0.000000,1.795160
747.2631,2026-05-19T17:38:44.078216,0.000000,1.794520
747.7668,2026-05-19T17:38:44.581880,0.000000,1.793794
748.2619,2026-05-19T17:38:45.077047,0.000000,1.793181
748.7682,2026-05-19T17:38:45.583288,0.000000,1.792613
749.2751,2026-05-19T17:38:46.090267,0.000000,1.792004
749.7682,2026-05-19T17:38:46.583307,0.000000,1.791376
750.2526,2026-05-19T17:38:47.067753,0.000000,1.790566
750.7105,2026-05-19T17:38:47.525590,0.000000,1.789830
751.2475,2026-05-19T17:38:48.062633,0.000000,1.789210
751.7682,2026-05-19T17:38:48.583348,0.000000,1.788510
752.2664,2026-05-19T17:38:49.081488,0.000000,1.787884
752.7281,2026-05-19T17:38:49.543195,0.000000,1.787133
753.2278,2026-05-19T17:38:50.042957,0.000000,1.786406
753.6850,2026-05-19T17:38:50.500078,0.000000,1.785671
754.1609,2026-05-19T17:38:50.976044,0.000000,1.785084
754.6629,2026-05-19T17:38:51.478031,0.000000,1.784608
755.1575,2026-05-19T17:38:51.972560,0.000000,1.784053
755.6503,2026-05-19T17:38:52.465459,0.000000,1.783548
756.1894,2026-05-19T17:38:53.004529,0.000000,1.782949
756.6521,2026-05-19T17:38:53.467175,0.000000,1.782223
757.1267,2026-05-19T17:38:53.941805,0.000000,1.781577
757.5837,2026-05-19T17:38:54.398845,0.000000,1.780847
758.0337,2026-05-19T17:38:54.848768,0.000000,1.780204
758.4935,2026-05-19T17:38:55.308634,0.000000,1.779436
758.9504,2026-05-19T17:38:55.765511,0.000000,1.778757
759.4765,2026-05-19T17:38:56.291582,0.000000,1.778036
759.9364,2026-05-19T17:38:56.751521,0.000000,1.777311
760.4015,2026-05-19T17:38:57.216617,0.000000,1.776553
760.8534,2026-05-19T17:38:57.668542,0.000000,1.775751
761.3663,2026-05-19T17:38:58.181390,0.000000,1.774947
761.8105,2026-05-19T17:38:58.625630,0.000000,1.774091
762.2777,2026-05-19T17:38:59.092854,0.000000,1.773424
762.7335,2026-05-19T17:38:59.548634,0.000000,1.772864
763.2011,2026-05-19T17:39:00.016395,0.000000,1.772080
763.6506,2026-05-19T17:39:00.465734,0.000000,1.771408
764.1428,2026-05-19T17:39:00.957918,0.000000,1.770660
764.6325,2026-05-19T17:39:01.447637,0.000000,1.769875
765.0782,2026-05-19T17:39:01.893289,0.000000,1.769208
765.5879,2026-05-19T17:39:02.403032,0.000000,1.768495
766.0519,2026-05-19T17:39:02.866968,0.000000,1.767842
766.5091,2026-05-19T17:39:03.324187,0.000000,1.767218
767.0005,2026-05-19T17:39:03.815649,0.000000,1.766428
767.4944,2026-05-19T17:39:04.309536,0.000000,1.765692
767.9527,2026-05-19T17:39:04.767845,0.000000,1.764898
768.4111,2026-05-19T17:39:05.226207,0.000000,1.764007
768.8585,2026-05-19T17:39:05.673633,0.000000,1.763256
769.3392,2026-05-19T17:39:06.154265,0.000000,1.762595
769.7937,2026-05-19T17:39:06.608772,0.000000,1.761892
770.2777,2026-05-19T17:39:07.092859,0.000000,1.761150
770.7772,2026-05-19T17:39:07.592343,0.000000,1.760609
771.2753,2026-05-19T17:39:08.090391,0.000000,1.759678
771.7254,2026-05-19T17:39:08.540476,0.000000,1.758829
772.2204,2026-05-19T17:39:09.035470,0.000000,1.758219
772.7272,2026-05-19T17:39:09.542282,0.000000,1.757530
773.2444,2026-05-19T17:39:10.059547,0.000000,1.756722
773.7118,2026-05-19T17:39:10.526907,0.000000,1.755991
774.2078,2026-05-19T17:39:11.022948,0.000000,1.755199
774.7102,2026-05-19T17:39:11.525301,0.000000,1.754269
775.1946,2026-05-19T17:39:12.009876,0.000000,1.753534
775.6944,2026-05-19T17:39:12.509522,0.000000,1.752818
776.1693,2026-05-19T17:39:12.984391,0.000000,1.752198
776.6525,2026-05-19T17:39:13.467691,0.000000,1.751544
777.1709,2026-05-19T17:39:13.985976,0.000000,1.750730
777.6359,2026-05-19T17:39:14.450994,0.000000,1.749888
778.0992,2026-05-19T17:39:14.914263,0.000000,1.749008
778.5599,2026-05-19T17:39:15.375018,0.000000,1.748280
779.0605,2026-05-19T17:39:15.875573,0.000000,1.747625
779.5219,2026-05-19T17:39:16.337015,0.000000,1.747039
780.0111,2026-05-19T17:39:16.826211,0.000000,1.746450
780.4670,2026-05-19T17:39:17.282090,0.000000,1.745703
780.9335,2026-05-19T17:39:17.748603,0.000000,1.745030
781.3932,2026-05-19T17:39:18.208285,0.000000,1.744280
781.8509,2026-05-19T17:39:18.666035,0.000000,1.743535
782.3358,2026-05-19T17:39:19.150907,0.000000,1.742958
782.7952,2026-05-19T17:39:19.610259,0.000000,1.742172
783.2993,2026-05-19T17:39:20.114407,0.000000,1.741393
783.7837,2026-05-19T17:39:20.598853,0.000000,1.740643
784.2883,2026-05-19T17:39:21.103406,0.000000,1.739943
784.7589,2026-05-19T17:39:21.573978,0.000000,1.739261
785.2531,2026-05-19T17:39:22.068167,0.000000,1.738693
785.7848,2026-05-19T17:39:22.599928,0.000000,1.737928
786.2857,2026-05-19T17:39:23.100786,0.000000,1.737190
786.7733,2026-05-19T17:39:23.588439,0.000000,1.736377
787.2682,2026-05-19T17:39:24.083307,0.000000,1.735608
787.7187,2026-05-19T17:39:24.533772,0.000000,1.734858
788.1973,2026-05-19T17:39:25.012429,0.000000,1.734200
788.6846,2026-05-19T17:39:25.499711,0.000000,1.733494
789.1593,2026-05-19T17:39:25.974373,0.000000,1.732755
789.6169,2026-05-19T17:39:26.432036,0.000000,1.732027
790.0687,2026-05-19T17:39:26.883786,0.000000,1.731330
790.5470,2026-05-19T17:39:27.362154,0.000000,1.730527
791.0256,2026-05-19T17:39:27.840742,0.000000,1.729866
791.4939,2026-05-19T17:39:28.308977,0.000000,1.729141
791.9427,2026-05-19T17:39:28.757822,0.000000,1.728438
792.4367,2026-05-19T17:39:29.251764,0.000000,1.727759
792.8920,2026-05-19T17:39:29.707056,0.000000,1.726996
793.3715,2026-05-19T17:39:30.186587,0.000000,1.726216
793.8281,2026-05-19T17:39:30.643200,0.000000,1.725470
794.3031,2026-05-19T17:39:31.118235,0.000000,1.724700
794.7590,2026-05-19T17:39:31.574086,0.000000,1.723984
795.2392,2026-05-19T17:39:32.054260,0.000000,1.723278
795.7351,2026-05-19T17:39:32.550236,0.000000,1.587487
796.2158,2026-05-19T17:39:33.030931,0.000000,0.620549
796.7192,2026-05-19T17:39:33.534306,0.000000,0.859797
797.2738,2026-05-19T17:39:34.088954,0.000000,0.388066
797.7616,2026-05-19T17:39:34.576684,0.000000,0.540568
798.2564,2026-05-19T17:39:35.071483,0.000000,0.276459
798.7337,2026-05-19T17:39:35.548800,0.000000,0.274004
799.2995,2026-05-19T17:39:36.114630,0.000000,0.275680
799.8360,2026-05-19T17:39:36.651058,0.000000,0.272352
800.3776,2026-05-19T17:39:37.192727,0.000000,0.261440
800.8440,2026-05-19T17:39:37.659100,0.000000,0.591000
801.3396,2026-05-19T17:39:38.154732,0.000000,0.927397
801.7956,2026-05-19T17:39:38.610735,0.000000,1.288381
802.2960,2026-05-19T17:39:39.111125,0.000000,1.620156
802.7968,2026-05-19T17:39:39.611897,0.000000,1.711307
803.3159,2026-05-19T17:39:40.130966,0.000000,1.710673
803.7928,2026-05-19T17:39:40.607910,0.000000,1.709865
804.2351,2026-05-19T17:39:41.050234,0.000000,1.708935
804.7008,2026-05-19T17:39:41.515866,0.000000,1.708271
805.2194,2026-05-19T17:39:42.034561,0.000000,1.707531
805.6849,2026-05-19T17:39:42.500027,0.000000,1.706918
806.1789,2026-05-19T17:39:42.993963,0.000000,1.706385
806.6422,2026-05-19T17:39:43.457289,0.000000,1.705752
807.1137,2026-05-19T17:39:43.928856,0.000000,1.705050
807.5857,2026-05-19T17:39:44.400844,0.000000,1.704379
808.0507,2026-05-19T17:39:44.865785,0.000000,1.703646
808.5014,2026-05-19T17:39:45.316467,0.000000,1.702930
808.9584,2026-05-19T17:39:45.773555,0.000000,1.702325
809.4089,2026-05-19T17:39:46.223971,0.000000,1.701684
809.8587,2026-05-19T17:39:46.673787,0.000000,1.701112
810.3323,2026-05-19T17:39:47.147365,0.000000,1.700520
810.7950,2026-05-19T17:39:47.610114,0.000000,1.699920
811.2724,2026-05-19T17:39:48.087548,0.000000,1.699504
811.7193,2026-05-19T17:39:48.534426,0.000000,1.698820
812.2126,2026-05-19T17:39:49.027705,0.000000,1.698323
812.6751,2026-05-19T17:39:49.490199,0.000000,1.697628
813.1527,2026-05-19T17:39:49.967848,0.000000,1.697028
813.6005,2026-05-19T17:39:50.415615,0.000000,1.696403
814.0611,2026-05-19T17:39:50.876218,0.000000,1.695765
814.5250,2026-05-19T17:39:51.340141,0.000000,1.695173
814.9670,2026-05-19T17:39:51.782143,0.000000,1.694530
815.4694,2026-05-19T17:39:52.284486,0.000000,1.693941
815.9254,2026-05-19T17:39:52.740508,0.000000,1.693507
816.3919,2026-05-19T17:39:53.207044,0.000000,1.692980
816.8590,2026-05-19T17:39:53.674081,0.000000,1.692521
817.3364,2026-05-19T17:39:54.151547,0.000000,1.691927
817.7987,2026-05-19T17:39:54.613809,0.000000,1.691256
818.3006,2026-05-19T17:39:55.115698,0.000000,1.690682
818.7944,2026-05-19T17:39:55.609509,0.000000,1.690102
819.2709,2026-05-19T17:39:56.086003,0.000000,1.689568
819.7203,2026-05-19T17:39:56.535383,0.000000,1.689095
820.1934,2026-05-19T17:39:57.008517,0.000000,1.688572
820.6616,2026-05-19T17:39:57.476686,0.000000,1.688101
821.1352,2026-05-19T17:39:57.950283,0.000000,1.687621
821.6170,2026-05-19T17:39:58.432079,0.000000,1.687262
822.0943,2026-05-19T17:39:58.909428,0.000000,1.686793
822.5591,2026-05-19T17:39:59.374254,0.000000,1.686264
823.0464,2026-05-19T17:39:59.861537,0.000000,1.685816
823.5609,2026-05-19T17:40:00.376043,0.000000,1.685243
824.0474,2026-05-19T17:40:00.862530,0.000000,1.684810
824.5625,2026-05-19T17:40:01.377597,0.000000,1.684309
825.0484,2026-05-19T17:40:01.863497,0.000000,1.683730
825.5182,2026-05-19T17:40:02.333270,0.000000,1.683332
825.9772,2026-05-19T17:40:02.792300,0.000000,1.682878
826.4546,2026-05-19T17:40:03.269690,0.000000,1.682578
826.9089,2026-05-19T17:40:03.723975,0.000000,1.682095
827.4008,2026-05-19T17:40:04.215931,0.000000,1.681698
827.8506,2026-05-19T17:40:04.665735,0.000000,1.681194
828.3530,2026-05-19T17:40:05.168101,0.000000,1.680762
828.8025,2026-05-19T17:40:05.617648,0.000000,1.680278
829.2942,2026-05-19T17:40:06.109285,0.000000,1.679868
829.7923,2026-05-19T17:40:06.607396,0.000000,1.679377
830.2915,2026-05-19T17:40:07.106616,0.000000,1.678800
830.7936,2026-05-19T17:40:07.608664,0.000000,1.678368
831.3297,2026-05-19T17:40:08.144802,0.000000,1.677741
831.8058,2026-05-19T17:40:08.620897,0.000000,1.677390
832.2798,2026-05-19T17:40:09.094880,0.000000,1.676995
832.7420,2026-05-19T17:40:09.557121,0.000000,1.676576
833.2083,2026-05-19T17:40:10.023398,0.000000,1.676301
833.6785,2026-05-19T17:40:10.493580,0.000000,1.675890
834.1726,2026-05-19T17:40:10.987743,0.000000,1.675404
834.6483,2026-05-19T17:40:11.463356,0.000000,1.674984
835.1452,2026-05-19T17:40:11.960307,0.000000,1.674534
835.5937,2026-05-19T17:40:12.408828,0.000000,1.674092
836.0579,2026-05-19T17:40:12.873023,0.000000,1.673824
836.5109,2026-05-19T17:40:13.326045,0.000000,1.673646
836.9688,2026-05-19T17:40:13.783912,0.000000,1.673342
837.4665,2026-05-19T17:40:14.281612,0.000000,1.673097
837.9627,2026-05-19T17:40:14.777792,0.000000,1.672659
838.4266,2026-05-19T17:40:15.241702,0.000000,1.672119
838.8944,2026-05-19T17:40:15.709471,0.000000,1.671742
839.3633,2026-05-19T17:40:16.178407,0.000000,1.671431
839.8097,2026-05-19T17:40:16.624816,0.000000,1.671130
840.3166,2026-05-19T17:40:17.131731,0.000000,1.670915
840.7970,2026-05-19T17:40:17.612129,0.000000,1.670640
841.3221,2026-05-19T17:40:18.137150,0.000000,1.670330
841.8100,2026-05-19T17:40:18.625114,0.000000,1.670010
842.3249,2026-05-19T17:40:19.139997,0.000000,1.669621
842.7836,2026-05-19T17:40:19.598752,0.000000,1.669359
843.2809,2026-05-19T17:40:20.096048,0.000000,1.668991
843.7351,2026-05-19T17:40:20.550256,0.000000,1.668529
844.2222,2026-05-19T17:40:21.037304,0.000000,1.668307
844.6837,2026-05-19T17:40:21.498823,0.000000,1.667862
845.1834,2026-05-19T17:40:21.998546,0.000000,1.667614
845.6741,2026-05-19T17:40:22.489225,0.000000,1.667411
846.1768,2026-05-19T17:40:22.991871,0.000000,1.667197
846.6767,2026-05-19T17:40:23.491837,0.000000,1.667038
847.1788,2026-05-19T17:40:23.993909,0.000000,1.666972
847.6789,2026-05-19T17:40:24.494031,0.000000,1.666771
848.1442,2026-05-19T17:40:24.959297,0.000000,1.666643
848.6094,2026-05-19T17:40:25.424482,0.000000,1.666450
849.0685,2026-05-19T17:40:25.883631,0.000000,1.666084
849.5258,2026-05-19T17:40:26.340895,0.000000,1.665797
849.9754,2026-05-19T17:40:26.790505,0.000000,1.665518
850.4339,2026-05-19T17:40:27.249029,0.000000,1.665277
850.8951,2026-05-19T17:40:27.710167,0.000000,1.665070
851.3859,2026-05-19T17:40:28.200997,0.000000,1.664948
851.8419,2026-05-19T17:40:28.656995,0.000000,1.664708
852.3310,2026-05-19T17:40:29.146059,0.000000,1.664429
852.8301,2026-05-19T17:40:29.645199,0.000000,1.664095
853.3111,2026-05-19T17:40:30.126164,0.000000,1.663915
853.7874,2026-05-19T17:40:30.602534,0.000000,1.663688
854.2692,2026-05-19T17:40:31.084303,0.000000,1.663502
854.7347,2026-05-19T17:40:31.549776,0.000000,1.663516
855.2351,2026-05-19T17:40:32.050166,0.000000,1.663248
855.7368,2026-05-19T17:40:32.551917,0.000000,1.663006
856.2362,2026-05-19T17:40:33.051346,0.000000,1.662852
856.7088,2026-05-19T17:40:33.523892,0.000000,1.662611
857.2375,2026-05-19T17:40:34.052633,0.000000,1.662466
857.7276,2026-05-19T17:40:34.542741,0.000000,1.662257
858.2187,2026-05-19T17:40:35.033777,0.000000,1.661959
858.7056,2026-05-19T17:40:35.520731,0.000000,1.661686
859.2039,2026-05-19T17:40:36.019003,0.000000,1.661473
859.7078,2026-05-19T17:40:36.522865,0.000000,1.661286
860.1862,2026-05-19T17:40:37.001301,0.000000,1.661246
860.6603,2026-05-19T17:40:37.475364,0.000000,1.661146
861.1553,2026-05-19T17:40:37.970431,0.000000,1.660988
861.6586,2026-05-19T17:40:38.473732,0.000000,1.660926
862.1512,2026-05-19T17:40:38.966333,0.000000,1.660796
862.6092,2026-05-19T17:40:39.424286,0.000000,1.660587
863.0822,2026-05-19T17:40:39.897265,0.000000,1.660462
863.5434,2026-05-19T17:40:40.358540,0.000000,1.660318
864.0021,2026-05-19T17:40:40.817221,0.000000,1.660190
864.4965,2026-05-19T17:40:41.311658,0.000000,1.660097
864.9547,2026-05-19T17:40:41.769826,0.000000,1.660005
865.4169,2026-05-19T17:40:42.231979,0.000000,1.660006
865.8983,2026-05-19T17:40:42.713411,0.000000,1.660086
866.3807,2026-05-19T17:40:43.195832,0.000000,1.660150
866.8377,2026-05-19T17:40:43.652796,0.000000,1.660235
867.3200,2026-05-19T17:40:44.135069,0.000000,1.660204
867.7876,2026-05-19T17:40:44.602665,0.000000,1.660092
868.2494,2026-05-19T17:40:45.064543,0.000000,1.659910
868.7297,2026-05-19T17:40:45.544775,0.000000,1.659779
869.2245,2026-05-19T17:40:46.039648,0.000000,1.659570
869.7133,2026-05-19T17:40:46.528387,0.000000,1.659410
870.2159,2026-05-19T17:40:47.031025,0.000000,1.659318
870.7345,2026-05-19T17:40:47.549604,0.000000,1.659198
871.2079,2026-05-19T17:40:48.023023,0.000000,1.659059
871.6787,2026-05-19T17:40:48.493811,0.000000,1.658922
872.1739,2026-05-19T17:40:48.989008,0.000000,1.658770
872.6386,2026-05-19T17:40:49.453722,0.000000,1.658670
873.1501,2026-05-19T17:40:49.965171,0.000000,1.658564
873.6044,2026-05-19T17:40:50.419478,0.000000,1.658329
874.0933,2026-05-19T17:40:50.908377,0.000000,1.658118
874.5581,2026-05-19T17:40:51.373177,0.000000,1.657907
875.0049,2026-05-19T17:40:51.820046,0.000000,1.657680
875.5059,2026-05-19T17:40:52.321019,0.000000,1.657643
875.9549,2026-05-19T17:40:52.770041,0.000000,1.657562
876.4131,2026-05-19T17:40:53.228209,0.000000,1.657386
876.8902,2026-05-19T17:40:53.705353,0.000000,1.657398
877.3488,2026-05-19T17:40:54.163871,0.000000,1.657219
877.8276,2026-05-19T17:40:54.642760,0.000000,1.657159
878.3082,2026-05-19T17:40:55.123288,0.000000,1.657084
878.7632,2026-05-19T17:40:55.578296,0.000000,1.656984
879.2441,2026-05-19T17:40:56.059248,0.000000,1.656907
879.6963,2026-05-19T17:40:56.511433,0.000000,1.656884
880.1985,2026-05-19T17:40:57.013609,0.000000,1.656837
880.6558,2026-05-19T17:40:57.470925,0.000000,1.656779
881.1537,2026-05-19T17:40:57.968841,0.000000,1.656852
881.6527,2026-05-19T17:40:58.467847,0.000000,1.656904
882.1519,2026-05-19T17:40:58.966960,0.000000,1.657030
882.6236,2026-05-19T17:40:59.438753,0.000000,1.657157
883.1584,2026-05-19T17:40:59.973519,0.000000,1.657232
883.6130,2026-05-19T17:41:00.428110,0.000000,1.657328
884.1037,2026-05-19T17:41:00.918856,0.000000,1.657240
884.5725,2026-05-19T17:41:01.387645,0.000000,1.657261
885.0208,2026-05-19T17:41:01.835885,0.000000,1.657205
885.4715,2026-05-19T17:41:02.286636,0.000000,1.657160
885.9399,2026-05-19T17:41:02.754981,0.000000,1.657236
886.4257,2026-05-19T17:41:03.240775,0.000000,1.657221
886.8895,2026-05-19T17:41:03.704586,0.000000,1.657341
887.3725,2026-05-19T17:41:04.187603,0.000000,1.657432
887.8321,2026-05-19T17:41:04.647255,0.000000,1.657376
888.3323,2026-05-19T17:41:05.147443,0.000000,1.657294
888.7969,2026-05-19T17:41:05.612031,0.000000,1.657226
889.2741,2026-05-19T17:41:06.089173,0.000000,1.657268
889.7212,2026-05-19T17:41:06.536325,0.000000,1.657392
890.2153,2026-05-19T17:41:07.030406,0.000000,1.657408
890.6901,2026-05-19T17:41:07.505231,0.000000,1.657387
891.1847,2026-05-19T17:41:07.999769,0.000000,1.657285
891.6464,2026-05-19T17:41:08.461504,0.000000,1.657103
892.1625,2026-05-19T17:41:08.977568,0.000000,1.657148
892.6466,2026-05-19T17:41:09.461710,0.000000,1.657104
893.1566,2026-05-19T17:41:09.971727,0.000000,1.657051
893.6128,2026-05-19T17:41:10.427941,0.000000,1.657138
894.0813,2026-05-19T17:41:10.896358,0.000000,1.657127
894.5489,2026-05-19T17:41:11.363983,0.000000,1.657204
895.0046,2026-05-19T17:41:11.819689,0.000000,1.657330
895.5059,2026-05-19T17:41:12.321055,0.000000,1.657304
895.9550,2026-05-19T17:41:12.770105,0.000000,1.657272
896.4477,2026-05-19T17:41:13.262766,0.000000,1.657289
896.9145,2026-05-19T17:41:13.729646,0.000000,1.657256
897.4138,2026-05-19T17:41:14.228885,0.000000,1.657279
897.8648,2026-05-19T17:41:14.679940,0.000000,1.657457
898.3226,2026-05-19T17:41:15.137734,0.000000,1.657576
898.7985,2026-05-19T17:41:15.613652,0.000000,1.657808
899.2854,2026-05-19T17:41:16.100481,0.000000,1.658034
899.7378,2026-05-19T17:41:16.552913,0.000000,1.658060
900.2348,2026-05-19T17:41:17.049905,0.000000,1.658119
900.6993,2026-05-19T17:41:17.514357,0.000000,1.658204
901.1981,2026-05-19T17:41:18.013177,0.000000,1.658304
901.7020,2026-05-19T17:41:18.517104,0.000000,1.658491
902.2022,2026-05-19T17:41:19.017277,0.000000,1.658694
902.6540,2026-05-19T17:41:19.469140,0.000000,1.658892
903.1514,2026-05-19T17:41:19.966485,0.000000,1.659177
903.6395,2026-05-19T17:41:20.454592,0.000000,1.659379
904.1221,2026-05-19T17:41:20.937189,0.000000,1.659544
904.5824,2026-05-19T17:41:21.397509,0.000000,1.659708
905.0463,2026-05-19T17:41:21.861447,0.000000,1.659709
905.5034,2026-05-19T17:41:22.318493,0.000000,1.659684
905.9574,2026-05-19T17:41:22.772493,0.000000,1.659758
906.4711,2026-05-19T17:41:23.286255,0.000000,1.659787
906.9547,2026-05-19T17:41:23.769828,0.000000,1.659820
907.4148,2026-05-19T17:41:24.229938,0.000000,1.659930
907.8842,2026-05-19T17:41:24.699252,0.000000,1.660021
908.3485,2026-05-19T17:41:25.163560,0.000000,1.660117
908.8200,2026-05-19T17:41:25.635138,0.000000,1.660290
909.2966,2026-05-19T17:41:26.111682,0.000000,1.660354
909.7599,2026-05-19T17:41:26.575036,0.000000,1.660417
910.2613,2026-05-19T17:41:27.076403,0.000000,1.660578
910.7148,2026-05-19T17:41:27.529895,0.000000,1.660661
911.2146,2026-05-19T17:41:28.029673,0.000000,1.660807
911.6638,2026-05-19T17:41:28.478961,0.000000,1.660918
912.1282,2026-05-19T17:41:28.943260,0.000000,1.660947
912.5880,2026-05-19T17:41:29.403152,0.000000,1.660952
913.0442,2026-05-19T17:41:29.859272,0.000000,1.661039
913.5085,2026-05-19T17:41:30.323651,0.000000,1.660998
913.9911,2026-05-19T17:41:30.806228,0.000000,1.661083
914.4869,2026-05-19T17:41:31.301984,0.000000,1.661096
914.9342,2026-05-19T17:41:31.749349,0.000000,1.661240
915.4026,2026-05-19T17:41:32.217716,0.000000,1.661427
915.8694,2026-05-19T17:41:32.684527,0.000000,1.661543
916.3611,2026-05-19T17:41:33.176173,0.000000,1.661714
916.8381,2026-05-19T17:41:33.653218,0.000000,1.661888
917.3696,2026-05-19T17:41:34.184677,0.000000,1.661946
917.8592,2026-05-19T17:41:34.674290,0.000000,1.662042
918.3857,2026-05-19T17:41:35.200813,0.000000,1.662134
