elapsed_s,timestamp,ch1_MEAN_V,ch2_MEAN_V
0.4580,2026-07-16T16:52:55.807624,-0.660888,0.000000
0.9524,2026-07-16T16:52:56.302002,-0.662051,0.000000
1.4082,2026-07-16T16:52:56.757815,-0.663282,0.000000
1.8740,2026-07-16T16:52:57.223562,-0.664275,0.000000
2.3356,2026-07-16T16:52:57.685187,-0.665219,0.000000
2.7912,2026-07-16T16:52:58.140803,-0.666077,0.000000
3.2930,2026-07-16T16:52:58.642615,-0.666866,0.000000
3.7802,2026-07-16T16:52:59.129775,-0.667659,0.000000
4.2664,2026-07-16T16:52:59.615971,-0.668386,0.000000
4.7307,2026-07-16T16:53:00.080330,-0.668998,0.000000
5.2124,2026-07-16T16:53:00.562028,-0.669586,0.000000
5.6794,2026-07-16T16:53:01.029063,-0.670062,0.000000
6.1924,2026-07-16T16:53:01.542015,-0.670298,0.000000
6.6595,2026-07-16T16:53:02.009108,-0.670549,0.000000
7.1364,2026-07-16T16:53:02.486074,-0.670744,0.000000
7.6074,2026-07-16T16:53:02.956985,-0.670962,0.000000
8.0714,2026-07-16T16:53:03.420998,-0.671091,0.000000
8.5251,2026-07-16T16:53:03.874706,-0.671182,0.000000
8.9952,2026-07-16T16:53:04.344850,-0.671291,0.000000
9.4455,2026-07-16T16:53:04.795092,-0.671394,0.000000
9.9392,2026-07-16T16:53:05.288853,-0.671486,0.000000
10.3900,2026-07-16T16:53:05.739586,-0.671494,0.000000
10.8620,2026-07-16T16:53:06.211574,-0.671611,0.000000
11.3562,2026-07-16T16:53:06.705799,-0.671710,0.000000
11.8125,2026-07-16T16:53:07.162137,-0.671896,0.000000
12.2890,2026-07-16T16:53:07.638562,-0.672013,0.000000
12.7475,2026-07-16T16:53:08.097090,-0.672192,0.000000
13.2120,2026-07-16T16:53:08.561656,-0.672368,0.000000
13.6614,2026-07-16T16:53:09.011026,-0.672589,0.000000
14.1144,2026-07-16T16:53:09.464051,-0.672774,0.000000
14.6143,2026-07-16T16:53:09.963955,-0.673016,0.000000
15.0705,2026-07-16T16:53:10.420096,-0.673227,0.000000
15.5757,2026-07-16T16:53:10.925266,-0.673467,0.000000
16.0395,2026-07-16T16:53:11.389105,-0.673720,0.000000
16.5188,2026-07-16T16:53:11.868425,-0.673920,0.000000
17.0016,2026-07-16T16:53:12.351225,-0.674016,0.000000
17.4537,2026-07-16T16:53:12.803343,-0.674162,0.000000
17.9633,2026-07-16T16:53:13.312872,-0.674200,0.000000
18.4287,2026-07-16T16:53:13.778300,-0.674278,0.000000
18.8893,2026-07-16T16:53:14.238933,-0.674322,0.000000
19.3750,2026-07-16T16:53:14.724564,-0.674326,0.000000
19.8542,2026-07-16T16:53:15.203853,-0.674434,0.000000
20.3774,2026-07-16T16:53:15.727016,-0.674480,0.000000
20.8299,2026-07-16T16:53:16.179558,-0.674453,0.000000
21.3181,2026-07-16T16:53:16.667729,-0.674510,0.000000
21.7704,2026-07-16T16:53:17.120042,-0.674594,0.000000
22.2301,2026-07-16T16:53:17.579701,-0.674715,0.000000
22.6879,2026-07-16T16:53:18.037516,-0.674826,0.000000
23.1476,2026-07-16T16:53:18.497167,-0.674842,0.000000
23.6216,2026-07-16T16:53:18.971254,-0.674846,0.000000
24.0816,2026-07-16T16:53:19.431175,-0.674909,0.000000
24.5478,2026-07-16T16:53:19.897460,-0.675000,0.000000
25.0211,2026-07-16T16:53:20.370761,-0.674987,0.000000
25.4788,2026-07-16T16:53:20.828425,-0.675042,0.000000
25.9811,2026-07-16T16:53:21.330765,-0.675040,0.000000
26.4332,2026-07-16T16:53:21.782773,-0.675058,0.000000
26.8895,2026-07-16T16:53:22.239118,-0.675051,0.000000
27.3937,2026-07-16T16:53:22.743338,-0.675034,0.000000
27.8453,2026-07-16T16:53:23.194880,-0.674970,0.000000
28.3035,2026-07-16T16:53:23.653075,-0.674992,0.000000
28.7808,2026-07-16T16:53:24.130431,-0.675030,0.000000
29.2626,2026-07-16T16:53:24.612180,-0.675083,0.000000
29.7219,2026-07-16T16:53:25.071473,-0.675181,0.000000
30.2036,2026-07-16T16:53:25.553212,-0.675245,0.000000
30.6804,2026-07-16T16:53:26.029989,-0.675277,0.000000
31.1536,2026-07-16T16:53:26.503206,-0.675339,0.000000
31.6631,2026-07-16T16:53:27.012662,-0.675326,0.000000
32.1226,2026-07-16T16:53:27.472205,-0.675290,0.000000
32.5780,2026-07-16T16:53:27.927600,-0.675322,0.000000
33.0594,2026-07-16T16:53:28.408969,-0.675360,0.000000
33.5259,2026-07-16T16:53:28.875542,-0.675386,0.000000
34.0199,2026-07-16T16:53:29.369561,-0.675392,0.000000
34.4883,2026-07-16T16:53:29.837932,-0.675288,0.000000
34.9843,2026-07-16T16:53:30.333866,-0.675190,0.000000
35.4546,2026-07-16T16:53:30.804231,-0.675139,0.000000
35.9551,2026-07-16T16:53:31.304728,-0.675147,0.000000
36.4548,2026-07-16T16:53:31.804383,-0.675171,0.000000
36.9398,2026-07-16T16:53:32.289468,-0.675208,0.000000
37.4161,2026-07-16T16:53:32.765673,-0.675258,0.000000
37.8946,2026-07-16T16:53:33.244238,-0.675310,0.000000
38.3460,2026-07-16T16:53:33.695651,-0.675392,0.000000
38.8034,2026-07-16T16:53:34.153018,-0.675398,0.000000
39.2709,2026-07-16T16:53:34.620523,-0.675482,0.000000
39.7305,2026-07-16T16:53:35.080126,-0.675544,0.000000
40.2238,2026-07-16T16:53:35.573409,-0.675606,0.000000
40.7303,2026-07-16T16:53:36.079945,-0.675672,0.000000
41.2027,2026-07-16T16:53:36.552279,-0.675730,0.000000
41.6733,2026-07-16T16:53:37.022909,-0.675832,0.000000
42.1373,2026-07-16T16:53:37.486877,-0.675898,0.000000
42.6382,2026-07-16T16:53:37.987840,-0.675989,0.000000
43.1399,2026-07-16T16:53:38.489511,-0.676086,0.000000
43.6386,2026-07-16T16:53:38.988227,-0.676062,0.000000
44.1386,2026-07-16T16:53:39.488178,-0.676102,0.000000
44.5980,2026-07-16T16:53:39.947608,-0.676186,0.000000
45.0561,2026-07-16T16:53:40.405709,-0.676227,0.000000
45.5546,2026-07-16T16:53:40.904216,-0.676336,0.000000
46.0350,2026-07-16T16:53:41.384598,-0.676382,0.000000
46.4870,2026-07-16T16:53:41.836611,-0.676466,0.000000
46.9727,2026-07-16T16:53:42.322348,-0.676528,0.000000
47.4479,2026-07-16T16:53:42.797543,-0.676563,0.000000
47.9301,2026-07-16T16:53:43.279687,-0.676642,0.000000
48.4001,2026-07-16T16:53:43.749752,-0.676731,0.000000
48.9020,2026-07-16T16:53:44.251656,-0.676851,0.000000
49.4005,2026-07-16T16:53:44.750080,-0.676883,0.000000
49.8571,2026-07-16T16:53:45.206699,-0.676893,0.000000
50.3159,2026-07-16T16:53:45.665535,-0.676896,0.000000
50.7757,2026-07-16T16:53:46.125288,-0.676886,0.000000
51.2689,2026-07-16T16:53:46.618503,-0.676950,0.000000
51.7246,2026-07-16T16:53:47.074211,-0.676918,0.000000
52.1787,2026-07-16T16:53:47.528333,-0.676930,0.000000
52.6691,2026-07-16T16:53:48.018708,-0.676918,0.000000
53.1570,2026-07-16T16:53:48.506615,-0.676920,0.000000
53.6473,2026-07-16T16:53:48.996946,-0.676920,0.000000
54.1024,2026-07-16T16:53:49.451985,-0.676958,0.000000
54.5967,2026-07-16T16:53:49.946296,-0.676981,0.000000
55.0925,2026-07-16T16:53:50.442068,-0.676997,0.000000
55.5692,2026-07-16T16:53:50.918819,-0.676962,0.000000
56.0545,2026-07-16T16:53:51.404121,-0.676928,0.000000
56.5094,2026-07-16T16:53:51.858977,-0.676906,0.000000
56.9787,2026-07-16T16:53:52.328297,-0.676853,0.000000
57.4630,2026-07-16T16:53:52.812577,-0.676845,0.000000
57.9130,2026-07-16T16:53:53.262572,-0.676819,0.000000
58.3763,2026-07-16T16:53:53.725917,-0.676885,0.000000
58.8377,2026-07-16T16:53:54.187305,-0.676888,0.000000
59.3377,2026-07-16T16:53:54.687352,-0.676990,0.000000
59.8356,2026-07-16T16:53:55.185173,-0.677114,0.000000
60.3207,2026-07-16T16:53:55.670270,-0.677147,0.000000
60.7747,2026-07-16T16:53:56.124310,-0.677264,0.000000
61.2250,2026-07-16T16:53:56.574649,-0.677310,0.000000
61.7355,2026-07-16T16:53:57.085122,-0.677395,0.000000
62.2016,2026-07-16T16:53:57.551268,-0.677605,0.000000
62.6584,2026-07-16T16:53:58.007973,-0.677723,0.000000
63.1575,2026-07-16T16:53:58.507155,-0.677813,0.000000
63.6558,2026-07-16T16:53:59.005448,-0.677811,0.000000
64.1188,2026-07-16T16:53:59.468419,-0.677858,0.000000
64.5877,2026-07-16T16:53:59.937270,-0.677926,0.000000
65.0547,2026-07-16T16:54:00.404289,-0.677973,0.000000
65.5228,2026-07-16T16:54:00.872423,-0.678034,0.000000
65.9807,2026-07-16T16:54:01.330329,-0.678062,0.000000
66.4846,2026-07-16T16:54:01.834180,-0.678086,0.000000
66.9378,2026-07-16T16:54:02.287389,-0.678115,0.000000
67.4065,2026-07-16T16:54:02.756154,-0.678173,0.000000
67.9049,2026-07-16T16:54:03.254496,-0.678160,0.000000
68.3800,2026-07-16T16:54:03.729632,-0.678118,0.000000
68.8692,2026-07-16T16:54:04.218760,-0.678138,0.000000
69.3805,2026-07-16T16:54:04.730099,-0.678054,0.000000
69.8561,2026-07-16T16:54:05.205739,-0.678032,0.000000
70.3444,2026-07-16T16:54:05.693998,-0.678000,0.000000
70.8039,2026-07-16T16:54:06.153512,-0.677949,0.000000
71.2859,2026-07-16T16:54:06.635554,-0.677978,0.000000
71.7461,2026-07-16T16:54:07.095713,-0.677984,0.000000
72.2480,2026-07-16T16:54:07.597597,-0.678018,0.000000
72.7041,2026-07-16T16:54:08.053760,-0.678066,0.000000
73.1645,2026-07-16T16:54:08.514064,-0.678066,0.000000
73.6216,2026-07-16T16:54:08.971164,-0.678120,0.000000
74.0968,2026-07-16T16:54:09.446440,-0.678179,0.000000
74.5558,2026-07-16T16:54:09.905379,-0.678251,0.000000
75.0409,2026-07-16T16:54:10.390486,-0.678362,0.000000
75.5257,2026-07-16T16:54:10.875321,-0.678411,0.000000
76.0260,2026-07-16T16:54:11.375600,-0.678504,0.000000
76.5075,2026-07-16T16:54:11.857075,-0.678563,0.000000
76.9891,2026-07-16T16:54:12.338752,-0.678582,0.000000
77.4459,2026-07-16T16:54:12.795545,-0.678666,0.000000
77.9048,2026-07-16T16:54:13.254377,-0.678651,0.000000
78.3712,2026-07-16T16:54:13.720839,-0.678752,0.000000
78.8613,2026-07-16T16:54:14.210922,-0.678798,0.000000
79.3644,2026-07-16T16:54:14.714008,-0.678891,0.000000
79.8237,2026-07-16T16:54:15.173313,-0.678930,0.000000
80.2729,2026-07-16T16:54:15.622471,-0.678984,0.000000
80.7437,2026-07-16T16:54:16.093310,-0.679027,0.000000
81.2348,2026-07-16T16:54:16.584398,-0.679094,0.000000
81.7313,2026-07-16T16:54:17.080869,-0.679136,0.000000
82.1921,2026-07-16T16:54:17.541755,-0.679219,0.000000
82.6741,2026-07-16T16:54:18.023712,-0.679221,0.000000
83.1431,2026-07-16T16:54:18.492708,-0.679266,0.000000
83.5964,2026-07-16T16:54:18.945976,-0.679299,0.000000
84.1147,2026-07-16T16:54:19.464279,-0.679352,0.000000
84.5743,2026-07-16T16:54:19.923953,-0.679427,0.000000
85.0397,2026-07-16T16:54:20.389270,-0.679440,0.000000
85.5288,2026-07-16T16:54:20.878430,-0.679496,0.000000
86.0254,2026-07-16T16:54:21.375039,-0.679547,0.000000
86.5313,2026-07-16T16:54:21.880943,-0.679590,0.000000
87.0024,2026-07-16T16:54:22.352067,-0.679621,0.000000
87.4679,2026-07-16T16:54:22.817547,-0.679643,0.000000
87.9276,2026-07-16T16:54:23.277201,-0.679710,0.000000
88.3840,2026-07-16T16:54:23.733577,-0.679734,0.000000
88.8327,2026-07-16T16:54:24.182325,-0.679770,0.000000
89.2894,2026-07-16T16:54:24.638982,-0.679786,0.000000
89.7461,2026-07-16T16:54:25.095685,-0.679827,0.000000
90.2046,2026-07-16T16:54:25.554213,-0.679914,0.000000
90.6813,2026-07-16T16:54:26.030882,-0.680006,0.000000
91.1379,2026-07-16T16:54:26.487483,-0.680086,0.000000
91.5880,2026-07-16T16:54:26.937606,-0.680218,0.000000
92.0861,2026-07-16T16:54:27.435677,-0.680354,0.000000
92.5576,2026-07-16T16:54:27.907248,-0.680502,0.000000
93.0167,2026-07-16T16:54:28.366282,-0.680576,0.000000
93.5088,2026-07-16T16:54:28.858421,-0.680718,0.000000
93.9732,2026-07-16T16:54:29.322815,-0.680834,0.000000
94.4370,2026-07-16T16:54:29.786581,-0.680974,0.000000
94.9362,2026-07-16T16:54:30.285782,-0.681080,0.000000
95.4006,2026-07-16T16:54:30.750175,-0.681258,0.000000
95.8608,2026-07-16T16:54:31.210395,-0.681402,0.000000
96.3083,2026-07-16T16:54:31.657946,-0.681478,0.000000
96.8002,2026-07-16T16:54:32.149855,-0.681576,0.000000
97.2590,2026-07-16T16:54:32.608631,-0.681683,0.000000
97.7091,2026-07-16T16:54:33.058739,-0.681845,0.000000
98.1668,2026-07-16T16:54:33.516448,-0.681995,0.000000
98.6356,2026-07-16T16:54:33.985224,-0.682147,0.000000
99.0944,2026-07-16T16:54:34.443970,-0.682366,0.000000
99.5620,2026-07-16T16:54:34.911621,-0.682534,0.000000
100.0195,2026-07-16T16:54:35.369065,-0.682712,0.000000
100.4855,2026-07-16T16:54:35.835151,-0.682890,0.000000
100.9508,2026-07-16T16:54:36.300369,-0.683022,0.000000
101.4151,2026-07-16T16:54:36.764718,-0.683213,0.000000
101.8671,2026-07-16T16:54:37.216747,-0.683360,0.000000
102.3170,2026-07-16T16:54:37.666582,-0.683490,0.000000
102.7676,2026-07-16T16:54:38.117207,-0.683642,0.000000
103.2456,2026-07-16T16:54:38.595205,-0.683917,0.000000
103.7162,2026-07-16T16:54:39.065770,-0.684227,0.000000
104.1760,2026-07-16T16:54:39.525594,-0.684502,0.000000
104.6545,2026-07-16T16:54:40.004137,-0.684728,0.000000
105.1105,2026-07-16T16:54:40.460125,-0.684931,0.000000
105.5760,2026-07-16T16:54:40.925624,-0.685181,0.000000
106.0335,2026-07-16T16:54:41.383080,-0.685517,0.000000
106.5002,2026-07-16T16:54:41.849841,-0.685718,0.000000
106.9744,2026-07-16T16:54:42.324019,-0.685995,0.000000
107.4688,2026-07-16T16:54:42.818378,-0.686267,0.000000
107.9700,2026-07-16T16:54:43.319612,-0.686410,0.000000
108.4458,2026-07-16T16:54:43.795379,-0.686541,0.000000
108.9227,2026-07-16T16:54:44.272343,-0.686624,0.000000
109.3882,2026-07-16T16:54:44.737803,-0.686754,0.000000
109.8378,2026-07-16T16:54:45.187443,-0.686872,0.000000
110.3067,2026-07-16T16:54:45.656305,-0.686941,0.000000
110.7637,2026-07-16T16:54:46.113306,-0.687019,0.000000
111.2126,2026-07-16T16:54:46.562239,-0.687104,0.000000
111.6993,2026-07-16T16:54:47.048937,-0.687218,0.000000
112.1590,2026-07-16T16:54:47.508596,-0.687349,0.000000
112.6599,2026-07-16T16:54:48.009522,-0.687422,0.000000
113.1122,2026-07-16T16:54:48.461851,-0.687600,0.000000
113.5939,2026-07-16T16:54:48.943508,-0.687677,0.000000
114.0394,2026-07-16T16:54:49.389012,-0.687786,0.000000
114.5059,2026-07-16T16:54:49.855477,-0.687853,0.000000
114.9939,2026-07-16T16:54:50.343551,-0.687955,0.000000
115.4503,2026-07-16T16:54:50.799925,-0.688091,0.000000
115.9434,2026-07-16T16:54:51.293038,-0.688250,0.000000
116.4490,2026-07-16T16:54:51.798586,-0.688454,0.000000
116.9692,2026-07-16T16:54:52.318820,-0.688685,0.000000
117.4513,2026-07-16T16:54:52.800897,-0.688994,0.000000
117.9106,2026-07-16T16:54:53.260238,-0.689328,0.000000
118.3671,2026-07-16T16:54:53.716745,-0.689598,0.000000
118.8277,2026-07-16T16:54:54.177308,-0.689910,0.000000
119.2870,2026-07-16T16:54:54.636627,-0.690195,0.000000
119.7813,2026-07-16T16:54:55.130952,-0.690454,0.000000
120.2366,2026-07-16T16:54:55.586253,-0.690790,0.000000
120.7082,2026-07-16T16:54:56.057817,-0.691053,0.000000
121.1752,2026-07-16T16:54:56.524821,-0.691344,0.000000
121.6359,2026-07-16T16:54:56.985493,-0.691518,0.000000
122.1215,2026-07-16T16:54:57.471145,-0.691749,0.000000
122.6139,2026-07-16T16:54:57.963521,-0.691928,0.000000
123.0672,2026-07-16T16:54:58.416773,-0.692179,0.000000
123.5435,2026-07-16T16:54:58.893121,-0.692410,0.000000
124.0527,2026-07-16T16:54:59.402343,-0.692613,0.000000
124.5271,2026-07-16T16:54:59.876726,-0.692822,0.000000
124.9810,2026-07-16T16:55:00.330579,-0.693014,0.000000
125.4709,2026-07-16T16:55:00.820495,-0.693272,0.000000
125.9322,2026-07-16T16:55:01.281790,-0.693480,0.000000
126.3881,2026-07-16T16:55:01.737748,-0.693781,0.000000
126.8393,2026-07-16T16:55:02.188917,-0.693995,0.000000
127.3060,2026-07-16T16:55:02.655589,-0.694218,0.000000
127.7561,2026-07-16T16:55:03.105699,-0.694378,0.000000
128.2143,2026-07-16T16:55:03.563942,-0.694605,0.000000
128.7110,2026-07-16T16:55:04.060658,-0.694763,0.000000
129.1644,2026-07-16T16:55:04.514007,-0.694947,0.000000
129.6298,2026-07-16T16:55:04.979448,-0.695176,0.000000
130.1100,2026-07-16T16:55:05.459662,-0.695283,0.000000
130.5639,2026-07-16T16:55:05.913519,-0.695400,0.000000
131.0566,2026-07-16T16:55:06.406246,-0.695502,0.000000
131.5038,2026-07-16T16:55:06.853383,-0.695602,0.000000
131.9570,2026-07-16T16:55:07.306646,-0.695680,0.000000
132.4236,2026-07-16T16:55:07.773240,-0.695760,0.000000
132.8760,2026-07-16T16:55:08.225615,-0.695850,0.000000
133.3737,2026-07-16T16:55:08.723309,-0.695939,0.000000
133.8654,2026-07-16T16:55:09.214972,-0.696058,0.000000
134.3132,2026-07-16T16:55:09.662782,-0.696170,0.000000
134.7711,2026-07-16T16:55:10.120734,-0.696266,0.000000
135.2301,2026-07-16T16:55:10.579716,-0.696374,0.000000
135.7174,2026-07-16T16:55:11.066979,-0.696456,0.000000
136.1715,2026-07-16T16:55:11.521091,-0.696586,0.000000
136.6470,2026-07-16T16:55:11.996644,-0.696715,0.000000
137.1384,2026-07-16T16:55:12.488035,-0.696909,0.000000
137.5961,2026-07-16T16:55:12.945678,-0.697066,0.000000
138.0736,2026-07-16T16:55:13.423169,-0.697258,0.000000
138.5311,2026-07-16T16:55:13.880708,-0.697446,0.000000
138.9876,2026-07-16T16:55:14.337222,-0.697566,0.000000
139.4377,2026-07-16T16:55:14.787299,-0.697826,0.000000
139.9062,2026-07-16T16:55:15.255766,-0.698181,0.000000
140.3545,2026-07-16T16:55:15.704130,-0.698534,0.000000
140.8123,2026-07-16T16:55:16.161907,-0.698875,0.000000
141.2712,2026-07-16T16:55:16.620776,-0.699181,0.000000
141.7294,2026-07-16T16:55:17.078995,-0.699480,0.000000
142.2049,2026-07-16T16:55:17.554545,-0.699797,0.000000
142.7243,2026-07-16T16:55:18.073879,-0.700134,0.000000
143.1820,2026-07-16T16:55:18.531614,-0.700438,0.000000
143.6622,2026-07-16T16:55:19.011849,-0.700766,0.000000
144.1466,2026-07-16T16:55:19.496236,-0.701178,0.000000
144.6047,2026-07-16T16:55:19.954337,-0.701366,0.000000
145.0736,2026-07-16T16:55:20.423214,-0.701542,0.000000
145.5292,2026-07-16T16:55:20.878770,-0.701763,0.000000
146.0282,2026-07-16T16:55:21.377788,-0.702013,0.000000
146.5179,2026-07-16T16:55:21.867527,-0.702240,0.000000
146.9724,2026-07-16T16:55:22.321982,-0.702432,0.000000
147.4316,2026-07-16T16:55:22.781179,-0.702614,0.000000
147.9376,2026-07-16T16:55:23.287230,-0.702787,0.000000
148.3963,2026-07-16T16:55:23.745952,-0.703018,0.000000
148.8556,2026-07-16T16:55:24.205265,-0.703099,0.000000
149.3131,2026-07-16T16:55:24.662706,-0.703282,0.000000
149.7797,2026-07-16T16:55:25.129289,-0.703464,0.000000
150.2403,2026-07-16T16:55:25.589861,-0.703658,0.000000
150.7311,2026-07-16T16:55:26.080756,-0.703773,0.000000
151.1816,2026-07-16T16:55:26.531177,-0.703880,0.000000
151.6801,2026-07-16T16:55:27.029667,-0.704016,0.000000
152.1562,2026-07-16T16:55:27.505824,-0.704224,0.000000
152.6347,2026-07-16T16:55:27.984277,-0.704424,0.000000
153.0965,2026-07-16T16:55:28.446132,-0.704685,0.000000
153.5540,2026-07-16T16:55:28.903630,-0.704997,0.000000
154.0152,2026-07-16T16:55:29.364875,-0.705318,0.000000
154.4879,2026-07-16T16:55:29.837524,-0.705597,0.000000
154.9378,2026-07-16T16:55:30.287424,-0.705883,0.000000
155.3878,2026-07-16T16:55:30.737432,-0.706277,0.000000
155.8462,2026-07-16T16:55:31.195846,-0.706570,0.000000
156.2986,2026-07-16T16:55:31.648222,-0.706917,0.000000
156.7555,2026-07-16T16:55:32.105163,-0.707333,0.000000
157.2133,2026-07-16T16:55:32.562944,-0.707701,0.000000
157.6947,2026-07-16T16:55:33.044292,-0.708110,0.000000
158.1632,2026-07-16T16:55:33.512816,-0.708507,0.000000
158.6226,2026-07-16T16:55:33.972239,-0.708787,0.000000
159.0737,2026-07-16T16:55:34.423360,-0.709112,0.000000
159.5466,2026-07-16T16:55:34.896163,-0.709488,0.000000
160.0019,2026-07-16T16:55:35.351483,-0.709778,0.000000
160.4610,2026-07-16T16:55:35.810584,-0.709998,0.000000
160.9115,2026-07-16T16:55:36.261080,-0.710331,0.000000
161.3885,2026-07-16T16:55:36.738133,-0.710566,0.000000
161.8434,2026-07-16T16:55:37.193026,-0.710749,0.000000
162.2925,2026-07-16T16:55:37.642150,-0.710894,0.000000
162.7685,2026-07-16T16:55:38.118065,-0.711019,0.000000
163.2339,2026-07-16T16:55:38.583466,-0.711154,0.000000
163.7092,2026-07-16T16:55:39.058767,-0.711261,0.000000
164.1803,2026-07-16T16:55:39.529887,-0.711357,0.000000
164.6362,2026-07-16T16:55:39.985814,-0.711390,0.000000
165.0925,2026-07-16T16:55:40.442080,-0.711438,0.000000
165.5615,2026-07-16T16:55:40.911091,-0.711515,0.000000
166.0452,2026-07-16T16:55:41.394846,-0.711635,0.000000
166.5004,2026-07-16T16:55:41.849973,-0.711843,0.000000
166.9519,2026-07-16T16:55:42.301504,-0.712032,0.000000
167.4091,2026-07-16T16:55:42.758739,-0.712277,0.000000
167.8589,2026-07-16T16:55:43.208484,-0.712606,0.000000
168.3091,2026-07-16T16:55:43.658702,-0.712915,0.000000
168.7594,2026-07-16T16:55:44.109042,-0.713202,0.000000
169.2176,2026-07-16T16:55:44.567166,-0.713581,0.000000
169.6763,2026-07-16T16:55:45.025938,-0.713923,0.000000
170.1749,2026-07-16T16:55:45.524518,-0.714358,0.000000
170.6335,2026-07-16T16:55:45.983087,-0.714813,0.000000
171.0924,2026-07-16T16:55:46.441991,-0.715230,0.000000
171.5755,2026-07-16T16:55:46.925131,-0.715528,0.000000
172.0696,2026-07-16T16:55:47.419222,-0.715958,0.000000
172.5186,2026-07-16T16:55:47.868203,-0.716290,0.000000
172.9870,2026-07-16T16:55:48.336629,-0.716509,0.000000
173.4461,2026-07-16T16:55:48.795687,-0.716770,0.000000
173.9005,2026-07-16T16:55:49.250133,-0.717019,0.000000
174.3625,2026-07-16T16:55:49.712111,-0.717224,0.000000
174.8278,2026-07-16T16:55:50.177377,-0.717494,0.000000
175.2923,2026-07-16T16:55:50.641920,-0.717706,0.000000
175.7841,2026-07-16T16:55:51.133713,-0.717950,0.000000
176.2625,2026-07-16T16:55:51.612094,-0.718194,0.000000
176.7574,2026-07-16T16:55:52.107026,-0.718435,0.000000
177.2255,2026-07-16T16:55:52.575137,-0.718600,0.000000
177.6753,2026-07-16T16:55:53.024966,-0.718774,0.000000
178.1369,2026-07-16T16:55:53.486481,-0.718950,0.000000
178.5972,2026-07-16T16:55:53.946802,-0.719094,0.000000
179.1104,2026-07-16T16:55:54.460030,-0.719302,0.000000
179.5943,2026-07-16T16:55:54.943921,-0.719506,0.000000
180.0553,2026-07-16T16:55:55.404921,-0.719682,0.000000
180.5137,2026-07-16T16:55:55.863281,-0.719853,0.000000
180.9731,2026-07-16T16:55:56.322689,-0.719989,0.000000
181.4236,2026-07-16T16:55:56.773211,-0.720154,0.000000
181.8794,2026-07-16T16:55:57.229023,-0.720312,0.000000
182.3386,2026-07-16T16:55:57.688178,-0.720539,0.000000
182.7924,2026-07-16T16:55:58.141998,-0.720795,0.000000
183.2466,2026-07-16T16:55:58.596215,-0.721024,0.000000
183.6976,2026-07-16T16:55:59.047220,-0.721277,0.000000
184.1919,2026-07-16T16:55:59.541476,-0.721518,0.000000
184.6606,2026-07-16T16:56:00.010184,-0.721752,0.000000
185.1095,2026-07-16T16:56:00.459085,-0.721970,0.000000
185.5671,2026-07-16T16:56:00.916740,-0.722136,0.000000
186.0281,2026-07-16T16:56:01.377727,-0.722354,0.000000
186.4939,2026-07-16T16:56:01.843469,-0.722526,0.000000
186.9533,2026-07-16T16:56:02.302930,-0.722717,0.000000
187.4283,2026-07-16T16:56:02.777928,-0.722870,0.000000
187.8852,2026-07-16T16:56:03.234768,-0.722952,0.000000
188.3460,2026-07-16T16:56:03.695612,-0.723011,0.000000
188.8085,2026-07-16T16:56:04.158146,-0.723088,0.000000
189.2760,2026-07-16T16:56:04.625577,-0.723133,0.000000
189.7701,2026-07-16T16:56:05.119730,-0.723213,0.000000
190.2205,2026-07-16T16:56:05.570099,-0.723350,0.000000
190.6836,2026-07-16T16:56:06.033233,-0.723464,0.000000
191.1428,2026-07-16T16:56:06.492419,-0.723550,0.000000
191.6213,2026-07-16T16:56:06.970911,-0.723664,0.000000
192.0767,2026-07-16T16:56:07.426290,-0.723752,0.000000
192.5352,2026-07-16T16:56:07.884824,-0.723840,0.000000
192.9839,2026-07-16T16:56:08.333530,-0.723955,0.000000
193.4427,2026-07-16T16:56:08.792265,-0.724094,0.000000
193.9008,2026-07-16T16:56:09.250360,-0.724333,0.000000
194.3593,2026-07-16T16:56:09.708913,-0.724531,0.000000
194.8207,2026-07-16T16:56:10.170298,-0.724741,0.000000
195.2858,2026-07-16T16:56:10.635394,-0.724923,0.000000
195.7849,2026-07-16T16:56:11.134565,-0.725094,0.000000
196.2513,2026-07-16T16:56:11.600886,-0.725235,0.000000
196.7341,2026-07-16T16:56:12.083706,-0.725422,0.000000
197.2058,2026-07-16T16:56:12.555416,-0.725646,0.000000
197.6602,2026-07-16T16:56:13.009861,-0.725882,0.000000
198.1215,2026-07-16T16:56:13.471143,-0.726147,0.000000
198.5778,2026-07-16T16:56:13.927417,-0.726325,0.000000
199.0259,2026-07-16T16:56:14.375545,-0.726474,0.000000
199.5180,2026-07-16T16:56:14.867618,-0.726638,0.000000
199.9785,2026-07-16T16:56:15.328122,-0.726746,0.000000
200.4354,2026-07-16T16:56:15.784969,-0.726925,0.000000
200.8869,2026-07-16T16:56:16.236531,-0.727126,0.000000
201.3426,2026-07-16T16:56:16.692169,-0.727365,0.000000
201.8011,2026-07-16T16:56:17.150674,-0.727528,0.000000
202.2626,2026-07-16T16:56:17.612248,-0.727797,0.000000
202.7173,2026-07-16T16:56:18.066898,-0.727965,0.000000
203.2129,2026-07-16T16:56:18.562551,-0.728226,0.000000
203.6700,2026-07-16T16:56:19.019661,-0.728467,0.000000
204.1261,2026-07-16T16:56:19.475749,-0.728725,0.000000
204.5857,2026-07-16T16:56:19.935354,-0.728982,0.000000
205.0699,2026-07-16T16:56:20.419512,-0.729242,0.000000
205.5267,2026-07-16T16:56:20.876294,-0.729488,0.000000
205.9936,2026-07-16T16:56:21.343206,-0.729730,0.000000
206.4512,2026-07-16T16:56:21.800767,-0.729946,0.000000
206.9450,2026-07-16T16:56:22.294628,-0.730160,0.000000
207.4107,2026-07-16T16:56:22.760351,-0.730336,0.000000
207.8589,2026-07-16T16:56:23.208487,-0.730488,0.000000
208.3138,2026-07-16T16:56:23.663396,-0.730624,0.000000
208.8156,2026-07-16T16:56:24.165167,-0.730781,0.000000
209.2915,2026-07-16T16:56:24.641078,-0.730989,0.000000
209.7878,2026-07-16T16:56:25.137458,-0.731139,0.000000
210.2512,2026-07-16T16:56:25.600795,-0.731379,0.000000
210.7134,2026-07-16T16:56:26.063040,-0.731531,0.000000
211.1773,2026-07-16T16:56:26.526916,-0.731717,0.000000
211.6676,2026-07-16T16:56:27.017216,-0.732003,0.000000
212.1262,2026-07-16T16:56:27.475783,-0.732242,0.000000
212.6282,2026-07-16T16:56:27.977848,-0.732531,0.000000
213.1180,2026-07-16T16:56:28.467638,-0.732814,0.000000
213.6033,2026-07-16T16:56:28.952938,-0.733118,0.000000
214.0679,2026-07-16T16:56:29.417469,-0.733350,0.000000
214.5185,2026-07-16T16:56:29.868126,-0.733597,0.000000
215.0036,2026-07-16T16:56:30.353231,-0.733789,0.000000
215.4761,2026-07-16T16:56:30.825682,-0.734005,0.000000
215.9592,2026-07-16T16:56:31.308807,-0.734205,0.000000
216.4262,2026-07-16T16:56:31.775816,-0.734413,0.000000
216.8854,2026-07-16T16:56:32.235023,-0.734491,0.000000
217.3429,2026-07-16T16:56:32.692493,-0.734632,0.000000
217.8367,2026-07-16T16:56:33.186335,-0.734723,0.000000
218.3015,2026-07-16T16:56:33.651077,-0.734840,0.000000
218.7959,2026-07-16T16:56:34.145516,-0.734890,0.000000
219.2660,2026-07-16T16:56:34.615574,-0.735014,0.000000
219.7200,2026-07-16T16:56:35.069638,-0.735146,0.000000
220.1702,2026-07-16T16:56:35.519854,-0.735285,0.000000
220.6275,2026-07-16T16:56:35.977111,-0.735482,0.000000
221.0847,2026-07-16T16:56:36.434332,-0.735626,0.000000
221.5519,2026-07-16T16:56:36.901495,-0.735755,0.000000
222.0036,2026-07-16T16:56:37.353238,-0.735894,0.000000
222.4627,2026-07-16T16:56:37.812281,-0.736045,0.000000
222.9567,2026-07-16T16:56:38.306307,-0.736195,0.000000
223.4190,2026-07-16T16:56:38.768610,-0.736458,0.000000
223.8756,2026-07-16T16:56:39.225246,-0.736557,0.000000
224.3262,2026-07-16T16:56:39.675859,-0.736742,0.000000
224.8005,2026-07-16T16:56:40.150139,-0.736870,0.000000
225.2595,2026-07-16T16:56:40.609063,-0.737035,0.000000
225.7279,2026-07-16T16:56:41.077478,-0.737130,0.000000
226.1846,2026-07-16T16:56:41.534238,-0.737309,0.000000
226.6527,2026-07-16T16:56:42.002328,-0.737424,0.000000
227.1283,2026-07-16T16:56:42.477903,-0.737581,0.000000
227.5757,2026-07-16T16:56:42.925304,-0.737731,0.000000
228.0283,2026-07-16T16:56:43.377926,-0.737882,0.000000
228.4952,2026-07-16T16:56:43.844814,-0.738021,0.000000
228.9611,2026-07-16T16:56:44.310804,-0.738259,0.000000
229.4547,2026-07-16T16:56:44.804294,-0.738438,0.000000
229.9091,2026-07-16T16:56:45.258762,-0.738675,0.000000
230.3681,2026-07-16T16:56:45.717726,-0.738878,0.000000
230.8661,2026-07-16T16:56:46.215751,-0.739050,0.000000
231.3189,2026-07-16T16:56:46.668488,-0.739243,0.000000
231.8076,2026-07-16T16:56:47.157189,-0.739384,0.000000
232.2683,2026-07-16T16:56:47.617948,-0.739603,0.000000
232.7590,2026-07-16T16:56:48.108594,-0.739781,0.000000
233.2457,2026-07-16T16:56:48.595309,-0.740062,0.000000
233.7197,2026-07-16T16:56:49.069298,-0.740288,0.000000
234.1766,2026-07-16T16:56:49.526229,-0.740483,0.000000
234.6269,2026-07-16T16:56:49.976522,-0.740656,0.000000
235.0760,2026-07-16T16:56:50.425656,-0.740816,0.000000
235.5339,2026-07-16T16:56:50.883547,-0.740984,0.000000
236.0521,2026-07-16T16:56:51.401710,-0.741198,0.000000
236.5292,2026-07-16T16:56:51.878858,-0.741549,0.000000
236.9852,2026-07-16T16:56:52.334861,-0.741797,0.000000
237.4429,2026-07-16T16:56:52.792499,-0.742021,0.000000
237.8943,2026-07-16T16:56:53.243946,-0.742242,0.000000
238.3539,2026-07-16T16:56:53.703536,-0.742422,0.000000
238.8453,2026-07-16T16:56:54.194912,-0.742621,0.000000
239.3015,2026-07-16T16:56:54.651102,-0.742850,0.000000
239.7516,2026-07-16T16:56:55.101194,-0.743037,0.000000
240.2527,2026-07-16T16:56:55.602337,-0.743298,0.000000
240.7346,2026-07-16T16:56:56.084190,-0.743587,0.000000
241.1881,2026-07-16T16:56:56.537751,-0.743912,0.000000
241.6371,2026-07-16T16:56:56.986728,-0.744155,0.000000
242.0932,2026-07-16T16:56:57.442764,-0.744432,0.000000
242.5528,2026-07-16T16:56:57.902459,-0.744685,0.000000
243.0186,2026-07-16T16:56:58.368239,-0.744928,0.000000
243.4796,2026-07-16T16:56:58.829169,-0.745166,0.000000
243.9451,2026-07-16T16:56:59.294693,-0.745410,0.000000
244.3939,2026-07-16T16:56:59.743483,-0.745725,0.000000
244.8978,2026-07-16T16:57:00.247453,-0.745976,0.000000
245.3557,2026-07-16T16:57:00.705288,-0.746202,0.000000
245.8202,2026-07-16T16:57:01.169784,-0.746384,0.000000
246.2826,2026-07-16T16:57:01.632240,-0.746544,0.000000
246.7491,2026-07-16T16:57:02.098703,-0.746710,0.000000
247.2059,2026-07-16T16:57:02.555481,-0.746912,0.000000
247.6560,2026-07-16T16:57:03.005651,-0.747109,0.000000
248.1222,2026-07-16T16:57:03.471818,-0.747339,0.000000
248.5825,2026-07-16T16:57:03.932142,-0.747470,0.000000
249.0398,2026-07-16T16:57:04.389379,-0.747626,0.000000
249.5231,2026-07-16T16:57:04.872747,-0.747802,0.000000
250.0064,2026-07-16T16:57:05.356062,-0.748019,0.000000
250.5246,2026-07-16T16:57:05.874216,-0.748322,0.000000
250.9857,2026-07-16T16:57:06.335275,-0.748608,0.000000
251.4534,2026-07-16T16:57:06.802991,-0.748862,0.000000
251.9235,2026-07-16T16:57:07.273151,-0.749114,0.000000
252.3767,2026-07-16T16:57:07.726326,-0.749320,0.000000
252.8363,2026-07-16T16:57:08.185883,-0.749506,0.000000
253.2846,2026-07-16T16:57:08.634246,-0.749709,0.000000
253.7657,2026-07-16T16:57:09.115353,-0.749968,0.000000
254.2682,2026-07-16T16:57:09.617834,-0.750181,0.000000
254.7679,2026-07-16T16:57:10.117515,-0.750432,0.000000
255.2181,2026-07-16T16:57:10.567725,-0.750581,0.000000
255.6757,2026-07-16T16:57:11.025326,-0.750677,0.000000
256.1347,2026-07-16T16:57:11.484339,-0.750805,0.000000
256.6259,2026-07-16T16:57:11.975489,-0.750933,0.000000
257.0955,2026-07-16T16:57:12.445106,-0.751093,0.000000
257.5459,2026-07-16T16:57:12.895500,-0.751206,0.000000
258.0001,2026-07-16T16:57:13.349739,-0.751392,0.000000
258.4580,2026-07-16T16:57:13.807613,-0.751554,0.000000
258.9302,2026-07-16T16:57:14.279822,-0.751693,0.000000
259.4009,2026-07-16T16:57:14.750548,-0.751830,0.000000
259.8637,2026-07-16T16:57:15.213343,-0.752053,0.000000
260.3224,2026-07-16T16:57:15.672052,-0.752246,0.000000
260.8320,2026-07-16T16:57:16.181638,-0.752504,0.000000
261.2809,2026-07-16T16:57:16.630541,-0.752699,0.000000
261.7313,2026-07-16T16:57:17.080920,-0.752898,0.000000
262.1829,2026-07-16T16:57:17.532480,-0.753091,0.000000
262.6608,2026-07-16T16:57:18.010391,-0.753334,0.000000
263.1168,2026-07-16T16:57:18.466450,-0.753550,0.000000
263.5717,2026-07-16T16:57:18.921283,-0.753741,0.000000
264.0493,2026-07-16T16:57:19.398909,-0.753974,0.000000
264.5159,2026-07-16T16:57:19.865495,-0.754163,0.000000
264.9799,2026-07-16T16:57:20.329483,-0.754326,0.000000
265.4478,2026-07-16T16:57:20.797379,-0.754485,0.000000
265.9382,2026-07-16T16:57:21.287848,-0.754666,0.000000
266.3941,2026-07-16T16:57:21.743743,-0.754880,0.000000
266.8451,2026-07-16T16:57:22.194674,-0.755134,0.000000
267.3032,2026-07-16T16:57:22.652807,-0.755291,0.000000
267.7997,2026-07-16T16:57:23.149331,-0.755470,0.000000
268.2874,2026-07-16T16:57:23.637068,-0.755667,0.000000
268.7486,2026-07-16T16:57:24.098162,-0.755851,0.000000
269.2042,2026-07-16T16:57:24.553798,-0.756058,0.000000
269.6565,2026-07-16T16:57:25.006079,-0.756237,0.000000
270.1126,2026-07-16T16:57:25.462259,-0.756459,0.000000
270.5715,2026-07-16T16:57:25.921151,-0.756662,0.000000
271.0676,2026-07-16T16:57:26.417170,-0.756853,0.000000
271.5234,2026-07-16T16:57:26.872975,-0.757064,0.000000
271.9733,2026-07-16T16:57:27.322940,-0.757269,0.000000
272.4300,2026-07-16T16:57:27.779637,-0.757502,0.000000
272.8805,2026-07-16T16:57:28.230107,-0.757739,0.000000
273.3505,2026-07-16T16:57:28.700088,-0.757962,0.000000
273.8160,2026-07-16T16:57:29.165648,-0.758266,0.000000
274.2950,2026-07-16T16:57:29.644605,-0.758582,0.000000
274.7587,2026-07-16T16:57:30.108315,-0.758936,0.000000
275.2634,2026-07-16T16:57:30.612983,-0.759229,0.000000
275.7166,2026-07-16T16:57:31.066208,-0.759592,0.000000
276.1733,2026-07-16T16:57:31.522954,-0.759926,0.000000
276.6312,2026-07-16T16:57:31.980837,-0.760181,0.000000
277.0900,2026-07-16T16:57:32.439630,-0.760506,0.000000
277.5501,2026-07-16T16:57:32.899716,-0.760709,0.000000
278.0197,2026-07-16T16:57:33.369309,-0.760962,0.000000
278.4843,2026-07-16T16:57:33.833942,-0.761128,0.000000
278.9812,2026-07-16T16:57:34.330795,-0.761342,0.000000
279.4531,2026-07-16T16:57:34.802693,-0.761478,0.000000
279.9016,2026-07-16T16:57:35.251250,-0.761677,0.000000
280.3575,2026-07-16T16:57:35.707105,-0.761848,0.000000
280.8327,2026-07-16T16:57:36.182279,-0.762016,0.000000
281.3039,2026-07-16T16:57:36.653467,-0.762176,0.000000
281.7497,2026-07-16T16:57:37.099358,-0.762408,0.000000
282.2330,2026-07-16T16:57:37.582624,-0.762621,0.000000
282.6822,2026-07-16T16:57:38.031766,-0.762824,0.000000
283.1412,2026-07-16T16:57:38.490799,-0.763030,0.000000
283.6436,2026-07-16T16:57:38.993209,-0.763221,0.000000
284.0916,2026-07-16T16:57:39.441206,-0.763413,0.000000
284.5492,2026-07-16T16:57:39.898852,-0.763586,0.000000
285.0437,2026-07-16T16:57:40.393326,-0.763755,0.000000
285.4994,2026-07-16T16:57:40.848965,-0.763872,0.000000
285.9981,2026-07-16T16:57:41.347699,-0.764024,0.000000
286.4610,2026-07-16T16:57:41.810651,-0.764173,0.000000
286.9521,2026-07-16T16:57:42.301691,-0.764264,0.000000
287.4083,2026-07-16T16:57:42.757932,-0.764402,0.000000
287.8695,2026-07-16T16:57:43.219072,-0.764531,0.000000
288.3286,2026-07-16T16:57:43.678262,-0.764680,0.000000
288.7839,2026-07-16T16:57:44.133487,-0.764870,0.000000
289.2424,2026-07-16T16:57:44.591971,-0.765058,0.000000
289.7330,2026-07-16T16:57:45.082628,-0.765275,0.000000
290.1920,2026-07-16T16:57:45.541614,-0.765536,0.000000
290.6613,2026-07-16T16:57:46.010902,-0.765742,0.000000
291.1614,2026-07-16T16:57:46.511005,-0.765904,0.000000
291.6556,2026-07-16T16:57:47.005250,-0.766045,0.000000
292.1165,2026-07-16T16:57:47.466060,-0.766291,0.000000
292.6032,2026-07-16T16:57:47.952767,-0.766491,0.000000
293.1119,2026-07-16T16:57:48.461527,-0.766744,0.000000
293.5995,2026-07-16T16:57:48.949097,-0.767040,0.000000
294.1313,2026-07-16T16:57:49.480891,-0.767238,0.000000
294.6200,2026-07-16T16:57:49.969608,-0.767517,0.000000
295.0862,2026-07-16T16:57:50.435776,-0.767736,0.000000
295.5874,2026-07-16T16:57:50.936977,-0.767958,0.000000
296.0722,2026-07-16T16:57:51.421770,-0.768312,0.000000
296.5630,2026-07-16T16:57:51.912653,-0.768629,0.000000
297.0366,2026-07-16T16:57:52.386224,-0.769022,0.000000
297.4853,2026-07-16T16:57:52.834879,-0.769315,0.000000
297.9525,2026-07-16T16:57:53.302085,-0.769614,0.000000
298.4097,2026-07-16T16:57:53.759358,-0.769898,0.000000
298.8777,2026-07-16T16:57:54.227275,-0.770187,0.000000
299.3378,2026-07-16T16:57:54.687400,-0.770499,0.000000
299.8037,2026-07-16T16:57:55.153318,-0.770834,0.000000
300.2639,2026-07-16T16:57:55.613495,-0.771163,0.000000
300.7650,2026-07-16T16:57:56.114662,-0.771491,0.000000
301.2465,2026-07-16T16:57:56.596079,-0.771795,0.000000
301.6940,2026-07-16T16:57:57.043580,-0.772034,0.000000
302.1936,2026-07-16T16:57:57.543252,-0.772264,0.000000
302.7218,2026-07-16T16:57:58.071368,-0.772574,0.000000
303.1860,2026-07-16T16:57:58.535657,-0.772947,0.000000
303.6787,2026-07-16T16:57:59.028353,-0.773251,0.000000
304.1362,2026-07-16T16:57:59.485788,-0.773595,0.000000
304.5768,2026-07-16T16:57:59.926449,-0.773907,0.000000
305.0404,2026-07-16T16:58:00.389976,-0.774179,0.000000
305.4936,2026-07-16T16:58:00.843247,-0.774429,0.000000
305.9624,2026-07-16T16:58:01.311970,-0.774722,0.000000
306.4591,2026-07-16T16:58:01.808691,-0.774982,0.000000
306.9450,2026-07-16T16:58:02.294628,-0.775384,0.000000
307.4020,2026-07-16T16:58:02.751660,-0.775648,0.000000
307.8977,2026-07-16T16:58:03.247332,-0.775898,0.000000
308.3865,2026-07-16T16:58:03.736110,-0.776222,0.000000
308.8835,2026-07-16T16:58:04.233117,-0.776610,0.000000
309.3388,2026-07-16T16:58:04.688413,-0.776979,0.000000
309.7956,2026-07-16T16:58:05.145246,-0.777282,0.000000
310.2457,2026-07-16T16:58:05.595371,-0.777568,0.000000
310.7411,2026-07-16T16:58:06.090717,-0.777883,0.000000
311.2019,2026-07-16T16:58:06.551524,-0.778254,0.000000
311.7014,2026-07-16T16:58:07.051042,-0.778578,0.000000
312.1711,2026-07-16T16:58:07.520716,-0.778990,0.000000
312.6711,2026-07-16T16:58:08.020759,-0.779317,0.000000
313.1436,2026-07-16T16:58:08.493209,-0.779730,0.000000
313.6233,2026-07-16T16:58:08.972869,-0.779912,0.000000
314.1242,2026-07-16T16:58:09.473811,-0.780117,0.000000
314.6367,2026-07-16T16:58:09.986307,-0.780336,0.000000
315.0961,2026-07-16T16:58:10.445694,-0.780600,0.000000
315.5463,2026-07-16T16:58:10.895955,-0.780837,0.000000
316.0183,2026-07-16T16:58:11.367897,-0.781059,0.000000
316.4774,2026-07-16T16:58:11.826976,-0.781317,0.000000
316.9454,2026-07-16T16:58:12.294998,-0.781496,0.000000
317.4294,2026-07-16T16:58:12.779059,-0.781662,0.000000
317.9209,2026-07-16T16:58:13.270526,-0.781891,0.000000
318.3868,2026-07-16T16:58:13.736409,-0.782117,0.000000
318.8926,2026-07-16T16:58:14.242165,-0.782346,0.000000
319.3475,2026-07-16T16:58:14.697139,-0.782552,0.000000
319.8460,2026-07-16T16:58:15.195573,-0.782754,0.000000
320.3370,2026-07-16T16:58:15.686618,-0.782960,0.000000
320.8046,2026-07-16T16:58:16.154201,-0.783093,0.000000
321.2630,2026-07-16T16:58:16.612603,-0.783285,0.000000
321.7126,2026-07-16T16:58:17.062266,-0.783456,0.000000
322.1611,2026-07-16T16:58:17.510746,-0.783698,0.000000
322.6190,2026-07-16T16:58:17.968666,-0.783949,0.000000
323.0823,2026-07-16T16:58:18.431927,-0.784184,0.000000
323.5438,2026-07-16T16:58:18.893384,-0.784413,0.000000
324.0213,2026-07-16T16:58:19.370920,-0.784690,0.000000
324.4700,2026-07-16T16:58:19.819578,-0.785029,0.000000
324.9379,2026-07-16T16:58:20.287461,-0.785382,0.000000
325.3858,2026-07-16T16:58:20.735418,-0.785779,0.000000
325.8875,2026-07-16T16:58:21.237102,-0.786219,0.000000
326.3638,2026-07-16T16:58:21.713389,-0.786587,0.000000
326.8276,2026-07-16T16:58:22.177256,-0.786926,0.000000
327.2810,2026-07-16T16:58:22.630575,-0.787256,0.000000
327.7384,2026-07-16T16:58:23.088000,-0.787546,0.000000
328.1861,2026-07-16T16:58:23.535698,-0.787926,0.000000
328.6522,2026-07-16T16:58:24.001831,-0.788182,0.000000
329.1192,2026-07-16T16:58:24.468841,-0.788474,0.000000
329.5770,2026-07-16T16:58:24.926653,-0.788674,0.000000
330.0716,2026-07-16T16:58:25.421182,-0.788830,0.000000
330.5185,2026-07-16T16:58:25.868131,-0.789082,0.000000
331.0134,2026-07-16T16:58:26.363011,-0.789325,0.000000
331.4837,2026-07-16T16:58:26.833297,-0.789645,0.000000
331.9535,2026-07-16T16:58:27.303101,-0.790062,0.000000
332.4546,2026-07-16T16:58:27.804235,-0.790390,0.000000
332.9518,2026-07-16T16:58:28.301410,-0.790866,0.000000
333.4045,2026-07-16T16:58:28.754064,-0.791253,0.000000
333.9075,2026-07-16T16:58:29.257055,-0.791640,0.000000
334.3661,2026-07-16T16:58:29.715737,-0.792048,0.000000
334.8187,2026-07-16T16:58:30.168350,-0.792443,0.000000
335.2696,2026-07-16T16:58:30.619235,-0.792795,0.000000
335.7203,2026-07-16T16:58:31.069940,-0.793058,0.000000
336.1781,2026-07-16T16:58:31.527734,-0.793387,0.000000
336.6599,2026-07-16T16:58:32.009494,-0.793646,0.000000
337.1187,2026-07-16T16:58:32.468335,-0.793893,0.000000
337.6122,2026-07-16T16:58:32.961780,-0.794102,0.000000
338.0549,2026-07-16T16:58:33.404460,-0.794366,0.000000
338.5161,2026-07-16T16:58:33.865678,-0.794587,0.000000
339.0118,2026-07-16T16:58:34.361439,-0.794867,0.000000
339.4881,2026-07-16T16:58:34.837724,-0.795099,0.000000
339.9727,2026-07-16T16:58:35.322284,-0.795427,0.000000
340.4293,2026-07-16T16:58:35.778940,-0.795712,0.000000
340.9151,2026-07-16T16:58:36.264739,-0.795990,0.000000
341.3780,2026-07-16T16:58:36.727575,-0.796315,0.000000
341.8506,2026-07-16T16:58:37.200252,-0.796552,0.000000
342.3131,2026-07-16T16:58:37.662689,-0.796845,0.000000
342.7698,2026-07-16T16:58:38.119375,-0.797091,0.000000
343.2522,2026-07-16T16:58:38.601772,-0.797328,0.000000
343.7486,2026-07-16T16:58:39.098178,-0.797629,0.000000
344.2170,2026-07-16T16:58:39.566659,-0.797922,0.000000
344.6884,2026-07-16T16:58:40.038042,-0.798176,0.000000
345.1460,2026-07-16T16:58:40.495648,-0.798482,0.000000
345.6381,2026-07-16T16:58:40.987737,-0.798731,0.000000
346.1345,2026-07-16T16:58:41.484093,-0.799019,0.000000
346.6212,2026-07-16T16:58:41.970775,-0.799283,0.000000
347.1368,2026-07-16T16:58:42.486446,-0.799558,0.000000
347.6307,2026-07-16T16:58:42.980274,-0.799786,0.000000
348.0951,2026-07-16T16:58:43.444716,-0.800122,0.000000
348.5799,2026-07-16T16:58:43.929520,-0.800307,0.000000
349.0368,2026-07-16T16:58:44.386398,-0.800586,0.000000
349.4946,2026-07-16T16:58:44.844256,-0.800907,0.000000
349.9964,2026-07-16T16:58:45.346061,-0.801179,0.000000
350.4445,2026-07-16T16:58:45.794114,-0.801472,0.000000
350.9241,2026-07-16T16:58:46.273723,-0.801698,0.000000
351.3866,2026-07-16T16:58:46.736185,-0.801947,0.000000
351.8830,2026-07-16T16:58:47.232605,-0.802227,0.000000
352.3364,2026-07-16T16:58:47.686000,-0.802507,0.000000
352.8027,2026-07-16T16:58:48.152327,-0.802763,0.000000
353.2549,2026-07-16T16:58:48.604525,-0.802949,0.000000
353.7376,2026-07-16T16:58:49.087215,-0.803190,0.000000
354.2127,2026-07-16T16:58:49.562320,-0.803430,0.000000
354.6852,2026-07-16T16:58:50.034798,-0.803605,0.000000
355.1552,2026-07-16T16:58:50.504776,-0.803851,0.000000
355.6052,2026-07-16T16:58:50.954766,-0.804096,0.000000
356.0780,2026-07-16T16:58:51.427555,-0.804320,0.000000
356.5303,2026-07-16T16:58:51.879932,-0.804584,0.000000
357.0116,2026-07-16T16:58:52.361169,-0.804818,0.000000
357.4971,2026-07-16T16:58:52.846734,-0.805054,0.000000
357.9609,2026-07-16T16:58:53.310489,-0.805341,0.000000
358.4118,2026-07-16T16:58:53.761380,-0.805634,0.000000
358.8722,2026-07-16T16:58:54.221801,-0.805965,0.000000
359.3290,2026-07-16T16:58:54.678601,-0.806296,0.000000
359.8040,2026-07-16T16:58:55.153608,-0.806654,0.000000
360.2634,2026-07-16T16:58:55.613038,-0.806938,0.000000
360.7111,2026-07-16T16:58:56.060727,-0.807294,0.000000
361.1700,2026-07-16T16:58:56.519579,-0.807634,0.000000
361.6155,2026-07-16T16:58:56.965105,-0.807923,0.000000
362.0699,2026-07-16T16:58:57.419464,-0.808254,0.000000
362.5304,2026-07-16T16:58:57.880001,-0.808707,0.000000
363.0255,2026-07-16T16:58:58.375075,-0.809318,0.000000
363.5003,2026-07-16T16:58:58.849917,-0.809982,0.000000
363.9949,2026-07-16T16:58:59.344497,-0.810552,0.000000
364.4581,2026-07-16T16:58:59.807677,-0.811160,0.000000
364.9343,2026-07-16T16:59:00.283896,-0.811696,0.000000
365.4030,2026-07-16T16:59:00.752654,-0.812280,0.000000
365.8666,2026-07-16T16:59:01.216166,-0.812826,0.000000
366.3246,2026-07-16T16:59:01.674194,-0.813435,0.000000
366.7834,2026-07-16T16:59:02.133035,-0.814014,0.000000
367.2351,2026-07-16T16:59:02.584716,-0.814514,0.000000
367.7042,2026-07-16T16:59:03.053846,-0.814837,0.000000
368.1859,2026-07-16T16:59:03.535556,-0.815066,0.000000
368.6510,2026-07-16T16:59:04.000576,-0.815274,0.000000
369.1097,2026-07-16T16:59:04.459303,-0.815586,0.000000
369.5675,2026-07-16T16:59:04.917100,-0.815912,0.000000
370.0410,2026-07-16T16:59:05.390567,-0.816203,0.000000
370.5447,2026-07-16T16:59:05.894296,-0.816506,0.000000
370.9901,2026-07-16T16:59:06.339763,-0.816872,0.000000
371.4509,2026-07-16T16:59:06.800552,-0.817179,0.000000
371.9414,2026-07-16T16:59:07.291045,-0.817576,0.000000
372.4113,2026-07-16T16:59:07.760867,-0.817946,0.000000
372.9204,2026-07-16T16:59:08.270001,-0.818362,0.000000
373.4117,2026-07-16T16:59:08.761266,-0.818830,0.000000
373.8786,2026-07-16T16:59:09.228179,-0.819214,0.000000
374.3586,2026-07-16T16:59:09.708222,-0.819549,0.000000
374.8269,2026-07-16T16:59:10.176525,-0.819923,0.000000
375.2819,2026-07-16T16:59:10.631562,-0.820267,0.000000
375.7689,2026-07-16T16:59:11.118495,-0.820483,0.000000
376.2239,2026-07-16T16:59:11.573546,-0.820773,0.000000
376.6841,2026-07-16T16:59:12.033719,-0.820970,0.000000
377.1353,2026-07-16T16:59:12.484957,-0.821205,0.000000
377.6525,2026-07-16T16:59:13.002134,-0.821453,0.000000
378.1131,2026-07-16T16:59:13.462713,-0.821685,0.000000
378.6133,2026-07-16T16:59:13.962914,-0.821960,0.000000
379.0643,2026-07-16T16:59:14.413890,-0.822274,0.000000
379.5521,2026-07-16T16:59:14.901691,-0.822502,0.000000
380.0530,2026-07-16T16:59:15.402629,-0.822827,0.000000
380.5260,2026-07-16T16:59:15.875588,-0.823125,0.000000
380.9938,2026-07-16T16:59:16.343405,-0.823403,0.000000
381.4855,2026-07-16T16:59:16.835134,-0.823744,0.000000
381.9547,2026-07-16T16:59:17.304325,-0.824038,0.000000
382.4276,2026-07-16T16:59:17.777240,-0.824381,0.000000
382.8778,2026-07-16T16:59:18.227446,-0.824696,0.000000
383.3800,2026-07-16T16:59:18.729654,-0.825053,0.000000
383.8334,2026-07-16T16:59:19.183019,-0.825410,0.000000
384.3229,2026-07-16T16:59:19.672487,-0.825704,0.000000
384.7784,2026-07-16T16:59:20.128062,-0.826034,0.000000
385.2644,2026-07-16T16:59:20.614021,-0.826376,0.000000
385.7311,2026-07-16T16:59:21.080679,-0.826723,0.000000
386.1899,2026-07-16T16:59:21.539545,-0.827174,0.000000
386.6812,2026-07-16T16:59:22.030858,-0.827563,0.000000
387.1977,2026-07-16T16:59:22.547259,-0.828024,0.000000
387.6687,2026-07-16T16:59:23.018295,-0.828464,0.000000
388.1298,2026-07-16T16:59:23.479406,-0.828859,0.000000
388.5964,2026-07-16T16:59:23.945961,-0.829166,0.000000
389.0977,2026-07-16T16:59:24.447334,-0.829574,0.000000
389.5897,2026-07-16T16:59:24.939278,-0.830000,0.000000
390.0458,2026-07-16T16:59:25.395396,-0.830381,0.000000
390.4981,2026-07-16T16:59:25.847678,-0.830706,0.000000
390.9693,2026-07-16T16:59:26.318885,-0.831053,0.000000
391.4446,2026-07-16T16:59:26.794178,-0.831376,0.000000
391.8952,2026-07-16T16:59:27.244784,-0.831654,0.000000
392.3618,2026-07-16T16:59:27.711374,-0.831947,0.000000
392.8140,2026-07-16T16:59:28.163661,-0.832171,0.000000
393.2693,2026-07-16T16:59:28.618866,-0.832437,0.000000
393.7612,2026-07-16T16:59:29.110850,-0.832742,0.000000
394.2136,2026-07-16T16:59:29.563203,-0.833058,0.000000
394.7049,2026-07-16T16:59:30.054526,-0.833350,0.000000
395.1630,2026-07-16T16:59:30.512633,-0.833683,0.000000
395.6645,2026-07-16T16:59:31.014121,-0.834021,0.000000
396.1542,2026-07-16T16:59:31.503817,-0.834472,0.000000
396.6105,2026-07-16T16:59:31.960151,-0.834850,0.000000
397.1113,2026-07-16T16:59:32.460892,-0.835206,0.000000
397.5708,2026-07-16T16:59:32.920417,-0.835630,0.000000
398.0301,2026-07-16T16:59:33.379745,-0.835950,0.000000
398.4868,2026-07-16T16:59:33.836376,-0.836347,0.000000
398.9859,2026-07-16T16:59:34.335488,-0.836685,0.000000
399.4569,2026-07-16T16:59:34.806495,-0.837109,0.000000
399.9270,2026-07-16T16:59:35.276578,-0.837566,0.000000
400.3984,2026-07-16T16:59:35.748007,-0.837995,0.000000
400.8899,2026-07-16T16:59:36.239536,-0.838360,0.000000
401.3457,2026-07-16T16:59:36.695355,-0.838856,0.000000
401.8394,2026-07-16T16:59:37.188990,-0.839270,0.000000
402.3177,2026-07-16T16:59:37.667333,-0.839822,0.000000
402.7700,2026-07-16T16:59:38.119646,-0.840378,0.000000
403.2233,2026-07-16T16:59:38.572957,-0.840878,0.000000
403.6962,2026-07-16T16:59:39.045856,-0.841384,0.000000
404.1469,2026-07-16T16:59:39.496475,-0.841866,0.000000
404.6303,2026-07-16T16:59:39.979902,-0.842314,0.000000
405.0981,2026-07-16T16:59:40.447703,-0.842763,0.000000
405.5729,2026-07-16T16:59:40.922509,-0.843198,0.000000
406.0569,2026-07-16T16:59:41.406540,-0.843600,0.000000
406.5147,2026-07-16T16:59:41.864292,-0.843982,0.000000
406.9980,2026-07-16T16:59:42.347570,-0.844397,0.000000
407.4701,2026-07-16T16:59:42.819719,-0.844770,0.000000
407.9467,2026-07-16T16:59:43.296281,-0.845102,0.000000
408.3970,2026-07-16T16:59:43.746581,-0.845443,0.000000
408.8546,2026-07-16T16:59:44.204244,-0.845734,0.000000
409.3329,2026-07-16T16:59:44.682519,-0.846109,0.000000
409.7910,2026-07-16T16:59:45.140587,-0.846539,0.000000
410.3020,2026-07-16T16:59:45.651566,-0.846931,0.000000
410.7556,2026-07-16T16:59:46.105253,-0.847373,0.000000
411.2228,2026-07-16T16:59:46.572388,-0.847784,0.000000
411.7253,2026-07-16T16:59:47.074934,-0.848104,0.000000
412.1907,2026-07-16T16:59:47.540341,-0.848579,0.000000
412.6815,2026-07-16T16:59:48.031139,-0.848998,0.000000
413.1678,2026-07-16T16:59:48.517382,-0.849528,0.000000
413.6452,2026-07-16T16:59:48.994764,-0.850005,0.000000
414.1080,2026-07-16T16:59:49.457629,-0.850381,0.000000
414.5826,2026-07-16T16:59:49.932263,-0.850752,0.000000
415.0847,2026-07-16T16:59:50.434346,-0.851114,0.000000
415.5814,2026-07-16T16:59:50.931006,-0.851496,0.000000
416.0787,2026-07-16T16:59:51.428305,-0.851909,0.000000
416.5621,2026-07-16T16:59:51.911724,-0.852344,0.000000
417.0307,2026-07-16T16:59:52.380297,-0.852731,0.000000
417.5233,2026-07-16T16:59:52.872892,-0.853037,0.000000
418.0172,2026-07-16T16:59:53.366847,-0.853357,0.000000
418.5117,2026-07-16T16:59:53.861272,-0.853685,0.000000
418.9701,2026-07-16T16:59:54.319741,-0.854051,0.000000
419.4371,2026-07-16T16:59:54.786676,-0.854386,0.000000
419.8985,2026-07-16T16:59:55.248100,-0.854690,0.000000
420.3959,2026-07-16T16:59:55.745462,-0.855029,0.000000
420.8847,2026-07-16T16:59:56.234287,-0.855389,0.000000
421.3453,2026-07-16T16:59:56.694924,-0.855826,0.000000
421.7958,2026-07-16T16:59:57.145433,-0.856173,0.000000
422.2966,2026-07-16T16:59:57.646195,-0.856598,0.000000
422.7648,2026-07-16T16:59:58.114447,-0.857054,0.000000
423.2207,2026-07-16T16:59:58.570319,-0.857410,0.000000
423.7058,2026-07-16T16:59:59.055452,-0.857810,0.000000
424.2013,2026-07-16T16:59:59.550880,-0.858291,0.000000
424.7055,2026-07-16T17:00:00.055056,-0.858720,0.000000
425.1587,2026-07-16T17:00:00.508297,-0.859197,0.000000
425.6175,2026-07-16T17:00:00.967109,-0.859574,0.000000
426.0861,2026-07-16T17:00:01.435688,-0.859944,0.000000
426.5404,2026-07-16T17:00:01.889992,-0.860326,0.000000
427.0335,2026-07-16T17:00:02.383106,-0.860651,0.000000
427.5056,2026-07-16T17:00:02.855181,-0.861019,0.000000
427.9682,2026-07-16T17:00:03.317840,-0.861368,0.000000
428.4369,2026-07-16T17:00:03.786481,-0.861750,0.000000
428.9107,2026-07-16T17:00:04.260258,-0.862040,0.000000
429.3660,2026-07-16T17:00:04.715600,-0.862357,0.000000
429.8608,2026-07-16T17:00:05.210450,-0.862670,0.000000
430.3642,2026-07-16T17:00:05.713775,-0.863022,0.000000
430.8750,2026-07-16T17:00:06.224638,-0.863373,0.000000
431.3660,2026-07-16T17:00:06.715620,-0.863758,0.000000
431.8604,2026-07-16T17:00:07.210023,-0.864123,0.000000
432.3176,2026-07-16T17:00:07.667184,-0.864523,0.000000
432.7748,2026-07-16T17:00:08.124370,-0.864952,0.000000
433.2531,2026-07-16T17:00:08.602672,-0.865386,0.000000
433.7089,2026-07-16T17:00:09.058524,-0.865893,0.000000
434.1669,2026-07-16T17:00:09.516533,-0.866430,0.000000
434.6272,2026-07-16T17:00:09.976788,-0.866982,0.000000
435.0829,2026-07-16T17:00:10.432489,-0.867578,0.000000
435.5618,2026-07-16T17:00:10.911417,-0.868139,0.000000
436.0482,2026-07-16T17:00:11.397854,-0.868749,0.000000
436.5244,2026-07-16T17:00:11.874001,-0.869360,0.000000
437.0172,2026-07-16T17:00:12.366809,-0.869934,0.000000
437.4720,2026-07-16T17:00:12.821595,-0.870485,0.000000
437.9691,2026-07-16T17:00:13.318712,-0.871000,0.000000
438.4335,2026-07-16T17:00:13.783099,-0.871541,0.000000
438.9173,2026-07-16T17:00:14.266891,-0.871963,0.000000
439.3920,2026-07-16T17:00:14.741620,-0.872350,0.000000
439.8496,2026-07-16T17:00:15.199204,-0.872786,0.000000
440.3000,2026-07-16T17:00:15.649583,-0.873277,0.000000
440.7608,2026-07-16T17:00:16.110369,-0.873760,0.000000
441.2509,2026-07-16T17:00:16.600498,-0.874198,0.000000
441.7037,2026-07-16T17:00:17.053276,-0.874682,0.000000
442.1608,2026-07-16T17:00:17.510369,-0.875130,0.000000
442.6261,2026-07-16T17:00:17.975745,-0.875638,0.000000
443.1224,2026-07-16T17:00:18.471998,-0.876067,0.000000
443.6182,2026-07-16T17:00:18.967832,-0.876648,0.000000
444.0740,2026-07-16T17:00:19.423597,-0.877219,0.000000
444.5382,2026-07-16T17:00:19.887761,-0.877674,0.000000
445.0018,2026-07-16T17:00:20.351415,-0.878171,0.000000
445.4517,2026-07-16T17:00:20.801307,-0.878557,0.000000
445.9079,2026-07-16T17:00:21.257484,-0.878971,0.000000
446.3667,2026-07-16T17:00:21.716267,-0.879331,0.000000
446.8356,2026-07-16T17:00:22.185165,-0.879674,0.000000
447.2915,2026-07-16T17:00:22.641135,-0.879955,0.000000
447.7862,2026-07-16T17:00:23.135818,-0.880326,0.000000
448.2728,2026-07-16T17:00:23.622416,-0.880682,0.000000
448.7397,2026-07-16T17:00:24.089320,-0.880971,0.000000
449.1940,2026-07-16T17:00:24.543659,-0.881328,0.000000
449.6942,2026-07-16T17:00:25.043795,-0.881664,0.000000
450.1415,2026-07-16T17:00:25.491111,-0.881963,0.000000
450.6422,2026-07-16T17:00:25.991836,-0.882298,0.000000
451.1633,2026-07-16T17:00:26.512872,-0.882605,0.000000
451.6305,2026-07-16T17:00:26.980092,-0.882984,0.000000
452.0829,2026-07-16T17:00:27.432546,-0.883314,0.000000
452.5531,2026-07-16T17:00:27.902699,-0.883635,0.000000
453.0368,2026-07-16T17:00:28.386384,-0.884037,0.000000
453.5369,2026-07-16T17:00:28.886468,-0.884518,0.000000
454.0020,2026-07-16T17:00:29.351649,-0.884912,0.000000
454.4497,2026-07-16T17:00:29.799268,-0.885282,0.000000
454.9180,2026-07-16T17:00:30.267602,-0.885626,0.000000
455.3833,2026-07-16T17:00:30.732931,-0.886038,0.000000
455.8861,2026-07-16T17:00:31.235706,-0.886509,0.000000
456.3442,2026-07-16T17:00:31.693808,-0.887070,0.000000
456.8018,2026-07-16T17:00:32.151413,-0.887645,0.000000
457.3024,2026-07-16T17:00:32.652051,-0.888226,0.000000
457.8030,2026-07-16T17:00:33.152627,-0.888760,0.000000
458.3028,2026-07-16T17:00:33.652429,-0.889310,0.000000
458.7692,2026-07-16T17:00:34.118785,-0.889851,0.000000
459.2212,2026-07-16T17:00:34.570831,-0.890365,0.000000
459.6746,2026-07-16T17:00:35.024260,-0.890826,0.000000
460.1495,2026-07-16T17:00:35.499163,-0.891278,0.000000
460.6227,2026-07-16T17:00:35.972363,-0.891755,0.000000
461.0852,2026-07-16T17:00:36.434784,-0.892142,0.000000
461.5827,2026-07-16T17:00:36.932329,-0.892558,0.000000
462.0737,2026-07-16T17:00:37.423322,-0.893077,0.000000
462.5721,2026-07-16T17:00:37.921736,-0.893605,0.000000
463.0341,2026-07-16T17:00:38.383751,-0.894056,0.000000
463.5185,2026-07-16T17:00:38.868067,-0.894605,0.000000
464.0139,2026-07-16T17:00:39.363506,-0.895114,0.000000
464.4767,2026-07-16T17:00:39.826349,-0.895726,0.000000
464.9654,2026-07-16T17:00:40.314969,-0.896301,0.000000
465.4664,2026-07-16T17:00:40.816028,-0.896926,0.000000
465.9361,2026-07-16T17:00:41.285735,-0.897526,0.000000
466.3835,2026-07-16T17:00:41.733129,-0.898046,0.000000
466.8630,2026-07-16T17:00:42.212626,-0.898475,0.000000
467.3346,2026-07-16T17:00:42.684185,-0.898874,0.000000
467.7993,2026-07-16T17:00:43.148875,-0.899326,0.000000
468.2936,2026-07-16T17:00:43.643177,-0.899781,0.000000
468.7587,2026-07-16T17:00:44.108267,-0.900291,0.000000
469.2081,2026-07-16T17:00:44.557754,-0.900726,0.000000
469.7112,2026-07-16T17:00:45.060812,-0.901165,0.000000
470.1671,2026-07-16T17:00:45.516696,-0.901654,0.000000
470.6180,2026-07-16T17:00:45.967642,-0.902072,0.000000
471.0957,2026-07-16T17:00:46.445263,-0.902525,0.000000
471.5908,2026-07-16T17:00:46.940436,-0.903102,0.000000
472.0414,2026-07-16T17:00:47.390973,-0.903656,0.000000
472.5363,2026-07-16T17:00:47.885858,-0.904171,0.000000
472.9833,2026-07-16T17:00:48.332903,-0.904738,0.000000
473.4452,2026-07-16T17:00:48.794825,-0.905181,0.000000
473.9101,2026-07-16T17:00:49.259712,-0.905734,0.000000
474.3586,2026-07-16T17:00:49.708195,-0.906290,0.000000
474.8168,2026-07-16T17:00:50.166368,-0.906862,0.000000
475.2767,2026-07-16T17:00:50.626351,-0.907437,0.000000
475.7781,2026-07-16T17:00:51.127735,-0.908059,0.000000
476.2531,2026-07-16T17:00:51.602662,-0.908702,0.000000
476.7279,2026-07-16T17:00:52.077541,-0.909325,0.000000
477.1851,2026-07-16T17:00:52.534716,-0.909888,0.000000
477.6765,2026-07-16T17:00:53.026126,-0.910507,0.000000
478.1720,2026-07-16T17:00:53.521597,-0.911114,0.000000
478.6857,2026-07-16T17:00:54.035256,-0.911755,0.000000
479.1552,2026-07-16T17:00:54.504777,-0.912261,0.000000
479.6166,2026-07-16T17:00:54.966189,-0.912810,0.000000
480.1115,2026-07-16T17:00:55.461086,-0.913306,0.000000
480.6055,2026-07-16T17:00:55.955092,-0.913858,0.000000
481.0782,2026-07-16T17:00:56.427822,-0.914331,0.000000
481.5769,2026-07-16T17:00:56.926502,-0.914808,0.000000
482.0369,2026-07-16T17:00:57.386540,-0.915310,0.000000
482.5159,2026-07-16T17:00:57.865476,-0.915765,0.000000
482.9678,2026-07-16T17:00:58.317419,-0.916290,0.000000
483.4279,2026-07-16T17:00:58.777539,-0.916715,0.000000
483.8935,2026-07-16T17:00:59.243089,-0.917203,0.000000
484.3927,2026-07-16T17:00:59.742292,-0.917597,0.000000
484.8654,2026-07-16T17:01:00.215014,-0.918054,0.000000
485.3658,2026-07-16T17:01:00.715380,-0.918454,0.000000
485.8322,2026-07-16T17:01:01.181841,-0.918848,0.000000
486.3192,2026-07-16T17:01:01.668762,-0.919179,0.000000
486.7776,2026-07-16T17:01:02.127246,-0.919499,0.000000
487.2550,2026-07-16T17:01:02.604615,-0.919840,0.000000
487.7144,2026-07-16T17:01:03.064031,-0.920110,0.000000
488.1746,2026-07-16T17:01:03.524237,-0.920440,0.000000
488.6576,2026-07-16T17:01:04.007214,-0.920757,0.000000
489.1271,2026-07-16T17:01:04.476697,-0.921166,0.000000
489.6202,2026-07-16T17:01:04.969765,-0.921514,0.000000
490.0739,2026-07-16T17:01:05.423554,-0.921821,0.000000
490.5355,2026-07-16T17:01:05.885122,-0.922178,0.000000
491.0274,2026-07-16T17:01:06.376965,-0.922595,0.000000
491.4809,2026-07-16T17:01:06.830488,-0.922962,0.000000
491.9740,2026-07-16T17:01:07.323568,-0.923368,0.000000
492.5073,2026-07-16T17:01:07.856954,-0.923763,0.000000
492.9770,2026-07-16T17:01:08.326621,-0.924168,0.000000
493.4304,2026-07-16T17:01:08.779997,-0.924606,0.000000
493.8836,2026-07-16T17:01:09.233168,-0.924946,0.000000
494.3546,2026-07-16T17:01:09.704244,-0.925363,0.000000
494.8132,2026-07-16T17:01:10.162786,-0.925867,0.000000
495.2820,2026-07-16T17:01:10.631602,-0.926400,0.000000
495.7476,2026-07-16T17:01:11.097186,-0.926898,0.000000
496.2132,2026-07-16T17:01:11.562774,-0.927456,0.000000
496.7114,2026-07-16T17:01:12.060982,-0.927981,0.000000
497.1788,2026-07-16T17:01:12.528386,-0.928690,0.000000
497.6348,2026-07-16T17:01:12.984433,-0.929259,0.000000
498.0947,2026-07-16T17:01:13.444350,-0.929894,0.000000
498.5602,2026-07-16T17:01:13.909811,-0.930466,0.000000
499.0097,2026-07-16T17:01:14.359268,-0.931037,0.000000
499.4751,2026-07-16T17:01:14.824744,-0.931715,0.000000
499.9724,2026-07-16T17:01:15.321984,-0.932590,0.000000
500.4432,2026-07-16T17:01:15.792844,-0.933365,0.000000
500.9005,2026-07-16T17:01:16.250061,-0.934131,0.000000
501.3588,2026-07-16T17:01:16.708453,-0.934872,0.000000
501.8079,2026-07-16T17:01:17.157522,-0.935560,0.000000
502.2754,2026-07-16T17:01:17.624975,-0.936312,0.000000
502.7489,2026-07-16T17:01:18.098541,-0.937064,0.000000
503.2400,2026-07-16T17:01:18.589567,-0.937838,0.000000
503.6832,2026-07-16T17:01:19.032804,-0.938573,0.000000
504.1475,2026-07-16T17:01:19.497149,-0.939146,0.000000
504.6438,2026-07-16T17:01:19.993444,-0.939579,0.000000
505.1108,2026-07-16T17:01:20.460365,-0.940046,0.000000
505.5774,2026-07-16T17:01:20.926998,-0.940411,0.000000
506.0601,2026-07-16T17:01:21.409743,-0.940848,0.000000
506.5245,2026-07-16T17:01:21.874166,-0.941261,0.000000
506.9832,2026-07-16T17:01:22.332850,-0.941595,0.000000
507.4590,2026-07-16T17:01:22.808601,-0.941861,0.000000
507.9087,2026-07-16T17:01:23.258307,-0.942170,0.000000
508.3593,2026-07-16T17:01:23.708952,-0.942486,0.000000
508.8635,2026-07-16T17:01:24.213132,-0.942800,0.000000
509.3172,2026-07-16T17:01:24.666810,-0.943125,0.000000
509.7850,2026-07-16T17:01:25.134612,-0.943395,0.000000
510.2409,2026-07-16T17:01:25.590524,-0.943736,0.000000
510.7025,2026-07-16T17:01:26.052113,-0.944046,0.000000
511.1669,2026-07-16T17:01:26.516542,-0.944408,0.000000
511.6517,2026-07-16T17:01:27.001333,-0.944762,0.000000
512.1449,2026-07-16T17:01:27.494471,-0.945197,0.000000
512.6370,2026-07-16T17:01:27.986575,-0.945658,0.000000
513.0927,2026-07-16T17:01:28.442350,-0.946094,0.000000
513.5437,2026-07-16T17:01:28.893298,-0.946493,0.000000
514.0003,2026-07-16T17:01:29.349928,-0.946936,0.000000
514.4735,2026-07-16T17:01:29.823102,-0.947379,0.000000
514.9754,2026-07-16T17:01:30.325054,-0.947845,0.000000
515.4759,2026-07-16T17:01:30.825559,-0.948366,0.000000
515.9681,2026-07-16T17:01:31.317669,-0.948818,0.000000
516.4778,2026-07-16T17:01:31.827415,-0.949230,0.000000
516.9528,2026-07-16T17:01:32.302372,-0.949642,0.000000
517.4004,2026-07-16T17:01:32.749968,-0.950069,0.000000
517.8604,2026-07-16T17:01:33.210007,-0.950406,0.000000
518.3119,2026-07-16T17:01:33.661501,0.883400,0.000000
518.8092,2026-07-16T17:01:34.158773,0.970544,0.000000
519.2589,2026-07-16T17:01:34.608563,0.982358,0.000000
519.7610,2026-07-16T17:01:35.110585,0.944682,0.000000
520.2278,2026-07-16T17:01:35.577400,0.746406,0.000000
520.6849,2026-07-16T17:01:36.034501,0.561987,0.000000
521.1632,2026-07-16T17:01:36.512860,1.017880,0.000000
521.6650,2026-07-16T17:01:37.014624,1.011616,0.000000
522.1524,2026-07-16T17:01:37.501989,1.010320,0.000000
522.6751,2026-07-16T17:01:38.024749,1.006752,0.000000
523.1652,2026-07-16T17:01:38.514833,0.900307,0.000000
523.6678,2026-07-16T17:01:39.017450,1.016248,0.000000
524.2109,2026-07-16T17:01:39.560541,1.008304,0.000000
524.7166,2026-07-16T17:01:40.066229,0.982480,0.000000
525.2609,2026-07-16T17:01:40.610466,1.000512,0.000000
525.7411,2026-07-16T17:01:41.090718,0.981845,0.000000
526.2000,2026-07-16T17:01:41.549612,1.015000,0.000000
526.6709,2026-07-16T17:01:42.020538,0.845182,0.000000
527.1691,2026-07-16T17:01:42.518754,0.654194,0.000000
527.6719,2026-07-16T17:01:43.021476,0.452990,0.000000
528.1693,2026-07-16T17:01:43.518948,0.261803,0.000000
528.6312,2026-07-16T17:01:43.980779,0.052435,0.000000
529.0839,2026-07-16T17:01:44.433463,-0.132811,0.000000
529.5721,2026-07-16T17:01:44.921669,-0.314070,0.000000
530.0412,2026-07-16T17:01:45.390844,-0.509472,0.000000
530.5093,2026-07-16T17:01:45.858929,-0.704936,0.000000
531.0020,2026-07-16T17:01:46.351639,-0.892346,0.000000
531.4784,2026-07-16T17:01:46.828022,-0.989432,0.000000
531.9687,2026-07-16T17:01:47.318275,-0.989990,0.000000
532.4137,2026-07-16T17:01:47.763354,-0.990450,0.000000
532.9076,2026-07-16T17:01:48.257236,-0.990864,0.000000
533.3851,2026-07-16T17:01:48.734697,-0.991366,0.000000
533.8355,2026-07-16T17:01:49.185118,-0.991829,0.000000
534.3205,2026-07-16T17:01:49.670291,-0.992301,0.000000
534.7678,2026-07-16T17:01:50.117407,-0.992779,0.000000
535.2258,2026-07-16T17:01:50.575409,-0.993216,0.000000
535.6803,2026-07-16T17:01:51.029889,-0.993710,0.000000
536.1773,2026-07-16T17:01:51.526913,-0.994221,0.000000
536.6477,2026-07-16T17:01:51.997311,-0.994821,0.000000
537.1164,2026-07-16T17:01:52.465980,-0.995371,0.000000
537.6102,2026-07-16T17:01:52.959791,-0.995955,0.000000
538.0789,2026-07-16T17:01:53.428561,-0.996498,0.000000
538.5338,2026-07-16T17:01:53.883444,-0.997053,0.000000
539.0059,2026-07-16T17:01:54.355473,-0.997627,0.000000
539.4771,2026-07-16T17:01:54.826721,-0.998459,0.000000
539.9527,2026-07-16T17:01:55.302291,-0.999349,0.000000
540.3924,2026-07-16T17:01:55.742015,-1.000187,0.000000
540.8838,2026-07-16T17:01:56.233398,-1.000918,0.000000
541.3343,2026-07-16T17:01:56.683950,-1.001742,0.000000
541.7841,2026-07-16T17:01:57.133756,-1.002494,0.000000
542.2765,2026-07-16T17:01:57.626166,-1.003286,0.000000
542.7695,2026-07-16T17:01:58.119073,-1.004104,0.000000
543.2265,2026-07-16T17:01:58.576116,-1.004872,0.000000
543.7085,2026-07-16T17:01:59.058060,-1.005584,0.000000
544.1849,2026-07-16T17:01:59.534557,-1.006027,0.000000
544.6908,2026-07-16T17:02:00.040402,-1.006371,0.000000
545.1862,2026-07-16T17:02:00.535778,-1.006667,0.000000
545.6916,2026-07-16T17:02:01.041175,-1.006962,0.000000
546.1869,2026-07-16T17:02:01.536485,-1.007382,0.000000
546.6720,2026-07-16T17:02:02.021604,-1.007773,0.000000
547.1445,2026-07-16T17:02:02.494150,-1.008144,0.000000
547.6353,2026-07-16T17:02:02.984955,-1.008480,0.000000
548.1220,2026-07-16T17:02:03.471637,-1.008848,0.000000
548.5899,2026-07-16T17:02:03.939505,-1.009315,0.000000
549.0672,2026-07-16T17:02:04.416843,-1.009750,0.000000
549.5534,2026-07-16T17:02:04.903029,-1.010280,0.000000
550.0095,2026-07-16T17:02:05.359111,-1.010898,0.000000
550.4710,2026-07-16T17:02:05.820592,-1.011458,0.000000
550.9529,2026-07-16T17:02:06.302593,-1.012024,0.000000
551.4200,2026-07-16T17:02:06.769607,-1.012582,0.000000
551.8772,2026-07-16T17:02:07.226822,-1.013098,0.000000
552.3346,2026-07-16T17:02:07.684234,-1.013598,0.000000
552.7842,2026-07-16T17:02:08.133817,-1.014163,0.000000
553.2730,2026-07-16T17:02:08.622593,-1.014701,0.000000
553.7263,2026-07-16T17:02:09.075933,-1.015235,0.000000
554.1930,2026-07-16T17:02:09.542631,-1.015781,0.000000
554.6888,2026-07-16T17:02:10.038382,-1.016234,0.000000
555.1741,2026-07-16T17:02:10.523705,-1.016712,0.000000
555.6401,2026-07-16T17:02:10.989753,-1.017208,0.000000
556.1021,2026-07-16T17:02:11.451740,-1.017694,0.000000
556.5712,2026-07-16T17:02:11.920804,-1.018139,0.000000
557.0349,2026-07-16T17:02:12.384521,-1.018587,0.000000
557.4868,2026-07-16T17:02:12.836413,-1.019014,0.000000
557.9421,2026-07-16T17:02:13.291725,-1.019472,0.000000
558.4009,2026-07-16T17:02:13.750552,-1.019954,0.000000
558.8530,2026-07-16T17:02:14.202651,-1.020437,0.000000
559.3016,2026-07-16T17:02:14.651207,-1.020901,0.000000
559.7617,2026-07-16T17:02:15.111301,-1.021382,0.000000
560.2128,2026-07-16T17:02:15.562362,-1.021835,0.000000
560.7102,2026-07-16T17:02:16.059846,-1.022296,0.000000
561.1998,2026-07-16T17:02:16.549450,-1.022728,0.000000
561.6865,2026-07-16T17:02:17.036063,-1.023226,0.000000
562.1300,2026-07-16T17:02:17.479571,-1.023766,0.000000
562.5869,2026-07-16T17:02:17.936532,-1.024286,0.000000
563.0422,2026-07-16T17:02:18.391787,-1.024838,0.000000
563.4926,2026-07-16T17:02:18.842217,-1.025310,0.000000
563.9444,2026-07-16T17:02:19.294020,-1.025859,0.000000
564.4014,2026-07-16T17:02:19.751002,-1.026400,0.000000
564.8506,2026-07-16T17:02:20.200260,-1.027011,0.000000
565.3042,2026-07-16T17:02:20.653808,-1.027547,0.000000
565.7682,2026-07-16T17:02:21.117819,-1.028144,0.000000
566.2362,2026-07-16T17:02:21.585838,-1.028787,0.000000
566.7169,2026-07-16T17:02:22.066548,-1.029376,0.000000
567.2045,2026-07-16T17:02:22.554097,-1.029869,0.000000
567.6688,2026-07-16T17:02:23.018375,-1.030478,0.000000
568.1283,2026-07-16T17:02:23.477940,-1.031099,0.000000
568.5999,2026-07-16T17:02:23.949510,-1.031714,0.000000
569.0910,2026-07-16T17:02:24.440606,-1.032381,0.000000
569.5401,2026-07-16T17:02:24.889674,-1.033013,0.000000
570.0351,2026-07-16T17:02:25.384711,-1.033606,0.000000
570.4973,2026-07-16T17:02:25.846956,-1.034253,0.000000
570.9572,2026-07-16T17:02:26.306829,-1.034934,0.000000
571.4141,2026-07-16T17:02:26.763674,-1.035656,0.000000
571.8645,2026-07-16T17:02:27.214125,-1.036378,0.000000
572.3138,2026-07-16T17:02:27.663373,-1.037078,0.000000
572.7745,2026-07-16T17:02:28.124095,-1.037659,0.000000
573.2748,2026-07-16T17:02:28.624397,-1.038168,0.000000
573.7304,2026-07-16T17:02:29.080023,-1.038717,0.000000
574.2116,2026-07-16T17:02:29.561221,-1.039176,0.000000
574.6719,2026-07-16T17:02:30.021482,-1.039606,0.000000
575.1357,2026-07-16T17:02:30.485291,-1.040104,0.000000
575.6165,2026-07-16T17:02:30.966152,-1.040550,0.000000
576.0910,2026-07-16T17:02:31.440580,-1.040984,0.000000
576.5494,2026-07-16T17:02:31.899031,-1.041475,0.000000
577.0122,2026-07-16T17:02:32.361775,-1.041837,0.000000
577.4806,2026-07-16T17:02:32.830205,-1.042222,0.000000
577.9481,2026-07-16T17:02:33.297740,-1.042632,0.000000
578.3974,2026-07-16T17:02:33.747059,-1.043053,0.000000
578.8551,2026-07-16T17:02:34.204710,-1.043398,0.000000
579.3062,2026-07-16T17:02:34.655818,-1.043805,0.000000
579.7661,2026-07-16T17:02:35.115676,-1.044216,0.000000
580.2318,2026-07-16T17:02:35.581401,-1.044469,0.000000
580.7310,2026-07-16T17:02:36.080569,-1.044914,0.000000
581.2178,2026-07-16T17:02:36.567463,-1.045315,0.000000
581.6797,2026-07-16T17:02:37.029332,-1.045646,0.000000
582.1413,2026-07-16T17:02:37.490923,-1.046048,0.000000
582.6326,2026-07-16T17:02:37.982186,-1.046358,0.000000
583.0967,2026-07-16T17:02:38.446309,-1.046731,0.000000
583.5464,2026-07-16T17:02:38.896006,-1.047040,0.000000
583.9999,2026-07-16T17:02:39.349514,-1.047362,0.000000
584.4711,2026-07-16T17:02:39.820689,-1.047766,0.000000
584.9744,2026-07-16T17:02:40.324049,-1.048246,0.000000
585.4303,2026-07-16T17:02:40.779924,-1.048787,0.000000
585.8909,2026-07-16T17:02:41.240516,-1.049322,0.000000
586.3862,2026-07-16T17:02:41.735775,-1.049888,0.000000
586.8399,2026-07-16T17:02:42.189535,-1.050542,0.000000
587.2974,2026-07-16T17:02:42.647061,-1.051162,0.000000
587.7641,2026-07-16T17:02:43.113716,-1.051814,0.000000
588.2316,2026-07-16T17:02:43.581203,-1.052459,0.000000
588.6986,2026-07-16T17:02:44.048159,-1.053155,0.000000
589.1476,2026-07-16T17:02:44.497173,-1.053746,0.000000
589.6486,2026-07-16T17:02:44.998175,-1.054230,0.000000
590.0976,2026-07-16T17:02:45.447255,-1.054733,0.000000
590.5492,2026-07-16T17:02:45.898805,-1.055072,0.000000
590.9970,2026-07-16T17:02:46.346621,-1.055384,0.000000
591.4559,2026-07-16T17:02:46.805497,-1.055706,0.000000
591.9267,2026-07-16T17:02:47.276267,-1.056062,0.000000
592.3923,2026-07-16T17:02:47.741863,-1.056454,0.000000
592.8509,2026-07-16T17:02:48.200484,-1.056688,0.000000
593.3512,2026-07-16T17:02:48.700794,-1.057069,0.000000
593.8055,2026-07-16T17:02:49.155095,-1.057422,0.000000
594.2639,2026-07-16T17:02:49.613496,-1.057829,0.000000
594.7469,2026-07-16T17:02:50.096533,-1.058288,0.000000
595.2310,2026-07-16T17:02:50.580570,-1.058731,0.000000
595.6904,2026-07-16T17:02:51.040020,-1.059266,0.000000
596.1392,2026-07-16T17:02:51.488862,-1.059736,0.000000
596.5979,2026-07-16T17:02:51.947556,-1.060192,0.000000
597.0563,2026-07-16T17:02:52.405909,-1.060640,0.000000
597.5131,2026-07-16T17:02:52.862693,-1.061115,0.000000
597.9753,2026-07-16T17:02:53.324914,-1.061650,0.000000
598.4265,2026-07-16T17:02:53.776095,-1.062134,0.000000
598.8841,2026-07-16T17:02:54.233680,-1.062611,0.000000
599.3349,2026-07-16T17:02:54.684523,-1.063034,0.000000
599.7932,2026-07-16T17:02:55.142773,-1.063405,0.000000
600.2559,2026-07-16T17:02:55.605513,-1.063845,0.000000
600.7549,2026-07-16T17:02:56.104533,-1.064243,0.000000
601.2352,2026-07-16T17:02:56.584804,-1.064814,0.000000
601.6897,2026-07-16T17:02:57.039355,-1.065390,0.000000
602.1515,2026-07-16T17:02:57.501128,-1.065859,0.000000
602.6060,2026-07-16T17:02:57.955600,-1.066430,0.000000
603.0696,2026-07-16T17:02:58.419162,-1.067016,0.000000
603.5217,2026-07-16T17:02:58.871302,-1.067592,0.000000
603.9819,2026-07-16T17:02:59.331488,-1.068189,0.000000
604.4474,2026-07-16T17:02:59.796988,-1.068816,0.000000
604.9182,2026-07-16T17:03:00.267799,-1.069378,0.000000
605.4286,2026-07-16T17:03:00.778215,-1.069928,0.000000
605.8843,2026-07-16T17:03:01.233945,-1.070384,0.000000
606.3430,2026-07-16T17:03:01.692658,-1.070773,0.000000
606.8119,2026-07-16T17:03:02.161463,-1.071078,0.000000
607.2786,2026-07-16T17:03:02.628201,-1.071430,0.000000
607.7624,2026-07-16T17:03:03.112012,-1.071706,0.000000
608.2427,2026-07-16T17:03:03.592299,-1.072043,0.000000
608.6955,2026-07-16T17:03:04.045155,-1.072318,0.000000
609.1843,2026-07-16T17:03:04.533959,-1.072536,0.000000
609.6646,2026-07-16T17:03:05.014173,-1.072880,0.000000
610.1184,2026-07-16T17:03:05.468037,-1.073144,0.000000
610.5677,2026-07-16T17:03:05.917295,-1.073398,0.000000
611.0455,2026-07-16T17:03:06.395098,-1.073680,0.000000
611.5009,2026-07-16T17:03:06.850463,-1.074128,0.000000
611.9513,2026-07-16T17:03:07.300961,-1.074560,0.000000
612.3981,2026-07-16T17:03:07.747677,-1.074938,0.000000
612.8795,2026-07-16T17:03:08.229089,-1.075418,0.000000
613.3597,2026-07-16T17:03:08.709335,-1.075835,0.000000
613.8431,2026-07-16T17:03:09.192711,-1.076251,0.000000
614.2878,2026-07-16T17:03:09.637363,-1.076723,0.000000
614.7712,2026-07-16T17:03:10.120861,-1.077136,0.000000
615.2494,2026-07-16T17:03:10.599027,-1.077642,0.000000
615.7177,2026-07-16T17:03:11.067336,-1.078122,0.000000
616.1702,2026-07-16T17:03:11.519861,-1.078522,0.000000
616.6809,2026-07-16T17:03:12.030497,-1.078864,0.000000
617.1353,2026-07-16T17:03:12.484880,-1.079211,0.000000
617.5859,2026-07-16T17:03:12.935504,-1.079464,0.000000
618.0538,2026-07-16T17:03:13.403453,-1.079744,0.000000
618.5729,2026-07-16T17:03:13.922564,-1.079949,0.000000
619.0273,2026-07-16T17:03:14.376881,-1.080245,0.000000
619.4792,2026-07-16T17:03:14.828813,-1.080502,0.000000
619.9371,2026-07-16T17:03:15.286697,-1.080862,0.000000
620.3933,2026-07-16T17:03:15.742890,-1.081309,0.000000
620.8471,2026-07-16T17:03:16.196732,-1.081725,0.000000
621.3124,2026-07-16T17:03:16.662005,-1.082066,0.000000
621.7768,2026-07-16T17:03:17.126416,-1.082445,0.000000
622.2562,2026-07-16T17:03:17.605865,-1.082776,0.000000
622.7248,2026-07-16T17:03:18.074394,-1.083168,0.000000
623.1853,2026-07-16T17:03:18.534877,-1.083629,0.000000
623.6721,2026-07-16T17:03:19.021701,-1.084042,0.000000
624.1353,2026-07-16T17:03:19.484955,-1.084517,0.000000
624.5949,2026-07-16T17:03:19.944642,-1.084870,0.000000
625.0874,2026-07-16T17:03:20.437008,-1.085072,0.000000
625.5645,2026-07-16T17:03:20.914103,-1.085232,0.000000
626.0594,2026-07-16T17:03:21.409046,-1.085514,0.000000
626.5201,2026-07-16T17:03:21.869679,-1.085718,0.000000
626.9765,2026-07-16T17:03:22.326146,-1.085960,0.000000
627.4350,2026-07-16T17:03:22.784642,-1.086178,0.000000
627.8960,2026-07-16T17:03:23.245568,-1.086373,0.000000
628.3517,2026-07-16T17:03:23.701316,-1.086504,0.000000
628.7956,2026-07-16T17:03:24.145228,-1.086619,0.000000
629.2622,2026-07-16T17:03:24.611802,-1.086720,0.000000
629.7408,2026-07-16T17:03:25.090429,-1.086858,0.000000
630.2015,2026-07-16T17:03:25.551134,-1.087059,0.000000
630.6522,2026-07-16T17:03:26.001850,-1.087200,0.000000
631.1022,2026-07-16T17:03:26.451810,-1.087334,0.000000
631.5712,2026-07-16T17:03:26.920795,-1.087528,0.000000
632.0282,2026-07-16T17:03:27.377785,-1.087670,0.000000
632.4902,2026-07-16T17:03:27.839775,-1.087806,0.000000
632.9445,2026-07-16T17:03:28.294102,-1.087931,0.000000
633.4021,2026-07-16T17:03:28.751680,-1.088019,0.000000
633.8732,2026-07-16T17:03:29.222794,-1.088158,0.000000
634.3352,2026-07-16T17:03:29.684833,-1.088298,0.000000
634.7912,2026-07-16T17:03:30.140771,-1.088418,0.000000
635.2673,2026-07-16T17:03:30.616906,-1.088496,0.000000
635.7543,2026-07-16T17:03:31.103929,-1.088587,0.000000
636.2459,2026-07-16T17:03:31.595522,-1.088696,0.000000
636.7075,2026-07-16T17:03:32.057122,-1.088733,0.000000
637.1705,2026-07-16T17:03:32.520068,-1.088787,0.000000
637.6363,2026-07-16T17:03:32.985879,-1.088846,0.000000
638.0956,2026-07-16T17:03:33.445233,-1.088925,0.000000
638.5841,2026-07-16T17:03:33.933722,-1.088990,0.000000
639.0612,2026-07-16T17:03:34.410831,-1.089091,0.000000
639.5541,2026-07-16T17:03:34.903719,-1.089211,0.000000
640.0096,2026-07-16T17:03:35.359207,-1.089342,0.000000
640.4683,2026-07-16T17:03:35.817866,-1.089419,0.000000
640.9205,2026-07-16T17:03:36.270067,-1.089525,0.000000
641.3854,2026-07-16T17:03:36.735001,-1.089715,0.000000
641.8900,2026-07-16T17:03:37.239571,-1.089861,0.000000
642.3455,2026-07-16T17:03:37.695132,-1.090050,0.000000
642.8024,2026-07-16T17:03:38.151993,-1.090200,0.000000
643.2751,2026-07-16T17:03:38.624702,-1.090338,0.000000
643.7724,2026-07-16T17:03:39.121991,-1.090467,0.000000
644.2759,2026-07-16T17:03:39.625534,-1.090496,0.000000
644.7746,2026-07-16T17:03:40.124196,-1.090451,0.000000
645.2768,2026-07-16T17:03:40.626441,-1.090491,0.000000
645.7381,2026-07-16T17:03:41.087721,-1.090573,0.000000
646.1939,2026-07-16T17:03:41.543538,-1.090606,0.000000
646.6595,2026-07-16T17:03:42.009141,-1.090683,0.000000
647.1192,2026-07-16T17:03:42.468837,-1.090749,0.000000
647.5958,2026-07-16T17:03:42.945460,-1.090787,0.000000
648.0608,2026-07-16T17:03:43.410378,-1.091008,0.000000
648.5105,2026-07-16T17:03:43.860146,-1.091090,0.000000
648.9979,2026-07-16T17:03:44.347540,-1.091323,0.000000
649.4553,2026-07-16T17:03:44.804920,-1.091650,0.000000
649.9250,2026-07-16T17:03:45.274569,-1.091982,0.000000
650.3773,2026-07-16T17:03:45.726875,-1.092557,0.000000
650.8432,2026-07-16T17:03:46.192798,-1.093003,0.000000
651.2939,2026-07-16T17:03:46.643505,-1.093461,0.000000
651.7915,2026-07-16T17:03:47.141076,-1.093914,0.000000
652.2829,2026-07-16T17:03:47.632500,-1.094435,0.000000
652.7432,2026-07-16T17:03:48.092820,-1.094925,0.000000
653.2045,2026-07-16T17:03:48.554159,-1.095346,0.000000
653.6880,2026-07-16T17:03:49.037638,-1.095888,0.000000
654.1443,2026-07-16T17:03:49.493945,-1.096430,0.000000
654.6176,2026-07-16T17:03:49.967258,-1.096858,0.000000
655.0940,2026-07-16T17:03:50.443606,-1.097150,0.000000
655.5607,2026-07-16T17:03:50.910302,-1.097400,0.000000
656.0920,2026-07-16T17:03:51.441566,-1.097686,0.000000
656.5459,2026-07-16T17:03:51.895539,-1.097957,0.000000
657.0048,2026-07-16T17:03:52.354422,-1.098165,0.000000
657.4604,2026-07-16T17:03:52.810034,-1.098328,0.000000
657.9282,2026-07-16T17:03:53.277801,-1.098490,0.000000
658.3877,2026-07-16T17:03:53.737287,-1.098638,0.000000
658.8602,2026-07-16T17:03:54.209831,-1.098586,0.000000
659.3194,2026-07-16T17:03:54.668958,-1.098632,0.000000
659.8188,2026-07-16T17:03:55.168444,-1.098678,0.000000
660.2909,2026-07-16T17:03:55.640537,-1.098762,0.000000
660.7457,2026-07-16T17:03:56.095297,-1.098835,0.000000
661.2374,2026-07-16T17:03:56.587035,-1.098998,0.000000
661.6934,2026-07-16T17:03:57.043004,-1.099195,0.000000
662.1360,2026-07-16T17:03:57.485662,-1.099381,0.000000
662.5875,2026-07-16T17:03:57.937147,-1.099586,0.000000
663.0528,2026-07-16T17:03:58.402431,-1.099795,0.000000
663.5561,2026-07-16T17:03:58.905682,-1.099984,0.000000
664.0100,2026-07-16T17:03:59.359610,-1.100232,0.000000
664.4690,2026-07-16T17:03:59.818655,-1.100394,0.000000
664.9451,2026-07-16T17:04:00.294759,-1.100526,0.000000
665.4034,2026-07-16T17:04:00.752995,-1.100686,0.000000
665.8450,2026-07-16T17:04:01.194572,-1.100754,0.000000
666.3106,2026-07-16T17:04:01.660214,-1.100782,0.000000
666.8272,2026-07-16T17:04:02.176823,-1.100864,0.000000
667.2956,2026-07-16T17:04:02.645222,-1.101006,0.000000
667.7513,2026-07-16T17:04:03.100905,-1.101125,0.000000
668.2049,2026-07-16T17:04:03.554486,-1.101269,0.000000
668.6623,2026-07-16T17:04:04.011964,-1.101475,0.000000
669.1194,2026-07-16T17:04:04.469036,-1.101605,0.000000
669.6331,2026-07-16T17:04:04.982715,-1.101750,0.000000
670.0854,2026-07-16T17:04:05.435014,-1.101982,0.000000
670.5821,2026-07-16T17:04:05.931742,-1.102171,0.000000
671.0896,2026-07-16T17:04:06.439187,-1.102349,0.000000
671.5899,2026-07-16T17:04:06.939551,-1.102544,0.000000
672.0440,2026-07-16T17:04:07.393585,-1.102693,0.000000
672.5036,2026-07-16T17:04:07.853257,-1.102784,0.000000
672.9687,2026-07-16T17:04:08.318305,-1.102834,0.000000
673.4355,2026-07-16T17:04:08.785102,-1.102866,0.000000
673.8956,2026-07-16T17:04:09.245164,-1.102926,0.000000
674.3441,2026-07-16T17:04:09.693734,-1.103000,0.000000
674.8438,2026-07-16T17:04:10.193448,-1.103083,0.000000
675.3035,2026-07-16T17:04:10.653068,-1.103090,0.000000
675.7544,2026-07-16T17:04:11.103992,-1.103104,0.000000
676.2194,2026-07-16T17:04:11.569031,-1.103141,0.000000
676.6796,2026-07-16T17:04:12.029178,-1.103139,0.000000
677.1359,2026-07-16T17:04:12.485523,-1.103213,0.000000
677.5866,2026-07-16T17:04:12.936224,-1.103245,0.000000
678.0542,2026-07-16T17:04:13.403792,-1.103270,0.000000
678.5106,2026-07-16T17:04:13.860227,-1.103315,0.000000
678.9775,2026-07-16T17:04:14.327076,-1.103341,0.000000
679.4268,2026-07-16T17:04:14.776402,-1.103365,0.000000
679.8794,2026-07-16T17:04:15.228977,-1.103403,0.000000
680.3377,2026-07-16T17:04:15.687315,-1.103501,0.000000
680.7858,2026-07-16T17:04:16.135432,-1.103579,0.000000
681.2372,2026-07-16T17:04:16.586796,-1.103664,0.000000
681.7025,2026-07-16T17:04:17.052122,-1.103718,0.000000
682.1705,2026-07-16T17:04:17.520127,-1.103776,0.000000
682.6203,2026-07-16T17:04:17.969883,-1.103861,0.000000
683.1217,2026-07-16T17:04:18.471318,-1.103970,0.000000
683.5696,2026-07-16T17:04:18.919181,-1.104035,0.000000
684.0270,2026-07-16T17:04:19.376615,-1.104138,0.000000
684.5261,2026-07-16T17:04:19.875729,-1.104243,0.000000
684.9915,2026-07-16T17:04:20.341142,-1.104312,0.000000
685.4880,2026-07-16T17:04:20.837607,-1.104355,0.000000
685.9518,2026-07-16T17:04:21.301410,-1.104403,0.000000
686.4297,2026-07-16T17:04:21.779337,-1.104512,0.000000
686.8853,2026-07-16T17:04:22.234947,-1.104544,0.000000
687.3377,2026-07-16T17:04:22.687284,-1.104600,0.000000
687.7889,2026-07-16T17:04:23.138498,-1.104709,0.000000
688.2606,2026-07-16T17:04:23.610166,-1.104827,0.000000
688.7188,2026-07-16T17:04:24.068438,-1.104979,0.000000
689.1958,2026-07-16T17:04:24.545370,-1.105139,0.000000
689.7046,2026-07-16T17:04:25.054221,-1.105267,0.000000
690.2050,2026-07-16T17:04:25.554587,-1.105456,0.000000
690.6603,2026-07-16T17:04:26.009944,-1.105709,0.000000
691.1194,2026-07-16T17:04:26.469013,-1.105904,0.000000
691.5685,2026-07-16T17:04:26.918161,-1.106154,0.000000
692.0275,2026-07-16T17:04:27.377128,-1.106414,0.000000
692.4774,2026-07-16T17:04:27.827026,-1.106626,0.000000
692.9286,2026-07-16T17:04:28.278247,-1.106843,0.000000
693.3810,2026-07-16T17:04:28.730651,-1.107120,0.000000
693.8897,2026-07-16T17:04:29.239282,-1.107328,0.000000
694.3358,2026-07-16T17:04:29.685396,-1.107616,0.000000
694.8023,2026-07-16T17:04:30.151955,-1.107928,0.000000
695.2691,2026-07-16T17:04:30.618743,-1.108198,0.000000
695.7443,2026-07-16T17:04:31.093868,-1.108446,0.000000
696.2035,2026-07-16T17:04:31.553141,-1.108701,0.000000
696.6979,2026-07-16T17:04:32.047473,-1.108925,0.000000
697.1525,2026-07-16T17:04:32.502133,-1.109219,0.000000
697.6536,2026-07-16T17:04:33.003234,-1.109488,0.000000
698.1110,2026-07-16T17:04:33.460642,-1.109754,0.000000
698.5820,2026-07-16T17:04:33.931612,-1.109949,0.000000
699.0614,2026-07-16T17:04:34.411001,-1.110211,0.000000
699.5110,2026-07-16T17:04:34.860651,-1.110392,0.000000
699.9608,2026-07-16T17:04:35.310402,-1.110574,0.000000
700.4223,2026-07-16T17:04:35.771886,-1.110782,0.000000
700.9046,2026-07-16T17:04:36.254174,-1.110955,0.000000
701.3609,2026-07-16T17:04:36.710525,-1.111174,0.000000
701.8187,2026-07-16T17:04:37.168346,-1.111374,0.000000
702.2691,2026-07-16T17:04:37.618725,-1.111558,0.000000
702.7293,2026-07-16T17:04:38.078955,-1.111664,0.000000
703.1793,2026-07-16T17:04:38.528901,-1.111789,0.000000
703.6353,2026-07-16T17:04:38.984929,-1.111934,0.000000
704.1300,2026-07-16T17:04:39.479572,-1.112029,0.000000
704.5798,2026-07-16T17:04:39.929464,-1.112206,0.000000
705.0378,2026-07-16T17:04:40.387365,-1.112374,0.000000
705.4942,2026-07-16T17:04:40.843810,-1.112525,0.000000
705.9533,2026-07-16T17:04:41.302897,-1.112646,0.000000
706.4308,2026-07-16T17:04:41.780406,-1.112813,0.000000
706.9191,2026-07-16T17:04:42.268721,-1.113062,0.000000
707.3776,2026-07-16T17:04:42.727174,-1.113328,0.000000
707.8211,2026-07-16T17:04:43.170724,-1.113574,0.000000
708.2778,2026-07-16T17:04:43.627405,-1.113739,0.000000
708.7289,2026-07-16T17:04:44.078476,-1.113955,0.000000
709.2193,2026-07-16T17:04:44.568889,-1.114227,0.000000
709.7139,2026-07-16T17:04:45.063536,-1.114416,0.000000
710.1700,2026-07-16T17:04:45.519614,-1.114592,0.000000
710.6283,2026-07-16T17:04:45.977915,-1.114774,0.000000
711.1254,2026-07-16T17:04:46.475023,-1.114954,0.000000
711.6206,2026-07-16T17:04:46.970259,-1.115117,0.000000
712.0777,2026-07-16T17:04:47.427270,-1.115251,0.000000
712.5784,2026-07-16T17:04:47.928034,-1.115403,0.000000
713.0564,2026-07-16T17:04:48.405965,-1.115566,0.000000
713.5144,2026-07-16T17:04:48.863960,-1.115752,0.000000
713.9667,2026-07-16T17:04:49.316385,-1.115910,0.000000
714.4239,2026-07-16T17:04:49.773480,-1.116054,0.000000
714.8826,2026-07-16T17:04:50.232177,-1.116250,0.000000
715.3504,2026-07-16T17:04:50.699981,-1.116410,0.000000
715.7988,2026-07-16T17:04:51.148430,-1.116579,0.000000
716.2485,2026-07-16T17:04:51.598075,-1.116922,0.000000
716.7034,2026-07-16T17:04:52.052999,-1.117205,0.000000
717.1553,2026-07-16T17:04:52.504919,-1.117459,0.000000
717.6521,2026-07-16T17:04:53.001751,-1.117798,0.000000
718.1195,2026-07-16T17:04:53.469092,-1.118250,0.000000
718.6265,2026-07-16T17:04:53.976157,-1.118557,0.000000
719.0947,2026-07-16T17:04:54.444272,-1.118962,0.000000
719.5724,2026-07-16T17:04:54.921980,-1.119387,0.000000
720.0187,2026-07-16T17:04:55.368310,-1.119811,0.000000
720.4613,2026-07-16T17:04:55.810888,-1.120301,0.000000
720.9532,2026-07-16T17:04:56.302846,-1.120728,0.000000
721.4026,2026-07-16T17:04:56.752179,-1.121250,0.000000
721.8917,2026-07-16T17:04:57.241359,-1.121782,0.000000
722.3480,2026-07-16T17:04:57.697659,-1.122440,0.000000
722.8042,2026-07-16T17:04:58.153767,-1.122920,0.000000
723.2637,2026-07-16T17:04:58.613275,-1.123600,0.000000
723.7704,2026-07-16T17:04:59.119961,-1.124382,0.000000
724.2197,2026-07-16T17:04:59.569277,-1.125357,0.000000
724.6849,2026-07-16T17:05:00.034542,-1.126262,0.000000
725.1447,2026-07-16T17:05:00.494292,-1.127138,0.000000
725.6061,2026-07-16T17:05:00.955668,-1.127850,0.000000
726.0867,2026-07-16T17:05:01.436278,-1.128693,0.000000
726.5638,2026-07-16T17:05:01.913386,-1.129738,0.000000
727.0196,2026-07-16T17:05:02.369182,-1.130678,0.000000
727.4699,2026-07-16T17:05:02.819485,-1.131611,0.000000
727.9691,2026-07-16T17:05:03.318741,-1.132597,0.000000
728.4285,2026-07-16T17:05:03.778133,-1.133530,0.000000
728.8991,2026-07-16T17:05:04.248732,-1.134293,0.000000
729.3884,2026-07-16T17:05:04.738059,-1.134997,0.000000
729.8738,2026-07-16T17:05:05.223389,-1.135750,0.000000
730.3554,2026-07-16T17:05:05.705010,-1.136586,0.000000
730.8223,2026-07-16T17:05:06.171876,-1.137533,0.000000
731.2699,2026-07-16T17:05:06.619557,-1.138174,0.000000
731.7286,2026-07-16T17:05:07.078228,-1.138778,0.000000
732.1865,2026-07-16T17:05:07.536123,-1.139483,0.000000
732.6440,2026-07-16T17:05:07.993622,-1.140283,0.000000
733.1032,2026-07-16T17:05:08.452833,-1.140909,0.000000
733.5607,2026-07-16T17:05:08.910280,-1.141485,0.000000
734.0328,2026-07-16T17:05:09.382367,-1.142016,0.000000
734.4803,2026-07-16T17:05:09.829906,-1.142646,0.000000
734.9370,2026-07-16T17:05:10.286654,-1.143386,0.000000
735.4071,2026-07-16T17:05:10.756733,-1.144011,0.000000
735.8584,2026-07-16T17:05:11.208011,-1.144571,0.000000
736.3612,2026-07-16T17:05:11.710797,-1.147080,0.000000
736.8155,2026-07-16T17:05:12.165106,-1.152899,0.000000
737.2823,2026-07-16T17:05:12.631963,-1.157861,0.000000
737.7347,2026-07-16T17:05:13.084340,-1.162813,0.000000
738.1925,2026-07-16T17:05:13.542150,-1.167483,0.000000
738.6592,2026-07-16T17:05:14.008854,-1.173048,0.000000
739.1163,2026-07-16T17:05:14.465890,-1.178288,0.000000
739.5730,2026-07-16T17:05:14.922651,-1.183331,0.000000
740.0780,2026-07-16T17:05:15.427588,-1.187907,0.000000
740.5417,2026-07-16T17:05:15.891293,-1.193034,0.000000
740.9983,2026-07-16T17:05:16.347879,-1.199146,0.000000
741.4574,2026-07-16T17:05:16.807021,-1.200594,0.000000
741.9146,2026-07-16T17:05:17.264256,-1.201067,0.000000
742.3660,2026-07-16T17:05:17.715614,-1.201451,0.000000
742.8657,2026-07-16T17:05:18.215311,-1.201810,0.000000
743.3669,2026-07-16T17:05:18.716532,-1.202123,0.000000
743.8234,2026-07-16T17:05:19.173033,-1.202533,0.000000
744.2741,2026-07-16T17:05:19.623694,-1.202938,0.000000
744.7332,2026-07-16T17:05:20.082834,-1.203326,0.000000
745.2177,2026-07-16T17:05:20.567310,-1.203726,0.000000
745.6759,2026-07-16T17:05:21.025469,-1.203990,0.000000
746.1340,2026-07-16T17:05:21.483592,-1.204211,0.000000
746.6005,2026-07-16T17:05:21.950108,-1.204523,0.000000
747.0579,2026-07-16T17:05:22.407487,-1.204824,0.000000
747.5148,2026-07-16T17:05:22.864440,-1.205162,0.000000
748.0149,2026-07-16T17:05:23.364536,-1.205474,0.000000
748.4776,2026-07-16T17:05:23.827254,-1.205744,0.000000
748.9334,2026-07-16T17:05:24.283045,-1.205866,0.000000
749.3824,2026-07-16T17:05:24.732011,-1.206064,0.000000
749.8426,2026-07-16T17:05:25.192206,-1.206176,0.000000
750.2991,2026-07-16T17:05:25.648709,-1.206349,0.000000
750.7674,2026-07-16T17:05:26.116957,-1.206469,0.000000
751.2241,2026-07-16T17:05:26.573733,-1.206632,0.000000
751.6843,2026-07-16T17:05:27.033946,-1.206818,0.000000
752.1497,2026-07-16T17:05:27.499276,-1.206909,0.000000
752.5987,2026-07-16T17:05:27.948314,-1.207075,0.000000
753.0661,2026-07-16T17:05:28.415724,-1.207237,0.000000
753.5260,2026-07-16T17:05:28.875650,-1.207290,0.000000
753.9926,2026-07-16T17:05:29.342254,-1.207442,0.000000
754.4504,2026-07-16T17:05:29.800003,-1.207541,0.000000
754.9676,2026-07-16T17:05:30.317173,-1.207683,0.000000
755.4158,2026-07-16T17:05:30.765374,-1.207774,0.000000
755.8739,2026-07-16T17:05:31.223560,-1.207888,0.000000
756.3242,2026-07-16T17:05:31.673823,-1.207994,0.000000
756.8076,2026-07-16T17:05:32.157167,-1.208086,0.000000
757.2593,2026-07-16T17:05:32.608956,-1.208218,0.000000
757.7380,2026-07-16T17:05:33.087587,-1.208267,0.000000
758.1998,2026-07-16T17:05:33.549440,-1.208445,0.000000
758.6577,2026-07-16T17:05:34.007266,-1.208538,0.000000
759.1213,2026-07-16T17:05:34.470935,-1.208661,0.000000
759.6013,2026-07-16T17:05:34.950931,-1.208686,0.000000
760.0556,2026-07-16T17:05:35.405211,-1.208880,0.000000
760.5164,2026-07-16T17:05:35.865999,-1.208990,0.000000
760.9870,2026-07-16T17:05:36.336625,-1.209166,0.000000
761.4610,2026-07-16T17:05:36.810582,-1.209298,0.000000
761.9389,2026-07-16T17:05:37.288546,-1.209427,0.000000
762.3948,2026-07-16T17:05:37.744416,-1.209594,0.000000
762.8913,2026-07-16T17:05:38.240954,-1.209702,0.000000
763.3865,2026-07-16T17:05:38.736113,-1.209896,0.000000
763.8598,2026-07-16T17:05:39.209401,-1.210149,0.000000
764.3444,2026-07-16T17:05:39.693973,-1.210414,0.000000
764.8181,2026-07-16T17:05:40.167669,-1.210590,0.000000
765.3091,2026-07-16T17:05:40.658673,-1.210773,0.000000
765.7584,2026-07-16T17:05:41.107974,-1.211026,0.000000
766.2071,2026-07-16T17:05:41.556686,-1.211141,0.000000
766.6675,2026-07-16T17:05:42.017126,-1.211163,0.000000
767.1644,2026-07-16T17:05:42.513983,-1.211389,0.000000
767.6323,2026-07-16T17:05:42.981915,-1.211586,0.000000
768.1016,2026-07-16T17:05:43.451263,-1.211648,0.000000
768.5508,2026-07-16T17:05:43.900394,-1.211789,0.000000
769.0094,2026-07-16T17:05:44.359047,-1.211843,0.000000
769.4929,2026-07-16T17:05:44.842546,-1.211986,0.000000
769.9476,2026-07-16T17:05:45.297243,-1.212131,0.000000
770.3992,2026-07-16T17:05:45.748805,-1.212259,0.000000
770.8928,2026-07-16T17:05:46.242390,-1.212309,0.000000
771.3943,2026-07-16T17:05:46.743886,-1.212421,0.000000
771.8762,2026-07-16T17:05:47.225809,-1.212680,0.000000
772.3322,2026-07-16T17:05:47.681836,-1.212738,0.000000
772.8211,2026-07-16T17:05:48.170698,-1.212806,0.000000
773.2964,2026-07-16T17:05:48.645974,-1.213032,0.000000
773.7602,2026-07-16T17:05:49.109778,-1.213240,0.000000
774.2073,2026-07-16T17:05:49.556874,-1.213358,0.000000
774.6571,2026-07-16T17:05:50.006703,-1.213622,0.000000
775.1171,2026-07-16T17:05:50.466682,-1.213757,0.000000
775.5736,2026-07-16T17:05:50.923203,-1.213941,0.000000
776.0433,2026-07-16T17:05:51.392911,-1.214190,0.000000
776.5049,2026-07-16T17:05:51.854478,-1.214512,0.000000
777.0005,2026-07-16T17:05:52.350161,-1.214650,0.000000
777.4628,2026-07-16T17:05:52.812378,-1.215038,0.000000
777.9554,2026-07-16T17:05:53.304987,-1.215211,0.000000
778.4069,2026-07-16T17:05:53.756515,-1.215288,0.000000
778.8583,2026-07-16T17:05:54.207949,-1.215534,0.000000
779.3176,2026-07-16T17:05:54.667259,-1.215677,0.000000
779.7742,2026-07-16T17:05:55.123846,-1.215694,0.000000
780.2407,2026-07-16T17:05:55.590326,-1.215850,0.000000
780.6993,2026-07-16T17:05:56.048909,-1.215930,0.000000
781.1578,2026-07-16T17:05:56.507438,-1.215938,0.000000
781.6173,2026-07-16T17:05:56.966877,-1.215942,0.000000
782.0917,2026-07-16T17:05:57.441334,-1.216067,0.000000
782.5611,2026-07-16T17:05:57.910672,-1.216102,0.000000
783.0606,2026-07-16T17:05:58.410252,-1.216162,0.000000
783.5513,2026-07-16T17:05:58.900947,-1.216270,0.000000
784.0119,2026-07-16T17:05:59.361556,-1.216274,0.000000
784.4931,2026-07-16T17:05:59.842669,-1.216373,0.000000
784.9628,2026-07-16T17:06:00.312433,-1.216438,0.000000
785.4345,2026-07-16T17:06:00.784081,-1.216499,0.000000
785.8995,2026-07-16T17:06:01.249091,-1.216574,0.000000
786.3754,2026-07-16T17:06:01.724981,-1.216664,0.000000
786.8592,2026-07-16T17:06:02.208804,-1.216781,0.000000
787.3109,2026-07-16T17:06:02.660481,-1.216805,0.000000
787.7742,2026-07-16T17:06:03.123855,-1.216904,0.000000
788.2788,2026-07-16T17:06:03.628393,-1.217064,0.000000
788.8344,2026-07-16T17:06:04.183980,-1.217181,0.000000
789.2948,2026-07-16T17:06:04.644448,-1.217422,0.000000
789.7534,2026-07-16T17:06:05.102994,-1.217520,0.000000
790.2344,2026-07-16T17:06:05.584051,-1.217528,0.000000
790.7389,2026-07-16T17:06:06.088494,-1.217664,0.000000
791.2369,2026-07-16T17:06:06.586563,-1.217744,0.000000
791.7337,2026-07-16T17:06:07.083318,-1.217800,0.000000
792.2392,2026-07-16T17:06:07.588823,-1.217942,0.000000
792.7114,2026-07-16T17:06:08.061019,-1.218072,0.000000
793.2414,2026-07-16T17:06:08.591053,-1.218155,0.000000
793.6971,2026-07-16T17:06:09.046721,-1.218214,0.000000
794.1540,2026-07-16T17:06:09.503656,-1.218234,0.000000
794.6127,2026-07-16T17:06:09.962353,-1.218198,0.000000
795.0722,2026-07-16T17:06:10.421766,-1.218363,0.000000
795.5194,2026-07-16T17:06:10.869054,-1.218581,0.000000
796.0032,2026-07-16T17:06:11.352799,-1.218686,0.000000
796.4542,2026-07-16T17:06:11.803839,-1.218741,0.000000
796.9130,2026-07-16T17:06:12.262576,-1.218830,0.000000
797.4184,2026-07-16T17:06:12.768038,-1.218826,0.000000
797.8978,2026-07-16T17:06:13.247379,-1.218782,0.000000
798.3551,2026-07-16T17:06:13.704705,-1.218816,0.000000
798.8134,2026-07-16T17:06:14.163040,-1.218854,0.000000
799.2722,2026-07-16T17:06:14.621806,-1.218842,0.000000
799.7282,2026-07-16T17:06:15.077803,-1.218976,0.000000
800.1882,2026-07-16T17:06:15.537816,-1.218915,0.000000
800.6372,2026-07-16T17:06:15.986770,-1.218789,0.000000
801.0967,2026-07-16T17:06:16.446271,-1.218792,0.000000
801.5556,2026-07-16T17:06:16.905203,-1.218864,0.000000
802.0055,2026-07-16T17:06:17.355086,-1.218878,0.000000
802.4633,2026-07-16T17:06:17.812914,-1.218883,0.000000
802.9301,2026-07-16T17:06:18.279747,-1.218957,0.000000
803.4228,2026-07-16T17:06:18.772426,-1.218954,0.000000
803.8715,2026-07-16T17:06:19.221128,-1.219010,0.000000
804.3301,2026-07-16T17:06:19.679752,-1.219059,0.000000
804.7866,2026-07-16T17:06:20.136182,-1.219109,0.000000
805.2674,2026-07-16T17:06:20.617017,-1.219150,0.000000
805.7293,2026-07-16T17:06:21.078893,-1.219400,0.000000
806.1797,2026-07-16T17:06:21.529303,-1.219518,0.000000
806.6287,2026-07-16T17:06:21.978325,-1.219635,0.000000
807.0840,2026-07-16T17:06:22.433567,-1.219771,0.000000
807.5323,2026-07-16T17:06:22.881914,-1.219894,0.000000
807.9949,2026-07-16T17:06:23.344506,-1.219928,0.000000
808.4808,2026-07-16T17:06:23.830463,-1.220014,0.000000
808.9318,2026-07-16T17:06:24.281457,-1.220141,0.000000
809.4277,2026-07-16T17:06:24.777262,-1.220267,0.000000
809.9050,2026-07-16T17:06:25.254628,-1.220290,0.000000
810.3531,2026-07-16T17:06:25.702714,-1.220432,0.000000
810.8356,2026-07-16T17:06:26.185227,-1.220467,0.000000
811.2861,2026-07-16T17:06:26.635730,-1.220453,0.000000
811.7790,2026-07-16T17:06:27.128591,-1.220550,0.000000
812.2438,2026-07-16T17:06:27.593425,-1.220672,0.000000
812.6960,2026-07-16T17:06:28.045607,-1.220742,0.000000
813.1641,2026-07-16T17:06:28.513743,-1.220936,0.000000
813.6568,2026-07-16T17:06:29.006456,-1.221269,0.000000
814.1080,2026-07-16T17:06:29.457633,-1.221346,0.000000
814.5786,2026-07-16T17:06:29.928233,-1.221661,0.000000
815.0601,2026-07-16T17:06:30.409750,-1.221944,0.000000
815.5262,2026-07-16T17:06:30.875774,-1.222190,0.000000
815.9982,2026-07-16T17:06:31.347796,-1.222454,0.000000
816.4522,2026-07-16T17:06:31.801797,-1.223122,0.000000
816.9568,2026-07-16T17:06:32.306389,-1.224843,0.000000
817.4653,2026-07-16T17:06:32.814933,-1.226570,0.000000
817.9622,2026-07-16T17:06:33.311799,-1.228403,0.000000
818.4724,2026-07-16T17:06:33.822032,-1.230115,0.000000
818.9723,2026-07-16T17:06:34.321923,-1.231750,0.000000
819.4372,2026-07-16T17:06:34.786763,-1.233333,0.000000
819.8851,2026-07-16T17:06:35.234686,-1.234754,0.000000
820.3366,2026-07-16T17:06:35.686218,-1.236070,0.000000
820.8201,2026-07-16T17:06:36.169758,-1.237398,0.000000
821.3052,2026-07-16T17:06:36.654813,-1.239053,0.000000
821.7674,2026-07-16T17:06:37.117537,-1.239117,0.000000
822.2562,2026-07-16T17:06:37.605797,-1.239072,0.000000
822.7235,2026-07-16T17:06:38.073085,-1.239150,0.000000
823.1880,2026-07-16T17:06:38.537657,-1.239171,0.000000
823.6456,2026-07-16T17:06:38.995153,-1.239214,0.000000
824.1341,2026-07-16T17:06:39.483665,-1.239275,0.000000
824.5999,2026-07-16T17:06:39.949510,-1.239310,0.000000
825.0811,2026-07-16T17:06:40.430751,-1.239378,0.000000
825.5395,2026-07-16T17:06:40.889105,-1.239430,0.000000
826.0086,2026-07-16T17:06:41.358179,-1.239426,0.000000
826.4638,2026-07-16T17:06:41.813452,-1.239446,0.000000
826.9618,2026-07-16T17:06:42.311448,-1.239501,0.000000
827.4444,2026-07-16T17:06:42.794013,-1.239578,0.000000
827.9307,2026-07-16T17:06:43.280263,-1.239637,0.000000
828.3837,2026-07-16T17:06:43.733331,-1.239750,0.000000
828.8573,2026-07-16T17:06:44.206976,-1.239738,0.000000
829.3237,2026-07-16T17:06:44.673311,-1.239768,0.000000
829.7784,2026-07-16T17:06:45.128036,-1.239838,0.000000
830.2378,2026-07-16T17:06:45.587420,-1.239942,0.000000
830.6969,2026-07-16T17:06:46.046518,-1.240050,0.000000
831.1476,2026-07-16T17:06:46.497229,-1.240122,0.000000
831.6227,2026-07-16T17:06:46.972326,-1.240232,0.000000
832.0777,2026-07-16T17:06:47.427301,-1.240258,0.000000
832.5281,2026-07-16T17:06:47.877727,-1.240238,0.000000
833.0163,2026-07-16T17:06:48.365888,-1.240317,0.000000
833.4726,2026-07-16T17:06:48.822272,-1.240275,0.000000
833.9733,2026-07-16T17:06:49.322907,-1.240362,0.000000
834.4501,2026-07-16T17:06:49.799728,-1.240403,0.000000
834.9254,2026-07-16T17:06:50.275087,-1.240376,0.000000
835.3879,2026-07-16T17:06:50.737528,-1.240355,0.000000
835.8619,2026-07-16T17:06:51.211538,-1.240339,0.000000
836.3382,2026-07-16T17:06:51.687787,-1.240272,0.000000
836.8161,2026-07-16T17:06:52.165734,-1.240296,0.000000
837.2790,2026-07-16T17:06:52.628649,-1.240331,0.000000
837.7293,2026-07-16T17:06:53.078958,-1.240352,0.000000
838.2227,2026-07-16T17:06:53.572273,-1.240333,0.000000
838.6804,2026-07-16T17:06:54.030055,-1.240408,0.000000
839.1646,2026-07-16T17:06:54.514290,-1.240358,0.000000
839.6586,2026-07-16T17:06:55.008220,-1.240363,0.000000
840.1428,2026-07-16T17:06:55.492396,-1.240376,0.000000
840.6522,2026-07-16T17:06:56.001826,-1.240350,0.000000
841.1459,2026-07-16T17:06:56.495519,-1.240419,0.000000
841.6050,2026-07-16T17:06:56.954589,-1.240522,0.000000
842.0645,2026-07-16T17:06:57.414122,-1.240446,0.000000
842.5258,2026-07-16T17:06:57.875452,-1.240501,0.000000
843.0259,2026-07-16T17:06:58.375559,-1.240528,0.000000
843.4806,2026-07-16T17:06:58.830275,-1.240557,0.000000
843.9819,2026-07-16T17:06:59.331542,-1.240517,0.000000
844.4591,2026-07-16T17:06:59.808659,-1.240563,0.000000
844.9203,2026-07-16T17:07:00.269874,-1.240738,0.000000
845.3812,2026-07-16T17:07:00.730853,-1.240826,0.000000
845.8457,2026-07-16T17:07:01.195299,-1.240894,0.000000
846.3045,2026-07-16T17:07:01.654127,-1.240941,0.000000
846.8065,2026-07-16T17:07:02.156148,-1.240909,0.000000
847.2721,2026-07-16T17:07:02.621741,-1.240979,0.000000
847.7287,2026-07-16T17:07:03.078362,-1.240986,0.000000
848.2017,2026-07-16T17:07:03.551344,-1.240936,0.000000
848.7023,2026-07-16T17:07:04.051900,-1.241048,0.000000
849.1580,2026-07-16T17:07:04.507657,-1.241110,0.000000
849.6084,2026-07-16T17:07:04.958057,-1.240970,0.000000
850.1193,2026-07-16T17:07:05.468940,-1.240915,0.000000
850.5966,2026-07-16T17:07:05.946200,-1.240896,0.000000
851.0826,2026-07-16T17:07:06.432183,-1.240912,0.000000
851.5771,2026-07-16T17:07:06.926709,-1.240958,0.000000
852.0428,2026-07-16T17:07:07.392445,-1.241032,0.000000
852.5082,2026-07-16T17:07:07.857868,-1.241019,0.000000
852.9854,2026-07-16T17:07:08.334987,-1.241022,0.000000
853.4683,2026-07-16T17:07:08.817889,-1.241149,0.000000
853.9249,2026-07-16T17:07:09.274520,-1.241107,0.000000
854.4191,2026-07-16T17:07:09.768729,-1.241131,0.000000
854.8827,2026-07-16T17:07:10.232347,-1.241234,0.000000
855.3826,2026-07-16T17:07:10.732191,-1.241262,0.000000
855.8580,2026-07-16T17:07:11.207628,-1.241299,0.000000
856.3189,2026-07-16T17:07:11.668524,-1.241306,0.000000
856.8167,2026-07-16T17:07:12.166304,-1.241328,0.000000
857.2971,2026-07-16T17:07:12.646700,-1.241307,0.000000
857.7804,2026-07-16T17:07:13.130015,-1.241360,0.000000
858.2690,2026-07-16T17:07:13.618570,-1.241222,0.000000
858.7295,2026-07-16T17:07:14.079098,-1.241208,0.000000
859.1892,2026-07-16T17:07:14.538794,-1.241235,0.000000
859.6719,2026-07-16T17:07:15.021538,-1.241189,0.000000
860.1688,2026-07-16T17:07:15.518405,-1.241101,0.000000
860.6389,2026-07-16T17:07:15.988472,-1.240963,0.000000
861.0980,2026-07-16T17:07:16.447678,-1.240869,0.000000
861.5814,2026-07-16T17:07:16.931040,-1.240805,0.000000
862.0850,2026-07-16T17:07:17.434576,-1.240760,0.000000
862.5858,2026-07-16T17:07:17.935411,-1.240706,0.000000
863.0475,2026-07-16T17:07:18.397158,-1.240731,0.000000
863.4948,2026-07-16T17:07:18.844451,-1.240747,0.000000
864.0026,2026-07-16T17:07:19.352233,-1.240704,0.000000
864.4791,2026-07-16T17:07:19.828679,-1.240690,0.000000
864.9803,2026-07-16T17:07:20.329867,-1.240760,0.000000
865.4800,2026-07-16T17:07:20.829596,-1.240798,0.000000
865.9812,2026-07-16T17:07:21.330839,-1.240856,0.000000
866.4812,2026-07-16T17:07:21.830822,-1.240859,0.000000
867.0016,2026-07-16T17:07:22.351227,-1.240806,0.000000
867.4825,2026-07-16T17:07:22.832138,-1.240822,0.000000
867.9775,2026-07-16T17:07:23.327104,-1.240875,0.000000
868.4830,2026-07-16T17:07:23.832593,-1.240966,0.000000
868.9746,2026-07-16T17:07:24.324172,-1.240973,0.000000
869.4250,2026-07-16T17:07:24.774618,-1.240979,0.000000
869.8951,2026-07-16T17:07:25.244687,-1.241022,0.000000
870.3513,2026-07-16T17:07:25.700887,-1.240982,0.000000
870.8191,2026-07-16T17:07:26.168685,-1.240928,0.000000
871.2985,2026-07-16T17:07:26.648090,-1.240907,0.000000
871.7522,2026-07-16T17:07:27.101845,-1.240837,0.000000
872.2096,2026-07-16T17:07:27.559196,-1.240930,0.000000
872.6626,2026-07-16T17:07:28.012247,-1.240805,0.000000
873.1291,2026-07-16T17:07:28.478669,-1.240698,0.000000
873.5869,2026-07-16T17:07:28.936507,-1.240592,0.000000
874.0604,2026-07-16T17:07:29.410033,-1.240555,0.000000
874.5225,2026-07-16T17:07:29.872160,-1.240541,0.000000
874.9932,2026-07-16T17:07:30.342820,-1.240483,0.000000
875.4893,2026-07-16T17:07:30.838955,-1.240499,0.000000
875.9579,2026-07-16T17:07:31.307536,-1.240426,0.000000
876.4304,2026-07-16T17:07:31.779978,-1.240370,0.000000
876.9278,2026-07-16T17:07:32.277426,-1.240387,0.000000
877.3837,2026-07-16T17:07:32.733285,-1.240354,0.000000
877.8720,2026-07-16T17:07:33.221611,-1.240314,0.000000
878.3400,2026-07-16T17:07:33.689575,-1.240360,0.000000
878.8243,2026-07-16T17:07:34.173928,-1.240366,0.000000
879.3179,2026-07-16T17:07:34.667507,-1.240309,0.000000
879.7902,2026-07-16T17:07:35.139796,-1.240267,0.000000
880.2395,2026-07-16T17:07:35.589159,-1.240269,0.000000
880.7057,2026-07-16T17:07:36.055346,-1.240253,0.000000
881.1542,2026-07-16T17:07:36.503764,-1.240262,0.000000
881.6176,2026-07-16T17:07:36.967254,-1.240309,0.000000
882.1067,2026-07-16T17:07:37.456273,-1.240253,0.000000
882.5623,2026-07-16T17:07:37.911935,-1.240310,0.000000
883.0189,2026-07-16T17:07:38.368472,-1.240288,0.000000
883.4961,2026-07-16T17:07:38.845713,-1.240134,0.000000
883.9554,2026-07-16T17:07:39.304979,-1.240136,0.000000
884.4083,2026-07-16T17:07:39.757956,-1.240131,0.000000
884.8775,2026-07-16T17:07:40.227097,-1.240078,0.000000
885.3592,2026-07-16T17:07:40.708836,-1.240016,0.000000
885.8183,2026-07-16T17:07:41.167950,-1.239928,0.000000
886.3154,2026-07-16T17:07:41.665042,-1.239819,0.000000
886.7755,2026-07-16T17:07:42.125106,-1.239733,0.000000
887.2278,2026-07-16T17:07:42.577424,-1.239683,0.000000
887.7350,2026-07-16T17:07:43.084592,-1.239558,0.000000
888.2093,2026-07-16T17:07:43.558953,-1.239542,0.000000
888.7281,2026-07-16T17:07:44.077733,-1.239477,0.000000
889.1916,2026-07-16T17:07:44.541237,-1.239384,0.000000
889.6525,2026-07-16T17:07:45.002138,-1.239314,0.000000
890.1201,2026-07-16T17:07:45.469737,-1.239258,0.000000
890.6167,2026-07-16T17:07:45.966339,-1.239218,0.000000
891.0857,2026-07-16T17:07:46.435341,-1.239208,0.000000
891.5525,2026-07-16T17:07:46.902163,-1.239218,0.000000
892.0440,2026-07-16T17:07:47.393584,-1.239173,0.000000
892.5035,2026-07-16T17:07:47.853063,-1.239066,0.000000
892.9677,2026-07-16T17:07:48.317269,-1.239030,0.000000
893.4373,2026-07-16T17:07:48.786874,-1.238982,0.000000
893.8887,2026-07-16T17:07:49.238342,-1.238962,0.000000
894.3510,2026-07-16T17:07:49.700599,-1.238926,0.000000
894.8223,2026-07-16T17:07:50.171934,-1.238907,0.000000
895.2716,2026-07-16T17:07:50.621236,-1.238858,0.000000
895.7253,2026-07-16T17:07:51.074871,-1.238824,0.000000
896.1718,2026-07-16T17:07:51.521382,-1.238802,0.000000
896.6286,2026-07-16T17:07:51.978207,-1.238760,0.000000
897.0836,2026-07-16T17:07:52.433188,-1.238739,0.000000
897.5408,2026-07-16T17:07:52.890447,-1.238779,0.000000
898.0470,2026-07-16T17:07:53.396601,-1.238770,0.000000
898.5091,2026-07-16T17:07:53.858687,-1.238818,0.000000
898.9874,2026-07-16T17:07:54.337026,-1.238824,0.000000
899.4824,2026-07-16T17:07:54.832013,-1.238805,0.000000
899.9561,2026-07-16T17:07:55.305737,-1.238840,0.000000
900.4037,2026-07-16T17:07:55.753326,-1.238853,0.000000
900.8900,2026-07-16T17:07:56.239613,-1.238875,0.000000
901.3671,2026-07-16T17:07:56.716751,-1.238837,0.000000
901.8173,2026-07-16T17:07:57.166890,-1.238840,0.000000
902.2811,2026-07-16T17:07:57.630745,-1.238816,0.000000
902.7569,2026-07-16T17:07:58.106480,-1.238766,0.000000
903.2144,2026-07-16T17:07:58.563985,-1.238704,0.000000
903.6623,2026-07-16T17:07:59.011953,-1.238653,0.000000
904.1233,2026-07-16T17:07:59.472899,-1.238614,0.000000
904.6072,2026-07-16T17:07:59.956792,-1.238571,0.000000
905.0932,2026-07-16T17:08:00.442784,-1.238454,0.000000
905.5501,2026-07-16T17:08:00.899679,-1.238314,0.000000
906.0179,2026-07-16T17:08:01.367536,-1.238251,0.000000
906.4975,2026-07-16T17:08:01.847060,-1.238184,0.000000
906.9735,2026-07-16T17:08:02.323103,-1.238046,0.000000
907.4378,2026-07-16T17:08:02.787452,-1.237885,0.000000
907.9202,2026-07-16T17:08:03.269859,-1.237696,0.000000
908.3841,2026-07-16T17:08:03.733757,-1.237477,0.000000
908.8637,2026-07-16T17:08:04.213363,-1.237240,0.000000
909.3234,2026-07-16T17:08:04.673043,-1.237014,0.000000
909.7816,2026-07-16T17:08:05.131249,-1.236869,0.000000
910.2809,2026-07-16T17:08:05.630546,-1.236715,0.000000
910.7736,2026-07-16T17:08:06.123224,-1.236501,0.000000
911.2708,2026-07-16T17:08:06.620400,-1.236187,0.000000
911.7837,2026-07-16T17:08:07.133358,-1.235958,0.000000
912.2862,2026-07-16T17:08:07.635781,-1.235781,0.000000
912.7855,2026-07-16T17:08:08.135138,-1.235587,0.000000
913.2873,2026-07-16T17:08:08.636917,-1.235538,0.000000
913.7478,2026-07-16T17:08:09.097462,-1.235368,0.000000
914.2011,2026-07-16T17:08:09.550692,-1.235341,0.000000
914.6959,2026-07-16T17:08:10.045500,-1.235218,0.000000
915.1770,2026-07-16T17:08:10.526637,-1.235085,0.000000
915.6362,2026-07-16T17:08:10.985792,-1.234930,0.000000
916.1059,2026-07-16T17:08:11.455551,-1.234917,0.000000
916.5678,2026-07-16T17:08:11.917402,-1.234998,0.000000
917.0298,2026-07-16T17:08:12.379416,-1.234907,0.000000
917.5281,2026-07-16T17:08:12.877688,-1.234827,0.000000
918.0139,2026-07-16T17:08:13.363502,-1.234752,0.000000
918.4862,2026-07-16T17:08:13.835780,-1.234654,0.000000
918.9636,2026-07-16T17:08:14.313257,-1.234589,0.000000
919.4188,2026-07-16T17:08:14.768420,-1.234338,0.000000
919.8674,2026-07-16T17:08:15.217028,-1.234090,0.000000
920.3427,2026-07-16T17:08:15.692297,-1.233850,0.000000
920.7919,2026-07-16T17:08:16.141532,-1.233517,0.000000
921.2925,2026-07-16T17:08:16.642079,-1.233104,0.000000
921.7607,2026-07-16T17:08:17.110269,-1.232696,0.000000
922.2533,2026-07-16T17:08:17.602867,-1.232310,0.000000
922.7487,2026-07-16T17:08:18.098351,-1.231869,0.000000
923.2048,2026-07-16T17:08:18.554438,-1.231422,0.000000
923.7035,2026-07-16T17:08:19.053131,-1.231106,0.000000
924.1657,2026-07-16T17:08:19.515355,-1.230635,0.000000
924.6324,2026-07-16T17:08:19.982055,-1.230378,0.000000
925.1162,2026-07-16T17:08:20.465826,-1.230104,0.000000
925.5718,2026-07-16T17:08:20.921454,-1.229848,0.000000
926.0670,2026-07-16T17:08:21.416664,-1.229784,0.000000
926.5440,2026-07-16T17:08:21.893646,-1.229587,0.000000
927.0442,2026-07-16T17:08:22.393799,-1.229395,0.000000
927.5376,2026-07-16T17:08:22.887197,-1.229290,0.000000
928.0335,2026-07-16T17:08:23.383100,-1.229182,0.000000
928.5486,2026-07-16T17:08:23.898180,-1.228936,0.000000
929.0084,2026-07-16T17:08:24.358007,-1.228880,0.000000
929.4803,2026-07-16T17:08:24.829916,-1.228834,0.000000
929.9430,2026-07-16T17:08:25.292584,-1.228760,0.000000
930.4341,2026-07-16T17:08:25.783728,-1.228746,0.000000
930.9301,2026-07-16T17:08:26.279688,-1.228630,0.000000
931.4368,2026-07-16T17:08:26.786402,-1.228586,0.000000
931.9230,2026-07-16T17:08:27.272651,-1.228531,0.000000
932.3877,2026-07-16T17:08:27.737313,-1.228442,0.000000
932.8372,2026-07-16T17:08:28.186852,-1.228304,0.000000
933.2985,2026-07-16T17:08:28.648094,-1.228262,0.000000
933.7563,2026-07-16T17:08:29.105919,-1.228074,0.000000
934.2493,2026-07-16T17:08:29.598946,-1.227973,0.000000
934.7061,2026-07-16T17:08:30.055728,-1.227915,0.000000
935.1979,2026-07-16T17:08:30.547545,-1.227787,0.000000
935.6571,2026-07-16T17:08:31.006754,-1.227602,0.000000
936.1293,2026-07-16T17:08:31.478909,-1.227509,0.000000
936.5942,2026-07-16T17:08:31.943845,-1.227405,0.000000
937.0861,2026-07-16T17:08:32.435739,-1.227299,0.000000
937.5701,2026-07-16T17:08:32.919765,-1.227243,0.000000
938.0718,2026-07-16T17:08:33.421400,-1.227074,0.000000
938.5727,2026-07-16T17:08:33.922296,-1.226851,0.000000
939.0781,2026-07-16T17:08:34.427684,-1.226669,0.000000
939.5751,2026-07-16T17:08:34.924705,-1.226357,0.000000
940.0603,2026-07-16T17:08:35.409898,-1.226045,0.000000
940.5499,2026-07-16T17:08:35.899500,-1.225795,0.000000
941.0368,2026-07-16T17:08:36.386441,-1.225517,0.000000
941.5011,2026-07-16T17:08:36.850710,-1.225254,0.000000
941.9862,2026-07-16T17:08:37.335853,-1.225072,0.000000
942.4629,2026-07-16T17:08:37.812458,-1.224805,0.000000
942.9360,2026-07-16T17:08:38.285637,-1.224690,0.000000
943.3934,2026-07-16T17:08:38.742997,-1.224645,0.000000
943.8785,2026-07-16T17:08:39.228136,-1.224549,0.000000
944.3803,2026-07-16T17:08:39.729868,-1.224483,0.000000
944.8739,2026-07-16T17:08:40.223493,-1.224488,0.000000
945.3565,2026-07-16T17:08:40.706078,-1.224469,0.000000
945.8409,2026-07-16T17:08:41.190511,-1.224450,0.000000
946.3156,2026-07-16T17:08:41.665211,-1.224448,0.000000
946.8251,2026-07-16T17:08:42.174707,-1.224381,0.000000
947.2878,2026-07-16T17:08:42.637462,-1.224362,0.000000
947.7474,2026-07-16T17:08:43.097052,-1.224339,0.000000
948.2443,2026-07-16T17:08:43.593901,-1.224090,0.000000
948.7406,2026-07-16T17:08:44.090193,-1.223854,0.000000
949.2113,2026-07-16T17:08:44.560956,-1.223491,0.000000
949.6655,2026-07-16T17:08:45.015156,-1.223144,0.000000
950.1432,2026-07-16T17:08:45.492769,-1.222890,0.000000
950.6447,2026-07-16T17:08:45.994337,-1.222574,0.000000
951.1441,2026-07-16T17:08:46.493743,-1.222163,0.000000
951.6029,2026-07-16T17:08:46.952554,-1.221803,0.000000
952.1106,2026-07-16T17:08:47.460252,-1.221499,0.000000
952.6052,2026-07-16T17:08:47.954825,-1.221139,0.000000
953.0882,2026-07-16T17:08:48.437806,-1.220955,0.000000
953.5608,2026-07-16T17:08:48.910460,-1.220850,0.000000
954.0270,2026-07-16T17:08:49.376649,-1.220752,0.000000
954.4904,2026-07-16T17:08:49.839977,-1.220714,0.000000
954.9615,2026-07-16T17:08:50.311144,-1.220701,0.000000
955.4518,2026-07-16T17:08:50.801461,-1.220629,0.000000
955.9026,2026-07-16T17:08:51.252281,-1.220394,0.000000
956.3699,2026-07-16T17:08:51.719507,-1.220216,0.000000
956.8261,2026-07-16T17:08:52.175724,-1.219990,0.000000
957.2768,2026-07-16T17:08:52.626452,-1.219752,0.000000
957.7311,2026-07-16T17:08:53.080726,-1.219507,0.000000
958.1969,2026-07-16T17:08:53.546490,-1.219280,0.000000
958.6506,2026-07-16T17:08:54.000196,-1.219029,0.000000
959.1546,2026-07-16T17:08:54.504177,-1.218776,0.000000
959.6214,2026-07-16T17:08:54.970990,-1.218474,0.000000
960.0882,2026-07-16T17:08:55.437812,-1.218136,0.000000
960.5675,2026-07-16T17:08:55.917086,-1.217859,0.000000
961.0687,2026-07-16T17:08:56.418341,-1.217728,0.000000
961.5677,2026-07-16T17:08:56.917340,-1.217530,0.000000
962.0638,2026-07-16T17:08:57.413435,-1.217430,0.000000
962.5162,2026-07-16T17:08:57.865776,-1.217210,0.000000
962.9832,2026-07-16T17:08:58.332783,-1.216896,0.000000
963.4386,2026-07-16T17:08:58.788175,-1.216658,0.000000
963.9279,2026-07-16T17:08:59.277531,-1.216390,0.000000
964.3949,2026-07-16T17:08:59.744513,-1.216115,0.000000
964.8599,2026-07-16T17:09:00.209561,-1.215877,0.000000
965.3090,2026-07-16T17:09:00.658651,-1.215646,0.000000
965.7603,2026-07-16T17:09:01.109882,-1.215378,0.000000
966.2089,2026-07-16T17:09:01.558557,-1.215178,0.000000
966.6618,2026-07-16T17:09:02.011453,-1.214949,0.000000
967.1174,2026-07-16T17:09:02.467004,-1.214661,0.000000
967.6180,2026-07-16T17:09:02.967661,-1.214461,0.000000
968.0865,2026-07-16T17:09:03.436144,-1.214253,0.000000
968.5742,2026-07-16T17:09:03.923812,-1.214034,0.000000
969.0575,2026-07-16T17:09:04.407101,-1.213795,0.000000
969.5241,2026-07-16T17:09:04.873752,-1.213632,0.000000
969.9892,2026-07-16T17:09:05.338786,-1.213376,0.000000
970.4900,2026-07-16T17:09:05.839654,-1.213189,0.000000
970.9557,2026-07-16T17:09:06.305291,-1.212992,0.000000
971.4149,2026-07-16T17:09:06.764546,-1.212606,0.000000
971.8879,2026-07-16T17:09:07.237549,-1.212334,0.000000
972.3472,2026-07-16T17:09:07.696858,-1.212101,0.000000
972.8099,2026-07-16T17:09:08.159520,-1.211786,0.000000
973.2974,2026-07-16T17:09:08.646981,-1.211546,0.000000
973.7796,2026-07-16T17:09:09.129195,-1.211360,0.000000
974.2533,2026-07-16T17:09:09.602873,-1.211099,0.000000
974.7266,2026-07-16T17:09:10.076254,-1.210878,0.000000
975.1973,2026-07-16T17:09:10.546869,-1.210650,0.000000
975.6700,2026-07-16T17:09:11.019585,-1.210389,0.000000
976.1703,2026-07-16T17:09:11.519926,-1.210242,0.000000
976.6623,2026-07-16T17:09:12.011926,-1.210115,0.000000
977.1283,2026-07-16T17:09:12.477885,-1.209987,0.000000
977.6174,2026-07-16T17:09:12.966979,-1.209830,0.000000
978.1124,2026-07-16T17:09:13.462006,-1.209707,0.000000
978.5807,2026-07-16T17:09:13.930325,-1.209453,0.000000
979.0742,2026-07-16T17:09:14.423835,-1.209232,0.000000
979.5818,2026-07-16T17:09:14.931399,-1.209059,0.000000
980.0524,2026-07-16T17:09:15.402058,-1.208850,0.000000
980.5493,2026-07-16T17:09:15.898959,-1.208694,0.000000
981.0305,2026-07-16T17:09:16.380074,-1.208502,0.000000
981.4800,2026-07-16T17:09:16.829577,-1.208318,0.000000
981.9826,2026-07-16T17:09:17.332250,-1.208158,0.000000
982.4391,2026-07-16T17:09:17.788761,-1.208037,0.000000
982.9603,2026-07-16T17:09:18.309954,-1.207875,0.000000
983.4098,2026-07-16T17:09:18.759365,-1.207773,0.000000
983.9318,2026-07-16T17:09:19.281394,-1.207630,0.000000
984.4371,2026-07-16T17:09:19.786765,-1.207421,0.000000
984.9369,2026-07-16T17:09:20.286547,-1.207251,0.000000
985.4068,2026-07-16T17:09:20.756388,-1.206974,0.000000
985.8630,2026-07-16T17:09:21.212640,-1.206733,0.000000
986.3225,2026-07-16T17:09:21.672118,-1.206530,0.000000
986.8297,2026-07-16T17:09:22.179280,-1.206224,0.000000
987.3281,2026-07-16T17:09:22.677688,-1.205973,0.000000
987.7910,2026-07-16T17:09:23.140661,-1.205765,0.000000
988.2477,2026-07-16T17:09:23.597312,-1.205626,0.000000
988.7074,2026-07-16T17:09:24.057030,-1.205349,0.000000
989.1844,2026-07-16T17:09:24.534006,-1.205122,0.000000
989.6918,2026-07-16T17:09:25.041461,-1.204853,0.000000
990.1858,2026-07-16T17:09:25.535429,-1.204658,0.000000
990.6944,2026-07-16T17:09:26.044045,-1.204523,0.000000
991.1860,2026-07-16T17:09:26.535611,-1.204344,0.000000
991.6443,2026-07-16T17:09:26.993902,-1.204250,0.000000
992.1046,2026-07-16T17:09:27.454183,-1.204019,0.000000
992.5935,2026-07-16T17:09:27.943101,-1.203768,0.000000
993.0670,2026-07-16T17:09:28.416585,-1.203403,0.000000
993.5287,2026-07-16T17:09:28.878356,-1.203062,0.000000
994.0332,2026-07-16T17:09:29.382777,-1.202826,0.000000
994.4902,2026-07-16T17:09:29.839862,-1.202518,0.000000
994.9828,2026-07-16T17:09:30.332463,-1.202258,0.000000
995.4338,2026-07-16T17:09:30.783455,-1.201963,0.000000
995.8908,2026-07-16T17:09:31.240372,-1.201606,0.000000
996.3467,2026-07-16T17:09:31.696329,-1.201218,0.000000
996.8309,2026-07-16T17:09:32.180523,-1.200926,0.000000
997.2824,2026-07-16T17:09:32.631991,-1.200643,0.000000
997.7411,2026-07-16T17:09:33.090690,-1.200461,0.000000
998.1993,2026-07-16T17:09:33.548960,-1.200291,0.000000
998.6682,2026-07-16T17:09:34.017861,-1.200166,0.000000
999.1507,2026-07-16T17:09:34.500345,-1.200022,0.000000
999.6068,2026-07-16T17:09:34.956443,-1.199928,0.000000
1000.0851,2026-07-16T17:09:35.434682,-1.199723,0.000000
1000.5910,2026-07-16T17:09:35.940617,-1.199493,0.000000
1001.0579,2026-07-16T17:09:36.407467,-1.199355,0.000000
1001.5152,2026-07-16T17:09:36.864804,-1.199256,0.000000
1002.0218,2026-07-16T17:09:37.371447,-1.199134,0.000000
1002.5079,2026-07-16T17:09:37.857481,-1.199032,0.000000
1003.0162,2026-07-16T17:09:38.365842,-1.198864,0.000000
1003.5189,2026-07-16T17:09:38.868562,-1.198678,0.000000
1003.9854,2026-07-16T17:09:39.335045,-1.198550,0.000000
1004.4409,2026-07-16T17:09:39.790485,-1.198357,0.000000
1004.8932,2026-07-16T17:09:40.242833,-1.198243,0.000000
1005.3482,2026-07-16T17:09:40.697777,-1.198171,0.000000
1005.8078,2026-07-16T17:09:41.157398,-1.198109,0.000000
1006.2799,2026-07-16T17:09:41.629523,-1.198018,0.000000
1006.7329,2026-07-16T17:09:42.082500,-1.197912,0.000000
1007.2044,2026-07-16T17:09:42.554008,-1.197794,0.000000
1007.6562,2026-07-16T17:09:43.005829,-1.197606,0.000000
1008.1621,2026-07-16T17:09:43.511691,-1.197509,0.000000
1008.6672,2026-07-16T17:09:44.016787,-1.197277,0.000000
1009.1300,2026-07-16T17:09:44.479573,-1.197002,0.000000
1009.6179,2026-07-16T17:09:44.967556,-1.196821,0.000000
1010.0932,2026-07-16T17:09:45.442785,-1.196541,0.000000
1010.5552,2026-07-16T17:09:45.904846,-1.196237,0.000000
1011.0319,2026-07-16T17:09:46.381534,-1.195968,0.000000
1011.4912,2026-07-16T17:09:46.840866,-1.195614,0.000000
1011.9485,2026-07-16T17:09:47.298157,-1.195325,0.000000
1012.4062,2026-07-16T17:09:47.755864,-1.195133,0.000000
1012.8637,2026-07-16T17:09:48.213294,-1.194878,0.000000
1013.3245,2026-07-16T17:09:48.674147,-1.194605,0.000000
1013.7740,2026-07-16T17:09:49.123581,-1.194376,0.000000
1014.2411,2026-07-16T17:09:49.590676,-1.194219,0.000000
1014.6984,2026-07-16T17:09:50.047989,-1.193856,0.000000
1015.2134,2026-07-16T17:09:50.563036,-1.193629,0.000000
1015.6978,2026-07-16T17:09:51.047446,-1.193360,0.000000
1016.1740,2026-07-16T17:09:51.523587,-1.193069,0.000000
1016.6345,2026-07-16T17:09:51.984105,-1.192850,0.000000
1017.0836,2026-07-16T17:09:52.433238,-1.192518,0.000000
1017.5468,2026-07-16T17:09:52.896444,-1.191989,0.000000
1018.0019,2026-07-16T17:09:53.351481,-1.191563,0.000000
1018.4646,2026-07-16T17:09:53.814247,-1.191042,0.000000
1018.9692,2026-07-16T17:09:54.318781,-1.190501,0.000000
1019.4620,2026-07-16T17:09:54.811621,-1.189981,0.000000
1019.9585,2026-07-16T17:09:55.308099,-1.189493,0.000000
1020.4140,2026-07-16T17:09:55.763635,-1.188990,0.000000
1020.8654,2026-07-16T17:09:56.215040,-1.188600,0.000000
1021.3329,2026-07-16T17:09:56.682455,-1.188182,0.000000
1021.7901,2026-07-16T17:09:57.139681,-1.187725,0.000000
1022.2488,2026-07-16T17:09:57.598377,-1.187360,0.000000
1022.7135,2026-07-16T17:09:58.063118,-1.187037,0.000000
1023.2165,2026-07-16T17:09:58.566122,-1.186701,0.000000
1023.6834,2026-07-16T17:09:59.033023,-1.186448,0.000000
1024.1870,2026-07-16T17:09:59.536564,-1.186227,0.000000
1024.6820,2026-07-16T17:10:00.031575,-1.185979,0.000000
1025.1773,2026-07-16T17:10:00.526908,-1.185766,0.000000
1025.6558,2026-07-16T17:10:01.005381,-1.185486,0.000000
1026.1545,2026-07-16T17:10:01.504134,-1.185232,0.000000
1026.6254,2026-07-16T17:10:01.975036,-1.185022,0.000000
1027.0997,2026-07-16T17:10:02.449317,-1.184894,0.000000
1027.5618,2026-07-16T17:10:02.911438,-1.184733,0.000000
1028.0708,2026-07-16T17:10:03.420368,-1.184589,0.000000
1028.5709,2026-07-16T17:10:03.920534,-1.184443,0.000000
1029.0512,2026-07-16T17:10:04.400832,-1.184347,0.000000
1029.5014,2026-07-16T17:10:04.850993,-1.184179,0.000000
1029.9568,2026-07-16T17:10:05.306439,-1.184070,0.000000
1030.4181,2026-07-16T17:10:05.767758,-1.183934,0.000000
1030.8711,2026-07-16T17:10:06.220742,-1.183818,0.000000
1031.3292,2026-07-16T17:10:06.678857,-1.183616,0.000000
1031.7883,2026-07-16T17:10:07.137870,-1.183424,0.000000
1032.2947,2026-07-16T17:10:07.644347,-1.183203,0.000000
1032.7910,2026-07-16T17:10:08.140609,-1.183022,0.000000
1033.2523,2026-07-16T17:10:08.601900,-1.182835,0.000000
1033.7540,2026-07-16T17:10:09.103568,-1.182611,0.000000
1034.2347,2026-07-16T17:10:09.584321,-1.182307,0.000000
1034.7118,2026-07-16T17:10:10.061408,-1.182090,0.000000
1035.2357,2026-07-16T17:10:10.585279,-1.181842,0.000000
1035.6942,2026-07-16T17:10:11.043803,-1.181630,0.000000
1036.1977,2026-07-16T17:10:11.547320,-1.181517,0.000000
1036.6878,2026-07-16T17:10:12.037413,-1.181376,0.000000
1037.1865,2026-07-16T17:10:12.536158,-1.181202,0.000000
1037.6429,2026-07-16T17:10:12.992529,-1.180994,0.000000
1038.1124,2026-07-16T17:10:13.461997,-1.180837,0.000000
1038.5598,2026-07-16T17:10:13.909368,-1.180573,0.000000
1039.0145,2026-07-16T17:10:14.364088,-1.180410,0.000000
1039.5138,2026-07-16T17:10:14.863406,-1.180291,0.000000
1040.0194,2026-07-16T17:10:15.369009,-1.180085,0.000000
1040.4667,2026-07-16T17:10:15.816277,-1.179832,0.000000
1040.9748,2026-07-16T17:10:16.324461,-1.179582,0.000000
1041.4556,2026-07-16T17:10:16.805199,-1.179334,0.000000
1041.9584,2026-07-16T17:10:17.308038,-1.179174,0.000000
1042.4160,2026-07-16T17:10:17.765655,-1.179118,0.000000
1042.8821,2026-07-16T17:10:18.231714,-1.178891,0.000000
1043.3475,2026-07-16T17:10:18.697144,-1.178813,0.000000
1043.8158,2026-07-16T17:10:19.165408,-1.178808,0.000000
1044.2741,2026-07-16T17:10:19.623686,-1.178786,0.000000
1044.7404,2026-07-16T17:10:20.089993,-1.178787,0.000000
1045.2451,2026-07-16T17:10:20.594763,-1.178720,0.000000
1045.7054,2026-07-16T17:10:21.055054,-1.178629,0.000000
1046.1656,2026-07-16T17:10:21.515190,-1.178629,0.000000
1046.6431,2026-07-16T17:10:21.992722,-1.178568,0.000000
1047.0998,2026-07-16T17:10:22.449398,-1.178466,0.000000
1047.5493,2026-07-16T17:10:22.898915,-1.178371,0.000000
1048.0381,2026-07-16T17:10:23.387696,-1.178229,0.000000
1048.5169,2026-07-16T17:10:23.866533,-1.177946,0.000000
1049.0202,2026-07-16T17:10:24.369791,-1.177709,0.000000
1049.4899,2026-07-16T17:10:24.839528,-1.177443,0.000000
1049.9937,2026-07-16T17:10:25.343321,-1.177190,0.000000
1050.4937,2026-07-16T17:10:25.843281,-1.177024,0.000000
1050.9996,2026-07-16T17:10:26.349189,-1.176848,0.000000
1051.4754,2026-07-16T17:10:26.824992,-1.176605,0.000000
1051.9921,2026-07-16T17:10:27.341719,-1.176378,0.000000
1052.4388,2026-07-16T17:10:27.788398,-1.176198,0.000000
1052.9483,2026-07-16T17:10:28.297879,-1.176086,0.000000
1053.3992,2026-07-16T17:10:28.748850,-1.176053,0.000000
1053.8639,2026-07-16T17:10:29.213539,-1.176011,0.000000
1054.3229,2026-07-16T17:10:29.672470,-1.175971,0.000000
1054.7899,2026-07-16T17:10:30.139526,-1.175946,0.000000
1055.2568,2026-07-16T17:10:30.606391,-1.175872,0.000000
1055.7249,2026-07-16T17:10:31.074553,-1.175829,0.000000
1056.1749,2026-07-16T17:10:31.524479,-1.175781,0.000000
1056.6531,2026-07-16T17:10:32.002689,-1.175718,0.000000
1057.1537,2026-07-16T17:10:32.503318,-1.175698,0.000000
1057.6543,2026-07-16T17:10:33.003962,-1.175670,0.000000
1058.1292,2026-07-16T17:10:33.478831,-1.175645,0.000000
1058.6297,2026-07-16T17:10:33.979333,-1.175605,0.000000
1059.1127,2026-07-16T17:10:34.462293,-1.175560,0.000000
1059.5684,2026-07-16T17:10:34.917996,-1.175514,0.000000
1060.0346,2026-07-16T17:10:35.384168,-1.175504,0.000000
1060.4876,2026-07-16T17:10:35.837199,-1.175522,0.000000
1060.9407,2026-07-16T17:10:36.290327,-1.175482,0.000000
1061.3949,2026-07-16T17:10:36.744493,-1.175477,0.000000
1061.8973,2026-07-16T17:10:37.246931,-1.175470,0.000000
1062.3691,2026-07-16T17:10:37.718724,-1.175430,0.000000
1062.8617,2026-07-16T17:10:38.211311,-1.175382,0.000000
1063.3123,2026-07-16T17:10:38.661895,-1.175278,0.000000
1063.7879,2026-07-16T17:10:39.137461,-1.175139,0.000000
1064.2661,2026-07-16T17:10:39.615700,-1.175013,0.000000
1064.7462,2026-07-16T17:10:40.095777,-1.174840,0.000000
1065.2492,2026-07-16T17:10:40.598861,-1.174677,0.000000
1065.7484,2026-07-16T17:10:41.098010,-1.174512,0.000000
1066.2060,2026-07-16T17:10:41.555658,-1.174413,0.000000
1066.6633,2026-07-16T17:10:42.012942,-1.174302,0.000000
1067.1677,2026-07-16T17:10:42.517312,-1.174195,0.000000
1067.6644,2026-07-16T17:10:43.014022,-1.173971,0.000000
1068.1447,2026-07-16T17:10:43.494322,-1.173846,0.000000
1068.5961,2026-07-16T17:10:43.945680,-1.173650,0.000000
1069.0825,2026-07-16T17:10:44.432058,-1.173296,0.000000
1069.5303,2026-07-16T17:10:44.879886,-1.173005,0.000000
1070.0378,2026-07-16T17:10:45.387401,-1.172754,0.000000
1070.5307,2026-07-16T17:10:45.880304,-1.172333,0.000000
1071.0336,2026-07-16T17:10:46.383177,-1.172006,0.000000
1071.4936,2026-07-16T17:10:46.843179,-1.171629,0.000000
1071.9566,2026-07-16T17:10:47.306243,-1.171262,0.000000
1072.4211,2026-07-16T17:10:47.770721,-1.170923,0.000000
1072.9048,2026-07-16T17:10:48.254446,-1.170626,0.000000
1073.3618,2026-07-16T17:10:48.711424,-1.170258,0.000000
1073.8294,2026-07-16T17:10:49.178989,-1.170085,0.000000
1074.2962,2026-07-16T17:10:49.645853,-1.169971,0.000000
1074.7691,2026-07-16T17:10:50.118762,-1.169909,0.000000
1075.2281,2026-07-16T17:10:50.577744,-1.169792,0.000000
1075.6852,2026-07-16T17:10:51.034791,-1.169680,0.000000
1076.1351,2026-07-16T17:10:51.484719,-1.169531,0.000000
1076.5940,2026-07-16T17:10:51.943627,-1.169347,0.000000
1077.0959,2026-07-16T17:10:52.445540,-1.169243,0.000000
1077.5597,2026-07-16T17:10:52.909280,-1.169138,0.000000
1078.0275,2026-07-16T17:10:53.377136,-1.169035,0.000000
1078.5110,2026-07-16T17:10:53.860601,-1.169006,0.000000
1078.9890,2026-07-16T17:10:54.338606,-1.168930,0.000000
1079.4366,2026-07-16T17:10:54.786193,-1.168824,0.000000
1079.9048,2026-07-16T17:10:55.254381,-1.168712,0.000000
1080.3556,2026-07-16T17:10:55.705228,-1.168646,0.000000
1080.8327,2026-07-16T17:10:56.182343,-1.168522,0.000000
1081.3008,2026-07-16T17:10:56.650370,-1.168454,0.000000
1081.7860,2026-07-16T17:10:57.135636,-1.168416,0.000000
1082.2395,2026-07-16T17:10:57.589110,-1.168352,0.000000
1082.7080,2026-07-16T17:10:58.057650,-1.168278,0.000000
1083.1691,2026-07-16T17:10:58.518766,-1.168123,0.000000
1083.6183,2026-07-16T17:10:58.967883,-1.168040,0.000000
1084.0885,2026-07-16T17:10:59.438129,-1.167958,0.000000
1084.5839,2026-07-16T17:10:59.933479,-1.167891,0.000000
1085.0737,2026-07-16T17:11:00.423271,-1.167811,0.000000
1085.5297,2026-07-16T17:11:00.879349,-1.167742,0.000000
1085.9794,2026-07-16T17:11:01.328960,-1.167632,0.000000
1086.4436,2026-07-16T17:11:01.793225,-1.167542,0.000000
1086.9205,2026-07-16T17:11:02.270137,-1.167456,0.000000
1087.3765,2026-07-16T17:11:02.726157,-1.167354,0.000000
1087.8620,2026-07-16T17:11:03.211561,-1.167285,0.000000
1088.3563,2026-07-16T17:11:03.705861,-1.167224,0.000000
1088.8362,2026-07-16T17:11:04.185783,-1.167122,0.000000
1089.3165,2026-07-16T17:11:04.666066,-1.167043,0.000000
1089.8067,2026-07-16T17:11:05.156351,-1.166922,0.000000
1090.2947,2026-07-16T17:11:05.644338,-1.166798,0.000000
1090.7560,2026-07-16T17:11:06.105571,-1.166699,0.000000
1091.2480,2026-07-16T17:11:06.597631,-1.166594,0.000000
1091.7499,2026-07-16T17:11:07.099495,-1.166464,0.000000
1092.2068,2026-07-16T17:11:07.556435,-1.166378,0.000000
1092.7131,2026-07-16T17:11:08.062759,-1.166285,0.000000
1093.1765,2026-07-16T17:11:08.526098,-1.166190,0.000000
1093.6786,2026-07-16T17:11:09.028196,-1.166125,0.000000
1094.1423,2026-07-16T17:11:09.491875,-1.166080,0.000000
1094.6035,2026-07-16T17:11:09.953083,-1.166062,0.000000
1095.0570,2026-07-16T17:11:10.406558,-1.166038,0.000000
1095.5413,2026-07-16T17:11:10.890914,-1.166018,0.000000
1096.0263,2026-07-16T17:11:11.375949,-1.166005,0.000000
1096.5494,2026-07-16T17:11:11.899051,-1.166026,0.000000
1097.0067,2026-07-16T17:11:12.356293,-1.165922,0.000000
1097.4737,2026-07-16T17:11:12.823317,-1.165806,0.000000
1097.9386,2026-07-16T17:11:13.288229,-1.165650,0.000000
1098.4066,2026-07-16T17:11:13.756233,-1.165446,0.000000
1098.8655,2026-07-16T17:11:14.215100,-1.165293,0.000000
1099.3423,2026-07-16T17:11:14.691937,-1.164970,0.000000
1099.8293,2026-07-16T17:11:15.178901,-1.164619,0.000000
1100.3053,2026-07-16T17:11:15.654900,-1.164291,0.000000
1100.7674,2026-07-16T17:11:16.117008,-1.164003,0.000000
1101.2245,2026-07-16T17:11:16.574101,-1.163619,0.000000
1101.6941,2026-07-16T17:11:17.043748,-1.163294,0.000000
1102.1495,2026-07-16T17:11:17.499158,-1.163035,0.000000
1102.6419,2026-07-16T17:11:17.991540,-1.162842,0.000000
1103.1083,2026-07-16T17:11:18.457873,-1.162699,0.000000
1103.5666,2026-07-16T17:11:18.916224,-1.162589,0.000000
1104.0247,2026-07-16T17:11:19.374331,-1.162467,0.000000
1104.4825,2026-07-16T17:11:19.832109,-1.162477,0.000000
1104.9543,2026-07-16T17:11:20.303918,-1.162432,0.000000
1105.4166,2026-07-16T17:11:20.766242,-1.162384,0.000000
1105.9218,2026-07-16T17:11:21.271454,-1.162382,0.000000
1106.3822,2026-07-16T17:11:21.731843,-1.162358,0.000000
1106.8476,2026-07-16T17:11:22.197206,-1.162381,0.000000
1107.3312,2026-07-16T17:11:22.680858,-1.162342,0.000000
1107.8472,2026-07-16T17:11:23.196770,-1.162242,0.000000
1108.3133,2026-07-16T17:11:23.662899,-1.162179,0.000000
1108.7641,2026-07-16T17:11:24.113728,-1.162002,0.000000
1109.2161,2026-07-16T17:11:24.565738,-1.161830,0.000000
1109.6995,2026-07-16T17:11:25.049101,-1.161722,0.000000
1110.1532,2026-07-16T17:11:25.502763,-1.161549,0.000000
1110.6074,2026-07-16T17:11:25.957003,-1.161314,0.000000
1111.0747,2026-07-16T17:11:26.424351,-1.161110,0.000000
1111.5408,2026-07-16T17:11:26.890430,-1.160931,0.000000
1112.0162,2026-07-16T17:11:27.365784,-1.160739,0.000000
1112.4827,2026-07-16T17:11:27.832267,-1.160534,0.000000
1112.9730,2026-07-16T17:11:28.322606,-1.160358,0.000000
1113.4592,2026-07-16T17:11:28.808852,-1.160123,0.000000
1113.9144,2026-07-16T17:11:29.264059,-1.159995,0.000000
1114.3969,2026-07-16T17:11:29.746544,-1.159869,0.000000
1114.8622,2026-07-16T17:11:30.211781,-1.159715,0.000000
1115.3219,2026-07-16T17:11:30.671484,-1.159613,0.000000
1115.8029,2026-07-16T17:11:31.152511,-1.159562,0.000000
1116.2714,2026-07-16T17:11:31.620989,-1.159504,0.000000
1116.7247,2026-07-16T17:11:32.074304,-1.159442,0.000000
1117.2226,2026-07-16T17:11:32.572253,-1.159402,0.000000
1117.7055,2026-07-16T17:11:33.055148,-1.159355,0.000000
1118.1624,2026-07-16T17:11:33.512003,-1.159339,0.000000
1118.6215,2026-07-16T17:11:33.971138,-1.159270,0.000000
1119.0724,2026-07-16T17:11:34.421965,-1.159246,0.000000
1119.5140,2026-07-16T17:11:34.863614,-1.159214,0.000000
1119.9889,2026-07-16T17:11:35.338529,-1.159166,0.000000
1120.4738,2026-07-16T17:11:35.823395,-1.159102,0.000000
1120.9561,2026-07-16T17:11:36.305700,-1.158978,0.000000
1121.4513,2026-07-16T17:11:36.800916,-1.158840,0.000000
1121.9113,2026-07-16T17:11:37.260932,-1.158712,0.000000
1122.3972,2026-07-16T17:11:37.746826,-1.158581,0.000000
1122.8797,2026-07-16T17:11:38.229327,-1.158378,0.000000
1123.3813,2026-07-16T17:11:38.730907,-1.158189,0.000000
1123.8814,2026-07-16T17:11:39.231017,-1.157947,0.000000
1124.3398,2026-07-16T17:11:39.689424,-1.157690,0.000000
1124.8193,2026-07-16T17:11:40.168913,-1.157507,0.000000
1125.2808,2026-07-16T17:11:40.630423,-1.157272,0.000000
1125.7785,2026-07-16T17:11:41.128109,-1.157048,0.000000
1126.2823,2026-07-16T17:11:41.631932,-1.156894,0.000000
1126.7656,2026-07-16T17:11:42.115171,-1.156699,0.000000
1127.2697,2026-07-16T17:11:42.619349,-1.156539,0.000000
1127.7508,2026-07-16T17:11:43.100387,-1.156414,0.000000
1128.2116,2026-07-16T17:11:43.561244,-1.156256,0.000000
1128.7155,2026-07-16T17:11:44.065066,-1.156112,0.000000
1129.2125,2026-07-16T17:11:44.562101,-1.155952,0.000000
1129.7164,2026-07-16T17:11:45.066060,-1.155738,0.000000
1130.1891,2026-07-16T17:11:45.538731,-1.155571,0.000000
1130.6715,2026-07-16T17:11:46.021150,-1.155395,0.000000
1131.1640,2026-07-16T17:11:46.513609,-1.155099,0.000000
1131.6217,2026-07-16T17:11:46.971318,-1.154843,0.000000
1132.0710,2026-07-16T17:11:47.420645,-1.154558,0.000000
1132.5431,2026-07-16T17:11:47.892679,-1.154282,0.000000
1133.0198,2026-07-16T17:11:48.369450,-1.154050,0.000000
1133.4952,2026-07-16T17:11:48.844845,-1.153800,0.000000
1133.9761,2026-07-16T17:11:49.325670,-1.153533,0.000000
1134.4427,2026-07-16T17:11:49.792348,-1.153347,0.000000
1134.9059,2026-07-16T17:11:50.255505,-1.153128,0.000000
1135.3874,2026-07-16T17:11:50.737011,-1.152942,0.000000
1135.8739,2026-07-16T17:11:51.223497,-1.152656,0.000000
1136.3436,2026-07-16T17:11:51.693212,-1.152451,0.000000
1136.8250,2026-07-16T17:11:52.174610,-1.152246,0.000000
1137.2880,2026-07-16T17:11:52.637584,-1.151942,0.000000
1137.7705,2026-07-16T17:11:53.120122,-1.151626,0.000000
1138.2621,2026-07-16T17:11:53.611672,-1.151296,0.000000
1138.7541,2026-07-16T17:11:54.103706,-1.150979,0.000000
1139.2375,2026-07-16T17:11:54.587112,-1.150690,0.000000
1139.7296,2026-07-16T17:11:55.079274,-1.150411,0.000000
1140.2235,2026-07-16T17:11:55.573109,-1.150134,0.000000
1140.7366,2026-07-16T17:11:56.086220,-1.149939,0.000000
1141.2149,2026-07-16T17:11:56.564501,-1.149723,0.000000
1141.6760,2026-07-16T17:11:57.025639,-1.149515,0.000000
1142.1765,2026-07-16T17:11:57.526134,-1.149442,0.000000
1142.6397,2026-07-16T17:11:57.989288,-1.149389,0.000000
1143.1424,2026-07-16T17:11:58.492048,-1.149326,0.000000
1143.6093,2026-07-16T17:11:58.958915,-1.149234,0.000000
1144.0986,2026-07-16T17:11:59.448196,-1.149136,0.000000
1144.5842,2026-07-16T17:11:59.933779,-1.149037,0.000000
1145.0898,2026-07-16T17:12:00.439432,-1.148824,0.000000
1145.5565,2026-07-16T17:12:00.906069,-1.148595,0.000000
1146.0497,2026-07-16T17:12:01.399359,-1.148336,0.000000
1146.5036,2026-07-16T17:12:01.853238,-1.148106,0.000000
1146.9957,2026-07-16T17:12:02.345308,-1.147898,0.000000
1147.4746,2026-07-16T17:12:02.824203,-1.147640,0.000000
1147.9663,2026-07-16T17:12:03.315919,-1.147365,0.000000
1148.4626,2026-07-16T17:12:03.812200,-1.147096,0.000000
1148.9377,2026-07-16T17:12:04.287368,-1.146813,0.000000
1149.4118,2026-07-16T17:12:04.761374,-1.146517,0.000000
1149.8761,2026-07-16T17:12:05.225719,-1.146248,0.000000
1150.3582,2026-07-16T17:12:05.707788,-1.146058,0.000000
1150.8509,2026-07-16T17:12:06.200487,-1.145840,0.000000
1151.3144,2026-07-16T17:12:06.663990,-1.145701,0.000000
1151.7819,2026-07-16T17:12:07.131474,-1.145472,0.000000
1152.2439,2026-07-16T17:12:07.593519,-1.145230,0.000000
1152.7358,2026-07-16T17:12:08.085401,-1.145088,0.000000
1153.2176,2026-07-16T17:12:08.567216,-1.144893,0.000000
1153.6924,2026-07-16T17:12:09.042016,-1.144803,0.000000
1154.2255,2026-07-16T17:12:09.575149,-1.144696,0.000000
1154.6886,2026-07-16T17:12:10.038222,-1.144530,0.000000
1155.1556,2026-07-16T17:12:10.505235,-1.144445,0.000000
1155.6229,2026-07-16T17:12:10.972472,-1.144291,0.000000
1156.0779,2026-07-16T17:12:11.427467,-1.144141,0.000000
1156.5626,2026-07-16T17:12:11.912231,-1.144046,0.000000
1157.0128,2026-07-16T17:12:12.362447,-1.143910,0.000000
1157.5068,2026-07-16T17:12:12.856455,-1.143850,0.000000
1157.9837,2026-07-16T17:12:13.333322,-1.143738,0.000000
1158.4504,2026-07-16T17:12:13.800024,-1.143581,0.000000
1158.9599,2026-07-16T17:12:14.309557,-1.143440,0.000000
1159.4472,2026-07-16T17:12:14.796855,-1.143269,0.000000
1159.9065,2026-07-16T17:12:15.256136,-1.143174,0.000000
1160.3780,2026-07-16T17:12:15.727606,-1.143131,0.000000
1160.8625,2026-07-16T17:12:16.212107,-1.143048,0.000000
1161.3387,2026-07-16T17:12:16.688310,-1.142898,0.000000
1161.8136,2026-07-16T17:12:17.163188,-1.142784,0.000000
1162.3138,2026-07-16T17:12:17.663371,-1.142622,0.000000
1162.8384,2026-07-16T17:12:18.188033,-1.142469,0.000000
1163.3298,2026-07-16T17:12:18.679447,-1.142224,0.000000
1163.8217,2026-07-16T17:12:19.171343,-1.142011,0.000000
1164.2915,2026-07-16T17:12:19.641092,-1.141790,0.000000
1164.7677,2026-07-16T17:12:20.117291,-1.141486,0.000000
1165.2635,2026-07-16T17:12:20.613152,-1.141144,0.000000
1165.7482,2026-07-16T17:12:21.097852,-1.140813,0.000000
1166.2295,2026-07-16T17:12:21.579116,-1.140568,0.000000
1166.7230,2026-07-16T17:12:22.072597,-1.140318,0.000000
1167.2083,2026-07-16T17:12:22.557885,-1.140083,0.000000
1167.7093,2026-07-16T17:12:23.058889,-1.139795,0.000000
1168.1887,2026-07-16T17:12:23.538292,-1.139632,0.000000
1168.6887,2026-07-16T17:12:24.038300,-1.139517,0.000000
1169.1930,2026-07-16T17:12:24.542639,-1.139339,0.000000
1169.6409,2026-07-16T17:12:24.990510,-1.139277,0.000000
1170.1221,2026-07-16T17:12:25.471675,-1.139235,0.000000
1170.5807,2026-07-16T17:12:25.930353,-1.139168,0.000000
1171.0557,2026-07-16T17:12:26.405272,-1.139061,0.000000
1171.5254,2026-07-16T17:12:26.875016,-1.138898,0.000000
1171.9901,2026-07-16T17:12:27.339760,-1.138731,0.000000
1172.4639,2026-07-16T17:12:27.813499,-1.138552,0.000000
1172.9698,2026-07-16T17:12:28.319462,-1.138338,0.000000
1173.4650,2026-07-16T17:12:28.814581,-1.138115,0.000000
1173.9592,2026-07-16T17:12:29.308831,-1.137904,0.000000
1174.4555,2026-07-16T17:12:29.805098,-1.137712,0.000000
1174.9516,2026-07-16T17:12:30.301197,-1.137438,0.000000
1175.4715,2026-07-16T17:12:30.821123,-1.137165,0.000000
1175.9426,2026-07-16T17:12:31.292188,-1.136934,0.000000
1176.4377,2026-07-16T17:12:31.787282,-1.136717,0.000000
1176.8923,2026-07-16T17:12:32.241882,-1.136474,0.000000
1177.3886,2026-07-16T17:12:32.738248,-1.136270,0.000000
1177.8853,2026-07-16T17:12:33.234933,-1.136072,0.000000
1178.3871,2026-07-16T17:12:33.736699,-1.135882,0.000000
1178.8404,2026-07-16T17:12:34.190028,-1.135654,0.000000
1179.3000,2026-07-16T17:12:34.649663,-1.135406,0.000000
1179.7631,2026-07-16T17:12:35.112715,-1.135211,0.000000
1180.2181,2026-07-16T17:12:35.567844,-1.135013,0.000000
1180.6790,2026-07-16T17:12:36.028584,-1.134739,0.000000
1181.1333,2026-07-16T17:12:36.482873,-1.134586,0.000000
1181.5910,2026-07-16T17:12:36.940608,-1.134410,0.000000
1182.0507,2026-07-16T17:12:37.400331,-1.134267,0.000000
1182.5081,2026-07-16T17:12:37.857752,-1.134125,0.000000
1182.9660,2026-07-16T17:12:38.315617,-1.133939,0.000000
1183.4334,2026-07-16T17:12:38.783007,-1.133827,0.000000
1183.8925,2026-07-16T17:12:39.242071,-1.133696,0.000000
1184.3445,2026-07-16T17:12:39.694159,-1.133622,0.000000
1184.8430,2026-07-16T17:12:40.192638,-1.133526,0.000000
1185.2994,2026-07-16T17:12:40.649029,-1.133437,0.000000
1185.7679,2026-07-16T17:12:41.117517,-1.133384,0.000000
1186.2159,2026-07-16T17:12:41.565488,-1.133283,0.000000
1186.6852,2026-07-16T17:12:42.034798,-1.133256,0.000000
1187.1537,2026-07-16T17:12:42.503282,-1.133208,0.000000
1187.6063,2026-07-16T17:12:42.955927,-1.133141,0.000000
1188.0712,2026-07-16T17:12:43.420864,-1.133074,0.000000
1188.5457,2026-07-16T17:12:43.895328,-1.132989,0.000000
1189.0272,2026-07-16T17:12:44.376819,-1.132907,0.000000
1189.4782,2026-07-16T17:12:44.827768,-1.132782,0.000000
1189.9807,2026-07-16T17:12:45.330354,-1.132658,0.000000
1190.4402,2026-07-16T17:12:45.789801,-1.132459,0.000000
1190.9120,2026-07-16T17:12:46.261588,-1.132245,0.000000
1191.4070,2026-07-16T17:12:46.756609,-1.132005,0.000000
1191.8635,2026-07-16T17:12:47.213153,-1.131728,0.000000
1192.3557,2026-07-16T17:12:47.705308,-1.131384,0.000000
1192.8207,2026-07-16T17:12:48.170315,-1.131128,0.000000
1193.2914,2026-07-16T17:12:48.640998,-1.130739,0.000000
1193.7736,2026-07-16T17:12:49.123216,-1.130498,0.000000
1194.2370,2026-07-16T17:12:49.586577,-1.130139,0.000000
1194.6960,2026-07-16T17:12:50.045653,-1.129818,0.000000
1195.1640,2026-07-16T17:12:50.513569,-1.129571,0.000000
1195.6164,2026-07-16T17:12:50.965985,-1.129326,0.000000
1196.0676,2026-07-16T17:12:51.417240,-1.129118,0.000000
1196.5248,2026-07-16T17:12:51.874428,-1.128925,0.000000
1197.0008,2026-07-16T17:12:52.350455,-1.128723,0.000000
1197.4683,2026-07-16T17:12:52.817872,-1.128528,0.000000
1197.9238,2026-07-16T17:12:53.273393,-1.128299,0.000000
1198.4182,2026-07-16T17:12:53.768043,-1.128154,0.000000
1198.8798,2026-07-16T17:12:54.229371,-1.127942,0.000000
1199.3622,2026-07-16T17:12:54.711771,-1.127803,0.000000
1199.8243,2026-07-16T17:12:55.173877,-1.127629,0.000000
1200.2938,2026-07-16T17:12:55.643404,-1.127405,0.000000
1200.7801,2026-07-16T17:12:56.129747,-1.127213,0.000000
1201.2677,2026-07-16T17:12:56.617307,-1.126997,0.000000
1201.7323,2026-07-16T17:12:57.081903,-1.126786,0.000000
1202.1840,2026-07-16T17:12:57.533657,-1.126595,0.000000
1202.6457,2026-07-16T17:12:57.995301,-1.126469,0.000000
1203.0907,2026-07-16T17:12:58.440265,-1.126275,0.000000
1203.5912,2026-07-16T17:12:58.940774,-1.126053,0.000000
1204.0605,2026-07-16T17:12:59.410105,-1.125830,0.000000
1204.5462,2026-07-16T17:12:59.895780,-1.125661,0.000000
1205.0356,2026-07-16T17:13:00.385224,-1.125509,0.000000
1205.4830,2026-07-16T17:13:00.832649,-1.125374,0.000000
1205.9509,2026-07-16T17:13:01.300521,-1.125264,0.000000
1206.4222,2026-07-16T17:13:01.771833,-1.125083,0.000000
1206.9150,2026-07-16T17:13:02.264569,-1.124947,0.000000
1207.3612,2026-07-16T17:13:02.710818,-1.124837,0.000000
1207.8559,2026-07-16T17:13:03.205540,-1.124669,0.000000
1208.3067,2026-07-16T17:13:03.656353,-1.124534,0.000000
1208.7944,2026-07-16T17:13:04.143967,-1.124443,0.000000
1209.2540,2026-07-16T17:13:04.603610,-1.124294,0.000000
1209.7140,2026-07-16T17:13:05.063686,-1.124154,0.000000
1210.2052,2026-07-16T17:13:05.554816,-1.123941,0.000000
1210.6584,2026-07-16T17:13:06.008024,-1.123795,0.000000
1211.1386,2026-07-16T17:13:06.488176,-1.123611,0.000000
1211.6077,2026-07-16T17:13:06.957334,-1.123365,0.000000
1212.0842,2026-07-16T17:13:07.433776,-1.123078,0.000000
1212.5417,2026-07-16T17:13:07.891292,-1.122795,0.000000
1213.0388,2026-07-16T17:13:08.388363,-1.122515,0.000000
1213.4998,2026-07-16T17:13:08.849410,-1.122150,0.000000
1213.9811,2026-07-16T17:13:09.330720,-1.121837,0.000000
1214.4434,2026-07-16T17:13:09.792993,-1.121502,0.000000
1214.9161,2026-07-16T17:13:10.265658,-1.121219,0.000000
1215.4334,2026-07-16T17:13:10.783046,-1.120979,0.000000
1215.8998,2026-07-16T17:13:11.249461,-1.120683,0.000000
1216.3579,2026-07-16T17:13:11.707517,-1.120451,0.000000
1216.8546,2026-07-16T17:13:12.204236,-1.120278,0.000000
1217.3290,2026-07-16T17:13:12.678598,-1.120166,0.000000
1217.8020,2026-07-16T17:13:13.151628,-1.120013,0.000000
1218.2733,2026-07-16T17:13:13.622927,-1.119872,0.000000
1218.7442,2026-07-16T17:13:14.093844,-1.119672,0.000000
1219.2189,2026-07-16T17:13:14.568491,-1.119518,0.000000
1219.6850,2026-07-16T17:13:15.034613,-1.119347,0.000000
1220.1529,2026-07-16T17:13:15.502543,-1.119125,0.000000
1220.5960,2026-07-16T17:13:15.945659,-1.118949,0.000000
1221.0997,2026-07-16T17:13:16.449322,-1.118734,0.000000
1221.5680,2026-07-16T17:13:16.917612,-1.118557,0.000000
1222.0376,2026-07-16T17:13:17.387208,-1.118416,0.000000
1222.4972,2026-07-16T17:13:17.846863,-1.118210,0.000000
1222.9749,2026-07-16T17:13:18.324480,-1.118042,0.000000
1223.4427,2026-07-16T17:13:18.792309,-1.117910,0.000000
1223.9121,2026-07-16T17:13:19.261725,-1.117766,0.000000
1224.4098,2026-07-16T17:13:19.759385,-1.117594,0.000000
1224.8815,2026-07-16T17:13:20.231150,-1.117390,0.000000
1225.3413,2026-07-16T17:13:20.690924,-1.117178,0.000000
1225.8011,2026-07-16T17:13:21.150717,-1.116976,0.000000
1226.2559,2026-07-16T17:13:21.605486,-1.116736,0.000000
1226.7144,2026-07-16T17:13:22.063994,-1.116568,0.000000
1227.1795,2026-07-16T17:13:22.529158,-1.116301,0.000000
1227.6341,2026-07-16T17:13:22.983734,-1.116107,0.000000
1228.1202,2026-07-16T17:13:23.469818,-1.115877,0.000000
1228.5675,2026-07-16T17:13:23.917160,-1.115672,0.000000
1229.0376,2026-07-16T17:13:24.387187,-1.115490,0.000000
1229.5035,2026-07-16T17:13:24.853105,-1.115346,0.000000
1229.9722,2026-07-16T17:13:25.321830,-1.115317,0.000000
1230.4561,2026-07-16T17:13:25.805750,-1.115179,0.000000
1230.9154,2026-07-16T17:13:26.264982,-1.115117,0.000000
1231.3760,2026-07-16T17:13:26.725589,-1.115040,0.000000
1231.8470,2026-07-16T17:13:27.196607,-1.114923,0.000000
1232.3142,2026-07-16T17:13:27.663794,-1.114826,0.000000
1232.8110,2026-07-16T17:13:28.160593,-1.114752,0.000000
1233.2825,2026-07-16T17:13:28.632099,-1.114738,0.000000
1233.7432,2026-07-16T17:13:29.092834,-1.114645,0.000000
1234.2187,2026-07-16T17:13:29.568345,-1.114536,0.000000
1234.6940,2026-07-16T17:13:30.043639,-1.114419,0.000000
1235.1687,2026-07-16T17:13:30.518335,-1.114296,0.000000
1235.6325,2026-07-16T17:13:30.982125,-1.114197,0.000000
1236.0835,2026-07-16T17:13:31.433143,-1.114112,0.000000
1236.5353,2026-07-16T17:13:31.884885,-1.114099,0.000000
1236.9899,2026-07-16T17:13:32.339509,-1.114059,0.000000
1237.4690,2026-07-16T17:13:32.818615,-1.113952,0.000000
1237.9194,2026-07-16T17:13:33.268979,-1.113848,0.000000
1238.4155,2026-07-16T17:13:33.765150,-1.113675,0.000000
1238.8825,2026-07-16T17:13:34.232074,-1.113533,0.000000
1239.3434,2026-07-16T17:13:34.692965,-1.113398,0.000000
1239.8118,2026-07-16T17:13:35.161395,-1.113197,0.000000
1240.3025,2026-07-16T17:13:35.652149,-1.113010,0.000000
1240.8115,2026-07-16T17:13:36.161163,-1.112755,0.000000
1241.2838,2026-07-16T17:13:36.633443,-1.112523,0.000000
1241.7856,2026-07-16T17:13:37.135204,-1.112291,0.000000
1242.2697,2026-07-16T17:13:37.619300,-1.112078,0.000000
1242.7406,2026-07-16T17:13:38.090264,-1.111946,0.000000
1243.1854,2026-07-16T17:13:38.535047,-1.111790,0.000000
1243.6453,2026-07-16T17:13:38.994948,-1.111675,0.000000
1244.1146,2026-07-16T17:13:39.464163,-1.111570,0.000000
1244.6117,2026-07-16T17:13:39.961325,-1.111510,0.000000
1245.0730,2026-07-16T17:13:40.422641,-1.111442,0.000000
1245.5287,2026-07-16T17:13:40.878334,-1.111402,0.000000
1245.9886,2026-07-16T17:13:41.338215,-1.111338,0.000000
1246.4672,2026-07-16T17:13:41.816801,-1.111307,0.000000
1246.9275,2026-07-16T17:13:42.277067,-1.111278,0.000000
1247.3977,2026-07-16T17:13:42.747350,-1.111270,0.000000
1247.8715,2026-07-16T17:13:43.221102,-1.111237,0.000000
1248.3760,2026-07-16T17:13:43.725554,-1.111218,0.000000
1248.8281,2026-07-16T17:13:44.177738,-1.111173,0.000000
1249.2872,2026-07-16T17:13:44.636840,-1.111107,0.000000
1249.7535,2026-07-16T17:13:45.103071,-1.111085,0.000000
1250.2145,2026-07-16T17:13:45.564135,-1.111021,0.000000
1250.6710,2026-07-16T17:13:46.020638,-1.110998,0.000000
1251.1323,2026-07-16T17:13:46.481886,-1.110965,0.000000
1251.6128,2026-07-16T17:13:46.962404,-1.110912,0.000000
1252.0814,2026-07-16T17:13:47.431037,-1.110835,0.000000
1252.5553,2026-07-16T17:13:47.904866,-1.110790,0.000000
1253.0044,2026-07-16T17:13:48.353997,-1.110757,0.000000
1253.4754,2026-07-16T17:13:48.824967,-1.110731,0.000000
1253.9776,2026-07-16T17:13:49.327172,-1.110728,0.000000
1254.4765,2026-07-16T17:13:49.826151,-1.110752,0.000000
1254.9899,2026-07-16T17:13:50.339539,-1.110766,0.000000
1255.4772,2026-07-16T17:13:50.826812,-1.110810,0.000000
1255.9531,2026-07-16T17:13:51.302757,-1.110789,0.000000
1256.4245,2026-07-16T17:13:51.774130,-1.110797,0.000000
1256.9207,2026-07-16T17:13:52.270360,-1.110813,0.000000
1257.3992,2026-07-16T17:13:52.748777,-1.110800,0.000000
1257.8543,2026-07-16T17:13:53.203904,-1.110842,0.000000
1258.3095,2026-07-16T17:13:53.659110,-1.110826,0.000000
1258.8009,2026-07-16T17:13:54.150512,-1.110829,0.000000
1259.2553,2026-07-16T17:13:54.604870,-1.110835,0.000000
1259.7722,2026-07-16T17:13:55.121833,-1.110818,0.000000
1260.2731,2026-07-16T17:13:55.622708,-1.110774,0.000000
1260.7547,2026-07-16T17:13:56.104342,-1.110782,0.000000
1261.2498,2026-07-16T17:13:56.599381,-1.110822,0.000000
1261.7074,2026-07-16T17:13:57.056979,-1.110829,0.000000
1262.1960,2026-07-16T17:13:57.545637,-1.110853,0.000000
1262.6899,2026-07-16T17:13:58.039546,-1.110867,0.000000
1263.1555,2026-07-16T17:13:58.505059,-1.110858,0.000000
1263.6227,2026-07-16T17:13:58.972325,-1.110856,0.000000
1264.0821,2026-07-16T17:13:59.431666,-1.110843,0.000000
1264.5347,2026-07-16T17:13:59.884347,-1.110822,0.000000
1265.0117,2026-07-16T17:14:00.361333,-1.110794,0.000000
1265.4880,2026-07-16T17:14:00.837622,-1.110768,0.000000
1265.9732,2026-07-16T17:14:01.322853,-1.110707,0.000000
1266.4892,2026-07-16T17:14:01.838800,-1.110675,0.000000
1266.9887,2026-07-16T17:14:02.338326,-1.110666,0.000000
1267.4901,2026-07-16T17:14:02.839745,-1.110634,0.000000
1267.9728,2026-07-16T17:14:03.322382,-1.110605,0.000000
1268.4371,2026-07-16T17:14:03.786761,-1.110566,0.000000
1268.9319,2026-07-16T17:14:04.281555,-1.110466,0.000000
1269.4180,2026-07-16T17:14:04.767606,-1.110432,0.000000
1269.9100,2026-07-16T17:14:05.259638,-1.110352,0.000000
1270.3544,2026-07-16T17:14:05.703965,-1.110395,0.000000
1270.8360,2026-07-16T17:14:06.185596,-1.110386,0.000000
1271.3362,2026-07-16T17:14:06.685828,-1.110347,0.000000
1271.7902,2026-07-16T17:14:07.139788,-1.110286,0.000000
1272.2548,2026-07-16T17:14:07.604388,-1.110326,0.000000
1272.7200,2026-07-16T17:14:08.069590,-1.110299,0.000000
1273.2097,2026-07-16T17:14:08.559266,-1.110322,0.000000
1273.6717,2026-07-16T17:14:09.021350,-1.110395,0.000000
1274.1358,2026-07-16T17:14:09.485418,-1.110480,0.000000
1274.5917,2026-07-16T17:14:09.941311,-1.110502,0.000000
1275.0557,2026-07-16T17:14:10.405290,-1.110536,0.000000
1275.5234,2026-07-16T17:14:10.872973,-1.110533,0.000000
1276.0082,2026-07-16T17:14:11.357839,-1.110488,0.000000
1276.4994,2026-07-16T17:14:11.849043,-1.110501,0.000000
1276.9901,2026-07-16T17:14:12.339739,-1.110458,0.000000
1277.5004,2026-07-16T17:14:12.849984,-1.110450,0.000000
1277.9883,2026-07-16T17:14:13.337927,-1.110435,0.000000
1278.4470,2026-07-16T17:14:13.796626,-1.110429,0.000000
1278.9047,2026-07-16T17:14:14.254276,-1.110410,0.000000
1279.3642,2026-07-16T17:14:14.713833,-1.110371,0.000000
1279.8617,2026-07-16T17:14:15.211336,-1.110405,0.000000
1280.3568,2026-07-16T17:14:15.706364,-1.110413,0.000000
1280.8444,2026-07-16T17:14:16.193980,-1.110443,0.000000
1281.2969,2026-07-16T17:14:16.646553,-1.110502,0.000000
1281.7604,2026-07-16T17:14:17.110025,-1.110520,0.000000
1282.2414,2026-07-16T17:14:17.591033,-1.110549,0.000000
1282.6957,2026-07-16T17:14:18.045333,-1.110621,0.000000
1283.1900,2026-07-16T17:14:18.539625,-1.110629,0.000000
1283.6566,2026-07-16T17:14:19.006213,-1.110645,0.000000
1284.1099,2026-07-16T17:14:19.459477,-1.110666,0.000000
1284.5589,2026-07-16T17:14:19.908484,-1.110662,0.000000
1285.0167,2026-07-16T17:14:20.366269,-1.110683,0.000000
1285.5093,2026-07-16T17:14:20.858969,-1.110715,0.000000
1285.9965,2026-07-16T17:14:21.346139,-1.110739,0.000000
1286.4428,2026-07-16T17:14:21.792391,-1.110779,0.000000
1286.9142,2026-07-16T17:14:22.263800,-1.110790,0.000000
1287.3750,2026-07-16T17:14:22.724590,-1.110829,0.000000
1287.8487,2026-07-16T17:14:23.198310,-1.110883,0.000000
1288.3094,2026-07-16T17:14:23.659050,-1.110883,0.000000
1288.7676,2026-07-16T17:14:24.117208,-1.110912,0.000000
1289.2585,2026-07-16T17:14:24.608166,-1.110942,0.000000
1289.7091,2026-07-16T17:14:25.058689,-1.110979,0.000000
1290.1748,2026-07-16T17:14:25.524393,-1.111006,0.000000
1290.6351,2026-07-16T17:14:25.984742,-1.111003,0.000000
1291.0972,2026-07-16T17:14:26.446824,-1.111006,0.000000
1291.5602,2026-07-16T17:14:26.909798,-1.111035,0.000000
1292.0138,2026-07-16T17:14:27.363423,-1.111090,0.000000
1292.4666,2026-07-16T17:14:27.816178,-1.111122,0.000000
1292.9390,2026-07-16T17:14:28.288571,-1.111061,0.000000
1293.4071,2026-07-16T17:14:28.756739,-1.111082,0.000000
1293.8784,2026-07-16T17:14:29.228027,-1.111150,0.000000
1294.3294,2026-07-16T17:14:29.679010,-1.111238,0.000000
1294.7987,2026-07-16T17:14:30.148270,-1.111312,0.000000
1295.2765,2026-07-16T17:14:30.626068,-1.111392,0.000000
1295.7446,2026-07-16T17:14:31.094264,-1.111522,0.000000
1296.2022,2026-07-16T17:14:31.551783,-1.111595,0.000000
1296.6627,2026-07-16T17:14:32.012305,-1.111675,0.000000
1297.1316,2026-07-16T17:14:32.481255,-1.111746,0.000000
1297.5937,2026-07-16T17:14:32.943362,-1.111859,0.000000
1298.0482,2026-07-16T17:14:33.397851,-1.112030,0.000000
1298.5276,2026-07-16T17:14:33.877169,-1.112152,0.000000
1299.0145,2026-07-16T17:14:34.364092,-1.112182,0.000000
1299.4701,2026-07-16T17:14:34.819744,-1.112277,0.000000
1299.9251,2026-07-16T17:14:35.274740,-1.112355,0.000000
1300.4078,2026-07-16T17:14:35.757403,-1.112368,0.000000
1300.8707,2026-07-16T17:14:36.220309,-1.112424,0.000000
1301.3315,2026-07-16T17:14:36.681195,-1.112453,0.000000
1301.8123,2026-07-16T17:14:37.161921,-1.112526,0.000000
1302.2882,2026-07-16T17:14:37.637776,-1.112576,0.000000
1302.7553,2026-07-16T17:14:38.104912,-1.112573,0.000000
1303.2226,2026-07-16T17:14:38.572221,-1.112637,0.000000
1303.6881,2026-07-16T17:14:39.037688,-1.112648,0.000000
1304.1591,2026-07-16T17:14:39.508722,-1.112634,0.000000
1304.6584,2026-07-16T17:14:40.007963,-1.112685,0.000000
1305.1351,2026-07-16T17:14:40.484737,-1.112806,0.000000
1305.6118,2026-07-16T17:14:40.961460,-1.112963,0.000000
1306.0805,2026-07-16T17:14:41.430099,-1.113040,0.000000
1306.5383,2026-07-16T17:14:41.887867,-1.113174,0.000000
1307.0064,2026-07-16T17:14:42.355987,-1.113261,0.000000
1307.4649,2026-07-16T17:14:42.814547,-1.113333,0.000000
1307.9245,2026-07-16T17:14:43.274079,-1.113445,0.000000
1308.4193,2026-07-16T17:14:43.768888,-1.113499,0.000000
1308.8876,2026-07-16T17:14:44.237170,-1.113635,0.000000
1309.3556,2026-07-16T17:14:44.705231,-1.113808,0.000000
1309.8253,2026-07-16T17:14:45.174926,-1.113829,0.000000
1310.3058,2026-07-16T17:14:45.655445,-1.113878,0.000000
1310.7740,2026-07-16T17:14:46.123639,-1.113974,0.000000
1311.2430,2026-07-16T17:14:46.592622,-1.113973,0.000000
1311.7107,2026-07-16T17:14:47.060266,-1.114106,0.000000
1312.1734,2026-07-16T17:14:47.523010,-1.114131,0.000000
1312.6623,2026-07-16T17:14:48.011901,-1.114218,0.000000
1313.1229,2026-07-16T17:14:48.472505,-1.114338,0.000000
1313.5824,2026-07-16T17:14:48.932003,-1.114397,0.000000
1314.0774,2026-07-16T17:14:49.427005,-1.114496,0.000000
1314.5400,2026-07-16T17:14:49.889610,-1.114576,0.000000
1315.0205,2026-07-16T17:14:50.370141,-1.114587,0.000000
1315.4712,2026-07-16T17:14:50.820851,-1.114669,0.000000
1315.9505,2026-07-16T17:14:51.300069,-1.114731,0.000000
1316.4574,2026-07-16T17:14:51.807048,-1.114805,0.000000
1316.9108,2026-07-16T17:14:52.260441,-1.114880,0.000000
1317.3748,2026-07-16T17:14:52.724418,-1.114939,0.000000
1317.8738,2026-07-16T17:14:53.223381,-1.114968,0.000000
1318.3406,2026-07-16T17:14:53.690233,-1.115046,0.000000
1318.8004,2026-07-16T17:14:54.150018,-1.115090,0.000000
1319.2692,2026-07-16T17:14:54.618784,-1.115158,0.000000
1319.7400,2026-07-16T17:14:55.089649,-1.115235,0.000000
1320.2046,2026-07-16T17:14:55.554246,-1.115354,0.000000
1320.6713,2026-07-16T17:14:56.020890,-1.115430,0.000000
1321.1408,2026-07-16T17:14:56.490419,-1.115504,0.000000
1321.5958,2026-07-16T17:14:56.945434,-1.115616,0.000000
1322.0549,2026-07-16T17:14:57.404500,-1.115706,0.000000
1322.5481,2026-07-16T17:14:57.897677,-1.115835,0.000000
1322.9987,2026-07-16T17:14:58.348276,-1.115976,0.000000
1323.4695,2026-07-16T17:14:58.819152,-1.116128,0.000000
1323.9645,2026-07-16T17:14:59.314162,-1.116322,0.000000
1324.4604,2026-07-16T17:14:59.810037,-1.116531,0.000000
1324.9375,2026-07-16T17:15:00.287083,-1.116635,0.000000
1325.3977,2026-07-16T17:15:00.747352,-1.116787,0.000000
1325.8839,2026-07-16T17:15:01.233468,-1.116933,0.000000
1326.3464,2026-07-16T17:15:01.695970,-1.116997,0.000000
1326.7904,2026-07-16T17:15:02.140053,-1.117142,0.000000
1327.2561,2026-07-16T17:15:02.605761,-1.117186,0.000000
1327.7132,2026-07-16T17:15:03.062851,-1.117256,0.000000
1328.1813,2026-07-16T17:15:03.530896,-1.117397,0.000000
1328.6324,2026-07-16T17:15:03.982053,-1.117496,0.000000
1329.1322,2026-07-16T17:15:04.481799,-1.117557,0.000000
1329.5857,2026-07-16T17:15:04.935299,-1.117667,0.000000
1330.0602,2026-07-16T17:15:05.409848,-1.117771,0.000000
1330.5563,2026-07-16T17:15:05.905908,-1.117890,0.000000
1331.0621,2026-07-16T17:15:06.411684,-1.118006,0.000000
1331.5572,2026-07-16T17:15:06.906776,-1.118194,0.000000
1332.0328,2026-07-16T17:15:07.382447,-1.118435,0.000000
1332.4960,2026-07-16T17:15:07.845640,-1.118622,0.000000
1333.0024,2026-07-16T17:15:08.352030,-1.118771,0.000000
1333.4753,2026-07-16T17:15:08.824920,-1.118920,0.000000
1333.9656,2026-07-16T17:15:09.315168,-1.119037,0.000000
1334.4634,2026-07-16T17:15:09.812980,-1.119115,0.000000
1334.9613,2026-07-16T17:15:10.310917,-1.119237,0.000000
1335.4216,2026-07-16T17:15:10.771174,-1.119350,0.000000
1335.8905,2026-07-16T17:15:11.240118,-1.119467,0.000000
1336.3658,2026-07-16T17:15:11.715399,-1.119624,0.000000
1336.8156,2026-07-16T17:15:12.165188,-1.119717,0.000000
1337.2798,2026-07-16T17:15:12.629404,-1.119781,0.000000
1337.7318,2026-07-16T17:15:13.081454,-1.119970,0.000000
1338.1902,2026-07-16T17:15:13.539835,-1.120098,0.000000
1338.6494,2026-07-16T17:15:13.999021,-1.120219,0.000000
1339.1553,2026-07-16T17:15:14.504922,-1.120408,0.000000
1339.6128,2026-07-16T17:15:14.962435,-1.120550,0.000000
1340.1006,2026-07-16T17:15:15.450165,-1.120795,0.000000
1340.5681,2026-07-16T17:15:15.917689,-1.121021,0.000000
1341.0429,2026-07-16T17:15:16.392528,-1.121213,0.000000
1341.4964,2026-07-16T17:15:16.846005,-1.121443,0.000000
1341.9884,2026-07-16T17:15:17.338041,-1.121622,0.000000
1342.4667,2026-07-16T17:15:17.816338,-1.121750,0.000000
1342.9663,2026-07-16T17:15:18.315946,-1.121869,0.000000
1343.4229,2026-07-16T17:15:18.772541,-1.121974,0.000000
1343.8978,2026-07-16T17:15:19.247441,-1.122126,0.000000
1344.3850,2026-07-16T17:15:19.734650,-1.122238,0.000000
1344.8671,2026-07-16T17:15:20.216752,-1.122408,0.000000
1345.3244,2026-07-16T17:15:20.674037,-1.122606,0.000000
1345.7723,2026-07-16T17:15:21.121954,-1.122755,0.000000
1346.3171,2026-07-16T17:15:21.666679,-1.122955,0.000000
1346.7716,2026-07-16T17:15:22.121181,-1.123134,0.000000
1347.2351,2026-07-16T17:15:22.584711,-1.123344,0.000000
1347.6944,2026-07-16T17:15:23.044012,-1.123568,0.000000
1348.1781,2026-07-16T17:15:23.527741,-1.123723,0.000000
1348.6448,2026-07-16T17:15:23.994406,-1.123965,0.000000
1349.1018,2026-07-16T17:15:24.451379,-1.124178,0.000000
1349.5886,2026-07-16T17:15:24.938208,-1.124338,0.000000
1350.0566,2026-07-16T17:15:25.406182,-1.124445,0.000000
1350.5190,2026-07-16T17:15:25.868632,-1.124506,0.000000
1351.0180,2026-07-16T17:15:26.367599,-1.124608,0.000000
1351.5168,2026-07-16T17:15:26.866449,-1.124666,0.000000
1352.0118,2026-07-16T17:15:27.361436,-1.124787,0.000000
1352.5188,2026-07-16T17:15:27.868416,-1.124970,0.000000
1353.0006,2026-07-16T17:15:28.350173,-1.125107,0.000000
1353.4609,2026-07-16T17:15:28.810509,-1.125264,0.000000
1353.9154,2026-07-16T17:15:29.265011,-1.125402,0.000000
1354.4071,2026-07-16T17:15:29.756730,-1.125629,0.000000
1354.9076,2026-07-16T17:15:30.257205,-1.125862,0.000000
1355.3615,2026-07-16T17:15:30.711114,-1.126099,0.000000
1355.8172,2026-07-16T17:15:31.166785,-1.126376,0.000000
1356.2686,2026-07-16T17:15:31.618189,-1.126610,0.000000
1356.7276,2026-07-16T17:15:32.077202,-1.126771,0.000000
1357.1867,2026-07-16T17:15:32.536290,-1.126942,0.000000
1357.6361,2026-07-16T17:15:32.985710,-1.127074,0.000000
1358.1343,2026-07-16T17:15:33.483889,-1.127330,0.000000
1358.5937,2026-07-16T17:15:33.943270,-1.127539,0.000000
1359.0490,2026-07-16T17:15:34.398651,-1.127664,0.000000
1359.5359,2026-07-16T17:15:34.885535,-1.127779,0.000000
1360.0288,2026-07-16T17:15:35.378369,-1.127866,0.000000
1360.5371,2026-07-16T17:15:35.886719,-1.127957,0.000000
1361.0389,2026-07-16T17:15:36.388554,-1.128010,0.000000
1361.5394,2026-07-16T17:15:36.889029,-1.128160,0.000000
1362.0444,2026-07-16T17:15:37.393985,-1.128291,0.000000
1362.5418,2026-07-16T17:15:37.891451,-1.128480,0.000000
1363.0035,2026-07-16T17:15:38.353121,-1.128630,0.000000
1363.5067,2026-07-16T17:15:38.856343,-1.128846,0.000000
1364.0119,2026-07-16T17:15:39.361487,-1.129142,0.000000
1364.4775,2026-07-16T17:15:39.827089,-1.129378,0.000000
1364.9782,2026-07-16T17:15:40.327834,-1.129566,0.000000
1365.4312,2026-07-16T17:15:40.780792,-1.129800,0.000000
1365.9188,2026-07-16T17:15:41.268463,-1.129941,0.000000
1366.3756,2026-07-16T17:15:41.725250,-1.130128,0.000000
1366.8685,2026-07-16T17:15:42.218137,-1.130253,0.000000
1367.3178,2026-07-16T17:15:42.667422,-1.130416,0.000000
1367.7706,2026-07-16T17:15:43.120238,-1.130554,0.000000
1368.2361,2026-07-16T17:15:43.585753,-1.130592,0.000000
1368.6890,2026-07-16T17:15:44.038578,-1.130674,0.000000
1369.1458,2026-07-16T17:15:44.495379,-1.130733,0.000000
1369.6037,2026-07-16T17:15:44.953312,-1.130776,0.000000
1370.1071,2026-07-16T17:15:45.456727,-1.130878,0.000000
1370.6046,2026-07-16T17:15:45.954212,-1.130987,0.000000
1371.0650,2026-07-16T17:15:46.414592,-1.131162,0.000000
1371.5194,2026-07-16T17:15:46.868982,-1.131320,0.000000
1371.9886,2026-07-16T17:15:47.338214,-1.131496,0.000000
1372.4815,2026-07-16T17:15:47.831123,-1.131666,0.000000
1372.9462,2026-07-16T17:15:48.295812,-1.131851,0.000000
1373.4117,2026-07-16T17:15:48.761279,-1.131997,0.000000
1373.9033,2026-07-16T17:15:49.252953,-1.132214,0.000000
1374.3611,2026-07-16T17:15:49.710759,-1.132454,0.000000
1374.8203,2026-07-16T17:15:50.169893,-1.132677,0.000000
1375.2692,2026-07-16T17:15:50.618776,-1.132936,0.000000
1375.7275,2026-07-16T17:15:51.077127,-1.133136,0.000000
1376.1867,2026-07-16T17:15:51.536349,-1.133254,0.000000
1376.6447,2026-07-16T17:15:51.994271,-1.133414,0.000000
1377.1115,2026-07-16T17:15:52.461159,-1.133594,0.000000
1377.5773,2026-07-16T17:15:52.926883,-1.133786,0.000000
1378.0378,2026-07-16T17:15:53.387418,-1.133997,0.000000
1378.4928,2026-07-16T17:15:53.842427,-1.134218,0.000000
1378.9440,2026-07-16T17:15:54.293653,-1.134398,0.000000
1379.4043,2026-07-16T17:15:54.753882,-1.134557,0.000000
1379.8697,2026-07-16T17:15:55.219303,-1.134786,0.000000
1380.3380,2026-07-16T17:15:55.687591,-1.135010,0.000000
1380.8039,2026-07-16T17:15:56.153541,-1.135274,0.000000
1381.2596,2026-07-16T17:15:56.609172,-1.135581,0.000000
1381.7551,2026-07-16T17:15:57.104667,-1.135888,0.000000
1382.2489,2026-07-16T17:15:57.598512,-1.136170,0.000000
1382.7111,2026-07-16T17:15:58.060735,-1.136322,0.000000
1383.2131,2026-07-16T17:15:58.562731,-1.136562,0.000000
1383.6687,2026-07-16T17:15:59.018260,-1.136757,0.000000
1384.1548,2026-07-16T17:15:59.504420,-1.137013,0.000000
1384.6220,2026-07-16T17:15:59.971603,-1.137282,0.000000
1385.1022,2026-07-16T17:16:00.451856,-1.137461,0.000000
1385.5971,2026-07-16T17:16:00.946713,-1.137658,0.000000
1386.0878,2026-07-16T17:16:01.437403,-1.137808,0.000000
1386.5998,2026-07-16T17:16:01.949374,-1.137910,0.000000
1387.0990,2026-07-16T17:16:02.448624,-1.138142,0.000000
1387.6022,2026-07-16T17:16:02.951803,-1.138434,0.000000
1388.0895,2026-07-16T17:16:03.439059,-1.138712,0.000000
1388.5530,2026-07-16T17:16:03.902569,-1.138989,0.000000
1389.0413,2026-07-16T17:16:04.390926,-1.139186,0.000000
1389.4937,2026-07-16T17:16:04.843309,-1.139354,0.000000
1389.9416,2026-07-16T17:16:05.291253,-1.139474,0.000000
1390.4020,2026-07-16T17:16:05.751643,-1.139643,0.000000
1390.8701,2026-07-16T17:16:06.219756,-1.139872,0.000000
1391.3283,2026-07-16T17:16:06.677893,-1.140075,0.000000
1391.7868,2026-07-16T17:16:07.136382,-1.140238,0.000000
1392.2368,2026-07-16T17:16:07.586396,-1.140411,0.000000
1392.6964,2026-07-16T17:16:08.045976,-1.140582,0.000000
1393.1868,2026-07-16T17:16:08.536454,-1.140734,0.000000
1393.6441,2026-07-16T17:16:08.993692,-1.140922,0.000000
1394.1409,2026-07-16T17:16:09.490516,-1.141059,0.000000
1394.6316,2026-07-16T17:16:09.981191,-1.141251,0.000000
1395.1023,2026-07-16T17:16:10.451908,-1.141422,0.000000
1395.5613,2026-07-16T17:16:10.910953,-1.141581,0.000000
1396.0259,2026-07-16T17:16:11.375540,-1.141731,0.000000
1396.5038,2026-07-16T17:16:11.853375,-1.141816,0.000000
1396.9979,2026-07-16T17:16:12.347554,-1.141915,0.000000
1397.4988,2026-07-16T17:16:12.848366,-1.141966,0.000000
1397.9481,2026-07-16T17:16:13.297713,-1.141994,0.000000
1398.4182,2026-07-16T17:16:13.767765,-1.142120,0.000000
1398.8692,2026-07-16T17:16:14.218814,-1.142218,0.000000
1399.3185,2026-07-16T17:16:14.668107,-1.142368,0.000000
1399.8134,2026-07-16T17:16:15.163009,-1.142483,0.000000
1400.2707,2026-07-16T17:16:15.620298,-1.142590,0.000000
1400.7282,2026-07-16T17:16:16.077773,-1.142704,0.000000
1401.1859,2026-07-16T17:16:16.535480,-1.142829,0.000000
1401.6401,2026-07-16T17:16:16.989730,-1.142984,0.000000
1402.1466,2026-07-16T17:16:17.496171,-1.143141,0.000000
1402.6408,2026-07-16T17:16:17.990429,-1.143286,0.000000
1403.1385,2026-07-16T17:16:18.488087,-1.143458,0.000000
1403.6416,2026-07-16T17:16:18.991243,-1.143557,0.000000
1404.1168,2026-07-16T17:16:19.466441,-1.143629,0.000000
1404.5788,2026-07-16T17:16:19.928436,-1.143734,0.000000
1405.0525,2026-07-16T17:16:20.402098,-1.143816,0.000000
1405.5254,2026-07-16T17:16:20.874978,-1.143992,0.000000
1406.0130,2026-07-16T17:16:21.362593,-1.144104,0.000000
1406.5000,2026-07-16T17:16:21.849636,-1.144211,0.000000
1406.9545,2026-07-16T17:16:22.304130,-1.144358,0.000000
1407.4165,2026-07-16T17:16:22.766074,-1.144474,0.000000
1407.9176,2026-07-16T17:16:23.267206,-1.144624,0.000000
1408.3656,2026-07-16T17:16:23.715235,-1.144701,0.000000
1408.8169,2026-07-16T17:16:24.166520,-1.144826,0.000000
1409.2745,2026-07-16T17:16:24.624083,-1.144992,0.000000
1409.7245,2026-07-16T17:16:25.074158,-1.145091,0.000000
1410.1916,2026-07-16T17:16:25.541219,-1.145274,0.000000
1410.6567,2026-07-16T17:16:26.006358,-1.145405,0.000000
1411.1257,2026-07-16T17:16:26.475336,-1.145584,0.000000
1411.6022,2026-07-16T17:16:26.951789,-1.145790,0.000000
1412.0668,2026-07-16T17:16:27.416428,-1.145942,0.000000
1412.5416,2026-07-16T17:16:27.891254,-1.146178,0.000000
1413.0032,2026-07-16T17:16:28.352852,-1.146341,0.000000
1413.4584,2026-07-16T17:16:28.807970,-1.146597,0.000000
1413.9591,2026-07-16T17:16:29.308750,-1.146888,0.000000
1414.4161,2026-07-16T17:16:29.765750,-1.147202,0.000000
1414.8963,2026-07-16T17:16:30.245954,-1.147480,0.000000
1415.3508,2026-07-16T17:16:30.700395,-1.147760,0.000000
1415.8251,2026-07-16T17:16:31.174743,-1.148006,0.000000
1416.2829,2026-07-16T17:16:31.632551,-1.148266,0.000000
1416.7346,2026-07-16T17:16:32.084187,-1.148539,0.000000
1417.1997,2026-07-16T17:16:32.549282,-1.148704,0.000000
1417.6739,2026-07-16T17:16:33.023541,-1.148917,0.000000
1418.1693,2026-07-16T17:16:33.518893,-1.149205,0.000000
1418.6574,2026-07-16T17:16:34.007054,-1.149426,0.000000
1419.1178,2026-07-16T17:16:34.467372,-1.149581,0.000000
1419.5748,2026-07-16T17:16:34.924461,-1.149792,0.000000
1420.0279,2026-07-16T17:16:35.377485,-1.150006,0.000000
1420.5064,2026-07-16T17:16:35.856006,-1.150197,0.000000
1420.9680,2026-07-16T17:16:36.317622,-1.150392,0.000000
1421.4380,2026-07-16T17:16:36.787649,-1.150565,0.000000
1421.9388,2026-07-16T17:16:37.288421,-1.150766,0.000000
1422.3956,2026-07-16T17:16:37.745222,-1.151008,0.000000
1422.8729,2026-07-16T17:16:38.222543,-1.151206,0.000000
1423.3228,2026-07-16T17:16:38.672377,-1.151406,0.000000
1423.7748,2026-07-16T17:16:39.124460,-1.151606,0.000000
1424.2236,2026-07-16T17:16:39.573224,-1.151846,0.000000
1424.6905,2026-07-16T17:16:40.040163,-1.152058,0.000000
1425.1754,2026-07-16T17:16:40.525023,-1.152363,0.000000
1425.6926,2026-07-16T17:16:41.042179,-1.152664,0.000000
1426.1468,2026-07-16T17:16:41.496453,-1.152934,0.000000
1426.5996,2026-07-16T17:16:41.949239,-1.153186,0.000000
1427.0755,2026-07-16T17:16:42.425103,-1.153430,0.000000
1427.5269,2026-07-16T17:16:42.876506,-1.153725,0.000000
1427.9739,2026-07-16T17:16:43.323471,-1.153963,0.000000
1428.4344,2026-07-16T17:16:43.784018,-1.154187,0.000000
1428.9432,2026-07-16T17:16:44.292836,-1.154469,0.000000
1429.4003,2026-07-16T17:16:44.749968,-1.154690,0.000000
1429.8687,2026-07-16T17:16:45.218355,-1.154843,0.000000
1430.3663,2026-07-16T17:16:45.715952,-1.155016,0.000000
1430.8185,2026-07-16T17:16:46.168132,-1.155234,0.000000
1431.2664,2026-07-16T17:16:46.616037,-1.155451,0.000000
1431.7159,2026-07-16T17:16:47.065489,-1.155654,0.000000
1432.1665,2026-07-16T17:16:47.516073,-1.155874,0.000000
1432.6243,2026-07-16T17:16:47.973945,-1.156062,0.000000
1433.0906,2026-07-16T17:16:48.440258,-1.156293,0.000000
1433.5927,2026-07-16T17:16:48.942325,-1.156488,0.000000
1434.0432,2026-07-16T17:16:49.392790,-1.156693,0.000000
1434.5184,2026-07-16T17:16:49.868037,-1.156882,0.000000
1434.9876,2026-07-16T17:16:50.337178,-1.157096,0.000000
1435.4570,2026-07-16T17:16:50.806586,-1.157256,0.000000
1435.9185,2026-07-16T17:16:51.268133,-1.157440,0.000000
1436.3758,2026-07-16T17:16:51.725393,-1.157560,0.000000
1436.8715,2026-07-16T17:16:52.221160,-1.157701,0.000000
1437.3386,2026-07-16T17:16:52.688207,-1.157835,0.000000
1437.7988,2026-07-16T17:16:53.148402,-1.157941,0.000000
1438.2511,2026-07-16T17:16:53.600739,-1.158086,0.000000
1438.7296,2026-07-16T17:16:54.079266,-1.158275,0.000000
1439.1966,2026-07-16T17:16:54.546245,-1.158430,0.000000
1439.6874,2026-07-16T17:16:55.036976,-1.158573,0.000000
1440.1436,2026-07-16T17:16:55.493254,-1.158710,0.000000
1440.6123,2026-07-16T17:16:55.961891,-1.158874,0.000000
1441.0782,2026-07-16T17:16:56.427847,-1.159000,0.000000
1441.5469,2026-07-16T17:16:56.896524,-1.159163,0.000000
1442.0070,2026-07-16T17:16:57.356620,-1.159310,0.000000
1442.4680,2026-07-16T17:16:57.817660,-1.159446,0.000000
1442.9348,2026-07-16T17:16:58.284415,-1.159579,0.000000
1443.4063,2026-07-16T17:16:58.755941,-1.159715,0.000000
1443.8743,2026-07-16T17:16:59.223928,-1.159782,0.000000
1444.3408,2026-07-16T17:16:59.690385,-1.159861,0.000000
1444.7990,2026-07-16T17:17:00.148636,-1.159939,0.000000
1445.2602,2026-07-16T17:17:00.609790,-1.160075,0.000000
1445.7388,2026-07-16T17:17:01.088396,-1.160214,0.000000
1446.2063,2026-07-16T17:17:01.555946,-1.160352,0.000000
1446.6949,2026-07-16T17:17:02.044475,-1.160490,0.000000
1447.1627,2026-07-16T17:17:02.512356,-1.160691,0.000000
1447.6288,2026-07-16T17:17:02.978453,-1.160922,0.000000
1448.0939,2026-07-16T17:17:03.443508,-1.161219,0.000000
1448.5621,2026-07-16T17:17:03.911726,-1.161507,0.000000
1449.0163,2026-07-16T17:17:04.365912,-1.161872,0.000000
1449.4692,2026-07-16T17:17:04.818849,-1.162226,0.000000
1449.9321,2026-07-16T17:17:05.281667,-1.162563,0.000000
1450.3955,2026-07-16T17:17:05.745159,-1.162906,0.000000
1450.8616,2026-07-16T17:17:06.211263,-1.163286,0.000000
1451.3162,2026-07-16T17:17:06.665783,-1.163642,0.000000
1451.7807,2026-07-16T17:17:07.130355,-1.164005,0.000000
1452.2411,2026-07-16T17:17:07.590743,-1.164344,0.000000
1452.7113,2026-07-16T17:17:08.060943,-1.164638,0.000000
1453.1622,2026-07-16T17:17:08.511800,-1.164942,0.000000
1453.6388,2026-07-16T17:17:08.988377,-1.165178,0.000000
1454.0994,2026-07-16T17:17:09.449001,-1.165440,0.000000
1454.5593,2026-07-16T17:17:09.908938,-1.165650,0.000000
1455.0364,2026-07-16T17:17:10.386024,-1.165877,0.000000
1455.5125,2026-07-16T17:17:10.862100,-1.166122,0.000000
1455.9976,2026-07-16T17:17:11.347172,-1.166298,0.000000
1456.4952,2026-07-16T17:17:11.844844,-1.166490,0.000000
1456.9979,2026-07-16T17:17:12.347484,-1.166654,0.000000
1457.4769,2026-07-16T17:17:12.826497,-1.166843,0.000000
1457.9391,2026-07-16T17:17:13.288729,-1.166947,0.000000
1458.4181,2026-07-16T17:17:13.767765,-1.167026,0.000000
1458.8859,2026-07-16T17:17:14.235517,-1.167190,0.000000
1459.3779,2026-07-16T17:17:14.727537,-1.167323,0.000000
1459.8663,2026-07-16T17:17:15.215953,-1.167453,0.000000
1460.3251,2026-07-16T17:17:15.674670,-1.167642,0.000000
1460.8261,2026-07-16T17:17:16.175676,-1.167875,0.000000
1461.3012,2026-07-16T17:17:16.650759,-1.168011,0.000000
1461.7744,2026-07-16T17:17:17.123981,-1.168147,0.000000
1462.2764,2026-07-16T17:17:17.626058,-1.168301,0.000000
1462.7764,2026-07-16T17:17:18.126038,-1.168501,0.000000
1463.2385,2026-07-16T17:17:18.588115,-1.168750,0.000000
1463.7103,2026-07-16T17:17:19.059896,-1.168971,0.000000
1464.1623,2026-07-16T17:17:19.511867,-1.169232,0.000000
1464.6630,2026-07-16T17:17:20.012571,-1.169496,0.000000
1465.1285,2026-07-16T17:17:20.478109,-1.169762,0.000000
1465.5973,2026-07-16T17:17:20.946955,-1.169939,0.000000
1466.0540,2026-07-16T17:17:21.403646,-1.170219,0.000000
1466.5294,2026-07-16T17:17:21.878995,-1.170560,0.000000
1467.0079,2026-07-16T17:17:22.357512,-1.170915,0.000000
1467.4916,2026-07-16T17:17:22.841173,-1.171299,0.000000
1467.9619,2026-07-16T17:17:23.311502,-1.171611,0.000000
1468.4173,2026-07-16T17:17:23.766871,-1.171786,0.000000
1468.8807,2026-07-16T17:17:24.230290,-1.172046,0.000000
1469.3463,2026-07-16T17:17:24.695867,-1.172278,0.000000
1469.8332,2026-07-16T17:17:25.182823,-1.172485,0.000000
1470.2860,2026-07-16T17:17:25.635629,-1.172701,0.000000
1470.7835,2026-07-16T17:17:26.133136,-1.172933,0.000000
1471.2835,2026-07-16T17:17:26.633120,-1.173134,0.000000
1471.7566,2026-07-16T17:17:27.106246,-1.173322,0.000000
1472.2430,2026-07-16T17:17:27.592603,-1.173458,0.000000
1472.7559,2026-07-16T17:17:28.105516,-1.173618,0.000000
1473.2277,2026-07-16T17:17:28.577360,-1.173874,0.000000
1473.7199,2026-07-16T17:17:29.069503,-1.174061,0.000000
1474.1968,2026-07-16T17:17:29.546405,-1.174219,0.000000
1474.6850,2026-07-16T17:17:30.034635,-1.174421,0.000000
1475.1693,2026-07-16T17:17:30.518939,-1.174542,0.000000
1475.6631,2026-07-16T17:17:31.012720,-1.174709,0.000000
1476.1196,2026-07-16T17:17:31.469238,-1.174886,0.000000
1476.6122,2026-07-16T17:17:31.961826,-1.175064,0.000000
1477.0956,2026-07-16T17:17:32.445235,-1.175234,0.000000
1477.5868,2026-07-16T17:17:32.936394,-1.175371,0.000000
1478.0810,2026-07-16T17:17:33.430577,-1.175514,0.000000
1478.5877,2026-07-16T17:17:33.937308,-1.175677,0.000000
1479.0965,2026-07-16T17:17:34.446117,-1.175843,0.000000
