elapsed_s,timestamp,ch1_MEAN_V,ch2_MEAN_V
0.4565,2026-06-03T14:12:24.808779,0.000000,3.647688
0.9524,2026-06-03T14:12:25.304712,0.000000,3.646300
1.4403,2026-06-03T14:12:25.792623,0.000000,3.644660
1.9077,2026-06-03T14:12:26.259975,0.000000,3.642972
2.4093,2026-06-03T14:12:26.761576,0.000000,3.641300
2.8946,2026-06-03T14:12:27.246862,0.000000,3.639976
3.4144,2026-06-03T14:12:27.766677,0.000000,3.638520
3.9039,2026-06-03T14:12:28.256193,0.000000,3.637036
4.4102,2026-06-03T14:12:28.762473,0.000000,3.636044
4.8957,2026-06-03T14:12:29.247979,0.000000,3.634676
5.3974,2026-06-03T14:12:29.749666,0.000000,3.633808
5.8864,2026-06-03T14:12:30.238668,0.000000,3.633164
6.3901,2026-06-03T14:12:30.742376,0.000000,3.632196
6.8457,2026-06-03T14:12:31.198007,0.000000,3.630976
7.3470,2026-06-03T14:12:31.699269,0.000000,3.629816
7.8140,2026-06-03T14:12:32.166313,0.000000,3.628272
8.2962,2026-06-03T14:12:32.648463,0.000000,3.627284
8.7745,2026-06-03T14:12:33.126801,0.000000,3.626580
9.2619,2026-06-03T14:12:33.614206,0.000000,3.625896
9.7588,2026-06-03T14:12:34.111067,0.000000,3.625300
10.2426,2026-06-03T14:12:34.594902,0.000000,3.624908
10.7052,2026-06-03T14:12:35.057533,0.000000,3.624216
11.2016,2026-06-03T14:12:35.553929,0.000000,3.623580
11.6667,2026-06-03T14:12:36.018953,0.000000,3.623100
12.1653,2026-06-03T14:12:36.517622,0.000000,3.622532
12.6560,2026-06-03T14:12:37.008310,0.000000,3.621536
13.1610,2026-06-03T14:12:37.513326,0.000000,3.620688
13.6564,2026-06-03T14:12:38.008653,0.000000,3.619712
14.1608,2026-06-03T14:12:38.513057,0.000000,3.618656
14.6602,2026-06-03T14:12:39.012465,0.000000,3.618096
15.1481,2026-06-03T14:12:39.500399,0.000000,3.617452
15.6187,2026-06-03T14:12:39.971005,0.000000,3.617192
16.1136,2026-06-03T14:12:40.465927,0.000000,3.616716
16.6183,2026-06-03T14:12:40.970534,0.000000,3.616468
17.1357,2026-06-03T14:12:41.488015,0.000000,3.616336
17.6457,2026-06-03T14:12:41.997976,0.000000,3.615692
18.1463,2026-06-03T14:12:42.498622,0.000000,3.615376
18.6245,2026-06-03T14:12:42.976798,0.000000,3.615056
19.1242,2026-06-03T14:12:43.476457,0.000000,3.614368
19.6299,2026-06-03T14:12:43.982187,0.000000,3.613988
20.1214,2026-06-03T14:12:44.473679,0.000000,3.613280
20.6268,2026-06-03T14:12:44.979062,0.000000,3.612528
21.1538,2026-06-03T14:12:45.506049,0.000000,3.611964
21.6700,2026-06-03T14:12:46.022261,0.000000,3.611328
22.1688,2026-06-03T14:12:46.521077,0.000000,3.610764
22.6746,2026-06-03T14:12:47.026876,0.000000,3.610088
23.1943,2026-06-03T14:12:47.546563,0.000000,3.609408
23.6801,2026-06-03T14:12:48.032407,0.000000,3.608460
24.1454,2026-06-03T14:12:48.497714,0.000000,3.607592
24.6364,2026-06-03T14:12:48.988662,0.000000,3.606756
25.1240,2026-06-03T14:12:49.476312,0.000000,3.605888
25.6185,2026-06-03T14:12:49.970815,0.000000,3.605032
26.1149,2026-06-03T14:12:50.467150,0.000000,3.604332
26.6130,2026-06-03T14:12:50.965285,0.000000,3.603828
27.1225,2026-06-03T14:12:51.474815,0.000000,3.603084
27.6144,2026-06-03T14:12:51.966732,0.000000,3.602656
28.1189,2026-06-03T14:12:52.471165,0.000000,3.601976
28.6330,2026-06-03T14:12:52.985303,0.000000,3.601384
29.1127,2026-06-03T14:12:53.464981,0.000000,3.600652
29.6062,2026-06-03T14:12:53.958497,0.000000,3.600204
30.1031,2026-06-03T14:12:54.455406,0.000000,3.599932
30.5772,2026-06-03T14:12:54.929468,0.000000,3.599456
31.0792,2026-06-03T14:12:55.431484,0.000000,3.599208
31.5748,2026-06-03T14:12:55.927068,0.000000,3.598592
32.0712,2026-06-03T14:12:56.423497,0.000000,3.598016
32.5910,2026-06-03T14:12:56.943275,0.000000,3.597428
33.0907,2026-06-03T14:12:57.442968,0.000000,3.596772
33.5904,2026-06-03T14:12:57.942700,0.000000,3.596480
34.0813,2026-06-03T14:12:58.433625,0.000000,3.595716
34.5802,2026-06-03T14:12:58.932537,0.000000,3.595112
35.1119,2026-06-03T14:12:59.464176,0.000000,3.594240
35.5877,2026-06-03T14:12:59.940012,0.000000,3.593016
36.0870,2026-06-03T14:13:00.439247,0.000000,3.592080
36.5783,2026-06-03T14:13:00.930569,0.000000,3.591020
37.0690,2026-06-03T14:13:01.421339,0.000000,3.590400
37.5610,2026-06-03T14:13:01.913294,0.000000,3.589888
38.0592,2026-06-03T14:13:02.411497,0.000000,3.590076
38.5634,2026-06-03T14:13:02.915692,0.000000,3.590192
39.0093,2026-06-03T14:13:03.361585,0.000000,3.589796
39.5127,2026-06-03T14:13:03.864946,0.000000,3.589296
40.0105,2026-06-03T14:13:04.362796,0.000000,3.588160
40.4996,2026-06-03T14:13:04.851860,0.000000,3.587440
41.0103,2026-06-03T14:13:05.362561,0.000000,3.587380
41.5069,2026-06-03T14:13:05.859150,0.000000,3.587388
41.9799,2026-06-03T14:13:06.332213,0.000000,3.587700
42.4909,2026-06-03T14:13:06.843200,0.000000,3.587412
42.9692,2026-06-03T14:13:07.321529,0.000000,3.586832
43.4702,2026-06-03T14:13:07.822511,0.000000,3.586184
43.9666,2026-06-03T14:13:08.318856,0.000000,3.585520
44.4781,2026-06-03T14:13:08.830438,0.000000,3.584584
44.9792,2026-06-03T14:13:09.331476,0.000000,3.584220
45.4864,2026-06-03T14:13:09.838696,0.000000,3.583428
45.9819,2026-06-03T14:13:10.334222,0.000000,3.582756
46.4813,2026-06-03T14:13:10.833591,0.000000,3.582716
47.0031,2026-06-03T14:13:11.355378,0.000000,3.581932
47.5032,2026-06-03T14:13:11.855448,0.000000,3.581388
48.0030,2026-06-03T14:13:12.355232,0.000000,3.580488
48.4911,2026-06-03T14:13:12.843368,0.000000,3.580124
48.9910,2026-06-03T14:13:13.343317,0.000000,3.579744
49.4890,2026-06-03T14:13:13.841300,0.000000,3.579140
49.9862,2026-06-03T14:13:14.338436,0.000000,3.578536
50.4503,2026-06-03T14:13:14.802603,0.000000,3.577680
50.9437,2026-06-03T14:13:15.295989,0.000000,3.576808
51.4353,2026-06-03T14:13:15.787625,0.000000,3.576400
51.8943,2026-06-03T14:13:16.246533,0.000000,3.576216
52.3868,2026-06-03T14:13:16.739090,0.000000,3.575776
52.8739,2026-06-03T14:13:17.226197,0.000000,3.575336
53.3614,2026-06-03T14:13:17.713651,0.000000,3.575208
53.8424,2026-06-03T14:13:18.194738,0.000000,3.574900
54.3367,2026-06-03T14:13:18.688959,0.000000,3.574496
54.8391,2026-06-03T14:13:19.191373,0.000000,3.574328
55.3356,2026-06-03T14:13:19.687925,0.000000,3.574240
55.8113,2026-06-03T14:13:20.163602,0.000000,3.573988
56.2969,2026-06-03T14:13:20.649163,0.000000,3.573364
56.8300,2026-06-03T14:13:21.182249,0.000000,3.572744
57.3020,2026-06-03T14:13:21.654321,0.000000,3.571772
57.8069,2026-06-03T14:13:22.159224,0.000000,3.570952
58.3068,2026-06-03T14:13:22.659093,0.000000,3.570640
58.8117,2026-06-03T14:13:23.163979,0.000000,3.570120
59.3082,2026-06-03T14:13:23.660480,0.000000,3.570036
59.8117,2026-06-03T14:13:24.163960,0.000000,3.569532
60.3160,2026-06-03T14:13:24.668330,0.000000,3.568776
60.8119,2026-06-03T14:13:25.164205,0.000000,3.568460
61.3139,2026-06-03T14:13:25.666197,0.000000,3.568064
61.7967,2026-06-03T14:13:26.149034,0.000000,3.567908
62.3034,2026-06-03T14:13:26.655718,0.000000,3.567608
62.7893,2026-06-03T14:13:27.141541,0.000000,3.567232
63.3001,2026-06-03T14:13:27.652345,0.000000,3.566720
63.7990,2026-06-03T14:13:28.151261,0.000000,3.566260
64.3201,2026-06-03T14:13:28.672387,0.000000,3.565832
64.8149,2026-06-03T14:13:29.167187,0.000000,3.565328
65.2991,2026-06-03T14:13:29.651368,0.000000,3.564808
65.8038,2026-06-03T14:13:30.156145,0.000000,3.564204
66.2991,2026-06-03T14:13:30.651374,0.000000,3.563824
66.7991,2026-06-03T14:13:31.151435,0.000000,3.563476
67.3158,2026-06-03T14:13:31.668096,0.000000,3.563388
67.8085,2026-06-03T14:13:32.160749,0.000000,3.563312
68.3086,2026-06-03T14:13:32.660932,0.000000,3.563092
68.8017,2026-06-03T14:13:33.154004,0.000000,3.562760
69.2665,2026-06-03T14:13:33.618764,0.000000,3.562488
69.7302,2026-06-03T14:13:34.082519,0.000000,3.562060
70.2356,2026-06-03T14:13:34.587850,0.000000,3.561804
70.7309,2026-06-03T14:13:35.083146,0.000000,3.561592
71.2285,2026-06-03T14:13:35.580760,0.000000,3.561260
71.7326,2026-06-03T14:13:36.084928,0.000000,3.561024
72.2578,2026-06-03T14:13:36.610076,0.000000,3.560876
72.7330,2026-06-03T14:13:37.085280,0.000000,3.560068
73.2075,2026-06-03T14:13:37.559826,0.000000,3.559492
73.7110,2026-06-03T14:13:38.063245,0.000000,3.559084
74.2148,2026-06-03T14:13:38.567090,0.000000,3.558424
74.6743,2026-06-03T14:13:39.026565,0.000000,3.558540
75.1491,2026-06-03T14:13:39.501358,0.000000,3.558176
75.6547,2026-06-03T14:13:40.007020,0.000000,3.557692
76.1769,2026-06-03T14:13:40.529178,0.000000,3.557260
76.6742,2026-06-03T14:13:41.026524,0.000000,3.556664
77.1731,2026-06-03T14:13:41.525340,0.000000,3.555932
77.6740,2026-06-03T14:13:42.026330,0.000000,3.555348
78.1740,2026-06-03T14:13:42.526286,0.000000,3.554788
78.6693,2026-06-03T14:13:43.021625,0.000000,3.554400
79.1714,2026-06-03T14:13:43.523712,0.000000,3.554484
79.6660,2026-06-03T14:13:44.018329,0.000000,3.554252
80.1628,2026-06-03T14:13:44.515134,0.000000,3.553708
80.6621,2026-06-03T14:13:45.014392,0.000000,3.553364
81.1624,2026-06-03T14:13:45.514642,0.000000,3.552588
81.6274,2026-06-03T14:13:45.979652,0.000000,3.552136
82.0976,2026-06-03T14:13:46.449883,0.000000,3.551812
82.5784,2026-06-03T14:13:46.930692,0.000000,3.551120
83.0802,2026-06-03T14:13:47.432449,0.000000,3.550940
83.5701,2026-06-03T14:13:47.922415,0.000000,3.550392
84.0468,2026-06-03T14:13:48.399088,0.000000,3.550020
84.5386,2026-06-03T14:13:48.890903,0.000000,3.549688
85.0368,2026-06-03T14:13:49.389132,0.000000,3.549596
85.5315,2026-06-03T14:13:49.883783,0.000000,3.549416
86.0371,2026-06-03T14:13:50.389408,0.000000,3.549224
86.5402,2026-06-03T14:13:50.892446,0.000000,3.548752
87.0011,2026-06-03T14:13:51.353418,0.000000,3.547848
87.5046,2026-06-03T14:13:51.856891,0.000000,3.547088
88.0122,2026-06-03T14:13:52.364506,0.000000,3.546416
88.4916,2026-06-03T14:13:52.843852,0.000000,3.546276
88.9606,2026-06-03T14:13:53.312907,0.000000,3.546316
89.4395,2026-06-03T14:13:53.791769,0.000000,3.546972
89.9364,2026-06-03T14:13:54.288661,0.000000,3.547536
90.4529,2026-06-03T14:13:54.805207,0.000000,3.547688
90.9536,2026-06-03T14:13:55.305920,0.000000,3.547860
91.4522,2026-06-03T14:13:55.804474,0.000000,3.547520
91.9561,2026-06-03T14:13:56.308420,0.000000,3.547532
92.4679,2026-06-03T14:13:56.820213,0.000000,3.547388
92.9584,2026-06-03T14:13:57.310720,0.000000,3.546836
93.4606,2026-06-03T14:13:57.812883,0.000000,3.546524
93.9607,2026-06-03T14:13:58.312963,0.000000,3.546036
94.4571,2026-06-03T14:13:58.809415,0.000000,3.545708
94.9345,2026-06-03T14:13:59.286775,0.000000,3.545508
95.4405,2026-06-03T14:13:59.792770,0.000000,3.545300
95.9357,2026-06-03T14:14:00.288005,0.000000,3.545084
96.4322,2026-06-03T14:14:00.784491,0.000000,3.545392
96.9315,2026-06-03T14:14:01.283779,0.000000,3.545480
97.4071,2026-06-03T14:14:01.759412,0.000000,3.545324
97.9238,2026-06-03T14:14:02.276055,0.000000,3.545140
98.4351,2026-06-03T14:14:02.787344,0.000000,3.544612
98.9369,2026-06-03T14:14:03.289211,0.000000,3.544312
99.4402,2026-06-03T14:14:03.792437,0.000000,3.544088
99.9632,2026-06-03T14:14:04.315459,0.000000,3.543716
100.4652,2026-06-03T14:14:04.817443,0.000000,3.543576
100.9378,2026-06-03T14:14:05.290116,0.000000,3.543076
101.4360,2026-06-03T14:14:05.788288,0.000000,3.542736
101.9366,2026-06-03T14:14:06.288867,0.000000,3.542372
102.4366,2026-06-03T14:14:06.788867,0.000000,3.541944
102.9273,2026-06-03T14:14:07.279632,0.000000,3.541808
103.4199,2026-06-03T14:14:07.772217,0.000000,3.541580
103.9145,2026-06-03T14:14:08.266812,0.000000,3.541232
104.4118,2026-06-03T14:14:08.764103,0.000000,3.541396
104.9283,2026-06-03T14:14:09.280553,0.000000,3.541436
105.4213,2026-06-03T14:14:09.773545,0.000000,3.541380
105.9186,2026-06-03T14:14:10.270880,0.000000,3.540932
106.4202,2026-06-03T14:14:10.772510,0.000000,3.540032
106.9399,2026-06-03T14:14:11.292237,0.000000,3.539144
107.4327,2026-06-03T14:14:11.785026,0.000000,3.538568
107.9445,2026-06-03T14:14:12.296788,0.000000,3.538492
108.4450,2026-06-03T14:14:12.797279,0.000000,3.538324
108.9412,2026-06-03T14:14:13.293502,0.000000,3.538628
109.4406,2026-06-03T14:14:13.792852,0.000000,3.538652
109.9439,2026-06-03T14:14:14.296221,0.000000,3.538376
110.4382,2026-06-03T14:14:14.790491,0.000000,3.538328
110.9422,2026-06-03T14:14:15.294528,0.000000,3.538108
111.4577,2026-06-03T14:14:15.809971,0.000000,3.537832
111.9607,2026-06-03T14:14:16.313039,0.000000,3.537764
112.4534,2026-06-03T14:14:16.805692,0.000000,3.537672
112.9430,2026-06-03T14:14:17.295278,0.000000,3.537556
113.4253,2026-06-03T14:14:17.777627,0.000000,3.537404
113.9317,2026-06-03T14:14:18.284026,0.000000,3.537236
114.4535,2026-06-03T14:14:18.805834,0.000000,3.537244
114.9443,2026-06-03T14:14:19.296565,0.000000,3.537100
115.4408,2026-06-03T14:14:19.793115,0.000000,3.536908
115.9447,2026-06-03T14:14:20.296989,0.000000,3.536400
116.4219,2026-06-03T14:14:20.774174,0.000000,3.536028
116.9167,2026-06-03T14:14:21.268943,0.000000,3.535780
117.4157,2026-06-03T14:14:21.767954,0.000000,3.535524
117.9199,2026-06-03T14:14:22.272235,0.000000,3.535140
118.3976,2026-06-03T14:14:22.749891,0.000000,3.534820
118.8972,2026-06-03T14:14:23.249486,0.000000,3.534488
119.3998,2026-06-03T14:14:23.752067,0.000000,3.534120
119.9000,2026-06-03T14:14:24.252310,0.000000,3.534152
120.3687,2026-06-03T14:14:24.720933,0.000000,3.534008
120.8647,2026-06-03T14:14:25.216991,0.000000,3.533800
121.3649,2026-06-03T14:14:25.717151,0.000000,3.533480
121.8608,2026-06-03T14:14:26.213123,0.000000,3.533216
122.3577,2026-06-03T14:14:26.709990,0.000000,3.532972
122.8808,2026-06-03T14:14:27.233094,0.000000,3.532864
123.3808,2026-06-03T14:14:27.733073,0.000000,3.532984
123.8776,2026-06-03T14:14:28.229886,0.000000,3.532776
124.3806,2026-06-03T14:14:28.732893,0.000000,3.532972
124.8632,2026-06-03T14:14:29.215471,0.000000,3.532796
125.3859,2026-06-03T14:14:29.738158,0.000000,3.532680
125.8885,2026-06-03T14:14:30.240829,0.000000,3.532528
126.3891,2026-06-03T14:14:30.741393,0.000000,3.532324
126.8827,2026-06-03T14:14:31.234986,0.000000,3.532264
127.3805,2026-06-03T14:14:31.732786,0.000000,3.532248
127.8774,2026-06-03T14:14:32.229726,0.000000,3.532460
128.3737,2026-06-03T14:14:32.725948,0.000000,3.532548
128.8724,2026-06-03T14:14:33.224708,0.000000,3.532416
129.4047,2026-06-03T14:14:33.757030,0.000000,3.532316
129.9023,2026-06-03T14:14:34.254607,0.000000,3.531816
130.4046,2026-06-03T14:14:34.756904,0.000000,3.531172
130.9108,2026-06-03T14:14:35.263033,0.000000,3.530940
131.3813,2026-06-03T14:14:35.733585,0.000000,3.530844
131.8794,2026-06-03T14:14:36.231701,0.000000,3.530620
132.3736,2026-06-03T14:14:36.725850,0.000000,3.531048
132.8474,2026-06-03T14:14:37.199676,0.000000,3.531136
133.3318,2026-06-03T14:14:37.684124,0.000000,3.531208
133.8029,2026-06-03T14:14:38.155169,0.000000,3.531248
134.3100,2026-06-03T14:14:38.662312,0.000000,3.531096
134.8029,2026-06-03T14:14:39.155222,0.000000,3.530824
135.3013,2026-06-03T14:14:39.653602,0.000000,3.530856
135.8043,2026-06-03T14:14:40.156546,0.000000,3.531064
136.3040,2026-06-03T14:14:40.656288,0.000000,3.530772
136.8053,2026-06-03T14:14:41.157634,0.000000,3.530632
137.3077,2026-06-03T14:14:41.660029,0.000000,3.530480
137.8056,2026-06-03T14:14:42.157869,0.000000,3.529908
138.3039,2026-06-03T14:14:42.656178,0.000000,3.529416
138.8067,2026-06-03T14:14:43.159013,0.000000,3.528912
139.3096,2026-06-03T14:14:43.661883,0.000000,3.528296
139.7968,2026-06-03T14:14:44.149106,0.000000,3.528128
140.2975,2026-06-03T14:14:44.649830,0.000000,3.528472
140.8019,2026-06-03T14:14:45.154140,0.000000,3.528948
141.3009,2026-06-03T14:14:45.653215,0.000000,3.529048
141.7968,2026-06-03T14:14:46.149034,0.000000,3.529264
142.2918,2026-06-03T14:14:46.644114,0.000000,3.529084
142.7826,2026-06-03T14:14:47.134872,0.000000,3.528824
143.2854,2026-06-03T14:14:47.637638,0.000000,3.528620
143.7790,2026-06-03T14:14:48.131293,0.000000,3.528644
144.2773,2026-06-03T14:14:48.629548,0.000000,3.528780
144.8018,2026-06-03T14:14:49.154127,0.000000,3.528756
145.2979,2026-06-03T14:14:49.650187,0.000000,3.528624
145.7896,2026-06-03T14:14:50.141899,0.000000,3.528184
146.2897,2026-06-03T14:14:50.642000,0.000000,3.527692
146.7901,2026-06-03T14:14:51.142423,0.000000,3.527372
147.3003,2026-06-03T14:14:51.652591,0.000000,3.527504
147.7968,2026-06-03T14:14:52.149058,0.000000,3.527436
148.3017,2026-06-03T14:14:52.654027,0.000000,3.527292
148.7924,2026-06-03T14:14:53.144727,0.000000,3.526956
149.2968,2026-06-03T14:14:53.649070,0.000000,3.526796
149.7576,2026-06-03T14:14:54.109866,0.000000,3.526360
150.2575,2026-06-03T14:14:54.609793,0.000000,3.526264
150.7525,2026-06-03T14:14:55.104820,0.000000,3.525892
151.2525,2026-06-03T14:14:55.604806,0.000000,3.525432
151.7479,2026-06-03T14:14:56.100198,0.000000,3.525164
152.2448,2026-06-03T14:14:56.597076,0.000000,3.525132
152.7741,2026-06-03T14:14:57.126435,0.000000,3.525464
153.2774,2026-06-03T14:14:57.629696,0.000000,3.525400
153.7817,2026-06-03T14:14:58.133952,0.000000,3.525444
154.2861,2026-06-03T14:14:58.638361,0.000000,3.525380
154.8144,2026-06-03T14:14:59.166655,0.000000,3.525188
155.3108,2026-06-03T14:14:59.663089,0.000000,3.525588
155.8051,2026-06-03T14:15:00.157433,0.000000,3.525868
156.2643,2026-06-03T14:15:00.616600,0.000000,3.525712
156.7657,2026-06-03T14:15:01.117952,0.000000,3.525728
157.2536,2026-06-03T14:15:01.605841,0.000000,3.525152
157.7533,2026-06-03T14:15:02.105540,0.000000,3.524800
158.2461,2026-06-03T14:15:02.598412,0.000000,3.524808
158.7463,2026-06-03T14:15:03.098593,0.000000,3.524624
159.2419,2026-06-03T14:15:03.594233,0.000000,3.524908
159.7742,2026-06-03T14:15:04.126452,0.000000,3.524848
160.2670,2026-06-03T14:15:04.619296,0.000000,3.524568
160.7776,2026-06-03T14:15:05.129910,0.000000,3.524792
161.2701,2026-06-03T14:15:05.622424,0.000000,3.524732
161.7960,2026-06-03T14:15:06.148263,0.000000,3.524776
162.3021,2026-06-03T14:15:06.654393,0.000000,3.524796
162.7958,2026-06-03T14:15:07.148124,0.000000,3.524600
163.2831,2026-06-03T14:15:07.635383,0.000000,3.524264
163.7706,2026-06-03T14:15:08.122905,0.000000,3.524088
164.2776,2026-06-03T14:15:08.629891,0.000000,3.523868
164.7730,2026-06-03T14:15:09.125313,0.000000,3.523500
165.2732,2026-06-03T14:15:09.625472,0.000000,3.523412
165.7663,2026-06-03T14:15:10.118623,0.000000,3.523304
166.2962,2026-06-03T14:15:10.648530,0.000000,3.523252
166.7967,2026-06-03T14:15:11.148998,0.000000,3.523196
167.2985,2026-06-03T14:15:11.650759,0.000000,3.522912
167.7807,2026-06-03T14:15:12.133034,0.000000,3.522868
168.2761,2026-06-03T14:15:12.628385,0.000000,3.523024
168.7736,2026-06-03T14:15:13.125875,0.000000,3.523020
169.2682,2026-06-03T14:15:13.620489,0.000000,3.522996
169.7652,2026-06-03T14:15:14.117488,0.000000,3.522548
170.2655,2026-06-03T14:15:14.617808,0.000000,3.522580
170.7574,2026-06-03T14:15:15.109692,0.000000,3.522400
171.2577,2026-06-03T14:15:15.609998,0.000000,3.522528
171.7410,2026-06-03T14:15:16.093336,0.000000,3.522852
172.2383,2026-06-03T14:15:16.590548,0.000000,3.522572
172.7420,2026-06-03T14:15:17.094292,0.000000,3.522556
173.2442,2026-06-03T14:15:17.596473,0.000000,3.522272
173.7743,2026-06-03T14:15:18.126574,0.000000,3.522068
174.2743,2026-06-03T14:15:18.626628,0.000000,3.522108
174.7725,2026-06-03T14:15:19.124774,0.000000,3.522324
175.2735,2026-06-03T14:15:19.625835,0.000000,3.522472
175.7953,2026-06-03T14:15:20.147548,0.000000,3.522488
176.3078,2026-06-03T14:15:20.660067,0.000000,3.522312
176.8138,2026-06-03T14:15:21.166068,0.000000,3.522004
177.3144,2026-06-03T14:15:21.666682,0.000000,3.521700
177.8162,2026-06-03T14:15:22.168512,0.000000,3.521800
178.3111,2026-06-03T14:15:22.663380,0.000000,3.521440
178.7893,2026-06-03T14:15:23.141563,0.000000,3.521176
179.2825,2026-06-03T14:15:23.634816,0.000000,3.521492
179.7829,2026-06-03T14:15:24.135167,0.000000,3.521492
180.3058,2026-06-03T14:15:24.658134,0.000000,3.521944
180.8097,2026-06-03T14:15:25.161982,0.000000,3.522360
181.2778,2026-06-03T14:15:25.630110,0.000000,3.522368
181.7634,2026-06-03T14:15:26.115707,0.000000,3.522328
182.2550,2026-06-03T14:15:26.607295,0.000000,3.522476
182.7497,2026-06-03T14:15:27.101995,0.000000,3.522500
183.2378,2026-06-03T14:15:27.590083,0.000000,3.522840
183.7336,2026-06-03T14:15:28.085912,0.000000,3.522708
184.2286,2026-06-03T14:15:28.580936,0.000000,3.522816
184.7537,2026-06-03T14:15:29.106023,0.000000,3.522756
185.2491,2026-06-03T14:15:29.601438,0.000000,3.522600
185.7491,2026-06-03T14:15:30.101440,0.000000,3.523148
186.2499,2026-06-03T14:15:30.602163,0.000000,3.523260
186.7829,2026-06-03T14:15:31.135203,0.000000,3.523868
187.2819,2026-06-03T14:15:31.634183,0.000000,3.523808
187.7784,2026-06-03T14:15:32.130654,0.000000,3.523608
188.2829,2026-06-03T14:15:32.635176,0.000000,3.523592
188.7894,2026-06-03T14:15:33.141719,0.000000,3.522924
189.2902,2026-06-03T14:15:33.642493,0.000000,3.522604
189.7828,2026-06-03T14:15:34.135101,0.000000,3.522216
190.2825,2026-06-03T14:15:34.634793,0.000000,3.521848
190.8026,2026-06-03T14:15:35.154886,0.000000,3.521768
191.3012,2026-06-03T14:15:35.653530,0.000000,3.521880
191.7969,2026-06-03T14:15:36.149232,0.000000,3.521792
192.2673,2026-06-03T14:15:36.619593,0.000000,3.521500
192.7576,2026-06-03T14:15:37.109904,0.000000,3.521340
193.2321,2026-06-03T14:15:37.584371,0.000000,3.521572
193.7062,2026-06-03T14:15:38.058489,0.000000,3.521800
194.1820,2026-06-03T14:15:38.534271,0.000000,3.522400
194.6830,2026-06-03T14:15:39.035289,0.000000,3.522708
195.1907,2026-06-03T14:15:39.542958,0.000000,3.522212
195.6934,2026-06-03T14:15:40.045660,0.000000,3.521916
196.1863,2026-06-03T14:15:40.538611,0.000000,3.521648
196.6827,2026-06-03T14:15:41.035031,0.000000,3.521676
197.1507,2026-06-03T14:15:41.503041,0.000000,3.522092
197.6413,2026-06-03T14:15:41.993565,0.000000,3.522032
198.1280,2026-06-03T14:15:42.480285,0.000000,3.521788
198.6245,2026-06-03T14:15:42.976806,0.000000,3.521880
199.1466,2026-06-03T14:15:43.498863,0.000000,3.521764
199.6366,2026-06-03T14:15:43.988877,0.000000,3.521732
200.1254,2026-06-03T14:15:44.477708,0.000000,3.521752
200.6256,2026-06-03T14:15:44.977849,0.000000,3.521192
201.1253,2026-06-03T14:15:45.477628,0.000000,3.521156
201.6241,2026-06-03T14:15:45.976372,0.000000,3.521348
202.1077,2026-06-03T14:15:46.459999,0.000000,3.521704
202.6142,2026-06-03T14:15:46.966465,0.000000,3.522028
203.0765,2026-06-03T14:15:47.428809,0.000000,3.521704
203.5735,2026-06-03T14:15:47.925779,0.000000,3.521852
204.0631,2026-06-03T14:15:48.415437,0.000000,3.521932
204.5659,2026-06-03T14:15:48.918138,0.000000,3.522072
205.0664,2026-06-03T14:15:49.418677,0.000000,3.522452
205.5737,2026-06-03T14:15:49.925974,0.000000,3.522408
206.0712,2026-06-03T14:15:50.423525,0.000000,3.522228
206.5663,2026-06-03T14:15:50.918582,0.000000,3.522164
207.0911,2026-06-03T14:15:51.443436,0.000000,3.522044
207.5901,2026-06-03T14:15:51.942431,0.000000,3.522132
208.0827,2026-06-03T14:15:52.435004,0.000000,3.522008
208.5866,2026-06-03T14:15:52.938887,0.000000,3.522084
209.0866,2026-06-03T14:15:53.438937,0.000000,3.522148
209.5826,2026-06-03T14:15:53.934911,0.000000,3.522028
210.0824,2026-06-03T14:15:54.434731,0.000000,3.522064
210.5851,2026-06-03T14:15:54.937362,0.000000,3.521956
211.1154,2026-06-03T14:15:55.467721,0.000000,3.522124
211.6130,2026-06-03T14:15:55.965308,0.000000,3.522060
212.1080,2026-06-03T14:15:56.460250,0.000000,3.521988
212.6028,2026-06-03T14:15:56.955110,0.000000,3.522020
213.1294,2026-06-03T14:15:57.481697,0.000000,3.521744
213.6269,2026-06-03T14:15:57.979223,0.000000,3.521860
214.1224,2026-06-03T14:15:58.474654,0.000000,3.522112
214.6163,2026-06-03T14:15:58.968547,0.000000,3.522180
215.1195,2026-06-03T14:15:59.471770,0.000000,3.522044
215.6167,2026-06-03T14:15:59.969007,0.000000,3.521972
216.1207,2026-06-03T14:16:00.472968,0.000000,3.521816
216.6182,2026-06-03T14:16:00.970474,0.000000,3.521672
217.1193,2026-06-03T14:16:01.471624,0.000000,3.521644
217.6423,2026-06-03T14:16:01.994610,0.000000,3.521324
218.1420,2026-06-03T14:16:02.494289,0.000000,3.520652
218.6371,2026-06-03T14:16:02.989392,0.000000,3.520376
219.1313,2026-06-03T14:16:03.483556,0.000000,3.520480
219.6302,2026-06-03T14:16:03.982496,0.000000,3.520620
220.1498,2026-06-03T14:16:04.502103,0.000000,3.521020
220.6417,2026-06-03T14:16:04.994002,0.000000,3.521196
221.1430,2026-06-03T14:16:05.495320,0.000000,3.521432
221.6384,2026-06-03T14:16:05.990677,0.000000,3.521536
222.1089,2026-06-03T14:16:06.461211,0.000000,3.521660
222.6153,2026-06-03T14:16:06.967574,0.000000,3.521744
223.1153,2026-06-03T14:16:07.467575,0.000000,3.521896
223.6120,2026-06-03T14:16:07.964296,0.000000,3.521740
224.1287,2026-06-03T14:16:08.480976,0.000000,3.521664
224.6409,2026-06-03T14:16:08.993157,0.000000,3.521608
225.1244,2026-06-03T14:16:09.476702,0.000000,3.521404
225.6358,2026-06-03T14:16:09.988121,0.000000,3.521872
226.1221,2026-06-03T14:16:10.474431,0.000000,3.522064
226.6275,2026-06-03T14:16:10.979776,0.000000,3.522084
227.1174,2026-06-03T14:16:11.469725,0.000000,3.521984
227.6215,2026-06-03T14:16:11.973757,0.000000,3.522096
228.1141,2026-06-03T14:16:12.466436,0.000000,3.522520
228.6170,2026-06-03T14:16:12.969248,0.000000,3.522848
229.1154,2026-06-03T14:16:13.467713,0.000000,3.522972
229.6195,2026-06-03T14:16:13.971796,0.000000,3.522892
230.1200,2026-06-03T14:16:14.472302,0.000000,3.522600
230.6091,2026-06-03T14:16:14.961331,0.000000,3.522456
231.1268,2026-06-03T14:16:15.479076,0.000000,3.522384
231.6319,2026-06-03T14:16:15.984202,0.000000,3.522292
232.1100,2026-06-03T14:16:16.462304,0.000000,3.522408
232.6146,2026-06-03T14:16:16.966830,0.000000,3.522524
233.1112,2026-06-03T14:16:17.463509,0.000000,3.522684
233.6045,2026-06-03T14:16:17.956818,0.000000,3.522580
234.0677,2026-06-03T14:16:18.420030,0.000000,3.522168
234.5609,2026-06-03T14:16:18.913215,0.000000,3.521888
235.0513,2026-06-03T14:16:19.403621,0.000000,3.522048
235.5466,2026-06-03T14:16:19.898917,0.000000,3.522252
236.0637,2026-06-03T14:16:20.416005,0.000000,3.522516
236.5605,2026-06-03T14:16:20.912751,0.000000,3.522616
237.0622,2026-06-03T14:16:21.414457,0.000000,3.522524
237.5589,2026-06-03T14:16:21.911181,0.000000,3.522784
238.0547,2026-06-03T14:16:22.407006,0.000000,3.522932
238.5790,2026-06-03T14:16:22.931297,0.000000,3.523008
239.0839,2026-06-03T14:16:23.436230,0.000000,3.523100
239.5806,2026-06-03T14:16:23.932940,0.000000,3.522772
240.0790,2026-06-03T14:16:24.431333,0.000000,3.523036
240.5450,2026-06-03T14:16:24.897276,0.000000,3.523076
241.0520,2026-06-03T14:16:25.404253,0.000000,3.523084
241.5440,2026-06-03T14:16:25.896324,0.000000,3.523504
242.0266,2026-06-03T14:16:26.378938,0.000000,3.523416
242.5277,2026-06-03T14:16:26.879948,0.000000,3.523760
243.0112,2026-06-03T14:16:27.363519,0.000000,3.524288
243.5299,2026-06-03T14:16:27.882175,0.000000,3.524212
244.0188,2026-06-03T14:16:28.371050,0.000000,3.524264
244.5123,2026-06-03T14:16:28.864556,0.000000,3.523920
245.0024,2026-06-03T14:16:29.354643,0.000000,3.523444
245.4992,2026-06-03T14:16:29.851474,0.000000,3.523312
246.0262,2026-06-03T14:16:30.378521,0.000000,3.523316
246.5361,2026-06-03T14:16:30.888351,0.000000,3.523724
247.0041,2026-06-03T14:16:31.356386,0.000000,3.524040
247.4979,2026-06-03T14:16:31.850171,0.000000,3.524284
247.9955,2026-06-03T14:16:32.347748,0.000000,3.524356
248.4939,2026-06-03T14:16:32.846203,0.000000,3.524460
248.9911,2026-06-03T14:16:33.343395,0.000000,3.524368
249.4916,2026-06-03T14:16:33.843908,0.000000,3.524324
249.9810,2026-06-03T14:16:34.333290,0.000000,3.524324
250.5121,2026-06-03T14:16:34.864414,0.000000,3.524268
251.0061,2026-06-03T14:16:35.358437,0.000000,3.524540
251.5075,2026-06-03T14:16:35.859837,0.000000,3.524760
251.9933,2026-06-03T14:16:36.345627,0.000000,3.524988
252.5034,2026-06-03T14:16:36.855736,0.000000,3.525304
253.0004,2026-06-03T14:16:37.352698,0.000000,3.525132
253.5078,2026-06-03T14:16:37.860135,0.000000,3.525088
253.9982,2026-06-03T14:16:38.350479,0.000000,3.525448
254.5075,2026-06-03T14:16:38.859795,0.000000,3.525412
254.9982,2026-06-03T14:16:39.350537,0.000000,3.525756
255.4999,2026-06-03T14:16:39.852158,0.000000,3.525812
255.9878,2026-06-03T14:16:40.340121,0.000000,3.525492
256.4840,2026-06-03T14:16:40.836281,0.000000,3.525548
256.9801,2026-06-03T14:16:41.332440,0.000000,3.525592
257.4951,2026-06-03T14:16:41.847415,0.000000,3.525832
257.9979,2026-06-03T14:16:42.350213,0.000000,3.526248
258.4950,2026-06-03T14:16:42.847311,0.000000,3.526364
258.9662,2026-06-03T14:16:43.318470,0.000000,3.526456
259.4640,2026-06-03T14:16:43.816293,0.000000,3.526672
259.9373,2026-06-03T14:16:44.289630,0.000000,3.526788
260.4344,2026-06-03T14:16:44.786729,0.000000,3.526768
260.9378,2026-06-03T14:16:45.290042,0.000000,3.527020
261.4197,2026-06-03T14:16:45.772022,0.000000,3.526784
261.9141,2026-06-03T14:16:46.266393,0.000000,3.526852
262.4194,2026-06-03T14:16:46.771708,0.000000,3.526864
262.9199,2026-06-03T14:16:47.272151,0.000000,3.526904
263.4123,2026-06-03T14:16:47.764552,0.000000,3.527528
263.9108,2026-06-03T14:16:48.263130,0.000000,3.527880
264.4008,2026-06-03T14:16:48.753081,0.000000,3.528096
264.9121,2026-06-03T14:16:49.264417,0.000000,3.528484
265.4388,2026-06-03T14:16:49.791092,0.000000,3.528500
265.9440,2026-06-03T14:16:50.296265,0.000000,3.528228
266.4446,2026-06-03T14:16:50.796873,0.000000,3.528132
266.9444,2026-06-03T14:16:51.296702,0.000000,3.527608
267.4406,2026-06-03T14:16:51.792888,0.000000,3.527204
267.9443,2026-06-03T14:16:52.296570,0.000000,3.527052
268.4441,2026-06-03T14:16:52.796361,0.000000,3.527264
268.9462,2026-06-03T14:16:53.298508,0.000000,3.527576
269.4461,2026-06-03T14:16:53.798376,0.000000,3.527660
269.9399,2026-06-03T14:16:54.292171,0.000000,3.528148
270.4371,2026-06-03T14:16:54.789423,0.000000,3.528028
270.9378,2026-06-03T14:16:55.290083,0.000000,3.528104
271.4374,2026-06-03T14:16:55.789705,0.000000,3.528180
271.9123,2026-06-03T14:16:56.264590,0.000000,3.528032
272.4034,2026-06-03T14:16:56.755695,0.000000,3.528340
272.8876,2026-06-03T14:16:57.239939,0.000000,3.528076
273.3625,2026-06-03T14:16:57.714793,0.000000,3.528076
273.8628,2026-06-03T14:16:58.215101,0.000000,3.528388
274.3640,2026-06-03T14:16:58.716310,0.000000,3.528576
274.8472,2026-06-03T14:16:59.199457,0.000000,3.529172
275.3445,2026-06-03T14:16:59.696795,0.000000,3.529216
275.8383,2026-06-03T14:17:00.190623,0.000000,3.529028
276.3443,2026-06-03T14:17:00.696609,0.000000,3.529016
276.8298,2026-06-03T14:17:01.182086,0.000000,3.529052
277.3361,2026-06-03T14:17:01.688389,0.000000,3.529376
277.8295,2026-06-03T14:17:02.181765,0.000000,3.529480
278.3356,2026-06-03T14:17:02.687927,0.000000,3.529232
278.8327,2026-06-03T14:17:03.184978,0.000000,3.529000
279.3402,2026-06-03T14:17:03.692527,0.000000,3.529064
279.8391,2026-06-03T14:17:04.191366,0.000000,3.529460
280.3567,2026-06-03T14:17:04.709015,0.000000,3.529668
280.8497,2026-06-03T14:17:05.201993,0.000000,3.529752
281.3528,2026-06-03T14:17:05.705111,0.000000,3.529944
281.8521,2026-06-03T14:17:06.204349,0.000000,3.530036
282.3566,2026-06-03T14:17:06.708861,0.000000,3.530076
282.8515,2026-06-03T14:17:07.203804,0.000000,3.530556
283.3346,2026-06-03T14:17:07.686867,0.000000,3.530256
283.8404,2026-06-03T14:17:08.192696,0.000000,3.530464
284.3378,2026-06-03T14:17:08.690135,0.000000,3.530832
284.8538,2026-06-03T14:17:09.206076,0.000000,3.530480
285.3491,2026-06-03T14:17:09.701420,0.000000,3.530600
285.8442,2026-06-03T14:17:10.196481,0.000000,3.530436
286.3175,2026-06-03T14:17:10.669782,0.000000,3.530248
286.8136,2026-06-03T14:17:11.165908,0.000000,3.530012
287.3400,2026-06-03T14:17:11.692245,0.000000,3.529732
287.8442,2026-06-03T14:17:12.196527,0.000000,3.529568
288.3419,2026-06-03T14:17:12.694212,0.000000,3.529536
288.8487,2026-06-03T14:17:13.201035,0.000000,3.529768
289.3409,2026-06-03T14:17:13.693239,0.000000,3.529900
289.8405,2026-06-03T14:17:14.192755,0.000000,3.530076
290.3360,2026-06-03T14:17:14.688269,0.000000,3.530436
290.8337,2026-06-03T14:17:15.186000,0.000000,3.530992
291.3613,2026-06-03T14:17:15.713550,0.000000,3.531384
291.8646,2026-06-03T14:17:16.216853,0.000000,3.531420
292.3569,2026-06-03T14:17:16.709236,0.000000,3.531084
292.8409,2026-06-03T14:17:17.193203,0.000000,3.531064
293.3405,2026-06-03T14:17:17.692747,0.000000,3.531040
293.8445,2026-06-03T14:17:18.196809,0.000000,3.531172
294.3516,2026-06-03T14:17:18.703928,0.000000,3.531632
294.8548,2026-06-03T14:17:19.207055,0.000000,3.531456
295.3457,2026-06-03T14:17:19.698032,0.000000,3.531692
295.8494,2026-06-03T14:17:20.201697,0.000000,3.531804
296.3545,2026-06-03T14:17:20.706815,0.000000,3.531648
296.8530,2026-06-03T14:17:21.205290,0.000000,3.531576
297.3492,2026-06-03T14:17:21.701446,0.000000,3.531284
297.8707,2026-06-03T14:17:22.222972,0.000000,3.531128
298.3790,2026-06-03T14:17:22.731310,0.000000,3.530996
298.8713,2026-06-03T14:17:23.223595,0.000000,3.531056
299.3776,2026-06-03T14:17:23.729848,0.000000,3.531564
299.8722,2026-06-03T14:17:24.224469,0.000000,3.531876
300.3753,2026-06-03T14:17:24.727643,0.000000,3.532216
300.8766,2026-06-03T14:17:25.228913,0.000000,3.532340
301.4089,2026-06-03T14:17:25.761232,0.000000,3.531604
301.9046,2026-06-03T14:17:26.256920,0.000000,3.531608
302.4049,2026-06-03T14:17:26.757195,0.000000,3.531488
302.9009,2026-06-03T14:17:27.253175,0.000000,3.531728
303.3997,2026-06-03T14:17:27.751968,0.000000,3.532460
303.8938,2026-06-03T14:17:28.246136,0.000000,3.532700
304.3912,2026-06-03T14:17:28.743492,0.000000,3.532956
304.8913,2026-06-03T14:17:29.243593,0.000000,3.532960
305.3819,2026-06-03T14:17:29.734198,0.000000,3.532420
305.8796,2026-06-03T14:17:30.231914,0.000000,3.532172
306.3812,2026-06-03T14:17:30.733535,0.000000,3.531944
306.8832,2026-06-03T14:17:31.235520,0.000000,3.531736
307.3492,2026-06-03T14:17:31.701529,0.000000,3.531632
307.8392,2026-06-03T14:17:32.191492,0.000000,3.531780
308.3364,2026-06-03T14:17:32.688711,0.000000,3.531656
308.8430,2026-06-03T14:17:33.195299,0.000000,3.531656
309.3539,2026-06-03T14:17:33.706158,0.000000,3.532236
309.8238,2026-06-03T14:17:34.176107,0.000000,3.532304
310.2995,2026-06-03T14:17:34.651764,0.000000,3.532592
310.7995,2026-06-03T14:17:35.151777,0.000000,3.532668
311.2792,2026-06-03T14:17:35.631477,0.000000,3.532868
311.7894,2026-06-03T14:17:36.141640,0.000000,3.533228
312.3005,2026-06-03T14:17:36.652797,0.000000,3.533348
312.8031,2026-06-03T14:17:37.155397,0.000000,3.533616
313.2955,2026-06-03T14:17:37.647803,0.000000,3.533732
313.7962,2026-06-03T14:17:38.148511,0.000000,3.533504
314.2620,2026-06-03T14:17:38.614311,0.000000,3.533320
314.7381,2026-06-03T14:17:39.090354,0.000000,3.533312
315.2423,2026-06-03T14:17:39.594549,0.000000,3.533164
315.7354,2026-06-03T14:17:40.087637,0.000000,3.533212
316.2374,2026-06-03T14:17:40.589699,0.000000,3.533152
316.7340,2026-06-03T14:17:41.086267,0.000000,3.533332
317.2458,2026-06-03T14:17:41.598117,0.000000,3.533812
317.7501,2026-06-03T14:17:42.102377,0.000000,3.534020
318.2464,2026-06-03T14:17:42.598668,0.000000,3.534212
318.7356,2026-06-03T14:17:43.087903,0.000000,3.534236
319.2405,2026-06-03T14:17:43.592793,0.000000,3.534156
319.7629,2026-06-03T14:17:44.115135,0.000000,3.534184
320.2489,2026-06-03T14:17:44.601165,0.000000,3.534344
320.7226,2026-06-03T14:17:45.074915,0.000000,3.534240
321.2058,2026-06-03T14:17:45.558110,0.000000,3.533964
321.7005,2026-06-03T14:17:46.052746,0.000000,3.533452
322.2006,2026-06-03T14:17:46.552934,0.000000,3.533580
322.6661,2026-06-03T14:17:47.018418,0.000000,3.533408
323.1727,2026-06-03T14:17:47.524976,0.000000,3.533684
323.6425,2026-06-03T14:17:47.994778,0.000000,3.534256
324.1167,2026-06-03T14:17:48.468940,0.000000,3.534228
324.5912,2026-06-03T14:17:48.943537,0.000000,3.534208
325.1000,2026-06-03T14:17:49.452320,0.000000,3.534224
325.5971,2026-06-03T14:17:49.949433,0.000000,3.534320
326.0902,2026-06-03T14:17:50.442522,0.000000,3.534476
326.6051,2026-06-03T14:17:50.957407,0.000000,3.534796
327.0892,2026-06-03T14:17:51.441471,0.000000,3.534640
327.5879,2026-06-03T14:17:51.940204,0.000000,3.534560
328.0866,2026-06-03T14:17:52.438869,0.000000,3.534572
328.5443,2026-06-03T14:17:52.896569,0.000000,3.534652
329.0279,2026-06-03T14:17:53.380179,0.000000,3.534752
329.5041,2026-06-03T14:17:53.856400,0.000000,3.535192
329.9955,2026-06-03T14:17:54.347768,0.000000,3.535724
330.5075,2026-06-03T14:17:54.859814,0.000000,3.536228
331.0047,2026-06-03T14:17:55.357036,0.000000,3.536216
331.5048,2026-06-03T14:17:55.857079,0.000000,3.536248
331.9963,2026-06-03T14:17:56.348608,0.000000,3.536208
332.4963,2026-06-03T14:17:56.848584,0.000000,3.535904
332.9964,2026-06-03T14:17:57.348642,0.000000,3.535984
333.4921,2026-06-03T14:17:57.844372,0.000000,3.536280
333.9770,2026-06-03T14:17:58.329298,0.000000,3.536000
334.4817,2026-06-03T14:17:58.834003,0.000000,3.535840
334.9777,2026-06-03T14:17:59.329956,0.000000,3.536196
335.4807,2026-06-03T14:17:59.832998,0.000000,3.535848
335.9771,2026-06-03T14:18:00.329355,0.000000,3.535804
336.4506,2026-06-03T14:18:00.802872,0.000000,3.535824
336.9434,2026-06-03T14:18:01.295719,0.000000,3.535488
337.4452,2026-06-03T14:18:01.797529,0.000000,3.535448
337.9489,2026-06-03T14:18:02.301150,0.000000,3.535396
338.4697,2026-06-03T14:18:02.821989,0.000000,3.535612
338.9633,2026-06-03T14:18:03.315559,0.000000,3.535916
339.4626,2026-06-03T14:18:03.814918,0.000000,3.535952
339.9664,2026-06-03T14:18:04.318669,0.000000,3.536080
340.4737,2026-06-03T14:18:04.825965,0.000000,3.535892
340.9737,2026-06-03T14:18:05.326039,0.000000,3.535504
341.4696,2026-06-03T14:18:05.821878,0.000000,3.535344
342.0026,2026-06-03T14:18:06.354865,0.000000,3.535244
342.4844,2026-06-03T14:18:06.836696,0.000000,3.535576
342.9840,2026-06-03T14:18:07.336310,0.000000,3.536060
343.4839,2026-06-03T14:18:07.836224,0.000000,3.536512
343.9695,2026-06-03T14:18:08.321771,0.000000,3.536788
344.4630,2026-06-03T14:18:08.815329,0.000000,3.536720
344.9920,2026-06-03T14:18:09.344307,0.000000,3.536640
345.4791,2026-06-03T14:18:09.831419,0.000000,3.536480
345.9832,2026-06-03T14:18:10.335466,0.000000,3.536608
346.4811,2026-06-03T14:18:10.833402,0.000000,3.536752
346.9843,2026-06-03T14:18:11.336612,0.000000,3.537032
347.4754,2026-06-03T14:18:11.827662,0.000000,3.537124
347.9755,2026-06-03T14:18:12.327745,0.000000,3.537316
348.4643,2026-06-03T14:18:12.816634,0.000000,3.537136
348.9652,2026-06-03T14:18:13.317446,0.000000,3.537196
349.4824,2026-06-03T14:18:13.834683,0.000000,3.537168
349.9683,2026-06-03T14:18:14.320610,0.000000,3.537096
350.4671,2026-06-03T14:18:14.819339,0.000000,3.537348
350.9500,2026-06-03T14:18:15.302266,0.000000,3.537064
351.4498,2026-06-03T14:18:15.802126,0.000000,3.537264
351.9407,2026-06-03T14:18:16.292968,0.000000,3.537344
352.4631,2026-06-03T14:18:16.815348,0.000000,3.537476
352.9588,2026-06-03T14:18:17.311053,0.000000,3.537480
353.4625,2026-06-03T14:18:17.814829,0.000000,3.537264
353.9541,2026-06-03T14:18:18.306439,0.000000,3.536912
354.4510,2026-06-03T14:18:18.803326,0.000000,3.536624
354.9478,2026-06-03T14:18:19.300052,0.000000,3.536636
355.4531,2026-06-03T14:18:19.805397,0.000000,3.536496
355.9573,2026-06-03T14:18:20.309542,0.000000,3.536488
356.4772,2026-06-03T14:18:20.829442,0.000000,3.536528
356.9472,2026-06-03T14:18:21.299479,0.000000,3.536592
357.4536,2026-06-03T14:18:21.805927,0.000000,3.536928
357.9547,2026-06-03T14:18:22.306946,0.000000,3.537068
358.4660,2026-06-03T14:18:22.818324,0.000000,3.537292
358.9671,2026-06-03T14:18:23.319365,0.000000,3.537080
359.4604,2026-06-03T14:18:23.812720,0.000000,3.536984
359.9524,2026-06-03T14:18:24.304665,0.000000,3.537128
360.4573,2026-06-03T14:18:24.809564,0.000000,3.537188
360.9466,2026-06-03T14:18:25.298907,0.000000,3.537336
361.4490,2026-06-03T14:18:25.801242,0.000000,3.537240
361.9451,2026-06-03T14:18:26.297416,0.000000,3.536728
362.4434,2026-06-03T14:18:26.795678,0.000000,3.536432
362.9436,2026-06-03T14:18:27.295880,0.000000,3.536600
363.4608,2026-06-03T14:18:27.813071,0.000000,3.536828
363.9547,2026-06-03T14:18:28.306965,0.000000,3.537344
364.4551,2026-06-03T14:18:28.807423,0.000000,3.538108
364.9584,2026-06-03T14:18:29.310717,0.000000,3.538256
365.4534,2026-06-03T14:18:29.805649,0.000000,3.538496
365.9797,2026-06-03T14:18:30.331996,0.000000,3.538684
366.4727,2026-06-03T14:18:30.824995,0.000000,3.538648
366.9782,2026-06-03T14:18:31.330438,0.000000,3.538988
367.4697,2026-06-03T14:18:31.821980,0.000000,3.539236
367.9383,2026-06-03T14:18:32.290613,0.000000,3.539328
368.4219,2026-06-03T14:18:32.774181,0.000000,3.539512
368.9186,2026-06-03T14:18:33.270846,0.000000,3.539644
369.4147,2026-06-03T14:18:33.767002,0.000000,3.540132
369.9139,2026-06-03T14:18:34.266227,0.000000,3.540672
370.3785,2026-06-03T14:18:34.730782,0.000000,3.540344
370.8789,2026-06-03T14:18:35.231192,0.000000,3.539980
371.4064,2026-06-03T14:18:35.758665,0.000000,3.539888
371.8996,2026-06-03T14:18:36.251868,0.000000,3.539584
372.3959,2026-06-03T14:18:36.748190,0.000000,3.539892
372.8974,2026-06-03T14:18:37.249695,0.000000,3.540016
373.3961,2026-06-03T14:18:37.748371,0.000000,3.539652
373.9239,2026-06-03T14:18:38.276213,0.000000,3.539592
374.3966,2026-06-03T14:18:38.748907,0.000000,3.539644
374.8631,2026-06-03T14:18:39.215385,0.000000,3.539860
375.3698,2026-06-03T14:18:39.722102,0.000000,3.540276
375.8657,2026-06-03T14:18:40.218039,0.000000,3.540620
376.3381,2026-06-03T14:18:40.690380,0.000000,3.540404
376.8384,2026-06-03T14:18:41.190714,0.000000,3.540172
377.3278,2026-06-03T14:18:41.680096,0.000000,3.539724
377.8297,2026-06-03T14:18:42.182025,0.000000,3.539336
378.3284,2026-06-03T14:18:42.680714,0.000000,3.539620
378.8115,2026-06-03T14:18:43.163760,0.000000,3.540068
379.3049,2026-06-03T14:18:43.657204,0.000000,3.540604
379.7955,2026-06-03T14:18:44.147748,0.000000,3.541168
380.2915,2026-06-03T14:18:44.643827,0.000000,3.541240
380.7913,2026-06-03T14:18:45.143618,0.000000,3.541236
381.2953,2026-06-03T14:18:45.647601,0.000000,3.540984
381.7847,2026-06-03T14:18:46.136956,0.000000,3.540512
382.2844,2026-06-03T14:18:46.636646,0.000000,3.540604
382.8044,2026-06-03T14:18:47.156707,0.000000,3.540620
383.2964,2026-06-03T14:18:47.648689,0.000000,3.540664
383.7949,2026-06-03T14:18:48.147147,0.000000,3.540864
384.2758,2026-06-03T14:18:48.628062,0.000000,3.540720
384.7627,2026-06-03T14:18:49.114968,0.000000,3.540524
385.2579,2026-06-03T14:18:49.610167,0.000000,3.540836
385.7583,2026-06-03T14:18:50.110607,0.000000,3.541072
386.2452,2026-06-03T14:18:50.597478,0.000000,3.541368
386.7444,2026-06-03T14:18:51.096676,0.000000,3.541508
387.2383,2026-06-03T14:18:51.590577,0.000000,3.541688
387.7184,2026-06-03T14:18:52.070728,0.000000,3.541612
388.2023,2026-06-03T14:18:52.554626,0.000000,3.541428
388.6756,2026-06-03T14:18:53.027946,0.000000,3.541548
389.1346,2026-06-03T14:18:53.486859,0.000000,3.541368
389.5933,2026-06-03T14:18:53.945605,0.000000,3.541176
390.0937,2026-06-03T14:18:54.445961,0.000000,3.541244
390.5959,2026-06-03T14:18:54.948225,0.000000,3.540948
391.0947,2026-06-03T14:18:55.446972,0.000000,3.540952
391.5945,2026-06-03T14:18:55.946817,0.000000,3.541188
392.0947,2026-06-03T14:18:56.446937,0.000000,3.541108
392.6216,2026-06-03T14:18:56.973866,0.000000,3.541696
393.0957,2026-06-03T14:18:57.447953,0.000000,3.541992
393.6018,2026-06-03T14:18:57.954121,0.000000,3.542020
394.0953,2026-06-03T14:18:58.447604,0.000000,3.542044
394.5990,2026-06-03T14:18:58.951268,0.000000,3.541680
395.0867,2026-06-03T14:18:59.438998,0.000000,3.541312
395.5802,2026-06-03T14:18:59.932477,0.000000,3.541316
396.0955,2026-06-03T14:19:00.447829,0.000000,3.541168
396.5593,2026-06-03T14:19:00.911571,0.000000,3.541128
397.0440,2026-06-03T14:19:01.396333,0.000000,3.541076
397.5115,2026-06-03T14:19:01.863785,0.000000,3.540888
398.0166,2026-06-03T14:19:02.368918,0.000000,3.540892
398.4952,2026-06-03T14:19:02.847502,0.000000,3.541072
398.9833,2026-06-03T14:19:03.335558,0.000000,3.541576
399.4424,2026-06-03T14:19:03.794696,0.000000,3.542044
399.9455,2026-06-03T14:19:04.297819,0.000000,3.542200
400.4454,2026-06-03T14:19:04.797720,0.000000,3.542296
400.9421,2026-06-03T14:19:05.294373,0.000000,3.542172
401.4245,2026-06-03T14:19:05.776768,0.000000,3.542132
401.9272,2026-06-03T14:19:06.279532,0.000000,3.542656
402.4437,2026-06-03T14:19:06.795980,0.000000,3.543260
402.9339,2026-06-03T14:19:07.286194,0.000000,3.543368
403.4279,2026-06-03T14:19:07.780145,0.000000,3.543648
403.9256,2026-06-03T14:19:08.277857,0.000000,3.543796
404.4254,2026-06-03T14:19:08.777734,0.000000,3.543680
404.9514,2026-06-03T14:19:09.303666,0.000000,3.544088
405.4438,2026-06-03T14:19:09.796077,0.000000,3.544024
405.9500,2026-06-03T14:19:10.302294,0.000000,3.543836
406.4517,2026-06-03T14:19:10.803948,0.000000,3.544000
406.9507,2026-06-03T14:19:11.303020,0.000000,3.544044
407.4330,2026-06-03T14:19:11.785255,0.000000,3.544192
407.9341,2026-06-03T14:19:12.286381,0.000000,3.544372
408.4436,2026-06-03T14:19:12.795875,0.000000,3.544032
408.8975,2026-06-03T14:19:13.249788,0.000000,3.543900
409.3713,2026-06-03T14:19:13.723614,0.000000,3.543752
409.8590,2026-06-03T14:19:14.211271,0.000000,3.543656
410.3588,2026-06-03T14:19:14.711050,0.000000,3.543788
410.8143,2026-06-03T14:19:15.166585,0.000000,3.543956
411.2905,2026-06-03T14:19:15.642823,0.000000,3.543940
411.7868,2026-06-03T14:19:16.139058,0.000000,3.544024
412.2723,2026-06-03T14:19:16.624575,0.000000,3.544020
412.7435,2026-06-03T14:19:17.095824,0.000000,3.543744
413.2374,2026-06-03T14:19:17.589679,0.000000,3.544148
413.7304,2026-06-03T14:19:18.082657,0.000000,3.544440
414.2212,2026-06-03T14:19:18.573462,0.000000,3.544616
414.7147,2026-06-03T14:19:19.067038,0.000000,3.544992
415.2132,2026-06-03T14:19:19.565498,0.000000,3.544488
415.7113,2026-06-03T14:19:20.063598,0.000000,3.544420
416.1848,2026-06-03T14:19:20.537088,0.000000,3.544560
416.6907,2026-06-03T14:19:21.043002,0.000000,3.544656
417.1866,2026-06-03T14:19:21.538886,0.000000,3.545004
417.6835,2026-06-03T14:19:22.035748,0.000000,3.545024
418.1722,2026-06-03T14:19:22.524531,0.000000,3.545028
418.6658,2026-06-03T14:19:23.018120,0.000000,3.544524
419.1672,2026-06-03T14:19:23.519542,0.000000,3.544516
419.6923,2026-06-03T14:19:24.044636,0.000000,3.544452
420.1837,2026-06-03T14:19:24.535993,0.000000,3.544180
420.6785,2026-06-03T14:19:25.030824,0.000000,3.544904
421.1717,2026-06-03T14:19:25.524033,0.000000,3.545076
421.6662,2026-06-03T14:19:26.018512,0.000000,3.544916
422.1352,2026-06-03T14:19:26.487474,0.000000,3.544716
422.6384,2026-06-03T14:19:26.990677,0.000000,3.544220
423.1208,2026-06-03T14:19:27.473107,0.000000,3.543508
423.6217,2026-06-03T14:19:27.973944,0.000000,3.543640
424.1149,2026-06-03T14:19:28.467161,0.000000,3.543808
424.6192,2026-06-03T14:19:28.971533,0.000000,3.544236
425.0946,2026-06-03T14:19:29.446855,0.000000,3.544804
425.5904,2026-06-03T14:19:29.942715,0.000000,3.544920
426.0778,2026-06-03T14:19:30.430075,0.000000,3.545172
426.5708,2026-06-03T14:19:30.923192,0.000000,3.545316
427.0662,2026-06-03T14:19:31.418458,0.000000,3.544980
427.5622,2026-06-03T14:19:31.914476,0.000000,3.545008
428.0779,2026-06-03T14:19:32.430136,0.000000,3.544880
428.5872,2026-06-03T14:19:32.939529,0.000000,3.544812
429.0923,2026-06-03T14:19:33.444569,0.000000,3.544932
429.5945,2026-06-03T14:19:33.946832,0.000000,3.544848
430.1032,2026-06-03T14:19:34.455463,0.000000,3.545000
430.5949,2026-06-03T14:19:34.947184,0.000000,3.545236
431.0958,2026-06-03T14:19:35.448126,0.000000,3.545476
431.5814,2026-06-03T14:19:35.933708,0.000000,3.545536
432.0867,2026-06-03T14:19:36.438998,0.000000,3.545508
432.5739,2026-06-03T14:19:36.926196,0.000000,3.545172
433.0785,2026-06-03T14:19:37.430842,0.000000,3.545120
433.5801,2026-06-03T14:19:37.932433,0.000000,3.545040
434.0919,2026-06-03T14:19:38.444151,0.000000,3.544988
434.6113,2026-06-03T14:19:38.963601,0.000000,3.545204
435.1082,2026-06-03T14:19:39.460500,0.000000,3.545448
435.5817,2026-06-03T14:19:39.933963,0.000000,3.545708
436.0716,2026-06-03T14:19:40.423896,0.000000,3.545520
436.5675,2026-06-03T14:19:40.919819,0.000000,3.545256
437.0619,2026-06-03T14:19:41.414238,0.000000,3.545008
437.5478,2026-06-03T14:19:41.900099,0.000000,3.544960
438.0366,2026-06-03T14:19:42.388877,0.000000,3.545116
438.5403,2026-06-03T14:19:42.892529,0.000000,3.545348
438.9945,2026-06-03T14:19:43.346761,0.000000,3.545420
439.4992,2026-06-03T14:19:43.851448,0.000000,3.545308
440.0045,2026-06-03T14:19:44.356753,0.000000,3.545280
440.4967,2026-06-03T14:19:44.849023,0.000000,3.545440
441.0117,2026-06-03T14:19:45.364029,0.000000,3.545548
441.4673,2026-06-03T14:19:45.819614,0.000000,3.545684
441.9626,2026-06-03T14:19:46.314933,0.000000,3.545724
442.4575,2026-06-03T14:19:46.809824,0.000000,3.545400
442.9637,2026-06-03T14:19:47.316010,0.000000,3.545096
443.4381,2026-06-03T14:19:47.790371,0.000000,3.544980
443.9137,2026-06-03T14:19:48.266013,0.000000,3.545068
444.3739,2026-06-03T14:19:48.726189,0.000000,3.545180
444.8404,2026-06-03T14:19:49.192670,0.000000,3.545344
445.3333,2026-06-03T14:19:49.685613,0.000000,3.545488
445.8332,2026-06-03T14:19:50.185486,0.000000,3.545508
446.3158,2026-06-03T14:19:50.668091,0.000000,3.545776
446.8135,2026-06-03T14:19:51.165767,0.000000,3.545608
447.3123,2026-06-03T14:19:51.664569,0.000000,3.545308
447.8043,2026-06-03T14:19:52.156562,0.000000,3.545176
448.3076,2026-06-03T14:19:52.659915,0.000000,3.545004
448.8075,2026-06-03T14:19:53.159793,0.000000,3.545132
449.2907,2026-06-03T14:19:53.643034,0.000000,3.545272
449.7872,2026-06-03T14:19:54.139494,0.000000,3.545152
450.2491,2026-06-03T14:19:54.601416,0.000000,3.545164
450.7481,2026-06-03T14:19:55.100384,0.000000,3.545220
451.2507,2026-06-03T14:19:55.603027,0.000000,3.545424
451.7294,2026-06-03T14:19:56.081674,0.000000,3.545864
452.2353,2026-06-03T14:19:56.587581,0.000000,3.545656
452.7338,2026-06-03T14:19:57.086055,0.000000,3.545660
453.2256,2026-06-03T14:19:57.577871,0.000000,3.545408
453.7495,2026-06-03T14:19:58.101741,0.000000,3.544900
454.2459,2026-06-03T14:19:58.598217,0.000000,3.544608
454.7517,2026-06-03T14:19:59.104029,0.000000,3.544608
455.2525,2026-06-03T14:19:59.604824,0.000000,3.544860
455.7518,2026-06-03T14:20:00.104101,0.000000,3.545044
456.2607,2026-06-03T14:20:00.613011,0.000000,3.545208
456.7619,2026-06-03T14:20:01.114222,0.000000,3.545468
457.2519,2026-06-03T14:20:01.604214,0.000000,3.545392
457.7458,2026-06-03T14:20:02.098107,0.000000,3.545560
458.2391,2026-06-03T14:20:02.591378,0.000000,3.545548
458.7335,2026-06-03T14:20:03.085787,0.000000,3.545236
459.2338,2026-06-03T14:20:03.586087,0.000000,3.544932
459.7172,2026-06-03T14:20:04.069526,0.000000,3.544892
460.1734,2026-06-03T14:20:04.525669,0.000000,3.545176
460.6833,2026-06-03T14:20:05.035555,0.000000,3.545168
461.1484,2026-06-03T14:20:05.500688,0.000000,3.545308
461.6425,2026-06-03T14:20:05.994811,0.000000,3.545392
462.1407,2026-06-03T14:20:06.492958,0.000000,3.545208
462.6424,2026-06-03T14:20:06.994669,0.000000,3.544896
463.1409,2026-06-03T14:20:07.493238,0.000000,3.544800
463.6459,2026-06-03T14:20:07.998199,0.000000,3.544700
464.1465,2026-06-03T14:20:08.498754,0.000000,3.544648
464.6310,2026-06-03T14:20:08.983271,0.000000,3.545180
465.1075,2026-06-03T14:20:09.459751,0.000000,3.545436
465.6027,2026-06-03T14:20:09.954936,0.000000,3.545772
466.0975,2026-06-03T14:20:10.449757,0.000000,3.545948
466.6123,2026-06-03T14:20:10.964540,0.000000,3.545888
467.1075,2026-06-03T14:20:11.459778,0.000000,3.546100
467.6080,2026-06-03T14:20:11.960240,0.000000,3.545948
468.0988,2026-06-03T14:20:12.451106,0.000000,3.545888
468.5909,2026-06-03T14:20:12.943228,0.000000,3.546328
469.0838,2026-06-03T14:20:13.436080,0.000000,3.546528
469.5866,2026-06-03T14:20:13.938903,0.000000,3.546516
470.0872,2026-06-03T14:20:14.439488,0.000000,3.546424
470.5842,2026-06-03T14:20:14.936497,0.000000,3.546148
471.0829,2026-06-03T14:20:15.435158,0.000000,3.545988
471.5739,2026-06-03T14:20:15.926233,0.000000,3.546200
472.0677,2026-06-03T14:20:16.420015,0.000000,3.546360
472.5649,2026-06-03T14:20:16.917181,0.000000,3.546256
473.0680,2026-06-03T14:20:17.420240,0.000000,3.546328
473.5910,2026-06-03T14:20:17.943252,0.000000,3.546188
474.0674,2026-06-03T14:20:18.419677,0.000000,3.546056
474.5387,2026-06-03T14:20:18.891031,0.000000,3.545888
475.0450,2026-06-03T14:20:19.397267,0.000000,3.545544
475.5480,2026-06-03T14:20:19.900276,0.000000,3.545624
476.0496,2026-06-03T14:20:20.401855,0.000000,3.545988
476.5807,2026-06-03T14:20:20.932996,0.000000,3.546156
477.0760,2026-06-03T14:20:21.428324,0.000000,3.546032
477.5770,2026-06-03T14:20:21.929254,0.000000,3.545812
478.0747,2026-06-03T14:20:22.426929,0.000000,3.545580
478.5801,2026-06-03T14:20:22.932397,0.000000,3.545612
479.0583,2026-06-03T14:20:23.410577,0.000000,3.545956
479.5644,2026-06-03T14:20:23.916678,0.000000,3.546264
480.0578,2026-06-03T14:20:24.410050,0.000000,3.546240
480.5802,2026-06-03T14:20:24.932451,0.000000,3.546572
481.0762,2026-06-03T14:20:25.428485,0.000000,3.546916
481.5746,2026-06-03T14:20:25.926862,0.000000,3.547076
482.0786,2026-06-03T14:20:26.430892,0.000000,3.547140
482.5808,2026-06-03T14:20:26.933049,0.000000,3.546712
483.0766,2026-06-03T14:20:27.428902,0.000000,3.546680
483.5760,2026-06-03T14:20:27.928258,0.000000,3.546364
484.0743,2026-06-03T14:20:28.426612,0.000000,3.546280
484.5763,2026-06-03T14:20:28.928559,0.000000,3.546420
485.0757,2026-06-03T14:20:29.427982,0.000000,3.545780
485.5802,2026-06-03T14:20:29.932477,0.000000,3.545512
486.0712,2026-06-03T14:20:30.423478,0.000000,3.545068
486.5747,2026-06-03T14:20:30.927018,0.000000,3.544660
487.0964,2026-06-03T14:20:31.448708,0.000000,3.544708
487.6011,2026-06-03T14:20:31.953385,0.000000,3.544664
488.1006,2026-06-03T14:20:32.452928,0.000000,3.544752
488.5931,2026-06-03T14:20:32.945391,0.000000,3.544772
489.0933,2026-06-03T14:20:33.445579,0.000000,3.544928
489.5892,2026-06-03T14:20:33.941449,0.000000,3.544992
490.0581,2026-06-03T14:20:34.410379,0.000000,3.545044
490.5526,2026-06-03T14:20:34.904922,0.000000,3.545268
491.0513,2026-06-03T14:20:35.403637,0.000000,3.545148
491.5764,2026-06-03T14:20:35.928709,0.000000,3.545532
492.0755,2026-06-03T14:20:36.427758,0.000000,3.545832
492.5669,2026-06-03T14:20:36.919156,0.000000,3.545576
493.0648,2026-06-03T14:20:37.417089,0.000000,3.545760
493.5184,2026-06-03T14:20:37.870648,0.000000,3.545816
494.0285,2026-06-03T14:20:38.380808,0.000000,3.545812
494.5202,2026-06-03T14:20:38.872474,0.000000,3.545976
495.0358,2026-06-03T14:20:39.388079,0.000000,3.546276
495.5238,2026-06-03T14:20:39.876064,0.000000,3.546296
496.0326,2026-06-03T14:20:40.384865,0.000000,3.546520
496.5275,2026-06-03T14:20:40.879840,0.000000,3.546844
496.9925,2026-06-03T14:20:41.344748,0.000000,3.546616
497.4921,2026-06-03T14:20:41.844343,0.000000,3.546556
497.9891,2026-06-03T14:20:42.341415,0.000000,3.546572
498.4886,2026-06-03T14:20:42.840863,0.000000,3.546684
498.9864,2026-06-03T14:20:43.338677,0.000000,3.546712
499.4842,2026-06-03T14:20:43.836526,0.000000,3.546852
499.9847,2026-06-03T14:20:44.337012,0.000000,3.546636
500.4676,2026-06-03T14:20:44.819889,0.000000,3.546184
500.9611,2026-06-03T14:20:45.313362,0.000000,3.545868
501.4593,2026-06-03T14:20:45.811574,0.000000,3.545804
501.9588,2026-06-03T14:20:46.311086,0.000000,3.545512
502.4501,2026-06-03T14:20:46.802348,0.000000,3.545880
502.9573,2026-06-03T14:20:47.309601,0.000000,3.546364
503.4564,2026-06-03T14:20:47.808656,0.000000,3.546464
503.9484,2026-06-03T14:20:48.300648,0.000000,3.546804
504.4558,2026-06-03T14:20:48.808073,0.000000,3.546316
504.9534,2026-06-03T14:20:49.305708,0.000000,3.545708
505.4429,2026-06-03T14:20:49.795218,0.000000,3.545576
505.9368,2026-06-03T14:20:50.289080,0.000000,3.545240
506.4327,2026-06-03T14:20:50.785012,0.000000,3.545448
506.9302,2026-06-03T14:20:51.282486,0.000000,3.545896
507.4297,2026-06-03T14:20:51.781992,0.000000,3.546076
507.9253,2026-06-03T14:20:52.277620,0.000000,3.545992
508.4285,2026-06-03T14:20:52.780782,0.000000,3.545836
508.9261,2026-06-03T14:20:53.278396,0.000000,3.545628
509.4324,2026-06-03T14:20:53.784716,0.000000,3.545332
509.9512,2026-06-03T14:20:54.303528,0.000000,3.545844
510.4495,2026-06-03T14:20:54.801763,0.000000,3.546004
510.9536,2026-06-03T14:20:55.305894,0.000000,3.546464
511.4412,2026-06-03T14:20:55.793483,0.000000,3.546776
511.9403,2026-06-03T14:20:56.292552,0.000000,3.546776
512.4217,2026-06-03T14:20:56.773964,0.000000,3.547076
512.9222,2026-06-03T14:20:57.274473,0.000000,3.546672
513.4170,2026-06-03T14:20:57.769230,0.000000,3.546724
513.8953,2026-06-03T14:20:58.247547,0.000000,3.546624
514.3629,2026-06-03T14:20:58.715164,0.000000,3.546232
514.8568,2026-06-03T14:20:59.209042,0.000000,3.546204
515.3534,2026-06-03T14:20:59.705685,0.000000,3.545856
515.8576,2026-06-03T14:21:00.209896,0.000000,3.545744
516.3535,2026-06-03T14:21:00.705831,0.000000,3.545696
516.8543,2026-06-03T14:21:01.206599,0.000000,3.545876
517.3513,2026-06-03T14:21:01.703547,0.000000,3.545792
517.8578,2026-06-03T14:21:02.210057,0.000000,3.545364
518.3699,2026-06-03T14:21:02.722207,0.000000,3.545100
518.8493,2026-06-03T14:21:03.201639,0.000000,3.544760
519.3179,2026-06-03T14:21:03.670160,0.000000,3.544712
519.8260,2026-06-03T14:21:04.178322,0.000000,3.544820
520.3204,2026-06-03T14:21:04.672721,0.000000,3.544424
520.8177,2026-06-03T14:21:05.169989,0.000000,3.544496
521.3147,2026-06-03T14:21:05.666975,0.000000,3.544640
521.8172,2026-06-03T14:21:06.169488,0.000000,3.544552
522.3139,2026-06-03T14:21:06.666224,0.000000,3.544844
522.8060,2026-06-03T14:21:07.158313,0.000000,3.544504
523.2970,2026-06-03T14:21:07.649306,0.000000,3.543948
523.7617,2026-06-03T14:21:08.113964,0.000000,3.543496
524.2669,2026-06-03T14:21:08.619185,0.000000,3.543096
524.7370,2026-06-03T14:21:09.089278,0.000000,3.542864
525.2372,2026-06-03T14:21:09.589493,0.000000,3.542900
525.7295,2026-06-03T14:21:10.081770,0.000000,3.542996
526.2145,2026-06-03T14:21:10.566767,0.000000,3.543220
526.7109,2026-06-03T14:21:11.063232,0.000000,3.543492
527.2053,2026-06-03T14:21:11.557609,0.000000,3.543980
527.7017,2026-06-03T14:21:12.054020,0.000000,3.543916
528.2249,2026-06-03T14:21:12.577162,0.000000,3.543672
528.7069,2026-06-03T14:21:13.059213,0.000000,3.543012
529.2074,2026-06-03T14:21:13.559647,0.000000,3.542708
529.7020,2026-06-03T14:21:14.054265,0.000000,3.542656
530.2018,2026-06-03T14:21:14.554116,0.000000,3.542716
530.7172,2026-06-03T14:21:15.069470,0.000000,3.543028
531.2096,2026-06-03T14:21:15.561939,0.000000,3.542968
531.7062,2026-06-03T14:21:16.058498,0.000000,3.542896
532.2046,2026-06-03T14:21:16.556850,0.000000,3.542612
532.6980,2026-06-03T14:21:17.050258,0.000000,3.542536
533.1951,2026-06-03T14:21:17.547418,0.000000,3.542344
533.6969,2026-06-03T14:21:18.049224,0.000000,3.542264
534.1970,2026-06-03T14:21:18.549313,0.000000,3.542620
534.6953,2026-06-03T14:21:19.047576,0.000000,3.542688
535.1797,2026-06-03T14:21:19.532019,0.000000,3.542712
535.6454,2026-06-03T14:21:19.997702,0.000000,3.542264
536.1306,2026-06-03T14:21:20.482922,0.000000,3.541712
536.6319,2026-06-03T14:21:20.984179,0.000000,3.541488
537.1093,2026-06-03T14:21:21.461608,0.000000,3.541328
537.6135,2026-06-03T14:21:21.965818,0.000000,3.541628
538.1052,2026-06-03T14:21:22.457437,0.000000,3.542132
538.6052,2026-06-03T14:21:22.957482,0.000000,3.542072
539.1054,2026-06-03T14:21:23.457682,0.000000,3.541700
539.6339,2026-06-03T14:21:23.986239,0.000000,3.541220
540.1186,2026-06-03T14:21:24.470901,0.000000,3.540948
540.5767,2026-06-03T14:21:24.928932,0.000000,3.540668
541.0703,2026-06-03T14:21:25.422577,0.000000,3.540744
541.5696,2026-06-03T14:21:25.921851,0.000000,3.540632
542.0635,2026-06-03T14:21:26.415820,0.000000,3.540520
542.5634,2026-06-03T14:21:26.915640,0.000000,3.540428
543.0689,2026-06-03T14:21:27.421158,0.000000,3.540356
543.5702,2026-06-03T14:21:27.922525,0.000000,3.540368
544.0678,2026-06-03T14:21:28.420060,0.000000,3.540384
544.5746,2026-06-03T14:21:28.926870,0.000000,3.540316
545.0734,2026-06-03T14:21:29.425741,0.000000,3.540176
545.5751,2026-06-03T14:21:29.927379,0.000000,3.539924
546.0762,2026-06-03T14:21:30.428524,0.000000,3.539528
546.5704,2026-06-03T14:21:30.922711,0.000000,3.539516
547.0576,2026-06-03T14:21:31.409866,0.000000,3.539760
547.5426,2026-06-03T14:21:31.894850,0.000000,3.540120
548.0579,2026-06-03T14:21:32.410159,0.000000,3.540380
548.5520,2026-06-03T14:21:32.904272,0.000000,3.540488
549.0553,2026-06-03T14:21:33.407629,0.000000,3.540324
549.5579,2026-06-03T14:21:33.910152,0.000000,3.540156
550.0804,2026-06-03T14:21:34.432662,0.000000,3.539640
550.5787,2026-06-03T14:21:34.931003,0.000000,3.539716
551.0826,2026-06-03T14:21:35.434846,0.000000,3.539952
551.5733,2026-06-03T14:21:35.925588,0.000000,3.539948
552.0602,2026-06-03T14:21:36.412466,0.000000,3.540280
552.5451,2026-06-03T14:21:36.897398,0.000000,3.540176
553.0495,2026-06-03T14:21:37.401762,0.000000,3.539720
553.5262,2026-06-03T14:21:37.878531,0.000000,3.539304
554.0254,2026-06-03T14:21:38.377717,0.000000,3.538916
554.5260,2026-06-03T14:21:38.878289,0.000000,3.538160
555.0538,2026-06-03T14:21:39.406115,0.000000,3.537652
555.5443,2026-06-03T14:21:39.896634,0.000000,3.537412
556.0479,2026-06-03T14:21:40.400224,0.000000,3.537272
556.5111,2026-06-03T14:21:40.863433,0.000000,3.536928
556.9972,2026-06-03T14:21:41.349468,0.000000,3.536820
557.4969,2026-06-03T14:21:41.849183,0.000000,3.536732
558.0227,2026-06-03T14:21:42.375033,0.000000,3.537180
558.4979,2026-06-03T14:21:42.850176,0.000000,3.537700
558.9942,2026-06-03T14:21:43.346457,0.000000,3.537892
559.5010,2026-06-03T14:21:43.853326,0.000000,3.537876
559.9969,2026-06-03T14:21:44.349178,0.000000,3.537684
560.5046,2026-06-03T14:21:44.856937,0.000000,3.537352
561.0058,2026-06-03T14:21:45.358120,0.000000,3.537204
561.5004,2026-06-03T14:21:45.852664,0.000000,3.537188
562.0221,2026-06-03T14:21:46.374395,0.000000,3.537040
562.5219,2026-06-03T14:21:46.874169,0.000000,3.537228
563.0156,2026-06-03T14:21:47.367936,0.000000,3.537144
563.5251,2026-06-03T14:21:47.877414,0.000000,3.537248
564.0156,2026-06-03T14:21:48.367875,0.000000,3.537092
564.5386,2026-06-03T14:21:48.890845,0.000000,3.537072
565.0329,2026-06-03T14:21:49.385195,0.000000,3.537048
565.5310,2026-06-03T14:21:49.883286,0.000000,3.536832
566.0294,2026-06-03T14:21:50.381655,0.000000,3.537184
566.5293,2026-06-03T14:21:50.881563,0.000000,3.536916
567.0164,2026-06-03T14:21:51.368643,0.000000,3.536980
567.5226,2026-06-03T14:21:51.874907,0.000000,3.536784
567.9929,2026-06-03T14:21:52.345199,0.000000,3.536636
568.4796,2026-06-03T14:21:52.831924,0.000000,3.536784
568.9828,2026-06-03T14:21:53.335108,0.000000,3.537024
569.5055,2026-06-03T14:21:53.857780,0.000000,3.537196
570.0224,2026-06-03T14:21:54.374738,0.000000,3.537068
570.5232,2026-06-03T14:21:54.875446,0.000000,3.536832
571.0291,2026-06-03T14:21:55.381386,0.000000,3.536464
571.5494,2026-06-03T14:21:55.901687,0.000000,3.536648
572.0315,2026-06-03T14:21:56.383759,0.000000,3.537088
572.5309,2026-06-03T14:21:56.883185,0.000000,3.537144
573.0263,2026-06-03T14:21:57.378608,0.000000,3.537412
573.5276,2026-06-03T14:21:57.879906,0.000000,3.537416
574.0268,2026-06-03T14:21:58.379075,0.000000,3.537080
574.5199,2026-06-03T14:21:58.872206,0.000000,3.536996
575.0181,2026-06-03T14:21:59.370416,0.000000,3.536804
575.5223,2026-06-03T14:21:59.874550,0.000000,3.536568
576.0050,2026-06-03T14:22:00.357309,0.000000,3.536692
576.4614,2026-06-03T14:22:00.813728,0.000000,3.536884
576.9554,2026-06-03T14:22:01.307703,0.000000,3.536968
577.4563,2026-06-03T14:22:01.808624,0.000000,3.536596
577.9423,2026-06-03T14:22:02.294603,0.000000,3.535976
578.4348,2026-06-03T14:22:02.787101,0.000000,3.535316
578.9352,2026-06-03T14:22:03.287539,0.000000,3.534596
579.4211,2026-06-03T14:22:03.773384,0.000000,3.534444
579.9172,2026-06-03T14:22:04.269473,0.000000,3.534512
580.4146,2026-06-03T14:22:04.766921,0.000000,3.534628
580.9365,2026-06-03T14:22:05.288799,0.000000,3.534868
581.4213,2026-06-03T14:22:05.773610,0.000000,3.534728
581.9227,2026-06-03T14:22:06.275002,0.000000,3.534428
582.4048,2026-06-03T14:22:06.757118,0.000000,3.533988
582.9045,2026-06-03T14:22:07.256773,0.000000,3.533992
583.4059,2026-06-03T14:22:07.758237,0.000000,3.534148
583.8951,2026-06-03T14:22:08.247355,0.000000,3.534068
584.3861,2026-06-03T14:22:08.738409,0.000000,3.534460
584.8811,2026-06-03T14:22:09.233410,0.000000,3.534404
585.3787,2026-06-03T14:22:09.730975,0.000000,3.534376
585.8809,2026-06-03T14:22:10.233153,0.000000,3.534376
586.3769,2026-06-03T14:22:10.729180,0.000000,3.533924
586.8706,2026-06-03T14:22:11.222873,0.000000,3.533748
587.3548,2026-06-03T14:22:11.707111,0.000000,3.533468
587.8549,2026-06-03T14:22:12.207217,0.000000,3.533256
588.3752,2026-06-03T14:22:12.727503,0.000000,3.532768
588.8724,2026-06-03T14:22:13.224649,0.000000,3.532416
589.3542,2026-06-03T14:22:13.706498,0.000000,3.532140
589.8476,2026-06-03T14:22:14.199845,0.000000,3.531592
590.3538,2026-06-03T14:22:14.706120,0.000000,3.531656
590.8360,2026-06-03T14:22:15.188306,0.000000,3.530924
591.3424,2026-06-03T14:22:15.694672,0.000000,3.530184
591.8499,2026-06-03T14:22:16.202177,0.000000,3.530048
592.3511,2026-06-03T14:22:16.703343,0.000000,3.529424
592.8552,2026-06-03T14:22:17.207449,0.000000,3.529476
593.3449,2026-06-03T14:22:17.697175,0.000000,3.529508
593.8179,2026-06-03T14:22:18.170156,0.000000,3.529212
594.3162,2026-06-03T14:22:18.668511,0.000000,3.529328
594.8202,2026-06-03T14:22:19.172469,0.000000,3.529200
595.3256,2026-06-03T14:22:19.677925,0.000000,3.528836
595.8227,2026-06-03T14:22:20.175021,0.000000,3.528524
596.3222,2026-06-03T14:22:20.674472,0.000000,3.528216
596.8207,2026-06-03T14:22:21.172957,0.000000,3.527964
597.3222,2026-06-03T14:22:21.674475,0.000000,3.528072
597.8210,2026-06-03T14:22:22.173322,0.000000,3.527916
598.2836,2026-06-03T14:22:22.635862,0.000000,3.527852
598.7867,2026-06-03T14:22:23.138984,0.000000,3.527708
599.2624,2026-06-03T14:22:23.614719,0.000000,3.527400
599.7565,2026-06-03T14:22:24.108822,0.000000,3.527192
600.2874,2026-06-03T14:22:24.639658,0.000000,3.526896
600.7918,2026-06-03T14:22:25.144079,0.000000,3.526344
601.2908,2026-06-03T14:22:25.643113,0.000000,3.526084
601.7933,2026-06-03T14:22:26.145635,0.000000,3.525636
602.2424,2026-06-03T14:22:26.594668,0.000000,3.525568
602.7473,2026-06-03T14:22:27.099580,0.000000,3.525456
603.2592,2026-06-03T14:22:27.611528,0.000000,3.525348
603.7752,2026-06-03T14:22:28.127498,0.000000,3.525508
604.2690,2026-06-03T14:22:28.621341,0.000000,3.525688
604.7662,2026-06-03T14:22:29.118511,0.000000,3.525580
605.2624,2026-06-03T14:22:29.614679,0.000000,3.525512
605.7587,2026-06-03T14:22:30.110953,0.000000,3.525532
606.2583,2026-06-03T14:22:30.610574,0.000000,3.525216
606.7204,2026-06-03T14:22:31.072728,0.000000,3.524756
607.2187,2026-06-03T14:22:31.570934,0.000000,3.524352
607.7019,2026-06-03T14:22:32.054153,0.000000,3.523540
608.2344,2026-06-03T14:22:32.586641,0.000000,3.523080
608.7318,2026-06-03T14:22:33.084092,0.000000,3.522956
609.2313,2026-06-03T14:22:33.583537,0.000000,3.522596
609.7276,2026-06-03T14:22:34.079899,0.000000,3.522544
610.2169,2026-06-03T14:22:34.569202,0.000000,3.522208
610.7183,2026-06-03T14:22:35.070556,0.000000,3.522108
611.2358,2026-06-03T14:22:35.588121,0.000000,3.522192
611.7319,2026-06-03T14:22:36.084172,0.000000,3.522112
612.2207,2026-06-03T14:22:36.572983,0.000000,3.521960
612.7231,2026-06-03T14:22:37.075404,0.000000,3.521516
613.2216,2026-06-03T14:22:37.573871,0.000000,3.521084
613.7166,2026-06-03T14:22:38.068856,0.000000,3.520808
614.2186,2026-06-03T14:22:38.570904,0.000000,3.520808
614.7145,2026-06-03T14:22:39.066782,0.000000,3.520892
615.2125,2026-06-03T14:22:39.564762,0.000000,3.520652
615.7153,2026-06-03T14:22:40.067637,0.000000,3.520624
616.1958,2026-06-03T14:22:40.548100,0.000000,3.520276
616.6807,2026-06-03T14:22:41.033014,0.000000,3.519700
617.1780,2026-06-03T14:22:41.530259,0.000000,3.519252
617.6824,2026-06-03T14:22:42.034717,0.000000,3.518652
618.1716,2026-06-03T14:22:42.523923,0.000000,3.518236
618.6834,2026-06-03T14:22:43.035699,0.000000,3.517776
619.1945,2026-06-03T14:22:43.546818,0.000000,3.517624
619.6851,2026-06-03T14:22:44.037347,0.000000,3.517440
620.1511,2026-06-03T14:22:44.503432,0.000000,3.517336
620.6543,2026-06-03T14:22:45.006604,0.000000,3.517380
621.1302,2026-06-03T14:22:45.482458,0.000000,3.516892
621.6335,2026-06-03T14:22:45.985775,0.000000,3.516184
622.1213,2026-06-03T14:22:46.473601,0.000000,3.515728
622.6259,2026-06-03T14:22:46.978230,0.000000,3.515056
623.1259,2026-06-03T14:22:47.478218,0.000000,3.514772
623.6513,2026-06-03T14:22:48.003621,0.000000,3.514720
624.1466,2026-06-03T14:22:48.498873,0.000000,3.514520
624.6425,2026-06-03T14:22:48.994833,0.000000,3.514028
625.1179,2026-06-03T14:22:49.470216,0.000000,3.513136
625.6163,2026-06-03T14:22:49.968547,0.000000,3.512316
626.1384,2026-06-03T14:22:50.490698,0.000000,3.511744
626.6414,2026-06-03T14:22:50.993695,0.000000,3.511512
627.1434,2026-06-03T14:22:51.495719,0.000000,3.511516
627.6013,2026-06-03T14:22:51.953631,0.000000,3.511248
628.1033,2026-06-03T14:22:52.455629,0.000000,3.510600
628.5945,2026-06-03T14:22:52.946795,0.000000,3.509772
629.0909,2026-06-03T14:22:53.443199,0.000000,3.509308
629.5572,2026-06-03T14:22:53.909539,0.000000,3.508796
630.0660,2026-06-03T14:22:54.418321,0.000000,3.508496
630.5595,2026-06-03T14:22:54.911789,0.000000,3.508336
631.0591,2026-06-03T14:22:55.411401,0.000000,3.507896
631.5619,2026-06-03T14:22:55.914170,0.000000,3.507612
632.0668,2026-06-03T14:22:56.419056,0.000000,3.507488
632.5642,2026-06-03T14:22:56.916527,0.000000,3.507340
633.0672,2026-06-03T14:22:57.419450,0.000000,3.507388
633.5628,2026-06-03T14:22:57.915099,0.000000,3.507136
634.0597,2026-06-03T14:22:58.412003,0.000000,3.506772
634.5683,2026-06-03T14:22:58.920558,0.000000,3.506324
635.0783,2026-06-03T14:22:59.430578,0.000000,3.505856
635.5689,2026-06-03T14:22:59.921177,0.000000,3.505480
636.0748,2026-06-03T14:23:00.427047,0.000000,3.504580
636.5711,2026-06-03T14:23:00.923424,0.000000,3.503992
637.0661,2026-06-03T14:23:01.418377,0.000000,3.503104
637.5681,2026-06-03T14:23:01.920393,0.000000,3.502384
638.0705,2026-06-03T14:23:02.422758,0.000000,3.502100
638.5350,2026-06-03T14:23:02.887268,0.000000,3.501612
639.0324,2026-06-03T14:23:03.384687,0.000000,3.501424
639.5395,2026-06-03T14:23:03.891766,0.000000,3.500696
639.9926,2026-06-03T14:23:04.344851,0.000000,3.500164
640.4871,2026-06-03T14:23:04.839408,0.000000,3.499880
640.9527,2026-06-03T14:23:05.304938,0.000000,3.499072
641.4556,2026-06-03T14:23:05.807873,0.000000,3.498568
641.9501,2026-06-03T14:23:06.302352,0.000000,3.497960
642.4112,2026-06-03T14:23:06.763477,0.000000,3.497000
642.8959,2026-06-03T14:23:07.248182,0.000000,3.496616
643.3988,2026-06-03T14:23:07.751139,0.000000,3.496272
643.8912,2026-06-03T14:23:08.243504,0.000000,3.495872
644.4167,2026-06-03T14:23:08.769003,0.000000,3.495448
644.9138,2026-06-03T14:23:09.266111,0.000000,3.494416
645.4191,2026-06-03T14:23:09.771415,0.000000,3.493944
645.9155,2026-06-03T14:23:10.267746,0.000000,3.493256
646.4218,2026-06-03T14:23:10.774057,0.000000,3.492808
646.9303,2026-06-03T14:23:11.282584,0.000000,3.492564
647.4245,2026-06-03T14:23:11.776835,0.000000,3.491932
647.9169,2026-06-03T14:23:12.269172,0.000000,3.491392
648.3974,2026-06-03T14:23:12.749698,0.000000,3.490708
648.8980,2026-06-03T14:23:13.250258,0.000000,3.490108
649.3918,2026-06-03T14:23:13.744054,0.000000,3.489516
649.8892,2026-06-03T14:23:14.241486,0.000000,3.489104
650.3906,2026-06-03T14:23:14.742844,0.000000,3.488528
650.8840,2026-06-03T14:23:15.236285,0.000000,3.488016
651.3971,2026-06-03T14:23:15.749413,0.000000,3.487488
651.9053,2026-06-03T14:23:16.257547,0.000000,3.486748
652.4069,2026-06-03T14:23:16.759170,0.000000,3.486260
652.9079,2026-06-03T14:23:17.260231,0.000000,3.485812
653.4039,2026-06-03T14:23:17.756195,0.000000,3.485304
653.9056,2026-06-03T14:23:18.257902,0.000000,3.484860
654.4040,2026-06-03T14:23:18.756271,0.000000,3.483976
654.9087,2026-06-03T14:23:19.260974,0.000000,3.483300
655.4021,2026-06-03T14:23:19.754372,0.000000,3.482352
655.8986,2026-06-03T14:23:20.250930,0.000000,3.481308
656.3964,2026-06-03T14:23:20.748727,0.000000,3.480636
656.8955,2026-06-03T14:23:21.247766,0.000000,3.479644
657.3887,2026-06-03T14:23:21.740972,0.000000,3.479196
657.8891,2026-06-03T14:23:22.241344,0.000000,3.478584
658.3974,2026-06-03T14:23:22.749646,0.000000,3.477808
658.8992,2026-06-03T14:23:23.251452,0.000000,3.477328
659.3888,2026-06-03T14:23:23.741097,0.000000,3.476312
659.8921,2026-06-03T14:23:24.244402,0.000000,3.475828
660.3912,2026-06-03T14:23:24.743458,0.000000,3.475312
660.9140,2026-06-03T14:23:25.266337,0.000000,3.474508
661.4177,2026-06-03T14:23:25.770010,0.000000,3.473416
661.9152,2026-06-03T14:23:26.267523,0.000000,3.472180
662.4096,2026-06-03T14:23:26.761841,0.000000,3.471036
662.9102,2026-06-03T14:23:27.262454,0.000000,3.470380
663.4162,2026-06-03T14:23:27.768508,0.000000,3.469792
663.9080,2026-06-03T14:23:28.260242,0.000000,3.469028
664.4087,2026-06-03T14:23:28.760997,0.000000,3.468328
664.9307,2026-06-03T14:23:29.283028,0.000000,3.467208
665.4331,2026-06-03T14:23:29.785370,0.000000,3.466700
665.9289,2026-06-03T14:23:30.281159,0.000000,3.466164
666.4242,2026-06-03T14:23:30.776454,0.000000,3.465312
666.9004,2026-06-03T14:23:31.252647,0.000000,3.464804
667.4015,2026-06-03T14:23:31.753818,0.000000,3.463968
667.9113,2026-06-03T14:23:32.263633,0.000000,3.463440
668.3971,2026-06-03T14:23:32.749416,0.000000,3.462620
668.8961,2026-06-03T14:23:33.248417,0.000000,3.461452
669.3925,2026-06-03T14:23:33.744771,0.000000,3.460216
669.8855,2026-06-03T14:23:34.237819,0.000000,3.459024
670.3856,2026-06-03T14:23:34.737888,0.000000,3.457944
670.8807,2026-06-03T14:23:35.233050,0.000000,3.457440
671.3798,2026-06-03T14:23:35.732124,0.000000,3.456868
671.8955,2026-06-03T14:23:36.247757,0.000000,3.455992
672.4001,2026-06-03T14:23:36.752436,0.000000,3.454964
672.8930,2026-06-03T14:23:37.245272,0.000000,3.453464
673.3630,2026-06-03T14:23:37.715241,0.000000,3.452212
673.8361,2026-06-03T14:23:38.188359,0.000000,3.451200
674.3265,2026-06-03T14:23:38.678826,0.000000,3.450208
674.8367,2026-06-03T14:23:39.188941,0.000000,3.449820
675.3180,2026-06-03T14:23:39.670262,0.000000,3.449048
675.8181,2026-06-03T14:23:40.170416,0.000000,3.448240
676.3113,2026-06-03T14:23:40.663604,0.000000,3.447552
676.8121,2026-06-03T14:23:41.164349,0.000000,3.446680
677.3096,2026-06-03T14:23:41.661894,0.000000,3.445416
677.8161,2026-06-03T14:23:42.168417,0.000000,3.444328
678.3126,2026-06-03T14:23:42.664839,0.000000,3.443492
678.7691,2026-06-03T14:23:43.121391,0.000000,3.442228
679.2635,2026-06-03T14:23:43.615813,0.000000,3.441192
679.7663,2026-06-03T14:23:44.118619,0.000000,3.439816
680.2637,2026-06-03T14:23:44.616023,0.000000,3.438620
680.7723,2026-06-03T14:23:45.124599,0.000000,3.437204
681.2719,2026-06-03T14:23:45.624228,0.000000,3.435972
681.7646,2026-06-03T14:23:46.116889,0.000000,3.434704
682.2600,2026-06-03T14:23:46.612291,0.000000,3.433116
682.7639,2026-06-03T14:23:47.116167,0.000000,3.432188
683.2300,2026-06-03T14:23:47.582324,0.000000,3.430868
683.7318,2026-06-03T14:23:48.084060,0.000000,3.429628
684.2302,2026-06-03T14:23:48.582520,0.000000,3.427952
684.7213,2026-06-03T14:23:49.073541,0.000000,3.425804
685.2181,2026-06-03T14:23:49.570342,0.000000,3.423592
685.7249,2026-06-03T14:23:50.077207,0.000000,3.421700
686.2064,2026-06-03T14:23:50.558689,0.000000,3.419784
686.6567,2026-06-03T14:23:51.008989,0.000000,3.418116
687.1417,2026-06-03T14:23:51.494032,0.000000,3.416608
687.6415,2026-06-03T14:23:51.993807,0.000000,3.414132
688.1253,2026-06-03T14:23:52.477626,0.000000,3.411560
688.6167,2026-06-03T14:23:52.968976,0.000000,3.409120
689.1017,2026-06-03T14:23:53.453994,0.000000,3.406780
689.6018,2026-06-03T14:23:53.954088,0.000000,3.404248
690.1052,2026-06-03T14:23:54.457525,0.000000,3.401976
690.6229,2026-06-03T14:23:54.975132,0.000000,3.399080
691.1090,2026-06-03T14:23:55.461267,0.000000,3.396292
691.6038,2026-06-03T14:23:55.956131,0.000000,3.393796
692.1126,2026-06-03T14:23:56.464877,0.000000,3.390908
692.6078,2026-06-03T14:23:56.960101,0.000000,3.388160
693.1149,2026-06-03T14:23:57.467184,0.000000,3.385624
693.6207,2026-06-03T14:23:57.972941,0.000000,3.383476
694.1182,2026-06-03T14:23:58.470444,0.000000,3.381084
694.6210,2026-06-03T14:23:58.973281,0.000000,3.379440
695.1152,2026-06-03T14:23:59.467538,0.000000,3.377380
695.6015,2026-06-03T14:23:59.953762,0.000000,3.375508
696.0752,2026-06-03T14:24:00.427482,0.000000,3.373772
696.5692,2026-06-03T14:24:00.921449,0.000000,3.371836
697.0429,2026-06-03T14:24:01.395220,0.000000,3.369604
697.5456,2026-06-03T14:24:01.897887,0.000000,3.367512
698.0398,2026-06-03T14:24:02.392055,0.000000,3.365124
698.5401,2026-06-03T14:24:02.892431,0.000000,3.363140
699.0334,2026-06-03T14:24:03.385724,0.000000,3.361388
699.5346,2026-06-03T14:24:03.886909,0.000000,3.359068
700.0319,2026-06-03T14:24:04.384241,0.000000,3.357036
700.5306,2026-06-03T14:24:04.882882,0.000000,3.355020
701.0487,2026-06-03T14:24:05.401002,0.000000,3.353000
701.5611,2026-06-03T14:24:05.913350,0.000000,3.351212
702.0624,2026-06-03T14:24:06.414717,0.000000,3.348624
702.5568,2026-06-03T14:24:06.909048,0.000000,3.346464
703.0215,2026-06-03T14:24:07.373736,0.000000,3.343976
703.4974,2026-06-03T14:24:07.849681,0.000000,3.341816
703.9974,2026-06-03T14:24:08.349670,0.000000,3.340244
704.4619,2026-06-03T14:24:08.814226,0.000000,3.337756
704.9515,2026-06-03T14:24:09.303772,0.000000,3.335864
705.4520,2026-06-03T14:24:09.804296,0.000000,3.333656
705.9392,2026-06-03T14:24:10.291468,0.000000,3.331316
706.4416,2026-06-03T14:24:10.793901,0.000000,3.329568
706.9724,2026-06-03T14:24:11.324661,0.000000,3.327008
707.4592,2026-06-03T14:24:11.811479,0.000000,3.324636
707.9562,2026-06-03T14:24:12.308446,0.000000,3.321676
708.4569,2026-06-03T14:24:12.809166,0.000000,3.318940
708.9832,2026-06-03T14:24:13.335456,0.000000,3.316412
709.4777,2026-06-03T14:24:13.830045,0.000000,3.313540
709.9812,2026-06-03T14:24:14.333494,0.000000,3.311284
710.4536,2026-06-03T14:24:14.805920,0.000000,3.308460
710.9501,2026-06-03T14:24:15.302383,0.000000,3.306064
711.4342,2026-06-03T14:24:15.786439,0.000000,3.303600
711.9375,2026-06-03T14:24:16.289806,0.000000,3.301436
712.4366,2026-06-03T14:24:16.788916,0.000000,3.298880
712.9331,2026-06-03T14:24:17.285409,0.000000,3.296604
713.4291,2026-06-03T14:24:17.781372,0.000000,3.294352
713.9517,2026-06-03T14:24:18.303941,0.000000,3.292040
714.4428,2026-06-03T14:24:18.795078,0.000000,3.289856
714.9433,2026-06-03T14:24:19.295595,0.000000,3.287320
715.4451,2026-06-03T14:24:19.797401,0.000000,3.284876
715.9637,2026-06-03T14:24:20.315996,0.000000,3.282416
716.4675,2026-06-03T14:24:20.819830,0.000000,3.279968
716.9666,2026-06-03T14:24:21.318917,0.000000,3.277200
717.4695,2026-06-03T14:24:21.821765,0.000000,3.274376
717.9729,2026-06-03T14:24:22.325204,0.000000,3.271652
718.4664,2026-06-03T14:24:22.818641,0.000000,3.269276
718.9728,2026-06-03T14:24:23.325053,0.000000,3.266732
719.4773,2026-06-03T14:24:23.829579,0.000000,3.264360
720.0021,2026-06-03T14:24:24.354347,0.000000,3.261724
720.4904,2026-06-03T14:24:24.842652,0.000000,3.259232
720.9924,2026-06-03T14:24:25.344711,0.000000,3.256444
721.4857,2026-06-03T14:24:25.837987,0.000000,3.253964
721.9823,2026-06-03T14:24:26.334582,0.000000,3.251424
722.5139,2026-06-03T14:24:26.866225,0.000000,3.248588
723.0057,2026-06-03T14:24:27.357980,0.000000,3.246056
723.5086,2026-06-03T14:24:27.860888,0.000000,3.243532
724.0012,2026-06-03T14:24:28.353459,0.000000,3.241144
724.5016,2026-06-03T14:24:28.853893,0.000000,3.238884
725.0021,2026-06-03T14:24:29.354426,0.000000,3.236476
725.4797,2026-06-03T14:24:29.832038,0.000000,3.233928
725.9805,2026-06-03T14:24:30.332774,0.000000,3.231496
726.4780,2026-06-03T14:24:30.830339,0.000000,3.228996
726.9999,2026-06-03T14:24:31.352245,0.000000,3.226520
727.4976,2026-06-03T14:24:31.849878,0.000000,3.224364
727.9639,2026-06-03T14:24:32.316152,0.000000,3.222064
728.4547,2026-06-03T14:24:32.807033,0.000000,3.219812
728.9543,2026-06-03T14:24:33.306543,0.000000,3.217844
729.4405,2026-06-03T14:24:33.792816,0.000000,3.215932
729.9625,2026-06-03T14:24:34.314818,0.000000,3.213412
730.4662,2026-06-03T14:24:34.818536,0.000000,3.211304
730.9612,2026-06-03T14:24:35.313469,0.000000,3.208616
731.4626,2026-06-03T14:24:35.814895,0.000000,3.205704
731.9297,2026-06-03T14:24:36.281993,0.000000,3.203016
732.4215,2026-06-03T14:24:36.773833,0.000000,3.200200
732.9243,2026-06-03T14:24:37.276569,0.000000,3.197708
733.4057,2026-06-03T14:24:37.758012,0.000000,3.195284
733.9058,2026-06-03T14:24:38.258074,0.000000,3.193248
734.3970,2026-06-03T14:24:38.749286,0.000000,3.190916
734.9305,2026-06-03T14:24:39.282822,0.000000,3.188176
735.4224,2026-06-03T14:24:39.774689,0.000000,3.185268
735.9223,2026-06-03T14:24:40.274604,0.000000,3.182700
736.3804,2026-06-03T14:24:40.732692,0.000000,3.180320
736.8606,2026-06-03T14:24:41.212869,0.000000,3.178180
737.3602,2026-06-03T14:24:41.712520,0.000000,3.175816
737.8624,2026-06-03T14:24:42.214709,0.000000,3.173644
738.3593,2026-06-03T14:24:42.711581,0.000000,3.171268
738.8637,2026-06-03T14:24:43.216023,0.000000,3.169348
739.3437,2026-06-03T14:24:43.696019,0.000000,3.167212
739.8460,2026-06-03T14:24:44.198295,0.000000,3.165068
740.3452,2026-06-03T14:24:44.697473,0.000000,3.163052
740.8133,2026-06-03T14:24:45.165550,0.000000,3.160576
741.3129,2026-06-03T14:24:45.665174,0.000000,3.158464
741.8018,2026-06-03T14:24:46.154131,0.000000,3.156572
742.3055,2026-06-03T14:24:46.657830,0.000000,3.154488
742.7973,2026-06-03T14:24:47.149595,0.000000,3.152588
743.2975,2026-06-03T14:24:47.649810,0.000000,3.150660
743.7544,2026-06-03T14:24:48.106663,0.000000,3.148628
744.2557,2026-06-03T14:24:48.608031,0.000000,3.147040
744.7219,2026-06-03T14:24:49.074213,0.000000,3.145136
745.2104,2026-06-03T14:24:49.562713,0.000000,3.143604
745.7065,2026-06-03T14:24:50.058750,0.000000,3.141880
746.2061,2026-06-03T14:24:50.558426,0.000000,3.140028
746.7006,2026-06-03T14:24:51.052857,0.000000,3.138024
747.1979,2026-06-03T14:24:51.550155,0.000000,3.135972
747.6850,2026-06-03T14:24:52.037249,0.000000,3.133980
748.1726,2026-06-03T14:24:52.524878,0.000000,3.132104
748.6668,2026-06-03T14:24:53.019070,0.000000,3.130604
749.1835,2026-06-03T14:24:53.535791,0.000000,3.129176
749.6830,2026-06-03T14:24:54.035306,0.000000,3.127240
750.1761,2026-06-03T14:24:54.528380,0.000000,3.125508
750.6750,2026-06-03T14:24:55.027296,0.000000,3.123740
751.1766,2026-06-03T14:24:55.528844,0.000000,3.121812
751.6934,2026-06-03T14:24:56.045702,0.000000,3.120104
752.1850,2026-06-03T14:24:56.537241,0.000000,3.118240
752.6850,2026-06-03T14:24:57.037270,0.000000,3.116464
753.1733,2026-06-03T14:24:57.525592,0.000000,3.114876
753.6689,2026-06-03T14:24:58.021148,0.000000,3.113320
754.1685,2026-06-03T14:24:58.520762,0.000000,3.111500
754.6683,2026-06-03T14:24:59.020616,0.000000,3.109328
755.1346,2026-06-03T14:24:59.486840,0.000000,3.107072
755.6183,2026-06-03T14:24:59.970562,0.000000,3.105012
756.1039,2026-06-03T14:25:00.456140,0.000000,3.103168
756.6057,2026-06-03T14:25:00.957965,0.000000,3.101372
757.1348,2026-06-03T14:25:01.487034,0.000000,3.099464
757.6217,2026-06-03T14:25:01.974002,0.000000,3.097540
758.1142,2026-06-03T14:25:02.466523,0.000000,3.095912
758.6187,2026-06-03T14:25:02.970974,0.000000,3.094440
759.1193,2026-06-03T14:25:03.471558,0.000000,3.092968
759.6022,2026-06-03T14:25:03.954500,0.000000,3.091740
760.1144,2026-06-03T14:25:04.466721,0.000000,3.090000
760.6184,2026-06-03T14:25:04.970676,0.000000,3.088012
761.1178,2026-06-03T14:25:05.470046,0.000000,3.086136
761.6042,2026-06-03T14:25:05.956513,0.000000,3.084160
762.1093,2026-06-03T14:25:06.461632,0.000000,3.081904
762.6166,2026-06-03T14:25:06.968900,0.000000,3.079980
763.1125,2026-06-03T14:25:07.464748,0.000000,3.078220
763.6472,2026-06-03T14:25:07.999487,0.000000,3.076772
764.1433,2026-06-03T14:25:08.495630,0.000000,3.075456
764.6497,2026-06-03T14:25:09.002009,0.000000,3.074308
765.1518,2026-06-03T14:25:09.504115,0.000000,3.072340
765.6602,2026-06-03T14:25:10.012466,0.000000,3.070248
766.1643,2026-06-03T14:25:10.516554,0.000000,3.067896
766.6662,2026-06-03T14:25:11.018539,0.000000,3.065472
767.1713,2026-06-03T14:25:11.523638,0.000000,3.063460
767.6721,2026-06-03T14:25:12.024351,0.000000,3.061612
768.1688,2026-06-03T14:25:12.521078,0.000000,3.059852
768.6599,2026-06-03T14:25:13.012188,0.000000,3.058460
769.1583,2026-06-03T14:25:13.510597,0.000000,3.056760
769.6828,2026-06-03T14:25:14.035050,0.000000,3.055156
770.1767,2026-06-03T14:25:14.528994,0.000000,3.053972
770.6769,2026-06-03T14:25:15.029199,0.000000,3.052276
771.1787,2026-06-03T14:25:15.530969,0.000000,3.051016
771.6791,2026-06-03T14:25:16.031407,0.000000,3.049524
772.1737,2026-06-03T14:25:16.525954,0.000000,3.048128
772.6834,2026-06-03T14:25:17.035731,0.000000,3.046820
773.1889,2026-06-03T14:25:17.541242,0.000000,3.045372
773.6865,2026-06-03T14:25:18.038821,0.000000,3.043832
774.1801,2026-06-03T14:25:18.532346,0.000000,3.042468
774.6835,2026-06-03T14:25:19.035792,0.000000,3.040684
775.1894,2026-06-03T14:25:19.541665,0.000000,3.038680
775.6459,2026-06-03T14:25:19.998238,0.000000,3.037256
776.1499,2026-06-03T14:25:20.502203,0.000000,3.035520
776.6471,2026-06-03T14:25:20.999362,0.000000,3.034540
777.1792,2026-06-03T14:25:21.531470,0.000000,3.032968
777.6791,2026-06-03T14:25:22.031386,0.000000,3.030984
778.1807,2026-06-03T14:25:22.533030,0.000000,3.029092
778.6876,2026-06-03T14:25:23.039890,0.000000,3.026964
779.1764,2026-06-03T14:25:23.528647,0.000000,3.024960
779.6881,2026-06-03T14:25:24.040372,0.000000,3.023248
780.1742,2026-06-03T14:25:24.526441,0.000000,3.020608
780.6674,2026-06-03T14:25:25.019657,0.000000,3.018420
781.1674,2026-06-03T14:25:25.519674,0.000000,3.016728
781.6341,2026-06-03T14:25:25.986370,0.000000,3.014912
782.1371,2026-06-03T14:25:26.489342,0.000000,3.013508
782.6270,2026-06-03T14:25:26.979265,0.000000,3.011520
783.1199,2026-06-03T14:25:27.472230,0.000000,3.009432
783.6230,2026-06-03T14:25:27.975272,0.000000,3.007612
784.1501,2026-06-03T14:25:28.502336,0.000000,3.005816
784.6497,2026-06-03T14:25:29.002033,0.000000,3.004048
785.1433,2026-06-03T14:25:29.495576,0.000000,3.002088
785.6377,2026-06-03T14:25:29.989942,0.000000,3.000080
786.1313,2026-06-03T14:25:30.483602,0.000000,2.998188
786.6331,2026-06-03T14:25:30.985350,0.000000,2.996188
787.1310,2026-06-03T14:25:31.483316,0.000000,2.994732
787.6008,2026-06-03T14:25:31.953069,0.000000,2.992908
788.0809,2026-06-03T14:25:32.433185,0.000000,2.991160
788.5716,2026-06-03T14:25:32.923905,0.000000,2.989600
789.0684,2026-06-03T14:25:33.420681,0.000000,2.987312
789.5645,2026-06-03T14:25:33.916776,0.000000,2.985296
790.0680,2026-06-03T14:25:34.420307,0.000000,2.982836
790.5676,2026-06-03T14:25:34.919848,0.000000,2.980268
791.0756,2026-06-03T14:25:35.427840,0.000000,2.978088
791.5725,2026-06-03T14:25:35.924831,0.000000,2.975820
792.0951,2026-06-03T14:25:36.447393,0.000000,2.973892
792.5888,2026-06-03T14:25:36.941054,0.000000,2.971856
793.0809,2026-06-03T14:25:37.433174,0.000000,2.969584
793.5700,2026-06-03T14:25:37.922240,0.000000,2.967476
794.0376,2026-06-03T14:25:38.389842,0.000000,2.964964
794.5292,2026-06-03T14:25:38.881538,0.000000,2.962844
795.0339,2026-06-03T14:25:39.386197,0.000000,2.960888
795.4978,2026-06-03T14:25:39.850100,0.000000,2.958884
795.9909,2026-06-03T14:25:40.343198,0.000000,2.957264
796.4878,2026-06-03T14:25:40.840049,0.000000,2.955632
797.0116,2026-06-03T14:25:41.363930,0.000000,2.953592
797.5055,2026-06-03T14:25:41.857794,0.000000,2.951480
797.9979,2026-06-03T14:25:42.350162,0.000000,2.949540
798.4959,2026-06-03T14:25:42.848197,0.000000,2.947216
798.9771,2026-06-03T14:25:43.329338,0.000000,2.945104
799.5001,2026-06-03T14:25:43.852362,0.000000,2.942880
799.9959,2026-06-03T14:25:44.348198,0.000000,2.940248
800.5033,2026-06-03T14:25:44.855594,0.000000,2.937308
800.9544,2026-06-03T14:25:45.306642,0.000000,2.934660
801.4513,2026-06-03T14:25:45.803575,0.000000,2.932212
801.9473,2026-06-03T14:25:46.299544,0.000000,2.929780
802.4417,2026-06-03T14:25:46.793994,0.000000,2.927764
802.9185,2026-06-03T14:25:47.270786,0.000000,2.925456
803.4183,2026-06-03T14:25:47.770626,0.000000,2.923216
803.9186,2026-06-03T14:25:48.270919,0.000000,2.921032
804.4144,2026-06-03T14:25:48.766682,0.000000,2.918724
804.8789,2026-06-03T14:25:49.231167,0.000000,2.916392
805.3769,2026-06-03T14:25:49.729143,0.000000,2.913888
805.8601,2026-06-03T14:25:50.212400,0.000000,2.910648
806.3601,2026-06-03T14:25:50.712341,0.000000,2.907368
806.8600,2026-06-03T14:25:51.212262,0.000000,2.903948
807.3573,2026-06-03T14:25:51.709612,0.000000,2.900744
807.8449,2026-06-03T14:25:52.197224,0.000000,2.897668
808.3558,2026-06-03T14:25:52.708044,0.000000,2.895056
808.8510,2026-06-03T14:25:53.203248,0.000000,2.892716
809.3810,2026-06-03T14:25:53.733307,0.000000,2.890392
809.8676,2026-06-03T14:25:54.219942,0.000000,2.888232
810.3723,2026-06-03T14:25:54.724574,0.000000,2.886088
810.8654,2026-06-03T14:25:55.217701,0.000000,2.883888
811.3824,2026-06-03T14:25:55.734676,0.000000,2.881296
811.8716,2026-06-03T14:25:56.223854,0.000000,2.878928
812.3626,2026-06-03T14:25:56.714915,0.000000,2.876844
812.8639,2026-06-03T14:25:57.216168,0.000000,2.874176
813.3670,2026-06-03T14:25:57.719269,0.000000,2.871836
813.8756,2026-06-03T14:25:58.227940,0.000000,2.869068
814.3753,2026-06-03T14:25:58.727624,0.000000,2.866044
814.8710,2026-06-03T14:25:59.223261,0.000000,2.863168
815.3656,2026-06-03T14:25:59.717857,0.000000,2.860512
815.8798,2026-06-03T14:26:00.232042,0.000000,2.857964
816.3836,2026-06-03T14:26:00.735883,0.000000,2.855640
816.8821,2026-06-03T14:26:01.234440,0.000000,2.852960
817.3884,2026-06-03T14:26:01.740646,0.000000,2.850652
817.8833,2026-06-03T14:26:02.235577,0.000000,2.848404
818.3785,2026-06-03T14:26:02.730797,0.000000,2.846188
818.8718,2026-06-03T14:26:03.224052,0.000000,2.843712
819.3671,2026-06-03T14:26:03.719376,0.000000,2.840768
819.8534,2026-06-03T14:26:04.205684,0.000000,2.838008
820.3474,2026-06-03T14:26:04.699647,0.000000,2.835372
820.8519,2026-06-03T14:26:05.204151,0.000000,2.832708
821.3383,2026-06-03T14:26:05.690567,0.000000,2.830292
821.8343,2026-06-03T14:26:06.186613,0.000000,2.827704
822.3296,2026-06-03T14:26:06.681857,0.000000,2.824888
822.8632,2026-06-03T14:26:07.215520,0.000000,2.822000
823.3675,2026-06-03T14:26:07.719819,0.000000,2.818936
823.8635,2026-06-03T14:26:08.215749,0.000000,2.816020
824.3607,2026-06-03T14:26:08.712986,0.000000,2.813088
824.8596,2026-06-03T14:26:09.211896,0.000000,2.810128
825.3566,2026-06-03T14:26:09.708882,0.000000,2.807136
825.8590,2026-06-03T14:26:10.211284,0.000000,2.803800
826.3641,2026-06-03T14:26:10.716423,0.000000,2.800068
826.8836,2026-06-03T14:26:11.235867,0.000000,2.796596
827.3806,2026-06-03T14:26:11.732869,0.000000,2.793640
827.8793,2026-06-03T14:26:12.231592,0.000000,2.790264
828.3590,2026-06-03T14:26:12.711301,0.000000,2.787532
828.8430,2026-06-03T14:26:13.195332,0.000000,2.784572
829.3437,2026-06-03T14:26:13.695949,0.000000,2.781432
829.8341,2026-06-03T14:26:14.186365,0.000000,2.778728
830.3608,2026-06-03T14:26:14.713086,0.000000,2.775880
830.8562,2026-06-03T14:26:15.208481,0.000000,2.772848
831.3575,2026-06-03T14:26:15.709776,0.000000,2.769780
831.8542,2026-06-03T14:26:16.206443,0.000000,2.766300
832.3475,2026-06-03T14:26:16.699743,0.000000,2.762816
832.8379,2026-06-03T14:26:17.190222,0.000000,2.759704
833.3309,2026-06-03T14:26:17.683175,0.000000,2.756304
833.8293,2026-06-03T14:26:18.181632,0.000000,2.752760
834.3298,2026-06-03T14:26:18.682063,0.000000,2.749080
834.8333,2026-06-03T14:26:19.185555,0.000000,2.745696
835.3333,2026-06-03T14:26:19.685552,0.000000,2.742028
835.8391,2026-06-03T14:26:20.191401,0.000000,2.738680
836.3436,2026-06-03T14:26:20.695866,0.000000,2.735640
836.8637,2026-06-03T14:26:21.215960,0.000000,2.732344
837.3582,2026-06-03T14:26:21.710498,0.000000,2.729368
837.8597,2026-06-03T14:26:22.211984,0.000000,2.725736
838.3271,2026-06-03T14:26:22.679375,0.000000,2.722184
838.8298,2026-06-03T14:26:23.182099,0.000000,2.718736
839.3316,2026-06-03T14:26:23.683911,0.000000,2.715168
839.8442,2026-06-03T14:26:24.196512,0.000000,2.711608
840.3394,2026-06-03T14:26:24.691660,0.000000,2.708032
840.8441,2026-06-03T14:26:25.196425,0.000000,2.704524
841.3717,2026-06-03T14:26:25.724033,0.000000,2.700692
841.8490,2026-06-03T14:26:26.201255,0.000000,2.697048
842.3382,2026-06-03T14:26:26.690506,0.000000,2.693252
842.8477,2026-06-03T14:26:27.199975,0.000000,2.689064
843.3559,2026-06-03T14:26:27.708234,0.000000,2.684968
843.8459,2026-06-03T14:26:28.198220,0.000000,2.681296
844.3436,2026-06-03T14:26:28.695892,0.000000,2.677528
844.8470,2026-06-03T14:26:29.199336,0.000000,2.673960
845.3489,2026-06-03T14:26:29.701219,0.000000,2.669736
845.8467,2026-06-03T14:26:30.199000,0.000000,2.665124
846.3444,2026-06-03T14:26:30.696714,0.000000,2.660640
846.8447,2026-06-03T14:26:31.196961,0.000000,2.656120
847.3397,2026-06-03T14:26:31.692009,0.000000,2.651724
847.8689,2026-06-03T14:26:32.221210,0.000000,2.647840
848.3710,2026-06-03T14:26:32.723296,0.000000,2.643436
848.8636,2026-06-03T14:26:33.215853,0.000000,2.639108
849.3644,2026-06-03T14:26:33.716684,0.000000,2.635284
849.8676,2026-06-03T14:26:34.219926,0.000000,2.631036
850.3608,2026-06-03T14:26:34.713058,0.000000,2.627124
850.8521,2026-06-03T14:26:35.204428,0.000000,2.623596
851.3480,2026-06-03T14:26:35.700311,0.000000,2.618848
851.8443,2026-06-03T14:26:36.196619,0.000000,2.614312
852.3437,2026-06-03T14:26:36.695998,0.000000,2.609772
852.8448,2026-06-03T14:26:37.197049,0.000000,2.605688
853.3181,2026-06-03T14:26:37.670416,0.000000,2.601412
853.8253,2026-06-03T14:26:38.177608,0.000000,2.597824
854.3214,2026-06-03T14:26:38.673649,0.000000,2.593992
854.8472,2026-06-03T14:26:39.199461,0.000000,2.589804
855.3521,2026-06-03T14:26:39.704351,0.000000,2.585328
855.8478,2026-06-03T14:26:40.200042,0.000000,2.580504
856.3468,2026-06-03T14:26:40.699085,0.000000,2.576020
856.8498,2026-06-03T14:26:41.202049,0.000000,2.571164
857.3499,2026-06-03T14:26:41.702171,0.000000,2.566076
857.8554,2026-06-03T14:26:42.207678,0.000000,2.561568
858.3505,2026-06-03T14:26:42.702764,0.000000,2.556560
858.8519,2026-06-03T14:26:43.204237,0.000000,2.551708
859.3476,2026-06-03T14:26:43.699897,0.000000,2.547144
859.8433,2026-06-03T14:26:44.195583,0.000000,2.542052
860.3288,2026-06-03T14:26:44.681125,0.000000,2.537292
860.8241,2026-06-03T14:26:45.176437,0.000000,2.532612
861.3208,2026-06-03T14:26:45.673049,0.000000,2.527516
861.8421,2026-06-03T14:26:46.194398,0.000000,2.522464
862.3381,2026-06-03T14:26:46.690420,0.000000,2.516980
862.8190,2026-06-03T14:26:47.171275,0.000000,2.511276
863.3213,2026-06-03T14:26:47.673566,0.000000,2.506144
863.8193,2026-06-03T14:26:48.171631,0.000000,2.500892
864.3122,2026-06-03T14:26:48.664440,0.000000,2.496268
864.7994,2026-06-03T14:26:49.151719,0.000000,2.491764
865.2687,2026-06-03T14:26:49.621027,0.000000,2.487080
865.7601,2026-06-03T14:26:50.112407,0.000000,2.482620
866.2421,2026-06-03T14:26:50.594404,0.000000,2.477328
866.7461,2026-06-03T14:26:51.098350,0.000000,2.471924
867.2188,2026-06-03T14:26:51.571051,0.000000,2.466796
867.7121,2026-06-03T14:26:52.064432,0.000000,2.461684
868.2018,2026-06-03T14:26:52.554076,0.000000,2.456532
868.7013,2026-06-03T14:26:53.053616,0.000000,2.451748
869.1950,2026-06-03T14:26:53.547315,0.000000,2.446192
869.6575,2026-06-03T14:26:54.009744,0.000000,2.441160
870.1097,2026-06-03T14:26:54.462026,0.000000,2.436200
870.6020,2026-06-03T14:26:54.954340,0.000000,2.431232
871.0976,2026-06-03T14:26:55.449848,0.000000,2.425828
871.5893,2026-06-03T14:26:55.941620,0.000000,2.420316
872.0718,2026-06-03T14:26:56.424049,0.000000,2.414924
872.5759,2026-06-03T14:26:56.928208,0.000000,2.409392
873.0753,2026-06-03T14:26:57.427626,0.000000,2.404128
873.5758,2026-06-03T14:26:57.928109,0.000000,2.398556
874.0791,2026-06-03T14:26:58.431436,0.000000,2.392744
874.5745,2026-06-03T14:26:58.926750,0.000000,2.387084
875.0822,2026-06-03T14:26:59.434520,0.000000,2.381508
875.5967,2026-06-03T14:26:59.948949,0.000000,2.375248
876.0842,2026-06-03T14:27:00.436508,0.000000,2.370080
876.5718,2026-06-03T14:27:00.924075,0.000000,2.364356
877.0672,2026-06-03T14:27:01.419531,0.000000,2.358964
877.5687,2026-06-03T14:27:01.921029,0.000000,2.353484
878.0692,2026-06-03T14:27:02.421437,0.000000,2.348384
878.5557,2026-06-03T14:27:02.908022,0.000000,2.343616
879.0543,2026-06-03T14:27:03.406555,0.000000,2.339312
879.5572,2026-06-03T14:27:03.909475,0.000000,2.335144
880.0729,2026-06-03T14:27:04.425136,0.000000,2.330640
880.5586,2026-06-03T14:27:04.910939,0.000000,2.326040
881.0669,2026-06-03T14:27:05.419145,0.000000,2.321300
881.5457,2026-06-03T14:27:05.897995,0.000000,2.316260
882.0405,2026-06-03T14:27:06.392774,0.000000,2.311612
882.5676,2026-06-03T14:27:06.919929,0.000000,2.306968
883.0724,2026-06-03T14:27:07.424718,0.000000,2.301460
883.5758,2026-06-03T14:27:07.928055,0.000000,2.296408
884.0642,2026-06-03T14:27:08.416527,0.000000,2.291528
884.5728,2026-06-03T14:27:08.925083,0.000000,2.287008
885.0727,2026-06-03T14:27:09.424962,0.000000,2.282616
885.5727,2026-06-03T14:27:09.924949,0.000000,2.278320
886.0645,2026-06-03T14:27:10.416818,0.000000,2.273836
886.5593,2026-06-03T14:27:10.911562,0.000000,2.268940
887.0860,2026-06-03T14:27:11.438297,0.000000,2.264188
887.5895,2026-06-03T14:27:11.941816,0.000000,2.259508
888.0880,2026-06-03T14:27:12.440336,0.000000,2.255116
888.5805,2026-06-03T14:27:12.932825,0.000000,2.251460
889.0811,2026-06-03T14:27:13.433390,0.000000,2.247528
889.5888,2026-06-03T14:27:13.941060,0.000000,2.243472
890.0785,2026-06-03T14:27:14.430818,0.000000,2.239264
890.5856,2026-06-03T14:27:14.937841,0.000000,2.234720
891.0732,2026-06-03T14:27:15.425514,0.000000,2.230188
891.5733,2026-06-03T14:27:15.925604,0.000000,2.226156
892.0549,2026-06-03T14:27:16.407241,0.000000,2.221744
892.5532,2026-06-03T14:27:16.905454,0.000000,2.217916
893.0222,2026-06-03T14:27:17.374473,0.000000,2.213884
893.5043,2026-06-03T14:27:17.856623,0.000000,2.210364
894.0018,2026-06-03T14:27:18.354134,0.000000,2.206540
894.5227,2026-06-03T14:27:18.875016,0.000000,2.202824
895.0254,2026-06-03T14:27:19.377708,0.000000,2.198752
895.5062,2026-06-03T14:27:19.858497,0.000000,2.195512
896.0105,2026-06-03T14:27:20.362785,0.000000,2.192396
896.5009,2026-06-03T14:27:20.853142,0.000000,2.189056
896.9937,2026-06-03T14:27:21.346011,0.000000,2.186060
897.5020,2026-06-03T14:27:21.854282,0.000000,2.182908
898.0045,2026-06-03T14:27:22.356828,0.000000,2.179312
898.4999,2026-06-03T14:27:22.852181,0.000000,2.175452
898.9982,2026-06-03T14:27:23.350522,0.000000,2.171604
899.4911,2026-06-03T14:27:23.843410,0.000000,2.167272
899.9895,2026-06-03T14:27:24.341810,0.000000,2.163380
900.4837,2026-06-03T14:27:24.836032,0.000000,2.159840
900.9851,2026-06-03T14:27:25.337380,0.000000,2.156440
901.4751,2026-06-03T14:27:25.827335,0.000000,2.153424
901.9975,2026-06-03T14:27:26.349791,0.000000,2.150272
902.4917,2026-06-03T14:27:26.844009,0.000000,2.146396
902.9946,2026-06-03T14:27:27.346914,0.000000,2.142628
903.4776,2026-06-03T14:27:27.829877,0.000000,2.138956
903.9761,2026-06-03T14:27:28.328418,0.000000,2.135132
904.4691,2026-06-03T14:27:28.821339,0.000000,2.131484
904.9621,2026-06-03T14:27:29.314422,0.000000,2.127760
905.4605,2026-06-03T14:27:29.812756,0.000000,2.123704
905.9542,2026-06-03T14:27:30.306505,0.000000,2.119908
906.4578,2026-06-03T14:27:30.810126,0.000000,2.116280
906.9471,2026-06-03T14:27:31.299386,0.000000,2.112716
907.4481,2026-06-03T14:27:31.800350,0.000000,2.108092
907.9469,2026-06-03T14:27:32.299223,0.000000,2.101296
908.4455,2026-06-03T14:27:32.797766,0.000000,2.093952
908.9385,2026-06-03T14:27:33.290779,0.000000,2.086376
909.4354,2026-06-03T14:27:33.787700,0.000000,2.080080
909.9186,2026-06-03T14:27:34.270892,0.000000,2.075628
910.4264,2026-06-03T14:27:34.778739,0.000000,2.070972
910.9293,2026-06-03T14:27:35.281632,0.000000,2.066532
911.4206,2026-06-03T14:27:35.772900,0.000000,2.061652
911.9196,2026-06-03T14:27:36.271851,0.000000,2.057456
912.4194,2026-06-03T14:27:36.771642,0.000000,2.053488
912.9228,2026-06-03T14:27:37.275095,0.000000,2.049764
913.3872,2026-06-03T14:27:37.739462,0.000000,2.045760
913.8849,2026-06-03T14:27:38.237194,0.000000,2.042084
914.3732,2026-06-03T14:27:38.725465,0.000000,2.038364
914.8741,2026-06-03T14:27:39.226411,0.000000,2.034064
915.3609,2026-06-03T14:27:39.713210,0.000000,2.029544
915.8538,2026-06-03T14:27:40.206098,0.000000,2.025152
916.3262,2026-06-03T14:27:40.678531,0.000000,2.020808
916.8346,2026-06-03T14:27:41.186846,0.000000,2.016868
917.3132,2026-06-03T14:27:41.665523,0.000000,2.012908
917.8042,2026-06-03T14:27:42.156492,0.000000,2.009284
918.3257,2026-06-03T14:27:42.677975,0.000000,2.005408
918.8077,2026-06-03T14:27:43.159974,0.000000,2.001232
919.3011,2026-06-03T14:27:43.653377,0.000000,1.997736
919.8041,2026-06-03T14:27:44.156358,0.000000,1.993448
920.3005,2026-06-03T14:27:44.652758,0.000000,1.988968
920.8150,2026-06-03T14:27:45.167303,0.000000,1.984828
921.3169,2026-06-03T14:27:45.669148,0.000000,1.980732
921.8170,2026-06-03T14:27:46.169284,0.000000,1.976572
922.3104,2026-06-03T14:27:46.662636,0.000000,1.972652
922.8122,2026-06-03T14:27:47.164454,0.000000,1.968596
923.3103,2026-06-03T14:27:47.662594,0.000000,1.963980
923.7683,2026-06-03T14:27:48.120614,0.000000,1.959596
924.2611,2026-06-03T14:27:48.613345,0.000000,1.955692
924.7587,2026-06-03T14:27:49.110947,0.000000,1.951648
925.2190,2026-06-03T14:27:49.571332,0.000000,1.948060
925.7214,2026-06-03T14:27:50.073716,0.000000,1.944860
926.2224,2026-06-03T14:27:50.574718,0.000000,1.941760
926.7198,2026-06-03T14:27:51.072130,0.000000,1.938480
927.2259,2026-06-03T14:27:51.578217,0.000000,1.935360
927.7184,2026-06-03T14:27:52.070706,0.000000,1.932728
928.2187,2026-06-03T14:27:52.570986,0.000000,1.929944
928.7135,2026-06-03T14:27:53.065751,0.000000,1.927400
929.2104,2026-06-03T14:27:53.562681,0.000000,1.925212
929.7263,2026-06-03T14:27:54.078567,0.000000,1.922552
930.2097,2026-06-03T14:27:54.562000,0.000000,1.920356
930.7022,2026-06-03T14:27:55.054485,0.000000,1.918176
931.1856,2026-06-03T14:27:55.537915,0.000000,1.916096
931.6843,2026-06-03T14:27:56.036570,0.000000,1.914424
932.1600,2026-06-03T14:27:56.512287,0.000000,1.912652
932.6522,2026-06-03T14:27:57.004494,0.000000,1.910864
933.1312,2026-06-03T14:27:57.483492,0.000000,1.909112
933.6272,2026-06-03T14:27:57.979451,0.000000,1.907032
934.1092,2026-06-03T14:27:58.461452,0.000000,1.905036
934.5969,2026-06-03T14:27:58.949229,0.000000,1.903328
935.0878,2026-06-03T14:27:59.440078,0.000000,1.901636
935.5902,2026-06-03T14:27:59.942502,0.000000,1.899956
936.0902,2026-06-03T14:28:00.442459,0.000000,1.898080
936.5895,2026-06-03T14:28:00.941814,0.000000,1.896016
937.0876,2026-06-03T14:28:01.439887,0.000000,1.893892
937.5844,2026-06-03T14:28:01.936636,0.000000,1.891800
938.0838,2026-06-03T14:28:02.436083,0.000000,1.889956
938.6074,2026-06-03T14:28:02.959645,0.000000,1.888444
939.0927,2026-06-03T14:28:03.444994,0.000000,1.886844
939.5814,2026-06-03T14:28:03.933657,0.000000,1.885436
940.0803,2026-06-03T14:28:04.432555,0.000000,1.884028
940.5680,2026-06-03T14:28:04.920249,0.000000,1.882252
941.0610,2026-06-03T14:28:05.413331,0.000000,1.881096
941.5433,2026-06-03T14:28:05.895613,0.000000,1.880220
942.0455,2026-06-03T14:28:06.397837,0.000000,1.878972
942.5102,2026-06-03T14:28:06.862458,0.000000,1.877980
942.9868,2026-06-03T14:28:07.339115,0.000000,1.876928
943.4899,2026-06-03T14:28:07.842183,0.000000,1.875596
943.9772,2026-06-03T14:28:08.329520,0.000000,1.874296
944.4806,2026-06-03T14:28:08.832897,0.000000,1.873232
944.9679,2026-06-03T14:28:09.320168,0.000000,1.871868
945.4704,2026-06-03T14:28:09.822646,0.000000,1.870476
945.9686,2026-06-03T14:28:10.320939,0.000000,1.868944
946.4688,2026-06-03T14:28:10.821109,0.000000,1.867080
946.9939,2026-06-03T14:28:11.346187,0.000000,1.865512
947.4879,2026-06-03T14:28:11.840195,0.000000,1.863784
947.9838,2026-06-03T14:28:12.336064,0.000000,1.862312
948.4686,2026-06-03T14:28:12.820890,0.000000,1.861440
948.9688,2026-06-03T14:28:13.321078,0.000000,1.860408
949.4688,2026-06-03T14:28:13.821119,0.000000,1.859688
949.9670,2026-06-03T14:28:14.319335,0.000000,1.858540
950.4671,2026-06-03T14:28:14.819408,0.000000,1.856992
950.9688,2026-06-03T14:28:15.321071,0.000000,1.855528
951.4983,2026-06-03T14:28:15.850579,0.000000,1.853984
952.0024,2026-06-03T14:28:16.354730,0.000000,1.853284
952.4801,2026-06-03T14:28:16.832358,0.000000,1.852644
952.9742,2026-06-03T14:28:17.326523,0.000000,1.852040
953.4414,2026-06-03T14:28:17.793670,0.000000,1.851536
953.9195,2026-06-03T14:28:18.271762,0.000000,1.850652
954.4176,2026-06-03T14:28:18.769850,0.000000,1.849656
954.9136,2026-06-03T14:28:19.265860,0.000000,1.848548
955.4066,2026-06-03T14:28:19.758910,0.000000,1.847512
955.9263,2026-06-03T14:28:20.278633,0.000000,1.846640
956.4052,2026-06-03T14:28:20.757482,0.000000,1.845868
956.8982,2026-06-03T14:28:21.250495,0.000000,1.845412
957.3889,2026-06-03T14:28:21.741218,0.000000,1.845316
957.8852,2026-06-03T14:28:22.237499,0.000000,1.844784
958.3931,2026-06-03T14:28:22.745406,0.000000,1.844056
958.9028,2026-06-03T14:28:23.255118,0.000000,1.843156
959.3933,2026-06-03T14:28:23.745658,0.000000,1.841628
959.8919,2026-06-03T14:28:24.244167,0.000000,1.840468
960.3937,2026-06-03T14:28:24.745937,0.000000,1.839604
960.8970,2026-06-03T14:28:25.249331,0.000000,1.838716
961.3949,2026-06-03T14:28:25.747184,0.000000,1.837804
961.8944,2026-06-03T14:28:26.246682,0.000000,1.836812
962.3903,2026-06-03T14:28:26.742624,0.000000,1.836036
962.9167,2026-06-03T14:28:27.269030,0.000000,1.835344
963.4135,2026-06-03T14:28:27.765748,0.000000,1.834928
963.8986,2026-06-03T14:28:28.250876,0.000000,1.834476
964.3939,2026-06-03T14:28:28.746230,0.000000,1.833772
964.8940,2026-06-03T14:28:29.246245,0.000000,1.833068
965.4019,2026-06-03T14:28:29.754214,0.000000,1.832360
965.8940,2026-06-03T14:28:30.246276,0.000000,1.831464
966.3992,2026-06-03T14:28:30.751526,0.000000,1.831116
966.8970,2026-06-03T14:28:31.249274,0.000000,1.830808
967.4030,2026-06-03T14:28:31.755286,0.000000,1.830588
967.8840,2026-06-03T14:28:32.236282,0.000000,1.830748
968.3854,2026-06-03T14:28:32.737680,0.000000,1.830336
968.8787,2026-06-03T14:28:33.231028,0.000000,1.829664
969.3773,2026-06-03T14:28:33.729618,0.000000,1.828760
969.8743,2026-06-03T14:28:34.226581,0.000000,1.827612
970.3937,2026-06-03T14:28:34.746032,0.000000,1.826828
970.8895,2026-06-03T14:28:35.241802,0.000000,1.826316
971.3854,2026-06-03T14:28:35.737721,0.000000,1.826160
971.8519,2026-06-03T14:28:36.204245,0.000000,1.825716
972.3473,2026-06-03T14:28:36.699592,0.000000,1.825088
972.8448,2026-06-03T14:28:37.197063,0.000000,1.824368
973.3493,2026-06-03T14:28:37.701633,0.000000,1.823880
973.8702,2026-06-03T14:28:38.222519,0.000000,1.823452
974.3526,2026-06-03T14:28:38.704843,0.000000,1.822864
974.8530,2026-06-03T14:28:39.205273,0.000000,1.822504
975.3563,2026-06-03T14:28:39.708552,0.000000,1.821620
975.8620,2026-06-03T14:28:40.214234,0.000000,1.820836
976.3593,2026-06-03T14:28:40.711589,0.000000,1.820536
976.8540,2026-06-03T14:28:41.206293,0.000000,1.819900
977.3630,2026-06-03T14:28:41.715260,0.000000,1.819240
977.8707,2026-06-03T14:28:42.222985,0.000000,1.818708
978.3643,2026-06-03T14:28:42.716639,0.000000,1.818384
978.8737,2026-06-03T14:28:43.225992,0.000000,1.818172
979.3676,2026-06-03T14:28:43.719904,0.000000,1.817768
979.8596,2026-06-03T14:28:44.211901,0.000000,1.817364
980.3553,2026-06-03T14:28:44.707624,0.000000,1.816672
980.8428,2026-06-03T14:28:45.195124,0.000000,1.815920
981.3428,2026-06-03T14:28:45.695072,0.000000,1.815472
981.8448,2026-06-03T14:28:46.197084,0.000000,1.814904
982.3366,2026-06-03T14:28:46.688937,0.000000,1.814392
982.8382,2026-06-03T14:28:47.190467,0.000000,1.814136
983.3424,2026-06-03T14:28:47.694654,0.000000,1.814168
983.8424,2026-06-03T14:28:48.194654,0.000000,1.814108
984.3570,2026-06-03T14:28:48.709260,0.000000,1.813864
984.8649,2026-06-03T14:28:49.217225,0.000000,1.813580
985.3755,2026-06-03T14:28:49.727821,0.000000,1.812800
985.8761,2026-06-03T14:28:50.228393,0.000000,1.812800
986.3760,2026-06-03T14:28:50.728265,0.000000,1.812800
986.8714,2026-06-03T14:28:51.223660,0.000000,1.812672
987.3647,2026-06-03T14:28:51.716974,0.000000,1.812540
987.8896,2026-06-03T14:28:52.241922,0.000000,1.812024
988.3546,2026-06-03T14:28:52.706865,0.000000,1.811512
988.8463,2026-06-03T14:28:53.198565,0.000000,1.811060
989.3401,2026-06-03T14:28:53.692349,0.000000,1.810956
989.8401,2026-06-03T14:28:54.192431,0.000000,1.810828
990.3418,2026-06-03T14:28:54.694094,0.000000,1.810712
990.8303,2026-06-03T14:28:55.182593,0.000000,1.810240
991.3227,2026-06-03T14:28:55.674948,0.000000,1.809988
991.8338,2026-06-03T14:28:56.186126,0.000000,1.809596
992.3396,2026-06-03T14:28:56.691854,0.000000,1.809188
992.8300,2026-06-03T14:28:57.182286,0.000000,1.809040
993.3187,2026-06-03T14:28:57.670992,0.000000,1.808744
993.8150,2026-06-03T14:28:58.167308,0.000000,1.808620
994.3396,2026-06-03T14:28:58.691935,0.000000,1.808296
994.8243,2026-06-03T14:28:59.176570,0.000000,1.808036
995.3256,2026-06-03T14:28:59.677897,0.000000,1.807948
995.8170,2026-06-03T14:29:00.169249,0.000000,1.807936
996.3166,2026-06-03T14:29:00.668921,0.000000,1.807924
996.8144,2026-06-03T14:29:01.166656,0.000000,1.807640
997.3066,2026-06-03T14:29:01.658856,0.000000,1.807080
997.7989,2026-06-03T14:29:02.151168,0.000000,1.806284
998.2965,2026-06-03T14:29:02.648753,0.000000,1.805916
998.8315,2026-06-03T14:29:03.183839,0.000000,1.805660
999.3133,2026-06-03T14:29:03.665593,0.000000,1.805448
999.8160,2026-06-03T14:29:04.168297,0.000000,1.805580
1000.2949,2026-06-03T14:29:04.647149,0.000000,1.805460
1000.7867,2026-06-03T14:29:05.138982,0.000000,1.805204
1001.2567,2026-06-03T14:29:05.608942,0.000000,1.804820
1001.7547,2026-06-03T14:29:06.106993,0.000000,1.804544
1002.2273,2026-06-03T14:29:06.579557,0.000000,1.804104
1002.7263,2026-06-03T14:29:07.078569,0.000000,1.803932
1003.2003,2026-06-03T14:29:07.552559,0.000000,1.804104
1003.6999,2026-06-03T14:29:08.052149,0.000000,1.803636
1004.2026,2026-06-03T14:29:08.554895,0.000000,1.803516
1004.7027,2026-06-03T14:29:09.054953,0.000000,1.803360
1005.1984,2026-06-03T14:29:09.550689,0.000000,1.803276
1005.7046,2026-06-03T14:29:10.056889,0.000000,1.803484
1006.2070,2026-06-03T14:29:10.559340,0.000000,1.803452
1006.7050,2026-06-03T14:29:11.057255,0.000000,1.803180
1007.2077,2026-06-03T14:29:11.559946,0.000000,1.803000
1007.7091,2026-06-03T14:29:12.061397,0.000000,1.802536
1008.2097,2026-06-03T14:29:12.561989,0.000000,1.802220
1008.7050,2026-06-03T14:29:13.057262,0.000000,1.801944
1009.2075,2026-06-03T14:29:13.559798,0.000000,1.801188
1009.7075,2026-06-03T14:29:14.059826,0.000000,1.800644
1010.2143,2026-06-03T14:29:14.566637,0.000000,1.800140
1010.7121,2026-06-03T14:29:15.064389,0.000000,1.800088
1011.2155,2026-06-03T14:29:15.567762,0.000000,1.800396
1011.7069,2026-06-03T14:29:16.059150,0.000000,1.800768
1012.2082,2026-06-03T14:29:16.560486,0.000000,1.800564
1012.6998,2026-06-03T14:29:17.052043,0.000000,1.800184
1013.1940,2026-06-03T14:29:17.546317,0.000000,1.800104
1013.7190,2026-06-03T14:29:18.071334,0.000000,1.800280
1014.2081,2026-06-03T14:29:18.560422,0.000000,1.800768
1014.6999,2026-06-03T14:29:19.052212,0.000000,1.801068
1015.1986,2026-06-03T14:29:19.550906,0.000000,1.800956
1015.6942,2026-06-03T14:29:20.046511,0.000000,1.800412
1016.2007,2026-06-03T14:29:20.553004,0.000000,1.799708
1016.6840,2026-06-03T14:29:21.036325,0.000000,1.799448
1017.1882,2026-06-03T14:29:21.540534,0.000000,1.799176
1017.6522,2026-06-03T14:29:22.004530,0.000000,1.799080
1018.1430,2026-06-03T14:29:22.495315,0.000000,1.799456
1018.6151,2026-06-03T14:29:22.967372,0.000000,1.799276
1019.1049,2026-06-03T14:29:23.457171,0.000000,1.799092
1019.6025,2026-06-03T14:29:23.954774,0.000000,1.798684
1020.0748,2026-06-03T14:29:24.427132,0.000000,1.797996
1020.5757,2026-06-03T14:29:24.927969,0.000000,1.797476
1021.0602,2026-06-03T14:29:25.412467,0.000000,1.797360
1021.5603,2026-06-03T14:29:25.912596,0.000000,1.797564
1022.0440,2026-06-03T14:29:26.396241,0.000000,1.797344
1022.5398,2026-06-03T14:29:26.892064,0.000000,1.797380
1023.0401,2026-06-03T14:29:27.392436,0.000000,1.797048
1023.5351,2026-06-03T14:29:27.887355,0.000000,1.797584
1024.0494,2026-06-03T14:29:28.401713,0.000000,1.798172
1024.5523,2026-06-03T14:29:28.904637,0.000000,1.798788
1025.0357,2026-06-03T14:29:29.387945,0.000000,1.799428
1025.5301,2026-06-03T14:29:29.882429,0.000000,1.799248
1026.0276,2026-06-03T14:29:30.379932,0.000000,1.799216
1026.5570,2026-06-03T14:29:30.909282,0.000000,1.799064
1027.0617,2026-06-03T14:29:31.413981,0.000000,1.799480
1027.5680,2026-06-03T14:29:31.920337,0.000000,1.799360
1028.0533,2026-06-03T14:29:32.405543,0.000000,1.799420
1028.5612,2026-06-03T14:29:32.913482,0.000000,1.799420
1029.0608,2026-06-03T14:29:33.413089,0.000000,1.798824
1029.5608,2026-06-03T14:29:33.913099,0.000000,1.798816
1030.0733,2026-06-03T14:29:34.425568,0.000000,1.798704
1030.5798,2026-06-03T14:29:34.932178,0.000000,1.798256
1031.0608,2026-06-03T14:29:35.413132,0.000000,1.798288
1031.5535,2026-06-03T14:29:35.905779,0.000000,1.798208
1032.0555,2026-06-03T14:29:36.407803,0.000000,1.798248
1032.5530,2026-06-03T14:29:36.905280,0.000000,1.798728
1033.0523,2026-06-03T14:29:37.404603,0.000000,1.798672
1033.5505,2026-06-03T14:29:37.902795,0.000000,1.798276
1034.0564,2026-06-03T14:29:38.408678,0.000000,1.798024
1034.5317,2026-06-03T14:29:38.883976,0.000000,1.797720
1035.0217,2026-06-03T14:29:39.373994,0.000000,1.797364
1035.5202,2026-06-03T14:29:39.872462,0.000000,1.797412
1036.0222,2026-06-03T14:29:40.374518,0.000000,1.797244
1036.5193,2026-06-03T14:29:40.871598,0.000000,1.796964
1036.9859,2026-06-03T14:29:41.338181,0.000000,1.797044
1037.4844,2026-06-03T14:29:41.836668,0.000000,1.796872
1037.9905,2026-06-03T14:29:42.342752,0.000000,1.797152
1038.5007,2026-06-03T14:29:42.852967,0.000000,1.797236
1039.0107,2026-06-03T14:29:43.363002,0.000000,1.797312
1039.5108,2026-06-03T14:29:43.863083,0.000000,1.797528
1040.0108,2026-06-03T14:29:44.363091,0.000000,1.797444
1040.4895,2026-06-03T14:29:44.841799,0.000000,1.797084
1040.9766,2026-06-03T14:29:45.328915,0.000000,1.797032
1041.4626,2026-06-03T14:29:45.814858,0.000000,1.796908
1041.9629,2026-06-03T14:29:46.315167,0.000000,1.796404
1042.4572,2026-06-03T14:29:46.809440,0.000000,1.796480
1042.9563,2026-06-03T14:29:47.308587,0.000000,1.796076
1043.4608,2026-06-03T14:29:47.813124,0.000000,1.795644
1043.9591,2026-06-03T14:29:48.311429,0.000000,1.795772
1044.4633,2026-06-03T14:29:48.815590,0.000000,1.795984
1044.9544,2026-06-03T14:29:49.306660,0.000000,1.796412
1045.4839,2026-06-03T14:29:49.836215,0.000000,1.796728
1045.9840,2026-06-03T14:29:50.336322,0.000000,1.796876
1046.4883,2026-06-03T14:29:50.840545,0.000000,1.796788
1046.9787,2026-06-03T14:29:51.330944,0.000000,1.796744
1047.4841,2026-06-03T14:29:51.836363,0.000000,1.796544
1047.9815,2026-06-03T14:29:52.333816,0.000000,1.796332
1048.4891,2026-06-03T14:29:52.841382,0.000000,1.796160
1048.9434,2026-06-03T14:29:53.295679,0.000000,1.796092
1049.4471,2026-06-03T14:29:53.799352,0.000000,1.796256
1049.9450,2026-06-03T14:29:54.297250,0.000000,1.796576
1050.4460,2026-06-03T14:29:54.798250,0.000000,1.796748
1050.9383,2026-06-03T14:29:55.290599,0.000000,1.796740
1051.4412,2026-06-03T14:29:55.793488,0.000000,1.796440
1051.9354,2026-06-03T14:29:56.287684,0.000000,1.796220
1052.4318,2026-06-03T14:29:56.784099,0.000000,1.796104
1052.9518,2026-06-03T14:29:57.304087,0.000000,1.795908
1053.4644,2026-06-03T14:29:57.816682,0.000000,1.795916
1053.9397,2026-06-03T14:29:58.292001,0.000000,1.796204
1054.4454,2026-06-03T14:29:58.797682,0.000000,1.796348
1054.9488,2026-06-03T14:29:59.301103,0.000000,1.796348
1055.4388,2026-06-03T14:29:59.791119,0.000000,1.796468
1055.9564,2026-06-03T14:30:00.308717,0.000000,1.796176
1056.4551,2026-06-03T14:30:00.807352,0.000000,1.795844
1056.9576,2026-06-03T14:30:01.309836,0.000000,1.795692
1057.4571,2026-06-03T14:30:01.809406,0.000000,1.795792
1057.9565,2026-06-03T14:30:02.308829,0.000000,1.796204
1058.4548,2026-06-03T14:30:02.807098,0.000000,1.796320
1058.9526,2026-06-03T14:30:03.304909,0.000000,1.796496
1059.4428,2026-06-03T14:30:03.795084,0.000000,1.796340
1059.9520,2026-06-03T14:30:04.304258,0.000000,1.796072
1060.4632,2026-06-03T14:30:04.815536,0.000000,1.796176
1060.9615,2026-06-03T14:30:05.313738,0.000000,1.796456
1061.4548,2026-06-03T14:30:05.807113,0.000000,1.796756
1061.9612,2026-06-03T14:30:06.313505,0.000000,1.796932
1062.4346,2026-06-03T14:30:06.786874,0.000000,1.796928
1062.9354,2026-06-03T14:30:07.287735,0.000000,1.796528
1063.4366,2026-06-03T14:30:07.788862,0.000000,1.796340
1063.9338,2026-06-03T14:30:08.286067,0.000000,1.796220
1064.4362,2026-06-03T14:30:08.788496,0.000000,1.796116
1064.9359,2026-06-03T14:30:09.288187,0.000000,1.796504
1065.4292,2026-06-03T14:30:09.781478,0.000000,1.796516
1065.9181,2026-06-03T14:30:10.270361,0.000000,1.796320
1066.4142,2026-06-03T14:30:10.766451,0.000000,1.796400
1066.9400,2026-06-03T14:30:11.292306,0.000000,1.796140
1067.4398,2026-06-03T14:30:11.792125,0.000000,1.796096
1067.9231,2026-06-03T14:30:12.275431,0.000000,1.796244
1068.4255,2026-06-03T14:30:12.777766,0.000000,1.796144
1068.9185,2026-06-03T14:30:13.270763,0.000000,1.796160
1069.4124,2026-06-03T14:30:13.764738,0.000000,1.796248
1069.9052,2026-06-03T14:30:14.257519,0.000000,1.796028
1070.4065,2026-06-03T14:30:14.758778,0.000000,1.795828
1070.8984,2026-06-03T14:30:15.250675,0.000000,1.795828
1071.3938,2026-06-03T14:30:15.746062,0.000000,1.795644
1071.8815,2026-06-03T14:30:16.233770,0.000000,1.795724
1072.3596,2026-06-03T14:30:16.711902,0.000000,1.795684
1072.8591,2026-06-03T14:30:17.211429,0.000000,1.795720
1073.3618,2026-06-03T14:30:17.714127,0.000000,1.795836
1073.8341,2026-06-03T14:30:18.186413,0.000000,1.795824
1074.3260,2026-06-03T14:30:18.678245,0.000000,1.795848
1074.8231,2026-06-03T14:30:19.175404,0.000000,1.795872
1075.3172,2026-06-03T14:30:19.669449,0.000000,1.796280
1075.8315,2026-06-03T14:30:20.183790,0.000000,1.796624
1076.3306,2026-06-03T14:30:20.682845,0.000000,1.797116
1076.8284,2026-06-03T14:30:21.180707,0.000000,1.797280
1077.2955,2026-06-03T14:30:21.647801,0.000000,1.797212
1077.7870,2026-06-03T14:30:22.139299,0.000000,1.797156
1078.2802,2026-06-03T14:30:22.632460,0.000000,1.796960
1078.7576,2026-06-03T14:30:23.109845,0.000000,1.797412
1079.2541,2026-06-03T14:30:23.606351,0.000000,1.797684
1079.7656,2026-06-03T14:30:24.117875,0.000000,1.798088
1080.2443,2026-06-03T14:30:24.596602,0.000000,1.798652
1080.7486,2026-06-03T14:30:25.100846,0.000000,1.798848
1081.2437,2026-06-03T14:30:25.595949,0.000000,1.798840
1081.7508,2026-06-03T14:30:26.103101,0.000000,1.799216
1082.2431,2026-06-03T14:30:26.595406,0.000000,1.799400
1082.7495,2026-06-03T14:30:27.101769,0.000000,1.799504
1083.2442,2026-06-03T14:30:27.596461,0.000000,1.799648
1083.7779,2026-06-03T14:30:28.130214,0.000000,1.799568
1084.2725,2026-06-03T14:30:28.624736,0.000000,1.799436
1084.7777,2026-06-03T14:30:29.130020,0.000000,1.799052
1085.2674,2026-06-03T14:30:29.619722,0.000000,1.798748
1085.7694,2026-06-03T14:30:30.121646,0.000000,1.798156
1086.2773,2026-06-03T14:30:30.629550,0.000000,1.797904
1086.7794,2026-06-03T14:30:31.131729,0.000000,1.797644
1087.2861,2026-06-03T14:30:31.638428,0.000000,1.797696
1087.7599,2026-06-03T14:30:32.112193,0.000000,1.797840
1088.2521,2026-06-03T14:30:32.604399,0.000000,1.798080
1088.7527,2026-06-03T14:30:33.104990,0.000000,1.798512
1089.2515,2026-06-03T14:30:33.603790,0.000000,1.798880
1089.7482,2026-06-03T14:30:34.100539,0.000000,1.799212
1090.2442,2026-06-03T14:30:34.596533,0.000000,1.799088
1090.7693,2026-06-03T14:30:35.121630,0.000000,1.798976
1091.2734,2026-06-03T14:30:35.625725,0.000000,1.798800
1091.7696,2026-06-03T14:30:36.121927,0.000000,1.798840
1092.2445,2026-06-03T14:30:36.596778,0.000000,1.798964
1092.7379,2026-06-03T14:30:37.090183,0.000000,1.799044
1093.2403,2026-06-03T14:30:37.592629,0.000000,1.799500
1093.7359,2026-06-03T14:30:38.088179,0.000000,1.800024
1094.2323,2026-06-03T14:30:38.584572,0.000000,1.800536
1094.6942,2026-06-03T14:30:39.046467,0.000000,1.800904
1095.1972,2026-06-03T14:30:39.549517,0.000000,1.800852
1095.6963,2026-06-03T14:30:40.048545,0.000000,1.800600
1096.1926,2026-06-03T14:30:40.544931,0.000000,1.800836
1096.6907,2026-06-03T14:30:41.043015,0.000000,1.801032
1097.1881,2026-06-03T14:30:41.540365,0.000000,1.801784
1097.6785,2026-06-03T14:30:42.030805,0.000000,1.802000
1098.1703,2026-06-03T14:30:42.522585,0.000000,1.802052
1098.6604,2026-06-03T14:30:43.012665,0.000000,1.802040
1099.1605,2026-06-03T14:30:43.512762,0.000000,1.801704
1099.6611,2026-06-03T14:30:44.013402,0.000000,1.801920
1100.1554,2026-06-03T14:30:44.507684,0.000000,1.801928
1100.6543,2026-06-03T14:30:45.006606,0.000000,1.802476
1101.1463,2026-06-03T14:30:45.498592,0.000000,1.803036
1101.6451,2026-06-03T14:30:45.997440,0.000000,1.802876
1102.1262,2026-06-03T14:30:46.478523,0.000000,1.802984
1102.6296,2026-06-03T14:30:46.981907,0.000000,1.802940
1103.1192,2026-06-03T14:30:47.471450,0.000000,1.803304
1103.6097,2026-06-03T14:30:47.961987,0.000000,1.804000
1104.1056,2026-06-03T14:30:48.457850,0.000000,1.804584
1104.6055,2026-06-03T14:30:48.957806,0.000000,1.805204
1105.1014,2026-06-03T14:30:49.453666,0.000000,1.805524
1105.5958,2026-06-03T14:30:49.948098,0.000000,1.805776
1106.0901,2026-06-03T14:30:50.442414,0.000000,1.805948
1106.5819,2026-06-03T14:30:50.934164,0.000000,1.805888
1107.0728,2026-06-03T14:30:51.425049,0.000000,1.805684
1107.6068,2026-06-03T14:30:51.959042,0.000000,1.805548
1108.1030,2026-06-03T14:30:52.455278,0.000000,1.805420
1108.6106,2026-06-03T14:30:52.962839,0.000000,1.805348
1109.1039,2026-06-03T14:30:53.456186,0.000000,1.805672
1109.6176,2026-06-03T14:30:53.969929,0.000000,1.805576
1110.1201,2026-06-03T14:30:54.472385,0.000000,1.805824
1110.6237,2026-06-03T14:30:54.975975,0.000000,1.806376
1111.0996,2026-06-03T14:30:55.451917,0.000000,1.806316
1111.5986,2026-06-03T14:30:55.950905,0.000000,1.806424
1112.0757,2026-06-03T14:30:56.427956,0.000000,1.806344
1112.5697,2026-06-03T14:30:56.922029,0.000000,1.806188
1113.0652,2026-06-03T14:30:57.417477,0.000000,1.806180
1113.5645,2026-06-03T14:30:57.916802,0.000000,1.806040
1114.0970,2026-06-03T14:30:58.449326,0.000000,1.806100
1114.5902,2026-06-03T14:30:58.942534,0.000000,1.806004
1115.0780,2026-06-03T14:30:59.430304,0.000000,1.806264
1115.5702,2026-06-03T14:30:59.922532,0.000000,1.807068
1116.0726,2026-06-03T14:31:00.424898,0.000000,1.807868
1116.5736,2026-06-03T14:31:00.925917,0.000000,1.808628
1117.0713,2026-06-03T14:31:01.423596,0.000000,1.809116
1117.5733,2026-06-03T14:31:01.925531,0.000000,1.809268
1118.0967,2026-06-03T14:31:02.448954,0.000000,1.809284
1118.5966,2026-06-03T14:31:02.948855,0.000000,1.809528
1119.0673,2026-06-03T14:31:03.419590,0.000000,1.809864
1119.5645,2026-06-03T14:31:03.916758,0.000000,1.809852
1120.0652,2026-06-03T14:31:04.417541,0.000000,1.809820
1120.5512,2026-06-03T14:31:04.903515,0.000000,1.809660
1121.0510,2026-06-03T14:31:05.403248,0.000000,1.809764
1121.5721,2026-06-03T14:31:05.924397,0.000000,1.810312
1122.0724,2026-06-03T14:31:06.424705,0.000000,1.811148
1122.5726,2026-06-03T14:31:06.924887,0.000000,1.811940
1123.0715,2026-06-03T14:31:07.423811,0.000000,1.812344
1123.5737,2026-06-03T14:31:07.925992,0.000000,1.812660
1124.0640,2026-06-03T14:31:08.416309,0.000000,1.812832
1124.5724,2026-06-03T14:31:08.924725,0.000000,1.813024
1125.0722,2026-06-03T14:31:09.424502,0.000000,1.813548
1125.5762,2026-06-03T14:31:09.928443,0.000000,1.813844
1126.0766,2026-06-03T14:31:10.428885,0.000000,1.814004
1126.5819,2026-06-03T14:31:10.934214,0.000000,1.814552
1127.0787,2026-06-03T14:31:11.431011,0.000000,1.814792
1127.5745,2026-06-03T14:31:11.926804,0.000000,1.815292
1128.0734,2026-06-03T14:31:12.425729,0.000000,1.815504
1128.6105,2026-06-03T14:31:12.962800,0.000000,1.814980
1129.1056,2026-06-03T14:31:13.457891,0.000000,1.814516
1129.6112,2026-06-03T14:31:13.963482,0.000000,1.814384
1130.1151,2026-06-03T14:31:14.467376,0.000000,1.814468
1130.6197,2026-06-03T14:31:14.972002,0.000000,1.815068
1131.1182,2026-06-03T14:31:15.470464,0.000000,1.815572
1131.6219,2026-06-03T14:31:15.974178,0.000000,1.815800
1132.1176,2026-06-03T14:31:16.469932,0.000000,1.816248
1132.6157,2026-06-03T14:31:16.967962,0.000000,1.816584
1133.1040,2026-06-03T14:31:17.456308,0.000000,1.816928
1133.6070,2026-06-03T14:31:17.959297,0.000000,1.817156
1134.1063,2026-06-03T14:31:18.458552,0.000000,1.817652
1134.6323,2026-06-03T14:31:18.984587,0.000000,1.818252
1135.1328,2026-06-03T14:31:19.485074,0.000000,1.818936
1135.6319,2026-06-03T14:31:19.984197,0.000000,1.819976
1136.1110,2026-06-03T14:31:20.463328,0.000000,1.820832
1136.6034,2026-06-03T14:31:20.955711,0.000000,1.821260
1137.1111,2026-06-03T14:31:21.463414,0.000000,1.821680
1137.6005,2026-06-03T14:31:21.952818,0.000000,1.822012
1138.1019,2026-06-03T14:31:22.454142,0.000000,1.822140
1138.6027,2026-06-03T14:31:22.954952,0.000000,1.822212
1139.0992,2026-06-03T14:31:23.451528,0.000000,1.822280
1139.5981,2026-06-03T14:31:23.950425,0.000000,1.822352
1140.0827,2026-06-03T14:31:24.434942,0.000000,1.822208
1140.5420,2026-06-03T14:31:24.894334,0.000000,1.822492
1141.0419,2026-06-03T14:31:25.394177,0.000000,1.822856
1141.5361,2026-06-03T14:31:25.888403,0.000000,1.823372
1142.0089,2026-06-03T14:31:26.361155,0.000000,1.824004
1142.4799,2026-06-03T14:31:26.832168,0.000000,1.824692
1142.9819,2026-06-03T14:31:27.334223,0.000000,1.825608
1143.4828,2026-06-03T14:31:27.835121,0.000000,1.826448
1143.9927,2026-06-03T14:31:28.345003,0.000000,1.827000
1144.4862,2026-06-03T14:31:28.838449,0.000000,1.827564
1144.9781,2026-06-03T14:31:29.330355,0.000000,1.827784
1145.4722,2026-06-03T14:31:29.824462,0.000000,1.828152
1145.9633,2026-06-03T14:31:30.315607,0.000000,1.828588
1146.4743,2026-06-03T14:31:30.826595,0.000000,1.828868
1146.9667,2026-06-03T14:31:31.319010,0.000000,1.829068
1147.4502,2026-06-03T14:31:31.802515,0.000000,1.829300
1147.9509,2026-06-03T14:31:32.303190,0.000000,1.829604
1148.4477,2026-06-03T14:31:32.800017,0.000000,1.829684
1148.9475,2026-06-03T14:31:33.299784,0.000000,1.829924
1149.4510,2026-06-03T14:31:33.803325,0.000000,1.830068
1149.9457,2026-06-03T14:31:34.298004,0.000000,1.830036
1150.4451,2026-06-03T14:31:34.797428,0.000000,1.830268
1150.9719,2026-06-03T14:31:35.324173,0.000000,1.830604
1151.4550,2026-06-03T14:31:35.807248,0.000000,1.830916
1151.9370,2026-06-03T14:31:36.289260,0.000000,1.831756
1152.4369,2026-06-03T14:31:36.789230,0.000000,1.832596
1152.9303,2026-06-03T14:31:37.282542,0.000000,1.833168
1153.4344,2026-06-03T14:31:37.786647,0.000000,1.833832
1153.9269,2026-06-03T14:31:38.279236,0.000000,1.834536
1154.4261,2026-06-03T14:31:38.778394,0.000000,1.835196
1154.9185,2026-06-03T14:31:39.270738,0.000000,1.836072
1155.4150,2026-06-03T14:31:39.767308,0.000000,1.836860
1155.9142,2026-06-03T14:31:40.266464,0.000000,1.837472
1156.4210,2026-06-03T14:31:40.773289,0.000000,1.837864
1156.9194,2026-06-03T14:31:41.271662,0.000000,1.838500
1157.4153,2026-06-03T14:31:41.767602,0.000000,1.838864
1157.8958,2026-06-03T14:31:42.248132,0.000000,1.839052
1158.3979,2026-06-03T14:31:42.750162,0.000000,1.839724
1158.9319,2026-06-03T14:31:43.284146,0.000000,1.840076
1159.4184,2026-06-03T14:31:43.770700,0.000000,1.841048
1159.9196,2026-06-03T14:31:44.271940,0.000000,1.841816
1160.4142,2026-06-03T14:31:44.766538,0.000000,1.842524
1160.9196,2026-06-03T14:31:45.271863,0.000000,1.842976
1161.4105,2026-06-03T14:31:45.762817,0.000000,1.843204
1161.8843,2026-06-03T14:31:46.236622,0.000000,1.843748
1162.3508,2026-06-03T14:31:46.703127,0.000000,1.844260
1162.8446,2026-06-03T14:31:47.196909,0.000000,1.844800
1163.3414,2026-06-03T14:31:47.693639,0.000000,1.845472
1163.8459,2026-06-03T14:31:48.198149,0.000000,1.846072
1164.3473,2026-06-03T14:31:48.699639,0.000000,1.846736
1164.8511,2026-06-03T14:31:49.203349,0.000000,1.847336
1165.3468,2026-06-03T14:31:49.699098,0.000000,1.847936
1165.8398,2026-06-03T14:31:50.192121,0.000000,1.848412
1166.3195,2026-06-03T14:31:50.671771,0.000000,1.848512
1166.8160,2026-06-03T14:31:51.168264,0.000000,1.849128
1167.3448,2026-06-03T14:31:51.697117,0.000000,1.849580
1167.8406,2026-06-03T14:31:52.192880,0.000000,1.850292
1168.3358,2026-06-03T14:31:52.688078,0.000000,1.851068
1168.8126,2026-06-03T14:31:53.164887,0.000000,1.851740
1169.3114,2026-06-03T14:31:53.663681,0.000000,1.852576
1169.8371,2026-06-03T14:31:54.189413,0.000000,1.853448
1170.3277,2026-06-03T14:31:54.680008,0.000000,1.854332
1170.7902,2026-06-03T14:31:55.142486,0.000000,1.855008
1171.2832,2026-06-03T14:31:55.635455,0.000000,1.855792
1171.7840,2026-06-03T14:31:56.136280,0.000000,1.856340
1172.2935,2026-06-03T14:31:56.645818,0.000000,1.857248
1172.7866,2026-06-03T14:31:57.138853,0.000000,1.857884
1173.2854,2026-06-03T14:31:57.637679,0.000000,1.858952
1173.7858,2026-06-03T14:31:58.138126,0.000000,1.860316
1174.3111,2026-06-03T14:31:58.663344,0.000000,1.860996
1174.8105,2026-06-03T14:31:59.162840,0.000000,1.862180
1175.2814,2026-06-03T14:31:59.633683,0.000000,1.862904
1175.7847,2026-06-03T14:32:00.136949,0.000000,1.863336
1176.2582,2026-06-03T14:32:00.610524,0.000000,1.864604
1176.7543,2026-06-03T14:32:01.106601,0.000000,1.865168
1177.2715,2026-06-03T14:32:01.623781,0.000000,1.865736
1177.7446,2026-06-03T14:32:02.096884,0.000000,1.866136
1178.2461,2026-06-03T14:32:02.598383,0.000000,1.866276
1178.7444,2026-06-03T14:32:03.096641,0.000000,1.867228
1179.2481,2026-06-03T14:32:03.600399,0.000000,1.868248
1179.7421,2026-06-03T14:32:04.094352,0.000000,1.869988
1180.2414,2026-06-03T14:32:04.593666,0.000000,1.871408
1180.7345,2026-06-03T14:32:05.086812,0.000000,1.872628
1181.2262,2026-06-03T14:32:05.578451,0.000000,1.873520
1181.7278,2026-06-03T14:32:06.080123,0.000000,1.874420
1182.2524,2026-06-03T14:32:06.604684,0.000000,1.875448
1182.7581,2026-06-03T14:32:07.110409,0.000000,1.876748
1183.2593,2026-06-03T14:32:07.611605,0.000000,1.877820
1183.7455,2026-06-03T14:32:08.097784,0.000000,1.878456
1184.2443,2026-06-03T14:32:08.596565,0.000000,1.879172
1184.7380,2026-06-03T14:32:09.090322,0.000000,1.880240
1185.2307,2026-06-03T14:32:09.582947,0.000000,1.881428
1185.7361,2026-06-03T14:32:10.088410,0.000000,1.882992
1186.2357,2026-06-03T14:32:10.587990,0.000000,1.884104
1186.7267,2026-06-03T14:32:11.078962,0.000000,1.884516
1187.2311,2026-06-03T14:32:11.583414,0.000000,1.885480
1187.7364,2026-06-03T14:32:12.088688,0.000000,1.886440
1188.2340,2026-06-03T14:32:12.586257,0.000000,1.887632
1188.7564,2026-06-03T14:32:13.108640,0.000000,1.889180
1189.2288,2026-06-03T14:32:13.581080,0.000000,1.890256
1189.7279,2026-06-03T14:32:14.080191,0.000000,1.891276
1190.2269,2026-06-03T14:32:14.579146,0.000000,1.892360
1190.7261,2026-06-03T14:32:15.078379,0.000000,1.893308
1191.2186,2026-06-03T14:32:15.570868,0.000000,1.894276
1191.7249,2026-06-03T14:32:16.077145,0.000000,1.895676
1192.2193,2026-06-03T14:32:16.571585,0.000000,1.896948
1192.7059,2026-06-03T14:32:17.058153,0.000000,1.898392
1193.2020,2026-06-03T14:32:17.554313,0.000000,1.899936
1193.6977,2026-06-03T14:32:18.049984,0.000000,1.901100
1194.1949,2026-06-03T14:32:18.547167,0.000000,1.902700
1194.6950,2026-06-03T14:32:19.047284,0.000000,1.903884
1195.1548,2026-06-03T14:32:19.507132,0.000000,1.904584
1195.6425,2026-06-03T14:32:19.994796,0.000000,1.905700
1196.1438,2026-06-03T14:32:20.496052,0.000000,1.906384
1196.6448,2026-06-03T14:32:20.997041,0.000000,1.907156
1197.1639,2026-06-03T14:32:21.516187,0.000000,1.908440
1197.6470,2026-06-03T14:32:21.999336,0.000000,1.909608
1198.1516,2026-06-03T14:32:22.503921,0.000000,1.910672
1198.6472,2026-06-03T14:32:22.999498,0.000000,1.911888
1199.1350,2026-06-03T14:32:23.487338,0.000000,1.912980
1199.6519,2026-06-03T14:32:24.004170,0.000000,1.913728
1200.1567,2026-06-03T14:32:24.508978,0.000000,1.914572
1200.6520,2026-06-03T14:32:25.004267,0.000000,1.915632
1201.1206,2026-06-03T14:32:25.472911,0.000000,1.916796
1201.6095,2026-06-03T14:32:25.961800,0.000000,1.918208
1202.1112,2026-06-03T14:32:26.463485,0.000000,1.919280
1202.6054,2026-06-03T14:32:26.957712,0.000000,1.920588
1203.1108,2026-06-03T14:32:27.463050,0.000000,1.922092
1203.5773,2026-06-03T14:32:27.929609,0.000000,1.923468
1204.0768,2026-06-03T14:32:28.429087,0.000000,1.924976
1204.5574,2026-06-03T14:32:28.909732,0.000000,1.925980
1205.0568,2026-06-03T14:32:29.409083,0.000000,1.926640
1205.5473,2026-06-03T14:32:29.899617,0.000000,1.927244
1206.0650,2026-06-03T14:32:30.417286,0.000000,1.927720
1206.5596,2026-06-03T14:32:30.911869,0.000000,1.928536
1207.0568,2026-06-03T14:32:31.409044,0.000000,1.929680
1207.5514,2026-06-03T14:32:31.903689,0.000000,1.930692
1208.0146,2026-06-03T14:32:32.366848,0.000000,1.931940
1208.4946,2026-06-03T14:32:32.846857,0.000000,1.932832
1208.9918,2026-06-03T14:32:33.344125,0.000000,1.933504
1209.5169,2026-06-03T14:32:33.869219,0.000000,1.934396
1209.9905,2026-06-03T14:32:34.342802,0.000000,1.935012
1210.4928,2026-06-03T14:32:34.845070,0.000000,1.935876
1210.9928,2026-06-03T14:32:35.345098,0.000000,1.937088
1211.4889,2026-06-03T14:32:35.841184,0.000000,1.938456
1211.9829,2026-06-03T14:32:36.335199,0.000000,1.939952
1212.4836,2026-06-03T14:32:36.835894,0.000000,1.941580
1212.9783,2026-06-03T14:32:37.330564,0.000000,1.942508
1213.4766,2026-06-03T14:32:37.828884,0.000000,1.943692
1213.9981,2026-06-03T14:32:38.350408,0.000000,1.944952
1214.4970,2026-06-03T14:32:38.849282,0.000000,1.946212
1214.9945,2026-06-03T14:32:39.346762,0.000000,1.947444
1215.4893,2026-06-03T14:32:39.841622,0.000000,1.948060
1215.9863,2026-06-03T14:32:40.338568,0.000000,1.948808
1216.4852,2026-06-03T14:32:40.837450,0.000000,1.949376
1217.0138,2026-06-03T14:32:41.366047,0.000000,1.950184
1217.4732,2026-06-03T14:32:41.825456,0.000000,1.951080
1217.9751,2026-06-03T14:32:42.327434,0.000000,1.951924
1218.4801,2026-06-03T14:32:42.832376,0.000000,1.952820
1218.9793,2026-06-03T14:32:43.331617,0.000000,1.953860
1219.4759,2026-06-03T14:32:43.828226,0.000000,1.954768
1219.9655,2026-06-03T14:32:44.317832,0.000000,1.955544
1220.4589,2026-06-03T14:32:44.811192,0.000000,1.956252
1220.9570,2026-06-03T14:32:45.309329,0.000000,1.957044
1221.4567,2026-06-03T14:32:45.808995,0.000000,1.958340
1221.9519,2026-06-03T14:32:46.304169,0.000000,1.959852
1222.4429,2026-06-03T14:32:46.795163,0.000000,1.961340
1222.9264,2026-06-03T14:32:47.278659,0.000000,1.962304
1223.4279,2026-06-03T14:32:47.780185,0.000000,1.963168
1223.9400,2026-06-03T14:32:48.292293,0.000000,1.963712
1224.4552,2026-06-03T14:32:48.807459,0.000000,1.964448
1224.9444,2026-06-03T14:32:49.296721,0.000000,1.965352
1225.4332,2026-06-03T14:32:49.785474,0.000000,1.966092
1225.9227,2026-06-03T14:32:50.274950,0.000000,1.967192
1226.4197,2026-06-03T14:32:50.772039,0.000000,1.968260
1226.9134,2026-06-03T14:32:51.265684,0.000000,1.969208
1227.4096,2026-06-03T14:32:51.761861,0.000000,1.970104
1227.8942,2026-06-03T14:32:52.246498,0.000000,1.970784
1228.3956,2026-06-03T14:32:52.747852,0.000000,1.971064
1228.8928,2026-06-03T14:32:53.245122,0.000000,1.971816
1229.3970,2026-06-03T14:32:53.749264,0.000000,1.972444
1229.8877,2026-06-03T14:32:54.239946,0.000000,1.972984
1230.3888,2026-06-03T14:32:54.741127,0.000000,1.973752
1230.8888,2026-06-03T14:32:55.241120,0.000000,1.974424
1231.3839,2026-06-03T14:32:55.736156,0.000000,1.975320
1231.8983,2026-06-03T14:32:56.250580,0.000000,1.976320
1232.4073,2026-06-03T14:32:56.759579,0.000000,1.977300
1232.9044,2026-06-03T14:32:57.256684,0.000000,1.978324
1233.4111,2026-06-03T14:32:57.763371,0.000000,1.979164
1233.9097,2026-06-03T14:32:58.261943,0.000000,1.979548
1234.4137,2026-06-03T14:32:58.765965,0.000000,1.979880
1234.9096,2026-06-03T14:32:59.261873,0.000000,1.980288
1235.4104,2026-06-03T14:32:59.762642,0.000000,1.980804
1235.9345,2026-06-03T14:33:00.286796,0.000000,1.981824
1236.4433,2026-06-03T14:33:00.795559,0.000000,1.982740
1236.9362,2026-06-03T14:33:01.288477,0.000000,1.983580
1237.4363,2026-06-03T14:33:01.788594,0.000000,1.984612
1237.9612,2026-06-03T14:33:02.313509,0.000000,1.985688
1238.4255,2026-06-03T14:33:02.777735,0.000000,1.986944
1238.9029,2026-06-03T14:33:03.255179,0.000000,1.988212
1239.4025,2026-06-03T14:33:03.754756,0.000000,1.989448
1239.9086,2026-06-03T14:33:04.260858,0.000000,1.990440
1240.4004,2026-06-03T14:33:04.752659,0.000000,1.991476
1240.8777,2026-06-03T14:33:05.229957,0.000000,1.992372
1241.3755,2026-06-03T14:33:05.727831,0.000000,1.992920
1241.8534,2026-06-03T14:33:06.205704,0.000000,1.993288
1242.3470,2026-06-03T14:33:06.699246,0.000000,1.993356
1242.8405,2026-06-03T14:33:07.192743,0.000000,1.993784
1243.3401,2026-06-03T14:33:07.692426,0.000000,1.994432
1243.8303,2026-06-03T14:33:08.182632,0.000000,1.995032
1244.3348,2026-06-03T14:33:08.687114,0.000000,1.995876
1244.8407,2026-06-03T14:33:09.192951,0.000000,1.996316
1245.3405,2026-06-03T14:33:09.692790,0.000000,1.997032
1245.8444,2026-06-03T14:33:10.196656,0.000000,1.997952
1246.3420,2026-06-03T14:33:10.694280,0.000000,1.998892
1246.8491,2026-06-03T14:33:11.201383,0.000000,1.999860
1247.3448,2026-06-03T14:33:11.697103,0.000000,2.000608
1247.8514,2026-06-03T14:33:12.203731,0.000000,2.001264
1248.3543,2026-06-03T14:33:12.706603,0.000000,2.002040
1248.8258,2026-06-03T14:33:13.178129,0.000000,2.002716
1249.3208,2026-06-03T14:33:13.673130,0.000000,2.003060
1249.8121,2026-06-03T14:33:14.164380,0.000000,2.002772
1250.2870,2026-06-03T14:33:14.639249,0.000000,2.002692
1250.7862,2026-06-03T14:33:15.138434,0.000000,2.003136
1251.2806,2026-06-03T14:33:15.632917,0.000000,2.004144
1251.7728,2026-06-03T14:33:16.125124,0.000000,2.005168
1252.2679,2026-06-03T14:33:16.620247,0.000000,2.006328
1252.7686,2026-06-03T14:33:17.120928,0.000000,2.007104
1253.2656,2026-06-03T14:33:17.617859,0.000000,2.007384
1253.7648,2026-06-03T14:33:18.117114,0.000000,2.008200
1254.2656,2026-06-03T14:33:18.617892,0.000000,2.008640
1254.7939,2026-06-03T14:33:19.146206,0.000000,2.008668
1255.2988,2026-06-03T14:33:19.651058,0.000000,2.009476
1255.7973,2026-06-03T14:33:20.149565,0.000000,2.010156
1256.2707,2026-06-03T14:33:20.623015,0.000000,2.011076
1256.7655,2026-06-03T14:33:21.117765,0.000000,2.012176
1257.2655,2026-06-03T14:33:21.617818,0.000000,2.012756
1257.7571,2026-06-03T14:33:22.109341,0.000000,2.013208
1258.2575,2026-06-03T14:33:22.609781,0.000000,2.013884
1258.7538,2026-06-03T14:33:23.106068,0.000000,2.014512
1259.2470,2026-06-03T14:33:23.599292,0.000000,2.015624
1259.7427,2026-06-03T14:33:24.094947,0.000000,2.016556
1260.2402,2026-06-03T14:33:24.592524,0.000000,2.017108
1260.7311,2026-06-03T14:33:25.083351,0.000000,2.017712
1261.2317,2026-06-03T14:33:25.583961,0.000000,2.018088
1261.7286,2026-06-03T14:33:26.080937,0.000000,2.018848
1262.2488,2026-06-03T14:33:26.601071,0.000000,2.019844
1262.7555,2026-06-03T14:33:27.107822,0.000000,2.020616
1263.2571,2026-06-03T14:33:27.609378,0.000000,2.021680
1263.7529,2026-06-03T14:33:28.105152,0.000000,2.022596
1264.2533,2026-06-03T14:33:28.605606,0.000000,2.023032
1264.7804,2026-06-03T14:33:29.132723,0.000000,2.023724
1265.2775,2026-06-03T14:33:29.629749,0.000000,2.024004
1265.7854,2026-06-03T14:33:30.137720,0.000000,2.024456
1266.2849,2026-06-03T14:33:30.637154,0.000000,2.025172
1266.7872,2026-06-03T14:33:31.139533,0.000000,2.025860
1267.2888,2026-06-03T14:33:31.641052,0.000000,2.026516
1267.7764,2026-06-03T14:33:32.128725,0.000000,2.027164
1268.2744,2026-06-03T14:33:32.626718,0.000000,2.027852
1268.7754,2026-06-03T14:33:33.127700,0.000000,2.028712
1269.2907,2026-06-03T14:33:33.642951,0.000000,2.029544
1269.7728,2026-06-03T14:33:34.125132,0.000000,2.030420
1270.2248,2026-06-03T14:33:34.577138,0.000000,2.031204
1270.7224,2026-06-03T14:33:35.074693,0.000000,2.031712
1271.2264,2026-06-03T14:33:35.578736,0.000000,2.032448
1271.7323,2026-06-03T14:33:36.084592,0.000000,2.032908
1272.2571,2026-06-03T14:33:36.609401,0.000000,2.032972
1272.7614,2026-06-03T14:33:37.113701,0.000000,2.033228
1273.2570,2026-06-03T14:33:37.609338,0.000000,2.033584
1273.7658,2026-06-03T14:33:38.118082,0.000000,2.034252
1274.2574,2026-06-03T14:33:38.609667,0.000000,2.035568
1274.7470,2026-06-03T14:33:39.099253,0.000000,2.036560
1275.2490,2026-06-03T14:33:39.601341,0.000000,2.037608
1275.7485,2026-06-03T14:33:40.100782,0.000000,2.038488
1276.2739,2026-06-03T14:33:40.626213,0.000000,2.039348
1276.7731,2026-06-03T14:33:41.125435,0.000000,2.040436
1277.2763,2026-06-03T14:33:41.628606,0.000000,2.041008
1277.7703,2026-06-03T14:33:42.122635,0.000000,2.041792
1278.2728,2026-06-03T14:33:42.625072,0.000000,2.042280
1278.7806,2026-06-03T14:33:43.132934,0.000000,2.043020
1279.2838,2026-06-03T14:33:43.636090,0.000000,2.043912
1279.7774,2026-06-03T14:33:44.129734,0.000000,2.044480
1280.2823,2026-06-03T14:33:44.634619,0.000000,2.045336
1280.7770,2026-06-03T14:33:45.129295,0.000000,2.045956
1281.2698,2026-06-03T14:33:45.622117,0.000000,2.046952
1281.7569,2026-06-03T14:33:46.109225,0.000000,2.047908
1282.2531,2026-06-03T14:33:46.605343,0.000000,2.048708
1282.7449,2026-06-03T14:33:47.097202,0.000000,2.049408
1283.2676,2026-06-03T14:33:47.619933,0.000000,2.049868
1283.7805,2026-06-03T14:33:48.132800,0.000000,2.050528
1284.2862,2026-06-03T14:33:48.638471,0.000000,2.051024
1284.7813,2026-06-03T14:33:49.133588,0.000000,2.051512
1285.2819,2026-06-03T14:33:49.634172,0.000000,2.052140
1285.7807,2026-06-03T14:33:50.132968,0.000000,2.052716
1286.2880,2026-06-03T14:33:50.640322,0.000000,2.053316
1286.7932,2026-06-03T14:33:51.145512,0.000000,2.054400
1287.2947,2026-06-03T14:33:51.646998,0.000000,2.055568
1287.7775,2026-06-03T14:33:52.129741,0.000000,2.056368
1288.2736,2026-06-03T14:33:52.625922,0.000000,2.057044
1288.7611,2026-06-03T14:33:53.113423,0.000000,2.057184
1289.2388,2026-06-03T14:33:53.591087,0.000000,2.057304
1289.7402,2026-06-03T14:33:54.092520,0.000000,2.057592
1290.2414,2026-06-03T14:33:54.593728,0.000000,2.058340
1290.7396,2026-06-03T14:33:55.091858,0.000000,2.059064
1291.2075,2026-06-03T14:33:55.559779,0.000000,2.059804
1291.6912,2026-06-03T14:33:56.043452,0.000000,2.060644
1292.1680,2026-06-03T14:33:56.520260,0.000000,2.061280
1292.6653,2026-06-03T14:33:57.017625,0.000000,2.062140
1293.1656,2026-06-03T14:33:57.517876,0.000000,2.063012
1293.6448,2026-06-03T14:33:57.997054,0.000000,2.063860
1294.1461,2026-06-03T14:33:58.498435,0.000000,2.064604
1294.6519,2026-06-03T14:33:59.004182,0.000000,2.065448
1295.1439,2026-06-03T14:33:59.496202,0.000000,2.065976
1295.6434,2026-06-03T14:33:59.995644,0.000000,2.066528
1296.1386,2026-06-03T14:34:00.490860,0.000000,2.067388
1296.6108,2026-06-03T14:34:00.963114,0.000000,2.067960
1297.0866,2026-06-03T14:34:01.438868,0.000000,2.068788
1297.5807,2026-06-03T14:34:01.932999,0.000000,2.069456
1298.0866,2026-06-03T14:34:02.438892,0.000000,2.069552
1298.5791,2026-06-03T14:34:02.931428,0.000000,2.070080
1299.0816,2026-06-03T14:34:03.433914,0.000000,2.070604
1299.6015,2026-06-03T14:34:03.953807,0.000000,2.071060
1300.1146,2026-06-03T14:34:04.466899,0.000000,2.071928
1300.5994,2026-06-03T14:34:04.951679,0.000000,2.072844
1301.0957,2026-06-03T14:34:05.448028,0.000000,2.073500
1301.5905,2026-06-03T14:34:05.942760,0.000000,2.074212
1302.0732,2026-06-03T14:34:06.425491,0.000000,2.075076
1302.5712,2026-06-03T14:34:06.923453,0.000000,2.075316
1303.0663,2026-06-03T14:34:07.418572,0.000000,2.075696
1303.5658,2026-06-03T14:34:07.918067,0.000000,2.076068
1304.0314,2026-06-03T14:34:08.383666,0.000000,2.076316
1304.5242,2026-06-03T14:34:08.876539,0.000000,2.076668
1305.0302,2026-06-03T14:34:09.382472,0.000000,2.077300
1305.5204,2026-06-03T14:34:09.872652,0.000000,2.077844
1306.0116,2026-06-03T14:34:10.363909,0.000000,2.078504
1306.4865,2026-06-03T14:34:10.838843,0.000000,2.079284
1306.9627,2026-06-03T14:34:11.315020,0.000000,2.080060
1307.4577,2026-06-03T14:34:11.810008,0.000000,2.081044
1307.9614,2026-06-03T14:34:12.313718,0.000000,2.081788
1308.4799,2026-06-03T14:34:12.832240,0.000000,2.082088
1308.9693,2026-06-03T14:34:13.321543,0.000000,2.082692
1309.4409,2026-06-03T14:34:13.793152,0.000000,2.082848
1309.9404,2026-06-03T14:34:14.292720,0.000000,2.083252
1310.4405,2026-06-03T14:34:14.792779,0.000000,2.083484
1310.9388,2026-06-03T14:34:15.291132,0.000000,2.083724
1311.4193,2026-06-03T14:34:15.771601,0.000000,2.083876
1311.9063,2026-06-03T14:34:16.258631,0.000000,2.084272
1312.4144,2026-06-03T14:34:16.766672,0.000000,2.084864
1312.9089,2026-06-03T14:34:17.261208,0.000000,2.085424
1313.3737,2026-06-03T14:34:17.725962,0.000000,2.086304
1313.8475,2026-06-03T14:34:18.199780,0.000000,2.086624
1314.3542,2026-06-03T14:34:18.706485,0.000000,2.086956
1314.8427,2026-06-03T14:34:19.194996,0.000000,2.087464
1315.3491,2026-06-03T14:34:19.701395,0.000000,2.087444
1315.8407,2026-06-03T14:34:20.193033,0.000000,2.087544
1316.3456,2026-06-03T14:34:20.697934,0.000000,2.087216
1316.8394,2026-06-03T14:34:21.191727,0.000000,2.086520
1317.3596,2026-06-03T14:34:21.711936,0.000000,2.086060
1317.8498,2026-06-03T14:34:22.202124,0.000000,2.085732
1318.3543,2026-06-03T14:34:22.706637,0.000000,2.086276
1318.8491,2026-06-03T14:34:23.201389,0.000000,2.086736
1319.3577,2026-06-03T14:34:23.709949,0.000000,2.087420
1319.8520,2026-06-03T14:34:24.204293,0.000000,2.088388
1320.3192,2026-06-03T14:34:24.671458,0.000000,2.088932
1320.8205,2026-06-03T14:34:25.172795,0.000000,2.089324
1321.3224,2026-06-03T14:34:25.674683,0.000000,2.089712
1321.7980,2026-06-03T14:34:26.150310,0.000000,2.089584
1322.2779,2026-06-03T14:34:26.630187,0.000000,2.089556
1322.7728,2026-06-03T14:34:27.125044,0.000000,2.090036
1323.2458,2026-06-03T14:34:27.598056,0.000000,2.090476
1323.7465,2026-06-03T14:34:28.098810,0.000000,2.090804
1324.2434,2026-06-03T14:34:28.595649,0.000000,2.091456
1324.7483,2026-06-03T14:34:29.100571,0.000000,2.091996
1325.2239,2026-06-03T14:34:29.576170,0.000000,2.092652
1325.7307,2026-06-03T14:34:30.082955,0.000000,2.093100
1326.2169,2026-06-03T14:34:30.569208,0.000000,2.093532
1326.7187,2026-06-03T14:34:31.071040,0.000000,2.093500
1327.1789,2026-06-03T14:34:31.531169,0.000000,2.093288
1327.6779,2026-06-03T14:34:32.030211,0.000000,2.093640
1328.1628,2026-06-03T14:34:32.515069,0.000000,2.093824
1328.6608,2026-06-03T14:34:33.013130,0.000000,2.094040
1329.1507,2026-06-03T14:34:33.503027,0.000000,2.094276
1329.6385,2026-06-03T14:34:33.990836,0.000000,2.094544
1330.1489,2026-06-03T14:34:34.501151,0.000000,2.094628
1330.6664,2026-06-03T14:34:35.018738,0.000000,2.095056
1331.1658,2026-06-03T14:34:35.518054,0.000000,2.094924
1331.6463,2026-06-03T14:34:35.998638,0.000000,2.095216
1332.1514,2026-06-03T14:34:36.503668,0.000000,2.095296
1332.6282,2026-06-03T14:34:36.980499,0.000000,2.095468
1333.1319,2026-06-03T14:34:37.484220,0.000000,2.095964
1333.6317,2026-06-03T14:34:37.983973,0.000000,2.095960
1334.1345,2026-06-03T14:34:38.486788,0.000000,2.095968
1334.6105,2026-06-03T14:34:38.962818,0.000000,2.095896
1335.1141,2026-06-03T14:34:39.466357,0.000000,2.095924
1335.6090,2026-06-03T14:34:39.961305,0.000000,2.095892
1336.1188,2026-06-03T14:34:40.471087,0.000000,2.096440
1336.6186,2026-06-03T14:34:40.970856,0.000000,2.096732
1337.1433,2026-06-03T14:34:41.495562,0.000000,2.096856
1337.6390,2026-06-03T14:34:41.991246,0.000000,2.096768
1338.1442,2026-06-03T14:34:42.496508,0.000000,2.096476
1338.6428,2026-06-03T14:34:42.995094,0.000000,2.096160
1339.1390,2026-06-03T14:34:43.491311,0.000000,2.095580
1339.6343,2026-06-03T14:34:43.986583,0.000000,2.095256
1340.1349,2026-06-03T14:34:44.487157,0.000000,2.094824
1340.6111,2026-06-03T14:34:44.963376,0.000000,2.094488
1341.0720,2026-06-03T14:34:45.424255,0.000000,2.094408
1341.5506,2026-06-03T14:34:45.902873,0.000000,2.094248
1342.0477,2026-06-03T14:34:46.400023,0.000000,2.094316
1342.5470,2026-06-03T14:34:46.899323,0.000000,2.094432
1343.0473,2026-06-03T14:34:47.399631,0.000000,2.094100
1343.5411,2026-06-03T14:34:47.893371,0.000000,2.093892
1344.0433,2026-06-03T14:34:48.395571,0.000000,2.093512
1344.5434,2026-06-03T14:34:48.895676,0.000000,2.092656
1345.0309,2026-06-03T14:34:49.383185,0.000000,2.092364
1345.5473,2026-06-03T14:34:49.899632,0.000000,2.091864
1346.0431,2026-06-03T14:34:50.395368,0.000000,2.090984
1346.5031,2026-06-03T14:34:50.855428,0.000000,2.090660
1347.0017,2026-06-03T14:34:51.353991,0.000000,2.090352
1347.4781,2026-06-03T14:34:51.830362,0.000000,2.090368
1347.9731,2026-06-03T14:34:52.325398,0.000000,2.090240
1348.4779,2026-06-03T14:34:52.830183,0.000000,2.089924
1348.9542,2026-06-03T14:34:53.306509,0.000000,2.089352
1349.4561,2026-06-03T14:34:53.808381,0.000000,2.088664
1349.9671,2026-06-03T14:34:54.319427,0.000000,2.087976
1350.4652,2026-06-03T14:34:54.817435,0.000000,2.087040
1350.9586,2026-06-03T14:34:55.310875,0.000000,2.086444
1351.4523,2026-06-03T14:34:55.804600,0.000000,2.085788
1351.9490,2026-06-03T14:34:56.301266,0.000000,2.085096
1352.4516,2026-06-03T14:34:56.803854,0.000000,2.084568
1352.9454,2026-06-03T14:34:57.297673,0.000000,2.083752
1353.4142,2026-06-03T14:34:57.766510,0.000000,2.082876
1353.8809,2026-06-03T14:34:58.233216,0.000000,2.082596
1354.3834,2026-06-03T14:34:58.735701,0.000000,2.082328
1354.9005,2026-06-03T14:34:59.252780,0.000000,2.082012
1355.4074,2026-06-03T14:34:59.759658,0.000000,2.081764
1355.8826,2026-06-03T14:35:00.234860,0.000000,2.080832
1356.3866,2026-06-03T14:35:00.738887,0.000000,2.080040
1356.8881,2026-06-03T14:35:01.240347,0.000000,2.079080
1357.3910,2026-06-03T14:35:01.743304,0.000000,2.077832
1357.8846,2026-06-03T14:35:02.236937,0.000000,2.077076
1358.3573,2026-06-03T14:35:02.709615,0.000000,2.076072
1358.8613,2026-06-03T14:35:03.213605,0.000000,2.074952
1359.3373,2026-06-03T14:35:03.689572,0.000000,2.073964
1359.8168,2026-06-03T14:35:04.169061,0.000000,2.072728
1360.3149,2026-06-03T14:35:04.667199,0.000000,2.071544
1360.7959,2026-06-03T14:35:05.148144,0.000000,2.070952
1361.2867,2026-06-03T14:35:05.638987,0.000000,2.069816
1361.7921,2026-06-03T14:35:06.144412,0.000000,2.069052
1362.2845,2026-06-03T14:35:06.636773,0.000000,2.068144
1362.7895,2026-06-03T14:35:07.141821,0.000000,2.066932
1363.3147,2026-06-03T14:35:07.666977,0.000000,2.066168
1363.8014,2026-06-03T14:35:08.153649,0.000000,2.065224
1364.2797,2026-06-03T14:35:08.632005,0.000000,2.064672
1364.7804,2026-06-03T14:35:09.132649,0.000000,2.063872
1365.2801,2026-06-03T14:35:09.632354,0.000000,2.062648
1365.7805,2026-06-03T14:35:10.132788,0.000000,2.061244
1366.2864,2026-06-03T14:35:10.638717,0.000000,2.059868
1366.7449,2026-06-03T14:35:11.097146,0.000000,2.058864
1367.2559,2026-06-03T14:35:11.608224,0.000000,2.058096
1367.7462,2026-06-03T14:35:12.098531,0.000000,2.057496
1368.2508,2026-06-03T14:35:12.603113,0.000000,2.056644
1368.7434,2026-06-03T14:35:13.095709,0.000000,2.055828
1369.2480,2026-06-03T14:35:13.600327,0.000000,2.054676
1369.7382,2026-06-03T14:35:14.090481,0.000000,2.053696
1370.2395,2026-06-03T14:35:14.591801,0.000000,2.053056
1370.7641,2026-06-03T14:35:15.116415,0.000000,2.052192
1371.2644,2026-06-03T14:35:15.616711,0.000000,2.051636
1371.7595,2026-06-03T14:35:16.111801,0.000000,2.050832
1372.2509,2026-06-03T14:35:16.603194,0.000000,2.049608
1372.7523,2026-06-03T14:35:17.104577,0.000000,2.048472
1373.2442,2026-06-03T14:35:17.596457,0.000000,2.047108
1373.7495,2026-06-03T14:35:18.101821,0.000000,2.045696
1374.2470,2026-06-03T14:35:18.599268,0.000000,2.044372
1374.7396,2026-06-03T14:35:19.091841,0.000000,2.043212
1375.2441,2026-06-03T14:35:19.596355,0.000000,2.042052
1375.7386,2026-06-03T14:35:20.090848,0.000000,2.041144
1376.2409,2026-06-03T14:35:20.593204,0.000000,2.040288
1376.7476,2026-06-03T14:35:21.099855,0.000000,2.039348
1377.2366,2026-06-03T14:35:21.588911,0.000000,2.038600
1377.7596,2026-06-03T14:35:22.111899,0.000000,2.037824
1378.2584,2026-06-03T14:35:22.610723,0.000000,2.037044
1378.7597,2026-06-03T14:35:23.112009,0.000000,2.035980
1379.2524,2026-06-03T14:35:23.604728,0.000000,2.035048
1379.7529,2026-06-03T14:35:24.105200,0.000000,2.033972
1380.2585,2026-06-03T14:35:24.610810,0.000000,2.032628
1380.7323,2026-06-03T14:35:25.084560,0.000000,2.031520
1381.2281,2026-06-03T14:35:25.580358,0.000000,2.030252
1381.7310,2026-06-03T14:35:26.083257,0.000000,2.029108
1382.2005,2026-06-03T14:35:26.552750,0.000000,2.028016
1382.6954,2026-06-03T14:35:27.047662,0.000000,2.026800
1383.1953,2026-06-03T14:35:27.547559,0.000000,2.025780
1383.6953,2026-06-03T14:35:28.047559,0.000000,2.024648
1384.1880,2026-06-03T14:35:28.540245,0.000000,2.023656
1384.6785,2026-06-03T14:35:29.030839,0.000000,2.022656
1385.1944,2026-06-03T14:35:29.546680,0.000000,2.021516
1385.7017,2026-06-03T14:35:30.053934,0.000000,2.020488
1386.1910,2026-06-03T14:35:30.543333,0.000000,2.019204
1386.6851,2026-06-03T14:35:31.037358,0.000000,2.018280
1387.1797,2026-06-03T14:35:31.532031,0.000000,2.017168
1387.6825,2026-06-03T14:35:32.034832,0.000000,2.016144
1388.1824,2026-06-03T14:35:32.534651,0.000000,2.015384
1388.6808,2026-06-03T14:35:33.033069,0.000000,2.014596
1389.1657,2026-06-03T14:35:33.517956,0.000000,2.013700
1389.6956,2026-06-03T14:35:34.047881,0.000000,2.012728
1390.1908,2026-06-03T14:35:34.543089,0.000000,2.011324
1390.6666,2026-06-03T14:35:35.018880,0.000000,2.009888
1391.1727,2026-06-03T14:35:35.525024,0.000000,2.008824
1391.6769,2026-06-03T14:35:36.029186,0.000000,2.007560
1392.1772,2026-06-03T14:35:36.529480,0.000000,2.006380
1392.6796,2026-06-03T14:35:37.031895,0.000000,2.005024
1393.1653,2026-06-03T14:35:37.517575,0.000000,2.003540
1393.6590,2026-06-03T14:35:38.011325,0.000000,2.002356
1394.1534,2026-06-03T14:35:38.505664,0.000000,2.001136
1394.6503,2026-06-03T14:35:39.002611,0.000000,2.000296
1395.1476,2026-06-03T14:35:39.499927,0.000000,1.999644
1395.6462,2026-06-03T14:35:39.998467,0.000000,1.998384
1396.1398,2026-06-03T14:35:40.492140,0.000000,1.997612
1396.6075,2026-06-03T14:35:40.959774,0.000000,1.996612
1397.1069,2026-06-03T14:35:41.459194,0.000000,1.995328
1397.6076,2026-06-03T14:35:41.959915,0.000000,1.993976
1398.1127,2026-06-03T14:35:42.464988,0.000000,1.992592
1398.6073,2026-06-03T14:35:42.959640,0.000000,1.991336
1399.1077,2026-06-03T14:35:43.459947,0.000000,1.990516
1399.6076,2026-06-03T14:35:43.959861,0.000000,1.989768
1400.1410,2026-06-03T14:35:44.493285,0.000000,1.988664
1400.6328,2026-06-03T14:35:44.985057,0.000000,1.987428
1401.1310,2026-06-03T14:35:45.483323,0.000000,1.986040
1401.6122,2026-06-03T14:35:45.964534,0.000000,1.984544
1402.1094,2026-06-03T14:35:46.461673,0.000000,1.983616
1402.6073,2026-06-03T14:35:46.959585,0.000000,1.982180
1403.0952,2026-06-03T14:35:47.447448,0.000000,1.980672
1403.5650,2026-06-03T14:35:47.917260,0.000000,1.979524
1404.0556,2026-06-03T14:35:48.407933,0.000000,1.978260
1404.5408,2026-06-03T14:35:48.893053,0.000000,1.977024
1405.0408,2026-06-03T14:35:49.393059,0.000000,1.975832
1405.5578,2026-06-03T14:35:49.910084,0.000000,1.974508
1406.0491,2026-06-03T14:35:50.401362,0.000000,1.973164
1406.5384,2026-06-03T14:35:50.890678,0.000000,1.972152
1407.0327,2026-06-03T14:35:51.385024,0.000000,1.971132
1407.5318,2026-06-03T14:35:51.884109,0.000000,1.970108
1408.0322,2026-06-03T14:35:52.384498,0.000000,1.969128
1408.5615,2026-06-03T14:35:52.913765,0.000000,1.968156
1409.0197,2026-06-03T14:35:53.371985,0.000000,1.967216
1409.5296,2026-06-03T14:35:53.881912,0.000000,1.966188
1410.0282,2026-06-03T14:35:54.380455,0.000000,1.964856
1410.5291,2026-06-03T14:35:54.881357,0.000000,1.963360
1410.9998,2026-06-03T14:35:55.352083,0.000000,1.961696
1411.4994,2026-06-03T14:35:55.851691,0.000000,1.960556
1411.9866,2026-06-03T14:35:56.338907,0.000000,1.959584
1412.4924,2026-06-03T14:35:56.844716,0.000000,1.958512
1412.9904,2026-06-03T14:35:57.342673,0.000000,1.957528
1413.4931,2026-06-03T14:35:57.845346,0.000000,1.956500
1413.9925,2026-06-03T14:35:58.344806,0.000000,1.955140
1414.4834,2026-06-03T14:35:58.835685,0.000000,1.954116
1414.9426,2026-06-03T14:35:59.294915,0.000000,1.953364
1415.4327,2026-06-03T14:35:59.784978,0.000000,1.952316
1415.9222,2026-06-03T14:36:00.274496,0.000000,1.951000
1416.4178,2026-06-03T14:36:00.770041,0.000000,1.949764
1416.8844,2026-06-03T14:36:01.236648,0.000000,1.948440
1417.3784,2026-06-03T14:36:01.730676,0.000000,1.947404
1417.8688,2026-06-03T14:36:02.221093,0.000000,1.946444
1418.3615,2026-06-03T14:36:02.713765,0.000000,1.945340
1418.8494,2026-06-03T14:36:03.201715,0.000000,1.944184
1419.3181,2026-06-03T14:36:03.670419,0.000000,1.942884
1419.7864,2026-06-03T14:36:04.138675,0.000000,1.941752
1420.2878,2026-06-03T14:36:04.640107,0.000000,1.940596
1420.7584,2026-06-03T14:36:05.110648,0.000000,1.939424
1421.2399,2026-06-03T14:36:05.592239,0.000000,1.938428
1421.7412,2026-06-03T14:36:06.093437,0.000000,1.937516
1422.2324,2026-06-03T14:36:06.584666,0.000000,1.936740
1422.7336,2026-06-03T14:36:07.085867,0.000000,1.935736
1423.2410,2026-06-03T14:36:07.593296,0.000000,1.934576
1423.7315,2026-06-03T14:36:08.083791,0.000000,1.933096
1424.2330,2026-06-03T14:36:08.585285,0.000000,1.931612
1424.6955,2026-06-03T14:36:09.047743,0.000000,1.930244
1425.1940,2026-06-03T14:36:09.546298,0.000000,1.929148
1425.6867,2026-06-03T14:36:10.038978,0.000000,1.928128
1426.1877,2026-06-03T14:36:10.540025,0.000000,1.927052
1426.6832,2026-06-03T14:36:11.035526,0.000000,1.926100
1427.1857,2026-06-03T14:36:11.538005,0.000000,1.925084
1427.6783,2026-06-03T14:36:12.030603,0.000000,1.924288
1428.2032,2026-06-03T14:36:12.555453,0.000000,1.923448
1428.7041,2026-06-03T14:36:13.056409,0.000000,1.922544
1429.2127,2026-06-03T14:36:13.564988,0.000000,1.921488
1429.6951,2026-06-03T14:36:14.047440,0.000000,1.920380
1430.2014,2026-06-03T14:36:14.553691,0.000000,1.919188
1430.6925,2026-06-03T14:36:15.044805,0.000000,1.918164
1431.1796,2026-06-03T14:36:15.531845,0.000000,1.917052
1431.6429,2026-06-03T14:36:15.995218,0.000000,1.916088
1432.1496,2026-06-03T14:36:16.501866,0.000000,1.914920
1432.6411,2026-06-03T14:36:16.993402,0.000000,1.913272
1433.1394,2026-06-03T14:36:17.491723,0.000000,1.912296
1433.6322,2026-06-03T14:36:17.984450,0.000000,1.910936
1434.1075,2026-06-03T14:36:18.459834,0.000000,1.910040
1434.6041,2026-06-03T14:36:18.956426,0.000000,1.909228
1435.0985,2026-06-03T14:36:19.450743,0.000000,1.908012
1435.5976,2026-06-03T14:36:19.949864,0.000000,1.906800
1436.0810,2026-06-03T14:36:20.433303,0.000000,1.905336
1436.5824,2026-06-03T14:36:20.934737,0.000000,1.903696
1437.0858,2026-06-03T14:36:21.438073,0.000000,1.902116
1437.5893,2026-06-03T14:36:21.941561,0.000000,1.900980
1438.0861,2026-06-03T14:36:22.438373,0.000000,1.900160
1438.5931,2026-06-03T14:36:22.945337,0.000000,1.899228
1439.1184,2026-06-03T14:36:23.470677,0.000000,1.898272
1439.6243,2026-06-03T14:36:23.976628,0.000000,1.897060
1440.1165,2026-06-03T14:36:24.468822,0.000000,1.896200
1440.6157,2026-06-03T14:36:24.967935,0.000000,1.895456
1441.1079,2026-06-03T14:36:25.460206,0.000000,1.894916
1441.6076,2026-06-03T14:36:25.959858,0.000000,1.894432
1442.1129,2026-06-03T14:36:26.465201,0.000000,1.893072
1442.5927,2026-06-03T14:36:26.944975,0.000000,1.891848
1443.0885,2026-06-03T14:36:27.440807,0.000000,1.890724
1443.5585,2026-06-03T14:36:27.910827,0.000000,1.889232
1444.0567,2026-06-03T14:36:28.408979,0.000000,1.888260
1444.5649,2026-06-03T14:36:28.917220,0.000000,1.887292
1445.0620,2026-06-03T14:36:29.414276,0.000000,1.885780
1445.5455,2026-06-03T14:36:29.897803,0.000000,1.884540
1446.0470,2026-06-03T14:36:30.399285,0.000000,1.882884
1446.5784,2026-06-03T14:36:30.930643,0.000000,1.881264
1447.0781,2026-06-03T14:36:31.430385,0.000000,1.879732
1447.5816,2026-06-03T14:36:31.933935,0.000000,1.878024
1448.0749,2026-06-03T14:36:32.427197,0.000000,1.876640
1448.5729,2026-06-03T14:36:32.925222,0.000000,1.875116
1449.0848,2026-06-03T14:36:33.437038,0.000000,1.873928
1449.5785,2026-06-03T14:36:33.930808,0.000000,1.872856
1450.0742,2026-06-03T14:36:34.426456,0.000000,1.871904
1450.6019,2026-06-03T14:36:34.954195,0.000000,1.871672
1451.0775,2026-06-03T14:36:35.429755,0.000000,1.871012
1451.5576,2026-06-03T14:36:35.909850,0.000000,1.870444
1452.0515,2026-06-03T14:36:36.403759,0.000000,1.869892
1452.5522,2026-06-03T14:36:36.904496,0.000000,1.868716
1453.0574,2026-06-03T14:36:37.409681,0.000000,1.867284
1453.5643,2026-06-03T14:36:37.916567,0.000000,1.866244
1454.0660,2026-06-03T14:36:38.418318,0.000000,1.864772
1454.5580,2026-06-03T14:36:38.910262,0.000000,1.862960
1455.0607,2026-06-03T14:36:39.413030,0.000000,1.861720
1455.5584,2026-06-03T14:36:39.910678,0.000000,1.859880
1456.0558,2026-06-03T14:36:40.408093,0.000000,1.858644
1456.5575,2026-06-03T14:36:40.909742,0.000000,1.857664
1457.0495,2026-06-03T14:36:41.401765,0.000000,1.856876
1457.5339,2026-06-03T14:36:41.886210,0.000000,1.856268
1458.0257,2026-06-03T14:36:42.377953,0.000000,1.855372
1458.5492,2026-06-03T14:36:42.901528,0.000000,1.854084
1459.0456,2026-06-03T14:36:43.397926,0.000000,1.852544
1459.5229,2026-06-03T14:36:43.875191,0.000000,1.851540
1459.9957,2026-06-03T14:36:44.347962,0.000000,1.850464
1460.4984,2026-06-03T14:36:44.850711,0.000000,1.849828
1460.9979,2026-06-03T14:36:45.350196,0.000000,1.849384
1461.5033,2026-06-03T14:36:45.855539,0.000000,1.848680
1461.9984,2026-06-03T14:36:46.350680,0.000000,1.847968
1462.4828,2026-06-03T14:36:46.835095,0.000000,1.846860
1462.9518,2026-06-03T14:36:47.304065,0.000000,1.845756
1463.4542,2026-06-03T14:36:47.806462,0.000000,1.844520
1463.9501,2026-06-03T14:36:48.302432,0.000000,1.843384
1464.4530,2026-06-03T14:36:48.805275,0.000000,1.842616
1464.9502,2026-06-03T14:36:49.302453,0.000000,1.841316
1465.4442,2026-06-03T14:36:49.796472,0.000000,1.839964
1465.9399,2026-06-03T14:36:50.292216,0.000000,1.838700
1466.4375,2026-06-03T14:36:50.789814,0.000000,1.837160
1466.9051,2026-06-03T14:36:51.257346,0.000000,1.835936
1467.4062,2026-06-03T14:36:51.758493,0.000000,1.835268
1467.8946,2026-06-03T14:36:52.246918,0.000000,1.834296
1468.3983,2026-06-03T14:36:52.750572,0.000000,1.833496
1468.8658,2026-06-03T14:36:53.218105,0.000000,1.832604
1469.3339,2026-06-03T14:36:53.686164,0.000000,1.831668
1469.8322,2026-06-03T14:36:54.184442,0.000000,1.830968
1470.3370,2026-06-03T14:36:54.689297,0.000000,1.830252
1470.8351,2026-06-03T14:36:55.187374,0.000000,1.829544
1471.3624,2026-06-03T14:36:55.714702,0.000000,1.828448
1471.8472,2026-06-03T14:36:56.199478,0.000000,1.827396
1472.3038,2026-06-03T14:36:56.656078,0.000000,1.825772
1472.8104,2026-06-03T14:36:57.162725,0.000000,1.824536
1473.3088,2026-06-03T14:36:57.661118,0.000000,1.823164
1473.8159,2026-06-03T14:36:58.168218,0.000000,1.821628
1474.3164,2026-06-03T14:36:58.668725,0.000000,1.820804
1474.8045,2026-06-03T14:36:59.156788,0.000000,1.819796
1475.3024,2026-06-03T14:36:59.654676,0.000000,1.818780
1475.7741,2026-06-03T14:37:00.126400,0.000000,1.817920
1476.2689,2026-06-03T14:37:00.621144,0.000000,1.817068
1476.7679,2026-06-03T14:37:01.120200,0.000000,1.816108
1477.2619,2026-06-03T14:37:01.614176,0.000000,1.815292
1477.7580,2026-06-03T14:37:02.110250,0.000000,1.814296
1478.2241,2026-06-03T14:37:02.576409,0.000000,1.813192
1478.7095,2026-06-03T14:37:03.061789,0.000000,1.812308
1479.1946,2026-06-03T14:37:03.546934,0.000000,1.811448
1479.6947,2026-06-03T14:37:04.046971,0.000000,1.810568
1480.2128,2026-06-03T14:37:04.565035,0.000000,1.809732
1480.7149,2026-06-03T14:37:05.067180,0.000000,1.809008
1481.2226,2026-06-03T14:37:05.574944,0.000000,1.808228
1481.7154,2026-06-03T14:37:06.067708,0.000000,1.807624
1482.2107,2026-06-03T14:37:06.562998,0.000000,1.806792
1482.7005,2026-06-03T14:37:07.052832,0.000000,1.805780
1483.2068,2026-06-03T14:37:07.559108,0.000000,1.804676
1483.7022,2026-06-03T14:37:08.054531,0.000000,1.804052
1484.1913,2026-06-03T14:37:08.543558,0.000000,1.803300
1484.6813,2026-06-03T14:37:09.033631,0.000000,1.802644
1485.1808,2026-06-03T14:37:09.533057,0.000000,1.801740
1485.6787,2026-06-03T14:37:10.030990,0.000000,1.800396
1486.1535,2026-06-03T14:37:10.505802,0.000000,1.799160
1486.6435,2026-06-03T14:37:10.995802,0.000000,1.797944
1487.1448,2026-06-03T14:37:11.497076,0.000000,1.797392
1487.6650,2026-06-03T14:37:12.017290,0.000000,1.796708
1488.1479,2026-06-03T14:37:12.500232,0.000000,1.795948
1488.6491,2026-06-03T14:37:13.001381,0.000000,1.795396
1489.1452,2026-06-03T14:37:13.497467,0.000000,1.794572
1489.6425,2026-06-03T14:37:13.994773,0.000000,1.793772
1490.1399,2026-06-03T14:37:14.492233,0.000000,1.793008
1490.6389,2026-06-03T14:37:14.991212,0.000000,1.791936
1491.1337,2026-06-03T14:37:15.485995,0.000000,1.790900
1491.6210,2026-06-03T14:37:15.973321,0.000000,1.789768
1492.1207,2026-06-03T14:37:16.472972,0.000000,1.789020
1492.6229,2026-06-03T14:37:16.975149,0.000000,1.788244
1493.1167,2026-06-03T14:37:17.468962,0.000000,1.787652
1493.6202,2026-06-03T14:37:17.972534,0.000000,1.786740
1494.1222,2026-06-03T14:37:18.474504,0.000000,1.785700
1494.6096,2026-06-03T14:37:18.961931,0.000000,1.784800
1495.1115,2026-06-03T14:37:19.463748,0.000000,1.783580
1495.6406,2026-06-03T14:37:19.992889,0.000000,1.782828
1496.1424,2026-06-03T14:37:20.494673,0.000000,1.782048
1496.6391,2026-06-03T14:37:20.991401,0.000000,1.781000
1497.1703,2026-06-03T14:37:21.522577,0.000000,1.780148
1497.6751,2026-06-03T14:37:22.027410,0.000000,1.780008
1498.1694,2026-06-03T14:37:22.521756,0.000000,1.779736
1498.6611,2026-06-03T14:37:23.013427,0.000000,1.779456
1499.1603,2026-06-03T14:37:23.512615,0.000000,1.779052
1499.6645,2026-06-03T14:37:24.016865,0.000000,1.777712
1500.1590,2026-06-03T14:37:24.511299,0.000000,1.776292
1500.6522,2026-06-03T14:37:25.004530,0.000000,1.775060
1501.1308,2026-06-03T14:37:25.483081,0.000000,1.774196
1501.6063,2026-06-03T14:37:25.958629,0.000000,1.773380
1502.0731,2026-06-03T14:37:26.425425,0.000000,1.772720
1502.5678,2026-06-03T14:37:26.920080,0.000000,1.771972
1503.0754,2026-06-03T14:37:27.427646,0.000000,1.770840
1503.5712,2026-06-03T14:37:27.923452,0.000000,1.769804
1504.0620,2026-06-03T14:37:28.414341,0.000000,1.768520
1504.5583,2026-06-03T14:37:28.910563,0.000000,1.767216
1505.0647,2026-06-03T14:37:29.416948,0.000000,1.766264
1505.5785,2026-06-03T14:37:29.930750,0.000000,1.765156
1506.0801,2026-06-03T14:37:30.432374,0.000000,1.764008
1506.5729,2026-06-03T14:37:30.925239,0.000000,1.763004
1507.0822,2026-06-03T14:37:31.434518,0.000000,1.761972
1507.5411,2026-06-03T14:37:31.893372,0.000000,1.760780
1508.0186,2026-06-03T14:37:32.370923,0.000000,1.760116
1508.5050,2026-06-03T14:37:32.857335,0.000000,1.759240
1508.9911,2026-06-03T14:37:33.343353,0.000000,1.758060
1509.4872,2026-06-03T14:37:33.839509,0.000000,1.757216
1509.9859,2026-06-03T14:37:34.338176,0.000000,1.755652
1510.4824,2026-06-03T14:37:34.834713,0.000000,1.754572
1510.9722,2026-06-03T14:37:35.324529,0.000000,1.753724
1511.4947,2026-06-03T14:37:35.847008,0.000000,1.752916
1511.9911,2026-06-03T14:37:36.343345,0.000000,1.752136
1512.4911,2026-06-03T14:37:36.843408,0.000000,1.750884
1512.9908,2026-06-03T14:37:37.343074,0.000000,1.749980
1513.4760,2026-06-03T14:37:37.828250,0.000000,1.749056
1513.9926,2026-06-03T14:37:38.344867,0.000000,1.748252
1514.4917,2026-06-03T14:37:38.843999,0.000000,1.747064
1514.9829,2026-06-03T14:37:39.335147,0.000000,1.745912
1515.4831,2026-06-03T14:37:39.835369,0.000000,1.744452
1515.9785,2026-06-03T14:37:40.330747,0.000000,1.743396
1516.4812,2026-06-03T14:37:40.833512,0.000000,1.742952
1516.9799,2026-06-03T14:37:41.332195,0.000000,1.742228
1517.4586,2026-06-03T14:37:41.810935,0.000000,1.741524
1517.9566,2026-06-03T14:37:42.308857,0.000000,1.740956
1518.4633,2026-06-03T14:37:42.815573,0.000000,1.740004
1518.9612,2026-06-03T14:37:43.313457,0.000000,1.739056
1519.4580,2026-06-03T14:37:43.810306,0.000000,1.737668
1519.9560,2026-06-03T14:37:44.308323,0.000000,1.736564
1520.4579,2026-06-03T14:37:44.810191,0.000000,1.735612
1520.9542,2026-06-03T14:37:45.306465,0.000000,1.734988
1521.4752,2026-06-03T14:37:45.827497,0.000000,1.734924
1521.9741,2026-06-03T14:37:46.326386,0.000000,1.734432
1522.4756,2026-06-03T14:37:46.827904,0.000000,1.733544
1522.9765,2026-06-03T14:37:47.328786,0.000000,1.732180
1523.4326,2026-06-03T14:37:47.784870,0.000000,1.730724
1523.9109,2026-06-03T14:37:48.263208,0.000000,1.729556
1524.4040,2026-06-03T14:37:48.756265,0.000000,1.728496
1524.9105,2026-06-03T14:37:49.262761,0.000000,1.727760
1525.4160,2026-06-03T14:37:49.768311,0.000000,1.727076
1525.8790,2026-06-03T14:37:50.231290,0.000000,1.726116
1526.3538,2026-06-03T14:37:50.706046,0.000000,1.725220
1526.8289,2026-06-03T14:37:51.181229,0.000000,1.724012
1527.3362,2026-06-03T14:37:51.688534,0.000000,1.722676
1527.8371,2026-06-03T14:37:52.189372,0.000000,1.721220
1528.3372,2026-06-03T14:37:52.689455,0.000000,1.719820
1528.8418,2026-06-03T14:37:53.194127,0.000000,1.718880
1529.3389,2026-06-03T14:37:53.691167,0.000000,1.718296
1529.8393,2026-06-03T14:37:54.191609,0.000000,1.717852
1530.3585,2026-06-03T14:37:54.710774,0.000000,1.717064
1530.8499,2026-06-03T14:37:55.202205,0.000000,1.716164
1531.3414,2026-06-03T14:37:55.693664,0.000000,1.715176
1531.8395,2026-06-03T14:37:56.191819,0.000000,1.714328
1532.3102,2026-06-03T14:37:56.662426,0.000000,1.713356
1532.7968,2026-06-03T14:37:57.149121,0.000000,1.712860
1533.2872,2026-06-03T14:37:57.639471,0.000000,1.711864
1533.7787,2026-06-03T14:37:58.131008,0.000000,1.711216
1534.2683,2026-06-03T14:37:58.620592,0.000000,1.710700
1534.7705,2026-06-03T14:37:59.122794,0.000000,1.709760
1535.2637,2026-06-03T14:37:59.615972,0.000000,1.709208
1535.7635,2026-06-03T14:38:00.115817,0.000000,1.707968
1536.2622,2026-06-03T14:38:00.614508,0.000000,1.706900
1536.7643,2026-06-03T14:38:01.116636,0.000000,1.705828
1537.2665,2026-06-03T14:38:01.618842,0.000000,1.704748
1537.7620,2026-06-03T14:38:02.114336,0.000000,1.703916
1538.2858,2026-06-03T14:38:02.638077,0.000000,1.703052
1538.7661,2026-06-03T14:38:03.118385,0.000000,1.702268
1539.2446,2026-06-03T14:38:03.596845,0.000000,1.701420
1539.7448,2026-06-03T14:38:04.097060,0.000000,1.700236
1540.2462,2026-06-03T14:38:04.598476,0.000000,1.699172
1540.7222,2026-06-03T14:38:05.074506,0.000000,1.697916
1541.2270,2026-06-03T14:38:05.579262,0.000000,1.696772
1541.6895,2026-06-03T14:38:06.041838,0.000000,1.696048
1542.1879,2026-06-03T14:38:06.540168,0.000000,1.695244
1542.6772,2026-06-03T14:38:07.029465,0.000000,1.694248
1543.1412,2026-06-03T14:38:07.493514,0.000000,1.693288
1543.6287,2026-06-03T14:38:07.980968,0.000000,1.692452
1544.1289,2026-06-03T14:38:08.481199,0.000000,1.691368
1544.6262,2026-06-03T14:38:08.978525,0.000000,1.690896
1545.1289,2026-06-03T14:38:09.481203,0.000000,1.690380
1545.6038,2026-06-03T14:38:09.956083,0.000000,1.689848
1546.0814,2026-06-03T14:38:10.433666,0.000000,1.689040
1546.5778,2026-06-03T14:38:10.930064,0.000000,1.688396
1547.0543,2026-06-03T14:38:11.406616,0.000000,1.687492
1547.5315,2026-06-03T14:38:11.883781,0.000000,1.686464
1548.0329,2026-06-03T14:38:12.385225,0.000000,1.685760
1548.5581,2026-06-03T14:38:12.910377,0.000000,1.684636
1549.0744,2026-06-03T14:38:13.426632,0.000000,1.683692
1549.5662,2026-06-03T14:38:13.918488,0.000000,1.682992
1550.0346,2026-06-03T14:38:14.386843,0.000000,1.682364
1550.4912,2026-06-03T14:38:14.843455,0.000000,1.681612
1550.9906,2026-06-03T14:38:15.342842,0.000000,1.681072
1551.4938,2026-06-03T14:38:15.846064,0.000000,1.680088
1551.9937,2026-06-03T14:38:16.346015,0.000000,1.679144
1552.5101,2026-06-03T14:38:16.862361,0.000000,1.678068
1553.0017,2026-06-03T14:38:17.353956,0.000000,1.676836
1553.5024,2026-06-03T14:38:17.854718,0.000000,1.676004
1554.0021,2026-06-03T14:38:18.354408,0.000000,1.675140
1554.5077,2026-06-03T14:38:18.860006,0.000000,1.674420
1555.0065,2026-06-03T14:38:19.358807,0.000000,1.673736
1555.4852,2026-06-03T14:38:19.837479,0.000000,1.672984
1555.9871,2026-06-03T14:38:20.339421,0.000000,1.672388
1556.5123,2026-06-03T14:38:20.864546,0.000000,1.671940
1557.0081,2026-06-03T14:38:21.360438,0.000000,1.670756
1557.5034,2026-06-03T14:38:21.855694,0.000000,1.669784
1558.0034,2026-06-03T14:38:22.355728,0.000000,1.668632
1558.4624,2026-06-03T14:38:22.814725,0.000000,1.667676
1558.9408,2026-06-03T14:38:23.293071,0.000000,1.666916
1559.4448,2026-06-03T14:38:23.797120,0.000000,1.666448
1559.9439,2026-06-03T14:38:24.296211,0.000000,1.665396
1560.4345,2026-06-03T14:38:24.786781,0.000000,1.664748
1560.9210,2026-06-03T14:38:25.273239,0.000000,1.663952
1561.4311,2026-06-03T14:38:25.783425,0.000000,1.662884
1561.9174,2026-06-03T14:38:26.269657,0.000000,1.662008
1562.4277,2026-06-03T14:38:26.779945,0.000000,1.661024
1562.9180,2026-06-03T14:38:27.270281,0.000000,1.660576
1563.3837,2026-06-03T14:38:27.735939,0.000000,1.659776
1563.8829,2026-06-03T14:38:28.235174,0.000000,1.659340
1564.3749,2026-06-03T14:38:28.727181,0.000000,1.658236
1564.8670,2026-06-03T14:38:29.219318,0.000000,1.657176
1565.3686,2026-06-03T14:38:29.720899,0.000000,1.656224
1565.8697,2026-06-03T14:38:30.221947,0.000000,1.655304
1566.3672,2026-06-03T14:38:30.719523,0.000000,1.654996
1566.8574,2026-06-03T14:38:31.209694,0.000000,1.654716
1567.3535,2026-06-03T14:38:31.705825,0.000000,1.654288
1567.8519,2026-06-03T14:38:32.204222,0.000000,1.653956
1568.3504,2026-06-03T14:38:32.702680,0.000000,1.653400
1568.8534,2026-06-03T14:38:33.205643,0.000000,1.652232
1569.3369,2026-06-03T14:38:33.689159,0.000000,1.651216
1569.8093,2026-06-03T14:38:34.161577,0.000000,1.649948
1570.3080,2026-06-03T14:38:34.660266,0.000000,1.648728
1570.8065,2026-06-03T14:38:35.158809,0.000000,1.647572
1571.3034,2026-06-03T14:38:35.655719,0.000000,1.646260
1571.7810,2026-06-03T14:38:36.133240,0.000000,1.644840
1572.2735,2026-06-03T14:38:36.625769,0.000000,1.643728
1572.7835,2026-06-03T14:38:37.135754,0.000000,1.642756
1573.2866,2026-06-03T14:38:37.638854,0.000000,1.642212
1573.7839,2026-06-03T14:38:38.136174,0.000000,1.642008
1574.2820,2026-06-03T14:38:38.634281,0.000000,1.641480
1574.7610,2026-06-03T14:38:39.113318,0.000000,1.640792
1575.2567,2026-06-03T14:38:39.608966,0.000000,1.640000
1575.7538,2026-06-03T14:38:40.106049,0.000000,1.639052
1576.2539,2026-06-03T14:38:40.606130,0.000000,1.638088
1576.7413,2026-06-03T14:38:41.093635,0.000000,1.637216
1577.2049,2026-06-03T14:38:41.557183,0.000000,1.636352
1577.7095,2026-06-03T14:38:42.061812,0.000000,1.635508
1578.2069,2026-06-03T14:38:42.559222,0.000000,1.634932
1578.6996,2026-06-03T14:38:43.051910,0.000000,1.634216
1579.2005,2026-06-03T14:38:43.552818,0.000000,1.633800
1579.6640,2026-06-03T14:38:44.016317,0.000000,1.633436
1580.1372,2026-06-03T14:38:44.489460,0.000000,1.633028
1580.6367,2026-06-03T14:38:44.988944,0.000000,1.632840
1581.1392,2026-06-03T14:38:45.491520,0.000000,1.632384
1581.6400,2026-06-03T14:38:45.992318,0.000000,1.631608
1582.1415,2026-06-03T14:38:46.493774,0.000000,1.630708
1582.6425,2026-06-03T14:38:46.994802,0.000000,1.629692
1583.1435,2026-06-03T14:38:47.495794,0.000000,1.628924
1583.6398,2026-06-03T14:38:47.992084,0.000000,1.628392
1584.1332,2026-06-03T14:38:48.485450,0.000000,1.627764
1584.6355,2026-06-03T14:38:48.987751,0.000000,1.627480
1585.1283,2026-06-03T14:38:49.480587,0.000000,1.627276
1585.6060,2026-06-03T14:38:49.958244,0.000000,1.627444
1586.0985,2026-06-03T14:38:50.450761,0.000000,1.627776
1586.6004,2026-06-03T14:38:50.952718,0.000000,1.628152
1587.0933,2026-06-03T14:38:51.445588,0.000000,1.627968
1587.5967,2026-06-03T14:38:51.948952,0.000000,1.627188
1588.0962,2026-06-03T14:38:52.448461,0.000000,1.626368
1588.5897,2026-06-03T14:38:52.942005,0.000000,1.625432
1589.0877,2026-06-03T14:38:53.439969,0.000000,1.624524
1589.6192,2026-06-03T14:38:53.971474,0.000000,1.623348
1590.1108,2026-06-03T14:38:54.463083,0.000000,1.621824
1590.6107,2026-06-03T14:38:54.963003,0.000000,1.620456
1591.0948,2026-06-03T14:38:55.447065,0.000000,1.619264
1591.6003,2026-06-03T14:38:55.952543,0.000000,1.618308
1592.0726,2026-06-03T14:38:56.424857,0.000000,1.617304
1592.5690,2026-06-03T14:38:56.921263,0.000000,1.616560
1593.0623,2026-06-03T14:38:57.414562,0.000000,1.615676
1593.5644,2026-06-03T14:38:57.916663,0.000000,1.615048
1594.0496,2026-06-03T14:38:58.401876,0.000000,1.614628
1594.5734,2026-06-03T14:38:58.925737,0.000000,1.613704
1595.0674,2026-06-03T14:38:59.419675,0.000000,1.612768
1595.5702,2026-06-03T14:38:59.922463,0.000000,1.612000
1596.0679,2026-06-03T14:39:00.420162,0.000000,1.611136
1596.5971,2026-06-03T14:39:00.949373,0.000000,1.610616
1597.1024,2026-06-03T14:39:01.454673,0.000000,1.609920
1597.5966,2026-06-03T14:39:01.948884,0.000000,1.609156
1598.0780,2026-06-03T14:39:02.430320,0.000000,1.608488
1598.5831,2026-06-03T14:39:02.935369,0.000000,1.607708
1599.0597,2026-06-03T14:39:03.411979,0.000000,1.606804
1599.5481,2026-06-03T14:39:03.900385,0.000000,1.605804
1600.0491,2026-06-03T14:39:04.401431,0.000000,1.604724
1600.5478,2026-06-03T14:39:04.900059,0.000000,1.603496
1601.0772,2026-06-03T14:39:05.429498,0.000000,1.602592
1601.5740,2026-06-03T14:39:05.926283,0.000000,1.601844
1602.0577,2026-06-03T14:39:06.410027,0.000000,1.601376
1602.5613,2026-06-03T14:39:06.913568,0.000000,1.601112
1603.0596,2026-06-03T14:39:07.411859,0.000000,1.600844
1603.5558,2026-06-03T14:39:07.908041,0.000000,1.600204
1604.0331,2026-06-03T14:39:08.385342,0.000000,1.599360
1604.5274,2026-06-03T14:39:08.879658,0.000000,1.598444
1605.0215,2026-06-03T14:39:09.373782,0.000000,1.597676
1605.5156,2026-06-03T14:39:09.867907,0.000000,1.596908
1605.9743,2026-06-03T14:39:10.326552,0.000000,1.596508
1606.4757,2026-06-03T14:39:10.827987,0.000000,1.595972
1606.9792,2026-06-03T14:39:11.331534,0.000000,1.595240
1607.4729,2026-06-03T14:39:11.825206,0.000000,1.594804
1607.9694,2026-06-03T14:39:12.321663,0.000000,1.593868
1608.4732,2026-06-03T14:39:12.825499,0.000000,1.593380
1608.9624,2026-06-03T14:39:13.314708,0.000000,1.592936
1609.4884,2026-06-03T14:39:13.840714,0.000000,1.592620
1609.9815,2026-06-03T14:39:14.333822,0.000000,1.592412
1610.4666,2026-06-03T14:39:14.818928,0.000000,1.591932
1610.9689,2026-06-03T14:39:15.321165,0.000000,1.591652
1611.4686,2026-06-03T14:39:15.820858,0.000000,1.591192
1611.9843,2026-06-03T14:39:16.336561,0.000000,1.590696
1612.4939,2026-06-03T14:39:16.846185,0.000000,1.590316
1612.9930,2026-06-03T14:39:17.345319,0.000000,1.589704
1613.4833,2026-06-03T14:39:17.835546,0.000000,1.588948
1613.9791,2026-06-03T14:39:18.331434,0.000000,1.588632
1614.4750,2026-06-03T14:39:18.827281,0.000000,1.588648
1614.9691,2026-06-03T14:39:19.321341,0.000000,1.588792
1615.4377,2026-06-03T14:39:19.790019,0.000000,1.589140
1615.9151,2026-06-03T14:39:20.267333,0.000000,1.589048
1616.4217,2026-06-03T14:39:20.774048,0.000000,1.588452
1616.9187,2026-06-03T14:39:21.270998,0.000000,1.587708
1617.4489,2026-06-03T14:39:21.801161,0.000000,1.586640
1617.9201,2026-06-03T14:39:22.272346,0.000000,1.585940
1618.4253,2026-06-03T14:39:22.777635,0.000000,1.585560
1618.9209,2026-06-03T14:39:23.273218,0.000000,1.585100
1619.4156,2026-06-03T14:39:23.767902,0.000000,1.584768
1619.9118,2026-06-03T14:39:24.264076,0.000000,1.584516
1620.4273,2026-06-03T14:39:24.779572,0.000000,1.584384
1620.9296,2026-06-03T14:39:25.281907,0.000000,1.584260
1621.3978,2026-06-03T14:39:25.750104,0.000000,1.583860
1621.8801,2026-06-03T14:39:26.232342,0.000000,1.583336
1622.3774,2026-06-03T14:39:26.729659,0.000000,1.582752
1622.8819,2026-06-03T14:39:27.234232,0.000000,1.582256
1623.3840,2026-06-03T14:39:27.736350,0.000000,1.582200
1623.8895,2026-06-03T14:39:28.241807,0.000000,1.582096
1624.3820,2026-06-03T14:39:28.734304,0.000000,1.581808
1624.8849,2026-06-03T14:39:29.237235,0.000000,1.581336
1625.3791,2026-06-03T14:39:29.731395,0.000000,1.580880
1625.8858,2026-06-03T14:39:30.238068,0.000000,1.580400
1626.3574,2026-06-03T14:39:30.709725,0.000000,1.580260
1626.8534,2026-06-03T14:39:31.205730,0.000000,1.579872
1627.3488,2026-06-03T14:39:31.701079,0.000000,1.579264
1627.8512,2026-06-03T14:39:32.203483,0.000000,1.578936
1628.3586,2026-06-03T14:39:32.710842,0.000000,1.578292
1628.8570,2026-06-03T14:39:33.209250,0.000000,1.577864
1629.3541,2026-06-03T14:39:33.706377,0.000000,1.577836
1629.8498,2026-06-03T14:39:34.202142,0.000000,1.577456
1630.3061,2026-06-03T14:39:34.658377,0.000000,1.576988
1630.8078,2026-06-03T14:39:35.160126,0.000000,1.576756
1631.3042,2026-06-03T14:39:35.656447,0.000000,1.576520
1631.7759,2026-06-03T14:39:36.128183,0.000000,1.576400
1632.2793,2026-06-03T14:39:36.631621,0.000000,1.576244
1632.7816,2026-06-03T14:39:37.133873,0.000000,1.576072
1633.2751,2026-06-03T14:39:37.627408,0.000000,1.575800
1633.7509,2026-06-03T14:39:38.103167,0.000000,1.575364
1634.2341,2026-06-03T14:39:38.586415,0.000000,1.575364
1634.7338,2026-06-03T14:39:39.086129,0.000000,1.575208
1635.2211,2026-06-03T14:39:39.573420,0.000000,1.575016
1635.7015,2026-06-03T14:39:40.053832,0.000000,1.574976
1636.2084,2026-06-03T14:39:40.560670,0.000000,1.574832
1636.7034,2026-06-03T14:39:41.055638,0.000000,1.574716
1637.1960,2026-06-03T14:39:41.548331,0.000000,1.574268
1637.7216,2026-06-03T14:39:42.073850,0.000000,1.574044
1638.1821,2026-06-03T14:39:42.534345,0.000000,1.573716
1638.6787,2026-06-03T14:39:43.031023,0.000000,1.573424
1639.1819,2026-06-03T14:39:43.534203,0.000000,1.573440
1639.6747,2026-06-03T14:39:44.027038,0.000000,1.573688
1640.1780,2026-06-03T14:39:44.530303,0.000000,1.573776
1640.6735,2026-06-03T14:39:45.025795,0.000000,1.574072
1641.1686,2026-06-03T14:39:45.520901,0.000000,1.574476
1641.6583,2026-06-03T14:39:46.010556,0.000000,1.574368
1642.1483,2026-06-03T14:39:46.500626,0.000000,1.574292
1642.6475,2026-06-03T14:39:46.999832,0.000000,1.574200
1643.1459,2026-06-03T14:39:47.498201,0.000000,1.574164
1643.6424,2026-06-03T14:39:47.994660,0.000000,1.574204
1644.1188,2026-06-03T14:39:48.471090,0.000000,1.574300
1644.6198,2026-06-03T14:39:48.972052,0.000000,1.574452
1645.1106,2026-06-03T14:39:49.462921,0.000000,1.573956
1645.6119,2026-06-03T14:39:49.964245,0.000000,1.573732
1646.1197,2026-06-03T14:39:50.471967,0.000000,1.573268
1646.6045,2026-06-03T14:39:50.956771,0.000000,1.573016
1647.0870,2026-06-03T14:39:51.439279,0.000000,1.573024
1647.5862,2026-06-03T14:39:51.938450,0.000000,1.572784
1648.0843,2026-06-03T14:39:52.436541,0.000000,1.572988
1648.6123,2026-06-03T14:39:52.964600,0.000000,1.572952
1649.1171,2026-06-03T14:39:53.469387,0.000000,1.573216
1649.6157,2026-06-03T14:39:53.967988,0.000000,1.573564
1650.1165,2026-06-03T14:39:54.468820,0.000000,1.574076
1650.6123,2026-06-03T14:39:54.964624,0.000000,1.574284
1651.0838,2026-06-03T14:39:55.436084,0.000000,1.574432
1651.5931,2026-06-03T14:39:55.945394,0.000000,1.573860
1652.0897,2026-06-03T14:39:56.441952,0.000000,1.573360
1652.5896,2026-06-03T14:39:56.941892,0.000000,1.573372
1653.1132,2026-06-03T14:39:57.465498,0.000000,1.573308
1653.6125,2026-06-03T14:39:57.964811,0.000000,1.573364
1654.1168,2026-06-03T14:39:58.469094,0.000000,1.573240
1654.6213,2026-06-03T14:39:58.973547,0.000000,1.572968
1655.1296,2026-06-03T14:39:59.481902,0.000000,1.572228
1655.6230,2026-06-03T14:39:59.975311,0.000000,1.572144
1656.1292,2026-06-03T14:40:00.481501,0.000000,1.572088
1656.6239,2026-06-03T14:40:00.976159,0.000000,1.571940
1657.1271,2026-06-03T14:40:01.479412,0.000000,1.572236
1657.6218,2026-06-03T14:40:01.974096,0.000000,1.572196
1658.1241,2026-06-03T14:40:02.476366,0.000000,1.572320
1658.5804,2026-06-03T14:40:02.932651,0.000000,1.572596
1659.0830,2026-06-03T14:40:03.435262,0.000000,1.573028
1659.5803,2026-06-03T14:40:03.932610,0.000000,1.573472
1660.1084,2026-06-03T14:40:04.460714,0.000000,1.573612
1660.6101,2026-06-03T14:40:04.962370,0.000000,1.573580
1661.1081,2026-06-03T14:40:05.460366,0.000000,1.573660
1661.5991,2026-06-03T14:40:05.951382,0.000000,1.573424
1662.0903,2026-06-03T14:40:06.442603,0.000000,1.573412
1662.5863,2026-06-03T14:40:06.938564,0.000000,1.573444
1663.0552,2026-06-03T14:40:07.407472,0.000000,1.573276
1663.5532,2026-06-03T14:40:07.905520,0.000000,1.573396
1664.0530,2026-06-03T14:40:08.405267,0.000000,1.573472
1664.5422,2026-06-03T14:40:08.894485,0.000000,1.573524
1665.0613,2026-06-03T14:40:09.413560,0.000000,1.573436
1665.5566,2026-06-03T14:40:09.908848,0.000000,1.573524
1666.0561,2026-06-03T14:40:10.408386,0.000000,1.573624
1666.5580,2026-06-03T14:40:10.910274,0.000000,1.573828
1667.0671,2026-06-03T14:40:11.419423,0.000000,1.573988
1667.5404,2026-06-03T14:40:11.892664,0.000000,1.574152
1668.0331,2026-06-03T14:40:12.385343,0.000000,1.574368
1668.5324,2026-06-03T14:40:12.884646,0.000000,1.574504
1669.0210,2026-06-03T14:40:13.373245,0.000000,1.574608
1669.5210,2026-06-03T14:40:13.873327,0.000000,1.574704
1670.0088,2026-06-03T14:40:14.361048,0.000000,1.574908
1670.5102,2026-06-03T14:40:14.862461,0.000000,1.574848
1671.0046,2026-06-03T14:40:15.356908,0.000000,1.574700
1671.4678,2026-06-03T14:40:15.820059,0.000000,1.574344
1671.9707,2026-06-03T14:40:16.323021,0.000000,1.574064
1672.4672,2026-06-03T14:40:16.819522,0.000000,1.573984
1672.9626,2026-06-03T14:40:17.314873,0.000000,1.573900
1673.4666,2026-06-03T14:40:17.818862,0.000000,1.574024
1673.9275,2026-06-03T14:40:18.279791,0.000000,1.574120
1674.4207,2026-06-03T14:40:18.773028,0.000000,1.574064
1674.9208,2026-06-03T14:40:19.273130,0.000000,1.574024
1675.4223,2026-06-03T14:40:19.774600,0.000000,1.574080
1675.9183,2026-06-03T14:40:20.270579,0.000000,1.574072
1676.3802,2026-06-03T14:40:20.732438,0.000000,1.574392
1676.8859,2026-06-03T14:40:21.238159,0.000000,1.574832
1677.3822,2026-06-03T14:40:21.734496,0.000000,1.575072
1677.8858,2026-06-03T14:40:22.238088,0.000000,1.575308
1678.3646,2026-06-03T14:40:22.716871,0.000000,1.575420
1678.8617,2026-06-03T14:40:23.213953,0.000000,1.575576
1679.3317,2026-06-03T14:40:23.683982,0.000000,1.575820
1679.8334,2026-06-03T14:40:24.185669,0.000000,1.576112
1680.3229,2026-06-03T14:40:24.675230,0.000000,1.576352
1680.8153,2026-06-03T14:40:25.167608,0.000000,1.576132
1681.3388,2026-06-03T14:40:25.691054,0.000000,1.576336
1681.8587,2026-06-03T14:40:26.211015,0.000000,1.576224
1682.3302,2026-06-03T14:40:26.682467,0.000000,1.576060
1682.8333,2026-06-03T14:40:27.185578,0.000000,1.576308
1683.3332,2026-06-03T14:40:27.685475,0.000000,1.576468
1683.8703,2026-06-03T14:40:28.222596,0.000000,1.576852
1684.3577,2026-06-03T14:40:28.710008,0.000000,1.577424
1684.8586,2026-06-03T14:40:29.210883,0.000000,1.578008
1685.3336,2026-06-03T14:40:29.685853,0.000000,1.577996
1685.8241,2026-06-03T14:40:30.176407,0.000000,1.578180
1686.2958,2026-06-03T14:40:30.648120,0.000000,1.578468
1686.7783,2026-06-03T14:40:31.130533,0.000000,1.578660
1687.2640,2026-06-03T14:40:31.616328,0.000000,1.579108
1687.7625,2026-06-03T14:40:32.114769,0.000000,1.579472
1688.2571,2026-06-03T14:40:32.609440,0.000000,1.579936
1688.7570,2026-06-03T14:40:33.109323,0.000000,1.580296
1689.2490,2026-06-03T14:40:33.601309,0.000000,1.580604
1689.7480,2026-06-03T14:40:34.100269,0.000000,1.580652
1690.2439,2026-06-03T14:40:34.596217,0.000000,1.580688
1690.7458,2026-06-03T14:40:35.098045,0.000000,1.581052
1691.2380,2026-06-03T14:40:35.590300,0.000000,1.580960
1691.7316,2026-06-03T14:40:36.083904,0.000000,1.581348
1692.2380,2026-06-03T14:40:36.590279,0.000000,1.581660
1692.7572,2026-06-03T14:40:37.109488,0.000000,1.581584
1693.2588,2026-06-03T14:40:37.611136,0.000000,1.581892
1693.7550,2026-06-03T14:40:38.107331,0.000000,1.582132
1694.2456,2026-06-03T14:40:38.597850,0.000000,1.582372
1694.7442,2026-06-03T14:40:39.096483,0.000000,1.582340
1695.2460,2026-06-03T14:40:39.598301,0.000000,1.582472
1695.7377,2026-06-03T14:40:40.089964,0.000000,1.582436
1696.2445,2026-06-03T14:40:40.596782,0.000000,1.582652
1696.7459,2026-06-03T14:40:41.098186,0.000000,1.583420
1697.2483,2026-06-03T14:40:41.600542,0.000000,1.584032
1697.7490,2026-06-03T14:40:42.101287,0.000000,1.584472
1698.2459,2026-06-03T14:40:42.598140,0.000000,1.584936
1698.7229,2026-06-03T14:40:43.075177,0.000000,1.585128
1699.2261,2026-06-03T14:40:43.578365,0.000000,1.585256
1699.7191,2026-06-03T14:40:44.071428,0.000000,1.585484
1700.2374,2026-06-03T14:40:44.589663,0.000000,1.585540
1700.7293,2026-06-03T14:40:45.081566,0.000000,1.585972
1701.2232,2026-06-03T14:40:45.575442,0.000000,1.586100
1701.7128,2026-06-03T14:40:46.065117,0.000000,1.586292
1702.2027,2026-06-03T14:40:46.554991,0.000000,1.586508
1702.7010,2026-06-03T14:40:47.053258,0.000000,1.586336
1703.2044,2026-06-03T14:40:47.556664,0.000000,1.586456
1703.7077,2026-06-03T14:40:48.060017,0.000000,1.586760
1704.2064,2026-06-03T14:40:48.558673,0.000000,1.586920
1704.7067,2026-06-03T14:40:49.059011,0.000000,1.587172
1705.2073,2026-06-03T14:40:49.559595,0.000000,1.587472
1705.7022,2026-06-03T14:40:50.054454,0.000000,1.587772
1706.1778,2026-06-03T14:40:50.530133,0.000000,1.588180
1706.6867,2026-06-03T14:40:51.039026,0.000000,1.588864
1707.1791,2026-06-03T14:40:51.531380,0.000000,1.589176
1707.6947,2026-06-03T14:40:52.047012,0.000000,1.589428
1708.1813,2026-06-03T14:40:52.533572,0.000000,1.589812
1708.6838,2026-06-03T14:40:53.036122,0.000000,1.589900
1709.1836,2026-06-03T14:40:53.535924,0.000000,1.590332
1709.6747,2026-06-03T14:40:54.026969,0.000000,1.590688
1710.1632,2026-06-03T14:40:54.515510,0.000000,1.590908
1710.6564,2026-06-03T14:40:55.008657,0.000000,1.591280
1711.1620,2026-06-03T14:40:55.514246,0.000000,1.591804
1711.6408,2026-06-03T14:40:55.993122,0.000000,1.592332
1712.1298,2026-06-03T14:40:56.482061,0.000000,1.592688
1712.6318,2026-06-03T14:40:56.984096,0.000000,1.592956
1713.1350,2026-06-03T14:40:57.487303,0.000000,1.592856
1713.6331,2026-06-03T14:40:57.985366,0.000000,1.592712
1714.1216,2026-06-03T14:40:58.473933,0.000000,1.592576
1714.6193,2026-06-03T14:40:58.971610,0.000000,1.592932
1715.1426,2026-06-03T14:40:59.494903,0.000000,1.593188
1715.6119,2026-06-03T14:40:59.964164,0.000000,1.593636
1716.1053,2026-06-03T14:41:00.457559,0.000000,1.594168
1716.5869,2026-06-03T14:41:00.939157,0.000000,1.594292
1717.0846,2026-06-03T14:41:01.436918,0.000000,1.594680
1717.5875,2026-06-03T14:41:01.939749,0.000000,1.594808
1718.0493,2026-06-03T14:41:02.401592,0.000000,1.594960
1718.5461,2026-06-03T14:41:02.898354,0.000000,1.595256
1719.0516,2026-06-03T14:41:03.403912,0.000000,1.595292
1719.5335,2026-06-03T14:41:03.885830,0.000000,1.595776
1720.0338,2026-06-03T14:41:04.386107,0.000000,1.596272
1720.5461,2026-06-03T14:41:04.898401,0.000000,1.596540
1721.0405,2026-06-03T14:41:05.392799,0.000000,1.596852
1721.5354,2026-06-03T14:41:05.887670,0.000000,1.597180
1722.0330,2026-06-03T14:41:06.385233,0.000000,1.597152
1722.5129,2026-06-03T14:41:06.865143,0.000000,1.597248
1723.0199,2026-06-03T14:41:07.372196,0.000000,1.597676
1723.5354,2026-06-03T14:41:07.887640,0.000000,1.597984
1724.0163,2026-06-03T14:41:08.368597,0.000000,1.598368
1724.4979,2026-06-03T14:41:08.850206,0.000000,1.598864
1724.9950,2026-06-03T14:41:09.347262,0.000000,1.598964
1725.4668,2026-06-03T14:41:09.819072,0.000000,1.599336
1725.9669,2026-06-03T14:41:10.319196,0.000000,1.599992
1726.4682,2026-06-03T14:41:10.820514,0.000000,1.600392
1726.9715,2026-06-03T14:41:11.323802,0.000000,1.600968
1727.4706,2026-06-03T14:41:11.822878,0.000000,1.601084
1727.9752,2026-06-03T14:41:12.327478,0.000000,1.601196
1728.4726,2026-06-03T14:41:12.824865,0.000000,1.601420
1728.9649,2026-06-03T14:41:13.317192,0.000000,1.601804
1729.4693,2026-06-03T14:41:13.821599,0.000000,1.602352
1729.9653,2026-06-03T14:41:14.317605,0.000000,1.602936
1730.4646,2026-06-03T14:41:14.816850,0.000000,1.603516
1730.9616,2026-06-03T14:41:15.313859,0.000000,1.603860
1731.4795,2026-06-03T14:41:15.831799,0.000000,1.604228
1731.9725,2026-06-03T14:41:16.324777,0.000000,1.604540
1732.4737,2026-06-03T14:41:16.825951,0.000000,1.605116
1732.9670,2026-06-03T14:41:17.319284,0.000000,1.605208
1733.4670,2026-06-03T14:41:17.819278,0.000000,1.605632
1733.9685,2026-06-03T14:41:18.320794,0.000000,1.605700
1734.4753,2026-06-03T14:41:18.827559,0.000000,1.605880
1734.9667,2026-06-03T14:41:19.318988,0.000000,1.606300
1735.4846,2026-06-03T14:41:19.836880,0.000000,1.606280
1735.9929,2026-06-03T14:41:20.345166,0.000000,1.606796
1736.4849,2026-06-03T14:41:20.837215,0.000000,1.607276
1736.9865,2026-06-03T14:41:21.338744,0.000000,1.607796
1737.4865,2026-06-03T14:41:21.838785,0.000000,1.608452
1737.9996,2026-06-03T14:41:22.351907,0.000000,1.609108
1738.4888,2026-06-03T14:41:22.841058,0.000000,1.609600
1738.9901,2026-06-03T14:41:23.342418,0.000000,1.610140
1739.4823,2026-06-03T14:41:23.834567,0.000000,1.610724
1739.9867,2026-06-03T14:41:24.338962,0.000000,1.611040
1740.4793,2026-06-03T14:41:24.831604,0.000000,1.611364
1740.9774,2026-06-03T14:41:25.329693,0.000000,1.611912
1741.4484,2026-06-03T14:41:25.800657,0.000000,1.612280
1741.9450,2026-06-03T14:41:26.297267,0.000000,1.612468
1742.4392,2026-06-03T14:41:26.791537,0.000000,1.612692
1742.9666,2026-06-03T14:41:27.318888,0.000000,1.613028
1743.4678,2026-06-03T14:41:27.820125,0.000000,1.612996
1743.9652,2026-06-03T14:41:28.317452,0.000000,1.613448
1744.4588,2026-06-03T14:41:28.811098,0.000000,1.613644
1744.9916,2026-06-03T14:41:29.343861,0.000000,1.613604
1745.4855,2026-06-03T14:41:29.837805,0.000000,1.614152
1745.9867,2026-06-03T14:41:30.338951,0.000000,1.614216
1746.4660,2026-06-03T14:41:30.818305,0.000000,1.614840
1746.9670,2026-06-03T14:41:31.319255,0.000000,1.615544
1747.4689,2026-06-03T14:41:31.821176,0.000000,1.616480
1747.9635,2026-06-03T14:41:32.315746,0.000000,1.617568
1748.4653,2026-06-03T14:41:32.817591,0.000000,1.618124
1748.9610,2026-06-03T14:41:33.313329,0.000000,1.618696
1749.4911,2026-06-03T14:41:33.843402,0.000000,1.619112
1749.9771,2026-06-03T14:41:34.329353,0.000000,1.619188
1750.4841,2026-06-03T14:41:34.836366,0.000000,1.619768
1750.9741,2026-06-03T14:41:35.326435,0.000000,1.620184
1751.4755,2026-06-03T14:41:35.827794,0.000000,1.620568
1751.9743,2026-06-03T14:41:36.326559,0.000000,1.621328
1752.4763,2026-06-03T14:41:36.828552,0.000000,1.622104
1752.9715,2026-06-03T14:41:37.323785,0.000000,1.622788
1753.4663,2026-06-03T14:41:37.818600,0.000000,1.623544
1753.9639,2026-06-03T14:41:38.316208,0.000000,1.624180
1754.4579,2026-06-03T14:41:38.810219,0.000000,1.624872
1754.9591,2026-06-03T14:41:39.311370,0.000000,1.625136
1755.4556,2026-06-03T14:41:39.807899,0.000000,1.625704
1755.9478,2026-06-03T14:41:40.300055,0.000000,1.626476
1756.4767,2026-06-03T14:41:40.828963,0.000000,1.626848
1756.9835,2026-06-03T14:41:41.335759,0.000000,1.627364
1757.4745,2026-06-03T14:41:41.826762,0.000000,1.627588
1757.9754,2026-06-03T14:41:42.327664,0.000000,1.627460
1758.4576,2026-06-03T14:41:42.809837,0.000000,1.627484
1758.9598,2026-06-03T14:41:43.312129,0.000000,1.627656
1759.4553,2026-06-03T14:41:43.807582,0.000000,1.628084
1759.9512,2026-06-03T14:41:44.303461,0.000000,1.628460
1760.4072,2026-06-03T14:41:44.759462,0.000000,1.628912
1760.9083,2026-06-03T14:41:45.260608,0.000000,1.629404
1761.4087,2026-06-03T14:41:45.761008,0.000000,1.629628
1761.9155,2026-06-03T14:41:46.267782,0.000000,1.629916
1762.4106,2026-06-03T14:41:46.762856,0.000000,1.630208
1762.9065,2026-06-03T14:41:47.258770,0.000000,1.630516
1763.4087,2026-06-03T14:41:47.760967,0.000000,1.630852
1763.9300,2026-06-03T14:41:48.282334,0.000000,1.631120
1764.4142,2026-06-03T14:41:48.766477,0.000000,1.631256
1764.9152,2026-06-03T14:41:49.267474,0.000000,1.631800
1765.4033,2026-06-03T14:41:49.755636,0.000000,1.632308
1765.9035,2026-06-03T14:41:50.255754,0.000000,1.632884
1766.3918,2026-06-03T14:41:50.744095,0.000000,1.633532
1766.8969,2026-06-03T14:41:51.249197,0.000000,1.634052
1767.3982,2026-06-03T14:41:51.750506,0.000000,1.634320
1767.9000,2026-06-03T14:41:52.252270,0.000000,1.634744
1768.3600,2026-06-03T14:41:52.712320,0.000000,1.635380
1768.8636,2026-06-03T14:41:53.215898,0.000000,1.635788
1769.3635,2026-06-03T14:41:53.715750,0.000000,1.636260
1769.8697,2026-06-03T14:41:54.221992,0.000000,1.636676
1770.3671,2026-06-03T14:41:54.719424,0.000000,1.636660
1770.8644,2026-06-03T14:41:55.216639,0.000000,1.636784
1771.3688,2026-06-03T14:41:55.721121,0.000000,1.637220
1771.8568,2026-06-03T14:41:56.209099,0.000000,1.637256
1772.3430,2026-06-03T14:41:56.695319,0.000000,1.637672
1772.8420,2026-06-03T14:41:57.194323,0.000000,1.638248
1773.3398,2026-06-03T14:41:57.692048,0.000000,1.638464
1773.8251,2026-06-03T14:41:58.177439,0.000000,1.639588
1774.3336,2026-06-03T14:41:58.685859,0.000000,1.640772
1774.8349,2026-06-03T14:41:59.187176,0.000000,1.641592
1775.3381,2026-06-03T14:41:59.690435,0.000000,1.642572
1775.8086,2026-06-03T14:42:00.160852,0.000000,1.642832
1776.2736,2026-06-03T14:42:00.625858,0.000000,1.643236
1776.7667,2026-06-03T14:42:01.118958,0.000000,1.643632
1777.2713,2026-06-03T14:42:01.623613,0.000000,1.644120
1777.7449,2026-06-03T14:42:02.097234,0.000000,1.644872
1778.2169,2026-06-03T14:42:02.569169,0.000000,1.644736
1778.7087,2026-06-03T14:42:03.060952,0.000000,1.644940
1779.2160,2026-06-03T14:42:03.568326,0.000000,1.645240
1779.7166,2026-06-03T14:42:04.068911,0.000000,1.645836
1780.2153,2026-06-03T14:42:04.567609,0.000000,1.646736
1780.7297,2026-06-03T14:42:05.082028,0.000000,1.647688
1781.2432,2026-06-03T14:42:05.595447,0.000000,1.648324
1781.7205,2026-06-03T14:42:06.072743,0.000000,1.648812
1782.2118,2026-06-03T14:42:06.564082,0.000000,1.649144
1782.7206,2026-06-03T14:42:07.072889,0.000000,1.649280
1783.2168,2026-06-03T14:42:07.569044,0.000000,1.649648
1783.7128,2026-06-03T14:42:08.065050,0.000000,1.649996
1784.2116,2026-06-03T14:42:08.563938,0.000000,1.650640
1784.6989,2026-06-03T14:42:09.051142,0.000000,1.651492
1785.1960,2026-06-03T14:42:09.548314,0.000000,1.652456
1785.6798,2026-06-03T14:42:10.032069,0.000000,1.653148
1786.1743,2026-06-03T14:42:10.526601,0.000000,1.653416
1786.6524,2026-06-03T14:42:11.004639,0.000000,1.653980
1787.1132,2026-06-03T14:42:11.465457,0.000000,1.654184
1787.5862,2026-06-03T14:42:11.938506,0.000000,1.654680
1788.0500,2026-06-03T14:42:12.402284,0.000000,1.654952
1788.5178,2026-06-03T14:42:12.870077,0.000000,1.655132
1788.9644,2026-06-03T14:42:13.316682,0.000000,1.655368
1789.4529,2026-06-03T14:42:13.805178,0.000000,1.655584
1789.9504,2026-06-03T14:42:14.302713,0.000000,1.656172
1790.4551,2026-06-03T14:42:14.807380,0.000000,1.656612
1790.9556,2026-06-03T14:42:15.307884,0.000000,1.657344
1791.4572,2026-06-03T14:42:15.809449,0.000000,1.657920
1791.9809,2026-06-03T14:42:16.333177,0.000000,1.658340
1792.4592,2026-06-03T14:42:16.811484,0.000000,1.658948
1792.9607,2026-06-03T14:42:17.312971,0.000000,1.659672
1793.4336,2026-06-03T14:42:17.785872,0.000000,1.660496
1793.9136,2026-06-03T14:42:18.265927,0.000000,1.661064
1794.4087,2026-06-03T14:42:18.760947,0.000000,1.662068
1794.9115,2026-06-03T14:42:19.263754,0.000000,1.662584
1795.4116,2026-06-03T14:42:19.763909,0.000000,1.663368
1795.9053,2026-06-03T14:42:20.257592,0.000000,1.664152
1796.3882,2026-06-03T14:42:20.740499,0.000000,1.664772
1796.8921,2026-06-03T14:42:21.244412,0.000000,1.665384
1797.3871,2026-06-03T14:42:21.739420,0.000000,1.665688
1797.8886,2026-06-03T14:42:22.240862,0.000000,1.665868
1798.3861,2026-06-03T14:42:22.738367,0.000000,1.666348
1798.8845,2026-06-03T14:42:23.236759,0.000000,1.666740
1799.3912,2026-06-03T14:42:23.743517,0.000000,1.667332
1799.9081,2026-06-03T14:42:24.260418,0.000000,1.668176
1800.4055,2026-06-03T14:42:24.757804,0.000000,1.668896
1800.9132,2026-06-03T14:42:25.265531,0.000000,1.669680
1801.4129,2026-06-03T14:42:25.765233,0.000000,1.670296
1801.9377,2026-06-03T14:42:26.290034,0.000000,1.670804
1802.4328,2026-06-03T14:42:26.785056,0.000000,1.671048
1802.9089,2026-06-03T14:42:27.261218,0.000000,1.670972
1803.4041,2026-06-03T14:42:27.756348,0.000000,1.671132
1803.9045,2026-06-03T14:42:28.256784,0.000000,1.671136
1804.3864,2026-06-03T14:42:28.738709,0.000000,1.671696
1804.8879,2026-06-03T14:42:29.240221,0.000000,1.672760
1805.3963,2026-06-03T14:42:29.748559,0.000000,1.673140
1805.8872,2026-06-03T14:42:30.239498,0.000000,1.673524
1806.3877,2026-06-03T14:42:30.739974,0.000000,1.673824
1806.8928,2026-06-03T14:42:31.245052,0.000000,1.673940
1807.3908,2026-06-03T14:42:31.743061,0.000000,1.674964
1807.8889,2026-06-03T14:42:32.241182,0.000000,1.675752
1808.3650,2026-06-03T14:42:32.717326,0.000000,1.676656
1808.8654,2026-06-03T14:42:33.217655,0.000000,1.677436
1809.3673,2026-06-03T14:42:33.719611,0.000000,1.677532
1809.8895,2026-06-03T14:42:34.241768,0.000000,1.677916
1810.3848,2026-06-03T14:42:34.737081,0.000000,1.677964
1810.8476,2026-06-03T14:42:35.199901,0.000000,1.678284
1811.3314,2026-06-03T14:42:35.683685,0.000000,1.678944
1811.8341,2026-06-03T14:42:36.186344,0.000000,1.679920
1812.3333,2026-06-03T14:42:36.685608,0.000000,1.680964
1812.8322,2026-06-03T14:42:37.184457,0.000000,1.681904
1813.3086,2026-06-03T14:42:37.660903,0.000000,1.683092
1813.8001,2026-06-03T14:42:38.152423,0.000000,1.683692
1814.3045,2026-06-03T14:42:38.656797,0.000000,1.683920
1814.7620,2026-06-03T14:42:39.114293,0.000000,1.684200
1815.2273,2026-06-03T14:42:39.579610,0.000000,1.684284
1815.7205,2026-06-03T14:42:40.072796,0.000000,1.684432
1816.2145,2026-06-03T14:42:40.566764,0.000000,1.685044
1816.7211,2026-06-03T14:42:41.073342,0.000000,1.685772
1817.2156,2026-06-03T14:42:41.567927,0.000000,1.686408
1817.6875,2026-06-03T14:42:42.039781,0.000000,1.686860
1818.1931,2026-06-03T14:42:42.545409,0.000000,1.687352
1818.6921,2026-06-03T14:42:43.044375,0.000000,1.688064
1819.1750,2026-06-03T14:42:43.527266,0.000000,1.688636
1819.6882,2026-06-03T14:42:44.040536,0.000000,1.689496
1820.1661,2026-06-03T14:42:44.518341,0.000000,1.689796
1820.6680,2026-06-03T14:42:45.020266,0.000000,1.690072
1821.1653,2026-06-03T14:42:45.517544,0.000000,1.690508
1821.6663,2026-06-03T14:42:46.018620,0.000000,1.690968
1822.1669,2026-06-03T14:42:46.519209,0.000000,1.691688
1822.6754,2026-06-03T14:42:47.027663,0.000000,1.692384
1823.1778,2026-06-03T14:42:47.530054,0.000000,1.693176
1823.6763,2026-06-03T14:42:48.028573,0.000000,1.693892
1824.1778,2026-06-03T14:42:48.530063,0.000000,1.694800
1824.6780,2026-06-03T14:42:49.030250,0.000000,1.695852
1825.1623,2026-06-03T14:42:49.514568,0.000000,1.696452
1825.6433,2026-06-03T14:42:49.995571,0.000000,1.697128
1826.1410,2026-06-03T14:42:50.493321,0.000000,1.697772
1826.6447,2026-06-03T14:42:50.996994,0.000000,1.698372
1827.1694,2026-06-03T14:42:51.521703,0.000000,1.699080
1827.6468,2026-06-03T14:42:51.999088,0.000000,1.699800
1828.1403,2026-06-03T14:42:52.492546,0.000000,1.700280
1828.6379,2026-06-03T14:42:52.990239,0.000000,1.700760
1829.1025,2026-06-03T14:42:53.454777,0.000000,1.701208
1829.5988,2026-06-03T14:42:53.951139,0.000000,1.701528
1830.0641,2026-06-03T14:42:54.416418,0.000000,1.702072
1830.5449,2026-06-03T14:42:54.897209,0.000000,1.702256
1831.0503,2026-06-03T14:42:55.402619,0.000000,1.702620
1831.5483,2026-06-03T14:42:55.900610,0.000000,1.703004
1832.0295,2026-06-03T14:42:56.381769,0.000000,1.703244
1832.5145,2026-06-03T14:42:56.866734,0.000000,1.703708
1833.0045,2026-06-03T14:42:57.356764,0.000000,1.704232
1833.5028,2026-06-03T14:42:57.855042,0.000000,1.704676
1834.0078,2026-06-03T14:42:58.360120,0.000000,1.705600
1834.5017,2026-06-03T14:42:58.853945,0.000000,1.706592
1835.0007,2026-06-03T14:42:59.352966,0.000000,1.707464
1835.4960,2026-06-03T14:42:59.848303,0.000000,1.708080
1836.0244,2026-06-03T14:43:00.376649,0.000000,1.708420
1836.5226,2026-06-03T14:43:00.874931,0.000000,1.708516
1837.0255,2026-06-03T14:43:01.377815,0.000000,1.708744
1837.5224,2026-06-03T14:43:01.874691,0.000000,1.709232
1838.0252,2026-06-03T14:43:02.377476,0.000000,1.709684
1838.5229,2026-06-03T14:43:02.875208,0.000000,1.710360
1839.0221,2026-06-03T14:43:03.374367,0.000000,1.710728
1839.5249,2026-06-03T14:43:03.877236,0.000000,1.710956
1840.0256,2026-06-03T14:43:04.377873,0.000000,1.711476
1840.5266,2026-06-03T14:43:04.878920,0.000000,1.712296
1841.0062,2026-06-03T14:43:05.358514,0.000000,1.713348
1841.5004,2026-06-03T14:43:05.852689,0.000000,1.714252
1841.9962,2026-06-03T14:43:06.348490,0.000000,1.714852
1842.5018,2026-06-03T14:43:06.854095,0.000000,1.715272
1843.0029,2026-06-03T14:43:07.355221,0.000000,1.715448
1843.5207,2026-06-03T14:43:07.873061,0.000000,1.715904
1843.9816,2026-06-03T14:43:08.333877,0.000000,1.716476
1844.4779,2026-06-03T14:43:08.830165,0.000000,1.716996
1844.9708,2026-06-03T14:43:09.323063,0.000000,1.717568
1845.4677,2026-06-03T14:43:09.819972,0.000000,1.718364
1845.9679,2026-06-03T14:43:10.320171,0.000000,1.719428
1846.4655,2026-06-03T14:43:10.817812,0.000000,1.720296
1846.9521,2026-06-03T14:43:11.304362,0.000000,1.721384
1847.4296,2026-06-03T14:43:11.781860,0.000000,1.722276
1847.9295,2026-06-03T14:43:12.281747,0.000000,1.723040
1848.4234,2026-06-03T14:43:12.775706,0.000000,1.723924
1848.9244,2026-06-03T14:43:13.276645,0.000000,1.724824
1849.4227,2026-06-03T14:43:13.775005,0.000000,1.725348
1849.9220,2026-06-03T14:43:14.274340,0.000000,1.725948
1850.4134,2026-06-03T14:43:14.765669,0.000000,1.726980
1850.9133,2026-06-03T14:43:15.265549,0.000000,1.727724
1851.4339,2026-06-03T14:43:15.786139,0.000000,1.728720
1851.9105,2026-06-03T14:43:16.262785,0.000000,1.729492
1852.4046,2026-06-03T14:43:16.756852,0.000000,1.729720
1852.9046,2026-06-03T14:43:17.256868,0.000000,1.729944
1853.3769,2026-06-03T14:43:17.729146,0.000000,1.730396
1853.8741,2026-06-03T14:43:18.226422,0.000000,1.730608
1854.3705,2026-06-03T14:43:18.722780,0.000000,1.730952
1854.8712,2026-06-03T14:43:19.223472,0.000000,1.731692
1855.3656,2026-06-03T14:43:19.717880,0.000000,1.732180
1855.8496,2026-06-03T14:43:20.201921,0.000000,1.732568
1856.3480,2026-06-03T14:43:20.700321,0.000000,1.733440
1856.8457,2026-06-03T14:43:21.197998,0.000000,1.733924
1857.3256,2026-06-03T14:43:21.677876,0.000000,1.734744
1857.8244,2026-06-03T14:43:22.176666,0.000000,1.735660
1858.2991,2026-06-03T14:43:22.651435,0.000000,1.736300
1858.8004,2026-06-03T14:43:23.152698,0.000000,1.736948
1859.2972,2026-06-03T14:43:23.649510,0.000000,1.737684
1859.8279,2026-06-03T14:43:24.180158,0.000000,1.738564
1860.3274,2026-06-03T14:43:24.679736,0.000000,1.739408
1860.8318,2026-06-03T14:43:25.184137,0.000000,1.740440
1861.3318,2026-06-03T14:43:25.684072,0.000000,1.741004
1861.8061,2026-06-03T14:43:26.158387,0.000000,1.741328
1862.3145,2026-06-03T14:43:26.666750,0.000000,1.741640
1862.8041,2026-06-03T14:43:27.156352,0.000000,1.742084
1863.2923,2026-06-03T14:43:27.644630,0.000000,1.743012
1863.7932,2026-06-03T14:43:28.145505,0.000000,1.744040
1864.2781,2026-06-03T14:43:28.630382,0.000000,1.745324
1864.7767,2026-06-03T14:43:29.129011,0.000000,1.746564
1865.2848,2026-06-03T14:43:29.637099,0.000000,1.747660
1865.7802,2026-06-03T14:43:30.132453,0.000000,1.748876
1866.2672,2026-06-03T14:43:30.619528,0.000000,1.749852
1866.7622,2026-06-03T14:43:31.114532,0.000000,1.750548
1867.2910,2026-06-03T14:43:31.643266,0.000000,1.751324
1867.7839,2026-06-03T14:43:32.136218,0.000000,1.751664
1868.2783,2026-06-03T14:43:32.630533,0.000000,1.751848
1868.7392,2026-06-03T14:43:33.091492,0.000000,1.752260
1869.2450,2026-06-03T14:43:33.597287,0.000000,1.752704
1869.7340,2026-06-03T14:43:34.086335,0.000000,1.753164
1870.2391,2026-06-03T14:43:34.591410,0.000000,1.753928
1870.7179,2026-06-03T14:43:35.070189,0.000000,1.754604
1871.1951,2026-06-03T14:43:35.547355,0.000000,1.755136
1871.6520,2026-06-03T14:43:36.004260,0.000000,1.756016
1872.1666,2026-06-03T14:43:36.518922,0.000000,1.756836
1872.6555,2026-06-03T14:43:37.007813,0.000000,1.757552
1873.1578,2026-06-03T14:43:37.510087,0.000000,1.758396
1873.6576,2026-06-03T14:43:38.009892,0.000000,1.759456
1874.1347,2026-06-03T14:43:38.487013,0.000000,1.760356
1874.6257,2026-06-03T14:43:38.978027,0.000000,1.761360
1875.1129,2026-06-03T14:43:39.465199,0.000000,1.762388
1875.6109,2026-06-03T14:43:39.963230,0.000000,1.763044
1876.1120,2026-06-03T14:43:40.464317,0.000000,1.763972
1876.6398,2026-06-03T14:43:40.992070,0.000000,1.764676
1877.1367,2026-06-03T14:43:41.489022,0.000000,1.765244
1877.6394,2026-06-03T14:43:41.991665,0.000000,1.765992
1878.1172,2026-06-03T14:43:42.469482,0.000000,1.766764
1878.6193,2026-06-03T14:43:42.971625,0.000000,1.767188
1879.1428,2026-06-03T14:43:43.495066,0.000000,1.767720
1879.6476,2026-06-03T14:43:43.999900,0.000000,1.768220
1880.1438,2026-06-03T14:43:44.496070,0.000000,1.768544
1880.6470,2026-06-03T14:43:44.999271,0.000000,1.769152
1881.1432,2026-06-03T14:43:45.495457,0.000000,1.769944
1881.6432,2026-06-03T14:43:45.995491,0.000000,1.770900
1882.1286,2026-06-03T14:43:46.480877,0.000000,1.771712
1882.6256,2026-06-03T14:43:46.977900,0.000000,1.772120
1883.1493,2026-06-03T14:43:47.501630,0.000000,1.772160
1883.6534,2026-06-03T14:43:48.005666,0.000000,1.772144
1884.1400,2026-06-03T14:43:48.492280,0.000000,1.772068
1884.6333,2026-06-03T14:43:48.985549,0.000000,1.772584
1885.1147,2026-06-03T14:43:49.467001,0.000000,1.773284
1885.6099,2026-06-03T14:43:49.962194,0.000000,1.773972
1886.1038,2026-06-03T14:43:50.456073,0.000000,1.774784
1886.6211,2026-06-03T14:43:50.973399,0.000000,1.775468
1887.1124,2026-06-03T14:43:51.464680,0.000000,1.776308
1887.6044,2026-06-03T14:43:51.956698,0.000000,1.777092
1888.1004,2026-06-03T14:43:52.452707,0.000000,1.777816
1888.6010,2026-06-03T14:43:52.953260,0.000000,1.778768
1889.0853,2026-06-03T14:43:53.437609,0.000000,1.779568
1889.5778,2026-06-03T14:43:53.930130,0.000000,1.780584
1890.0851,2026-06-03T14:43:54.437374,0.000000,1.781680
1890.5797,2026-06-03T14:43:54.931944,0.000000,1.782532
1891.0711,2026-06-03T14:43:55.423386,0.000000,1.783484
1891.5638,2026-06-03T14:43:55.916049,0.000000,1.784584
1892.0607,2026-06-03T14:43:56.413029,0.000000,1.785588
1892.5606,2026-06-03T14:43:56.912885,0.000000,1.786392
1893.0648,2026-06-03T14:43:57.417084,0.000000,1.787288
1893.5571,2026-06-03T14:43:57.909422,0.000000,1.787772
1894.0614,2026-06-03T14:43:58.413727,0.000000,1.787712
1894.5841,2026-06-03T14:43:58.936364,0.000000,1.788124
1895.0645,2026-06-03T14:43:59.416764,0.000000,1.788352
1895.5582,2026-06-03T14:43:59.910524,0.000000,1.788812
1896.0551,2026-06-03T14:44:00.407368,0.000000,1.790008
1896.5503,2026-06-03T14:44:00.902557,0.000000,1.791140
1897.0481,2026-06-03T14:44:01.400359,0.000000,1.791972
1897.5383,2026-06-03T14:44:01.890638,0.000000,1.792956
1898.0358,2026-06-03T14:44:02.388120,0.000000,1.793712
1898.5270,2026-06-03T14:44:02.879270,0.000000,1.794676
1899.0204,2026-06-03T14:44:03.372690,0.000000,1.795480
1899.5218,2026-06-03T14:44:03.874105,0.000000,1.796288
1900.0260,2026-06-03T14:44:04.378280,0.000000,1.797208
1900.5299,2026-06-03T14:44:04.882213,0.000000,1.797468
1901.0252,2026-06-03T14:44:05.377496,0.000000,1.798372
1901.5234,2026-06-03T14:44:05.875742,0.000000,1.799500
1902.0506,2026-06-03T14:44:06.402924,0.000000,1.800240
1902.5599,2026-06-03T14:44:06.912155,0.000000,1.802008
1903.0513,2026-06-03T14:44:07.403627,0.000000,1.803060
1903.5513,2026-06-03T14:44:07.903632,0.000000,1.803648
1904.0455,2026-06-03T14:44:08.397828,0.000000,1.804332
1904.5373,2026-06-03T14:44:08.889564,0.000000,1.804736
1905.0364,2026-06-03T14:44:09.388672,0.000000,1.805516
1905.5289,2026-06-03T14:44:09.881209,0.000000,1.806432
1906.0432,2026-06-03T14:44:10.395513,0.000000,1.807372
1906.5596,2026-06-03T14:44:10.911866,0.000000,1.808084
1907.0491,2026-06-03T14:44:11.401401,0.000000,1.808548
1907.5306,2026-06-03T14:44:11.882882,0.000000,1.809168
1907.9984,2026-06-03T14:44:12.350680,0.000000,1.810192
1908.4735,2026-06-03T14:44:12.825812,0.000000,1.811040
1908.9670,2026-06-03T14:44:13.319339,0.000000,1.811852
1909.4786,2026-06-03T14:44:13.830929,0.000000,1.812584
1909.9801,2026-06-03T14:44:14.332369,0.000000,1.812900
1910.4800,2026-06-03T14:44:14.832298,0.000000,1.813524
1910.9451,2026-06-03T14:44:15.297362,0.000000,1.814216
1911.4411,2026-06-03T14:44:15.793350,0.000000,1.814968
1911.9426,2026-06-03T14:44:16.294917,0.000000,1.816140
1912.4342,2026-06-03T14:44:16.786516,0.000000,1.817140
1912.9424,2026-06-03T14:44:17.294678,0.000000,1.818588
1913.4408,2026-06-03T14:44:17.793137,0.000000,1.819676
1913.9706,2026-06-03T14:44:18.322880,0.000000,1.820884
1914.4706,2026-06-03T14:44:18.822858,0.000000,1.822300
1914.9650,2026-06-03T14:44:19.317292,0.000000,1.823044
1915.4658,2026-06-03T14:44:19.818054,0.000000,1.824144
1915.9945,2026-06-03T14:44:20.346765,0.000000,1.824980
1916.4566,2026-06-03T14:44:20.808846,0.000000,1.825548
1916.9611,2026-06-03T14:44:21.313354,0.000000,1.826280
1917.4581,2026-06-03T14:44:21.810387,0.000000,1.826736
1917.9632,2026-06-03T14:44:22.315434,0.000000,1.827460
1918.4488,2026-06-03T14:44:22.801126,0.000000,1.828436
1918.9498,2026-06-03T14:44:23.302054,0.000000,1.829480
1919.4400,2026-06-03T14:44:23.792306,0.000000,1.830592
1919.9451,2026-06-03T14:44:24.297370,0.000000,1.831436
1920.4018,2026-06-03T14:44:24.754046,0.000000,1.832124
1920.9006,2026-06-03T14:44:25.252928,0.000000,1.833048
1921.3929,2026-06-03T14:44:25.745173,0.000000,1.834096
1921.9072,2026-06-03T14:44:26.259524,0.000000,1.835052
1922.4090,2026-06-03T14:44:26.761253,0.000000,1.836188
1922.8971,2026-06-03T14:44:27.249346,0.000000,1.836892
1923.4004,2026-06-03T14:44:27.752655,0.000000,1.837612
1923.8994,2026-06-03T14:44:28.251655,0.000000,1.838424
1924.4073,2026-06-03T14:44:28.759596,0.000000,1.839052
1924.8698,2026-06-03T14:44:29.222078,0.000000,1.839952
1925.3702,2026-06-03T14:44:29.722512,0.000000,1.840368
1925.8630,2026-06-03T14:44:30.215303,0.000000,1.841096
1926.3652,2026-06-03T14:44:30.717485,0.000000,1.842020
1926.8577,2026-06-03T14:44:31.210031,0.000000,1.842640
1927.3338,2026-06-03T14:44:31.686111,0.000000,1.843588
1927.8132,2026-06-03T14:44:32.165468,0.000000,1.844588
1928.3130,2026-06-03T14:44:32.665267,0.000000,1.845048
1928.7866,2026-06-03T14:44:33.138927,0.000000,1.845912
1929.2795,2026-06-03T14:44:33.631805,0.000000,1.846528
1929.7434,2026-06-03T14:44:34.095709,0.000000,1.847228
1930.2464,2026-06-03T14:44:34.598738,0.000000,1.848148
1930.7348,2026-06-03T14:44:35.087131,0.000000,1.849300
1931.2621,2026-06-03T14:44:35.614350,0.000000,1.850256
1931.7661,2026-06-03T14:44:36.118416,0.000000,1.851348
1932.2674,2026-06-03T14:44:36.619673,0.000000,1.852084
1932.7695,2026-06-03T14:44:37.121799,0.000000,1.852616
1933.2654,2026-06-03T14:44:37.617716,0.000000,1.853072
1933.7936,2026-06-03T14:44:38.145878,0.000000,1.853588
1934.2951,2026-06-03T14:44:38.647437,0.000000,1.854404
1934.7959,2026-06-03T14:44:39.148205,0.000000,1.855272
1935.2972,2026-06-03T14:44:39.649508,0.000000,1.856528
1935.7981,2026-06-03T14:44:40.150437,0.000000,1.857560
1936.2919,2026-06-03T14:44:40.644175,0.000000,1.858128
1936.7883,2026-06-03T14:44:41.140540,0.000000,1.858632
1937.2861,2026-06-03T14:44:41.638361,0.000000,1.859048
1937.7862,2026-06-03T14:44:42.138468,0.000000,1.859792
1938.2753,2026-06-03T14:44:42.627614,0.000000,1.861156
1938.7779,2026-06-03T14:44:43.130205,0.000000,1.862860
1939.2536,2026-06-03T14:44:43.605905,0.000000,1.864424
1939.7501,2026-06-03T14:44:44.102372,0.000000,1.865820
1940.2500,2026-06-03T14:44:44.602246,0.000000,1.866812
1940.7781,2026-06-03T14:44:45.130390,0.000000,1.867760
1941.2666,2026-06-03T14:44:45.618890,0.000000,1.868612
1941.7668,2026-06-03T14:44:46.119138,0.000000,1.869136
1942.2626,2026-06-03T14:44:46.614904,0.000000,1.869996
1942.7628,2026-06-03T14:44:47.115096,0.000000,1.870780
1943.2602,2026-06-03T14:44:47.612502,0.000000,1.871720
1943.7563,2026-06-03T14:44:48.108574,0.000000,1.872504
1944.2468,2026-06-03T14:44:48.599080,0.000000,1.873416
1944.7457,2026-06-03T14:44:49.098031,0.000000,1.874384
1945.2490,2026-06-03T14:44:49.601326,0.000000,1.875092
1945.7463,2026-06-03T14:44:50.098561,0.000000,1.876224
1946.2188,2026-06-03T14:44:50.571100,0.000000,1.877484
1946.7153,2026-06-03T14:44:51.067550,0.000000,1.878108
1947.2182,2026-06-03T14:44:51.570482,0.000000,1.879400
1947.7056,2026-06-03T14:44:52.057848,0.000000,1.880484
1948.2065,2026-06-03T14:44:52.558756,0.000000,1.881120
1948.7293,2026-06-03T14:44:53.081587,0.000000,1.882292
1949.2181,2026-06-03T14:44:53.570398,0.000000,1.883324
1949.7084,2026-06-03T14:44:54.060691,0.000000,1.884100
1950.2109,2026-06-03T14:44:54.563202,0.000000,1.884888
1950.6754,2026-06-03T14:44:55.027728,0.000000,1.885716
1951.1570,2026-06-03T14:44:55.509257,0.000000,1.886556
1951.6593,2026-06-03T14:44:56.011601,0.000000,1.887644
1952.1677,2026-06-03T14:44:56.519939,0.000000,1.888732
1952.6655,2026-06-03T14:44:57.017793,0.000000,1.889720
1953.1708,2026-06-03T14:44:57.523086,0.000000,1.890592
1953.6653,2026-06-03T14:44:58.017546,0.000000,1.891408
1954.1355,2026-06-03T14:44:58.487775,0.000000,1.892360
1954.6313,2026-06-03T14:44:58.983616,0.000000,1.893436
1955.1123,2026-06-03T14:44:59.464575,0.000000,1.894124
1955.6146,2026-06-03T14:44:59.966875,0.000000,1.894812
1956.1040,2026-06-03T14:45:00.456302,0.000000,1.895144
1956.6198,2026-06-03T14:45:00.972113,0.000000,1.895440
1957.1431,2026-06-03T14:45:01.495353,0.000000,1.896404
1957.6291,2026-06-03T14:45:01.981353,0.000000,1.897596
1958.1267,2026-06-03T14:45:02.478976,0.000000,1.899072
1958.6024,2026-06-03T14:45:02.954729,0.000000,1.900764
1959.0991,2026-06-03T14:45:03.451437,0.000000,1.901832
1959.5764,2026-06-03T14:45:03.928668,0.000000,1.903108
1960.1025,2026-06-03T14:45:04.454828,0.000000,1.904244
1960.5932,2026-06-03T14:45:04.945493,0.000000,1.905392
1961.0892,2026-06-03T14:45:05.441508,0.000000,1.906816
1961.5860,2026-06-03T14:45:05.938274,0.000000,1.908144
1962.0731,2026-06-03T14:45:06.425386,0.000000,1.909016
1962.5627,2026-06-03T14:45:06.914991,0.000000,1.909608
1963.0518,2026-06-03T14:45:07.404104,0.000000,1.910236
1963.5462,2026-06-03T14:45:07.898444,0.000000,1.911000
1964.0374,2026-06-03T14:45:08.389722,0.000000,1.912084
1964.5421,2026-06-03T14:45:08.894405,0.000000,1.913008
1965.0377,2026-06-03T14:45:09.390011,0.000000,1.913836
1965.5592,2026-06-03T14:45:09.911461,0.000000,1.914352
1966.0625,2026-06-03T14:45:10.414753,0.000000,1.914884
1966.5157,2026-06-03T14:45:10.868034,0.000000,1.915908
1967.0234,2026-06-03T14:45:11.375656,0.000000,1.916644
1967.5307,2026-06-03T14:45:11.882959,0.000000,1.918112
1968.0554,2026-06-03T14:45:12.407701,0.000000,1.919616
1968.5375,2026-06-03T14:45:12.889774,0.000000,1.920976
1969.0363,2026-06-03T14:45:13.388562,0.000000,1.922880
1969.5289,2026-06-03T14:45:13.881185,0.000000,1.924004
1970.0306,2026-06-03T14:45:14.382921,0.000000,1.925092
1970.5235,2026-06-03T14:45:14.875820,0.000000,1.925908
1971.0236,2026-06-03T14:45:15.375925,0.000000,1.926612
1971.5275,2026-06-03T14:45:15.879805,0.000000,1.927348
1972.0287,2026-06-03T14:45:16.380942,0.000000,1.927820
1972.5478,2026-06-03T14:45:16.900096,0.000000,1.928416
1973.0362,2026-06-03T14:45:17.388451,0.000000,1.929284
1973.5384,2026-06-03T14:45:17.890711,0.000000,1.930240
1974.0263,2026-06-03T14:45:18.378571,0.000000,1.931608
1974.5276,2026-06-03T14:45:18.879927,0.000000,1.933064
1975.0592,2026-06-03T14:45:19.411496,0.000000,1.934068
1975.5568,2026-06-03T14:45:19.909118,0.000000,1.934988
1976.0543,2026-06-03T14:45:20.406570,0.000000,1.935664
1976.5534,2026-06-03T14:45:20.905668,0.000000,1.936404
1977.0624,2026-06-03T14:45:21.414663,0.000000,1.937152
1977.5632,2026-06-03T14:45:21.915489,0.000000,1.938188
1978.0268,2026-06-03T14:45:22.379086,0.000000,1.939080
1978.4971,2026-06-03T14:45:22.849393,0.000000,1.940420
1978.9729,2026-06-03T14:45:23.325205,0.000000,1.941500
1979.4676,2026-06-03T14:45:23.819916,0.000000,1.942720
1979.9631,2026-06-03T14:45:24.315371,0.000000,1.944012
1980.4769,2026-06-03T14:45:24.829181,0.000000,1.944920
1980.9747,2026-06-03T14:45:25.327009,0.000000,1.946312
1981.4737,2026-06-03T14:45:25.826025,0.000000,1.947356
1981.9743,2026-06-03T14:45:26.326596,0.000000,1.948732
1982.4568,2026-06-03T14:45:26.809122,0.000000,1.949972
1982.9782,2026-06-03T14:45:27.330501,0.000000,1.951028
1983.4785,2026-06-03T14:45:27.830741,0.000000,1.952044
1983.9790,2026-06-03T14:45:28.331295,0.000000,1.953008
1984.4458,2026-06-03T14:45:28.798124,0.000000,1.953972
1984.9457,2026-06-03T14:45:29.297938,0.000000,1.954720
1985.4461,2026-06-03T14:45:29.798426,0.000000,1.955636
1985.9375,2026-06-03T14:45:30.289790,0.000000,1.956664
1986.4182,2026-06-03T14:45:30.770493,0.000000,1.957648
1986.8841,2026-06-03T14:45:31.236351,0.000000,1.958684
1987.3782,2026-06-03T14:45:31.730468,0.000000,1.959920
1987.8693,2026-06-03T14:45:32.221590,0.000000,1.961304
1988.3649,2026-06-03T14:45:32.717234,0.000000,1.962592
1988.8866,2026-06-03T14:45:33.238889,0.000000,1.964152
1989.3914,2026-06-03T14:45:33.743673,0.000000,1.965516
1989.8874,2026-06-03T14:45:34.239671,0.000000,1.966672
1990.3664,2026-06-03T14:45:34.718708,0.000000,1.968316
1990.8684,2026-06-03T14:45:35.220709,0.000000,1.969220
1991.3873,2026-06-03T14:45:35.739587,0.000000,1.970260
1991.8881,2026-06-03T14:45:36.240345,0.000000,1.971584
1992.3682,2026-06-03T14:45:36.720537,0.000000,1.972348
1992.8735,2026-06-03T14:45:37.225741,0.000000,1.973064
1993.3508,2026-06-03T14:45:37.703075,0.000000,1.973896
1993.8555,2026-06-03T14:45:38.207768,0.000000,1.974908
1994.3496,2026-06-03T14:45:38.701861,0.000000,1.975848
1994.8455,2026-06-03T14:45:39.197757,0.000000,1.977108
1995.3469,2026-06-03T14:45:39.699198,0.000000,1.978336
1995.8416,2026-06-03T14:45:40.193856,0.000000,1.979404
1996.3371,2026-06-03T14:45:40.689420,0.000000,1.980404
1996.8125,2026-06-03T14:45:41.164798,0.000000,1.981880
1997.3137,2026-06-03T14:45:41.665969,0.000000,1.983628
1997.8272,2026-06-03T14:45:42.179445,0.000000,1.985208
1998.3236,2026-06-03T14:45:42.675907,0.000000,1.987192
1998.8250,2026-06-03T14:45:43.177259,0.000000,1.988508
1999.3055,2026-06-03T14:45:43.657785,0.000000,1.989404
1999.8358,2026-06-03T14:45:44.188106,0.000000,1.990288
2000.3369,2026-06-03T14:45:44.689178,0.000000,1.990680
2000.8394,2026-06-03T14:45:45.191691,0.000000,1.991464
2001.3461,2026-06-03T14:45:45.698381,0.000000,1.992308
2001.8431,2026-06-03T14:45:46.195378,0.000000,1.993004
2002.3363,2026-06-03T14:45:46.688605,0.000000,1.994108
2002.8302,2026-06-03T14:45:47.182512,0.000000,1.995048
2003.3095,2026-06-03T14:45:47.661763,0.000000,1.996300
2003.7955,2026-06-03T14:45:48.147839,0.000000,1.997392
2004.2735,2026-06-03T14:45:48.625764,0.000000,1.998656
2004.7483,2026-06-03T14:45:49.100582,0.000000,1.999928
2005.2511,2026-06-03T14:45:49.603409,0.000000,2.000888
2005.7443,2026-06-03T14:45:50.096625,0.000000,2.002064
2006.2542,2026-06-03T14:45:50.606487,0.000000,2.002932
2006.7514,2026-06-03T14:45:51.103646,0.000000,2.004068
2007.2828,2026-06-03T14:45:51.635106,0.000000,2.005260
2007.7517,2026-06-03T14:45:52.104025,0.000000,2.006788
2008.2305,2026-06-03T14:45:52.582767,0.000000,2.008084
2008.7305,2026-06-03T14:45:53.082740,0.000000,2.009404
2009.2028,2026-06-03T14:45:53.555098,0.000000,2.010888
2009.6993,2026-06-03T14:45:54.051555,0.000000,2.012296
2010.1950,2026-06-03T14:45:54.547335,0.000000,2.013580
2010.6898,2026-06-03T14:45:55.042126,0.000000,2.015156
2011.1867,2026-06-03T14:45:55.538969,0.000000,2.016240
2011.6811,2026-06-03T14:45:56.033337,0.000000,2.017000
2012.1303,2026-06-03T14:45:56.482584,0.000000,2.017936
2012.6357,2026-06-03T14:45:56.988030,0.000000,2.018332
2013.1317,2026-06-03T14:45:57.484035,0.000000,2.019004
2013.6320,2026-06-03T14:45:57.984313,0.000000,2.020152
2014.1273,2026-06-03T14:45:58.479625,0.000000,2.021196
2014.6238,2026-06-03T14:45:58.976084,0.000000,2.023044
2015.0789,2026-06-03T14:45:59.431209,0.000000,2.024988
2015.5708,2026-06-03T14:45:59.923057,0.000000,2.026288
2016.0623,2026-06-03T14:46:00.414555,0.000000,2.027616
2016.5722,2026-06-03T14:46:00.924465,0.000000,2.028620
2017.0860,2026-06-03T14:46:01.438330,0.000000,2.029576
2017.5953,2026-06-03T14:46:01.947614,0.000000,2.030824
2018.0879,2026-06-03T14:46:02.440142,0.000000,2.032324
2018.5865,2026-06-03T14:46:02.938753,0.000000,2.033792
2019.0916,2026-06-03T14:46:03.443892,0.000000,2.035028
2019.5901,2026-06-03T14:46:03.942405,0.000000,2.036104
2020.0910,2026-06-03T14:46:04.443317,0.000000,2.037128
2020.5830,2026-06-03T14:46:04.935344,0.000000,2.037984
2021.0823,2026-06-03T14:46:05.434566,0.000000,2.039112
2021.5869,2026-06-03T14:46:05.939144,0.000000,2.039920
2022.0868,2026-06-03T14:46:06.439109,0.000000,2.040640
2022.5920,2026-06-03T14:46:06.944320,0.000000,2.041576
2023.0897,2026-06-03T14:46:07.442033,0.000000,2.042492
2023.6238,2026-06-03T14:46:07.976071,0.000000,2.043800
2024.1061,2026-06-03T14:46:08.458346,0.000000,2.045700
2024.6041,2026-06-03T14:46:08.956394,0.000000,2.047156
2025.1085,2026-06-03T14:46:09.460774,0.000000,2.048820
2025.6027,2026-06-03T14:46:09.955014,0.000000,2.050256
2026.1073,2026-06-03T14:46:10.459586,0.000000,2.051584
2026.6031,2026-06-03T14:46:10.955424,0.000000,2.052748
2027.1106,2026-06-03T14:46:11.462882,0.000000,2.053804
2027.6039,2026-06-03T14:46:11.956191,0.000000,2.055180
2028.1043,2026-06-03T14:46:12.456562,0.000000,2.056324
2028.5939,2026-06-03T14:46:12.946146,0.000000,2.057524
2029.0747,2026-06-03T14:46:13.426954,0.000000,2.058608
2029.5555,2026-06-03T14:46:13.907826,0.000000,2.059740
2030.0636,2026-06-03T14:46:14.415879,0.000000,2.061204
2030.5598,2026-06-03T14:46:14.912069,0.000000,2.062688
2031.0730,2026-06-03T14:46:15.425300,0.000000,2.064148
2031.5706,2026-06-03T14:46:15.922881,0.000000,2.065572
2032.0289,2026-06-03T14:46:16.381225,0.000000,2.066636
2032.5289,2026-06-03T14:46:16.881206,0.000000,2.067716
2033.0138,2026-06-03T14:46:17.366046,0.000000,2.068792
2033.5107,2026-06-03T14:46:17.862979,0.000000,2.070060
2034.0079,2026-06-03T14:46:18.360211,0.000000,2.071780
2034.5036,2026-06-03T14:46:18.855917,0.000000,2.073024
2034.9923,2026-06-03T14:46:19.344592,0.000000,2.074484
2035.5041,2026-06-03T14:46:19.856361,0.000000,2.075368
2036.0288,2026-06-03T14:46:20.381091,0.000000,2.076612
2036.5232,2026-06-03T14:46:20.875503,0.000000,2.078144
2037.0235,2026-06-03T14:46:21.375753,0.000000,2.079732
2037.5123,2026-06-03T14:46:21.864603,0.000000,2.081248
2038.0285,2026-06-03T14:46:22.380809,0.000000,2.082312
2038.5501,2026-06-03T14:46:22.902350,0.000000,2.083300
2039.0453,2026-06-03T14:46:23.397558,0.000000,2.084240
2039.5367,2026-06-03T14:46:23.888936,0.000000,2.085360
2040.0385,2026-06-03T14:46:24.390742,0.000000,2.086712
2040.5036,2026-06-03T14:46:24.855914,0.000000,2.088196
2040.9684,2026-06-03T14:46:25.320630,0.000000,2.089512
2041.4714,2026-06-03T14:46:25.823691,0.000000,2.090648
2041.9680,2026-06-03T14:46:26.320325,0.000000,2.091492
2042.4644,2026-06-03T14:46:26.816700,0.000000,2.092428
2042.9501,2026-06-03T14:46:27.302342,0.000000,2.093224
2043.4209,2026-06-03T14:46:27.773225,0.000000,2.094124
2043.9190,2026-06-03T14:46:28.271312,0.000000,2.095204
2044.4113,2026-06-03T14:46:28.763612,0.000000,2.096548
2044.9112,2026-06-03T14:46:29.263453,0.000000,2.097724
2045.3955,2026-06-03T14:46:29.747766,0.000000,2.098996
2045.8909,2026-06-03T14:46:30.243240,0.000000,2.099892
2046.3913,2026-06-03T14:46:30.743634,0.000000,2.100952
2046.8876,2026-06-03T14:46:31.239929,0.000000,2.102340
2047.3843,2026-06-03T14:46:31.736625,0.000000,2.104088
2047.9148,2026-06-03T14:46:32.267040,0.000000,2.106164
2048.4120,2026-06-03T14:46:32.764330,0.000000,2.107908
2048.9105,2026-06-03T14:46:33.262816,0.000000,2.109656
2049.4031,2026-06-03T14:46:33.755394,0.000000,2.110900
2049.9003,2026-06-03T14:46:34.252632,0.000000,2.112100
2050.4142,2026-06-03T14:46:34.766454,0.000000,2.113092
2050.8995,2026-06-03T14:46:35.251753,0.000000,2.114392
2051.3947,2026-06-03T14:46:35.746996,0.000000,2.115700
2051.8931,2026-06-03T14:46:36.245424,0.000000,2.116956
2052.3916,2026-06-03T14:46:36.743924,0.000000,2.118560
2052.8980,2026-06-03T14:46:37.250333,0.000000,2.119832
2053.3951,2026-06-03T14:46:37.747402,0.000000,2.120812
2053.8923,2026-06-03T14:46:38.244603,0.000000,2.122056
2054.4164,2026-06-03T14:46:38.768721,0.000000,2.123220
2054.9193,2026-06-03T14:46:39.271633,0.000000,2.124684
2055.3936,2026-06-03T14:46:39.745867,0.000000,2.126344
2055.8914,2026-06-03T14:46:40.243714,0.000000,2.127508
2056.3898,2026-06-03T14:46:40.742090,0.000000,2.129044
2056.8973,2026-06-03T14:46:41.249591,0.000000,2.130128
2057.3999,2026-06-03T14:46:41.752152,0.000000,2.131100
2057.8991,2026-06-03T14:46:42.251382,0.000000,2.131876
2058.3770,2026-06-03T14:46:42.729314,0.000000,2.132560
2058.8648,2026-06-03T14:46:43.217108,0.000000,2.133580
2059.3593,2026-06-03T14:46:43.711563,0.000000,2.134860
2059.8491,2026-06-03T14:46:44.201422,0.000000,2.136680
2060.3482,2026-06-03T14:46:44.700453,0.000000,2.138480
2060.8296,2026-06-03T14:46:45.181956,0.000000,2.140212
2061.3270,2026-06-03T14:46:45.679330,0.000000,2.141976
2061.8160,2026-06-03T14:46:46.168250,0.000000,2.143680
2062.3104,2026-06-03T14:46:46.662678,0.000000,2.144896
2062.8330,2026-06-03T14:46:47.185306,0.000000,2.145972
2063.3325,2026-06-03T14:46:47.684839,0.000000,2.146776
2063.8285,2026-06-03T14:46:48.180776,0.000000,2.147028
2064.3232,2026-06-03T14:46:48.675475,0.000000,2.147452
2064.8248,2026-06-03T14:46:49.177075,0.000000,2.148172
2065.3345,2026-06-03T14:46:49.686780,0.000000,2.148920
2065.8269,2026-06-03T14:46:50.179230,0.000000,2.149924
2066.3262,2026-06-03T14:46:50.678519,0.000000,2.151636
2066.8278,2026-06-03T14:46:51.180128,0.000000,2.152884
2067.3333,2026-06-03T14:46:51.685598,0.000000,2.154404
2067.8250,2026-06-03T14:46:52.177270,0.000000,2.155952
2068.3274,2026-06-03T14:46:52.679646,0.000000,2.156960
2068.8244,2026-06-03T14:46:53.176686,0.000000,2.158444
2069.3313,2026-06-03T14:46:53.683542,0.000000,2.159820
2069.8233,2026-06-03T14:46:54.175551,0.000000,2.161020
2070.3210,2026-06-03T14:46:54.673342,0.000000,2.162424
2070.8108,2026-06-03T14:46:55.163073,0.000000,2.163744
2071.2743,2026-06-03T14:46:55.626629,0.000000,2.165116
2071.7762,2026-06-03T14:46:56.128533,0.000000,2.166580
2072.2495,2026-06-03T14:46:56.601732,0.000000,2.167936
2072.7445,2026-06-03T14:46:57.096764,0.000000,2.169096
2073.2528,2026-06-03T14:46:57.605067,0.000000,2.169740
2073.7524,2026-06-03T14:46:58.104724,0.000000,2.170232
2074.2439,2026-06-03T14:46:58.596178,0.000000,2.170768
2074.7397,2026-06-03T14:46:59.091948,0.000000,2.171740
2075.2329,2026-06-03T14:46:59.585211,0.000000,2.173184
2075.7354,2026-06-03T14:47:00.087695,0.000000,2.174504
2076.2314,2026-06-03T14:47:00.583653,0.000000,2.175832
2076.7277,2026-06-03T14:47:01.079964,0.000000,2.177160
2077.2263,2026-06-03T14:47:01.578550,0.000000,2.178332
2077.7511,2026-06-03T14:47:02.103350,0.000000,2.179616
2078.2409,2026-06-03T14:47:02.593179,0.000000,2.181248
2078.7436,2026-06-03T14:47:03.095893,0.000000,2.182544
2079.2444,2026-06-03T14:47:03.596706,0.000000,2.183684
2079.7421,2026-06-03T14:47:04.094349,0.000000,2.184860
2080.2398,2026-06-03T14:47:04.592060,0.000000,2.185880
2080.7451,2026-06-03T14:47:05.097429,0.000000,2.186896
2081.2429,2026-06-03T14:47:05.595172,0.000000,2.188080
2081.7443,2026-06-03T14:47:06.096583,0.000000,2.189056
2082.2480,2026-06-03T14:47:06.600271,0.000000,2.190372
2082.7228,2026-06-03T14:47:07.075118,0.000000,2.191436
2083.2069,2026-06-03T14:47:07.559183,0.000000,2.192540
2083.7081,2026-06-03T14:47:08.060413,0.000000,2.193872
2084.1938,2026-06-03T14:47:08.546041,0.000000,2.194952
2084.6691,2026-06-03T14:47:09.021398,0.000000,2.196080
2085.1590,2026-06-03T14:47:09.511294,0.000000,2.197280
2085.6555,2026-06-03T14:47:10.007789,0.000000,2.198440
2086.1793,2026-06-03T14:47:10.531570,0.000000,2.199528
2086.6418,2026-06-03T14:47:10.994124,0.000000,2.200840
2087.1522,2026-06-03T14:47:11.504481,0.000000,2.202124
2087.6371,2026-06-03T14:47:11.989365,0.000000,2.203688
2088.1370,2026-06-03T14:47:12.489324,0.000000,2.205128
2088.6352,2026-06-03T14:47:12.987533,0.000000,2.206456
2089.1533,2026-06-03T14:47:13.505612,0.000000,2.208116
2089.6537,2026-06-03T14:47:14.005990,0.000000,2.209092
2090.1492,2026-06-03T14:47:14.501441,0.000000,2.210092
2090.6449,2026-06-03T14:47:14.997215,0.000000,2.211044
2091.1480,2026-06-03T14:47:15.500249,0.000000,2.212016
2091.6441,2026-06-03T14:47:15.996425,0.000000,2.213236
2092.1438,2026-06-03T14:47:16.496046,0.000000,2.214400
2092.6073,2026-06-03T14:47:16.959569,0.000000,2.215668
2093.1025,2026-06-03T14:47:17.454774,0.000000,2.216600
2093.5972,2026-06-03T14:47:17.949476,0.000000,2.217616
2094.1274,2026-06-03T14:47:18.479691,0.000000,2.218908
2094.6311,2026-06-03T14:47:18.983349,0.000000,2.219840
2095.1284,2026-06-03T14:47:19.480710,0.000000,2.221228
2095.5953,2026-06-03T14:47:19.947542,0.000000,2.222508
2096.0684,2026-06-03T14:47:20.420745,0.000000,2.223492
2096.5731,2026-06-03T14:47:20.925423,0.000000,2.224564
2097.0704,2026-06-03T14:47:21.422653,0.000000,2.225404
2097.5377,2026-06-03T14:47:21.889977,0.000000,2.226348
2098.0277,2026-06-03T14:47:22.380013,0.000000,2.227460
2098.5409,2026-06-03T14:47:22.893158,0.000000,2.228868
2099.0401,2026-06-03T14:47:23.392386,0.000000,2.229996
2099.4976,2026-06-03T14:47:23.849887,0.000000,2.231408
2100.0043,2026-06-03T14:47:24.356614,0.000000,2.232476
2100.5055,2026-06-03T14:47:24.857754,0.000000,2.233592
2100.9910,2026-06-03T14:47:25.343321,0.000000,2.235032
2101.4925,2026-06-03T14:47:25.844748,0.000000,2.236308
2101.9658,2026-06-03T14:47:26.318092,0.000000,2.237248
2102.4563,2026-06-03T14:47:26.808580,0.000000,2.238524
2102.9506,2026-06-03T14:47:27.302915,0.000000,2.239568
2103.4513,2026-06-03T14:47:27.803602,0.000000,2.240172
2103.9353,2026-06-03T14:47:28.287571,0.000000,2.240888
2104.4155,2026-06-03T14:47:28.767790,0.000000,2.241656
2104.8959,2026-06-03T14:47:29.248211,0.000000,2.242216
2105.3825,2026-06-03T14:47:29.734798,0.000000,2.243256
2105.8766,2026-06-03T14:47:30.228868,0.000000,2.244348
2106.3555,2026-06-03T14:47:30.707768,0.000000,2.245632
2106.8572,2026-06-03T14:47:31.209501,0.000000,2.246908
2107.3551,2026-06-03T14:47:31.707403,0.000000,2.248040
2107.8548,2026-06-03T14:47:32.207104,0.000000,2.249540
2108.3252,2026-06-03T14:47:32.677460,0.000000,2.250232
2108.8281,2026-06-03T14:47:33.180424,0.000000,2.251212
2109.3252,2026-06-03T14:47:33.677518,0.000000,2.252304
2109.8275,2026-06-03T14:47:34.179749,0.000000,2.253112
2110.3043,2026-06-03T14:47:34.656624,0.000000,2.254224
2110.8094,2026-06-03T14:47:35.161694,0.000000,2.254888
2111.3292,2026-06-03T14:47:35.681490,0.000000,2.255388
2111.7987,2026-06-03T14:47:36.150952,0.000000,2.256336
2112.2806,2026-06-03T14:47:36.632862,0.000000,2.256984
2112.7841,2026-06-03T14:47:37.136410,0.000000,2.257956
2113.2854,2026-06-03T14:47:37.637648,0.000000,2.259232
2113.7848,2026-06-03T14:47:38.137106,0.000000,2.260344
2114.2813,2026-06-03T14:47:38.633608,0.000000,2.261580
2114.7806,2026-06-03T14:47:39.132866,0.000000,2.262636
2115.2753,2026-06-03T14:47:39.627623,0.000000,2.263400
2115.7662,2026-06-03T14:47:40.118440,0.000000,2.264000
2116.2686,2026-06-03T14:47:40.620896,0.000000,2.264492
2116.7617,2026-06-03T14:47:41.113980,0.000000,2.264908
2117.2499,2026-06-03T14:47:41.602168,0.000000,2.265904
2117.7492,2026-06-03T14:47:42.101534,0.000000,2.267096
2118.2496,2026-06-03T14:47:42.601846,0.000000,2.267980
2118.7448,2026-06-03T14:47:43.097116,0.000000,2.269040
2119.2691,2026-06-03T14:47:43.621437,0.000000,2.269908
2119.7646,2026-06-03T14:47:44.116863,0.000000,2.270748
2120.2632,2026-06-03T14:47:44.615449,0.000000,2.271616
2120.7462,2026-06-03T14:47:45.098494,0.000000,2.272792
2121.2492,2026-06-03T14:47:45.601460,0.000000,2.273088
2121.7455,2026-06-03T14:47:46.097790,0.000000,2.273292
2122.2410,2026-06-03T14:47:46.593267,0.000000,2.274000
2122.7203,2026-06-03T14:47:47.072565,0.000000,2.274708
2123.2241,2026-06-03T14:47:47.576375,0.000000,2.275876
2123.7482,2026-06-03T14:47:48.100516,0.000000,2.276928
2124.2274,2026-06-03T14:47:48.579633,0.000000,2.277704
2124.7145,2026-06-03T14:47:49.066798,0.000000,2.278552
2125.1953,2026-06-03T14:47:49.547610,0.000000,2.279460
2125.6921,2026-06-03T14:47:50.044414,0.000000,2.280728
2126.1778,2026-06-03T14:47:50.530114,0.000000,2.281764
2126.6812,2026-06-03T14:47:51.033470,0.000000,2.282420
2127.2148,2026-06-03T14:47:51.567095,0.000000,2.283204
2127.7121,2026-06-03T14:47:52.064370,0.000000,2.283292
2128.2076,2026-06-03T14:47:52.559940,0.000000,2.283896
2128.7078,2026-06-03T14:47:53.060075,0.000000,2.284588
2129.1792,2026-06-03T14:47:53.531528,0.000000,2.285264
2129.6860,2026-06-03T14:47:54.038330,0.000000,2.286492
2130.1702,2026-06-03T14:47:54.522508,0.000000,2.287556
2130.6334,2026-06-03T14:47:54.985725,0.000000,2.288540
2131.1292,2026-06-03T14:47:55.481493,0.000000,2.289232
2131.6251,2026-06-03T14:47:55.977428,0.000000,2.289620
2132.1222,2026-06-03T14:47:56.474500,0.000000,2.289948
2132.6243,2026-06-03T14:47:56.976553,0.000000,2.290376
2133.1116,2026-06-03T14:47:57.463868,0.000000,2.291084
2133.6079,2026-06-03T14:47:57.960204,0.000000,2.291540
2134.1021,2026-06-03T14:47:58.454423,0.000000,2.292536
2134.5882,2026-06-03T14:47:58.940429,0.000000,2.293208
2135.0799,2026-06-03T14:47:59.432225,0.000000,2.293868
2135.5984,2026-06-03T14:47:59.950702,0.000000,2.294616
2136.0979,2026-06-03T14:48:00.450179,0.000000,2.294984
2136.6032,2026-06-03T14:48:00.955452,0.000000,2.295616
2137.0950,2026-06-03T14:48:01.447278,0.000000,2.296012
2137.6020,2026-06-03T14:48:01.954303,0.000000,2.296288
2138.1036,2026-06-03T14:48:02.455923,0.000000,2.297236
2138.6060,2026-06-03T14:48:02.958265,0.000000,2.297284
2139.0816,2026-06-03T14:48:03.433896,0.000000,2.298000
2139.5783,2026-06-03T14:48:03.930575,0.000000,2.298764
2140.0853,2026-06-03T14:48:04.437543,0.000000,2.299224
2140.5729,2026-06-03T14:48:04.925166,0.000000,2.300172
2141.0712,2026-06-03T14:48:05.423501,0.000000,2.300888
2141.5686,2026-06-03T14:48:05.920909,0.000000,2.301432
2142.0376,2026-06-03T14:48:06.389846,0.000000,2.301984
2142.5288,2026-06-03T14:48:06.881090,0.000000,2.302444
2143.0177,2026-06-03T14:48:07.369980,0.000000,2.302664
2143.4970,2026-06-03T14:48:07.849284,0.000000,2.303100
2143.9951,2026-06-03T14:48:08.347400,0.000000,2.303852
2144.4923,2026-06-03T14:48:08.844569,0.000000,2.304468
2144.9998,2026-06-03T14:48:09.352050,0.000000,2.305148
2145.4739,2026-06-03T14:48:09.826173,0.000000,2.305860
2145.9595,2026-06-03T14:48:10.311740,0.000000,2.306380
2146.4535,2026-06-03T14:48:10.805768,0.000000,2.306656
2146.9455,2026-06-03T14:48:11.297809,0.000000,2.307128
2147.4534,2026-06-03T14:48:11.805717,0.000000,2.307736
2147.9453,2026-06-03T14:48:12.297631,0.000000,2.308364
2148.4363,2026-06-03T14:48:12.788568,0.000000,2.309236
2148.9399,2026-06-03T14:48:13.292216,0.000000,2.310132
2149.4398,2026-06-03T14:48:13.792134,0.000000,2.310592
2149.9450,2026-06-03T14:48:14.297287,0.000000,2.311228
2150.4406,2026-06-03T14:48:14.792854,0.000000,2.311692
2150.9453,2026-06-03T14:48:15.297595,0.000000,2.312440
2151.4397,2026-06-03T14:48:15.791992,0.000000,2.312948
2151.9644,2026-06-03T14:48:16.316731,0.000000,2.313292
2152.4701,2026-06-03T14:48:16.822373,0.000000,2.313656
2152.9658,2026-06-03T14:48:17.318122,0.000000,2.313752
2153.4586,2026-06-03T14:48:17.810904,0.000000,2.314476
2153.9535,2026-06-03T14:48:18.305819,0.000000,2.315284
2154.4526,2026-06-03T14:48:18.804862,0.000000,2.315696
2154.9545,2026-06-03T14:48:19.306786,0.000000,2.316152
2155.4534,2026-06-03T14:48:19.805723,0.000000,2.316768
2155.9228,2026-06-03T14:48:20.275064,0.000000,2.316836
2156.4203,2026-06-03T14:48:20.772620,0.000000,2.317120
2156.9176,2026-06-03T14:48:21.269936,0.000000,2.317592
2157.3929,2026-06-03T14:48:21.745200,0.000000,2.317852
2157.8865,2026-06-03T14:48:22.238784,0.000000,2.318668
2158.3938,2026-06-03T14:48:22.746073,0.000000,2.319520
2158.8697,2026-06-03T14:48:23.222005,0.000000,2.320156
2159.3610,2026-06-03T14:48:23.713314,0.000000,2.320460
2159.8800,2026-06-03T14:48:24.232316,0.000000,2.320476
2160.3728,2026-06-03T14:48:24.725045,0.000000,2.320812
2160.8690,2026-06-03T14:48:25.221310,0.000000,2.321252
2161.3708,2026-06-03T14:48:25.723054,0.000000,2.321960
2161.8684,2026-06-03T14:48:26.220679,0.000000,2.322900
2162.3693,2026-06-03T14:48:26.721627,0.000000,2.323960
2162.8408,2026-06-03T14:48:27.193114,0.000000,2.324456
2163.3329,2026-06-03T14:48:27.685151,0.000000,2.324600
2163.8287,2026-06-03T14:48:28.181021,0.000000,2.324696
2164.3260,2026-06-03T14:48:28.678333,0.000000,2.324512
2164.8275,2026-06-03T14:48:29.179822,0.000000,2.324652
2165.3174,2026-06-03T14:48:29.669733,0.000000,2.324868
2165.8138,2026-06-03T14:48:30.166093,0.000000,2.324744
2166.2995,2026-06-03T14:48:30.651769,0.000000,2.324908
2166.8001,2026-06-03T14:48:31.152408,0.000000,2.325332
2167.2637,2026-06-03T14:48:31.615951,0.000000,2.326212
2167.7440,2026-06-03T14:48:32.096310,0.000000,2.327220
2168.2444,2026-06-03T14:48:32.596664,0.000000,2.328040
2168.7476,2026-06-03T14:48:33.099876,0.000000,2.328564
2169.2069,2026-06-03T14:48:33.559241,0.000000,2.328376
2169.7084,2026-06-03T14:48:34.060661,0.000000,2.328528
2170.2077,2026-06-03T14:48:34.560022,0.000000,2.328848
2170.7180,2026-06-03T14:48:35.070332,0.000000,2.329128
2171.2100,2026-06-03T14:48:35.562244,0.000000,2.329764
2171.7424,2026-06-03T14:48:36.094671,0.000000,2.329776
2172.2420,2026-06-03T14:48:36.594313,0.000000,2.329552
2172.7301,2026-06-03T14:48:37.082382,0.000000,2.329452
2173.2337,2026-06-03T14:48:37.585989,0.000000,2.329336
2173.7381,2026-06-03T14:48:38.090382,0.000000,2.329228
2174.2124,2026-06-03T14:48:38.564719,0.000000,2.329580
2174.7128,2026-06-03T14:48:39.065129,0.000000,2.330160
2175.2138,2026-06-03T14:48:39.566086,0.000000,2.330548
2175.7092,2026-06-03T14:48:40.061472,0.000000,2.331352
2176.2143,2026-06-03T14:48:40.566576,0.000000,2.332096
2176.7036,2026-06-03T14:48:41.055898,0.000000,2.332168
2177.1786,2026-06-03T14:48:41.530866,0.000000,2.332520
2177.6785,2026-06-03T14:48:42.030841,0.000000,2.332764
2178.1831,2026-06-03T14:48:42.535367,0.000000,2.332984
2178.6473,2026-06-03T14:48:42.999587,0.000000,2.333300
2179.1101,2026-06-03T14:48:43.462420,0.000000,2.333536
2179.5821,2026-06-03T14:48:43.934422,0.000000,2.333756
2180.0856,2026-06-03T14:48:44.437933,0.000000,2.333720
2180.5855,2026-06-03T14:48:44.937812,0.000000,2.333844
2181.0791,2026-06-03T14:48:45.431340,0.000000,2.333864
2181.5783,2026-06-03T14:48:45.930604,0.000000,2.333976
2182.0784,2026-06-03T14:48:46.430714,0.000000,2.334016
2182.5460,2026-06-03T14:48:46.898231,0.000000,2.334060
2183.0164,2026-06-03T14:48:47.368702,0.000000,2.334072
2183.5180,2026-06-03T14:48:47.870280,0.000000,2.334128
2184.0082,2026-06-03T14:48:48.360531,0.000000,2.334296
2184.5061,2026-06-03T14:48:48.858434,0.000000,2.334520
2184.9854,2026-06-03T14:48:49.337681,0.000000,2.334732
2185.4853,2026-06-03T14:48:49.837551,0.000000,2.334980
2185.9841,2026-06-03T14:48:50.336407,0.000000,2.335260
2186.5034,2026-06-03T14:48:50.855694,0.000000,2.335552
2186.9861,2026-06-03T14:48:51.338423,0.000000,2.335832
2187.4931,2026-06-03T14:48:51.845376,0.000000,2.335512
2187.9898,2026-06-03T14:48:52.342112,0.000000,2.335452
2188.4797,2026-06-03T14:48:52.831944,0.000000,2.335456
2189.0039,2026-06-03T14:48:53.356212,0.000000,2.335888
2189.4888,2026-06-03T14:48:53.841078,0.000000,2.336516
2189.9881,2026-06-03T14:48:54.340424,0.000000,2.337340
2190.4852,2026-06-03T14:48:54.837527,0.000000,2.337868
2190.9808,2026-06-03T14:48:55.333048,0.000000,2.337876
2191.4785,2026-06-03T14:48:55.830794,0.000000,2.337968
2191.9769,2026-06-03T14:48:56.329194,0.000000,2.337916
2192.4711,2026-06-03T14:48:56.823400,0.000000,2.337792
2192.9635,2026-06-03T14:48:57.315798,0.000000,2.337820
2193.4808,2026-06-03T14:48:57.833077,0.000000,2.337800
2193.9719,2026-06-03T14:48:58.324221,0.000000,2.337608
2194.4737,2026-06-03T14:48:58.825990,0.000000,2.337584
2194.9549,2026-06-03T14:48:59.307144,0.000000,2.337412
2195.4534,2026-06-03T14:48:59.805646,0.000000,2.337364
2195.9538,2026-06-03T14:49:00.306107,0.000000,2.337288
2196.4545,2026-06-03T14:49:00.806798,0.000000,2.337108
2196.9416,2026-06-03T14:49:01.293897,0.000000,2.337312
2197.4366,2026-06-03T14:49:01.788931,0.000000,2.337888
2197.9233,2026-06-03T14:49:02.275605,0.000000,2.338088
2198.4216,2026-06-03T14:49:02.773867,0.000000,2.338564
2198.9191,2026-06-03T14:49:03.271350,0.000000,2.338824
2199.4184,2026-06-03T14:49:03.770679,0.000000,2.338704
2199.9230,2026-06-03T14:49:04.275344,0.000000,2.338820
2200.4231,2026-06-03T14:49:04.775435,0.000000,2.338636
2200.9505,2026-06-03T14:49:05.302776,0.000000,2.338560
2201.4406,2026-06-03T14:49:05.792841,0.000000,2.338376
2201.9453,2026-06-03T14:49:06.297583,0.000000,2.338204
2202.4498,2026-06-03T14:49:06.802133,0.000000,2.338392
2202.9368,2026-06-03T14:49:07.289122,0.000000,2.338436
2203.4325,2026-06-03T14:49:07.784781,0.000000,2.338300
2203.9337,2026-06-03T14:49:08.285967,0.000000,2.338332
2204.4201,2026-06-03T14:49:08.772368,0.000000,2.338144
2204.9268,2026-06-03T14:49:09.279098,0.000000,2.337868
2205.4139,2026-06-03T14:49:09.766217,0.000000,2.338116
2205.9106,2026-06-03T14:49:10.262908,0.000000,2.337896
2206.3972,2026-06-03T14:49:10.749459,0.000000,2.337872
2206.8991,2026-06-03T14:49:11.251370,0.000000,2.338016
2207.4005,2026-06-03T14:49:11.752746,0.000000,2.337856
2207.8973,2026-06-03T14:49:12.249587,0.000000,2.337960
2208.4242,2026-06-03T14:49:12.776521,0.000000,2.337736
2208.9091,2026-06-03T14:49:13.261358,0.000000,2.337408
2209.4080,2026-06-03T14:49:13.760271,0.000000,2.337432
2209.8972,2026-06-03T14:49:14.249484,0.000000,2.337380
2210.3714,2026-06-03T14:49:14.723659,0.000000,2.337532
2210.8677,2026-06-03T14:49:15.220001,0.000000,2.337516
2211.3741,2026-06-03T14:49:15.726434,0.000000,2.337184
2211.8702,2026-06-03T14:49:16.222476,0.000000,2.337008
2212.3637,2026-06-03T14:49:16.715955,0.000000,2.337052
2212.8612,2026-06-03T14:49:17.213446,0.000000,2.337232
2213.3659,2026-06-03T14:49:17.718210,0.000000,2.337552
2213.8656,2026-06-03T14:49:18.217883,0.000000,2.337344
2214.3663,2026-06-03T14:49:18.718573,0.000000,2.336896
2214.8657,2026-06-03T14:49:19.217989,0.000000,2.336648
2215.3910,2026-06-03T14:49:19.743245,0.000000,2.336320
2215.8809,2026-06-03T14:49:20.233201,0.000000,2.336440
2216.3838,2026-06-03T14:49:20.736132,0.000000,2.336420
2216.8825,2026-06-03T14:49:21.234817,0.000000,2.336204
2217.3731,2026-06-03T14:49:21.725354,0.000000,2.336272
2217.8741,2026-06-03T14:49:22.226416,0.000000,2.336260
2218.3660,2026-06-03T14:49:22.718303,0.000000,2.336424
2218.8658,2026-06-03T14:49:23.218099,0.000000,2.336328
2219.3276,2026-06-03T14:49:23.679876,0.000000,2.336244
2219.8241,2026-06-03T14:49:24.176357,0.000000,2.336148
2220.3253,2026-06-03T14:49:24.677540,0.000000,2.335824
2220.8258,2026-06-03T14:49:25.178071,0.000000,2.335672
2221.2876,2026-06-03T14:49:25.639906,0.000000,2.335428
2221.7909,2026-06-03T14:49:26.143235,0.000000,2.335052
2222.2828,2026-06-03T14:49:26.635096,0.000000,2.334824
2222.7571,2026-06-03T14:49:27.109358,0.000000,2.334820
2223.2580,2026-06-03T14:49:27.610328,0.000000,2.334972
2223.7590,2026-06-03T14:49:28.111314,0.000000,2.335076
2224.2572,2026-06-03T14:49:28.609479,0.000000,2.335096
2224.7876,2026-06-03T14:49:29.139927,0.000000,2.335112
2225.2943,2026-06-03T14:49:29.646587,0.000000,2.334704
2225.7935,2026-06-03T14:49:30.145824,0.000000,2.334340
2226.2894,2026-06-03T14:49:30.641634,0.000000,2.334000
2226.8222,2026-06-03T14:49:31.174493,0.000000,2.333644
2227.2976,2026-06-03T14:49:31.649896,0.000000,2.333560
2227.8017,2026-06-03T14:49:32.153986,0.000000,2.333152
2228.2975,2026-06-03T14:49:32.649757,0.000000,2.333160
2228.7808,2026-06-03T14:49:33.133107,0.000000,2.332820
2229.2393,2026-06-03T14:49:33.591599,0.000000,2.332460
2229.7327,2026-06-03T14:49:34.085034,0.000000,2.332160
2230.2367,2026-06-03T14:49:34.589014,0.000000,2.331876
2230.7359,2026-06-03T14:49:35.088159,0.000000,2.331904
2231.2389,2026-06-03T14:49:35.591164,0.000000,2.331752
2231.7393,2026-06-03T14:49:36.091572,0.000000,2.331720
2232.2493,2026-06-03T14:49:36.601560,0.000000,2.331408
2232.7424,2026-06-03T14:49:37.094694,0.000000,2.331360
2233.2335,2026-06-03T14:49:37.585815,0.000000,2.330868
2233.7050,2026-06-03T14:49:38.057244,0.000000,2.330508
2234.2073,2026-06-03T14:49:38.559581,0.000000,2.330228
2234.7015,2026-06-03T14:49:39.053823,0.000000,2.329772
2235.2013,2026-06-03T14:49:39.553546,0.000000,2.329780
2235.7034,2026-06-03T14:49:40.055717,0.000000,2.329440
2236.2118,2026-06-03T14:49:40.564045,0.000000,2.329036
2236.7075,2026-06-03T14:49:41.059828,0.000000,2.328924
2237.2116,2026-06-03T14:49:41.563932,0.000000,2.328612
2237.6781,2026-06-03T14:49:42.030411,0.000000,2.328648
2238.1701,2026-06-03T14:49:42.522390,0.000000,2.328456
2238.6610,2026-06-03T14:49:43.013301,0.000000,2.328072
2239.1701,2026-06-03T14:49:43.522355,0.000000,2.327444
2239.6671,2026-06-03T14:49:44.019410,0.000000,2.326620
2240.1543,2026-06-03T14:49:44.506607,0.000000,2.325832
2240.6457,2026-06-03T14:49:44.997943,0.000000,2.325148
2241.1417,2026-06-03T14:49:45.494017,0.000000,2.324916
2241.6200,2026-06-03T14:49:45.972255,0.000000,2.324916
2242.0990,2026-06-03T14:49:46.451323,0.000000,2.324976
2242.5641,2026-06-03T14:49:46.916390,0.000000,2.325036
2243.0660,2026-06-03T14:49:47.418336,0.000000,2.324748
2243.5714,2026-06-03T14:49:47.923683,0.000000,2.324432
2244.0642,2026-06-03T14:49:48.416448,0.000000,2.323932
2244.5659,2026-06-03T14:49:48.918173,0.000000,2.323296
2245.0714,2026-06-03T14:49:49.423644,0.000000,2.322724
2245.5683,2026-06-03T14:49:49.920586,0.000000,2.322256
2246.0669,2026-06-03T14:49:50.419174,0.000000,2.321936
2246.5679,2026-06-03T14:49:50.920148,0.000000,2.321624
2247.0675,2026-06-03T14:49:51.419740,0.000000,2.321516
2247.5876,2026-06-03T14:49:51.939870,0.000000,2.320932
2248.0649,2026-06-03T14:49:52.417196,0.000000,2.320240
2248.5700,2026-06-03T14:49:52.922305,0.000000,2.319604
2249.0636,2026-06-03T14:49:53.415832,0.000000,2.318700
2249.5642,2026-06-03T14:49:53.916485,0.000000,2.318300
2250.0659,2026-06-03T14:49:54.418205,0.000000,2.318044
2250.5703,2026-06-03T14:49:54.922612,0.000000,2.317700
2251.0727,2026-06-03T14:49:55.424959,0.000000,2.317288
2251.5906,2026-06-03T14:49:55.942921,0.000000,2.316516
2252.0871,2026-06-03T14:49:56.439437,0.000000,2.315616
2252.5712,2026-06-03T14:49:56.923461,0.000000,2.314940
2253.0682,2026-06-03T14:49:57.420497,0.000000,2.314108
2253.5724,2026-06-03T14:49:57.924693,0.000000,2.313728
2254.0738,2026-06-03T14:49:58.426099,0.000000,2.313356
2254.5703,2026-06-03T14:49:58.922560,0.000000,2.313024
2255.0753,2026-06-03T14:49:59.427557,0.000000,2.313016
2255.5683,2026-06-03T14:49:59.920556,0.000000,2.312628
2256.0682,2026-06-03T14:50:00.420528,0.000000,2.312252
2256.5658,2026-06-03T14:50:00.918122,0.000000,2.311536
2257.0695,2026-06-03T14:50:01.421747,0.000000,2.310656
2257.5655,2026-06-03T14:50:01.917804,0.000000,2.309636
2258.0657,2026-06-03T14:50:02.418023,0.000000,2.308980
2258.5762,2026-06-03T14:50:02.928488,0.000000,2.308056
2259.0907,2026-06-03T14:50:03.443030,0.000000,2.307388
2259.5532,2026-06-03T14:50:03.905504,0.000000,2.307248
2260.0523,2026-06-03T14:50:04.404563,0.000000,2.306880
2260.5405,2026-06-03T14:50:04.892764,0.000000,2.306708
2261.0160,2026-06-03T14:50:05.368328,0.000000,2.306320
2261.5079,2026-06-03T14:50:05.860139,0.000000,2.305772
2261.9789,2026-06-03T14:50:06.331220,0.000000,2.305012
2262.4785,2026-06-03T14:50:06.830810,0.000000,2.304284
2262.9894,2026-06-03T14:50:07.341718,0.000000,2.303280
2263.4740,2026-06-03T14:50:07.826268,0.000000,2.302356
2263.9725,2026-06-03T14:50:08.324762,0.000000,2.301516
2264.4567,2026-06-03T14:50:08.809005,0.000000,2.300884
2264.9556,2026-06-03T14:50:09.307863,0.000000,2.300548
2265.4245,2026-06-03T14:50:09.776763,0.000000,2.300028
2265.9277,2026-06-03T14:50:10.279983,0.000000,2.299820
2266.4326,2026-06-03T14:50:10.784899,0.000000,2.299568
2266.9306,2026-06-03T14:50:11.282890,0.000000,2.298816
2267.4551,2026-06-03T14:50:11.807413,0.000000,2.298464
2267.9512,2026-06-03T14:50:12.303515,0.000000,2.297612
2268.4461,2026-06-03T14:50:12.798379,0.000000,2.297108
2268.9472,2026-06-03T14:50:13.299514,0.000000,2.296924
2269.4520,2026-06-03T14:50:13.804254,0.000000,2.296216
2269.9271,2026-06-03T14:50:14.279416,0.000000,2.295916
2270.3866,2026-06-03T14:50:14.738931,0.000000,2.295204
2270.8878,2026-06-03T14:50:15.240076,0.000000,2.294480
2271.3791,2026-06-03T14:50:15.731397,0.000000,2.293944
2271.8517,2026-06-03T14:50:16.203982,0.000000,2.292904
2272.3559,2026-06-03T14:50:16.708175,0.000000,2.292156
2272.8555,2026-06-03T14:50:17.207762,0.000000,2.291280
2273.3556,2026-06-03T14:50:17.707926,0.000000,2.290300
2273.8521,2026-06-03T14:50:18.204393,0.000000,2.290064
2274.3545,2026-06-03T14:50:18.706791,0.000000,2.289420
2274.8518,2026-06-03T14:50:19.204076,0.000000,2.288628
2275.3764,2026-06-03T14:50:19.728717,0.000000,2.288068
2275.8641,2026-06-03T14:50:20.216411,0.000000,2.287392
2276.3639,2026-06-03T14:50:20.716228,0.000000,2.287080
2276.8536,2026-06-03T14:50:21.205844,0.000000,2.286800
2277.3582,2026-06-03T14:50:21.710519,0.000000,2.285844
2277.8530,2026-06-03T14:50:22.205251,0.000000,2.284712
2278.3514,2026-06-03T14:50:22.703650,0.000000,2.283444
2278.8498,2026-06-03T14:50:23.202121,0.000000,2.282404
2279.3722,2026-06-03T14:50:23.724528,0.000000,2.281744
2279.8761,2026-06-03T14:50:24.228349,0.000000,2.281064
2280.3444,2026-06-03T14:50:24.696730,0.000000,2.280384
2280.8478,2026-06-03T14:50:25.200077,0.000000,2.279604
2281.3366,2026-06-03T14:50:25.688912,0.000000,2.278668
2281.8363,2026-06-03T14:50:26.188555,0.000000,2.277956
2282.3574,2026-06-03T14:50:26.709671,0.000000,2.277052
2282.8598,2026-06-03T14:50:27.212050,0.000000,2.275884
2283.3502,2026-06-03T14:50:27.702473,0.000000,2.275436
2283.8498,2026-06-03T14:50:28.202046,0.000000,2.274648
2284.3364,2026-06-03T14:50:28.688719,0.000000,2.274416
2284.8380,2026-06-03T14:50:29.190324,0.000000,2.274064
2285.3250,2026-06-03T14:50:29.677281,0.000000,2.273456
2285.8270,2026-06-03T14:50:30.179326,0.000000,2.272224
2286.3279,2026-06-03T14:50:30.680185,0.000000,2.271292
2286.8615,2026-06-03T14:50:31.213820,0.000000,2.270276
2287.3641,2026-06-03T14:50:31.716351,0.000000,2.268924
2287.8613,2026-06-03T14:50:32.213634,0.000000,2.268596
2288.3680,2026-06-03T14:50:32.720319,0.000000,2.267856
2288.8743,2026-06-03T14:50:33.226563,0.000000,2.267476
2289.3728,2026-06-03T14:50:33.725114,0.000000,2.267044
2289.8669,2026-06-03T14:50:34.219227,0.000000,2.266416
2290.3669,2026-06-03T14:50:34.719176,0.000000,2.265772
2290.8483,2026-06-03T14:50:35.200557,0.000000,2.265312
2291.3055,2026-06-03T14:50:35.657765,0.000000,2.264364
2291.7776,2026-06-03T14:50:36.129888,0.000000,2.263616
2292.2773,2026-06-03T14:50:36.629619,0.000000,2.262696
2292.7708,2026-06-03T14:50:37.123114,0.000000,2.261524
2293.2665,2026-06-03T14:50:37.618837,0.000000,2.260500
2293.7659,2026-06-03T14:50:38.118217,0.000000,2.259284
2294.2680,2026-06-03T14:50:38.620280,0.000000,2.257692
2294.7638,2026-06-03T14:50:39.116133,0.000000,2.256336
2295.2597,2026-06-03T14:50:39.612001,0.000000,2.255580
2295.7555,2026-06-03T14:50:40.107802,0.000000,2.255012
2296.2567,2026-06-03T14:50:40.609028,0.000000,2.254708
2296.7445,2026-06-03T14:50:41.096796,0.000000,2.253832
2297.2515,2026-06-03T14:50:41.603838,0.000000,2.252932
2297.7765,2026-06-03T14:50:42.128810,0.000000,2.251952
2298.2822,2026-06-03T14:50:42.634486,0.000000,2.250800
2298.7741,2026-06-03T14:50:43.126360,0.000000,2.250160
2299.2764,2026-06-03T14:50:43.628693,0.000000,2.249440
2299.7721,2026-06-03T14:50:44.124436,0.000000,2.248324
2300.2387,2026-06-03T14:50:44.591032,0.000000,2.247376
2300.7306,2026-06-03T14:50:45.082900,0.000000,2.246668
2301.2262,2026-06-03T14:50:45.578431,0.000000,2.245736
2301.7098,2026-06-03T14:50:46.062047,0.000000,2.245208
2302.1928,2026-06-03T14:50:46.545056,0.000000,2.244536
2302.6882,2026-06-03T14:50:47.040458,0.000000,2.243852
2303.1861,2026-06-03T14:50:47.538380,0.000000,2.243084
2303.6857,2026-06-03T14:50:48.038014,0.000000,2.242500
2304.1864,2026-06-03T14:50:48.538720,0.000000,2.241820
2304.6671,2026-06-03T14:50:49.019438,0.000000,2.241288
2305.1537,2026-06-03T14:50:49.506027,0.000000,2.241024
2305.6560,2026-06-03T14:50:50.008292,0.000000,2.240720
2306.1546,2026-06-03T14:50:50.506881,0.000000,2.240308
2306.6521,2026-06-03T14:50:51.004422,0.000000,2.239660
2307.1483,2026-06-03T14:50:51.500635,0.000000,2.239072
2307.6570,2026-06-03T14:50:52.009276,0.000000,2.238204
2308.1555,2026-06-03T14:50:52.507770,0.000000,2.237492
2308.6571,2026-06-03T14:50:53.009422,0.000000,2.236604
2309.1556,2026-06-03T14:50:53.507915,0.000000,2.235476
2309.6121,2026-06-03T14:50:53.964398,0.000000,2.234720
2310.1081,2026-06-03T14:50:54.460430,0.000000,2.233892
2310.6070,2026-06-03T14:50:54.959274,0.000000,2.232908
2311.0923,2026-06-03T14:50:55.444580,0.000000,2.232180
2311.5703,2026-06-03T14:50:55.922591,0.000000,2.231292
2312.0587,2026-06-03T14:50:56.410951,0.000000,2.230748
2312.5636,2026-06-03T14:50:56.915851,0.000000,2.230412
2313.0650,2026-06-03T14:50:57.417249,0.000000,2.230048
2313.5510,2026-06-03T14:50:57.903309,0.000000,2.229480
2314.0514,2026-06-03T14:50:58.403740,0.000000,2.228824
2314.5485,2026-06-03T14:50:58.900757,0.000000,2.227884
2315.0807,2026-06-03T14:50:59.433007,0.000000,2.226960
2315.5765,2026-06-03T14:50:59.928773,0.000000,2.225896
2316.0727,2026-06-03T14:51:00.424998,0.000000,2.225008
2316.5713,2026-06-03T14:51:00.923565,0.000000,2.224500
2317.1031,2026-06-03T14:51:01.455367,0.000000,2.223824
2317.5973,2026-06-03T14:51:01.949613,0.000000,2.223716
2318.0977,2026-06-03T14:51:02.449973,0.000000,2.223332
2318.5822,2026-06-03T14:51:02.934517,0.000000,2.222900
2319.0899,2026-06-03T14:51:03.442179,0.000000,2.222464
2319.5866,2026-06-03T14:51:03.938898,0.000000,2.221340
2320.0766,2026-06-03T14:51:04.428920,0.000000,2.220388
2320.5652,2026-06-03T14:51:04.917530,0.000000,2.219368
2321.0614,2026-06-03T14:51:05.413701,0.000000,2.218520
2321.5901,2026-06-03T14:51:05.942438,0.000000,2.217876
2322.0888,2026-06-03T14:51:06.441047,0.000000,2.217344
2322.5633,2026-06-03T14:51:06.915621,0.000000,2.216748
2323.0578,2026-06-03T14:51:07.410039,0.000000,2.216464
2323.5596,2026-06-03T14:51:07.911920,0.000000,2.216332
2324.0363,2026-06-03T14:51:08.388571,0.000000,2.216132
2324.5486,2026-06-03T14:51:08.900879,0.000000,2.216196
2325.0528,2026-06-03T14:51:09.405051,0.000000,2.215912
2325.5429,2026-06-03T14:51:09.895194,0.000000,2.215380
2326.0166,2026-06-03T14:51:10.368961,0.000000,2.214652
2326.5026,2026-06-03T14:51:10.854937,0.000000,2.213844
2326.9691,2026-06-03T14:51:11.321381,0.000000,2.213208
2327.4667,2026-06-03T14:51:11.818977,0.000000,2.212476
2327.9693,2026-06-03T14:51:12.321562,0.000000,2.212104
2328.4654,2026-06-03T14:51:12.817659,0.000000,2.211560
2328.9679,2026-06-03T14:51:13.320215,0.000000,2.210744
2329.4612,2026-06-03T14:51:13.813512,0.000000,2.210184
2329.9533,2026-06-03T14:51:14.305633,0.000000,2.209216
2330.4652,2026-06-03T14:51:14.817522,0.000000,2.208304
2330.9374,2026-06-03T14:51:15.289700,0.000000,2.207800
2331.4481,2026-06-03T14:51:15.800390,0.000000,2.206952
2331.9477,2026-06-03T14:51:16.300029,0.000000,2.206352
2332.4302,2026-06-03T14:51:16.782509,0.000000,2.205780
2332.9276,2026-06-03T14:51:17.279867,0.000000,2.205120
2333.4482,2026-06-03T14:51:17.800526,0.000000,2.204580
2333.9400,2026-06-03T14:51:18.292282,0.000000,2.204172
2334.4400,2026-06-03T14:51:18.792279,0.000000,2.203736
2334.9129,2026-06-03T14:51:19.265200,0.000000,2.202912
2335.4096,2026-06-03T14:51:19.761928,0.000000,2.202528
2335.9113,2026-06-03T14:51:20.263641,0.000000,2.201808
2336.4040,2026-06-03T14:51:20.756252,0.000000,2.201084
2336.9054,2026-06-03T14:51:21.257694,0.000000,2.200216
2337.4073,2026-06-03T14:51:21.759576,0.000000,2.198976
2337.9348,2026-06-03T14:51:22.287102,0.000000,2.198220
2338.4279,2026-06-03T14:51:22.780204,0.000000,2.197232
2338.9315,2026-06-03T14:51:23.283761,0.000000,2.196832
2339.3974,2026-06-03T14:51:23.749659,0.000000,2.196132
2339.9003,2026-06-03T14:51:24.252612,0.000000,2.195380
2340.3954,2026-06-03T14:51:24.747667,0.000000,2.194556
2340.8898,2026-06-03T14:51:25.242114,0.000000,2.194088
2341.3847,2026-06-03T14:51:25.737040,0.000000,2.193768
2341.8890,2026-06-03T14:51:26.241272,0.000000,2.193608
2342.3570,2026-06-03T14:51:26.709311,0.000000,2.193388
2342.8446,2026-06-03T14:51:27.196919,0.000000,2.192876
2343.3233,2026-06-03T14:51:27.675570,0.000000,2.192204
2343.8059,2026-06-03T14:51:28.158179,0.000000,2.191192
2344.3071,2026-06-03T14:51:28.659371,0.000000,2.190580
2344.8132,2026-06-03T14:51:29.165465,0.000000,2.189880
2345.2664,2026-06-03T14:51:29.618687,0.000000,2.189164
2345.7767,2026-06-03T14:51:30.128973,0.000000,2.188688
2346.2687,2026-06-03T14:51:30.621023,0.000000,2.188040
2346.7727,2026-06-03T14:51:31.124978,0.000000,2.187840
2347.2710,2026-06-03T14:51:31.623322,0.000000,2.187592
2347.7671,2026-06-03T14:51:32.119436,0.000000,2.187348
2348.2638,2026-06-03T14:51:32.616086,0.000000,2.186824
2348.7504,2026-06-03T14:51:33.102718,0.000000,2.186176
2349.2562,2026-06-03T14:51:33.608490,0.000000,2.185388
2349.7759,2026-06-03T14:51:34.128220,0.000000,2.184844
2350.2751,2026-06-03T14:51:34.627419,0.000000,2.184388
2350.7716,2026-06-03T14:51:35.123922,0.000000,2.183980
2351.2681,2026-06-03T14:51:35.620398,0.000000,2.183868
2351.7727,2026-06-03T14:51:36.124984,0.000000,2.183628
2352.2703,2026-06-03T14:51:36.622580,0.000000,2.183360
2352.7686,2026-06-03T14:51:37.120929,0.000000,2.182780
2353.2701,2026-06-03T14:51:37.622342,0.000000,2.182232
2353.7971,2026-06-03T14:51:38.149436,0.000000,2.181568
2354.2882,2026-06-03T14:51:38.640531,0.000000,2.180952
2354.7905,2026-06-03T14:51:39.142818,0.000000,2.180368
2355.2727,2026-06-03T14:51:39.625011,0.000000,2.179772
2355.7636,2026-06-03T14:51:40.115882,0.000000,2.179416
2356.2497,2026-06-03T14:51:40.602016,0.000000,2.178836
2356.7309,2026-06-03T14:51:41.083150,0.000000,2.178200
2357.2082,2026-06-03T14:51:41.560493,0.000000,2.177476
2357.7045,2026-06-03T14:51:42.056763,0.000000,2.176476
2358.2070,2026-06-03T14:51:42.559297,0.000000,2.175604
2358.7044,2026-06-03T14:51:43.056704,0.000000,2.175400
2359.1920,2026-06-03T14:51:43.544250,0.000000,2.175420
2359.6895,2026-06-03T14:51:44.041752,0.000000,2.175696
2360.1820,2026-06-03T14:51:44.534260,0.000000,2.175596
2360.6516,2026-06-03T14:51:45.003893,0.000000,2.174880
2361.1478,2026-06-03T14:51:45.500085,0.000000,2.173848
2361.6477,2026-06-03T14:51:45.999979,0.000000,2.172620
2362.1221,2026-06-03T14:51:46.474427,0.000000,2.172056
2362.6234,2026-06-03T14:51:46.975710,0.000000,2.171688
2363.1257,2026-06-03T14:51:47.477976,0.000000,2.171020
2363.6429,2026-06-03T14:51:47.995167,0.000000,2.170648
2364.1290,2026-06-03T14:51:48.481293,0.000000,2.169792
2364.6309,2026-06-03T14:51:48.983168,0.000000,2.169256
2365.1304,2026-06-03T14:51:49.482655,0.000000,2.168740
2365.6414,2026-06-03T14:51:49.993703,0.000000,2.167840
2366.1323,2026-06-03T14:51:50.484565,0.000000,2.167124
2366.6171,2026-06-03T14:51:50.969399,0.000000,2.166152
2367.1137,2026-06-03T14:51:51.466004,0.000000,2.165680
2367.6153,2026-06-03T14:51:51.967608,0.000000,2.165124
2368.1036,2026-06-03T14:51:52.455836,0.000000,2.164236
2368.6070,2026-06-03T14:51:52.959338,0.000000,2.163864
2369.1071,2026-06-03T14:51:53.459409,0.000000,2.163120
2369.5868,2026-06-03T14:51:53.939091,0.000000,2.162280
2370.0909,2026-06-03T14:51:54.443186,0.000000,2.161836
2370.6129,2026-06-03T14:51:54.965230,0.000000,2.160872
2371.0846,2026-06-03T14:51:55.436868,0.000000,2.160184
2371.5663,2026-06-03T14:51:55.918632,0.000000,2.159908
2372.0678,2026-06-03T14:51:56.420053,0.000000,2.159472
2372.5656,2026-06-03T14:51:56.917905,0.000000,2.158932
2373.0653,2026-06-03T14:51:57.417602,0.000000,2.158160
2373.5699,2026-06-03T14:51:57.922216,0.000000,2.156980
2374.0888,2026-06-03T14:51:58.441088,0.000000,2.156092
2374.5719,2026-06-03T14:51:58.924203,0.000000,2.155504
2375.0679,2026-06-03T14:51:59.420164,0.000000,2.154856
2375.5654,2026-06-03T14:51:59.917663,0.000000,2.153996
2376.0600,2026-06-03T14:52:00.412289,0.000000,2.153136
2376.5572,2026-06-03T14:52:00.909454,0.000000,2.152488
2377.0427,2026-06-03T14:52:01.394999,0.000000,2.152112
2377.5277,2026-06-03T14:52:01.879971,0.000000,2.152264
2378.0364,2026-06-03T14:52:02.388730,0.000000,2.152068
2378.5360,2026-06-03T14:52:02.888292,0.000000,2.151640
2379.0367,2026-06-03T14:52:03.389001,0.000000,2.151020
2379.5319,2026-06-03T14:52:03.884231,0.000000,2.149796
2380.0376,2026-06-03T14:52:04.389870,0.000000,2.148996
2380.5528,2026-06-03T14:52:04.905122,0.000000,2.148096
2381.0322,2026-06-03T14:52:05.384533,0.000000,2.147352
2381.5361,2026-06-03T14:52:05.888385,0.000000,2.146784
2382.0331,2026-06-03T14:52:06.385389,0.000000,2.145900
2382.5198,2026-06-03T14:52:06.872121,0.000000,2.145428
2383.0152,2026-06-03T14:52:07.367492,0.000000,2.144756
2383.4888,2026-06-03T14:52:07.841141,0.000000,2.143760
2383.9898,2026-06-03T14:52:08.342065,0.000000,2.142808
2384.4927,2026-06-03T14:52:08.844954,0.000000,2.141840
2384.9904,2026-06-03T14:52:09.342693,0.000000,2.141252
2385.4651,2026-06-03T14:52:09.817419,0.000000,2.140612
2385.9592,2026-06-03T14:52:10.311452,0.000000,2.139896
2386.4579,2026-06-03T14:52:10.810175,0.000000,2.138784
2386.9431,2026-06-03T14:52:11.295414,0.000000,2.137460
2387.4474,2026-06-03T14:52:11.799718,0.000000,2.136416
2387.9211,2026-06-03T14:52:12.273428,0.000000,2.135544
2388.4089,2026-06-03T14:52:12.761210,0.000000,2.135104
2388.9011,2026-06-03T14:52:13.253340,0.000000,2.134760
2389.3921,2026-06-03T14:52:13.744408,0.000000,2.134116
2389.8855,2026-06-03T14:52:14.237748,0.000000,2.133536
2390.3760,2026-06-03T14:52:14.728305,0.000000,2.132724
2390.8860,2026-06-03T14:52:15.238320,0.000000,2.132016
2391.3965,2026-06-03T14:52:15.748744,0.000000,2.131780
2391.8873,2026-06-03T14:52:16.239561,0.000000,2.131608
2392.3813,2026-06-03T14:52:16.733585,0.000000,2.131260
2392.8734,2026-06-03T14:52:17.225698,0.000000,2.130748
2393.3735,2026-06-03T14:52:17.725808,0.000000,2.130088
2393.8779,2026-06-03T14:52:18.230173,0.000000,2.129232
2394.3328,2026-06-03T14:52:18.685100,0.000000,2.128404
2394.8357,2026-06-03T14:52:19.187939,0.000000,2.127668
2395.3289,2026-06-03T14:52:19.681233,0.000000,2.127052
2395.8324,2026-06-03T14:52:20.184658,0.000000,2.126104
2396.3239,2026-06-03T14:52:20.676165,0.000000,2.125432
2396.8274,2026-06-03T14:52:21.179698,0.000000,2.124648
2397.3285,2026-06-03T14:52:21.680754,0.000000,2.123676
2397.8179,2026-06-03T14:52:22.170147,0.000000,2.123180
2398.3137,2026-06-03T14:52:22.665969,0.000000,2.122800
2398.8355,2026-06-03T14:52:23.187781,0.000000,2.122136
2399.3302,2026-06-03T14:52:23.682526,0.000000,2.121684
2399.8297,2026-06-03T14:52:24.182031,0.000000,2.120504
2400.3235,2026-06-03T14:52:24.675770,0.000000,2.119412
2400.8239,2026-06-03T14:52:25.176222,0.000000,2.118276
2401.2924,2026-06-03T14:52:25.644701,0.000000,2.117408
2401.7947,2026-06-03T14:52:26.146946,0.000000,2.116744
2402.2987,2026-06-03T14:52:26.650959,0.000000,2.115636
2402.8053,2026-06-03T14:52:27.157586,0.000000,2.114756
2403.3051,2026-06-03T14:52:27.657400,0.000000,2.113692
2403.7964,2026-06-03T14:52:28.148680,0.000000,2.112940
2404.2900,2026-06-03T14:52:28.642301,0.000000,2.112472
2404.7864,2026-06-03T14:52:29.138724,0.000000,2.112324
2405.2842,2026-06-03T14:52:29.636526,0.000000,2.112016
2405.8018,2026-06-03T14:52:30.154129,0.000000,2.110936
2406.2969,2026-06-03T14:52:30.649200,0.000000,2.110008
2406.7901,2026-06-03T14:52:31.142425,0.000000,2.108932
2407.2544,2026-06-03T14:52:31.606636,0.000000,2.107732
2407.7481,2026-06-03T14:52:32.100428,0.000000,2.107260
2408.2483,2026-06-03T14:52:32.600635,0.000000,2.106712
2408.7369,2026-06-03T14:52:33.089150,0.000000,2.106080
2409.2615,2026-06-03T14:52:33.613831,0.000000,2.105268
2409.7572,2026-06-03T14:52:34.109447,0.000000,2.104384
2410.2619,2026-06-03T14:52:34.614216,0.000000,2.103516
2410.7581,2026-06-03T14:52:35.110385,0.000000,2.102668
2411.2506,2026-06-03T14:52:35.602871,0.000000,2.102472
2411.7543,2026-06-03T14:52:36.106547,0.000000,2.102192
2412.2329,2026-06-03T14:52:36.585179,0.000000,2.101836
2412.7355,2026-06-03T14:52:37.087815,0.000000,2.101060
2413.2266,2026-06-03T14:52:37.578913,0.000000,2.100228
2413.7515,2026-06-03T14:52:38.103773,0.000000,2.099072
2414.2610,2026-06-03T14:52:38.613263,0.000000,2.098208
2414.7613,2026-06-03T14:52:39.113542,0.000000,2.097828
2415.2636,2026-06-03T14:52:39.615889,0.000000,2.097224
2415.7533,2026-06-03T14:52:40.105613,0.000000,2.096920
2416.2784,2026-06-03T14:52:40.630725,0.000000,2.096700
2416.7809,2026-06-03T14:52:41.133215,0.000000,2.096176
2417.2822,2026-06-03T14:52:41.634448,0.000000,2.095772
2417.7772,2026-06-03T14:52:42.129460,0.000000,2.095208
2418.2695,2026-06-03T14:52:42.621747,0.000000,2.094104
2418.7676,2026-06-03T14:52:43.119874,0.000000,2.093204
2419.2722,2026-06-03T14:52:43.624448,0.000000,2.092420
2419.8010,2026-06-03T14:52:44.153237,0.000000,2.091832
2420.2932,2026-06-03T14:52:44.645503,0.000000,2.091592
2420.7912,2026-06-03T14:52:45.143467,0.000000,2.091440
2421.2864,2026-06-03T14:52:45.638737,0.000000,2.091160
2421.7799,2026-06-03T14:52:46.132171,0.000000,2.090888
2422.2694,2026-06-03T14:52:46.621676,0.000000,2.090260
2422.7438,2026-06-03T14:52:47.096058,0.000000,2.089596
2423.2464,2026-06-03T14:52:47.598656,0.000000,2.088984
2423.7492,2026-06-03T14:52:48.101510,0.000000,2.088316
2424.2392,2026-06-03T14:52:48.591527,0.000000,2.088024
2424.7726,2026-06-03T14:52:49.124930,0.000000,2.087732
2425.2712,2026-06-03T14:52:49.623510,0.000000,2.087128
2425.7692,2026-06-03T14:52:50.121496,0.000000,2.086680
2426.2565,2026-06-03T14:52:50.608823,0.000000,2.086196
2426.7856,2026-06-03T14:52:51.137939,0.000000,2.085764
2427.2858,2026-06-03T14:52:51.638068,0.000000,2.085468
2427.7828,2026-06-03T14:52:52.135083,0.000000,2.084676
2428.2807,2026-06-03T14:52:52.633014,0.000000,2.084324
2428.7805,2026-06-03T14:52:53.132775,0.000000,2.083980
2429.2786,2026-06-03T14:52:53.630842,0.000000,2.083980
2429.7725,2026-06-03T14:52:54.124814,0.000000,2.084460
2430.2784,2026-06-03T14:52:54.630686,0.000000,2.084968
2430.7652,2026-06-03T14:52:55.117451,0.000000,2.084996
2431.2665,2026-06-03T14:52:55.618803,0.000000,2.084688
2431.7650,2026-06-03T14:52:56.117327,0.000000,2.084344
2432.2462,2026-06-03T14:52:56.598430,0.000000,2.083308
2432.7089,2026-06-03T14:52:57.061182,0.000000,2.082896
2433.1900,2026-06-03T14:52:57.542295,0.000000,2.082748
2433.6760,2026-06-03T14:52:58.028270,0.000000,2.082408
2434.1816,2026-06-03T14:52:58.533863,0.000000,2.082136
2434.6784,2026-06-03T14:52:59.030739,0.000000,2.081796
2435.1880,2026-06-03T14:52:59.540320,0.000000,2.081264
2435.6806,2026-06-03T14:53:00.032938,0.000000,2.081072
2436.1819,2026-06-03T14:53:00.534190,0.000000,2.081076
2436.6717,2026-06-03T14:53:01.024022,0.000000,2.081268
2437.1569,2026-06-03T14:53:01.509207,0.000000,2.081160
2437.6404,2026-06-03T14:53:01.992658,0.000000,2.080788
2438.1506,2026-06-03T14:53:02.502915,0.000000,2.080348
2438.6505,2026-06-03T14:53:03.002814,0.000000,2.079616
2439.1535,2026-06-03T14:53:03.505803,0.000000,2.079236
2439.6732,2026-06-03T14:53:04.025492,0.000000,2.078708
2440.1566,2026-06-03T14:53:04.508905,0.000000,2.078416
2440.6398,2026-06-03T14:53:04.992105,0.000000,2.078180
2441.1310,2026-06-03T14:53:05.483302,0.000000,2.077780
2441.6340,2026-06-03T14:53:05.986286,0.000000,2.077572
2442.1346,2026-06-03T14:53:06.486896,0.000000,2.077196
2442.6654,2026-06-03T14:53:07.017656,0.000000,2.076780
2443.1566,2026-06-03T14:53:07.508920,0.000000,2.076356
2443.6575,2026-06-03T14:53:08.009780,0.000000,2.076040
2444.1570,2026-06-03T14:53:08.509308,0.000000,2.075780
2444.6607,2026-06-03T14:53:09.012991,0.000000,2.075840
2445.1388,2026-06-03T14:53:09.491086,0.000000,2.075916
2445.6483,2026-06-03T14:53:10.000637,0.000000,2.075932
2446.1735,2026-06-03T14:53:10.525841,0.000000,2.075944
2446.6740,2026-06-03T14:53:11.026338,0.000000,2.075740
2447.1648,2026-06-03T14:53:11.517131,0.000000,2.075280
2447.6703,2026-06-03T14:53:12.022641,0.000000,2.075032
2448.1597,2026-06-03T14:53:12.512016,0.000000,2.074716
2448.6613,2026-06-03T14:53:13.013584,0.000000,2.074512
2449.1593,2026-06-03T14:53:13.511560,0.000000,2.074444
2449.6497,2026-06-03T14:53:14.001956,0.000000,2.074100
2450.1465,2026-06-03T14:53:14.498787,0.000000,2.073780
2450.6394,2026-06-03T14:53:14.991646,0.000000,2.073368
2451.1348,2026-06-03T14:53:15.487088,0.000000,2.073104
2451.6271,2026-06-03T14:53:15.979380,0.000000,2.072828
2452.1346,2026-06-03T14:53:16.486882,0.000000,2.072792
2452.6164,2026-06-03T14:53:16.968694,0.000000,2.072464
2453.1137,2026-06-03T14:53:17.465952,0.000000,2.072240
2453.5822,2026-06-03T14:53:17.934527,0.000000,2.072152
2454.0794,2026-06-03T14:53:18.431686,0.000000,2.071948
2454.5795,2026-06-03T14:53:18.931749,0.000000,2.071896
2455.0701,2026-06-03T14:53:19.422411,0.000000,2.071700
2455.5686,2026-06-03T14:53:19.920869,0.000000,2.071472
2456.0675,2026-06-03T14:53:20.419769,0.000000,2.071356
2456.5567,2026-06-03T14:53:20.908980,0.000000,2.071296
2457.0626,2026-06-03T14:53:21.414849,0.000000,2.071148
2457.5515,2026-06-03T14:53:21.903757,0.000000,2.070796
2458.0728,2026-06-03T14:53:22.425045,0.000000,2.070536
2458.5651,2026-06-03T14:53:22.917349,0.000000,2.070136
2459.0691,2026-06-03T14:53:23.421379,0.000000,2.069484
2459.5300,2026-06-03T14:53:23.882247,0.000000,2.069188
2460.0278,2026-06-03T14:53:24.380067,0.000000,2.069192
2460.5318,2026-06-03T14:53:24.884114,0.000000,2.069048
2461.0467,2026-06-03T14:53:25.398980,0.000000,2.069276
2461.5430,2026-06-03T14:53:25.895246,0.000000,2.069384
2462.0375,2026-06-03T14:53:26.389762,0.000000,2.069320
2462.5427,2026-06-03T14:53:26.895019,0.000000,2.069264
2463.0384,2026-06-03T14:53:27.390706,0.000000,2.069316
2463.5308,2026-06-03T14:53:27.883088,0.000000,2.069708
2464.0156,2026-06-03T14:53:28.367860,0.000000,2.069696
2464.5147,2026-06-03T14:53:28.866973,0.000000,2.069924
2465.0094,2026-06-03T14:53:29.361631,0.000000,2.069784
2465.5371,2026-06-03T14:53:29.889352,0.000000,2.069384
2466.0149,2026-06-03T14:53:30.367177,0.000000,2.069032
2466.4942,2026-06-03T14:53:30.846493,0.000000,2.068476
2466.9693,2026-06-03T14:53:31.321597,0.000000,2.068160
2467.4390,2026-06-03T14:53:31.791316,0.000000,2.067760
2467.9295,2026-06-03T14:53:32.281758,0.000000,2.067968
2468.4311,2026-06-03T14:53:32.783377,0.000000,2.068084
2468.9109,2026-06-03T14:53:33.263194,0.000000,2.068232
2469.4108,2026-06-03T14:53:33.763046,0.000000,2.068216
2469.9089,2026-06-03T14:53:34.261189,0.000000,2.068036
2470.4009,2026-06-03T14:53:34.753187,0.000000,2.067672
2470.9023,2026-06-03T14:53:35.254591,0.000000,2.066944
2471.4019,2026-06-03T14:53:35.754231,0.000000,2.066636
2471.9022,2026-06-03T14:53:36.254505,0.000000,2.066500
2472.3983,2026-06-03T14:53:36.750580,0.000000,2.066356
2472.8770,2026-06-03T14:53:37.229291,0.000000,2.066508
2473.3610,2026-06-03T14:53:37.713254,0.000000,2.066552
2473.8550,2026-06-03T14:53:38.207334,0.000000,2.066112
2474.3506,2026-06-03T14:53:38.702921,0.000000,2.065928
2474.8516,2026-06-03T14:53:39.203935,0.000000,2.066240
2475.3827,2026-06-03T14:53:39.734968,0.000000,2.066460
2475.8602,2026-06-03T14:53:40.212490,0.000000,2.066416
2476.3458,2026-06-03T14:53:40.698069,0.000000,2.066192
2476.8424,2026-06-03T14:53:41.194696,0.000000,2.065324
2477.3331,2026-06-03T14:53:41.685359,0.000000,2.064616
2477.8190,2026-06-03T14:53:42.171271,0.000000,2.064348
2478.3090,2026-06-03T14:53:42.661308,0.000000,2.064012
2478.8264,2026-06-03T14:53:43.178644,0.000000,2.063628
2479.3213,2026-06-03T14:53:43.673543,0.000000,2.063144
2479.8034,2026-06-03T14:53:44.155706,0.000000,2.062772
2480.3027,2026-06-03T14:53:44.655003,0.000000,2.062764
2480.7690,2026-06-03T14:53:45.121334,0.000000,2.063408
2481.2688,2026-06-03T14:53:45.621074,0.000000,2.063972
2481.7620,2026-06-03T14:53:46.114245,0.000000,2.064396
2482.2606,2026-06-03T14:53:46.612876,0.000000,2.064688
2482.7494,2026-06-03T14:53:47.101697,0.000000,2.064568
2483.2472,2026-06-03T14:53:47.599512,0.000000,2.064256
2483.7459,2026-06-03T14:53:48.098230,0.000000,2.064332
2484.2276,2026-06-03T14:53:48.579926,0.000000,2.064368
2484.7288,2026-06-03T14:53:49.081134,0.000000,2.063900
2485.2253,2026-06-03T14:53:49.577566,0.000000,2.063512
2485.7297,2026-06-03T14:53:50.081983,0.000000,2.062952
2486.2351,2026-06-03T14:53:50.587355,0.000000,2.062440
2486.7539,2026-06-03T14:53:51.106186,0.000000,2.062452
2487.2589,2026-06-03T14:53:51.611206,0.000000,2.062336
2487.7554,2026-06-03T14:53:52.107714,0.000000,2.061988
2488.2602,2026-06-03T14:53:52.612486,0.000000,2.061624
2488.7560,2026-06-03T14:53:53.108244,0.000000,2.061452
2489.2547,2026-06-03T14:53:53.607006,0.000000,2.061440
2489.7203,2026-06-03T14:53:54.072617,0.000000,2.061388
2490.2273,2026-06-03T14:53:54.579564,0.000000,2.061648
2490.6911,2026-06-03T14:53:55.043348,0.000000,2.061512
2491.1885,2026-06-03T14:53:55.540772,0.000000,2.061408
2491.6947,2026-06-03T14:53:56.046962,0.000000,2.061544
2492.2024,2026-06-03T14:53:56.554739,0.000000,2.061220
2492.6972,2026-06-03T14:53:57.049460,0.000000,2.061228
2493.1960,2026-06-03T14:53:57.548334,0.000000,2.061020
2493.7001,2026-06-03T14:53:58.052389,0.000000,2.061008
2494.2232,2026-06-03T14:53:58.575474,0.000000,2.060764
2494.7032,2026-06-03T14:53:59.055519,0.000000,2.060612
2495.2025,2026-06-03T14:53:59.554808,0.000000,2.060696
2495.6952,2026-06-03T14:54:00.047499,0.000000,2.060324
2496.1897,2026-06-03T14:54:00.542018,0.000000,2.060260
2496.6648,2026-06-03T14:54:01.017100,0.000000,2.059948
2497.1758,2026-06-03T14:54:01.528094,0.000000,2.059740
2497.6482,2026-06-03T14:54:02.000503,0.000000,2.059536
2498.1275,2026-06-03T14:54:02.479822,0.000000,2.059572
2498.6326,2026-06-03T14:54:02.984891,0.000000,2.059612
2499.1344,2026-06-03T14:54:03.486673,0.000000,2.059476
2499.6628,2026-06-03T14:54:04.015133,0.000000,2.059300
2500.1536,2026-06-03T14:54:04.505915,0.000000,2.059308
2500.6560,2026-06-03T14:54:05.008322,0.000000,2.059252
2501.1603,2026-06-03T14:54:05.512601,0.000000,2.059336
2501.6924,2026-06-03T14:54:06.044676,0.000000,2.059480
2502.1940,2026-06-03T14:54:06.546344,0.000000,2.059604
2502.6965,2026-06-03T14:54:07.048751,0.000000,2.059560
2503.1891,2026-06-03T14:54:07.541384,0.000000,2.059224
2503.6924,2026-06-03T14:54:08.044652,0.000000,2.058952
2504.1944,2026-06-03T14:54:08.546658,0.000000,2.058624
2504.7013,2026-06-03T14:54:09.053580,0.000000,2.058652
2505.2212,2026-06-03T14:54:09.573474,0.000000,2.059040
2505.7258,2026-06-03T14:54:10.078109,0.000000,2.059572
2506.2256,2026-06-03T14:54:10.577930,0.000000,2.059688
2506.7273,2026-06-03T14:54:11.079556,0.000000,2.059532
2507.2182,2026-06-03T14:54:11.570515,0.000000,2.059188
2507.7138,2026-06-03T14:54:12.066094,0.000000,2.058772
2508.2089,2026-06-03T14:54:12.561234,0.000000,2.058668
2508.6805,2026-06-03T14:54:13.032830,0.000000,2.058392
2509.1856,2026-06-03T14:54:13.537928,0.000000,2.058196
2509.6641,2026-06-03T14:54:14.016443,0.000000,2.057896
2510.1715,2026-06-03T14:54:14.523742,0.000000,2.057696
2510.6690,2026-06-03T14:54:15.021316,0.000000,2.057308
2511.1689,2026-06-03T14:54:15.521205,0.000000,2.056808
2511.6595,2026-06-03T14:54:16.011775,0.000000,2.056948
2512.1544,2026-06-03T14:54:16.506661,0.000000,2.057156
2512.6813,2026-06-03T14:54:17.033594,0.000000,2.057624
2513.1803,2026-06-03T14:54:17.532630,0.000000,2.058212
2513.6771,2026-06-03T14:54:18.029396,0.000000,2.057968
2514.1690,2026-06-03T14:54:18.521330,0.000000,2.057732
2514.6696,2026-06-03T14:54:19.021868,0.000000,2.057556
2515.1618,2026-06-03T14:54:19.514116,0.000000,2.057608
2515.6585,2026-06-03T14:54:20.010817,0.000000,2.057632
2516.1160,2026-06-03T14:54:20.468303,0.000000,2.057716
2516.5797,2026-06-03T14:54:20.931954,0.000000,2.058112
2517.0440,2026-06-03T14:54:21.396293,0.000000,2.057764
2517.5392,2026-06-03T14:54:21.891521,0.000000,2.057824
2518.0355,2026-06-03T14:54:22.387787,0.000000,2.057832
2518.5098,2026-06-03T14:54:22.862142,0.000000,2.057652
2518.9823,2026-06-03T14:54:23.334597,0.000000,2.057652
2519.4634,2026-06-03T14:54:23.815697,0.000000,2.057284
2519.9588,2026-06-03T14:54:24.311043,0.000000,2.057004
2520.4523,2026-06-03T14:54:24.804556,0.000000,2.056656
2520.9283,2026-06-03T14:54:25.280613,0.000000,2.056536
2521.4310,2026-06-03T14:54:25.783319,0.000000,2.056648
2521.8993,2026-06-03T14:54:26.251617,0.000000,2.056976
2522.3998,2026-06-03T14:54:26.752164,0.000000,2.057544
2522.8964,2026-06-03T14:54:27.248705,0.000000,2.058144
2523.3941,2026-06-03T14:54:27.746403,0.000000,2.058468
2523.9137,2026-06-03T14:54:28.265985,0.000000,2.058584
2524.4101,2026-06-03T14:54:28.762430,0.000000,2.058204
2524.9112,2026-06-03T14:54:29.263511,0.000000,2.057896
2525.3930,2026-06-03T14:54:29.745331,0.000000,2.057796
2525.8930,2026-06-03T14:54:30.245249,0.000000,2.057968
2526.4218,2026-06-03T14:54:30.774141,0.000000,2.058052
2526.9186,2026-06-03T14:54:31.270879,0.000000,2.058112
2527.4189,2026-06-03T14:54:31.771192,0.000000,2.058080
2527.9189,2026-06-03T14:54:32.271146,0.000000,2.057604
2528.4143,2026-06-03T14:54:32.766624,0.000000,2.057420
2528.9090,2026-06-03T14:54:33.261335,0.000000,2.057340
2529.4102,2026-06-03T14:54:33.762511,0.000000,2.057092
2529.9093,2026-06-03T14:54:34.261619,0.000000,2.057424
2530.4357,2026-06-03T14:54:34.788027,0.000000,2.057612
2530.9319,2026-06-03T14:54:35.284176,0.000000,2.057572
2531.4323,2026-06-03T14:54:35.784607,0.000000,2.057876
2531.9370,2026-06-03T14:54:36.289266,0.000000,2.057504
2532.4272,2026-06-03T14:54:36.779509,0.000000,2.057204
2532.9286,2026-06-03T14:54:37.280909,0.000000,2.057168
2533.4271,2026-06-03T14:54:37.779379,0.000000,2.056828
2533.9163,2026-06-03T14:54:38.268623,0.000000,2.056984
2534.3848,2026-06-03T14:54:38.737106,0.000000,2.057252
2534.8549,2026-06-03T14:54:39.207232,0.000000,2.057460
2535.3472,2026-06-03T14:54:39.699476,0.000000,2.057548
2535.8176,2026-06-03T14:54:40.169890,0.000000,2.057428
2536.3079,2026-06-03T14:54:40.660233,0.000000,2.057524
2536.7899,2026-06-03T14:54:41.142197,0.000000,2.057188
2537.2884,2026-06-03T14:54:41.640731,0.000000,2.056856
2537.7800,2026-06-03T14:54:42.132254,0.000000,2.056816
2538.2797,2026-06-03T14:54:42.631971,0.000000,2.056744
2538.7769,2026-06-03T14:54:43.129158,0.000000,2.056748
2539.2797,2026-06-03T14:54:43.631993,0.000000,2.056452
2539.7792,2026-06-03T14:54:44.131466,0.000000,2.056172
2540.2649,2026-06-03T14:54:44.617181,0.000000,2.055900
2540.7643,2026-06-03T14:54:45.116591,0.000000,2.056396
2541.2602,2026-06-03T14:54:45.612508,0.000000,2.057012
2541.7711,2026-06-03T14:54:46.123403,0.000000,2.057440
2542.2798,2026-06-03T14:54:46.632136,0.000000,2.057752
2542.7777,2026-06-03T14:54:47.129969,0.000000,2.057440
2543.2798,2026-06-03T14:54:47.632132,0.000000,2.057364
2543.7762,2026-06-03T14:54:48.128504,0.000000,2.057500
2544.2695,2026-06-03T14:54:48.621745,0.000000,2.057112
2544.7678,2026-06-03T14:54:49.120123,0.000000,2.056760
2545.2631,2026-06-03T14:54:49.615431,0.000000,2.056376
2545.7611,2026-06-03T14:54:50.113394,0.000000,2.056148
2546.2632,2026-06-03T14:54:50.615449,0.000000,2.056120
2546.7589,2026-06-03T14:54:51.111233,0.000000,2.056304
2547.2608,2026-06-03T14:54:51.613076,0.000000,2.056240
2547.7524,2026-06-03T14:54:52.104697,0.000000,2.056116
2548.2519,2026-06-03T14:54:52.604221,0.000000,2.056028
2548.7521,2026-06-03T14:54:53.104430,0.000000,2.055872
2549.2491,2026-06-03T14:54:53.601392,0.000000,2.055992
2549.7691,2026-06-03T14:54:54.121357,0.000000,2.056424
2550.2327,2026-06-03T14:54:54.584952,0.000000,2.056964
2550.7429,2026-06-03T14:54:55.095236,0.000000,2.057248
2551.2392,2026-06-03T14:54:55.591504,0.000000,2.057636
2551.7355,2026-06-03T14:54:56.087745,0.000000,2.057404
2552.2381,2026-06-03T14:54:56.590400,0.000000,2.057028
2552.7323,2026-06-03T14:54:57.084607,0.000000,2.056828
2553.2169,2026-06-03T14:54:57.569145,0.000000,2.056576
2553.6954,2026-06-03T14:54:58.047729,0.000000,2.056704
2554.2030,2026-06-03T14:54:58.555263,0.000000,2.056516
2554.6991,2026-06-03T14:54:59.051374,0.000000,2.056648
2555.2061,2026-06-03T14:54:59.558368,0.000000,2.056576
2555.7016,2026-06-03T14:55:00.053857,0.000000,2.056476
2556.2006,2026-06-03T14:55:00.552925,0.000000,2.056812
2556.7046,2026-06-03T14:55:01.056929,0.000000,2.056576
2557.1990,2026-06-03T14:55:01.551325,0.000000,2.056580
2557.7079,2026-06-03T14:55:02.060226,0.000000,2.056396
2558.2021,2026-06-03T14:55:02.554382,0.000000,2.056172
2558.6939,2026-06-03T14:55:03.046211,0.000000,2.056104
2559.1934,2026-06-03T14:55:03.545708,0.000000,2.056356
2559.7039,2026-06-03T14:55:04.056201,0.000000,2.056488
2560.2029,2026-06-03T14:55:04.555150,0.000000,2.056656
2560.6845,2026-06-03T14:55:05.036836,0.000000,2.056916
2561.1771,2026-06-03T14:55:05.529368,0.000000,2.056844
2561.6975,2026-06-03T14:55:06.049835,0.000000,2.056992
2562.2006,2026-06-03T14:55:06.552848,0.000000,2.057068
2562.7023,2026-06-03T14:55:07.054553,0.000000,2.056936
2563.1854,2026-06-03T14:55:07.537711,0.000000,2.056744
2563.6919,2026-06-03T14:55:08.044189,0.000000,2.056812
2564.2135,2026-06-03T14:55:08.565801,0.000000,2.057028
2564.7246,2026-06-03T14:55:09.076846,0.000000,2.057308
2565.2232,2026-06-03T14:55:09.575468,0.000000,2.057488
2565.7188,2026-06-03T14:55:10.071037,0.000000,2.057540
2566.2129,2026-06-03T14:55:10.565192,0.000000,2.057492
2566.7005,2026-06-03T14:55:11.052766,0.000000,2.057492
2567.1994,2026-06-03T14:55:11.551719,0.000000,2.057376
2567.6930,2026-06-03T14:55:12.045272,0.000000,2.057196
2568.2148,2026-06-03T14:55:12.567059,0.000000,2.056892
2568.7146,2026-06-03T14:55:13.066937,0.000000,2.056684
2569.1995,2026-06-03T14:55:13.551765,0.000000,2.056832
2569.6896,2026-06-03T14:55:14.041867,0.000000,2.056956
2570.1947,2026-06-03T14:55:14.546991,0.000000,2.056996
2570.6900,2026-06-03T14:55:15.042255,0.000000,2.057188
2571.1910,2026-06-03T14:55:15.543249,0.000000,2.057076
2571.6753,2026-06-03T14:55:16.027550,0.000000,2.056764
2572.1689,2026-06-03T14:55:16.521158,0.000000,2.057056
2572.6688,2026-06-03T14:55:17.021109,0.000000,2.057368
2573.1727,2026-06-03T14:55:17.525023,0.000000,2.057556
2573.6583,2026-06-03T14:55:18.010617,0.000000,2.058328
2574.1503,2026-06-03T14:55:18.502557,0.000000,2.058872
2574.6521,2026-06-03T14:55:19.004402,0.000000,2.058796
2575.1515,2026-06-03T14:55:19.503764,0.000000,2.059308
2575.6749,2026-06-03T14:55:20.027135,0.000000,2.059212
2576.1714,2026-06-03T14:55:20.523699,0.000000,2.058900
2576.6622,2026-06-03T14:55:21.014465,0.000000,2.058856
2577.1672,2026-06-03T14:55:21.519500,0.000000,2.058356
2577.6651,2026-06-03T14:55:22.017433,0.000000,2.058320
2578.1586,2026-06-03T14:55:22.510826,0.000000,2.058404
2578.6562,2026-06-03T14:55:23.008511,0.000000,2.058568
2579.1207,2026-06-03T14:55:23.473041,0.000000,2.058576
2579.6033,2026-06-03T14:55:23.955582,0.000000,2.058276
2580.1047,2026-06-03T14:55:24.457032,0.000000,2.057920
2580.6052,2026-06-03T14:55:24.957494,0.000000,2.057860
2581.1087,2026-06-03T14:55:25.461007,0.000000,2.058032
2581.6061,2026-06-03T14:55:25.958396,0.000000,2.058400
2582.1007,2026-06-03T14:55:26.453034,0.000000,2.058560
2582.6062,2026-06-03T14:55:26.958533,0.000000,2.058524
2583.1366,2026-06-03T14:55:27.488895,0.000000,2.059080
2583.6085,2026-06-03T14:55:27.960773,0.000000,2.059236
2584.1047,2026-06-03T14:55:28.456975,0.000000,2.059900
2584.6087,2026-06-03T14:55:28.960965,0.000000,2.060668
2585.1076,2026-06-03T14:55:29.459915,0.000000,2.060836
2585.6110,2026-06-03T14:55:29.963277,0.000000,2.061092
2586.1130,2026-06-03T14:55:30.465287,0.000000,2.060696
2586.6126,2026-06-03T14:55:30.964899,0.000000,2.060248
2587.0968,2026-06-03T14:55:31.449097,0.000000,2.060184
2587.5899,2026-06-03T14:55:31.942172,0.000000,2.060404
2588.0903,2026-06-03T14:55:32.442605,0.000000,2.060592
2588.5963,2026-06-03T14:55:32.948580,0.000000,2.060868
2589.0844,2026-06-03T14:55:33.436667,0.000000,2.060780
2589.5885,2026-06-03T14:55:33.940787,0.000000,2.060876
2590.0853,2026-06-03T14:55:34.437614,0.000000,2.061328
2590.5943,2026-06-03T14:55:34.946617,0.000000,2.061296
2591.0628,2026-06-03T14:55:35.415086,0.000000,2.061744
2591.5628,2026-06-03T14:55:35.915069,0.000000,2.061860
2592.0596,2026-06-03T14:55:36.411860,0.000000,2.061784
2592.5546,2026-06-03T14:55:36.906887,0.000000,2.062072
2593.0568,2026-06-03T14:55:37.409062,0.000000,2.062136
2593.5513,2026-06-03T14:55:37.903567,0.000000,2.062380
2594.0610,2026-06-03T14:55:38.413336,0.000000,2.062668
2594.5605,2026-06-03T14:55:38.912784,0.000000,2.062744
2595.0560,2026-06-03T14:55:39.408286,0.000000,2.062820
2595.5526,2026-06-03T14:55:39.904843,0.000000,2.062668
2596.0374,2026-06-03T14:55:40.389656,0.000000,2.062888
2596.5406,2026-06-03T14:55:40.892889,0.000000,2.063076
2597.0442,2026-06-03T14:55:41.396434,0.000000,2.063360
2597.5431,2026-06-03T14:55:41.895430,0.000000,2.063552
2598.0717,2026-06-03T14:55:42.423969,0.000000,2.063268
2598.5609,2026-06-03T14:55:42.913183,0.000000,2.063320
2599.0683,2026-06-03T14:55:43.420567,0.000000,2.063136
2599.5646,2026-06-03T14:55:43.916913,0.000000,2.063144
2600.0643,2026-06-03T14:55:44.416587,0.000000,2.063712
2600.5630,2026-06-03T14:55:44.915299,0.000000,2.063912
2601.0766,2026-06-03T14:55:45.428869,0.000000,2.063868
2601.5755,2026-06-03T14:55:45.927794,0.000000,2.064312
2602.0939,2026-06-03T14:55:46.446141,0.000000,2.064584
2602.6005,2026-06-03T14:55:46.952785,0.000000,2.064844
2603.1046,2026-06-03T14:55:47.456926,0.000000,2.065456
2603.5937,2026-06-03T14:55:47.946020,0.000000,2.065504
2604.1003,2026-06-03T14:55:48.452591,0.000000,2.065080
2604.6284,2026-06-03T14:55:48.980755,0.000000,2.064608
2605.1285,2026-06-03T14:55:49.480837,0.000000,2.064368
2605.6272,2026-06-03T14:55:49.979447,0.000000,2.064068
2606.1210,2026-06-03T14:55:50.473319,0.000000,2.064180
2606.6202,2026-06-03T14:55:50.972492,0.000000,2.064560
2607.0852,2026-06-03T14:55:51.437510,0.000000,2.064492
2607.5821,2026-06-03T14:55:51.934374,0.000000,2.064780
2608.0839,2026-06-03T14:55:52.436182,0.000000,2.064872
2608.5937,2026-06-03T14:55:52.945996,0.000000,2.064736
2609.0887,2026-06-03T14:55:53.440994,0.000000,2.064784
2609.5843,2026-06-03T14:55:53.936582,0.000000,2.064672
2610.0817,2026-06-03T14:55:54.433938,0.000000,2.064676
2610.5773,2026-06-03T14:55:54.929545,0.000000,2.064840
2611.0756,2026-06-03T14:55:55.427891,0.000000,2.065392
2611.5757,2026-06-03T14:55:55.927962,0.000000,2.066008
2612.0881,2026-06-03T14:55:56.440398,0.000000,2.066512
2612.6002,2026-06-03T14:55:56.952539,0.000000,2.066796
2613.0879,2026-06-03T14:55:57.440156,0.000000,2.066916
2613.5651,2026-06-03T14:55:57.917409,0.000000,2.067312
2614.0654,2026-06-03T14:55:58.417709,0.000000,2.067564
2614.5629,2026-06-03T14:55:58.915216,0.000000,2.067916
2615.0817,2026-06-03T14:55:59.433980,0.000000,2.068052
2615.5792,2026-06-03T14:55:59.931494,0.000000,2.068116
2616.0784,2026-06-03T14:56:00.430652,0.000000,2.068368
2616.5565,2026-06-03T14:56:00.908763,0.000000,2.068736
2617.0355,2026-06-03T14:56:01.387744,0.000000,2.068664
2617.5103,2026-06-03T14:56:01.862587,0.000000,2.068408
2618.0081,2026-06-03T14:56:02.360416,0.000000,2.067960
2618.5046,2026-06-03T14:56:02.856852,0.000000,2.067724
2619.0094,2026-06-03T14:56:03.361656,0.000000,2.067620
2619.5085,2026-06-03T14:56:03.860801,0.000000,2.067488
2620.0114,2026-06-03T14:56:04.363664,0.000000,2.067788
2620.4852,2026-06-03T14:56:04.837524,0.000000,2.067776
2620.9728,2026-06-03T14:56:05.325099,0.000000,2.068060
2621.4718,2026-06-03T14:56:05.824093,0.000000,2.068432
2621.9461,2026-06-03T14:56:06.298413,0.000000,2.068632
2622.4379,2026-06-03T14:56:06.790198,0.000000,2.068940
2622.9356,2026-06-03T14:56:07.287838,0.000000,2.068812
2623.4304,2026-06-03T14:56:07.782680,0.000000,2.068612
2623.9484,2026-06-03T14:56:08.300663,0.000000,2.068308
2624.4520,2026-06-03T14:56:08.804298,0.000000,2.068196
2624.9442,2026-06-03T14:56:09.296510,0.000000,2.068416
2625.4446,2026-06-03T14:56:09.796871,0.000000,2.068288
2625.9170,2026-06-03T14:56:10.269304,0.000000,2.068576
2626.3938,2026-06-03T14:56:10.746050,0.000000,2.068756
2626.8607,2026-06-03T14:56:11.212957,0.000000,2.068780
2627.3638,2026-06-03T14:56:11.716040,0.000000,2.069316
2627.8635,2026-06-03T14:56:12.215801,0.000000,2.069456
2628.3518,2026-06-03T14:56:12.704110,0.000000,2.069392
2628.8438,2026-06-03T14:56:13.196128,0.000000,2.069320
2629.3686,2026-06-03T14:56:13.720901,0.000000,2.069284
2629.8354,2026-06-03T14:56:14.187665,0.000000,2.069456
2630.3336,2026-06-03T14:56:14.685907,0.000000,2.069500
2630.8292,2026-06-03T14:56:15.181448,0.000000,2.070056
2631.3308,2026-06-03T14:56:15.683133,0.000000,2.070124
2631.8296,2026-06-03T14:56:16.181861,0.000000,2.070512
2632.3680,2026-06-03T14:56:16.720304,0.000000,2.070656
2632.8587,2026-06-03T14:56:17.210984,0.000000,2.070260
2633.3158,2026-06-03T14:56:17.668070,0.000000,2.070052
2633.7978,2026-06-03T14:56:18.150138,0.000000,2.069648
2634.3014,2026-06-03T14:56:18.653742,0.000000,2.069744
2634.7892,2026-06-03T14:56:19.141475,0.000000,2.070156
2635.2811,2026-06-03T14:56:19.633433,0.000000,2.070764
2635.7689,2026-06-03T14:56:20.121170,0.000000,2.071368
2636.2688,2026-06-03T14:56:20.621070,0.000000,2.071760
2636.7539,2026-06-03T14:56:21.106210,0.000000,2.071888
2637.2478,2026-06-03T14:56:21.600137,0.000000,2.072028
2637.7709,2026-06-03T14:56:22.123145,0.000000,2.071908
2638.2678,2026-06-03T14:56:22.620123,0.000000,2.072044
2638.7674,2026-06-03T14:56:23.119697,0.000000,2.072360
2639.2519,2026-06-03T14:56:23.604222,0.000000,2.072572
2639.7535,2026-06-03T14:56:24.105771,0.000000,2.072652
2640.2608,2026-06-03T14:56:24.613051,0.000000,2.072608
2640.7591,2026-06-03T14:56:25.111418,0.000000,2.072308
2641.2516,2026-06-03T14:56:25.603890,0.000000,2.071812
2641.7437,2026-06-03T14:56:26.095975,0.000000,2.071628
2642.2375,2026-06-03T14:56:26.589768,0.000000,2.071672
2642.7101,2026-06-03T14:56:27.062390,0.000000,2.072096
2643.2084,2026-06-03T14:56:27.560671,0.000000,2.072596
2643.7003,2026-06-03T14:56:28.052559,0.000000,2.072780
2644.1849,2026-06-03T14:56:28.537187,0.000000,2.073184
2644.6854,2026-06-03T14:56:29.037673,0.000000,2.073444
2645.1835,2026-06-03T14:56:29.535796,0.000000,2.073860
2645.7040,2026-06-03T14:56:30.056275,0.000000,2.074512
2646.2048,2026-06-03T14:56:30.557075,0.000000,2.075040
2646.7045,2026-06-03T14:56:31.056765,0.000000,2.075116
2647.2045,2026-06-03T14:56:31.556790,0.000000,2.075040
2647.7064,2026-06-03T14:56:32.058729,0.000000,2.075396
2648.2060,2026-06-03T14:56:32.558251,0.000000,2.075372
2648.6655,2026-06-03T14:56:33.017825,0.000000,2.075892
2649.1330,2026-06-03T14:56:33.485261,0.000000,2.075796
2649.6352,2026-06-03T14:56:33.987518,0.000000,2.075272
2650.1353,2026-06-03T14:56:34.487578,0.000000,2.075092
2650.6280,2026-06-03T14:56:34.980270,0.000000,2.074768
2651.0930,2026-06-03T14:56:35.445313,0.000000,2.075168
2651.5757,2026-06-03T14:56:35.927978,0.000000,2.075828
2652.0704,2026-06-03T14:56:36.422730,0.000000,2.076396
2652.5556,2026-06-03T14:56:36.907920,0.000000,2.076896
2653.0584,2026-06-03T14:56:37.410683,0.000000,2.076804
2653.5559,2026-06-03T14:56:37.908228,0.000000,2.076880
2654.0559,2026-06-03T14:56:38.408169,0.000000,2.076856
2654.5683,2026-06-03T14:56:38.920595,0.000000,2.076848
2655.0761,2026-06-03T14:56:39.428431,0.000000,2.077300
2655.5696,2026-06-03T14:56:39.921860,0.000000,2.077412
2656.0690,2026-06-03T14:56:40.421279,0.000000,2.077328
2656.5624,2026-06-03T14:56:40.914685,0.000000,2.077744
2657.0808,2026-06-03T14:56:41.433086,0.000000,2.078244
2657.5863,2026-06-03T14:56:41.938572,0.000000,2.078764
2658.0811,2026-06-03T14:56:42.433439,0.000000,2.079276
2658.5459,2026-06-03T14:56:42.898201,0.000000,2.079624
2659.0153,2026-06-03T14:56:43.367605,0.000000,2.079892
2659.4868,2026-06-03T14:56:43.839077,0.000000,2.080012
2659.9684,2026-06-03T14:56:44.320673,0.000000,2.080204
2660.4326,2026-06-03T14:56:44.784902,0.000000,2.080116
2660.9350,2026-06-03T14:56:45.287250,0.000000,2.080160
2661.4353,2026-06-03T14:56:45.787565,0.000000,2.080360
2661.9300,2026-06-03T14:56:46.282276,0.000000,2.080640
2662.4348,2026-06-03T14:56:46.787052,0.000000,2.080924
2662.9599,2026-06-03T14:56:47.312181,0.000000,2.080548
2663.4673,2026-06-03T14:56:47.819556,0.000000,2.080272
2663.9682,2026-06-03T14:56:48.320471,0.000000,2.080040
2664.4716,2026-06-03T14:56:48.823888,0.000000,2.080064
2664.9770,2026-06-03T14:56:49.329241,0.000000,2.080760
2665.4771,2026-06-03T14:56:49.829379,0.000000,2.081216
2665.9687,2026-06-03T14:56:50.320968,0.000000,2.081660
2666.4699,2026-06-03T14:56:50.822152,0.000000,2.082324
2666.9576,2026-06-03T14:56:51.309930,0.000000,2.082728
2667.4589,2026-06-03T14:56:51.811153,0.000000,2.083280
2667.9504,2026-06-03T14:56:52.302705,0.000000,2.083412
2668.4515,2026-06-03T14:56:52.803794,0.000000,2.083148
2668.9435,2026-06-03T14:56:53.295809,0.000000,2.082680
2669.4179,2026-06-03T14:56:53.770207,0.000000,2.082708
2669.8994,2026-06-03T14:56:54.251642,0.000000,2.083100
2670.4018,2026-06-03T14:56:54.754143,0.000000,2.083608
2670.9192,2026-06-03T14:56:55.271476,0.000000,2.084236
2671.4186,2026-06-03T14:56:55.770924,0.000000,2.084464
2671.9227,2026-06-03T14:56:56.274927,0.000000,2.084716
2672.4227,2026-06-03T14:56:56.775002,0.000000,2.085284
2672.9480,2026-06-03T14:56:57.300314,0.000000,2.085996
2673.4434,2026-06-03T14:56:57.795687,0.000000,2.086600
2673.9441,2026-06-03T14:56:58.296390,0.000000,2.087132
2674.4239,2026-06-03T14:56:58.776151,0.000000,2.087164
2674.8985,2026-06-03T14:56:59.250807,0.000000,2.087096
2675.3690,2026-06-03T14:56:59.721288,0.000000,2.087048
2675.8682,2026-06-03T14:57:00.220508,0.000000,2.087348
2676.3711,2026-06-03T14:57:00.723344,0.000000,2.087632
2676.8703,2026-06-03T14:57:01.222548,0.000000,2.087792
2677.3661,2026-06-03T14:57:01.718365,0.000000,2.088196
2677.8685,2026-06-03T14:57:02.220785,0.000000,2.088000
2678.3850,2026-06-03T14:57:02.737283,0.000000,2.087872
2678.8853,2026-06-03T14:57:03.237627,0.000000,2.088252
2679.3665,2026-06-03T14:57:03.718813,0.000000,2.088316
2679.8638,2026-06-03T14:57:04.216094,0.000000,2.088720
2680.3583,2026-06-03T14:57:04.710580,0.000000,2.089308
2680.8523,2026-06-03T14:57:05.204538,0.000000,2.089600
2681.3604,2026-06-03T14:57:05.712645,0.000000,2.090004
2681.8578,2026-06-03T14:57:06.210133,0.000000,2.090188
2682.3579,2026-06-03T14:57:06.710192,0.000000,2.090480
2682.8184,2026-06-03T14:57:07.170649,0.000000,2.090700
2683.3159,2026-06-03T14:57:07.668239,0.000000,2.090728
2683.8111,2026-06-03T14:57:08.163395,0.000000,2.091272
2684.3101,2026-06-03T14:57:08.662378,0.000000,2.091376
2684.8103,2026-06-03T14:57:09.162560,0.000000,2.091652
2685.3084,2026-06-03T14:57:09.660712,0.000000,2.091908
2685.8041,2026-06-03T14:57:10.156418,0.000000,2.091560
2686.3305,2026-06-03T14:57:10.682824,0.000000,2.091708
2686.8284,2026-06-03T14:57:11.180677,0.000000,2.091620
2687.3268,2026-06-03T14:57:11.679119,0.000000,2.091628
2687.8289,2026-06-03T14:57:12.181161,0.000000,2.091992
2688.3543,2026-06-03T14:57:12.706619,0.000000,2.092192
2688.8444,2026-06-03T14:57:13.196648,0.000000,2.092336
2689.3505,2026-06-03T14:57:13.702807,0.000000,2.092780
2689.8542,2026-06-03T14:57:14.206529,0.000000,2.093144
2690.3344,2026-06-03T14:57:14.686687,0.000000,2.093552
2690.8348,2026-06-03T14:57:15.187074,0.000000,2.093980
2691.2979,2026-06-03T14:57:15.650169,0.000000,2.094188
2691.7645,2026-06-03T14:57:16.116759,0.000000,2.094496
2692.2588,2026-06-03T14:57:16.611075,0.000000,2.094780
2692.7228,2026-06-03T14:57:17.075047,0.000000,2.095068
2693.2221,2026-06-03T14:57:17.574346,0.000000,2.095548
2693.7227,2026-06-03T14:57:18.074965,0.000000,2.095932
2694.2464,2026-06-03T14:57:18.598648,0.000000,2.096116
2694.7585,2026-06-03T14:57:19.110790,0.000000,2.096576
2695.2496,2026-06-03T14:57:19.601850,0.000000,2.096816
2695.7474,2026-06-03T14:57:20.099692,0.000000,2.097108
2696.2707,2026-06-03T14:57:20.622951,0.000000,2.097320
2696.7746,2026-06-03T14:57:21.126932,0.000000,2.097396
2697.2731,2026-06-03T14:57:21.625410,0.000000,2.097472
2697.7521,2026-06-03T14:57:22.104418,0.000000,2.097520
2698.2542,2026-06-03T14:57:22.606540,0.000000,2.098012
2698.7585,2026-06-03T14:57:23.110798,0.000000,2.098304
2699.2566,2026-06-03T14:57:23.608851,0.000000,2.098524
2699.7602,2026-06-03T14:57:24.112461,0.000000,2.099312
2700.2832,2026-06-03T14:57:24.635513,0.000000,2.100300
2700.7810,2026-06-03T14:57:25.133342,0.000000,2.101300
2701.2824,2026-06-03T14:57:25.634651,0.000000,2.102472
2701.7673,2026-06-03T14:57:26.119600,0.000000,2.102552
2702.2596,2026-06-03T14:57:26.611918,0.000000,2.102532
2702.7625,2026-06-03T14:57:27.114782,0.000000,2.102588
2703.2596,2026-06-03T14:57:27.611921,0.000000,2.102452
2703.7603,2026-06-03T14:57:28.112579,0.000000,2.102984
2704.2547,2026-06-03T14:57:28.607028,0.000000,2.103256
2704.7480,2026-06-03T14:57:29.100339,0.000000,2.103520
2705.2458,2026-06-03T14:57:29.598038,0.000000,2.103848
2705.7457,2026-06-03T14:57:30.097957,0.000000,2.104008
2706.2397,2026-06-03T14:57:30.592038,0.000000,2.104452
2706.7464,2026-06-03T14:57:31.098739,0.000000,2.105212
2707.2716,2026-06-03T14:57:31.623883,0.000000,2.105956
2707.7686,2026-06-03T14:57:32.120851,0.000000,2.106896
2708.2733,2026-06-03T14:57:32.625561,0.000000,2.107424
2708.7708,2026-06-03T14:57:33.123066,0.000000,2.107736
2709.2714,2026-06-03T14:57:33.623672,0.000000,2.108112
2709.7749,2026-06-03T14:57:34.127182,0.000000,2.108560
2710.2823,2026-06-03T14:57:34.634557,0.000000,2.109288
2710.7772,2026-06-03T14:57:35.129507,0.000000,2.109984
2711.3023,2026-06-03T14:57:35.654608,0.000000,2.110256
2711.7957,2026-06-03T14:57:36.148013,0.000000,2.110272
2712.2853,2026-06-03T14:57:36.637556,0.000000,2.109996
2712.7842,2026-06-03T14:57:37.136439,0.000000,2.110000
2713.2850,2026-06-03T14:57:37.637340,0.000000,2.110444
2713.7749,2026-06-03T14:57:38.127190,0.000000,2.110712
2714.2920,2026-06-03T14:57:38.644289,0.000000,2.111264
2714.7847,2026-06-03T14:57:39.137000,0.000000,2.111464
2715.2810,2026-06-03T14:57:39.633315,0.000000,2.111812
2715.7768,2026-06-03T14:57:40.129109,0.000000,2.112440
2716.2743,2026-06-03T14:57:40.626614,0.000000,2.112828
2716.7701,2026-06-03T14:57:41.122417,0.000000,2.113008
2717.2819,2026-06-03T14:57:41.634188,0.000000,2.113624
2717.7822,2026-06-03T14:57:42.134523,0.000000,2.114092
2718.2751,2026-06-03T14:57:42.627395,0.000000,2.114480
2718.7791,2026-06-03T14:57:43.131404,0.000000,2.114968
2719.2514,2026-06-03T14:57:43.603708,0.000000,2.115000
2719.7301,2026-06-03T14:57:44.082391,0.000000,2.115164
2720.2001,2026-06-03T14:57:44.552348,0.000000,2.115692
2720.6997,2026-06-03T14:57:45.052038,0.000000,2.116028
2721.2036,2026-06-03T14:57:45.555926,0.000000,2.116452
2721.7021,2026-06-03T14:57:46.054390,0.000000,2.116692
2722.1855,2026-06-03T14:57:46.537776,0.000000,2.116644
2722.6893,2026-06-03T14:57:47.041566,0.000000,2.116716
2723.1805,2026-06-03T14:57:47.532781,0.000000,2.116948
2723.6864,2026-06-03T14:57:48.038664,0.000000,2.117260
2724.1845,2026-06-03T14:57:48.536750,0.000000,2.117740
2724.6890,2026-06-03T14:57:49.041276,0.000000,2.118300
2725.1775,2026-06-03T14:57:49.529730,0.000000,2.118696
2725.7024,2026-06-03T14:57:50.054661,0.000000,2.119220
2726.1933,2026-06-03T14:57:50.545542,0.000000,2.119728
2726.6834,2026-06-03T14:57:51.035735,0.000000,2.120232
2727.1849,2026-06-03T14:57:51.537225,0.000000,2.120908
2727.6895,2026-06-03T14:57:52.041819,0.000000,2.121744
2728.1885,2026-06-03T14:57:52.540797,0.000000,2.122900
2728.6911,2026-06-03T14:57:53.043439,0.000000,2.123776
2729.1864,2026-06-03T14:57:53.538697,0.000000,2.124596
2729.7098,2026-06-03T14:57:54.062090,0.000000,2.125096
2730.2025,2026-06-03T14:57:54.554768,0.000000,2.125512
2730.6947,2026-06-03T14:57:55.047027,0.000000,2.126076
2731.1801,2026-06-03T14:57:55.532399,0.000000,2.126320
2731.6807,2026-06-03T14:57:56.032960,0.000000,2.126216
2732.1709,2026-06-03T14:57:56.523205,0.000000,2.126436
2732.6720,2026-06-03T14:57:57.024312,0.000000,2.126612
2733.1787,2026-06-03T14:57:57.530968,0.000000,2.126928
2733.6679,2026-06-03T14:57:58.020228,0.000000,2.127728
2734.1679,2026-06-03T14:57:58.520238,0.000000,2.128108
2734.6673,2026-06-03T14:57:59.019628,0.000000,2.128332
2735.1701,2026-06-03T14:57:59.522431,0.000000,2.128908
2735.6639,2026-06-03T14:58:00.016152,0.000000,2.129320
2736.1538,2026-06-03T14:58:00.506118,0.000000,2.129712
2736.6452,2026-06-03T14:58:00.997442,0.000000,2.130428
2737.1423,2026-06-03T14:58:01.494638,0.000000,2.130712
2737.6713,2026-06-03T14:58:02.023621,0.000000,2.131236
2738.1832,2026-06-03T14:58:02.535457,0.000000,2.131704
2738.6609,2026-06-03T14:58:03.013197,0.000000,2.131692
2739.1578,2026-06-03T14:58:03.510122,0.000000,2.132364
2739.6750,2026-06-03T14:58:04.027327,0.000000,2.132908
2740.1499,2026-06-03T14:58:04.502183,0.000000,2.133364
2740.6500,2026-06-03T14:58:05.002266,0.000000,2.134292
2741.1350,2026-06-03T14:58:05.487331,0.000000,2.134988
2741.6351,2026-06-03T14:58:05.987410,0.000000,2.135900
2742.1279,2026-06-03T14:58:06.480175,0.000000,2.136864
2742.6349,2026-06-03T14:58:06.987204,0.000000,2.137632
2743.1251,2026-06-03T14:58:07.477348,0.000000,2.137900
2743.6268,2026-06-03T14:58:07.979075,0.000000,2.137940
2744.1261,2026-06-03T14:58:08.478347,0.000000,2.138536
2744.6545,2026-06-03T14:58:09.006831,0.000000,2.139008
2745.1515,2026-06-03T14:58:09.503831,0.000000,2.139612
2745.6490,2026-06-03T14:58:10.001308,0.000000,2.140344
2746.1501,2026-06-03T14:58:10.502392,0.000000,2.141192
2746.6511,2026-06-03T14:58:11.003341,0.000000,2.141668
2747.1462,2026-06-03T14:58:11.498537,0.000000,2.142268
2747.6544,2026-06-03T14:58:12.006725,0.000000,2.142552
2748.1169,2026-06-03T14:58:12.469224,0.000000,2.142340
2748.6166,2026-06-03T14:58:12.968899,0.000000,2.142400
2749.1163,2026-06-03T14:58:13.468578,0.000000,2.142480
2749.6225,2026-06-03T14:58:13.974779,0.000000,2.143008
2750.1179,2026-06-03T14:58:14.470199,0.000000,2.143936
2750.6140,2026-06-03T14:58:14.966258,0.000000,2.144816
2751.0718,2026-06-03T14:58:15.424126,0.000000,2.145588
2751.5471,2026-06-03T14:58:15.899397,0.000000,2.146036
2752.0465,2026-06-03T14:58:16.398771,0.000000,2.146684
2752.5461,2026-06-03T14:58:16.898393,0.000000,2.147088
2753.0739,2026-06-03T14:58:17.426234,0.000000,2.147860
2753.5752,2026-06-03T14:58:17.927524,0.000000,2.148260
2754.0681,2026-06-03T14:58:18.420418,0.000000,2.148260
2754.5571,2026-06-03T14:58:18.909334,0.000000,2.148472
2755.0575,2026-06-03T14:58:19.409787,0.000000,2.148528
2755.5721,2026-06-03T14:58:19.924342,0.000000,2.148928
2756.0658,2026-06-03T14:58:20.418110,0.000000,2.149676
2756.5526,2026-06-03T14:58:20.904868,0.000000,2.150132
2757.0557,2026-06-03T14:58:21.407959,0.000000,2.150496
2757.5545,2026-06-03T14:58:21.906776,0.000000,2.151104
2758.0558,2026-06-03T14:58:22.408136,0.000000,2.151492
2758.5539,2026-06-03T14:58:22.906177,0.000000,2.152064
2759.0613,2026-06-03T14:58:23.413558,0.000000,2.152628
2759.5783,2026-06-03T14:58:23.930541,0.000000,2.152984
2760.0873,2026-06-03T14:58:24.439587,0.000000,2.153580
2760.5875,2026-06-03T14:58:24.939759,0.000000,2.154392
2761.0573,2026-06-03T14:58:25.409633,0.000000,2.155184
2761.5517,2026-06-03T14:58:25.903947,0.000000,2.155628
2762.0752,2026-06-03T14:58:26.427470,0.000000,2.155820
2762.5641,2026-06-03T14:58:26.916350,0.000000,2.155868
2763.0724,2026-06-03T14:58:27.424698,0.000000,2.156084
2763.5795,2026-06-03T14:58:27.931778,0.000000,2.156748
2764.0724,2026-06-03T14:58:28.424726,0.000000,2.157232
2764.5723,2026-06-03T14:58:28.924591,0.000000,2.157908
2765.0753,2026-06-03T14:58:29.427543,0.000000,2.158460
2765.5789,2026-06-03T14:58:29.931214,0.000000,2.158868
2766.0957,2026-06-03T14:58:30.447980,0.000000,2.159680
2766.6037,2026-06-03T14:58:30.956007,0.000000,2.160524
2767.0979,2026-06-03T14:58:31.450140,0.000000,2.161584
2767.5927,2026-06-03T14:58:31.944977,0.000000,2.162560
2768.0583,2026-06-03T14:58:32.410580,0.000000,2.163500
2768.5594,2026-06-03T14:58:32.911674,0.000000,2.164000
2769.0546,2026-06-03T14:58:33.406868,0.000000,2.164484
2769.5516,2026-06-03T14:58:33.903873,0.000000,2.164824
2770.0165,2026-06-03T14:58:34.368756,0.000000,2.164872
2770.4860,2026-06-03T14:58:34.838258,0.000000,2.165148
2770.9732,2026-06-03T14:58:35.325484,0.000000,2.165652
2771.4619,2026-06-03T14:58:35.814154,0.000000,2.165880
2771.9330,2026-06-03T14:58:36.285240,0.000000,2.166216
2772.3986,2026-06-03T14:58:36.750920,0.000000,2.166780
2772.8869,2026-06-03T14:58:37.239146,0.000000,2.167252
2773.3521,2026-06-03T14:58:37.704367,0.000000,2.167724
2773.8437,2026-06-03T14:58:38.195979,0.000000,2.168216
2774.3420,2026-06-03T14:58:38.694300,0.000000,2.168768
2774.8155,2026-06-03T14:58:39.167801,0.000000,2.169184
2775.3109,2026-06-03T14:58:39.663198,0.000000,2.169612
2775.8115,2026-06-03T14:58:40.163831,0.000000,2.169920
2776.2845,2026-06-03T14:58:40.636752,0.000000,2.170184
2776.7956,2026-06-03T14:58:41.147872,0.000000,2.170468
2777.2859,2026-06-03T14:58:41.638183,0.000000,2.170580
2777.7816,2026-06-03T14:58:42.133921,0.000000,2.171288
2778.2457,2026-06-03T14:58:42.597948,0.000000,2.172044
2778.7421,2026-06-03T14:58:43.094380,0.000000,2.172928
2779.2307,2026-06-03T14:58:43.582951,0.000000,2.174036
2779.7244,2026-06-03T14:58:44.076715,0.000000,2.174636
2780.2160,2026-06-03T14:58:44.568309,0.000000,2.174980
2780.7185,2026-06-03T14:58:45.070756,0.000000,2.175348
2781.2139,2026-06-03T14:58:45.566152,0.000000,2.175260
2781.7391,2026-06-03T14:58:46.091420,0.000000,2.175436
2782.2155,2026-06-03T14:58:46.567806,0.000000,2.175836
2782.7149,2026-06-03T14:58:47.067149,0.000000,2.176140
2783.2164,2026-06-03T14:58:47.568743,0.000000,2.176884
2783.7238,2026-06-03T14:58:48.076049,0.000000,2.177400
2784.2247,2026-06-03T14:58:48.577040,0.000000,2.177940
2784.7255,2026-06-03T14:58:49.077768,0.000000,2.178304
2785.1958,2026-06-03T14:58:49.548054,0.000000,2.178564
2785.6893,2026-06-03T14:58:50.041550,0.000000,2.178952
2786.1882,2026-06-03T14:58:50.540452,0.000000,2.179288
2786.6784,2026-06-03T14:58:51.030715,0.000000,2.180108
2787.1733,2026-06-03T14:58:51.525624,0.000000,2.180552
2787.6469,2026-06-03T14:58:51.999198,0.000000,2.181024
2788.1210,2026-06-03T14:58:52.473322,0.000000,2.181244
2788.6180,2026-06-03T14:58:52.970257,0.000000,2.181148
2789.1170,2026-06-03T14:58:53.469311,0.000000,2.181588
2789.6200,2026-06-03T14:58:53.972277,0.000000,2.181800
2790.1148,2026-06-03T14:58:54.467103,0.000000,2.182168
2790.6356,2026-06-03T14:58:54.987908,0.000000,2.182980
2791.1328,2026-06-03T14:58:55.485080,0.000000,2.183444
2791.6337,2026-06-03T14:58:55.986023,0.000000,2.184524
2792.1435,2026-06-03T14:58:56.495799,0.000000,2.185588
2792.6681,2026-06-03T14:58:57.020440,0.000000,2.186300
2793.1729,2026-06-03T14:58:57.525216,0.000000,2.186972
2793.6712,2026-06-03T14:58:58.023460,0.000000,2.187224
2794.1685,2026-06-03T14:58:58.520830,0.000000,2.187444
2794.6677,2026-06-03T14:58:59.020014,0.000000,2.187496
2795.1597,2026-06-03T14:58:59.512033,0.000000,2.187592
2795.6499,2026-06-03T14:59:00.002177,0.000000,2.187852
2796.1315,2026-06-03T14:59:00.483814,0.000000,2.188072
2796.6209,2026-06-03T14:59:00.973231,0.000000,2.188176
2797.1482,2026-06-03T14:59:01.500469,0.000000,2.188756
2797.6485,2026-06-03T14:59:02.000793,0.000000,2.189340
2798.1515,2026-06-03T14:59:02.503767,0.000000,2.189816
2798.6545,2026-06-03T14:59:03.006779,0.000000,2.190580
2799.1689,2026-06-03T14:59:03.521213,0.000000,2.191144
2799.6673,2026-06-03T14:59:04.019582,0.000000,2.191516
2800.1678,2026-06-03T14:59:04.520121,0.000000,2.191856
2800.6723,2026-06-03T14:59:05.024629,0.000000,2.191972
2801.1623,2026-06-03T14:59:05.514568,0.000000,2.192108
2801.6429,2026-06-03T14:59:05.995213,0.000000,2.192312
2802.1415,2026-06-03T14:59:06.493837,0.000000,2.192716
2802.6153,2026-06-03T14:59:06.967635,0.000000,2.193044
2803.1014,2026-06-03T14:59:07.453646,0.000000,2.193240
2803.5878,2026-06-03T14:59:07.940114,0.000000,2.193440
2804.0798,2026-06-03T14:59:08.432080,0.000000,2.193708
2804.5748,2026-06-03T14:59:08.927067,0.000000,2.194044
2805.0955,2026-06-03T14:59:09.447785,0.000000,2.194420
2805.5822,2026-06-03T14:59:09.934443,0.000000,2.194792
2806.0779,2026-06-03T14:59:10.430233,0.000000,2.194900
2806.5675,2026-06-03T14:59:10.919772,0.000000,2.194968
2807.0697,2026-06-03T14:59:11.421952,0.000000,2.195512
2807.5882,2026-06-03T14:59:11.940512,0.000000,2.196184
2808.1014,2026-06-03T14:59:12.453682,0.000000,2.196744
2808.5907,2026-06-03T14:59:12.942950,0.000000,2.197360
2809.0801,2026-06-03T14:59:13.432404,0.000000,2.197404
2809.5425,2026-06-03T14:59:13.894792,0.000000,2.197212
2810.0377,2026-06-03T14:59:14.390011,0.000000,2.197492
2810.5345,2026-06-03T14:59:14.886798,0.000000,2.197432
2811.0049,2026-06-03T14:59:15.357236,0.000000,2.197692
2811.4650,2026-06-03T14:59:15.817295,0.000000,2.197796
2811.9592,2026-06-03T14:59:16.311534,0.000000,2.197808
2812.4643,2026-06-03T14:59:16.816605,0.000000,2.197724
2812.9608,2026-06-03T14:59:17.313084,0.000000,2.197796
2813.4513,2026-06-03T14:59:17.803595,0.000000,2.198236
2813.9542,2026-06-03T14:59:18.306529,0.000000,2.198668
2814.4541,2026-06-03T14:59:18.806391,0.000000,2.199476
2814.9499,2026-06-03T14:59:19.302222,0.000000,2.200164
2815.4502,2026-06-03T14:59:19.802475,0.000000,2.200224
2815.9352,2026-06-03T14:59:20.287455,0.000000,2.200252
2816.4018,2026-06-03T14:59:20.754056,0.000000,2.200144
2816.9036,2026-06-03T14:59:21.255879,0.000000,2.199912
2817.3850,2026-06-03T14:59:21.737338,0.000000,2.200156
2817.8997,2026-06-03T14:59:22.251930,0.000000,2.200428
2818.3567,2026-06-03T14:59:22.709013,0.000000,2.200480
2818.8682,2026-06-03T14:59:23.220525,0.000000,2.200788
2819.3597,2026-06-03T14:59:23.712093,0.000000,2.201416
2819.8624,2026-06-03T14:59:24.214711,0.000000,2.202208
2820.3551,2026-06-03T14:59:24.707434,0.000000,2.202784
2820.8888,2026-06-03T14:59:25.241059,0.000000,2.203444
2821.3610,2026-06-03T14:59:25.713248,0.000000,2.203736
2821.8593,2026-06-03T14:59:26.211587,0.000000,2.203848
2822.3630,2026-06-03T14:59:26.715250,0.000000,2.204340
2822.8544,2026-06-03T14:59:27.206651,0.000000,2.204720
2823.3549,2026-06-03T14:59:27.707207,0.000000,2.205100
2823.8512,2026-06-03T14:59:28.203533,0.000000,2.205212
2824.3538,2026-06-03T14:59:28.706094,0.000000,2.205328
2824.8831,2026-06-03T14:59:29.235397,0.000000,2.205352
2825.3692,2026-06-03T14:59:29.721493,0.000000,2.205284
2825.8675,2026-06-03T14:59:30.219752,0.000000,2.205316
2826.3710,2026-06-03T14:59:30.723277,0.000000,2.205164
2826.8640,2026-06-03T14:59:31.216318,0.000000,2.205124
2827.3664,2026-06-03T14:59:31.718657,0.000000,2.205204
2827.8624,2026-06-03T14:59:32.214714,0.000000,2.205348
2828.3574,2026-06-03T14:59:32.709635,0.000000,2.205580
2828.8522,2026-06-03T14:59:33.204466,0.000000,2.205728
2829.3196,2026-06-03T14:59:33.671872,0.000000,2.206060
2829.8163,2026-06-03T14:59:34.168567,0.000000,2.205920
2830.3049,2026-06-03T14:59:34.657212,0.000000,2.205776
2830.7980,2026-06-03T14:59:35.150300,0.000000,2.205736
2831.2870,2026-06-03T14:59:35.639268,0.000000,2.205756
2831.7776,2026-06-03T14:59:36.129911,0.000000,2.206048
2832.2776,2026-06-03T14:59:36.629918,0.000000,2.206124
2832.7803,2026-06-03T14:59:37.132554,0.000000,2.206240
2833.3008,2026-06-03T14:59:37.653115,0.000000,2.206084
2833.7910,2026-06-03T14:59:38.143309,0.000000,2.205632
2834.2817,2026-06-03T14:59:38.633987,0.000000,2.205620
2834.7899,2026-06-03T14:59:39.142222,0.000000,2.205376
2835.2880,2026-06-03T14:59:39.640292,0.000000,2.205456
2835.8125,2026-06-03T14:59:40.164767,0.000000,2.205756
2836.3037,2026-06-03T14:59:40.656005,0.000000,2.206112
2836.8053,2026-06-03T14:59:41.157539,0.000000,2.206292
2837.3091,2026-06-03T14:59:41.661341,0.000000,2.206296
2837.8054,2026-06-03T14:59:42.157713,0.000000,2.206380
2838.3038,2026-06-03T14:59:42.656076,0.000000,2.206552
2838.8045,2026-06-03T14:59:43.156769,0.000000,2.207048
2839.2921,2026-06-03T14:59:43.644383,0.000000,2.207484
2839.8204,2026-06-03T14:59:44.172725,0.000000,2.208004
2840.3121,2026-06-03T14:59:44.664361,0.000000,2.208288
2840.8092,2026-06-03T14:59:45.161476,0.000000,2.208312
2841.2593,2026-06-03T14:59:45.611538,0.000000,2.208508
2841.7595,2026-06-03T14:59:46.111741,0.000000,2.208600
2842.2371,2026-06-03T14:59:46.589381,0.000000,2.208440
2842.7371,2026-06-03T14:59:47.089396,0.000000,2.208288
2843.2340,2026-06-03T14:59:47.586244,0.000000,2.208144
2843.7193,2026-06-03T14:59:48.071593,0.000000,2.207932
2844.2173,2026-06-03T14:59:48.569605,0.000000,2.207796
2844.6936,2026-06-03T14:59:49.045931,0.000000,2.207840
2845.1969,2026-06-03T14:59:49.549225,0.000000,2.207844
2845.6916,2026-06-03T14:59:50.043898,0.000000,2.207588
2846.1953,2026-06-03T14:59:50.547620,0.000000,2.207972
2846.6958,2026-06-03T14:59:51.048123,0.000000,2.208024
2847.1907,2026-06-03T14:59:51.542990,0.000000,2.208488
2847.6805,2026-06-03T14:59:52.032763,0.000000,2.208800
2848.1804,2026-06-03T14:59:52.532722,0.000000,2.208732
2848.6928,2026-06-03T14:59:53.045117,0.000000,2.208744
2849.1815,2026-06-03T14:59:53.533802,0.000000,2.208584
2849.6661,2026-06-03T14:59:54.018346,0.000000,2.208588
2850.1695,2026-06-03T14:59:54.521766,0.000000,2.208628
2850.6635,2026-06-03T14:59:55.015739,0.000000,2.208724
2851.1634,2026-06-03T14:59:55.515702,0.000000,2.208272
2851.6556,2026-06-03T14:59:56.007909,0.000000,2.208372
2852.1611,2026-06-03T14:59:56.513346,0.000000,2.208312
2852.6637,2026-06-03T14:59:57.015996,0.000000,2.208436
2853.1580,2026-06-03T14:59:57.510244,0.000000,2.208892
2853.6422,2026-06-03T14:59:57.994502,0.000000,2.208844
2854.1409,2026-06-03T14:59:58.493147,0.000000,2.208800
2854.6404,2026-06-03T14:59:58.992728,0.000000,2.208708
2855.1328,2026-06-03T14:59:59.485081,0.000000,2.208328
2855.6323,2026-06-03T14:59:59.984599,0.000000,2.208184
2856.1511,2026-06-03T15:00:00.503385,0.000000,2.207920
2856.6518,2026-06-03T15:00:01.004112,0.000000,2.207720
2857.1437,2026-06-03T15:00:01.495997,0.000000,2.207784
2857.6522,2026-06-03T15:00:02.004486,0.000000,2.207700
2858.1526,2026-06-03T15:00:02.504859,0.000000,2.208116
2858.6617,2026-06-03T15:00:03.014023,0.000000,2.208468
2859.1596,2026-06-03T15:00:03.511845,0.000000,2.208816
2859.6758,2026-06-03T15:00:04.028090,0.000000,2.208828
2860.1622,2026-06-03T15:00:04.514524,0.000000,2.208648
2860.6629,2026-06-03T15:00:05.015202,0.000000,2.208016
2861.1599,2026-06-03T15:00:05.512147,0.000000,2.207608
2861.6611,2026-06-03T15:00:06.013333,0.000000,2.207400
2862.1840,2026-06-03T15:00:06.536335,0.000000,2.206880
2862.6852,2026-06-03T15:00:07.037523,0.000000,2.206808
2863.1880,2026-06-03T15:00:07.540295,0.000000,2.206692
2863.6902,2026-06-03T15:00:08.042464,0.000000,2.206788
2864.1798,2026-06-03T15:00:08.532134,0.000000,2.206928
2864.6760,2026-06-03T15:00:09.028304,0.000000,2.206900
2865.1617,2026-06-03T15:00:09.514036,0.000000,2.206500
2865.6641,2026-06-03T15:00:10.016409,0.000000,2.205700
2866.1595,2026-06-03T15:00:10.511762,0.000000,2.205076
2866.6848,2026-06-03T15:00:11.037090,0.000000,2.204356
2867.1846,2026-06-03T15:00:11.536861,0.000000,2.203900
2867.6838,2026-06-03T15:00:12.036142,0.000000,2.203888
2868.1761,2026-06-03T15:00:12.528400,0.000000,2.204156
2868.6766,2026-06-03T15:00:13.028879,0.000000,2.204064
2869.1839,2026-06-03T15:00:13.536209,0.000000,2.203756
2869.6853,2026-06-03T15:00:14.037633,0.000000,2.203300
2870.1877,2026-06-03T15:00:14.539949,0.000000,2.202868
2870.6397,2026-06-03T15:00:14.991992,0.000000,2.202908
2871.1443,2026-06-03T15:00:15.496544,0.000000,2.202704
2871.6428,2026-06-03T15:00:15.995119,0.000000,2.202200
2872.1451,2026-06-03T15:00:16.497388,0.000000,2.201632
2872.6313,2026-06-03T15:00:16.983635,0.000000,2.201092
2873.1297,2026-06-03T15:00:17.481956,0.000000,2.200444
2873.6488,2026-06-03T15:00:18.001046,0.000000,2.199936
2874.1295,2026-06-03T15:00:18.481780,0.000000,2.199640
2874.6234,2026-06-03T15:00:18.975789,0.000000,2.199292
2875.1012,2026-06-03T15:00:19.453460,0.000000,2.199140
2875.6050,2026-06-03T15:00:19.957292,0.000000,2.198992
2876.1054,2026-06-03T15:00:20.457702,0.000000,2.198716
2876.5954,2026-06-03T15:00:20.947715,0.000000,2.198376
2877.0966,2026-06-03T15:00:21.448868,0.000000,2.197936
2877.5693,2026-06-03T15:00:21.921609,0.000000,2.197692
2878.0608,2026-06-03T15:00:22.413076,0.000000,2.197208
2878.5639,2026-06-03T15:00:22.916146,0.000000,2.196512
2879.0510,2026-06-03T15:00:23.403308,0.000000,2.196276
2879.5527,2026-06-03T15:00:23.904985,0.000000,2.196156
2880.0477,2026-06-03T15:00:24.400048,0.000000,2.195924
2880.5427,2026-06-03T15:00:24.894967,0.000000,2.195712
2881.0471,2026-06-03T15:00:25.399438,0.000000,2.195108
2881.5493,2026-06-03T15:00:25.901559,0.000000,2.194512
2882.0665,2026-06-03T15:00:26.418803,0.000000,2.194144
2882.5649,2026-06-03T15:00:26.917148,0.000000,2.193712
2883.0554,2026-06-03T15:00:27.407735,0.000000,2.193112
2883.5475,2026-06-03T15:00:27.899753,0.000000,2.192740
2884.0424,2026-06-03T15:00:28.394711,0.000000,2.191892
2884.5407,2026-06-03T15:00:28.892944,0.000000,2.191468
2885.0364,2026-06-03T15:00:29.388720,0.000000,2.191220
2885.5303,2026-06-03T15:00:29.882574,0.000000,2.190664
2886.0284,2026-06-03T15:00:30.380684,0.000000,2.190396
2886.4923,2026-06-03T15:00:30.844608,0.000000,2.190076
2886.9889,2026-06-03T15:00:31.341237,0.000000,2.189372
2887.4772,2026-06-03T15:00:31.829479,0.000000,2.189240
2887.9635,2026-06-03T15:00:32.315750,0.000000,2.189008
2888.4657,2026-06-03T15:00:32.817977,0.000000,2.188752
2888.9639,2026-06-03T15:00:33.316207,0.000000,2.188596
2889.4618,2026-06-03T15:00:33.814106,0.000000,2.187996
2889.9273,2026-06-03T15:00:34.279575,0.000000,2.187176
2890.4233,2026-06-03T15:00:34.775560,0.000000,2.186852
2890.9382,2026-06-03T15:00:35.290487,0.000000,2.186180
2891.4410,2026-06-03T15:00:35.793280,0.000000,2.185324
2891.9288,2026-06-03T15:00:36.281058,0.000000,2.184988
2892.4214,2026-06-03T15:00:36.773688,0.000000,2.184192
2892.9293,2026-06-03T15:00:37.281604,0.000000,2.183336
2893.4245,2026-06-03T15:00:37.776824,0.000000,2.182872
2893.9381,2026-06-03T15:00:38.290369,0.000000,2.182092
2894.4296,2026-06-03T15:00:38.781921,0.000000,2.181420
2894.9302,2026-06-03T15:00:39.282462,0.000000,2.181160
2895.4273,2026-06-03T15:00:39.779580,0.000000,2.181048
2895.9306,2026-06-03T15:00:40.282909,0.000000,2.180784
2896.4350,2026-06-03T15:00:40.787307,0.000000,2.180612
2896.9370,2026-06-03T15:00:41.289247,0.000000,2.180380
2897.4572,2026-06-03T15:00:41.809535,0.000000,2.179916
2897.9683,2026-06-03T15:00:42.320611,0.000000,2.179764
2898.4468,2026-06-03T15:00:42.799080,0.000000,2.179092
2898.9493,2026-06-03T15:00:43.301542,0.000000,2.178516
2899.4459,2026-06-03T15:00:43.798177,0.000000,2.177624
2899.9468,2026-06-03T15:00:44.299085,0.000000,2.176592
2900.4378,2026-06-03T15:00:44.790064,0.000000,2.175948
2900.9250,2026-06-03T15:00:45.277270,0.000000,2.175584
2901.4195,2026-06-03T15:00:45.771746,0.000000,2.175068
2901.9220,2026-06-03T15:00:46.274336,0.000000,2.174776
2902.4252,2026-06-03T15:00:46.777470,0.000000,2.174328
2902.9201,2026-06-03T15:00:47.272435,0.000000,2.173696
2903.4176,2026-06-03T15:00:47.769905,0.000000,2.173036
2903.8759,2026-06-03T15:00:48.228227,0.000000,2.171872
2904.3776,2026-06-03T15:00:48.729916,0.000000,2.171108
2904.8720,2026-06-03T15:00:49.224291,0.000000,2.170224
2905.3950,2026-06-03T15:00:49.747284,0.000000,2.169444
2905.8729,2026-06-03T15:00:50.225158,0.000000,2.168836
2906.3677,2026-06-03T15:00:50.720016,0.000000,2.168260
2906.8680,2026-06-03T15:00:51.220255,0.000000,2.167412
2907.3630,2026-06-03T15:00:51.715319,0.000000,2.166940
2907.8574,2026-06-03T15:00:52.209675,0.000000,2.166500
2908.3419,2026-06-03T15:00:52.694209,0.000000,2.166036
2908.8164,2026-06-03T15:00:53.168700,0.000000,2.165492
2909.3161,2026-06-03T15:00:53.668434,0.000000,2.164636
2909.8126,2026-06-03T15:00:54.164921,0.000000,2.163632
2910.3093,2026-06-03T15:00:54.661597,0.000000,2.162608
2910.7999,2026-06-03T15:00:55.152199,0.000000,2.161592
2911.3011,2026-06-03T15:00:55.653422,0.000000,2.160792
2911.7699,2026-06-03T15:00:56.122176,0.000000,2.159888
2912.2697,2026-06-03T15:00:56.622033,0.000000,2.158860
2912.7732,2026-06-03T15:00:57.125445,0.000000,2.158156
2913.2772,2026-06-03T15:00:57.629453,0.000000,2.157456
2913.7758,2026-06-03T15:00:58.128074,0.000000,2.156916
2914.2761,2026-06-03T15:00:58.628415,0.000000,2.156308
2914.7594,2026-06-03T15:00:59.111742,0.000000,2.155880
2915.2497,2026-06-03T15:00:59.601969,0.000000,2.155180
2915.7431,2026-06-03T15:01:00.095439,0.000000,2.154672
2916.2345,2026-06-03T15:01:00.586762,0.000000,2.154144
2916.7406,2026-06-03T15:01:01.092870,0.000000,2.153388
2917.2494,2026-06-03T15:01:01.601683,0.000000,2.152876
2917.7493,2026-06-03T15:01:02.101569,0.000000,2.152436
2918.2409,2026-06-03T15:01:02.593156,0.000000,2.151628
2918.7457,2026-06-03T15:01:03.097963,0.000000,2.150924
2919.2452,2026-06-03T15:01:03.597496,0.000000,2.150100
2919.7494,2026-06-03T15:01:04.101677,0.000000,2.149108
2920.2491,2026-06-03T15:01:04.601420,0.000000,2.148320
2920.7505,2026-06-03T15:01:05.102767,0.000000,2.147572
2921.2723,2026-06-03T15:01:05.624571,0.000000,2.146912
2921.7782,2026-06-03T15:01:06.130453,0.000000,2.146452
2922.2683,2026-06-03T15:01:06.620573,0.000000,2.146340
2922.7660,2026-06-03T15:01:07.118252,0.000000,2.145600
2923.2610,2026-06-03T15:01:07.613317,0.000000,2.144748
2923.7885,2026-06-03T15:01:08.140751,0.000000,2.143864
2924.2822,2026-06-03T15:01:08.634523,0.000000,2.142604
2924.7776,2026-06-03T15:01:09.129848,0.000000,2.141628
2925.2847,2026-06-03T15:01:09.636961,0.000000,2.140972
2925.7811,2026-06-03T15:01:10.133370,0.000000,2.139976
2926.2675,2026-06-03T15:01:10.619777,0.000000,2.138980
2926.7562,2026-06-03T15:01:11.108473,0.000000,2.138040
2927.2548,2026-06-03T15:01:11.607097,0.000000,2.137360
2927.7761,2026-06-03T15:01:12.128373,0.000000,2.136396
2928.2471,2026-06-03T15:01:12.599404,0.000000,2.135288
2928.7479,2026-06-03T15:01:13.100166,0.000000,2.134256
2929.2415,2026-06-03T15:01:13.593795,0.000000,2.132632
2929.7198,2026-06-03T15:01:14.072060,0.000000,2.131584
2930.2178,2026-06-03T15:01:14.570047,0.000000,2.130904
2930.7175,2026-06-03T15:01:15.069778,0.000000,2.130168
2931.2122,2026-06-03T15:01:15.564472,0.000000,2.129956
2931.6734,2026-06-03T15:01:16.025714,0.000000,2.129400
2932.1808,2026-06-03T15:01:16.533102,0.000000,2.128728
2932.6756,2026-06-03T15:01:17.027906,0.000000,2.127920
2933.1401,2026-06-03T15:01:17.492431,0.000000,2.127268
2933.6372,2026-06-03T15:01:17.989508,0.000000,2.126564
2934.1341,2026-06-03T15:01:18.486364,0.000000,2.125748
2934.6284,2026-06-03T15:01:18.980652,0.000000,2.124900
2935.1087,2026-06-03T15:01:19.460980,0.000000,2.123964
2935.6010,2026-06-03T15:01:19.953264,0.000000,2.123116
2936.1008,2026-06-03T15:01:20.453055,0.000000,2.121884
2936.6035,2026-06-03T15:01:20.955743,0.000000,2.121040
2937.1106,2026-06-03T15:01:21.462924,0.000000,2.120032
2937.6177,2026-06-03T15:01:21.969953,0.000000,2.118948
2938.1091,2026-06-03T15:01:22.461427,0.000000,2.118120
2938.6050,2026-06-03T15:01:22.957325,0.000000,2.117196
2939.1089,2026-06-03T15:01:23.461150,0.000000,2.116284
2939.6099,2026-06-03T15:01:23.962234,0.000000,2.115496
2940.1061,2026-06-03T15:01:24.458402,0.000000,2.114708
2940.6095,2026-06-03T15:01:24.961793,0.000000,2.113740
2941.1133,2026-06-03T15:01:25.465539,0.000000,2.112628
2941.6132,2026-06-03T15:01:25.965513,0.000000,2.111944
2942.1050,2026-06-03T15:01:26.457267,0.000000,2.110864
2942.5761,2026-06-03T15:01:26.928364,0.000000,2.109916
2943.0602,2026-06-03T15:01:27.412474,0.000000,2.109272
2943.5544,2026-06-03T15:01:27.906672,0.000000,2.108324
2944.0521,2026-06-03T15:01:28.404340,0.000000,2.107532
2944.5760,2026-06-03T15:01:28.928313,0.000000,2.106384
2945.0803,2026-06-03T15:01:29.432568,0.000000,2.105004
2945.5818,2026-06-03T15:01:29.934124,0.000000,2.103748
2946.0821,2026-06-03T15:01:30.434393,0.000000,2.102716
2946.5840,2026-06-03T15:01:30.936311,0.000000,2.101592
2947.0862,2026-06-03T15:01:31.438530,0.000000,2.100744
2947.5842,2026-06-03T15:01:31.936449,0.000000,2.099708
2948.0805,2026-06-03T15:01:32.432792,0.000000,2.098660
2948.5859,2026-06-03T15:01:32.938228,0.000000,2.097472
2949.0692,2026-06-03T15:01:33.421510,0.000000,2.096172
2949.5581,2026-06-03T15:01:33.910379,0.000000,2.095312
2950.0604,2026-06-03T15:01:34.412705,0.000000,2.093920
2950.5478,2026-06-03T15:01:34.900134,0.000000,2.093244
2951.0539,2026-06-03T15:01:35.406203,0.000000,2.092280
2951.5621,2026-06-03T15:01:35.914353,0.000000,2.091120
2952.0644,2026-06-03T15:01:36.416665,0.000000,2.090576
2952.5587,2026-06-03T15:01:36.911027,0.000000,2.089796
2953.0631,2026-06-03T15:01:37.415411,0.000000,2.089188
2953.5612,2026-06-03T15:01:37.913476,0.000000,2.088260
2954.0565,2026-06-03T15:01:38.408782,0.000000,2.086812
2954.5253,2026-06-03T15:01:38.877548,0.000000,2.085748
2955.0160,2026-06-03T15:01:39.368290,0.000000,2.084508
2955.5168,2026-06-03T15:01:39.869050,0.000000,2.083420
2956.0169,2026-06-03T15:01:40.369177,0.000000,2.082488
2956.5360,2026-06-03T15:01:40.888324,0.000000,2.081324
2957.0227,2026-06-03T15:01:41.374951,0.000000,2.080312
2957.5199,2026-06-03T15:01:41.872200,0.000000,2.079572
2958.0177,2026-06-03T15:01:42.369951,0.000000,2.078872
2958.5087,2026-06-03T15:01:42.860977,0.000000,2.078008
2959.0294,2026-06-03T15:01:43.381639,0.000000,2.076808
2959.5344,2026-06-03T15:01:43.886647,0.000000,2.075648
2960.0258,2026-06-03T15:01:44.378088,0.000000,2.074572
2960.5084,2026-06-03T15:01:44.860644,0.000000,2.073464
2961.0093,2026-06-03T15:01:45.361556,0.000000,2.072620
2961.5092,2026-06-03T15:01:45.861520,0.000000,2.071636
2961.9706,2026-06-03T15:01:46.322911,0.000000,2.070568
2962.4675,2026-06-03T15:01:46.819826,0.000000,2.069664
2962.9667,2026-06-03T15:01:47.319005,0.000000,2.068764
2963.4606,2026-06-03T15:01:47.812907,0.000000,2.067936
2963.9281,2026-06-03T15:01:48.280360,0.000000,2.066828
2964.4174,2026-06-03T15:01:48.769707,0.000000,2.065984
2964.9127,2026-06-03T15:01:49.265008,0.000000,2.064920
2965.4095,2026-06-03T15:01:49.761836,0.000000,2.063732
2965.9058,2026-06-03T15:01:50.258060,0.000000,2.062540
2966.3842,2026-06-03T15:01:50.736538,0.000000,2.061364
2966.8855,2026-06-03T15:01:51.237825,0.000000,2.060248
2967.3842,2026-06-03T15:01:51.736443,0.000000,2.058832
2967.9046,2026-06-03T15:01:52.256890,0.000000,2.057796
2968.4050,2026-06-03T15:01:52.757336,0.000000,2.056808
2968.8986,2026-06-03T15:01:53.250914,0.000000,2.055452
2969.3982,2026-06-03T15:01:53.750451,0.000000,2.054540
2969.8884,2026-06-03T15:01:54.240682,0.000000,2.053420
2970.3637,2026-06-03T15:01:54.715978,0.000000,2.052192
2970.8676,2026-06-03T15:01:55.219914,0.000000,2.051468
2971.3678,2026-06-03T15:01:55.720074,0.000000,2.050288
2971.8736,2026-06-03T15:01:56.225911,0.000000,2.049260
2972.3645,2026-06-03T15:01:56.716793,0.000000,2.048412
2972.8665,2026-06-03T15:01:57.218817,0.000000,2.047464
2973.3596,2026-06-03T15:01:57.711860,0.000000,2.046512
2973.8563,2026-06-03T15:01:58.208638,0.000000,2.045572
2974.3448,2026-06-03T15:01:58.697097,0.000000,2.044116
2974.7937,2026-06-03T15:01:59.146026,0.000000,2.042400
2975.2799,2026-06-03T15:01:59.632151,0.000000,2.041220
2975.7821,2026-06-03T15:02:00.134432,0.000000,2.040224
2976.2782,2026-06-03T15:02:00.630498,0.000000,2.039328
2976.8005,2026-06-03T15:02:01.152791,0.000000,2.038488
2977.2927,2026-06-03T15:02:01.645022,0.000000,2.037216
2977.7971,2026-06-03T15:02:02.149354,0.000000,2.036024
2978.2870,2026-06-03T15:02:02.639268,0.000000,2.034976
2978.7992,2026-06-03T15:02:03.151442,0.000000,2.034272
2979.2730,2026-06-03T15:02:03.625250,0.000000,2.033544
2979.7685,2026-06-03T15:02:04.120820,0.000000,2.032392
2980.2622,2026-06-03T15:02:04.614499,0.000000,2.031596
2980.7620,2026-06-03T15:02:05.114291,0.000000,2.030760
2981.2580,2026-06-03T15:02:05.610299,0.000000,2.029680
2981.7566,2026-06-03T15:02:06.108844,0.000000,2.028820
2982.2447,2026-06-03T15:02:06.597006,0.000000,2.027500
2982.7412,2026-06-03T15:02:07.093478,0.000000,2.026116
2983.2404,2026-06-03T15:02:07.592736,0.000000,2.024928
2983.7260,2026-06-03T15:02:08.078321,0.000000,2.024056
2984.2579,2026-06-03T15:02:08.610197,0.000000,2.022852
2984.7547,2026-06-03T15:02:09.107016,0.000000,2.021708
2985.2544,2026-06-03T15:02:09.606651,0.000000,2.020572
2985.7486,2026-06-03T15:02:10.100848,0.000000,2.019292
2986.2507,2026-06-03T15:02:10.602953,0.000000,2.018276
2986.7451,2026-06-03T15:02:11.097341,0.000000,2.017116
2987.2180,2026-06-03T15:02:11.570315,0.000000,2.015772
2987.7042,2026-06-03T15:02:12.056486,0.000000,2.014688
2988.2094,2026-06-03T15:02:12.561721,0.000000,2.013408
2988.7283,2026-06-03T15:02:13.080629,0.000000,2.012516
2989.2217,2026-06-03T15:02:13.573949,0.000000,2.011760
2989.7158,2026-06-03T15:02:14.068110,0.000000,2.010956
2990.2176,2026-06-03T15:02:14.569912,0.000000,2.010056
2990.7178,2026-06-03T15:02:15.070075,0.000000,2.009056
2991.2257,2026-06-03T15:02:15.577979,0.000000,2.008272
2991.7247,2026-06-03T15:02:16.077020,0.000000,2.007424
2992.2260,2026-06-03T15:02:16.578314,0.000000,2.006220
2992.7219,2026-06-03T15:02:17.074218,0.000000,2.005176
2993.2170,2026-06-03T15:02:17.569301,0.000000,2.003776
2993.7126,2026-06-03T15:02:18.064851,0.000000,2.002420
2994.2167,2026-06-03T15:02:18.568976,0.000000,2.001504
2994.7163,2026-06-03T15:02:19.068618,0.000000,2.000112
2995.2316,2026-06-03T15:02:19.583855,0.000000,1.998916
2995.7299,2026-06-03T15:02:20.082219,0.000000,1.997524
2996.2297,2026-06-03T15:02:20.581985,0.000000,1.996092
2996.7316,2026-06-03T15:02:21.083898,0.000000,1.995040
2997.2343,2026-06-03T15:02:21.586626,0.000000,1.994148
2997.7323,2026-06-03T15:02:22.084559,0.000000,1.993516
2998.2187,2026-06-03T15:02:22.571033,0.000000,1.992984
2998.7180,2026-06-03T15:02:23.070330,0.000000,1.992188
2999.2098,2026-06-03T15:02:23.562123,0.000000,1.990936
2999.7054,2026-06-03T15:02:24.057749,0.000000,1.989728
3000.2075,2026-06-03T15:02:24.559749,0.000000,1.988476
3000.7115,2026-06-03T15:02:25.063834,0.000000,1.987240
3001.2133,2026-06-03T15:02:25.565578,0.000000,1.986128
3001.7377,2026-06-03T15:02:26.089983,0.000000,1.985044
3002.2338,2026-06-03T15:02:26.586127,0.000000,1.983660
3002.7367,2026-06-03T15:02:27.088988,0.000000,1.982016
3003.2387,2026-06-03T15:02:27.590949,0.000000,1.980848
3003.7411,2026-06-03T15:02:28.093409,0.000000,1.979448
3004.2165,2026-06-03T15:02:28.568752,0.000000,1.978492
3004.7091,2026-06-03T15:02:29.061398,0.000000,1.977664
3005.2137,2026-06-03T15:02:29.565965,0.000000,1.976824
3005.6823,2026-06-03T15:02:30.034574,0.000000,1.975880
3006.1573,2026-06-03T15:02:30.509555,0.000000,1.974704
3006.6585,2026-06-03T15:02:31.010742,0.000000,1.973556
3007.1597,2026-06-03T15:02:31.512039,0.000000,1.971984
3007.6551,2026-06-03T15:02:32.007372,0.000000,1.970516
3008.1468,2026-06-03T15:02:32.499092,0.000000,1.969440
3008.6378,2026-06-03T15:02:32.990093,0.000000,1.968400
3009.1388,2026-06-03T15:02:33.491141,0.000000,1.967196
3009.6598,2026-06-03T15:02:34.012101,0.000000,1.966204
3010.1671,2026-06-03T15:02:34.519415,0.000000,1.964996
3010.6679,2026-06-03T15:02:35.020241,0.000000,1.963944
3011.1701,2026-06-03T15:02:35.522383,0.000000,1.963092
3011.6716,2026-06-03T15:02:36.023917,0.000000,1.961856
3012.1731,2026-06-03T15:02:36.525379,0.000000,1.960488
3012.6723,2026-06-03T15:02:37.024627,0.000000,1.958952
3013.1766,2026-06-03T15:02:37.528919,0.000000,1.957644
3013.6473,2026-06-03T15:02:37.999575,0.000000,1.956276
3014.1569,2026-06-03T15:02:38.509174,0.000000,1.955252
3014.6487,2026-06-03T15:02:39.001012,0.000000,1.954212
3015.1448,2026-06-03T15:02:39.497095,0.000000,1.953072
3015.6414,2026-06-03T15:02:39.993662,0.000000,1.952256
3016.1183,2026-06-03T15:02:40.470561,0.000000,1.951444
3016.6115,2026-06-03T15:02:40.963798,0.000000,1.950488
3017.1072,2026-06-03T15:02:41.459446,0.000000,1.949580
3017.5902,2026-06-03T15:02:41.942482,0.000000,1.948560
3018.0861,2026-06-03T15:02:42.438380,0.000000,1.947448
3018.5838,2026-06-03T15:02:42.936079,0.000000,1.946396
3019.0822,2026-06-03T15:02:43.434539,0.000000,1.945428
3019.5862,2026-06-03T15:02:43.938456,0.000000,1.944064
3020.0826,2026-06-03T15:02:44.434911,0.000000,1.942448
3020.5907,2026-06-03T15:02:44.942959,0.000000,1.941136
3021.1065,2026-06-03T15:02:45.458836,0.000000,1.939576
3021.5957,2026-06-03T15:02:45.948005,0.000000,1.938192
3022.0994,2026-06-03T15:02:46.451688,0.000000,1.937320
3022.6007,2026-06-03T15:02:46.953030,0.000000,1.936144
3023.1031,2026-06-03T15:02:47.455438,0.000000,1.935192
3023.5949,2026-06-03T15:02:47.947198,0.000000,1.934424
3024.0910,2026-06-03T15:02:48.443315,0.000000,1.933436
3024.5942,2026-06-03T15:02:48.946493,0.000000,1.932516
3025.1182,2026-06-03T15:02:49.470485,0.000000,1.931160
3025.6268,2026-06-03T15:02:49.979104,0.000000,1.929804
3026.1214,2026-06-03T15:02:50.473731,0.000000,1.928576
3026.6263,2026-06-03T15:02:50.978534,0.000000,1.927396
3027.1146,2026-06-03T15:02:51.466901,0.000000,1.926264
3027.6293,2026-06-03T15:02:51.981638,0.000000,1.925096
3028.1237,2026-06-03T15:02:52.475998,0.000000,1.924228
3028.6037,2026-06-03T15:02:52.955950,0.000000,1.923492
3029.0829,2026-06-03T15:02:53.435234,0.000000,1.922704
3029.5669,2026-06-03T15:02:53.919223,0.000000,1.922124
3030.0699,2026-06-03T15:02:54.422230,0.000000,1.920720
3030.5716,2026-06-03T15:02:54.923896,0.000000,1.919208
3031.0641,2026-06-03T15:02:55.416355,0.000000,1.918104
3031.5633,2026-06-03T15:02:55.915573,0.000000,1.916572
3032.0882,2026-06-03T15:02:56.440454,0.000000,1.915612
3032.5794,2026-06-03T15:02:56.931692,0.000000,1.914676
3033.0501,2026-06-03T15:02:57.402392,0.000000,1.913632
3033.5394,2026-06-03T15:02:57.891656,0.000000,1.912956
3034.0328,2026-06-03T15:02:58.385091,0.000000,1.912100
3034.5310,2026-06-03T15:02:58.883316,0.000000,1.911032
3035.0280,2026-06-03T15:02:59.380264,0.000000,1.910348
3035.5346,2026-06-03T15:02:59.886918,0.000000,1.909652
3036.0407,2026-06-03T15:03:00.393011,0.000000,1.908880
3036.5426,2026-06-03T15:03:00.894884,0.000000,1.907980
3037.0406,2026-06-03T15:03:01.392910,0.000000,1.907132
3037.5383,2026-06-03T15:03:01.890641,0.000000,1.905476
3038.0397,2026-06-03T15:03:02.392013,0.000000,1.903908
3038.5356,2026-06-03T15:03:02.887902,0.000000,1.902512
3039.0332,2026-06-03T15:03:03.385479,0.000000,1.900976
3039.5549,2026-06-03T15:03:03.907226,0.000000,1.899996
3040.0465,2026-06-03T15:03:04.398755,0.000000,1.899228
3040.5406,2026-06-03T15:03:04.892869,0.000000,1.898128
3041.0388,2026-06-03T15:03:05.391102,0.000000,1.896980
3041.5372,2026-06-03T15:03:05.889475,0.000000,1.896068
3042.0251,2026-06-03T15:03:06.377430,0.000000,1.894892
3042.5045,2026-06-03T15:03:06.856832,0.000000,1.893732
3043.0074,2026-06-03T15:03:07.359656,0.000000,1.892936
3043.4860,2026-06-03T15:03:07.838305,0.000000,1.891516
3043.9864,2026-06-03T15:03:08.338680,0.000000,1.890740
3044.4907,2026-06-03T15:03:08.842951,0.000000,1.890068
3044.9903,2026-06-03T15:03:09.342554,0.000000,1.889228
3045.4988,2026-06-03T15:03:09.851078,0.000000,1.888216
3045.9631,2026-06-03T15:03:10.315380,0.000000,1.886864
3046.4671,2026-06-03T15:03:10.819397,0.000000,1.885568
3046.9680,2026-06-03T15:03:11.320307,0.000000,1.884444
3047.5003,2026-06-03T15:03:11.852593,0.000000,1.883304
3047.9937,2026-06-03T15:03:12.346018,0.000000,1.882036
3048.4812,2026-06-03T15:03:12.833450,0.000000,1.880920
3048.9756,2026-06-03T15:03:13.327862,0.000000,1.879220
3049.4355,2026-06-03T15:03:13.787792,0.000000,1.877904
3049.9363,2026-06-03T15:03:14.288616,0.000000,1.876652
3050.4326,2026-06-03T15:03:14.784855,0.000000,1.875796
3050.9256,2026-06-03T15:03:15.277920,0.000000,1.874864
3051.4252,2026-06-03T15:03:15.777488,0.000000,1.873820
3051.9226,2026-06-03T15:03:16.274871,0.000000,1.873084
3052.4437,2026-06-03T15:03:16.795975,0.000000,1.871392
3052.9424,2026-06-03T15:03:17.294659,0.000000,1.870000
3053.4365,2026-06-03T15:03:17.788769,0.000000,1.869192
3053.9368,2026-06-03T15:03:18.289064,0.000000,1.867816
3054.4587,2026-06-03T15:03:18.810985,0.000000,1.866848
3054.9627,2026-06-03T15:03:19.314966,0.000000,1.865724
3055.4585,2026-06-03T15:03:19.810739,0.000000,1.863980
3055.9585,2026-06-03T15:03:20.310827,0.000000,1.862944
3056.4554,2026-06-03T15:03:20.807734,0.000000,1.861972
3056.9382,2026-06-03T15:03:21.290460,0.000000,1.861156
3057.4328,2026-06-03T15:03:21.785070,0.000000,1.860468
3057.9130,2026-06-03T15:03:22.265290,0.000000,1.859804
3058.3961,2026-06-03T15:03:22.748412,0.000000,1.858908
3058.8925,2026-06-03T15:03:23.244741,0.000000,1.858072
3059.3904,2026-06-03T15:03:23.742676,0.000000,1.857072
3059.8917,2026-06-03T15:03:24.243964,0.000000,1.856204
3060.3804,2026-06-03T15:03:24.732695,0.000000,1.855372
3060.8779,2026-06-03T15:03:25.230207,0.000000,1.854448
3061.3792,2026-06-03T15:03:25.731473,0.000000,1.853364
3061.8785,2026-06-03T15:03:26.230807,0.000000,1.851680
3062.3315,2026-06-03T15:03:26.683812,0.000000,1.850384
3062.8298,2026-06-03T15:03:27.182063,0.000000,1.849252
3063.3211,2026-06-03T15:03:27.673379,0.000000,1.847896
3063.8401,2026-06-03T15:03:28.192352,0.000000,1.847072
3064.3328,2026-06-03T15:03:28.685061,0.000000,1.845740
3064.8364,2026-06-03T15:03:29.188674,0.000000,1.844532
3065.3348,2026-06-03T15:03:29.687120,0.000000,1.843608
3065.8404,2026-06-03T15:03:30.192677,0.000000,1.842436
3066.3367,2026-06-03T15:03:30.688999,0.000000,1.841312
3066.8170,2026-06-03T15:03:31.169301,0.000000,1.840424
3067.3239,2026-06-03T15:03:31.676173,0.000000,1.839972
3067.7992,2026-06-03T15:03:32.151499,0.000000,1.839172
3068.2969,2026-06-03T15:03:32.649197,0.000000,1.838180
3068.7961,2026-06-03T15:03:33.148431,0.000000,1.836928
3069.2636,2026-06-03T15:03:33.615870,0.000000,1.835196
3069.7535,2026-06-03T15:03:34.105816,0.000000,1.833844
3070.2538,2026-06-03T15:03:34.606095,0.000000,1.832792
3070.7421,2026-06-03T15:03:35.094409,0.000000,1.831708
3071.2169,2026-06-03T15:03:35.569177,0.000000,1.830776
3071.7188,2026-06-03T15:03:36.071051,0.000000,1.830364
3072.2375,2026-06-03T15:03:36.589837,0.000000,1.829736
3072.7330,2026-06-03T15:03:37.085330,0.000000,1.829408
3073.2192,2026-06-03T15:03:37.571488,0.000000,1.829084
3073.7170,2026-06-03T15:03:38.069267,0.000000,1.828536
3074.2207,2026-06-03T15:03:38.572986,0.000000,1.827948
3074.7176,2026-06-03T15:03:39.069869,0.000000,1.826904
3075.2201,2026-06-03T15:03:39.572418,0.000000,1.825680
3075.7159,2026-06-03T15:03:40.068229,0.000000,1.824244
3076.1838,2026-06-03T15:03:40.536140,0.000000,1.822656
3076.6836,2026-06-03T15:03:41.035910,0.000000,1.821248
3077.1790,2026-06-03T15:03:41.531251,0.000000,1.820068
3077.6756,2026-06-03T15:03:42.027871,0.000000,1.818820
3078.1759,2026-06-03T15:03:42.528142,0.000000,1.817668
3078.6699,2026-06-03T15:03:43.022186,0.000000,1.816868
3079.1589,2026-06-03T15:03:43.511170,0.000000,1.815980
3079.6564,2026-06-03T15:03:44.008713,0.000000,1.815112
3080.1595,2026-06-03T15:03:44.511799,0.000000,1.814236
3080.6548,2026-06-03T15:03:45.007098,0.000000,1.813128
3081.1551,2026-06-03T15:03:45.507394,0.000000,1.811856
3081.6606,2026-06-03T15:03:46.012934,0.000000,1.810788
3082.1586,2026-06-03T15:03:46.510899,0.000000,1.809852
3082.6461,2026-06-03T15:03:46.998437,0.000000,1.808972
3083.1552,2026-06-03T15:03:47.507495,0.000000,1.807828
3083.6489,2026-06-03T15:03:48.001187,0.000000,1.806260
3084.1466,2026-06-03T15:03:48.498905,0.000000,1.804864
3084.6396,2026-06-03T15:03:48.991968,0.000000,1.803460
3085.1403,2026-06-03T15:03:49.492626,0.000000,1.802128
3085.6419,2026-06-03T15:03:49.994191,0.000000,1.801216
3086.1446,2026-06-03T15:03:50.496918,0.000000,1.800196
3086.6488,2026-06-03T15:03:51.001085,0.000000,1.799156
3087.1753,2026-06-03T15:03:51.527569,0.000000,1.798184
3087.6758,2026-06-03T15:03:52.028116,0.000000,1.797148
3088.1724,2026-06-03T15:03:52.524658,0.000000,1.796420
3088.6694,2026-06-03T15:03:53.021640,0.000000,1.795716
3089.1643,2026-06-03T15:03:53.516612,0.000000,1.794692
3089.6719,2026-06-03T15:03:54.024194,0.000000,1.793880
3090.1671,2026-06-03T15:03:54.519348,0.000000,1.792780
3090.6630,2026-06-03T15:03:55.015272,0.000000,1.791272
3091.1595,2026-06-03T15:03:55.511796,0.000000,1.790312
3091.6495,2026-06-03T15:03:56.001763,0.000000,1.789636
3092.1374,2026-06-03T15:03:56.489680,0.000000,1.788652
3092.6402,2026-06-03T15:03:56.992482,0.000000,1.787844
3093.1349,2026-06-03T15:03:57.487187,0.000000,1.786856
3093.6223,2026-06-03T15:03:57.974596,0.000000,1.785496
3094.1135,2026-06-03T15:03:58.465757,0.000000,1.784992
3094.6384,2026-06-03T15:03:58.990645,0.000000,1.784348
3095.1042,2026-06-03T15:03:59.456539,0.000000,1.783816
3095.6008,2026-06-03T15:03:59.953097,0.000000,1.783196
3096.1085,2026-06-03T15:04:00.460841,0.000000,1.781940
3096.6028,2026-06-03T15:04:00.955137,0.000000,1.780116
3097.1159,2026-06-03T15:04:01.468233,0.000000,1.778416
3097.6128,2026-06-03T15:04:01.965111,0.000000,1.777016
3098.1129,2026-06-03T15:04:02.465194,0.000000,1.775880
3098.6119,2026-06-03T15:04:02.964196,0.000000,1.775452
3099.1073,2026-06-03T15:04:03.459560,0.000000,1.774864
3099.5866,2026-06-03T15:04:03.938904,0.000000,1.774176
3100.0516,2026-06-03T15:04:04.403876,0.000000,1.773472
3100.5502,2026-06-03T15:04:04.902461,0.000000,1.772640
3101.0405,2026-06-03T15:04:05.392756,0.000000,1.771432
3101.5400,2026-06-03T15:04:05.892256,0.000000,1.770580
3102.0330,2026-06-03T15:04:06.385256,0.000000,1.769540
3102.5446,2026-06-03T15:04:06.896932,0.000000,1.768312
3103.0444,2026-06-03T15:04:07.396728,0.000000,1.767380
3103.5388,2026-06-03T15:04:07.891090,0.000000,1.766144
3104.0418,2026-06-03T15:04:08.394133,0.000000,1.765032
3104.5486,2026-06-03T15:04:08.900869,0.000000,1.763928
3105.0784,2026-06-03T15:04:09.430712,0.000000,1.763040
3105.5436,2026-06-03T15:04:09.895939,0.000000,1.762128
3106.0200,2026-06-03T15:04:10.372289,0.000000,1.761088
3106.5321,2026-06-03T15:04:10.884356,0.000000,1.760408
3107.0270,2026-06-03T15:04:11.379316,0.000000,1.759448
3107.5220,2026-06-03T15:04:11.874243,0.000000,1.758552
3108.0086,2026-06-03T15:04:12.360939,0.000000,1.757732
3108.4834,2026-06-03T15:04:12.835645,0.000000,1.756812
3108.9752,2026-06-03T15:04:13.327467,0.000000,1.756072
3109.4537,2026-06-03T15:04:13.805999,0.000000,1.754948
3109.9081,2026-06-03T15:04:14.260363,0.000000,1.753880
3110.4049,2026-06-03T15:04:14.757233,0.000000,1.753076
3110.9039,2026-06-03T15:04:15.256195,0.000000,1.752168
3111.4070,2026-06-03T15:04:15.759273,0.000000,1.750836
3111.9338,2026-06-03T15:04:16.286060,0.000000,1.749324
3112.4090,2026-06-03T15:04:16.761305,0.000000,1.748064
3112.9165,2026-06-03T15:04:17.268779,0.000000,1.746836
3113.4102,2026-06-03T15:04:17.762468,0.000000,1.745748
3113.9086,2026-06-03T15:04:18.260864,0.000000,1.745008
3114.4123,2026-06-03T15:04:18.764613,0.000000,1.744176
3114.9170,2026-06-03T15:04:19.269270,0.000000,1.743056
3115.3873,2026-06-03T15:04:19.739600,0.000000,1.742304
3115.8741,2026-06-03T15:04:20.226422,0.000000,1.741372
3116.3398,2026-06-03T15:04:20.692042,0.000000,1.740100
3116.8420,2026-06-03T15:04:21.194310,0.000000,1.739228
3117.3451,2026-06-03T15:04:21.697358,0.000000,1.738016
3117.8170,2026-06-03T15:04:22.169282,0.000000,1.737056
3118.3147,2026-06-03T15:04:22.667002,0.000000,1.736256
3118.7881,2026-06-03T15:04:23.140351,0.000000,1.735368
3119.2560,2026-06-03T15:04:23.608277,0.000000,1.734224
3119.7548,2026-06-03T15:04:24.107043,0.000000,1.732768
3120.2568,2026-06-03T15:04:24.609137,0.000000,1.731368
3120.7528,2026-06-03T15:04:25.105087,0.000000,1.729908
3121.2570,2026-06-03T15:04:25.609245,0.000000,1.729156
3121.7544,2026-06-03T15:04:26.106643,0.000000,1.728672
3122.2531,2026-06-03T15:04:26.605383,0.000000,1.728044
3122.7453,2026-06-03T15:04:27.097580,0.000000,1.727620
3123.2383,2026-06-03T15:04:27.590597,0.000000,1.726820
3123.7377,2026-06-03T15:04:28.089952,0.000000,1.725684
3124.2661,2026-06-03T15:04:28.618412,0.000000,1.724572
3124.7629,2026-06-03T15:04:29.115195,0.000000,1.722956
3125.2609,2026-06-03T15:04:29.613216,0.000000,1.721736
3125.7548,2026-06-03T15:04:30.107079,0.000000,1.720648
3126.2571,2026-06-03T15:04:30.609377,0.000000,1.719660
3126.7572,2026-06-03T15:04:31.109449,0.000000,1.718580
3127.2625,2026-06-03T15:04:31.614849,0.000000,1.717436
3127.7824,2026-06-03T15:04:32.134636,0.000000,1.716500
3128.2876,2026-06-03T15:04:32.639890,0.000000,1.715340
3128.7754,2026-06-03T15:04:33.127723,0.000000,1.714824
3129.2633,2026-06-03T15:04:33.615557,0.000000,1.713888
3129.7567,2026-06-03T15:04:34.108977,0.000000,1.712900
3130.2570,2026-06-03T15:04:34.609275,0.000000,1.711988
3130.7784,2026-06-03T15:04:35.130636,0.000000,1.711012
3131.2636,2026-06-03T15:04:35.615934,0.000000,1.709808
3131.7612,2026-06-03T15:04:36.113483,0.000000,1.708644
3132.2463,2026-06-03T15:04:36.598570,0.000000,1.707512
3132.7381,2026-06-03T15:04:37.090372,0.000000,1.706144
3133.2335,2026-06-03T15:04:37.585828,0.000000,1.705068
3133.7371,2026-06-03T15:04:38.089377,0.000000,1.704004
3134.2290,2026-06-03T15:04:38.581250,0.000000,1.702924
3134.7308,2026-06-03T15:04:39.083127,0.000000,1.701720
3135.2609,2026-06-03T15:04:39.613221,0.000000,1.700520
3135.7628,2026-06-03T15:04:40.115072,0.000000,1.699300
3136.2631,2026-06-03T15:04:40.615436,0.000000,1.698196
3136.7619,2026-06-03T15:04:41.114192,0.000000,1.697336
3137.2672,2026-06-03T15:04:41.619532,0.000000,1.696548
3137.7816,2026-06-03T15:04:42.133863,0.000000,1.695708
3138.2803,2026-06-03T15:04:42.632633,0.000000,1.694928
3138.7795,2026-06-03T15:04:43.131803,0.000000,1.694176
3139.2692,2026-06-03T15:04:43.621447,0.000000,1.693056
3139.7517,2026-06-03T15:04:44.103990,0.000000,1.692044
3140.2248,2026-06-03T15:04:44.577055,0.000000,1.691300
3140.7233,2026-06-03T15:04:45.075622,0.000000,1.690228
3141.2240,2026-06-03T15:04:45.576270,0.000000,1.689484
3141.7210,2026-06-03T15:04:46.073324,0.000000,1.688556
3142.2390,2026-06-03T15:04:46.591297,0.000000,1.687600
3142.7423,2026-06-03T15:04:47.094592,0.000000,1.686744
3143.2169,2026-06-03T15:04:47.569147,0.000000,1.685852
3143.7170,2026-06-03T15:04:48.069323,0.000000,1.684992
3144.2099,2026-06-03T15:04:48.562212,0.000000,1.683644
3144.7110,2026-06-03T15:04:49.063327,0.000000,1.682440
3145.2086,2026-06-03T15:04:49.560898,0.000000,1.681336
3145.7017,2026-06-03T15:04:50.053944,0.000000,1.680484
3146.2004,2026-06-03T15:04:50.552689,0.000000,1.679596
3146.6902,2026-06-03T15:04:51.042441,0.000000,1.678680
3147.1860,2026-06-03T15:04:51.538290,0.000000,1.677728
3147.6889,2026-06-03T15:04:52.041181,0.000000,1.676540
3148.1805,2026-06-03T15:04:52.532797,0.000000,1.675592
3148.6635,2026-06-03T15:04:53.015747,0.000000,1.674748
3149.1668,2026-06-03T15:04:53.519087,0.000000,1.673904
3149.6914,2026-06-03T15:04:54.043701,0.000000,1.672972
3150.1862,2026-06-03T15:04:54.538469,0.000000,1.672060
3150.6819,2026-06-03T15:04:55.034227,0.000000,1.670664
3151.1849,2026-06-03T15:04:55.537143,0.000000,1.669512
3151.6806,2026-06-03T15:04:56.032906,0.000000,1.668728
3152.1730,2026-06-03T15:04:56.525339,0.000000,1.668076
3152.6751,2026-06-03T15:04:57.027351,0.000000,1.667972
3153.1757,2026-06-03T15:04:57.527970,0.000000,1.667316
3153.6819,2026-06-03T15:04:58.034146,0.000000,1.666432
3154.1718,2026-06-03T15:04:58.524084,0.000000,1.665576
3154.6418,2026-06-03T15:04:58.994053,0.000000,1.664204
3155.1440,2026-06-03T15:04:59.496278,0.000000,1.663348
3155.6402,2026-06-03T15:04:59.992444,0.000000,1.662480
3156.1447,2026-06-03T15:05:00.496975,0.000000,1.661400
3156.6407,2026-06-03T15:05:00.992979,0.000000,1.660672
3157.1626,2026-06-03T15:05:01.514895,0.000000,1.659772
3157.6688,2026-06-03T15:05:02.021098,0.000000,1.658720
3158.1689,2026-06-03T15:05:02.521200,0.000000,1.657812
3158.6734,2026-06-03T15:05:03.025722,0.000000,1.657004
3159.1692,2026-06-03T15:05:03.521525,0.000000,1.655992
3159.6672,2026-06-03T15:05:04.019464,0.000000,1.654756
3160.1693,2026-06-03T15:05:04.521558,0.000000,1.653792
3160.6778,2026-06-03T15:05:05.030047,0.000000,1.652400
3161.1726,2026-06-03T15:05:05.524888,0.000000,1.651496
3161.6735,2026-06-03T15:05:06.025763,0.000000,1.650648
3162.1681,2026-06-03T15:05:06.520350,0.000000,1.649036
3162.6713,2026-06-03T15:05:07.023548,0.000000,1.647628
3163.1734,2026-06-03T15:05:07.525707,0.000000,1.646012
3163.6984,2026-06-03T15:05:08.050684,0.000000,1.644460
3164.1705,2026-06-03T15:05:08.522824,0.000000,1.642924
3164.6740,2026-06-03T15:05:09.026255,0.000000,1.641916
3165.1723,2026-06-03T15:05:09.524574,0.000000,1.640916
3165.6630,2026-06-03T15:05:10.015290,0.000000,1.640124
3166.1650,2026-06-03T15:05:10.517240,0.000000,1.639308
3166.6568,2026-06-03T15:05:11.009110,0.000000,1.638348
3167.1536,2026-06-03T15:05:11.505846,0.000000,1.637708
3167.6621,2026-06-03T15:05:12.014401,0.000000,1.636916
3168.1736,2026-06-03T15:05:12.525902,0.000000,1.636380
3168.6585,2026-06-03T15:05:13.010743,0.000000,1.635824
3169.1595,2026-06-03T15:05:13.511740,0.000000,1.634892
3169.6474,2026-06-03T15:05:13.999722,0.000000,1.634148
3170.1369,2026-06-03T15:05:14.489223,0.000000,1.633648
3170.6235,2026-06-03T15:05:14.975794,0.000000,1.633104
3171.1538,2026-06-03T15:05:15.506060,0.000000,1.632540
3171.6258,2026-06-03T15:05:15.978054,0.000000,1.631764
3172.1296,2026-06-03T15:05:16.481904,0.000000,1.630904
3172.5913,2026-06-03T15:05:16.943545,0.000000,1.630296
3173.0914,2026-06-03T15:05:17.443668,0.000000,1.629648
3173.5598,2026-06-03T15:05:17.912132,0.000000,1.628924
3174.0598,2026-06-03T15:05:18.412108,0.000000,1.627908
3174.5508,2026-06-03T15:05:18.903031,0.000000,1.626784
3175.0562,2026-06-03T15:05:19.408508,0.000000,1.625372
3175.5497,2026-06-03T15:05:19.902029,0.000000,1.624540
3176.0364,2026-06-03T15:05:20.388652,0.000000,1.623944
3176.4966,2026-06-03T15:05:20.848878,0.000000,1.623248
3176.9751,2026-06-03T15:05:21.327434,0.000000,1.622564
3177.4741,2026-06-03T15:05:21.826404,0.000000,1.621704
3177.9734,2026-06-03T15:05:22.325638,0.000000,1.620776
3178.4583,2026-06-03T15:05:22.810598,0.000000,1.619668
3178.9398,2026-06-03T15:05:23.292131,0.000000,1.618568
3179.4356,2026-06-03T15:05:23.787894,0.000000,1.617392
3179.9332,2026-06-03T15:05:24.285515,0.000000,1.616492
3180.4305,2026-06-03T15:05:24.782791,0.000000,1.615812
3180.9245,2026-06-03T15:05:25.276820,0.000000,1.614948
3181.4493,2026-06-03T15:05:25.801565,0.000000,1.614520
3181.9498,2026-06-03T15:05:26.302119,0.000000,1.613644
3182.4500,2026-06-03T15:05:26.802334,0.000000,1.612584
3182.9162,2026-06-03T15:05:27.268503,0.000000,1.611572
3183.4170,2026-06-03T15:05:27.769268,0.000000,1.610536
3183.9157,2026-06-03T15:05:28.267957,0.000000,1.609640
3184.4163,2026-06-03T15:05:28.768581,0.000000,1.609096
3184.9120,2026-06-03T15:05:29.264326,0.000000,1.608336
3185.3824,2026-06-03T15:05:29.734648,0.000000,1.607736
3185.8833,2026-06-03T15:05:30.235554,0.000000,1.606928
3186.3858,2026-06-03T15:05:30.738140,0.000000,1.606028
3186.8748,2026-06-03T15:05:31.227101,0.000000,1.605472
3187.3696,2026-06-03T15:05:31.721899,0.000000,1.604388
3187.8375,2026-06-03T15:05:32.189818,0.000000,1.603340
3188.3362,2026-06-03T15:05:32.688444,0.000000,1.602360
3188.8298,2026-06-03T15:05:33.182062,0.000000,1.600848
3189.3054,2026-06-03T15:05:33.657655,0.000000,1.599636
3189.8051,2026-06-03T15:05:34.157342,0.000000,1.598628
3190.3027,2026-06-03T15:05:34.654996,0.000000,1.597428
3190.7871,2026-06-03T15:05:35.139426,0.000000,1.596448
3191.2579,2026-06-03T15:05:35.610133,0.000000,1.595664
3191.7502,2026-06-03T15:05:36.102530,0.000000,1.594996
3192.2486,2026-06-03T15:05:36.600918,0.000000,1.593960
3192.7389,2026-06-03T15:05:37.091140,0.000000,1.592920
3193.2411,2026-06-03T15:05:37.593434,0.000000,1.591892
3193.7650,2026-06-03T15:05:38.117315,0.000000,1.590672
3194.2598,2026-06-03T15:05:38.612081,0.000000,1.589568
3194.7591,2026-06-03T15:05:39.111352,0.000000,1.588924
3195.2531,2026-06-03T15:05:39.605395,0.000000,1.587888
3195.7581,2026-06-03T15:05:40.110380,0.000000,1.586836
3196.2567,2026-06-03T15:05:40.608953,0.000000,1.586008
3196.7637,2026-06-03T15:05:41.116020,0.000000,1.585564
3197.2890,2026-06-03T15:05:41.641279,0.000000,1.584804
3197.7831,2026-06-03T15:05:42.135392,0.000000,1.584480
3198.2820,2026-06-03T15:05:42.634276,0.000000,1.583940
3198.7654,2026-06-03T15:05:43.117672,0.000000,1.582708
3199.2573,2026-06-03T15:05:43.609586,0.000000,1.582036
3199.7616,2026-06-03T15:05:44.113913,0.000000,1.580572
3200.2819,2026-06-03T15:05:44.634227,0.000000,1.579176
3200.7898,2026-06-03T15:05:45.142124,0.000000,1.578024
3201.2884,2026-06-03T15:05:45.640690,0.000000,1.576828
3201.7677,2026-06-03T15:05:46.120000,0.000000,1.576336
3202.2713,2026-06-03T15:05:46.623581,0.000000,1.576060
3202.7677,2026-06-03T15:05:47.120016,0.000000,1.575740
3203.2655,2026-06-03T15:05:47.617784,0.000000,1.575500
3203.7689,2026-06-03T15:05:48.121192,0.000000,1.574896
3204.2459,2026-06-03T15:05:48.598207,0.000000,1.574176
3204.7168,2026-06-03T15:05:49.069047,0.000000,1.573336
3205.2167,2026-06-03T15:05:49.568988,0.000000,1.572360
3205.7105,2026-06-03T15:05:50.062797,0.000000,1.571676
3206.2087,2026-06-03T15:05:50.560983,0.000000,1.571312
3206.7083,2026-06-03T15:05:51.060632,0.000000,1.570556
3207.2024,2026-06-03T15:05:51.554693,0.000000,1.570280
3207.7026,2026-06-03T15:05:52.054852,0.000000,1.569784
3208.2032,2026-06-03T15:05:52.555519,0.000000,1.568944
3208.7254,2026-06-03T15:05:53.077697,0.000000,1.568672
3209.2182,2026-06-03T15:05:53.570534,0.000000,1.568144
3209.7190,2026-06-03T15:05:54.071261,0.000000,1.567404
3210.2263,2026-06-03T15:05:54.578560,0.000000,1.566940
3210.7248,2026-06-03T15:05:55.077067,0.000000,1.566424
3211.1964,2026-06-03T15:05:55.548668,0.000000,1.565580
3211.6729,2026-06-03T15:05:56.025157,0.000000,1.564972
3212.1318,2026-06-03T15:05:56.484076,0.000000,1.564512
3212.6001,2026-06-03T15:05:56.952419,0.000000,1.563764
3213.1039,2026-06-03T15:05:57.456232,0.000000,1.563156
3213.5841,2026-06-03T15:05:57.936429,0.000000,1.562672
3214.0790,2026-06-03T15:05:58.431250,0.000000,1.561912
3214.5562,2026-06-03T15:05:58.908525,0.000000,1.561132
3215.0426,2026-06-03T15:05:59.394852,0.000000,1.560512
3215.5421,2026-06-03T15:05:59.894363,0.000000,1.560096
3216.0338,2026-06-03T15:06:00.386115,0.000000,1.559704
3216.5002,2026-06-03T15:06:00.852472,0.000000,1.559116
3216.9773,2026-06-03T15:06:01.329634,0.000000,1.558668
3217.4739,2026-06-03T15:06:01.826175,0.000000,1.557768
3217.9697,2026-06-03T15:06:02.321991,0.000000,1.556832
3218.4531,2026-06-03T15:06:02.805404,0.000000,1.555836
3218.9454,2026-06-03T15:06:03.297724,0.000000,1.555296
3219.4737,2026-06-03T15:06:03.825987,0.000000,1.554960
3219.9500,2026-06-03T15:06:04.302259,0.000000,1.554656
3220.4241,2026-06-03T15:06:04.776344,0.000000,1.554552
3220.8991,2026-06-03T15:06:05.251416,0.000000,1.553604
3221.3914,2026-06-03T15:06:05.743700,0.000000,1.552804
3221.8913,2026-06-03T15:06:06.243582,0.000000,1.552220
3222.3891,2026-06-03T15:06:06.741372,0.000000,1.551580
3222.8946,2026-06-03T15:06:07.246916,0.000000,1.551380
3223.4065,2026-06-03T15:06:07.758830,0.000000,1.551068
3223.8833,2026-06-03T15:06:08.235582,0.000000,1.550652
3224.3900,2026-06-03T15:06:08.742281,0.000000,1.550392
3224.8911,2026-06-03T15:06:09.243373,0.000000,1.550176
3225.3892,2026-06-03T15:06:09.741489,0.000000,1.550060
3225.8947,2026-06-03T15:06:10.246951,0.000000,1.549736
3226.3748,2026-06-03T15:06:10.727083,0.000000,1.548920
3226.8559,2026-06-03T15:06:11.208178,0.000000,1.548084
3227.3368,2026-06-03T15:06:11.689098,0.000000,1.546952
3227.8312,2026-06-03T15:06:12.183510,0.000000,1.546092
3228.3249,2026-06-03T15:06:12.677198,0.000000,1.545980
3228.8245,2026-06-03T15:06:13.176797,0.000000,1.545708
3229.3158,2026-06-03T15:06:13.668121,0.000000,1.545744
3229.8255,2026-06-03T15:06:14.177754,0.000000,1.545880
3230.3203,2026-06-03T15:06:14.672608,0.000000,1.545084
3230.7909,2026-06-03T15:06:15.143165,0.000000,1.544692
3231.2817,2026-06-03T15:06:15.633998,0.000000,1.544272
3231.7835,2026-06-03T15:06:16.135811,0.000000,1.543492
3232.3129,2026-06-03T15:06:16.665142,0.000000,1.543028
3232.7979,2026-06-03T15:06:17.150147,0.000000,1.542348
3233.2775,2026-06-03T15:06:17.629805,0.000000,1.541776
3233.7397,2026-06-03T15:06:18.091992,0.000000,1.541168
3234.2419,2026-06-03T15:06:18.594158,0.000000,1.540788
3234.7419,2026-06-03T15:06:19.094191,0.000000,1.540544
3235.2432,2026-06-03T15:06:19.595534,0.000000,1.540568
3235.7456,2026-06-03T15:06:20.097856,0.000000,1.540932
3236.2466,2026-06-03T15:06:20.598930,0.000000,1.540932
3236.7489,2026-06-03T15:06:21.101218,0.000000,1.540676
3237.2579,2026-06-03T15:06:21.610224,0.000000,1.540140
3237.7513,2026-06-03T15:06:22.103621,0.000000,1.539520
3238.2496,2026-06-03T15:06:22.601904,0.000000,1.539456
3238.7499,2026-06-03T15:06:23.102203,0.000000,1.539172
3239.2423,2026-06-03T15:06:23.594615,0.000000,1.539124
3239.7363,2026-06-03T15:06:24.088611,0.000000,1.539100
3240.2668,2026-06-03T15:06:24.619068,0.000000,1.538700
3240.7609,2026-06-03T15:06:25.113242,0.000000,1.538892
3241.2414,2026-06-03T15:06:25.593654,0.000000,1.538904
3241.7327,2026-06-03T15:06:26.085022,0.000000,1.538180
3242.2337,2026-06-03T15:06:26.585953,0.000000,1.538000
3242.7332,2026-06-03T15:06:27.085516,0.000000,1.537552
3243.2363,2026-06-03T15:06:27.588550,0.000000,1.537248
3243.7250,2026-06-03T15:06:28.077286,0.000000,1.537764
3244.2162,2026-06-03T15:06:28.568454,0.000000,1.537776
3244.7165,2026-06-03T15:06:29.068762,0.000000,1.537692
3245.2108,2026-06-03T15:06:29.563104,0.000000,1.537144
3245.7052,2026-06-03T15:06:30.057483,0.000000,1.536536
3246.2149,2026-06-03T15:06:30.567144,0.000000,1.536152
3246.7082,2026-06-03T15:06:31.060518,0.000000,1.535864
3247.1828,2026-06-03T15:06:31.535141,0.000000,1.536260
3247.6715,2026-06-03T15:06:32.023787,0.000000,1.536488
3248.1827,2026-06-03T15:06:32.535021,0.000000,1.536428
3248.6825,2026-06-03T15:06:33.034786,0.000000,1.536480
3249.1492,2026-06-03T15:06:33.501474,0.000000,1.536032
3249.6394,2026-06-03T15:06:33.991651,0.000000,1.536024
3250.1068,2026-06-03T15:06:34.459088,0.000000,1.536368
3250.6053,2026-06-03T15:06:34.957623,0.000000,1.536444
3251.1020,2026-06-03T15:06:35.454340,0.000000,1.536436
3251.5684,2026-06-03T15:06:35.920722,0.000000,1.536132
3252.0413,2026-06-03T15:06:36.393568,0.000000,1.535492
3252.5358,2026-06-03T15:06:36.888102,0.000000,1.534772
3253.0343,2026-06-03T15:06:37.386600,0.000000,1.534528
3253.5495,2026-06-03T15:06:37.901762,0.000000,1.534172
3254.0521,2026-06-03T15:06:38.404415,0.000000,1.534148
3254.5497,2026-06-03T15:06:38.901953,0.000000,1.533980
3255.0422,2026-06-03T15:06:39.394444,0.000000,1.533420
3255.5333,2026-06-03T15:06:39.885623,0.000000,1.533000
3256.0209,2026-06-03T15:06:40.373159,0.000000,1.532424
3256.5159,2026-06-03T15:06:40.868192,0.000000,1.532396
3256.9901,2026-06-03T15:06:41.342368,0.000000,1.532544
3257.4978,2026-06-03T15:06:41.850118,0.000000,1.532656
3257.9925,2026-06-03T15:06:42.344824,0.000000,1.533012
3258.4794,2026-06-03T15:06:42.831683,0.000000,1.532848
3258.9707,2026-06-03T15:06:43.322964,0.000000,1.532732
3259.4688,2026-06-03T15:06:43.821044,0.000000,1.532792
3259.9430,2026-06-03T15:06:44.295324,0.000000,1.532492
3260.4166,2026-06-03T15:06:44.768914,0.000000,1.532644
3260.9185,2026-06-03T15:06:45.270796,0.000000,1.532880
3261.4027,2026-06-03T15:06:45.755020,0.000000,1.532972
3261.8813,2026-06-03T15:06:46.233621,0.000000,1.533232
3262.3753,2026-06-03T15:06:46.727559,0.000000,1.532872
3262.8832,2026-06-03T15:06:47.235457,0.000000,1.532560
3263.3671,2026-06-03T15:06:47.719427,0.000000,1.532480
3263.8704,2026-06-03T15:06:48.222723,0.000000,1.532064
3264.3718,2026-06-03T15:06:48.724107,0.000000,1.532172
3264.8783,2026-06-03T15:06:49.230629,0.000000,1.532056
3265.3693,2026-06-03T15:06:49.721574,0.000000,1.531880
3265.8473,2026-06-03T15:06:50.199570,0.000000,1.532320
3266.3526,2026-06-03T15:06:50.704840,0.000000,1.532480
3266.8356,2026-06-03T15:06:51.187924,0.000000,1.532516
3267.3314,2026-06-03T15:06:51.683708,0.000000,1.532744
3267.8244,2026-06-03T15:06:52.176725,0.000000,1.532808
3268.3273,2026-06-03T15:06:52.679606,0.000000,1.532348
3268.8239,2026-06-03T15:06:53.176164,0.000000,1.532004
3269.3164,2026-06-03T15:06:53.668731,0.000000,1.531640
3269.8278,2026-06-03T15:06:54.180057,0.000000,1.531104
3270.2972,2026-06-03T15:06:54.649481,0.000000,1.531196
3270.7920,2026-06-03T15:06:55.144253,0.000000,1.531580
3271.2948,2026-06-03T15:06:55.647089,0.000000,1.532184
3271.7915,2026-06-03T15:06:56.143796,0.000000,1.532332
3272.2915,2026-06-03T15:06:56.643817,0.000000,1.532452
3272.7929,2026-06-03T15:06:57.145186,0.000000,1.532344
3273.2603,2026-06-03T15:06:57.612620,0.000000,1.531888
3273.7423,2026-06-03T15:06:58.094628,0.000000,1.531740
3274.2409,2026-06-03T15:06:58.593151,0.000000,1.531944
3274.7327,2026-06-03T15:06:59.084945,0.000000,1.532156
3275.2483,2026-06-03T15:06:59.600543,0.000000,1.532320
3275.7346,2026-06-03T15:07:00.086886,0.000000,1.532332
3276.2357,2026-06-03T15:07:00.587950,0.000000,1.532256
3276.7251,2026-06-03T15:07:01.077388,0.000000,1.532100
3277.2242,2026-06-03T15:07:01.576492,0.000000,1.531956
3277.7437,2026-06-03T15:07:02.095955,0.000000,1.531940
3278.2614,2026-06-03T15:07:02.613697,0.000000,1.531756
3278.7596,2026-06-03T15:07:03.111856,0.000000,1.531672
3279.2634,2026-06-03T15:07:03.615692,0.000000,1.531624
3279.7589,2026-06-03T15:07:04.111192,0.000000,1.532020
3280.2580,2026-06-03T15:07:04.610275,0.000000,1.532204
3280.7414,2026-06-03T15:07:05.093732,0.000000,1.532352
3281.2385,2026-06-03T15:07:05.590756,0.000000,1.532428
3281.7552,2026-06-03T15:07:06.107469,0.000000,1.532068
3282.2563,2026-06-03T15:07:06.608634,0.000000,1.531988
3282.7606,2026-06-03T15:07:07.112893,0.000000,1.531808
3283.2295,2026-06-03T15:07:07.581742,0.000000,1.531940
3283.7314,2026-06-03T15:07:08.083718,0.000000,1.532584
3284.2141,2026-06-03T15:07:08.566349,0.000000,1.532936
3284.7080,2026-06-03T15:07:09.060242,0.000000,1.533208
3285.2018,2026-06-03T15:07:09.554120,0.000000,1.533232
3285.6992,2026-06-03T15:07:10.051542,0.000000,1.533144
3286.1666,2026-06-03T15:07:10.518914,0.000000,1.533224
3286.6622,2026-06-03T15:07:11.014486,0.000000,1.533536
3287.1522,2026-06-03T15:07:11.504496,0.000000,1.533704
3287.6639,2026-06-03T15:07:12.016202,0.000000,1.533752
3288.1567,2026-06-03T15:07:12.509016,0.000000,1.533560
3288.6623,2026-06-03T15:07:13.014561,0.000000,1.533476
3289.1537,2026-06-03T15:07:13.506044,0.000000,1.533516
3289.6596,2026-06-03T15:07:14.011876,0.000000,1.533388
3290.1728,2026-06-03T15:07:14.525075,0.000000,1.533444
3290.6702,2026-06-03T15:07:15.022455,0.000000,1.533348
3291.1637,2026-06-03T15:07:15.516016,0.000000,1.533360
3291.6606,2026-06-03T15:07:16.012862,0.000000,1.533548
3292.1622,2026-06-03T15:07:16.514527,0.000000,1.533664
3292.6649,2026-06-03T15:07:17.017182,0.000000,1.533880
3293.1596,2026-06-03T15:07:17.511868,0.000000,1.534120
3293.6593,2026-06-03T15:07:18.011635,0.000000,1.534344
3294.1538,2026-06-03T15:07:18.506062,0.000000,1.534820
3294.6199,2026-06-03T15:07:18.972162,0.000000,1.535156
3295.0952,2026-06-03T15:07:19.447497,0.000000,1.535472
3295.5669,2026-06-03T15:07:19.919170,0.000000,1.535552
3296.0670,2026-06-03T15:07:20.419254,0.000000,1.535684
3296.5623,2026-06-03T15:07:20.914556,0.000000,1.536004
3297.0624,2026-06-03T15:07:21.414724,0.000000,1.536012
3297.5554,2026-06-03T15:07:21.907709,0.000000,1.536452
3298.0595,2026-06-03T15:07:22.411759,0.000000,1.536812
3298.5840,2026-06-03T15:07:22.936274,0.000000,1.536892
3299.0474,2026-06-03T15:07:23.399726,0.000000,1.537664
3299.5540,2026-06-03T15:07:23.906286,0.000000,1.537976
3300.0303,2026-06-03T15:07:24.382571,0.000000,1.538480
3300.5229,2026-06-03T15:07:24.875186,0.000000,1.538908
3300.9941,2026-06-03T15:07:25.346431,0.000000,1.538764
3301.4941,2026-06-03T15:07:25.846389,0.000000,1.538812
3302.0270,2026-06-03T15:07:26.379326,0.000000,1.538680
3302.5187,2026-06-03T15:07:26.871018,0.000000,1.538700
3303.0002,2026-06-03T15:07:27.352523,0.000000,1.539176
3303.4897,2026-06-03T15:07:27.841976,0.000000,1.539628
3303.9899,2026-06-03T15:07:28.342221,0.000000,1.540072
3304.4818,2026-06-03T15:07:28.834046,0.000000,1.540388
3304.9487,2026-06-03T15:07:29.301010,0.000000,1.540576
3305.4538,2026-06-03T15:07:29.806085,0.000000,1.540720
3305.9519,2026-06-03T15:07:30.304193,0.000000,1.541052
3306.4466,2026-06-03T15:07:30.798894,0.000000,1.541168
3306.9480,2026-06-03T15:07:31.300338,0.000000,1.541384
3307.4837,2026-06-03T15:07:31.836002,0.000000,1.541596
3307.9584,2026-06-03T15:07:32.310730,0.000000,1.541468
3308.4587,2026-06-03T15:07:32.811021,0.000000,1.541912
3308.9307,2026-06-03T15:07:33.283022,0.000000,1.542468
3309.4023,2026-06-03T15:07:33.754608,0.000000,1.542880
3309.9038,2026-06-03T15:07:34.256061,0.000000,1.543440
3310.4021,2026-06-03T15:07:34.754420,0.000000,1.543780
3310.9144,2026-06-03T15:07:35.266722,0.000000,1.543708
3311.4042,2026-06-03T15:07:35.756519,0.000000,1.543828
3311.9069,2026-06-03T15:07:36.259220,0.000000,1.543916
3312.3889,2026-06-03T15:07:36.741161,0.000000,1.544336
3312.8787,2026-06-03T15:07:37.230951,0.000000,1.544488
3313.3705,2026-06-03T15:07:37.722750,0.000000,1.544684
3313.8749,2026-06-03T15:07:38.227190,0.000000,1.544708
3314.3699,2026-06-03T15:07:38.722218,0.000000,1.544836
3314.8613,2026-06-03T15:07:39.213604,0.000000,1.545512
3315.3626,2026-06-03T15:07:39.714868,0.000000,1.546376
3315.8563,2026-06-03T15:07:40.208635,0.000000,1.547060
3316.3641,2026-06-03T15:07:40.716402,0.000000,1.547760
3316.8544,2026-06-03T15:07:41.206743,0.000000,1.547976
3317.3584,2026-06-03T15:07:41.710663,0.000000,1.547948
3317.8540,2026-06-03T15:07:42.206294,0.000000,1.547912
3318.3481,2026-06-03T15:07:42.700385,0.000000,1.547920
3318.8438,2026-06-03T15:07:43.196064,0.000000,1.548240
3319.3371,2026-06-03T15:07:43.689419,0.000000,1.548504
3319.8375,2026-06-03T15:07:44.189793,0.000000,1.549208
3320.3349,2026-06-03T15:07:44.687208,0.000000,1.549712
3320.8240,2026-06-03T15:07:45.176323,0.000000,1.549912
3321.3227,2026-06-03T15:07:45.674980,0.000000,1.550092
3321.8208,2026-06-03T15:07:46.173111,0.000000,1.550208
3322.3192,2026-06-03T15:07:46.671478,0.000000,1.550060
3322.8217,2026-06-03T15:07:47.174001,0.000000,1.550040
3323.3239,2026-06-03T15:07:47.676227,0.000000,1.550240
3323.8264,2026-06-03T15:07:48.178688,0.000000,1.550156
3324.3202,2026-06-03T15:07:48.672457,0.000000,1.550604
3324.8209,2026-06-03T15:07:49.173174,0.000000,1.550736
3325.3188,2026-06-03T15:07:49.671095,0.000000,1.551116
3325.8066,2026-06-03T15:07:50.158851,0.000000,1.551616
3326.3242,2026-06-03T15:07:50.676472,0.000000,1.551656
3326.8283,2026-06-03T15:07:51.180609,0.000000,1.552216
3327.3204,2026-06-03T15:07:51.672666,0.000000,1.552240
3327.8327,2026-06-03T15:07:52.185036,0.000000,1.552348
3328.3271,2026-06-03T15:07:52.679348,0.000000,1.553048
3328.8317,2026-06-03T15:07:53.184040,0.000000,1.553472
3329.3256,2026-06-03T15:07:53.677862,0.000000,1.554032
3329.8038,2026-06-03T15:07:54.156053,0.000000,1.554632
3330.3041,2026-06-03T15:07:54.656361,0.000000,1.554732
3330.7955,2026-06-03T15:07:55.147781,0.000000,1.555096
3331.2996,2026-06-03T15:07:55.651896,0.000000,1.555536
3331.7965,2026-06-03T15:07:56.148824,0.000000,1.555616
3332.2950,2026-06-03T15:07:56.647263,0.000000,1.556148
3332.7957,2026-06-03T15:07:57.148003,0.000000,1.556340
3333.2901,2026-06-03T15:07:57.642350,0.000000,1.556740
3333.7953,2026-06-03T15:07:58.147603,0.000000,1.557072
3334.3000,2026-06-03T15:07:58.652337,0.000000,1.557256
3334.7899,2026-06-03T15:07:59.142165,0.000000,1.557300
3335.2539,2026-06-03T15:07:59.606173,0.000000,1.557544
3335.7429,2026-06-03T15:08:00.095229,0.000000,1.557812
3336.2441,2026-06-03T15:08:00.596386,0.000000,1.558256
3336.7394,2026-06-03T15:08:01.091677,0.000000,1.558748
3337.2273,2026-06-03T15:08:01.579602,0.000000,1.559184
3337.7204,2026-06-03T15:08:02.072703,0.000000,1.559640
3338.2163,2026-06-03T15:08:02.568566,0.000000,1.559948
3338.7067,2026-06-03T15:08:03.058973,0.000000,1.560080
3339.2069,2026-06-03T15:08:03.559184,0.000000,1.560668
3339.7067,2026-06-03T15:08:04.058984,0.000000,1.560944
3340.2034,2026-06-03T15:08:04.555657,0.000000,1.561216
3340.7065,2026-06-03T15:08:05.058785,0.000000,1.561656
3341.1817,2026-06-03T15:08:05.533965,0.000000,1.561624
3341.6664,2026-06-03T15:08:06.018700,0.000000,1.561692
3342.1625,2026-06-03T15:08:06.514741,0.000000,1.562316
3342.6961,2026-06-03T15:08:07.048428,0.000000,1.562804
3343.1603,2026-06-03T15:08:07.512627,0.000000,1.563360
3343.6638,2026-06-03T15:08:08.016096,0.000000,1.563820
3344.1561,2026-06-03T15:08:08.508430,0.000000,1.563436
3344.6579,2026-06-03T15:08:09.010178,0.000000,1.563624
3345.1570,2026-06-03T15:08:09.509264,0.000000,1.564028
3345.6582,2026-06-03T15:08:10.010528,0.000000,1.564716
3346.1522,2026-06-03T15:08:10.504525,0.000000,1.565812
3346.6492,2026-06-03T15:08:11.001514,0.000000,1.566468
3347.1272,2026-06-03T15:08:11.479475,0.000000,1.567004
3347.6301,2026-06-03T15:08:11.982375,0.000000,1.567268
3348.1227,2026-06-03T15:08:12.474992,0.000000,1.567396
3348.6245,2026-06-03T15:08:12.976831,0.000000,1.567404
3349.0830,2026-06-03T15:08:13.435328,0.000000,1.567708
3349.5828,2026-06-03T15:08:13.935063,0.000000,1.568280
3350.0698,2026-06-03T15:08:14.422089,0.000000,1.569036
3350.5765,2026-06-03T15:08:14.928774,0.000000,1.569592
3351.0903,2026-06-03T15:08:15.442563,0.000000,1.569784
3351.5888,2026-06-03T15:08:15.941083,0.000000,1.569408
3352.0940,2026-06-03T15:08:16.446295,0.000000,1.568856
3352.5911,2026-06-03T15:08:16.943413,0.000000,1.569156
3353.0896,2026-06-03T15:08:17.441885,0.000000,1.569668
3353.5984,2026-06-03T15:08:17.950670,0.000000,1.570076
3354.0992,2026-06-03T15:08:18.451486,0.000000,1.570768
3354.5760,2026-06-03T15:08:18.928331,0.000000,1.570996
3355.0817,2026-06-03T15:08:19.434014,0.000000,1.571812
3355.5801,2026-06-03T15:08:19.932413,0.000000,1.572436
3356.0866,2026-06-03T15:08:20.438901,0.000000,1.573280
3356.5814,2026-06-03T15:08:20.933665,0.000000,1.573824
3357.0785,2026-06-03T15:08:21.430767,0.000000,1.573900
3357.5966,2026-06-03T15:08:21.948913,0.000000,1.574296
3358.0953,2026-06-03T15:08:22.447563,0.000000,1.574288
3358.5882,2026-06-03T15:08:22.940466,0.000000,1.574572
3359.0673,2026-06-03T15:08:23.419545,0.000000,1.574888
3359.5379,2026-06-03T15:08:23.890184,0.000000,1.575292
3360.0410,2026-06-03T15:08:24.393247,0.000000,1.575672
3360.5365,2026-06-03T15:08:24.888832,0.000000,1.576100
3361.0578,2026-06-03T15:08:25.410056,0.000000,1.576304
3361.5598,2026-06-03T15:08:25.912053,0.000000,1.576432
3362.0618,2026-06-03T15:08:26.414079,0.000000,1.576808
3362.5482,2026-06-03T15:08:26.900481,0.000000,1.576704
3363.0481,2026-06-03T15:08:27.400396,0.000000,1.576788
3363.5500,2026-06-03T15:08:27.902332,0.000000,1.577040
3364.0452,2026-06-03T15:08:28.397497,0.000000,1.577288
3364.5442,2026-06-03T15:08:28.896477,0.000000,1.577780
3365.0121,2026-06-03T15:08:29.364398,0.000000,1.578328
3365.5049,2026-06-03T15:08:29.857225,0.000000,1.579128
3365.9868,2026-06-03T15:08:30.339066,0.000000,1.579732
3366.5121,2026-06-03T15:08:30.864341,0.000000,1.580732
3367.0018,2026-06-03T15:08:31.354118,0.000000,1.581784
3367.4807,2026-06-03T15:08:31.832997,0.000000,1.582292
3367.9784,2026-06-03T15:08:32.330692,0.000000,1.582860
3368.4768,2026-06-03T15:08:32.829116,0.000000,1.583096
3368.9938,2026-06-03T15:08:33.346099,0.000000,1.583420
3369.4721,2026-06-03T15:08:33.824419,0.000000,1.583672
3369.9674,2026-06-03T15:08:34.319645,0.000000,1.584148
3370.4689,2026-06-03T15:08:34.821201,0.000000,1.584824
3370.9728,2026-06-03T15:08:35.325049,0.000000,1.585292
3371.4513,2026-06-03T15:08:35.803597,0.000000,1.586008
3371.9440,2026-06-03T15:08:36.296274,0.000000,1.586340
3372.4391,2026-06-03T15:08:36.791377,0.000000,1.586568
3372.9302,2026-06-03T15:08:37.282504,0.000000,1.587092
3373.4270,2026-06-03T15:08:37.779325,0.000000,1.587324
3373.9472,2026-06-03T15:08:38.299449,0.000000,1.587824
3374.4472,2026-06-03T15:08:38.799522,0.000000,1.588184
3374.9453,2026-06-03T15:08:39.297564,0.000000,1.588268
3375.4302,2026-06-03T15:08:39.782549,0.000000,1.588356
3375.9286,2026-06-03T15:08:40.280900,0.000000,1.588756
3376.4289,2026-06-03T15:08:40.781236,0.000000,1.588796
3376.9200,2026-06-03T15:08:41.272284,0.000000,1.589104
3377.3786,2026-06-03T15:08:41.730938,0.000000,1.589784
3377.8733,2026-06-03T15:08:42.225632,0.000000,1.589952
3378.3769,2026-06-03T15:08:42.729182,0.000000,1.590328
3378.8810,2026-06-03T15:08:43.233308,0.000000,1.590968
3379.3806,2026-06-03T15:08:43.732850,0.000000,1.590900
3379.8848,2026-06-03T15:08:44.237088,0.000000,1.591080
3380.3786,2026-06-03T15:08:44.730919,0.000000,1.591140
3380.8785,2026-06-03T15:08:45.230768,0.000000,1.591252
3381.4036,2026-06-03T15:08:45.755875,0.000000,1.591436
3381.8951,2026-06-03T15:08:46.247363,0.000000,1.591688
3382.3803,2026-06-03T15:08:46.732547,0.000000,1.592296
3382.8775,2026-06-03T15:08:47.229798,0.000000,1.592572
3383.3434,2026-06-03T15:08:47.695705,0.000000,1.593260
3383.8121,2026-06-03T15:08:48.164394,0.000000,1.593756
3384.3060,2026-06-03T15:08:48.658291,0.000000,1.594428
3384.8080,2026-06-03T15:08:49.160267,0.000000,1.595244
3385.3053,2026-06-03T15:08:49.657621,0.000000,1.595824
3385.8039,2026-06-03T15:08:50.156173,0.000000,1.596136
3386.3007,2026-06-03T15:08:50.653024,0.000000,1.596208
3386.7994,2026-06-03T15:08:51.151723,0.000000,1.596312
3387.2965,2026-06-03T15:08:51.648822,0.000000,1.596576
3387.7907,2026-06-03T15:08:52.143001,0.000000,1.597284
3388.2901,2026-06-03T15:08:52.642411,0.000000,1.598076
3388.7874,2026-06-03T15:08:53.139645,0.000000,1.598828
3389.2560,2026-06-03T15:08:53.608266,0.000000,1.599324
3389.7500,2026-06-03T15:08:54.102266,0.000000,1.599472
3390.2373,2026-06-03T15:08:54.589604,0.000000,1.600008
3390.7325,2026-06-03T15:08:55.084788,0.000000,1.600272
3391.2130,2026-06-03T15:08:55.565314,0.000000,1.600968
3391.6909,2026-06-03T15:08:56.043183,0.000000,1.602036
3392.1915,2026-06-03T15:08:56.543765,0.000000,1.602924
3392.6934,2026-06-03T15:08:57.045724,0.000000,1.603748
3393.1728,2026-06-03T15:08:57.525092,0.000000,1.604404
3393.6689,2026-06-03T15:08:58.021190,0.000000,1.604924
3394.1579,2026-06-03T15:08:58.510182,0.000000,1.605148
3394.6489,2026-06-03T15:08:59.001166,0.000000,1.605860
3395.1768,2026-06-03T15:08:59.529044,0.000000,1.606700
3395.6768,2026-06-03T15:09:00.029085,0.000000,1.607132
3396.1765,2026-06-03T15:09:00.528783,0.000000,1.607668
3396.6766,2026-06-03T15:09:01.028884,0.000000,1.607804
3397.1814,2026-06-03T15:09:01.533719,0.000000,1.607908
3397.6634,2026-06-03T15:09:02.015775,0.000000,1.608472
3398.1501,2026-06-03T15:09:02.502401,0.000000,1.609048
3398.6495,2026-06-03T15:09:03.001826,0.000000,1.609788
3399.1496,2026-06-03T15:09:03.501877,0.000000,1.610436
3399.6614,2026-06-03T15:09:04.013707,0.000000,1.611368
3400.1577,2026-06-03T15:09:04.510035,0.000000,1.611688
3400.6568,2026-06-03T15:09:05.009048,0.000000,1.612108
3401.1574,2026-06-03T15:09:05.509723,0.000000,1.612652
3401.6863,2026-06-03T15:09:06.038626,0.000000,1.612976
3402.1600,2026-06-03T15:09:06.512310,0.000000,1.613436
3402.6451,2026-06-03T15:09:06.997364,0.000000,1.613828
3403.1327,2026-06-03T15:09:07.485015,0.000000,1.614152
3403.6311,2026-06-03T15:09:07.983394,0.000000,1.614564
3404.1353,2026-06-03T15:09:08.487553,0.000000,1.614856
3404.6200,2026-06-03T15:09:08.972281,0.000000,1.615456
3405.1162,2026-06-03T15:09:09.468463,0.000000,1.615760
3405.6144,2026-06-03T15:09:09.966672,0.000000,1.616076
3406.0993,2026-06-03T15:09:10.451546,0.000000,1.616488
3406.5935,2026-06-03T15:09:10.945775,0.000000,1.616848
3407.0470,2026-06-03T15:09:11.399303,0.000000,1.617228
3407.5515,2026-06-03T15:09:11.903783,0.000000,1.617812
3408.0490,2026-06-03T15:09:12.401321,0.000000,1.618404
3408.5411,2026-06-03T15:09:12.893393,0.000000,1.619116
3409.0414,2026-06-03T15:09:13.393726,0.000000,1.619832
3409.5293,2026-06-03T15:09:13.881558,0.000000,1.620420
3410.0291,2026-06-03T15:09:14.381404,0.000000,1.621300
3410.5533,2026-06-03T15:09:14.905613,0.000000,1.621796
3411.0564,2026-06-03T15:09:15.408694,0.000000,1.622544
3411.5390,2026-06-03T15:09:15.891317,0.000000,1.623104
3412.0387,2026-06-03T15:09:16.390989,0.000000,1.623504
3412.5390,2026-06-03T15:09:16.891317,0.000000,1.624232
3413.0402,2026-06-03T15:09:17.392442,0.000000,1.625060
3413.5370,2026-06-03T15:09:17.889252,0.000000,1.625688
3414.0456,2026-06-03T15:09:18.397927,0.000000,1.626500
3414.5761,2026-06-03T15:09:18.928372,0.000000,1.627248
3415.0851,2026-06-03T15:09:19.437435,0.000000,1.627568
3415.5833,2026-06-03T15:09:19.935581,0.000000,1.628104
3416.0932,2026-06-03T15:09:20.445515,0.000000,1.628488
3416.6149,2026-06-03T15:09:20.967172,0.000000,1.628604
3417.1173,2026-06-03T15:09:21.469555,0.000000,1.628840
3417.6165,2026-06-03T15:09:21.968795,0.000000,1.629480
3418.1170,2026-06-03T15:09:22.469299,0.000000,1.629696
3418.6146,2026-06-03T15:09:22.966871,0.000000,1.630456
3419.1209,2026-06-03T15:09:23.473210,0.000000,1.631244
3419.6203,2026-06-03T15:09:23.972640,0.000000,1.631556
3420.1284,2026-06-03T15:09:24.480669,0.000000,1.632268
3420.6455,2026-06-03T15:09:24.997823,0.000000,1.632728
3421.1383,2026-06-03T15:09:25.490558,0.000000,1.633248
3421.6456,2026-06-03T15:09:25.997888,0.000000,1.633308
3422.1372,2026-06-03T15:09:26.489438,0.000000,1.633652
3422.6413,2026-06-03T15:09:26.993561,0.000000,1.634012
3423.1654,2026-06-03T15:09:27.517691,0.000000,1.634676
3423.6642,2026-06-03T15:09:28.016461,0.000000,1.635804
3424.1655,2026-06-03T15:09:28.517777,0.000000,1.636400
3424.6601,2026-06-03T15:09:29.012364,0.000000,1.637036
3425.1557,2026-06-03T15:09:29.507994,0.000000,1.637376
3425.6471,2026-06-03T15:09:29.999438,0.000000,1.637828
3426.1361,2026-06-03T15:09:30.488419,0.000000,1.638320
3426.6352,2026-06-03T15:09:30.987493,0.000000,1.639360
3427.1638,2026-06-03T15:09:31.516079,0.000000,1.640020
3427.6692,2026-06-03T15:09:32.021496,0.000000,1.640560
3428.1690,2026-06-03T15:09:32.521311,0.000000,1.640964
3428.6679,2026-06-03T15:09:33.020194,0.000000,1.641112
3429.1935,2026-06-03T15:09:33.545771,0.000000,1.641484
3429.6934,2026-06-03T15:09:34.045719,0.000000,1.642240
3430.1784,2026-06-03T15:09:34.530668,0.000000,1.642916
3430.6651,2026-06-03T15:09:35.017359,0.000000,1.643516
3431.1701,2026-06-03T15:09:35.522403,0.000000,1.644260
3431.6683,2026-06-03T15:09:36.020586,0.000000,1.645188
3432.1621,2026-06-03T15:09:36.514424,0.000000,1.646100
3432.6652,2026-06-03T15:09:37.017496,0.000000,1.646748
3433.1439,2026-06-03T15:09:37.496215,0.000000,1.647472
3433.6614,2026-06-03T15:09:38.013729,0.000000,1.647932
3434.1684,2026-06-03T15:09:38.520694,0.000000,1.648488
3434.6661,2026-06-03T15:09:39.018359,0.000000,1.649564
3435.1685,2026-06-03T15:09:39.520741,0.000000,1.650436
3435.6701,2026-06-03T15:09:40.022424,0.000000,1.651268
3436.1704,2026-06-03T15:09:40.522666,0.000000,1.651856
3436.6585,2026-06-03T15:09:41.010819,0.000000,1.652200
3437.1640,2026-06-03T15:09:41.516323,0.000000,1.652792
3437.6683,2026-06-03T15:09:42.020629,0.000000,1.653304
3438.1608,2026-06-03T15:09:42.513109,0.000000,1.654020
3438.6572,2026-06-03T15:09:43.009463,0.000000,1.654804
3439.1534,2026-06-03T15:09:43.505663,0.000000,1.655272
3439.6531,2026-06-03T15:09:44.005416,0.000000,1.656032
3440.1461,2026-06-03T15:09:44.498437,0.000000,1.656940
3440.6698,2026-06-03T15:09:45.022137,0.000000,1.657512
3441.1725,2026-06-03T15:09:45.524831,0.000000,1.658272
3441.6646,2026-06-03T15:09:46.016831,0.000000,1.658944
3442.1607,2026-06-03T15:09:46.512969,0.000000,1.659312
3442.6512,2026-06-03T15:09:47.003469,0.000000,1.660544
3443.1459,2026-06-03T15:09:47.498209,0.000000,1.661332
3443.6455,2026-06-03T15:09:47.997775,0.000000,1.662352
3444.1374,2026-06-03T15:09:48.489713,0.000000,1.663004
3444.6450,2026-06-03T15:09:48.997318,0.000000,1.662864
3445.1397,2026-06-03T15:09:49.491957,0.000000,1.663304
3445.6452,2026-06-03T15:09:49.997487,0.000000,1.663364
3446.1397,2026-06-03T15:09:50.492017,0.000000,1.663940
3446.6367,2026-06-03T15:09:50.989003,0.000000,1.664856
3447.1266,2026-06-03T15:09:51.478843,0.000000,1.665212
3447.6563,2026-06-03T15:09:52.008567,0.000000,1.665884
3448.1507,2026-06-03T15:09:52.502983,0.000000,1.666536
3448.6533,2026-06-03T15:09:53.005635,0.000000,1.667220
3449.1531,2026-06-03T15:09:53.505404,0.000000,1.667776
3449.6539,2026-06-03T15:09:54.006151,0.000000,1.668208
3450.1498,2026-06-03T15:09:54.502125,0.000000,1.668700
3450.6451,2026-06-03T15:09:54.997379,0.000000,1.669132
3451.1425,2026-06-03T15:09:55.494767,0.000000,1.670012
3451.6738,2026-06-03T15:09:56.026081,0.000000,1.670660
3452.1654,2026-06-03T15:09:56.517656,0.000000,1.670756
3452.6601,2026-06-03T15:09:57.012413,0.000000,1.671264
3453.1556,2026-06-03T15:09:57.507875,0.000000,1.671788
3453.6699,2026-06-03T15:09:58.022225,0.000000,1.672516
3454.1656,2026-06-03T15:09:58.517923,0.000000,1.673580
3454.6360,2026-06-03T15:09:58.988324,0.000000,1.674388
3455.1336,2026-06-03T15:09:59.485927,0.000000,1.674900
3455.6377,2026-06-03T15:09:59.990027,0.000000,1.675600
3456.1329,2026-06-03T15:10:00.485155,0.000000,1.676200
3456.6304,2026-06-03T15:10:00.982687,0.000000,1.677048
3457.1350,2026-06-03T15:10:01.487280,0.000000,1.677608
3457.6030,2026-06-03T15:10:01.955306,0.000000,1.678716
3458.1065,2026-06-03T15:10:02.458757,0.000000,1.679424
3458.5745,2026-06-03T15:10:02.926798,0.000000,1.679924
3459.0699,2026-06-03T15:10:03.422193,0.000000,1.680632
3459.5864,2026-06-03T15:10:03.938687,0.000000,1.680656
3460.0713,2026-06-03T15:10:04.423599,0.000000,1.680960
3460.5680,2026-06-03T15:10:04.920305,0.000000,1.681468
3461.0486,2026-06-03T15:10:05.400912,0.000000,1.681824
3461.5388,2026-06-03T15:10:05.891129,0.000000,1.682232
3462.0442,2026-06-03T15:10:06.396534,0.000000,1.682800
3462.5637,2026-06-03T15:10:06.915930,0.000000,1.683184
3463.0602,2026-06-03T15:10:07.412447,0.000000,1.684096
3463.5207,2026-06-03T15:10:07.873031,0.000000,1.685224
3464.0235,2026-06-03T15:10:08.375822,0.000000,1.686152
3464.4904,2026-06-03T15:10:08.842703,0.000000,1.687152
3464.9975,2026-06-03T15:10:09.349829,0.000000,1.687844
3465.4914,2026-06-03T15:10:09.843692,0.000000,1.688432
3465.9939,2026-06-03T15:10:10.346161,0.000000,1.688880
3466.4933,2026-06-03T15:10:10.845597,0.000000,1.689580
3466.9948,2026-06-03T15:10:11.347053,0.000000,1.690264
3467.5238,2026-06-03T15:10:11.876074,0.000000,1.690796
3468.0242,2026-06-03T15:10:12.376491,0.000000,1.691640
3468.4978,2026-06-03T15:10:12.850135,0.000000,1.692168
3468.9988,2026-06-03T15:10:13.351095,0.000000,1.692740
3469.4623,2026-06-03T15:10:13.814635,0.000000,1.693944
3469.9359,2026-06-03T15:10:14.288146,0.000000,1.694340
3470.4421,2026-06-03T15:10:14.794358,0.000000,1.694992
3470.9373,2026-06-03T15:10:15.289545,0.000000,1.695976
3471.4393,2026-06-03T15:10:15.791554,0.000000,1.696176
3471.9380,2026-06-03T15:10:16.290280,0.000000,1.696888
3472.4412,2026-06-03T15:10:16.793518,0.000000,1.697372
3472.9363,2026-06-03T15:10:17.288551,0.000000,1.697928
3473.4238,2026-06-03T15:10:17.776114,0.000000,1.698648
3473.9158,2026-06-03T15:10:18.268110,0.000000,1.699240
3474.4223,2026-06-03T15:10:18.774604,0.000000,1.699684
3474.9074,2026-06-03T15:10:19.259696,0.000000,1.700380
3475.3858,2026-06-03T15:10:19.738044,0.000000,1.701012
3475.8706,2026-06-03T15:10:20.222868,0.000000,1.701604
3476.3969,2026-06-03T15:10:20.749194,0.000000,1.702616
3476.8985,2026-06-03T15:10:21.250780,0.000000,1.703356
3477.3989,2026-06-03T15:10:21.751160,0.000000,1.704148
3477.8975,2026-06-03T15:10:22.249745,0.000000,1.704804
3478.3943,2026-06-03T15:10:22.746640,0.000000,1.705208
3478.8906,2026-06-03T15:10:23.242915,0.000000,1.705544
3479.4095,2026-06-03T15:10:23.761738,0.000000,1.706216
3479.9099,2026-06-03T15:10:24.262227,0.000000,1.706704
3480.4074,2026-06-03T15:10:24.759655,0.000000,1.707276
3480.9169,2026-06-03T15:10:25.269205,0.000000,1.707920
3481.4119,2026-06-03T15:10:25.764195,0.000000,1.708648
3481.9117,2026-06-03T15:10:26.264013,0.000000,1.709844
3482.4053,2026-06-03T15:10:26.757622,0.000000,1.710680
3482.8947,2026-06-03T15:10:27.246956,0.000000,1.711436
3483.3834,2026-06-03T15:10:27.735678,0.000000,1.711912
3483.8777,2026-06-03T15:10:28.230017,0.000000,1.712564
3484.3738,2026-06-03T15:10:28.726050,0.000000,1.713480
3484.8705,2026-06-03T15:10:29.222748,0.000000,1.714580
3485.3734,2026-06-03T15:10:29.725710,0.000000,1.715428
3485.8472,2026-06-03T15:10:30.199521,0.000000,1.716136
3486.3466,2026-06-03T15:10:30.698897,0.000000,1.716716
3486.8753,2026-06-03T15:10:31.227576,0.000000,1.717404
3487.3696,2026-06-03T15:10:31.721881,0.000000,1.718136
3487.8673,2026-06-03T15:10:32.219591,0.000000,1.718464
3488.3659,2026-06-03T15:10:32.718161,0.000000,1.719128
3488.8602,2026-06-03T15:10:33.212509,0.000000,1.719488
3489.3580,2026-06-03T15:10:33.710282,0.000000,1.719784
3489.8304,2026-06-03T15:10:34.182666,0.000000,1.720388
3490.3147,2026-06-03T15:10:34.667023,0.000000,1.720848
3490.7812,2026-06-03T15:10:35.133532,0.000000,1.721496
3491.2841,2026-06-03T15:10:35.636414,0.000000,1.722068
3491.7865,2026-06-03T15:10:36.138761,0.000000,1.722804
3492.2767,2026-06-03T15:10:36.628975,0.000000,1.723740
3492.7787,2026-06-03T15:10:37.131028,0.000000,1.724792
3493.2740,2026-06-03T15:10:37.626283,0.000000,1.725812
3493.7660,2026-06-03T15:10:38.118273,0.000000,1.726588
3494.2564,2026-06-03T15:10:38.608647,0.000000,1.727188
3494.7463,2026-06-03T15:10:39.098623,0.000000,1.727488
3495.2577,2026-06-03T15:10:39.610033,0.000000,1.727748
3495.7624,2026-06-03T15:10:40.114655,0.000000,1.728332
3496.2609,2026-06-03T15:10:40.613150,0.000000,1.729292
3496.7552,2026-06-03T15:10:41.107506,0.000000,1.730072
3497.2572,2026-06-03T15:10:41.609452,0.000000,1.730848
3497.7234,2026-06-03T15:10:42.075661,0.000000,1.731312
3498.2224,2026-06-03T15:10:42.574647,0.000000,1.732080
3498.7166,2026-06-03T15:10:43.068903,0.000000,1.733040
3499.2158,2026-06-03T15:10:43.568063,0.000000,1.733912
3499.7139,2026-06-03T15:10:44.066152,0.000000,1.735108
3500.1927,2026-06-03T15:10:44.544971,0.000000,1.736012
3500.6902,2026-06-03T15:10:45.042482,0.000000,1.736392
3501.1937,2026-06-03T15:10:45.546009,0.000000,1.736940
3501.6907,2026-06-03T15:10:46.042946,0.000000,1.737408
3502.1854,2026-06-03T15:10:46.537708,0.000000,1.737812
3502.7111,2026-06-03T15:10:47.063352,0.000000,1.739040
3503.2002,2026-06-03T15:10:47.552441,0.000000,1.740392
3503.6921,2026-06-03T15:10:48.044406,0.000000,1.742060
3504.1889,2026-06-03T15:10:48.541172,0.000000,1.743464
3504.6863,2026-06-03T15:10:49.038629,0.000000,1.744600
3505.1811,2026-06-03T15:10:49.533389,0.000000,1.745592
3505.6849,2026-06-03T15:10:50.037144,0.000000,1.746292
3506.1904,2026-06-03T15:10:50.542674,0.000000,1.746476
3506.6948,2026-06-03T15:10:51.047075,0.000000,1.746792
3507.2180,2026-06-03T15:10:51.570328,0.000000,1.747604
3507.7230,2026-06-03T15:10:52.075297,0.000000,1.748020
3508.2196,2026-06-03T15:10:52.571858,0.000000,1.748976
3508.7182,2026-06-03T15:10:53.070497,0.000000,1.749920
3509.2365,2026-06-03T15:10:53.588773,0.000000,1.750728
3509.7385,2026-06-03T15:10:54.090800,0.000000,1.751796
3510.2358,2026-06-03T15:10:54.588116,0.000000,1.752836
3510.7369,2026-06-03T15:10:55.089212,0.000000,1.753584
3511.2365,2026-06-03T15:10:55.588839,0.000000,1.753712
3511.7455,2026-06-03T15:10:56.097814,0.000000,1.754168
3512.2423,2026-06-03T15:10:56.594605,0.000000,1.754516
3512.7699,2026-06-03T15:10:57.122217,0.000000,1.755072
3513.2615,2026-06-03T15:10:57.613842,0.000000,1.755956
3513.7705,2026-06-03T15:10:58.122824,0.000000,1.756792
3514.2741,2026-06-03T15:10:58.626398,0.000000,1.757916
3514.7453,2026-06-03T15:10:59.097580,0.000000,1.758584
3515.2374,2026-06-03T15:10:59.589672,0.000000,1.759420
3515.7309,2026-06-03T15:11:00.083172,0.000000,1.760332
3516.2432,2026-06-03T15:11:00.595480,0.000000,1.761028
3516.7400,2026-06-03T15:11:01.092293,0.000000,1.761772
3517.2322,2026-06-03T15:11:01.584479,0.000000,1.762360
3517.7222,2026-06-03T15:11:02.074499,0.000000,1.762756
3518.2265,2026-06-03T15:11:02.578768,0.000000,1.763164
3518.7196,2026-06-03T15:11:03.071891,0.000000,1.763636
3519.2265,2026-06-03T15:11:03.578779,0.000000,1.764592
3519.7208,2026-06-03T15:11:04.073104,0.000000,1.765804
3520.2288,2026-06-03T15:11:04.581120,0.000000,1.766996
3520.7348,2026-06-03T15:11:05.087075,0.000000,1.768132
3521.2375,2026-06-03T15:11:05.589829,0.000000,1.768972
3521.7310,2026-06-03T15:11:06.083241,0.000000,1.769216
3522.2265,2026-06-03T15:11:06.578775,0.000000,1.769996
3522.7489,2026-06-03T15:11:07.101196,0.000000,1.770952
3523.2423,2026-06-03T15:11:07.594592,0.000000,1.771464
3523.7431,2026-06-03T15:11:08.095383,0.000000,1.772672
3524.2429,2026-06-03T15:11:08.595239,0.000000,1.773052
3524.7385,2026-06-03T15:11:09.090755,0.000000,1.773380
3525.2316,2026-06-03T15:11:09.583911,0.000000,1.774024
3525.7347,2026-06-03T15:11:10.087017,0.000000,1.774476
3526.2280,2026-06-03T15:11:10.580263,0.000000,1.775144
3526.7300,2026-06-03T15:11:11.082278,0.000000,1.776144
3527.2245,2026-06-03T15:11:11.576729,0.000000,1.777400
3527.7528,2026-06-03T15:11:12.105120,0.000000,1.778704
3528.2346,2026-06-03T15:11:12.586886,0.000000,1.779904
3528.7333,2026-06-03T15:11:13.085591,0.000000,1.780648
3529.2231,2026-06-03T15:11:13.575426,0.000000,1.781988
3529.7222,2026-06-03T15:11:14.074525,0.000000,1.782740
3530.2051,2026-06-03T15:11:14.557405,0.000000,1.783844
3530.7223,2026-06-03T15:11:15.074602,0.000000,1.784912
3531.2104,2026-06-03T15:11:15.562691,0.000000,1.785676
3531.7113,2026-06-03T15:11:16.063559,0.000000,1.786760
3532.2101,2026-06-03T15:11:16.562393,0.000000,1.787228
3532.7114,2026-06-03T15:11:17.063683,0.000000,1.787748
3533.2065,2026-06-03T15:11:17.558799,0.000000,1.788328
3533.7114,2026-06-03T15:11:18.063657,0.000000,1.788948
3534.2106,2026-06-03T15:11:18.562875,0.000000,1.790012
3534.7383,2026-06-03T15:11:19.090549,0.000000,1.790684
3535.2147,2026-06-03T15:11:19.567031,0.000000,1.791392
3535.7217,2026-06-03T15:11:20.074017,0.000000,1.792048
3536.2228,2026-06-03T15:11:20.575070,0.000000,1.792952
3536.7263,2026-06-03T15:11:21.078641,0.000000,1.793896
3537.2301,2026-06-03T15:11:21.582440,0.000000,1.794548
3537.7259,2026-06-03T15:11:22.078216,0.000000,1.795068
3538.2010,2026-06-03T15:11:22.553254,0.000000,1.795328
3538.6616,2026-06-03T15:11:23.013862,0.000000,1.795724
3539.1613,2026-06-03T15:11:23.513593,0.000000,1.796588
3539.6573,2026-06-03T15:11:24.009638,0.000000,1.797580
3540.1281,2026-06-03T15:11:24.480356,0.000000,1.798800
3540.6300,2026-06-03T15:11:24.982260,0.000000,1.799768
3541.1240,2026-06-03T15:11:25.476279,0.000000,1.800248
3541.6161,2026-06-03T15:11:25.968433,0.000000,1.800748
3542.1223,2026-06-03T15:11:26.474568,0.000000,1.801408
3542.6142,2026-06-03T15:11:26.966493,0.000000,1.802476
3543.1420,2026-06-03T15:11:27.494304,0.000000,1.803912
3543.6353,2026-06-03T15:11:27.987554,0.000000,1.805624
3544.1234,2026-06-03T15:11:28.475716,0.000000,1.807024
3544.6071,2026-06-03T15:11:28.959356,0.000000,1.808400
3545.0874,2026-06-03T15:11:29.439692,0.000000,1.809676
3545.5771,2026-06-03T15:11:29.929370,0.000000,1.810504
3546.0521,2026-06-03T15:11:30.404346,0.000000,1.811344
3546.5473,2026-06-03T15:11:30.899575,0.000000,1.811896
3547.0544,2026-06-03T15:11:31.406685,0.000000,1.812544
3547.5654,2026-06-03T15:11:31.917643,0.000000,1.813176
3548.0546,2026-06-03T15:11:32.406850,0.000000,1.813776
3548.5502,2026-06-03T15:11:32.902457,0.000000,1.814700
3549.0472,2026-06-03T15:11:33.399539,0.000000,1.815400
3549.5477,2026-06-03T15:11:33.900033,0.000000,1.816092
3550.0400,2026-06-03T15:11:34.392317,0.000000,1.817128
3550.5224,2026-06-03T15:11:34.874702,0.000000,1.817764
3551.0081,2026-06-03T15:11:35.360380,0.000000,1.819044
3551.5109,2026-06-03T15:11:35.863183,0.000000,1.820400
3552.0072,2026-06-03T15:11:36.359528,0.000000,1.821280
3552.5063,2026-06-03T15:11:36.858620,0.000000,1.822328
3552.9911,2026-06-03T15:11:37.343393,0.000000,1.822768
3553.4914,2026-06-03T15:11:37.843693,0.000000,1.823316
3553.9847,2026-06-03T15:11:38.336990,0.000000,1.824192
3554.4815,2026-06-03T15:11:38.833804,0.000000,1.825360
3555.0076,2026-06-03T15:11:39.359860,0.000000,1.826316
3555.5008,2026-06-03T15:11:39.853076,0.000000,1.827352
3555.9987,2026-06-03T15:11:40.350991,0.000000,1.828536
3556.4736,2026-06-03T15:11:40.825918,0.000000,1.829188
3556.9715,2026-06-03T15:11:41.323772,0.000000,1.830200
3557.4569,2026-06-03T15:11:41.809227,0.000000,1.830824
3557.9487,2026-06-03T15:11:42.300946,0.000000,1.831184
3558.4547,2026-06-03T15:11:42.806940,0.000000,1.831880
3558.9417,2026-06-03T15:11:43.293968,0.000000,1.832628
3559.4418,2026-06-03T15:11:43.794128,0.000000,1.833780
3559.9311,2026-06-03T15:11:44.283398,0.000000,1.834540
3560.4165,2026-06-03T15:11:44.768768,0.000000,1.835432
3560.9208,2026-06-03T15:11:45.273053,0.000000,1.836428
3561.4122,2026-06-03T15:11:45.764527,0.000000,1.837004
3561.9136,2026-06-03T15:11:46.265933,0.000000,1.838216
3562.3816,2026-06-03T15:11:46.733896,0.000000,1.839092
3562.8833,2026-06-03T15:11:47.235636,0.000000,1.839640
3563.4099,2026-06-03T15:11:47.762203,0.000000,1.840912
3563.9108,2026-06-03T15:11:48.263045,0.000000,1.841936
3564.4037,2026-06-03T15:11:48.756039,0.000000,1.842820
3564.9022,2026-06-03T15:11:49.254431,0.000000,1.844072
3565.3860,2026-06-03T15:11:49.738280,0.000000,1.844852
3565.8958,2026-06-03T15:11:50.248093,0.000000,1.845892
3566.3904,2026-06-03T15:11:50.742659,0.000000,1.847008
3566.8732,2026-06-03T15:11:51.225498,0.000000,1.847788
3567.3622,2026-06-03T15:11:51.714469,0.000000,1.848700
3567.8321,2026-06-03T15:11:52.184428,0.000000,1.849572
3568.3303,2026-06-03T15:11:52.682631,0.000000,1.850428
3568.8169,2026-06-03T15:11:53.169172,0.000000,1.851644
3569.3154,2026-06-03T15:11:53.667736,0.000000,1.852716
3569.8155,2026-06-03T15:11:54.167774,0.000000,1.853720
3570.3125,2026-06-03T15:11:54.664778,0.000000,1.854708
3570.8156,2026-06-03T15:11:55.167869,0.000000,1.855260
3571.3328,2026-06-03T15:11:55.685123,0.000000,1.855964
3571.8375,2026-06-03T15:11:56.189811,0.000000,1.856924
3572.3351,2026-06-03T15:11:56.687428,0.000000,1.858096
3572.7973,2026-06-03T15:11:57.149584,0.000000,1.859464
3573.2976,2026-06-03T15:11:57.649836,0.000000,1.860452
3573.7808,2026-06-03T15:11:58.133080,0.000000,1.861496
3574.2915,2026-06-03T15:11:58.643757,0.000000,1.862308
3574.7607,2026-06-03T15:11:59.112980,0.000000,1.863316
3575.2565,2026-06-03T15:11:59.608739,0.000000,1.864256
3575.7520,2026-06-03T15:12:00.104299,0.000000,1.865084
3576.2517,2026-06-03T15:12:00.604036,0.000000,1.866064
3576.7519,2026-06-03T15:12:01.104201,0.000000,1.866800
3577.2205,2026-06-03T15:12:01.572762,0.000000,1.867804
3577.6997,2026-06-03T15:12:02.051990,0.000000,1.868732
3578.1583,2026-06-03T15:12:02.510557,0.000000,1.869372
3578.6215,2026-06-03T15:12:02.973745,0.000000,1.870256
3579.1008,2026-06-03T15:12:03.453068,0.000000,1.870972
3579.6059,2026-06-03T15:12:03.958193,0.000000,1.872352
3580.0986,2026-06-03T15:12:04.450926,0.000000,1.873940
3580.5904,2026-06-03T15:12:04.942651,0.000000,1.874956
3581.0934,2026-06-03T15:12:05.445690,0.000000,1.876104
3581.5868,2026-06-03T15:12:05.939124,0.000000,1.876832
3582.0870,2026-06-03T15:12:06.439341,0.000000,1.877864
3582.5786,2026-06-03T15:12:06.930852,0.000000,1.879060
3583.0906,2026-06-03T15:12:07.442893,0.000000,1.879996
3583.5815,2026-06-03T15:12:07.933794,0.000000,1.880980
3584.0583,2026-06-03T15:12:08.410616,0.000000,1.881572
3584.5482,2026-06-03T15:12:08.900468,0.000000,1.882500
3585.0445,2026-06-03T15:12:09.396774,0.000000,1.883336
3585.5719,2026-06-03T15:12:09.924152,0.000000,1.884616
3586.0693,2026-06-03T15:12:10.421624,0.000000,1.885908
3586.5613,2026-06-03T15:12:10.913581,0.000000,1.886872
3587.0530,2026-06-03T15:12:11.405276,0.000000,1.888208
3587.5433,2026-06-03T15:12:11.895569,0.000000,1.889004
3588.0512,2026-06-03T15:12:12.403485,0.000000,1.889720
3588.5557,2026-06-03T15:12:12.907948,0.000000,1.891080
3589.0403,2026-06-03T15:12:13.392556,0.000000,1.891816
3589.5112,2026-06-03T15:12:13.863485,0.000000,1.892708
3590.0107,2026-06-03T15:12:14.362945,0.000000,1.893916
3590.4986,2026-06-03T15:12:14.850854,0.000000,1.895060
3590.9859,2026-06-03T15:12:15.338138,0.000000,1.896508
3591.4900,2026-06-03T15:12:15.842323,0.000000,1.897932
3591.9901,2026-06-03T15:12:16.342405,0.000000,1.899036
3592.4652,2026-06-03T15:12:16.817464,0.000000,1.900248
3592.9634,2026-06-03T15:12:17.315645,0.000000,1.901328
3593.4346,2026-06-03T15:12:17.786856,0.000000,1.902184
3593.9320,2026-06-03T15:12:18.284269,0.000000,1.903404
3594.4254,2026-06-03T15:12:18.777669,0.000000,1.904480
3594.9600,2026-06-03T15:12:19.312309,0.000000,1.905336
3595.4569,2026-06-03T15:12:19.809213,0.000000,1.906580
3595.9589,2026-06-03T15:12:20.311192,0.000000,1.907180
3596.4552,2026-06-03T15:12:20.807460,0.000000,1.908160
3596.9566,2026-06-03T15:12:21.308893,0.000000,1.909204
3597.4487,2026-06-03T15:12:21.800963,0.000000,1.910348
3597.9540,2026-06-03T15:12:22.306310,0.000000,1.911748
3598.4490,2026-06-03T15:12:22.801309,0.000000,1.912788
3598.9446,2026-06-03T15:12:23.296863,0.000000,1.913940
3599.4356,2026-06-03T15:12:23.787925,0.000000,1.914760
3599.9363,2026-06-03T15:12:24.288553,0.000000,1.915368
3600.4318,2026-06-03T15:12:24.784094,0.000000,1.916036
3600.9232,2026-06-03T15:12:25.275535,0.000000,1.916572
3601.4146,2026-06-03T15:12:25.766884,0.000000,1.917404
3601.9362,2026-06-03T15:12:26.288514,0.000000,1.918612
3602.4452,2026-06-03T15:12:26.797479,0.000000,1.919816
3602.9445,2026-06-03T15:12:27.296804,0.000000,1.920788
3603.4445,2026-06-03T15:12:27.796827,0.000000,1.921620
3603.9409,2026-06-03T15:12:28.293221,0.000000,1.922464
3604.4383,2026-06-03T15:12:28.790529,0.000000,1.923168
3604.9403,2026-06-03T15:12:29.292627,0.000000,1.923924
3605.4361,2026-06-03T15:12:29.788395,0.000000,1.924900
3605.9304,2026-06-03T15:12:30.282681,0.000000,1.925868
3606.4269,2026-06-03T15:12:30.779229,0.000000,1.926952
3606.8954,2026-06-03T15:12:31.247650,0.000000,1.928248
3607.3963,2026-06-03T15:12:31.748616,0.000000,1.929432
3607.8628,2026-06-03T15:12:32.215064,0.000000,1.930504
3608.3485,2026-06-03T15:12:32.700817,0.000000,1.931372
3608.8570,2026-06-03T15:12:33.209335,0.000000,1.932020
3609.3599,2026-06-03T15:12:33.712240,0.000000,1.932888
3609.8527,2026-06-03T15:12:34.204974,0.000000,1.934092
3610.3572,2026-06-03T15:12:34.709471,0.000000,1.935580
3610.8319,2026-06-03T15:12:35.184181,0.000000,1.937244
3611.3337,2026-06-03T15:12:35.685972,0.000000,1.938596
3611.8312,2026-06-03T15:12:36.183511,0.000000,1.939580
3612.3324,2026-06-03T15:12:36.684721,0.000000,1.940700
3612.8518,2026-06-03T15:12:37.204061,0.000000,1.941936
3613.3383,2026-06-03T15:12:37.690595,0.000000,1.942808
3613.8005,2026-06-03T15:12:38.152772,0.000000,1.944140
3614.2959,2026-06-03T15:12:38.648240,0.000000,1.945020
3614.7928,2026-06-03T15:12:39.145112,0.000000,1.945784
3615.2929,2026-06-03T15:12:39.645161,0.000000,1.946728
3615.7901,2026-06-03T15:12:40.142352,0.000000,1.947912
3616.2927,2026-06-03T15:12:40.645010,0.000000,1.948792
3616.7573,2026-06-03T15:12:41.109574,0.000000,1.949664
3617.2584,2026-06-03T15:12:41.610736,0.000000,1.951140
3617.7369,2026-06-03T15:12:42.089173,0.000000,1.952232
3618.2266,2026-06-03T15:12:42.578906,0.000000,1.953208
3618.7095,2026-06-03T15:12:43.061823,0.000000,1.954360
3619.2129,2026-06-03T15:12:43.565218,0.000000,1.955428
3619.7191,2026-06-03T15:12:44.071439,0.000000,1.956520
3620.2212,2026-06-03T15:12:44.573498,0.000000,1.957784
3620.7279,2026-06-03T15:12:45.080205,0.000000,1.959124
3621.2516,2026-06-03T15:12:45.603881,0.000000,1.960492
3621.7510,2026-06-03T15:12:46.103272,0.000000,1.962076
3622.2425,2026-06-03T15:12:46.594830,0.000000,1.963564
3622.7475,2026-06-03T15:12:47.099747,0.000000,1.964960
3623.2362,2026-06-03T15:12:47.588431,0.000000,1.966240
3623.7298,2026-06-03T15:12:48.082081,0.000000,1.967188
3624.2276,2026-06-03T15:12:48.579909,0.000000,1.968308
3624.7319,2026-06-03T15:12:49.084226,0.000000,1.969476
3625.2325,2026-06-03T15:12:49.584832,0.000000,1.970572
3625.7317,2026-06-03T15:12:50.084010,0.000000,1.971920
3626.2236,2026-06-03T15:12:50.575878,0.000000,1.973076
3626.7234,2026-06-03T15:12:51.075721,0.000000,1.973824
3627.2266,2026-06-03T15:12:51.578934,0.000000,1.974824
3627.7327,2026-06-03T15:12:52.085036,0.000000,1.975780
3628.2237,2026-06-03T15:12:52.575963,0.000000,1.977180
3628.7517,2026-06-03T15:12:53.103953,0.000000,1.978348
3629.2532,2026-06-03T15:12:53.605505,0.000000,1.979284
3629.7554,2026-06-03T15:12:54.107684,0.000000,1.980344
3630.2573,2026-06-03T15:12:54.609640,0.000000,1.981268
3630.7611,2026-06-03T15:12:55.113404,0.000000,1.982640
3631.2615,2026-06-03T15:12:55.613756,0.000000,1.984216
3631.7632,2026-06-03T15:12:56.115473,0.000000,1.985720
3632.2692,2026-06-03T15:12:56.621530,0.000000,1.986860
3632.7705,2026-06-03T15:12:57.122832,0.000000,1.988004
3633.2693,2026-06-03T15:12:57.621567,0.000000,1.989336
3633.7665,2026-06-03T15:12:58.118773,0.000000,1.990616
3634.2612,2026-06-03T15:12:58.613479,0.000000,1.991816
3634.7866,2026-06-03T15:12:59.138850,0.000000,1.992852
3635.2855,2026-06-03T15:12:59.637743,0.000000,1.993408
3635.7521,2026-06-03T15:13:00.104379,0.000000,1.994360
3636.2518,2026-06-03T15:13:00.604082,0.000000,1.995432
3636.7516,2026-06-03T15:13:01.103899,0.000000,1.996508
3637.2392,2026-06-03T15:13:01.591530,0.000000,1.998012
3637.7318,2026-06-03T15:13:02.084069,0.000000,1.999100
3638.2318,2026-06-03T15:13:02.584045,0.000000,1.999792
3638.7152,2026-06-03T15:13:03.067530,0.000000,2.001036
3639.1826,2026-06-03T15:13:03.534845,0.000000,2.001984
3639.6551,2026-06-03T15:13:04.007436,0.000000,2.002796
3640.1588,2026-06-03T15:13:04.511048,0.000000,2.004000
3640.6586,2026-06-03T15:13:05.010853,0.000000,2.004864
3641.1592,2026-06-03T15:13:05.511498,0.000000,2.005744
3641.6576,2026-06-03T15:13:06.009862,0.000000,2.006816
3642.1607,2026-06-03T15:13:06.512964,0.000000,2.008132
3642.6636,2026-06-03T15:13:07.015942,0.000000,2.009504
3643.1888,2026-06-03T15:13:07.541045,0.000000,2.011212
3643.6588,2026-06-03T15:13:08.011090,0.000000,2.012584
3644.1223,2026-06-03T15:13:08.474532,0.000000,2.013856
3644.6260,2026-06-03T15:13:08.978319,0.000000,2.015064
3645.1187,2026-06-03T15:13:09.470966,0.000000,2.016224
3645.6108,2026-06-03T15:13:09.963045,0.000000,2.017384
3646.1156,2026-06-03T15:13:10.467844,0.000000,2.018640
3646.6070,2026-06-03T15:13:10.959274,0.000000,2.020004
3647.1049,2026-06-03T15:13:11.457169,0.000000,2.021372
3647.6129,2026-06-03T15:13:11.965154,0.000000,2.022932
3648.1006,2026-06-03T15:13:12.452884,0.000000,2.024300
3648.5971,2026-06-03T15:13:12.949438,0.000000,2.025488
3649.0915,2026-06-03T15:13:13.443809,0.000000,2.026780
3649.5905,2026-06-03T15:13:13.942816,0.000000,2.028028
3650.0823,2026-06-03T15:13:14.434608,0.000000,2.029108
3650.5885,2026-06-03T15:13:14.940831,0.000000,2.030272
3651.0855,2026-06-03T15:13:15.437795,0.000000,2.031144
3651.6175,2026-06-03T15:13:15.969836,0.000000,2.031936
3652.1107,2026-06-03T15:13:16.462990,0.000000,2.032884
3652.5899,2026-06-03T15:13:16.942187,0.000000,2.034264
3653.0859,2026-06-03T15:13:17.438142,0.000000,2.035644
3653.5864,2026-06-03T15:13:17.938663,0.000000,2.037244
3654.0609,2026-06-03T15:13:18.413214,0.000000,2.038708
3654.5661,2026-06-03T15:13:18.918351,0.000000,2.039856
3655.0651,2026-06-03T15:13:19.417344,0.000000,2.041020
3655.5552,2026-06-03T15:13:19.907505,0.000000,2.042120
3656.0534,2026-06-03T15:13:20.405671,0.000000,2.043296
3656.5482,2026-06-03T15:13:20.900488,0.000000,2.044500
3657.0456,2026-06-03T15:13:21.397927,0.000000,2.045724
3657.5485,2026-06-03T15:13:21.900832,0.000000,2.047080
3658.0511,2026-06-03T15:13:22.403348,0.000000,2.048532
3658.5522,2026-06-03T15:13:22.904520,0.000000,2.049776
3659.0812,2026-06-03T15:13:23.433465,0.000000,2.051196
3659.5770,2026-06-03T15:13:23.929268,0.000000,2.052128
3660.0800,2026-06-03T15:13:24.432311,0.000000,2.052952
3660.5772,2026-06-03T15:13:24.929496,0.000000,2.054040
3661.0528,2026-06-03T15:13:25.405049,0.000000,2.054868
3661.5453,2026-06-03T15:13:25.897602,0.000000,2.056052
3662.0485,2026-06-03T15:13:26.400782,0.000000,2.057364
3662.5235,2026-06-03T15:13:26.875761,0.000000,2.058480
3663.0221,2026-06-03T15:13:27.374408,0.000000,2.059848
3663.5397,2026-06-03T15:13:27.891990,0.000000,2.060992
3664.0259,2026-06-03T15:13:28.378178,0.000000,2.062020
3664.5372,2026-06-03T15:13:28.889534,0.000000,2.063460
3665.0292,2026-06-03T15:13:29.381477,0.000000,2.064520
3665.5236,2026-06-03T15:13:29.875879,0.000000,2.065880
3666.0320,2026-06-03T15:13:30.384262,0.000000,2.067460
3666.5338,2026-06-03T15:13:30.886115,0.000000,2.068504
3667.0296,2026-06-03T15:13:31.381857,0.000000,2.069884
3667.5241,2026-06-03T15:13:31.876426,0.000000,2.071024
3668.0031,2026-06-03T15:13:32.355403,0.000000,2.072028
3668.4832,2026-06-03T15:13:32.835536,0.000000,2.073460
3668.9854,2026-06-03T15:13:33.337685,0.000000,2.074912
3669.4859,2026-06-03T15:13:33.838148,0.000000,2.076132
3669.9458,2026-06-03T15:13:34.298068,0.000000,2.077448
3670.4456,2026-06-03T15:13:34.797887,0.000000,2.078396
3670.9388,2026-06-03T15:13:35.291096,0.000000,2.079524
3671.4440,2026-06-03T15:13:35.796324,0.000000,2.080756
3671.9649,2026-06-03T15:13:36.317159,0.000000,2.082132
3672.4644,2026-06-03T15:13:36.816726,0.000000,2.083216
3672.9611,2026-06-03T15:13:37.313344,0.000000,2.084484
3673.4433,2026-06-03T15:13:37.795587,0.000000,2.085788
3673.9392,2026-06-03T15:13:38.291502,0.000000,2.086972
3674.4412,2026-06-03T15:13:38.793511,0.000000,2.088316
3674.9384,2026-06-03T15:13:39.290700,0.000000,2.089380
3675.4367,2026-06-03T15:13:39.788933,0.000000,2.090280
3675.9175,2026-06-03T15:13:40.269816,0.000000,2.091360
3676.4089,2026-06-03T15:13:40.761230,0.000000,2.092444
3676.9067,2026-06-03T15:13:41.258967,0.000000,2.093516
3677.3944,2026-06-03T15:13:41.746690,0.000000,2.094884
3677.8640,2026-06-03T15:13:42.216270,0.000000,2.096192
3678.3527,2026-06-03T15:13:42.704980,0.000000,2.097444
3678.8539,2026-06-03T15:13:43.206185,0.000000,2.098460
3679.3549,2026-06-03T15:13:43.707147,0.000000,2.099696
3679.8316,2026-06-03T15:13:44.183903,0.000000,2.100800
3680.3303,2026-06-03T15:13:44.682572,0.000000,2.101664
3680.8327,2026-06-03T15:13:45.184972,0.000000,2.102820
3681.3366,2026-06-03T15:13:45.688858,0.000000,2.103668
3681.8087,2026-06-03T15:13:46.160983,0.000000,2.104680
3682.3018,2026-06-03T15:13:46.654116,0.000000,2.105836
3682.7566,2026-06-03T15:13:47.108934,0.000000,2.107160
3683.2557,2026-06-03T15:13:47.607971,0.000000,2.108332
3683.7523,2026-06-03T15:13:48.104588,0.000000,2.109456
3684.2594,2026-06-03T15:13:48.611711,0.000000,2.110876
3684.7545,2026-06-03T15:13:49.106764,0.000000,2.111888
3685.2505,2026-06-03T15:13:49.602840,0.000000,2.113332
3685.7524,2026-06-03T15:13:50.104641,0.000000,2.114768
3686.2435,2026-06-03T15:13:50.595788,0.000000,2.115812
3686.7448,2026-06-03T15:13:51.097085,0.000000,2.116828
3687.2464,2026-06-03T15:13:51.598677,0.000000,2.117952
3687.7073,2026-06-03T15:13:52.059539,0.000000,2.119008
3688.2079,2026-06-03T15:13:52.560165,0.000000,2.119884
3688.7044,2026-06-03T15:13:53.056715,0.000000,2.121332
3689.2073,2026-06-03T15:13:53.559584,0.000000,2.122276
3689.6932,2026-06-03T15:13:54.045491,0.000000,2.123496
3690.1917,2026-06-03T15:13:54.543961,0.000000,2.124948
3690.6843,2026-06-03T15:13:55.036599,0.000000,2.126272
3691.1853,2026-06-03T15:13:55.537597,0.000000,2.127840
3691.6771,2026-06-03T15:13:56.029352,0.000000,2.128880
3692.2008,2026-06-03T15:13:56.553121,0.000000,2.130128
3692.6980,2026-06-03T15:13:57.050342,0.000000,2.131440
3693.1953,2026-06-03T15:13:57.547546,0.000000,2.132616
3693.6899,2026-06-03T15:13:58.042201,0.000000,2.134364
3694.1930,2026-06-03T15:13:58.545259,0.000000,2.135820
3694.6818,2026-06-03T15:13:59.034069,0.000000,2.137016
3695.1892,2026-06-03T15:13:59.541534,0.000000,2.138420
3695.6820,2026-06-03T15:14:00.034268,0.000000,2.139380
3696.1567,2026-06-03T15:14:00.508972,0.000000,2.140320
3696.6247,2026-06-03T15:14:00.977032,0.000000,2.141696
3697.1268,2026-06-03T15:14:01.479046,0.000000,2.142688
3697.6159,2026-06-03T15:14:01.968146,0.000000,2.143860
3698.1157,2026-06-03T15:14:02.468013,0.000000,2.145212
3698.6120,2026-06-03T15:14:02.964242,0.000000,2.146108
3699.1075,2026-06-03T15:14:03.459834,0.000000,2.147368
3699.6138,2026-06-03T15:14:03.966088,0.000000,2.148712
3700.1152,2026-06-03T15:14:04.467540,0.000000,2.150112
3700.6272,2026-06-03T15:14:04.979476,0.000000,2.151668
3701.0883,2026-06-03T15:14:05.440548,0.000000,2.152812
3701.6019,2026-06-03T15:14:05.954142,0.000000,2.153660
3702.1020,2026-06-03T15:14:06.454261,0.000000,2.154512
3702.6059,2026-06-03T15:14:06.958156,0.000000,2.154784
3703.1061,2026-06-03T15:14:07.458411,0.000000,2.155556
3703.5640,2026-06-03T15:14:07.916245,0.000000,2.156312
3704.0290,2026-06-03T15:14:08.381252,0.000000,2.157020
3704.5534,2026-06-03T15:14:08.905706,0.000000,2.158300
3705.0547,2026-06-03T15:14:09.406950,0.000000,2.159592
3705.5418,2026-06-03T15:14:09.894114,0.000000,2.161020
3706.0277,2026-06-03T15:14:10.380011,0.000000,2.162616
3706.5239,2026-06-03T15:14:10.876215,0.000000,2.163892
3707.0248,2026-06-03T15:14:11.377132,0.000000,2.164576
3707.5344,2026-06-03T15:14:11.886659,0.000000,2.165116
3708.0305,2026-06-03T15:14:12.382767,0.000000,2.165736
3708.4973,2026-06-03T15:14:12.849591,0.000000,2.166336
3708.9831,2026-06-03T15:14:13.335414,0.000000,2.167048
3709.4731,2026-06-03T15:14:13.825439,0.000000,2.168368
3709.9676,2026-06-03T15:14:14.319925,0.000000,2.169452
3710.4589,2026-06-03T15:14:14.811170,0.000000,2.170528
3710.9562,2026-06-03T15:14:15.308494,0.000000,2.171800
3711.4551,2026-06-03T15:14:15.807354,0.000000,2.172364
3711.9599,2026-06-03T15:14:16.312192,0.000000,2.172872
3712.4512,2026-06-03T15:14:16.803463,0.000000,2.173524
3712.9584,2026-06-03T15:14:17.310703,0.000000,2.174264
3713.4680,2026-06-03T15:14:17.820320,0.000000,2.175284
3713.9342,2026-06-03T15:14:18.286449,0.000000,2.176032
3714.4318,2026-06-03T15:14:18.784097,0.000000,2.176792
3714.9353,2026-06-03T15:14:19.287578,0.000000,2.177908
3715.4259,2026-06-03T15:14:19.778221,0.000000,2.178772
3715.9321,2026-06-03T15:14:20.284360,0.000000,2.179736
3716.4295,2026-06-03T15:14:20.781829,0.000000,2.180868
3716.9322,2026-06-03T15:14:21.284505,0.000000,2.181536
3717.4526,2026-06-03T15:14:21.804885,0.000000,2.182188
3717.9402,2026-06-03T15:14:22.292494,0.000000,2.182628
3718.4401,2026-06-03T15:14:22.792430,0.000000,2.183280
3718.9345,2026-06-03T15:14:23.286778,0.000000,2.184032
3719.4248,2026-06-03T15:14:23.777055,0.000000,2.184912
3719.9213,2026-06-03T15:14:24.273562,0.000000,2.186076
3720.4431,2026-06-03T15:14:24.795358,0.000000,2.186988
3720.9463,2026-06-03T15:14:25.298622,0.000000,2.187800
3721.4128,2026-06-03T15:14:25.765107,0.000000,2.188840
3721.9052,2026-06-03T15:14:26.257488,0.000000,2.189828
3722.3849,2026-06-03T15:14:26.737238,0.000000,2.190728
3722.8814,2026-06-03T15:14:27.233686,0.000000,2.191716
3723.3799,2026-06-03T15:14:27.732228,0.000000,2.192492
3723.8716,2026-06-03T15:14:28.223844,0.000000,2.193384
3724.3766,2026-06-03T15:14:28.728850,0.000000,2.194348
3724.8677,2026-06-03T15:14:29.219978,0.000000,2.195588
3725.3960,2026-06-03T15:14:29.748294,0.000000,2.196828
3725.8883,2026-06-03T15:14:30.240543,0.000000,2.197692
3726.3802,2026-06-03T15:14:30.732459,0.000000,2.198808
3726.8751,2026-06-03T15:14:31.227347,0.000000,2.199560
3727.3764,2026-06-03T15:14:31.728653,0.000000,2.200356
3727.8999,2026-06-03T15:14:32.252161,0.000000,2.201580
3728.3909,2026-06-03T15:14:32.743152,0.000000,2.202408
3728.8718,2026-06-03T15:14:33.224051,0.000000,2.203292
3729.3761,2026-06-03T15:14:33.728433,0.000000,2.204364
3729.8474,2026-06-03T15:14:34.199678,0.000000,2.205472
3730.3272,2026-06-03T15:14:34.679487,0.000000,2.206520
3730.8153,2026-06-03T15:14:35.167636,0.000000,2.207468
3731.3146,2026-06-03T15:14:35.666857,0.000000,2.208360
3731.7918,2026-06-03T15:14:36.144044,0.000000,2.208680
3732.2877,2026-06-03T15:14:36.639965,0.000000,2.208996
3732.7913,2026-06-03T15:14:37.143596,0.000000,2.209620
3733.3140,2026-06-03T15:14:37.666318,0.000000,2.210480
3733.8216,2026-06-03T15:14:38.173883,0.000000,2.211352
3734.3120,2026-06-03T15:14:38.664307,0.000000,2.212520
3734.8218,2026-06-03T15:14:39.174077,0.000000,2.213584
3735.3157,2026-06-03T15:14:39.667988,0.000000,2.214348
3735.8220,2026-06-03T15:14:40.174302,0.000000,2.215052
3736.3202,2026-06-03T15:14:40.672485,0.000000,2.216188
3736.8265,2026-06-03T15:14:41.178800,0.000000,2.217372
3737.3130,2026-06-03T15:14:41.665324,0.000000,2.218412
3737.8096,2026-06-03T15:14:42.161925,0.000000,2.219312
3738.2736,2026-06-03T15:14:42.625839,0.000000,2.219736
3738.7733,2026-06-03T15:14:43.125603,0.000000,2.219664
3739.2682,2026-06-03T15:14:43.620450,0.000000,2.220152
3739.7477,2026-06-03T15:14:44.100039,0.000000,2.220640
3740.2495,2026-06-03T15:14:44.601733,0.000000,2.221088
3740.7753,2026-06-03T15:14:45.127619,0.000000,2.221868
3741.2718,2026-06-03T15:14:45.624059,0.000000,2.222500
3741.7492,2026-06-03T15:14:46.101531,0.000000,2.223152
3742.2488,2026-06-03T15:14:46.601038,0.000000,2.224064
3742.7173,2026-06-03T15:14:47.069539,0.000000,2.225640
3743.1933,2026-06-03T15:14:47.545608,0.000000,2.226772
3743.6924,2026-06-03T15:14:48.044689,0.000000,2.227884
3744.1925,2026-06-03T15:14:48.544815,0.000000,2.228428
3744.7210,2026-06-03T15:14:49.073260,0.000000,2.228592
3745.2178,2026-06-03T15:14:49.570074,0.000000,2.228884
3745.7161,2026-06-03T15:14:50.068430,0.000000,2.229220
3746.2135,2026-06-03T15:14:50.565800,0.000000,2.230024
3746.7093,2026-06-03T15:14:51.061611,0.000000,2.230456
3747.2061,2026-06-03T15:14:51.558435,0.000000,2.230972
3747.6913,2026-06-03T15:14:52.043556,0.000000,2.231384
3748.1937,2026-06-03T15:14:52.546024,0.000000,2.231800
3748.6873,2026-06-03T15:14:53.039631,0.000000,2.232732
3749.1674,2026-06-03T15:14:53.519699,0.000000,2.233328
3749.6584,2026-06-03T15:14:54.010730,0.000000,2.234052
3750.1503,2026-06-03T15:14:54.502558,0.000000,2.234824
3750.6458,2026-06-03T15:14:54.998120,0.000000,2.235232
3751.1344,2026-06-03T15:14:55.486671,0.000000,2.235656
3751.6065,2026-06-03T15:14:55.958797,0.000000,2.236344
3752.1038,2026-06-03T15:14:56.456114,0.000000,2.236872
3752.6011,2026-06-03T15:14:56.953383,0.000000,2.237796
3753.1144,2026-06-03T15:14:57.466669,0.000000,2.238512
3753.6095,2026-06-03T15:14:57.961810,0.000000,2.239156
3754.1087,2026-06-03T15:14:58.461026,0.000000,2.239532
3754.6006,2026-06-03T15:14:58.952905,0.000000,2.239680
3755.0927,2026-06-03T15:14:59.445000,0.000000,2.240460
3755.5863,2026-06-03T15:14:59.938582,0.000000,2.241132
3756.0911,2026-06-03T15:15:00.443359,0.000000,2.242068
3756.5973,2026-06-03T15:15:00.949594,0.000000,2.243012
3757.1075,2026-06-03T15:15:01.459737,0.000000,2.243456
3757.6160,2026-06-03T15:15:01.968261,0.000000,2.244060
3758.1174,2026-06-03T15:15:02.469721,0.000000,2.244232
3758.6199,2026-06-03T15:15:02.972142,0.000000,2.244704
3759.1452,2026-06-03T15:15:03.497456,0.000000,2.244900
3759.6478,2026-06-03T15:15:04.000104,0.000000,2.245680
3760.1448,2026-06-03T15:15:04.497084,0.000000,2.246732
3760.6352,2026-06-03T15:15:04.987472,0.000000,2.247468
3761.1296,2026-06-03T15:15:05.481874,0.000000,2.248340
3761.6259,2026-06-03T15:15:05.978233,0.000000,2.248388
3762.1257,2026-06-03T15:15:06.478017,0.000000,2.248544
3762.6232,2026-06-03T15:15:06.975443,0.000000,2.248804
3763.1148,2026-06-03T15:15:07.467106,0.000000,2.249088
3763.5913,2026-06-03T15:15:07.943606,0.000000,2.249712
3764.0927,2026-06-03T15:15:08.444974,0.000000,2.250100
3764.5935,2026-06-03T15:15:08.945768,0.000000,2.250636
3765.0852,2026-06-03T15:15:09.437516,0.000000,2.251312
3765.5845,2026-06-03T15:15:09.936809,0.000000,2.252140
3766.0865,2026-06-03T15:15:10.438819,0.000000,2.252936
3766.5707,2026-06-03T15:15:10.923019,0.000000,2.253408
3767.0688,2026-06-03T15:15:11.421086,0.000000,2.253676
3767.5983,2026-06-03T15:15:11.950565,0.000000,2.254108
3768.1065,2026-06-03T15:15:12.458813,0.000000,2.254592
3768.5952,2026-06-03T15:15:12.947477,0.000000,2.254976
3769.0959,2026-06-03T15:15:13.448170,0.000000,2.255156
3769.5966,2026-06-03T15:15:13.948847,0.000000,2.255344
3770.0952,2026-06-03T15:15:14.447504,0.000000,2.255460
3770.5933,2026-06-03T15:15:14.945564,0.000000,2.255624
3771.0990,2026-06-03T15:15:15.451245,0.000000,2.256148
3771.5719,2026-06-03T15:15:15.924167,0.000000,2.256236
3772.0783,2026-06-03T15:15:16.430558,0.000000,2.256336
3772.5690,2026-06-03T15:15:16.921331,0.000000,2.256512
3773.0414,2026-06-03T15:15:17.393726,0.000000,2.256544
3773.5418,2026-06-03T15:15:17.894038,0.000000,2.256956
3774.0402,2026-06-03T15:15:18.392451,0.000000,2.257280
3774.5370,2026-06-03T15:15:18.889284,0.000000,2.258000
3775.0458,2026-06-03T15:15:19.398046,0.000000,2.258588
3775.5374,2026-06-03T15:15:19.889723,0.000000,2.259232
3776.0261,2026-06-03T15:15:20.378406,0.000000,2.259684
3776.5177,2026-06-03T15:15:20.869950,0.000000,2.260216
3777.0163,2026-06-03T15:15:21.368597,0.000000,2.260492
3777.5131,2026-06-03T15:15:21.865364,0.000000,2.260504
3778.0175,2026-06-03T15:15:22.369771,0.000000,2.260552
3778.5146,2026-06-03T15:15:22.866837,0.000000,2.260704
3779.0198,2026-06-03T15:15:23.372096,0.000000,2.261148
3779.5262,2026-06-03T15:15:23.878481,0.000000,2.261508
3779.9927,2026-06-03T15:15:24.344963,0.000000,2.261960
3780.4940,2026-06-03T15:15:24.846237,0.000000,2.262420
3780.9871,2026-06-03T15:15:25.339393,0.000000,2.262740
3781.4717,2026-06-03T15:15:25.823944,0.000000,2.263068
3781.9549,2026-06-03T15:15:26.307214,0.000000,2.263256
3782.4255,2026-06-03T15:15:26.777804,0.000000,2.263556
3782.9303,2026-06-03T15:15:27.282625,0.000000,2.263980
3783.4072,2026-06-03T15:15:27.759531,0.000000,2.264508
3783.8977,2026-06-03T15:15:28.249939,0.000000,2.265160
3784.3872,2026-06-03T15:15:28.739475,0.000000,2.265744
3784.8857,2026-06-03T15:15:29.237991,0.000000,2.266368
3785.3829,2026-06-03T15:15:29.735163,0.000000,2.266696
3785.8786,2026-06-03T15:15:30.230880,0.000000,2.266924
3786.3762,2026-06-03T15:15:30.728462,0.000000,2.266708
3786.8723,2026-06-03T15:15:31.224587,0.000000,2.266568
3787.3691,2026-06-03T15:15:31.721394,0.000000,2.266648
3787.8675,2026-06-03T15:15:32.219839,0.000000,2.266888
3788.3998,2026-06-03T15:15:32.752064,0.000000,2.267100
3788.8913,2026-06-03T15:15:33.243631,0.000000,2.267172
3789.4030,2026-06-03T15:15:33.755319,0.000000,2.267508
3789.8937,2026-06-03T15:15:34.246008,0.000000,2.267680
3790.3946,2026-06-03T15:15:34.746858,0.000000,2.268460
3790.9126,2026-06-03T15:15:35.264853,0.000000,2.269128
3791.4077,2026-06-03T15:15:35.759997,0.000000,2.269420
3791.9092,2026-06-03T15:15:36.261453,0.000000,2.269720
3792.4040,2026-06-03T15:15:36.756234,0.000000,2.269756
3792.9100,2026-06-03T15:15:37.262325,0.000000,2.269784
3793.4144,2026-06-03T15:15:37.766675,0.000000,2.269664
3793.9088,2026-06-03T15:15:38.261132,0.000000,2.269776
3794.4029,2026-06-03T15:15:38.755132,0.000000,2.269900
3794.9261,2026-06-03T15:15:39.278347,0.000000,2.270328
3795.4239,2026-06-03T15:15:39.776194,0.000000,2.270520
3795.9299,2026-06-03T15:15:40.282199,0.000000,2.270828
3796.4257,2026-06-03T15:15:40.778015,0.000000,2.270844
3796.9507,2026-06-03T15:15:41.302990,0.000000,2.270984
3797.4437,2026-06-03T15:15:41.795991,0.000000,2.271220
3797.9415,2026-06-03T15:15:42.293760,0.000000,2.271244
3798.4283,2026-06-03T15:15:42.780533,0.000000,2.271396
3798.9156,2026-06-03T15:15:43.267863,0.000000,2.271444
3799.4059,2026-06-03T15:15:43.758219,0.000000,2.271808
3799.9008,2026-06-03T15:15:44.253124,0.000000,2.272024
3800.3912,2026-06-03T15:15:44.743434,0.000000,2.272256
3800.8837,2026-06-03T15:15:45.235963,0.000000,2.272496
3801.3684,2026-06-03T15:15:45.720701,0.000000,2.272480
3801.8595,2026-06-03T15:15:46.211800,0.000000,2.272644
3802.3492,2026-06-03T15:15:46.701465,0.000000,2.272760
3802.8508,2026-06-03T15:15:47.203110,0.000000,2.272772
3803.3578,2026-06-03T15:15:47.710093,0.000000,2.272872
3803.8548,2026-06-03T15:15:48.207043,0.000000,2.272612
3804.3633,2026-06-03T15:15:48.715584,0.000000,2.272532
3804.8544,2026-06-03T15:15:49.206711,0.000000,2.272468
3805.3775,2026-06-03T15:15:49.729772,0.000000,2.272364
3805.8760,2026-06-03T15:15:50.228265,0.000000,2.272592
3806.3752,2026-06-03T15:15:50.727523,0.000000,2.272804
3806.8726,2026-06-03T15:15:51.224892,0.000000,2.272732
3807.3694,2026-06-03T15:15:51.721699,0.000000,2.273000
3807.8708,2026-06-03T15:15:52.223132,0.000000,2.273276
3808.3664,2026-06-03T15:15:52.718720,0.000000,2.273488
3808.8424,2026-06-03T15:15:53.194693,0.000000,2.273692
3809.3410,2026-06-03T15:15:53.693277,0.000000,2.273632
3809.8676,2026-06-03T15:15:54.219878,0.000000,2.273716
3810.3644,2026-06-03T15:15:54.716699,0.000000,2.273672
3810.8640,2026-06-03T15:15:55.216272,0.000000,2.274212
3811.3592,2026-06-03T15:15:55.711479,0.000000,2.274520
3811.8507,2026-06-03T15:15:56.203023,0.000000,2.274660
3812.3697,2026-06-03T15:15:56.722035,0.000000,2.274532
3812.8609,2026-06-03T15:15:57.213207,0.000000,2.274080
3813.3394,2026-06-03T15:15:57.691647,0.000000,2.273744
3813.8063,2026-06-03T15:15:58.158589,0.000000,2.273684
3814.3010,2026-06-03T15:15:58.653300,0.000000,2.274104
3814.8030,2026-06-03T15:15:59.155302,0.000000,2.274396
3815.2925,2026-06-03T15:15:59.644773,0.000000,2.274424
3815.7826,2026-06-03T15:16:00.134922,0.000000,2.274468
3816.2826,2026-06-03T15:16:00.634914,0.000000,2.274232
3816.7709,2026-06-03T15:16:01.123232,0.000000,2.273648
3817.2707,2026-06-03T15:16:01.623004,0.000000,2.274008
3817.7842,2026-06-03T15:16:02.136498,0.000000,2.274428
3818.2840,2026-06-03T15:16:02.636252,0.000000,2.274432
3818.7855,2026-06-03T15:16:03.137831,0.000000,2.275008
3819.2862,2026-06-03T15:16:03.638458,0.000000,2.274660
3819.7743,2026-06-03T15:16:04.126533,0.000000,2.274232
3820.2865,2026-06-03T15:16:04.638788,0.000000,2.273948
3820.7830,2026-06-03T15:16:05.135291,0.000000,2.273584
3821.2702,2026-06-03T15:16:05.622448,0.000000,2.273700
3821.7678,2026-06-03T15:16:06.120054,0.000000,2.273688
3822.2710,2026-06-03T15:16:06.623251,0.000000,2.274164
3822.7684,2026-06-03T15:16:07.120728,0.000000,2.274180
3823.2674,2026-06-03T15:16:07.619693,0.000000,2.274156
3823.7709,2026-06-03T15:16:08.123208,0.000000,2.274180
3824.2953,2026-06-03T15:16:08.647616,0.000000,2.273964
3824.7680,2026-06-03T15:16:09.120305,0.000000,2.273868
3825.2645,2026-06-03T15:16:09.616812,0.000000,2.273492
3825.7593,2026-06-03T15:16:10.111612,0.000000,2.273004
3826.2619,2026-06-03T15:16:10.614179,0.000000,2.272836
3826.7597,2026-06-03T15:16:11.112020,0.000000,2.272764
3827.2760,2026-06-03T15:16:11.628283,0.000000,2.272724
3827.7703,2026-06-03T15:16:12.122546,0.000000,2.272680
3828.2692,2026-06-03T15:16:12.621538,0.000000,2.272356
3828.7869,2026-06-03T15:16:13.139147,0.000000,2.271744
3829.2871,2026-06-03T15:16:13.639357,0.000000,2.271364
3829.7787,2026-06-03T15:16:14.131014,0.000000,2.271268
3830.2766,2026-06-03T15:16:14.628896,0.000000,2.271240
3830.7662,2026-06-03T15:16:15.118515,0.000000,2.271372
3831.2760,2026-06-03T15:16:15.628295,0.000000,2.271440
3831.7751,2026-06-03T15:16:16.127333,0.000000,2.271596
3832.2682,2026-06-03T15:16:16.620528,0.000000,2.272044
3832.7701,2026-06-03T15:16:17.122434,0.000000,2.272348
3833.2684,2026-06-03T15:16:17.620679,0.000000,2.272788
3833.7326,2026-06-03T15:16:18.084930,0.000000,2.272508
3834.2428,2026-06-03T15:16:18.595075,0.000000,2.272144
3834.7068,2026-06-03T15:16:19.059064,0.000000,2.271748
3835.2010,2026-06-03T15:16:19.553319,0.000000,2.271344
3835.6932,2026-06-03T15:16:20.045493,0.000000,2.271256
3836.1998,2026-06-03T15:16:20.552114,0.000000,2.270908
3836.7072,2026-06-03T15:16:21.059475,0.000000,2.270812
3837.1958,2026-06-03T15:16:21.548102,0.000000,2.270492
3837.6925,2026-06-03T15:16:22.044819,0.000000,2.270420
3838.1594,2026-06-03T15:16:22.511707,0.000000,2.270248
3838.6588,2026-06-03T15:16:23.011127,0.000000,2.269988
3839.1619,2026-06-03T15:16:23.514153,0.000000,2.269592
3839.6643,2026-06-03T15:16:24.016581,0.000000,2.269120
3840.1619,2026-06-03T15:16:24.514203,0.000000,2.268872
3840.6627,2026-06-03T15:16:25.015005,0.000000,2.268536
3841.1610,2026-06-03T15:16:25.513298,0.000000,2.268340
3841.6623,2026-06-03T15:16:26.014586,0.000000,2.268168
3842.1509,2026-06-03T15:16:26.503164,0.000000,2.267492
3842.6338,2026-06-03T15:16:26.986122,0.000000,2.266984
3843.1366,2026-06-03T15:16:27.488898,0.000000,2.266572
3843.6449,2026-06-03T15:16:27.997183,0.000000,2.266104
3844.1344,2026-06-03T15:16:28.486650,0.000000,2.266104
3844.6393,2026-06-03T15:16:28.991582,0.000000,2.265560
3845.1302,2026-06-03T15:16:29.482480,0.000000,2.265288
3845.6301,2026-06-03T15:16:29.982385,0.000000,2.264636
3846.1063,2026-06-03T15:16:30.458625,0.000000,2.264108
3846.5830,2026-06-03T15:16:30.935276,0.000000,2.263928
3847.0551,2026-06-03T15:16:31.407432,0.000000,2.263656
3847.5413,2026-06-03T15:16:31.893569,0.000000,2.263940
3848.0510,2026-06-03T15:16:32.403276,0.000000,2.264268
3848.5174,2026-06-03T15:16:32.869725,0.000000,2.264536
3849.0097,2026-06-03T15:16:33.361976,0.000000,2.264644
3849.5034,2026-06-03T15:16:33.855697,0.000000,2.264548
3850.0078,2026-06-03T15:16:34.360068,0.000000,2.263912
3850.4993,2026-06-03T15:16:34.851584,0.000000,2.263300
3850.9843,2026-06-03T15:16:35.336585,0.000000,2.263172
3851.4756,2026-06-03T15:16:35.827846,0.000000,2.262844
3851.9752,2026-06-03T15:16:36.327480,0.000000,2.262780
3852.4647,2026-06-03T15:16:36.816941,0.000000,2.262424
3852.9678,2026-06-03T15:16:37.320088,0.000000,2.262024
3853.4923,2026-06-03T15:16:37.844563,0.000000,2.261856
3853.9858,2026-06-03T15:16:38.338120,0.000000,2.261800
3854.4781,2026-06-03T15:16:38.830419,0.000000,2.261572
3854.9830,2026-06-03T15:16:39.335330,0.000000,2.261284
3855.4779,2026-06-03T15:16:39.830210,0.000000,2.260876
3855.9866,2026-06-03T15:16:40.338901,0.000000,2.260612
3856.4759,2026-06-03T15:16:40.828240,0.000000,2.260168
3856.9688,2026-06-03T15:16:41.321132,0.000000,2.259584
3857.4630,2026-06-03T15:16:41.815291,0.000000,2.259440
3857.9599,2026-06-03T15:16:42.312184,0.000000,2.258984
3858.4594,2026-06-03T15:16:42.811698,0.000000,2.258892
3858.9705,2026-06-03T15:16:43.322781,0.000000,2.258852
3859.4619,2026-06-03T15:16:43.814203,0.000000,2.258468
3859.9595,2026-06-03T15:16:44.311748,0.000000,2.258344
3860.4836,2026-06-03T15:16:44.835895,0.000000,2.258060
3860.9817,2026-06-03T15:16:45.333979,0.000000,2.257540
3861.4869,2026-06-03T15:16:45.839161,0.000000,2.257220
3861.9755,2026-06-03T15:16:46.327777,0.000000,2.256984
3862.4761,2026-06-03T15:16:46.828357,0.000000,2.256696
3862.9763,2026-06-03T15:16:47.328580,0.000000,2.256680
3863.4443,2026-06-03T15:16:47.796607,0.000000,2.256632
3863.9378,2026-06-03T15:16:48.290043,0.000000,2.256564
3864.4359,2026-06-03T15:16:48.788229,0.000000,2.256340
3864.9243,2026-06-03T15:16:49.276622,0.000000,2.256008
3865.4204,2026-06-03T15:16:49.772716,0.000000,2.255472
3865.9188,2026-06-03T15:16:50.271092,0.000000,2.254816
3866.3926,2026-06-03T15:16:50.744922,0.000000,2.254336
3866.8906,2026-06-03T15:16:51.242913,0.000000,2.253708
3867.3962,2026-06-03T15:16:51.748478,0.000000,2.253260
3867.8921,2026-06-03T15:16:52.244435,0.000000,2.252764
3868.4150,2026-06-03T15:16:52.767255,0.000000,2.252592
3868.9157,2026-06-03T15:16:53.268000,0.000000,2.252468
3869.4163,2026-06-03T15:16:53.768600,0.000000,2.252288
3869.9009,2026-06-03T15:16:54.253192,0.000000,2.252120
3870.4071,2026-06-03T15:16:54.759416,0.000000,2.251912
3870.9180,2026-06-03T15:16:55.270245,0.000000,2.251496
3871.4160,2026-06-03T15:16:55.768293,0.000000,2.251148
3871.9168,2026-06-03T15:16:56.269080,0.000000,2.251188
3872.4006,2026-06-03T15:16:56.752885,0.000000,2.250748
3872.9076,2026-06-03T15:16:57.259911,0.000000,2.250540
3873.3773,2026-06-03T15:16:57.729581,0.000000,2.250184
3873.8527,2026-06-03T15:16:58.204936,0.000000,2.249732
3874.3416,2026-06-03T15:16:58.693863,0.000000,2.249128
3874.8147,2026-06-03T15:16:59.167031,0.000000,2.248856
3875.2743,2026-06-03T15:16:59.626573,0.000000,2.248360
3875.7801,2026-06-03T15:17:00.132343,0.000000,2.247872
3876.2748,2026-06-03T15:17:00.627078,0.000000,2.247880
3876.7983,2026-06-03T15:17:01.150600,0.000000,2.247404
3877.2990,2026-06-03T15:17:01.651284,0.000000,2.246684
3877.7938,2026-06-03T15:17:02.146050,0.000000,2.246132
3878.2952,2026-06-03T15:17:02.647464,0.000000,2.245436
3878.7901,2026-06-03T15:17:03.142406,0.000000,2.244940
3879.3050,2026-06-03T15:17:03.657285,0.000000,2.244756
3879.7702,2026-06-03T15:17:04.122532,0.000000,2.244252
3880.2625,2026-06-03T15:17:04.614839,0.000000,2.244092
3880.7439,2026-06-03T15:17:05.096168,0.000000,2.243768
3881.2308,2026-06-03T15:17:05.583059,0.000000,2.243460
3881.6976,2026-06-03T15:17:06.049896,0.000000,2.243324
3882.1951,2026-06-03T15:17:06.547414,0.000000,2.242928
3882.6906,2026-06-03T15:17:07.042917,0.000000,2.242476
3883.1884,2026-06-03T15:17:07.540679,0.000000,2.242044
3883.6735,2026-06-03T15:17:08.025796,0.000000,2.241692
3884.1757,2026-06-03T15:17:08.527953,0.000000,2.241248
3884.6674,2026-06-03T15:17:09.019664,0.000000,2.241056
3885.1537,2026-06-03T15:17:09.505944,0.000000,2.240796
3885.6507,2026-06-03T15:17:10.003011,0.000000,2.240376
3886.1756,2026-06-03T15:17:10.527869,0.000000,2.240024
3886.6764,2026-06-03T15:17:11.028721,0.000000,2.239500
3887.1709,2026-06-03T15:17:11.523219,0.000000,2.239204
3887.6673,2026-06-03T15:17:12.019549,0.000000,2.239008
3888.1910,2026-06-03T15:17:12.543251,0.000000,2.238652
3888.6620,2026-06-03T15:17:13.014315,0.000000,2.238148
3889.1638,2026-06-03T15:17:13.516044,0.000000,2.237620
3889.6516,2026-06-03T15:17:14.003831,0.000000,2.237144
3890.1267,2026-06-03T15:17:14.478991,0.000000,2.236764
3890.6167,2026-06-03T15:17:14.968980,0.000000,2.236196
3891.1232,2026-06-03T15:17:15.475511,0.000000,2.235636
3891.6152,2026-06-03T15:17:15.967499,0.000000,2.234924
3892.1098,2026-06-03T15:17:16.462061,0.000000,2.234256
3892.6096,2026-06-03T15:17:16.961907,0.000000,2.233528
3893.1072,2026-06-03T15:17:17.459511,0.000000,2.233064
3893.6366,2026-06-03T15:17:17.988924,0.000000,2.232508
3894.1443,2026-06-03T15:17:18.496550,0.000000,2.231732
3894.6449,2026-06-03T15:17:18.997161,0.000000,2.231296
3895.1445,2026-06-03T15:17:19.496834,0.000000,2.230732
3895.6469,2026-06-03T15:17:19.999169,0.000000,2.230088
3896.1055,2026-06-03T15:17:20.457760,0.000000,2.229940
3896.6075,2026-06-03T15:17:20.959773,0.000000,2.229488
3897.1011,2026-06-03T15:17:21.453371,0.000000,2.228684
3897.5701,2026-06-03T15:17:21.922418,0.000000,2.227932
3898.0670,2026-06-03T15:17:22.419294,0.000000,2.227004
3898.5646,2026-06-03T15:17:22.916869,0.000000,2.226300
3899.0543,2026-06-03T15:17:23.406561,0.000000,2.225828
3899.5574,2026-06-03T15:17:23.909643,0.000000,2.225344
3900.0468,2026-06-03T15:17:24.399051,0.000000,2.224984
3900.5450,2026-06-03T15:17:24.897292,0.000000,2.224308
3901.0390,2026-06-03T15:17:25.391321,0.000000,2.223436
3901.5688,2026-06-03T15:17:25.921120,0.000000,2.223004
3902.0618,2026-06-03T15:17:26.414108,0.000000,2.221984
3902.5609,2026-06-03T15:17:26.913182,0.000000,2.221324
3903.0550,2026-06-03T15:17:27.407287,0.000000,2.220712
3903.5798,2026-06-03T15:17:27.932039,0.000000,2.220060
3904.0688,2026-06-03T15:17:28.421091,0.000000,2.220024
3904.5577,2026-06-03T15:17:28.910008,0.000000,2.219592
3905.0419,2026-06-03T15:17:29.394143,0.000000,2.219384
3905.5474,2026-06-03T15:17:29.899641,0.000000,2.218856
3906.0390,2026-06-03T15:17:30.391259,0.000000,2.218356
3906.5089,2026-06-03T15:17:30.861149,0.000000,2.217756
3907.0052,2026-06-03T15:17:31.357450,0.000000,2.217272
3907.5042,2026-06-03T15:17:31.856518,0.000000,2.216716
3907.9884,2026-06-03T15:17:32.340715,0.000000,2.216040
3908.4769,2026-06-03T15:17:32.829233,0.000000,2.215912
3908.9710,2026-06-03T15:17:33.323294,0.000000,2.215692
3909.4721,2026-06-03T15:17:33.824433,0.000000,2.215624
3909.9625,2026-06-03T15:17:34.314833,0.000000,2.215404
3910.4542,2026-06-03T15:17:34.806510,0.000000,2.214840
3910.9530,2026-06-03T15:17:35.305277,0.000000,2.214528
3911.4401,2026-06-03T15:17:35.792376,0.000000,2.214132
3911.9415,2026-06-03T15:17:36.293766,0.000000,2.213624
3912.4685,2026-06-03T15:17:36.820759,0.000000,2.212976
3912.9728,2026-06-03T15:17:37.325127,0.000000,2.212332
3913.4673,2026-06-03T15:17:37.819583,0.000000,2.211900
3913.9541,2026-06-03T15:17:38.306391,0.000000,2.211688
3914.4557,2026-06-03T15:17:38.807956,0.000000,2.211300
3914.9557,2026-06-03T15:17:39.308023,0.000000,2.210352
3915.4468,2026-06-03T15:17:39.799128,0.000000,2.209296
3915.9484,2026-06-03T15:17:40.300683,0.000000,2.208356
3916.4217,2026-06-03T15:17:40.774001,0.000000,2.207640
3916.9181,2026-06-03T15:17:41.270427,0.000000,2.207340
3917.4039,2026-06-03T15:17:41.756140,0.000000,2.206548
3917.8882,2026-06-03T15:17:42.240535,0.000000,2.206264
3918.3913,2026-06-03T15:17:42.743580,0.000000,2.206336
3918.8704,2026-06-03T15:17:43.222696,0.000000,2.205932
3919.3717,2026-06-03T15:17:43.724008,0.000000,2.205792
3919.8636,2026-06-03T15:17:44.215857,0.000000,2.205224
3920.3465,2026-06-03T15:17:44.698827,0.000000,2.204440
3920.8492,2026-06-03T15:17:45.201497,0.000000,2.203536
3921.3715,2026-06-03T15:17:45.723805,0.000000,2.202784
3921.8607,2026-06-03T15:17:46.212990,0.000000,2.201876
3922.3646,2026-06-03T15:17:46.716883,0.000000,2.201276
3922.8615,2026-06-03T15:17:47.213809,0.000000,2.201192
3923.3512,2026-06-03T15:17:47.703438,0.000000,2.200972
3923.8132,2026-06-03T15:17:48.165474,0.000000,2.200736
3924.3044,2026-06-03T15:17:48.656694,0.000000,2.200100
3924.7855,2026-06-03T15:17:49.137776,0.000000,2.199660
3925.2361,2026-06-03T15:17:49.588426,0.000000,2.199012
3925.7473,2026-06-03T15:17:50.099609,0.000000,2.198644
3926.2489,2026-06-03T15:17:50.601150,0.000000,2.197828
3926.7303,2026-06-03T15:17:51.082594,0.000000,2.197356
3927.2340,2026-06-03T15:17:51.586247,0.000000,2.196952
3927.7336,2026-06-03T15:17:52.085845,0.000000,2.196256
3928.2042,2026-06-03T15:17:52.556468,0.000000,2.195968
3928.7000,2026-06-03T15:17:53.052254,0.000000,2.195216
3929.2060,2026-06-03T15:17:53.558251,0.000000,2.194304
3929.7017,2026-06-03T15:17:54.053927,0.000000,2.193640
3930.2209,2026-06-03T15:17:54.573175,0.000000,2.193168
3930.7328,2026-06-03T15:17:55.085105,0.000000,2.192880
3931.2269,2026-06-03T15:17:55.579220,0.000000,2.192568
3931.7241,2026-06-03T15:17:56.076364,0.000000,2.192140
3932.2136,2026-06-03T15:17:56.565940,0.000000,2.191592
3932.7095,2026-06-03T15:17:57.061754,0.000000,2.191308
3933.1997,2026-06-03T15:17:57.551992,0.000000,2.190844
3933.6801,2026-06-03T15:17:58.032397,0.000000,2.190476
3934.1801,2026-06-03T15:17:58.532412,0.000000,2.190140
3934.6801,2026-06-03T15:17:59.032406,0.000000,2.189384
3935.1785,2026-06-03T15:17:59.530793,0.000000,2.188760
3935.6666,2026-06-03T15:18:00.018918,0.000000,2.188172
3936.1490,2026-06-03T15:18:00.501314,0.000000,2.187324
3936.6283,2026-06-03T15:18:00.980633,0.000000,2.186964
3937.1238,2026-06-03T15:18:01.476106,0.000000,2.186392
3937.6229,2026-06-03T15:18:01.975138,0.000000,2.185492
3938.1051,2026-06-03T15:18:02.457364,0.000000,2.184932
3938.6323,2026-06-03T15:18:02.984596,0.000000,2.184204
3939.1297,2026-06-03T15:18:03.481951,0.000000,2.183700
3939.6227,2026-06-03T15:18:03.975025,0.000000,2.183276
3940.1051,2026-06-03T15:18:04.457358,0.000000,2.182884
3940.6098,2026-06-03T15:18:04.962102,0.000000,2.182460
3941.1125,2026-06-03T15:18:05.464781,0.000000,2.181528
3941.6119,2026-06-03T15:18:05.964207,0.000000,2.181004
3942.1159,2026-06-03T15:18:06.468176,0.000000,2.180104
3942.6061,2026-06-03T15:18:06.958387,0.000000,2.179240
3943.1042,2026-06-03T15:18:07.456520,0.000000,2.178424
3943.6052,2026-06-03T15:18:07.957455,0.000000,2.177788
3944.1085,2026-06-03T15:18:08.460787,0.000000,2.177612
3944.6009,2026-06-03T15:18:08.953163,0.000000,2.177272
3945.1079,2026-06-03T15:18:09.460194,0.000000,2.177328
3945.6216,2026-06-03T15:18:09.973873,0.000000,2.176908
3946.1138,2026-06-03T15:18:10.466057,0.000000,2.176428
3946.5885,2026-06-03T15:18:10.940814,0.000000,2.176328
3947.0891,2026-06-03T15:18:11.441385,0.000000,2.175824
3947.5941,2026-06-03T15:18:11.946404,0.000000,2.175576
3948.0908,2026-06-03T15:18:12.443059,0.000000,2.175312
3948.5883,2026-06-03T15:18:12.940625,0.000000,2.174352
3949.0539,2026-06-03T15:18:13.406156,0.000000,2.173904
3949.5479,2026-06-03T15:18:13.900144,0.000000,2.173328
3950.0537,2026-06-03T15:18:14.405939,0.000000,2.172436
3950.5558,2026-06-03T15:18:14.908090,0.000000,2.171772
3951.0542,2026-06-03T15:18:15.406489,0.000000,2.171232
3951.5479,2026-06-03T15:18:15.900172,0.000000,2.170676
3952.0542,2026-06-03T15:18:16.406463,0.000000,2.170288
3952.5430,2026-06-03T15:18:16.895309,0.000000,2.170004
3953.0233,2026-06-03T15:18:17.375633,0.000000,2.169456
3953.5220,2026-06-03T15:18:17.874266,0.000000,2.169020
3954.0484,2026-06-03T15:18:18.400662,0.000000,2.168572
3954.5498,2026-06-03T15:18:18.902092,0.000000,2.168028
3955.0452,2026-06-03T15:18:19.397542,0.000000,2.167408
3955.5522,2026-06-03T15:18:19.904491,0.000000,2.166884
3956.0818,2026-06-03T15:18:20.434109,0.000000,2.166120
3956.5845,2026-06-03T15:18:20.936768,0.000000,2.165632
3957.0632,2026-06-03T15:18:21.415518,0.000000,2.165384
3957.5698,2026-06-03T15:18:21.922080,0.000000,2.164992
3958.0652,2026-06-03T15:18:22.417466,0.000000,2.164636
3958.5631,2026-06-03T15:18:22.915383,0.000000,2.163844
3959.0554,2026-06-03T15:18:23.407730,0.000000,2.163076
3959.5492,2026-06-03T15:18:23.901450,0.000000,2.162548
3960.0732,2026-06-03T15:18:24.425452,0.000000,2.161956
3960.5820,2026-06-03T15:18:24.934242,0.000000,2.161500
3961.0791,2026-06-03T15:18:25.431422,0.000000,2.160772
3961.5800,2026-06-03T15:18:25.932291,0.000000,2.159940
3962.0715,2026-06-03T15:18:26.423762,0.000000,2.159240
3962.5763,2026-06-03T15:18:26.928579,0.000000,2.158424
3963.0766,2026-06-03T15:18:27.428857,0.000000,2.157960
3963.5731,2026-06-03T15:18:27.925406,0.000000,2.157268
3964.0695,2026-06-03T15:18:28.421742,0.000000,2.156608
3964.5548,2026-06-03T15:18:28.907137,0.000000,2.156372
3965.0551,2026-06-03T15:18:29.407350,0.000000,2.156312
3965.5500,2026-06-03T15:18:29.902282,0.000000,2.156116
3966.0500,2026-06-03T15:18:30.402312,0.000000,2.155652
3966.5418,2026-06-03T15:18:30.894095,0.000000,2.155284
3967.0386,2026-06-03T15:18:31.390854,0.000000,2.154652
3967.5219,2026-06-03T15:18:31.874187,0.000000,2.154660
3968.0437,2026-06-03T15:18:32.395989,0.000000,2.154632
3968.5452,2026-06-03T15:18:32.897447,0.000000,2.153936
3969.0452,2026-06-03T15:18:33.397540,0.000000,2.153552
3969.5455,2026-06-03T15:18:33.897755,0.000000,2.152940
3970.0500,2026-06-03T15:18:34.402297,0.000000,2.152464
3970.5205,2026-06-03T15:18:34.872768,0.000000,2.152180
3971.0034,2026-06-03T15:18:35.355685,0.000000,2.151468
3971.4956,2026-06-03T15:18:35.847855,0.000000,2.150824
3971.9984,2026-06-03T15:18:36.350664,0.000000,2.150440
3972.4925,2026-06-03T15:18:36.844816,0.000000,2.149640
3972.9640,2026-06-03T15:18:37.316328,0.000000,2.149436
3973.4545,2026-06-03T15:18:37.806738,0.000000,2.149260
3973.9310,2026-06-03T15:18:38.283271,0.000000,2.148616
3974.4301,2026-06-03T15:18:38.782429,0.000000,2.148304
3974.9302,2026-06-03T15:18:39.282531,0.000000,2.148092
3975.4330,2026-06-03T15:18:39.785286,0.000000,2.147284
3975.9330,2026-06-03T15:18:40.285285,0.000000,2.147272
3976.4381,2026-06-03T15:18:40.790426,0.000000,2.147364
3976.9330,2026-06-03T15:18:41.285302,0.000000,2.146692
3977.3964,2026-06-03T15:18:41.748650,0.000000,2.146256
3977.8888,2026-06-03T15:18:42.241112,0.000000,2.145628
3978.3940,2026-06-03T15:18:42.746316,0.000000,2.144880
3978.8882,2026-06-03T15:18:43.240537,0.000000,2.145052
3979.3831,2026-06-03T15:18:43.735408,0.000000,2.145156
3979.8771,2026-06-03T15:18:44.229392,0.000000,2.145084
3980.3720,2026-06-03T15:18:44.724249,0.000000,2.144792
3980.8701,2026-06-03T15:18:45.222417,0.000000,2.143952
3981.3515,2026-06-03T15:18:45.703771,0.000000,2.143300
3981.8418,2026-06-03T15:18:46.194098,0.000000,2.142608
3982.3411,2026-06-03T15:18:46.693420,0.000000,2.142088
3982.8402,2026-06-03T15:18:47.192471,0.000000,2.141576
3983.3412,2026-06-03T15:18:47.693485,0.000000,2.140896
3983.8327,2026-06-03T15:18:48.185003,0.000000,2.140484
3984.3536,2026-06-03T15:18:48.705924,0.000000,2.140388
3984.8533,2026-06-03T15:18:49.205614,0.000000,2.140008
3985.3521,2026-06-03T15:18:49.704442,0.000000,2.139784
3985.8207,2026-06-03T15:18:50.172966,0.000000,2.139088
3986.2960,2026-06-03T15:18:50.648301,0.000000,2.138328
3986.8027,2026-06-03T15:18:51.154999,0.000000,2.137820
3987.2952,2026-06-03T15:18:51.647491,0.000000,2.137120
3987.7984,2026-06-03T15:18:52.150719,0.000000,2.136720
3988.2955,2026-06-03T15:18:52.647812,0.000000,2.136328
3988.7963,2026-06-03T15:18:53.148624,0.000000,2.136024
3989.2924,2026-06-03T15:18:53.644675,0.000000,2.135936
3989.7825,2026-06-03T15:18:54.134776,0.000000,2.135524
3990.2514,2026-06-03T15:18:54.603637,0.000000,2.135476
3990.7498,2026-06-03T15:18:55.102092,0.000000,2.135208
3991.2306,2026-06-03T15:18:55.582841,0.000000,2.134852
3991.7073,2026-06-03T15:18:56.059606,0.000000,2.134648
3992.2027,2026-06-03T15:18:56.555012,0.000000,2.134340
3992.6801,2026-06-03T15:18:57.032383,0.000000,2.134060
3993.1724,2026-06-03T15:18:57.524676,0.000000,2.133920
3993.6609,2026-06-03T15:18:58.013201,0.000000,2.133648
3994.1702,2026-06-03T15:18:58.522498,0.000000,2.133252
3994.6710,2026-06-03T15:18:59.023265,0.000000,2.132816
3995.1624,2026-06-03T15:18:59.514711,0.000000,2.132232
3995.6604,2026-06-03T15:19:00.012683,0.000000,2.131636
3996.1534,2026-06-03T15:19:00.505655,0.000000,2.131076
3996.6469,2026-06-03T15:19:00.999181,0.000000,2.130704
3997.1524,2026-06-03T15:19:01.504667,0.000000,2.130396
3997.6535,2026-06-03T15:19:02.005821,0.000000,2.130472
3998.1301,2026-06-03T15:19:02.482398,0.000000,2.130620
3998.6303,2026-06-03T15:19:02.982557,0.000000,2.130256
3999.1302,2026-06-03T15:19:03.482454,0.000000,2.130096
3999.6222,2026-06-03T15:19:03.974453,0.000000,2.129604
4000.1189,2026-06-03T15:19:04.471158,0.000000,2.129088
4000.6182,2026-06-03T15:19:04.970506,0.000000,2.128984
4001.1106,2026-06-03T15:19:05.462888,0.000000,2.128616
4001.6278,2026-06-03T15:19:05.980123,0.000000,2.128348
4002.1315,2026-06-03T15:19:06.483820,0.000000,2.128104
4002.5781,2026-06-03T15:19:06.930329,0.000000,2.127628
4003.0552,2026-06-03T15:19:07.407523,0.000000,2.127140
4003.5238,2026-06-03T15:19:07.876125,0.000000,2.126796
4004.0153,2026-06-03T15:19:08.367575,0.000000,2.126492
4004.5151,2026-06-03T15:19:08.867362,0.000000,2.125788
4005.0181,2026-06-03T15:19:09.370393,0.000000,2.125388
4005.5109,2026-06-03T15:19:09.863162,0.000000,2.125156
4006.0217,2026-06-03T15:19:10.373999,0.000000,2.124712
4006.5092,2026-06-03T15:19:10.861502,0.000000,2.124816
4007.0087,2026-06-03T15:19:11.360964,0.000000,2.124856
4007.5009,2026-06-03T15:19:11.853165,0.000000,2.124744
4008.0019,2026-06-03T15:19:12.354208,0.000000,2.124884
4008.4978,2026-06-03T15:19:12.850052,0.000000,2.124524
4008.9844,2026-06-03T15:19:13.336675,0.000000,2.124056
4009.4514,2026-06-03T15:19:13.803646,0.000000,2.123356
4009.9556,2026-06-03T15:19:14.307923,0.000000,2.122784
4010.4535,2026-06-03T15:19:14.805747,0.000000,2.122232
4010.9402,2026-06-03T15:19:15.292452,0.000000,2.121960
4011.4557,2026-06-03T15:19:15.807989,0.000000,2.121772
4011.9482,2026-06-03T15:19:16.300490,0.000000,2.121920
4012.4497,2026-06-03T15:19:16.802010,0.000000,2.121792
4012.9422,2026-06-03T15:19:17.294486,0.000000,2.121844
4013.4428,2026-06-03T15:19:17.795127,0.000000,2.121912
4013.9598,2026-06-03T15:19:18.312103,0.000000,2.121548
4014.4626,2026-06-03T15:19:18.814847,0.000000,2.121184
4014.9553,2026-06-03T15:19:19.307608,0.000000,2.120700
4015.4536,2026-06-03T15:19:19.805897,0.000000,2.120124
4015.9541,2026-06-03T15:19:20.306388,0.000000,2.119760
4016.4493,2026-06-03T15:19:20.801626,0.000000,2.119824
4016.9493,2026-06-03T15:19:21.301636,0.000000,2.119960
4017.4568,2026-06-03T15:19:21.809087,0.000000,2.119900
4017.9633,2026-06-03T15:19:22.315639,0.000000,2.119696
4018.4701,2026-06-03T15:19:22.822394,0.000000,2.119516
4018.9595,2026-06-03T15:19:23.311811,0.000000,2.119100
4019.4488,2026-06-03T15:19:23.801071,0.000000,2.118972
4019.9430,2026-06-03T15:19:24.295251,0.000000,2.118792
4020.4496,2026-06-03T15:19:24.801868,0.000000,2.118488
4020.9412,2026-06-03T15:19:25.293541,0.000000,2.118236
4021.4308,2026-06-03T15:19:25.783114,0.000000,2.117656
4021.9305,2026-06-03T15:19:26.282746,0.000000,2.117368
4022.4265,2026-06-03T15:19:26.778814,0.000000,2.116968
4022.9257,2026-06-03T15:19:27.277985,0.000000,2.116636
4023.4146,2026-06-03T15:19:27.766889,0.000000,2.116556
4023.9076,2026-06-03T15:19:28.259849,0.000000,2.116320
4024.3980,2026-06-03T15:19:28.750250,0.000000,2.115972
4024.8952,2026-06-03T15:19:29.247492,0.000000,2.115352
4025.3842,2026-06-03T15:19:29.736527,0.000000,2.115036
4025.9092,2026-06-03T15:19:30.261463,0.000000,2.114892
4026.4091,2026-06-03T15:19:30.761419,0.000000,2.115008
4026.9156,2026-06-03T15:19:31.267870,0.000000,2.115236
4027.4094,2026-06-03T15:19:31.761728,0.000000,2.114996
4027.9113,2026-06-03T15:19:32.263546,0.000000,2.114720
4028.4021,2026-06-03T15:19:32.754345,0.000000,2.114596
4028.8979,2026-06-03T15:19:33.250141,0.000000,2.114136
4029.3953,2026-06-03T15:19:33.747569,0.000000,2.114056
4029.8895,2026-06-03T15:19:34.241814,0.000000,2.113816
4030.3843,2026-06-03T15:19:34.736573,0.000000,2.113672
4030.8912,2026-06-03T15:19:35.243537,0.000000,2.113672
4031.3776,2026-06-03T15:19:35.729857,0.000000,2.113396
4031.8674,2026-06-03T15:19:36.219695,0.000000,2.113444
4032.3592,2026-06-03T15:19:36.711530,0.000000,2.112976
4032.8556,2026-06-03T15:19:37.207859,0.000000,2.112484
4033.3807,2026-06-03T15:19:37.733079,0.000000,2.112416
4033.8384,2026-06-03T15:19:38.190655,0.000000,2.112080
4034.3381,2026-06-03T15:19:38.690367,0.000000,2.111932
4034.8316,2026-06-03T15:19:39.183870,0.000000,2.111848
4035.3002,2026-06-03T15:19:39.652485,0.000000,2.111428
4035.8007,2026-06-03T15:19:40.152980,0.000000,2.111028
4036.2945,2026-06-03T15:19:40.646783,0.000000,2.110720
4036.7710,2026-06-03T15:19:41.123244,0.000000,2.110640
4037.2321,2026-06-03T15:19:41.584485,0.000000,2.110588
4037.7380,2026-06-03T15:19:42.090272,0.000000,2.110900
4038.2497,2026-06-03T15:19:42.601980,0.000000,2.110800
4038.7432,2026-06-03T15:19:43.095480,0.000000,2.110920
4039.2429,2026-06-03T15:19:43.595161,0.000000,2.110740
4039.7417,2026-06-03T15:19:44.093996,0.000000,2.110256
4040.2311,2026-06-03T15:19:44.583419,0.000000,2.110220
4040.7217,2026-06-03T15:19:45.074024,0.000000,2.110028
4041.2264,2026-06-03T15:19:45.578660,0.000000,2.110080
4041.7428,2026-06-03T15:19:46.095124,0.000000,2.109888
4042.2456,2026-06-03T15:19:46.597885,0.000000,2.109284
4042.7429,2026-06-03T15:19:47.095207,0.000000,2.108760
4043.2428,2026-06-03T15:19:47.595103,0.000000,2.108432
4043.7333,2026-06-03T15:19:48.085555,0.000000,2.108484
4044.2345,2026-06-03T15:19:48.586794,0.000000,2.108748
4044.7262,2026-06-03T15:19:49.078479,0.000000,2.108400
4045.2207,2026-06-03T15:19:49.572978,0.000000,2.108100
4045.7176,2026-06-03T15:19:50.069937,0.000000,2.107964
4046.2176,2026-06-03T15:19:50.569847,0.000000,2.107568
4046.7176,2026-06-03T15:19:51.069883,0.000000,2.107620
4047.2155,2026-06-03T15:19:51.567799,0.000000,2.107516
4047.7150,2026-06-03T15:19:52.067307,0.000000,2.106888
4048.1813,2026-06-03T15:19:52.533621,0.000000,2.106556
4048.6433,2026-06-03T15:19:52.995536,0.000000,2.106260
4049.1285,2026-06-03T15:19:53.480784,0.000000,2.105776
4049.6314,2026-06-03T15:19:53.983672,0.000000,2.105596
4050.1418,2026-06-03T15:19:54.494086,0.000000,2.105516
4050.6553,2026-06-03T15:19:55.007575,0.000000,2.105112
4051.1417,2026-06-03T15:19:55.493966,0.000000,2.104852
4051.5983,2026-06-03T15:19:55.950619,0.000000,2.104456
4052.1015,2026-06-03T15:19:56.453777,0.000000,2.104264
4052.5929,2026-06-03T15:19:56.945208,0.000000,2.104316
4053.0844,2026-06-03T15:19:57.436658,0.000000,2.104724
4053.5693,2026-06-03T15:19:57.921553,0.000000,2.105060
4054.0614,2026-06-03T15:19:58.413731,0.000000,2.104776
4054.5395,2026-06-03T15:19:58.891818,0.000000,2.104476
4055.0321,2026-06-03T15:19:59.384418,0.000000,2.104132
4055.5004,2026-06-03T15:19:59.852715,0.000000,2.103548
4055.9916,2026-06-03T15:20:00.343939,0.000000,2.103684
4056.4725,2026-06-03T15:20:00.824784,0.000000,2.103620
4056.9750,2026-06-03T15:20:01.327251,0.000000,2.103336
4057.4684,2026-06-03T15:20:01.820678,0.000000,2.103436
4057.9618,2026-06-03T15:20:02.314055,0.000000,2.103328
4058.4579,2026-06-03T15:20:02.810228,0.000000,2.103184
4058.9302,2026-06-03T15:20:03.282507,0.000000,2.103272
4059.4178,2026-06-03T15:20:03.770137,0.000000,2.103040
4059.9203,2026-06-03T15:20:04.272609,0.000000,2.102648
4060.4201,2026-06-03T15:20:04.772425,0.000000,2.102528
4060.9473,2026-06-03T15:20:05.299558,0.000000,2.102180
4061.4472,2026-06-03T15:20:05.799523,0.000000,2.102128
4061.9217,2026-06-03T15:20:06.273949,0.000000,2.102136
4062.4201,2026-06-03T15:20:06.772422,0.000000,2.101824
4062.9207,2026-06-03T15:20:07.273037,0.000000,2.101612
4063.4297,2026-06-03T15:20:07.781978,0.000000,2.101424
4063.9260,2026-06-03T15:20:08.278312,0.000000,2.100964
4064.4201,2026-06-03T15:20:08.772372,0.000000,2.101216
4064.9051,2026-06-03T15:20:09.257429,0.000000,2.101288
4065.4014,2026-06-03T15:20:09.753636,0.000000,2.101220
4065.8931,2026-06-03T15:20:10.245411,0.000000,2.101264
4066.3919,2026-06-03T15:20:10.744230,0.000000,2.101364
4066.8929,2026-06-03T15:20:11.245226,0.000000,2.101260
4067.3873,2026-06-03T15:20:11.739619,0.000000,2.101288
4067.8766,2026-06-03T15:20:12.228891,0.000000,2.101148
4068.3437,2026-06-03T15:20:12.696010,0.000000,2.100488
4068.8177,2026-06-03T15:20:13.170033,0.000000,2.100332
4069.3107,2026-06-03T15:20:13.662967,0.000000,2.100256
4069.8119,2026-06-03T15:20:14.164193,0.000000,2.100012
4070.3108,2026-06-03T15:20:14.663134,0.000000,2.100140
4070.8078,2026-06-03T15:20:15.160109,0.000000,2.100096
4071.3078,2026-06-03T15:20:15.660057,0.000000,2.100040
4071.7970,2026-06-03T15:20:16.149277,0.000000,2.100392
4072.2911,2026-06-03T15:20:16.643345,0.000000,2.100440
4072.7805,2026-06-03T15:20:17.132767,0.000000,2.100604
4073.2553,2026-06-03T15:20:17.607590,0.000000,2.100616
4073.7715,2026-06-03T15:20:18.123738,0.000000,2.100372
4074.2589,2026-06-03T15:20:18.611235,0.000000,2.100156
4074.7551,2026-06-03T15:20:19.107414,0.000000,2.100112
4075.2565,2026-06-03T15:20:19.608756,0.000000,2.099852
4075.7457,2026-06-03T15:20:20.097997,0.000000,2.099804
4076.2661,2026-06-03T15:20:20.618435,0.000000,2.099664
4076.7677,2026-06-03T15:20:21.119990,0.000000,2.099200
4077.2682,2026-06-03T15:20:21.620500,0.000000,2.099092
4077.7688,2026-06-03T15:20:22.121065,0.000000,2.098948
4078.2618,2026-06-03T15:20:22.614118,0.000000,2.099032
4078.7668,2026-06-03T15:20:23.119040,0.000000,2.099080
4079.2724,2026-06-03T15:20:23.624674,0.000000,2.099032
4079.8084,2026-06-03T15:20:24.160658,0.000000,2.098828
4080.2780,2026-06-03T15:20:24.630328,0.000000,2.098752
4080.7965,2026-06-03T15:20:25.148778,0.000000,2.098596
4081.2815,2026-06-03T15:20:25.633837,0.000000,2.098344
4081.7784,2026-06-03T15:20:26.130722,0.000000,2.098244
4082.2838,2026-06-03T15:20:26.636096,0.000000,2.097920
4082.7445,2026-06-03T15:20:27.096755,0.000000,2.097900
4083.2404,2026-06-03T15:20:27.592698,0.000000,2.098068
4083.7429,2026-06-03T15:20:28.095163,0.000000,2.098132
4084.2421,2026-06-03T15:20:28.594345,0.000000,2.098248
4084.7419,2026-06-03T15:20:29.094232,0.000000,2.098132
4085.2344,2026-06-03T15:20:29.586659,0.000000,2.097872
4085.7178,2026-06-03T15:20:30.070053,0.000000,2.097764
4086.2065,2026-06-03T15:20:30.558766,0.000000,2.097800
4086.6958,2026-06-03T15:20:31.048128,0.000000,2.097940
4087.2199,2026-06-03T15:20:31.572232,0.000000,2.097800
4087.7219,2026-06-03T15:20:32.074193,0.000000,2.097512
4088.2079,2026-06-03T15:20:32.560240,0.000000,2.096884
4088.6704,2026-06-03T15:20:33.022682,0.000000,2.096480
4089.1724,2026-06-03T15:20:33.524742,0.000000,2.096060
4089.6678,2026-06-03T15:20:34.020128,0.000000,2.096196
4090.1670,2026-06-03T15:20:34.519297,0.000000,2.096624
4090.6660,2026-06-03T15:20:35.018286,0.000000,2.097104
4091.1431,2026-06-03T15:20:35.495366,0.000000,2.097400
4091.6147,2026-06-03T15:20:35.967045,0.000000,2.097228
4092.1160,2026-06-03T15:20:36.468337,0.000000,2.097276
4092.6044,2026-06-03T15:20:36.956696,0.000000,2.096884
4093.1115,2026-06-03T15:20:37.463802,0.000000,2.096980
4093.6066,2026-06-03T15:20:37.958894,0.000000,2.096680
4094.0936,2026-06-03T15:20:38.445908,0.000000,2.096272
4094.5827,2026-06-03T15:20:38.934985,0.000000,2.096324
4095.0784,2026-06-03T15:20:39.430724,0.000000,2.096208
4095.5769,2026-06-03T15:20:39.929241,0.000000,2.096540
4096.0846,2026-06-03T15:20:40.436903,0.000000,2.096892
4096.6064,2026-06-03T15:20:40.958703,0.000000,2.096856
4097.1095,2026-06-03T15:20:41.461756,0.000000,2.096868
4097.6071,2026-06-03T15:20:41.959374,0.000000,2.096968
4098.1050,2026-06-03T15:20:42.457295,0.000000,2.097052
4098.6008,2026-06-03T15:20:42.953127,0.000000,2.096760
4099.1250,2026-06-03T15:20:43.477262,0.000000,2.096748
4099.6164,2026-06-03T15:20:43.968674,0.000000,2.096664
4100.1135,2026-06-03T15:20:44.465784,0.000000,2.096344
4100.6140,2026-06-03T15:20:44.966272,0.000000,2.096144
4101.1129,2026-06-03T15:20:45.465211,0.000000,2.095856
4101.6115,2026-06-03T15:20:45.963741,0.000000,2.095456
4102.1109,2026-06-03T15:20:46.463200,0.000000,2.095444
4102.6227,2026-06-03T15:20:46.975039,0.000000,2.095560
4103.1167,2026-06-03T15:20:47.469014,0.000000,2.095656
4103.6250,2026-06-03T15:20:47.977265,0.000000,2.095808
4104.1248,2026-06-03T15:20:48.477045,0.000000,2.095808
4104.6273,2026-06-03T15:20:48.979545,0.000000,2.095796
4105.1264,2026-06-03T15:20:49.478684,0.000000,2.095792
4105.6295,2026-06-03T15:20:49.981838,0.000000,2.095892
4106.1288,2026-06-03T15:20:50.481048,0.000000,2.095888
4106.6309,2026-06-03T15:20:50.983236,0.000000,2.095696
4107.1042,2026-06-03T15:20:51.456524,0.000000,2.095516
4107.6119,2026-06-03T15:20:51.964196,0.000000,2.095476
4108.1119,2026-06-03T15:20:52.464217,0.000000,2.095548
4108.6161,2026-06-03T15:20:52.968421,0.000000,2.095576
4109.1255,2026-06-03T15:20:53.477811,0.000000,2.095456
4109.6335,2026-06-03T15:20:53.985829,0.000000,2.095308
4110.1217,2026-06-03T15:20:54.474011,0.000000,2.095280
4110.6277,2026-06-03T15:20:54.979946,0.000000,2.095148
4111.1050,2026-06-03T15:20:55.457321,0.000000,2.095448
4111.6068,2026-06-03T15:20:55.959131,0.000000,2.095520
4112.1126,2026-06-03T15:20:56.464936,0.000000,2.095388
4112.6077,2026-06-03T15:20:56.960002,0.000000,2.095148
4113.1089,2026-06-03T15:20:57.461155,0.000000,2.095020
4113.6351,2026-06-03T15:20:57.987399,0.000000,2.095004
4114.1311,2026-06-03T15:20:58.483360,0.000000,2.094832
4114.6176,2026-06-03T15:20:58.969871,0.000000,2.095096
4115.1202,2026-06-03T15:20:59.472490,0.000000,2.094736
4115.5822,2026-06-03T15:20:59.934463,0.000000,2.094916
4116.0845,2026-06-03T15:21:00.436805,0.000000,2.094820
4116.5761,2026-06-03T15:21:00.928412,0.000000,2.094684
4117.0793,2026-06-03T15:21:01.431570,0.000000,2.094908
4117.5706,2026-06-03T15:21:01.922917,0.000000,2.094504
4118.0425,2026-06-03T15:21:02.394811,0.000000,2.094484
4118.5341,2026-06-03T15:21:02.886393,0.000000,2.094488
4119.0328,2026-06-03T15:21:03.385105,0.000000,2.094480
4119.5291,2026-06-03T15:21:03.881344,0.000000,2.094504
4120.0268,2026-06-03T15:21:04.379046,0.000000,2.094640
4120.5193,2026-06-03T15:21:04.871616,0.000000,2.094960
4121.0193,2026-06-03T15:21:05.371604,0.000000,2.094796
4121.5147,2026-06-03T15:21:05.866954,0.000000,2.095000
4122.0411,2026-06-03T15:21:06.393342,0.000000,2.095000
4122.5328,2026-06-03T15:21:06.885118,0.000000,2.094964
4123.0010,2026-06-03T15:21:07.353243,0.000000,2.095224
4123.4902,2026-06-03T15:21:07.842452,0.000000,2.095304
4123.9569,2026-06-03T15:21:08.309205,0.000000,2.095224
4124.4510,2026-06-03T15:21:08.803325,0.000000,2.095040
4124.9512,2026-06-03T15:21:09.303453,0.000000,2.094808
4125.4534,2026-06-03T15:21:09.805663,0.000000,2.094568
4125.9494,2026-06-03T15:21:10.301632,0.000000,2.094684
4126.4200,2026-06-03T15:21:10.772282,0.000000,2.094724
4126.9077,2026-06-03T15:21:11.260029,0.000000,2.094924
4127.4125,2026-06-03T15:21:11.764805,0.000000,2.095000
4127.8978,2026-06-03T15:21:12.250078,0.000000,2.094912
4128.3978,2026-06-03T15:21:12.750081,0.000000,2.094720
4128.8996,2026-06-03T15:21:13.251852,0.000000,2.094584
4129.3683,2026-06-03T15:21:13.720617,0.000000,2.094460
4129.8729,2026-06-03T15:21:14.225240,0.000000,2.094216
4130.3685,2026-06-03T15:21:14.720761,0.000000,2.094296
4130.8933,2026-06-03T15:21:15.245620,0.000000,2.094352
4131.3744,2026-06-03T15:21:15.726693,0.000000,2.094604
4131.8657,2026-06-03T15:21:16.217954,0.000000,2.094532
4132.3668,2026-06-03T15:21:16.719059,0.000000,2.094344
4132.8675,2026-06-03T15:21:17.219775,0.000000,2.094064
4133.3635,2026-06-03T15:21:17.715767,0.000000,2.093960
4133.8601,2026-06-03T15:21:18.212364,0.000000,2.094012
4134.3612,2026-06-03T15:21:18.713513,0.000000,2.093876
4134.8319,2026-06-03T15:21:19.184147,0.000000,2.093768
4135.3365,2026-06-03T15:21:19.688770,0.000000,2.093544
4135.8245,2026-06-03T15:21:20.176764,0.000000,2.093480
4136.3286,2026-06-03T15:21:20.680863,0.000000,2.093428
4136.8219,2026-06-03T15:21:21.174185,0.000000,2.093552
4137.3167,2026-06-03T15:21:21.668944,0.000000,2.093540
4137.7966,2026-06-03T15:21:22.148874,0.000000,2.093764
4138.2793,2026-06-03T15:21:22.631635,0.000000,2.094112
4138.7795,2026-06-03T15:21:23.131759,0.000000,2.094392
4139.2634,2026-06-03T15:21:23.615733,0.000000,2.095068
4139.7636,2026-06-03T15:21:24.115932,0.000000,2.095300
4140.2553,2026-06-03T15:21:24.607543,0.000000,2.095384
4140.7536,2026-06-03T15:21:25.105909,0.000000,2.095228
4141.2469,2026-06-03T15:21:25.599146,0.000000,2.095160
4141.7497,2026-06-03T15:21:26.101979,0.000000,2.095240
4142.2491,2026-06-03T15:21:26.601435,0.000000,2.095424
4142.7726,2026-06-03T15:21:27.124875,0.000000,2.095544
4143.2654,2026-06-03T15:21:27.617713,0.000000,2.095484
4143.7552,2026-06-03T15:21:28.107457,0.000000,2.095376
4144.2492,2026-06-03T15:21:28.601531,0.000000,2.095668
4144.7481,2026-06-03T15:21:29.100393,0.000000,2.095888
4145.2375,2026-06-03T15:21:29.589793,0.000000,2.095936
4145.7352,2026-06-03T15:21:30.087531,0.000000,2.096128
4146.2294,2026-06-03T15:21:30.581726,0.000000,2.096248
4146.7318,2026-06-03T15:21:31.084097,0.000000,2.096600
4147.2286,2026-06-03T15:21:31.580873,0.000000,2.096968
4147.6937,2026-06-03T15:21:32.045980,0.000000,2.097096
4148.1891,2026-06-03T15:21:32.541343,0.000000,2.096800
4148.6578,2026-06-03T15:21:33.010117,0.000000,2.096456
4149.1621,2026-06-03T15:21:33.514357,0.000000,2.096084
4149.6598,2026-06-03T15:21:34.012091,0.000000,2.095848
4150.1551,2026-06-03T15:21:34.507371,0.000000,2.096096
4150.6572,2026-06-03T15:21:35.009509,0.000000,2.096220
4151.1469,2026-06-03T15:21:35.499222,0.000000,2.096520
4151.6716,2026-06-03T15:21:36.023844,0.000000,2.096368
4152.1718,2026-06-03T15:21:36.524098,0.000000,2.096088
4152.6691,2026-06-03T15:21:37.021350,0.000000,2.095792
4153.1697,2026-06-03T15:21:37.521956,0.000000,2.095360
4153.6614,2026-06-03T15:21:38.013719,0.000000,2.095148
4154.1533,2026-06-03T15:21:38.505618,0.000000,2.094952
4154.6483,2026-06-03T15:21:39.000612,0.000000,2.094860
4155.1357,2026-06-03T15:21:39.487982,0.000000,2.094936
4155.6319,2026-06-03T15:21:39.984195,0.000000,2.095156
4156.1328,2026-06-03T15:21:40.485082,0.000000,2.095236
4156.6212,2026-06-03T15:21:40.973454,0.000000,2.095456
4157.1252,2026-06-03T15:21:41.477467,0.000000,2.095828
4157.5865,2026-06-03T15:21:41.938803,0.000000,2.095836
4158.0719,2026-06-03T15:21:42.424164,0.000000,2.096144
4158.5671,2026-06-03T15:21:42.919373,0.000000,2.096228
4159.0717,2026-06-03T15:21:43.423967,0.000000,2.096092
4159.5952,2026-06-03T15:21:43.947471,0.000000,2.096228
4160.0733,2026-06-03T15:21:44.425593,0.000000,2.096160
4160.5710,2026-06-03T15:21:44.923254,0.000000,2.096136
4161.0652,2026-06-03T15:21:45.417532,0.000000,2.096448
4161.5508,2026-06-03T15:21:45.903101,0.000000,2.096572
4162.0500,2026-06-03T15:21:46.402281,0.000000,2.096944
4162.5336,2026-06-03T15:21:46.885935,0.000000,2.097572
4163.0301,2026-06-03T15:21:47.382366,0.000000,2.097664
4163.5367,2026-06-03T15:21:47.889027,0.000000,2.097808
4164.0362,2026-06-03T15:21:48.388498,0.000000,2.098000
4164.4974,2026-06-03T15:21:48.849645,0.000000,2.098076
4164.9681,2026-06-03T15:21:49.320390,0.000000,2.098176
4165.4698,2026-06-03T15:21:49.822053,0.000000,2.098560
4165.9651,2026-06-03T15:21:50.317370,0.000000,2.098472
4166.4625,2026-06-03T15:21:50.814813,0.000000,2.098360
4166.9619,2026-06-03T15:21:51.314208,0.000000,2.098476
4167.4546,2026-06-03T15:21:51.806915,0.000000,2.098660
4167.9721,2026-06-03T15:21:52.324430,0.000000,2.099212
4168.4789,2026-06-03T15:21:52.831196,0.000000,2.099560
4168.9731,2026-06-03T15:21:53.325428,0.000000,2.099768
4169.4733,2026-06-03T15:21:53.825591,0.000000,2.099740
4169.9661,2026-06-03T15:21:54.318390,0.000000,2.099464
4170.4646,2026-06-03T15:21:54.816915,0.000000,2.099336
4170.9385,2026-06-03T15:21:55.290792,0.000000,2.099268
4171.4410,2026-06-03T15:21:55.793295,0.000000,2.098720
4171.9385,2026-06-03T15:21:56.290786,0.000000,2.098732
4172.4702,2026-06-03T15:21:56.822466,0.000000,2.098612
4172.9749,2026-06-03T15:21:57.327140,0.000000,2.098684
4173.4781,2026-06-03T15:21:57.830362,0.000000,2.099012
4173.9729,2026-06-03T15:21:58.325139,0.000000,2.099012
4174.4934,2026-06-03T15:21:58.845643,0.000000,2.099220
4174.9822,2026-06-03T15:21:59.334528,0.000000,2.099336
4175.4799,2026-06-03T15:21:59.832194,0.000000,2.099264
4175.9838,2026-06-03T15:22:00.336117,0.000000,2.099072
4176.4652,2026-06-03T15:22:00.817475,0.000000,2.099124
4176.9661,2026-06-03T15:22:01.318341,0.000000,2.099256
4177.4596,2026-06-03T15:22:01.811903,0.000000,2.099808
4177.9300,2026-06-03T15:22:02.282274,0.000000,2.100212
4178.4203,2026-06-03T15:22:02.772548,0.000000,2.100652
4178.9163,2026-06-03T15:22:03.268570,0.000000,2.101152
4179.4082,2026-06-03T15:22:03.760456,0.000000,2.101244
4179.9296,2026-06-03T15:22:04.281906,0.000000,2.101464
4180.4130,2026-06-03T15:22:04.765243,0.000000,2.101432
4180.9158,2026-06-03T15:22:05.268129,0.000000,2.101088
4181.4130,2026-06-03T15:22:05.765245,0.000000,2.101068
4181.8891,2026-06-03T15:22:06.241410,0.000000,2.101248
4182.3797,2026-06-03T15:22:06.731977,0.000000,2.101472
4182.8960,2026-06-03T15:22:07.248293,0.000000,2.101780
4183.4057,2026-06-03T15:22:07.758018,0.000000,2.102204
4183.9002,2026-06-03T15:22:08.252530,0.000000,2.102140
4184.3972,2026-06-03T15:22:08.749482,0.000000,2.102248
4184.8886,2026-06-03T15:22:09.240846,0.000000,2.102432
4185.3926,2026-06-03T15:22:09.744911,0.000000,2.102420
4185.8894,2026-06-03T15:22:10.241642,0.000000,2.103044
4186.3858,2026-06-03T15:22:10.738095,0.000000,2.103264
4186.8761,2026-06-03T15:22:11.228392,0.000000,2.103420
4187.4037,2026-06-03T15:22:11.755993,0.000000,2.103748
4187.8784,2026-06-03T15:22:12.230694,0.000000,2.103704
4188.3875,2026-06-03T15:22:12.739785,0.000000,2.103544
4188.8799,2026-06-03T15:22:13.232206,0.000000,2.103432
4189.4040,2026-06-03T15:22:13.756320,0.000000,2.103176
4189.8963,2026-06-03T15:22:14.248594,0.000000,2.102976
4190.3932,2026-06-03T15:22:14.745442,0.000000,2.102964
4190.8955,2026-06-03T15:22:15.247825,0.000000,2.102820
4191.3992,2026-06-03T15:22:15.751527,0.000000,2.103032
4191.8968,2026-06-03T15:22:16.249062,0.000000,2.103360
4192.3956,2026-06-03T15:22:16.747893,0.000000,2.103636
4192.8930,2026-06-03T15:22:17.245249,0.000000,2.103960
4193.3905,2026-06-03T15:22:17.742824,0.000000,2.104196
4193.9170,2026-06-03T15:22:18.269312,0.000000,2.104332
4194.3917,2026-06-03T15:22:18.744018,0.000000,2.104372
4194.8974,2026-06-03T15:22:19.249717,0.000000,2.104132
4195.3937,2026-06-03T15:22:19.745979,0.000000,2.103832
4195.8879,2026-06-03T15:22:20.240229,0.000000,2.103536
4196.3930,2026-06-03T15:22:20.745308,0.000000,2.103804
4196.8940,2026-06-03T15:22:21.246229,0.000000,2.104196
4197.3861,2026-06-03T15:22:21.738386,0.000000,2.104360
4197.8844,2026-06-03T15:22:22.236723,0.000000,2.104200
4198.3770,2026-06-03T15:22:22.729333,0.000000,2.104040
4198.8799,2026-06-03T15:22:23.232149,0.000000,2.103960
4199.3821,2026-06-03T15:22:23.734362,0.000000,2.104248
4199.8751,2026-06-03T15:22:24.227345,0.000000,2.104860
4200.3760,2026-06-03T15:22:24.728311,0.000000,2.105216
4200.8993,2026-06-03T15:22:25.251617,0.000000,2.105916
4201.3839,2026-06-03T15:22:25.736215,0.000000,2.106344
4201.8504,2026-06-03T15:22:26.202742,0.000000,2.106584
4202.3417,2026-06-03T15:22:26.693964,0.000000,2.106824
4202.8458,2026-06-03T15:22:27.198092,0.000000,2.106680
4203.3478,2026-06-03T15:22:27.700121,0.000000,2.106380
4203.8408,2026-06-03T15:22:28.193074,0.000000,2.106664
4204.3193,2026-06-03T15:22:28.671621,0.000000,2.106980
4204.7939,2026-06-03T15:22:29.146143,0.000000,2.107200
4205.2875,2026-06-03T15:22:29.639812,0.000000,2.107468
4205.7890,2026-06-03T15:22:30.141249,0.000000,2.107464
4206.2916,2026-06-03T15:22:30.643874,0.000000,2.107436
4206.7911,2026-06-03T15:22:31.143380,0.000000,2.107688
4207.2736,2026-06-03T15:22:31.625858,0.000000,2.107744
4207.7663,2026-06-03T15:22:32.118566,0.000000,2.108084
4208.2659,2026-06-03T15:22:32.618153,0.000000,2.108224
4208.7626,2026-06-03T15:22:33.114896,0.000000,2.108276
4209.2773,2026-06-03T15:22:33.629565,0.000000,2.108836
4209.7804,2026-06-03T15:22:34.132658,0.000000,2.109180
4210.2718,2026-06-03T15:22:34.624089,0.000000,2.109428
4210.7708,2026-06-03T15:22:35.123129,0.000000,2.109576
4211.2740,2026-06-03T15:22:35.626308,0.000000,2.109640
4211.7509,2026-06-03T15:22:36.103216,0.000000,2.109784
4212.2528,2026-06-03T15:22:36.605047,0.000000,2.110152
4212.7342,2026-06-03T15:22:37.086486,0.000000,2.110520
4213.2017,2026-06-03T15:22:37.553960,0.000000,2.110728
4213.6863,2026-06-03T15:22:38.038614,0.000000,2.110800
4214.1581,2026-06-03T15:22:38.510407,0.000000,2.110852
4214.6578,2026-06-03T15:22:39.010075,0.000000,2.111016
4215.1606,2026-06-03T15:22:39.512876,0.000000,2.111332
4215.6365,2026-06-03T15:22:39.988812,0.000000,2.111500
4216.1199,2026-06-03T15:22:40.472199,0.000000,2.111452
4216.6161,2026-06-03T15:22:40.968359,0.000000,2.111580
4217.1134,2026-06-03T15:22:41.465704,0.000000,2.111424
4217.5800,2026-06-03T15:22:41.932291,0.000000,2.111100
4218.0439,2026-06-03T15:22:42.396153,0.000000,2.110960
4218.5451,2026-06-03T15:22:42.897403,0.000000,2.110932
4219.0410,2026-06-03T15:22:43.393273,0.000000,2.110996
4219.5457,2026-06-03T15:22:43.897986,0.000000,2.111452
4220.0468,2026-06-03T15:22:44.399135,0.000000,2.111712
4220.5218,2026-06-03T15:22:44.874068,0.000000,2.111856
4221.0157,2026-06-03T15:22:45.368014,0.000000,2.111968
4221.5051,2026-06-03T15:22:45.857393,0.000000,2.112088
4221.9740,2026-06-03T15:22:46.326296,0.000000,2.112384
4222.4634,2026-06-03T15:22:46.815691,0.000000,2.112572
4222.9618,2026-06-03T15:22:47.314098,0.000000,2.112560
4223.4627,2026-06-03T15:22:47.814958,0.000000,2.112684
4223.9743,2026-06-03T15:22:48.326572,0.000000,2.112476
4224.4775,2026-06-03T15:22:48.829766,0.000000,2.112084
4224.9751,2026-06-03T15:22:49.327387,0.000000,2.111728
4225.4687,2026-06-03T15:22:49.821031,0.000000,2.111200
4225.9673,2026-06-03T15:22:50.319564,0.000000,2.111236
4226.4492,2026-06-03T15:22:50.801537,0.000000,2.111428
4226.9493,2026-06-03T15:22:51.301585,0.000000,2.111896
4227.4485,2026-06-03T15:22:51.800820,0.000000,2.112500
4227.9472,2026-06-03T15:22:52.299466,0.000000,2.112556
4228.4747,2026-06-03T15:22:52.827030,0.000000,2.112864
4228.9635,2026-06-03T15:22:53.315827,0.000000,2.112864
4229.4618,2026-06-03T15:22:53.814046,0.000000,2.112936
4229.9659,2026-06-03T15:22:54.318175,0.000000,2.113284
4230.4618,2026-06-03T15:22:54.814048,0.000000,2.113356
4230.9867,2026-06-03T15:22:55.339007,0.000000,2.113712
4231.4799,2026-06-03T15:22:55.832224,0.000000,2.113816
4231.9793,2026-06-03T15:22:56.331629,0.000000,2.113680
4232.4585,2026-06-03T15:22:56.810770,0.000000,2.113936
4232.9545,2026-06-03T15:22:57.306826,0.000000,2.114132
4233.4453,2026-06-03T15:22:57.797595,0.000000,2.114576
4233.9454,2026-06-03T15:22:58.297728,0.000000,2.114808
4234.4218,2026-06-03T15:22:58.774063,0.000000,2.114856
4234.8823,2026-06-03T15:22:59.234644,0.000000,2.114584
4235.3890,2026-06-03T15:22:59.741392,0.000000,2.114704
4235.8543,2026-06-03T15:23:00.206603,0.000000,2.115064
4236.3541,2026-06-03T15:23:00.706391,0.000000,2.115128
4236.8561,2026-06-03T15:23:01.208434,0.000000,2.115544
4237.3550,2026-06-03T15:23:01.707290,0.000000,2.115920
4237.8578,2026-06-03T15:23:02.210064,0.000000,2.116148
4238.3591,2026-06-03T15:23:02.711383,0.000000,2.116536
4238.8602,2026-06-03T15:23:03.212475,0.000000,2.116896
4239.3901,2026-06-03T15:23:03.742391,0.000000,2.116940
4239.8618,2026-06-03T15:23:04.214048,0.000000,2.116920
4240.3625,2026-06-03T15:23:04.714823,0.000000,2.116940
4240.8584,2026-06-03T15:23:05.210727,0.000000,2.117212
4241.3511,2026-06-03T15:23:05.703348,0.000000,2.117396
4241.8456,2026-06-03T15:23:06.197854,0.000000,2.117700
4242.3469,2026-06-03T15:23:06.699216,0.000000,2.118328
4242.8343,2026-06-03T15:23:07.186548,0.000000,2.118760
4243.3057,2026-06-03T15:23:07.658024,0.000000,2.119448
4243.7759,2026-06-03T15:23:08.128147,0.000000,2.120128
4244.2704,2026-06-03T15:23:08.622701,0.000000,2.120756
4244.7685,2026-06-03T15:23:09.120734,0.000000,2.121040
4245.2844,2026-06-03T15:23:09.636669,0.000000,2.121688
4245.7821,2026-06-03T15:23:10.134382,0.000000,2.122148
4246.2826,2026-06-03T15:23:10.634874,0.000000,2.122388
4246.7783,2026-06-03T15:23:11.130595,0.000000,2.122520
4247.2790,2026-06-03T15:23:11.631296,0.000000,2.121856
4247.7723,2026-06-03T15:23:12.124601,0.000000,2.121372
4248.2635,2026-06-03T15:23:12.615762,0.000000,2.121168
4248.7682,2026-06-03T15:23:13.120545,0.000000,2.121356
4249.2746,2026-06-03T15:23:13.626855,0.000000,2.122148
4249.7638,2026-06-03T15:23:14.116077,0.000000,2.122784
4250.2719,2026-06-03T15:23:14.624145,0.000000,2.123244
4250.7701,2026-06-03T15:23:15.122383,0.000000,2.123276
4251.2730,2026-06-03T15:23:15.625271,0.000000,2.123140
4251.7966,2026-06-03T15:23:16.148918,0.000000,2.123232
4252.2635,2026-06-03T15:23:16.615812,0.000000,2.122996
4252.7197,2026-06-03T15:23:17.072022,0.000000,2.123068
4253.2114,2026-06-03T15:23:17.563708,0.000000,2.123336
4253.7074,2026-06-03T15:23:18.059667,0.000000,2.123704
4254.1914,2026-06-03T15:23:18.543673,0.000000,2.124004
4254.6931,2026-06-03T15:23:19.045411,0.000000,2.124512
4255.1919,2026-06-03T15:23:19.544189,0.000000,2.125032
4255.6759,2026-06-03T15:23:20.028191,0.000000,2.125088
4256.1969,2026-06-03T15:23:20.549203,0.000000,2.125668
4256.7025,2026-06-03T15:23:21.054772,0.000000,2.125912
4257.2042,2026-06-03T15:23:21.556498,0.000000,2.126272
4257.7041,2026-06-03T15:23:22.056429,0.000000,2.126596
4258.2033,2026-06-03T15:23:22.555579,0.000000,2.126828
4258.7150,2026-06-03T15:23:23.067334,0.000000,2.127340
4259.2152,2026-06-03T15:23:23.567529,0.000000,2.127396
4259.7159,2026-06-03T15:23:24.068210,0.000000,2.127064
4260.2197,2026-06-03T15:23:24.571997,0.000000,2.126808
4260.7168,2026-06-03T15:23:25.069134,0.000000,2.126268
4261.2219,2026-06-03T15:23:25.574219,0.000000,2.126328
4261.7124,2026-06-03T15:23:26.064643,0.000000,2.126532
4262.2095,2026-06-03T15:23:26.561805,0.000000,2.126820
4262.6988,2026-06-03T15:23:27.051071,0.000000,2.127012
4263.2113,2026-06-03T15:23:27.563584,0.000000,2.127188
4263.7114,2026-06-03T15:23:28.063723,0.000000,2.127732
4264.2091,2026-06-03T15:23:28.561427,0.000000,2.128076
4264.6989,2026-06-03T15:23:29.051211,0.000000,2.128448
4265.2029,2026-06-03T15:23:29.555188,0.000000,2.128824
4265.6983,2026-06-03T15:23:30.050534,0.000000,2.128884
4266.1627,2026-06-03T15:23:30.515009,0.000000,2.128804
4266.6596,2026-06-03T15:23:31.011854,0.000000,2.129040
4267.1593,2026-06-03T15:23:31.511558,0.000000,2.129100
4267.6508,2026-06-03T15:23:32.003083,0.000000,2.129236
4268.1514,2026-06-03T15:23:32.503729,0.000000,2.129272
4268.6502,2026-06-03T15:23:33.002463,0.000000,2.128764
4269.1253,2026-06-03T15:23:33.477623,0.000000,2.128804
4269.6199,2026-06-03T15:23:33.972166,0.000000,2.128952
4270.1185,2026-06-03T15:23:34.470806,0.000000,2.129588
4270.6182,2026-06-03T15:23:34.970469,0.000000,2.130528
4271.1290,2026-06-03T15:23:35.481259,0.000000,2.130984
4271.6288,2026-06-03T15:23:35.981089,0.000000,2.131424
4272.1273,2026-06-03T15:23:36.479628,0.000000,2.131352
4272.6270,2026-06-03T15:23:36.979271,0.000000,2.131664
4273.1225,2026-06-03T15:23:37.474759,0.000000,2.132028
4273.6088,2026-06-03T15:23:37.961105,0.000000,2.132164
4274.1077,2026-06-03T15:23:38.459951,0.000000,2.132928
4274.5964,2026-06-03T15:23:38.948672,0.000000,2.132984
4275.1343,2026-06-03T15:23:39.486626,0.000000,2.133056
4275.6330,2026-06-03T15:23:39.985323,0.000000,2.133492
4276.1346,2026-06-03T15:23:40.486875,0.000000,2.133452
4276.5988,2026-06-03T15:23:40.951114,0.000000,2.133832
4277.0917,2026-06-03T15:23:41.443964,0.000000,2.134180
4277.5910,2026-06-03T15:23:41.943268,0.000000,2.134568
4278.0840,2026-06-03T15:23:42.436264,0.000000,2.135340
4278.5826,2026-06-03T15:23:42.934912,0.000000,2.135984
4279.0827,2026-06-03T15:23:43.435034,0.000000,2.136712
4279.5748,2026-06-03T15:23:43.927120,0.000000,2.137164
4280.0697,2026-06-03T15:23:44.421949,0.000000,2.137192
4280.5410,2026-06-03T15:23:44.893289,0.000000,2.137020
4281.0472,2026-06-03T15:23:45.399504,0.000000,2.137316
4281.5514,2026-06-03T15:23:45.903684,0.000000,2.137680
4282.0223,2026-06-03T15:23:46.374546,0.000000,2.137960
4282.5223,2026-06-03T15:23:46.874597,0.000000,2.138476
4283.0093,2026-06-03T15:23:47.361540,0.000000,2.138280
4283.5375,2026-06-03T15:23:47.889764,0.000000,2.138136
4284.0387,2026-06-03T15:23:48.390975,0.000000,2.138404
4284.5033,2026-06-03T15:23:48.855586,0.000000,2.138512
4284.9950,2026-06-03T15:23:49.347334,0.000000,2.138980
4285.4988,2026-06-03T15:23:49.851035,0.000000,2.139200
4286.0135,2026-06-03T15:23:50.365775,0.000000,2.139736
4286.5274,2026-06-03T15:23:50.879724,0.000000,2.140316
4287.0255,2026-06-03T15:23:51.377789,0.000000,2.140776
4287.5236,2026-06-03T15:23:51.875937,0.000000,2.141444
4288.0239,2026-06-03T15:23:52.376200,0.000000,2.141728
4288.5023,2026-06-03T15:23:52.854557,0.000000,2.142000
4289.0114,2026-06-03T15:23:53.363696,0.000000,2.142264
4289.5094,2026-06-03T15:23:53.861714,0.000000,2.142488
4290.0159,2026-06-03T15:23:54.368187,0.000000,2.142716
4290.5411,2026-06-03T15:23:54.893348,0.000000,2.142908
4291.0498,2026-06-03T15:23:55.402127,0.000000,2.143056
4291.5142,2026-06-03T15:23:55.866493,0.000000,2.143080
4292.0180,2026-06-03T15:23:56.370298,0.000000,2.143440
4292.5157,2026-06-03T15:23:56.867974,0.000000,2.143940
4293.0355,2026-06-03T15:23:57.387748,0.000000,2.144276
4293.5296,2026-06-03T15:23:57.881850,0.000000,2.144732
4294.0306,2026-06-03T15:23:58.382861,0.000000,2.144748
4294.5302,2026-06-03T15:23:58.882499,0.000000,2.144664
4295.0357,2026-06-03T15:23:59.387988,0.000000,2.144912
4295.5333,2026-06-03T15:23:59.885561,0.000000,2.145364
4296.0436,2026-06-03T15:24:00.395940,0.000000,2.145736
4296.5154,2026-06-03T15:24:00.867661,0.000000,2.146424
4297.0177,2026-06-03T15:24:01.370019,0.000000,2.147304
4297.5425,2026-06-03T15:24:01.894770,0.000000,2.148012
4298.0434,2026-06-03T15:24:02.395647,0.000000,2.148772
4298.5518,2026-06-03T15:24:02.904140,0.000000,2.149116
4299.0442,2026-06-03T15:24:03.396452,0.000000,2.149264
4299.5665,2026-06-03T15:24:03.918762,0.000000,2.149500
4300.0426,2026-06-03T15:24:04.394862,0.000000,2.149648
4300.5173,2026-06-03T15:24:04.869545,0.000000,2.149944
4300.9845,2026-06-03T15:24:05.336762,0.000000,2.150252
4301.4879,2026-06-03T15:24:05.840184,0.000000,2.150608
4301.9695,2026-06-03T15:24:06.321815,0.000000,2.151016
4302.4594,2026-06-03T15:24:06.811666,0.000000,2.151860
4302.9513,2026-06-03T15:24:07.303545,0.000000,2.152328
4303.4493,2026-06-03T15:24:07.801626,0.000000,2.152848
4303.9504,2026-06-03T15:24:08.302647,0.000000,2.153320
4304.4325,2026-06-03T15:24:08.784816,0.000000,2.153288
4304.9294,2026-06-03T15:24:09.281706,0.000000,2.153460
4305.4240,2026-06-03T15:24:09.776301,0.000000,2.153548
4305.9095,2026-06-03T15:24:10.261764,0.000000,2.153704
4306.4177,2026-06-03T15:24:10.769997,0.000000,2.154308
4306.8786,2026-06-03T15:24:11.230897,0.000000,2.154192
4307.3784,2026-06-03T15:24:11.730665,0.000000,2.154452
4307.8559,2026-06-03T15:24:12.208164,0.000000,2.154932
4308.3577,2026-06-03T15:24:12.709990,0.000000,2.155276
4308.8549,2026-06-03T15:24:13.207233,0.000000,2.156392
4309.3536,2026-06-03T15:24:13.705931,0.000000,2.157196
4309.8788,2026-06-03T15:24:14.231065,0.000000,2.157676
4310.3677,2026-06-03T15:24:14.720018,0.000000,2.158108
4310.8675,2026-06-03T15:24:15.219828,0.000000,2.158272
4311.3395,2026-06-03T15:24:15.691767,0.000000,2.158756
4311.8302,2026-06-03T15:24:16.182524,0.000000,2.159296
4312.3217,2026-06-03T15:24:16.673995,0.000000,2.159756
4312.8219,2026-06-03T15:24:17.174162,0.000000,2.159900
4313.3181,2026-06-03T15:24:17.670429,0.000000,2.159824
4313.8123,2026-06-03T15:24:18.164530,0.000000,2.160188
4314.2903,2026-06-03T15:24:18.642578,0.000000,2.160616
4314.7926,2026-06-03T15:24:19.144870,0.000000,2.161500
4315.2908,2026-06-03T15:24:19.643124,0.000000,2.162340
4315.7965,2026-06-03T15:24:20.148756,0.000000,2.162628
4316.2801,2026-06-03T15:24:20.632411,0.000000,2.163064
4316.7634,2026-06-03T15:24:21.115709,0.000000,2.163376
4317.2220,2026-06-03T15:24:21.574319,0.000000,2.163792
4317.7219,2026-06-03T15:24:22.074155,0.000000,2.164400
4318.2052,2026-06-03T15:24:22.557509,0.000000,2.164976
4318.6917,2026-06-03T15:24:23.044012,0.000000,2.165392
4319.1869,2026-06-03T15:24:23.539142,0.000000,2.165820
4319.6874,2026-06-03T15:24:24.039649,0.000000,2.165956
4320.1884,2026-06-03T15:24:24.540659,0.000000,2.166348
4320.6958,2026-06-03T15:24:25.048068,0.000000,2.167080
4321.1998,2026-06-03T15:24:25.552051,0.000000,2.167836
4321.6878,2026-06-03T15:24:26.040090,0.000000,2.168676
4322.1821,2026-06-03T15:24:26.534360,0.000000,2.169236
4322.6686,2026-06-03T15:24:27.020870,0.000000,2.169292
4323.1727,2026-06-03T15:24:27.524995,0.000000,2.169372
4323.6723,2026-06-03T15:24:28.024599,0.000000,2.169568
4324.1293,2026-06-03T15:24:28.481628,0.000000,2.169720
4324.6117,2026-06-03T15:24:28.963998,0.000000,2.169748
4325.0932,2026-06-03T15:24:29.445464,0.000000,2.170080
4325.5968,2026-06-03T15:24:29.949091,0.000000,2.170284
4326.0998,2026-06-03T15:24:30.452070,0.000000,2.171124
4326.5884,2026-06-03T15:24:30.940663,0.000000,2.172472
4327.1244,2026-06-03T15:24:31.476728,0.000000,2.173160
4327.6218,2026-06-03T15:24:31.974086,0.000000,2.174184
4328.1368,2026-06-03T15:24:32.489088,0.000000,2.174468
4328.6342,2026-06-03T15:24:32.986492,0.000000,2.174660
4329.1347,2026-06-03T15:24:33.487005,0.000000,2.174800
4329.6276,2026-06-03T15:24:33.979936,0.000000,2.174736
4330.1344,2026-06-03T15:24:34.486689,0.000000,2.174992
4330.6611,2026-06-03T15:24:35.013340,0.000000,2.175376
4331.1670,2026-06-03T15:24:35.519335,0.000000,2.175656
4331.6603,2026-06-03T15:24:36.012562,0.000000,2.176140
4332.1643,2026-06-03T15:24:36.516617,0.000000,2.176800
4332.6874,2026-06-03T15:24:37.039711,0.000000,2.177252
4333.1922,2026-06-03T15:24:37.544452,0.000000,2.178144
4333.6929,2026-06-03T15:24:38.045146,0.000000,2.178960
4334.1957,2026-06-03T15:24:38.548030,0.000000,2.179584
4334.6981,2026-06-03T15:24:39.050392,0.000000,2.180092
4335.2009,2026-06-03T15:24:39.553175,0.000000,2.180436
4335.7077,2026-06-03T15:24:40.059995,0.000000,2.180656
4336.2311,2026-06-03T15:24:40.583383,0.000000,2.180944
4336.7340,2026-06-03T15:24:41.086281,0.000000,2.181440
4337.2334,2026-06-03T15:24:41.585685,0.000000,2.182044
4337.7249,2026-06-03T15:24:42.077221,0.000000,2.182792
4338.2194,2026-06-03T15:24:42.571671,0.000000,2.183396
4338.7238,2026-06-03T15:24:43.076065,0.000000,2.184372
4339.2245,2026-06-03T15:24:43.576767,0.000000,2.184892
4339.7196,2026-06-03T15:24:44.071892,0.000000,2.185156
4340.2380,2026-06-03T15:24:44.590266,0.000000,2.185584
4340.7174,2026-06-03T15:24:45.069674,0.000000,2.185680
4341.2159,2026-06-03T15:24:45.568187,0.000000,2.185912
4341.7198,2026-06-03T15:24:46.072111,0.000000,2.186452
4342.2172,2026-06-03T15:24:46.569447,0.000000,2.186908
4342.7129,2026-06-03T15:24:47.065173,0.000000,2.187320
4343.2284,2026-06-03T15:24:47.580691,0.000000,2.187708
4343.7284,2026-06-03T15:24:48.080667,0.000000,2.188108
4344.2242,2026-06-03T15:24:48.576525,0.000000,2.188140
4344.7270,2026-06-03T15:24:49.079301,0.000000,2.188556
4345.2261,2026-06-03T15:24:49.578345,0.000000,2.189204
4345.7145,2026-06-03T15:24:50.066838,0.000000,2.189644
4346.2243,2026-06-03T15:24:50.576629,0.000000,2.190240
4346.7244,2026-06-03T15:24:51.076648,0.000000,2.190916
4347.1976,2026-06-03T15:24:51.549879,0.000000,2.191292
4347.7012,2026-06-03T15:24:52.053467,0.000000,2.191948
4348.2094,2026-06-03T15:24:52.561649,0.000000,2.192672
4348.7008,2026-06-03T15:24:53.053122,0.000000,2.193244
4349.1833,2026-06-03T15:24:53.535533,0.000000,2.194040
4349.6759,2026-06-03T15:24:54.028206,0.000000,2.194248
4350.1797,2026-06-03T15:24:54.531983,0.000000,2.194828
4350.7036,2026-06-03T15:24:55.055875,0.000000,2.195324
4351.2102,2026-06-03T15:24:55.562477,0.000000,2.196032
4351.7022,2026-06-03T15:24:56.054529,0.000000,2.196592
4352.2035,2026-06-03T15:24:56.555756,0.000000,2.196820
4352.6734,2026-06-03T15:24:57.025726,0.000000,2.197344
4353.1753,2026-06-03T15:24:57.527621,0.000000,2.197708
4353.6665,2026-06-03T15:24:58.018774,0.000000,2.198800
4354.1400,2026-06-03T15:24:58.492298,0.000000,2.199784
4354.6324,2026-06-03T15:24:58.984666,0.000000,2.200968
4355.1100,2026-06-03T15:24:59.462319,0.000000,2.201960
4355.6093,2026-06-03T15:24:59.961611,0.000000,2.202616
4356.0720,2026-06-03T15:25:00.424246,0.000000,2.203476
4356.5767,2026-06-03T15:25:00.929005,0.000000,2.203564
4357.0644,2026-06-03T15:25:01.416679,0.000000,2.204424
4357.5609,2026-06-03T15:25:01.913190,0.000000,2.205164
4358.0290,2026-06-03T15:25:02.381265,0.000000,2.205776
4358.5023,2026-06-03T15:25:02.854610,0.000000,2.206700
4359.0003,2026-06-03T15:25:03.352576,0.000000,2.207312
4359.4998,2026-06-03T15:25:03.852062,0.000000,2.207844
4359.9972,2026-06-03T15:25:04.349510,0.000000,2.208268
4360.4875,2026-06-03T15:25:04.839774,0.000000,2.209208
4360.9799,2026-06-03T15:25:05.332188,0.000000,2.209516
4361.4742,2026-06-03T15:25:05.826457,0.000000,2.210036
4361.9733,2026-06-03T15:25:06.325567,0.000000,2.210952
4362.4725,2026-06-03T15:25:06.824836,0.000000,2.211388
4362.9620,2026-06-03T15:25:07.314292,0.000000,2.212328
4363.4933,2026-06-03T15:25:07.845553,0.000000,2.212708
4363.9538,2026-06-03T15:25:08.306058,0.000000,2.213372
4364.4573,2026-06-03T15:25:08.809557,0.000000,2.214216
4364.9464,2026-06-03T15:25:09.298693,0.000000,2.215104
4365.4385,2026-06-03T15:25:09.790811,0.000000,2.215900
4365.9270,2026-06-03T15:25:10.279295,0.000000,2.216724
4366.3968,2026-06-03T15:25:10.749063,0.000000,2.217028
4366.8914,2026-06-03T15:25:11.243700,0.000000,2.217740
4367.3926,2026-06-03T15:25:11.744864,0.000000,2.218624
4367.8917,2026-06-03T15:25:12.243990,0.000000,2.219112
4368.3595,2026-06-03T15:25:12.711799,0.000000,2.219852
4368.8604,2026-06-03T15:25:13.212715,0.000000,2.220604
4369.3864,2026-06-03T15:25:13.738652,0.000000,2.221388
4369.8841,2026-06-03T15:25:14.236420,0.000000,2.221996
4370.3792,2026-06-03T15:25:14.731465,0.000000,2.222696
4370.8838,2026-06-03T15:25:15.236119,0.000000,2.222832
4371.3840,2026-06-03T15:25:15.736331,0.000000,2.223108
4371.8936,2026-06-03T15:25:16.245926,0.000000,2.223468
4372.3926,2026-06-03T15:25:16.744847,0.000000,2.223676
4372.8970,2026-06-03T15:25:17.249248,0.000000,2.224208
4373.3942,2026-06-03T15:25:17.746496,0.000000,2.225076
4373.8928,2026-06-03T15:25:18.245083,0.000000,2.226168
4374.3889,2026-06-03T15:25:18.741189,0.000000,2.226984
4374.8809,2026-06-03T15:25:19.233161,0.000000,2.227972
4375.3758,2026-06-03T15:25:19.728134,0.000000,2.228400
4375.8747,2026-06-03T15:25:20.226941,0.000000,2.228708
4376.3900,2026-06-03T15:25:20.742292,0.000000,2.229456
4376.8738,2026-06-03T15:25:21.226129,0.000000,2.229864
4377.3396,2026-06-03T15:25:21.691875,0.000000,2.230320
4377.8494,2026-06-03T15:25:22.201669,0.000000,2.230628
4378.3491,2026-06-03T15:25:22.701385,0.000000,2.231228
4378.8472,2026-06-03T15:25:23.199453,0.000000,2.231308
4379.3429,2026-06-03T15:25:23.695172,0.000000,2.231236
4379.8699,2026-06-03T15:25:24.222217,0.000000,2.231428
4380.3479,2026-06-03T15:25:24.700176,0.000000,2.231520
4380.8535,2026-06-03T15:25:25.205747,0.000000,2.232252
4381.3575,2026-06-03T15:25:25.709795,0.000000,2.233328
4381.8568,2026-06-03T15:25:26.209099,0.000000,2.234540
4382.3585,2026-06-03T15:25:26.710753,0.000000,2.235168
4382.8619,2026-06-03T15:25:27.214148,0.000000,2.235536
4383.3727,2026-06-03T15:25:27.724960,0.000000,2.236532
4383.8722,2026-06-03T15:25:28.224489,0.000000,2.237300
4384.3620,2026-06-03T15:25:28.714334,0.000000,2.238192
4384.8454,2026-06-03T15:25:29.197665,0.000000,2.239508
4385.3105,2026-06-03T15:25:29.662754,0.000000,2.240328
4385.8147,2026-06-03T15:25:30.166944,0.000000,2.240908
4386.3111,2026-06-03T15:25:30.663425,0.000000,2.241476
4386.8083,2026-06-03T15:25:31.160602,0.000000,2.242008
4387.2960,2026-06-03T15:25:31.648367,0.000000,2.242480
4387.8175,2026-06-03T15:25:32.169772,0.000000,2.242744
4388.3141,2026-06-03T15:25:32.666422,0.000000,2.243296
4388.8096,2026-06-03T15:25:33.161903,0.000000,2.243680
4389.3040,2026-06-03T15:25:33.656288,0.000000,2.244044
4389.8051,2026-06-03T15:25:34.157338,0.000000,2.244556
4390.3182,2026-06-03T15:25:34.670463,0.000000,2.245012
4390.8153,2026-06-03T15:25:35.167565,0.000000,2.245592
4391.3125,2026-06-03T15:25:35.664809,0.000000,2.246220
4391.7854,2026-06-03T15:25:36.137739,0.000000,2.246760
4392.2632,2026-06-03T15:25:36.615452,0.000000,2.247292
4392.7624,2026-06-03T15:25:37.114660,0.000000,2.247616
4393.2285,2026-06-03T15:25:37.580793,0.000000,2.248012
4393.7257,2026-06-03T15:25:38.077989,0.000000,2.248428
4394.2240,2026-06-03T15:25:38.576289,0.000000,2.249164
4394.7222,2026-06-03T15:25:39.074531,0.000000,2.249408
4395.2205,2026-06-03T15:25:39.572755,0.000000,2.249964
4395.7475,2026-06-03T15:25:40.099830,0.000000,2.250380
4396.2369,2026-06-03T15:25:40.589203,0.000000,2.250752
4396.7125,2026-06-03T15:25:41.064805,0.000000,2.251716
4397.1974,2026-06-03T15:25:41.549697,0.000000,2.252252
4397.6632,2026-06-03T15:25:42.015523,0.000000,2.253040
4398.1472,2026-06-03T15:25:42.499507,0.000000,2.253656
4398.6402,2026-06-03T15:25:42.992479,0.000000,2.253564
4399.1438,2026-06-03T15:25:43.496110,0.000000,2.253676
4399.6628,2026-06-03T15:25:44.015087,0.000000,2.253856
4400.1515,2026-06-03T15:25:44.503822,0.000000,2.254284
4400.6561,2026-06-03T15:25:45.008375,0.000000,2.254632
4401.1537,2026-06-03T15:25:45.506025,0.000000,2.255092
4401.6468,2026-06-03T15:25:45.999086,0.000000,2.255520
4402.1510,2026-06-03T15:25:46.503283,0.000000,2.256192
4402.6534,2026-06-03T15:25:47.005706,0.000000,2.257148
4403.1529,2026-06-03T15:25:47.505238,0.000000,2.257688
4403.6730,2026-06-03T15:25:48.025283,0.000000,2.257760
4404.1628,2026-06-03T15:25:48.515129,0.000000,2.257360
4404.6618,2026-06-03T15:25:49.014127,0.000000,2.257016
4405.1573,2026-06-03T15:25:49.509590,0.000000,2.256988
4405.6498,2026-06-03T15:25:50.002126,0.000000,2.257384
4406.1481,2026-06-03T15:25:50.500420,0.000000,2.258012
4406.6452,2026-06-03T15:25:50.997507,0.000000,2.258656
4407.1370,2026-06-03T15:25:51.489259,0.000000,2.259340
4407.6329,2026-06-03T15:25:51.985223,0.000000,2.260000
4408.1333,2026-06-03T15:25:52.485632,0.000000,2.260348
4408.6287,2026-06-03T15:25:52.981034,0.000000,2.260812
4409.1302,2026-06-03T15:25:53.482492,0.000000,2.260796
4409.6260,2026-06-03T15:25:53.978302,0.000000,2.261068
4410.1137,2026-06-03T15:25:54.466024,0.000000,2.261236
4410.6071,2026-06-03T15:25:54.959438,0.000000,2.261388
4411.1409,2026-06-03T15:25:55.493212,0.000000,2.262028
4411.6373,2026-06-03T15:25:55.989543,0.000000,2.262400
4412.1389,2026-06-03T15:25:56.491180,0.000000,2.262900
4412.6178,2026-06-03T15:25:56.970072,0.000000,2.263320
4413.1094,2026-06-03T15:25:57.461672,0.000000,2.263620
4413.6145,2026-06-03T15:25:57.966780,0.000000,2.263988
4414.1178,2026-06-03T15:25:58.470087,0.000000,2.264252
4414.6177,2026-06-03T15:25:58.970028,0.000000,2.264324
4415.1150,2026-06-03T15:25:59.467283,0.000000,2.264456
4415.6178,2026-06-03T15:25:59.970060,0.000000,2.264644
4416.1142,2026-06-03T15:26:00.466519,0.000000,2.264888
4416.6042,2026-06-03T15:26:00.956490,0.000000,2.265304
4417.0667,2026-06-03T15:26:01.418962,0.000000,2.265604
4417.5645,2026-06-03T15:26:01.916744,0.000000,2.265820
4418.0588,2026-06-03T15:26:02.411058,0.000000,2.266080
4418.5540,2026-06-03T15:26:02.906338,0.000000,2.266280
4419.0303,2026-06-03T15:26:03.382576,0.000000,2.266424
4419.5259,2026-06-03T15:26:03.878176,0.000000,2.266444
4420.0224,2026-06-03T15:26:04.374678,0.000000,2.266860
4420.5200,2026-06-03T15:26:04.872254,0.000000,2.266900
4420.9882,2026-06-03T15:26:05.340503,0.000000,2.267120
4421.4883,2026-06-03T15:26:05.840613,0.000000,2.267120
4421.9841,2026-06-03T15:26:06.336347,0.000000,2.266776
4422.4860,2026-06-03T15:26:06.838294,0.000000,2.266664
4423.0080,2026-06-03T15:26:07.360271,0.000000,2.266640
4423.4892,2026-06-03T15:26:07.841444,0.000000,2.266948
4423.9838,2026-06-03T15:26:08.336088,0.000000,2.267328
4424.4891,2026-06-03T15:26:08.841357,0.000000,2.267604
4424.9786,2026-06-03T15:26:09.330917,0.000000,2.268012
4425.4862,2026-06-03T15:26:09.838529,0.000000,2.268428
4425.9868,2026-06-03T15:26:10.339058,0.000000,2.268748
4426.4836,2026-06-03T15:26:10.835895,0.000000,2.269156
4427.0086,2026-06-03T15:26:11.360917,0.000000,2.269260
4427.4989,2026-06-03T15:26:11.851234,0.000000,2.269076
4427.9971,2026-06-03T15:26:12.349430,0.000000,2.269012
4428.4624,2026-06-03T15:26:12.814708,0.000000,2.268796
4428.9349,2026-06-03T15:26:13.287143,0.000000,2.268872
4429.4215,2026-06-03T15:26:13.773740,0.000000,2.269008
4429.9302,2026-06-03T15:26:14.282482,0.000000,2.268988
4430.4219,2026-06-03T15:26:14.774207,0.000000,2.269152
4430.9449,2026-06-03T15:26:15.297235,0.000000,2.269160
4431.4487,2026-06-03T15:26:15.800987,0.000000,2.269168
4431.9467,2026-06-03T15:26:16.299032,0.000000,2.269256
4432.4488,2026-06-03T15:26:16.801099,0.000000,2.269168
4432.9520,2026-06-03T15:26:17.304283,0.000000,2.269008
4433.4461,2026-06-03T15:26:17.798441,0.000000,2.268968
4433.9415,2026-06-03T15:26:18.293756,0.000000,2.269104
4434.4051,2026-06-03T15:26:18.757364,0.000000,2.269056
4434.9042,2026-06-03T15:26:19.256461,0.000000,2.269108
4435.4049,2026-06-03T15:26:19.757191,0.000000,2.269136
4435.9205,2026-06-03T15:26:20.272781,0.000000,2.269232
4436.4056,2026-06-03T15:26:20.757917,0.000000,2.269180
4436.9065,2026-06-03T15:26:21.258827,0.000000,2.269188
4437.3825,2026-06-03T15:26:21.734779,0.000000,2.269328
4437.8756,2026-06-03T15:26:22.227930,0.000000,2.269336
4438.3613,2026-06-03T15:26:22.713618,0.000000,2.269568
4438.8274,2026-06-03T15:26:23.179695,0.000000,2.269716
4439.3244,2026-06-03T15:26:23.676645,0.000000,2.269576
4439.8541,2026-06-03T15:26:24.206350,0.000000,2.269624
4440.3386,2026-06-03T15:26:24.690920,0.000000,2.269456
4440.8373,2026-06-03T15:26:25.189621,0.000000,2.269112
4441.3378,2026-06-03T15:26:25.690101,0.000000,2.269264
4441.8395,2026-06-03T15:26:26.191772,0.000000,2.268936
4442.3154,2026-06-03T15:26:26.667662,0.000000,2.269048
4442.8267,2026-06-03T15:26:27.178963,0.000000,2.269000
4443.3231,2026-06-03T15:26:27.675399,0.000000,2.269048
4443.8094,2026-06-03T15:26:28.161693,0.000000,2.269084
4444.3052,2026-06-03T15:26:28.657465,0.000000,2.269008
4444.7679,2026-06-03T15:26:29.120187,0.000000,2.269224
4445.2608,2026-06-03T15:26:29.613069,0.000000,2.269000
4445.7490,2026-06-03T15:26:30.101333,0.000000,2.269092
4446.2248,2026-06-03T15:26:30.577111,0.000000,2.269412
4446.7233,2026-06-03T15:26:31.075613,0.000000,2.269228
4447.2266,2026-06-03T15:26:31.578878,0.000000,2.268784
4447.6886,2026-06-03T15:26:32.040846,0.000000,2.268624
4448.1606,2026-06-03T15:26:32.512873,0.000000,2.268100
4448.6551,2026-06-03T15:26:33.007388,0.000000,2.267824
4449.1544,2026-06-03T15:26:33.506659,0.000000,2.267952
4449.6724,2026-06-03T15:26:34.024715,0.000000,2.267920
4450.1634,2026-06-03T15:26:34.515717,0.000000,2.268112
4450.6727,2026-06-03T15:26:35.025034,0.000000,2.268040
4451.1751,2026-06-03T15:26:35.527356,0.000000,2.268112
4451.7025,2026-06-03T15:26:36.054782,0.000000,2.268268
4452.1602,2026-06-03T15:26:36.512484,0.000000,2.268236
4452.6729,2026-06-03T15:26:37.025145,0.000000,2.268284
4453.1758,2026-06-03T15:26:37.528054,0.000000,2.268152
4453.6765,2026-06-03T15:26:38.028741,0.000000,2.267724
4454.1784,2026-06-03T15:26:38.530701,0.000000,2.267952
4454.6866,2026-06-03T15:26:39.038920,0.000000,2.268084
4455.1827,2026-06-03T15:26:39.534978,0.000000,2.268020
4455.6812,2026-06-03T15:26:40.033511,0.000000,2.268144
4456.1739,2026-06-03T15:26:40.526203,0.000000,2.267760
4456.6833,2026-06-03T15:26:41.035605,0.000000,2.267252
4457.1748,2026-06-03T15:26:41.527108,0.000000,2.266880
4457.6696,2026-06-03T15:26:42.021918,0.000000,2.266832
4458.1630,2026-06-03T15:26:42.515304,0.000000,2.266880
4458.6990,2026-06-03T15:26:43.051237,0.000000,2.266944
4459.1898,2026-06-03T15:26:43.542119,0.000000,2.266900
4459.6591,2026-06-03T15:26:44.011365,0.000000,2.266820
4460.1620,2026-06-03T15:26:44.514257,0.000000,2.266416
4460.6576,2026-06-03T15:26:45.009878,0.000000,2.266100
4461.1554,2026-06-03T15:26:45.507693,0.000000,2.265860
4461.6506,2026-06-03T15:26:46.002847,0.000000,2.265168
4462.1534,2026-06-03T15:26:46.505660,0.000000,2.264412
4462.6229,2026-06-03T15:26:46.975197,0.000000,2.263796
4463.1257,2026-06-03T15:26:47.477997,0.000000,2.263468
4463.6500,2026-06-03T15:26:48.002316,0.000000,2.263220
4464.1414,2026-06-03T15:26:48.493672,0.000000,2.263140
4464.6277,2026-06-03T15:26:48.980005,0.000000,2.263048
4465.1259,2026-06-03T15:26:49.478186,0.000000,2.262932
4465.6272,2026-06-03T15:26:49.979515,0.000000,2.262720
4466.0870,2026-06-03T15:26:50.439264,0.000000,2.262516
4466.5827,2026-06-03T15:26:50.934989,0.000000,2.262156
4467.0985,2026-06-03T15:26:51.450839,0.000000,2.261888
4467.5808,2026-06-03T15:26:51.933107,0.000000,2.261576
4468.0832,2026-06-03T15:26:52.435522,0.000000,2.261496
4468.5731,2026-06-03T15:26:52.925395,0.000000,2.261440
4469.0809,2026-06-03T15:26:53.433207,0.000000,2.260888
4469.5758,2026-06-03T15:26:53.928105,0.000000,2.260424
4470.0402,2026-06-03T15:26:54.392530,0.000000,2.259532
4470.5384,2026-06-03T15:26:54.890649,0.000000,2.258928
4471.0252,2026-06-03T15:26:55.377476,0.000000,2.258856
4471.5258,2026-06-03T15:26:55.878101,0.000000,2.258660
4472.0437,2026-06-03T15:26:56.395961,0.000000,2.258828
4472.5409,2026-06-03T15:26:56.893163,0.000000,2.258864
4473.0341,2026-06-03T15:26:57.386403,0.000000,2.258448
4473.5344,2026-06-03T15:26:57.886661,0.000000,2.257908
4474.0261,2026-06-03T15:26:58.378410,0.000000,2.257332
4474.5574,2026-06-03T15:26:58.909687,0.000000,2.256608
4475.0538,2026-06-03T15:26:59.406135,0.000000,2.256192
4475.5512,2026-06-03T15:26:59.903500,0.000000,2.256176
4476.0504,2026-06-03T15:27:00.402650,0.000000,2.256252
4476.5536,2026-06-03T15:27:00.905849,0.000000,2.256268
4477.0413,2026-06-03T15:27:01.393604,0.000000,2.256316
4477.5429,2026-06-03T15:27:01.895226,0.000000,2.256128
4478.0107,2026-06-03T15:27:02.363022,0.000000,2.255564
4478.4893,2026-06-03T15:27:02.841629,0.000000,2.254972
4478.9584,2026-06-03T15:27:03.310657,0.000000,2.254488
4479.4445,2026-06-03T15:27:03.796809,0.000000,2.253808
4479.9368,2026-06-03T15:27:04.289112,0.000000,2.253276
4480.4456,2026-06-03T15:27:04.797893,0.000000,2.253140
4480.9465,2026-06-03T15:27:05.298802,0.000000,2.252864
4481.4467,2026-06-03T15:27:05.799002,0.000000,2.252580
4481.9439,2026-06-03T15:27:06.296155,0.000000,2.252300
4482.4468,2026-06-03T15:27:06.799058,0.000000,2.252008
4482.9717,2026-06-03T15:27:07.323973,0.000000,2.251232
4483.4489,2026-06-03T15:27:07.801150,0.000000,2.250608
4483.9519,2026-06-03T15:27:08.304153,0.000000,2.249828
4484.4508,2026-06-03T15:27:08.803127,0.000000,2.249052
4484.9495,2026-06-03T15:27:09.301801,0.000000,2.248856
4485.4486,2026-06-03T15:27:09.800863,0.000000,2.248804
4485.9550,2026-06-03T15:27:10.307299,0.000000,2.248604
4486.4543,2026-06-03T15:27:10.806615,0.000000,2.248356
4486.9866,2026-06-03T15:27:11.338887,0.000000,2.247956
4487.4564,2026-06-03T15:27:11.808663,0.000000,2.247324
4487.9666,2026-06-03T15:27:12.318864,0.000000,2.246716
4488.4569,2026-06-03T15:27:12.809229,0.000000,2.245984
4488.9615,2026-06-03T15:27:13.313752,0.000000,2.245020
4489.4590,2026-06-03T15:27:13.811307,0.000000,2.244020
4489.9553,2026-06-03T15:27:14.307624,0.000000,2.243096
4490.4438,2026-06-03T15:27:14.796123,0.000000,2.241944
4490.9410,2026-06-03T15:27:15.293261,0.000000,2.241144
4491.4107,2026-06-03T15:27:15.763000,0.000000,2.240352
4491.9078,2026-06-03T15:27:16.260089,0.000000,2.239836
4492.3857,2026-06-03T15:27:16.738007,0.000000,2.239348
4492.8866,2026-06-03T15:27:17.238893,0.000000,2.238956
4493.3800,2026-06-03T15:27:17.732273,0.000000,2.238032
4493.8727,2026-06-03T15:27:18.225023,0.000000,2.237620
4494.3420,2026-06-03T15:27:18.694250,0.000000,2.237400
4494.8550,2026-06-03T15:27:19.207339,0.000000,2.237156
4495.3502,2026-06-03T15:27:19.702458,0.000000,2.236928
4495.8750,2026-06-03T15:27:20.227259,0.000000,2.236068
4496.3435,2026-06-03T15:27:20.695832,0.000000,2.235356
4496.8299,2026-06-03T15:27:21.182197,0.000000,2.234812
4497.3125,2026-06-03T15:27:21.664756,0.000000,2.234504
4497.7968,2026-06-03T15:27:22.149130,0.000000,2.234176
4498.2966,2026-06-03T15:27:22.648910,0.000000,2.233832
4498.8226,2026-06-03T15:27:23.174900,0.000000,2.232940
4499.3177,2026-06-03T15:27:23.670006,0.000000,2.232204
4499.8095,2026-06-03T15:27:24.161768,0.000000,2.231416
4500.3108,2026-06-03T15:27:24.663109,0.000000,2.230624
4500.8041,2026-06-03T15:27:25.156442,0.000000,2.230208
4501.3106,2026-06-03T15:27:25.662910,0.000000,2.229616
4501.7957,2026-06-03T15:27:26.147952,0.000000,2.229044
4502.2950,2026-06-03T15:27:26.647264,0.000000,2.228500
4502.7862,2026-06-03T15:27:27.138514,0.000000,2.227552
4503.2834,2026-06-03T15:27:27.635690,0.000000,2.226868
4503.7874,2026-06-03T15:27:28.139704,0.000000,2.226492
4504.2952,2026-06-03T15:27:28.647442,0.000000,2.226100
4504.7885,2026-06-03T15:27:29.140745,0.000000,2.225912
4505.2802,2026-06-03T15:27:29.632502,0.000000,2.225152
4505.7859,2026-06-03T15:27:30.138211,0.000000,2.224568
4506.2886,2026-06-03T15:27:30.640864,0.000000,2.223888
4506.7956,2026-06-03T15:27:31.147898,0.000000,2.223056
4507.2869,2026-06-03T15:27:31.639144,0.000000,2.222756
4507.7892,2026-06-03T15:27:32.141443,0.000000,2.221860
4508.2795,2026-06-03T15:27:32.631793,0.000000,2.221084
4508.7825,2026-06-03T15:27:33.134824,0.000000,2.220720
4509.2696,2026-06-03T15:27:33.621870,0.000000,2.220032
4509.7714,2026-06-03T15:27:34.123674,0.000000,2.219660
4510.2915,2026-06-03T15:27:34.643830,0.000000,2.218764
4510.7906,2026-06-03T15:27:35.142899,0.000000,2.217676
4511.2885,2026-06-03T15:27:35.640785,0.000000,2.216472
4511.7908,2026-06-03T15:27:36.143082,0.000000,2.215536
4512.2718,2026-06-03T15:27:36.624076,0.000000,2.214892
4512.7727,2026-06-03T15:27:37.124988,0.000000,2.214468
4513.2717,2026-06-03T15:27:37.623946,0.000000,2.214156
4513.7502,2026-06-03T15:27:38.102444,0.000000,2.213216
4514.2407,2026-06-03T15:27:38.592988,0.000000,2.212592
4514.7643,2026-06-03T15:27:39.116551,0.000000,2.211568
4515.2643,2026-06-03T15:27:39.616616,0.000000,2.210856
4515.7718,2026-06-03T15:27:40.124131,0.000000,2.209920
4516.2670,2026-06-03T15:27:40.619244,0.000000,2.209128
4516.7689,2026-06-03T15:27:41.121144,0.000000,2.208308
4517.2882,2026-06-03T15:27:41.640454,0.000000,2.207380
4517.7868,2026-06-03T15:27:42.139061,0.000000,2.206568
4518.2850,2026-06-03T15:27:42.637282,0.000000,2.205360
4518.7716,2026-06-03T15:27:43.123861,0.000000,2.204152
4519.2470,2026-06-03T15:27:43.599320,0.000000,2.203224
4519.7134,2026-06-03T15:27:44.065707,0.000000,2.202544
4520.2162,2026-06-03T15:27:44.568528,0.000000,2.202224
4520.7200,2026-06-03T15:27:45.072318,0.000000,2.201724
4521.2205,2026-06-03T15:27:45.572754,0.000000,2.201116
4521.7384,2026-06-03T15:27:46.090641,0.000000,2.200100
4522.2409,2026-06-03T15:27:46.593193,0.000000,2.199068
4522.7369,2026-06-03T15:27:47.089186,0.000000,2.198196
4523.2204,2026-06-03T15:27:47.572653,0.000000,2.196952
4523.7165,2026-06-03T15:27:48.068841,0.000000,2.195876
4524.2176,2026-06-03T15:27:48.569928,0.000000,2.195112
4524.7196,2026-06-03T15:27:49.071923,0.000000,2.193996
4525.2271,2026-06-03T15:27:49.579354,0.000000,2.193136
4525.7284,2026-06-03T15:27:50.080672,0.000000,2.192348
4526.2253,2026-06-03T15:27:50.577568,0.000000,2.191392
4526.7145,2026-06-03T15:27:51.066754,0.000000,2.190612
4527.2189,2026-06-03T15:27:51.571164,0.000000,2.189628
4527.7135,2026-06-03T15:27:52.065748,0.000000,2.188996
4528.2158,2026-06-03T15:27:52.568046,0.000000,2.188164
4528.6995,2026-06-03T15:27:53.051768,0.000000,2.187332
4529.2114,2026-06-03T15:27:53.563676,0.000000,2.186492
4529.7070,2026-06-03T15:27:54.059325,0.000000,2.185504
4530.1989,2026-06-03T15:27:54.551217,0.000000,2.184588
4530.7024,2026-06-03T15:27:55.054706,0.000000,2.183768
4531.1969,2026-06-03T15:27:55.549210,0.000000,2.183212
4531.7276,2026-06-03T15:27:56.079937,0.000000,2.182436
4532.2285,2026-06-03T15:27:56.580768,0.000000,2.181756
4532.7354,2026-06-03T15:27:57.087704,0.000000,2.181100
4533.2280,2026-06-03T15:27:57.580271,0.000000,2.180300
4533.7246,2026-06-03T15:27:58.076903,0.000000,2.179628
4534.2158,2026-06-03T15:27:58.568094,0.000000,2.178892
4534.7179,2026-06-03T15:27:59.070148,0.000000,2.178040
4535.2467,2026-06-03T15:27:59.598962,0.000000,2.177188
4535.7526,2026-06-03T15:28:00.104877,0.000000,2.176284
4536.2490,2026-06-03T15:28:00.601318,0.000000,2.175312
4536.7555,2026-06-03T15:28:01.107747,0.000000,2.174044
4537.2552,2026-06-03T15:28:01.607540,0.000000,2.172652
4537.7591,2026-06-03T15:28:02.111424,0.000000,2.171484
4538.2601,2026-06-03T15:28:02.612430,0.000000,2.170168
4538.7884,2026-06-03T15:28:03.140660,0.000000,2.169524
4539.2791,2026-06-03T15:28:03.631365,0.000000,2.168904
4539.7848,2026-06-03T15:28:04.137141,0.000000,2.168144
4540.2878,2026-06-03T15:28:04.640130,0.000000,2.167520
4540.7796,2026-06-03T15:28:05.131841,0.000000,2.166720
4541.2871,2026-06-03T15:28:05.639389,0.000000,2.165908
4541.7840,2026-06-03T15:28:06.136281,0.000000,2.165052
4542.2737,2026-06-03T15:28:06.625943,0.000000,2.164136
4542.7409,2026-06-03T15:28:07.093172,0.000000,2.163300
4543.2434,2026-06-03T15:28:07.595677,0.000000,2.162192
4543.7358,2026-06-03T15:28:08.088117,0.000000,2.160920
4544.2367,2026-06-03T15:28:08.588953,0.000000,2.159496
4544.7325,2026-06-03T15:28:09.084816,0.000000,2.158276
4545.2292,2026-06-03T15:28:09.581465,0.000000,2.157428
4545.7460,2026-06-03T15:28:10.098284,0.000000,2.156676
4546.2594,2026-06-03T15:28:10.611676,0.000000,2.155716
4546.7540,2026-06-03T15:28:11.106275,0.000000,2.154852
4547.2538,2026-06-03T15:28:11.606066,0.000000,2.153960
4547.7522,2026-06-03T15:28:12.104496,0.000000,2.153216
4548.2590,2026-06-03T15:28:12.611270,0.000000,2.152640
4548.7523,2026-06-03T15:28:13.104549,0.000000,2.151828
4549.2569,2026-06-03T15:28:13.609204,0.000000,2.150888
4549.7493,2026-06-03T15:28:14.101571,0.000000,2.149956
4550.2511,2026-06-03T15:28:14.603360,0.000000,2.148616
4550.7550,2026-06-03T15:28:15.107261,0.000000,2.147800
4551.2507,2026-06-03T15:28:15.602992,0.000000,2.146884
4551.7470,2026-06-03T15:28:16.099267,0.000000,2.145872
4552.2437,2026-06-03T15:28:16.595981,0.000000,2.144728
4552.7430,2026-06-03T15:28:17.095240,0.000000,2.142944
4553.2489,2026-06-03T15:28:17.601201,0.000000,2.141504
4553.7459,2026-06-03T15:28:18.098191,0.000000,2.139872
4554.2348,2026-06-03T15:28:18.587068,0.000000,2.139036
4554.7172,2026-06-03T15:28:19.069491,0.000000,2.138356
4555.2177,2026-06-03T15:28:19.569980,0.000000,2.137284
4555.7203,2026-06-03T15:28:20.072567,0.000000,2.136308
4556.2092,2026-06-03T15:28:20.561474,0.000000,2.135232
4556.6995,2026-06-03T15:28:21.051806,0.000000,2.134164
4557.2010,2026-06-03T15:28:21.553257,0.000000,2.133436
4557.7077,2026-06-03T15:28:22.059999,0.000000,2.132340
4558.2241,2026-06-03T15:28:22.576404,0.000000,2.130916
4558.7229,2026-06-03T15:28:23.075191,0.000000,2.129572
4559.2185,2026-06-03T15:28:23.570784,0.000000,2.128256
4559.7328,2026-06-03T15:28:24.085139,0.000000,2.126892
4560.2477,2026-06-03T15:28:24.600020,0.000000,2.125452
4560.7368,2026-06-03T15:28:25.089069,0.000000,2.123704
4561.2275,2026-06-03T15:28:25.579786,0.000000,2.122268
4561.7337,2026-06-03T15:28:26.085947,0.000000,2.121220
4562.2316,2026-06-03T15:28:26.583892,0.000000,2.120216
4562.7283,2026-06-03T15:28:27.080636,0.000000,2.119504
4563.2233,2026-06-03T15:28:27.575546,0.000000,2.118700
4563.7242,2026-06-03T15:28:28.076508,0.000000,2.117904
4564.2561,2026-06-03T15:28:28.608401,0.000000,2.116856
4564.7487,2026-06-03T15:28:29.100991,0.000000,2.116072
4565.2533,2026-06-03T15:28:29.605575,0.000000,2.114832
4565.7426,2026-06-03T15:28:30.094896,0.000000,2.113740
4566.2716,2026-06-03T15:28:30.623892,0.000000,2.113080
4566.7532,2026-06-03T15:28:31.105468,0.000000,2.112272
4567.2549,2026-06-03T15:28:31.607184,0.000000,2.111468
4567.7263,2026-06-03T15:28:32.078559,0.000000,2.110512
4568.2280,2026-06-03T15:28:32.580299,0.000000,2.109496
4568.7176,2026-06-03T15:28:33.069899,0.000000,2.108288
4569.2231,2026-06-03T15:28:33.575394,0.000000,2.107300
4569.7160,2026-06-03T15:28:34.068279,0.000000,2.106172
4570.2173,2026-06-03T15:28:34.569555,0.000000,2.105180
4570.7340,2026-06-03T15:28:35.086259,0.000000,2.103604
4571.2435,2026-06-03T15:28:35.595778,0.000000,2.101992
4571.7291,2026-06-03T15:28:36.081351,0.000000,2.100588
4572.2212,2026-06-03T15:28:36.573507,0.000000,2.099144
4572.7129,2026-06-03T15:28:37.065160,0.000000,2.098176
4573.2137,2026-06-03T15:28:37.565996,0.000000,2.097008
4573.7120,2026-06-03T15:28:38.064248,0.000000,2.096124
4574.2137,2026-06-03T15:28:38.565998,0.000000,2.095084
4574.7154,2026-06-03T15:28:39.067675,0.000000,2.094044
4575.2132,2026-06-03T15:28:39.565533,0.000000,2.093020
4575.7104,2026-06-03T15:28:40.062646,0.000000,2.091812
4576.2093,2026-06-03T15:28:40.561612,0.000000,2.090684
4576.7113,2026-06-03T15:28:41.063590,0.000000,2.089344
4577.2083,2026-06-03T15:28:41.560605,0.000000,2.088244
4577.7302,2026-06-03T15:28:42.082498,0.000000,2.087152
4578.2302,2026-06-03T15:28:42.582508,0.000000,2.085664
4578.7200,2026-06-03T15:28:43.072275,0.000000,2.084652
4579.2052,2026-06-03T15:28:43.557511,0.000000,2.083476
4579.6966,2026-06-03T15:28:44.048914,0.000000,2.082608
4580.1945,2026-06-03T15:28:44.546769,0.000000,2.081764
4580.6700,2026-06-03T15:28:45.022334,0.000000,2.081152
4581.1391,2026-06-03T15:28:45.491422,0.000000,2.080544
4581.6367,2026-06-03T15:28:45.988972,0.000000,2.079236
4582.1402,2026-06-03T15:28:46.492519,0.000000,2.077948
4582.6466,2026-06-03T15:28:46.998901,0.000000,2.076228
4583.1466,2026-06-03T15:28:47.498933,0.000000,2.074788
4583.6518,2026-06-03T15:28:48.004101,0.000000,2.073600
4584.1510,2026-06-03T15:28:48.503261,0.000000,2.072480
4584.6548,2026-06-03T15:28:49.007136,0.000000,2.071916
4585.1850,2026-06-03T15:28:49.537269,0.000000,2.071240
4585.6867,2026-06-03T15:28:50.038946,0.000000,2.070152
4586.1833,2026-06-03T15:28:50.535562,0.000000,2.069280
4586.6888,2026-06-03T15:28:51.041090,0.000000,2.068116
4587.1734,2026-06-03T15:28:51.525695,0.000000,2.066596
4587.6720,2026-06-03T15:28:52.024260,0.000000,2.065924
4588.1735,2026-06-03T15:28:52.525747,0.000000,2.064352
4588.6777,2026-06-03T15:28:53.029999,0.000000,2.063224
4589.2160,2026-06-03T15:28:53.568306,0.000000,2.062340
4589.6981,2026-06-03T15:28:54.050424,0.000000,2.060800
4590.1727,2026-06-03T15:28:54.524965,0.000000,2.059648
4590.6484,2026-06-03T15:28:55.000689,0.000000,2.058092
4591.1543,2026-06-03T15:28:55.506572,0.000000,2.056328
4591.6516,2026-06-03T15:28:56.003846,0.000000,2.054720
4592.1492,2026-06-03T15:28:56.501448,0.000000,2.053592
4592.6778,2026-06-03T15:28:57.030116,0.000000,2.052300
4593.1871,2026-06-03T15:28:57.539435,0.000000,2.051300
4593.6816,2026-06-03T15:28:58.033884,0.000000,2.050200
4594.1801,2026-06-03T15:28:58.532403,0.000000,2.048768
4594.6779,2026-06-03T15:28:59.030210,0.000000,2.047236
4595.1885,2026-06-03T15:28:59.540835,0.000000,2.045816
4595.6627,2026-06-03T15:29:00.015011,0.000000,2.044340
4596.1634,2026-06-03T15:29:00.515652,0.000000,2.043024
4596.6616,2026-06-03T15:29:01.013881,0.000000,2.041684
4597.1616,2026-06-03T15:29:01.513856,0.000000,2.040324
4597.6218,2026-06-03T15:29:01.974062,0.000000,2.039256
4598.1216,2026-06-03T15:29:02.473877,0.000000,2.038200
4598.6136,2026-06-03T15:29:02.965911,0.000000,2.037208
4599.1160,2026-06-03T15:29:03.468268,0.000000,2.036024
4599.6085,2026-06-03T15:29:03.960762,0.000000,2.035156
4600.0738,2026-06-03T15:29:04.426047,0.000000,2.034276
4600.5755,2026-06-03T15:29:04.927794,0.000000,2.033260
4601.0953,2026-06-03T15:29:05.447565,0.000000,2.032460
4601.6077,2026-06-03T15:29:05.959954,0.000000,2.030984
4602.0914,2026-06-03T15:29:06.443717,0.000000,2.029780
4602.5936,2026-06-03T15:29:06.945843,0.000000,2.028732
4603.0867,2026-06-03T15:29:07.438965,0.000000,2.027532
4603.5926,2026-06-03T15:29:07.944918,0.000000,2.026560
4604.0801,2026-06-03T15:29:08.432373,0.000000,2.025288
4604.5798,2026-06-03T15:29:08.932094,0.000000,2.023736
4605.0703,2026-06-03T15:29:09.422615,0.000000,2.022424
4605.5777,2026-06-03T15:29:09.929998,0.000000,2.021392
4606.0759,2026-06-03T15:29:10.428243,0.000000,2.020404
4606.5855,2026-06-03T15:29:10.937776,0.000000,2.019332
4607.0738,2026-06-03T15:29:11.426110,0.000000,2.018224
4607.5977,2026-06-03T15:29:11.949990,0.000000,2.016780
4608.0923,2026-06-03T15:29:12.444564,0.000000,2.015688
4608.5871,2026-06-03T15:29:12.939373,0.000000,2.014636
4609.0846,2026-06-03T15:29:13.436924,0.000000,2.013484
4609.5851,2026-06-03T15:29:13.937351,0.000000,2.012680
4610.0838,2026-06-03T15:29:14.436060,0.000000,2.011560
4610.5626,2026-06-03T15:29:14.914874,0.000000,2.010764
4611.0740,2026-06-03T15:29:15.426327,0.000000,2.009500
4611.5621,2026-06-03T15:29:15.914431,0.000000,2.007952
4612.0673,2026-06-03T15:29:16.419615,0.000000,2.006960
4612.5514,2026-06-03T15:29:16.903695,0.000000,2.005280
4613.0495,2026-06-03T15:29:17.401774,0.000000,2.004356
4613.5388,2026-06-03T15:29:17.891099,0.000000,2.003276
4614.0399,2026-06-03T15:29:18.392206,0.000000,2.001780
4614.5117,2026-06-03T15:29:18.863945,0.000000,2.000684
4615.0119,2026-06-03T15:29:19.364155,0.000000,1.999256
4615.5108,2026-06-03T15:29:19.863116,0.000000,1.997736
4616.0186,2026-06-03T15:29:20.370928,0.000000,1.996364
4616.5113,2026-06-03T15:29:20.863580,0.000000,1.995188
4617.0134,2026-06-03T15:29:21.365674,0.000000,1.994116
4617.5137,2026-06-03T15:29:21.865993,0.000000,1.992852
4618.0112,2026-06-03T15:29:22.363479,0.000000,1.991860
4618.5014,2026-06-03T15:29:22.853690,0.000000,1.990612
4619.0050,2026-06-03T15:29:23.357299,0.000000,1.989248
4619.4845,2026-06-03T15:29:23.836746,0.000000,1.988028
4619.9969,2026-06-03T15:29:24.349176,0.000000,1.986564
4620.4911,2026-06-03T15:29:24.843387,0.000000,1.984848
4620.9961,2026-06-03T15:29:25.348345,0.000000,1.982948
4621.4976,2026-06-03T15:29:25.849900,0.000000,1.981528
4621.9868,2026-06-03T15:29:26.339098,0.000000,1.980520
4622.4888,2026-06-03T15:29:26.841044,0.000000,1.979096
4623.0100,2026-06-03T15:29:27.362266,0.000000,1.978332
4623.5067,2026-06-03T15:29:27.859028,0.000000,1.977200
4623.9800,2026-06-03T15:29:28.332263,0.000000,1.975708
4624.4805,2026-06-03T15:29:28.832760,0.000000,1.974620
4624.9295,2026-06-03T15:29:29.281813,0.000000,1.973200
4625.4303,2026-06-03T15:29:29.782578,0.000000,1.971916
4625.9241,2026-06-03T15:29:30.276437,0.000000,1.971044
4626.4183,2026-06-03T15:29:30.770610,0.000000,1.969996
4626.9269,2026-06-03T15:29:31.279206,0.000000,1.969508
4627.4378,2026-06-03T15:29:31.790129,0.000000,1.968708
4627.9302,2026-06-03T15:29:32.282510,0.000000,1.967428
4628.4285,2026-06-03T15:29:32.780779,0.000000,1.966456
4628.9302,2026-06-03T15:29:33.282440,0.000000,1.964876
4629.4148,2026-06-03T15:29:33.767087,0.000000,1.963288
4629.9124,2026-06-03T15:29:34.264719,0.000000,1.962040
4630.3710,2026-06-03T15:29:34.723314,0.000000,1.960528
4630.8465,2026-06-03T15:29:35.198810,0.000000,1.959332
4631.3450,2026-06-03T15:29:35.697247,0.000000,1.958124
4631.8214,2026-06-03T15:29:36.173684,0.000000,1.956848
4632.3134,2026-06-03T15:29:36.665649,0.000000,1.955520
4632.8251,2026-06-03T15:29:37.177380,0.000000,1.954204
4633.3175,2026-06-03T15:29:37.669813,0.000000,1.953088
4633.8143,2026-06-03T15:29:38.166631,0.000000,1.952048
4634.3180,2026-06-03T15:29:38.670263,0.000000,1.951004
4634.7880,2026-06-03T15:29:39.140281,0.000000,1.949920
4635.2850,2026-06-03T15:29:39.637315,0.000000,1.948868
4635.8135,2026-06-03T15:29:40.165776,0.000000,1.947800
4636.3164,2026-06-03T15:29:40.668661,0.000000,1.946316
4636.8133,2026-06-03T15:29:41.165547,0.000000,1.944768
4637.2957,2026-06-03T15:29:41.647936,0.000000,1.942880
4637.8007,2026-06-03T15:29:42.153008,0.000000,1.941280
4638.3009,2026-06-03T15:29:42.653223,0.000000,1.939784
4638.8029,2026-06-03T15:29:43.155228,0.000000,1.938700
4639.2795,2026-06-03T15:29:43.631829,0.000000,1.937756
4639.7732,2026-06-03T15:29:44.125508,0.000000,1.936828
4640.3023,2026-06-03T15:29:44.654535,0.000000,1.935792
4640.8060,2026-06-03T15:29:45.158258,0.000000,1.934696
4641.2981,2026-06-03T15:29:45.650424,0.000000,1.933512
4641.7661,2026-06-03T15:29:46.118390,0.000000,1.932420
4642.2618,2026-06-03T15:29:46.614059,0.000000,1.931404
4642.7569,2026-06-03T15:29:47.109203,0.000000,1.930064
4643.2660,2026-06-03T15:29:47.618312,0.000000,1.929076
4643.7660,2026-06-03T15:29:48.118278,0.000000,1.928004
4644.2667,2026-06-03T15:29:48.619026,0.000000,1.926964
4644.7618,2026-06-03T15:29:49.114111,0.000000,1.925980
4645.2658,2026-06-03T15:29:49.618094,0.000000,1.924744
4645.7618,2026-06-03T15:29:50.114078,0.000000,1.923164
4646.2659,2026-06-03T15:29:50.618194,0.000000,1.922072
4646.7707,2026-06-03T15:29:51.122959,0.000000,1.920760
4647.2841,2026-06-03T15:29:51.636417,0.000000,1.919612
4647.7756,2026-06-03T15:29:52.127870,0.000000,1.918208
4648.2815,2026-06-03T15:29:52.633840,0.000000,1.916584
4648.7714,2026-06-03T15:29:53.123688,0.000000,1.915348
4649.2748,2026-06-03T15:29:53.627132,0.000000,1.914304
4649.7661,2026-06-03T15:29:54.118384,0.000000,1.913304
4650.2761,2026-06-03T15:29:54.628419,0.000000,1.912528
4650.7800,2026-06-03T15:29:55.132287,0.000000,1.911496
4651.2573,2026-06-03T15:29:55.609579,0.000000,1.910572
4651.7528,2026-06-03T15:29:56.105116,0.000000,1.909888
4652.2486,2026-06-03T15:29:56.600913,0.000000,1.908900
4652.7468,2026-06-03T15:29:57.099069,0.000000,1.907772
4653.2564,2026-06-03T15:29:57.608671,0.000000,1.906128
4653.7551,2026-06-03T15:29:58.107398,0.000000,1.904628
4654.2820,2026-06-03T15:29:58.634297,0.000000,1.903008
4654.7813,2026-06-03T15:29:59.133560,0.000000,1.901200
4655.2657,2026-06-03T15:29:59.618010,0.000000,1.900104
4655.7628,2026-06-03T15:30:00.115061,0.000000,1.899088
4656.2616,2026-06-03T15:30:00.613878,0.000000,1.898096
4656.7623,2026-06-03T15:30:01.114632,0.000000,1.897532
4657.2609,2026-06-03T15:30:01.613191,0.000000,1.896380
4657.7661,2026-06-03T15:30:02.118413,0.000000,1.895196
4658.2534,2026-06-03T15:30:02.605694,0.000000,1.894104
4658.7521,2026-06-03T15:30:03.104406,0.000000,1.892572
4659.2497,2026-06-03T15:30:03.602025,0.000000,1.891208
4659.7302,2026-06-03T15:30:04.082513,0.000000,1.890064
4660.2208,2026-06-03T15:30:04.573096,0.000000,1.888616
4660.7131,2026-06-03T15:30:05.065356,0.000000,1.887736
4661.1852,2026-06-03T15:30:05.537521,0.000000,1.887212
4661.6807,2026-06-03T15:30:06.033043,0.000000,1.886624
4662.1606,2026-06-03T15:30:06.512851,0.000000,1.885648
4662.6598,2026-06-03T15:30:07.012088,0.000000,1.884660
4663.1564,2026-06-03T15:30:07.508721,0.000000,1.883228
4663.6630,2026-06-03T15:30:08.015290,0.000000,1.881816
4664.1630,2026-06-03T15:30:08.515341,0.000000,1.880528
4664.6581,2026-06-03T15:30:09.010436,0.000000,1.879192
4665.1461,2026-06-03T15:30:09.498372,0.000000,1.877840
4665.6534,2026-06-03T15:30:10.005737,0.000000,1.876688
4666.1720,2026-06-03T15:30:10.524330,0.000000,1.875528
4666.6741,2026-06-03T15:30:11.026357,0.000000,1.874568
4667.1716,2026-06-03T15:30:11.523888,0.000000,1.873644
4667.6748,2026-06-03T15:30:12.027115,0.000000,1.872360
4668.1752,2026-06-03T15:30:12.527477,0.000000,1.871076
4668.6729,2026-06-03T15:30:13.025214,0.000000,1.869800
4669.1729,2026-06-03T15:30:13.525165,0.000000,1.868252
4669.6387,2026-06-03T15:30:13.991020,0.000000,1.867060
4670.1384,2026-06-03T15:30:14.490659,0.000000,1.865812
4670.6046,2026-06-03T15:30:14.956911,0.000000,1.864568
4671.1037,2026-06-03T15:30:15.455964,0.000000,1.863308
4671.6034,2026-06-03T15:30:15.955644,0.000000,1.861836
4672.1049,2026-06-03T15:30:16.457164,0.000000,1.860504
4672.6007,2026-06-03T15:30:16.952995,0.000000,1.859068
4673.0703,2026-06-03T15:30:17.422606,0.000000,1.858048
4673.5711,2026-06-03T15:30:17.923437,0.000000,1.857152
4674.0736,2026-06-03T15:30:18.425934,0.000000,1.856212
4674.5783,2026-06-03T15:30:18.930580,0.000000,1.855192
4675.0763,2026-06-03T15:30:19.428549,0.000000,1.854096
4675.5784,2026-06-03T15:30:19.930702,0.000000,1.852848
4676.0799,2026-06-03T15:30:20.432170,0.000000,1.851704
4676.5664,2026-06-03T15:30:20.918709,0.000000,1.850452
4677.0665,2026-06-03T15:30:21.418792,0.000000,1.849192
4677.5634,2026-06-03T15:30:21.915653,0.000000,1.848148
4678.0709,2026-06-03T15:30:22.423193,0.000000,1.846964
4678.5570,2026-06-03T15:30:22.909271,0.000000,1.846028
4679.0487,2026-06-03T15:30:23.400997,0.000000,1.845092
4679.5383,2026-06-03T15:30:23.890565,0.000000,1.844236
4680.0415,2026-06-03T15:30:24.393763,0.000000,1.843304
4680.5466,2026-06-03T15:30:24.898892,0.000000,1.842512
4681.0030,2026-06-03T15:30:25.355305,0.000000,1.841460
4681.4786,2026-06-03T15:30:25.830885,0.000000,1.840060
4681.9719,2026-06-03T15:30:26.324158,0.000000,1.838824
4682.4718,2026-06-03T15:30:26.824086,0.000000,1.837060
4682.9741,2026-06-03T15:30:27.326435,0.000000,1.835480
4683.4867,2026-06-03T15:30:27.838993,0.000000,1.834164
4683.9760,2026-06-03T15:30:28.328295,0.000000,1.833144
4684.4799,2026-06-03T15:30:28.832239,0.000000,1.832092
4684.9789,2026-06-03T15:30:29.331219,0.000000,1.831244
4685.4669,2026-06-03T15:30:29.819236,0.000000,1.830260
4685.9692,2026-06-03T15:30:30.321528,0.000000,1.828948
4686.4635,2026-06-03T15:30:30.815748,0.000000,1.827860
4686.9448,2026-06-03T15:30:31.297061,0.000000,1.826800
4687.4379,2026-06-03T15:30:31.790138,0.000000,1.825804
4687.9339,2026-06-03T15:30:32.286198,0.000000,1.825112
4688.4363,2026-06-03T15:30:32.788549,0.000000,1.824252
4688.9039,2026-06-03T15:30:33.256196,0.000000,1.822860
4689.4062,2026-06-03T15:30:33.758441,0.000000,1.821400
4689.8991,2026-06-03T15:30:34.251354,0.000000,1.819940
4690.3952,2026-06-03T15:30:34.747459,0.000000,1.818784
4690.8942,2026-06-03T15:30:35.246613,0.000000,1.817800
4691.3833,2026-06-03T15:30:35.735538,0.000000,1.817104
4691.8844,2026-06-03T15:30:36.236648,0.000000,1.815860
4692.3873,2026-06-03T15:30:36.739605,0.000000,1.814516
4692.8802,2026-06-03T15:30:37.232482,0.000000,1.813544
4693.3710,2026-06-03T15:30:37.723250,0.000000,1.812112
4693.8613,2026-06-03T15:30:38.213567,0.000000,1.811068
4694.3684,2026-06-03T15:30:38.720690,0.000000,1.810032
4694.8634,2026-06-03T15:30:39.215728,0.000000,1.808868
4695.3611,2026-06-03T15:30:39.713414,0.000000,1.808016
4695.8528,2026-06-03T15:30:40.205094,0.000000,1.807004
4696.3514,2026-06-03T15:30:40.703697,0.000000,1.805976
4696.8460,2026-06-03T15:30:41.198298,0.000000,1.804728
4697.3483,2026-06-03T15:30:41.700549,0.000000,1.803088
4697.8554,2026-06-03T15:30:42.207692,0.000000,1.802036
4698.3466,2026-06-03T15:30:42.698920,0.000000,1.800820
4698.8794,2026-06-03T15:30:43.231719,0.000000,1.799296
4699.3549,2026-06-03T15:30:43.707183,0.000000,1.797892
4699.8542,2026-06-03T15:30:44.206433,0.000000,1.796288
4700.3384,2026-06-03T15:30:44.690711,0.000000,1.794880
4700.8464,2026-06-03T15:30:45.198680,0.000000,1.793980
4701.3580,2026-06-03T15:30:45.710306,0.000000,1.793264
4701.8668,2026-06-03T15:30:46.219117,0.000000,1.792560
4702.3592,2026-06-03T15:30:46.711478,0.000000,1.791676
4702.8582,2026-06-03T15:30:47.210524,0.000000,1.790620
4703.3630,2026-06-03T15:30:47.715247,0.000000,1.789448
4703.8589,2026-06-03T15:30:48.211195,0.000000,1.788236
4704.3251,2026-06-03T15:30:48.677406,0.000000,1.787012
4704.7731,2026-06-03T15:30:49.125373,0.000000,1.786060
4705.2773,2026-06-03T15:30:49.629565,0.000000,1.785032
4705.7750,2026-06-03T15:30:50.127270,0.000000,1.783728
4706.2705,2026-06-03T15:30:50.622804,0.000000,1.782596
4706.7836,2026-06-03T15:30:51.135923,0.000000,1.781152
4707.2593,2026-06-03T15:30:51.611570,0.000000,1.779772
4707.7675,2026-06-03T15:30:52.119816,0.000000,1.777980
4708.2660,2026-06-03T15:30:52.618289,0.000000,1.776428
4708.7558,2026-06-03T15:30:53.108055,0.000000,1.774988
4709.2635,2026-06-03T15:30:53.615787,0.000000,1.773688
4709.7812,2026-06-03T15:30:54.133523,0.000000,1.772816
4710.2727,2026-06-03T15:30:54.624969,0.000000,1.771720
4710.7711,2026-06-03T15:30:55.123426,0.000000,1.770612
4711.2741,2026-06-03T15:30:55.626402,0.000000,1.769696
4711.7720,2026-06-03T15:30:56.124302,0.000000,1.768648
4712.2782,2026-06-03T15:30:56.630445,0.000000,1.767564
4712.7677,2026-06-03T15:30:57.119954,0.000000,1.766544
4713.2511,2026-06-03T15:30:57.603386,0.000000,1.765332
4713.7433,2026-06-03T15:30:58.095542,0.000000,1.764208
4714.2684,2026-06-03T15:30:58.620704,0.000000,1.763360
4714.7568,2026-06-03T15:30:59.109044,0.000000,1.762060
4715.2585,2026-06-03T15:30:59.610814,0.000000,1.761044
4715.7341,2026-06-03T15:31:00.086351,0.000000,1.760100
4716.2008,2026-06-03T15:31:00.553045,0.000000,1.758720
4716.6829,2026-06-03T15:31:01.035164,0.000000,1.757468
4717.1826,2026-06-03T15:31:01.534877,0.000000,1.756052
4717.6847,2026-06-03T15:31:02.037000,0.000000,1.754500
4718.1873,2026-06-03T15:31:02.539601,0.000000,1.753308
4718.6854,2026-06-03T15:31:03.037716,0.000000,1.752452
4719.1841,2026-06-03T15:31:03.536391,0.000000,1.751604
4719.6793,2026-06-03T15:31:04.031587,0.000000,1.750720
4720.1686,2026-06-03T15:31:04.520863,0.000000,1.749576
4720.6723,2026-06-03T15:31:05.024602,0.000000,1.748532
4721.1372,2026-06-03T15:31:05.489460,0.000000,1.747044
4721.6328,2026-06-03T15:31:05.985111,0.000000,1.745828
4722.1239,2026-06-03T15:31:06.476221,0.000000,1.744444
4722.6564,2026-06-03T15:31:07.008656,0.000000,1.742544
4723.1516,2026-06-03T15:31:07.503938,0.000000,1.741300
4723.6548,2026-06-03T15:31:08.007129,0.000000,1.740448
4724.1579,2026-06-03T15:31:08.510161,0.000000,1.739512
4724.6581,2026-06-03T15:31:09.010409,0.000000,1.738852
4725.1589,2026-06-03T15:31:09.511225,0.000000,1.737496
4725.6634,2026-06-03T15:31:10.015707,0.000000,1.736008
4726.1885,2026-06-03T15:31:10.540755,0.000000,1.734820
4726.6813,2026-06-03T15:31:11.033583,0.000000,1.733508
4727.1742,2026-06-03T15:31:11.526491,0.000000,1.732584
4727.6715,2026-06-03T15:31:12.023778,0.000000,1.731236
4728.1616,2026-06-03T15:31:12.513914,0.000000,1.730068
4728.6867,2026-06-03T15:31:13.038962,0.000000,1.728536
4729.1720,2026-06-03T15:31:13.524267,0.000000,1.727404
4729.6727,2026-06-03T15:31:14.024990,0.000000,1.726352
4730.1405,2026-06-03T15:31:14.492819,0.000000,1.725344
4730.6301,2026-06-03T15:31:14.982399,0.000000,1.724420
4731.1157,2026-06-03T15:31:15.467974,0.000000,1.722968
4731.5967,2026-06-03T15:31:15.949033,0.000000,1.722008
4732.1047,2026-06-03T15:31:16.457005,0.000000,1.720988
4732.6076,2026-06-03T15:31:16.959852,0.000000,1.720496
4733.1115,2026-06-03T15:31:17.463763,0.000000,1.719948
4733.6286,2026-06-03T15:31:17.980879,0.000000,1.719048
4734.1265,2026-06-03T15:31:18.478819,0.000000,1.717852
4734.6015,2026-06-03T15:31:18.953781,0.000000,1.715596
4735.1049,2026-06-03T15:31:19.457229,0.000000,1.714400
4735.6034,2026-06-03T15:31:19.955672,0.000000,1.713660
4736.1314,2026-06-03T15:31:20.483733,0.000000,1.712788
4736.6133,2026-06-03T15:31:20.965601,0.000000,1.712184
4737.1052,2026-06-03T15:31:21.457457,0.000000,1.711176
4737.6067,2026-06-03T15:31:21.958998,0.000000,1.709788
4738.1040,2026-06-03T15:31:22.456309,0.000000,1.708772
4738.6052,2026-06-03T15:31:22.957480,0.000000,1.707980
4739.0966,2026-06-03T15:31:23.448921,0.000000,1.706744
4739.5937,2026-06-03T15:31:23.945944,0.000000,1.705500
4740.0880,2026-06-03T15:31:24.440295,0.000000,1.704524
4740.6096,2026-06-03T15:31:24.961910,0.000000,1.703412
4741.1104,2026-06-03T15:31:25.462676,0.000000,1.702428
4741.5768,2026-06-03T15:31:25.929073,0.000000,1.701668
4742.0648,2026-06-03T15:31:26.417087,0.000000,1.700944
4742.5392,2026-06-03T15:31:26.891462,0.000000,1.700428
4743.0146,2026-06-03T15:31:27.366910,0.000000,1.699988
4743.5115,2026-06-03T15:31:27.863762,0.000000,1.699572
4744.0153,2026-06-03T15:31:28.367557,0.000000,1.698676
4744.5408,2026-06-03T15:31:28.893128,0.000000,1.697468
4745.0259,2026-06-03T15:31:29.378188,0.000000,1.696180
4745.5275,2026-06-03T15:31:29.879799,0.000000,1.695064
4746.0188,2026-06-03T15:31:30.371113,0.000000,1.693404
4746.5242,2026-06-03T15:31:30.876469,0.000000,1.691908
4747.0153,2026-06-03T15:31:31.367532,0.000000,1.690584
4747.5114,2026-06-03T15:31:31.863659,0.000000,1.689240
4748.0018,2026-06-03T15:31:32.354045,0.000000,1.688528
4748.5034,2026-06-03T15:31:32.855724,0.000000,1.687872
4749.0328,2026-06-03T15:31:33.385122,0.000000,1.687328
4749.5236,2026-06-03T15:31:33.875870,0.000000,1.686444
4750.0239,2026-06-03T15:31:34.376187,0.000000,1.686160
4750.5203,2026-06-03T15:31:34.872568,0.000000,1.685992
4751.0208,2026-06-03T15:31:35.373071,0.000000,1.685268
4751.5311,2026-06-03T15:31:35.883388,0.000000,1.684756
4752.0277,2026-06-03T15:31:36.379941,0.000000,1.683692
4752.5040,2026-06-03T15:31:36.856280,0.000000,1.682104
4752.9966,2026-06-03T15:31:37.348864,0.000000,1.681008
4753.4915,2026-06-03T15:31:37.843815,0.000000,1.679812
4753.9899,2026-06-03T15:31:38.342171,0.000000,1.679216
4754.4794,2026-06-03T15:31:38.831723,0.000000,1.678500
4754.9733,2026-06-03T15:31:39.325608,0.000000,1.677804
4755.4722,2026-06-03T15:31:39.824523,0.000000,1.676988
4755.9633,2026-06-03T15:31:40.315544,0.000000,1.675916
4756.4580,2026-06-03T15:31:40.810296,0.000000,1.674796
4756.9861,2026-06-03T15:31:41.338372,0.000000,1.673596
4757.4829,2026-06-03T15:31:41.835223,0.000000,1.672580
4757.9798,2026-06-03T15:31:42.332100,0.000000,1.671380
4758.4807,2026-06-03T15:31:42.833033,0.000000,1.670260
4759.0089,2026-06-03T15:31:43.361155,0.000000,1.669156
4759.5096,2026-06-03T15:31:43.861899,0.000000,1.667964
4760.0133,2026-06-03T15:31:44.365567,0.000000,1.667088
4760.5122,2026-06-03T15:31:44.864534,0.000000,1.666412
4761.0163,2026-06-03T15:31:45.368586,0.000000,1.665364
4761.4864,2026-06-03T15:31:45.838719,0.000000,1.664412
4761.9793,2026-06-03T15:31:46.331576,0.000000,1.663272
4762.4433,2026-06-03T15:31:46.795585,0.000000,1.661928
4762.9321,2026-06-03T15:31:47.284360,0.000000,1.660944
4763.4289,2026-06-03T15:31:47.781177,0.000000,1.660036
4763.9134,2026-06-03T15:31:48.265672,0.000000,1.659028
4764.4038,2026-06-03T15:31:48.756097,0.000000,1.657988
4764.8987,2026-06-03T15:31:49.251018,0.000000,1.657008
4765.4050,2026-06-03T15:31:49.757336,0.000000,1.656100
4765.8612,2026-06-03T15:31:50.213444,0.000000,1.655464
4766.3488,2026-06-03T15:31:50.701111,0.000000,1.655004
4766.8476,2026-06-03T15:31:51.199846,0.000000,1.654120
4767.3526,2026-06-03T15:31:51.704927,0.000000,1.653428
4767.8484,2026-06-03T15:31:52.200660,0.000000,1.652112
4768.3546,2026-06-03T15:31:52.706933,0.000000,1.650628
4768.8526,2026-06-03T15:31:53.204901,0.000000,1.649524
4769.3481,2026-06-03T15:31:53.700362,0.000000,1.648196
4769.8282,2026-06-03T15:31:54.180473,0.000000,1.646540
4770.3284,2026-06-03T15:31:54.680704,0.000000,1.645044
4770.8060,2026-06-03T15:31:55.158277,0.000000,1.643888
4771.3053,2026-06-03T15:31:55.657631,0.000000,1.642696
4771.7820,2026-06-03T15:31:56.134267,0.000000,1.641636
4772.2846,2026-06-03T15:31:56.636887,0.000000,1.640780
4772.7842,2026-06-03T15:31:57.136538,0.000000,1.639444
4773.2585,2026-06-03T15:31:57.610753,0.000000,1.638440
4773.7659,2026-06-03T15:31:58.118233,0.000000,1.637504
4774.2436,2026-06-03T15:31:58.595839,0.000000,1.636896
4774.7382,2026-06-03T15:31:59.090482,0.000000,1.636332
4775.2386,2026-06-03T15:31:59.590908,0.000000,1.635624
4775.7384,2026-06-03T15:32:00.090739,0.000000,1.634648
4776.2284,2026-06-03T15:32:00.580650,0.000000,1.633888
4776.7216,2026-06-03T15:32:01.073839,0.000000,1.632960
4777.2533,2026-06-03T15:32:01.605581,0.000000,1.632232
4777.7605,2026-06-03T15:32:02.112766,0.000000,1.631820
4778.2560,2026-06-03T15:32:02.608305,0.000000,1.631180
4778.7633,2026-06-03T15:32:03.115601,0.000000,1.630508
4779.2591,2026-06-03T15:32:03.611344,0.000000,1.629676
4779.7733,2026-06-03T15:32:04.125568,0.000000,1.628404
4780.2620,2026-06-03T15:32:04.614272,0.000000,1.627224
4780.7884,2026-06-03T15:32:05.140733,0.000000,1.626092
4781.2651,2026-06-03T15:32:05.617361,0.000000,1.625080
4781.7635,2026-06-03T15:32:06.115807,0.000000,1.624292
4782.2479,2026-06-03T15:32:06.600222,0.000000,1.623100
4782.7531,2026-06-03T15:32:07.105346,0.000000,1.622000
4783.2697,2026-06-03T15:32:07.621948,0.000000,1.621048
4783.7693,2026-06-03T15:32:08.121625,0.000000,1.620308
4784.2723,2026-06-03T15:32:08.624547,0.000000,1.619296
4784.7717,2026-06-03T15:32:09.123988,0.000000,1.618672
4785.2719,2026-06-03T15:32:09.624186,0.000000,1.617492
4785.7673,2026-06-03T15:32:10.119574,0.000000,1.616192
4786.2682,2026-06-03T15:32:10.620444,0.000000,1.615168
4786.7574,2026-06-03T15:32:11.109730,0.000000,1.613992
4787.2819,2026-06-03T15:32:11.634200,0.000000,1.613040
4787.7815,2026-06-03T15:32:12.133746,0.000000,1.612212
4788.2853,2026-06-03T15:32:12.637543,0.000000,1.611468
4788.7806,2026-06-03T15:32:13.132856,0.000000,1.610524
4789.2635,2026-06-03T15:32:13.615827,0.000000,1.609336
4789.7405,2026-06-03T15:32:14.092797,0.000000,1.608092
4790.2343,2026-06-03T15:32:14.586629,0.000000,1.606876
4790.7415,2026-06-03T15:32:15.093790,0.000000,1.606116
4791.2470,2026-06-03T15:32:15.599278,0.000000,1.605360
4791.7454,2026-06-03T15:32:16.097631,0.000000,1.604736
4792.2291,2026-06-03T15:32:16.581403,0.000000,1.604028
4792.7282,2026-06-03T15:32:17.080470,0.000000,1.602976
4793.2051,2026-06-03T15:32:17.557365,0.000000,1.602176
4793.6948,2026-06-03T15:32:18.047070,0.000000,1.601196
4794.1528,2026-06-03T15:32:18.505057,0.000000,1.600100
4794.6205,2026-06-03T15:32:18.972776,0.000000,1.599252
4795.1200,2026-06-03T15:32:19.472244,0.000000,1.598352
4795.6199,2026-06-03T15:32:19.972226,0.000000,1.596940
4796.1382,2026-06-03T15:32:20.490529,0.000000,1.595900
4796.6407,2026-06-03T15:32:20.992997,0.000000,1.595060
4797.1341,2026-06-03T15:32:21.486396,0.000000,1.593768
4797.6373,2026-06-03T15:32:21.989573,0.000000,1.593076
4798.1323,2026-06-03T15:32:22.484617,0.000000,1.592176
4798.6256,2026-06-03T15:32:22.977909,0.000000,1.591332
4799.1260,2026-06-03T15:32:23.478339,0.000000,1.590756
4799.6181,2026-06-03T15:32:23.970393,0.000000,1.589880
4800.1154,2026-06-03T15:32:24.467640,0.000000,1.589112
4800.5850,2026-06-03T15:32:24.937268,0.000000,1.588108
4801.0670,2026-06-03T15:32:25.419315,0.000000,1.587432
4801.5615,2026-06-03T15:32:25.913827,0.000000,1.587148
4802.0643,2026-06-03T15:32:26.416570,0.000000,1.586984
4802.5593,2026-06-03T15:32:26.911580,0.000000,1.587432
4803.0511,2026-06-03T15:32:27.403376,0.000000,1.587468
4803.5470,2026-06-03T15:32:27.899279,0.000000,1.587532
4804.0597,2026-06-03T15:32:28.412011,0.000000,1.587524
4804.5715,2026-06-03T15:32:28.923794,0.000000,1.587340
4805.0692,2026-06-03T15:32:29.421448,0.000000,1.587400
4805.5685,2026-06-03T15:32:29.920772,0.000000,1.587184
4806.0551,2026-06-03T15:32:30.407346,0.000000,1.587344
4806.5595,2026-06-03T15:32:30.911796,0.000000,1.587460
4807.0529,2026-06-03T15:32:31.405239,0.000000,1.587728
4807.5463,2026-06-03T15:32:31.898577,0.000000,1.587848
4808.0523,2026-06-03T15:32:32.404603,0.000000,1.587884
4808.5498,2026-06-03T15:32:32.902067,0.000000,1.587868
4809.0459,2026-06-03T15:32:33.398235,0.000000,1.587872
4809.5410,2026-06-03T15:32:33.893327,0.000000,1.588156
4810.0380,2026-06-03T15:32:34.390301,0.000000,1.588268
4810.5288,2026-06-03T15:32:34.881032,0.000000,1.588220
4811.0113,2026-06-03T15:32:35.363638,0.000000,1.587756
4811.4821,2026-06-03T15:32:35.834342,0.000000,1.587252
4811.9802,2026-06-03T15:32:36.332520,0.000000,1.586964
4812.4846,2026-06-03T15:32:36.836923,0.000000,1.586580
4812.9884,2026-06-03T15:32:37.340727,0.000000,1.586996
4813.4881,2026-06-03T15:32:37.840396,0.000000,1.587460
4813.9630,2026-06-03T15:32:38.315312,0.000000,1.587744
4814.4573,2026-06-03T15:32:38.809556,0.000000,1.588272
4814.9352,2026-06-03T15:32:39.287441,0.000000,1.588092
4815.4219,2026-06-03T15:32:39.774241,0.000000,1.587708
4815.9204,2026-06-03T15:32:40.272733,0.000000,1.587704
4816.4201,2026-06-03T15:32:40.772415,0.000000,1.587664
4816.9189,2026-06-03T15:32:41.271179,0.000000,1.587604
4817.4125,2026-06-03T15:32:41.764766,0.000000,1.588084
4817.9124,2026-06-03T15:32:42.264760,0.000000,1.588000
4818.3779,2026-06-03T15:32:42.730145,0.000000,1.587904
4818.8677,2026-06-03T15:32:43.219989,0.000000,1.587872
4819.3637,2026-06-03T15:32:43.716021,0.000000,1.587732
4819.8633,2026-06-03T15:32:44.215548,0.000000,1.587920
4820.3589,2026-06-03T15:32:44.711221,0.000000,1.588072
4820.8198,2026-06-03T15:32:45.172085,0.000000,1.588376
4821.3082,2026-06-03T15:32:45.660445,0.000000,1.588440
4821.8055,2026-06-03T15:32:46.157759,0.000000,1.588496
4822.2983,2026-06-03T15:32:46.650575,0.000000,1.588428
4822.7852,2026-06-03T15:32:47.137530,0.000000,1.587900
4823.2460,2026-06-03T15:32:47.598275,0.000000,1.588020
4823.7387,2026-06-03T15:32:48.091001,0.000000,1.587872
4824.2298,2026-06-03T15:32:48.582138,0.000000,1.587972
4824.7241,2026-06-03T15:32:49.076374,0.000000,1.588312
4825.2202,2026-06-03T15:32:49.572466,0.000000,1.588632
4825.7205,2026-06-03T15:32:50.072802,0.000000,1.590172
4826.2080,2026-06-03T15:32:50.560290,0.000000,1.594644
4826.7038,2026-06-03T15:32:51.056103,0.000000,1.598848
4827.2084,2026-06-03T15:32:51.560683,0.000000,1.603108
4827.7007,2026-06-03T15:32:52.052984,0.000000,1.606224
4828.1922,2026-06-03T15:32:52.544481,0.000000,1.606300
4828.6776,2026-06-03T15:32:53.029907,0.000000,1.606452
4829.1746,2026-06-03T15:32:53.526925,0.000000,1.606524
4829.7009,2026-06-03T15:32:54.053162,0.000000,1.606380
4830.2091,2026-06-03T15:32:54.561417,0.000000,1.605932
4830.7029,2026-06-03T15:32:55.055196,0.000000,1.606036
4831.1920,2026-06-03T15:32:55.544329,0.000000,1.605660
4831.6718,2026-06-03T15:32:56.024059,0.000000,1.605652
4832.1646,2026-06-03T15:32:56.516930,0.000000,1.605868
4832.6659,2026-06-03T15:32:57.018170,0.000000,1.605936
4833.1670,2026-06-03T15:32:57.519275,0.000000,1.606200
4833.6740,2026-06-03T15:32:58.026313,0.000000,1.606724
4834.1986,2026-06-03T15:32:58.550845,0.000000,1.606892
4834.7000,2026-06-03T15:32:59.052292,0.000000,1.606768
4835.1612,2026-06-03T15:32:59.513477,0.000000,1.607032
4835.6644,2026-06-03T15:33:00.016726,0.000000,1.606988
4836.1471,2026-06-03T15:33:00.499424,0.000000,1.606764
4836.6487,2026-06-03T15:33:01.000997,0.000000,1.606824
4837.1685,2026-06-03T15:33:01.520776,0.000000,1.606828
4837.6361,2026-06-03T15:33:01.988335,0.000000,1.606796
4838.1255,2026-06-03T15:33:02.477805,0.000000,1.607176
4838.6184,2026-06-03T15:33:02.970640,0.000000,1.607772
4839.1215,2026-06-03T15:33:03.473828,0.000000,1.608044
4839.6219,2026-06-03T15:33:03.974222,0.000000,1.608280
4840.1080,2026-06-03T15:33:04.460254,0.000000,1.608100
4840.6038,2026-06-03T15:33:04.956071,0.000000,1.607868
4841.1053,2026-06-03T15:33:05.457557,0.000000,1.607256
4841.5750,2026-06-03T15:33:05.927291,0.000000,1.606952
4842.0753,2026-06-03T15:33:06.427621,0.000000,1.606988
4842.5669,2026-06-03T15:33:06.919220,0.000000,1.606940
4843.1000,2026-06-03T15:33:07.452250,0.000000,1.607056
4843.5796,2026-06-03T15:33:07.931882,0.000000,1.607456
4844.0854,2026-06-03T15:33:08.437682,0.000000,1.608004
4844.5832,2026-06-03T15:33:08.935505,0.000000,1.608320
4845.0851,2026-06-03T15:33:09.437387,0.000000,1.608516
4845.5860,2026-06-03T15:33:09.938328,0.000000,1.608212
4846.0942,2026-06-03T15:33:10.446494,0.000000,1.607524
4846.5895,2026-06-03T15:33:10.941768,0.000000,1.606916
4847.0939,2026-06-03T15:33:11.446183,0.000000,1.606672
4847.5813,2026-06-03T15:33:11.933614,0.000000,1.606656
4848.0753,2026-06-03T15:33:12.427560,0.000000,1.606600
4848.5526,2026-06-03T15:33:12.904895,0.000000,1.606632
4849.0426,2026-06-03T15:33:13.394916,0.000000,1.606476
4849.5241,2026-06-03T15:33:13.876370,0.000000,1.606688
4850.0284,2026-06-03T15:33:14.380719,0.000000,1.607148
4850.5246,2026-06-03T15:33:14.876835,0.000000,1.607268
4850.9984,2026-06-03T15:33:15.350663,0.000000,1.607844
4851.4698,2026-06-03T15:33:15.822090,0.000000,1.607944
4851.9577,2026-06-03T15:33:16.310042,0.000000,1.607496
4852.4548,2026-06-03T15:33:16.807132,0.000000,1.607740
4852.9296,2026-06-03T15:33:17.281906,0.000000,1.608112
4853.4299,2026-06-03T15:33:17.782198,0.000000,1.608108
4853.9216,2026-06-03T15:33:18.273916,0.000000,1.608872
4854.4191,2026-06-03T15:33:18.771378,0.000000,1.608776
4854.9314,2026-06-03T15:33:19.283685,0.000000,1.608456
4855.4422,2026-06-03T15:33:19.794518,0.000000,1.608372
4855.9337,2026-06-03T15:33:20.285994,0.000000,1.608164
4856.4313,2026-06-03T15:33:20.783567,0.000000,1.608456
4856.9251,2026-06-03T15:33:21.277432,0.000000,1.608728
4857.4289,2026-06-03T15:33:21.781190,0.000000,1.608944
4857.9254,2026-06-03T15:33:22.277712,0.000000,1.608924
4858.4299,2026-06-03T15:33:22.782160,0.000000,1.608828
4858.9162,2026-06-03T15:33:23.268444,0.000000,1.608864
4859.4214,2026-06-03T15:33:23.773661,0.000000,1.609280
4859.9181,2026-06-03T15:33:24.270353,0.000000,1.609232
4860.4092,2026-06-03T15:33:24.761490,0.000000,1.609252
4860.9003,2026-06-03T15:33:25.252577,0.000000,1.609560
4861.4035,2026-06-03T15:33:25.755828,0.000000,1.609600
4861.9257,2026-06-03T15:33:26.278022,0.000000,1.609712
4862.4242,2026-06-03T15:33:26.776465,0.000000,1.609800
4862.9232,2026-06-03T15:33:27.275529,0.000000,1.609604
4863.4200,2026-06-03T15:33:27.772269,0.000000,1.609160
4863.9128,2026-06-03T15:33:28.265134,0.000000,1.609292
4864.3851,2026-06-03T15:33:28.737403,0.000000,1.609468
4864.8864,2026-06-03T15:33:29.238668,0.000000,1.609248
4865.3784,2026-06-03T15:33:29.730723,0.000000,1.609000
4865.8770,2026-06-03T15:33:30.229333,0.000000,1.608892
4866.4054,2026-06-03T15:33:30.757721,0.000000,1.608700
4866.9044,2026-06-03T15:33:31.256724,0.000000,1.608824
4867.3809,2026-06-03T15:33:31.733173,0.000000,1.609040
4867.8902,2026-06-03T15:33:32.242454,0.000000,1.609084
4868.3783,2026-06-03T15:33:32.730602,0.000000,1.609120
4868.8786,2026-06-03T15:33:33.230903,0.000000,1.609280
4869.3604,2026-06-03T15:33:33.712713,0.000000,1.609576
4869.8908,2026-06-03T15:33:34.243051,0.000000,1.609712
4870.3802,2026-06-03T15:33:34.732526,0.000000,1.610120
4870.8719,2026-06-03T15:33:35.224182,0.000000,1.610416
4871.3466,2026-06-03T15:33:35.698886,0.000000,1.610608
4871.8587,2026-06-03T15:33:36.210950,0.000000,1.610900
4872.3548,2026-06-03T15:33:36.707068,0.000000,1.610760
4872.8580,2026-06-03T15:33:37.210298,0.000000,1.610712
4873.3537,2026-06-03T15:33:37.706009,0.000000,1.610800
4873.8830,2026-06-03T15:33:38.235267,0.000000,1.610796
4874.3806,2026-06-03T15:33:38.732867,0.000000,1.611028
4874.8450,2026-06-03T15:33:39.197257,0.000000,1.611192
4875.3379,2026-06-03T15:33:39.690130,0.000000,1.611344
4875.8168,2026-06-03T15:33:40.169086,0.000000,1.611668
4876.3216,2026-06-03T15:33:40.673898,0.000000,1.612128
4876.8466,2026-06-03T15:33:41.198888,0.000000,1.612072
4877.3423,2026-06-03T15:33:41.694568,0.000000,1.612156
4877.8383,2026-06-03T15:33:42.190636,0.000000,1.612136
4878.3411,2026-06-03T15:33:42.693438,0.000000,1.612152
4878.8215,2026-06-03T15:33:43.173819,0.000000,1.612288
4879.3175,2026-06-03T15:33:43.669792,0.000000,1.612152
4879.8134,2026-06-03T15:33:44.165689,0.000000,1.612244
4880.3132,2026-06-03T15:33:44.665508,0.000000,1.611924
4880.8138,2026-06-03T15:33:45.166107,0.000000,1.612180
4881.3442,2026-06-03T15:33:45.696468,0.000000,1.612608
4881.8300,2026-06-03T15:33:46.182333,0.000000,1.612760
4882.3209,2026-06-03T15:33:46.673229,0.000000,1.613188
4882.7944,2026-06-03T15:33:47.146686,0.000000,1.613580
4883.2882,2026-06-03T15:33:47.640491,0.000000,1.613688
4883.8145,2026-06-03T15:33:48.166779,0.000000,1.613640
4884.3242,2026-06-03T15:33:48.676505,0.000000,1.613532
4884.8244,2026-06-03T15:33:49.176710,0.000000,1.613116
4885.3302,2026-06-03T15:33:49.682519,0.000000,1.612836
4885.8280,2026-06-03T15:33:50.180291,0.000000,1.612860
4886.3243,2026-06-03T15:33:50.676642,0.000000,1.613008
4886.8231,2026-06-03T15:33:51.175365,0.000000,1.613144
4887.3235,2026-06-03T15:33:51.675790,0.000000,1.613412
4887.8471,2026-06-03T15:33:52.199378,0.000000,1.613480
4888.3326,2026-06-03T15:33:52.684924,0.000000,1.613588
4888.8135,2026-06-03T15:33:53.165859,0.000000,1.613636
4889.3056,2026-06-03T15:33:53.657940,0.000000,1.613736
4889.8093,2026-06-03T15:33:54.161610,0.000000,1.613808
4890.3071,2026-06-03T15:33:54.659439,0.000000,1.613804
4890.8348,2026-06-03T15:33:55.187052,0.000000,1.613776
4891.3303,2026-06-03T15:33:55.682628,0.000000,1.613536
4891.8284,2026-06-03T15:33:56.180676,0.000000,1.613732
4892.3242,2026-06-03T15:33:56.676509,0.000000,1.614056
4892.8291,2026-06-03T15:33:57.181382,0.000000,1.614404
4893.3330,2026-06-03T15:33:57.685244,0.000000,1.614716
4893.8381,2026-06-03T15:33:58.190384,0.000000,1.614796
4894.3344,2026-06-03T15:33:58.686681,0.000000,1.614824
4894.8217,2026-06-03T15:33:59.174011,0.000000,1.614772
4895.3382,2026-06-03T15:33:59.690472,0.000000,1.615120
4895.8271,2026-06-03T15:34:00.179386,0.000000,1.615716
4896.3275,2026-06-03T15:34:00.679805,0.000000,1.616212
4896.8228,2026-06-03T15:34:01.175060,0.000000,1.616612
4897.3173,2026-06-03T15:34:01.669595,0.000000,1.616792
4897.8425,2026-06-03T15:34:02.194759,0.000000,1.616708
4898.3393,2026-06-03T15:34:02.691603,0.000000,1.616468
4898.8278,2026-06-03T15:34:03.180090,0.000000,1.616548
4899.3260,2026-06-03T15:34:03.678266,0.000000,1.616492
4899.8214,2026-06-03T15:34:04.173694,0.000000,1.616544
4900.3234,2026-06-03T15:34:04.675633,0.000000,1.616688
4900.8029,2026-06-03T15:34:05.155168,0.000000,1.616540
4901.2940,2026-06-03T15:34:05.646285,0.000000,1.616260
4901.7866,2026-06-03T15:34:06.138872,0.000000,1.616060
4902.2856,2026-06-03T15:34:06.637903,0.000000,1.615720
4902.7959,2026-06-03T15:34:07.148197,0.000000,1.615660
4903.3113,2026-06-03T15:34:07.663566,0.000000,1.616140
4903.7900,2026-06-03T15:34:08.142247,0.000000,1.616384
4904.2915,2026-06-03T15:34:08.643834,0.000000,1.616428
4904.7870,2026-06-03T15:34:09.139302,0.000000,1.616280
4905.3070,2026-06-03T15:34:09.659286,0.000000,1.616024
4905.7915,2026-06-03T15:34:10.143812,0.000000,1.615720
4906.2835,2026-06-03T15:34:10.635828,0.000000,1.615808
4906.7563,2026-06-03T15:34:11.108559,0.000000,1.616636
4907.2576,2026-06-03T15:34:11.609881,0.000000,1.617196
4907.7499,2026-06-03T15:34:12.102200,0.000000,1.617820
4908.2506,2026-06-03T15:34:12.602888,0.000000,1.618232
4908.7456,2026-06-03T15:34:13.097879,0.000000,1.618188
