elapsed_s,timestamp,ch1_MEAN_V,ch2_MEAN_V
0.4715,2026-07-20T14:46:14.259648,0.000000,5.438308
0.9332,2026-07-20T14:46:14.721409,0.000000,5.438208
1.4259,2026-07-20T14:46:15.214097,0.000000,5.438072
1.9174,2026-07-20T14:46:15.705639,0.000000,5.437948
2.3732,2026-07-20T14:46:16.161439,0.000000,5.437552
2.8652,2026-07-20T14:46:16.653442,0.000000,5.437244
3.3247,2026-07-20T14:46:17.112856,0.000000,5.437008
3.8231,2026-07-20T14:46:17.611344,0.000000,5.436580
4.3089,2026-07-20T14:46:18.097081,0.000000,5.436164
4.7694,2026-07-20T14:46:18.557618,0.000000,5.435680
5.2313,2026-07-20T14:46:19.019511,0.000000,5.435312
5.7126,2026-07-20T14:46:19.500776,0.000000,5.434996
6.1922,2026-07-20T14:46:19.980413,0.000000,5.434656
6.6381,2026-07-20T14:46:20.426251,0.000000,5.434188
7.0895,2026-07-20T14:46:20.877700,0.000000,5.433692
7.5379,2026-07-20T14:46:21.326125,0.000000,5.433324
7.9901,2026-07-20T14:46:21.778288,0.000000,5.432964
8.4457,2026-07-20T14:46:22.233871,0.000000,5.432700
8.9338,2026-07-20T14:46:22.721954,0.000000,5.432364
9.4336,2026-07-20T14:46:23.221810,0.000000,5.432168
9.9363,2026-07-20T14:46:23.724496,0.000000,5.431936
10.4347,2026-07-20T14:46:24.222899,0.000000,5.431736
10.9383,2026-07-20T14:46:24.726489,0.000000,5.431436
11.3978,2026-07-20T14:46:25.186042,0.000000,5.431300
11.9188,2026-07-20T14:46:25.707018,0.000000,5.431104
12.3709,2026-07-20T14:46:26.159145,0.000000,5.430976
12.8735,2026-07-20T14:46:26.661740,0.000000,5.430760
13.3323,2026-07-20T14:46:27.120515,0.000000,5.430432
13.8309,2026-07-20T14:46:27.619102,0.000000,5.430280
14.2882,2026-07-20T14:46:28.076417,0.000000,5.430092
14.7794,2026-07-20T14:46:28.567573,0.000000,5.429804
15.2405,2026-07-20T14:46:29.028718,0.000000,5.429584
15.7081,2026-07-20T14:46:29.496314,0.000000,5.429380
16.1728,2026-07-20T14:46:29.961032,0.000000,5.429240
16.6311,2026-07-20T14:46:30.419292,0.000000,5.429056
17.0892,2026-07-20T14:46:30.877424,0.000000,5.428852
17.5475,2026-07-20T14:46:31.335682,0.000000,5.428636
18.0045,2026-07-20T14:46:31.792665,0.000000,5.428448
18.4645,2026-07-20T14:46:32.252669,0.000000,5.428168
18.9579,2026-07-20T14:46:32.746110,0.000000,5.427884
19.4427,2026-07-20T14:46:33.230879,0.000000,5.427564
19.9402,2026-07-20T14:46:33.728371,0.000000,5.427420
20.3878,2026-07-20T14:46:34.176028,0.000000,5.427136
20.8870,2026-07-20T14:46:34.675229,0.000000,5.426908
21.3487,2026-07-20T14:46:35.136859,0.000000,5.426544
21.8531,2026-07-20T14:46:35.641274,0.000000,5.426160
22.3486,2026-07-20T14:46:36.136834,0.000000,5.425752
22.8244,2026-07-20T14:46:36.612624,0.000000,5.425524
23.2878,2026-07-20T14:46:37.076025,0.000000,5.425252
23.7986,2026-07-20T14:46:37.586761,0.000000,5.424912
24.2578,2026-07-20T14:46:38.045967,0.000000,5.424532
24.7405,2026-07-20T14:46:38.528691,0.000000,5.424260
25.1990,2026-07-20T14:46:38.987199,0.000000,5.423880
25.6461,2026-07-20T14:46:39.434319,0.000000,5.423360
26.1080,2026-07-20T14:46:39.896186,0.000000,5.422996
26.5646,2026-07-20T14:46:40.352811,0.000000,5.422616
27.0321,2026-07-20T14:46:40.820283,0.000000,5.422260
27.4902,2026-07-20T14:46:41.278393,0.000000,5.421948
27.9779,2026-07-20T14:46:41.766080,0.000000,5.421612
28.4515,2026-07-20T14:46:42.239694,0.000000,5.421284
28.9154,2026-07-20T14:46:42.703584,0.000000,5.421044
29.3709,2026-07-20T14:46:43.159053,0.000000,5.420476
29.8712,2026-07-20T14:46:43.659439,0.000000,5.420200
30.3474,2026-07-20T14:46:44.135592,0.000000,5.419732
30.8136,2026-07-20T14:46:44.601775,0.000000,5.419580
31.2655,2026-07-20T14:46:45.053679,0.000000,5.419296
31.7708,2026-07-20T14:46:45.558967,0.000000,5.418884
32.2235,2026-07-20T14:46:46.011690,0.000000,5.418636
32.6814,2026-07-20T14:46:46.469579,0.000000,5.418344
33.1401,2026-07-20T14:46:46.928265,0.000000,5.418036
33.5963,2026-07-20T14:46:47.384517,0.000000,5.417636
34.0540,2026-07-20T14:46:47.842194,0.000000,5.417384
34.5165,2026-07-20T14:46:48.304670,0.000000,5.417216
34.9938,2026-07-20T14:46:48.781981,0.000000,5.416968
35.4608,2026-07-20T14:46:49.249031,0.000000,5.416708
35.9604,2026-07-20T14:46:49.748644,0.000000,5.416336
36.4578,2026-07-20T14:46:50.246009,0.000000,5.416104
36.9317,2026-07-20T14:46:50.719917,0.000000,5.415992
37.3890,2026-07-20T14:46:51.177186,0.000000,5.415572
37.8740,2026-07-20T14:46:51.662177,0.000000,5.415236
38.3501,2026-07-20T14:46:52.138264,0.000000,5.415100
38.8301,2026-07-20T14:46:52.618284,0.000000,5.414948
39.2879,2026-07-20T14:46:53.076080,0.000000,5.414660
39.7901,2026-07-20T14:46:53.578306,0.000000,5.414416
40.2505,2026-07-20T14:46:54.038648,0.000000,5.414120
40.7368,2026-07-20T14:46:54.525040,0.000000,5.414004
41.1902,2026-07-20T14:46:54.978440,0.000000,5.413968
41.6378,2026-07-20T14:46:55.426026,0.000000,5.413792
42.0898,2026-07-20T14:46:55.878040,0.000000,5.413752
42.5461,2026-07-20T14:46:56.334324,0.000000,5.413604
43.0104,2026-07-20T14:46:56.798576,0.000000,5.413428
43.5045,2026-07-20T14:46:57.292706,0.000000,5.413212
43.9554,2026-07-20T14:46:57.743599,0.000000,5.412972
44.4136,2026-07-20T14:46:58.201776,0.000000,5.412752
44.8734,2026-07-20T14:46:58.661642,0.000000,5.412592
45.3173,2026-07-20T14:46:59.105484,0.000000,5.412416
45.7953,2026-07-20T14:46:59.583487,0.000000,5.412140
46.2530,2026-07-20T14:47:00.041183,0.000000,5.411952
46.7429,2026-07-20T14:47:00.531140,0.000000,5.411784
47.2152,2026-07-20T14:47:01.003396,0.000000,5.411540
47.6669,2026-07-20T14:47:01.455129,0.000000,5.411516
48.1445,2026-07-20T14:47:01.932694,0.000000,5.411516
48.6423,2026-07-20T14:47:02.430469,0.000000,5.411400
49.1363,2026-07-20T14:47:02.924512,0.000000,5.411172
49.6101,2026-07-20T14:47:03.398264,0.000000,5.411108
50.1030,2026-07-20T14:47:03.891209,0.000000,5.410944
50.5946,2026-07-20T14:47:04.382818,0.000000,5.410792
51.0460,2026-07-20T14:47:04.834228,0.000000,5.410676
51.5421,2026-07-20T14:47:05.330271,0.000000,5.410536
52.0304,2026-07-20T14:47:05.818585,0.000000,5.410316
52.5311,2026-07-20T14:47:06.319307,0.000000,5.409936
52.9875,2026-07-20T14:47:06.775679,0.000000,5.409728
53.4752,2026-07-20T14:47:07.263415,0.000000,5.409536
53.9689,2026-07-20T14:47:07.757137,0.000000,5.409388
54.4717,2026-07-20T14:47:08.259881,0.000000,5.409252
54.9256,2026-07-20T14:47:08.713835,0.000000,5.409144
55.4256,2026-07-20T14:47:09.213846,0.000000,5.408972
55.9273,2026-07-20T14:47:09.715501,0.000000,5.408780
56.4279,2026-07-20T14:47:10.216147,0.000000,5.408736
56.9279,2026-07-20T14:47:10.716069,0.000000,5.408556
57.4306,2026-07-20T14:47:11.218761,0.000000,5.408640
57.9215,2026-07-20T14:47:11.709665,0.000000,5.408524
58.4198,2026-07-20T14:47:12.208045,0.000000,5.408428
58.8978,2026-07-20T14:47:12.686041,0.000000,5.408220
59.3645,2026-07-20T14:47:13.152699,0.000000,5.407992
59.8249,2026-07-20T14:47:13.613091,0.000000,5.407768
60.3011,2026-07-20T14:47:14.089260,0.000000,5.407528
60.7700,2026-07-20T14:47:14.558160,0.000000,5.407288
61.2278,2026-07-20T14:47:15.015997,0.000000,5.406944
61.7104,2026-07-20T14:47:15.498643,0.000000,5.406616
62.1746,2026-07-20T14:47:15.962846,0.000000,5.406368
62.6757,2026-07-20T14:47:16.463893,0.000000,5.406064
63.1335,2026-07-20T14:47:16.921702,0.000000,5.405864
63.5945,2026-07-20T14:47:17.382686,0.000000,5.405664
64.0641,2026-07-20T14:47:17.852282,0.000000,5.405700
64.5197,2026-07-20T14:47:18.307947,0.000000,5.405560
64.9892,2026-07-20T14:47:18.777387,0.000000,5.405420
65.4815,2026-07-20T14:47:19.269673,0.000000,5.405412
65.9698,2026-07-20T14:47:19.757977,0.000000,5.405500
66.4856,2026-07-20T14:47:20.273832,0.000000,5.405468
66.9534,2026-07-20T14:47:20.741622,0.000000,5.405256
67.4507,2026-07-20T14:47:21.238858,0.000000,5.405032
67.9448,2026-07-20T14:47:21.733037,0.000000,5.404804
68.4460,2026-07-20T14:47:22.234219,0.000000,5.404496
68.9093,2026-07-20T14:47:22.697534,0.000000,5.404164
69.3634,2026-07-20T14:47:23.151601,0.000000,5.403732
69.8526,2026-07-20T14:47:23.640816,0.000000,5.403536
70.3081,2026-07-20T14:47:24.096267,0.000000,5.403036
70.7686,2026-07-20T14:47:24.556809,0.000000,5.402548
71.2763,2026-07-20T14:47:25.064540,0.000000,5.402084
71.7701,2026-07-20T14:47:25.558305,0.000000,5.401460
72.2541,2026-07-20T14:47:26.042344,0.000000,5.400976
72.7333,2026-07-20T14:47:26.521529,0.000000,5.400548
73.2521,2026-07-20T14:47:27.040275,0.000000,5.399952
73.7300,2026-07-20T14:47:27.518198,0.000000,5.399592
74.1931,2026-07-20T14:47:27.981320,0.000000,5.399288
74.6687,2026-07-20T14:47:28.456871,0.000000,5.398992
75.1610,2026-07-20T14:47:28.949204,0.000000,5.398672
75.6452,2026-07-20T14:47:29.433419,0.000000,5.398352
76.1203,2026-07-20T14:47:29.908556,0.000000,5.398056
76.6227,2026-07-20T14:47:30.410917,0.000000,5.398096
77.0849,2026-07-20T14:47:30.873129,0.000000,5.398028
77.5506,2026-07-20T14:47:31.338819,0.000000,5.397940
78.0020,2026-07-20T14:47:31.790238,0.000000,5.397816
78.4938,2026-07-20T14:47:32.281993,0.000000,5.397640
78.9965,2026-07-20T14:47:32.784731,0.000000,5.397264
79.4790,2026-07-20T14:47:33.267234,0.000000,5.396992
79.9360,2026-07-20T14:47:33.724239,0.000000,5.396804
80.4270,2026-07-20T14:47:34.215188,0.000000,5.396620
80.8893,2026-07-20T14:47:34.677463,0.000000,5.396396
81.3899,2026-07-20T14:47:35.178054,0.000000,5.396160
81.8680,2026-07-20T14:47:35.656157,0.000000,5.395740
82.3711,2026-07-20T14:47:36.159318,0.000000,5.395316
82.8696,2026-07-20T14:47:36.657830,0.000000,5.395024
83.3577,2026-07-20T14:47:37.145941,0.000000,5.394736
83.8633,2026-07-20T14:47:37.651564,0.000000,5.394492
84.3494,2026-07-20T14:47:38.137579,0.000000,5.394256
84.8076,2026-07-20T14:47:38.595779,0.000000,5.394008
85.3040,2026-07-20T14:47:39.092218,0.000000,5.393744
85.7851,2026-07-20T14:47:39.573311,0.000000,5.393616
86.2724,2026-07-20T14:47:40.060631,0.000000,5.393404
86.7669,2026-07-20T14:47:40.555111,0.000000,5.393220
87.2140,2026-07-20T14:47:41.002223,0.000000,5.393108
87.6907,2026-07-20T14:47:41.478953,0.000000,5.392916
88.1570,2026-07-20T14:47:41.945214,0.000000,5.392680
88.6490,2026-07-20T14:47:42.437180,0.000000,5.392604
89.1129,2026-07-20T14:47:42.901083,0.000000,5.392552
89.5792,2026-07-20T14:47:43.367428,0.000000,5.392492
90.0717,2026-07-20T14:47:43.859908,0.000000,5.392392
90.5989,2026-07-20T14:47:44.387089,0.000000,5.392304
91.0904,2026-07-20T14:47:44.878568,0.000000,5.392152
91.5909,2026-07-20T14:47:45.379099,0.000000,5.392160
92.0356,2026-07-20T14:47:45.823836,0.000000,5.391876
92.5081,2026-07-20T14:47:46.296276,0.000000,5.391752
92.9969,2026-07-20T14:47:46.785059,0.000000,5.391612
93.4778,2026-07-20T14:47:47.266008,0.000000,5.391420
93.9557,2026-07-20T14:47:47.743886,0.000000,5.391224
94.4106,2026-07-20T14:47:48.198806,0.000000,5.391044
94.9022,2026-07-20T14:47:48.690437,0.000000,5.390932
95.3661,2026-07-20T14:47:49.154301,0.000000,5.390692
95.8657,2026-07-20T14:47:49.653920,0.000000,5.390460
96.3721,2026-07-20T14:47:50.160310,0.000000,5.390280
96.8491,2026-07-20T14:47:50.637369,0.000000,5.390188
97.3402,2026-07-20T14:47:51.128411,0.000000,5.390136
97.7992,2026-07-20T14:47:51.587401,0.000000,5.390088
98.2760,2026-07-20T14:47:52.064239,0.000000,5.390076
98.7434,2026-07-20T14:47:52.531608,0.000000,5.390084
99.2190,2026-07-20T14:47:53.007189,0.000000,5.390104
99.7282,2026-07-20T14:47:53.516419,0.000000,5.389924
100.2156,2026-07-20T14:47:54.003813,0.000000,5.389692
100.7091,2026-07-20T14:47:54.497288,0.000000,5.389620
101.2041,2026-07-20T14:47:54.992268,0.000000,5.389592
101.6820,2026-07-20T14:47:55.470251,0.000000,5.389552
102.1487,2026-07-20T14:47:55.936945,0.000000,5.389476
102.6570,2026-07-20T14:47:56.445227,0.000000,5.389404
103.1445,2026-07-20T14:47:56.932747,0.000000,5.389344
103.6076,2026-07-20T14:47:57.395812,0.000000,5.389188
104.0629,2026-07-20T14:47:57.851083,0.000000,5.388992
104.5336,2026-07-20T14:47:58.321826,0.000000,5.388944
104.9840,2026-07-20T14:47:58.772161,0.000000,5.388864
105.4844,2026-07-20T14:47:59.272571,0.000000,5.388800
105.9762,2026-07-20T14:47:59.764390,0.000000,5.388720
106.4327,2026-07-20T14:48:00.220862,0.000000,5.388604
106.9237,2026-07-20T14:48:00.711910,0.000000,5.388472
107.3762,2026-07-20T14:48:01.164397,0.000000,5.388380
107.8371,2026-07-20T14:48:01.625282,0.000000,5.388328
108.2922,2026-07-20T14:48:02.080409,0.000000,5.388100
108.7883,2026-07-20T14:48:02.576487,0.000000,5.387984
109.2890,2026-07-20T14:48:03.077248,0.000000,5.387940
109.7697,2026-07-20T14:48:03.557893,0.000000,5.387784
110.2480,2026-07-20T14:48:04.036178,0.000000,5.387576
110.7492,2026-07-20T14:48:04.537413,0.000000,5.387392
111.2197,2026-07-20T14:48:05.007880,0.000000,5.387240
111.7141,2026-07-20T14:48:05.502342,0.000000,5.387036
112.2423,2026-07-20T14:48:06.030480,0.000000,5.386780
112.7194,2026-07-20T14:48:06.507565,0.000000,5.386624
113.1737,2026-07-20T14:48:06.961846,0.000000,5.386540
113.6391,2026-07-20T14:48:07.427300,0.000000,5.386616
114.1352,2026-07-20T14:48:07.923421,0.000000,5.386604
114.6353,2026-07-20T14:48:08.423548,0.000000,5.386424
115.1178,2026-07-20T14:48:08.905984,0.000000,5.386376
115.6090,2026-07-20T14:48:09.397257,0.000000,5.386304
116.0758,2026-07-20T14:48:09.864031,0.000000,5.386240
116.5611,2026-07-20T14:48:10.349280,0.000000,5.386272
117.0573,2026-07-20T14:48:10.845552,0.000000,5.386276
117.5344,2026-07-20T14:48:11.322554,0.000000,5.386100
118.0110,2026-07-20T14:48:11.799155,0.000000,5.385968
118.4604,2026-07-20T14:48:12.248557,0.000000,5.385740
118.9209,2026-07-20T14:48:12.709113,0.000000,5.385620
119.3867,2026-07-20T14:48:13.174899,0.000000,5.385612
119.8954,2026-07-20T14:48:13.683596,0.000000,5.385744
120.3909,2026-07-20T14:48:14.179090,0.000000,5.385788
120.8764,2026-07-20T14:48:14.664609,0.000000,5.385812
121.3658,2026-07-20T14:48:15.153963,0.000000,5.385660
121.8247,2026-07-20T14:48:15.612927,0.000000,5.385396
122.2740,2026-07-20T14:48:16.062192,0.000000,5.385392
122.7326,2026-07-20T14:48:16.520802,0.000000,5.385168
123.1896,2026-07-20T14:48:16.977775,0.000000,5.385024
123.7009,2026-07-20T14:48:17.489133,0.000000,5.384488
124.1913,2026-07-20T14:48:17.979484,0.000000,5.383888
124.6577,2026-07-20T14:48:18.445855,0.000000,5.383480
125.1610,2026-07-20T14:48:18.949232,0.000000,5.383156
125.6560,2026-07-20T14:48:19.444166,0.000000,5.382588
126.1406,2026-07-20T14:48:19.928844,0.000000,5.382348
126.6327,2026-07-20T14:48:20.420954,0.000000,5.381988
127.1214,2026-07-20T14:48:20.909568,0.000000,5.381688
127.6429,2026-07-20T14:48:21.431067,0.000000,5.381556
128.1378,2026-07-20T14:48:21.925976,0.000000,5.381396
128.6215,2026-07-20T14:48:22.409697,0.000000,5.381552
129.1209,2026-07-20T14:48:22.909068,0.000000,5.381684
129.6075,2026-07-20T14:48:23.395725,0.000000,5.381760
130.0990,2026-07-20T14:48:23.887231,0.000000,5.381552
130.5936,2026-07-20T14:48:24.381785,0.000000,5.381580
131.0638,2026-07-20T14:48:24.851963,0.000000,5.381184
131.5403,2026-07-20T14:48:25.328542,0.000000,5.381160
132.0449,2026-07-20T14:48:25.833072,0.000000,5.381132
132.5495,2026-07-20T14:48:26.337747,0.000000,5.380932
133.0475,2026-07-20T14:48:26.835719,0.000000,5.380908
133.5408,2026-07-20T14:48:27.329033,0.000000,5.380696
134.0295,2026-07-20T14:48:27.817731,0.000000,5.380660
134.5260,2026-07-20T14:48:28.314194,0.000000,5.380576
135.0223,2026-07-20T14:48:28.810498,0.000000,5.380652
135.5107,2026-07-20T14:48:29.298910,0.000000,5.380760
135.9813,2026-07-20T14:48:29.769492,0.000000,5.381052
136.4352,2026-07-20T14:48:30.223432,0.000000,5.381048
136.9284,2026-07-20T14:48:30.716598,0.000000,5.380868
137.4200,2026-07-20T14:48:31.208223,0.000000,5.380716
137.9209,2026-07-20T14:48:31.709131,0.000000,5.380564
138.4027,2026-07-20T14:48:32.190959,0.000000,5.380748
138.8971,2026-07-20T14:48:32.685337,0.000000,5.380580
139.3963,2026-07-20T14:48:33.184537,0.000000,5.380228
139.8980,2026-07-20T14:48:33.686187,0.000000,5.379916
140.3598,2026-07-20T14:48:34.147984,0.000000,5.379520
140.8481,2026-07-20T14:48:34.636336,0.000000,5.378908
141.3415,2026-07-20T14:48:35.129666,0.000000,5.378460
141.8216,2026-07-20T14:48:35.609824,0.000000,5.378068
142.3171,2026-07-20T14:48:36.105305,0.000000,5.377888
142.8235,2026-07-20T14:48:36.611673,0.000000,5.377524
143.3239,2026-07-20T14:48:37.112081,0.000000,5.377028
143.8119,2026-07-20T14:48:37.600141,0.000000,5.376788
144.2805,2026-07-20T14:48:38.068725,0.000000,5.376760
144.7687,2026-07-20T14:48:38.556917,0.000000,5.376560
145.2620,2026-07-20T14:48:39.050182,0.000000,5.376404
145.7264,2026-07-20T14:48:39.514628,0.000000,5.376332
146.2250,2026-07-20T14:48:40.013213,0.000000,5.376360
146.7195,2026-07-20T14:48:40.507751,0.000000,5.376376
147.2149,2026-07-20T14:48:41.003103,0.000000,5.376264
147.7254,2026-07-20T14:48:41.513606,0.000000,5.376184
148.1714,2026-07-20T14:48:41.959622,0.000000,5.376036
148.6889,2026-07-20T14:48:42.477087,0.000000,5.375716
149.1811,2026-07-20T14:48:42.969265,0.000000,5.375372
149.6376,2026-07-20T14:48:43.425840,0.000000,5.375196
150.1382,2026-07-20T14:48:43.926380,0.000000,5.374872
150.6399,2026-07-20T14:48:44.428051,0.000000,5.374656
151.1221,2026-07-20T14:48:44.910314,0.000000,5.374440
151.6147,2026-07-20T14:48:45.402902,0.000000,5.374288
152.0920,2026-07-20T14:48:45.880198,0.000000,5.374104
152.5573,2026-07-20T14:48:46.345451,0.000000,5.374056
153.0392,2026-07-20T14:48:46.827355,0.000000,5.374000
153.4911,2026-07-20T14:48:47.279284,0.000000,5.373912
153.9963,2026-07-20T14:48:47.784471,0.000000,5.373844
154.4824,2026-07-20T14:48:48.270571,0.000000,5.373836
154.9831,2026-07-20T14:48:48.771259,0.000000,5.373884
155.4900,2026-07-20T14:48:49.278184,0.000000,5.373880
155.9716,2026-07-20T14:48:49.759781,0.000000,5.373836
156.4693,2026-07-20T14:48:50.257512,0.000000,5.373808
156.9357,2026-07-20T14:48:50.723940,0.000000,5.373788
157.4198,2026-07-20T14:48:51.208010,0.000000,5.373744
157.9172,2026-07-20T14:48:51.705426,0.000000,5.373548
158.4110,2026-07-20T14:48:52.199203,0.000000,5.373648
158.8868,2026-07-20T14:48:52.675020,0.000000,5.373652
159.4115,2026-07-20T14:48:53.199655,0.000000,5.373372
159.8698,2026-07-20T14:48:53.658062,0.000000,5.373108
160.3408,2026-07-20T14:48:54.128984,0.000000,5.372960
160.8410,2026-07-20T14:48:54.629194,0.000000,5.372816
161.3229,2026-07-20T14:48:55.111077,0.000000,5.372588
161.8163,2026-07-20T14:48:55.604541,0.000000,5.372324
162.2797,2026-07-20T14:48:56.067923,0.000000,5.372188
162.7819,2026-07-20T14:48:56.570149,0.000000,5.372004
163.2820,2026-07-20T14:48:57.070244,0.000000,5.371768
163.7356,2026-07-20T14:48:57.523754,0.000000,5.371564
164.2330,2026-07-20T14:48:58.021236,0.000000,5.371464
164.7297,2026-07-20T14:48:58.517920,0.000000,5.371344
165.2199,2026-07-20T14:48:59.008071,0.000000,5.371220
165.6940,2026-07-20T14:48:59.482216,0.000000,5.371136
166.1446,2026-07-20T14:48:59.932768,0.000000,5.371048
166.6535,2026-07-20T14:49:00.441691,0.000000,5.370968
167.1275,2026-07-20T14:49:00.915688,0.000000,5.370960
167.6194,2026-07-20T14:49:01.407615,0.000000,5.370892
168.1051,2026-07-20T14:49:01.893301,0.000000,5.370768
168.5721,2026-07-20T14:49:02.360260,0.000000,5.370796
169.0507,2026-07-20T14:49:02.838948,0.000000,5.370748
169.5463,2026-07-20T14:49:03.334492,0.000000,5.370728
170.0220,2026-07-20T14:49:03.810250,0.000000,5.370696
170.5225,2026-07-20T14:49:04.310710,0.000000,5.370836
171.0215,2026-07-20T14:49:04.809681,0.000000,5.370896
171.5225,2026-07-20T14:49:05.310698,0.000000,5.370900
172.0037,2026-07-20T14:49:05.791917,0.000000,5.370996
172.5037,2026-07-20T14:49:06.291907,0.000000,5.371152
172.9944,2026-07-20T14:49:06.782558,0.000000,5.371380
173.5022,2026-07-20T14:49:07.290413,0.000000,5.371540
173.9721,2026-07-20T14:49:07.760298,0.000000,5.371684
174.4580,2026-07-20T14:49:08.246225,0.000000,5.371768
174.9476,2026-07-20T14:49:08.735814,0.000000,5.371904
175.4301,2026-07-20T14:49:09.218302,0.000000,5.371940
175.9213,2026-07-20T14:49:09.709543,0.000000,5.372044
176.4176,2026-07-20T14:49:10.205792,0.000000,5.372232
176.9132,2026-07-20T14:49:10.701393,0.000000,5.372272
177.4231,2026-07-20T14:49:11.211343,0.000000,5.372260
177.9181,2026-07-20T14:49:11.706342,0.000000,5.372296
178.4198,2026-07-20T14:49:12.208028,0.000000,5.372296
178.8907,2026-07-20T14:49:12.678929,0.000000,5.372252
179.3605,2026-07-20T14:49:13.148718,0.000000,5.372396
179.8629,2026-07-20T14:49:13.651109,0.000000,5.372380
180.3581,2026-07-20T14:49:14.146304,0.000000,5.372436
180.8451,2026-07-20T14:49:14.633343,0.000000,5.372304
181.3236,2026-07-20T14:49:15.111822,0.000000,5.372128
181.7955,2026-07-20T14:49:15.583680,0.000000,5.372036
182.2936,2026-07-20T14:49:16.081759,0.000000,5.371928
182.7985,2026-07-20T14:49:16.586746,0.000000,5.371636
183.2651,2026-07-20T14:49:17.053300,0.000000,5.371288
183.7662,2026-07-20T14:49:17.554373,0.000000,5.371036
184.2505,2026-07-20T14:49:18.038746,0.000000,5.370816
184.7290,2026-07-20T14:49:18.517249,0.000000,5.370544
185.2259,2026-07-20T14:49:19.014141,0.000000,5.370252
185.7163,2026-07-20T14:49:19.504487,0.000000,5.370040
186.2153,2026-07-20T14:49:20.003456,0.000000,5.369944
186.7178,2026-07-20T14:49:20.505994,0.000000,5.369792
187.1729,2026-07-20T14:49:20.961153,0.000000,5.369692
187.6746,2026-07-20T14:49:21.462794,0.000000,5.369644
188.1593,2026-07-20T14:49:21.947509,0.000000,5.369632
188.6500,2026-07-20T14:49:22.438158,0.000000,5.369432
189.1548,2026-07-20T14:49:22.942987,0.000000,5.369444
189.6544,2026-07-20T14:49:23.442640,0.000000,5.369292
190.1797,2026-07-20T14:49:23.967871,0.000000,5.369280
190.6745,2026-07-20T14:49:24.462703,0.000000,5.369264
191.1737,2026-07-20T14:49:24.961930,0.000000,5.369320
191.6504,2026-07-20T14:49:25.438587,0.000000,5.369336
192.1105,2026-07-20T14:49:25.898731,0.000000,5.369320
192.5928,2026-07-20T14:49:26.380965,0.000000,5.369336
193.0882,2026-07-20T14:49:26.876399,0.000000,5.369340
193.5904,2026-07-20T14:49:27.378651,0.000000,5.369440
194.0634,2026-07-20T14:49:27.851632,0.000000,5.369416
194.5617,2026-07-20T14:49:28.349872,0.000000,5.369548
195.0923,2026-07-20T14:49:28.880535,0.000000,5.369688
195.5644,2026-07-20T14:49:29.352592,0.000000,5.369776
196.0612,2026-07-20T14:49:29.849418,0.000000,5.369820
196.5576,2026-07-20T14:49:30.345780,0.000000,5.369840
197.0469,2026-07-20T14:49:30.835091,0.000000,5.369872
197.5466,2026-07-20T14:49:31.334753,0.000000,5.369904
198.0136,2026-07-20T14:49:31.801831,0.000000,5.369932
198.5091,2026-07-20T14:49:32.297315,0.000000,5.370124
199.0099,2026-07-20T14:49:32.798130,0.000000,5.370104
199.5109,2026-07-20T14:49:33.299110,0.000000,5.370180
200.0126,2026-07-20T14:49:33.800836,0.000000,5.370080
200.5152,2026-07-20T14:49:34.303400,0.000000,5.370020
200.9942,2026-07-20T14:49:34.782389,0.000000,5.370044
201.4902,2026-07-20T14:49:35.278429,0.000000,5.369952
201.9910,2026-07-20T14:49:35.779179,0.000000,5.369936
202.4494,2026-07-20T14:49:36.237558,0.000000,5.369880
202.9172,2026-07-20T14:49:36.705424,0.000000,5.369880
203.4055,2026-07-20T14:49:37.193712,0.000000,5.369612
203.8839,2026-07-20T14:49:37.672070,0.000000,5.369608
204.3729,2026-07-20T14:49:38.161083,0.000000,5.369564
204.8558,2026-07-20T14:49:38.644106,0.000000,5.369644
205.3748,2026-07-20T14:49:39.162954,0.000000,5.369712
205.8697,2026-07-20T14:49:39.657849,0.000000,5.369592
206.3568,2026-07-20T14:49:40.145026,0.000000,5.369636
206.8499,2026-07-20T14:49:40.638091,0.000000,5.369616
207.3407,2026-07-20T14:49:41.128942,0.000000,5.369716
207.8341,2026-07-20T14:49:41.622319,0.000000,5.369832
208.3330,2026-07-20T14:49:42.121245,0.000000,5.369972
208.8548,2026-07-20T14:49:42.643018,0.000000,5.370000
209.3473,2026-07-20T14:49:43.135456,0.000000,5.369872
209.8497,2026-07-20T14:49:43.637880,0.000000,5.369692
210.3490,2026-07-20T14:49:44.137156,0.000000,5.369460
210.8460,2026-07-20T14:49:44.634199,0.000000,5.369536
211.3395,2026-07-20T14:49:45.127714,0.000000,5.369404
211.8166,2026-07-20T14:49:45.604813,0.000000,5.369324
212.3220,2026-07-20T14:49:46.110180,0.000000,5.369284
212.8453,2026-07-20T14:49:46.633448,0.000000,5.369184
213.3023,2026-07-20T14:49:47.090547,0.000000,5.369184
213.7799,2026-07-20T14:49:47.568137,0.000000,5.369016
214.2785,2026-07-20T14:49:48.066678,0.000000,5.369080
214.7500,2026-07-20T14:49:48.538174,0.000000,5.369188
215.2371,2026-07-20T14:49:49.025340,0.000000,5.369288
215.7364,2026-07-20T14:49:49.524618,0.000000,5.369212
216.2395,2026-07-20T14:49:50.027683,0.000000,5.369332
216.7498,2026-07-20T14:49:50.537996,0.000000,5.369288
217.2418,2026-07-20T14:49:51.030029,0.000000,5.369244
217.7333,2026-07-20T14:49:51.521471,0.000000,5.369220
218.2302,2026-07-20T14:49:52.018435,0.000000,5.369180
218.6901,2026-07-20T14:49:52.478278,0.000000,5.369188
219.1908,2026-07-20T14:49:52.979006,0.000000,5.369176
219.6847,2026-07-20T14:49:53.472898,0.000000,5.369020
220.1508,2026-07-20T14:49:53.938995,0.000000,5.369008
220.6174,2026-07-20T14:49:54.405644,0.000000,5.369028
221.0797,2026-07-20T14:49:54.867949,0.000000,5.368900
221.5871,2026-07-20T14:49:55.375276,0.000000,5.368932
222.0675,2026-07-20T14:49:55.855709,0.000000,5.368912
222.5543,2026-07-20T14:49:56.342531,0.000000,5.368928
223.0507,2026-07-20T14:49:56.838929,0.000000,5.368840
223.5848,2026-07-20T14:49:57.373039,0.000000,5.368616
224.0755,2026-07-20T14:49:57.863710,0.000000,5.368560
224.5747,2026-07-20T14:49:58.362947,0.000000,5.368520
225.0748,2026-07-20T14:49:58.863017,0.000000,5.368656
225.5670,2026-07-20T14:49:59.355217,0.000000,5.368656
226.0712,2026-07-20T14:49:59.859418,0.000000,5.368684
226.5912,2026-07-20T14:50:00.379414,0.000000,5.368556
227.0520,2026-07-20T14:50:00.840214,0.000000,5.368556
227.5496,2026-07-20T14:50:01.337825,0.000000,5.368544
228.0285,2026-07-20T14:50:01.816694,0.000000,5.368624
228.5313,2026-07-20T14:50:02.319477,0.000000,5.368912
229.0271,2026-07-20T14:50:02.815327,0.000000,5.368968
229.4953,2026-07-20T14:50:03.283468,0.000000,5.369032
229.9968,2026-07-20T14:50:03.784982,0.000000,5.369020
230.4615,2026-07-20T14:50:04.249686,0.000000,5.368924
230.9474,2026-07-20T14:50:04.735620,0.000000,5.368928
231.4328,2026-07-20T14:50:05.221001,0.000000,5.369008
231.9495,2026-07-20T14:50:05.737806,0.000000,5.369080
232.4462,2026-07-20T14:50:06.234406,0.000000,5.369056
232.9106,2026-07-20T14:50:06.698755,0.000000,5.369024
233.3689,2026-07-20T14:50:07.157140,0.000000,5.369028
233.8796,2026-07-20T14:50:07.667800,0.000000,5.369080
234.3410,2026-07-20T14:50:08.129237,0.000000,5.369168
234.8282,2026-07-20T14:50:08.616411,0.000000,5.369164
235.3206,2026-07-20T14:50:09.108788,0.000000,5.369200
235.7938,2026-07-20T14:50:09.581963,0.000000,5.369348
236.2869,2026-07-20T14:50:10.075111,0.000000,5.369404
236.7866,2026-07-20T14:50:10.574778,0.000000,5.369404
237.2994,2026-07-20T14:50:11.087572,0.000000,5.369348
237.7938,2026-07-20T14:50:11.582023,0.000000,5.369104
238.2920,2026-07-20T14:50:12.080176,0.000000,5.368944
238.7659,2026-07-20T14:50:12.554079,0.000000,5.368788
239.2704,2026-07-20T14:50:13.058578,0.000000,5.368640
239.7640,2026-07-20T14:50:13.552210,0.000000,5.368664
240.2557,2026-07-20T14:50:14.043871,0.000000,5.368600
240.7501,2026-07-20T14:50:14.538282,0.000000,5.368460
241.2764,2026-07-20T14:50:15.064609,0.000000,5.368376
241.7492,2026-07-20T14:50:15.537474,0.000000,5.368368
242.2477,2026-07-20T14:50:16.035908,0.000000,5.368452
242.7438,2026-07-20T14:50:16.531985,0.000000,5.368692
243.2386,2026-07-20T14:50:17.026809,0.000000,5.369092
243.7293,2026-07-20T14:50:17.517463,0.000000,5.369208
244.2214,2026-07-20T14:50:18.009631,0.000000,5.369276
244.7127,2026-07-20T14:50:18.500878,0.000000,5.369356
245.2129,2026-07-20T14:50:19.001094,0.000000,5.369440
245.7150,2026-07-20T14:50:19.503158,0.000000,5.369592
246.2231,2026-07-20T14:50:20.011342,0.000000,5.369536
246.7127,2026-07-20T14:50:20.500863,0.000000,5.369380
247.1997,2026-07-20T14:50:20.987935,0.000000,5.369508
247.6920,2026-07-20T14:50:21.480166,0.000000,5.369484
248.1914,2026-07-20T14:50:21.979557,0.000000,5.369224
248.6599,2026-07-20T14:50:22.448068,0.000000,5.369160
249.1545,2026-07-20T14:50:22.942690,0.000000,5.369152
249.6459,2026-07-20T14:50:23.434147,0.000000,5.369176
250.1541,2026-07-20T14:50:23.942289,0.000000,5.369188
250.6469,2026-07-20T14:50:24.435078,0.000000,5.369168
251.1375,2026-07-20T14:50:24.925722,0.000000,5.369276
251.6407,2026-07-20T14:50:25.428921,0.000000,5.369316
252.1441,2026-07-20T14:50:25.932337,0.000000,5.369356
252.6490,2026-07-20T14:50:26.437241,0.000000,5.369460
253.1460,2026-07-20T14:50:26.934251,0.000000,5.369596
253.6499,2026-07-20T14:50:27.438087,0.000000,5.369648
254.1557,2026-07-20T14:50:27.943859,0.000000,5.369668
254.6510,2026-07-20T14:50:28.439161,0.000000,5.369500
255.1481,2026-07-20T14:50:28.936301,0.000000,5.369608
255.6518,2026-07-20T14:50:29.440046,0.000000,5.369644
256.1383,2026-07-20T14:50:29.926467,0.000000,5.369700
256.6348,2026-07-20T14:50:30.423026,0.000000,5.369876
257.1459,2026-07-20T14:50:30.934099,0.000000,5.369896
257.6539,2026-07-20T14:50:31.442093,0.000000,5.369720
258.1210,2026-07-20T14:50:31.909197,0.000000,5.369628
258.6030,2026-07-20T14:50:32.391198,0.000000,5.369492
259.0994,2026-07-20T14:50:32.887587,0.000000,5.369328
259.5909,2026-07-20T14:50:33.379057,0.000000,5.369336
260.0652,2026-07-20T14:50:33.853409,0.000000,5.368952
260.5624,2026-07-20T14:50:34.350626,0.000000,5.368848
261.0577,2026-07-20T14:50:34.845861,0.000000,5.368812
261.5410,2026-07-20T14:50:35.329169,0.000000,5.368744
262.0531,2026-07-20T14:50:35.841332,0.000000,5.368704
262.5193,2026-07-20T14:50:36.307501,0.000000,5.368912
263.0194,2026-07-20T14:50:36.807584,0.000000,5.369072
263.5047,2026-07-20T14:50:37.292901,0.000000,5.369200
263.9845,2026-07-20T14:50:37.772690,0.000000,5.369500
264.4606,2026-07-20T14:50:38.248794,0.000000,5.369556
264.9624,2026-07-20T14:50:38.750601,0.000000,5.369896
265.4323,2026-07-20T14:50:39.220464,0.000000,5.370172
265.9341,2026-07-20T14:50:39.722346,0.000000,5.370272
266.3893,2026-07-20T14:50:40.177518,0.000000,5.370440
266.8772,2026-07-20T14:50:40.665421,0.000000,5.370616
267.3570,2026-07-20T14:50:41.145174,0.000000,5.370656
267.8560,2026-07-20T14:50:41.644201,0.000000,5.370680
268.3590,2026-07-20T14:50:42.147172,0.000000,5.370800
268.8581,2026-07-20T14:50:42.646328,0.000000,5.370812
269.3542,2026-07-20T14:50:43.142450,0.000000,5.370788
269.8442,2026-07-20T14:50:43.632363,0.000000,5.370876
270.2946,2026-07-20T14:50:44.082793,0.000000,5.370824
270.7787,2026-07-20T14:50:44.566939,0.000000,5.370848
271.2589,2026-07-20T14:50:45.047070,0.000000,5.370792
271.7544,2026-07-20T14:50:45.542566,0.000000,5.370632
272.2534,2026-07-20T14:50:46.041573,0.000000,5.370556
272.7191,2026-07-20T14:50:46.507269,0.000000,5.370464
273.2032,2026-07-20T14:50:46.991401,0.000000,5.370292
273.6699,2026-07-20T14:50:47.458076,0.000000,5.370388
274.1638,2026-07-20T14:50:47.952054,0.000000,5.370540
274.6702,2026-07-20T14:50:48.458359,0.000000,5.370640
275.1823,2026-07-20T14:50:48.970503,0.000000,5.370704
275.6721,2026-07-20T14:50:49.460285,0.000000,5.370948
276.1624,2026-07-20T14:50:49.950590,0.000000,5.371092
276.6640,2026-07-20T14:50:50.452240,0.000000,5.371292
277.1616,2026-07-20T14:50:50.949840,0.000000,5.371384
277.6454,2026-07-20T14:50:51.433600,0.000000,5.371660
278.1136,2026-07-20T14:50:51.901808,0.000000,5.371840
278.6125,2026-07-20T14:50:52.400700,0.000000,5.371964
279.1266,2026-07-20T14:50:52.914787,0.000000,5.372032
279.5976,2026-07-20T14:50:53.385827,0.000000,5.372076
280.1043,2026-07-20T14:50:53.892464,0.000000,5.372196
280.5960,2026-07-20T14:50:54.384201,0.000000,5.372168
281.0630,2026-07-20T14:50:54.851187,0.000000,5.372036
281.5452,2026-07-20T14:50:55.333395,0.000000,5.372032
282.0541,2026-07-20T14:50:55.842280,0.000000,5.371932
282.5481,2026-07-20T14:50:56.336302,0.000000,5.371896
283.0414,2026-07-20T14:50:56.829643,0.000000,5.371828
283.5501,2026-07-20T14:50:57.338267,0.000000,5.371776
284.0461,2026-07-20T14:50:57.834327,0.000000,5.371760
284.5352,2026-07-20T14:50:58.323435,0.000000,5.371904
285.0166,2026-07-20T14:50:58.804791,0.000000,5.372032
285.4855,2026-07-20T14:50:59.273742,0.000000,5.372120
285.9548,2026-07-20T14:50:59.743049,0.000000,5.372324
286.4557,2026-07-20T14:51:00.243879,0.000000,5.372616
286.9430,2026-07-20T14:51:00.731186,0.000000,5.372772
287.4420,2026-07-20T14:51:01.230162,0.000000,5.372832
287.9407,2026-07-20T14:51:01.728897,0.000000,5.372952
288.4494,2026-07-20T14:51:02.237627,0.000000,5.372988
288.9490,2026-07-20T14:51:02.737241,0.000000,5.373108
289.4568,2026-07-20T14:51:03.245016,0.000000,5.373056
289.9503,2026-07-20T14:51:03.738529,0.000000,5.372832
290.4494,2026-07-20T14:51:04.237582,0.000000,5.372760
290.9416,2026-07-20T14:51:04.729836,0.000000,5.372548
291.4162,2026-07-20T14:51:05.204412,0.000000,5.372180
291.8852,2026-07-20T14:51:05.673432,0.000000,5.372144
292.3404,2026-07-20T14:51:06.128599,0.000000,5.371948
292.8410,2026-07-20T14:51:06.629212,0.000000,5.371812
293.3717,2026-07-20T14:51:07.159855,0.000000,5.371628
293.8679,2026-07-20T14:51:07.656122,0.000000,5.371356
294.3472,2026-07-20T14:51:08.135364,0.000000,5.371192
294.8405,2026-07-20T14:51:08.628671,0.000000,5.371164
295.3253,2026-07-20T14:51:09.113523,0.000000,5.371092
295.8246,2026-07-20T14:51:09.612843,0.000000,5.371004
296.3149,2026-07-20T14:51:10.103113,0.000000,5.371068
296.8038,2026-07-20T14:51:10.592015,0.000000,5.371140
297.3329,2026-07-20T14:51:11.121102,0.000000,5.371360
297.8304,2026-07-20T14:51:11.618644,0.000000,5.371464
298.2964,2026-07-20T14:51:12.084641,0.000000,5.371604
298.7963,2026-07-20T14:51:12.584530,0.000000,5.371656
299.2937,2026-07-20T14:51:13.081896,0.000000,5.371764
299.7676,2026-07-20T14:51:13.555834,0.000000,5.371836
300.2262,2026-07-20T14:51:14.014435,0.000000,5.371904
300.6942,2026-07-20T14:51:14.482418,0.000000,5.372000
301.1953,2026-07-20T14:51:14.983481,0.000000,5.372000
301.6953,2026-07-20T14:51:15.483527,0.000000,5.372020
302.1595,2026-07-20T14:51:15.947724,0.000000,5.371912
302.6552,2026-07-20T14:51:16.443453,0.000000,5.371880
303.1244,2026-07-20T14:51:16.912596,0.000000,5.371896
303.6224,2026-07-20T14:51:17.410641,0.000000,5.371984
304.1226,2026-07-20T14:51:17.910835,0.000000,5.372048
304.5950,2026-07-20T14:51:18.383219,0.000000,5.372128
305.0880,2026-07-20T14:51:18.876251,0.000000,5.372224
305.5852,2026-07-20T14:51:19.373413,0.000000,5.372336
306.0671,2026-07-20T14:51:19.855328,0.000000,5.372520
306.5744,2026-07-20T14:51:20.362556,0.000000,5.372440
307.0760,2026-07-20T14:51:20.864175,0.000000,5.372508
307.5808,2026-07-20T14:51:21.369000,0.000000,5.372528
308.0707,2026-07-20T14:51:21.858877,0.000000,5.372572
308.5656,2026-07-20T14:51:22.353763,0.000000,5.372700
309.0368,2026-07-20T14:51:22.825038,0.000000,5.372772
309.5141,2026-07-20T14:51:23.302307,0.000000,5.372728
310.0127,2026-07-20T14:51:23.800926,0.000000,5.372644
310.4817,2026-07-20T14:51:24.269887,0.000000,5.372560
310.9747,2026-07-20T14:51:24.762936,0.000000,5.372456
311.4962,2026-07-20T14:51:25.284431,0.000000,5.372524
311.9965,2026-07-20T14:51:25.784700,0.000000,5.372512
312.4830,2026-07-20T14:51:26.271167,0.000000,5.372652
312.9628,2026-07-20T14:51:26.751031,0.000000,5.372612
313.4123,2026-07-20T14:51:27.200460,0.000000,5.372640
313.9039,2026-07-20T14:51:27.692084,0.000000,5.372612
314.3963,2026-07-20T14:51:28.184526,0.000000,5.372748
314.8792,2026-07-20T14:51:28.667469,0.000000,5.372908
315.3713,2026-07-20T14:51:29.159535,0.000000,5.372816
315.8365,2026-07-20T14:51:29.624736,0.000000,5.372924
316.3242,2026-07-20T14:51:30.112399,0.000000,5.372992
316.8240,2026-07-20T14:51:30.612169,0.000000,5.373088
317.3156,2026-07-20T14:51:31.103809,0.000000,5.373108
317.8251,2026-07-20T14:51:31.613299,0.000000,5.373064
318.3249,2026-07-20T14:51:32.113121,0.000000,5.373028
318.7876,2026-07-20T14:51:32.575816,0.000000,5.372992
319.2837,2026-07-20T14:51:33.071856,0.000000,5.372932
319.7871,2026-07-20T14:51:33.575296,0.000000,5.372896
320.2872,2026-07-20T14:51:34.075396,0.000000,5.372964
320.7932,2026-07-20T14:51:34.581433,0.000000,5.373012
321.3125,2026-07-20T14:51:35.100697,0.000000,5.373040
321.7940,2026-07-20T14:51:35.582242,0.000000,5.372984
322.2971,2026-07-20T14:51:36.085264,0.000000,5.372956
322.7921,2026-07-20T14:51:36.580285,0.000000,5.373056
323.2684,2026-07-20T14:51:37.056590,0.000000,5.373172
323.7723,2026-07-20T14:51:37.560486,0.000000,5.373296
324.2744,2026-07-20T14:51:38.062614,0.000000,5.373384
324.7739,2026-07-20T14:51:38.562070,0.000000,5.373532
325.3005,2026-07-20T14:51:39.088704,0.000000,5.373792
325.7989,2026-07-20T14:51:39.587149,0.000000,5.374044
326.2795,2026-07-20T14:51:40.067728,0.000000,5.374148
326.7775,2026-07-20T14:51:40.565733,0.000000,5.374272
327.2439,2026-07-20T14:51:41.032046,0.000000,5.374428
327.7164,2026-07-20T14:51:41.504580,0.000000,5.374424
328.2048,2026-07-20T14:51:41.993024,0.000000,5.374384
328.6806,2026-07-20T14:51:42.468777,0.000000,5.374360
329.1795,2026-07-20T14:51:42.967663,0.000000,5.374444
329.6533,2026-07-20T14:51:43.441482,0.000000,5.374488
330.1416,2026-07-20T14:51:43.929779,0.000000,5.374340
330.6551,2026-07-20T14:51:44.443330,0.000000,5.374256
331.1238,2026-07-20T14:51:44.912008,0.000000,5.374100
331.6491,2026-07-20T14:51:45.437353,0.000000,5.374076
332.1285,2026-07-20T14:51:45.916674,0.000000,5.374104
332.5978,2026-07-20T14:51:46.386007,0.000000,5.374160
333.0631,2026-07-20T14:51:46.851330,0.000000,5.374320
333.5404,2026-07-20T14:51:47.328651,0.000000,5.374212
334.0371,2026-07-20T14:51:47.825336,0.000000,5.374172
334.5296,2026-07-20T14:51:48.317851,0.000000,5.374084
335.0496,2026-07-20T14:51:48.837858,0.000000,5.374112
335.5102,2026-07-20T14:51:49.298408,0.000000,5.374196
336.0040,2026-07-20T14:51:49.792210,0.000000,5.374324
336.4949,2026-07-20T14:51:50.283146,0.000000,5.374448
337.0020,2026-07-20T14:51:50.790226,0.000000,5.374436
337.5062,2026-07-20T14:51:51.294440,0.000000,5.374376
337.9809,2026-07-20T14:51:51.769136,0.000000,5.374260
338.4771,2026-07-20T14:51:52.265287,0.000000,5.374280
338.9720,2026-07-20T14:51:52.760237,0.000000,5.374212
339.4704,2026-07-20T14:51:53.258552,0.000000,5.374276
339.9665,2026-07-20T14:51:53.754686,0.000000,5.374400
340.4398,2026-07-20T14:51:54.227971,0.000000,5.374500
340.8960,2026-07-20T14:51:54.684196,0.000000,5.374432
341.3968,2026-07-20T14:51:55.184986,0.000000,5.374452
341.8934,2026-07-20T14:51:55.681649,0.000000,5.374516
342.3648,2026-07-20T14:51:56.153019,0.000000,5.374456
342.8546,2026-07-20T14:51:56.642785,0.000000,5.374444
343.3107,2026-07-20T14:51:57.098916,0.000000,5.374476
343.7882,2026-07-20T14:51:57.576417,0.000000,5.374528
344.2818,2026-07-20T14:51:58.069974,0.000000,5.374624
344.7560,2026-07-20T14:51:58.544222,0.000000,5.374604
345.2379,2026-07-20T14:51:59.026056,0.000000,5.374684
345.7311,2026-07-20T14:51:59.519292,0.000000,5.374824
346.2470,2026-07-20T14:52:00.035159,0.000000,5.374972
346.7319,2026-07-20T14:52:00.520152,0.000000,5.375000
347.1982,2026-07-20T14:52:00.986371,0.000000,5.375232
347.6953,2026-07-20T14:52:01.483529,0.000000,5.375524
348.1589,2026-07-20T14:52:01.947085,0.000000,5.375888
348.6475,2026-07-20T14:52:02.435713,0.000000,5.376268
349.1259,2026-07-20T14:52:02.914117,0.000000,5.376428
349.6328,2026-07-20T14:52:03.421010,0.000000,5.376592
350.1304,2026-07-20T14:52:03.918614,0.000000,5.376816
350.6333,2026-07-20T14:52:04.421554,0.000000,5.376848
351.1535,2026-07-20T14:52:04.941722,0.000000,5.376920
351.6541,2026-07-20T14:52:05.442314,0.000000,5.377120
352.1485,2026-07-20T14:52:05.936679,0.000000,5.377400
352.6173,2026-07-20T14:52:06.405502,0.000000,5.377640
353.1044,2026-07-20T14:52:06.892640,0.000000,5.377732
353.5999,2026-07-20T14:52:07.388155,0.000000,5.378000
354.0916,2026-07-20T14:52:07.879751,0.000000,5.378268
354.5795,2026-07-20T14:52:08.367658,0.000000,5.378332
355.0466,2026-07-20T14:52:08.834809,0.000000,5.378208
355.5575,2026-07-20T14:52:09.345697,0.000000,5.378168
356.0896,2026-07-20T14:52:09.877824,0.000000,5.378184
356.5911,2026-07-20T14:52:10.379274,0.000000,5.378140
357.0616,2026-07-20T14:52:10.849782,0.000000,5.378080
357.5612,2026-07-20T14:52:11.349448,0.000000,5.377948
358.0593,2026-07-20T14:52:11.847493,0.000000,5.377912
358.5500,2026-07-20T14:52:12.338162,0.000000,5.377820
359.0501,2026-07-20T14:52:12.838480,0.000000,5.377816
359.5665,2026-07-20T14:52:13.354660,0.000000,5.377944
360.0712,2026-07-20T14:52:13.859374,0.000000,5.378256
360.5647,2026-07-20T14:52:14.352915,0.000000,5.378504
361.0710,2026-07-20T14:52:14.859209,0.000000,5.378548
361.5675,2026-07-20T14:52:15.355718,0.000000,5.378500
362.0695,2026-07-20T14:52:15.857694,0.000000,5.378500
362.5726,2026-07-20T14:52:16.360755,0.000000,5.378780
363.0682,2026-07-20T14:52:16.856425,0.000000,5.379004
363.5697,2026-07-20T14:52:17.357940,0.000000,5.379204
364.0780,2026-07-20T14:52:17.866251,0.000000,5.379284
364.5775,2026-07-20T14:52:18.365656,0.000000,5.379364
365.0836,2026-07-20T14:52:18.871771,0.000000,5.379320
365.5799,2026-07-20T14:52:19.368088,0.000000,5.379240
366.1021,2026-07-20T14:52:19.890299,0.000000,5.379300
366.5821,2026-07-20T14:52:20.370311,0.000000,5.379460
367.0745,2026-07-20T14:52:20.862713,0.000000,5.379468
367.5664,2026-07-20T14:52:21.354565,0.000000,5.379340
368.0526,2026-07-20T14:52:21.840760,0.000000,5.379264
368.5535,2026-07-20T14:52:22.341700,0.000000,5.379276
369.0391,2026-07-20T14:52:22.827267,0.000000,5.379440
369.5418,2026-07-20T14:52:23.330030,0.000000,5.379676
370.0628,2026-07-20T14:52:23.850969,0.000000,5.380072
370.5416,2026-07-20T14:52:24.329790,0.000000,5.380380
371.0420,2026-07-20T14:52:24.830214,0.000000,5.380956
371.5345,2026-07-20T14:52:25.322743,0.000000,5.381460
372.0340,2026-07-20T14:52:25.822219,0.000000,5.381888
372.5127,2026-07-20T14:52:26.300880,0.000000,5.382276
372.9959,2026-07-20T14:52:26.784092,0.000000,5.382724
373.4917,2026-07-20T14:52:27.279864,0.000000,5.383128
373.9852,2026-07-20T14:52:27.773415,0.000000,5.383372
374.4724,2026-07-20T14:52:28.260640,0.000000,5.383708
374.9827,2026-07-20T14:52:28.770902,0.000000,5.383740
375.4802,2026-07-20T14:52:29.268430,0.000000,5.383940
375.9463,2026-07-20T14:52:29.734479,0.000000,5.384092
376.4505,2026-07-20T14:52:30.238675,0.000000,5.384156
376.9376,2026-07-20T14:52:30.725805,0.000000,5.384280
377.4303,2026-07-20T14:52:31.218470,0.000000,5.384560
377.9132,2026-07-20T14:52:31.701419,0.000000,5.384848
378.3747,2026-07-20T14:52:32.162874,0.000000,5.384860
378.8585,2026-07-20T14:52:32.646718,0.000000,5.384764
379.3622,2026-07-20T14:52:33.150432,0.000000,5.384732
379.8677,2026-07-20T14:52:33.655911,0.000000,5.384820
380.3678,2026-07-20T14:52:34.156033,0.000000,5.385076
380.8695,2026-07-20T14:52:34.657699,0.000000,5.385284
381.3395,2026-07-20T14:52:35.127733,0.000000,5.385432
381.8426,2026-07-20T14:52:35.630765,0.000000,5.385652
382.3424,2026-07-20T14:52:36.130578,0.000000,5.385676
382.8257,2026-07-20T14:52:36.613945,0.000000,5.385592
383.3229,2026-07-20T14:52:37.111076,0.000000,5.385680
383.8367,2026-07-20T14:52:37.624881,0.000000,5.385916
384.3319,2026-07-20T14:52:38.120059,0.000000,5.386112
384.8375,2026-07-20T14:52:38.625708,0.000000,5.386300
385.3219,2026-07-20T14:52:39.110140,0.000000,5.386332
385.8225,2026-07-20T14:52:39.610654,0.000000,5.386392
386.3144,2026-07-20T14:52:40.102553,0.000000,5.386456
386.7814,2026-07-20T14:52:40.569638,0.000000,5.386392
387.2585,2026-07-20T14:52:41.046725,0.000000,5.386404
387.7497,2026-07-20T14:52:41.537920,0.000000,5.386428
388.2456,2026-07-20T14:52:42.033833,0.000000,5.386384
388.7696,2026-07-20T14:52:42.557786,0.000000,5.386284
389.2710,2026-07-20T14:52:43.059228,0.000000,5.386388
389.7696,2026-07-20T14:52:43.557765,0.000000,5.386416
390.2540,2026-07-20T14:52:44.042166,0.000000,5.386452
390.7535,2026-07-20T14:52:44.541716,0.000000,5.386500
391.2485,2026-07-20T14:52:45.036685,0.000000,5.386620
391.7519,2026-07-20T14:52:45.540106,0.000000,5.386716
392.2801,2026-07-20T14:52:46.068294,0.000000,5.386784
392.7729,2026-07-20T14:52:46.561056,0.000000,5.386928
393.2709,2026-07-20T14:52:47.059121,0.000000,5.386964
393.7722,2026-07-20T14:52:47.560440,0.000000,5.387128
394.2423,2026-07-20T14:52:48.030458,0.000000,5.387196
394.7400,2026-07-20T14:52:48.528194,0.000000,5.387248
395.2315,2026-07-20T14:52:49.019734,0.000000,5.387352
395.7228,2026-07-20T14:52:49.510993,0.000000,5.387312
396.2299,2026-07-20T14:52:50.018133,0.000000,5.387272
396.7355,2026-07-20T14:52:50.523652,0.000000,5.387388
397.2333,2026-07-20T14:52:51.021471,0.000000,5.387592
397.7234,2026-07-20T14:52:51.511610,0.000000,5.387744
398.2185,2026-07-20T14:52:52.006680,0.000000,5.387968
398.7125,2026-07-20T14:52:52.500662,0.000000,5.388100
399.1828,2026-07-20T14:52:52.971032,0.000000,5.388124
399.6449,2026-07-20T14:52:53.433086,0.000000,5.388184
400.1266,2026-07-20T14:52:53.914833,0.000000,5.388180
400.6234,2026-07-20T14:52:54.411642,0.000000,5.388192
401.1258,2026-07-20T14:52:54.913987,0.000000,5.388184
401.6165,2026-07-20T14:52:55.404728,0.000000,5.388220
402.1236,2026-07-20T14:52:55.911825,0.000000,5.388044
402.6196,2026-07-20T14:52:56.407783,0.000000,5.387972
403.1247,2026-07-20T14:52:56.912936,0.000000,5.387736
403.6212,2026-07-20T14:52:57.409395,0.000000,5.387600
404.1241,2026-07-20T14:52:57.912314,0.000000,5.387604
404.6476,2026-07-20T14:52:58.435830,0.000000,5.387456
405.1239,2026-07-20T14:52:58.912109,0.000000,5.387500
405.6224,2026-07-20T14:52:59.410599,0.000000,5.387596
406.0962,2026-07-20T14:52:59.884359,0.000000,5.387684
406.5703,2026-07-20T14:53:00.358501,0.000000,5.387668
407.0580,2026-07-20T14:53:00.846160,0.000000,5.387712
407.5541,2026-07-20T14:53:01.342278,0.000000,5.387732
408.0351,2026-07-20T14:53:01.823270,0.000000,5.387888
408.5327,2026-07-20T14:53:02.320902,0.000000,5.387972
409.0410,2026-07-20T14:53:02.829202,0.000000,5.388096
409.5382,2026-07-20T14:53:03.326392,0.000000,5.388248
410.0199,2026-07-20T14:53:03.808083,0.000000,5.388220
410.4995,2026-07-20T14:53:04.287658,0.000000,5.388172
410.9866,2026-07-20T14:53:04.774790,0.000000,5.388160
411.4862,2026-07-20T14:53:05.274404,0.000000,5.388228
411.9362,2026-07-20T14:53:05.724396,0.000000,5.388256
412.4349,2026-07-20T14:53:06.223090,0.000000,5.388436
412.9183,2026-07-20T14:53:06.706542,0.000000,5.388560
413.4053,2026-07-20T14:53:07.193498,0.000000,5.388628
413.8631,2026-07-20T14:53:07.651289,0.000000,5.388584
414.3281,2026-07-20T14:53:08.116276,0.000000,5.388624
414.8098,2026-07-20T14:53:08.597998,0.000000,5.388640
415.3033,2026-07-20T14:53:09.091478,0.000000,5.388712
415.8107,2026-07-20T14:53:09.598963,0.000000,5.388780
416.3112,2026-07-20T14:53:10.099440,0.000000,5.388712
416.8108,2026-07-20T14:53:10.599050,0.000000,5.388704
417.3019,2026-07-20T14:53:11.090128,0.000000,5.388656
417.7580,2026-07-20T14:53:11.546249,0.000000,5.388700
418.2101,2026-07-20T14:53:11.998267,0.000000,5.388648
418.6961,2026-07-20T14:53:12.484316,0.000000,5.388704
419.1680,2026-07-20T14:53:12.956171,0.000000,5.388808
419.6684,2026-07-20T14:53:13.456596,0.000000,5.388672
420.1726,2026-07-20T14:53:13.960783,0.000000,5.388664
420.6860,2026-07-20T14:53:14.474180,0.000000,5.388600
421.1996,2026-07-20T14:53:14.987850,0.000000,5.388620
421.6778,2026-07-20T14:53:15.466026,0.000000,5.388764
422.1417,2026-07-20T14:53:15.929897,0.000000,5.388744
422.6230,2026-07-20T14:53:16.411183,0.000000,5.388752
423.0724,2026-07-20T14:53:16.860552,0.000000,5.388848
423.5736,2026-07-20T14:53:17.361809,0.000000,5.388884
424.0671,2026-07-20T14:53:17.855352,0.000000,5.388860
424.5374,2026-07-20T14:53:18.325562,0.000000,5.388996
425.0375,2026-07-20T14:53:18.825653,0.000000,5.388996
425.5256,2026-07-20T14:53:19.313813,0.000000,5.389232
426.0123,2026-07-20T14:53:19.800485,0.000000,5.389304
426.4965,2026-07-20T14:53:20.284723,0.000000,5.389252
427.0140,2026-07-20T14:53:20.802198,0.000000,5.389232
427.5174,2026-07-20T14:53:21.305596,0.000000,5.389252
428.0135,2026-07-20T14:53:21.801740,0.000000,5.389272
428.4965,2026-07-20T14:53:22.284681,0.000000,5.389352
428.9813,2026-07-20T14:53:22.769481,0.000000,5.389448
429.4672,2026-07-20T14:53:23.255376,0.000000,5.389524
429.9690,2026-07-20T14:53:23.757173,0.000000,5.389680
430.4595,2026-07-20T14:53:24.247671,0.000000,5.389688
431.0235,2026-07-20T14:53:24.811721,0.000000,5.389896
431.5170,2026-07-20T14:53:25.305172,0.000000,5.390216
432.0163,2026-07-20T14:53:25.804461,0.000000,5.390296
432.4974,2026-07-20T14:53:26.285636,0.000000,5.390148
432.9974,2026-07-20T14:53:26.785585,0.000000,5.390084
433.4804,2026-07-20T14:53:27.268609,0.000000,5.390028
433.9924,2026-07-20T14:53:27.780633,0.000000,5.390060
434.4982,2026-07-20T14:53:28.286426,0.000000,5.390000
434.9949,2026-07-20T14:53:28.783087,0.000000,5.389956
435.4561,2026-07-20T14:53:29.244286,0.000000,5.389984
435.9598,2026-07-20T14:53:29.748010,0.000000,5.389880
436.4356,2026-07-20T14:53:30.223844,0.000000,5.389844
436.9174,2026-07-20T14:53:30.705621,0.000000,5.389888
437.4144,2026-07-20T14:53:31.202647,0.000000,5.390108
437.9156,2026-07-20T14:53:31.703807,0.000000,5.390148
438.4062,2026-07-20T14:53:32.194440,0.000000,5.390148
438.9115,2026-07-20T14:53:32.699684,0.000000,5.390168
439.3973,2026-07-20T14:53:33.185511,0.000000,5.390128
439.8982,2026-07-20T14:53:33.686406,0.000000,5.390112
440.3966,2026-07-20T14:53:34.184807,0.000000,5.390152
440.8824,2026-07-20T14:53:34.670553,0.000000,5.390348
441.3636,2026-07-20T14:53:35.151762,0.000000,5.390528
441.8595,2026-07-20T14:53:35.647716,0.000000,5.390572
442.3471,2026-07-20T14:53:36.135334,0.000000,5.390612
442.8428,2026-07-20T14:53:36.631029,0.000000,5.390684
443.3402,2026-07-20T14:53:37.128423,0.000000,5.390744
443.8114,2026-07-20T14:53:37.599560,0.000000,5.390912
444.3133,2026-07-20T14:53:38.101491,0.000000,5.391072
444.8054,2026-07-20T14:53:38.593614,0.000000,5.391380
445.2548,2026-07-20T14:53:39.042990,0.000000,5.391476
445.7198,2026-07-20T14:53:39.507991,0.000000,5.391540
446.2092,2026-07-20T14:53:39.997413,0.000000,5.391372
446.6980,2026-07-20T14:53:40.486206,0.000000,5.391328
447.1668,2026-07-20T14:53:40.955009,0.000000,5.391428
447.6670,2026-07-20T14:53:41.455162,0.000000,5.391388
448.1870,2026-07-20T14:53:41.975242,0.000000,5.391608
448.6538,2026-07-20T14:53:42.441955,0.000000,5.391608
449.1482,2026-07-20T14:53:42.936383,0.000000,5.391616
449.6174,2026-07-20T14:53:43.405580,0.000000,5.391600
450.1083,2026-07-20T14:53:43.896537,0.000000,5.391588
450.6050,2026-07-20T14:53:44.393208,0.000000,5.391708
451.1053,2026-07-20T14:53:44.893472,0.000000,5.391868
451.5863,2026-07-20T14:53:45.374527,0.000000,5.391952
452.0688,2026-07-20T14:53:45.856986,0.000000,5.392012
452.5453,2026-07-20T14:53:46.333477,0.000000,5.392200
453.0206,2026-07-20T14:53:46.808780,0.000000,5.392164
453.4956,2026-07-20T14:53:47.283849,0.000000,5.392216
453.9857,2026-07-20T14:53:47.773901,0.000000,5.392412
454.5033,2026-07-20T14:53:48.291542,0.000000,5.392528
454.9722,2026-07-20T14:53:48.760363,0.000000,5.392860
455.4706,2026-07-20T14:53:49.258783,0.000000,5.393036
455.9325,2026-07-20T14:53:49.720740,0.000000,5.393188
456.4137,2026-07-20T14:53:50.201876,0.000000,5.393340
456.8932,2026-07-20T14:53:50.681378,0.000000,5.393560
457.3601,2026-07-20T14:53:51.148333,0.000000,5.393780
457.8457,2026-07-20T14:53:51.633921,0.000000,5.393972
458.3307,2026-07-20T14:53:52.118912,0.000000,5.394224
458.8144,2026-07-20T14:53:52.602634,0.000000,5.394392
459.2866,2026-07-20T14:53:53.074799,0.000000,5.394456
459.7836,2026-07-20T14:53:53.571775,0.000000,5.394552
460.2784,2026-07-20T14:53:54.066611,0.000000,5.394608
460.7837,2026-07-20T14:53:54.571862,0.000000,5.394788
461.2514,2026-07-20T14:53:55.039562,0.000000,5.395104
461.7577,2026-07-20T14:53:55.545925,0.000000,5.395336
462.2613,2026-07-20T14:53:56.049478,0.000000,5.395388
462.7268,2026-07-20T14:53:56.514985,0.000000,5.395472
463.2326,2026-07-20T14:53:57.020811,0.000000,5.395428
463.7254,2026-07-20T14:53:57.513562,0.000000,5.395348
464.2055,2026-07-20T14:53:57.993706,0.000000,5.395336
464.7035,2026-07-20T14:53:58.491682,0.000000,5.395144
465.2252,2026-07-20T14:53:59.013433,0.000000,5.394968
465.7098,2026-07-20T14:53:59.497969,0.000000,5.394840
466.2087,2026-07-20T14:53:59.996864,0.000000,5.394540
466.7086,2026-07-20T14:54:00.496833,0.000000,5.394288
467.2068,2026-07-20T14:54:00.994990,0.000000,5.394276
467.7050,2026-07-20T14:54:01.493210,0.000000,5.394396
468.1697,2026-07-20T14:54:01.957861,0.000000,5.394460
468.6640,2026-07-20T14:54:02.452200,0.000000,5.394548
469.1600,2026-07-20T14:54:02.948246,0.000000,5.394596
469.6615,2026-07-20T14:54:03.449707,0.000000,5.394816
470.1663,2026-07-20T14:54:03.954520,0.000000,5.394980
470.6655,2026-07-20T14:54:04.453742,0.000000,5.394952
471.1250,2026-07-20T14:54:04.913195,0.000000,5.395020
471.6225,2026-07-20T14:54:05.410659,0.000000,5.395096
472.1093,2026-07-20T14:54:05.897499,0.000000,5.395148
472.5606,2026-07-20T14:54:06.348824,0.000000,5.395140
473.0556,2026-07-20T14:54:06.843754,0.000000,5.394984
473.5204,2026-07-20T14:54:07.308567,0.000000,5.394892
473.9923,2026-07-20T14:54:07.780518,0.000000,5.394852
474.4968,2026-07-20T14:54:08.285053,0.000000,5.394848
475.0044,2026-07-20T14:54:08.792632,0.000000,5.394868
475.5138,2026-07-20T14:54:09.301971,0.000000,5.394920
475.9696,2026-07-20T14:54:09.757775,0.000000,5.394952
476.4657,2026-07-20T14:54:10.253856,0.000000,5.395028
476.9424,2026-07-20T14:54:10.730638,0.000000,5.395032
477.4206,2026-07-20T14:54:11.208849,0.000000,5.394992
477.9157,2026-07-20T14:54:11.703862,0.000000,5.395120
478.4094,2026-07-20T14:54:12.197563,0.000000,5.395316
478.9034,2026-07-20T14:54:12.691574,0.000000,5.395376
479.3842,2026-07-20T14:54:13.172518,0.000000,5.395320
479.8610,2026-07-20T14:54:13.649199,0.000000,5.395260
480.3452,2026-07-20T14:54:14.133365,0.000000,5.395272
480.8632,2026-07-20T14:54:14.651366,0.000000,5.395144
481.3470,2026-07-20T14:54:15.135211,0.000000,5.395064
481.8452,2026-07-20T14:54:15.633434,0.000000,5.394928
482.3398,2026-07-20T14:54:16.128053,0.000000,5.394852
482.8153,2026-07-20T14:54:16.603484,0.000000,5.394640
483.3172,2026-07-20T14:54:17.105451,0.000000,5.394656
483.8115,2026-07-20T14:54:17.599691,0.000000,5.394636
484.3046,2026-07-20T14:54:18.092844,0.000000,5.394628
484.8213,2026-07-20T14:54:18.609472,0.000000,5.394816
485.3215,2026-07-20T14:54:19.109744,0.000000,5.394960
485.8251,2026-07-20T14:54:19.613252,0.000000,5.395228
486.3175,2026-07-20T14:54:20.105703,0.000000,5.395520
486.8010,2026-07-20T14:54:20.589172,0.000000,5.395796
487.2963,2026-07-20T14:54:21.084509,0.000000,5.396084
487.8007,2026-07-20T14:54:21.588891,0.000000,5.396480
488.3169,2026-07-20T14:54:22.105111,0.000000,5.396896
488.8090,2026-07-20T14:54:22.597200,0.000000,5.397140
489.2975,2026-07-20T14:54:23.085724,0.000000,5.397408
489.7921,2026-07-20T14:54:23.580278,0.000000,5.397452
490.2922,2026-07-20T14:54:24.080359,0.000000,5.397508
490.7878,2026-07-20T14:54:24.576022,0.000000,5.397560
491.2707,2026-07-20T14:54:25.058883,0.000000,5.397636
491.7711,2026-07-20T14:54:25.559344,0.000000,5.397648
492.2966,2026-07-20T14:54:26.084845,0.000000,5.397640
492.7665,2026-07-20T14:54:26.554659,0.000000,5.397568
493.2757,2026-07-20T14:54:27.063902,0.000000,5.397504
493.7587,2026-07-20T14:54:27.546951,0.000000,5.397524
494.2353,2026-07-20T14:54:28.023479,0.000000,5.397824
494.7161,2026-07-20T14:54:28.504281,0.000000,5.397956
495.2168,2026-07-20T14:54:29.005023,0.000000,5.398048
495.6818,2026-07-20T14:54:29.470011,0.000000,5.398116
496.1809,2026-07-20T14:54:29.969140,0.000000,5.398016
496.6554,2026-07-20T14:54:30.443648,0.000000,5.398056
497.1519,2026-07-20T14:54:30.940064,0.000000,5.398112
497.6795,2026-07-20T14:54:31.467737,0.000000,5.398160
498.1583,2026-07-20T14:54:31.946496,0.000000,5.398220
498.6322,2026-07-20T14:54:32.420374,0.000000,5.398364
499.1213,2026-07-20T14:54:32.909498,0.000000,5.398380
499.6024,2026-07-20T14:54:33.390595,0.000000,5.398468
500.1079,2026-07-20T14:54:33.896103,0.000000,5.398632
500.6079,2026-07-20T14:54:34.396063,0.000000,5.398976
501.1045,2026-07-20T14:54:34.892699,0.000000,5.399384
501.6298,2026-07-20T14:54:35.418030,0.000000,5.399808
502.1211,2026-07-20T14:54:35.909297,0.000000,5.400024
502.6069,2026-07-20T14:54:36.395091,0.000000,5.400112
503.1049,2026-07-20T14:54:36.893139,0.000000,5.400000
503.5860,2026-07-20T14:54:37.374159,0.000000,5.400080
504.0818,2026-07-20T14:54:37.870049,0.000000,5.400132
504.5795,2026-07-20T14:54:38.367654,0.000000,5.400040
505.0435,2026-07-20T14:54:38.831747,0.000000,5.400168
505.5370,2026-07-20T14:54:39.325198,0.000000,5.400224
506.0300,2026-07-20T14:54:39.818163,0.000000,5.400024
506.5379,2026-07-20T14:54:40.326092,0.000000,5.399960
507.0321,2026-07-20T14:54:40.820321,0.000000,5.400064
507.5296,2026-07-20T14:54:41.317760,0.000000,5.400312
508.0062,2026-07-20T14:54:41.794398,0.000000,5.400728
508.5027,2026-07-20T14:54:42.290927,0.000000,5.400908
509.0027,2026-07-20T14:54:42.790866,0.000000,5.401016
509.4880,2026-07-20T14:54:43.276173,0.000000,5.401312
509.9796,2026-07-20T14:54:43.767747,0.000000,5.401456
510.5030,2026-07-20T14:54:44.291213,0.000000,5.401540
510.9879,2026-07-20T14:54:44.776135,0.000000,5.401904
511.4882,2026-07-20T14:54:45.276419,0.000000,5.402244
511.9657,2026-07-20T14:54:45.753939,0.000000,5.402368
512.4438,2026-07-20T14:54:46.231984,0.000000,5.402512
512.9064,2026-07-20T14:54:46.694642,0.000000,5.402628
513.4068,2026-07-20T14:54:47.195034,0.000000,5.402792
513.9085,2026-07-20T14:54:47.696736,0.000000,5.402948
514.4088,2026-07-20T14:54:48.197031,0.000000,5.402940
514.9121,2026-07-20T14:54:48.700317,0.000000,5.402988
515.4203,2026-07-20T14:54:49.208540,0.000000,5.402900
515.9156,2026-07-20T14:54:49.703823,0.000000,5.402896
516.3881,2026-07-20T14:54:50.176301,0.000000,5.402760
516.8878,2026-07-20T14:54:50.676007,0.000000,5.402816
517.3795,2026-07-20T14:54:51.167656,0.000000,5.402868
517.8665,2026-07-20T14:54:51.654747,0.000000,5.402884
518.3731,2026-07-20T14:54:52.161308,0.000000,5.402912
518.8670,2026-07-20T14:54:52.655247,0.000000,5.402828
519.3891,2026-07-20T14:54:53.177262,0.000000,5.403120
519.8691,2026-07-20T14:54:53.657337,0.000000,5.403156
520.3471,2026-07-20T14:54:54.135333,0.000000,5.403332
520.8458,2026-07-20T14:54:54.633965,0.000000,5.403352
521.3321,2026-07-20T14:54:55.120337,0.000000,5.403512
521.8103,2026-07-20T14:54:55.598544,0.000000,5.403556
522.3069,2026-07-20T14:54:56.095138,0.000000,5.403584
522.7958,2026-07-20T14:54:56.584053,0.000000,5.403616
523.2694,2026-07-20T14:54:57.057651,0.000000,5.403588
523.7651,2026-07-20T14:54:57.553344,0.000000,5.403984
524.2236,2026-07-20T14:54:58.011782,0.000000,5.404028
524.7168,2026-07-20T14:54:58.504955,0.000000,5.404048
525.2240,2026-07-20T14:54:59.012188,0.000000,5.404044
525.7130,2026-07-20T14:54:59.501161,0.000000,5.404340
526.2162,2026-07-20T14:55:00.004373,0.000000,5.404356
526.6823,2026-07-20T14:55:00.470526,0.000000,5.404240
527.1500,2026-07-20T14:55:00.938159,0.000000,5.404140
527.6339,2026-07-20T14:55:01.422150,0.000000,5.404136
528.1109,2026-07-20T14:55:01.899083,0.000000,5.404120
528.5946,2026-07-20T14:55:02.382766,0.000000,5.403976
529.0941,2026-07-20T14:55:02.882260,0.000000,5.404048
529.5791,2026-07-20T14:55:03.367345,0.000000,5.404176
530.0806,2026-07-20T14:55:03.868795,0.000000,5.404324
530.5945,2026-07-20T14:55:04.382716,0.000000,5.404284
531.0913,2026-07-20T14:55:04.879458,0.000000,5.404332
531.5694,2026-07-20T14:55:05.357601,0.000000,5.404404
532.0500,2026-07-20T14:55:05.838234,0.000000,5.404700
532.5496,2026-07-20T14:55:06.337775,0.000000,5.404812
533.0566,2026-07-20T14:55:06.844760,0.000000,5.404864
533.5234,2026-07-20T14:55:07.311639,0.000000,5.405100
534.0220,2026-07-20T14:55:07.810244,0.000000,5.405136
534.5067,2026-07-20T14:55:08.294949,0.000000,5.405320
535.0110,2026-07-20T14:55:08.799179,0.000000,5.405504
535.5096,2026-07-20T14:55:09.297839,0.000000,5.405620
535.9797,2026-07-20T14:55:09.767910,0.000000,5.405728
536.4754,2026-07-20T14:55:10.263641,0.000000,5.405760
536.9653,2026-07-20T14:55:10.753518,0.000000,5.405816
537.4224,2026-07-20T14:55:11.210583,0.000000,5.406052
537.8967,2026-07-20T14:55:11.684926,0.000000,5.406292
538.3819,2026-07-20T14:55:12.170142,0.000000,5.406360
538.8650,2026-07-20T14:55:12.653246,0.000000,5.406372
539.3669,2026-07-20T14:55:13.155108,0.000000,5.406344
539.8264,2026-07-20T14:55:13.614584,0.000000,5.406348
540.3336,2026-07-20T14:55:14.121791,0.000000,5.406220
540.8421,2026-07-20T14:55:14.630428,0.000000,5.406164
541.3138,2026-07-20T14:55:15.102032,0.000000,5.406128
541.8047,2026-07-20T14:55:15.592881,0.000000,5.405956
542.3020,2026-07-20T14:55:16.090199,0.000000,5.405736
542.7909,2026-07-20T14:55:16.579068,0.000000,5.405560
543.2931,2026-07-20T14:55:17.081271,0.000000,5.405488
543.7561,2026-07-20T14:55:17.544320,0.000000,5.405516
544.2580,2026-07-20T14:55:18.046179,0.000000,5.405476
544.7534,2026-07-20T14:55:18.541589,0.000000,5.405432
545.2221,2026-07-20T14:55:19.010275,0.000000,5.405456
545.7210,2026-07-20T14:55:19.509221,0.000000,5.405596
546.2360,2026-07-20T14:55:20.024194,0.000000,5.405672
546.7125,2026-07-20T14:55:20.500746,0.000000,5.406068
547.1849,2026-07-20T14:55:20.973080,0.000000,5.406328
547.6490,2026-07-20T14:55:21.437217,0.000000,5.406392
548.1376,2026-07-20T14:55:21.925792,0.000000,5.406400
548.6326,2026-07-20T14:55:22.420763,0.000000,5.406436
549.1143,2026-07-20T14:55:22.902487,0.000000,5.406456
549.6000,2026-07-20T14:55:23.388224,0.000000,5.406396
550.0526,2026-07-20T14:55:23.840827,0.000000,5.406420
550.5526,2026-07-20T14:55:24.340786,0.000000,5.406300
551.0261,2026-07-20T14:55:24.814253,0.000000,5.406168
551.5208,2026-07-20T14:55:25.309028,0.000000,5.405952
552.0002,2026-07-20T14:55:25.788391,0.000000,5.405824
552.5007,2026-07-20T14:55:26.288886,0.000000,5.405828
553.0330,2026-07-20T14:55:26.821191,0.000000,5.406036
553.5279,2026-07-20T14:55:27.316075,0.000000,5.406096
554.0240,2026-07-20T14:55:27.812196,0.000000,5.406120
554.5230,2026-07-20T14:55:28.311205,0.000000,5.406132
555.0254,2026-07-20T14:55:28.813578,0.000000,5.406264
555.5294,2026-07-20T14:55:29.317643,0.000000,5.406452
556.0401,2026-07-20T14:55:29.828285,0.000000,5.406504
556.5447,2026-07-20T14:55:30.332924,0.000000,5.406592
557.0335,2026-07-20T14:55:30.821712,0.000000,5.406728
557.5044,2026-07-20T14:55:31.292580,0.000000,5.406780
558.0002,2026-07-20T14:55:31.788416,0.000000,5.406776
558.4663,2026-07-20T14:55:32.254511,0.000000,5.406736
558.9313,2026-07-20T14:55:32.719527,0.000000,5.406776
559.4207,2026-07-20T14:55:33.208914,0.000000,5.406944
559.9052,2026-07-20T14:55:33.693455,0.000000,5.407012
560.3692,2026-07-20T14:55:34.157355,0.000000,5.407156
560.8523,2026-07-20T14:55:34.640463,0.000000,5.407280
561.3368,2026-07-20T14:55:35.125025,0.000000,5.407468
561.8360,2026-07-20T14:55:35.624226,0.000000,5.407664
562.3373,2026-07-20T14:55:36.125479,0.000000,5.407732
562.8423,2026-07-20T14:55:36.630456,0.000000,5.407700
563.3378,2026-07-20T14:55:37.125958,0.000000,5.407648
563.8159,2026-07-20T14:55:37.604055,0.000000,5.407852
564.3122,2026-07-20T14:55:38.100398,0.000000,5.407828
564.8069,2026-07-20T14:55:38.595079,0.000000,5.407860
565.2897,2026-07-20T14:55:39.077891,0.000000,5.407728
565.7942,2026-07-20T14:55:39.582359,0.000000,5.407804
566.2671,2026-07-20T14:55:40.055301,0.000000,5.407796
566.7480,2026-07-20T14:55:40.536250,0.000000,5.407696
567.2232,2026-07-20T14:55:41.011440,0.000000,5.407556
567.6856,2026-07-20T14:55:41.473792,0.000000,5.407620
568.1788,2026-07-20T14:55:41.966994,0.000000,5.407704
568.6499,2026-07-20T14:55:42.438135,0.000000,5.407620
569.1525,2026-07-20T14:55:42.940695,0.000000,5.407448
569.6377,2026-07-20T14:55:43.425925,0.000000,5.407440
570.1199,2026-07-20T14:55:43.908064,0.000000,5.407384
570.6156,2026-07-20T14:55:44.403771,0.000000,5.407200
571.0857,2026-07-20T14:55:44.873911,0.000000,5.406920
571.5836,2026-07-20T14:55:45.371807,0.000000,5.406772
572.0885,2026-07-20T14:55:45.876664,0.000000,5.406692
572.5937,2026-07-20T14:55:46.381943,0.000000,5.406632
573.0907,2026-07-20T14:55:46.878867,0.000000,5.406408
573.5901,2026-07-20T14:55:47.378317,0.000000,5.406372
574.0727,2026-07-20T14:55:47.860889,0.000000,5.406528
574.5411,2026-07-20T14:55:48.329253,0.000000,5.406552
575.0409,2026-07-20T14:55:48.829087,0.000000,5.406604
575.5146,2026-07-20T14:55:49.302757,0.000000,5.406640
576.0204,2026-07-20T14:55:49.808629,0.000000,5.406828
576.5374,2026-07-20T14:55:50.325553,0.000000,5.407020
577.0188,2026-07-20T14:55:50.806978,0.000000,5.406976
577.5166,2026-07-20T14:55:51.304852,0.000000,5.406916
577.9725,2026-07-20T14:55:51.760742,0.000000,5.406880
578.4665,2026-07-20T14:55:52.254716,0.000000,5.406848
578.9628,2026-07-20T14:55:52.750958,0.000000,5.406724
579.4311,2026-07-20T14:55:53.219260,0.000000,5.406628
579.9416,2026-07-20T14:55:53.729843,0.000000,5.406536
580.4417,2026-07-20T14:55:54.229903,0.000000,5.406456
580.9663,2026-07-20T14:55:54.754525,0.000000,5.406328
581.4565,2026-07-20T14:55:55.244666,0.000000,5.406220
581.9614,2026-07-20T14:55:55.749589,0.000000,5.406328
582.4244,2026-07-20T14:55:56.212568,0.000000,5.406400
582.9229,2026-07-20T14:55:56.711101,0.000000,5.406484
583.4257,2026-07-20T14:55:57.213950,0.000000,5.406484
583.9178,2026-07-20T14:55:57.705953,0.000000,5.406496
584.4159,2026-07-20T14:55:58.204101,0.000000,5.406504
584.9398,2026-07-20T14:55:58.727989,0.000000,5.406580
585.4091,2026-07-20T14:55:59.197327,0.000000,5.406700
585.9088,2026-07-20T14:55:59.696953,0.000000,5.406728
586.4107,2026-07-20T14:56:00.198941,0.000000,5.406508
586.9092,2026-07-20T14:56:00.697368,0.000000,5.406304
587.3813,2026-07-20T14:56:01.169464,0.000000,5.406292
587.8282,2026-07-20T14:56:01.616430,0.000000,5.406156
588.3043,2026-07-20T14:56:02.092517,0.000000,5.406092
588.8064,2026-07-20T14:56:02.594621,0.000000,5.406056
589.3011,2026-07-20T14:56:03.089274,0.000000,5.406132
589.8285,2026-07-20T14:56:03.616739,0.000000,5.406064
590.3124,2026-07-20T14:56:04.100612,0.000000,5.406008
590.8089,2026-07-20T14:56:04.597101,0.000000,5.406040
591.2729,2026-07-20T14:56:05.061092,0.000000,5.406380
591.7398,2026-07-20T14:56:05.528007,0.000000,5.406452
592.2300,2026-07-20T14:56:06.018198,0.000000,5.406532
592.7241,2026-07-20T14:56:06.512329,0.000000,5.406796
593.2079,2026-07-20T14:56:06.996045,0.000000,5.406976
593.6862,2026-07-20T14:56:07.474453,0.000000,5.407140
594.1579,2026-07-20T14:56:07.946069,0.000000,5.407232
594.6586,2026-07-20T14:56:08.446836,0.000000,5.407372
595.1821,2026-07-20T14:56:08.970352,0.000000,5.407292
595.6587,2026-07-20T14:56:09.446947,0.000000,5.407200
596.1541,2026-07-20T14:56:09.942266,0.000000,5.407016
596.6168,2026-07-20T14:56:10.405050,0.000000,5.406780
597.1153,2026-07-20T14:56:10.903516,0.000000,5.406708
597.6121,2026-07-20T14:56:11.400326,0.000000,5.406524
598.1106,2026-07-20T14:56:11.898830,0.000000,5.406352
598.6175,2026-07-20T14:56:12.405664,0.000000,5.406212
599.0885,2026-07-20T14:56:12.876679,0.000000,5.406028
599.5636,2026-07-20T14:56:13.351788,0.000000,5.405864
600.0534,2026-07-20T14:56:13.841576,0.000000,5.405716
600.5659,2026-07-20T14:56:14.354076,0.000000,5.405764
601.0260,2026-07-20T14:56:14.814221,0.000000,5.405728
601.5339,2026-07-20T14:56:15.322083,0.000000,5.405820
601.9999,2026-07-20T14:56:15.788113,0.000000,5.406016
602.4821,2026-07-20T14:56:16.270294,0.000000,5.405752
602.9800,2026-07-20T14:56:16.768206,0.000000,5.405488
603.4403,2026-07-20T14:56:17.228498,0.000000,5.405484
603.9330,2026-07-20T14:56:17.721161,0.000000,5.405380
604.4096,2026-07-20T14:56:18.197837,0.000000,5.405440
604.9000,2026-07-20T14:56:18.688214,0.000000,5.405484
605.4000,2026-07-20T14:56:19.188171,0.000000,5.405424
605.8569,2026-07-20T14:56:19.645080,0.000000,5.405416
606.3197,2026-07-20T14:56:20.107948,0.000000,5.405500
606.8096,2026-07-20T14:56:20.597839,0.000000,5.405536
607.2874,2026-07-20T14:56:21.075617,0.000000,5.405608
607.8121,2026-07-20T14:56:21.600306,0.000000,5.405856
608.2995,2026-07-20T14:56:22.087734,0.000000,5.405872
608.7879,2026-07-20T14:56:22.576096,0.000000,5.406024
609.2856,2026-07-20T14:56:23.073754,0.000000,5.405944
609.7855,2026-07-20T14:56:23.573663,0.000000,5.406076
610.2898,2026-07-20T14:56:24.077992,0.000000,5.406172
610.7707,2026-07-20T14:56:24.558866,0.000000,5.406172
611.2321,2026-07-20T14:56:25.020345,0.000000,5.406140
611.7273,2026-07-20T14:56:25.515523,0.000000,5.406108
612.2038,2026-07-20T14:56:25.992025,0.000000,5.405940
612.7064,2026-07-20T14:56:26.494575,0.000000,5.405924
613.1944,2026-07-20T14:56:26.982650,0.000000,5.405928
613.8103,2026-07-20T14:56:27.598452,0.000000,5.405796
614.2762,2026-07-20T14:56:28.064415,0.000000,5.405512
614.7564,2026-07-20T14:56:28.544577,0.000000,5.405480
615.2576,2026-07-20T14:56:29.045826,0.000000,5.405308
615.7401,2026-07-20T14:56:29.528351,0.000000,5.405228
616.2138,2026-07-20T14:56:30.001980,0.000000,5.405368
616.6894,2026-07-20T14:56:30.477562,0.000000,5.405256
617.1808,2026-07-20T14:56:30.968960,0.000000,5.405392
617.6675,2026-07-20T14:56:31.455725,0.000000,5.405432
618.1521,2026-07-20T14:56:31.940300,0.000000,5.405428
618.6335,2026-07-20T14:56:32.421692,0.000000,5.405472
619.1292,2026-07-20T14:56:32.917411,0.000000,5.405632
619.6357,2026-07-20T14:56:33.423928,0.000000,5.405648
620.1315,2026-07-20T14:56:33.919678,0.000000,5.405712
620.6356,2026-07-20T14:56:34.423773,0.000000,5.405628
621.1417,2026-07-20T14:56:34.929864,0.000000,5.405540
621.6382,2026-07-20T14:56:35.426381,0.000000,5.405576
622.1317,2026-07-20T14:56:35.919944,0.000000,5.405668
622.6330,2026-07-20T14:56:36.421242,0.000000,5.405656
623.1246,2026-07-20T14:56:36.912764,0.000000,5.405536
623.6157,2026-07-20T14:56:37.403915,0.000000,5.405456
624.1187,2026-07-20T14:56:37.906858,0.000000,5.405412
624.6004,2026-07-20T14:56:38.388627,0.000000,5.405340
625.0962,2026-07-20T14:56:38.884368,0.000000,5.405300
625.6082,2026-07-20T14:56:39.396453,0.000000,5.405324
626.0837,2026-07-20T14:56:39.871864,0.000000,5.405412
626.5472,2026-07-20T14:56:40.335403,0.000000,5.405420
627.0390,2026-07-20T14:56:40.827169,0.000000,5.405212
627.5377,2026-07-20T14:56:41.325881,0.000000,5.405220
628.0355,2026-07-20T14:56:41.823713,0.000000,5.405424
628.5357,2026-07-20T14:56:42.323895,0.000000,5.405508
629.0378,2026-07-20T14:56:42.825955,0.000000,5.405476
629.5391,2026-07-20T14:56:43.327283,0.000000,5.405540
630.0416,2026-07-20T14:56:43.829795,0.000000,5.405764
630.5208,2026-07-20T14:56:44.308977,0.000000,5.405720
631.0084,2026-07-20T14:56:44.796612,0.000000,5.405768
631.5065,2026-07-20T14:56:45.294691,0.000000,5.405660
631.9858,2026-07-20T14:56:45.774035,0.000000,5.405668
632.4664,2026-07-20T14:56:46.254585,0.000000,5.405624
632.9603,2026-07-20T14:56:46.748447,0.000000,5.405612
633.4359,2026-07-20T14:56:47.224101,0.000000,5.405628
633.9105,2026-07-20T14:56:47.698697,0.000000,5.405816
634.4025,2026-07-20T14:56:48.190653,0.000000,5.405988
634.9258,2026-07-20T14:56:48.713989,0.000000,5.406072
635.4060,2026-07-20T14:56:49.194213,0.000000,5.406224
635.8647,2026-07-20T14:56:49.652903,0.000000,5.406336
636.3622,2026-07-20T14:56:50.150376,0.000000,5.406508
636.8264,2026-07-20T14:56:50.614638,0.000000,5.406652
637.3285,2026-07-20T14:56:51.116715,0.000000,5.406696
637.8121,2026-07-20T14:56:51.600312,0.000000,5.406548
638.2850,2026-07-20T14:56:52.073237,0.000000,5.406660
638.7785,2026-07-20T14:56:52.566661,0.000000,5.406552
639.2762,2026-07-20T14:56:53.064426,0.000000,5.406476
639.7357,2026-07-20T14:56:53.523859,0.000000,5.406236
640.2429,2026-07-20T14:56:54.031064,0.000000,5.406068
640.7524,2026-07-20T14:56:54.540575,0.000000,5.405956
641.2267,2026-07-20T14:56:55.014873,0.000000,5.405844
641.7148,2026-07-20T14:56:55.503050,0.000000,5.405896
642.1761,2026-07-20T14:56:55.964283,0.000000,5.405760
642.6535,2026-07-20T14:56:56.441684,0.000000,5.405808
643.1545,2026-07-20T14:56:56.942714,0.000000,5.405836
643.6287,2026-07-20T14:56:57.416941,0.000000,5.405856
644.1316,2026-07-20T14:56:57.919805,0.000000,5.405832
644.6186,2026-07-20T14:56:58.406755,0.000000,5.405752
645.1146,2026-07-20T14:56:58.902828,0.000000,5.405736
645.5870,2026-07-20T14:56:59.375212,0.000000,5.405616
646.0584,2026-07-20T14:56:59.846599,0.000000,5.405628
646.5396,2026-07-20T14:57:00.327765,0.000000,5.405560
647.0082,2026-07-20T14:57:00.796423,0.000000,5.405544
647.4917,2026-07-20T14:57:01.279875,0.000000,5.405432
647.9421,2026-07-20T14:57:01.730285,0.000000,5.405264
648.4372,2026-07-20T14:57:02.225389,0.000000,5.405156
648.9347,2026-07-20T14:57:02.722871,0.000000,5.405144
649.4374,2026-07-20T14:57:03.225575,0.000000,5.405268
649.9301,2026-07-20T14:57:03.718306,0.000000,5.405388
650.4208,2026-07-20T14:57:04.209034,0.000000,5.405228
650.8855,2026-07-20T14:57:04.673702,0.000000,5.405148
651.3829,2026-07-20T14:57:05.171078,0.000000,5.405004
651.9022,2026-07-20T14:57:05.690412,0.000000,5.404872
652.4062,2026-07-20T14:57:06.194438,0.000000,5.404744
652.8737,2026-07-20T14:57:06.661922,0.000000,5.404828
653.3752,2026-07-20T14:57:07.163389,0.000000,5.404768
653.8758,2026-07-20T14:57:07.664042,0.000000,5.404708
654.3462,2026-07-20T14:57:08.134413,0.000000,5.404540
654.8336,2026-07-20T14:57:08.621852,0.000000,5.404436
655.3248,2026-07-20T14:57:09.113042,0.000000,5.404340
655.8225,2026-07-20T14:57:09.610703,0.000000,5.404228
656.3278,2026-07-20T14:57:10.116014,0.000000,5.404052
656.8382,2026-07-20T14:57:10.626433,0.000000,5.404060
657.3313,2026-07-20T14:57:11.119483,0.000000,5.404144
657.7998,2026-07-20T14:57:11.587992,0.000000,5.403816
658.2873,2026-07-20T14:57:12.075540,0.000000,5.403704
658.7874,2026-07-20T14:57:12.575590,0.000000,5.403436
659.2654,2026-07-20T14:57:13.053640,0.000000,5.403284
659.7663,2026-07-20T14:57:13.554507,0.000000,5.403104
660.2660,2026-07-20T14:57:14.054234,0.000000,5.402916
660.7599,2026-07-20T14:57:14.548101,0.000000,5.402860
661.2497,2026-07-20T14:57:15.037884,0.000000,5.402880
661.7497,2026-07-20T14:57:15.537925,0.000000,5.402840
662.2389,2026-07-20T14:57:16.027072,0.000000,5.402812
662.7352,2026-07-20T14:57:16.523423,0.000000,5.402900
663.1996,2026-07-20T14:57:16.987754,0.000000,5.402852
663.6993,2026-07-20T14:57:17.487548,0.000000,5.402932
664.1930,2026-07-20T14:57:17.981233,0.000000,5.402980
664.6729,2026-07-20T14:57:18.461162,0.000000,5.402948
665.1687,2026-07-20T14:57:18.956928,0.000000,5.403096
665.6871,2026-07-20T14:57:19.475280,0.000000,5.402872
666.1599,2026-07-20T14:57:19.948129,0.000000,5.402764
666.6533,2026-07-20T14:57:20.441485,0.000000,5.402620
667.1502,2026-07-20T14:57:20.938420,0.000000,5.402380
667.6415,2026-07-20T14:57:21.429670,0.000000,5.401860
668.1373,2026-07-20T14:57:21.925502,0.000000,5.401384
668.6403,2026-07-20T14:57:22.428531,0.000000,5.401096
669.1454,2026-07-20T14:57:22.933646,0.000000,5.400760
669.6620,2026-07-20T14:57:23.450242,0.000000,5.400452
670.1604,2026-07-20T14:57:23.948613,0.000000,5.400072
670.6450,2026-07-20T14:57:24.433199,0.000000,5.399932
671.1399,2026-07-20T14:57:24.928138,0.000000,5.399748
671.6354,2026-07-20T14:57:25.423613,0.000000,5.399588
672.1131,2026-07-20T14:57:25.901279,0.000000,5.399312
672.6120,2026-07-20T14:57:26.400155,0.000000,5.399460
673.1017,2026-07-20T14:57:26.889884,0.000000,5.399648
673.6271,2026-07-20T14:57:27.415267,0.000000,5.399708
674.1033,2026-07-20T14:57:27.891507,0.000000,5.399548
674.5627,2026-07-20T14:57:28.350912,0.000000,5.399560
675.0582,2026-07-20T14:57:28.846413,0.000000,5.399496
675.5395,2026-07-20T14:57:29.327709,0.000000,5.399464
676.0416,2026-07-20T14:57:29.829760,0.000000,5.399328
676.5290,2026-07-20T14:57:30.317163,0.000000,5.399212
677.0086,2026-07-20T14:57:30.796790,0.000000,5.399328
677.4997,2026-07-20T14:57:31.287879,0.000000,5.399224
677.9719,2026-07-20T14:57:31.760112,0.000000,5.399144
678.4781,2026-07-20T14:57:32.266296,0.000000,5.398860
678.9994,2026-07-20T14:57:32.787628,0.000000,5.398828
679.4707,2026-07-20T14:57:33.258856,0.000000,5.398712
679.9588,2026-07-20T14:57:33.747021,0.000000,5.398676
680.4621,2026-07-20T14:57:34.250292,0.000000,5.398636
680.9615,2026-07-20T14:57:34.749709,0.000000,5.398644
681.4574,2026-07-20T14:57:35.245616,0.000000,5.398576
681.9477,2026-07-20T14:57:35.735932,0.000000,5.398392
682.4219,2026-07-20T14:57:36.210132,0.000000,5.398288
682.8783,2026-07-20T14:57:36.666451,0.000000,5.398228
683.3673,2026-07-20T14:57:37.155529,0.000000,5.398284
683.8583,2026-07-20T14:57:37.646521,0.000000,5.398340
684.3851,2026-07-20T14:57:38.173262,0.000000,5.398216
684.8609,2026-07-20T14:57:38.649125,0.000000,5.397868
685.3592,2026-07-20T14:57:39.147386,0.000000,5.397684
685.8540,2026-07-20T14:57:39.642161,0.000000,5.397400
686.3147,2026-07-20T14:57:40.102884,0.000000,5.397048
686.8106,2026-07-20T14:57:40.598820,0.000000,5.396928
687.3085,2026-07-20T14:57:41.096744,0.000000,5.396672
687.7997,2026-07-20T14:57:41.587866,0.000000,5.396452
688.2978,2026-07-20T14:57:42.085986,0.000000,5.396236
688.8143,2026-07-20T14:57:42.602497,0.000000,5.396104
689.3076,2026-07-20T14:57:43.095749,0.000000,5.396108
689.8083,2026-07-20T14:57:43.596510,0.000000,5.396204
690.3099,2026-07-20T14:57:44.098084,0.000000,5.396256
690.8059,2026-07-20T14:57:44.594122,0.000000,5.396276
691.3065,2026-07-20T14:57:45.094646,0.000000,5.396408
691.7646,2026-07-20T14:57:45.552773,0.000000,5.396404
692.2682,2026-07-20T14:57:46.056427,0.000000,5.396368
692.7953,2026-07-20T14:57:46.583532,0.000000,5.396276
693.2467,2026-07-20T14:57:47.034891,0.000000,5.396436
693.7299,2026-07-20T14:57:47.518110,0.000000,5.396380
694.2252,2026-07-20T14:57:48.013420,0.000000,5.396324
694.6973,2026-07-20T14:57:48.485548,0.000000,5.396260
695.1993,2026-07-20T14:57:48.987542,0.000000,5.396136
695.6547,2026-07-20T14:57:49.442915,0.000000,5.396112
696.1394,2026-07-20T14:57:49.927636,0.000000,5.395972
696.6428,2026-07-20T14:57:50.431016,0.000000,5.395844
697.1408,2026-07-20T14:57:50.929024,0.000000,5.395828
697.6408,2026-07-20T14:57:51.428989,0.000000,5.395760
698.1418,2026-07-20T14:57:51.930002,0.000000,5.395780
698.6271,2026-07-20T14:57:52.415338,0.000000,5.395548
699.1226,2026-07-20T14:57:52.910831,0.000000,5.395568
699.5932,2026-07-20T14:57:53.381391,0.000000,5.395456
700.0831,2026-07-20T14:57:53.871322,0.000000,5.395452
700.5657,2026-07-20T14:57:54.353851,0.000000,5.395552
701.0259,2026-07-20T14:57:54.814156,0.000000,5.395544
701.4869,2026-07-20T14:57:55.275151,0.000000,5.395428
701.9471,2026-07-20T14:57:55.735278,0.000000,5.395380
702.4483,2026-07-20T14:57:56.236469,0.000000,5.395300
702.9204,2026-07-20T14:57:56.708607,0.000000,5.395124
703.4098,2026-07-20T14:57:57.197993,0.000000,5.395048
703.9153,2026-07-20T14:57:57.703532,0.000000,5.394800
704.3787,2026-07-20T14:57:58.166919,0.000000,5.394540
704.8833,2026-07-20T14:57:58.671521,0.000000,5.394436
705.4064,2026-07-20T14:57:59.194609,0.000000,5.394180
705.8710,2026-07-20T14:57:59.659208,0.000000,5.393836
706.3393,2026-07-20T14:58:00.127490,0.000000,5.393644
706.8041,2026-07-20T14:58:00.592310,0.000000,5.393548
707.2888,2026-07-20T14:58:01.076993,0.000000,5.393552
707.7927,2026-07-20T14:58:01.580918,0.000000,5.393388
708.2933,2026-07-20T14:58:02.081456,0.000000,5.393260
708.7928,2026-07-20T14:58:02.580964,0.000000,5.393128
709.2840,2026-07-20T14:58:03.072224,0.000000,5.393076
709.7455,2026-07-20T14:58:03.533668,0.000000,5.392932
710.2372,2026-07-20T14:58:04.025370,0.000000,5.392772
710.7434,2026-07-20T14:58:04.531629,0.000000,5.392796
711.2047,2026-07-20T14:58:04.992862,0.000000,5.392848
711.7101,2026-07-20T14:58:05.498267,0.000000,5.392760
712.2028,2026-07-20T14:58:05.990974,0.000000,5.392640
712.7018,2026-07-20T14:58:06.490006,0.000000,5.392664
713.1767,2026-07-20T14:58:06.964892,0.000000,5.392652
713.6610,2026-07-20T14:58:07.449197,0.000000,5.392720
714.1531,2026-07-20T14:58:07.941318,0.000000,5.392676
714.6788,2026-07-20T14:58:08.467025,0.000000,5.392612
715.1660,2026-07-20T14:58:08.954211,0.000000,5.392536
715.6375,2026-07-20T14:58:09.425694,0.000000,5.392588
716.1326,2026-07-20T14:58:09.920786,0.000000,5.392496
716.6237,2026-07-20T14:58:10.411907,0.000000,5.392560
717.1076,2026-07-20T14:58:10.895814,0.000000,5.392400
717.5707,2026-07-20T14:58:11.358940,0.000000,5.392272
718.0726,2026-07-20T14:58:11.860840,0.000000,5.392176
718.5738,2026-07-20T14:58:12.362031,0.000000,5.392124
719.0744,2026-07-20T14:58:12.862606,0.000000,5.391996
719.5833,2026-07-20T14:58:13.371467,0.000000,5.391980
720.0780,2026-07-20T14:58:13.866178,0.000000,5.391820
720.5248,2026-07-20T14:58:14.312979,0.000000,5.391748
721.0158,2026-07-20T14:58:14.804025,0.000000,5.391588
721.4892,2026-07-20T14:58:15.277361,0.000000,5.391464
721.9848,2026-07-20T14:58:15.773040,0.000000,5.391508
722.4857,2026-07-20T14:58:16.273925,0.000000,5.391404
722.9723,2026-07-20T14:58:16.760534,0.000000,5.391484
723.4685,2026-07-20T14:58:17.256690,0.000000,5.391376
723.9994,2026-07-20T14:58:17.787604,0.000000,5.391448
724.4736,2026-07-20T14:58:18.261758,0.000000,5.391508
724.9578,2026-07-20T14:58:18.745958,0.000000,5.391536
725.4560,2026-07-20T14:58:19.244169,0.000000,5.391560
725.9349,2026-07-20T14:58:19.723114,0.000000,5.391520
726.4307,2026-07-20T14:58:20.218909,0.000000,5.391532
726.9130,2026-07-20T14:58:20.701181,0.000000,5.391392
727.4092,2026-07-20T14:58:21.197357,0.000000,5.391340
727.9080,2026-07-20T14:58:21.696195,0.000000,5.391192
728.4355,2026-07-20T14:58:22.223667,0.000000,5.391196
728.9132,2026-07-20T14:58:22.701353,0.000000,5.391096
729.4146,2026-07-20T14:58:23.202857,0.000000,5.390956
729.8845,2026-07-20T14:58:23.672726,0.000000,5.390992
730.3898,2026-07-20T14:58:24.177955,0.000000,5.390848
730.8487,2026-07-20T14:58:24.636896,0.000000,5.390800
731.3090,2026-07-20T14:58:25.097247,0.000000,5.390648
731.8035,2026-07-20T14:58:25.591721,0.000000,5.390588
732.2711,2026-07-20T14:58:26.059302,0.000000,5.390544
732.7292,2026-07-20T14:58:26.517361,0.000000,5.390404
733.2318,2026-07-20T14:58:27.020057,0.000000,5.390328
733.6903,2026-07-20T14:58:27.478545,0.000000,5.390160
734.1773,2026-07-20T14:58:27.965502,0.000000,5.390176
734.6449,2026-07-20T14:58:28.433116,0.000000,5.389976
735.1237,2026-07-20T14:58:28.911876,0.000000,5.389852
735.6117,2026-07-20T14:58:29.399956,0.000000,5.389696
736.1267,2026-07-20T14:58:29.914867,0.000000,5.389752
736.6200,2026-07-20T14:58:30.408174,0.000000,5.389620
737.1221,2026-07-20T14:58:30.910308,0.000000,5.389476
737.5807,2026-07-20T14:58:31.368885,0.000000,5.389392
738.0751,2026-07-20T14:58:31.863259,0.000000,5.389280
738.5684,2026-07-20T14:58:32.356634,0.000000,5.389284
739.0643,2026-07-20T14:58:32.852538,0.000000,5.389140
739.5720,2026-07-20T14:58:33.360206,0.000000,5.389016
740.0996,2026-07-20T14:58:33.887810,0.000000,5.388944
740.5746,2026-07-20T14:58:34.362789,0.000000,5.388840
741.0682,2026-07-20T14:58:34.856413,0.000000,5.388596
741.5554,2026-07-20T14:58:35.343567,0.000000,5.388496
742.0418,2026-07-20T14:58:35.829994,0.000000,5.388408
742.5367,2026-07-20T14:58:36.324905,0.000000,5.388172
743.0095,2026-07-20T14:58:36.797681,0.000000,5.387880
743.5094,2026-07-20T14:58:37.297595,0.000000,5.387452
743.9727,2026-07-20T14:58:37.760878,0.000000,5.387148
744.4662,2026-07-20T14:58:38.254387,0.000000,5.386880
744.9573,2026-07-20T14:58:38.745544,0.000000,5.386564
745.4632,2026-07-20T14:58:39.251436,0.000000,5.386328
745.9391,2026-07-20T14:58:39.727339,0.000000,5.386056
746.4309,2026-07-20T14:58:40.219073,0.000000,5.385784
746.9101,2026-07-20T14:58:40.698305,0.000000,5.385372
747.4140,2026-07-20T14:58:41.202222,0.000000,5.385044
747.9117,2026-07-20T14:58:41.699902,0.000000,5.384708
748.4126,2026-07-20T14:58:42.200816,0.000000,5.384560
748.9077,2026-07-20T14:58:42.695912,0.000000,5.384180
749.4266,2026-07-20T14:58:43.214763,0.000000,5.383984
749.9112,2026-07-20T14:58:43.699442,0.000000,5.383580
750.4058,2026-07-20T14:58:44.194041,0.000000,5.383092
750.8692,2026-07-20T14:58:44.657493,0.000000,5.382624
751.3574,2026-07-20T14:58:45.145606,0.000000,5.382180
751.8555,2026-07-20T14:58:45.643660,0.000000,5.381940
752.3439,2026-07-20T14:58:46.132065,0.000000,5.381540
752.8115,2026-07-20T14:58:46.599752,0.000000,5.381256
753.3033,2026-07-20T14:58:47.091492,0.000000,5.380820
753.7975,2026-07-20T14:58:47.585730,0.000000,5.380400
754.3016,2026-07-20T14:58:48.089810,0.000000,5.380024
754.7687,2026-07-20T14:58:48.556923,0.000000,5.379792
755.2848,2026-07-20T14:58:49.073026,0.000000,5.379524
755.7539,2026-07-20T14:58:49.542107,0.000000,5.379260
756.2274,2026-07-20T14:58:50.015622,0.000000,5.378952
756.7308,2026-07-20T14:58:50.519001,0.000000,5.378524
757.2201,2026-07-20T14:58:51.008327,0.000000,5.378272
757.7033,2026-07-20T14:58:51.491476,0.000000,5.377956
758.1937,2026-07-20T14:58:51.981900,0.000000,5.377676
758.6820,2026-07-20T14:58:52.470247,0.000000,5.377352
759.1779,2026-07-20T14:58:52.966055,0.000000,5.377076
759.6842,2026-07-20T14:58:53.472383,0.000000,5.376632
760.1567,2026-07-20T14:58:53.944935,0.000000,5.376304
760.6284,2026-07-20T14:58:54.416602,0.000000,5.375848
761.0749,2026-07-20T14:58:54.863124,0.000000,5.375548
761.5713,2026-07-20T14:58:55.359459,0.000000,5.375276
762.0638,2026-07-20T14:58:55.852019,0.000000,5.374856
762.5229,2026-07-20T14:58:56.311077,0.000000,5.374532
762.9927,2026-07-20T14:58:56.780864,0.000000,5.374256
763.4796,2026-07-20T14:58:57.267830,0.000000,5.374032
763.9697,2026-07-20T14:58:57.757893,0.000000,5.373912
764.4620,2026-07-20T14:58:58.250206,0.000000,5.373484
764.9653,2026-07-20T14:58:58.753463,0.000000,5.373200
765.4660,2026-07-20T14:58:59.254233,0.000000,5.372884
765.9823,2026-07-20T14:58:59.770478,0.000000,5.372636
766.4445,2026-07-20T14:59:00.232643,0.000000,5.372324
766.9304,2026-07-20T14:59:00.718565,0.000000,5.372112
767.4242,2026-07-20T14:59:01.212374,0.000000,5.371872
767.9158,2026-07-20T14:59:01.703970,0.000000,5.371688
768.4078,2026-07-20T14:59:02.195951,0.000000,5.371240
768.8912,2026-07-20T14:59:02.679395,0.000000,5.370860
769.3896,2026-07-20T14:59:03.177816,0.000000,5.370608
769.8834,2026-07-20T14:59:03.671604,0.000000,5.370324
770.3467,2026-07-20T14:59:04.134896,0.000000,5.370080
770.8518,2026-07-20T14:59:04.639976,0.000000,5.369740
771.3451,2026-07-20T14:59:05.133302,0.000000,5.369392
771.8584,2026-07-20T14:59:05.646601,0.000000,5.369076
772.3537,2026-07-20T14:59:06.141900,0.000000,5.368832
772.8555,2026-07-20T14:59:06.643701,0.000000,5.368472
773.3235,2026-07-20T14:59:07.111720,0.000000,5.368380
773.8056,2026-07-20T14:59:07.593791,0.000000,5.368232
774.2977,2026-07-20T14:59:08.085899,0.000000,5.368000
774.7624,2026-07-20T14:59:08.550602,0.000000,5.367668
775.2557,2026-07-20T14:59:09.043893,0.000000,5.367484
775.7276,2026-07-20T14:59:09.515820,0.000000,5.367408
776.2324,2026-07-20T14:59:10.020633,0.000000,5.367364
776.7155,2026-07-20T14:59:10.503673,0.000000,5.367120
777.2114,2026-07-20T14:59:10.999644,0.000000,5.366912
777.6932,2026-07-20T14:59:11.481411,0.000000,5.366588
778.1674,2026-07-20T14:59:11.955625,0.000000,5.365964
778.6386,2026-07-20T14:59:12.426806,0.000000,5.365356
779.1432,2026-07-20T14:59:12.931456,0.000000,5.364656
779.6110,2026-07-20T14:59:13.399241,0.000000,5.363884
780.0865,2026-07-20T14:59:13.874732,0.000000,5.363284
780.5573,2026-07-20T14:59:14.345457,0.000000,5.362736
781.0307,2026-07-20T14:59:14.818855,0.000000,5.361996
781.5196,2026-07-20T14:59:15.307815,0.000000,5.361292
782.0031,2026-07-20T14:59:15.791314,0.000000,5.360496
782.4723,2026-07-20T14:59:16.260485,0.000000,5.359652
782.9634,2026-07-20T14:59:16.751637,0.000000,5.359056
783.4540,2026-07-20T14:59:17.242198,0.000000,5.358456
783.9806,2026-07-20T14:59:17.768764,0.000000,5.357824
784.4558,2026-07-20T14:59:18.243978,0.000000,5.357300
784.9536,2026-07-20T14:59:18.741810,0.000000,5.356724
785.4556,2026-07-20T14:59:19.243803,0.000000,5.355912
785.9208,2026-07-20T14:59:19.709032,0.000000,5.355236
786.4154,2026-07-20T14:59:20.203650,0.000000,5.354716
786.9180,2026-07-20T14:59:20.706196,0.000000,5.354276
787.4120,2026-07-20T14:59:21.200159,0.000000,5.353824
787.9099,2026-07-20T14:59:21.698062,0.000000,5.353308
788.4064,2026-07-20T14:59:22.194583,0.000000,5.352840
788.8997,2026-07-20T14:59:22.687907,0.000000,5.352524
789.3959,2026-07-20T14:59:23.184145,0.000000,5.352160
789.8905,2026-07-20T14:59:23.678690,0.000000,5.351828
790.3742,2026-07-20T14:59:24.162423,0.000000,5.351416
790.8558,2026-07-20T14:59:24.643974,0.000000,5.351108
791.3206,2026-07-20T14:59:25.108796,0.000000,5.350740
791.8161,2026-07-20T14:59:25.604340,0.000000,5.350244
792.2955,2026-07-20T14:59:26.083754,0.000000,5.349756
792.7770,2026-07-20T14:59:26.565205,0.000000,5.349372
793.2808,2026-07-20T14:59:27.068968,0.000000,5.348956
793.7682,2026-07-20T14:59:27.556408,0.000000,5.348448
794.2846,2026-07-20T14:59:28.072800,0.000000,5.348068
794.7699,2026-07-20T14:59:28.558130,0.000000,5.347704
795.2564,2026-07-20T14:59:29.044638,0.000000,5.347216
795.7472,2026-07-20T14:59:29.535381,0.000000,5.346828
796.2526,2026-07-20T14:59:30.040824,0.000000,5.346268
796.7475,2026-07-20T14:59:30.535682,0.000000,5.345852
797.2364,2026-07-20T14:59:31.024589,0.000000,5.345484
797.7277,2026-07-20T14:59:31.515913,0.000000,5.344928
798.2099,2026-07-20T14:59:31.998069,0.000000,5.344408
798.7347,2026-07-20T14:59:32.522931,0.000000,5.343908
799.2319,2026-07-20T14:59:33.020128,0.000000,5.343220
799.7035,2026-07-20T14:59:33.491687,0.000000,5.342584
800.1930,2026-07-20T14:59:33.981157,0.000000,5.342056
800.6550,2026-07-20T14:59:34.443223,0.000000,5.341400
801.1556,2026-07-20T14:59:34.943768,0.000000,5.340928
801.6498,2026-07-20T14:59:35.437957,0.000000,5.340232
802.1295,2026-07-20T14:59:35.917677,0.000000,5.339496
802.6531,2026-07-20T14:59:36.441301,0.000000,5.338904
803.1533,2026-07-20T14:59:36.941541,0.000000,5.338256
803.6168,2026-07-20T14:59:37.405009,0.000000,5.337612
804.1089,2026-07-20T14:59:37.897150,0.000000,5.337040
804.6038,2026-07-20T14:59:38.391996,0.000000,5.336404
805.0990,2026-07-20T14:59:38.887179,0.000000,5.335732
805.5923,2026-07-20T14:59:39.380529,0.000000,5.335220
806.0481,2026-07-20T14:59:39.836315,0.000000,5.334912
806.5305,2026-07-20T14:59:40.318659,0.000000,5.334444
807.0112,2026-07-20T14:59:40.799448,0.000000,5.334000
807.5153,2026-07-20T14:59:41.303550,0.000000,5.333496
808.0065,2026-07-20T14:59:41.794713,0.000000,5.333072
808.4738,2026-07-20T14:59:42.262022,0.000000,5.332628
808.9597,2026-07-20T14:59:42.747937,0.000000,5.332264
809.4643,2026-07-20T14:59:43.252528,0.000000,5.331928
809.9242,2026-07-20T14:59:43.712420,0.000000,5.331584
810.4226,2026-07-20T14:59:44.210839,0.000000,5.331184
810.9160,2026-07-20T14:59:44.704205,0.000000,5.330628
811.4167,2026-07-20T14:59:45.204904,0.000000,5.330156
811.9153,2026-07-20T14:59:45.703520,0.000000,5.329796
812.4315,2026-07-20T14:59:46.219711,0.000000,5.329352
812.9211,2026-07-20T14:59:46.709282,0.000000,5.328952
813.3774,2026-07-20T14:59:47.165598,0.000000,5.328500
813.8479,2026-07-20T14:59:47.636106,0.000000,5.328104
814.3176,2026-07-20T14:59:48.105803,0.000000,5.327768
814.7931,2026-07-20T14:59:48.581338,0.000000,5.327276
815.2907,2026-07-20T14:59:49.078916,0.000000,5.326940
815.7921,2026-07-20T14:59:49.580286,0.000000,5.326520
816.2900,2026-07-20T14:59:50.078240,0.000000,5.326308
816.7839,2026-07-20T14:59:50.572061,0.000000,5.325808
817.2658,2026-07-20T14:59:51.054044,0.000000,5.325308
817.7863,2026-07-20T14:59:51.574467,0.000000,5.324668
818.2802,2026-07-20T14:59:52.068369,0.000000,5.324220
818.7769,2026-07-20T14:59:52.565136,0.000000,5.323676
819.2535,2026-07-20T14:59:53.041739,0.000000,5.322768
819.7509,2026-07-20T14:59:53.539081,0.000000,5.322092
820.2405,2026-07-20T14:59:54.028691,0.000000,5.321292
820.7067,2026-07-20T14:59:54.494880,0.000000,5.320508
821.1977,2026-07-20T14:59:54.985885,0.000000,5.319548
821.6678,2026-07-20T14:59:55.455982,0.000000,5.318832
822.1641,2026-07-20T14:59:55.952338,0.000000,5.318152
822.6909,2026-07-20T14:59:56.479100,0.000000,5.317544
823.1649,2026-07-20T14:59:56.953176,0.000000,5.316940
823.6650,2026-07-20T14:59:57.453181,0.000000,5.316128
824.1633,2026-07-20T14:59:57.951501,0.000000,5.315688
824.6283,2026-07-20T14:59:58.416458,0.000000,5.315284
825.1239,2026-07-20T14:59:58.912086,0.000000,5.314948
825.6215,2026-07-20T14:59:59.409680,0.000000,5.314700
826.1091,2026-07-20T14:59:59.897312,0.000000,5.314192
826.6030,2026-07-20T15:00:00.391161,0.000000,5.313676
827.1262,2026-07-20T15:00:00.914409,0.000000,5.313348
827.5820,2026-07-20T15:00:01.370170,0.000000,5.312984
828.0778,2026-07-20T15:00:01.865981,0.000000,5.312740
828.5516,2026-07-20T15:00:02.339813,0.000000,5.312300
829.0449,2026-07-20T15:00:02.833177,0.000000,5.311924
829.5302,2026-07-20T15:00:03.318407,0.000000,5.311632
830.0069,2026-07-20T15:00:03.795142,0.000000,5.311108
830.4957,2026-07-20T15:00:04.283864,0.000000,5.310728
830.9718,2026-07-20T15:00:04.759976,0.000000,5.310412
831.4641,2026-07-20T15:00:05.252283,0.000000,5.310168
831.9534,2026-07-20T15:00:05.741643,0.000000,5.309756
832.4169,2026-07-20T15:00:06.205129,0.000000,5.309328
832.9124,2026-07-20T15:00:06.700631,0.000000,5.308980
833.3713,2026-07-20T15:00:07.159471,0.000000,5.308624
833.8725,2026-07-20T15:00:07.660690,0.000000,5.308312
834.3928,2026-07-20T15:00:08.180967,0.000000,5.307876
834.8663,2026-07-20T15:00:08.654482,0.000000,5.307472
835.3469,2026-07-20T15:00:09.135097,0.000000,5.307220
835.8479,2026-07-20T15:00:09.636131,0.000000,5.306868
836.3489,2026-07-20T15:00:10.137114,0.000000,5.306612
836.8249,2026-07-20T15:00:10.613092,0.000000,5.306184
837.3129,2026-07-20T15:00:11.101071,0.000000,5.305888
837.8118,2026-07-20T15:00:11.599983,0.000000,5.305344
838.3094,2026-07-20T15:00:12.097625,0.000000,5.304688
838.8264,2026-07-20T15:00:12.614588,0.000000,5.304296
839.3088,2026-07-20T15:00:13.096968,0.000000,5.303824
839.8007,2026-07-20T15:00:13.588950,0.000000,5.303428
840.2658,2026-07-20T15:00:14.054037,0.000000,5.302828
840.7634,2026-07-20T15:00:14.551623,0.000000,5.302304
841.2532,2026-07-20T15:00:15.041396,0.000000,5.301616
841.7147,2026-07-20T15:00:15.502912,0.000000,5.301020
842.2194,2026-07-20T15:00:16.007578,0.000000,5.300396
842.7146,2026-07-20T15:00:16.502839,0.000000,5.299840
843.2137,2026-07-20T15:00:17.001867,0.000000,5.299336
843.7415,2026-07-20T15:00:17.529749,0.000000,5.298544
844.2241,2026-07-20T15:00:18.012301,0.000000,5.297884
844.7062,2026-07-20T15:00:18.494426,0.000000,5.297228
845.2011,2026-07-20T15:00:18.989268,0.000000,5.296692
845.6884,2026-07-20T15:00:19.476592,0.000000,5.296092
846.1699,2026-07-20T15:00:19.958099,0.000000,5.295740
846.6772,2026-07-20T15:00:20.465367,0.000000,5.295192
847.1537,2026-07-20T15:00:20.941889,0.000000,5.294848
847.6528,2026-07-20T15:00:21.441012,0.000000,5.294324
848.1733,2026-07-20T15:00:21.961535,0.000000,5.293928
848.6664,2026-07-20T15:00:22.454590,0.000000,5.293640
849.1528,2026-07-20T15:00:22.940972,0.000000,5.293372
849.6516,2026-07-20T15:00:23.439815,0.000000,5.293176
850.1194,2026-07-20T15:00:23.907554,0.000000,5.292768
850.6114,2026-07-20T15:00:24.399572,0.000000,5.292508
851.1067,2026-07-20T15:00:24.894920,0.000000,5.292096
851.5907,2026-07-20T15:00:25.378944,0.000000,5.291828
852.0804,2026-07-20T15:00:25.868634,0.000000,5.291428
852.5472,2026-07-20T15:00:26.335422,0.000000,5.291084
853.0335,2026-07-20T15:00:26.821679,0.000000,5.290844
853.5278,2026-07-20T15:00:27.315984,0.000000,5.290388
854.0361,2026-07-20T15:00:27.824267,0.000000,5.289984
854.5268,2026-07-20T15:00:28.314997,0.000000,5.289708
854.9820,2026-07-20T15:00:28.770168,0.000000,5.289348
855.4921,2026-07-20T15:00:29.280282,0.000000,5.289060
855.9895,2026-07-20T15:00:29.777727,0.000000,5.288564
856.4955,2026-07-20T15:00:30.283740,0.000000,5.288188
856.9981,2026-07-20T15:00:30.786346,0.000000,5.288088
857.4995,2026-07-20T15:00:31.287736,0.000000,5.287756
857.9967,2026-07-20T15:00:31.784896,0.000000,5.287392
858.4901,2026-07-20T15:00:32.278322,0.000000,5.287096
858.9883,2026-07-20T15:00:32.776497,0.000000,5.286744
859.4550,2026-07-20T15:00:33.243240,0.000000,5.286140
859.9615,2026-07-20T15:00:33.749733,0.000000,5.285604
860.4722,2026-07-20T15:00:34.260368,0.000000,5.285192
860.9530,2026-07-20T15:00:34.741253,0.000000,5.284744
861.4445,2026-07-20T15:00:35.232722,0.000000,5.284212
861.9252,2026-07-20T15:00:35.713411,0.000000,5.283460
862.4185,2026-07-20T15:00:36.206681,0.000000,5.283060
862.9265,2026-07-20T15:00:36.714659,0.000000,5.282556
863.4224,2026-07-20T15:00:37.210636,0.000000,5.281952
863.9108,2026-07-20T15:00:37.698999,0.000000,5.281336
864.3883,2026-07-20T15:00:38.176513,0.000000,5.280864
864.8676,2026-07-20T15:00:38.655768,0.000000,5.280436
865.3619,2026-07-20T15:00:39.150072,0.000000,5.280028
865.8946,2026-07-20T15:00:39.682760,0.000000,5.279480
866.3905,2026-07-20T15:00:40.178740,0.000000,5.278880
866.8721,2026-07-20T15:00:40.660352,0.000000,5.278284
867.3596,2026-07-20T15:00:41.147840,0.000000,5.278224
867.8385,2026-07-20T15:00:41.626739,0.000000,5.278580
868.3238,2026-07-20T15:00:42.111957,0.000000,5.279028
868.8178,2026-07-20T15:00:42.606027,0.000000,5.279464
869.3082,2026-07-20T15:00:43.096365,0.000000,5.279784
869.8147,2026-07-20T15:00:43.602939,0.000000,5.280340
870.3405,2026-07-20T15:00:44.128660,0.000000,5.280528
870.8378,2026-07-20T15:00:44.625958,0.000000,5.280796
871.3412,2026-07-20T15:00:45.129379,0.000000,5.281224
871.8410,2026-07-20T15:00:45.629233,0.000000,5.281688
872.3121,2026-07-20T15:00:46.100320,0.000000,5.281496
872.7930,2026-07-20T15:00:46.581175,0.000000,5.280804
873.2965,2026-07-20T15:00:47.084739,0.000000,5.280120
873.8101,2026-07-20T15:00:47.598338,0.000000,5.279592
874.3052,2026-07-20T15:00:48.093411,0.000000,5.279152
874.8049,2026-07-20T15:00:48.593136,0.000000,5.278492
875.3062,2026-07-20T15:00:49.094422,0.000000,5.277908
875.7922,2026-07-20T15:00:49.580385,0.000000,5.277496
876.2657,2026-07-20T15:00:50.053949,0.000000,5.277012
876.7611,2026-07-20T15:00:50.549338,0.000000,5.276500
877.2301,2026-07-20T15:00:51.018312,0.000000,5.276076
877.7180,2026-07-20T15:00:51.506197,0.000000,5.275776
878.2163,2026-07-20T15:00:52.004490,0.000000,5.275452
878.7402,2026-07-20T15:00:52.528385,0.000000,5.275072
879.2170,2026-07-20T15:00:53.005217,0.000000,5.274496
879.7129,2026-07-20T15:00:53.501121,0.000000,5.274184
880.1948,2026-07-20T15:00:53.982985,0.000000,5.273844
880.6903,2026-07-20T15:00:54.478472,0.000000,5.273492
881.1872,2026-07-20T15:00:54.975377,0.000000,5.273212
881.6563,2026-07-20T15:00:55.444482,0.000000,5.272892
882.1402,2026-07-20T15:00:55.928441,0.000000,5.272468
882.6363,2026-07-20T15:00:56.424528,0.000000,5.272252
883.1321,2026-07-20T15:00:56.920289,0.000000,5.271988
883.6385,2026-07-20T15:00:57.426753,0.000000,5.271852
884.1214,2026-07-20T15:00:57.909560,0.000000,5.271664
884.6107,2026-07-20T15:00:58.398882,0.000000,5.271416
885.0964,2026-07-20T15:00:58.884637,0.000000,5.271208
885.5856,2026-07-20T15:00:59.373770,0.000000,5.271048
886.0861,2026-07-20T15:00:59.874324,0.000000,5.270756
886.5872,2026-07-20T15:01:00.375362,0.000000,5.270592
887.1089,2026-07-20T15:01:00.897100,0.000000,5.270344
887.5910,2026-07-20T15:01:01.379196,0.000000,5.270052
888.0488,2026-07-20T15:01:01.837022,0.000000,5.269756
888.5221,2026-07-20T15:01:02.310349,0.000000,5.269404
889.0027,2026-07-20T15:01:02.790883,0.000000,5.269188
889.4738,2026-07-20T15:01:03.261965,0.000000,5.268968
889.9654,2026-07-20T15:01:03.753567,0.000000,5.268840
890.4289,2026-07-20T15:01:04.217073,0.000000,5.268740
890.9156,2026-07-20T15:01:04.703813,0.000000,5.268652
891.4099,2026-07-20T15:01:05.198093,0.000000,5.268656
891.8741,2026-07-20T15:01:05.662318,0.000000,5.268756
892.3610,2026-07-20T15:01:06.149160,0.000000,5.268652
892.8571,2026-07-20T15:01:06.645300,0.000000,5.268588
893.3295,2026-07-20T15:01:07.117657,0.000000,5.268500
893.8162,2026-07-20T15:01:07.604380,0.000000,5.268388
894.3274,2026-07-20T15:01:08.115625,0.000000,5.268380
894.8153,2026-07-20T15:01:08.603501,0.000000,5.268188
895.3233,2026-07-20T15:01:09.111510,0.000000,5.268036
895.8257,2026-07-20T15:01:09.613871,0.000000,5.267824
896.3066,2026-07-20T15:01:10.094795,0.000000,5.267620
896.7984,2026-07-20T15:01:10.586569,0.000000,5.267184
897.2674,2026-07-20T15:01:11.055654,0.000000,5.266788
897.7684,2026-07-20T15:01:11.556603,0.000000,5.266496
898.2508,2026-07-20T15:01:12.038956,0.000000,5.266052
898.7330,2026-07-20T15:01:12.521248,0.000000,5.265584
899.2613,2026-07-20T15:01:13.049455,0.000000,5.265056
899.7456,2026-07-20T15:01:13.533760,0.000000,5.264588
900.2128,2026-07-20T15:01:14.001024,0.000000,5.264192
900.6893,2026-07-20T15:01:14.477510,0.000000,5.263856
901.1715,2026-07-20T15:01:14.959684,0.000000,5.263348
901.6547,2026-07-20T15:01:15.442944,0.000000,5.263068
902.1410,2026-07-20T15:01:15.929161,0.000000,5.262876
902.6362,2026-07-20T15:01:16.424416,0.000000,5.262536
903.1051,2026-07-20T15:01:16.893323,0.000000,5.262376
903.5877,2026-07-20T15:01:17.375934,0.000000,5.262216
904.0490,2026-07-20T15:01:17.837189,0.000000,5.262036
904.5480,2026-07-20T15:01:18.336190,0.000000,5.261824
905.0471,2026-07-20T15:01:18.835301,0.000000,5.261860
905.5478,2026-07-20T15:01:19.335978,0.000000,5.261816
906.0398,2026-07-20T15:01:19.827954,0.000000,5.261536
906.5314,2026-07-20T15:01:20.319647,0.000000,5.261524
907.0149,2026-07-20T15:01:20.803135,0.000000,5.261436
907.5211,2026-07-20T15:01:21.309285,0.000000,5.261292
908.0003,2026-07-20T15:01:21.788492,0.000000,5.261324
908.4704,2026-07-20T15:01:22.258654,0.000000,5.261284
908.9469,2026-07-20T15:01:22.735133,0.000000,5.261200
909.4096,2026-07-20T15:01:23.197826,0.000000,5.260984
909.9108,2026-07-20T15:01:23.699033,0.000000,5.260648
910.4132,2026-07-20T15:01:24.201441,0.000000,5.260344
910.9222,2026-07-20T15:01:24.710451,0.000000,5.260368
911.4258,2026-07-20T15:01:25.214037,0.000000,5.260076
911.9216,2026-07-20T15:01:25.709837,0.000000,5.259820
912.4107,2026-07-20T15:01:26.198878,0.000000,5.259736
912.9173,2026-07-20T15:01:26.705509,0.000000,5.259752
913.4161,2026-07-20T15:01:27.204336,0.000000,5.259728
913.9116,2026-07-20T15:01:27.699780,0.000000,5.259624
914.4297,2026-07-20T15:01:28.217873,0.000000,5.259788
914.9327,2026-07-20T15:01:28.720946,0.000000,5.259936
915.4147,2026-07-20T15:01:29.202929,0.000000,5.259932
915.9153,2026-07-20T15:01:29.703523,0.000000,5.259724
916.4087,2026-07-20T15:01:30.196941,0.000000,5.259620
916.8750,2026-07-20T15:01:30.663213,0.000000,5.259664
917.3776,2026-07-20T15:01:31.165815,0.000000,5.259512
917.8508,2026-07-20T15:01:31.639058,0.000000,5.259076
918.3351,2026-07-20T15:01:32.123288,0.000000,5.258720
918.8619,2026-07-20T15:01:32.650084,0.000000,5.258452
919.3312,2026-07-20T15:01:33.119585,0.000000,5.258092
919.8341,2026-07-20T15:01:33.622256,0.000000,5.257700
920.3340,2026-07-20T15:01:34.122205,0.000000,5.257520
920.8251,2026-07-20T15:01:34.613325,0.000000,5.257512
921.3258,2026-07-20T15:01:35.113978,0.000000,5.257460
921.8223,2026-07-20T15:01:35.610467,0.000000,5.257376
922.3160,2026-07-20T15:01:36.104220,0.000000,5.257292
922.8340,2026-07-20T15:01:36.622238,0.000000,5.257096
923.3241,2026-07-20T15:01:37.112299,0.000000,5.256908
923.8084,2026-07-20T15:01:37.596623,0.000000,5.256804
924.3050,2026-07-20T15:01:38.093251,0.000000,5.256568
924.7729,2026-07-20T15:01:38.561133,0.000000,5.256408
925.2410,2026-07-20T15:01:39.029254,0.000000,5.255912
925.7091,2026-07-20T15:01:39.497259,0.000000,5.255544
926.1942,2026-07-20T15:01:39.982358,0.000000,5.255128
926.6963,2026-07-20T15:01:40.484456,0.000000,5.254772
927.1939,2026-07-20T15:01:40.982103,0.000000,5.254296
927.7138,2026-07-20T15:01:41.501983,0.000000,5.254048
928.2108,2026-07-20T15:01:41.999011,0.000000,5.253808
928.6665,2026-07-20T15:01:42.454683,0.000000,5.253564
929.1425,2026-07-20T15:01:42.930743,0.000000,5.253352
929.6423,2026-07-20T15:01:43.430495,0.000000,5.253168
930.1189,2026-07-20T15:01:43.907132,0.000000,5.253180
930.6174,2026-07-20T15:01:44.405601,0.000000,5.253140
931.1109,2026-07-20T15:01:44.899060,0.000000,5.253088
931.6118,2026-07-20T15:01:45.399971,0.000000,5.253116
932.1108,2026-07-20T15:01:45.898975,0.000000,5.253188
932.6088,2026-07-20T15:01:46.396995,0.000000,5.253240
933.1149,2026-07-20T15:01:46.903115,0.000000,5.253164
933.6022,2026-07-20T15:01:47.390375,0.000000,5.253192
934.1089,2026-07-20T15:01:47.897112,0.000000,5.253260
934.6081,2026-07-20T15:01:48.396342,0.000000,5.253336
935.0995,2026-07-20T15:01:48.887674,0.000000,5.253208
935.5672,2026-07-20T15:01:49.355378,0.000000,5.253116
936.0546,2026-07-20T15:01:49.842769,0.000000,5.252972
936.5523,2026-07-20T15:01:50.340474,0.000000,5.252864
937.0659,2026-07-20T15:01:50.854089,0.000000,5.252696
937.5630,2026-07-20T15:01:51.351219,0.000000,5.252560
938.0638,2026-07-20T15:01:51.851979,0.000000,5.252668
938.5463,2026-07-20T15:01:52.334460,0.000000,5.252680
939.0231,2026-07-20T15:01:52.811278,0.000000,5.252656
939.4945,2026-07-20T15:01:53.282711,0.000000,5.252552
939.9925,2026-07-20T15:01:53.780680,0.000000,5.252544
940.4763,2026-07-20T15:01:54.264537,0.000000,5.252616
940.9354,2026-07-20T15:01:54.723600,0.000000,5.252632
941.4338,2026-07-20T15:01:55.221959,0.000000,5.252660
941.9256,2026-07-20T15:01:55.713786,0.000000,5.252700
942.4202,2026-07-20T15:01:56.208413,0.000000,5.252692
942.9257,2026-07-20T15:01:56.713924,0.000000,5.252540
943.4262,2026-07-20T15:01:57.214388,0.000000,5.252420
943.9152,2026-07-20T15:01:57.703381,0.000000,5.252316
944.4054,2026-07-20T15:01:58.193587,0.000000,5.252280
944.9006,2026-07-20T15:01:58.688753,0.000000,5.252156
945.3971,2026-07-20T15:01:59.185250,0.000000,5.252068
945.8924,2026-07-20T15:01:59.680630,0.000000,5.251904
946.3800,2026-07-20T15:02:00.168166,0.000000,5.251640
946.8848,2026-07-20T15:02:00.672998,0.000000,5.251356
947.3725,2026-07-20T15:02:01.160727,0.000000,5.251252
947.8497,2026-07-20T15:02:01.637924,0.000000,5.251184
948.3060,2026-07-20T15:02:02.094170,0.000000,5.250988
948.7734,2026-07-20T15:02:02.561619,0.000000,5.250892
949.2327,2026-07-20T15:02:03.020913,0.000000,5.250744
949.7116,2026-07-20T15:02:03.499774,0.000000,5.250716
950.1775,2026-07-20T15:02:03.965725,0.000000,5.250724
950.6789,2026-07-20T15:02:04.467114,0.000000,5.250672
951.1742,2026-07-20T15:02:04.962381,0.000000,5.250724
951.6789,2026-07-20T15:02:05.467042,0.000000,5.250824
952.1761,2026-07-20T15:02:05.964263,0.000000,5.250836
952.6607,2026-07-20T15:02:06.448879,0.000000,5.250884
953.1780,2026-07-20T15:02:06.966206,0.000000,5.250916
953.6671,2026-07-20T15:02:07.455248,0.000000,5.250864
954.1505,2026-07-20T15:02:07.938678,0.000000,5.250856
954.6400,2026-07-20T15:02:08.428174,0.000000,5.250700
955.1166,2026-07-20T15:02:08.904802,0.000000,5.250488
955.5981,2026-07-20T15:02:09.386336,0.000000,5.250284
956.0986,2026-07-20T15:02:09.886781,0.000000,5.250204
956.5707,2026-07-20T15:02:10.358953,0.000000,5.250024
957.0685,2026-07-20T15:02:10.856735,0.000000,5.249856
957.5294,2026-07-20T15:02:11.317639,0.000000,5.249736
958.0291,2026-07-20T15:02:11.817281,0.000000,5.249640
958.5180,2026-07-20T15:02:12.306169,0.000000,5.249632
959.0369,2026-07-20T15:02:12.825057,0.000000,5.249572
959.5249,2026-07-20T15:02:13.313149,0.000000,5.249476
960.0330,2026-07-20T15:02:13.821192,0.000000,5.249456
960.4830,2026-07-20T15:02:14.271220,0.000000,5.249448
960.9676,2026-07-20T15:02:14.755771,0.000000,5.249336
961.4338,2026-07-20T15:02:15.222000,0.000000,5.249224
961.9358,2026-07-20T15:02:15.724051,0.000000,5.249196
962.4382,2026-07-20T15:02:16.226439,0.000000,5.249172
962.9150,2026-07-20T15:02:16.703249,0.000000,5.249004
963.4086,2026-07-20T15:02:17.196792,0.000000,5.248792
963.9275,2026-07-20T15:02:17.715747,0.000000,5.248560
964.4081,2026-07-20T15:02:18.196305,0.000000,5.248208
964.9105,2026-07-20T15:02:18.698723,0.000000,5.248020
965.4099,2026-07-20T15:02:19.198060,0.000000,5.247724
965.8797,2026-07-20T15:02:19.667862,0.000000,5.247520
966.3596,2026-07-20T15:02:20.147750,0.000000,5.247396
966.8563,2026-07-20T15:02:20.644556,0.000000,5.247236
967.3539,2026-07-20T15:02:21.142061,0.000000,5.246956
967.8301,2026-07-20T15:02:21.618299,0.000000,5.246864
968.2952,2026-07-20T15:02:22.083398,0.000000,5.246828
968.7920,2026-07-20T15:02:22.580273,0.000000,5.246960
969.2812,2026-07-20T15:02:23.069443,0.000000,5.247008
969.7717,2026-07-20T15:02:23.559901,0.000000,5.247144
970.2707,2026-07-20T15:02:24.058883,0.000000,5.247296
970.7211,2026-07-20T15:02:24.509304,0.000000,5.247264
971.2065,2026-07-20T15:02:24.994723,0.000000,5.247260
971.6981,2026-07-20T15:02:25.486296,0.000000,5.247216
972.1752,2026-07-20T15:02:25.963372,0.000000,5.247244
972.6745,2026-07-20T15:02:26.462668,0.000000,5.247344
973.1938,2026-07-20T15:02:26.981992,0.000000,5.247436
973.6790,2026-07-20T15:02:27.467189,0.000000,5.247532
974.1763,2026-07-20T15:02:27.964468,0.000000,5.247504
974.6447,2026-07-20T15:02:28.432924,0.000000,5.247508
975.1035,2026-07-20T15:02:28.891654,0.000000,5.247332
975.5781,2026-07-20T15:02:29.366261,0.000000,5.247252
976.0671,2026-07-20T15:02:29.855279,0.000000,5.247276
976.5474,2026-07-20T15:02:30.335577,0.000000,5.247360
977.0204,2026-07-20T15:02:30.808623,0.000000,5.247496
977.5105,2026-07-20T15:02:31.298750,0.000000,5.247476
978.0120,2026-07-20T15:02:31.800195,0.000000,5.247324
978.4847,2026-07-20T15:02:32.272901,0.000000,5.246736
978.9852,2026-07-20T15:02:32.773376,0.000000,5.246408
979.5105,2026-07-20T15:02:33.298679,0.000000,5.246164
979.9829,2026-07-20T15:02:33.771067,0.000000,5.246084
980.4606,2026-07-20T15:02:34.248832,0.000000,5.246028
980.9305,2026-07-20T15:02:34.718686,0.000000,5.245988
981.4181,2026-07-20T15:02:35.206280,0.000000,5.245872
981.8857,2026-07-20T15:02:35.673952,0.000000,5.245560
982.3701,2026-07-20T15:02:36.158301,0.000000,5.245356
982.8662,2026-07-20T15:02:36.654427,0.000000,5.245240
983.3147,2026-07-20T15:02:37.102921,0.000000,5.245452
983.7837,2026-07-20T15:02:37.571864,0.000000,5.245564
984.2741,2026-07-20T15:02:38.062275,0.000000,5.245756
984.7482,2026-07-20T15:02:38.536400,0.000000,5.245788
985.2480,2026-07-20T15:02:39.036191,0.000000,5.245784
985.7125,2026-07-20T15:02:39.500710,0.000000,5.245772
986.2158,2026-07-20T15:02:40.003997,0.000000,5.245692
986.7437,2026-07-20T15:02:40.531934,0.000000,5.245732
987.2084,2026-07-20T15:02:40.996603,0.000000,5.245824
987.6903,2026-07-20T15:02:41.478510,0.000000,5.245856
988.1816,2026-07-20T15:02:41.969795,0.000000,5.245832
988.6696,2026-07-20T15:02:42.457837,0.000000,5.245840
989.1776,2026-07-20T15:02:42.965766,0.000000,5.245644
989.6696,2026-07-20T15:02:43.457832,0.000000,5.245600
990.1677,2026-07-20T15:02:43.955955,0.000000,5.245528
990.6634,2026-07-20T15:02:44.451619,0.000000,5.245572
991.1795,2026-07-20T15:02:44.967697,0.000000,5.245680
991.6674,2026-07-20T15:02:45.455636,0.000000,5.245784
992.1747,2026-07-20T15:02:45.962917,0.000000,5.245792
992.6712,2026-07-20T15:02:46.459364,0.000000,5.245848
993.1562,2026-07-20T15:02:46.944395,0.000000,5.245804
993.6601,2026-07-20T15:02:47.448328,0.000000,5.245660
994.1278,2026-07-20T15:02:47.916015,0.000000,5.245684
994.6206,2026-07-20T15:02:48.408825,0.000000,5.245708
995.1397,2026-07-20T15:02:48.927890,0.000000,5.245776
995.6054,2026-07-20T15:02:49.393579,0.000000,5.245652
996.1027,2026-07-20T15:02:49.890858,0.000000,5.245536
996.5756,2026-07-20T15:02:50.363766,0.000000,5.245384
997.0696,2026-07-20T15:02:50.857848,0.000000,5.245228
997.5187,2026-07-20T15:02:51.306845,0.000000,5.245092
997.9719,2026-07-20T15:02:51.760060,0.000000,5.244948
998.4491,2026-07-20T15:02:52.237278,0.000000,5.244736
998.9455,2026-07-20T15:02:52.733684,0.000000,5.244672
999.4517,2026-07-20T15:02:53.239888,0.000000,5.244428
999.9271,2026-07-20T15:02:53.715323,0.000000,5.244448
1000.4028,2026-07-20T15:02:54.191015,0.000000,5.244424
1000.8977,2026-07-20T15:02:54.685862,0.000000,5.244388
1001.3894,2026-07-20T15:02:55.177640,0.000000,5.244500
1001.8774,2026-07-20T15:02:55.665606,0.000000,5.244664
1002.3977,2026-07-20T15:02:56.185884,0.000000,5.244772
1002.8817,2026-07-20T15:02:56.669879,0.000000,5.244744
1003.3711,2026-07-20T15:02:57.159322,0.000000,5.245024
1003.8697,2026-07-20T15:02:57.657890,0.000000,5.245180
1004.3587,2026-07-20T15:02:58.146890,0.000000,5.245368
1004.8581,2026-07-20T15:02:58.646261,0.000000,5.245284
1005.3374,2026-07-20T15:02:59.125655,0.000000,5.245220
1005.8257,2026-07-20T15:02:59.613909,0.000000,5.245348
1006.3410,2026-07-20T15:03:00.129256,0.000000,5.245380
1006.8316,2026-07-20T15:03:00.619801,0.000000,5.245420
1007.3358,2026-07-20T15:03:01.123998,0.000000,5.245536
1007.8145,2026-07-20T15:03:01.602658,0.000000,5.245632
1008.3081,2026-07-20T15:03:02.096318,0.000000,5.245916
1008.8109,2026-07-20T15:03:02.599142,0.000000,5.245980
1009.2773,2026-07-20T15:03:03.065493,0.000000,5.246076
1009.7811,2026-07-20T15:03:03.569331,0.000000,5.246052
1010.2538,2026-07-20T15:03:04.042021,0.000000,5.246120
1010.7497,2026-07-20T15:03:04.537909,0.000000,5.246144
1011.2633,2026-07-20T15:03:05.051515,0.000000,5.246108
1011.7282,2026-07-20T15:03:05.516385,0.000000,5.246172
1012.2298,2026-07-20T15:03:06.018008,0.000000,5.246168
1012.7212,2026-07-20T15:03:06.509388,0.000000,5.246264
1013.2034,2026-07-20T15:03:06.991589,0.000000,5.246276
1013.7086,2026-07-20T15:03:07.496790,0.000000,5.246412
1014.2089,2026-07-20T15:03:07.997050,0.000000,5.246500
1014.7004,2026-07-20T15:03:08.488569,0.000000,5.246752
1015.1916,2026-07-20T15:03:08.979822,0.000000,5.246848
1015.6627,2026-07-20T15:03:09.450888,0.000000,5.246920
1016.1419,2026-07-20T15:03:09.930120,0.000000,5.246928
1016.6077,2026-07-20T15:03:10.395895,0.000000,5.246772
1017.1060,2026-07-20T15:03:10.894231,0.000000,5.246728
1017.6060,2026-07-20T15:03:11.394174,0.000000,5.246588
1018.1060,2026-07-20T15:03:11.894212,0.000000,5.246476
1018.6105,2026-07-20T15:03:12.398699,0.000000,5.246220
1019.1023,2026-07-20T15:03:12.890491,0.000000,5.246056
1019.6113,2026-07-20T15:03:13.399477,0.000000,5.246064
1020.1059,2026-07-20T15:03:13.894122,0.000000,5.246108
1020.5961,2026-07-20T15:03:14.384318,0.000000,5.246180
1021.0670,2026-07-20T15:03:14.855219,0.000000,5.246160
1021.5668,2026-07-20T15:03:15.355007,0.000000,5.246072
1022.0446,2026-07-20T15:03:15.832755,0.000000,5.245936
1022.5203,2026-07-20T15:03:16.308455,0.000000,5.245948
1022.9982,2026-07-20T15:03:16.786411,0.000000,5.246024
1023.4592,2026-07-20T15:03:17.247410,0.000000,5.246076
1023.9615,2026-07-20T15:03:17.749750,0.000000,5.245952
1024.4485,2026-07-20T15:03:18.236804,0.000000,5.245800
1024.9178,2026-07-20T15:03:18.706023,0.000000,5.245676
1025.3951,2026-07-20T15:03:19.183289,0.000000,5.245568
1025.8603,2026-07-20T15:03:19.648510,0.000000,5.245324
1026.3627,2026-07-20T15:03:20.150895,0.000000,5.245116
1026.8774,2026-07-20T15:03:20.665565,0.000000,5.245140
1027.3597,2026-07-20T15:03:21.147866,0.000000,5.245172
1027.8584,2026-07-20T15:03:21.646636,0.000000,5.245224
1028.3147,2026-07-20T15:03:22.102857,0.000000,5.245176
1028.8054,2026-07-20T15:03:22.593557,0.000000,5.245320
1029.3070,2026-07-20T15:03:23.095162,0.000000,5.245456
1029.7666,2026-07-20T15:03:23.554786,0.000000,5.245596
1030.2543,2026-07-20T15:03:24.042470,0.000000,5.245600
1030.7475,2026-07-20T15:03:24.535723,0.000000,5.245796
1031.2119,2026-07-20T15:03:25.000077,0.000000,5.245940
1031.7102,2026-07-20T15:03:25.498357,0.000000,5.245924
1032.1722,2026-07-20T15:03:25.960444,0.000000,5.245968
1032.6320,2026-07-20T15:03:26.420191,0.000000,5.245748
1033.1323,2026-07-20T15:03:26.920544,0.000000,5.245564
1033.6341,2026-07-20T15:03:27.422269,0.000000,5.245324
1034.1479,2026-07-20T15:03:27.936075,0.000000,5.245232
1034.6361,2026-07-20T15:03:28.424273,0.000000,5.245004
1035.1125,2026-07-20T15:03:28.900720,0.000000,5.244868
1035.6107,2026-07-20T15:03:29.398867,0.000000,5.244748
1036.0660,2026-07-20T15:03:29.854182,0.000000,5.244724
1036.5545,2026-07-20T15:03:30.342673,0.000000,5.244660
1037.0344,2026-07-20T15:03:30.822590,0.000000,5.244788
1037.5095,2026-07-20T15:03:31.297732,0.000000,5.244980
1038.0145,2026-07-20T15:03:31.802739,0.000000,5.245068
1038.4976,2026-07-20T15:03:32.285852,0.000000,5.245220
1038.9798,2026-07-20T15:03:32.768014,0.000000,5.245404
1039.5110,2026-07-20T15:03:33.299184,0.000000,5.245508
1040.0012,2026-07-20T15:03:33.789453,0.000000,5.245508
1040.5062,2026-07-20T15:03:34.294357,0.000000,5.245744
1040.9821,2026-07-20T15:03:34.770284,0.000000,5.245788
1041.4501,2026-07-20T15:03:35.238264,0.000000,5.245896
1041.9438,2026-07-20T15:03:35.732024,0.000000,5.245832
1042.4436,2026-07-20T15:03:36.231758,0.000000,5.245788
1042.9081,2026-07-20T15:03:36.696318,0.000000,5.245952
1043.4086,2026-07-20T15:03:37.196787,0.000000,5.246004
1043.8682,2026-07-20T15:03:37.656394,0.000000,5.246196
1044.3610,2026-07-20T15:03:38.149166,0.000000,5.246288
1044.8592,2026-07-20T15:03:38.647366,0.000000,5.246444
1045.3537,2026-07-20T15:03:39.141872,0.000000,5.246676
1045.8352,2026-07-20T15:03:39.623441,0.000000,5.246916
1046.3342,2026-07-20T15:03:40.122422,0.000000,5.246904
1046.8181,2026-07-20T15:03:40.606275,0.000000,5.247084
1047.3172,2026-07-20T15:03:41.105426,0.000000,5.247252
1047.8151,2026-07-20T15:03:41.603332,0.000000,5.247216
1048.3116,2026-07-20T15:03:42.099857,0.000000,5.247288
1048.8067,2026-07-20T15:03:42.594866,0.000000,5.247284
1049.3270,2026-07-20T15:03:43.115208,0.000000,5.247216
1049.8000,2026-07-20T15:03:43.588203,0.000000,5.247252
1050.3047,2026-07-20T15:03:44.092927,0.000000,5.247260
1050.7872,2026-07-20T15:03:44.575365,0.000000,5.247220
1051.2611,2026-07-20T15:03:45.049262,0.000000,5.247368
1051.7618,2026-07-20T15:03:45.550027,0.000000,5.247456
1052.2252,2026-07-20T15:03:46.013358,0.000000,5.247476
1052.7185,2026-07-20T15:03:46.506747,0.000000,5.247500
1053.2069,2026-07-20T15:03:46.995116,0.000000,5.247532
1053.7028,2026-07-20T15:03:47.490967,0.000000,5.247488
1054.2092,2026-07-20T15:03:47.997386,0.000000,5.247596
1054.7208,2026-07-20T15:03:48.509017,0.000000,5.247576
1055.2118,2026-07-20T15:03:48.999997,0.000000,5.247616
1055.7027,2026-07-20T15:03:49.490906,0.000000,5.247600
1056.2022,2026-07-20T15:03:49.990384,0.000000,5.247792
1056.7017,2026-07-20T15:03:50.489884,0.000000,5.247812
1057.1798,2026-07-20T15:03:50.967990,0.000000,5.247904
1057.6697,2026-07-20T15:03:51.457929,0.000000,5.248024
1058.1917,2026-07-20T15:03:51.979863,0.000000,5.248288
1058.6835,2026-07-20T15:03:52.471754,0.000000,5.248628
1059.1493,2026-07-20T15:03:52.937551,0.000000,5.248824
1059.6297,2026-07-20T15:03:53.417869,0.000000,5.248944
1060.1020,2026-07-20T15:03:53.890218,0.000000,5.249180
1060.5985,2026-07-20T15:03:54.386687,0.000000,5.249296
1061.0581,2026-07-20T15:03:54.846266,0.000000,5.249160
1061.5231,2026-07-20T15:03:55.311315,0.000000,5.249212
1062.0191,2026-07-20T15:03:55.807338,0.000000,5.249300
1062.4968,2026-07-20T15:03:56.285028,0.000000,5.249384
1062.9995,2026-07-20T15:03:56.787686,0.000000,5.249132
1063.5000,2026-07-20T15:03:57.288211,0.000000,5.248796
1064.0226,2026-07-20T15:03:57.810791,0.000000,5.248624
1064.5026,2026-07-20T15:03:58.290762,0.000000,5.248640
1065.0012,2026-07-20T15:03:58.789426,0.000000,5.248536
1065.4956,2026-07-20T15:03:59.283794,0.000000,5.248484
1065.9958,2026-07-20T15:03:59.783966,0.000000,5.248568
1066.4889,2026-07-20T15:04:00.277047,0.000000,5.248680
1066.9914,2026-07-20T15:04:00.779578,0.000000,5.248680
1067.5092,2026-07-20T15:04:01.297434,0.000000,5.248752
1067.9679,2026-07-20T15:04:01.756149,0.000000,5.248988
1068.4178,2026-07-20T15:04:02.206042,0.000000,5.249120
1068.8913,2026-07-20T15:04:02.679525,0.000000,5.249304
1069.3729,2026-07-20T15:04:03.161096,0.000000,5.249440
1069.8620,2026-07-20T15:04:03.650227,0.000000,5.249428
1070.3596,2026-07-20T15:04:04.147839,0.000000,5.249556
1070.8344,2026-07-20T15:04:04.622619,0.000000,5.249632
1071.3264,2026-07-20T15:04:05.114551,0.000000,5.249636
1071.8212,2026-07-20T15:04:05.609368,0.000000,5.249836
1072.3090,2026-07-20T15:04:06.097216,0.000000,5.249916
1072.8100,2026-07-20T15:04:06.598190,0.000000,5.249960
1073.3269,2026-07-20T15:04:07.115097,0.000000,5.250176
1073.8159,2026-07-20T15:04:07.604152,0.000000,5.250256
1074.3179,2026-07-20T15:04:08.106056,0.000000,5.250228
1074.8186,2026-07-20T15:04:08.606783,0.000000,5.250332
1075.3087,2026-07-20T15:04:09.096869,0.000000,5.250384
1075.8077,2026-07-20T15:04:09.595877,0.000000,5.250456
1076.2980,2026-07-20T15:04:10.086253,0.000000,5.250592
1076.7854,2026-07-20T15:04:10.573619,0.000000,5.250528
1077.2722,2026-07-20T15:04:11.060369,0.000000,5.250396
1077.7671,2026-07-20T15:04:11.555343,0.000000,5.250468
1078.2459,2026-07-20T15:04:12.034120,0.000000,5.250404
1078.7269,2026-07-20T15:04:12.515068,0.000000,5.250496
1079.2148,2026-07-20T15:04:13.002973,0.000000,5.250608
1079.7005,2026-07-20T15:04:13.488659,0.000000,5.250656
1080.2058,2026-07-20T15:04:13.994002,0.000000,5.250672
1080.7095,2026-07-20T15:04:14.497747,0.000000,5.250636
1081.2071,2026-07-20T15:04:14.995343,0.000000,5.250652
1081.6970,2026-07-20T15:04:15.485200,0.000000,5.250636
1082.2114,2026-07-20T15:04:15.999639,0.000000,5.250760
1082.7004,2026-07-20T15:04:16.488651,0.000000,5.250752
1083.1712,2026-07-20T15:04:16.959390,0.000000,5.250844
1083.6691,2026-07-20T15:04:17.457293,0.000000,5.250864
1084.1741,2026-07-20T15:04:17.962300,0.000000,5.250844
1084.6541,2026-07-20T15:04:18.442284,0.000000,5.250988
1085.1598,2026-07-20T15:04:18.947948,0.000000,5.251008
1085.6541,2026-07-20T15:04:19.442292,0.000000,5.251180
1086.1251,2026-07-20T15:04:19.913283,0.000000,5.251276
1086.6265,2026-07-20T15:04:20.414695,0.000000,5.251568
1087.1537,2026-07-20T15:04:20.941855,0.000000,5.251800
1087.6255,2026-07-20T15:04:21.413649,0.000000,5.251988
1088.1098,2026-07-20T15:04:21.898029,0.000000,5.252148
1088.5733,2026-07-20T15:04:22.361479,0.000000,5.252280
1089.0770,2026-07-20T15:04:22.865165,0.000000,5.252488
1089.5768,2026-07-20T15:04:23.364993,0.000000,5.252484
1090.0579,2026-07-20T15:04:23.846130,0.000000,5.252684
1090.5556,2026-07-20T15:04:24.343837,0.000000,5.252704
1091.0212,2026-07-20T15:04:24.809388,0.000000,5.252716
1091.5102,2026-07-20T15:04:25.298423,0.000000,5.252716
1092.0081,2026-07-20T15:04:25.796332,0.000000,5.252764
1092.4664,2026-07-20T15:04:26.254644,0.000000,5.252780
1092.9668,2026-07-20T15:04:26.754984,0.000000,5.252844
1093.4612,2026-07-20T15:04:27.249350,0.000000,5.252968
1093.9348,2026-07-20T15:04:27.723014,0.000000,5.253112
1094.4259,2026-07-20T15:04:28.214151,0.000000,5.253336
1094.9165,2026-07-20T15:04:28.704711,0.000000,5.253456
1095.4066,2026-07-20T15:04:29.194812,0.000000,5.253732
1095.8932,2026-07-20T15:04:29.681414,0.000000,5.253908
1096.3665,2026-07-20T15:04:30.154732,0.000000,5.254096
1096.8497,2026-07-20T15:04:30.637900,0.000000,5.254128
1097.3500,2026-07-20T15:04:31.138248,0.000000,5.254164
1097.8233,2026-07-20T15:04:31.611531,0.000000,5.254352
1098.3418,2026-07-20T15:04:32.130018,0.000000,5.254536
1098.8414,2026-07-20T15:04:32.629636,0.000000,5.254592
1099.3097,2026-07-20T15:04:33.097950,0.000000,5.254672
1099.8068,2026-07-20T15:04:33.595047,0.000000,5.254656
1100.2833,2026-07-20T15:04:34.071528,0.000000,5.254752
1100.7847,2026-07-20T15:04:34.572931,0.000000,5.254860
1101.2854,2026-07-20T15:04:35.073628,0.000000,5.254912
1101.7859,2026-07-20T15:04:35.574107,0.000000,5.255156
1102.2874,2026-07-20T15:04:36.075562,0.000000,5.255480
1102.7796,2026-07-20T15:04:36.567862,0.000000,5.255712
1103.2600,2026-07-20T15:04:37.048249,0.000000,5.255956
1103.7391,2026-07-20T15:04:37.527244,0.000000,5.256000
1104.2099,2026-07-20T15:04:37.998099,0.000000,5.256196
1104.7110,2026-07-20T15:04:38.499194,0.000000,5.256548
1105.2115,2026-07-20T15:04:38.999677,0.000000,5.256708
1105.7149,2026-07-20T15:04:39.503130,0.000000,5.257176
1106.2075,2026-07-20T15:04:39.995726,0.000000,5.257544
1106.6756,2026-07-20T15:04:40.463811,0.000000,5.257948
1107.1471,2026-07-20T15:04:40.935378,0.000000,5.258308
1107.6302,2026-07-20T15:04:41.418433,0.000000,5.258484
1108.1290,2026-07-20T15:04:41.917175,0.000000,5.258616
1108.6318,2026-07-20T15:04:42.420022,0.000000,5.258960
1109.1222,2026-07-20T15:04:42.910396,0.000000,5.259004
1109.6229,2026-07-20T15:04:43.411149,0.000000,5.259116
1110.1153,2026-07-20T15:04:43.903499,0.000000,5.259228
1110.6374,2026-07-20T15:04:44.425580,0.000000,5.259256
1111.0891,2026-07-20T15:04:44.877352,0.000000,5.259336
1111.5849,2026-07-20T15:04:45.373084,0.000000,5.259404
1112.0916,2026-07-20T15:04:45.879747,0.000000,5.259460
1112.5583,2026-07-20T15:04:46.346516,0.000000,5.259540
1113.0379,2026-07-20T15:04:46.826103,0.000000,5.259736
1113.5349,2026-07-20T15:04:47.323129,0.000000,5.260060
1114.0236,2026-07-20T15:04:47.811812,0.000000,5.260408
1114.5102,2026-07-20T15:04:48.298376,0.000000,5.260776
1114.9996,2026-07-20T15:04:48.787757,0.000000,5.261276
1115.4914,2026-07-20T15:04:49.279621,0.000000,5.261536
1116.0189,2026-07-20T15:04:49.807127,0.000000,5.261764
1116.5115,2026-07-20T15:04:50.299702,0.000000,5.262096
1117.0113,2026-07-20T15:04:50.799467,0.000000,5.262384
1117.5080,2026-07-20T15:04:51.296239,0.000000,5.262864
1117.9654,2026-07-20T15:04:51.753586,0.000000,5.263116
1118.4612,2026-07-20T15:04:52.249395,0.000000,5.263420
1118.9518,2026-07-20T15:04:52.740018,0.000000,5.263820
1119.4160,2026-07-20T15:04:53.204229,0.000000,5.264080
1119.9101,2026-07-20T15:04:53.698278,0.000000,5.264284
1120.3653,2026-07-20T15:04:54.153531,0.000000,5.264680
1120.8707,2026-07-20T15:04:54.658896,0.000000,5.264960
1121.3959,2026-07-20T15:04:55.184105,0.000000,5.265144
1121.8953,2026-07-20T15:04:55.683545,0.000000,5.265564
1122.3983,2026-07-20T15:04:56.186520,0.000000,5.265624
1122.8755,2026-07-20T15:04:56.663703,0.000000,5.265800
1123.3596,2026-07-20T15:04:57.147833,0.000000,5.265852
1123.8374,2026-07-20T15:04:57.625568,0.000000,5.265776
1124.3246,2026-07-20T15:04:58.112842,0.000000,5.265852
1124.8175,2026-07-20T15:04:58.605671,0.000000,5.265976
1125.2951,2026-07-20T15:04:59.083292,0.000000,5.266088
1125.7752,2026-07-20T15:04:59.563366,0.000000,5.266196
1126.2986,2026-07-20T15:05:00.086798,0.000000,5.266296
1126.7765,2026-07-20T15:05:00.564715,0.000000,5.266284
1127.2411,2026-07-20T15:05:01.029291,0.000000,5.266536
1127.7301,2026-07-20T15:05:01.518308,0.000000,5.266548
1128.2137,2026-07-20T15:05:02.001907,0.000000,5.266636
1128.6913,2026-07-20T15:05:02.479497,0.000000,5.266836
1129.1841,2026-07-20T15:05:02.972264,0.000000,5.267044
1129.6494,2026-07-20T15:05:03.437560,0.000000,5.267104
1130.1503,2026-07-20T15:05:03.938503,0.000000,5.267180
1130.6448,2026-07-20T15:05:04.433031,0.000000,5.267268
1131.1246,2026-07-20T15:05:04.912793,0.000000,5.267448
1131.6294,2026-07-20T15:05:05.417642,0.000000,5.267648
1132.1472,2026-07-20T15:05:05.935357,0.000000,5.267856
1132.6145,2026-07-20T15:05:06.402659,0.000000,5.268100
1133.1108,2026-07-20T15:05:06.898950,0.000000,5.268368
1133.5713,2026-07-20T15:05:07.359489,0.000000,5.268672
1134.0663,2026-07-20T15:05:07.854470,0.000000,5.268872
1134.5713,2026-07-20T15:05:08.359508,0.000000,5.269088
1135.0534,2026-07-20T15:05:08.841612,0.000000,5.269300
1135.5212,2026-07-20T15:05:09.309401,0.000000,5.269436
1136.0122,2026-07-20T15:05:09.800432,0.000000,5.269536
1136.5100,2026-07-20T15:05:10.298215,0.000000,5.269668
1137.0266,2026-07-20T15:05:10.814812,0.000000,5.269760
1137.5288,2026-07-20T15:05:11.317014,0.000000,5.269856
1137.9976,2026-07-20T15:05:11.785818,0.000000,5.270016
1138.5052,2026-07-20T15:05:12.293360,0.000000,5.269888
1138.9775,2026-07-20T15:05:12.765695,0.000000,5.269852
1139.4556,2026-07-20T15:05:13.243788,0.000000,5.269996
1139.9492,2026-07-20T15:05:13.737405,0.000000,5.269960
1140.4406,2026-07-20T15:05:14.228803,0.000000,5.270120
1140.9083,2026-07-20T15:05:14.696523,0.000000,5.270236
1141.3846,2026-07-20T15:05:15.172810,0.000000,5.270460
1141.8663,2026-07-20T15:05:15.654515,0.000000,5.270492
1142.3582,2026-07-20T15:05:16.146451,0.000000,5.270652
1142.8685,2026-07-20T15:05:16.656671,0.000000,5.270888
1143.3605,2026-07-20T15:05:17.148678,0.000000,5.271112
1143.8497,2026-07-20T15:05:17.637862,0.000000,5.271488
1144.3493,2026-07-20T15:05:18.137518,0.000000,5.271592
1144.8077,2026-07-20T15:05:18.595953,0.000000,5.271876
1145.3162,2026-07-20T15:05:19.104450,0.000000,5.272008
1145.8043,2026-07-20T15:05:19.592521,0.000000,5.272232
1146.2998,2026-07-20T15:05:20.088022,0.000000,5.272380
1146.7925,2026-07-20T15:05:20.580751,0.000000,5.272604
1147.3122,2026-07-20T15:05:21.100443,0.000000,5.272840
1147.8070,2026-07-20T15:05:21.595176,0.000000,5.272936
1148.2951,2026-07-20T15:05:22.083273,0.000000,5.273116
1148.7668,2026-07-20T15:05:22.555048,0.000000,5.273204
1149.2607,2026-07-20T15:05:23.048915,0.000000,5.273324
1149.7536,2026-07-20T15:05:23.541776,0.000000,5.273440
1150.2204,2026-07-20T15:05:24.008557,0.000000,5.273700
1150.7186,2026-07-20T15:05:24.506771,0.000000,5.273900
1151.2245,2026-07-20T15:05:25.012700,0.000000,5.274152
1151.7594,2026-07-20T15:05:25.547601,0.000000,5.274448
1152.2598,2026-07-20T15:05:26.047960,0.000000,5.274628
1152.7529,2026-07-20T15:05:26.541112,0.000000,5.274836
1153.2220,2026-07-20T15:05:27.010238,0.000000,5.275096
1153.7284,2026-07-20T15:05:27.516596,0.000000,5.275288
1154.2234,2026-07-20T15:05:28.011627,0.000000,5.275624
1154.7229,2026-07-20T15:05:28.511076,0.000000,5.275876
1155.2533,2026-07-20T15:05:29.041543,0.000000,5.276048
1155.7534,2026-07-20T15:05:29.541555,0.000000,5.276424
1156.2171,2026-07-20T15:05:30.005268,0.000000,5.276732
1156.7247,2026-07-20T15:05:30.512898,0.000000,5.276924
1157.2287,2026-07-20T15:05:31.016872,0.000000,5.277268
1157.7084,2026-07-20T15:05:31.496591,0.000000,5.277752
1158.2072,2026-07-20T15:05:31.995416,0.000000,5.278240
1158.7319,2026-07-20T15:05:32.520066,0.000000,5.278740
1159.2164,2026-07-20T15:05:33.004635,0.000000,5.279152
1159.7011,2026-07-20T15:05:33.489351,0.000000,5.279524
1160.1991,2026-07-20T15:05:33.987275,0.000000,5.280224
1160.6954,2026-07-20T15:05:34.483557,0.000000,5.280800
1161.1656,2026-07-20T15:05:34.953782,0.000000,5.281268
1161.6318,2026-07-20T15:05:35.419985,0.000000,5.281776
1162.1284,2026-07-20T15:05:35.916609,0.000000,5.282240
1162.6241,2026-07-20T15:05:36.412339,0.000000,5.282556
1163.1055,2026-07-20T15:05:36.893750,0.000000,5.282916
1163.5933,2026-07-20T15:05:37.381510,0.000000,5.283584
1164.1028,2026-07-20T15:05:37.891022,0.000000,5.284080
1164.5762,2026-07-20T15:05:38.364369,0.000000,5.284668
1165.0813,2026-07-20T15:05:38.869489,0.000000,5.285028
1165.5542,2026-07-20T15:05:39.342443,0.000000,5.285296
1166.0596,2026-07-20T15:05:39.847850,0.000000,5.285668
1166.5469,2026-07-20T15:05:40.335122,0.000000,5.285936
1167.0388,2026-07-20T15:05:40.826962,0.000000,5.286128
1167.5262,2026-07-20T15:05:41.314396,0.000000,5.286200
1167.9860,2026-07-20T15:05:41.774154,0.000000,5.286352
1168.4684,2026-07-20T15:05:42.256589,0.000000,5.286228
1168.9445,2026-07-20T15:05:42.732755,0.000000,5.286336
1169.4266,2026-07-20T15:05:43.214853,0.000000,5.286408
1169.9472,2026-07-20T15:05:43.735399,0.000000,5.286660
1170.4275,2026-07-20T15:05:44.215724,0.000000,5.286864
1170.9025,2026-07-20T15:05:44.690675,0.000000,5.287068
1171.4042,2026-07-20T15:05:45.192455,0.000000,5.287236
1171.8780,2026-07-20T15:05:45.666176,0.000000,5.287668
1172.3803,2026-07-20T15:05:46.168497,0.000000,5.288184
1172.8703,2026-07-20T15:05:46.658512,0.000000,5.288632
1173.3491,2026-07-20T15:05:47.137325,0.000000,5.289104
1173.8453,2026-07-20T15:05:47.633541,0.000000,5.289420
1174.3723,2026-07-20T15:05:48.160488,0.000000,5.289856
1174.8455,2026-07-20T15:05:48.633669,0.000000,5.290200
1175.3517,2026-07-20T15:05:49.139898,0.000000,5.290528
1175.8468,2026-07-20T15:05:49.635020,0.000000,5.291020
1176.3269,2026-07-20T15:05:50.115123,0.000000,5.291432
1176.8119,2026-07-20T15:05:50.600114,0.000000,5.291688
1177.2984,2026-07-20T15:05:51.086576,0.000000,5.292080
1177.7589,2026-07-20T15:05:51.547150,0.000000,5.292388
1178.2638,2026-07-20T15:05:52.051995,0.000000,5.292692
1178.7532,2026-07-20T15:05:52.541384,0.000000,5.293132
1179.2549,2026-07-20T15:05:53.043145,0.000000,5.293356
1179.7640,2026-07-20T15:05:53.552234,0.000000,5.293500
1180.2638,2026-07-20T15:05:54.051973,0.000000,5.293744
1180.7439,2026-07-20T15:05:54.532091,0.000000,5.293848
1181.2415,2026-07-20T15:05:55.029726,0.000000,5.294056
1181.7218,2026-07-20T15:05:55.510029,0.000000,5.294356
1182.2282,2026-07-20T15:05:56.016354,0.000000,5.294544
1182.7304,2026-07-20T15:05:56.518559,0.000000,5.294940
1183.2120,2026-07-20T15:05:57.000223,0.000000,5.295168
1183.7077,2026-07-20T15:05:57.495895,0.000000,5.295384
1184.2056,2026-07-20T15:05:57.993776,0.000000,5.295808
1184.7009,2026-07-20T15:05:58.489127,0.000000,5.296236
1185.1884,2026-07-20T15:05:58.976572,0.000000,5.296868
1185.6888,2026-07-20T15:05:59.476967,0.000000,5.297392
1186.1452,2026-07-20T15:05:59.933389,0.000000,5.297984
1186.6419,2026-07-20T15:06:00.430091,0.000000,5.298568
1187.1323,2026-07-20T15:06:00.920495,0.000000,5.299140
1187.6343,2026-07-20T15:06:01.422546,0.000000,5.299556
1188.1194,2026-07-20T15:06:01.907577,0.000000,5.300132
1188.6017,2026-07-20T15:06:02.389903,0.000000,5.300692
1189.1004,2026-07-20T15:06:02.888604,0.000000,5.301116
1189.5909,2026-07-20T15:06:03.379166,0.000000,5.301476
1190.0448,2026-07-20T15:06:03.832977,0.000000,5.301900
1190.5305,2026-07-20T15:06:04.318682,0.000000,5.302240
1191.0086,2026-07-20T15:06:04.796762,0.000000,5.302584
1191.4869,2026-07-20T15:06:05.275095,0.000000,5.302980
1191.9801,2026-07-20T15:06:05.768296,0.000000,5.303340
1192.4475,2026-07-20T15:06:06.235676,0.000000,5.303864
1192.9328,2026-07-20T15:06:06.721027,0.000000,5.304352
1193.4495,2026-07-20T15:06:07.237651,0.000000,5.304840
1193.9245,2026-07-20T15:06:07.712697,0.000000,5.305420
1194.3926,2026-07-20T15:06:08.180758,0.000000,5.306172
1194.8892,2026-07-20T15:06:08.677442,0.000000,5.306780
1195.3597,2026-07-20T15:06:09.147878,0.000000,5.307232
1195.8495,2026-07-20T15:06:09.637656,0.000000,5.307676
1196.3434,2026-07-20T15:06:10.131566,0.000000,5.308284
1196.8339,2026-07-20T15:06:10.622089,0.000000,5.308592
1197.3252,2026-07-20T15:06:11.113427,0.000000,5.308904
1197.8200,2026-07-20T15:06:11.608208,0.000000,5.309248
1198.3117,2026-07-20T15:06:12.099872,0.000000,5.309540
1198.7972,2026-07-20T15:06:12.585451,0.000000,5.309684
1199.2934,2026-07-20T15:06:13.081609,0.000000,5.309792
1199.7951,2026-07-20T15:06:13.583325,0.000000,5.309892
1200.2702,2026-07-20T15:06:14.058459,0.000000,5.310204
1200.7636,2026-07-20T15:06:14.551800,0.000000,5.310560
1201.2403,2026-07-20T15:06:15.028529,0.000000,5.310712
1201.7403,2026-07-20T15:06:15.528471,0.000000,5.311148
1202.2547,2026-07-20T15:06:16.042922,0.000000,5.311448
1202.7431,2026-07-20T15:06:16.531345,0.000000,5.311708
1203.2362,2026-07-20T15:06:17.024410,0.000000,5.312040
1203.7487,2026-07-20T15:06:17.536938,0.000000,5.312300
1204.2378,2026-07-20T15:06:18.026041,0.000000,5.312708
1204.7363,2026-07-20T15:06:18.524493,0.000000,5.313068
1205.2217,2026-07-20T15:06:19.009885,0.000000,5.313276
1205.7203,2026-07-20T15:06:19.508473,0.000000,5.313232
1206.2154,2026-07-20T15:06:20.003597,0.000000,5.313396
1206.7095,2026-07-20T15:06:20.497721,0.000000,5.313560
1207.2409,2026-07-20T15:06:21.029111,0.000000,5.313908
1207.7370,2026-07-20T15:06:21.525172,0.000000,5.314468
1208.2343,2026-07-20T15:06:22.022464,0.000000,5.314908
1208.7259,2026-07-20T15:06:22.514105,0.000000,5.315564
1209.2045,2026-07-20T15:06:22.992716,0.000000,5.316232
1209.6690,2026-07-20T15:06:23.457157,0.000000,5.316768
1210.1655,2026-07-20T15:06:23.953725,0.000000,5.317268
1210.6618,2026-07-20T15:06:24.449990,0.000000,5.318092
1211.1825,2026-07-20T15:06:24.970682,0.000000,5.319008
1211.6505,2026-07-20T15:06:25.438657,0.000000,5.319948
1212.1256,2026-07-20T15:06:25.913757,0.000000,5.320692
1212.6178,2026-07-20T15:06:26.405990,0.000000,5.321252
1213.1164,2026-07-20T15:06:26.904557,0.000000,5.321964
1213.6037,2026-07-20T15:06:27.391856,0.000000,5.322704
1214.0698,2026-07-20T15:06:27.857985,0.000000,5.323204
1214.5534,2026-07-20T15:06:28.341598,0.000000,5.323536
1215.0534,2026-07-20T15:06:28.841567,0.000000,5.324268
1215.5273,2026-07-20T15:06:29.315526,0.000000,5.324840
1216.0118,2026-07-20T15:06:29.800017,0.000000,5.325260
1216.4952,2026-07-20T15:06:30.283377,0.000000,5.325580
1216.9905,2026-07-20T15:06:30.778655,0.000000,5.325888
1217.4972,2026-07-20T15:06:31.285368,0.000000,5.326292
1217.9751,2026-07-20T15:06:31.763307,0.000000,5.326640
1218.4662,2026-07-20T15:06:32.254375,0.000000,5.326864
1218.9611,2026-07-20T15:06:32.749287,0.000000,5.327228
1219.4367,2026-07-20T15:06:33.224881,0.000000,5.327836
1219.9196,2026-07-20T15:06:33.707755,0.000000,5.328212
1220.3768,2026-07-20T15:06:34.164985,0.000000,5.328468
1220.8657,2026-07-20T15:06:34.653937,0.000000,5.328880
1221.3633,2026-07-20T15:06:35.151483,0.000000,5.329316
1221.8368,2026-07-20T15:06:35.625051,0.000000,5.329648
1222.3290,2026-07-20T15:06:36.117244,0.000000,5.329992
1222.7938,2026-07-20T15:06:36.582019,0.000000,5.330180
1223.2931,2026-07-20T15:06:37.081270,0.000000,5.330588
1223.8133,2026-07-20T15:06:37.601475,0.000000,5.330892
1224.2865,2026-07-20T15:06:38.074734,0.000000,5.331140
1224.7824,2026-07-20T15:06:38.570572,0.000000,5.331444
1225.2635,2026-07-20T15:06:39.051681,0.000000,5.331736
1225.7368,2026-07-20T15:06:39.525025,0.000000,5.331984
1226.2292,2026-07-20T15:06:40.017411,0.000000,5.332208
1226.6853,2026-07-20T15:06:40.473459,0.000000,5.332540
1227.1817,2026-07-20T15:06:40.969900,0.000000,5.332848
1227.6809,2026-07-20T15:06:41.469061,0.000000,5.333332
1228.1503,2026-07-20T15:06:41.938520,0.000000,5.333720
1228.6493,2026-07-20T15:06:42.437512,0.000000,5.334044
1229.1760,2026-07-20T15:06:42.964198,0.000000,5.334472
1229.6500,2026-07-20T15:06:43.438180,0.000000,5.334872
1230.1510,2026-07-20T15:06:43.939228,0.000000,5.335264
1230.6491,2026-07-20T15:06:44.437331,0.000000,5.335524
1231.1303,2026-07-20T15:06:44.918454,0.000000,5.335876
1231.6300,2026-07-20T15:06:45.418158,0.000000,5.336256
1232.1201,2026-07-20T15:06:45.908296,0.000000,5.336596
1232.6118,2026-07-20T15:06:46.400015,0.000000,5.336988
1233.1324,2026-07-20T15:06:46.920635,0.000000,5.337360
1233.6154,2026-07-20T15:06:47.403640,0.000000,5.337764
1234.0926,2026-07-20T15:06:47.880801,0.000000,5.338268
1234.5793,2026-07-20T15:06:48.367488,0.000000,5.338748
1235.0546,2026-07-20T15:06:48.842760,0.000000,5.339216
1235.5310,2026-07-20T15:06:49.319213,0.000000,5.339800
1236.0094,2026-07-20T15:06:49.797615,0.000000,5.340400
1236.5126,2026-07-20T15:06:50.300766,0.000000,5.341004
1237.0118,2026-07-20T15:06:50.799986,0.000000,5.341644
1237.4837,2026-07-20T15:06:51.271925,0.000000,5.342188
1237.9826,2026-07-20T15:06:51.770762,0.000000,5.342784
1238.5133,2026-07-20T15:06:52.301495,0.000000,5.343392
1239.0050,2026-07-20T15:06:52.793161,0.000000,5.344004
1239.5016,2026-07-20T15:06:53.289827,0.000000,5.344584
1239.9990,2026-07-20T15:06:53.787252,0.000000,5.345136
1240.5032,2026-07-20T15:06:54.291407,0.000000,5.345784
1240.9927,2026-07-20T15:06:54.780910,0.000000,5.346316
1241.4711,2026-07-20T15:06:55.259326,0.000000,5.346656
1241.9510,2026-07-20T15:06:55.739234,0.000000,5.346988
1242.4256,2026-07-20T15:06:56.213840,0.000000,5.347284
1242.9122,2026-07-20T15:06:56.700451,0.000000,5.347456
1243.4318,2026-07-20T15:06:57.219950,0.000000,5.347748
1243.9283,2026-07-20T15:06:57.716464,0.000000,5.347864
1244.4068,2026-07-20T15:06:58.195001,0.000000,5.348088
1244.9129,2026-07-20T15:06:58.701079,0.000000,5.348408
1245.3625,2026-07-20T15:06:59.150658,0.000000,5.348612
1245.8610,2026-07-20T15:06:59.649251,0.000000,5.348760
1246.3167,2026-07-20T15:07:00.104938,0.000000,5.349088
1246.8044,2026-07-20T15:07:00.592566,0.000000,5.349300
1247.3015,2026-07-20T15:07:01.089697,0.000000,5.349564
1247.7679,2026-07-20T15:07:01.556095,0.000000,5.349856
1248.2683,2026-07-20T15:07:02.056538,0.000000,5.350080
1248.7962,2026-07-20T15:07:02.584401,0.000000,5.350300
1249.2951,2026-07-20T15:07:03.083290,0.000000,5.350596
1249.7887,2026-07-20T15:07:03.576847,0.000000,5.350732
1250.2847,2026-07-20T15:07:04.072941,0.000000,5.350972
1250.7526,2026-07-20T15:07:04.540815,0.000000,5.351380
1251.2493,2026-07-20T15:07:05.037495,0.000000,5.351704
1251.7384,2026-07-20T15:07:05.526594,0.000000,5.352036
1252.2163,2026-07-20T15:07:06.004520,0.000000,5.352280
1252.7209,2026-07-20T15:07:06.509071,0.000000,5.352316
1253.2494,2026-07-20T15:07:07.037604,0.000000,5.352596
1253.7067,2026-07-20T15:07:07.494888,0.000000,5.352668
1254.1795,2026-07-20T15:07:07.967675,0.000000,5.352940
1254.6374,2026-07-20T15:07:08.425617,0.000000,5.353248
1255.1135,2026-07-20T15:07:08.901741,0.000000,5.353376
1255.6130,2026-07-20T15:07:09.401252,0.000000,5.353584
1256.1078,2026-07-20T15:07:09.895947,0.000000,5.353864
1256.5960,2026-07-20T15:07:10.384236,0.000000,5.354104
1257.0717,2026-07-20T15:07:10.859871,0.000000,5.354380
1257.5663,2026-07-20T15:07:11.354545,0.000000,5.354888
1258.0535,2026-07-20T15:07:11.841696,0.000000,5.355328
1258.5224,2026-07-20T15:07:12.310583,0.000000,5.355852
1259.0272,2026-07-20T15:07:12.815378,0.000000,5.356264
1259.5500,2026-07-20T15:07:13.338251,0.000000,5.356828
1260.0213,2026-07-20T15:07:13.809456,0.000000,5.357432
1260.5131,2026-07-20T15:07:14.301299,0.000000,5.357940
1260.9988,2026-07-20T15:07:14.787033,0.000000,5.358500
1261.4958,2026-07-20T15:07:15.283991,0.000000,5.358980
1261.9823,2026-07-20T15:07:15.770531,0.000000,5.359768
1262.4650,2026-07-20T15:07:16.253207,0.000000,5.360372
1262.9365,2026-07-20T15:07:16.724660,0.000000,5.360928
1263.4299,2026-07-20T15:07:17.218134,0.000000,5.361328
1263.9314,2026-07-20T15:07:17.719557,0.000000,5.361916
1264.4371,2026-07-20T15:07:18.225345,0.000000,5.362348
1264.9366,2026-07-20T15:07:18.724798,0.000000,5.362776
1265.4149,2026-07-20T15:07:19.203086,0.000000,5.363124
1265.8782,2026-07-20T15:07:19.666399,0.000000,5.363456
1266.3596,2026-07-20T15:07:20.147773,0.000000,5.363744
1266.8455,2026-07-20T15:07:20.633738,0.000000,5.364096
1267.3087,2026-07-20T15:07:21.096881,0.000000,5.364244
1267.7965,2026-07-20T15:07:21.584748,0.000000,5.364580
1268.2937,2026-07-20T15:07:22.081897,0.000000,5.365024
1268.7515,2026-07-20T15:07:22.539706,0.000000,5.365272
1269.2270,2026-07-20T15:07:23.015164,0.000000,5.365384
1269.7260,2026-07-20T15:07:23.514185,0.000000,5.365644
1270.2288,2026-07-20T15:07:24.017003,0.000000,5.365888
1270.7185,2026-07-20T15:07:24.506709,0.000000,5.366196
1271.2259,2026-07-20T15:07:25.014069,0.000000,5.366384
1271.7099,2026-07-20T15:07:25.498177,0.000000,5.366640
1272.2007,2026-07-20T15:07:25.988862,0.000000,5.366884
1272.6722,2026-07-20T15:07:26.460398,0.000000,5.367200
1273.1612,2026-07-20T15:07:26.949407,0.000000,5.367252
1273.6473,2026-07-20T15:07:27.435552,0.000000,5.367444
1274.1309,2026-07-20T15:07:27.919074,0.000000,5.367700
1274.6282,2026-07-20T15:07:28.416428,0.000000,5.367816
1275.1210,2026-07-20T15:07:28.909185,0.000000,5.368140
1275.6182,2026-07-20T15:07:29.406405,0.000000,5.368352
1276.1134,2026-07-20T15:07:29.901636,0.000000,5.368516
1276.6044,2026-07-20T15:07:30.392630,0.000000,5.368724
1277.1047,2026-07-20T15:07:30.892869,0.000000,5.368804
1277.6064,2026-07-20T15:07:31.394620,0.000000,5.368900
1278.0687,2026-07-20T15:07:31.856933,0.000000,5.369076
1278.5638,2026-07-20T15:07:32.352007,0.000000,5.369080
1279.0592,2026-07-20T15:07:32.847409,0.000000,5.369140
1279.5197,2026-07-20T15:07:33.307893,0.000000,5.369336
1280.0085,2026-07-20T15:07:33.796705,0.000000,5.369388
1280.5248,2026-07-20T15:07:34.313035,0.000000,5.369436
1281.0104,2026-07-20T15:07:34.798545,0.000000,5.369464
1281.5172,2026-07-20T15:07:35.305441,0.000000,5.369608
1282.0024,2026-07-20T15:07:35.790623,0.000000,5.369728
1282.5047,2026-07-20T15:07:36.292930,0.000000,5.369872
1282.9822,2026-07-20T15:07:36.770362,0.000000,5.369876
1283.4495,2026-07-20T15:07:37.237671,0.000000,5.369948
1283.9383,2026-07-20T15:07:37.726552,0.000000,5.370012
1284.4381,2026-07-20T15:07:38.226333,0.000000,5.370128
1284.9208,2026-07-20T15:07:38.708965,0.000000,5.370052
1285.4384,2026-07-20T15:07:39.226645,0.000000,5.369960
1285.9131,2026-07-20T15:07:39.701293,0.000000,5.369944
1286.4016,2026-07-20T15:07:40.189830,0.000000,5.369908
1286.8979,2026-07-20T15:07:40.686067,0.000000,5.369892
1287.3951,2026-07-20T15:07:41.183342,0.000000,5.369968
1287.8871,2026-07-20T15:07:41.675281,0.000000,5.370220
1288.3880,2026-07-20T15:07:42.176246,0.000000,5.370392
1288.8561,2026-07-20T15:07:42.644283,0.000000,5.370584
1289.3508,2026-07-20T15:07:43.138969,0.000000,5.370536
1289.8739,2026-07-20T15:07:43.662144,0.000000,5.370648
1290.3319,2026-07-20T15:07:44.120089,0.000000,5.370828
1290.8363,2026-07-20T15:07:44.624536,0.000000,5.370824
1291.3257,2026-07-20T15:07:45.113900,0.000000,5.370844
1291.8059,2026-07-20T15:07:45.594106,0.000000,5.370740
1292.2956,2026-07-20T15:07:46.083837,0.000000,5.370624
1292.7618,2026-07-20T15:07:46.549962,0.000000,5.370388
1293.2531,2026-07-20T15:07:47.041275,0.000000,5.370280
1293.7621,2026-07-20T15:07:47.550352,0.000000,5.370212
1294.2254,2026-07-20T15:07:48.013602,0.000000,5.370248
1294.7071,2026-07-20T15:07:48.495331,0.000000,5.370196
1295.1817,2026-07-20T15:07:48.969934,0.000000,5.370068
1295.6821,2026-07-20T15:07:49.470283,0.000000,5.370084
1296.1848,2026-07-20T15:07:49.973008,0.000000,5.370184
1296.6435,2026-07-20T15:07:50.431736,0.000000,5.370308
1297.1373,2026-07-20T15:07:50.925495,0.000000,5.370364
1297.6304,2026-07-20T15:07:51.418548,0.000000,5.370500
1298.0963,2026-07-20T15:07:51.884521,0.000000,5.370596
1298.5966,2026-07-20T15:07:52.384754,0.000000,5.370592
1299.0527,2026-07-20T15:07:52.840923,0.000000,5.370652
1299.5459,2026-07-20T15:07:53.334126,0.000000,5.370760
1300.0422,2026-07-20T15:07:53.830406,0.000000,5.370864
1300.5267,2026-07-20T15:07:54.314875,0.000000,5.370820
1301.0088,2026-07-20T15:07:54.797054,0.000000,5.370688
1301.4687,2026-07-20T15:07:55.256873,0.000000,5.370640
1301.9665,2026-07-20T15:07:55.754718,0.000000,5.370696
1302.4916,2026-07-20T15:07:56.279815,0.000000,5.370632
1302.9904,2026-07-20T15:07:56.778606,0.000000,5.370624
1303.4755,2026-07-20T15:07:57.263725,0.000000,5.370688
1303.9819,2026-07-20T15:07:57.770080,0.000000,5.370708
1304.4658,2026-07-20T15:07:58.254048,0.000000,5.370740
1304.9687,2026-07-20T15:07:58.756940,0.000000,5.370740
1305.4572,2026-07-20T15:07:59.245367,0.000000,5.370664
1305.9496,2026-07-20T15:07:59.737754,0.000000,5.370800
1306.4132,2026-07-20T15:08:00.201372,0.000000,5.370876
1306.9242,2026-07-20T15:08:00.712384,0.000000,5.370756
1307.4080,2026-07-20T15:08:01.196249,0.000000,5.370748
1307.8972,2026-07-20T15:08:01.685379,0.000000,5.370724
1308.3649,2026-07-20T15:08:02.153072,0.000000,5.370588
1308.8571,2026-07-20T15:08:02.645275,0.000000,5.370552
1309.3444,2026-07-20T15:08:03.132644,0.000000,5.370512
1309.8132,2026-07-20T15:08:03.601433,0.000000,5.370448
1310.3020,2026-07-20T15:08:04.090158,0.000000,5.370576
1310.7528,2026-07-20T15:08:04.541044,0.000000,5.370516
1311.2285,2026-07-20T15:08:05.016721,0.000000,5.370496
1311.7199,2026-07-20T15:08:05.508071,0.000000,5.370648
1312.2111,2026-07-20T15:08:05.999341,0.000000,5.370736
1312.7368,2026-07-20T15:08:06.525038,0.000000,5.370776
1313.2311,2026-07-20T15:08:07.019259,0.000000,5.370748
1313.7254,2026-07-20T15:08:07.513638,0.000000,5.370804
1314.2204,2026-07-20T15:08:08.008600,0.000000,5.370788
1314.7011,2026-07-20T15:08:08.489269,0.000000,5.370856
1315.1963,2026-07-20T15:08:08.984538,0.000000,5.370752
1315.6675,2026-07-20T15:08:09.455747,0.000000,5.370688
1316.1666,2026-07-20T15:08:09.954772,0.000000,5.370600
1316.6420,2026-07-20T15:08:10.430238,0.000000,5.370544
1317.1279,2026-07-20T15:08:10.916125,0.000000,5.370432
1317.6292,2026-07-20T15:08:11.417448,0.000000,5.370348
1318.1498,2026-07-20T15:08:11.938044,0.000000,5.370356
1318.6492,2026-07-20T15:08:12.437450,0.000000,5.370260
1319.1180,2026-07-20T15:08:12.906152,0.000000,5.370208
1319.6117,2026-07-20T15:08:13.399885,0.000000,5.370168
1320.0725,2026-07-20T15:08:13.860742,0.000000,5.370236
1320.5325,2026-07-20T15:08:14.320650,0.000000,5.370324
1321.0271,2026-07-20T15:08:14.815286,0.000000,5.370396
1321.5251,2026-07-20T15:08:15.313311,0.000000,5.370284
1322.0117,2026-07-20T15:08:15.799855,0.000000,5.370448
1322.4729,2026-07-20T15:08:16.261154,0.000000,5.370432
1322.9755,2026-07-20T15:08:16.763685,0.000000,5.370416
1323.4960,2026-07-20T15:08:17.284189,0.000000,5.370332
1323.9677,2026-07-20T15:08:17.755898,0.000000,5.370084
1324.4573,2026-07-20T15:08:18.245472,0.000000,5.369888
1324.9447,2026-07-20T15:08:18.732920,0.000000,5.369596
1325.4101,2026-07-20T15:08:19.198277,0.000000,5.369500
1325.9102,2026-07-20T15:08:19.698367,0.000000,5.369320
1326.3946,2026-07-20T15:08:20.182788,0.000000,5.369308
1326.8838,2026-07-20T15:08:20.671948,0.000000,5.368972
1327.3696,2026-07-20T15:08:21.157852,0.000000,5.368676
1327.8529,2026-07-20T15:08:21.641078,0.000000,5.368436
1328.3461,2026-07-20T15:08:22.134346,0.000000,5.368364
1328.8670,2026-07-20T15:08:22.655197,0.000000,5.368336
1329.3335,2026-07-20T15:08:23.121750,0.000000,5.368304
1329.7855,2026-07-20T15:08:23.573734,0.000000,5.368156
1330.2860,2026-07-20T15:08:24.074177,0.000000,5.368072
1330.7529,2026-07-20T15:08:24.541076,0.000000,5.368044
1331.2059,2026-07-20T15:08:24.994083,0.000000,5.368044
1331.6939,2026-07-20T15:08:25.482100,0.000000,5.368044
1332.1924,2026-07-20T15:08:25.980558,0.000000,5.368040
1332.6640,2026-07-20T15:08:26.452157,0.000000,5.367940
1333.1572,2026-07-20T15:08:26.945371,0.000000,5.367936
1333.6419,2026-07-20T15:08:27.430125,0.000000,5.367756
1334.1065,2026-07-20T15:08:27.894728,0.000000,5.367620
1334.6003,2026-07-20T15:08:28.388519,0.000000,5.367540
1335.0952,2026-07-20T15:08:28.883353,0.000000,5.367532
1335.5783,2026-07-20T15:08:29.366518,0.000000,5.367352
1336.0972,2026-07-20T15:08:29.885453,0.000000,5.367016
1336.5609,2026-07-20T15:08:30.349148,0.000000,5.366724
1337.0480,2026-07-20T15:08:30.836181,0.000000,5.366508
1337.5377,2026-07-20T15:08:31.325949,0.000000,5.366508
1338.0184,2026-07-20T15:08:31.806602,0.000000,5.366508
1338.4946,2026-07-20T15:08:32.282809,0.000000,5.366368
1338.9531,2026-07-20T15:08:32.741343,0.000000,5.366476
1339.4316,2026-07-20T15:08:33.219842,0.000000,5.366360
1339.9264,2026-07-20T15:08:33.714639,0.000000,5.366204
1340.4027,2026-07-20T15:08:34.190922,0.000000,5.366136
1340.9076,2026-07-20T15:08:34.695833,0.000000,5.366108
1341.4187,2026-07-20T15:08:35.206870,0.000000,5.366100
1341.9102,2026-07-20T15:08:35.698413,0.000000,5.366168
1342.4042,2026-07-20T15:08:36.192381,0.000000,5.365896
1342.8959,2026-07-20T15:08:36.684105,0.000000,5.365496
1343.3893,2026-07-20T15:08:37.177508,0.000000,5.365228
1343.8861,2026-07-20T15:08:37.674282,0.000000,5.364740
1344.3645,2026-07-20T15:08:38.152720,0.000000,5.364444
1344.8566,2026-07-20T15:08:38.644764,0.000000,5.364288
1345.3636,2026-07-20T15:08:39.151761,0.000000,5.363984
1345.8577,2026-07-20T15:08:39.645948,0.000000,5.363644
1346.3791,2026-07-20T15:08:40.167259,0.000000,5.363308
1346.8482,2026-07-20T15:08:40.636387,0.000000,5.363080
1347.3381,2026-07-20T15:08:41.126341,0.000000,5.362812
1347.8136,2026-07-20T15:08:41.601782,0.000000,5.362648
1348.3064,2026-07-20T15:08:42.094632,0.000000,5.362572
1348.8057,2026-07-20T15:08:42.593947,0.000000,5.362368
1349.3193,2026-07-20T15:08:43.107537,0.000000,5.362140
1349.7939,2026-07-20T15:08:43.582112,0.000000,5.361832
1350.2820,2026-07-20T15:08:44.070210,0.000000,5.361580
1350.7750,2026-07-20T15:08:44.563203,0.000000,5.361216
1351.2545,2026-07-20T15:08:45.042679,0.000000,5.361028
1351.7340,2026-07-20T15:08:45.522174,0.000000,5.360792
1352.2296,2026-07-20T15:08:46.017763,0.000000,5.360560
1352.7188,2026-07-20T15:08:46.506953,0.000000,5.360420
1353.2066,2026-07-20T15:08:46.994759,0.000000,5.359908
1353.7002,2026-07-20T15:08:47.488386,0.000000,5.359552
1354.2061,2026-07-20T15:08:47.994256,0.000000,5.359144
1354.7130,2026-07-20T15:08:48.501210,0.000000,5.358900
1355.2089,2026-07-20T15:08:48.997107,0.000000,5.358596
1355.7081,2026-07-20T15:08:49.496330,0.000000,5.358468
1356.1719,2026-07-20T15:08:49.960116,0.000000,5.357980
1356.6575,2026-07-20T15:08:50.445749,0.000000,5.357664
1357.1249,2026-07-20T15:08:50.913107,0.000000,5.357200
1357.6127,2026-07-20T15:08:51.400905,0.000000,5.356824
1358.1060,2026-07-20T15:08:51.894230,0.000000,5.356632
1358.5986,2026-07-20T15:08:52.386834,0.000000,5.356556
1359.0943,2026-07-20T15:08:52.882492,0.000000,5.356384
1359.5948,2026-07-20T15:08:53.383025,0.000000,5.356088
1360.0983,2026-07-20T15:08:53.886503,0.000000,5.355796
1360.5698,2026-07-20T15:08:54.357963,0.000000,5.355396
1361.0720,2026-07-20T15:08:54.860211,0.000000,5.355272
1361.5682,2026-07-20T15:08:55.356432,0.000000,5.354924
1362.0420,2026-07-20T15:08:55.830248,0.000000,5.354532
1362.5328,2026-07-20T15:08:56.320959,0.000000,5.354128
1363.0296,2026-07-20T15:08:56.817767,0.000000,5.353680
1363.5206,2026-07-20T15:08:57.308795,0.000000,5.353232
1364.0313,2026-07-20T15:08:57.819484,0.000000,5.352864
1364.5316,2026-07-20T15:08:58.319818,0.000000,5.352476
1365.0335,2026-07-20T15:08:58.821668,0.000000,5.352148
1365.5198,2026-07-20T15:08:59.308014,0.000000,5.351816
1366.0002,2026-07-20T15:08:59.788394,0.000000,5.351472
1366.4783,2026-07-20T15:09:00.266527,0.000000,5.351064
1366.9779,2026-07-20T15:09:00.766095,0.000000,5.350864
1367.4691,2026-07-20T15:09:01.257326,0.000000,5.350652
1367.9838,2026-07-20T15:09:01.772046,0.000000,5.350572
1368.4605,2026-07-20T15:09:02.248666,0.000000,5.350456
1368.9504,2026-07-20T15:09:02.738638,0.000000,5.350220
1369.4111,2026-07-20T15:09:03.199290,0.000000,5.349980
1369.9134,2026-07-20T15:09:03.701577,0.000000,5.349800
1370.4069,2026-07-20T15:09:04.195151,0.000000,5.349760
1370.9005,2026-07-20T15:09:04.688740,0.000000,5.349620
1371.3984,2026-07-20T15:09:05.186584,0.000000,5.349616
1371.8889,2026-07-20T15:09:05.677082,0.000000,5.349556
1372.3901,2026-07-20T15:09:06.178284,0.000000,5.349568
1372.9082,2026-07-20T15:09:06.696361,0.000000,5.349608
1373.4152,2026-07-20T15:09:07.203391,0.000000,5.349516
1373.9021,2026-07-20T15:09:07.690246,0.000000,5.349452
1374.4000,2026-07-20T15:09:08.188154,0.000000,5.349344
1374.8661,2026-07-20T15:09:08.654319,0.000000,5.349096
1375.3569,2026-07-20T15:09:09.145149,0.000000,5.348908
1375.8521,2026-07-20T15:09:09.640299,0.000000,5.348616
1376.3217,2026-07-20T15:09:10.109897,0.000000,5.348372
1376.8260,2026-07-20T15:09:10.614160,0.000000,5.348164
1377.3481,2026-07-20T15:09:11.136273,0.000000,5.347840
1377.8450,2026-07-20T15:09:11.633173,0.000000,5.347196
1378.3366,2026-07-20T15:09:12.124810,0.000000,5.346720
1378.8388,2026-07-20T15:09:12.627005,0.000000,5.346508
1379.3110,2026-07-20T15:09:13.099240,0.000000,5.346232
1379.7776,2026-07-20T15:09:13.565890,0.000000,5.345972
1380.2848,2026-07-20T15:09:14.073023,0.000000,5.345664
1380.7791,2026-07-20T15:09:14.567330,0.000000,5.345520
1381.3110,2026-07-20T15:09:15.099208,0.000000,5.345360
1381.7815,2026-07-20T15:09:15.569676,0.000000,5.345032
1382.2732,2026-07-20T15:09:16.061357,0.000000,5.344808
1382.7627,2026-07-20T15:09:16.550945,0.000000,5.344696
1383.2488,2026-07-20T15:09:17.037037,0.000000,5.344556
1383.7209,2026-07-20T15:09:17.509147,0.000000,5.344164
1384.2124,2026-07-20T15:09:18.000626,0.000000,5.343660
1384.7041,2026-07-20T15:09:18.492303,0.000000,5.343168
1385.2061,2026-07-20T15:09:18.994324,0.000000,5.342704
1385.7321,2026-07-20T15:09:19.520286,0.000000,5.342004
1386.2008,2026-07-20T15:09:19.989048,0.000000,5.341320
1386.7067,2026-07-20T15:09:20.494881,0.000000,5.340684
1387.1679,2026-07-20T15:09:20.956105,0.000000,5.340208
1387.6675,2026-07-20T15:09:21.455681,0.000000,5.339728
1388.1695,2026-07-20T15:09:21.957719,0.000000,5.339380
1388.6226,2026-07-20T15:09:22.410840,0.000000,5.338920
1389.1053,2026-07-20T15:09:22.893511,0.000000,5.338756
1389.5745,2026-07-20T15:09:23.362702,0.000000,5.338568
1390.0608,2026-07-20T15:09:23.849030,0.000000,5.338228
1390.5502,2026-07-20T15:09:24.338394,0.000000,5.338040
1391.0221,2026-07-20T15:09:24.810336,0.000000,5.337812
1391.5121,2026-07-20T15:09:25.300310,0.000000,5.337508
1392.0375,2026-07-20T15:09:25.825715,0.000000,5.337308
1392.5200,2026-07-20T15:09:26.308152,0.000000,5.336944
1392.9959,2026-07-20T15:09:26.784136,0.000000,5.336500
1393.4790,2026-07-20T15:09:27.267255,0.000000,5.336316
1393.9543,2026-07-20T15:09:27.742539,0.000000,5.335916
1394.4482,2026-07-20T15:09:28.236383,0.000000,5.335476
1394.9229,2026-07-20T15:09:28.711101,0.000000,5.335192
1395.4246,2026-07-20T15:09:29.212843,0.000000,5.334852
1395.9168,2026-07-20T15:09:29.705052,0.000000,5.334596
1396.4061,2026-07-20T15:09:30.194349,0.000000,5.334340
1396.9026,2026-07-20T15:09:30.690825,0.000000,5.334084
1397.4085,2026-07-20T15:09:31.196743,0.000000,5.333672
1397.8936,2026-07-20T15:09:31.681835,0.000000,5.333444
1398.3899,2026-07-20T15:09:32.178141,0.000000,5.333056
1398.8757,2026-07-20T15:09:32.663875,0.000000,5.332708
1399.3658,2026-07-20T15:09:33.153963,0.000000,5.332512
1399.8561,2026-07-20T15:09:33.644307,0.000000,5.332208
1400.3142,2026-07-20T15:09:34.102382,0.000000,5.331884
1400.8105,2026-07-20T15:09:34.598682,0.000000,5.331596
1401.3074,2026-07-20T15:09:35.095628,0.000000,5.331376
1401.8091,2026-07-20T15:09:35.597313,0.000000,5.331140
1402.3302,2026-07-20T15:09:36.118399,0.000000,5.330888
1402.8149,2026-07-20T15:09:36.603123,0.000000,5.330672
1403.3043,2026-07-20T15:09:37.092503,0.000000,5.330376
1403.8125,2026-07-20T15:09:37.600672,0.000000,5.330212
1404.3086,2026-07-20T15:09:38.096834,0.000000,5.330068
1404.8026,2026-07-20T15:09:38.590773,0.000000,5.329992
1405.2688,2026-07-20T15:09:39.057023,0.000000,5.329740
1405.7305,2026-07-20T15:09:39.518739,0.000000,5.329504
1406.2169,2026-07-20T15:09:40.005114,0.000000,5.329316
1406.7018,2026-07-20T15:09:40.489994,0.000000,5.328952
1407.1804,2026-07-20T15:09:40.968564,0.000000,5.328580
1407.6660,2026-07-20T15:09:41.454209,0.000000,5.328164
1408.1615,2026-07-20T15:09:41.949716,0.000000,5.327872
1408.6338,2026-07-20T15:09:42.422002,0.000000,5.327604
1409.1340,2026-07-20T15:09:42.922216,0.000000,5.327140
1409.6083,2026-07-20T15:09:43.396475,0.000000,5.326648
1410.1082,2026-07-20T15:09:43.896446,0.000000,5.326220
1410.5681,2026-07-20T15:09:44.356324,0.000000,5.325920
1411.0682,2026-07-20T15:09:44.856375,0.000000,5.325584
1411.5299,2026-07-20T15:09:45.318071,0.000000,5.325172
1412.0133,2026-07-20T15:09:45.801477,0.000000,5.324832
1412.4998,2026-07-20T15:09:46.287981,0.000000,5.324388
1412.9629,2026-07-20T15:09:46.751129,0.000000,5.324056
1413.4541,2026-07-20T15:09:47.242287,0.000000,5.323848
1413.9545,2026-07-20T15:09:47.742723,0.000000,5.323660
1414.4652,2026-07-20T15:09:48.253417,0.000000,5.323272
1414.9631,2026-07-20T15:09:48.751328,0.000000,5.322868
1415.4500,2026-07-20T15:09:49.238220,0.000000,5.322544
1415.9171,2026-07-20T15:09:49.705281,0.000000,5.322008
1416.4155,2026-07-20T15:09:50.203708,0.000000,5.321732
1416.9107,2026-07-20T15:09:50.698890,0.000000,5.321296
1417.4041,2026-07-20T15:09:51.192352,0.000000,5.320908
1417.8928,2026-07-20T15:09:51.681036,0.000000,5.320564
1418.3707,2026-07-20T15:09:52.158946,0.000000,5.320096
1418.8619,2026-07-20T15:09:52.650099,0.000000,5.319588
1419.3837,2026-07-20T15:09:53.171880,0.000000,5.319132
1419.8493,2026-07-20T15:09:53.637497,0.000000,5.318732
1420.3503,2026-07-20T15:09:54.138463,0.000000,5.318384
1420.8400,2026-07-20T15:09:54.628168,0.000000,5.318040
1421.3127,2026-07-20T15:09:55.100919,0.000000,5.317672
1421.7854,2026-07-20T15:09:55.573588,0.000000,5.317376
1422.2435,2026-07-20T15:09:56.031746,0.000000,5.316988
1422.7293,2026-07-20T15:09:56.517533,0.000000,5.316596
1423.2167,2026-07-20T15:09:57.004952,0.000000,5.316116
1423.6801,2026-07-20T15:09:57.468274,0.000000,5.315616
1424.1796,2026-07-20T15:09:57.967818,0.000000,5.315256
1424.6446,2026-07-20T15:09:58.432792,0.000000,5.314840
1425.1456,2026-07-20T15:09:58.933835,0.000000,5.314608
1425.6459,2026-07-20T15:09:59.434066,0.000000,5.314148
1426.1315,2026-07-20T15:09:59.919669,0.000000,5.313788
1426.6033,2026-07-20T15:10:00.391511,0.000000,5.313436
1427.1071,2026-07-20T15:10:00.895254,0.000000,5.313248
1427.5763,2026-07-20T15:10:01.364519,0.000000,5.312948
1428.0456,2026-07-20T15:10:01.833842,0.000000,5.312828
1428.5424,2026-07-20T15:10:02.330575,0.000000,5.312704
1429.0403,2026-07-20T15:10:02.828474,0.000000,5.312572
1429.4794,2026-07-20T15:10:03.267581,0.000000,5.312264
1429.9515,2026-07-20T15:10:03.739673,0.000000,5.311912
1430.4477,2026-07-20T15:10:04.235908,0.000000,5.311720
1430.9376,2026-07-20T15:10:04.725775,0.000000,5.311500
1431.4318,2026-07-20T15:10:05.219999,0.000000,5.311184
1431.9228,2026-07-20T15:10:05.711009,0.000000,5.310720
1432.4480,2026-07-20T15:10:06.236214,0.000000,5.310432
1432.9428,2026-07-20T15:10:06.730960,0.000000,5.310044
1433.4455,2026-07-20T15:10:07.233649,0.000000,5.309664
1433.9373,2026-07-20T15:10:07.725477,0.000000,5.309352
1434.4384,2026-07-20T15:10:08.226571,0.000000,5.309020
1434.9351,2026-07-20T15:10:08.723260,0.000000,5.308800
1435.4059,2026-07-20T15:10:09.194103,0.000000,5.308436
1435.8748,2026-07-20T15:10:09.662987,0.000000,5.308196
1436.3670,2026-07-20T15:10:10.155188,0.000000,5.307756
1436.8396,2026-07-20T15:10:10.627785,0.000000,5.307552
1437.3312,2026-07-20T15:10:11.119356,0.000000,5.307240
1437.8351,2026-07-20T15:10:11.623331,0.000000,5.306936
1438.3398,2026-07-20T15:10:12.128032,0.000000,5.306660
1438.8261,2026-07-20T15:10:12.614322,0.000000,5.306264
1439.3115,2026-07-20T15:10:13.099674,0.000000,5.305948
1439.8120,2026-07-20T15:10:13.600231,0.000000,5.305576
1440.3273,2026-07-20T15:10:14.115505,0.000000,5.305396
1440.8013,2026-07-20T15:10:14.589505,0.000000,5.305080
1441.2965,2026-07-20T15:10:15.084742,0.000000,5.304972
1441.7996,2026-07-20T15:10:15.587756,0.000000,5.304832
1442.2776,2026-07-20T15:10:16.065802,0.000000,5.304692
1442.7481,2026-07-20T15:10:16.536353,0.000000,5.304488
1443.2189,2026-07-20T15:10:17.007144,0.000000,5.304408
1443.7122,2026-07-20T15:10:17.500424,0.000000,5.304248
1444.2081,2026-07-20T15:10:17.996291,0.000000,5.303924
1444.6723,2026-07-20T15:10:18.460462,0.000000,5.303716
1445.1727,2026-07-20T15:10:18.960905,0.000000,5.303236
1445.6704,2026-07-20T15:10:19.458650,0.000000,5.302792
1446.1518,2026-07-20T15:10:19.940014,0.000000,5.302484
1446.6355,2026-07-20T15:10:20.423663,0.000000,5.302192
1447.1315,2026-07-20T15:10:20.919693,0.000000,5.301688
1447.6316,2026-07-20T15:10:21.419775,0.000000,5.301180
1448.1300,2026-07-20T15:10:21.918175,0.000000,5.300552
1448.6155,2026-07-20T15:10:22.403657,0.000000,5.300124
1449.1092,2026-07-20T15:10:22.897411,0.000000,5.299740
1449.6076,2026-07-20T15:10:23.395842,0.000000,5.299176
1450.0681,2026-07-20T15:10:23.856315,0.000000,5.298636
1450.5564,2026-07-20T15:10:24.344629,0.000000,5.298196
1451.0505,2026-07-20T15:10:24.838666,0.000000,5.297944
1451.5588,2026-07-20T15:10:25.347034,0.000000,5.297376
1452.0512,2026-07-20T15:10:25.839364,0.000000,5.296948
1452.5499,2026-07-20T15:10:26.338123,0.000000,5.296580
1453.0450,2026-07-20T15:10:26.833164,0.000000,5.296312
1453.5371,2026-07-20T15:10:27.325333,0.000000,5.296032
1454.0373,2026-07-20T15:10:27.825467,0.000000,5.295652
1454.5335,2026-07-20T15:10:28.321678,0.000000,5.295484
1455.0205,2026-07-20T15:10:28.808748,0.000000,5.295368
1455.5498,2026-07-20T15:10:29.337983,0.000000,5.295152
1456.0334,2026-07-20T15:10:29.821612,0.000000,5.294752
1456.5301,2026-07-20T15:10:30.318254,0.000000,5.294572
1457.0397,2026-07-20T15:10:30.827870,0.000000,5.294184
1457.5257,2026-07-20T15:10:31.313935,0.000000,5.293900
1458.0205,2026-07-20T15:10:31.808684,0.000000,5.293624
1458.4848,2026-07-20T15:10:32.273037,0.000000,5.293340
1458.9954,2026-07-20T15:10:32.783578,0.000000,5.293204
1459.5146,2026-07-20T15:10:33.302768,0.000000,5.292928
1460.0009,2026-07-20T15:10:33.789107,0.000000,5.292492
1460.4837,2026-07-20T15:10:34.271877,0.000000,5.292312
1460.9771,2026-07-20T15:10:34.765313,0.000000,5.292048
1461.4475,2026-07-20T15:10:35.235719,0.000000,5.291780
1461.9272,2026-07-20T15:10:35.715404,0.000000,5.291560
1462.3845,2026-07-20T15:10:36.172654,0.000000,5.291324
1462.8820,2026-07-20T15:10:36.670161,0.000000,5.291084
1463.3841,2026-07-20T15:10:37.172349,0.000000,5.290788
1463.8605,2026-07-20T15:10:37.648750,0.000000,5.290388
1464.3296,2026-07-20T15:10:38.117757,0.000000,5.290164
1464.8207,2026-07-20T15:10:38.608860,0.000000,5.289916
1465.3331,2026-07-20T15:10:39.121281,0.000000,5.289620
1465.8457,2026-07-20T15:10:39.633953,0.000000,5.289276
1466.3368,2026-07-20T15:10:40.124964,0.000000,5.288888
1466.8255,2026-07-20T15:10:40.613680,0.000000,5.288632
1467.3168,2026-07-20T15:10:41.105023,0.000000,5.288252
1467.8271,2026-07-20T15:10:41.615317,0.000000,5.287992
1468.3194,2026-07-20T15:10:42.107585,0.000000,5.287736
1468.7798,2026-07-20T15:10:42.568000,0.000000,5.287384
1469.2672,2026-07-20T15:10:43.055365,0.000000,5.286952
1469.7416,2026-07-20T15:10:43.529827,0.000000,5.286428
1470.2317,2026-07-20T15:10:44.019920,0.000000,5.286120
1470.7576,2026-07-20T15:10:44.545757,0.000000,5.285500
1471.2496,2026-07-20T15:10:45.037839,0.000000,5.285060
1471.7177,2026-07-20T15:10:45.505907,0.000000,5.284328
1472.2182,2026-07-20T15:10:46.006446,0.000000,5.283552
1472.7114,2026-07-20T15:10:46.499563,0.000000,5.282872
1473.1980,2026-07-20T15:10:46.986211,0.000000,5.282176
1473.6981,2026-07-20T15:10:47.486343,0.000000,5.281512
1474.2287,2026-07-20T15:10:48.016940,0.000000,5.280976
1474.7175,2026-07-20T15:10:48.505684,0.000000,5.280496
1475.2150,2026-07-20T15:10:49.003189,0.000000,5.279932
1475.7082,2026-07-20T15:10:49.496360,0.000000,5.279500
1476.1726,2026-07-20T15:10:49.960848,0.000000,5.278860
1476.6520,2026-07-20T15:10:50.440218,0.000000,5.278512
1477.1190,2026-07-20T15:10:50.907174,0.000000,5.278208
1477.6136,2026-07-20T15:10:51.401785,0.000000,5.277608
1478.0689,2026-07-20T15:10:51.857112,0.000000,5.277120
1478.5609,2026-07-20T15:10:52.349057,0.000000,5.276612
1479.0619,2026-07-20T15:10:52.850113,0.000000,5.275988
1479.5532,2026-07-20T15:10:53.341430,0.000000,5.275456
1480.0353,2026-07-20T15:10:53.823523,0.000000,5.274896
1480.5520,2026-07-20T15:10:54.340226,0.000000,5.274320
1481.0220,2026-07-20T15:10:54.810184,0.000000,5.273968
1481.5292,2026-07-20T15:10:55.317361,0.000000,5.273588
1482.0204,2026-07-20T15:10:55.808589,0.000000,5.273300
1482.5127,2026-07-20T15:10:56.300910,0.000000,5.273092
1483.0145,2026-07-20T15:10:56.802719,0.000000,5.272892
1483.5189,2026-07-20T15:10:57.307079,0.000000,5.272636
1484.0192,2026-07-20T15:10:57.807401,0.000000,5.272536
1484.5285,2026-07-20T15:10:58.316721,0.000000,5.272304
1485.0245,2026-07-20T15:10:58.812718,0.000000,5.272136
1485.5079,2026-07-20T15:10:59.296140,0.000000,5.271944
1485.9704,2026-07-20T15:10:59.758630,0.000000,5.271740
1486.4540,2026-07-20T15:11:00.242219,0.000000,5.271536
1486.9188,2026-07-20T15:11:00.706992,0.000000,5.271400
1487.4039,2026-07-20T15:11:01.192062,0.000000,5.271248
1487.8672,2026-07-20T15:11:01.655441,0.000000,5.271036
1488.3606,2026-07-20T15:11:02.148774,0.000000,5.270860
1488.8215,2026-07-20T15:11:02.609727,0.000000,5.270796
1489.2783,2026-07-20T15:11:03.066505,0.000000,5.270640
1489.7591,2026-07-20T15:11:03.547261,0.000000,5.270536
1490.2579,2026-07-20T15:11:04.046072,0.000000,5.270284
1490.7537,2026-07-20T15:11:04.541905,0.000000,5.270100
1491.2661,2026-07-20T15:11:05.054286,0.000000,5.270012
1491.7643,2026-07-20T15:11:05.552522,0.000000,5.269788
1492.2496,2026-07-20T15:11:06.037838,0.000000,5.269612
1492.7087,2026-07-20T15:11:06.496931,0.000000,5.269388
1493.2085,2026-07-20T15:11:06.996727,0.000000,5.269188
1493.7039,2026-07-20T15:11:07.492056,0.000000,5.268868
1494.1874,2026-07-20T15:11:07.975572,0.000000,5.268768
1494.6872,2026-07-20T15:11:08.475452,0.000000,5.268416
1495.1492,2026-07-20T15:11:08.937363,0.000000,5.268292
1495.6487,2026-07-20T15:11:09.436858,0.000000,5.268016
1496.1729,2026-07-20T15:11:09.961111,0.000000,5.267672
1496.6745,2026-07-20T15:11:10.462750,0.000000,5.267372
1497.1771,2026-07-20T15:11:10.965330,0.000000,5.267092
1497.6620,2026-07-20T15:11:11.450248,0.000000,5.266904
1498.1201,2026-07-20T15:11:11.908325,0.000000,5.266672
1498.6204,2026-07-20T15:11:12.408635,0.000000,5.266416
1499.1143,2026-07-20T15:11:12.902525,0.000000,5.265872
1499.6094,2026-07-20T15:11:13.397567,0.000000,5.265528
1500.1268,2026-07-20T15:11:13.915016,0.000000,5.265056
1500.6204,2026-07-20T15:11:14.408637,0.000000,5.264444
1501.0937,2026-07-20T15:11:14.881880,0.000000,5.263776
1501.5719,2026-07-20T15:11:15.360131,0.000000,5.263216
1502.0342,2026-07-20T15:11:15.822429,0.000000,5.262644
1502.5358,2026-07-20T15:11:16.323985,0.000000,5.261892
1503.0227,2026-07-20T15:11:16.810904,0.000000,5.261120
1503.5242,2026-07-20T15:11:17.312436,0.000000,5.260320
1504.0286,2026-07-20T15:11:17.816824,0.000000,5.259848
1504.5233,2026-07-20T15:11:18.311473,0.000000,5.259340
1505.0184,2026-07-20T15:11:18.806632,0.000000,5.258992
1505.5179,2026-07-20T15:11:19.306134,0.000000,5.258848
1506.0036,2026-07-20T15:11:19.791753,0.000000,5.258688
1506.4953,2026-07-20T15:11:20.283459,0.000000,5.258452
1506.9709,2026-07-20T15:11:20.759144,0.000000,5.258004
1507.4604,2026-07-20T15:11:21.248655,0.000000,5.257840
1507.9603,2026-07-20T15:11:21.748501,0.000000,5.257596
1508.4254,2026-07-20T15:11:22.213595,0.000000,5.257536
1508.9141,2026-07-20T15:11:22.702378,0.000000,5.257164
1509.3755,2026-07-20T15:11:23.163750,0.000000,5.256776
1509.8729,2026-07-20T15:11:23.661146,0.000000,5.256344
1510.4073,2026-07-20T15:11:24.195464,0.000000,5.255980
1510.8640,2026-07-20T15:11:24.652236,0.000000,5.255460
1511.3629,2026-07-20T15:11:25.151143,0.000000,5.255152
1511.8537,2026-07-20T15:11:25.641941,0.000000,5.254888
1512.3326,2026-07-20T15:11:26.120826,0.000000,5.254592
1512.8291,2026-07-20T15:11:26.617264,0.000000,5.254276
1513.3066,2026-07-20T15:11:27.094753,0.000000,5.253804
1513.8152,2026-07-20T15:11:27.603442,0.000000,5.253560
1514.3067,2026-07-20T15:11:28.094939,0.000000,5.253400
1514.8338,2026-07-20T15:11:28.622009,0.000000,5.253204
1515.3373,2026-07-20T15:11:29.125550,0.000000,5.252772
1515.8264,2026-07-20T15:11:29.614645,0.000000,5.252456
1516.2987,2026-07-20T15:11:30.086853,0.000000,5.252132
1516.7890,2026-07-20T15:11:30.577234,0.000000,5.251764
1517.2845,2026-07-20T15:11:31.072779,0.000000,5.251532
1517.7662,2026-07-20T15:11:31.554452,0.000000,5.251256
1518.2582,2026-07-20T15:11:32.046431,0.000000,5.251064
1518.7215,2026-07-20T15:11:32.509718,0.000000,5.250836
1519.2248,2026-07-20T15:11:33.013050,0.000000,5.250528
1519.7455,2026-07-20T15:11:33.533701,0.000000,5.250384
1520.2056,2026-07-20T15:11:33.993828,0.000000,5.250136
1520.6685,2026-07-20T15:11:34.456702,0.000000,5.249976
1521.1642,2026-07-20T15:11:34.952438,0.000000,5.249824
1521.6610,2026-07-20T15:11:35.449159,0.000000,5.249684
1522.1560,2026-07-20T15:11:35.944242,0.000000,5.249416
1522.6829,2026-07-20T15:11:36.471070,0.000000,5.249356
1523.1674,2026-07-20T15:11:36.955614,0.000000,5.249052
1523.6474,2026-07-20T15:11:37.435567,0.000000,5.248688
1524.1255,2026-07-20T15:11:37.913745,0.000000,5.248416
1524.6103,2026-07-20T15:11:38.398491,0.000000,5.247956
1525.1158,2026-07-20T15:11:38.904038,0.000000,5.247748
1525.5901,2026-07-20T15:11:39.378325,0.000000,5.247428
1526.0907,2026-07-20T15:11:39.878862,0.000000,5.247112
1526.5691,2026-07-20T15:11:40.357277,0.000000,5.246772
1527.0658,2026-07-20T15:11:40.854032,0.000000,5.246624
1527.5854,2026-07-20T15:11:41.373562,0.000000,5.246368
1528.0870,2026-07-20T15:11:41.875248,0.000000,5.246320
1528.5663,2026-07-20T15:11:42.354501,0.000000,5.246352
1529.0620,2026-07-20T15:11:42.850198,0.000000,5.246412
1529.5288,2026-07-20T15:11:43.317032,0.000000,5.246384
1529.9893,2026-07-20T15:11:43.777484,0.000000,5.246360
1530.4868,2026-07-20T15:11:44.275009,0.000000,5.246348
1530.9525,2026-07-20T15:11:44.740729,0.000000,5.246292
1531.4240,2026-07-20T15:11:45.212178,0.000000,5.246112
1531.9040,2026-07-20T15:11:45.692177,0.000000,5.245912
1532.3934,2026-07-20T15:11:46.181570,0.000000,5.245508
1532.8865,2026-07-20T15:11:46.674672,0.000000,5.244980
1533.3954,2026-07-20T15:11:47.183656,0.000000,5.244608
1533.8896,2026-07-20T15:11:47.677851,0.000000,5.244144
1534.3976,2026-07-20T15:11:48.185840,0.000000,5.243424
1534.8925,2026-07-20T15:11:48.680686,0.000000,5.242896
1535.3727,2026-07-20T15:11:49.160859,0.000000,5.242168
1535.8713,2026-07-20T15:11:49.659454,0.000000,5.241564
1536.3559,2026-07-20T15:11:50.144135,0.000000,5.241232
1536.8419,2026-07-20T15:11:50.630085,0.000000,5.240936
1537.3478,2026-07-20T15:11:51.136002,0.000000,5.240672
1537.8545,2026-07-20T15:11:51.642662,0.000000,5.240380
1538.3559,2026-07-20T15:11:52.144115,0.000000,5.239932
1538.8537,2026-07-20T15:11:52.641956,0.000000,5.239556
1539.3507,2026-07-20T15:11:53.138857,0.000000,5.239464
1539.8580,2026-07-20T15:11:53.646207,0.000000,5.239172
1540.3532,2026-07-20T15:11:54.141404,0.000000,5.238980
1540.8569,2026-07-20T15:11:54.645055,0.000000,5.238852
1541.3559,2026-07-20T15:11:55.144094,0.000000,5.238572
1541.8602,2026-07-20T15:11:55.648424,0.000000,5.238244
1542.3494,2026-07-20T15:11:56.137580,0.000000,5.237920
1542.8494,2026-07-20T15:11:56.637559,0.000000,5.237576
1543.3497,2026-07-20T15:11:57.137895,0.000000,5.237232
1543.8497,2026-07-20T15:11:57.637955,0.000000,5.236924
1544.3411,2026-07-20T15:11:58.129315,0.000000,5.236588
1544.8058,2026-07-20T15:11:58.594011,0.000000,5.236208
1545.3022,2026-07-20T15:11:59.090432,0.000000,5.235812
1545.8144,2026-07-20T15:11:59.602562,0.000000,5.235352
1546.2675,2026-07-20T15:12:00.055653,0.000000,5.234952
1546.7805,2026-07-20T15:12:00.568706,0.000000,5.234648
1547.2730,2026-07-20T15:12:01.061194,0.000000,5.234296
1547.7559,2026-07-20T15:12:01.544131,0.000000,5.234040
1548.2566,2026-07-20T15:12:02.044767,0.000000,5.233800
1548.7050,2026-07-20T15:12:02.493225,0.000000,5.233504
1549.2005,2026-07-20T15:12:02.988720,0.000000,5.233140
1549.7081,2026-07-20T15:12:03.496345,0.000000,5.232796
1550.1695,2026-07-20T15:12:03.957673,0.000000,5.232612
1550.6683,2026-07-20T15:12:04.456530,0.000000,5.232356
1551.1547,2026-07-20T15:12:04.942952,0.000000,5.231968
1551.6589,2026-07-20T15:12:05.447080,0.000000,5.231576
1552.1564,2026-07-20T15:12:05.944582,0.000000,5.231336
1552.6475,2026-07-20T15:12:06.435692,0.000000,5.231152
1553.1452,2026-07-20T15:12:06.933363,0.000000,5.230876
1553.6080,2026-07-20T15:12:07.396223,0.000000,5.230776
1554.0914,2026-07-20T15:12:07.879558,0.000000,5.230704
1554.5746,2026-07-20T15:12:08.362789,0.000000,5.230584
1555.0690,2026-07-20T15:12:08.857248,0.000000,5.230424
1555.5433,2026-07-20T15:12:09.331524,0.000000,5.230452
1556.0439,2026-07-20T15:12:09.832150,0.000000,5.230512
1556.5667,2026-07-20T15:12:10.354919,0.000000,5.230544
1557.0518,2026-07-20T15:12:10.839992,0.000000,5.230360
1557.5242,2026-07-20T15:12:11.312404,0.000000,5.230304
1557.9953,2026-07-20T15:12:11.783463,0.000000,5.230176
1558.4848,2026-07-20T15:12:12.272977,0.000000,5.229920
1558.9662,2026-07-20T15:12:12.754422,0.000000,5.229736
1559.4331,2026-07-20T15:12:13.221342,0.000000,5.229500
1559.9242,2026-07-20T15:12:13.712428,0.000000,5.229340
1560.4043,2026-07-20T15:12:14.192504,0.000000,5.228948
1560.9033,2026-07-20T15:12:14.691475,0.000000,5.228544
1561.3897,2026-07-20T15:12:15.177937,0.000000,5.228168
1561.8519,2026-07-20T15:12:15.640122,0.000000,5.228020
1562.3434,2026-07-20T15:12:16.131636,0.000000,5.227700
1562.8688,2026-07-20T15:12:16.657012,0.000000,5.227480
1563.3521,2026-07-20T15:12:17.140333,0.000000,5.227268
1563.8532,2026-07-20T15:12:17.641378,0.000000,5.227020
1564.3482,2026-07-20T15:12:18.136436,0.000000,5.226796
1564.8156,2026-07-20T15:12:18.603828,0.000000,5.226504
1565.2797,2026-07-20T15:12:19.067929,0.000000,5.226392
1565.7512,2026-07-20T15:12:19.539361,0.000000,5.226320
1566.2494,2026-07-20T15:12:20.037561,0.000000,5.226204
1566.7477,2026-07-20T15:12:20.535870,0.000000,5.225820
1567.2522,2026-07-20T15:12:21.040372,0.000000,5.225656
1567.7679,2026-07-20T15:12:21.556084,0.000000,5.225392
1568.2557,2026-07-20T15:12:22.043865,0.000000,5.225004
1568.7273,2026-07-20T15:12:22.515466,0.000000,5.224560
1569.2236,2026-07-20T15:12:23.011838,0.000000,5.224204
1569.6825,2026-07-20T15:12:23.470750,0.000000,5.223968
1570.1908,2026-07-20T15:12:23.979034,0.000000,5.223660
1570.6637,2026-07-20T15:12:24.451895,0.000000,5.223324
1571.1461,2026-07-20T15:12:24.934266,0.000000,5.223056
1571.6320,2026-07-20T15:12:25.420181,0.000000,5.222812
1572.1197,2026-07-20T15:12:25.907918,0.000000,5.222376
1572.6113,2026-07-20T15:12:26.399470,0.000000,5.221892
1573.1227,2026-07-20T15:12:26.910910,0.000000,5.221616
1573.6073,2026-07-20T15:12:27.395475,0.000000,5.221276
1574.1081,2026-07-20T15:12:27.896314,0.000000,5.220992
1574.5955,2026-07-20T15:12:28.383705,0.000000,5.220768
1575.0912,2026-07-20T15:12:28.879356,0.000000,5.220600
1575.5837,2026-07-20T15:12:29.371948,0.000000,5.220460
1576.0807,2026-07-20T15:12:29.868945,0.000000,5.220328
1576.5564,2026-07-20T15:12:30.344578,0.000000,5.220428
1577.0412,2026-07-20T15:12:30.829402,0.000000,5.220556
1577.5677,2026-07-20T15:12:31.355912,0.000000,5.220760
1578.0309,2026-07-20T15:12:31.819146,0.000000,5.220848
1578.5115,2026-07-20T15:12:32.299721,0.000000,5.220900
1578.9654,2026-07-20T15:12:32.753605,0.000000,5.221184
1579.4617,2026-07-20T15:12:33.249871,0.000000,5.221128
1579.9491,2026-07-20T15:12:33.737285,0.000000,5.221016
1580.4114,2026-07-20T15:12:34.199649,0.000000,5.220884
1580.9079,2026-07-20T15:12:34.696138,0.000000,5.220744
1581.4061,2026-07-20T15:12:35.194316,0.000000,5.220504
1581.9010,2026-07-20T15:12:35.689188,0.000000,5.220236
1582.3991,2026-07-20T15:12:36.187320,0.000000,5.219752
1582.9280,2026-07-20T15:12:36.716175,0.000000,5.219332
1583.4204,2026-07-20T15:12:37.208622,0.000000,5.218880
1583.9176,2026-07-20T15:12:37.705774,0.000000,5.218408
1584.4223,2026-07-20T15:12:38.210473,0.000000,5.217996
1584.9033,2026-07-20T15:12:38.691485,0.000000,5.217760
1585.4053,2026-07-20T15:12:39.193495,0.000000,5.217568
1585.8705,2026-07-20T15:12:39.658733,0.000000,5.217220
1586.3585,2026-07-20T15:12:40.146703,0.000000,5.216912
1586.8504,2026-07-20T15:12:40.638609,0.000000,5.216732
1587.3555,2026-07-20T15:12:41.143716,0.000000,5.216644
1587.8305,2026-07-20T15:12:41.618665,0.000000,5.216504
1588.3286,2026-07-20T15:12:42.116786,0.000000,5.216396
1588.8187,2026-07-20T15:12:42.606911,0.000000,5.216176
1589.3107,2026-07-20T15:12:43.098874,0.000000,5.215916
1589.7840,2026-07-20T15:12:43.572165,0.000000,5.215688
1590.2814,2026-07-20T15:12:44.069611,0.000000,5.215348
1590.7842,2026-07-20T15:12:44.572399,0.000000,5.215104
1591.2550,2026-07-20T15:12:45.043245,0.000000,5.214920
1591.7268,2026-07-20T15:12:45.515053,0.000000,5.214664
1592.1832,2026-07-20T15:12:45.971403,0.000000,5.214380
1592.6777,2026-07-20T15:12:46.465895,0.000000,5.214116
1593.1540,2026-07-20T15:12:46.942168,0.000000,5.213960
1593.6267,2026-07-20T15:12:47.414936,0.000000,5.213936
1594.1295,2026-07-20T15:12:47.917696,0.000000,5.213704
1594.6534,2026-07-20T15:12:48.441621,0.000000,5.213456
1595.1227,2026-07-20T15:12:48.910861,0.000000,5.213236
1595.6235,2026-07-20T15:12:49.411728,0.000000,5.213000
1596.1168,2026-07-20T15:12:49.904954,0.000000,5.212792
1596.6140,2026-07-20T15:12:50.402189,0.000000,5.212560
1597.0753,2026-07-20T15:12:50.863496,0.000000,5.212312
1597.5339,2026-07-20T15:12:51.322113,0.000000,5.212088
1598.0336,2026-07-20T15:12:51.821781,0.000000,5.211800
1598.5307,2026-07-20T15:12:52.318909,0.000000,5.211464
1599.0289,2026-07-20T15:12:52.817096,0.000000,5.211448
1599.5411,2026-07-20T15:12:53.329344,0.000000,5.211272
1600.0323,2026-07-20T15:12:53.820502,0.000000,5.211144
1600.5237,2026-07-20T15:12:54.311883,0.000000,5.211024
1601.0239,2026-07-20T15:12:54.812089,0.000000,5.210952
1601.5010,2026-07-20T15:12:55.289240,0.000000,5.210840
1602.0056,2026-07-20T15:12:55.793797,0.000000,5.210656
1602.5013,2026-07-20T15:12:56.289480,0.000000,5.210376
1603.0295,2026-07-20T15:12:56.817655,0.000000,5.210236
1603.5034,2026-07-20T15:12:57.291599,0.000000,5.210084
1604.0016,2026-07-20T15:12:57.789815,0.000000,5.209856
1604.4809,2026-07-20T15:12:58.269067,0.000000,5.209560
1604.9657,2026-07-20T15:12:58.753859,0.000000,5.209348
1605.4238,2026-07-20T15:12:59.212043,0.000000,5.209224
1605.9216,2026-07-20T15:12:59.709788,0.000000,5.209000
1606.3945,2026-07-20T15:13:00.182673,0.000000,5.208680
1606.8641,2026-07-20T15:13:00.652336,0.000000,5.208476
1607.3489,2026-07-20T15:13:01.137122,0.000000,5.208364
1607.8256,2026-07-20T15:13:01.613757,0.000000,5.208244
1608.3213,2026-07-20T15:13:02.109538,0.000000,5.208008
1608.8154,2026-07-20T15:13:02.603595,0.000000,5.207836
1609.3331,2026-07-20T15:13:03.121268,0.000000,5.207792
1609.8238,2026-07-20T15:13:03.612046,0.000000,5.207684
1610.3195,2026-07-20T15:13:04.107712,0.000000,5.207588
1610.8180,2026-07-20T15:13:04.606243,0.000000,5.207392
1611.3105,2026-07-20T15:13:05.098733,0.000000,5.207392
1611.7858,2026-07-20T15:13:05.574010,0.000000,5.207200
1612.2512,2026-07-20T15:13:06.039441,0.000000,5.207140
1612.7529,2026-07-20T15:13:06.541125,0.000000,5.207136
1613.2289,2026-07-20T15:13:07.017054,0.000000,5.207040
1613.7217,2026-07-20T15:13:07.509880,0.000000,5.206980
1614.2323,2026-07-20T15:13:08.020534,0.000000,5.206924
1614.6827,2026-07-20T15:13:08.470867,0.000000,5.206804
1615.1891,2026-07-20T15:13:08.977296,0.000000,5.206624
1615.6864,2026-07-20T15:13:09.474635,0.000000,5.206508
1616.1920,2026-07-20T15:13:09.980242,0.000000,5.206388
1616.6652,2026-07-20T15:13:10.453450,0.000000,5.206376
1617.1317,2026-07-20T15:13:10.919901,0.000000,5.206084
1617.6139,2026-07-20T15:13:11.402072,0.000000,5.205852
1618.0966,2026-07-20T15:13:11.884795,0.000000,5.205676
1618.5864,2026-07-20T15:13:12.374608,0.000000,5.205388
1619.0803,2026-07-20T15:13:12.868525,0.000000,5.205012
1619.5954,2026-07-20T15:13:13.383575,0.000000,5.204784
1620.0705,2026-07-20T15:13:13.858745,0.000000,5.204600
1620.5268,2026-07-20T15:13:14.314957,0.000000,5.204484
1621.0278,2026-07-20T15:13:14.815985,0.000000,5.204436
1621.5271,2026-07-20T15:13:15.315338,0.000000,5.204052
1622.0360,2026-07-20T15:13:15.824196,0.000000,5.204056
1622.5280,2026-07-20T15:13:16.316247,0.000000,5.203916
1623.0108,2026-07-20T15:13:16.799030,0.000000,5.203900
1623.5135,2026-07-20T15:13:17.301662,0.000000,5.203800
1624.0363,2026-07-20T15:13:17.824554,0.000000,5.203704
1624.5310,2026-07-20T15:13:18.319245,0.000000,5.203636
1625.0297,2026-07-20T15:13:18.817852,0.000000,5.203416
1625.5284,2026-07-20T15:13:19.316603,0.000000,5.203288
1626.0226,2026-07-20T15:13:19.810794,0.000000,5.203168
1626.5279,2026-07-20T15:13:20.316104,0.000000,5.203204
1627.0222,2026-07-20T15:13:20.810438,0.000000,5.202812
1627.5353,2026-07-20T15:13:21.323466,0.000000,5.202544
1628.0284,2026-07-20T15:13:21.816586,0.000000,5.202268
1628.5323,2026-07-20T15:13:22.320472,0.000000,5.202192
1629.0185,2026-07-20T15:13:22.806730,0.000000,5.202004
1629.5244,2026-07-20T15:13:23.312564,0.000000,5.201784
1630.0157,2026-07-20T15:13:23.803945,0.000000,5.201588
1630.5127,2026-07-20T15:13:24.300949,0.000000,5.201376
1631.0200,2026-07-20T15:13:24.808212,0.000000,5.201144
1631.5265,2026-07-20T15:13:25.314692,0.000000,5.200852
1632.0059,2026-07-20T15:13:25.794081,0.000000,5.200920
1632.4840,2026-07-20T15:13:26.272207,0.000000,5.200736
1632.9485,2026-07-20T15:13:26.736679,0.000000,5.200564
1633.4438,2026-07-20T15:13:27.232035,0.000000,5.200500
1633.9407,2026-07-20T15:13:27.728907,0.000000,5.200488
1634.4060,2026-07-20T15:13:28.194214,0.000000,5.200236
1634.8992,2026-07-20T15:13:28.687431,0.000000,5.200060
1635.3731,2026-07-20T15:13:29.161258,0.000000,5.199920
1635.8558,2026-07-20T15:13:29.643971,0.000000,5.200008
1636.3571,2026-07-20T15:13:30.145267,0.000000,5.199932
1636.8588,2026-07-20T15:13:30.646988,0.000000,5.199904
1637.3626,2026-07-20T15:13:31.150767,0.000000,5.199952
1637.8623,2026-07-20T15:13:31.650482,0.000000,5.200288
1638.3047,2026-07-20T15:13:32.092925,0.000000,5.200368
1638.8014,2026-07-20T15:13:32.589555,0.000000,5.200624
1639.2877,2026-07-20T15:13:33.075919,0.000000,5.200884
1639.7859,2026-07-20T15:13:33.574096,0.000000,5.201220
1640.2787,2026-07-20T15:13:34.066860,0.000000,5.201464
1640.7578,2026-07-20T15:13:34.545962,0.000000,5.201532
1641.2350,2026-07-20T15:13:35.023182,0.000000,5.201364
1641.7403,2026-07-20T15:13:35.528470,0.000000,5.201212
1642.2363,2026-07-20T15:13:36.024515,0.000000,5.201224
1642.7363,2026-07-20T15:13:36.524480,0.000000,5.200948
1643.2145,2026-07-20T15:13:37.002673,0.000000,5.200772
1643.7088,2026-07-20T15:13:37.497055,0.000000,5.200620
1644.1888,2026-07-20T15:13:37.976991,0.000000,5.200544
1644.6907,2026-07-20T15:13:38.478858,0.000000,5.200576
1645.1554,2026-07-20T15:13:38.943629,0.000000,5.200696
1645.6598,2026-07-20T15:13:39.448031,0.000000,5.200736
1646.1250,2026-07-20T15:13:39.913182,0.000000,5.200884
1646.6146,2026-07-20T15:13:40.402761,0.000000,5.201028
1647.0717,2026-07-20T15:13:40.859905,0.000000,5.201136
1647.5623,2026-07-20T15:13:41.350487,0.000000,5.201372
1648.0602,2026-07-20T15:13:41.848343,0.000000,5.201548
1648.5283,2026-07-20T15:13:42.316511,0.000000,5.201580
1649.0345,2026-07-20T15:13:42.822728,0.000000,5.201612
1649.5284,2026-07-20T15:13:43.316575,0.000000,5.201464
1650.0071,2026-07-20T15:13:43.795274,0.000000,5.201332
1650.4975,2026-07-20T15:13:44.285731,0.000000,5.201324
1650.9937,2026-07-20T15:13:44.781883,0.000000,5.201264
1651.5019,2026-07-20T15:13:45.290057,0.000000,5.201236
1651.9994,2026-07-20T15:13:45.787588,0.000000,5.201304
1652.5027,2026-07-20T15:13:46.290869,0.000000,5.201152
1653.0041,2026-07-20T15:13:46.792269,0.000000,5.201208
1653.5007,2026-07-20T15:13:47.288932,0.000000,5.201328
1653.9824,2026-07-20T15:13:47.770646,0.000000,5.201244
1654.4812,2026-07-20T15:13:48.269422,0.000000,5.201256
1655.0027,2026-07-20T15:13:48.790936,0.000000,5.201452
1655.4730,2026-07-20T15:13:49.261185,0.000000,5.201596
1655.9700,2026-07-20T15:13:49.758203,0.000000,5.201772
1656.4685,2026-07-20T15:13:50.256667,0.000000,5.202160
1656.9289,2026-07-20T15:13:50.717125,0.000000,5.202424
1657.4218,2026-07-20T15:13:51.210053,0.000000,5.202508
1657.8947,2026-07-20T15:13:51.682954,0.000000,5.202524
1658.3782,2026-07-20T15:13:52.166408,0.000000,5.202212
1658.8534,2026-07-20T15:13:52.641596,0.000000,5.202132
1659.3184,2026-07-20T15:13:53.106636,0.000000,5.202232
1659.8208,2026-07-20T15:13:53.608988,0.000000,5.202128
1660.3237,2026-07-20T15:13:54.111931,0.000000,5.202016
1660.8137,2026-07-20T15:13:54.601888,0.000000,5.201944
1661.3220,2026-07-20T15:13:55.110209,0.000000,5.201704
1661.8267,2026-07-20T15:13:55.614910,0.000000,5.201388
1662.3076,2026-07-20T15:13:56.095800,0.000000,5.201268
1662.7790,2026-07-20T15:13:56.567188,0.000000,5.201268
1663.2717,2026-07-20T15:13:57.059939,0.000000,5.201692
1663.7701,2026-07-20T15:13:57.558260,0.000000,5.201872
1664.2655,2026-07-20T15:13:58.053671,0.000000,5.201980
1664.7449,2026-07-20T15:13:58.533050,0.000000,5.202032
1665.2454,2026-07-20T15:13:59.033643,0.000000,5.202204
1665.7416,2026-07-20T15:13:59.529834,0.000000,5.202420
1666.2230,2026-07-20T15:14:00.011294,0.000000,5.202552
1666.7221,2026-07-20T15:14:00.510265,0.000000,5.202616
1667.2178,2026-07-20T15:14:01.006026,0.000000,5.202768
1667.6987,2026-07-20T15:14:01.486861,0.000000,5.202904
1668.1888,2026-07-20T15:14:01.977022,0.000000,5.202800
1668.6487,2026-07-20T15:14:02.436930,0.000000,5.202868
1669.1411,2026-07-20T15:14:02.929307,0.000000,5.202748
1669.6340,2026-07-20T15:14:03.422204,0.000000,5.202744
1670.1247,2026-07-20T15:14:03.912865,0.000000,5.202496
1670.6453,2026-07-20T15:14:04.433543,0.000000,5.202424
1671.1371,2026-07-20T15:14:04.925319,0.000000,5.202340
1671.6046,2026-07-20T15:14:05.392802,0.000000,5.202480
1672.0954,2026-07-20T15:14:05.883612,0.000000,5.202404
1672.5943,2026-07-20T15:14:06.382524,0.000000,5.202328
1673.0664,2026-07-20T15:14:06.854615,0.000000,5.202192
1673.5608,2026-07-20T15:14:07.348976,0.000000,5.202144
1674.0405,2026-07-20T15:14:07.828735,0.000000,5.202168
1674.5564,2026-07-20T15:14:08.344629,0.000000,5.202276
1675.0342,2026-07-20T15:14:08.822356,0.000000,5.202324
1675.5188,2026-07-20T15:14:09.307038,0.000000,5.202104
1676.0202,2026-07-20T15:14:09.808372,0.000000,5.201940
1676.5159,2026-07-20T15:14:10.304096,0.000000,5.201764
1677.0033,2026-07-20T15:14:10.791514,0.000000,5.201736
1677.5017,2026-07-20T15:14:11.289886,0.000000,5.201784
1677.9732,2026-07-20T15:14:11.761377,0.000000,5.201896
1678.4728,2026-07-20T15:14:12.261015,0.000000,5.201956
1678.9626,2026-07-20T15:14:12.750823,0.000000,5.202112
1679.4638,2026-07-20T15:14:13.252011,0.000000,5.202096
1679.9375,2026-07-20T15:14:13.725699,0.000000,5.202328
1680.4070,2026-07-20T15:14:14.195241,0.000000,5.202708
1680.8898,2026-07-20T15:14:14.678031,0.000000,5.203124
1681.3916,2026-07-20T15:14:15.179832,0.000000,5.203568
1681.8804,2026-07-20T15:14:15.668564,0.000000,5.203752
1682.3816,2026-07-20T15:14:16.169797,0.000000,5.203908
1682.8894,2026-07-20T15:14:16.677578,0.000000,5.204056
1683.3888,2026-07-20T15:14:17.177033,0.000000,5.204240
1683.8923,2026-07-20T15:14:17.680534,0.000000,5.204324
1684.3963,2026-07-20T15:14:18.184461,0.000000,5.204532
1684.9258,2026-07-20T15:14:18.714000,0.000000,5.204452
1685.4169,2026-07-20T15:14:19.205121,0.000000,5.204320
1685.9142,2026-07-20T15:14:19.702404,0.000000,5.204252
1686.4113,2026-07-20T15:14:20.199473,0.000000,5.203968
1686.8850,2026-07-20T15:14:20.673206,0.000000,5.204100
1687.3735,2026-07-20T15:14:21.161715,0.000000,5.204164
1687.8794,2026-07-20T15:14:21.667629,0.000000,5.204076
1688.3787,2026-07-20T15:14:22.166941,0.000000,5.204056
1688.8792,2026-07-20T15:14:22.667372,0.000000,5.203988
1689.3677,2026-07-20T15:14:23.155866,0.000000,5.203984
1689.8336,2026-07-20T15:14:23.621794,0.000000,5.204184
1690.3246,2026-07-20T15:14:24.112803,0.000000,5.204412
1690.7995,2026-07-20T15:14:24.587741,0.000000,5.204448
1691.2956,2026-07-20T15:14:25.083805,0.000000,5.204568
1691.7932,2026-07-20T15:14:25.581409,0.000000,5.204636
1692.2796,2026-07-20T15:14:26.067778,0.000000,5.204532
1692.7725,2026-07-20T15:14:26.560696,0.000000,5.204572
1693.2399,2026-07-20T15:14:27.028065,0.000000,5.204660
1693.7417,2026-07-20T15:14:27.529926,0.000000,5.204520
1694.2144,2026-07-20T15:14:28.002560,0.000000,5.204328
1694.7319,2026-07-20T15:14:28.520180,0.000000,5.204108
1695.1959,2026-07-20T15:14:28.984069,0.000000,5.203960
1695.6998,2026-07-20T15:14:29.488053,0.000000,5.204056
1696.2003,2026-07-20T15:14:29.988453,0.000000,5.204172
1696.6810,2026-07-20T15:14:30.469176,0.000000,5.204320
1697.2084,2026-07-20T15:14:30.996597,0.000000,5.204592
1697.6992,2026-07-20T15:14:31.487416,0.000000,5.204788
1698.1739,2026-07-20T15:14:31.962138,0.000000,5.204860
1698.6669,2026-07-20T15:14:32.455123,0.000000,5.205136
1699.1359,2026-07-20T15:14:32.924068,0.000000,5.205548
1699.6149,2026-07-20T15:14:33.403077,0.000000,5.206052
1700.0987,2026-07-20T15:14:33.886893,0.000000,5.206300
1700.5825,2026-07-20T15:14:34.370752,0.000000,5.206420
1701.0874,2026-07-20T15:14:34.875628,0.000000,5.206452
1701.5905,2026-07-20T15:14:35.378724,0.000000,5.206560
1702.0914,2026-07-20T15:14:35.879581,0.000000,5.206652
1702.5944,2026-07-20T15:14:36.382587,0.000000,5.206800
1703.1024,2026-07-20T15:14:36.890583,0.000000,5.207036
1703.5858,2026-07-20T15:14:37.374049,0.000000,5.207248
1704.0619,2026-07-20T15:14:37.850071,0.000000,5.207220
1704.5367,2026-07-20T15:14:38.324887,0.000000,5.207076
1705.0348,2026-07-20T15:14:38.822986,0.000000,5.206976
1705.5279,2026-07-20T15:14:39.316085,0.000000,5.207088
1706.0052,2026-07-20T15:14:39.793416,0.000000,5.207196
1706.5053,2026-07-20T15:14:40.293450,0.000000,5.207088
1707.0277,2026-07-20T15:14:40.815884,0.000000,5.206964
1707.5312,2026-07-20T15:14:41.319380,0.000000,5.206772
1708.0194,2026-07-20T15:14:41.807635,0.000000,5.206780
1708.4781,2026-07-20T15:14:42.266320,0.000000,5.206712
1708.9717,2026-07-20T15:14:42.759935,0.000000,5.206768
1709.4764,2026-07-20T15:14:43.264633,0.000000,5.206728
1709.9727,2026-07-20T15:14:43.760955,0.000000,5.206852
1710.4564,2026-07-20T15:14:44.244603,0.000000,5.206828
1710.9396,2026-07-20T15:14:44.727820,0.000000,5.206892
1711.4561,2026-07-20T15:14:45.244271,0.000000,5.206944
1711.9478,2026-07-20T15:14:45.735973,0.000000,5.207112
1712.4467,2026-07-20T15:14:46.234897,0.000000,5.207364
1712.9279,2026-07-20T15:14:46.716101,0.000000,5.207348
1713.4237,2026-07-20T15:14:47.211869,0.000000,5.207408
1713.9225,2026-07-20T15:14:47.710721,0.000000,5.207416
1714.4014,2026-07-20T15:14:48.189650,0.000000,5.207580
1714.8990,2026-07-20T15:14:48.687180,0.000000,5.207760
1715.3905,2026-07-20T15:14:49.178669,0.000000,5.207932
1715.8738,2026-07-20T15:14:49.661970,0.000000,5.208008
1716.3824,2026-07-20T15:14:50.170625,0.000000,5.208168
1716.8781,2026-07-20T15:14:50.666243,0.000000,5.208208
1717.3660,2026-07-20T15:14:51.154211,0.000000,5.208148
1717.8706,2026-07-20T15:14:51.658821,0.000000,5.208316
1718.3756,2026-07-20T15:14:52.163806,0.000000,5.208388
1718.8715,2026-07-20T15:14:52.659705,0.000000,5.208608
1719.3859,2026-07-20T15:14:53.174094,0.000000,5.208724
1719.8822,2026-07-20T15:14:53.670360,0.000000,5.208724
1720.3397,2026-07-20T15:14:54.127916,0.000000,5.208900
1720.8244,2026-07-20T15:14:54.612623,0.000000,5.209004
1721.2825,2026-07-20T15:14:55.070659,0.000000,5.209052
1721.7842,2026-07-20T15:14:55.572368,0.000000,5.209256
1722.2797,2026-07-20T15:14:56.067909,0.000000,5.209388
1722.7669,2026-07-20T15:14:56.555148,0.000000,5.209528
1723.2590,2026-07-20T15:14:57.047223,0.000000,5.209712
1723.7389,2026-07-20T15:14:57.527081,0.000000,5.209764
1724.2339,2026-07-20T15:14:58.022077,0.000000,5.209864
1724.7589,2026-07-20T15:14:58.547129,0.000000,5.209944
1725.2146,2026-07-20T15:14:59.002809,0.000000,5.209804
1725.7076,2026-07-20T15:14:59.495807,0.000000,5.209656
1726.2056,2026-07-20T15:14:59.993762,0.000000,5.209680
1726.6874,2026-07-20T15:15:00.475567,0.000000,5.209620
1727.1877,2026-07-20T15:15:00.975934,0.000000,5.209532
1727.6900,2026-07-20T15:15:01.478218,0.000000,5.209412
1728.1694,2026-07-20T15:15:01.957630,0.000000,5.209344
1728.6509,2026-07-20T15:15:02.439096,0.000000,5.209280
1729.1133,2026-07-20T15:15:02.901515,0.000000,5.209132
1729.6140,2026-07-20T15:15:03.402177,0.000000,5.209204
1730.1065,2026-07-20T15:15:03.894718,0.000000,5.209300
1730.5942,2026-07-20T15:15:04.382427,0.000000,5.209384
1731.0821,2026-07-20T15:15:04.870335,0.000000,5.209488
1731.5664,2026-07-20T15:15:05.354561,0.000000,5.209580
1732.0698,2026-07-20T15:15:05.857973,0.000000,5.209684
1732.5369,2026-07-20T15:15:06.325145,0.000000,5.209740
1733.0264,2026-07-20T15:15:06.814621,0.000000,5.209824
1733.4883,2026-07-20T15:15:07.276508,0.000000,5.209908
1733.9766,2026-07-20T15:15:07.764808,0.000000,5.210032
1734.4392,2026-07-20T15:15:08.227399,0.000000,5.210024
1734.9435,2026-07-20T15:15:08.731722,0.000000,5.210020
1735.4425,2026-07-20T15:15:09.230711,0.000000,5.210236
1735.9654,2026-07-20T15:15:09.753592,0.000000,5.210164
1736.4455,2026-07-20T15:15:10.233742,0.000000,5.210024
1736.9214,2026-07-20T15:15:10.709625,0.000000,5.210068
1737.4229,2026-07-20T15:15:11.211146,0.000000,5.210108
1737.9035,2026-07-20T15:15:11.691655,0.000000,5.210168
1738.3767,2026-07-20T15:15:12.164932,0.000000,5.210228
1738.8854,2026-07-20T15:15:12.673587,0.000000,5.210216
1739.3663,2026-07-20T15:15:13.154452,0.000000,5.210296
1739.8695,2026-07-20T15:15:13.657677,0.000000,5.210328
1740.3828,2026-07-20T15:15:14.170985,0.000000,5.210348
1740.8868,2026-07-20T15:15:14.674989,0.000000,5.210372
1741.3693,2026-07-20T15:15:15.157520,0.000000,5.210700
1741.8748,2026-07-20T15:15:15.662947,0.000000,5.210896
1742.3341,2026-07-20T15:15:16.122270,0.000000,5.211052
1742.8383,2026-07-20T15:15:16.626536,0.000000,5.211264
1743.3471,2026-07-20T15:15:17.135330,0.000000,5.211508
1743.8307,2026-07-20T15:15:17.618888,0.000000,5.211748
1744.3328,2026-07-20T15:15:18.120957,0.000000,5.211968
1744.8478,2026-07-20T15:15:18.635998,0.000000,5.212208
1745.3150,2026-07-20T15:15:19.103255,0.000000,5.212468
1745.7852,2026-07-20T15:15:19.573410,0.000000,5.212660
1746.2907,2026-07-20T15:15:20.078892,0.000000,5.212708
1746.7778,2026-07-20T15:15:20.566001,0.000000,5.212768
1747.2826,2026-07-20T15:15:21.070772,0.000000,5.212868
1747.7398,2026-07-20T15:15:21.527961,0.000000,5.212888
1748.2240,2026-07-20T15:15:22.012168,0.000000,5.212836
1748.6805,2026-07-20T15:15:22.468684,0.000000,5.212804
1749.1658,2026-07-20T15:15:22.953999,0.000000,5.212776
1749.6608,2026-07-20T15:15:23.449014,0.000000,5.212744
1750.1565,2026-07-20T15:15:23.944683,0.000000,5.212624
1750.6741,2026-07-20T15:15:24.462315,0.000000,5.212668
1751.1728,2026-07-20T15:15:24.961001,0.000000,5.212724
1751.6311,2026-07-20T15:15:25.419327,0.000000,5.212776
1752.1242,2026-07-20T15:15:25.912360,0.000000,5.212888
1752.5938,2026-07-20T15:15:26.382033,0.000000,5.212996
1753.0751,2026-07-20T15:15:26.863311,0.000000,5.213220
1753.5657,2026-07-20T15:15:27.353915,0.000000,5.213356
1754.0358,2026-07-20T15:15:27.824026,0.000000,5.213608
1754.4949,2026-07-20T15:15:28.283047,0.000000,5.213740
1754.9739,2026-07-20T15:15:28.762076,0.000000,5.213784
1755.4721,2026-07-20T15:15:29.260259,0.000000,5.213932
1755.9700,2026-07-20T15:15:29.758237,0.000000,5.214052
1756.5012,2026-07-20T15:15:30.289375,0.000000,5.214176
1756.9813,2026-07-20T15:15:30.769489,0.000000,5.214292
1757.4823,2026-07-20T15:15:31.270494,0.000000,5.214416
1757.9738,2026-07-20T15:15:31.762017,0.000000,5.214680
1758.4324,2026-07-20T15:15:32.220618,0.000000,5.214808
1758.9165,2026-07-20T15:15:32.704690,0.000000,5.214896
1759.3989,2026-07-20T15:15:33.187098,0.000000,5.215024
1759.9004,2026-07-20T15:15:33.688605,0.000000,5.215156
1760.4012,2026-07-20T15:15:34.189436,0.000000,5.215340
1760.8555,2026-07-20T15:15:34.643714,0.000000,5.215412
1761.3563,2026-07-20T15:15:35.144540,0.000000,5.215556
1761.8750,2026-07-20T15:15:35.663215,0.000000,5.215600
1762.3376,2026-07-20T15:15:36.125806,0.000000,5.215636
1762.8252,2026-07-20T15:15:36.613428,0.000000,5.215696
1763.2908,2026-07-20T15:15:37.079037,0.000000,5.215724
1763.7874,2026-07-20T15:15:37.575571,0.000000,5.215740
1764.2822,2026-07-20T15:15:38.070361,0.000000,5.215852
1764.7811,2026-07-20T15:15:38.569260,0.000000,5.215980
1765.2726,2026-07-20T15:15:39.060764,0.000000,5.216116
1765.7731,2026-07-20T15:15:39.561300,0.000000,5.216292
1766.3015,2026-07-20T15:15:40.089671,0.000000,5.216552
1766.8015,2026-07-20T15:15:40.589676,0.000000,5.216900
1767.2743,2026-07-20T15:15:41.062454,0.000000,5.217068
1767.7393,2026-07-20T15:15:41.527485,0.000000,5.217156
1768.2217,2026-07-20T15:15:42.009946,0.000000,5.217216
1768.7131,2026-07-20T15:15:42.501283,0.000000,5.217484
1769.2047,2026-07-20T15:15:42.992850,0.000000,5.217612
1769.7075,2026-07-20T15:15:43.495664,0.000000,5.217812
1770.1887,2026-07-20T15:15:43.976892,0.000000,5.217956
1770.6805,2026-07-20T15:15:44.468693,0.000000,5.217932
1771.1894,2026-07-20T15:15:44.977623,0.000000,5.217952
1771.6544,2026-07-20T15:15:45.442658,0.000000,5.217948
1772.1537,2026-07-20T15:15:45.941914,0.000000,5.217988
1772.6504,2026-07-20T15:15:46.438641,0.000000,5.218196
1773.1423,2026-07-20T15:15:46.930499,0.000000,5.218320
1773.6464,2026-07-20T15:15:47.434595,0.000000,5.218204
1774.1506,2026-07-20T15:15:47.938824,0.000000,5.218276
1774.6347,2026-07-20T15:15:48.422927,0.000000,5.218460
1775.1133,2026-07-20T15:15:48.901543,0.000000,5.218608
1775.6005,2026-07-20T15:15:49.388714,0.000000,5.218932
1776.1012,2026-07-20T15:15:49.889370,0.000000,5.219220
1776.6028,2026-07-20T15:15:50.390986,0.000000,5.219384
1777.0689,2026-07-20T15:15:50.857142,0.000000,5.219628
1777.5611,2026-07-20T15:15:51.349328,0.000000,5.219740
1778.0445,2026-07-20T15:15:51.832652,0.000000,5.219852
1778.5464,2026-07-20T15:15:52.334643,0.000000,5.220024
1779.0510,2026-07-20T15:15:52.839238,0.000000,5.220264
1779.5674,2026-07-20T15:15:53.355573,0.000000,5.220240
1780.0413,2026-07-20T15:15:53.829554,0.000000,5.220216
1780.5323,2026-07-20T15:15:54.320549,0.000000,5.220072
1781.0320,2026-07-20T15:15:54.820175,0.000000,5.220000
1781.5233,2026-07-20T15:15:55.311486,0.000000,5.220092
1782.0037,2026-07-20T15:15:55.791912,0.000000,5.220160
1782.5046,2026-07-20T15:15:56.292812,0.000000,5.220092
1783.0070,2026-07-20T15:15:56.795246,0.000000,5.220496
1783.5258,2026-07-20T15:15:57.314002,0.000000,5.220768
1784.0152,2026-07-20T15:15:57.803382,0.000000,5.220916
1784.5066,2026-07-20T15:15:58.294815,0.000000,5.221088
1785.0028,2026-07-20T15:15:58.791013,0.000000,5.221188
1785.4660,2026-07-20T15:15:59.254179,0.000000,5.221548
1785.9345,2026-07-20T15:15:59.722745,0.000000,5.221768
1786.4226,2026-07-20T15:16:00.210830,0.000000,5.221948
1786.9075,2026-07-20T15:16:00.695710,0.000000,5.221988
1787.3986,2026-07-20T15:16:01.186790,0.000000,5.222184
1787.8511,2026-07-20T15:16:01.639298,0.000000,5.222184
1788.3407,2026-07-20T15:16:02.128861,0.000000,5.222104
1788.8320,2026-07-20T15:16:02.620226,0.000000,5.222156
1789.3412,2026-07-20T15:16:03.129360,0.000000,5.222204
1789.8436,2026-07-20T15:16:03.631747,0.000000,5.222508
1790.3423,2026-07-20T15:16:04.130538,0.000000,5.222688
1790.8197,2026-07-20T15:16:04.607875,0.000000,5.223004
1791.2885,2026-07-20T15:16:05.076668,0.000000,5.223272
1791.7617,2026-07-20T15:16:05.549928,0.000000,5.223672
1792.2548,2026-07-20T15:16:06.043009,0.000000,5.223812
1792.7473,2026-07-20T15:16:06.535479,0.000000,5.223896
1793.2331,2026-07-20T15:16:07.021261,0.000000,5.224084
1793.7347,2026-07-20T15:16:07.522862,0.000000,5.224208
1794.2566,2026-07-20T15:16:08.044778,0.000000,5.224452
1794.7509,2026-07-20T15:16:08.539106,0.000000,5.224684
1795.2421,2026-07-20T15:16:09.030310,0.000000,5.224856
1795.7177,2026-07-20T15:16:09.505903,0.000000,5.224996
1796.2027,2026-07-20T15:16:09.990894,0.000000,5.225048
1796.6893,2026-07-20T15:16:10.477547,0.000000,5.225120
1797.1613,2026-07-20T15:16:10.949494,0.000000,5.225524
1797.6610,2026-07-20T15:16:11.449180,0.000000,5.225820
1798.1623,2026-07-20T15:16:11.950463,0.000000,5.225964
1798.6271,2026-07-20T15:16:12.415269,0.000000,5.226192
1799.1134,2026-07-20T15:16:12.901589,0.000000,5.226200
1799.5992,2026-07-20T15:16:13.387398,0.000000,5.226192
1800.0976,2026-07-20T15:16:13.885794,0.000000,5.226244
1800.6161,2026-07-20T15:16:14.404274,0.000000,5.226220
1801.0798,2026-07-20T15:16:14.868052,0.000000,5.226396
1801.5854,2026-07-20T15:16:15.373573,0.000000,5.226384
1802.0821,2026-07-20T15:16:15.870316,0.000000,5.226256
1802.5669,2026-07-20T15:16:16.355116,0.000000,5.226308
1803.0409,2026-07-20T15:16:16.829097,0.000000,5.226456
1803.5137,2026-07-20T15:16:17.301891,0.000000,5.226620
1804.0149,2026-07-20T15:16:17.803062,0.000000,5.226956
1804.4806,2026-07-20T15:16:18.268807,0.000000,5.227176
1804.9530,2026-07-20T15:16:18.741187,0.000000,5.227388
1805.4512,2026-07-20T15:16:19.239408,0.000000,5.227496
1805.9691,2026-07-20T15:16:19.757340,0.000000,5.227676
1806.4738,2026-07-20T15:16:20.262023,0.000000,5.227788
1806.9712,2026-07-20T15:16:20.759379,0.000000,5.227988
1807.4640,2026-07-20T15:16:21.252217,0.000000,5.228168
1807.9599,2026-07-20T15:16:21.748134,0.000000,5.228308
1808.4399,2026-07-20T15:16:22.228068,0.000000,5.228408
1808.9133,2026-07-20T15:16:22.701536,0.000000,5.228456
1809.3982,2026-07-20T15:16:23.186355,0.000000,5.228484
1809.8911,2026-07-20T15:16:23.679315,0.000000,5.228640
1810.3791,2026-07-20T15:16:24.167336,0.000000,5.228692
1810.8881,2026-07-20T15:16:24.676253,0.000000,5.228884
1811.3930,2026-07-20T15:16:25.181144,0.000000,5.229068
1811.8740,2026-07-20T15:16:25.662225,0.000000,5.229208
1812.3537,2026-07-20T15:16:26.141879,0.000000,5.229272
1812.8133,2026-07-20T15:16:26.601512,0.000000,5.229392
1813.2975,2026-07-20T15:16:27.085671,0.000000,5.229596
1813.7765,2026-07-20T15:16:27.564731,0.000000,5.229836
1814.2824,2026-07-20T15:16:28.070555,0.000000,5.230052
1814.7769,2026-07-20T15:16:28.565055,0.000000,5.230316
1815.2758,2026-07-20T15:16:29.063993,0.000000,5.230524
1815.7785,2026-07-20T15:16:29.566703,0.000000,5.230444
1816.2713,2026-07-20T15:16:30.059535,0.000000,5.230476
1816.7625,2026-07-20T15:16:30.550716,0.000000,5.230488
1817.2563,2026-07-20T15:16:31.044521,0.000000,5.230516
1817.7482,2026-07-20T15:16:31.536419,0.000000,5.230616
1818.2283,2026-07-20T15:16:32.016545,0.000000,5.230600
1818.6825,2026-07-20T15:16:32.470719,0.000000,5.230620
1819.1517,2026-07-20T15:16:32.939855,0.000000,5.230636
1819.6310,2026-07-20T15:16:33.419243,0.000000,5.230664
1820.1233,2026-07-20T15:16:33.911539,0.000000,5.230732
1820.5876,2026-07-20T15:16:34.375841,0.000000,5.230820
1821.0812,2026-07-20T15:16:34.869371,0.000000,5.231000
1821.6005,2026-07-20T15:16:35.388677,0.000000,5.231116
1822.0727,2026-07-20T15:16:35.860945,0.000000,5.231320
1822.5790,2026-07-20T15:16:36.367156,0.000000,5.231584
1823.0677,2026-07-20T15:16:36.855905,0.000000,5.231792
1823.5664,2026-07-20T15:16:37.354612,0.000000,5.232000
1824.0632,2026-07-20T15:16:37.851438,0.000000,5.232256
1824.5310,2026-07-20T15:16:38.319238,0.000000,5.232404
1825.0259,2026-07-20T15:16:38.814137,0.000000,5.232684
1825.5192,2026-07-20T15:16:39.307365,0.000000,5.232912
1826.0174,2026-07-20T15:16:39.805586,0.000000,5.233228
1826.5216,2026-07-20T15:16:40.309827,0.000000,5.233472
1827.0268,2026-07-20T15:16:40.815018,0.000000,5.233768
1827.5227,2026-07-20T15:16:41.310876,0.000000,5.234008
1828.0172,2026-07-20T15:16:41.805406,0.000000,5.234356
1828.5150,2026-07-20T15:16:42.303225,0.000000,5.234616
1828.9904,2026-07-20T15:16:42.778554,0.000000,5.234640
1829.4876,2026-07-20T15:16:43.275749,0.000000,5.234812
1830.0101,2026-07-20T15:16:43.798316,0.000000,5.234976
1830.4666,2026-07-20T15:16:44.254788,0.000000,5.235072
1830.9689,2026-07-20T15:16:44.757158,0.000000,5.235024
1831.4669,2026-07-20T15:16:45.255144,0.000000,5.235040
1831.9646,2026-07-20T15:16:45.752759,0.000000,5.235112
1832.4586,2026-07-20T15:16:46.246842,0.000000,5.235116
1832.9416,2026-07-20T15:16:46.729804,0.000000,5.235072
1833.4189,2026-07-20T15:16:47.207095,0.000000,5.235024
1833.9186,2026-07-20T15:16:47.706826,0.000000,5.235152
1834.4211,2026-07-20T15:16:48.209355,0.000000,5.235228
1834.9273,2026-07-20T15:16:48.715472,0.000000,5.235360
1835.4186,2026-07-20T15:16:49.206813,0.000000,5.235384
1835.8826,2026-07-20T15:16:49.670760,0.000000,5.235516
1836.3779,2026-07-20T15:16:50.166074,0.000000,5.235588
1836.8800,2026-07-20T15:16:50.668202,0.000000,5.235584
1837.3669,2026-07-20T15:16:51.155065,0.000000,5.235728
1837.8597,2026-07-20T15:16:51.647932,0.000000,5.235836
1838.3497,2026-07-20T15:16:52.137905,0.000000,5.235864
1838.8371,2026-07-20T15:16:52.625267,0.000000,5.235888
1839.3585,2026-07-20T15:16:53.146745,0.000000,5.235944
1839.8398,2026-07-20T15:16:53.628016,0.000000,5.235880
1840.3463,2026-07-20T15:16:54.134533,0.000000,5.236040
1840.8430,2026-07-20T15:16:54.631251,0.000000,5.236148
1841.3186,2026-07-20T15:16:55.106768,0.000000,5.236432
1841.8087,2026-07-20T15:16:55.596918,0.000000,5.236760
1842.2918,2026-07-20T15:16:56.079996,0.000000,5.236908
1842.7540,2026-07-20T15:16:56.542224,0.000000,5.237124
1843.2492,2026-07-20T15:16:57.037385,0.000000,5.237364
1843.7549,2026-07-20T15:16:57.543132,0.000000,5.237864
1844.2577,2026-07-20T15:16:58.045911,0.000000,5.238268
1844.7425,2026-07-20T15:16:58.530680,0.000000,5.238612
1845.2083,2026-07-20T15:16:58.996545,0.000000,5.238960
1845.7015,2026-07-20T15:16:59.489711,0.000000,5.239144
1846.2030,2026-07-20T15:16:59.991228,0.000000,5.239488
1846.6709,2026-07-20T15:17:00.459129,0.000000,5.239676
1847.1620,2026-07-20T15:17:00.950188,0.000000,5.239876
1847.6623,2026-07-20T15:17:01.450550,0.000000,5.240372
1848.1591,2026-07-20T15:17:01.947342,0.000000,5.240844
1848.6436,2026-07-20T15:17:02.431764,0.000000,5.241088
1849.1757,2026-07-20T15:17:02.963945,0.000000,5.241360
1849.6708,2026-07-20T15:17:03.459049,0.000000,5.241700
1850.1590,2026-07-20T15:17:03.947176,0.000000,5.241676
1850.6292,2026-07-20T15:17:04.417356,0.000000,5.241932
1851.1142,2026-07-20T15:17:04.902399,0.000000,5.241892
1851.5999,2026-07-20T15:17:05.388113,0.000000,5.241904
1852.0720,2026-07-20T15:17:05.860169,0.000000,5.241896
1852.5711,2026-07-20T15:17:06.359310,0.000000,5.241780
1853.0644,2026-07-20T15:17:06.852637,0.000000,5.241804
1853.5582,2026-07-20T15:17:07.346418,0.000000,5.241892
1854.0792,2026-07-20T15:17:07.867452,0.000000,5.241904
1854.5745,2026-07-20T15:17:08.362733,0.000000,5.241916
1855.0487,2026-07-20T15:17:08.836889,0.000000,5.242184
1855.5507,2026-07-20T15:17:09.338883,0.000000,5.242336
1856.0339,2026-07-20T15:17:09.822065,0.000000,5.242796
1856.5084,2026-07-20T15:17:10.296564,0.000000,5.243104
1857.0023,2026-07-20T15:17:10.790489,0.000000,5.243412
1857.4917,2026-07-20T15:17:11.279885,0.000000,5.243900
1857.9927,2026-07-20T15:17:11.780917,0.000000,5.244112
1858.4947,2026-07-20T15:17:12.282887,0.000000,5.244192
1858.9726,2026-07-20T15:17:12.760754,0.000000,5.244336
1859.4738,2026-07-20T15:17:13.262046,0.000000,5.244616
1859.9281,2026-07-20T15:17:13.716261,0.000000,5.244836
1860.4309,2026-07-20T15:17:14.219081,0.000000,5.244928
1860.9305,2026-07-20T15:17:14.718682,0.000000,5.244928
1861.3870,2026-07-20T15:17:15.175231,0.000000,5.244964
1861.8807,2026-07-20T15:17:15.668893,0.000000,5.245260
1862.3699,2026-07-20T15:17:16.158056,0.000000,5.245620
1862.8534,2026-07-20T15:17:16.641554,0.000000,5.245764
1863.3506,2026-07-20T15:17:17.138769,0.000000,5.245944
1863.8183,2026-07-20T15:17:17.606482,0.000000,5.246096
1864.3082,2026-07-20T15:17:18.096449,0.000000,5.246076
1864.8223,2026-07-20T15:17:18.610502,0.000000,5.246284
1865.2791,2026-07-20T15:17:19.067267,0.000000,5.246588
1865.7833,2026-07-20T15:17:19.571460,0.000000,5.246996
1866.2833,2026-07-20T15:17:20.071484,0.000000,5.247280
1866.7706,2026-07-20T15:17:20.558789,0.000000,5.247388
1867.2849,2026-07-20T15:17:21.073145,0.000000,5.247540
1867.7994,2026-07-20T15:17:21.587583,0.000000,5.247668
1868.2781,2026-07-20T15:17:22.066264,0.000000,5.247756
1868.7748,2026-07-20T15:17:22.563035,0.000000,5.247944
1869.2714,2026-07-20T15:17:23.059567,0.000000,5.248200
1869.7672,2026-07-20T15:17:23.555408,0.000000,5.248260
1870.2556,2026-07-20T15:17:24.043841,0.000000,5.248240
1870.7527,2026-07-20T15:17:24.540893,0.000000,5.248172
1871.2641,2026-07-20T15:17:25.052294,0.000000,5.248280
1871.7602,2026-07-20T15:17:25.548419,0.000000,5.248448
1872.2539,2026-07-20T15:17:26.042106,0.000000,5.248444
1872.7501,2026-07-20T15:17:26.538305,0.000000,5.248548
1873.2457,2026-07-20T15:17:27.033946,0.000000,5.248652
1873.7080,2026-07-20T15:17:27.496236,0.000000,5.248768
1874.2117,2026-07-20T15:17:27.999941,0.000000,5.249032
1874.7013,2026-07-20T15:17:28.489504,0.000000,5.249236
1875.1919,2026-07-20T15:17:28.980065,0.000000,5.249456
1875.6927,2026-07-20T15:17:29.480950,0.000000,5.249700
1876.1968,2026-07-20T15:17:29.984976,0.000000,5.249864
1876.6708,2026-07-20T15:17:30.459012,0.000000,5.250000
1877.1702,2026-07-20T15:17:30.958382,0.000000,5.250060
1877.6309,2026-07-20T15:17:31.419063,0.000000,5.250160
1878.1307,2026-07-20T15:17:31.918869,0.000000,5.250256
1878.6121,2026-07-20T15:17:32.400257,0.000000,5.250372
1879.0797,2026-07-20T15:17:32.867876,0.000000,5.250540
1879.5604,2026-07-20T15:17:33.348629,0.000000,5.250704
1880.0119,2026-07-20T15:17:33.800112,0.000000,5.250764
1880.5057,2026-07-20T15:17:34.293951,0.000000,5.250900
1881.0017,2026-07-20T15:17:34.789878,0.000000,5.251072
1881.4710,2026-07-20T15:17:35.259232,0.000000,5.251308
1881.9589,2026-07-20T15:17:35.747118,0.000000,5.251468
1882.4765,2026-07-20T15:17:36.264735,0.000000,5.251776
1882.9622,2026-07-20T15:17:36.750379,0.000000,5.251960
1883.4546,2026-07-20T15:17:37.242853,0.000000,5.252188
1883.9326,2026-07-20T15:17:37.720775,0.000000,5.252400
1884.4268,2026-07-20T15:17:38.214997,0.000000,5.252552
1884.8922,2026-07-20T15:17:38.680394,0.000000,5.252808
1885.3723,2026-07-20T15:17:39.160546,0.000000,5.253024
1885.8390,2026-07-20T15:17:39.627143,0.000000,5.253164
1886.2967,2026-07-20T15:17:40.084947,0.000000,5.253364
1886.7997,2026-07-20T15:17:40.587886,0.000000,5.253600
1887.3014,2026-07-20T15:17:41.089579,0.000000,5.253840
1887.7775,2026-07-20T15:17:41.565680,0.000000,5.254112
1888.3116,2026-07-20T15:17:42.099796,0.000000,5.254296
1888.8126,2026-07-20T15:17:42.600793,0.000000,5.254664
1889.2843,2026-07-20T15:17:43.072543,0.000000,5.254964
1889.7827,2026-07-20T15:17:43.570887,0.000000,5.255340
1890.2876,2026-07-20T15:17:44.075794,0.000000,5.255652
1890.7827,2026-07-20T15:17:44.570878,0.000000,5.256144
1891.2834,2026-07-20T15:17:45.071643,0.000000,5.256604
1891.8043,2026-07-20T15:17:45.592512,0.000000,5.256944
1892.2775,2026-07-20T15:17:46.065655,0.000000,5.257396
1892.7686,2026-07-20T15:17:46.556774,0.000000,5.257692
1893.2495,2026-07-20T15:17:47.037714,0.000000,5.258040
1893.7481,2026-07-20T15:17:47.536321,0.000000,5.258340
1894.2552,2026-07-20T15:17:48.043399,0.000000,5.258556
1894.7210,2026-07-20T15:17:48.509253,0.000000,5.258644
1895.2176,2026-07-20T15:17:49.005765,0.000000,5.258864
1895.7125,2026-07-20T15:17:49.500671,0.000000,5.258984
1896.2189,2026-07-20T15:17:50.007136,0.000000,5.259112
1896.7095,2026-07-20T15:17:50.497656,0.000000,5.259360
1897.2115,2026-07-20T15:17:50.999701,0.000000,5.259560
1897.6761,2026-07-20T15:17:51.464333,0.000000,5.259680
1898.1785,2026-07-20T15:17:51.966737,0.000000,5.259884
1898.6760,2026-07-20T15:17:52.464237,0.000000,5.260384
1899.1682,2026-07-20T15:17:52.956431,0.000000,5.260648
1899.6490,2026-07-20T15:17:53.437165,0.000000,5.261028
1900.1259,2026-07-20T15:17:53.914109,0.000000,5.261492
1900.6223,2026-07-20T15:17:54.410512,0.000000,5.261776
1901.1432,2026-07-20T15:17:54.931382,0.000000,5.262196
1901.6302,2026-07-20T15:17:55.418389,0.000000,5.262556
1902.1182,2026-07-20T15:17:55.906362,0.000000,5.262788
1902.6161,2026-07-20T15:17:56.404249,0.000000,5.263108
1903.0785,2026-07-20T15:17:56.866668,0.000000,5.263472
1903.5805,2026-07-20T15:17:57.368702,0.000000,5.263628
1904.0598,2026-07-20T15:17:57.847993,0.000000,5.263956
1904.5590,2026-07-20T15:17:58.347161,0.000000,5.264408
1905.0510,2026-07-20T15:17:58.839224,0.000000,5.264620
1905.5640,2026-07-20T15:17:59.352184,0.000000,5.265000
1906.0340,2026-07-20T15:17:59.822198,0.000000,5.265212
1906.5411,2026-07-20T15:18:00.329333,0.000000,5.265480
1907.0354,2026-07-20T15:18:00.823557,0.000000,5.265768
1907.5117,2026-07-20T15:18:01.299894,0.000000,5.266200
1907.9755,2026-07-20T15:18:01.763741,0.000000,5.266536
1908.4702,2026-07-20T15:18:02.258366,0.000000,5.266896
1908.9434,2026-07-20T15:18:02.731595,0.000000,5.267192
1909.4085,2026-07-20T15:18:03.196697,0.000000,5.267360
1909.8908,2026-07-20T15:18:03.678956,0.000000,5.267584
1910.3847,2026-07-20T15:18:04.172898,0.000000,5.267804
1910.8698,2026-07-20T15:18:04.657962,0.000000,5.267912
1911.3685,2026-07-20T15:18:05.156714,0.000000,5.268100
1911.8914,2026-07-20T15:18:05.679648,0.000000,5.268256
1912.3619,2026-07-20T15:18:06.150074,0.000000,5.268336
1912.8655,2026-07-20T15:18:06.653691,0.000000,5.268396
1913.3618,2026-07-20T15:18:07.149968,0.000000,5.268356
1913.8252,2026-07-20T15:18:07.613381,0.000000,5.268308
1914.3156,2026-07-20T15:18:08.103838,0.000000,5.268340
1914.7772,2026-07-20T15:18:08.565391,0.000000,5.268404
1915.2625,2026-07-20T15:18:09.050730,0.000000,5.268516
1915.7473,2026-07-20T15:18:09.535502,0.000000,5.268668
1916.2386,2026-07-20T15:18:10.026773,0.000000,5.268760
1916.7285,2026-07-20T15:18:10.516740,0.000000,5.268896
1917.2368,2026-07-20T15:18:11.024954,0.000000,5.269040
1917.7340,2026-07-20T15:18:11.522210,0.000000,5.269268
1918.2231,2026-07-20T15:18:12.011290,0.000000,5.269384
1918.6862,2026-07-20T15:18:12.474418,0.000000,5.269640
1919.1714,2026-07-20T15:18:12.959627,0.000000,5.269924
1919.6601,2026-07-20T15:18:13.448312,0.000000,5.270080
1920.1522,2026-07-20T15:18:13.940386,0.000000,5.270040
1920.6281,2026-07-20T15:18:14.416335,0.000000,5.270108
1921.0971,2026-07-20T15:18:14.885305,0.000000,5.270312
1921.6004,2026-07-20T15:18:15.388613,0.000000,5.270420
1922.1134,2026-07-20T15:18:15.901632,0.000000,5.270556
1922.5880,2026-07-20T15:18:16.376165,0.000000,5.270496
1923.0814,2026-07-20T15:18:16.869630,0.000000,5.270592
1923.5646,2026-07-20T15:18:17.352800,0.000000,5.270660
1924.0546,2026-07-20T15:18:17.842761,0.000000,5.270776
1924.5503,2026-07-20T15:18:18.338512,0.000000,5.270896
1925.0503,2026-07-20T15:18:18.838486,0.000000,5.271184
1925.5105,2026-07-20T15:18:19.298721,0.000000,5.271292
1925.9963,2026-07-20T15:18:19.784480,0.000000,5.271232
1926.4975,2026-07-20T15:18:20.285653,0.000000,5.271400
1926.9987,2026-07-20T15:18:20.786878,0.000000,5.271508
1927.4925,2026-07-20T15:18:21.280706,0.000000,5.271796
1927.9940,2026-07-20T15:18:21.782217,0.000000,5.272108
1928.4826,2026-07-20T15:18:22.270767,0.000000,5.272432
1928.9552,2026-07-20T15:18:22.743382,0.000000,5.272536
1929.4301,2026-07-20T15:18:23.218283,0.000000,5.272660
1929.9298,2026-07-20T15:18:23.718019,0.000000,5.272792
1930.4215,2026-07-20T15:18:24.209740,0.000000,5.273148
1930.8915,2026-07-20T15:18:24.679734,0.000000,5.273484
1931.3765,2026-07-20T15:18:25.164694,0.000000,5.273772
1931.8663,2026-07-20T15:18:25.654462,0.000000,5.274124
1932.3710,2026-07-20T15:18:26.159170,0.000000,5.274308
1932.8810,2026-07-20T15:18:26.669222,0.000000,5.274584
1933.3747,2026-07-20T15:18:27.162933,0.000000,5.274892
1933.8454,2026-07-20T15:18:27.633596,0.000000,5.275384
1934.3446,2026-07-20T15:18:28.132792,0.000000,5.275748
1934.8068,2026-07-20T15:18:28.594981,0.000000,5.276172
1935.3096,2026-07-20T15:18:29.097783,0.000000,5.276452
1935.7880,2026-07-20T15:18:29.576207,0.000000,5.276908
1936.2727,2026-07-20T15:18:30.060908,0.000000,5.277200
1936.7568,2026-07-20T15:18:30.545046,0.000000,5.277604
1937.2276,2026-07-20T15:18:31.015854,0.000000,5.278096
1937.7293,2026-07-20T15:18:31.517487,0.000000,5.278464
1938.2510,2026-07-20T15:18:32.039217,0.000000,5.278852
1938.7318,2026-07-20T15:18:32.519956,0.000000,5.279068
1939.2219,2026-07-20T15:18:33.010111,0.000000,5.279536
1939.7085,2026-07-20T15:18:33.496750,0.000000,5.279828
1940.1734,2026-07-20T15:18:33.961571,0.000000,5.280364
1940.6509,2026-07-20T15:18:34.439088,0.000000,5.280604
1941.1363,2026-07-20T15:18:34.924545,0.000000,5.280924
1941.6173,2026-07-20T15:18:35.405468,0.000000,5.281348
1942.1203,2026-07-20T15:18:35.908537,0.000000,5.281660
1942.5743,2026-07-20T15:18:36.362465,0.000000,5.282040
1943.0653,2026-07-20T15:18:36.853461,0.000000,5.282404
1943.5307,2026-07-20T15:18:37.318929,0.000000,5.282892
1944.0309,2026-07-20T15:18:37.819122,0.000000,5.283368
1944.5462,2026-07-20T15:18:38.334419,0.000000,5.283580
1945.0463,2026-07-20T15:18:38.834524,0.000000,5.283696
1945.5387,2026-07-20T15:18:39.326894,0.000000,5.283896
1946.0343,2026-07-20T15:18:39.822504,0.000000,5.284304
1946.5056,2026-07-20T15:18:40.293754,0.000000,5.284528
1946.9963,2026-07-20T15:18:40.784538,0.000000,5.284856
1947.4920,2026-07-20T15:18:41.280161,0.000000,5.285108
1947.9735,2026-07-20T15:18:41.761725,0.000000,5.285176
1948.4416,2026-07-20T15:18:42.229824,0.000000,5.285340
1948.9171,2026-07-20T15:18:42.705260,0.000000,5.285416
1949.4170,2026-07-20T15:18:43.205184,0.000000,5.285812
1949.9290,2026-07-20T15:18:43.717188,0.000000,5.285980
1950.3937,2026-07-20T15:18:44.181878,0.000000,5.286176
1950.8836,2026-07-20T15:18:44.671777,0.000000,5.286396
1951.3757,2026-07-20T15:18:45.163869,0.000000,5.286580
1951.8684,2026-07-20T15:18:45.656596,0.000000,5.286832
1952.3650,2026-07-20T15:18:46.153167,0.000000,5.286960
1952.8327,2026-07-20T15:18:46.620947,0.000000,5.287224
1953.3345,2026-07-20T15:18:47.122750,0.000000,5.287508
1953.8248,2026-07-20T15:18:47.612965,0.000000,5.287700
1954.2903,2026-07-20T15:18:48.078473,0.000000,5.287852
1954.7816,2026-07-20T15:18:48.569842,0.000000,5.288016
1955.2891,2026-07-20T15:18:49.077342,0.000000,5.288296
1955.7854,2026-07-20T15:18:49.573554,0.000000,5.288740
1956.2877,2026-07-20T15:18:50.075922,0.000000,5.289064
1956.7786,2026-07-20T15:18:50.566752,0.000000,5.289452
1957.2631,2026-07-20T15:18:51.051254,0.000000,5.289684
1957.7445,2026-07-20T15:18:51.532656,0.000000,5.289824
1958.2101,2026-07-20T15:18:51.998317,0.000000,5.289984
1958.7100,2026-07-20T15:18:52.498170,0.000000,5.290236
1959.1860,2026-07-20T15:18:52.974205,0.000000,5.290504
1959.6609,2026-07-20T15:18:53.449111,0.000000,5.290660
1960.1421,2026-07-20T15:18:53.930286,0.000000,5.290756
1960.6355,2026-07-20T15:18:54.423698,0.000000,5.290732
1961.1273,2026-07-20T15:18:54.915507,0.000000,5.290868
1961.6210,2026-07-20T15:18:55.409249,0.000000,5.290960
1962.0928,2026-07-20T15:18:55.880970,0.000000,5.290976
1962.5798,2026-07-20T15:18:56.367967,0.000000,5.291104
1963.0791,2026-07-20T15:18:56.867246,0.000000,5.291340
1963.5668,2026-07-20T15:18:57.355013,0.000000,5.291440
1964.0535,2026-07-20T15:18:57.841710,0.000000,5.291624
1964.5187,2026-07-20T15:18:58.306867,0.000000,5.291708
1965.0099,2026-07-20T15:18:58.798059,0.000000,5.291808
1965.5118,2026-07-20T15:18:59.300042,0.000000,5.292076
1966.0113,2026-07-20T15:18:59.799483,0.000000,5.292260
1966.5183,2026-07-20T15:19:00.306547,0.000000,5.292244
1967.0124,2026-07-20T15:19:00.800577,0.000000,5.292344
1967.4763,2026-07-20T15:19:01.264493,0.000000,5.292508
1967.9790,2026-07-20T15:19:01.767218,0.000000,5.292540
1968.4809,2026-07-20T15:19:02.269090,0.000000,5.292824
1968.9662,2026-07-20T15:19:02.754409,0.000000,5.292712
1969.4689,2026-07-20T15:19:03.257089,0.000000,5.292940
1969.9788,2026-07-20T15:19:03.766984,0.000000,5.293056
1970.4695,2026-07-20T15:19:04.257699,0.000000,5.293240
1970.9622,2026-07-20T15:19:04.750352,0.000000,5.293436
1971.4536,2026-07-20T15:19:05.241792,0.000000,5.293904
1971.9505,2026-07-20T15:19:05.738666,0.000000,5.294332
1972.4421,2026-07-20T15:19:06.230287,0.000000,5.294568
1972.9105,2026-07-20T15:19:06.698749,0.000000,5.294936
1973.4034,2026-07-20T15:19:07.191607,0.000000,5.295292
1973.8816,2026-07-20T15:19:07.669796,0.000000,5.295604
1974.3732,2026-07-20T15:19:08.161407,0.000000,5.296124
1974.8972,2026-07-20T15:19:08.685359,0.000000,5.296788
1975.3849,2026-07-20T15:19:09.173144,0.000000,5.297416
1975.8682,2026-07-20T15:19:09.656399,0.000000,5.297952
1976.3671,2026-07-20T15:19:10.155318,0.000000,5.298300
1976.8471,2026-07-20T15:19:10.635300,0.000000,5.298664
1977.3418,2026-07-20T15:19:11.130044,0.000000,5.298944
1977.8442,2026-07-20T15:19:11.632398,0.000000,5.299336
1978.3071,2026-07-20T15:19:12.095275,0.000000,5.299636
1978.7820,2026-07-20T15:19:12.570216,0.000000,5.300236
1979.2403,2026-07-20T15:19:13.028526,0.000000,5.300524
1979.7079,2026-07-20T15:19:13.496100,0.000000,5.300916
1980.2039,2026-07-20T15:19:13.992133,0.000000,5.301172
1980.7005,2026-07-20T15:19:14.488741,0.000000,5.301624
1981.2247,2026-07-20T15:19:15.012914,0.000000,5.301916
1981.7315,2026-07-20T15:19:15.519667,0.000000,5.302292
1982.2064,2026-07-20T15:19:15.994592,0.000000,5.302768
1982.7038,2026-07-20T15:19:16.492042,0.000000,5.303180
1983.1986,2026-07-20T15:19:16.986837,0.000000,5.303572
1983.6758,2026-07-20T15:19:17.463976,0.000000,5.303916
1984.1608,2026-07-20T15:19:17.948968,0.000000,5.304324
1984.6332,2026-07-20T15:19:18.421387,0.000000,5.304500
1985.1319,2026-07-20T15:19:18.920074,0.000000,5.304688
1985.6311,2026-07-20T15:19:19.419334,0.000000,5.305048
1986.1176,2026-07-20T15:19:19.905822,0.000000,5.305316
1986.6156,2026-07-20T15:19:20.403809,0.000000,5.305620
1987.1077,2026-07-20T15:19:20.895894,0.000000,5.305788
1987.5796,2026-07-20T15:19:21.367785,0.000000,5.306100
1988.0478,2026-07-20T15:19:21.836035,0.000000,5.306456
1988.5049,2026-07-20T15:19:22.293147,0.000000,5.306624
1989.0021,2026-07-20T15:19:22.790277,0.000000,5.306856
1989.4998,2026-07-20T15:19:23.288040,0.000000,5.307152
1989.9878,2026-07-20T15:19:23.776029,0.000000,5.307420
1990.4817,2026-07-20T15:19:24.269907,0.000000,5.307632
1990.9502,2026-07-20T15:19:24.738400,0.000000,5.307724
1991.4402,2026-07-20T15:19:25.228367,0.000000,5.307868
1991.9710,2026-07-20T15:19:25.759208,0.000000,5.308108
1992.4312,2026-07-20T15:19:26.219427,0.000000,5.308512
1992.9257,2026-07-20T15:19:26.713934,0.000000,5.308712
1993.4214,2026-07-20T15:19:27.209636,0.000000,5.309020
1993.8996,2026-07-20T15:19:27.687794,0.000000,5.309256
1994.3954,2026-07-20T15:19:28.183550,0.000000,5.309476
1994.8789,2026-07-20T15:19:28.667079,0.000000,5.309720
1995.3688,2026-07-20T15:19:29.157050,0.000000,5.310052
1995.8691,2026-07-20T15:19:29.657301,0.000000,5.310272
1996.3754,2026-07-20T15:19:30.163595,0.000000,5.310484
1996.8723,2026-07-20T15:19:30.660514,0.000000,5.310808
1997.3791,2026-07-20T15:19:31.167255,0.000000,5.311096
1997.8718,2026-07-20T15:19:31.659958,0.000000,5.311276
1998.3664,2026-07-20T15:19:32.154624,0.000000,5.311432
1998.8588,2026-07-20T15:19:32.646994,0.000000,5.311560
1999.3563,2026-07-20T15:19:33.144472,0.000000,5.311612
1999.8774,2026-07-20T15:19:33.665598,0.000000,5.311712
2000.3730,2026-07-20T15:19:34.161183,0.000000,5.311808
2000.8723,2026-07-20T15:19:34.660482,0.000000,5.312040
2001.3680,2026-07-20T15:19:35.156207,0.000000,5.312220
2001.8606,2026-07-20T15:19:35.648832,0.000000,5.312288
2002.3543,2026-07-20T15:19:36.142457,0.000000,5.312248
2002.8254,2026-07-20T15:19:36.613580,0.000000,5.312256
2003.3103,2026-07-20T15:19:37.098503,0.000000,5.312368
2003.7872,2026-07-20T15:19:37.575419,0.000000,5.312536
2004.2914,2026-07-20T15:19:38.079650,0.000000,5.312720
2004.8114,2026-07-20T15:19:38.599607,0.000000,5.312824
2005.3157,2026-07-20T15:19:39.103891,0.000000,5.312960
2005.8008,2026-07-20T15:19:39.588989,0.000000,5.313168
2006.2883,2026-07-20T15:19:40.076514,0.000000,5.313360
2006.7639,2026-07-20T15:19:40.552123,0.000000,5.313512
2007.2275,2026-07-20T15:19:41.015697,0.000000,5.313776
2007.6959,2026-07-20T15:19:41.484064,0.000000,5.314308
2008.1889,2026-07-20T15:19:41.977140,0.000000,5.314480
2008.6959,2026-07-20T15:19:42.484072,0.000000,5.314632
2009.1758,2026-07-20T15:19:42.963988,0.000000,5.315064
2009.6979,2026-07-20T15:19:43.486145,0.000000,5.315548
2010.1881,2026-07-20T15:19:43.976364,0.000000,5.316012
2010.6711,2026-07-20T15:19:44.459258,0.000000,5.316616
2011.1466,2026-07-20T15:19:44.934774,0.000000,5.317164
2011.6081,2026-07-20T15:19:45.396293,0.000000,5.317748
2012.0846,2026-07-20T15:19:45.872754,0.000000,5.318308
2012.5908,2026-07-20T15:19:46.378965,0.000000,5.318956
2013.0855,2026-07-20T15:19:46.873728,0.000000,5.319664
2013.5736,2026-07-20T15:19:47.361824,0.000000,5.320312
2014.0663,2026-07-20T15:19:47.854479,0.000000,5.320892
2014.5704,2026-07-20T15:19:48.358611,0.000000,5.321380
2015.0715,2026-07-20T15:19:48.859721,0.000000,5.321840
2015.5692,2026-07-20T15:19:49.357362,0.000000,5.322128
2016.0537,2026-07-20T15:19:49.841948,0.000000,5.322472
2016.5558,2026-07-20T15:19:50.343978,0.000000,5.322896
2017.0328,2026-07-20T15:19:50.821057,0.000000,5.323284
2017.5246,2026-07-20T15:19:51.312753,0.000000,5.323448
2018.0239,2026-07-20T15:19:51.812058,0.000000,5.323608
2018.5056,2026-07-20T15:19:52.293814,0.000000,5.323844
2019.0163,2026-07-20T15:19:52.804484,0.000000,5.323972
2019.5159,2026-07-20T15:19:53.304136,0.000000,5.323924
2019.9815,2026-07-20T15:19:53.769734,0.000000,5.324124
2020.4686,2026-07-20T15:19:54.256800,0.000000,5.324276
2020.9601,2026-07-20T15:19:54.748304,0.000000,5.324484
2021.4554,2026-07-20T15:19:55.243556,0.000000,5.324576
2021.9552,2026-07-20T15:19:55.743425,0.000000,5.324888
2022.4271,2026-07-20T15:19:56.215286,0.000000,5.325160
2022.9311,2026-07-20T15:19:56.719257,0.000000,5.325320
2023.4363,2026-07-20T15:19:57.224474,0.000000,5.325732
2023.9134,2026-07-20T15:19:57.701578,0.000000,5.326228
2024.3706,2026-07-20T15:19:58.158796,0.000000,5.326812
2024.8644,2026-07-20T15:19:58.652631,0.000000,5.327300
2025.3474,2026-07-20T15:19:59.135577,0.000000,5.327804
2025.8521,2026-07-20T15:19:59.640328,0.000000,5.328192
2026.3114,2026-07-20T15:20:00.099559,0.000000,5.328612
2026.7897,2026-07-20T15:20:00.577936,0.000000,5.328876
2027.2838,2026-07-20T15:20:01.071998,0.000000,5.329132
2027.7694,2026-07-20T15:20:01.557546,0.000000,5.329516
2028.2571,2026-07-20T15:20:02.045294,0.000000,5.329676
2028.7597,2026-07-20T15:20:02.547920,0.000000,5.329924
2029.2625,2026-07-20T15:20:03.050729,0.000000,5.330160
2029.7656,2026-07-20T15:20:03.553745,0.000000,5.330376
2030.2142,2026-07-20T15:20:04.002361,0.000000,5.330620
2030.7097,2026-07-20T15:20:04.497862,0.000000,5.330788
2031.2116,2026-07-20T15:20:04.999845,0.000000,5.331036
2031.6817,2026-07-20T15:20:05.469903,0.000000,5.331160
2032.1584,2026-07-20T15:20:05.946640,0.000000,5.331404
2032.6520,2026-07-20T15:20:06.440188,0.000000,5.331476
2033.1615,2026-07-20T15:20:06.949700,0.000000,5.331768
2033.6561,2026-07-20T15:20:07.444299,0.000000,5.331936
2034.1571,2026-07-20T15:20:07.945304,0.000000,5.332160
2034.6658,2026-07-20T15:20:08.453967,0.000000,5.332364
2035.1683,2026-07-20T15:20:08.956506,0.000000,5.332552
2035.6316,2026-07-20T15:20:09.419795,0.000000,5.332752
2036.1248,2026-07-20T15:20:09.912979,0.000000,5.333016
2036.6152,2026-07-20T15:20:10.403353,0.000000,5.333272
2037.0666,2026-07-20T15:20:10.854845,0.000000,5.333464
2037.5618,2026-07-20T15:20:11.350010,0.000000,5.333636
2038.0345,2026-07-20T15:20:11.822709,0.000000,5.333760
2038.5303,2026-07-20T15:20:12.318461,0.000000,5.333952
2039.0268,2026-07-20T15:20:12.815016,0.000000,5.334080
2039.5409,2026-07-20T15:20:13.329063,0.000000,5.334204
2040.0387,2026-07-20T15:20:13.826930,0.000000,5.334260
2040.5177,2026-07-20T15:20:14.305910,0.000000,5.334236
2040.9884,2026-07-20T15:20:14.776633,0.000000,5.334220
2041.4909,2026-07-20T15:20:15.279112,0.000000,5.334288
2041.9834,2026-07-20T15:20:15.771594,0.000000,5.334412
2042.4655,2026-07-20T15:20:16.253709,0.000000,5.334716
2042.9658,2026-07-20T15:20:16.753963,0.000000,5.334844
2043.4301,2026-07-20T15:20:17.218268,0.000000,5.334992
2043.9221,2026-07-20T15:20:17.710293,0.000000,5.335200
2044.4189,2026-07-20T15:20:18.207073,0.000000,5.335492
2044.9164,2026-07-20T15:20:18.704604,0.000000,5.335852
2045.4240,2026-07-20T15:20:19.212174,0.000000,5.336416
2045.9024,2026-07-20T15:20:19.690616,0.000000,5.336880
2046.3661,2026-07-20T15:20:20.154274,0.000000,5.337212
2046.8589,2026-07-20T15:20:20.647130,0.000000,5.337632
2047.3392,2026-07-20T15:20:21.127418,0.000000,5.338140
2047.8284,2026-07-20T15:20:21.616618,0.000000,5.338620
2048.2931,2026-07-20T15:20:22.081330,0.000000,5.338964
2048.7953,2026-07-20T15:20:22.583485,0.000000,5.339336
2049.2751,2026-07-20T15:20:23.063268,0.000000,5.339700
2049.7573,2026-07-20T15:20:23.545476,0.000000,5.339948
2050.2477,2026-07-20T15:20:24.035891,0.000000,5.340232
2050.7388,2026-07-20T15:20:24.526964,0.000000,5.340520
2051.2407,2026-07-20T15:20:25.028924,0.000000,5.340932
2051.7292,2026-07-20T15:20:25.517427,0.000000,5.341020
2052.2240,2026-07-20T15:20:26.012204,0.000000,5.341128
2052.7220,2026-07-20T15:20:26.510183,0.000000,5.341200
2053.1884,2026-07-20T15:20:26.976567,0.000000,5.341492
2053.6906,2026-07-20T15:20:27.478774,0.000000,5.341704
2054.1503,2026-07-20T15:20:27.938533,0.000000,5.341928
2054.6333,2026-07-20T15:20:28.421505,0.000000,5.342236
2055.1119,2026-07-20T15:20:28.900121,0.000000,5.342352
2055.5727,2026-07-20T15:20:29.360881,0.000000,5.342564
2056.0659,2026-07-20T15:20:29.854111,0.000000,5.342836
2056.5972,2026-07-20T15:20:30.385431,0.000000,5.343068
2057.0865,2026-07-20T15:20:30.874679,0.000000,5.343584
2057.5745,2026-07-20T15:20:31.362715,0.000000,5.343876
2058.0377,2026-07-20T15:20:31.825896,0.000000,5.344116
2058.5056,2026-07-20T15:20:32.293761,0.000000,5.344344
2058.9988,2026-07-20T15:20:32.786989,0.000000,5.344692
2059.4741,2026-07-20T15:20:33.262265,0.000000,5.344864
2059.9701,2026-07-20T15:20:33.758344,0.000000,5.345188
2060.4298,2026-07-20T15:20:34.217981,0.000000,5.345604
2060.9288,2026-07-20T15:20:34.716976,0.000000,5.345868
2061.4297,2026-07-20T15:20:35.217941,0.000000,5.346324
2061.9485,2026-07-20T15:20:35.736666,0.000000,5.346624
2062.4476,2026-07-20T15:20:36.235821,0.000000,5.346940
2062.9331,2026-07-20T15:20:36.721311,0.000000,5.347340
2063.4325,2026-07-20T15:20:37.220744,0.000000,5.347728
2063.9322,2026-07-20T15:20:37.720383,0.000000,5.347968
2064.4258,2026-07-20T15:20:38.213979,0.000000,5.348412
2064.9044,2026-07-20T15:20:38.692639,0.000000,5.348684
2065.3918,2026-07-20T15:20:39.179972,0.000000,5.348828
2065.8757,2026-07-20T15:20:39.663936,0.000000,5.349148
2066.3941,2026-07-20T15:20:40.182325,0.000000,5.349328
2066.8986,2026-07-20T15:20:40.686846,0.000000,5.349548
2067.3900,2026-07-20T15:20:41.178201,0.000000,5.349768
2067.8759,2026-07-20T15:20:41.664066,0.000000,5.350032
2068.3637,2026-07-20T15:20:42.151948,0.000000,5.350360
2068.8299,2026-07-20T15:20:42.618125,0.000000,5.350632
2069.3276,2026-07-20T15:20:43.115779,0.000000,5.350836
2069.8219,2026-07-20T15:20:43.610113,0.000000,5.351100
2070.2994,2026-07-20T15:20:44.087569,0.000000,5.351412
2070.8032,2026-07-20T15:20:44.591433,0.000000,5.351608
2071.3290,2026-07-20T15:20:45.117226,0.000000,5.351880
2071.8283,2026-07-20T15:20:45.616473,0.000000,5.352204
2072.3156,2026-07-20T15:20:46.103814,0.000000,5.352468
2072.8217,2026-07-20T15:20:46.609939,0.000000,5.352732
2073.2841,2026-07-20T15:20:47.072355,0.000000,5.353008
2073.7892,2026-07-20T15:20:47.577455,0.000000,5.353340
2074.2859,2026-07-20T15:20:48.074122,0.000000,5.353756
2074.7786,2026-07-20T15:20:48.566835,0.000000,5.354200
2075.2754,2026-07-20T15:20:49.063653,0.000000,5.354392
2075.7576,2026-07-20T15:20:49.545779,0.000000,5.354696
2076.2510,2026-07-20T15:20:50.039183,0.000000,5.355044
2076.7486,2026-07-20T15:20:50.536839,0.000000,5.355316
2077.2231,2026-07-20T15:20:51.011339,0.000000,5.355536
2077.7120,2026-07-20T15:20:51.500207,0.000000,5.356040
2078.1867,2026-07-20T15:20:51.974957,0.000000,5.356376
2078.6741,2026-07-20T15:20:52.462321,0.000000,5.356828
2079.1558,2026-07-20T15:20:52.943977,0.000000,5.357320
2079.6252,2026-07-20T15:20:53.413371,0.000000,5.357644
2080.1195,2026-07-20T15:20:53.907671,0.000000,5.358072
2080.6340,2026-07-20T15:20:54.422191,0.000000,5.358632
2081.0946,2026-07-20T15:20:54.882811,0.000000,5.359116
2081.5946,2026-07-20T15:20:55.382832,0.000000,5.359636
2082.0947,2026-07-20T15:20:55.882950,0.000000,5.360164
2082.5720,2026-07-20T15:20:56.360202,0.000000,5.360628
2083.0723,2026-07-20T15:20:56.860461,0.000000,5.361132
2083.5709,2026-07-20T15:20:57.359111,0.000000,5.361784
2084.0651,2026-07-20T15:20:57.853343,0.000000,5.362024
2084.5402,2026-07-20T15:20:58.328396,0.000000,5.362700
2085.0146,2026-07-20T15:20:58.802756,0.000000,5.363272
2085.5135,2026-07-20T15:20:59.301703,0.000000,5.363708
2086.0399,2026-07-20T15:20:59.828077,0.000000,5.364384
2086.5097,2026-07-20T15:21:00.297944,0.000000,5.364884
2087.0148,2026-07-20T15:21:00.803009,0.000000,5.365348
2087.5132,2026-07-20T15:21:01.301404,0.000000,5.365804
2087.9853,2026-07-20T15:21:01.773466,0.000000,5.366256
2088.4523,2026-07-20T15:21:02.240469,0.000000,5.366512
2088.9312,2026-07-20T15:21:02.719448,0.000000,5.366964
2089.4286,2026-07-20T15:21:03.216807,0.000000,5.367284
2089.9598,2026-07-20T15:21:03.748046,0.000000,5.367480
2090.4590,2026-07-20T15:21:04.247186,0.000000,5.367756
2090.9509,2026-07-20T15:21:04.739085,0.000000,5.367968
2091.4524,2026-07-20T15:21:05.240651,0.000000,5.368196
2091.9278,2026-07-20T15:21:05.716035,0.000000,5.368584
2092.4273,2026-07-20T15:21:06.215542,0.000000,5.368884
2092.9020,2026-07-20T15:21:06.690237,0.000000,5.369208
2093.3711,2026-07-20T15:21:07.159321,0.000000,5.369504
2093.8651,2026-07-20T15:21:07.653354,0.000000,5.369604
2094.3855,2026-07-20T15:21:08.173649,0.000000,5.369916
2094.8735,2026-07-20T15:21:08.661669,0.000000,5.370316
2095.3734,2026-07-20T15:21:09.161653,0.000000,5.370616
2095.8764,2026-07-20T15:21:09.664614,0.000000,5.370804
2096.3716,2026-07-20T15:21:10.159820,0.000000,5.370972
2096.8552,2026-07-20T15:21:10.643357,0.000000,5.371084
2097.3306,2026-07-20T15:21:11.118800,0.000000,5.371280
2097.8318,2026-07-20T15:21:11.620049,0.000000,5.371416
2098.3628,2026-07-20T15:21:12.150956,0.000000,5.371616
2098.8485,2026-07-20T15:21:12.636682,0.000000,5.372004
2099.3484,2026-07-20T15:21:13.136589,0.000000,5.372376
2099.8508,2026-07-20T15:21:13.638954,0.000000,5.372660
2100.3232,2026-07-20T15:21:14.111418,0.000000,5.372716
2100.8228,2026-07-20T15:21:14.610984,0.000000,5.373040
2101.3267,2026-07-20T15:21:15.114946,0.000000,5.373320
2101.8286,2026-07-20T15:21:15.616765,0.000000,5.373656
2102.3305,2026-07-20T15:21:16.118735,0.000000,5.373992
2102.8346,2026-07-20T15:21:16.622764,0.000000,5.374320
2103.3095,2026-07-20T15:21:17.097746,0.000000,5.374656
2103.8095,2026-07-20T15:21:17.597686,0.000000,5.374828
2104.3149,2026-07-20T15:21:18.103116,0.000000,5.374892
2104.7735,2026-07-20T15:21:18.561732,0.000000,5.375136
2105.2315,2026-07-20T15:21:19.019744,0.000000,5.375404
2105.6881,2026-07-20T15:21:19.476330,0.000000,5.375560
2106.1794,2026-07-20T15:21:19.967576,0.000000,5.375688
2106.6690,2026-07-20T15:21:20.457148,0.000000,5.375892
2107.1465,2026-07-20T15:21:20.934687,0.000000,5.376172
2107.6057,2026-07-20T15:21:21.393943,0.000000,5.376240
2108.0759,2026-07-20T15:21:21.864129,0.000000,5.376292
2108.5760,2026-07-20T15:21:22.364207,0.000000,5.376356
2109.0886,2026-07-20T15:21:22.876810,0.000000,5.376596
2109.5798,2026-07-20T15:21:23.367969,0.000000,5.376848
2110.0761,2026-07-20T15:21:23.864347,0.000000,5.377096
2110.5733,2026-07-20T15:21:24.361500,0.000000,5.377528
2111.0728,2026-07-20T15:21:24.860988,0.000000,5.378048
2111.5647,2026-07-20T15:21:25.352945,0.000000,5.378468
2112.0418,2026-07-20T15:21:25.829995,0.000000,5.378888
2112.5276,2026-07-20T15:21:26.315790,0.000000,5.379500
2113.0235,2026-07-20T15:21:26.811681,0.000000,5.380128
2113.4751,2026-07-20T15:21:27.263288,0.000000,5.380772
2113.9689,2026-07-20T15:21:27.757118,0.000000,5.381300
2114.4595,2026-07-20T15:21:28.247722,0.000000,5.381872
2114.9605,2026-07-20T15:21:28.748670,0.000000,5.382556
2115.4439,2026-07-20T15:21:29.232126,0.000000,5.383168
2115.9311,2026-07-20T15:21:29.719330,0.000000,5.383612
2116.4256,2026-07-20T15:21:30.213797,0.000000,5.384124
2116.9335,2026-07-20T15:21:30.721751,0.000000,5.384680
2117.4076,2026-07-20T15:21:31.195803,0.000000,5.385080
2117.9020,2026-07-20T15:21:31.690206,0.000000,5.385476
2118.3812,2026-07-20T15:21:32.169437,0.000000,5.386020
2118.8730,2026-07-20T15:21:32.661221,0.000000,5.386492
2119.3695,2026-07-20T15:21:33.157689,0.000000,5.386888
2119.8742,2026-07-20T15:21:33.662365,0.000000,5.387056
2120.3587,2026-07-20T15:21:34.146852,0.000000,5.387148
2120.8399,2026-07-20T15:21:34.628079,0.000000,5.387276
2121.3068,2026-07-20T15:21:35.094975,0.000000,5.387408
2121.7796,2026-07-20T15:21:35.567793,0.000000,5.387600
2122.2564,2026-07-20T15:21:36.044592,0.000000,5.387628
2122.7585,2026-07-20T15:21:36.546678,0.000000,5.387712
2123.2583,2026-07-20T15:21:37.046469,0.000000,5.387884
2123.7609,2026-07-20T15:21:37.549072,0.000000,5.387980
2124.2602,2026-07-20T15:21:38.048388,0.000000,5.388148
2124.7607,2026-07-20T15:21:38.548944,0.000000,5.388480
2125.2323,2026-07-20T15:21:39.020470,0.000000,5.388860
2125.7144,2026-07-20T15:21:39.502612,0.000000,5.389072
2126.2060,2026-07-20T15:21:39.994245,0.000000,5.389344
2126.6704,2026-07-20T15:21:40.458582,0.000000,5.389624
2127.1660,2026-07-20T15:21:40.954236,0.000000,5.389892
2127.6289,2026-07-20T15:21:41.417089,0.000000,5.390092
2128.1306,2026-07-20T15:21:41.918782,0.000000,5.390280
2128.6446,2026-07-20T15:21:42.432817,0.000000,5.390484
2129.1213,2026-07-20T15:21:42.909528,0.000000,5.390588
2129.5781,2026-07-20T15:21:43.366310,0.000000,5.390724
2130.0545,2026-07-20T15:21:43.842718,0.000000,5.390760
2130.5598,2026-07-20T15:21:44.348047,0.000000,5.391036
2131.0558,2026-07-20T15:21:44.843961,0.000000,5.391304
2131.5148,2026-07-20T15:21:45.302986,0.000000,5.391508
2132.0153,2026-07-20T15:21:45.803495,0.000000,5.391656
2132.5108,2026-07-20T15:21:46.298973,0.000000,5.391852
2132.9847,2026-07-20T15:21:46.772864,0.000000,5.392172
2133.4812,2026-07-20T15:21:47.269370,0.000000,5.392364
2133.9795,2026-07-20T15:21:47.767715,0.000000,5.392672
2134.4805,2026-07-20T15:21:48.268729,0.000000,5.392940
2134.9796,2026-07-20T15:21:48.767785,0.000000,5.393172
2135.4716,2026-07-20T15:21:49.259801,0.000000,5.393428
2135.9610,2026-07-20T15:21:49.749151,0.000000,5.393584
2136.4464,2026-07-20T15:21:50.234608,0.000000,5.393736
2136.9321,2026-07-20T15:21:50.720330,0.000000,5.393868
2137.4298,2026-07-20T15:21:51.217999,0.000000,5.394076
2137.9061,2026-07-20T15:21:51.694330,0.000000,5.394236
2138.3714,2026-07-20T15:21:52.159597,0.000000,5.394436
2138.8654,2026-07-20T15:21:52.653580,0.000000,5.394592
2139.3928,2026-07-20T15:21:53.181039,0.000000,5.394600
2139.8723,2026-07-20T15:21:53.660644,0.000000,5.394904
2140.3393,2026-07-20T15:21:54.127539,0.000000,5.395032
2140.8061,2026-07-20T15:21:54.594335,0.000000,5.395340
2141.2871,2026-07-20T15:21:55.075290,0.000000,5.395840
2141.7601,2026-07-20T15:21:55.548345,0.000000,5.396192
2142.2593,2026-07-20T15:21:56.047471,0.000000,5.396588
2142.7502,2026-07-20T15:21:56.538383,0.000000,5.396844
2143.2178,2026-07-20T15:21:57.005999,0.000000,5.397196
2143.7079,2026-07-20T15:21:57.496065,0.000000,5.397496
2144.2057,2026-07-20T15:21:57.993940,0.000000,5.398052
2144.6745,2026-07-20T15:21:58.462745,0.000000,5.398544
2145.1718,2026-07-20T15:21:58.960044,0.000000,5.398956
2145.6920,2026-07-20T15:21:59.480213,0.000000,5.399604
2146.1744,2026-07-20T15:21:59.962596,0.000000,5.399956
2146.6634,2026-07-20T15:22:00.451644,0.000000,5.400192
2147.1475,2026-07-20T15:22:00.935746,0.000000,5.400512
2147.6343,2026-07-20T15:22:01.422542,0.000000,5.400952
2148.1323,2026-07-20T15:22:01.920497,0.000000,5.401440
2148.5910,2026-07-20T15:22:02.379229,0.000000,5.402048
2149.0829,2026-07-20T15:22:02.871136,0.000000,5.402356
2149.5814,2026-07-20T15:22:03.369620,0.000000,5.402748
2150.0725,2026-07-20T15:22:03.860669,0.000000,5.402848
2150.5924,2026-07-20T15:22:04.380609,0.000000,5.402984
2151.0849,2026-07-20T15:22:04.873123,0.000000,5.403120
2151.5632,2026-07-20T15:22:05.351433,0.000000,5.403260
2152.0510,2026-07-20T15:22:05.839197,0.000000,5.403600
2152.5339,2026-07-20T15:22:06.322083,0.000000,5.403752
2153.0017,2026-07-20T15:22:06.789939,0.000000,5.403928
2153.5055,2026-07-20T15:22:07.293716,0.000000,5.404120
2153.9711,2026-07-20T15:22:07.759290,0.000000,5.404204
2154.4747,2026-07-20T15:22:08.262890,0.000000,5.404316
2154.9244,2026-07-20T15:22:08.712555,0.000000,5.404608
2155.4284,2026-07-20T15:22:09.216572,0.000000,5.404680
2155.9422,2026-07-20T15:22:09.730406,0.000000,5.404800
2156.4479,2026-07-20T15:22:10.236087,0.000000,5.405052
2156.9474,2026-07-20T15:22:10.735583,0.000000,5.405280
2157.4484,2026-07-20T15:22:11.236597,0.000000,5.405608
2157.9116,2026-07-20T15:22:11.699846,0.000000,5.405732
2158.3954,2026-07-20T15:22:12.183605,0.000000,5.405756
2158.8915,2026-07-20T15:22:12.679665,0.000000,5.405924
2159.3808,2026-07-20T15:22:13.168985,0.000000,5.406092
2159.8726,2026-07-20T15:22:13.660770,0.000000,5.406332
2160.4007,2026-07-20T15:22:14.188922,0.000000,5.406572
2160.8720,2026-07-20T15:22:14.660236,0.000000,5.406896
2161.3644,2026-07-20T15:22:15.152577,0.000000,5.407124
2161.8723,2026-07-20T15:22:15.660512,0.000000,5.407212
2162.3701,2026-07-20T15:22:16.158257,0.000000,5.407376
2162.8707,2026-07-20T15:22:16.658863,0.000000,5.407532
2163.3302,2026-07-20T15:22:17.118434,0.000000,5.407736
2163.8101,2026-07-20T15:22:17.598335,0.000000,5.407868
2164.3035,2026-07-20T15:22:18.091708,0.000000,5.408092
2164.8053,2026-07-20T15:22:18.593538,0.000000,5.408232
2165.2985,2026-07-20T15:22:19.086670,0.000000,5.408384
2165.7955,2026-07-20T15:22:19.583675,0.000000,5.408472
2166.2848,2026-07-20T15:22:20.072964,0.000000,5.408604
2166.7737,2026-07-20T15:22:20.561907,0.000000,5.408884
2167.2346,2026-07-20T15:22:21.022833,0.000000,5.409056
2167.7164,2026-07-20T15:22:21.504607,0.000000,5.409204
2168.2009,2026-07-20T15:22:21.989042,0.000000,5.409292
2168.6966,2026-07-20T15:22:22.484813,0.000000,5.409488
2169.1899,2026-07-20T15:22:22.978046,0.000000,5.409572
2169.7000,2026-07-20T15:22:23.488170,0.000000,5.409688
2170.1738,2026-07-20T15:22:23.961985,0.000000,5.409832
2170.6818,2026-07-20T15:22:24.470041,0.000000,5.410068
2171.1836,2026-07-20T15:22:24.971757,0.000000,5.410292
2171.6681,2026-07-20T15:22:25.456323,0.000000,5.410408
2172.1682,2026-07-20T15:22:25.956366,0.000000,5.410560
2172.6766,2026-07-20T15:22:26.464775,0.000000,5.410704
2173.1316,2026-07-20T15:22:26.919782,0.000000,5.410740
2173.6235,2026-07-20T15:22:27.411666,0.000000,5.410728
2174.0821,2026-07-20T15:22:27.870266,0.000000,5.410960
2174.5483,2026-07-20T15:22:28.336489,0.000000,5.411016
2175.0475,2026-07-20T15:22:28.835658,0.000000,5.411084
2175.5588,2026-07-20T15:22:29.346953,0.000000,5.411096
2176.0580,2026-07-20T15:22:29.846210,0.000000,5.411192
2176.5471,2026-07-20T15:22:30.335280,0.000000,5.411356
2177.0202,2026-07-20T15:22:30.808412,0.000000,5.411424
2177.5126,2026-07-20T15:22:31.300744,0.000000,5.411604
2178.0058,2026-07-20T15:22:31.793995,0.000000,5.411916
2178.4768,2026-07-20T15:22:32.265019,0.000000,5.412260
2178.9805,2026-07-20T15:22:32.768748,0.000000,5.412408
2179.4575,2026-07-20T15:22:33.245680,0.000000,5.412632
2179.9642,2026-07-20T15:22:33.752454,0.000000,5.412824
2180.4610,2026-07-20T15:22:34.249224,0.000000,5.412924
2180.9576,2026-07-20T15:22:34.745788,0.000000,5.413008
2181.4259,2026-07-20T15:22:35.214131,0.000000,5.413080
2181.9209,2026-07-20T15:22:35.709052,0.000000,5.413192
2182.3967,2026-07-20T15:22:36.184926,0.000000,5.413316
2182.9015,2026-07-20T15:22:36.689729,0.000000,5.413352
2183.3953,2026-07-20T15:22:37.183519,0.000000,5.413424
2183.8648,2026-07-20T15:22:37.652986,0.000000,5.413392
2184.3460,2026-07-20T15:22:38.134227,0.000000,5.413368
2184.8246,2026-07-20T15:22:38.612837,0.000000,5.413356
2185.3280,2026-07-20T15:22:39.116202,0.000000,5.413476
2185.8273,2026-07-20T15:22:39.615505,0.000000,5.413628
2186.2900,2026-07-20T15:22:40.078191,0.000000,5.413644
2186.7911,2026-07-20T15:22:40.579285,0.000000,5.413772
2187.3013,2026-07-20T15:22:41.089508,0.000000,5.413832
2187.7672,2026-07-20T15:22:41.555406,0.000000,5.413860
2188.2638,2026-07-20T15:22:42.052029,0.000000,5.414068
2188.7280,2026-07-20T15:22:42.516255,0.000000,5.414264
2189.2210,2026-07-20T15:22:43.009253,0.000000,5.414420
2189.6891,2026-07-20T15:22:43.477261,0.000000,5.414692
2190.1783,2026-07-20T15:22:43.966543,0.000000,5.414844
2190.6307,2026-07-20T15:22:44.418898,0.000000,5.415024
2191.0952,2026-07-20T15:22:44.883355,0.000000,5.415136
2191.5647,2026-07-20T15:22:45.352921,0.000000,5.415200
2192.0310,2026-07-20T15:22:45.819168,0.000000,5.415276
2192.5217,2026-07-20T15:22:46.309864,0.000000,5.415392
2193.0095,2026-07-20T15:22:46.797754,0.000000,5.415484
2193.4961,2026-07-20T15:22:47.284295,0.000000,5.415376
2194.0289,2026-07-20T15:22:47.817132,0.000000,5.415612
2194.5161,2026-07-20T15:22:48.304312,0.000000,5.415824
2195.0101,2026-07-20T15:22:48.798322,0.000000,5.415992
2195.5029,2026-07-20T15:22:49.291101,0.000000,5.416276
2195.9960,2026-07-20T15:22:49.784251,0.000000,5.416372
2196.4841,2026-07-20T15:22:50.272250,0.000000,5.416600
2196.9638,2026-07-20T15:22:50.751996,0.000000,5.416760
2197.4404,2026-07-20T15:22:51.228615,0.000000,5.416900
2197.9221,2026-07-20T15:22:51.710277,0.000000,5.417036
2198.4367,2026-07-20T15:22:52.224867,0.000000,5.417220
2198.9266,2026-07-20T15:22:52.714786,0.000000,5.417284
2199.3873,2026-07-20T15:22:53.175540,0.000000,5.417232
2199.8695,2026-07-20T15:22:53.657700,0.000000,5.417208
2200.3660,2026-07-20T15:22:54.154187,0.000000,5.416984
2200.8532,2026-07-20T15:22:54.641381,0.000000,5.417060
2201.3594,2026-07-20T15:22:55.147629,0.000000,5.417132
2201.8378,2026-07-20T15:22:55.625997,0.000000,5.417224
2202.3305,2026-07-20T15:22:56.118739,0.000000,5.417364
2202.8551,2026-07-20T15:22:56.643319,0.000000,5.417448
2203.3288,2026-07-20T15:22:57.117064,0.000000,5.417576
2203.8306,2026-07-20T15:22:57.618770,0.000000,5.417732
2204.3387,2026-07-20T15:22:58.126917,0.000000,5.417904
2204.8082,2026-07-20T15:22:58.596352,0.000000,5.418096
2205.3022,2026-07-20T15:22:59.090354,0.000000,5.418396
2205.7700,2026-07-20T15:22:59.558199,0.000000,5.418384
2206.2599,2026-07-20T15:23:00.048133,0.000000,5.418520
2206.7215,2026-07-20T15:23:00.509661,0.000000,5.418396
2207.2035,2026-07-20T15:23:00.991711,0.000000,5.418448
2207.6839,2026-07-20T15:23:01.472109,0.000000,5.418452
2208.1828,2026-07-20T15:23:01.970962,0.000000,5.418392
2208.6914,2026-07-20T15:23:02.479599,0.000000,5.418424
2209.1744,2026-07-20T15:23:02.962555,0.000000,5.418324
2209.6677,2026-07-20T15:23:03.455916,0.000000,5.418292
2210.1553,2026-07-20T15:23:03.943466,0.000000,5.418176
2210.6480,2026-07-20T15:23:04.436238,0.000000,5.418268
2211.1249,2026-07-20T15:23:04.913118,0.000000,5.418172
2211.6274,2026-07-20T15:23:05.415577,0.000000,5.418140
2212.1261,2026-07-20T15:23:05.914317,0.000000,5.418148
2212.6113,2026-07-20T15:23:06.399474,0.000000,5.418052
2213.1290,2026-07-20T15:23:06.917229,0.000000,5.417944
2213.6323,2026-07-20T15:23:07.420546,0.000000,5.417576
2214.0912,2026-07-20T15:23:07.879411,0.000000,5.417352
2214.5741,2026-07-20T15:23:08.362265,0.000000,5.417148
2215.0716,2026-07-20T15:23:08.859744,0.000000,5.417052
2215.5650,2026-07-20T15:23:09.353244,0.000000,5.416908
2216.0576,2026-07-20T15:23:09.845799,0.000000,5.416840
2216.5623,2026-07-20T15:23:10.350482,0.000000,5.416680
2217.0753,2026-07-20T15:23:10.863540,0.000000,5.416612
2217.5718,2026-07-20T15:23:11.359971,0.000000,5.416492
2218.0761,2026-07-20T15:23:11.864256,0.000000,5.416496
2218.5731,2026-07-20T15:23:12.361331,0.000000,5.416612
2219.0551,2026-07-20T15:23:12.843328,0.000000,5.416720
2219.5232,2026-07-20T15:23:13.311391,0.000000,5.416800
2220.0187,2026-07-20T15:23:13.806902,0.000000,5.416760
2220.5197,2026-07-20T15:23:14.307936,0.000000,5.416876
2220.9982,2026-07-20T15:23:14.786372,0.000000,5.416772
2221.4968,2026-07-20T15:23:15.285004,0.000000,5.416732
2222.0047,2026-07-20T15:23:15.792927,0.000000,5.416636
2222.4826,2026-07-20T15:23:16.270828,0.000000,5.416624
2222.9362,2026-07-20T15:23:16.724438,0.000000,5.416564
2223.4055,2026-07-20T15:23:17.193713,0.000000,5.416452
2223.9059,2026-07-20T15:23:17.694104,0.000000,5.416416
2224.3962,2026-07-20T15:23:18.184406,0.000000,5.416624
2224.8690,2026-07-20T15:23:18.657227,0.000000,5.416656
2225.3675,2026-07-20T15:23:19.155708,0.000000,5.416656
2225.8634,2026-07-20T15:23:19.651649,0.000000,5.416704
2226.3600,2026-07-20T15:23:20.148234,0.000000,5.416840
2226.8669,2026-07-20T15:23:20.655088,0.000000,5.416812
2227.3115,2026-07-20T15:23:21.099735,0.000000,5.417016
2227.8332,2026-07-20T15:23:21.621365,0.000000,5.417220
2228.3384,2026-07-20T15:23:22.126608,0.000000,5.417568
2228.8241,2026-07-20T15:23:22.612334,0.000000,5.417700
2229.3131,2026-07-20T15:23:23.101350,0.000000,5.417704
2229.8078,2026-07-20T15:23:23.595959,0.000000,5.417808
2230.2878,2026-07-20T15:23:24.076134,0.000000,5.417964
2230.7917,2026-07-20T15:23:24.579949,0.000000,5.418148
2231.2905,2026-07-20T15:23:25.078700,0.000000,5.418264
2231.7893,2026-07-20T15:23:25.577449,0.000000,5.418508
2232.2921,2026-07-20T15:23:26.080271,0.000000,5.418620
2232.7921,2026-07-20T15:23:26.580342,0.000000,5.418700
2233.2737,2026-07-20T15:23:27.061895,0.000000,5.418832
2233.7716,2026-07-20T15:23:27.559795,0.000000,5.418892
2234.2547,2026-07-20T15:23:28.042884,0.000000,5.418884
2234.7310,2026-07-20T15:23:28.519253,0.000000,5.418864
2235.2336,2026-07-20T15:23:29.021844,0.000000,5.418780
2235.7237,2026-07-20T15:23:29.511888,0.000000,5.418712
2236.2340,2026-07-20T15:23:30.022212,0.000000,5.418680
2236.7320,2026-07-20T15:23:30.520230,0.000000,5.418668
2237.2340,2026-07-20T15:23:31.022187,0.000000,5.418720
2237.7243,2026-07-20T15:23:31.512499,0.000000,5.418620
2238.2177,2026-07-20T15:23:32.005910,0.000000,5.418560
2238.6832,2026-07-20T15:23:32.471381,0.000000,5.418548
2239.1767,2026-07-20T15:23:32.964897,0.000000,5.418488
2239.6370,2026-07-20T15:23:33.425227,0.000000,5.418216
2240.1094,2026-07-20T15:23:33.897624,0.000000,5.418024
2240.5905,2026-07-20T15:23:34.378692,0.000000,5.417848
2241.0699,2026-07-20T15:23:34.858088,0.000000,5.417504
2241.5653,2026-07-20T15:23:35.353505,0.000000,5.417268
2242.0892,2026-07-20T15:23:35.877436,0.000000,5.416768
2242.5631,2026-07-20T15:23:36.351285,0.000000,5.416372
2243.0381,2026-07-20T15:23:36.826280,0.000000,5.416160
2243.5144,2026-07-20T15:23:37.302599,0.000000,5.415864
2244.0009,2026-07-20T15:23:37.789127,0.000000,5.415584
2244.5128,2026-07-20T15:23:38.301021,0.000000,5.415528
2245.0046,2026-07-20T15:23:38.792763,0.000000,5.415420
2245.5112,2026-07-20T15:23:39.299362,0.000000,5.415372
2245.9768,2026-07-20T15:23:39.765013,0.000000,5.415276
2246.4699,2026-07-20T15:23:40.258122,0.000000,5.415332
2246.9876,2026-07-20T15:23:40.775851,0.000000,5.415244
2247.4869,2026-07-20T15:23:41.275120,0.000000,5.415092
2247.9690,2026-07-20T15:23:41.757166,0.000000,5.414912
2248.4777,2026-07-20T15:23:42.265873,0.000000,5.414796
2248.9738,2026-07-20T15:23:42.761980,0.000000,5.414700
2249.4430,2026-07-20T15:23:43.231237,0.000000,5.414536
2249.9328,2026-07-20T15:23:43.721011,0.000000,5.414400
2250.4121,2026-07-20T15:23:44.200332,0.000000,5.414296
2250.8938,2026-07-20T15:23:44.681970,0.000000,5.414292
2251.3926,2026-07-20T15:23:45.180768,0.000000,5.414288
2251.8858,2026-07-20T15:23:45.674002,0.000000,5.414292
2252.3877,2026-07-20T15:23:46.175934,0.000000,5.414408
2252.8806,2026-07-20T15:23:46.668765,0.000000,5.414392
2253.3703,2026-07-20T15:23:47.158539,0.000000,5.414528
2253.8547,2026-07-20T15:23:47.642858,0.000000,5.414548
2254.3275,2026-07-20T15:23:48.115670,0.000000,5.414540
2254.8238,2026-07-20T15:23:48.612037,0.000000,5.414632
2255.3217,2026-07-20T15:23:49.109875,0.000000,5.414464
2255.7936,2026-07-20T15:23:49.581813,0.000000,5.414348
2256.2714,2026-07-20T15:23:50.059565,0.000000,5.414096
2256.7849,2026-07-20T15:23:50.573121,0.000000,5.413968
2257.2718,2026-07-20T15:23:51.060020,0.000000,5.413780
2257.7582,2026-07-20T15:23:51.546404,0.000000,5.413428
2258.2567,2026-07-20T15:23:52.044946,0.000000,5.413148
2258.7605,2026-07-20T15:23:52.548709,0.000000,5.412860
2259.2527,2026-07-20T15:23:53.040951,0.000000,5.412668
2259.7291,2026-07-20T15:23:53.517295,0.000000,5.412424
2260.2323,2026-07-20T15:23:54.020521,0.000000,5.412268
2260.7293,2026-07-20T15:23:54.517499,0.000000,5.412172
2261.2221,2026-07-20T15:23:55.010305,0.000000,5.412148
2261.7277,2026-07-20T15:23:55.515901,0.000000,5.411968
2262.2260,2026-07-20T15:23:56.014189,0.000000,5.411940
2262.7105,2026-07-20T15:23:56.498735,0.000000,5.411944
2263.2067,2026-07-20T15:23:56.994875,0.000000,5.411816
2263.7103,2026-07-20T15:23:57.498485,0.000000,5.411724
2264.2075,2026-07-20T15:23:57.995686,0.000000,5.411648
2264.7121,2026-07-20T15:23:58.500329,0.000000,5.411556
2265.1831,2026-07-20T15:23:58.971284,0.000000,5.411424
2265.6836,2026-07-20T15:23:59.471815,0.000000,5.411208
2266.1836,2026-07-20T15:23:59.971763,0.000000,5.410940
2266.6858,2026-07-20T15:24:00.474024,0.000000,5.410780
2267.1886,2026-07-20T15:24:00.976747,0.000000,5.410544
2267.7153,2026-07-20T15:24:01.503468,0.000000,5.410328
2268.1762,2026-07-20T15:24:01.964417,0.000000,5.410160
2268.6458,2026-07-20T15:24:02.434027,0.000000,5.410004
2269.1466,2026-07-20T15:24:02.934772,0.000000,5.409772
2269.6122,2026-07-20T15:24:03.400443,0.000000,5.409480
2270.1151,2026-07-20T15:24:03.903253,0.000000,5.409276
2270.6112,2026-07-20T15:24:04.399388,0.000000,5.409240
2271.0738,2026-07-20T15:24:04.862048,0.000000,5.409284
2271.5649,2026-07-20T15:24:05.353097,0.000000,5.409236
2272.0413,2026-07-20T15:24:05.829518,0.000000,5.409112
2272.5293,2026-07-20T15:24:06.317532,0.000000,5.409024
2272.9978,2026-07-20T15:24:06.786026,0.000000,5.408920
2273.4811,2026-07-20T15:24:07.269301,0.000000,5.408716
2273.9724,2026-07-20T15:24:07.760590,0.000000,5.408652
2274.4822,2026-07-20T15:24:08.270396,0.000000,5.408668
2274.9704,2026-07-20T15:24:08.758614,0.000000,5.408540
2275.4598,2026-07-20T15:24:09.247962,0.000000,5.408268
2275.9259,2026-07-20T15:24:09.714116,0.000000,5.407900
2276.4070,2026-07-20T15:24:10.195176,0.000000,5.407708
2276.9071,2026-07-20T15:24:10.695272,0.000000,5.407276
2277.3945,2026-07-20T15:24:11.182699,0.000000,5.407024
2277.8986,2026-07-20T15:24:11.686804,0.000000,5.406832
2278.3633,2026-07-20T15:24:12.151515,0.000000,5.406632
2278.8685,2026-07-20T15:24:12.656701,0.000000,5.406436
2279.3842,2026-07-20T15:24:13.172401,0.000000,5.406076
2279.8517,2026-07-20T15:24:13.639932,0.000000,5.405764
2280.3405,2026-07-20T15:24:14.128687,0.000000,5.405488
2280.8314,2026-07-20T15:24:14.619636,0.000000,5.405332
2281.3185,2026-07-20T15:24:15.106706,0.000000,5.404964
2281.8120,2026-07-20T15:24:15.600205,0.000000,5.404584
2282.3149,2026-07-20T15:24:16.103081,0.000000,5.404180
2282.7861,2026-07-20T15:24:16.574311,0.000000,5.403880
2283.2733,2026-07-20T15:24:17.061495,0.000000,5.403568
2283.7696,2026-07-20T15:24:17.557827,0.000000,5.403180
2284.2810,2026-07-20T15:24:18.069228,0.000000,5.402896
2284.7981,2026-07-20T15:24:18.586320,0.000000,5.402484
2285.2871,2026-07-20T15:24:19.075303,0.000000,5.402144
2285.7773,2026-07-20T15:24:19.565528,0.000000,5.401680
2286.2689,2026-07-20T15:24:20.057144,0.000000,5.401332
2286.7318,2026-07-20T15:24:20.520026,0.000000,5.401044
2287.2355,2026-07-20T15:24:21.023682,0.000000,5.400760
2287.7397,2026-07-20T15:24:21.527918,0.000000,5.400248
2288.2588,2026-07-20T15:24:22.046961,0.000000,5.399796
2288.7479,2026-07-20T15:24:22.536122,0.000000,5.399304
2289.2396,2026-07-20T15:24:23.027774,0.000000,5.398812
2289.7078,2026-07-20T15:24:23.496043,0.000000,5.398396
2290.2104,2026-07-20T15:24:23.998589,0.000000,5.398152
2290.6814,2026-07-20T15:24:24.469569,0.000000,5.397900
2291.1678,2026-07-20T15:24:24.956012,0.000000,5.397428
2291.6519,2026-07-20T15:24:25.440129,0.000000,5.396980
2292.1324,2026-07-20T15:24:25.920541,0.000000,5.396500
2292.6254,2026-07-20T15:24:26.413608,0.000000,5.396124
2293.1166,2026-07-20T15:24:26.904832,0.000000,5.395712
2293.6108,2026-07-20T15:24:27.399008,0.000000,5.395420
2294.1267,2026-07-20T15:24:27.914923,0.000000,5.395008
2294.6281,2026-07-20T15:24:28.416319,0.000000,5.394808
2295.0944,2026-07-20T15:24:28.882603,0.000000,5.394488
2295.5936,2026-07-20T15:24:29.381797,0.000000,5.394132
2296.0914,2026-07-20T15:24:29.879582,0.000000,5.393908
2296.5673,2026-07-20T15:24:30.355518,0.000000,5.393820
2297.0616,2026-07-20T15:24:30.849835,0.000000,5.393852
2297.5841,2026-07-20T15:24:31.372348,0.000000,5.393684
2298.0653,2026-07-20T15:24:31.853489,0.000000,5.393432
2298.5622,2026-07-20T15:24:32.350346,0.000000,5.393148
2299.0314,2026-07-20T15:24:32.819642,0.000000,5.392932
2299.5230,2026-07-20T15:24:33.311243,0.000000,5.392584
2300.0195,2026-07-20T15:24:33.807724,0.000000,5.392284
2300.4858,2026-07-20T15:24:34.273942,0.000000,5.391904
2300.9787,2026-07-20T15:24:34.766917,0.000000,5.391688
2301.4752,2026-07-20T15:24:35.263448,0.000000,5.391384
2301.9564,2026-07-20T15:24:35.744608,0.000000,5.390956
2302.4837,2026-07-20T15:24:36.271925,0.000000,5.390560
2302.9565,2026-07-20T15:24:36.744680,0.000000,5.390272
2303.4585,2026-07-20T15:24:37.246676,0.000000,5.389936
2303.9511,2026-07-20T15:24:37.739309,0.000000,5.389592
2304.4223,2026-07-20T15:24:38.210479,0.000000,5.389312
2304.9135,2026-07-20T15:24:38.701696,0.000000,5.389200
2305.4056,2026-07-20T15:24:39.193846,0.000000,5.388840
2305.8796,2026-07-20T15:24:39.667761,0.000000,5.388616
2306.3674,2026-07-20T15:24:40.155619,0.000000,5.388360
2306.8368,2026-07-20T15:24:40.625035,0.000000,5.388056
2307.3317,2026-07-20T15:24:41.119908,0.000000,5.387928
2307.8406,2026-07-20T15:24:41.628766,0.000000,5.387640
2308.3241,2026-07-20T15:24:42.112309,0.000000,5.387348
2308.8210,2026-07-20T15:24:42.609173,0.000000,5.387128
2309.2957,2026-07-20T15:24:43.083942,0.000000,5.386940
2309.7713,2026-07-20T15:24:43.559519,0.000000,5.386456
2310.2594,2026-07-20T15:24:44.047571,0.000000,5.386152
2310.7611,2026-07-20T15:24:44.549310,0.000000,5.385704
2311.2557,2026-07-20T15:24:45.043883,0.000000,5.385244
2311.7414,2026-07-20T15:24:45.529649,0.000000,5.384892
2312.2106,2026-07-20T15:24:45.998816,0.000000,5.384416
2312.7077,2026-07-20T15:24:46.495951,0.000000,5.383776
2313.1966,2026-07-20T15:24:46.984823,0.000000,5.383220
2313.6897,2026-07-20T15:24:47.477925,0.000000,5.382592
2314.1996,2026-07-20T15:24:47.987824,0.000000,5.381956
2314.6996,2026-07-20T15:24:48.487763,0.000000,5.381188
2315.1710,2026-07-20T15:24:48.959207,0.000000,5.380620
2315.6646,2026-07-20T15:24:49.452824,0.000000,5.380180
2316.1484,2026-07-20T15:24:49.936621,0.000000,5.379532
2316.6060,2026-07-20T15:24:50.394221,0.000000,5.378892
2317.1156,2026-07-20T15:24:50.903792,0.000000,5.378484
2317.5665,2026-07-20T15:24:51.354665,0.000000,5.378212
2318.0649,2026-07-20T15:24:51.853078,0.000000,5.377876
2318.5515,2026-07-20T15:24:52.339659,0.000000,5.377464
2319.0722,2026-07-20T15:24:52.860400,0.000000,5.377204
2319.5527,2026-07-20T15:24:53.340932,0.000000,5.376924
2320.0519,2026-07-20T15:24:53.840108,0.000000,5.376452
2320.5500,2026-07-20T15:24:54.338172,0.000000,5.375964
2321.0478,2026-07-20T15:24:54.836012,0.000000,5.375600
2321.5284,2026-07-20T15:24:55.316576,0.000000,5.375208
2322.0283,2026-07-20T15:24:55.816490,0.000000,5.374768
2322.5275,2026-07-20T15:24:56.315682,0.000000,5.374128
2323.0506,2026-07-20T15:24:56.838760,0.000000,5.373580
2323.5310,2026-07-20T15:24:57.319152,0.000000,5.373256
2324.0329,2026-07-20T15:24:57.821111,0.000000,5.372796
2324.5201,2026-07-20T15:24:58.308327,0.000000,5.372352
2325.0198,2026-07-20T15:24:58.808043,0.000000,5.371992
2325.5302,2026-07-20T15:24:59.318427,0.000000,5.371700
2325.9952,2026-07-20T15:24:59.783372,0.000000,5.371428
2326.4868,2026-07-20T15:25:00.275006,0.000000,5.371148
2327.0086,2026-07-20T15:25:00.796762,0.000000,5.370760
2327.4772,2026-07-20T15:25:01.265446,0.000000,5.370460
2327.9500,2026-07-20T15:25:01.738246,0.000000,5.370320
2328.4294,2026-07-20T15:25:02.217560,0.000000,5.369956
2328.9082,2026-07-20T15:25:02.696448,0.000000,5.369656
2329.4078,2026-07-20T15:25:03.196011,0.000000,5.369328
2329.8655,2026-07-20T15:25:03.653743,0.000000,5.368932
2330.3711,2026-07-20T15:25:04.159346,0.000000,5.368552
2330.8642,2026-07-20T15:25:04.652414,0.000000,5.367988
2331.3564,2026-07-20T15:25:05.144577,0.000000,5.367592
2331.8556,2026-07-20T15:25:05.643823,0.000000,5.367268
2332.3850,2026-07-20T15:25:06.173196,0.000000,5.367084
2332.8686,2026-07-20T15:25:06.656817,0.000000,5.366492
2333.3809,2026-07-20T15:25:07.169057,0.000000,5.366084
2333.8781,2026-07-20T15:25:07.666333,0.000000,5.365552
2334.3703,2026-07-20T15:25:08.158534,0.000000,5.365064
2334.8578,2026-07-20T15:25:08.645966,0.000000,5.364608
2335.3266,2026-07-20T15:25:09.114797,0.000000,5.364072
2335.8217,2026-07-20T15:25:09.609849,0.000000,5.363612
2336.3162,2026-07-20T15:25:10.104400,0.000000,5.363000
2336.8186,2026-07-20T15:25:10.606760,0.000000,5.362384
2337.3112,2026-07-20T15:25:11.099360,0.000000,5.361616
2337.8077,2026-07-20T15:25:11.595923,0.000000,5.360764
2338.2644,2026-07-20T15:25:12.052614,0.000000,5.360032
2338.7679,2026-07-20T15:25:12.556137,0.000000,5.359372
2339.2623,2026-07-20T15:25:13.050522,0.000000,5.358816
2339.7605,2026-07-20T15:25:13.548733,0.000000,5.358060
2340.2636,2026-07-20T15:25:14.051790,0.000000,5.357380
2340.7827,2026-07-20T15:25:14.570861,0.000000,5.356732
2341.2726,2026-07-20T15:25:15.060844,0.000000,5.355988
2341.7616,2026-07-20T15:25:15.549788,0.000000,5.355108
2342.2310,2026-07-20T15:25:16.019178,0.000000,5.354488
2342.7135,2026-07-20T15:25:16.501690,0.000000,5.353940
2343.1904,2026-07-20T15:25:16.978558,0.000000,5.353444
2343.6668,2026-07-20T15:25:17.454951,0.000000,5.352948
2344.1679,2026-07-20T15:25:17.956081,0.000000,5.352420
2344.6281,2026-07-20T15:25:18.416271,0.000000,5.351936
2345.1238,2026-07-20T15:25:18.911966,0.000000,5.351568
2345.6283,2026-07-20T15:25:19.416551,0.000000,5.351212
2346.1263,2026-07-20T15:25:19.914503,0.000000,5.350880
2346.5969,2026-07-20T15:25:20.385107,0.000000,5.350588
2347.1069,2026-07-20T15:25:20.895111,0.000000,5.350216
2347.5980,2026-07-20T15:25:21.386184,0.000000,5.349828
2348.0973,2026-07-20T15:25:21.885460,0.000000,5.349360
2348.5966,2026-07-20T15:25:22.384771,0.000000,5.348856
2349.0690,2026-07-20T15:25:22.857192,0.000000,5.348400
2349.5503,2026-07-20T15:25:23.338474,0.000000,5.347860
2350.0100,2026-07-20T15:25:23.798221,0.000000,5.347276
2350.4913,2026-07-20T15:25:24.279443,0.000000,5.346840
2350.9781,2026-07-20T15:25:24.766255,0.000000,5.346292
2351.4793,2026-07-20T15:25:25.267499,0.000000,5.345900
2351.9816,2026-07-20T15:25:25.769746,0.000000,5.345464
2352.4881,2026-07-20T15:25:26.276318,0.000000,5.345104
2352.9804,2026-07-20T15:25:26.768587,0.000000,5.344740
2353.4554,2026-07-20T15:25:27.243557,0.000000,5.344424
2353.9188,2026-07-20T15:25:27.707008,0.000000,5.343980
2354.4196,2026-07-20T15:25:28.207828,0.000000,5.343704
2354.9200,2026-07-20T15:25:28.708215,0.000000,5.343352
2355.3871,2026-07-20T15:25:29.175347,0.000000,5.342956
2355.8781,2026-07-20T15:25:29.666269,0.000000,5.342520
2356.3763,2026-07-20T15:25:30.164530,0.000000,5.342132
2356.8677,2026-07-20T15:25:30.655921,0.000000,5.341700
2357.3635,2026-07-20T15:25:31.151710,0.000000,5.341368
2357.8266,2026-07-20T15:25:31.614807,0.000000,5.340928
2358.3210,2026-07-20T15:25:32.109182,0.000000,5.340496
2358.8148,2026-07-20T15:25:32.603041,0.000000,5.340152
2359.2679,2026-07-20T15:25:33.056114,0.000000,5.339768
2359.7710,2026-07-20T15:25:33.559201,0.000000,5.339480
2360.2409,2026-07-20T15:25:34.029090,0.000000,5.339008
2360.7392,2026-07-20T15:25:34.527451,0.000000,5.338528
2361.2373,2026-07-20T15:25:35.025531,0.000000,5.338064
2361.7096,2026-07-20T15:25:35.497795,0.000000,5.337616
2362.1808,2026-07-20T15:25:35.968960,0.000000,5.337092
2362.6850,2026-07-20T15:25:36.473251,0.000000,5.336608
2363.1865,2026-07-20T15:25:36.974717,0.000000,5.336036
2363.6781,2026-07-20T15:25:37.466310,0.000000,5.335600
2364.1677,2026-07-20T15:25:37.955904,0.000000,5.335196
2364.6555,2026-07-20T15:25:38.443718,0.000000,5.334832
2365.1528,2026-07-20T15:25:38.940987,0.000000,5.334328
2365.6235,2026-07-20T15:25:39.411691,0.000000,5.334092
2366.1203,2026-07-20T15:25:39.908523,0.000000,5.333956
2366.6153,2026-07-20T15:25:40.403551,0.000000,5.333612
2367.0817,2026-07-20T15:25:40.869866,0.000000,5.333184
2367.5737,2026-07-20T15:25:41.361911,0.000000,5.332864
2368.0772,2026-07-20T15:25:41.865432,0.000000,5.332548
2368.5549,2026-07-20T15:25:42.343092,0.000000,5.332020
2369.0323,2026-07-20T15:25:42.820455,0.000000,5.331536
2369.4960,2026-07-20T15:25:43.284155,0.000000,5.331108
2369.9762,2026-07-20T15:25:43.764360,0.000000,5.330592
2370.4656,2026-07-20T15:25:44.253800,0.000000,5.330232
2370.9725,2026-07-20T15:25:44.760678,0.000000,5.329736
2371.4446,2026-07-20T15:25:45.232828,0.000000,5.329236
2371.9523,2026-07-20T15:25:45.740523,0.000000,5.328820
2372.4095,2026-07-20T15:25:46.197708,0.000000,5.328332
2372.9095,2026-07-20T15:25:46.697723,0.000000,5.327740
2373.4124,2026-07-20T15:25:47.200557,0.000000,5.327360
2373.9310,2026-07-20T15:25:47.719173,0.000000,5.326900
2374.4310,2026-07-20T15:25:48.219246,0.000000,5.326352
2374.9362,2026-07-20T15:25:48.724369,0.000000,5.325808
2375.4295,2026-07-20T15:25:49.217747,0.000000,5.325032
2375.9352,2026-07-20T15:25:49.723377,0.000000,5.324324
2376.4385,2026-07-20T15:25:50.226659,0.000000,5.323620
2376.9486,2026-07-20T15:25:50.736787,0.000000,5.323132
2377.4394,2026-07-20T15:25:51.227636,0.000000,5.322556
2377.9140,2026-07-20T15:25:51.702220,0.000000,5.322124
2378.3802,2026-07-20T15:25:52.168448,0.000000,5.321568
2378.8764,2026-07-20T15:25:52.664644,0.000000,5.321096
2379.3725,2026-07-20T15:25:53.160681,0.000000,5.320584
2379.8382,2026-07-20T15:25:53.626346,0.000000,5.320028
2380.3385,2026-07-20T15:25:54.126751,0.000000,5.319748
2380.8359,2026-07-20T15:25:54.624105,0.000000,5.319384
2381.3378,2026-07-20T15:25:55.126045,0.000000,5.318992
2381.8525,2026-07-20T15:25:55.640655,0.000000,5.318432
2382.3526,2026-07-20T15:25:56.140801,0.000000,5.317944
2382.8361,2026-07-20T15:25:56.624289,0.000000,5.317628
2383.3290,2026-07-20T15:25:57.117163,0.000000,5.317120
2383.7955,2026-07-20T15:25:57.583702,0.000000,5.316380
2384.2933,2026-07-20T15:25:58.081514,0.000000,5.315856
2384.7859,2026-07-20T15:25:58.574115,0.000000,5.315452
2385.2677,2026-07-20T15:25:59.055936,0.000000,5.314896
2385.7363,2026-07-20T15:25:59.524495,0.000000,5.314424
2386.2406,2026-07-20T15:26:00.028777,0.000000,5.314012
2386.7407,2026-07-20T15:26:00.528954,0.000000,5.313672
2387.2438,2026-07-20T15:26:01.031984,0.000000,5.313228
2387.7427,2026-07-20T15:26:01.530871,0.000000,5.312608
2388.2340,2026-07-20T15:26:02.022182,0.000000,5.312248
2388.7234,2026-07-20T15:26:02.511656,0.000000,5.312180
2389.1862,2026-07-20T15:26:02.974349,0.000000,5.311952
2389.6840,2026-07-20T15:26:03.472202,0.000000,5.311672
2390.1839,2026-07-20T15:26:03.972132,0.000000,5.311356
2390.6630,2026-07-20T15:26:04.451177,0.000000,5.310920
2391.1509,2026-07-20T15:26:04.939106,0.000000,5.310592
2391.6633,2026-07-20T15:26:05.451469,0.000000,5.310124
2392.1310,2026-07-20T15:26:05.919208,0.000000,5.309688
2392.6232,2026-07-20T15:26:06.411388,0.000000,5.309336
2393.1025,2026-07-20T15:26:06.890667,0.000000,5.309040
2393.6026,2026-07-20T15:26:07.390828,0.000000,5.308604
2394.1056,2026-07-20T15:26:07.893764,0.000000,5.308152
2394.5798,2026-07-20T15:26:08.367982,0.000000,5.307696
2395.0591,2026-07-20T15:26:08.847268,0.000000,5.307272
2395.5600,2026-07-20T15:26:09.348164,0.000000,5.306948
2396.0295,2026-07-20T15:26:09.817670,0.000000,5.306488
2396.5298,2026-07-20T15:26:10.317945,0.000000,5.306132
2397.0485,2026-07-20T15:26:10.836679,0.000000,5.305832
2397.5313,2026-07-20T15:26:11.319479,0.000000,5.305656
2398.0319,2026-07-20T15:26:11.820065,0.000000,5.305268
2398.4823,2026-07-20T15:26:12.270466,0.000000,5.304836
2398.9687,2026-07-20T15:26:12.756890,0.000000,5.304424
2399.4671,2026-07-20T15:26:13.255341,0.000000,5.304020
2399.9341,2026-07-20T15:26:13.722347,0.000000,5.303612
2400.4324,2026-07-20T15:26:14.220561,0.000000,5.303048
2400.9298,2026-07-20T15:26:14.718034,0.000000,5.302576
2401.4415,2026-07-20T15:26:15.229675,0.000000,5.301904
2401.9596,2026-07-20T15:26:15.747795,0.000000,5.301056
2402.4441,2026-07-20T15:26:16.232262,0.000000,5.300256
2402.9260,2026-07-20T15:26:16.714219,0.000000,5.299588
2403.4100,2026-07-20T15:26:17.198156,0.000000,5.298984
2403.8743,2026-07-20T15:26:17.662531,0.000000,5.298572
2404.3669,2026-07-20T15:26:18.155082,0.000000,5.297996
2404.8733,2026-07-20T15:26:18.661526,0.000000,5.297388
2405.3703,2026-07-20T15:26:19.158477,0.000000,5.297020
2405.8447,2026-07-20T15:26:19.632927,0.000000,5.296676
2406.3403,2026-07-20T15:26:20.128485,0.000000,5.296324
2406.8079,2026-07-20T15:26:20.596076,0.000000,5.296020
2407.2978,2026-07-20T15:26:21.085980,0.000000,5.295548
2407.7818,2026-07-20T15:26:21.570046,0.000000,5.295164
2408.2874,2026-07-20T15:26:22.075638,0.000000,5.294880
2408.7877,2026-07-20T15:26:22.575937,0.000000,5.294320
2409.2383,2026-07-20T15:26:23.026455,0.000000,5.293948
2409.7379,2026-07-20T15:26:23.526086,0.000000,5.293744
2410.2403,2026-07-20T15:26:24.028538,0.000000,5.293372
2410.7624,2026-07-20T15:26:24.550570,0.000000,5.292848
2411.2543,2026-07-20T15:26:25.042497,0.000000,5.292408
2411.7604,2026-07-20T15:26:25.548563,0.000000,5.292312
2412.2296,2026-07-20T15:26:26.017799,0.000000,5.292192
2412.7231,2026-07-20T15:26:26.511327,0.000000,5.291992
2413.2240,2026-07-20T15:26:27.012176,0.000000,5.291640
2413.6950,2026-07-20T15:26:27.483240,0.000000,5.291452
2414.1697,2026-07-20T15:26:27.957947,0.000000,5.291248
2414.6356,2026-07-20T15:26:28.423774,0.000000,5.290852
2415.1268,2026-07-20T15:26:28.914976,0.000000,5.290620
2415.6179,2026-07-20T15:26:29.406097,0.000000,5.290384
2416.1187,2026-07-20T15:26:29.906942,0.000000,5.290144
2416.6202,2026-07-20T15:26:30.408441,0.000000,5.289840
2417.1231,2026-07-20T15:26:30.911280,0.000000,5.289356
2417.6063,2026-07-20T15:26:31.394530,0.000000,5.289168
2418.0918,2026-07-20T15:26:31.879962,0.000000,5.288804
2418.5737,2026-07-20T15:26:32.361915,0.000000,5.288348
2419.0730,2026-07-20T15:26:32.861215,0.000000,5.287992
2419.5701,2026-07-20T15:26:33.358330,0.000000,5.287644
2420.0377,2026-07-20T15:26:33.825919,0.000000,5.287272
2420.5405,2026-07-20T15:26:34.328660,0.000000,5.286980
2421.0279,2026-07-20T15:26:34.816063,0.000000,5.286496
2421.5161,2026-07-20T15:26:35.304335,0.000000,5.286140
2422.0047,2026-07-20T15:26:35.792885,0.000000,5.285772
2422.5022,2026-07-20T15:26:36.290402,0.000000,5.285280
2422.9999,2026-07-20T15:26:36.788088,0.000000,5.285024
2423.4899,2026-07-20T15:26:37.278069,0.000000,5.284912
2423.9855,2026-07-20T15:26:37.773731,0.000000,5.284736
2424.4693,2026-07-20T15:26:38.257554,0.000000,5.284260
2424.9648,2026-07-20T15:26:38.752961,0.000000,5.283740
2425.4460,2026-07-20T15:26:39.234193,0.000000,5.283140
2425.9628,2026-07-20T15:26:39.751033,0.000000,5.282748
2426.4331,2026-07-20T15:26:40.221345,0.000000,5.282280
2426.9211,2026-07-20T15:26:40.709276,0.000000,5.281792
2427.4137,2026-07-20T15:26:41.201915,0.000000,5.281488
2427.8808,2026-07-20T15:26:41.668999,0.000000,5.280988
2428.3800,2026-07-20T15:26:42.168231,0.000000,5.280448
2428.8730,2026-07-20T15:26:42.661168,0.000000,5.279828
2429.3381,2026-07-20T15:26:43.126321,0.000000,5.279360
2429.8277,2026-07-20T15:26:43.615886,0.000000,5.278964
2430.2974,2026-07-20T15:26:44.085600,0.000000,5.278588
2430.7913,2026-07-20T15:26:44.579538,0.000000,5.278092
2431.3142,2026-07-20T15:26:45.102442,0.000000,5.277572
2431.8117,2026-07-20T15:26:45.599871,0.000000,5.277200
2432.3046,2026-07-20T15:26:46.092800,0.000000,5.276624
2432.8044,2026-07-20T15:26:46.592593,0.000000,5.276244
2433.2737,2026-07-20T15:26:47.061855,0.000000,5.275784
2433.7727,2026-07-20T15:26:47.560872,0.000000,5.275384
2434.2727,2026-07-20T15:26:48.060881,0.000000,5.275112
2434.7316,2026-07-20T15:26:48.519768,0.000000,5.274956
2435.2336,2026-07-20T15:26:49.021812,0.000000,5.274756
2435.7251,2026-07-20T15:26:49.513310,0.000000,5.274576
2436.2206,2026-07-20T15:26:50.008750,0.000000,5.274288
2436.7134,2026-07-20T15:26:50.501652,0.000000,5.274120
2437.1664,2026-07-20T15:26:50.954639,0.000000,5.273944
2437.6506,2026-07-20T15:26:51.438828,0.000000,5.273752
2438.1491,2026-07-20T15:26:51.937306,0.000000,5.273604
2438.6198,2026-07-20T15:26:52.408017,0.000000,5.273168
2439.1171,2026-07-20T15:26:52.905348,0.000000,5.273052
2439.6014,2026-07-20T15:26:53.389591,0.000000,5.272788
2440.0821,2026-07-20T15:26:53.870267,0.000000,5.272568
2440.5841,2026-07-20T15:26:54.372306,0.000000,5.272444
2441.0663,2026-07-20T15:26:54.854505,0.000000,5.272364
2441.5960,2026-07-20T15:26:55.384230,0.000000,5.272180
2442.0886,2026-07-20T15:26:55.876843,0.000000,5.271956
2442.5746,2026-07-20T15:26:56.362804,0.000000,5.271772
2443.0775,2026-07-20T15:26:56.865684,0.000000,5.271576
2443.5547,2026-07-20T15:26:57.342855,0.000000,5.271432
2444.0491,2026-07-20T15:26:57.837296,0.000000,5.271172
2444.5390,2026-07-20T15:26:58.327191,0.000000,5.270984
2445.0311,2026-07-20T15:26:58.819312,0.000000,5.270796
2445.5322,2026-07-20T15:26:59.320372,0.000000,5.270604
2446.0251,2026-07-20T15:26:59.813275,0.000000,5.270468
2446.5202,2026-07-20T15:27:00.308424,0.000000,5.270308
2447.0188,2026-07-20T15:27:00.806961,0.000000,5.270172
2447.4935,2026-07-20T15:27:01.281698,0.000000,5.270112
2447.9651,2026-07-20T15:27:01.753286,0.000000,5.270132
2448.4539,2026-07-20T15:27:02.242062,0.000000,5.270064
2448.9525,2026-07-20T15:27:02.740707,0.000000,5.269968
2449.4278,2026-07-20T15:27:03.215984,0.000000,5.269912
2449.9143,2026-07-20T15:27:03.702533,0.000000,5.269820
2450.4124,2026-07-20T15:27:04.200630,0.000000,5.269648
2450.9288,2026-07-20T15:27:04.717018,0.000000,5.269476
2451.4145,2026-07-20T15:27:05.202721,0.000000,5.269304
2451.9228,2026-07-20T15:27:05.710972,0.000000,5.269096
2452.4102,2026-07-20T15:27:06.198381,0.000000,5.268896
2452.9149,2026-07-20T15:27:06.703062,0.000000,5.268616
2453.4125,2026-07-20T15:27:07.200713,0.000000,5.268404
2453.9101,2026-07-20T15:27:07.698258,0.000000,5.268344
2454.4269,2026-07-20T15:27:08.215084,0.000000,5.268112
2454.9032,2026-07-20T15:27:08.691358,0.000000,5.267996
2455.3944,2026-07-20T15:27:09.182594,0.000000,5.267928
2455.8999,2026-07-20T15:27:09.688105,0.000000,5.267828
2456.3671,2026-07-20T15:27:10.155302,0.000000,5.267696
2456.8679,2026-07-20T15:27:10.656118,0.000000,5.267508
2457.3252,2026-07-20T15:27:11.113391,0.000000,5.267232
2457.8195,2026-07-20T15:27:11.607723,0.000000,5.267088
2458.3046,2026-07-20T15:27:12.092832,0.000000,5.266880
2458.7743,2026-07-20T15:27:12.562573,0.000000,5.266608
2459.2493,2026-07-20T15:27:13.037539,0.000000,5.266376
2459.7279,2026-07-20T15:27:13.516094,0.000000,5.266248
2460.2250,2026-07-20T15:27:14.013208,0.000000,5.266036
2460.7350,2026-07-20T15:27:14.523179,0.000000,5.265884
2461.2137,2026-07-20T15:27:15.001931,0.000000,5.265616
2461.7116,2026-07-20T15:27:15.499850,0.000000,5.265544
2462.2159,2026-07-20T15:27:16.004107,0.000000,5.265452
2462.6824,2026-07-20T15:27:16.470599,0.000000,5.265248
2463.1706,2026-07-20T15:27:16.958792,0.000000,5.265080
2463.6458,2026-07-20T15:27:17.434043,0.000000,5.264808
2464.1539,2026-07-20T15:27:17.942138,0.000000,5.264636
2464.6465,2026-07-20T15:27:18.434718,0.000000,5.264408
2465.1623,2026-07-20T15:27:18.950457,0.000000,5.264172
2465.6490,2026-07-20T15:27:19.437246,0.000000,5.263784
2466.1479,2026-07-20T15:27:19.936060,0.000000,5.263564
2466.6465,2026-07-20T15:27:20.434719,0.000000,5.263300
2467.1463,2026-07-20T15:27:20.934531,0.000000,5.263028
2467.6447,2026-07-20T15:27:21.432947,0.000000,5.262924
2468.1287,2026-07-20T15:27:21.916877,0.000000,5.262620
2468.6248,2026-07-20T15:27:22.413023,0.000000,5.262304
2469.1516,2026-07-20T15:27:22.939790,0.000000,5.261924
2469.6532,2026-07-20T15:27:23.441429,0.000000,5.261424
2470.1461,2026-07-20T15:27:23.934284,0.000000,5.261020
2470.6309,2026-07-20T15:27:24.419075,0.000000,5.260780
2471.0862,2026-07-20T15:27:24.874372,0.000000,5.260564
2471.5661,2026-07-20T15:27:25.354300,0.000000,5.260120
2472.0453,2026-07-20T15:27:25.833474,0.000000,5.259796
2472.5511,2026-07-20T15:27:26.339262,0.000000,5.259608
2473.0484,2026-07-20T15:27:26.836654,0.000000,5.259304
2473.5724,2026-07-20T15:27:27.360593,0.000000,5.259440
2474.0475,2026-07-20T15:27:27.835665,0.000000,5.259392
2474.5435,2026-07-20T15:27:28.331716,0.000000,5.259508
2475.0238,2026-07-20T15:27:28.812001,0.000000,5.259492
2475.5200,2026-07-20T15:27:29.308172,0.000000,5.259432
2475.9842,2026-07-20T15:27:29.772441,0.000000,5.259344
2476.4663,2026-07-20T15:27:30.254456,0.000000,5.259436
2476.9555,2026-07-20T15:27:30.743702,0.000000,5.259292
2477.4515,2026-07-20T15:27:31.239687,0.000000,5.259028
2477.9433,2026-07-20T15:27:31.731551,0.000000,5.258864
2478.4662,2026-07-20T15:27:32.254408,0.000000,5.258632
2478.9320,2026-07-20T15:27:32.720209,0.000000,5.258332
2479.4261,2026-07-20T15:27:33.214306,0.000000,5.258220
2479.9116,2026-07-20T15:27:33.699756,0.000000,5.258128
2480.3742,2026-07-20T15:27:34.162426,0.000000,5.257964
2480.8774,2026-07-20T15:27:34.665642,0.000000,5.257680
2481.3720,2026-07-20T15:27:35.160217,0.000000,5.257468
2481.8655,2026-07-20T15:27:35.653674,0.000000,5.257492
2482.3565,2026-07-20T15:27:36.144681,0.000000,5.257516
2482.8232,2026-07-20T15:27:36.611380,0.000000,5.257588
2483.3292,2026-07-20T15:27:37.117427,0.000000,5.257588
2483.7973,2026-07-20T15:27:37.585536,0.000000,5.257592
2484.2944,2026-07-20T15:27:38.082621,0.000000,5.257520
2484.7994,2026-07-20T15:27:38.587645,0.000000,5.257212
2485.3040,2026-07-20T15:27:39.092170,0.000000,5.257188
2485.7996,2026-07-20T15:27:39.587793,0.000000,5.257188
2486.2926,2026-07-20T15:27:40.080782,0.000000,5.257100
2486.8017,2026-07-20T15:27:40.589919,0.000000,5.256928
2487.2652,2026-07-20T15:27:41.053380,0.000000,5.256924
2487.7512,2026-07-20T15:27:41.539367,0.000000,5.256744
2488.2233,2026-07-20T15:27:42.011458,0.000000,5.256684
2488.6854,2026-07-20T15:27:42.473633,0.000000,5.256680
2489.1891,2026-07-20T15:27:42.977316,0.000000,5.256564
2489.6676,2026-07-20T15:27:43.455774,0.000000,5.256408
2490.1597,2026-07-20T15:27:43.947862,0.000000,5.256276
2490.6224,2026-07-20T15:27:44.410573,0.000000,5.256196
2491.1227,2026-07-20T15:27:44.910863,0.000000,5.256004
2491.6244,2026-07-20T15:27:45.412620,0.000000,5.255896
2492.0732,2026-07-20T15:27:45.861394,0.000000,5.255548
2492.5577,2026-07-20T15:27:46.345857,0.000000,5.255320
2493.0296,2026-07-20T15:27:46.817828,0.000000,5.255092
2493.5073,2026-07-20T15:27:47.295509,0.000000,5.254860
2494.0076,2026-07-20T15:27:47.795842,0.000000,5.254540
2494.5023,2026-07-20T15:27:48.290484,0.000000,5.254272
2494.9789,2026-07-20T15:27:48.767067,0.000000,5.254196
2495.4721,2026-07-20T15:27:49.260318,0.000000,5.254080
2495.9578,2026-07-20T15:27:49.745978,0.000000,5.254032
2496.4241,2026-07-20T15:27:50.212254,0.000000,5.253956
2496.9068,2026-07-20T15:27:50.694962,0.000000,5.253928
2497.4068,2026-07-20T15:27:51.195043,0.000000,5.253840
2497.9094,2026-07-20T15:27:51.697571,0.000000,5.253848
2498.4072,2026-07-20T15:27:52.195433,0.000000,5.253936
2498.9091,2026-07-20T15:27:52.697337,0.000000,5.253912
2499.4213,2026-07-20T15:27:53.209533,0.000000,5.253948
2499.9094,2026-07-20T15:27:53.697621,0.000000,5.253840
2500.3981,2026-07-20T15:27:54.186283,0.000000,5.253632
2500.8930,2026-07-20T15:27:54.681181,0.000000,5.253452
2501.3545,2026-07-20T15:27:55.142706,0.000000,5.253252
2501.8421,2026-07-20T15:27:55.630347,0.000000,5.252996
2502.3456,2026-07-20T15:27:56.133808,0.000000,5.252868
2502.8184,2026-07-20T15:27:56.606568,0.000000,5.252544
2503.2828,2026-07-20T15:27:57.071008,0.000000,5.252236
2503.7516,2026-07-20T15:27:57.539803,0.000000,5.252148
2504.2492,2026-07-20T15:27:58.037408,0.000000,5.252064
2504.7302,2026-07-20T15:27:58.518393,0.000000,5.251980
2505.2311,2026-07-20T15:27:59.019325,0.000000,5.252000
2505.7342,2026-07-20T15:27:59.522419,0.000000,5.251892
2506.2094,2026-07-20T15:27:59.997615,0.000000,5.251908
2506.6967,2026-07-20T15:28:00.484889,0.000000,5.251952
2507.2038,2026-07-20T15:28:00.991998,0.000000,5.251956
2507.7029,2026-07-20T15:28:01.491068,0.000000,5.251892
2508.1975,2026-07-20T15:28:01.985677,0.000000,5.251812
2508.6743,2026-07-20T15:28:02.462526,0.000000,5.251700
2509.1347,2026-07-20T15:28:02.922919,0.000000,5.251528
2509.5862,2026-07-20T15:28:03.374434,0.000000,5.251472
2510.0707,2026-07-20T15:28:03.858855,0.000000,5.251392
2510.5545,2026-07-20T15:28:04.342716,0.000000,5.251248
2511.0567,2026-07-20T15:28:04.844853,0.000000,5.251312
2511.5276,2026-07-20T15:28:05.315796,0.000000,5.251268
2512.0283,2026-07-20T15:28:05.816509,0.000000,5.251220
2512.5092,2026-07-20T15:28:06.297376,0.000000,5.251316
2512.9976,2026-07-20T15:28:06.785760,0.000000,5.251436
2513.4775,2026-07-20T15:28:07.265738,0.000000,5.251396
2513.9510,2026-07-20T15:28:07.739181,0.000000,5.251512
2514.4455,2026-07-20T15:28:08.233751,0.000000,5.251568
2514.9479,2026-07-20T15:28:08.736138,0.000000,5.251636
2515.4323,2026-07-20T15:28:09.220534,0.000000,5.251768
2515.9299,2026-07-20T15:28:09.718055,0.000000,5.251812
2516.4132,2026-07-20T15:28:10.201411,0.000000,5.251752
2516.9080,2026-07-20T15:28:10.696162,0.000000,5.251768
2517.4106,2026-07-20T15:28:11.198762,0.000000,5.251716
2517.9041,2026-07-20T15:28:11.692252,0.000000,5.251664
2518.3942,2026-07-20T15:28:12.182440,0.000000,5.251656
2518.8994,2026-07-20T15:28:12.687563,0.000000,5.251392
2519.3985,2026-07-20T15:28:13.186712,0.000000,5.251316
2519.8928,2026-07-20T15:28:13.680979,0.000000,5.251212
2520.3785,2026-07-20T15:28:14.166697,0.000000,5.250920
2520.8487,2026-07-20T15:28:14.636858,0.000000,5.250664
2521.3490,2026-07-20T15:28:15.137215,0.000000,5.250492
2521.8572,2026-07-20T15:28:15.645402,0.000000,5.250316
2522.3277,2026-07-20T15:28:16.115941,0.000000,5.250156
2522.8257,2026-07-20T15:28:16.613901,0.000000,5.250040
2523.3089,2026-07-20T15:28:17.097121,0.000000,5.250012
2523.7782,2026-07-20T15:28:17.566418,0.000000,5.250216
2524.2741,2026-07-20T15:28:18.062262,0.000000,5.250240
2524.7500,2026-07-20T15:28:18.538217,0.000000,5.250196
2525.2556,2026-07-20T15:28:19.043798,0.000000,5.250328
2525.7508,2026-07-20T15:28:19.538994,0.000000,5.250492
2526.2074,2026-07-20T15:28:19.995607,0.000000,5.250656
2526.7010,2026-07-20T15:28:20.489251,0.000000,5.250728
2527.1928,2026-07-20T15:28:20.980988,0.000000,5.250832
2527.6974,2026-07-20T15:28:21.485625,0.000000,5.250940
2528.1921,2026-07-20T15:28:21.980302,0.000000,5.250916
2528.6572,2026-07-20T15:28:22.445373,0.000000,5.250796
2529.1577,2026-07-20T15:28:22.945921,0.000000,5.250796
2529.6551,2026-07-20T15:28:23.443313,0.000000,5.250820
2530.1279,2026-07-20T15:28:23.916133,0.000000,5.250796
2530.6353,2026-07-20T15:28:24.423538,0.000000,5.250764
2531.1138,2026-07-20T15:28:24.902018,0.000000,5.250648
2531.6034,2026-07-20T15:28:25.391659,0.000000,5.250648
2532.0898,2026-07-20T15:28:25.878032,0.000000,5.250620
2532.5552,2026-07-20T15:28:26.343367,0.000000,5.250636
2533.0567,2026-07-20T15:28:26.844900,0.000000,5.250708
2533.5390,2026-07-20T15:28:27.327238,0.000000,5.250752
2534.0058,2026-07-20T15:28:27.793983,0.000000,5.250708
2534.4842,2026-07-20T15:28:28.272356,0.000000,5.250616
2534.9514,2026-07-20T15:28:28.739557,0.000000,5.250640
2535.4577,2026-07-20T15:28:29.245878,0.000000,5.250588
2535.9599,2026-07-20T15:28:29.748066,0.000000,5.250528
2536.4250,2026-07-20T15:28:30.213159,0.000000,5.250464
2536.8726,2026-07-20T15:28:30.660802,0.000000,5.250440
2537.3507,2026-07-20T15:28:31.138910,0.000000,5.250516
2537.8442,2026-07-20T15:28:31.632384,0.000000,5.250476
2538.3262,2026-07-20T15:28:32.114346,0.000000,5.250472
2538.8245,2026-07-20T15:28:32.612711,0.000000,5.250500
2539.3422,2026-07-20T15:28:33.130358,0.000000,5.250544
2539.8269,2026-07-20T15:28:33.615081,0.000000,5.250408
2540.3089,2026-07-20T15:28:34.097129,0.000000,5.250572
2540.7789,2026-07-20T15:28:34.567087,0.000000,5.250708
2541.2509,2026-07-20T15:28:35.039099,0.000000,5.250988
2541.7529,2026-07-20T15:28:35.541090,0.000000,5.251136
2542.2569,2026-07-20T15:28:36.045143,0.000000,5.251028
2542.7247,2026-07-20T15:28:36.512897,0.000000,5.250976
2543.2173,2026-07-20T15:28:37.005469,0.000000,5.250764
2543.7236,2026-07-20T15:28:37.511754,0.000000,5.250748
2544.2083,2026-07-20T15:28:37.996558,0.000000,5.250744
2544.6945,2026-07-20T15:28:38.482681,0.000000,5.250800
2545.1771,2026-07-20T15:28:38.965348,0.000000,5.250896
2545.6776,2026-07-20T15:28:39.465798,0.000000,5.250928
2546.1735,2026-07-20T15:28:39.961729,0.000000,5.250812
2546.6401,2026-07-20T15:28:40.428250,0.000000,5.250704
2547.1298,2026-07-20T15:28:40.918013,0.000000,5.250808
2547.6360,2026-07-20T15:28:41.424175,0.000000,5.250888
2548.1345,2026-07-20T15:28:41.922654,0.000000,5.251048
2548.6388,2026-07-20T15:28:42.427034,0.000000,5.251152
2549.1323,2026-07-20T15:28:42.920465,0.000000,5.251312
2549.6113,2026-07-20T15:28:43.399500,0.000000,5.251308
2550.1030,2026-07-20T15:28:43.891245,0.000000,5.251384
2550.5876,2026-07-20T15:28:44.375787,0.000000,5.251388
2551.0777,2026-07-20T15:28:44.865923,0.000000,5.251372
2551.5798,2026-07-20T15:28:45.367962,0.000000,5.251384
2552.0348,2026-07-20T15:28:45.823037,0.000000,5.251344
2552.5304,2026-07-20T15:28:46.318607,0.000000,5.251332
2553.0292,2026-07-20T15:28:46.817429,0.000000,5.251448
2553.5352,2026-07-20T15:28:47.323414,0.000000,5.251476
2554.0249,2026-07-20T15:28:47.813130,0.000000,5.251480
2554.5179,2026-07-20T15:28:48.306096,0.000000,5.251420
2554.9967,2026-07-20T15:28:48.784899,0.000000,5.251372
2555.4919,2026-07-20T15:28:49.280074,0.000000,5.251300
2555.9988,2026-07-20T15:28:49.786970,0.000000,5.251292
2556.4775,2026-07-20T15:28:50.265676,0.000000,5.251200
2556.9705,2026-07-20T15:28:50.758675,0.000000,5.251156
2557.4901,2026-07-20T15:28:51.278270,0.000000,5.251068
2557.9940,2026-07-20T15:28:51.782160,0.000000,5.250988
2558.4972,2026-07-20T15:28:52.285381,0.000000,5.250948
2558.9733,2026-07-20T15:28:52.761503,0.000000,5.250856
2559.4487,2026-07-20T15:28:53.236868,0.000000,5.250840
2559.9244,2026-07-20T15:28:53.712587,0.000000,5.250800
2560.4131,2026-07-20T15:28:54.201320,0.000000,5.250820
2560.8900,2026-07-20T15:28:54.678234,0.000000,5.250672
2561.3632,2026-07-20T15:28:55.151387,0.000000,5.250540
2561.8521,2026-07-20T15:28:55.640295,0.000000,5.250628
2562.3255,2026-07-20T15:28:56.113679,0.000000,5.250564
2562.8198,2026-07-20T15:28:56.608023,0.000000,5.250532
2563.3162,2026-07-20T15:28:57.104346,0.000000,5.250460
2563.8223,2026-07-20T15:28:57.610483,0.000000,5.250340
2564.3202,2026-07-20T15:28:58.108357,0.000000,5.250256
2564.8216,2026-07-20T15:28:58.609782,0.000000,5.250168
2565.2840,2026-07-20T15:28:59.072181,0.000000,5.250116
2565.7768,2026-07-20T15:28:59.564978,0.000000,5.250256
2566.2684,2026-07-20T15:29:00.056589,0.000000,5.250328
2566.7656,2026-07-20T15:29:00.553797,0.000000,5.250292
2567.2584,2026-07-20T15:29:01.046577,0.000000,5.250308
2567.7761,2026-07-20T15:29:01.564298,0.000000,5.250204
2568.2290,2026-07-20T15:29:02.017177,0.000000,5.250112
2568.7240,2026-07-20T15:29:02.512155,0.000000,5.250172
2569.1922,2026-07-20T15:29:02.980380,0.000000,5.250192
2569.6789,2026-07-20T15:29:03.467144,0.000000,5.250300
2570.1729,2026-07-20T15:29:03.961122,0.000000,5.250376
2570.6459,2026-07-20T15:29:04.434148,0.000000,5.250480
2571.1421,2026-07-20T15:29:04.930258,0.000000,5.250508
2571.5978,2026-07-20T15:29:05.385973,0.000000,5.250624
2572.0811,2026-07-20T15:29:05.869285,0.000000,5.250696
2572.5699,2026-07-20T15:29:06.358119,0.000000,5.250732
2573.0664,2026-07-20T15:29:06.854627,0.000000,5.250748
2573.5666,2026-07-20T15:29:07.354769,0.000000,5.250792
2574.0822,2026-07-20T15:29:07.870442,0.000000,5.250948
2574.5655,2026-07-20T15:29:08.353713,0.000000,5.251008
2575.0542,2026-07-20T15:29:08.842439,0.000000,5.251108
2575.5109,2026-07-20T15:29:09.299097,0.000000,5.251088
2576.0063,2026-07-20T15:29:09.794507,0.000000,5.251064
2576.5063,2026-07-20T15:29:10.294537,0.000000,5.251160
2576.9786,2026-07-20T15:29:10.766782,0.000000,5.251316
2577.4623,2026-07-20T15:29:11.250458,0.000000,5.251408
2577.9680,2026-07-20T15:29:11.756150,0.000000,5.251652
2578.4659,2026-07-20T15:29:12.254068,0.000000,5.251648
2578.9814,2026-07-20T15:29:12.769566,0.000000,5.251520
2579.4728,2026-07-20T15:29:13.261023,0.000000,5.251432
2579.9425,2026-07-20T15:29:13.730681,0.000000,5.251284
2580.4405,2026-07-20T15:29:14.228679,0.000000,5.251420
2580.9080,2026-07-20T15:29:14.696178,0.000000,5.251532
2581.3956,2026-07-20T15:29:15.183795,0.000000,5.251496
2581.8895,2026-07-20T15:29:15.677734,0.000000,5.251472
2582.3632,2026-07-20T15:29:16.151414,0.000000,5.251288
2582.8602,2026-07-20T15:29:16.648412,0.000000,5.251084
2583.3576,2026-07-20T15:29:17.145825,0.000000,5.251112
2583.8270,2026-07-20T15:29:17.615214,0.000000,5.251184
2584.3334,2026-07-20T15:29:18.121603,0.000000,5.251280
2584.8231,2026-07-20T15:29:18.611290,0.000000,5.251260
2585.3403,2026-07-20T15:29:19.128481,0.000000,5.251088
2585.8292,2026-07-20T15:29:19.617407,0.000000,5.250884
2586.2931,2026-07-20T15:29:20.081292,0.000000,5.250860
2586.7707,2026-07-20T15:29:20.558955,0.000000,5.250676
2587.2735,2026-07-20T15:29:21.061731,0.000000,5.250632
2587.7614,2026-07-20T15:29:21.549656,0.000000,5.250620
2588.2495,2026-07-20T15:29:22.037699,0.000000,5.250592
2588.7309,2026-07-20T15:29:22.519113,0.000000,5.250420
2589.2330,2026-07-20T15:29:23.021223,0.000000,5.250380
2589.7396,2026-07-20T15:29:23.527816,0.000000,5.250328
2590.2032,2026-07-20T15:29:23.991414,0.000000,5.250264
2590.6938,2026-07-20T15:29:24.482015,0.000000,5.250284
2591.1882,2026-07-20T15:29:24.976367,0.000000,5.250320
2591.6694,2026-07-20T15:29:25.457567,0.000000,5.250376
2592.1399,2026-07-20T15:29:25.928074,0.000000,5.250472
2592.6094,2026-07-20T15:29:26.397606,0.000000,5.250512
2593.0957,2026-07-20T15:29:26.883955,0.000000,5.250472
2593.6021,2026-07-20T15:29:27.390330,0.000000,5.250532
2594.0591,2026-07-20T15:29:27.847322,0.000000,5.250520
2594.5633,2026-07-20T15:29:28.351458,0.000000,5.250588
2595.0789,2026-07-20T15:29:28.867067,0.000000,5.250708
2595.5606,2026-07-20T15:29:29.348807,0.000000,5.250808
2596.0372,2026-07-20T15:29:29.825453,0.000000,5.250836
2596.4852,2026-07-20T15:29:30.273356,0.000000,5.250908
2596.9655,2026-07-20T15:29:30.753671,0.000000,5.250912
2597.4687,2026-07-20T15:29:31.256949,0.000000,5.250960
2597.9342,2026-07-20T15:29:31.722402,0.000000,5.250944
2598.4187,2026-07-20T15:29:32.206923,0.000000,5.250936
2598.8906,2026-07-20T15:29:32.678835,0.000000,5.251020
2599.3704,2026-07-20T15:29:33.158630,0.000000,5.251112
2599.8646,2026-07-20T15:29:33.652804,0.000000,5.251140
2600.3606,2026-07-20T15:29:34.148777,0.000000,5.251128
2600.8531,2026-07-20T15:29:34.641310,0.000000,5.251052
2601.3536,2026-07-20T15:29:35.141772,0.000000,5.251000
2601.8721,2026-07-20T15:29:35.660359,0.000000,5.250976
2602.3665,2026-07-20T15:29:36.154669,0.000000,5.250948
2602.8724,2026-07-20T15:29:36.660598,0.000000,5.251088
2603.3595,2026-07-20T15:29:37.147746,0.000000,5.251284
2603.8476,2026-07-20T15:29:37.635798,0.000000,5.251276
2604.3019,2026-07-20T15:29:38.090089,0.000000,5.251216
2604.8018,2026-07-20T15:29:38.590012,0.000000,5.251232
2605.3022,2026-07-20T15:29:39.090371,0.000000,5.251304
2605.7684,2026-07-20T15:29:39.556618,0.000000,5.251352
2606.2650,2026-07-20T15:29:40.053169,0.000000,5.251376
2606.7936,2026-07-20T15:29:40.581813,0.000000,5.251360
2607.2785,2026-07-20T15:29:41.066727,0.000000,5.251364
2607.7620,2026-07-20T15:29:41.550221,0.000000,5.251356
2608.2560,2026-07-20T15:29:42.044232,0.000000,5.251376
2608.7607,2026-07-20T15:29:42.548858,0.000000,5.251464
2609.2533,2026-07-20T15:29:43.041503,0.000000,5.251564
2609.7438,2026-07-20T15:29:43.532023,0.000000,5.251476
2610.2120,2026-07-20T15:29:44.000199,0.000000,5.251496
2610.7171,2026-07-20T15:29:44.505311,0.000000,5.251392
2611.2034,2026-07-20T15:29:44.991560,0.000000,5.251420
2611.7120,2026-07-20T15:29:45.500215,0.000000,5.251540
2612.2036,2026-07-20T15:29:45.991795,0.000000,5.251432
2612.6698,2026-07-20T15:29:46.458011,0.000000,5.251376
2613.1618,2026-07-20T15:29:46.950001,0.000000,5.251352
2613.6558,2026-07-20T15:29:47.443978,0.000000,5.251268
2614.1556,2026-07-20T15:29:47.943851,0.000000,5.251208
2614.6410,2026-07-20T15:29:48.429184,0.000000,5.251220
2615.1177,2026-07-20T15:29:48.905896,0.000000,5.251304
2615.6059,2026-07-20T15:29:49.394151,0.000000,5.251372
2616.1329,2026-07-20T15:29:49.921146,0.000000,5.251480
2616.5895,2026-07-20T15:29:50.377752,0.000000,5.251392
2617.0894,2026-07-20T15:29:50.877567,0.000000,5.251384
2617.5847,2026-07-20T15:29:51.372872,0.000000,5.251520
2618.0557,2026-07-20T15:29:51.843929,0.000000,5.251596
2618.5352,2026-07-20T15:29:52.323395,0.000000,5.251780
2619.0085,2026-07-20T15:29:52.796720,0.000000,5.251888
2619.5042,2026-07-20T15:29:53.292351,0.000000,5.251928
2620.0022,2026-07-20T15:29:53.790441,0.000000,5.252012
2620.4726,2026-07-20T15:29:54.260828,0.000000,5.252060
2620.9727,2026-07-20T15:29:54.760859,0.000000,5.252076
2621.4869,2026-07-20T15:29:55.275070,0.000000,5.252120
2621.9709,2026-07-20T15:29:55.759054,0.000000,5.252348
2622.4675,2026-07-20T15:29:56.255731,0.000000,5.252372
2622.9664,2026-07-20T15:29:56.754631,0.000000,5.252316
2623.4677,2026-07-20T15:29:57.255915,0.000000,5.252400
2623.9681,2026-07-20T15:29:57.756343,0.000000,5.252848
2624.4679,2026-07-20T15:29:58.256122,0.000000,5.253052
2624.9859,2026-07-20T15:29:58.774120,0.000000,5.253264
2625.4835,2026-07-20T15:29:59.271709,0.000000,5.253360
2625.9851,2026-07-20T15:29:59.773312,0.000000,5.253468
2626.4732,2026-07-20T15:30:00.261360,0.000000,5.253520
2626.9357,2026-07-20T15:30:00.723886,0.000000,5.253552
2627.4163,2026-07-20T15:30:01.204545,0.000000,5.253832
2627.9133,2026-07-20T15:30:01.701495,0.000000,5.254148
2628.4159,2026-07-20T15:30:02.204130,0.000000,5.254320
2628.8757,2026-07-20T15:30:02.663876,0.000000,5.254276
2629.3600,2026-07-20T15:30:03.148241,0.000000,5.254388
2629.8349,2026-07-20T15:30:03.623134,0.000000,5.254468
2630.3367,2026-07-20T15:30:04.124953,0.000000,5.254604
2630.8348,2026-07-20T15:30:04.623027,0.000000,5.254872
2631.3087,2026-07-20T15:30:05.096904,0.000000,5.255172
2631.8096,2026-07-20T15:30:05.597773,0.000000,5.255324
2632.3099,2026-07-20T15:30:06.098114,0.000000,5.255432
2632.7700,2026-07-20T15:30:06.558155,0.000000,5.255344
2633.2625,2026-07-20T15:30:07.050751,0.000000,5.255316
2633.7598,2026-07-20T15:30:07.548024,0.000000,5.255444
2634.2602,2026-07-20T15:30:08.048397,0.000000,5.255644
2634.7516,2026-07-20T15:30:08.539843,0.000000,5.255688
2635.2597,2026-07-20T15:30:09.047944,0.000000,5.256104
2635.7599,2026-07-20T15:30:09.548095,0.000000,5.256292
2636.2684,2026-07-20T15:30:10.056551,0.000000,5.256492
2636.7521,2026-07-20T15:30:10.540261,0.000000,5.256568
2637.2604,2026-07-20T15:30:11.048649,0.000000,5.256624
2637.7616,2026-07-20T15:30:11.549826,0.000000,5.256876
2638.2659,2026-07-20T15:30:12.054106,0.000000,5.257220
2638.7692,2026-07-20T15:30:12.557433,0.000000,5.257288
2639.2424,2026-07-20T15:30:13.030577,0.000000,5.257240
2639.7078,2026-07-20T15:30:13.496053,0.000000,5.257384
2640.1846,2026-07-20T15:30:13.972794,0.000000,5.257192
2640.6861,2026-07-20T15:30:14.474349,0.000000,5.257180
2641.1718,2026-07-20T15:30:14.960018,0.000000,5.257216
2641.6782,2026-07-20T15:30:15.466393,0.000000,5.257192
2642.1262,2026-07-20T15:30:15.914424,0.000000,5.257380
2642.6335,2026-07-20T15:30:16.421649,0.000000,5.257376
2643.1266,2026-07-20T15:30:16.914768,0.000000,5.257456
2643.6123,2026-07-20T15:30:17.400451,0.000000,5.257600
2644.0682,2026-07-20T15:30:17.856360,0.000000,5.257716
2644.5609,2026-07-20T15:30:18.349110,0.000000,5.257884
2645.0417,2026-07-20T15:30:18.829897,0.000000,5.258024
2645.5417,2026-07-20T15:30:19.329938,0.000000,5.258200
2646.0140,2026-07-20T15:30:19.802219,0.000000,5.258072
2646.5135,2026-07-20T15:30:20.301717,0.000000,5.258084
2647.0030,2026-07-20T15:30:20.791246,0.000000,5.258164
2647.4757,2026-07-20T15:30:21.263879,0.000000,5.258156
2647.9540,2026-07-20T15:30:21.742219,0.000000,5.258064
2648.4274,2026-07-20T15:30:22.215596,0.000000,5.257984
2648.9278,2026-07-20T15:30:22.715971,0.000000,5.258044
2649.4412,2026-07-20T15:30:23.229438,0.000000,5.258020
2649.9054,2026-07-20T15:30:23.693636,0.000000,5.257892
2650.3953,2026-07-20T15:30:24.183459,0.000000,5.257980
2650.8960,2026-07-20T15:30:24.684185,0.000000,5.258108
2651.3654,2026-07-20T15:30:25.153633,0.000000,5.258232
2651.8725,2026-07-20T15:30:25.660739,0.000000,5.258192
2652.3639,2026-07-20T15:30:26.152140,0.000000,5.258304
2652.8573,2026-07-20T15:30:26.645550,0.000000,5.258340
2653.3392,2026-07-20T15:30:27.127407,0.000000,5.258348
2653.8209,2026-07-20T15:30:27.609128,0.000000,5.258392
2654.3278,2026-07-20T15:30:28.116003,0.000000,5.258456
2654.8388,2026-07-20T15:30:28.626969,0.000000,5.258752
2655.3024,2026-07-20T15:30:29.090598,0.000000,5.258968
2655.8055,2026-07-20T15:30:29.593742,0.000000,5.259268
2656.3033,2026-07-20T15:30:30.091518,0.000000,5.259592
2656.7678,2026-07-20T15:30:30.556039,0.000000,5.260080
2657.2686,2026-07-20T15:30:31.056825,0.000000,5.260416
2657.7721,2026-07-20T15:30:31.560323,0.000000,5.260756
2658.2615,2026-07-20T15:30:32.049679,0.000000,5.261040
2658.7887,2026-07-20T15:30:32.576886,0.000000,5.261116
2659.2873,2026-07-20T15:30:33.075477,0.000000,5.261300
2659.7733,2026-07-20T15:30:33.561462,0.000000,5.261376
2660.2639,2026-07-20T15:30:34.052087,0.000000,5.261216
2660.7695,2026-07-20T15:30:34.557715,0.000000,5.261104
2661.2642,2026-07-20T15:30:35.052362,0.000000,5.261244
2661.7647,2026-07-20T15:30:35.552924,0.000000,5.261196
2662.2887,2026-07-20T15:30:36.076947,0.000000,5.261176
2662.7800,2026-07-20T15:30:36.568237,0.000000,5.261328
2663.2772,2026-07-20T15:30:37.065426,0.000000,5.261804
2663.7780,2026-07-20T15:30:37.566181,0.000000,5.262216
2664.2676,2026-07-20T15:30:38.055830,0.000000,5.262448
2664.7649,2026-07-20T15:30:38.553103,0.000000,5.262880
2665.2292,2026-07-20T15:30:39.017413,0.000000,5.263192
2665.7246,2026-07-20T15:30:39.512777,0.000000,5.263440
2666.2107,2026-07-20T15:30:39.998893,0.000000,5.263528
2666.6874,2026-07-20T15:30:40.475636,0.000000,5.263808
2667.2219,2026-07-20T15:30:41.010081,0.000000,5.264132
2667.6723,2026-07-20T15:30:41.460472,0.000000,5.264428
2668.1498,2026-07-20T15:30:41.938017,0.000000,5.264468
2668.6433,2026-07-20T15:30:42.431545,0.000000,5.264536
2669.1229,2026-07-20T15:30:42.911124,0.000000,5.264620
2669.6217,2026-07-20T15:30:43.409843,0.000000,5.264672
2670.0792,2026-07-20T15:30:43.867400,0.000000,5.264852
2670.5786,2026-07-20T15:30:44.366792,0.000000,5.265076
2671.0812,2026-07-20T15:30:44.869379,0.000000,5.264980
2671.5728,2026-07-20T15:30:45.360969,0.000000,5.265064
2672.0832,2026-07-20T15:30:45.871398,0.000000,5.265076
2672.5808,2026-07-20T15:30:46.368999,0.000000,5.265088
2673.0767,2026-07-20T15:30:46.864913,0.000000,5.265224
2673.5426,2026-07-20T15:30:47.330826,0.000000,5.265148
2674.0309,2026-07-20T15:30:47.819103,0.000000,5.265136
2674.5006,2026-07-20T15:30:48.288760,0.000000,5.265152
2674.9759,2026-07-20T15:30:48.764081,0.000000,5.265124
2675.4766,2026-07-20T15:30:49.264770,0.000000,5.265044
2675.9784,2026-07-20T15:30:49.766582,0.000000,5.265264
2676.4458,2026-07-20T15:30:50.234043,0.000000,5.265328
2676.9346,2026-07-20T15:30:50.722808,0.000000,5.265380
2677.4611,2026-07-20T15:30:51.249312,0.000000,5.265552
2677.9341,2026-07-20T15:30:51.722326,0.000000,5.265688
2678.3882,2026-07-20T15:30:52.176445,0.000000,5.265908
2678.8758,2026-07-20T15:30:52.663985,0.000000,5.266208
2679.3676,2026-07-20T15:30:53.155773,0.000000,5.266388
2679.8611,2026-07-20T15:30:53.649260,0.000000,5.266596
2680.3341,2026-07-20T15:30:54.122351,0.000000,5.266824
2680.7829,2026-07-20T15:30:54.571090,0.000000,5.267080
2681.2927,2026-07-20T15:30:55.080861,0.000000,5.267320
2681.7917,2026-07-20T15:30:55.579866,0.000000,5.267508
2682.2668,2026-07-20T15:30:56.055043,0.000000,5.267540
2682.7554,2026-07-20T15:30:56.543647,0.000000,5.267448
2683.2675,2026-07-20T15:30:57.055684,0.000000,5.267620
2683.7560,2026-07-20T15:30:57.544227,0.000000,5.267688
2684.2416,2026-07-20T15:30:58.029790,0.000000,5.267764
2684.7353,2026-07-20T15:30:58.523634,0.000000,5.267776
2685.1925,2026-07-20T15:30:58.980670,0.000000,5.267836
2685.6859,2026-07-20T15:30:59.474147,0.000000,5.267876
2686.1893,2026-07-20T15:30:59.977497,0.000000,5.268020
2686.6688,2026-07-20T15:31:00.457052,0.000000,5.268156
2687.1542,2026-07-20T15:31:00.942409,0.000000,5.268432
2687.6257,2026-07-20T15:31:01.413919,0.000000,5.268576
2688.1091,2026-07-20T15:31:01.897303,0.000000,5.268540
2688.6097,2026-07-20T15:31:02.397882,0.000000,5.268588
2689.1110,2026-07-20T15:31:02.899213,0.000000,5.268576
2689.6196,2026-07-20T15:31:03.407829,0.000000,5.268652
2690.1131,2026-07-20T15:31:03.901251,0.000000,5.268764
2690.5720,2026-07-20T15:31:04.360194,0.000000,5.268752
2691.0443,2026-07-20T15:31:04.832475,0.000000,5.268748
2691.5285,2026-07-20T15:31:05.316697,0.000000,5.268708
2692.0255,2026-07-20T15:31:05.813686,0.000000,5.268764
2692.5266,2026-07-20T15:31:06.314770,0.000000,5.268852
2693.0189,2026-07-20T15:31:06.807074,0.000000,5.268840
2693.5546,2026-07-20T15:31:07.342808,0.000000,5.268988
2694.0489,2026-07-20T15:31:07.837086,0.000000,5.269268
2694.5581,2026-07-20T15:31:08.346328,0.000000,5.269292
2695.0499,2026-07-20T15:31:08.838147,0.000000,5.269308
2695.5523,2026-07-20T15:31:09.340490,0.000000,5.269584
2696.0521,2026-07-20T15:31:09.840296,0.000000,5.269812
2696.5637,2026-07-20T15:31:10.351912,0.000000,5.269900
2697.0526,2026-07-20T15:31:10.840756,0.000000,5.269996
2697.5303,2026-07-20T15:31:11.318475,0.000000,5.270044
2698.0283,2026-07-20T15:31:11.816455,0.000000,5.270240
2698.5380,2026-07-20T15:31:12.326175,0.000000,5.270316
2699.0282,2026-07-20T15:31:12.816386,0.000000,5.270328
2699.5181,2026-07-20T15:31:13.306350,0.000000,5.270488
2700.0148,2026-07-20T15:31:13.803008,0.000000,5.270580
2700.5050,2026-07-20T15:31:14.293186,0.000000,5.270612
2701.0121,2026-07-20T15:31:14.800302,0.000000,5.270528
2701.5089,2026-07-20T15:31:15.297066,0.000000,5.270584
2701.9799,2026-07-20T15:31:15.768094,0.000000,5.270672
2702.4781,2026-07-20T15:31:16.266280,0.000000,5.270832
2702.9665,2026-07-20T15:31:16.754642,0.000000,5.270940
2703.4589,2026-07-20T15:31:17.247150,0.000000,5.271084
2703.9593,2026-07-20T15:31:17.747486,0.000000,5.271068
2704.4255,2026-07-20T15:31:18.213653,0.000000,5.271232
2704.9229,2026-07-20T15:31:18.711110,0.000000,5.271356
2705.4419,2026-07-20T15:31:19.230076,0.000000,5.271496
2705.9123,2026-07-20T15:31:19.700455,0.000000,5.271660
2706.4049,2026-07-20T15:31:20.193072,0.000000,5.271848
2706.9114,2026-07-20T15:31:20.699615,0.000000,5.271932
2707.3747,2026-07-20T15:31:21.162863,0.000000,5.271880
2707.8456,2026-07-20T15:31:21.633759,0.000000,5.271876
2708.3377,2026-07-20T15:31:22.125944,0.000000,5.272012
2708.8239,2026-07-20T15:31:22.612140,0.000000,5.272092
2709.3140,2026-07-20T15:31:23.102196,0.000000,5.272188
2709.7729,2026-07-20T15:31:23.561124,0.000000,5.272404
2710.2598,2026-07-20T15:31:24.047966,0.000000,5.272492
2710.7821,2026-07-20T15:31:24.570281,0.000000,5.272620
2711.2625,2026-07-20T15:31:25.050708,0.000000,5.272644
2711.7565,2026-07-20T15:31:25.544706,0.000000,5.272724
2712.2358,2026-07-20T15:31:26.024017,0.000000,5.272820
2712.7302,2026-07-20T15:31:26.518427,0.000000,5.273108
2713.2381,2026-07-20T15:31:27.026315,0.000000,5.273292
2713.7248,2026-07-20T15:31:27.512988,0.000000,5.273656
2714.2107,2026-07-20T15:31:27.998933,0.000000,5.273816
2714.7047,2026-07-20T15:31:28.492952,0.000000,5.273784
2715.2235,2026-07-20T15:31:29.011731,0.000000,5.273900
2715.7129,2026-07-20T15:31:29.501136,0.000000,5.274024
2716.2005,2026-07-20T15:31:29.988752,0.000000,5.274220
2716.7040,2026-07-20T15:31:30.492195,0.000000,5.274404
2717.2176,2026-07-20T15:31:31.005782,0.000000,5.274736
2717.7024,2026-07-20T15:31:31.490643,0.000000,5.274800
2718.1625,2026-07-20T15:31:31.950747,0.000000,5.274832
2718.6614,2026-07-20T15:31:32.449547,0.000000,5.274808
2719.1609,2026-07-20T15:31:32.949103,0.000000,5.274936
2719.6742,2026-07-20T15:31:33.462348,0.000000,5.275252
2720.1626,2026-07-20T15:31:33.950815,0.000000,5.275420
2720.6835,2026-07-20T15:31:34.471701,0.000000,5.275384
2721.1629,2026-07-20T15:31:34.951110,0.000000,5.275520
2721.6511,2026-07-20T15:31:35.439298,0.000000,5.275784
2722.1520,2026-07-20T15:31:35.940225,0.000000,5.275904
2722.6546,2026-07-20T15:31:36.442754,0.000000,5.276184
2723.1462,2026-07-20T15:31:36.934399,0.000000,5.276348
2723.6219,2026-07-20T15:31:37.410056,0.000000,5.276544
2724.1045,2026-07-20T15:31:37.892659,0.000000,5.276544
2724.6061,2026-07-20T15:31:38.394298,0.000000,5.276704
2725.1251,2026-07-20T15:31:38.913256,0.000000,5.276784
2725.6210,2026-07-20T15:31:39.409251,0.000000,5.277072
2726.1089,2026-07-20T15:31:39.897105,0.000000,5.277256
2726.5790,2026-07-20T15:31:40.367177,0.000000,5.277360
2727.0749,2026-07-20T15:31:40.863097,0.000000,5.277520
2727.5812,2026-07-20T15:31:41.369416,0.000000,5.277760
2728.0425,2026-07-20T15:31:41.830695,0.000000,5.278184
2728.5297,2026-07-20T15:31:42.317925,0.000000,5.278444
2729.0105,2026-07-20T15:31:42.798716,0.000000,5.278860
2729.4873,2026-07-20T15:31:43.275485,0.000000,5.279308
2730.0039,2026-07-20T15:31:43.792092,0.000000,5.279584
2730.4744,2026-07-20T15:31:44.262619,0.000000,5.279960
2730.9657,2026-07-20T15:31:44.753866,0.000000,5.280300
2731.4684,2026-07-20T15:31:45.256637,0.000000,5.280712
2731.9438,2026-07-20T15:31:45.732040,0.000000,5.281196
2732.4314,2026-07-20T15:31:46.219642,0.000000,5.281592
2732.9010,2026-07-20T15:31:46.689163,0.000000,5.281992
2733.3830,2026-07-20T15:31:47.171178,0.000000,5.282416
2733.8790,2026-07-20T15:31:47.667207,0.000000,5.282628
2734.3634,2026-07-20T15:31:48.151577,0.000000,5.282780
2734.8602,2026-07-20T15:31:48.648392,0.000000,5.283096
2735.3318,2026-07-20T15:31:49.120029,0.000000,5.283392
2735.8252,2026-07-20T15:31:49.613417,0.000000,5.283764
2736.2983,2026-07-20T15:31:50.086489,0.000000,5.283996
2736.7631,2026-07-20T15:31:50.551355,0.000000,5.284056
2737.2544,2026-07-20T15:31:51.042597,0.000000,5.284284
2737.7208,2026-07-20T15:31:51.509021,0.000000,5.284416
2738.1877,2026-07-20T15:31:51.975916,0.000000,5.284560
2738.6918,2026-07-20T15:31:52.480009,0.000000,5.284916
2739.1893,2026-07-20T15:31:52.977530,0.000000,5.285292
2739.6870,2026-07-20T15:31:53.475163,0.000000,5.285504
2740.2211,2026-07-20T15:31:54.009275,0.000000,5.285808
2740.7072,2026-07-20T15:31:54.495403,0.000000,5.286120
2741.1929,2026-07-20T15:31:54.981126,0.000000,5.286492
2741.6891,2026-07-20T15:31:55.477272,0.000000,5.286852
2742.1755,2026-07-20T15:31:55.963755,0.000000,5.287180
2742.6760,2026-07-20T15:31:56.464185,0.000000,5.287388
2743.1745,2026-07-20T15:31:56.962661,0.000000,5.287740
2743.6617,2026-07-20T15:31:57.449953,0.000000,5.287876
2744.1828,2026-07-20T15:31:57.970973,0.000000,5.288096
2744.6941,2026-07-20T15:31:58.482343,0.000000,5.288408
2745.1862,2026-07-20T15:31:58.974387,0.000000,5.288624
2745.6873,2026-07-20T15:31:59.475535,0.000000,5.288856
2746.2017,2026-07-20T15:31:59.989882,0.000000,5.289040
2746.6885,2026-07-20T15:32:00.476725,0.000000,5.289244
2747.2038,2026-07-20T15:32:00.992053,0.000000,5.289300
2747.7058,2026-07-20T15:32:01.493966,0.000000,5.289440
2748.2044,2026-07-20T15:32:01.992594,0.000000,5.289488
2748.6999,2026-07-20T15:32:02.488075,0.000000,5.289600
2749.1971,2026-07-20T15:32:02.985347,0.000000,5.289812
2749.6446,2026-07-20T15:32:03.432795,0.000000,5.290012
2750.1475,2026-07-20T15:32:03.935752,0.000000,5.290140
2750.6416,2026-07-20T15:32:04.429808,0.000000,5.290316
2751.1536,2026-07-20T15:32:04.941800,0.000000,5.290600
2751.6502,2026-07-20T15:32:05.438393,0.000000,5.290780
2752.1434,2026-07-20T15:32:05.931562,0.000000,5.291036
2752.5995,2026-07-20T15:32:06.387676,0.000000,5.291348
2753.0751,2026-07-20T15:32:06.863319,0.000000,5.291532
2753.5417,2026-07-20T15:32:07.329897,0.000000,5.291780
2754.0265,2026-07-20T15:32:07.814655,0.000000,5.292048
2754.5251,2026-07-20T15:32:08.313268,0.000000,5.292300
2755.0232,2026-07-20T15:32:08.811404,0.000000,5.292596
2755.5165,2026-07-20T15:32:09.304655,0.000000,5.292952
2756.0208,2026-07-20T15:32:09.809044,0.000000,5.293248
2756.5314,2026-07-20T15:32:10.319646,0.000000,5.293572
2757.0322,2026-07-20T15:32:10.820444,0.000000,5.294048
2757.5285,2026-07-20T15:32:11.316686,0.000000,5.294500
2758.0019,2026-07-20T15:32:11.790054,0.000000,5.294916
2758.4953,2026-07-20T15:32:12.283466,0.000000,5.295336
2758.9848,2026-07-20T15:32:12.772993,0.000000,5.295736
2759.4895,2026-07-20T15:32:13.277717,0.000000,5.296308
2759.9849,2026-07-20T15:32:13.773074,0.000000,5.296676
2760.4871,2026-07-20T15:32:14.275337,0.000000,5.297096
2760.9826,2026-07-20T15:32:14.770827,0.000000,5.297396
2761.4844,2026-07-20T15:32:15.272550,0.000000,5.297748
2761.9531,2026-07-20T15:32:15.741283,0.000000,5.298020
2762.4552,2026-07-20T15:32:16.243403,0.000000,5.298408
2762.9540,2026-07-20T15:32:16.742201,0.000000,5.299020
2763.4228,2026-07-20T15:32:17.210969,0.000000,5.299528
2763.8935,2026-07-20T15:32:17.681707,0.000000,5.299984
2764.3892,2026-07-20T15:32:18.177366,0.000000,5.300232
2764.8820,2026-07-20T15:32:18.670191,0.000000,5.300656
2765.3943,2026-07-20T15:32:19.182460,0.000000,5.301044
2765.8754,2026-07-20T15:32:19.663644,0.000000,5.301560
2766.3853,2026-07-20T15:32:20.173551,0.000000,5.302068
2766.8796,2026-07-20T15:32:20.667794,0.000000,5.302608
2767.3499,2026-07-20T15:32:21.138065,0.000000,5.303116
2767.8463,2026-07-20T15:32:21.634455,0.000000,5.303380
2768.3505,2026-07-20T15:32:22.138662,0.000000,5.303668
2768.8344,2026-07-20T15:32:22.622584,0.000000,5.304056
2769.3255,2026-07-20T15:32:23.113665,0.000000,5.304504
2769.8176,2026-07-20T15:32:23.605743,0.000000,5.305024
2770.3136,2026-07-20T15:32:24.101791,0.000000,5.305444
2770.8265,2026-07-20T15:32:24.614674,0.000000,5.305780
2771.3275,2026-07-20T15:32:25.115745,0.000000,5.306024
2771.8116,2026-07-20T15:32:25.599834,0.000000,5.306380
2772.2895,2026-07-20T15:32:26.077675,0.000000,5.306592
2772.7977,2026-07-20T15:32:26.585859,0.000000,5.306784
2773.2680,2026-07-20T15:32:27.056250,0.000000,5.306944
2773.7630,2026-07-20T15:32:27.551219,0.000000,5.307208
2774.2762,2026-07-20T15:32:28.064449,0.000000,5.307452
2774.7762,2026-07-20T15:32:28.564404,0.000000,5.307520
2775.2734,2026-07-20T15:32:29.061586,0.000000,5.307652
2775.7811,2026-07-20T15:32:29.569326,0.000000,5.307856
2776.2764,2026-07-20T15:32:30.064623,0.000000,5.308176
2776.7763,2026-07-20T15:32:30.564499,0.000000,5.308304
2777.2800,2026-07-20T15:32:31.068243,0.000000,5.308568
2777.7844,2026-07-20T15:32:31.572648,0.000000,5.308828
2778.2486,2026-07-20T15:32:32.036800,0.000000,5.309044
2778.7151,2026-07-20T15:32:32.503349,0.000000,5.309280
2779.2061,2026-07-20T15:32:32.994263,0.000000,5.309504
2779.6951,2026-07-20T15:32:33.483317,0.000000,5.309664
2780.1941,2026-07-20T15:32:33.982258,0.000000,5.309952
2780.6891,2026-07-20T15:32:34.477305,0.000000,5.310224
2781.1824,2026-07-20T15:32:34.970572,0.000000,5.310580
2781.6901,2026-07-20T15:32:35.478269,0.000000,5.310940
2782.2100,2026-07-20T15:32:35.998154,0.000000,5.311264
2782.6852,2026-07-20T15:32:36.473431,0.000000,5.311572
2783.1909,2026-07-20T15:32:36.979151,0.000000,5.311988
2783.6882,2026-07-20T15:32:37.476377,0.000000,5.312420
2784.1575,2026-07-20T15:32:37.945732,0.000000,5.312836
2784.6619,2026-07-20T15:32:38.450144,0.000000,5.313300
2785.1642,2026-07-20T15:32:38.952355,0.000000,5.313652
2785.6523,2026-07-20T15:32:39.440525,0.000000,5.314140
2786.1823,2026-07-20T15:32:39.970486,0.000000,5.314516
2786.6771,2026-07-20T15:32:40.465319,0.000000,5.314908
2787.1873,2026-07-20T15:32:40.975474,0.000000,5.315156
2787.6807,2026-07-20T15:32:41.468868,0.000000,5.315556
2788.1878,2026-07-20T15:32:41.975989,0.000000,5.315908
2788.6636,2026-07-20T15:32:42.451831,0.000000,5.316116
2789.1661,2026-07-20T15:32:42.954324,0.000000,5.316504
2789.6581,2026-07-20T15:32:43.446337,0.000000,5.316856
2790.1534,2026-07-20T15:32:43.941606,0.000000,5.317224
2790.6553,2026-07-20T15:32:44.443479,0.000000,5.317568
2791.1703,2026-07-20T15:32:44.958479,0.000000,5.317876
2791.6599,2026-07-20T15:32:45.448128,0.000000,5.318520
2792.1510,2026-07-20T15:32:45.939184,0.000000,5.319068
2792.6267,2026-07-20T15:32:46.414889,0.000000,5.319592
2793.1197,2026-07-20T15:32:46.907879,0.000000,5.320216
2793.5803,2026-07-20T15:32:47.368471,0.000000,5.320832
2794.0680,2026-07-20T15:32:47.856182,0.000000,5.321304
2794.5504,2026-07-20T15:32:48.338600,0.000000,5.321832
2795.0326,2026-07-20T15:32:48.820812,0.000000,5.322424
2795.5124,2026-07-20T15:32:49.300655,0.000000,5.322736
2796.0367,2026-07-20T15:32:49.824916,0.000000,5.323180
2796.5236,2026-07-20T15:32:50.311805,0.000000,5.323384
2797.0223,2026-07-20T15:32:50.810514,0.000000,5.323780
2797.5178,2026-07-20T15:32:51.305968,0.000000,5.324060
2797.9913,2026-07-20T15:32:51.779519,0.000000,5.324532
2798.4947,2026-07-20T15:32:52.282889,0.000000,5.325068
2798.9870,2026-07-20T15:32:52.775160,0.000000,5.325624
2799.4648,2026-07-20T15:32:53.252974,0.000000,5.326064
2799.9509,2026-07-20T15:32:53.739106,0.000000,5.326592
2800.4597,2026-07-20T15:32:54.247867,0.000000,5.327212
2800.9627,2026-07-20T15:32:54.750948,0.000000,5.327808
2801.4700,2026-07-20T15:32:55.258159,0.000000,5.328584
2801.9509,2026-07-20T15:32:55.739117,0.000000,5.329220
2802.4333,2026-07-20T15:32:56.221496,0.000000,5.329860
2802.9584,2026-07-20T15:32:56.746567,0.000000,5.330172
2803.4254,2026-07-20T15:32:57.213610,0.000000,5.330476
2803.9201,2026-07-20T15:32:57.708340,0.000000,5.330712
2804.4185,2026-07-20T15:32:58.206743,0.000000,5.331116
2804.9078,2026-07-20T15:32:58.696021,0.000000,5.331396
2805.4101,2026-07-20T15:32:59.198251,0.000000,5.331592
2805.9051,2026-07-20T15:32:59.693329,0.000000,5.331936
2806.3741,2026-07-20T15:33:00.162292,0.000000,5.332232
2806.8717,2026-07-20T15:33:00.659928,0.000000,5.332420
2807.3728,2026-07-20T15:33:01.160953,0.000000,5.332776
2807.8507,2026-07-20T15:33:01.638850,0.000000,5.333220
2808.3190,2026-07-20T15:33:02.107196,0.000000,5.333600
2808.7923,2026-07-20T15:33:02.580546,0.000000,5.334196
2809.2565,2026-07-20T15:33:03.044680,0.000000,5.334452
2809.7263,2026-07-20T15:33:03.514488,0.000000,5.334676
2810.2258,2026-07-20T15:33:04.013982,0.000000,5.335032
2810.7342,2026-07-20T15:33:04.522369,0.000000,5.335468
2811.2023,2026-07-20T15:33:04.990498,0.000000,5.335820
2811.7011,2026-07-20T15:33:05.489345,0.000000,5.336128
2812.2009,2026-07-20T15:33:05.989079,0.000000,5.336620
2812.6913,2026-07-20T15:33:06.479543,0.000000,5.336988
2813.1759,2026-07-20T15:33:06.964106,0.000000,5.337412
2813.6897,2026-07-20T15:33:07.477847,0.000000,5.337744
2814.1765,2026-07-20T15:33:07.964743,0.000000,5.338152
2814.6427,2026-07-20T15:33:08.430856,0.000000,5.338784
2815.1268,2026-07-20T15:33:08.915007,0.000000,5.339380
2815.6318,2026-07-20T15:33:09.420017,0.000000,5.339840
2816.1173,2026-07-20T15:33:09.905483,0.000000,5.340408
2816.6076,2026-07-20T15:33:10.395774,0.000000,5.341068
2817.0857,2026-07-20T15:33:10.873882,0.000000,5.341472
2817.5785,2026-07-20T15:33:11.366716,0.000000,5.341928
2818.0589,2026-07-20T15:33:11.847153,0.000000,5.342412
2818.5578,2026-07-20T15:33:12.346030,0.000000,5.342844
2819.0205,2026-07-20T15:33:12.808669,0.000000,5.343096
2819.5118,2026-07-20T15:33:13.300019,0.000000,5.343456
2820.0405,2026-07-20T15:33:13.828698,0.000000,5.343760
2820.5086,2026-07-20T15:33:14.296805,0.000000,5.344144
2820.9881,2026-07-20T15:33:14.776273,0.000000,5.344412
2821.4794,2026-07-20T15:33:15.267616,0.000000,5.344540
2821.9615,2026-07-20T15:33:15.749744,0.000000,5.344672
2822.4581,2026-07-20T15:33:16.246326,0.000000,5.344948
2822.9289,2026-07-20T15:33:16.717118,0.000000,5.345364
2823.4233,2026-07-20T15:33:17.211496,0.000000,5.345572
2823.9241,2026-07-20T15:33:17.712289,0.000000,5.345972
2824.4270,2026-07-20T15:33:18.215203,0.000000,5.346468
2824.9245,2026-07-20T15:33:18.712741,0.000000,5.346892
2825.4048,2026-07-20T15:33:19.193029,0.000000,5.347444
2825.8695,2026-07-20T15:33:19.657698,0.000000,5.347828
2826.3339,2026-07-20T15:33:20.122123,0.000000,5.348264
2826.8167,2026-07-20T15:33:20.604930,0.000000,5.348796
2827.2837,2026-07-20T15:33:21.071866,0.000000,5.349200
2827.7907,2026-07-20T15:33:21.578893,0.000000,5.349484
2828.2834,2026-07-20T15:33:22.071566,0.000000,5.349924
2828.7863,2026-07-20T15:33:22.574511,0.000000,5.350400
2829.2464,2026-07-20T15:33:23.034622,0.000000,5.350744
2829.7311,2026-07-20T15:33:23.519295,0.000000,5.351080
2830.2359,2026-07-20T15:33:24.024043,0.000000,5.351416
2830.7234,2026-07-20T15:33:24.511597,0.000000,5.351648
2831.2378,2026-07-20T15:33:25.025984,0.000000,5.352068
2831.7172,2026-07-20T15:33:25.505410,0.000000,5.352612
2832.1889,2026-07-20T15:33:25.977136,0.000000,5.353088
2832.6756,2026-07-20T15:33:26.463820,0.000000,5.353592
2833.1754,2026-07-20T15:33:26.963629,0.000000,5.354088
2833.6590,2026-07-20T15:33:27.447190,0.000000,5.354536
2834.1618,2026-07-20T15:33:27.950003,0.000000,5.354916
2834.6280,2026-07-20T15:33:28.416173,0.000000,5.355300
2835.1304,2026-07-20T15:33:28.918571,0.000000,5.355664
2835.6304,2026-07-20T15:33:29.418649,0.000000,5.356044
2836.1253,2026-07-20T15:33:29.913535,0.000000,5.356328
2836.6171,2026-07-20T15:33:30.405260,0.000000,5.356568
2837.1180,2026-07-20T15:33:30.906249,0.000000,5.356948
2837.6002,2026-07-20T15:33:31.388364,0.000000,5.357180
2838.1103,2026-07-20T15:33:31.898479,0.000000,5.357552
2838.6024,2026-07-20T15:33:32.390582,0.000000,5.358044
2839.0703,2026-07-20T15:33:32.858511,0.000000,5.358512
2839.5626,2026-07-20T15:33:33.350783,0.000000,5.359008
2840.0546,2026-07-20T15:33:33.842847,0.000000,5.359476
2840.5676,2026-07-20T15:33:34.355784,0.000000,5.360148
2841.0705,2026-07-20T15:33:34.858687,0.000000,5.360864
2841.5694,2026-07-20T15:33:35.357590,0.000000,5.361308
2842.0641,2026-07-20T15:33:35.852283,0.000000,5.361852
2842.5620,2026-07-20T15:33:36.350248,0.000000,5.362540
2843.0187,2026-07-20T15:33:36.806942,0.000000,5.363072
2843.5177,2026-07-20T15:33:37.305864,0.000000,5.363524
2844.0132,2026-07-20T15:33:37.801428,0.000000,5.364164
2844.5195,2026-07-20T15:33:38.307686,0.000000,5.364760
2845.0199,2026-07-20T15:33:38.808126,0.000000,5.365236
2845.4924,2026-07-20T15:33:39.280563,0.000000,5.365792
2845.9669,2026-07-20T15:33:39.755084,0.000000,5.366260
2846.4710,2026-07-20T15:33:40.259243,0.000000,5.366848
2846.9712,2026-07-20T15:33:40.759351,0.000000,5.367376
2847.4641,2026-07-20T15:33:41.252315,0.000000,5.367756
2847.9648,2026-07-20T15:33:41.752958,0.000000,5.368148
2848.4942,2026-07-20T15:33:42.282420,0.000000,5.368616
2848.9649,2026-07-20T15:33:42.753146,0.000000,5.369052
2849.4551,2026-07-20T15:33:43.243277,0.000000,5.369408
2849.9402,2026-07-20T15:33:43.728376,0.000000,5.369836
2850.4459,2026-07-20T15:33:44.234136,0.000000,5.370136
2850.9362,2026-07-20T15:33:44.724444,0.000000,5.370488
2851.4250,2026-07-20T15:33:45.213230,0.000000,5.370736
2851.9168,2026-07-20T15:33:45.704987,0.000000,5.370880
2852.4147,2026-07-20T15:33:46.202918,0.000000,5.371128
2852.9171,2026-07-20T15:33:46.705278,0.000000,5.371528
2853.3922,2026-07-20T15:33:47.180432,0.000000,5.371724
2853.8921,2026-07-20T15:33:47.680324,0.000000,5.371936
2854.3633,2026-07-20T15:33:48.151521,0.000000,5.372260
2854.8521,2026-07-20T15:33:48.640308,0.000000,5.372668
2855.3233,2026-07-20T15:33:49.111538,0.000000,5.372900
2855.8212,2026-07-20T15:33:49.609370,0.000000,5.373164
2856.3128,2026-07-20T15:33:50.101025,0.000000,5.373380
2856.7858,2026-07-20T15:33:50.574051,0.000000,5.373516
2857.2803,2026-07-20T15:33:51.068540,0.000000,5.373708
2857.7563,2026-07-20T15:33:51.544549,0.000000,5.373800
2858.2747,2026-07-20T15:33:52.062908,0.000000,5.374000
2858.7848,2026-07-20T15:33:52.572992,0.000000,5.374172
2859.2687,2026-07-20T15:33:53.056949,0.000000,5.374352
2859.7629,2026-07-20T15:33:53.551077,0.000000,5.374588
2860.3270,2026-07-20T15:33:54.115205,0.000000,5.374768
2860.7976,2026-07-20T15:33:54.585846,0.000000,5.375140
2861.2944,2026-07-20T15:33:55.082569,0.000000,5.375544
2861.7719,2026-07-20T15:33:55.560134,0.000000,5.375996
2862.2295,2026-07-20T15:33:56.017737,0.000000,5.376476
2862.6925,2026-07-20T15:33:56.480697,0.000000,5.377004
2863.1710,2026-07-20T15:33:56.959187,0.000000,5.377312
2863.6713,2026-07-20T15:33:57.459487,0.000000,5.377736
2864.1859,2026-07-20T15:33:57.974075,0.000000,5.378100
2864.6605,2026-07-20T15:33:58.448720,0.000000,5.378388
2865.1465,2026-07-20T15:33:58.934733,0.000000,5.378608
2865.6317,2026-07-20T15:33:59.419922,0.000000,5.378840
2866.1270,2026-07-20T15:33:59.915164,0.000000,5.379080
2866.6152,2026-07-20T15:34:00.403424,0.000000,5.379476
2867.0915,2026-07-20T15:34:00.879736,0.000000,5.379948
2867.5840,2026-07-20T15:34:01.372154,0.000000,5.380240
2868.0440,2026-07-20T15:34:01.832215,0.000000,5.380440
2868.5262,2026-07-20T15:34:02.314415,0.000000,5.380688
2869.0038,2026-07-20T15:34:02.792034,0.000000,5.380884
2869.4731,2026-07-20T15:34:03.261266,0.000000,5.381200
2869.9793,2026-07-20T15:34:03.767471,0.000000,5.381700
2870.4954,2026-07-20T15:34:04.283581,0.000000,5.382272
2870.9629,2026-07-20T15:34:04.751147,0.000000,5.382644
2871.4478,2026-07-20T15:34:05.236045,0.000000,5.382916
2871.9509,2026-07-20T15:34:05.739074,0.000000,5.383028
2872.4212,2026-07-20T15:34:06.209356,0.000000,5.383080
2872.9269,2026-07-20T15:34:06.715133,0.000000,5.383360
2873.4212,2026-07-20T15:34:07.209406,0.000000,5.383752
2873.9109,2026-07-20T15:34:07.699058,0.000000,5.384192
2874.3924,2026-07-20T15:34:08.180645,0.000000,5.384596
2874.8882,2026-07-20T15:34:08.676379,0.000000,5.384704
2875.3434,2026-07-20T15:34:09.131608,0.000000,5.385064
2875.8370,2026-07-20T15:34:09.625217,0.000000,5.385116
2876.3280,2026-07-20T15:34:10.116204,0.000000,5.385408
2876.8191,2026-07-20T15:34:10.607311,0.000000,5.385716
2877.2809,2026-07-20T15:34:11.069060,0.000000,5.386004
2877.7763,2026-07-20T15:34:11.564535,0.000000,5.386412
2878.2776,2026-07-20T15:34:12.065803,0.000000,5.386848
2878.7365,2026-07-20T15:34:12.524724,0.000000,5.387212
2879.2504,2026-07-20T15:34:13.038616,0.000000,5.387464
2879.7484,2026-07-20T15:34:13.536646,0.000000,5.387704
2880.2491,2026-07-20T15:34:14.037306,0.000000,5.387736
2880.7467,2026-07-20T15:34:14.534950,0.000000,5.387976
2881.2469,2026-07-20T15:34:15.035104,0.000000,5.388272
2881.7128,2026-07-20T15:34:15.500963,0.000000,5.388432
2882.2043,2026-07-20T15:34:15.992511,0.000000,5.388564
2882.6894,2026-07-20T15:34:16.477642,0.000000,5.388708
2883.1924,2026-07-20T15:34:16.980595,0.000000,5.388776
2883.6736,2026-07-20T15:34:17.461797,0.000000,5.388928
2884.1447,2026-07-20T15:34:17.932905,0.000000,5.388844
2884.6512,2026-07-20T15:34:18.439435,0.000000,5.388916
2885.1700,2026-07-20T15:34:18.958180,0.000000,5.389212
2885.6526,2026-07-20T15:34:19.440782,0.000000,5.389392
2886.1361,2026-07-20T15:34:19.924263,0.000000,5.389572
2886.6322,2026-07-20T15:34:20.420394,0.000000,5.389804
2887.1049,2026-07-20T15:34:20.893087,0.000000,5.390100
2887.6025,2026-07-20T15:34:21.390656,0.000000,5.390256
2888.0802,2026-07-20T15:34:21.868391,0.000000,5.390384
2888.5609,2026-07-20T15:34:22.349153,0.000000,5.390504
2889.0635,2026-07-20T15:34:22.851680,0.000000,5.390752
2889.5425,2026-07-20T15:34:23.330691,0.000000,5.391036
2890.0410,2026-07-20T15:34:23.829221,0.000000,5.391236
2890.5608,2026-07-20T15:34:24.349033,0.000000,5.391464
2891.0273,2026-07-20T15:34:24.815509,0.000000,5.391556
2891.5296,2026-07-20T15:34:25.317826,0.000000,5.391584
2892.0233,2026-07-20T15:34:25.811481,0.000000,5.391628
2892.5320,2026-07-20T15:34:26.320214,0.000000,5.391676
2893.0279,2026-07-20T15:34:26.816119,0.000000,5.391832
2893.5203,2026-07-20T15:34:27.308467,0.000000,5.391832
2894.0414,2026-07-20T15:34:27.829624,0.000000,5.391828
2894.5388,2026-07-20T15:34:28.327026,0.000000,5.392000
2895.0337,2026-07-20T15:34:28.821902,0.000000,5.392008
2895.5299,2026-07-20T15:34:29.318137,0.000000,5.392072
2896.0151,2026-07-20T15:34:29.803271,0.000000,5.392240
2896.4920,2026-07-20T15:34:30.280228,0.000000,5.392308
2896.9845,2026-07-20T15:34:30.772755,0.000000,5.392476
2897.4883,2026-07-20T15:34:31.276461,0.000000,5.392616
2897.9736,2026-07-20T15:34:31.761849,0.000000,5.392604
2898.4887,2026-07-20T15:34:32.276943,0.000000,5.392672
2898.9838,2026-07-20T15:34:32.772049,0.000000,5.392908
2899.4707,2026-07-20T15:34:33.258934,0.000000,5.392884
2899.9673,2026-07-20T15:34:33.755487,0.000000,5.392948
2900.4426,2026-07-20T15:34:34.230779,0.000000,5.392864
2900.9126,2026-07-20T15:34:34.700774,0.000000,5.392920
2901.4199,2026-07-20T15:34:35.208123,0.000000,5.393068
2901.9151,2026-07-20T15:34:35.703260,0.000000,5.393108
2902.4317,2026-07-20T15:34:36.219891,0.000000,5.393156
2902.9184,2026-07-20T15:34:36.706632,0.000000,5.393376
2903.3953,2026-07-20T15:34:37.183525,0.000000,5.393312
2903.8549,2026-07-20T15:34:37.643096,0.000000,5.393256
2904.3483,2026-07-20T15:34:38.136541,0.000000,5.393256
2904.8325,2026-07-20T15:34:38.620742,0.000000,5.393192
2905.3320,2026-07-20T15:34:39.120196,0.000000,5.393272
2905.8294,2026-07-20T15:34:39.617617,0.000000,5.393300
2906.3317,2026-07-20T15:34:40.119911,0.000000,5.393256
2906.8327,2026-07-20T15:34:40.620929,0.000000,5.393184
2907.3487,2026-07-20T15:34:41.136869,0.000000,5.393180
2907.8316,2026-07-20T15:34:41.619772,0.000000,5.393140
2908.3037,2026-07-20T15:34:42.091865,0.000000,5.393060
2908.7653,2026-07-20T15:34:42.553458,0.000000,5.392952
2909.2641,2026-07-20T15:34:43.052292,0.000000,5.392964
2909.7480,2026-07-20T15:34:43.536180,0.000000,5.392948
2910.2348,2026-07-20T15:34:44.023031,0.000000,5.393016
2910.7347,2026-07-20T15:34:44.522945,0.000000,5.392952
2911.2359,2026-07-20T15:34:45.024122,0.000000,5.392932
2911.7283,2026-07-20T15:34:45.516513,0.000000,5.392976
2912.2134,2026-07-20T15:34:46.001640,0.000000,5.392896
2912.6921,2026-07-20T15:34:46.480259,0.000000,5.392912
2913.2017,2026-07-20T15:34:46.989947,0.000000,5.393160
2913.7006,2026-07-20T15:34:47.488795,0.000000,5.393400
2914.1585,2026-07-20T15:34:47.946698,0.000000,5.393600
2914.6320,2026-07-20T15:34:48.420235,0.000000,5.393752
2915.1255,2026-07-20T15:34:48.913710,0.000000,5.393880
2915.5926,2026-07-20T15:34:49.380774,0.000000,5.393844
2916.0882,2026-07-20T15:34:49.876432,0.000000,5.393988
2916.5858,2026-07-20T15:34:50.374043,0.000000,5.394036
2917.0832,2026-07-20T15:34:50.871447,0.000000,5.394104
2917.5777,2026-07-20T15:34:51.365910,0.000000,5.394048
2918.1010,2026-07-20T15:34:51.889158,0.000000,5.393852
2918.5705,2026-07-20T15:34:52.358715,0.000000,5.393648
2919.0717,2026-07-20T15:34:52.859911,0.000000,5.393280
2919.5651,2026-07-20T15:34:53.353273,0.000000,5.393064
2920.0407,2026-07-20T15:34:53.828885,0.000000,5.392860
2920.5237,2026-07-20T15:34:54.311876,0.000000,5.392708
2921.0236,2026-07-20T15:34:54.811769,0.000000,5.392528
2921.5128,2026-07-20T15:34:55.301020,0.000000,5.392320
2922.0160,2026-07-20T15:34:55.804180,0.000000,5.392164
2922.5250,2026-07-20T15:34:56.313194,0.000000,5.392132
2923.0217,2026-07-20T15:34:56.809881,0.000000,5.392124
2923.5146,2026-07-20T15:34:57.302833,0.000000,5.392148
2923.9918,2026-07-20T15:34:57.779991,0.000000,5.392148
2924.4759,2026-07-20T15:34:58.264077,0.000000,5.392060
2924.9697,2026-07-20T15:34:58.757935,0.000000,5.391912
2925.4396,2026-07-20T15:34:59.227832,0.000000,5.391768
2925.8957,2026-07-20T15:34:59.683951,0.000000,5.391732
2926.3828,2026-07-20T15:35:00.171036,0.000000,5.391676
2926.8696,2026-07-20T15:35:00.657766,0.000000,5.391536
2927.3526,2026-07-20T15:35:01.140788,0.000000,5.391428
2927.8254,2026-07-20T15:35:01.613550,0.000000,5.391364
2928.3153,2026-07-20T15:35:02.103469,0.000000,5.391172
2928.8023,2026-07-20T15:35:02.590483,0.000000,5.391236
2929.3250,2026-07-20T15:35:03.113162,0.000000,5.391136
2929.8062,2026-07-20T15:35:03.594399,0.000000,5.391168
2930.2836,2026-07-20T15:35:04.071850,0.000000,5.391288
2930.7843,2026-07-20T15:35:04.572470,0.000000,5.391412
2931.2845,2026-07-20T15:35:05.072729,0.000000,5.391544
2931.7592,2026-07-20T15:35:05.547416,0.000000,5.391712
2932.2649,2026-07-20T15:35:06.053058,0.000000,5.391756
2932.7505,2026-07-20T15:35:06.538671,0.000000,5.391800
2933.2255,2026-07-20T15:35:07.013732,0.000000,5.391908
2933.7527,2026-07-20T15:35:07.540862,0.000000,5.391900
2934.2528,2026-07-20T15:35:08.041018,0.000000,5.392040
2934.7310,2026-07-20T15:35:08.519216,0.000000,5.392044
2935.2258,2026-07-20T15:35:09.013963,0.000000,5.391908
2935.7278,2026-07-20T15:35:09.515961,0.000000,5.391596
2936.2274,2026-07-20T15:35:10.015612,0.000000,5.391404
2936.7224,2026-07-20T15:35:10.510630,0.000000,5.391360
2937.1851,2026-07-20T15:35:10.973332,0.000000,5.391248
2937.6759,2026-07-20T15:35:11.464089,0.000000,5.391036
2938.1941,2026-07-20T15:35:11.982276,0.000000,5.390888
2938.6756,2026-07-20T15:35:12.463775,0.000000,5.390808
2939.1734,2026-07-20T15:35:12.961618,0.000000,5.390720
2939.6456,2026-07-20T15:35:13.433841,0.000000,5.390504
2940.1342,2026-07-20T15:35:13.922366,0.000000,5.390396
2940.6319,2026-07-20T15:35:14.420126,0.000000,5.390308
2941.1070,2026-07-20T15:35:14.895232,0.000000,5.390260
2941.5975,2026-07-20T15:35:15.385664,0.000000,5.390240
2942.0951,2026-07-20T15:35:15.883345,0.000000,5.390136
2942.5892,2026-07-20T15:35:16.377386,0.000000,5.390120
2943.0964,2026-07-20T15:35:16.884565,0.000000,5.390116
2943.5968,2026-07-20T15:35:17.384996,0.000000,5.389916
2944.0809,2026-07-20T15:35:17.869096,0.000000,5.389788
2944.5817,2026-07-20T15:35:18.369876,0.000000,5.389704
2945.0822,2026-07-20T15:35:18.870357,0.000000,5.389808
2945.5655,2026-07-20T15:35:19.353678,0.000000,5.389812
2946.0478,2026-07-20T15:35:19.835980,0.000000,5.389808
2946.5447,2026-07-20T15:35:20.332923,0.000000,5.389728
2947.0506,2026-07-20T15:35:20.838798,0.000000,5.389620
2947.5574,2026-07-20T15:35:21.345651,0.000000,5.389576
2948.0537,2026-07-20T15:35:21.841921,0.000000,5.389560
2948.5269,2026-07-20T15:35:22.315135,0.000000,5.389500
2949.0220,2026-07-20T15:35:22.810182,0.000000,5.389428
2949.5149,2026-07-20T15:35:23.303131,0.000000,5.389300
2950.0052,2026-07-20T15:35:23.793419,0.000000,5.389120
2950.4793,2026-07-20T15:35:24.267448,0.000000,5.389172
2950.9483,2026-07-20T15:35:24.736495,0.000000,5.388892
2951.4316,2026-07-20T15:35:25.219812,0.000000,5.388608
2951.8916,2026-07-20T15:35:25.679808,0.000000,5.388364
2952.3840,2026-07-20T15:35:26.172169,0.000000,5.388080
2952.9012,2026-07-20T15:35:26.689383,0.000000,5.387808
2953.3796,2026-07-20T15:35:27.167854,0.000000,5.387528
2953.8784,2026-07-20T15:35:27.666557,0.000000,5.387300
2954.3775,2026-07-20T15:35:28.165708,0.000000,5.387160
2954.8487,2026-07-20T15:35:28.636943,0.000000,5.386880
2955.3381,2026-07-20T15:35:29.126326,0.000000,5.386620
2955.8364,2026-07-20T15:35:29.624588,0.000000,5.386248
2956.3006,2026-07-20T15:35:30.088779,0.000000,5.386252
2956.7988,2026-07-20T15:35:30.587042,0.000000,5.386108
2957.3153,2026-07-20T15:35:31.103474,0.000000,5.386072
2957.7985,2026-07-20T15:35:31.586721,0.000000,5.385980
2958.2924,2026-07-20T15:35:32.080582,0.000000,5.386036
2958.7554,2026-07-20T15:35:32.543641,0.000000,5.385824
2959.2491,2026-07-20T15:35:33.037304,0.000000,5.385592
2959.7388,2026-07-20T15:35:33.526962,0.000000,5.385424
2960.2261,2026-07-20T15:35:34.014308,0.000000,5.385388
2960.7253,2026-07-20T15:35:34.513542,0.000000,5.385440
2961.2235,2026-07-20T15:35:35.011722,0.000000,5.385376
2961.7255,2026-07-20T15:35:35.513738,0.000000,5.385260
2962.2444,2026-07-20T15:35:36.032613,0.000000,5.385196
2962.7351,2026-07-20T15:35:36.523313,0.000000,5.385052
2963.2264,2026-07-20T15:35:37.014609,0.000000,5.384776
2963.7237,2026-07-20T15:35:37.511903,0.000000,5.384688
2964.2268,2026-07-20T15:35:38.015011,0.000000,5.384452
2964.7330,2026-07-20T15:35:38.521161,0.000000,5.384384
2965.2406,2026-07-20T15:35:39.028816,0.000000,5.384088
2965.7454,2026-07-20T15:35:39.533647,0.000000,5.383728
2966.2322,2026-07-20T15:35:40.020366,0.000000,5.383436
2966.7302,2026-07-20T15:35:40.518446,0.000000,5.383236
2967.2068,2026-07-20T15:35:40.995043,0.000000,5.382988
2967.7098,2026-07-20T15:35:41.497988,0.000000,5.382764
2968.2050,2026-07-20T15:35:41.993143,0.000000,5.382724
2968.6891,2026-07-20T15:35:42.477266,0.000000,5.382588
2969.2015,2026-07-20T15:35:42.989716,0.000000,5.382712
2969.6944,2026-07-20T15:35:43.482594,0.000000,5.382664
2970.1855,2026-07-20T15:35:43.973714,0.000000,5.382756
2970.6531,2026-07-20T15:35:44.441259,0.000000,5.382756
2971.1491,2026-07-20T15:35:44.937274,0.000000,5.382740
2971.6319,2026-07-20T15:35:45.420142,0.000000,5.382692
2972.1240,2026-07-20T15:35:45.912175,0.000000,5.382712
2972.6042,2026-07-20T15:35:46.392417,0.000000,5.382452
2973.0985,2026-07-20T15:35:46.886717,0.000000,5.382168
2973.6052,2026-07-20T15:35:47.393389,0.000000,5.381728
2974.0849,2026-07-20T15:35:47.873070,0.000000,5.381292
2974.5891,2026-07-20T15:35:48.377289,0.000000,5.380840
2975.0726,2026-07-20T15:35:48.860769,0.000000,5.380476
2975.5482,2026-07-20T15:35:49.336406,0.000000,5.380376
2976.0327,2026-07-20T15:35:49.820882,0.000000,5.380152
2976.4951,2026-07-20T15:35:50.283321,0.000000,5.379892
2976.9749,2026-07-20T15:35:50.763071,0.000000,5.379416
2977.4697,2026-07-20T15:35:51.257915,0.000000,5.379220
2977.9500,2026-07-20T15:35:51.738159,0.000000,5.378892
2978.4473,2026-07-20T15:35:52.235500,0.000000,5.378616
2978.9408,2026-07-20T15:35:52.729028,0.000000,5.378392
2979.4300,2026-07-20T15:35:53.218182,0.000000,5.378064
2979.9329,2026-07-20T15:35:53.721084,0.000000,5.377808
2980.4396,2026-07-20T15:35:54.227754,0.000000,5.377156
2980.9282,2026-07-20T15:35:54.716446,0.000000,5.376560
2981.4257,2026-07-20T15:35:55.213860,0.000000,5.376096
2981.8949,2026-07-20T15:35:55.683085,0.000000,5.375724
2982.3935,2026-07-20T15:35:56.181725,0.000000,5.375392
2982.8837,2026-07-20T15:35:56.671935,0.000000,5.375084
2983.3387,2026-07-20T15:35:57.126913,0.000000,5.374836
2983.8303,2026-07-20T15:35:57.618513,0.000000,5.374576
2984.3235,2026-07-20T15:35:58.111688,0.000000,5.374432
2984.8285,2026-07-20T15:35:58.616730,0.000000,5.374016
2985.3399,2026-07-20T15:35:59.128098,0.000000,5.373840
2985.8288,2026-07-20T15:35:59.617005,0.000000,5.373664
2986.2902,2026-07-20T15:36:00.078407,0.000000,5.373580
2986.7819,2026-07-20T15:36:00.570109,0.000000,5.373328
2987.2306,2026-07-20T15:36:01.018845,0.000000,5.372992
2987.7237,2026-07-20T15:36:01.511895,0.000000,5.372712
2988.1949,2026-07-20T15:36:01.983167,0.000000,5.372424
2988.6911,2026-07-20T15:36:02.479314,0.000000,5.372224
2989.1750,2026-07-20T15:36:02.963250,0.000000,5.371964
2989.6486,2026-07-20T15:36:03.436828,0.000000,5.371736
2990.1505,2026-07-20T15:36:03.938684,0.000000,5.371472
2990.6339,2026-07-20T15:36:04.422148,0.000000,5.371168
2991.1606,2026-07-20T15:36:04.948807,0.000000,5.370980
2991.6349,2026-07-20T15:36:05.423129,0.000000,5.370804
2992.1371,2026-07-20T15:36:05.925290,0.000000,5.370540
2992.6372,2026-07-20T15:36:06.425438,0.000000,5.370444
2993.1261,2026-07-20T15:36:06.914256,0.000000,5.370204
2993.5956,2026-07-20T15:36:07.383842,0.000000,5.369912
2994.0838,2026-07-20T15:36:07.871972,0.000000,5.369564
2994.5902,2026-07-20T15:36:08.378424,0.000000,5.369152
2995.0887,2026-07-20T15:36:08.876886,0.000000,5.368788
2995.5999,2026-07-20T15:36:09.388084,0.000000,5.368488
2996.0956,2026-07-20T15:36:09.883763,0.000000,5.368012
2996.5721,2026-07-20T15:36:10.360299,0.000000,5.367644
2997.0707,2026-07-20T15:36:10.858879,0.000000,5.367320
2997.5675,2026-07-20T15:36:11.355747,0.000000,5.366856
2998.0423,2026-07-20T15:36:11.830491,0.000000,5.366464
2998.5173,2026-07-20T15:36:12.305501,0.000000,5.366096
2999.0139,2026-07-20T15:36:12.802060,0.000000,5.365748
2999.5270,2026-07-20T15:36:13.315152,0.000000,5.365604
3000.0164,2026-07-20T15:36:13.804596,0.000000,5.365312
3000.4745,2026-07-20T15:36:14.262732,0.000000,5.365016
3000.9621,2026-07-20T15:36:14.750268,0.000000,5.364680
3001.4486,2026-07-20T15:36:15.236746,0.000000,5.364192
3001.9230,2026-07-20T15:36:15.711186,0.000000,5.363740
3002.4221,2026-07-20T15:36:16.210281,0.000000,5.363348
3002.9010,2026-07-20T15:36:16.689225,0.000000,5.362976
3003.3652,2026-07-20T15:36:17.153421,0.000000,5.362816
3003.8230,2026-07-20T15:36:17.611228,0.000000,5.362608
3004.3225,2026-07-20T15:36:18.110689,0.000000,5.362260
3004.8218,2026-07-20T15:36:18.609975,0.000000,5.361872
3005.2984,2026-07-20T15:36:19.086593,0.000000,5.361488
3005.7924,2026-07-20T15:36:19.580551,0.000000,5.361036
3006.3087,2026-07-20T15:36:20.096908,0.000000,5.360668
3006.7900,2026-07-20T15:36:20.578216,0.000000,5.360172
3007.2857,2026-07-20T15:36:21.073919,0.000000,5.359768
3007.7878,2026-07-20T15:36:21.575995,0.000000,5.359400
3008.2507,2026-07-20T15:36:22.038860,0.000000,5.358900
3008.7495,2026-07-20T15:36:22.537719,0.000000,5.358616
3009.2550,2026-07-20T15:36:23.043234,0.000000,5.358252
3009.7301,2026-07-20T15:36:23.518270,0.000000,5.357820
3010.2155,2026-07-20T15:36:24.003701,0.000000,5.357328
3010.6874,2026-07-20T15:36:24.475648,0.000000,5.357044
3011.1863,2026-07-20T15:36:24.974474,0.000000,5.356724
3011.6736,2026-07-20T15:36:25.461777,0.000000,5.356316
3012.1454,2026-07-20T15:36:25.933603,0.000000,5.355852
3012.6528,2026-07-20T15:36:26.440987,0.000000,5.355476
3013.1487,2026-07-20T15:36:26.936860,0.000000,5.355008
3013.6122,2026-07-20T15:36:27.400361,0.000000,5.354432
3014.1133,2026-07-20T15:36:27.901529,0.000000,5.353900
3014.6032,2026-07-20T15:36:28.391437,0.000000,5.353456
3015.1109,2026-07-20T15:36:28.899132,0.000000,5.353084
3015.5783,2026-07-20T15:36:29.366544,0.000000,5.352672
3016.0619,2026-07-20T15:36:29.850124,0.000000,5.352348
3016.5343,2026-07-20T15:36:30.322513,0.000000,5.352112
3017.0362,2026-07-20T15:36:30.824401,0.000000,5.351912
3017.5281,2026-07-20T15:36:31.316323,0.000000,5.351604
3018.0390,2026-07-20T15:36:31.827155,0.000000,5.351256
3018.5348,2026-07-20T15:36:32.322959,0.000000,5.351060
3019.0247,2026-07-20T15:36:32.812938,0.000000,5.350776
3019.4954,2026-07-20T15:36:33.283591,0.000000,5.350520
3019.9830,2026-07-20T15:36:33.771187,0.000000,5.350144
3020.4818,2026-07-20T15:36:34.270024,0.000000,5.349880
3020.9814,2026-07-20T15:36:34.769658,0.000000,5.349492
3021.4387,2026-07-20T15:36:35.226858,0.000000,5.349168
3021.9361,2026-07-20T15:36:35.724272,0.000000,5.348948
3022.4240,2026-07-20T15:36:36.212151,0.000000,5.348732
3022.9115,2026-07-20T15:36:36.699735,0.000000,5.348696
3023.4016,2026-07-20T15:36:37.189798,0.000000,5.348368
3023.8737,2026-07-20T15:36:37.661858,0.000000,5.347928
3024.3719,2026-07-20T15:36:38.160124,0.000000,5.347636
3024.8653,2026-07-20T15:36:38.653479,0.000000,5.347368
3025.3563,2026-07-20T15:36:39.144498,0.000000,5.347020
3025.8557,2026-07-20T15:36:39.643892,0.000000,5.346688
3026.3575,2026-07-20T15:36:40.145689,0.000000,5.346304
3026.8412,2026-07-20T15:36:40.629439,0.000000,5.345760
3027.3319,2026-07-20T15:36:41.120077,0.000000,5.345248
3027.8236,2026-07-20T15:36:41.611799,0.000000,5.344712
3028.3191,2026-07-20T15:36:42.107312,0.000000,5.343976
3028.8218,2026-07-20T15:36:42.609967,0.000000,5.343540
3029.2883,2026-07-20T15:36:43.076551,0.000000,5.343152
3029.7696,2026-07-20T15:36:43.557764,0.000000,5.342680
3030.2706,2026-07-20T15:36:44.058845,0.000000,5.342332
3030.7379,2026-07-20T15:36:44.526063,0.000000,5.341756
3031.2276,2026-07-20T15:36:45.015839,0.000000,5.341392
3031.7017,2026-07-20T15:36:45.489925,0.000000,5.341112
3032.2013,2026-07-20T15:36:45.989488,0.000000,5.340716
3032.7021,2026-07-20T15:36:46.490331,0.000000,5.340408
3033.1848,2026-07-20T15:36:46.972957,0.000000,5.340060
3033.6820,2026-07-20T15:36:47.470224,0.000000,5.339636
3034.1804,2026-07-20T15:36:47.968642,0.000000,5.339148
3034.6595,2026-07-20T15:36:48.447734,0.000000,5.338644
3035.1615,2026-07-20T15:36:48.949675,0.000000,5.338128
3035.6965,2026-07-20T15:36:49.484662,0.000000,5.337784
3036.1744,2026-07-20T15:36:49.962601,0.000000,5.337492
3036.6739,2026-07-20T15:36:50.462133,0.000000,5.337144
3037.1634,2026-07-20T15:36:50.951626,0.000000,5.336848
3037.6346,2026-07-20T15:36:51.422774,0.000000,5.336544
3038.1303,2026-07-20T15:36:51.918474,0.000000,5.336396
3038.5884,2026-07-20T15:36:52.376580,0.000000,5.336100
3039.0775,2026-07-20T15:36:52.865640,0.000000,5.335952
3039.5737,2026-07-20T15:36:53.361874,0.000000,5.335760
3040.0382,2026-07-20T15:36:53.826381,0.000000,5.335544
3040.5386,2026-07-20T15:36:54.326793,0.000000,5.335412
3041.0567,2026-07-20T15:36:54.844878,0.000000,5.334928
3041.5325,2026-07-20T15:36:55.320672,0.000000,5.334648
3042.0200,2026-07-20T15:36:55.808246,0.000000,5.334416
3042.4880,2026-07-20T15:36:56.276231,0.000000,5.334064
3042.9803,2026-07-20T15:36:56.768469,0.000000,5.333740
3043.4772,2026-07-20T15:36:57.265425,0.000000,5.333404
3043.9642,2026-07-20T15:36:57.752426,0.000000,5.332996
3044.4596,2026-07-20T15:36:58.247765,0.000000,5.332532
3044.9667,2026-07-20T15:36:58.754902,0.000000,5.332204
3045.4677,2026-07-20T15:36:59.255887,0.000000,5.331804
3045.9714,2026-07-20T15:36:59.759577,0.000000,5.331544
3046.4719,2026-07-20T15:37:00.260134,0.000000,5.331156
3046.9426,2026-07-20T15:37:00.730821,0.000000,5.330796
3047.4263,2026-07-20T15:37:01.214500,0.000000,5.330568
3047.9271,2026-07-20T15:37:01.715304,0.000000,5.330260
3048.3826,2026-07-20T15:37:02.170795,0.000000,5.330024
3048.8826,2026-07-20T15:37:02.670792,0.000000,5.329768
3049.3461,2026-07-20T15:37:03.134284,0.000000,5.329616
3049.8415,2026-07-20T15:37:03.629667,0.000000,5.329496
3050.3321,2026-07-20T15:37:04.120312,0.000000,5.329356
3050.8340,2026-07-20T15:37:04.622180,0.000000,5.329072
3051.3342,2026-07-20T15:37:05.122418,0.000000,5.328884
3051.8341,2026-07-20T15:37:05.622288,0.000000,5.328636
3052.3246,2026-07-20T15:37:06.112770,0.000000,5.328224
3052.8208,2026-07-20T15:37:06.608968,0.000000,5.327844
3053.3226,2026-07-20T15:37:07.110784,0.000000,5.327488
3053.8007,2026-07-20T15:37:07.588859,0.000000,5.327128
3054.2989,2026-07-20T15:37:08.087066,0.000000,5.326800
3054.8113,2026-07-20T15:37:08.599498,0.000000,5.326348
3055.3112,2026-07-20T15:37:09.099434,0.000000,5.325740
3055.8070,2026-07-20T15:37:09.595213,0.000000,5.325396
3056.2766,2026-07-20T15:37:10.064836,0.000000,5.324964
3056.7862,2026-07-20T15:37:10.574364,0.000000,5.324608
3057.2752,2026-07-20T15:37:11.063397,0.000000,5.324236
3057.7399,2026-07-20T15:37:11.528118,0.000000,5.323724
3058.2424,2026-07-20T15:37:12.030613,0.000000,5.323228
3058.7420,2026-07-20T15:37:12.530201,0.000000,5.322732
3059.2275,2026-07-20T15:37:13.015715,0.000000,5.322204
3059.7174,2026-07-20T15:37:13.505609,0.000000,5.321592
3060.1980,2026-07-20T15:37:13.986194,0.000000,5.321120
3060.6947,2026-07-20T15:37:14.482938,0.000000,5.320608
3061.1928,2026-07-20T15:37:14.981047,0.000000,5.320100
3061.6523,2026-07-20T15:37:15.440462,0.000000,5.319504
3062.1509,2026-07-20T15:37:15.939110,0.000000,5.318932
3062.6512,2026-07-20T15:37:16.439409,0.000000,5.318480
3063.1294,2026-07-20T15:37:16.917624,0.000000,5.317928
3063.6556,2026-07-20T15:37:17.443811,0.000000,5.317472
3064.1431,2026-07-20T15:37:17.931262,0.000000,5.317104
3064.6285,2026-07-20T15:37:18.416680,0.000000,5.316640
3065.1245,2026-07-20T15:37:18.912693,0.000000,5.316200
3065.5914,2026-07-20T15:37:19.379573,0.000000,5.315700
3066.0905,2026-07-20T15:37:19.878707,0.000000,5.315176
3066.5752,2026-07-20T15:37:20.363356,0.000000,5.314716
3067.0390,2026-07-20T15:37:20.827202,0.000000,5.314392
3067.5323,2026-07-20T15:37:21.320529,0.000000,5.314104
3068.0368,2026-07-20T15:37:21.824990,0.000000,5.313644
3068.5448,2026-07-20T15:37:22.333040,0.000000,5.313208
3069.0532,2026-07-20T15:37:22.841410,0.000000,5.312824
3069.5513,2026-07-20T15:37:23.339542,0.000000,5.312260
3070.0353,2026-07-20T15:37:23.823455,0.000000,5.311884
3070.5339,2026-07-20T15:37:24.322048,0.000000,5.311460
3071.0246,2026-07-20T15:37:24.812765,0.000000,5.311052
3071.5196,2026-07-20T15:37:25.307759,0.000000,5.310628
3072.0031,2026-07-20T15:37:25.791307,0.000000,5.310136
3072.5342,2026-07-20T15:37:26.322383,0.000000,5.309672
3073.0275,2026-07-20T15:37:26.815706,0.000000,5.309176
3073.5280,2026-07-20T15:37:27.316211,0.000000,5.308812
3074.0153,2026-07-20T15:37:27.803487,0.000000,5.308396
3074.5112,2026-07-20T15:37:28.299443,0.000000,5.308012
3075.0034,2026-07-20T15:37:28.791625,0.000000,5.307644
3075.4777,2026-07-20T15:37:29.265951,0.000000,5.307384
3075.9699,2026-07-20T15:37:29.758120,0.000000,5.307168
3076.4487,2026-07-20T15:37:30.236901,0.000000,5.306916
3076.9391,2026-07-20T15:37:30.727263,0.000000,5.306660
3077.4267,2026-07-20T15:37:31.214865,0.000000,5.306516
3077.8907,2026-07-20T15:37:31.678936,0.000000,5.306364
3078.3893,2026-07-20T15:37:32.177489,0.000000,5.306180
3078.8735,2026-07-20T15:37:32.661659,0.000000,5.305984
3079.3301,2026-07-20T15:37:33.118273,0.000000,5.305748
3079.8235,2026-07-20T15:37:33.611723,0.000000,5.305564
3080.2881,2026-07-20T15:37:34.076333,0.000000,5.305156
3080.7827,2026-07-20T15:37:34.570907,0.000000,5.304844
3081.2569,2026-07-20T15:37:35.045137,0.000000,5.304452
3081.7604,2026-07-20T15:37:35.548621,0.000000,5.304160
3082.2471,2026-07-20T15:37:36.035258,0.000000,5.303824
3082.7470,2026-07-20T15:37:36.535251,0.000000,5.303428
3083.2327,2026-07-20T15:37:37.020868,0.000000,5.302848
3083.7570,2026-07-20T15:37:37.545175,0.000000,5.302500
3084.2558,2026-07-20T15:37:38.044038,0.000000,5.302152
3084.7295,2026-07-20T15:37:38.517672,0.000000,5.301780
3085.2344,2026-07-20T15:37:39.022562,0.000000,5.301348
3085.7281,2026-07-20T15:37:39.516351,0.000000,5.300996
3086.2129,2026-07-20T15:37:40.001100,0.000000,5.300508
3086.7165,2026-07-20T15:37:40.504697,0.000000,5.300040
3087.2303,2026-07-20T15:37:41.018453,0.000000,5.299516
3087.7280,2026-07-20T15:37:41.516228,0.000000,5.298964
3088.2306,2026-07-20T15:37:42.018841,0.000000,5.298512
3088.7211,2026-07-20T15:37:42.509272,0.000000,5.297880
3089.2070,2026-07-20T15:37:42.995226,0.000000,5.297224
3089.7112,2026-07-20T15:37:43.499422,0.000000,5.296640
3090.1865,2026-07-20T15:37:43.974670,0.000000,5.296140
3090.6873,2026-07-20T15:37:44.475458,0.000000,5.295640
3091.2112,2026-07-20T15:37:44.999416,0.000000,5.295184
3091.6879,2026-07-20T15:37:45.476100,0.000000,5.294852
3092.1822,2026-07-20T15:37:45.970429,0.000000,5.294492
3092.6872,2026-07-20T15:37:46.475409,0.000000,5.294204
3093.1906,2026-07-20T15:37:46.978824,0.000000,5.293924
3093.6853,2026-07-20T15:37:47.473538,0.000000,5.293728
3094.1957,2026-07-20T15:37:47.983907,0.000000,5.293352
3094.6872,2026-07-20T15:37:48.475369,0.000000,5.293052
3095.1929,2026-07-20T15:37:48.981092,0.000000,5.292792
3095.6832,2026-07-20T15:37:49.471356,0.000000,5.292304
3096.1427,2026-07-20T15:37:49.930890,0.000000,5.291964
3096.6006,2026-07-20T15:37:50.388816,0.000000,5.291564
3097.0695,2026-07-20T15:37:50.857724,0.000000,5.291272
3097.5721,2026-07-20T15:37:51.360336,0.000000,5.290848
3098.0710,2026-07-20T15:37:51.859187,0.000000,5.290528
3098.5369,2026-07-20T15:37:52.325138,0.000000,5.290072
3099.0282,2026-07-20T15:37:52.816374,0.000000,5.289780
3099.5021,2026-07-20T15:37:53.290255,0.000000,5.289496
3100.0075,2026-07-20T15:37:53.795747,0.000000,5.289156
3100.4956,2026-07-20T15:37:54.283848,0.000000,5.288876
3100.9763,2026-07-20T15:37:54.764460,0.000000,5.288428
3101.4803,2026-07-20T15:37:55.268480,0.000000,5.288008
3101.9862,2026-07-20T15:37:55.774408,0.000000,5.287472
3102.4846,2026-07-20T15:37:56.272852,0.000000,5.287036
3102.9758,2026-07-20T15:37:56.763970,0.000000,5.286432
3103.4698,2026-07-20T15:37:57.257971,0.000000,5.285856
3103.9659,2026-07-20T15:37:57.754137,0.000000,5.285128
3104.4643,2026-07-20T15:37:58.252506,0.000000,5.284648
3104.9884,2026-07-20T15:37:58.776645,0.000000,5.284180
3105.4612,2026-07-20T15:37:59.249437,0.000000,5.283856
3105.9329,2026-07-20T15:37:59.721046,0.000000,5.283672
3106.3865,2026-07-20T15:38:00.174662,0.000000,5.283288
3106.8829,2026-07-20T15:38:00.671086,0.000000,5.282744
3107.3828,2026-07-20T15:38:01.170995,0.000000,5.282280
3107.8459,2026-07-20T15:38:01.634136,0.000000,5.281820
3108.3421,2026-07-20T15:38:02.130329,0.000000,5.281336
3108.8343,2026-07-20T15:38:02.622491,0.000000,5.281092
3109.2881,2026-07-20T15:38:03.076328,0.000000,5.280444
3109.7831,2026-07-20T15:38:03.571258,0.000000,5.279804
3110.2560,2026-07-20T15:38:04.044233,0.000000,5.279208
3110.7557,2026-07-20T15:38:04.543864,0.000000,5.278408
3111.2754,2026-07-20T15:38:05.063597,0.000000,5.277720
3111.7292,2026-07-20T15:38:05.517428,0.000000,5.277312
3112.2394,2026-07-20T15:38:06.027595,0.000000,5.276984
3112.7180,2026-07-20T15:38:06.506210,0.000000,5.276668
3113.2136,2026-07-20T15:38:07.001751,0.000000,5.276456
3113.7112,2026-07-20T15:38:07.499436,0.000000,5.276076
3114.1680,2026-07-20T15:38:07.956159,0.000000,5.275704
3114.6365,2026-07-20T15:38:08.424745,0.000000,5.275512
3115.1383,2026-07-20T15:38:08.926486,0.000000,5.275172
3115.6287,2026-07-20T15:38:09.416948,0.000000,5.274820
3116.1285,2026-07-20T15:38:09.916659,0.000000,5.274556
3116.6539,2026-07-20T15:38:10.442093,0.000000,5.274360
3117.1328,2026-07-20T15:38:10.921014,0.000000,5.274028
3117.6305,2026-07-20T15:38:11.418727,0.000000,5.273708
3118.1194,2026-07-20T15:38:11.907613,0.000000,5.273452
3118.6192,2026-07-20T15:38:12.407392,0.000000,5.273296
3119.1193,2026-07-20T15:38:12.907529,0.000000,5.273140
3119.6203,2026-07-20T15:38:13.408462,0.000000,5.272940
3120.1114,2026-07-20T15:38:13.899605,0.000000,5.272760
3120.6213,2026-07-20T15:38:14.409480,0.000000,5.272664
3121.1146,2026-07-20T15:38:14.902764,0.000000,5.272540
3121.6094,2026-07-20T15:38:15.397556,0.000000,5.272432
3122.1075,2026-07-20T15:38:15.895692,0.000000,5.272312
3122.5819,2026-07-20T15:38:16.370064,0.000000,5.272140
3123.0625,2026-07-20T15:38:16.850745,0.000000,5.271852
3123.5438,2026-07-20T15:38:17.332034,0.000000,5.271588
3124.0291,2026-07-20T15:38:17.817301,0.000000,5.271276
3124.5322,2026-07-20T15:38:18.320379,0.000000,5.271040
3125.0430,2026-07-20T15:38:18.831160,0.000000,5.270852
3125.5276,2026-07-20T15:38:19.315820,0.000000,5.270608
3125.9895,2026-07-20T15:38:19.777672,0.000000,5.270400
3126.4583,2026-07-20T15:38:20.246491,0.000000,5.270040
3126.9486,2026-07-20T15:38:20.736801,0.000000,5.269716
3127.4511,2026-07-20T15:38:21.239264,0.000000,5.269340
3127.9279,2026-07-20T15:38:21.716137,0.000000,5.269124
3128.4037,2026-07-20T15:38:22.191924,0.000000,5.268908
3128.8733,2026-07-20T15:38:22.661537,0.000000,5.268608
3129.3514,2026-07-20T15:38:23.139607,0.000000,5.268240
3129.8365,2026-07-20T15:38:23.624723,0.000000,5.267832
3130.3213,2026-07-20T15:38:24.109491,0.000000,5.267516
3130.8158,2026-07-20T15:38:24.604044,0.000000,5.267136
3131.2882,2026-07-20T15:38:25.076358,0.000000,5.266868
3131.8009,2026-07-20T15:38:25.589112,0.000000,5.266636
3132.2978,2026-07-20T15:38:26.085955,0.000000,5.266272
3132.7682,2026-07-20T15:38:26.556394,0.000000,5.265904
3133.2613,2026-07-20T15:38:27.049481,0.000000,5.265644
3133.7615,2026-07-20T15:38:27.549680,0.000000,5.265328
3134.2287,2026-07-20T15:38:28.016957,0.000000,5.265144
3134.7156,2026-07-20T15:38:28.503800,0.000000,5.264856
3135.1879,2026-07-20T15:38:28.976048,0.000000,5.264468
3135.6852,2026-07-20T15:38:29.473416,0.000000,5.264080
3136.1820,2026-07-20T15:38:29.970246,0.000000,5.263572
3136.6789,2026-07-20T15:38:30.467117,0.000000,5.262860
3137.1822,2026-07-20T15:38:30.970418,0.000000,5.262352
3137.6801,2026-07-20T15:38:31.468318,0.000000,5.262036
3138.1578,2026-07-20T15:38:31.946017,0.000000,5.261532
3138.6353,2026-07-20T15:38:32.423464,0.000000,5.260980
3139.1371,2026-07-20T15:38:32.925284,0.000000,5.260480
3139.6154,2026-07-20T15:38:33.403600,0.000000,5.259784
3140.1073,2026-07-20T15:38:33.895537,0.000000,5.259056
3140.6094,2026-07-20T15:38:34.397549,0.000000,5.258516
3141.0965,2026-07-20T15:38:34.884716,0.000000,5.257868
3141.6197,2026-07-20T15:38:35.407892,0.000000,5.257380
3142.1241,2026-07-20T15:38:35.912304,0.000000,5.256748
3142.5999,2026-07-20T15:38:36.388055,0.000000,5.255928
3143.1011,2026-07-20T15:38:36.889271,0.000000,5.255176
3143.5744,2026-07-20T15:38:37.362602,0.000000,5.254532
3144.0717,2026-07-20T15:38:37.859899,0.000000,5.253892
3144.5523,2026-07-20T15:38:38.340499,0.000000,5.253536
3145.0533,2026-07-20T15:38:38.841497,0.000000,5.253308
3145.5498,2026-07-20T15:38:39.337963,0.000000,5.252884
3146.0389,2026-07-20T15:38:39.827081,0.000000,5.252572
3146.5555,2026-07-20T15:38:40.343693,0.000000,5.252176
3147.0355,2026-07-20T15:38:40.823746,0.000000,5.252032
3147.5372,2026-07-20T15:38:41.325393,0.000000,5.251936
3147.9923,2026-07-20T15:38:41.780537,0.000000,5.251864
3148.4644,2026-07-20T15:38:42.252613,0.000000,5.251752
3148.9657,2026-07-20T15:38:42.753880,0.000000,5.251488
3149.4336,2026-07-20T15:38:43.221841,0.000000,5.251104
3149.9087,2026-07-20T15:38:43.696939,0.000000,5.250932
3150.3760,2026-07-20T15:38:44.164184,0.000000,5.250712
3150.8682,2026-07-20T15:38:44.656369,0.000000,5.250516
3151.3550,2026-07-20T15:38:45.143193,0.000000,5.250244
3151.8338,2026-07-20T15:38:45.621995,0.000000,5.250000
3152.3208,2026-07-20T15:38:46.109046,0.000000,5.249652
3152.8384,2026-07-20T15:38:46.626593,0.000000,5.249308
3153.3316,2026-07-20T15:38:47.119775,0.000000,5.249004
3153.8197,2026-07-20T15:38:47.607941,0.000000,5.248848
3154.3202,2026-07-20T15:38:48.108364,0.000000,5.248696
3154.8114,2026-07-20T15:38:48.599572,0.000000,5.248432
3155.2659,2026-07-20T15:38:49.054060,0.000000,5.248240
3155.7372,2026-07-20T15:38:49.525380,0.000000,5.248012
3156.2279,2026-07-20T15:38:50.016089,0.000000,5.247824
3156.7025,2026-07-20T15:38:50.490742,0.000000,5.247560
3157.2043,2026-07-20T15:38:50.992550,0.000000,5.247160
3157.7099,2026-07-20T15:38:51.498064,0.000000,5.247012
3158.1929,2026-07-20T15:38:51.981127,0.000000,5.246736
3158.6701,2026-07-20T15:38:52.458356,0.000000,5.246340
3159.1694,2026-07-20T15:38:52.957557,0.000000,5.245936
3159.6530,2026-07-20T15:38:53.441225,0.000000,5.245728
3160.1482,2026-07-20T15:38:53.936371,0.000000,5.245284
3160.6451,2026-07-20T15:38:54.433346,0.000000,5.244836
3161.1331,2026-07-20T15:38:54.921312,0.000000,5.244616
3161.5996,2026-07-20T15:38:55.387766,0.000000,5.244368
3162.1012,2026-07-20T15:38:55.889450,0.000000,5.244344
3162.6237,2026-07-20T15:38:56.411919,0.000000,5.244032
3163.1322,2026-07-20T15:38:56.920404,0.000000,5.243620
3163.5884,2026-07-20T15:38:57.376578,0.000000,5.243312
3164.0926,2026-07-20T15:38:57.880825,0.000000,5.243164
3164.5971,2026-07-20T15:38:58.385301,0.000000,5.242620
3165.0739,2026-07-20T15:38:58.862056,0.000000,5.242320
3165.5738,2026-07-20T15:38:59.361952,0.000000,5.241968
3166.0616,2026-07-20T15:38:59.849776,0.000000,5.241452
3166.5321,2026-07-20T15:39:00.320314,0.000000,5.240836
3167.0242,2026-07-20T15:39:00.812395,0.000000,5.240224
3167.5238,2026-07-20T15:39:01.312026,0.000000,5.239860
3168.0212,2026-07-20T15:39:01.809432,0.000000,5.239404
3168.4984,2026-07-20T15:39:02.286608,0.000000,5.238856
3168.9879,2026-07-20T15:39:02.776107,0.000000,5.238164
3169.4823,2026-07-20T15:39:03.270460,0.000000,5.237748
3169.9834,2026-07-20T15:39:03.771634,0.000000,5.237304
3170.4562,2026-07-20T15:39:04.244400,0.000000,5.236968
3170.9458,2026-07-20T15:39:04.734043,0.000000,5.236508
3171.4368,2026-07-20T15:39:05.224985,0.000000,5.236144
3171.8978,2026-07-20T15:39:05.685998,0.000000,5.235680
3172.3909,2026-07-20T15:39:06.179057,0.000000,5.235080
3172.8987,2026-07-20T15:39:06.686921,0.000000,5.234620
3173.3986,2026-07-20T15:39:07.186793,0.000000,5.234256
3173.8946,2026-07-20T15:39:07.682835,0.000000,5.233860
3174.4015,2026-07-20T15:39:08.189699,0.000000,5.233508
3174.9019,2026-07-20T15:39:08.690049,0.000000,5.233144
3175.4005,2026-07-20T15:39:09.188736,0.000000,5.232720
3175.8864,2026-07-20T15:39:09.674597,0.000000,5.232424
3176.3863,2026-07-20T15:39:10.174541,0.000000,5.232072
3176.9041,2026-07-20T15:39:10.692320,0.000000,5.231800
3177.3878,2026-07-20T15:39:11.176027,0.000000,5.231620
3177.8863,2026-07-20T15:39:11.674542,0.000000,5.231332
3178.3617,2026-07-20T15:39:12.149894,0.000000,5.231012
3178.8380,2026-07-20T15:39:12.626180,0.000000,5.230756
3179.3349,2026-07-20T15:39:13.123112,0.000000,5.230468
3179.7928,2026-07-20T15:39:13.581000,0.000000,5.230116
3180.2533,2026-07-20T15:39:14.041468,0.000000,5.229864
3180.7320,2026-07-20T15:39:14.520184,0.000000,5.229620
3181.2137,2026-07-20T15:39:15.001888,0.000000,5.229340
3181.7204,2026-07-20T15:39:15.508629,0.000000,5.228932
3182.1964,2026-07-20T15:39:15.984647,0.000000,5.228752
3182.6699,2026-07-20T15:39:16.458113,0.000000,5.228548
3183.1635,2026-07-20T15:39:16.951654,0.000000,5.228268
3183.6558,2026-07-20T15:39:17.444010,0.000000,5.228028
3184.1527,2026-07-20T15:39:17.940929,0.000000,5.227660
3184.6427,2026-07-20T15:39:18.430875,0.000000,5.227384
3185.1318,2026-07-20T15:39:18.920028,0.000000,5.227228
3185.6343,2026-07-20T15:39:19.422510,0.000000,5.227056
3186.0940,2026-07-20T15:39:19.882170,0.000000,5.226812
3186.5822,2026-07-20T15:39:20.370363,0.000000,5.226796
3187.0943,2026-07-20T15:39:20.882530,0.000000,5.226528
3187.5858,2026-07-20T15:39:21.373996,0.000000,5.226144
3188.0695,2026-07-20T15:39:21.857711,0.000000,5.225916
3188.5734,2026-07-20T15:39:22.361610,0.000000,5.225716
3189.0493,2026-07-20T15:39:22.837501,0.000000,5.225532
3189.5434,2026-07-20T15:39:23.331603,0.000000,5.225192
3190.0447,2026-07-20T15:39:23.832925,0.000000,5.224672
3190.5292,2026-07-20T15:39:24.317407,0.000000,5.224340
3191.0178,2026-07-20T15:39:24.806021,0.000000,5.224036
3191.5135,2026-07-20T15:39:25.301692,0.000000,5.223576
3191.9946,2026-07-20T15:39:25.782795,0.000000,5.223100
3192.4732,2026-07-20T15:39:26.261444,0.000000,5.222756
3192.9495,2026-07-20T15:39:26.737726,0.000000,5.222376
3193.4546,2026-07-20T15:39:27.242832,0.000000,5.221980
3193.9353,2026-07-20T15:39:27.723546,0.000000,5.221716
3194.4295,2026-07-20T15:39:28.217698,0.000000,5.221284
3194.9055,2026-07-20T15:39:28.693675,0.000000,5.220988
3195.3836,2026-07-20T15:39:29.171765,0.000000,5.220676
3195.8753,2026-07-20T15:39:29.663524,0.000000,5.220340
3196.3615,2026-07-20T15:39:30.149690,0.000000,5.220004
3196.8346,2026-07-20T15:39:30.622776,0.000000,5.219628
3197.3297,2026-07-20T15:39:31.117863,0.000000,5.219276
3197.8302,2026-07-20T15:39:31.618382,0.000000,5.218860
3198.3323,2026-07-20T15:39:32.120457,0.000000,5.218380
3198.8343,2026-07-20T15:39:32.622501,0.000000,5.217864
3199.3321,2026-07-20T15:39:33.120311,0.000000,5.217500
3199.8262,2026-07-20T15:39:33.614420,0.000000,5.217228
3200.3203,2026-07-20T15:39:34.108542,0.000000,5.216988
3200.7886,2026-07-20T15:39:34.576782,0.000000,5.216532
3201.2932,2026-07-20T15:39:35.081443,0.000000,5.216164
3201.7923,2026-07-20T15:39:35.580470,0.000000,5.215892
3202.3057,2026-07-20T15:39:36.093935,0.000000,5.215596
3202.7938,2026-07-20T15:39:36.582013,0.000000,5.215276
3203.2956,2026-07-20T15:39:37.083767,0.000000,5.215160
3203.7972,2026-07-20T15:39:37.585397,0.000000,5.214904
3204.2942,2026-07-20T15:39:38.082408,0.000000,5.214660
3204.7839,2026-07-20T15:39:38.572087,0.000000,5.214400
3205.2463,2026-07-20T15:39:39.034484,0.000000,5.214064
3205.7336,2026-07-20T15:39:39.521794,0.000000,5.213884
3206.2282,2026-07-20T15:39:40.016349,0.000000,5.213808
3206.7320,2026-07-20T15:39:40.520220,0.000000,5.213692
3207.2239,2026-07-20T15:39:41.012075,0.000000,5.213580
3207.6909,2026-07-20T15:39:41.479070,0.000000,5.213540
3208.1780,2026-07-20T15:39:41.966227,0.000000,5.213244
3208.6465,2026-07-20T15:39:42.434715,0.000000,5.213128
3209.1342,2026-07-20T15:39:42.922383,0.000000,5.212940
3209.6259,2026-07-20T15:39:43.414148,0.000000,5.212828
3210.0917,2026-07-20T15:39:43.879903,0.000000,5.212800
3210.5812,2026-07-20T15:39:44.369412,0.000000,5.212732
3211.0856,2026-07-20T15:39:44.873807,0.000000,5.212396
3211.5497,2026-07-20T15:39:45.337920,0.000000,5.212000
3212.0183,2026-07-20T15:39:45.806457,0.000000,5.211828
3212.4941,2026-07-20T15:39:46.282267,0.000000,5.211732
3212.9627,2026-07-20T15:39:46.750941,0.000000,5.211732
3213.4515,2026-07-20T15:39:47.239689,0.000000,5.211584
3213.9646,2026-07-20T15:39:47.752835,0.000000,5.211536
3214.4294,2026-07-20T15:39:48.217559,0.000000,5.211476
3214.9076,2026-07-20T15:39:48.695753,0.000000,5.211440
3215.3990,2026-07-20T15:39:49.187209,0.000000,5.211320
3215.8806,2026-07-20T15:39:49.668800,0.000000,5.211328
3216.3534,2026-07-20T15:39:50.141608,0.000000,5.211380
3216.8354,2026-07-20T15:39:50.623647,0.000000,5.211428
3217.3306,2026-07-20T15:39:51.118770,0.000000,5.211284
3217.8217,2026-07-20T15:39:51.609896,0.000000,5.211108
3218.3198,2026-07-20T15:39:52.107981,0.000000,5.210972
3218.7932,2026-07-20T15:39:52.581356,0.000000,5.210876
3219.2847,2026-07-20T15:39:53.072883,0.000000,5.210824
3219.8044,2026-07-20T15:39:53.592622,0.000000,5.210708
3220.2843,2026-07-20T15:39:54.072519,0.000000,5.210576
3220.7768,2026-07-20T15:39:54.564965,0.000000,5.210416
3221.2770,2026-07-20T15:39:55.065168,0.000000,5.210296
3221.7306,2026-07-20T15:39:55.518777,0.000000,5.210180
3222.2032,2026-07-20T15:39:55.991410,0.000000,5.210136
3222.6917,2026-07-20T15:39:56.479881,0.000000,5.210016
3223.1992,2026-07-20T15:39:56.987412,0.000000,5.209944
3223.6828,2026-07-20T15:39:57.471041,0.000000,5.209820
3224.1560,2026-07-20T15:39:57.944245,0.000000,5.209716
3224.6453,2026-07-20T15:39:58.433462,0.000000,5.209672
3225.1540,2026-07-20T15:39:58.942213,0.000000,5.209664
3225.6303,2026-07-20T15:39:59.418473,0.000000,5.209600
3226.1073,2026-07-20T15:39:59.895541,0.000000,5.209552
3226.5807,2026-07-20T15:40:00.368895,0.000000,5.209540
3227.0441,2026-07-20T15:40:00.832332,0.000000,5.209552
3227.5364,2026-07-20T15:40:01.324601,0.000000,5.209504
3227.9874,2026-07-20T15:40:01.775620,0.000000,5.209400
3228.4739,2026-07-20T15:40:02.262095,0.000000,5.209328
3228.9296,2026-07-20T15:40:02.717757,0.000000,5.209288
3229.4310,2026-07-20T15:40:03.219185,0.000000,5.209212
3229.9254,2026-07-20T15:40:03.713640,0.000000,5.208980
3230.4306,2026-07-20T15:40:04.218786,0.000000,5.208824
3230.9251,2026-07-20T15:40:04.713267,0.000000,5.208520
3231.4167,2026-07-20T15:40:05.204898,0.000000,5.208248
3231.9092,2026-07-20T15:40:05.698129,0.000000,5.207984
3232.3949,2026-07-20T15:40:06.183153,0.000000,5.207852
3232.8824,2026-07-20T15:40:06.670583,0.000000,5.207672
3233.3822,2026-07-20T15:40:07.170437,0.000000,5.207464
3233.8711,2026-07-20T15:40:07.659343,0.000000,5.207264
3234.3399,2026-07-20T15:40:08.128101,0.000000,5.207128
3234.8381,2026-07-20T15:40:08.626309,0.000000,5.207088
3235.3390,2026-07-20T15:40:09.127233,0.000000,5.207020
3235.8293,2026-07-20T15:40:09.617459,0.000000,5.207176
3236.3271,2026-07-20T15:40:10.115339,0.000000,5.207184
3236.8565,2026-07-20T15:40:10.644746,0.000000,5.207184
3237.3323,2026-07-20T15:40:11.120529,0.000000,5.207080
3237.8325,2026-07-20T15:40:11.620698,0.000000,5.207016
3238.3248,2026-07-20T15:40:12.113038,0.000000,5.206872
3238.8280,2026-07-20T15:40:12.616190,0.000000,5.206832
3239.3224,2026-07-20T15:40:13.110573,0.000000,5.206772
3239.7910,2026-07-20T15:40:13.579215,0.000000,5.206692
3240.2853,2026-07-20T15:40:14.073465,0.000000,5.206444
3240.7497,2026-07-20T15:40:14.537915,0.000000,5.206188
3241.2303,2026-07-20T15:40:15.018535,0.000000,5.206184
3241.7247,2026-07-20T15:40:15.512908,0.000000,5.205920
3242.2313,2026-07-20T15:40:16.019468,0.000000,5.205760
3242.7211,2026-07-20T15:40:16.509306,0.000000,5.205532
3243.2199,2026-07-20T15:40:17.008078,0.000000,5.205256
3243.7210,2026-07-20T15:40:17.509206,0.000000,5.205036
3244.2150,2026-07-20T15:40:18.003230,0.000000,5.204892
3244.6992,2026-07-20T15:40:18.487364,0.000000,5.204484
3245.1722,2026-07-20T15:40:18.960367,0.000000,5.204264
3245.6785,2026-07-20T15:40:19.466747,0.000000,5.204172
3246.1975,2026-07-20T15:40:19.985733,0.000000,5.203844
3246.6462,2026-07-20T15:40:20.434425,0.000000,5.203944
3247.1434,2026-07-20T15:40:20.931579,0.000000,5.203928
3247.6268,2026-07-20T15:40:21.415026,0.000000,5.203788
3248.1182,2026-07-20T15:40:21.906390,0.000000,5.203772
3248.6148,2026-07-20T15:40:22.403045,0.000000,5.203704
3249.1160,2026-07-20T15:40:22.904220,0.000000,5.203768
3249.6157,2026-07-20T15:40:23.403891,0.000000,5.203872
3250.1014,2026-07-20T15:40:23.889642,0.000000,5.204040
3250.5725,2026-07-20T15:40:24.360738,0.000000,5.203996
3251.0612,2026-07-20T15:40:24.849451,0.000000,5.204008
3251.5806,2026-07-20T15:40:25.368818,0.000000,5.203700
3252.0825,2026-07-20T15:40:25.870719,0.000000,5.203672
3252.5817,2026-07-20T15:40:26.369932,0.000000,5.203712
3253.0830,2026-07-20T15:40:26.871240,0.000000,5.203712
3253.5522,2026-07-20T15:40:27.340404,0.000000,5.203684
3254.0631,2026-07-20T15:40:27.851315,0.000000,5.203588
3254.5475,2026-07-20T15:40:28.335673,0.000000,5.203576
3255.0443,2026-07-20T15:40:28.832525,0.000000,5.203432
3255.5367,2026-07-20T15:40:29.324898,0.000000,5.203376
3256.0266,2026-07-20T15:40:29.814827,0.000000,5.203276
3256.5189,2026-07-20T15:40:30.307116,0.000000,5.203324
3257.0231,2026-07-20T15:40:30.811262,0.000000,5.203144
3257.5115,2026-07-20T15:40:31.299714,0.000000,5.203108
3258.0017,2026-07-20T15:40:31.789873,0.000000,5.203128
3258.4911,2026-07-20T15:40:32.279261,0.000000,5.203124
3258.9559,2026-07-20T15:40:32.744071,0.000000,5.202920
3259.4465,2026-07-20T15:40:33.234711,0.000000,5.202844
3259.9386,2026-07-20T15:40:33.726801,0.000000,5.202752
3260.4366,2026-07-20T15:40:34.224771,0.000000,5.202584
3260.9318,2026-07-20T15:40:34.720030,0.000000,5.202500
3261.4348,2026-07-20T15:40:35.222984,0.000000,5.202528
3261.9270,2026-07-20T15:40:35.715168,0.000000,5.202588
3262.4243,2026-07-20T15:40:36.212485,0.000000,5.202492
3262.8713,2026-07-20T15:40:36.659511,0.000000,5.202340
3263.3492,2026-07-20T15:40:37.137421,0.000000,5.202348
3263.8215,2026-07-20T15:40:37.609709,0.000000,5.202412
3264.3273,2026-07-20T15:40:38.115535,0.000000,5.202300
3264.7921,2026-07-20T15:40:38.580309,0.000000,5.202280
3265.2435,2026-07-20T15:40:39.031682,0.000000,5.202328
3265.7115,2026-07-20T15:40:39.499714,0.000000,5.202456
3266.2082,2026-07-20T15:40:39.996404,0.000000,5.202460
3266.7063,2026-07-20T15:40:40.494497,0.000000,5.202404
3267.2139,2026-07-20T15:40:41.002152,0.000000,5.202664
3267.6939,2026-07-20T15:40:41.482089,0.000000,5.202868
3268.1869,2026-07-20T15:40:41.975101,0.000000,5.203008
3268.6831,2026-07-20T15:40:42.471310,0.000000,5.203172
3269.1546,2026-07-20T15:40:42.942787,0.000000,5.203456
3269.6539,2026-07-20T15:40:43.442121,0.000000,5.203636
3270.1450,2026-07-20T15:40:43.933154,0.000000,5.203804
3270.6345,2026-07-20T15:40:44.422671,0.000000,5.203860
3271.1139,2026-07-20T15:40:44.902113,0.000000,5.203940
3271.6066,2026-07-20T15:40:45.394823,0.000000,5.204032
3272.1145,2026-07-20T15:40:45.902745,0.000000,5.204004
3272.6057,2026-07-20T15:40:46.393887,0.000000,5.204168
3273.0948,2026-07-20T15:40:46.882952,0.000000,5.204160
3273.5858,2026-07-20T15:40:47.373986,0.000000,5.203940
3274.0558,2026-07-20T15:40:47.844036,0.000000,5.203952
3274.5404,2026-07-20T15:40:48.328602,0.000000,5.204020
3275.0577,2026-07-20T15:40:48.845901,0.000000,5.203900
3275.5407,2026-07-20T15:40:49.328941,0.000000,5.203860
3276.0271,2026-07-20T15:40:49.815307,0.000000,5.203964
3276.5262,2026-07-20T15:40:50.314404,0.000000,5.203976
3277.0070,2026-07-20T15:40:50.795182,0.000000,5.203880
3277.4901,2026-07-20T15:40:51.278334,0.000000,5.203640
3277.9759,2026-07-20T15:40:51.764090,0.000000,5.203744
3278.4343,2026-07-20T15:40:52.222475,0.000000,5.203848
3278.9174,2026-07-20T15:40:52.705564,0.000000,5.203972
3279.3884,2026-07-20T15:40:53.176579,0.000000,5.204100
3279.8695,2026-07-20T15:40:53.657731,0.000000,5.204312
3280.3640,2026-07-20T15:40:54.152235,0.000000,5.204440
3280.8307,2026-07-20T15:40:54.618928,0.000000,5.204640
3281.3378,2026-07-20T15:40:55.125963,0.000000,5.204764
3281.8276,2026-07-20T15:40:55.615838,0.000000,5.204976
3282.3029,2026-07-20T15:40:56.091118,0.000000,5.204992
3282.7937,2026-07-20T15:40:56.581892,0.000000,5.205028
3283.2773,2026-07-20T15:40:57.065481,0.000000,5.204972
3283.7644,2026-07-20T15:40:57.552571,0.000000,5.204896
3284.2616,2026-07-20T15:40:58.049830,0.000000,5.204764
3284.7577,2026-07-20T15:40:58.545906,0.000000,5.204584
3285.2599,2026-07-20T15:40:59.048087,0.000000,5.204448
3285.7359,2026-07-20T15:40:59.524138,0.000000,5.204172
3286.2260,2026-07-20T15:41:00.014179,0.000000,5.203844
3286.7515,2026-07-20T15:41:00.539716,0.000000,5.203704
3287.2517,2026-07-20T15:41:01.039888,0.000000,5.203672
3287.7291,2026-07-20T15:41:01.517340,0.000000,5.203644
3288.2121,2026-07-20T15:41:02.000297,0.000000,5.203516
3288.6672,2026-07-20T15:41:02.455368,0.000000,5.203592
3289.1428,2026-07-20T15:41:02.931000,0.000000,5.203676
3289.6463,2026-07-20T15:41:03.434447,0.000000,5.203828
3290.1280,2026-07-20T15:41:03.916166,0.000000,5.203956
3290.6249,2026-07-20T15:41:04.413080,0.000000,5.204232
3291.0929,2026-07-20T15:41:04.881120,0.000000,5.204400
3291.5864,2026-07-20T15:41:05.374576,0.000000,5.204608
3292.1120,2026-07-20T15:41:05.900186,0.000000,5.204796
3292.5829,2026-07-20T15:41:06.371123,0.000000,5.204908
3293.0559,2026-07-20T15:41:06.844097,0.000000,5.205020
3293.5491,2026-07-20T15:41:07.337282,0.000000,5.205172
3294.0523,2026-07-20T15:41:07.840506,0.000000,5.205224
3294.5313,2026-07-20T15:41:08.319487,0.000000,5.205056
3295.0160,2026-07-20T15:41:08.804235,0.000000,5.204988
3295.5120,2026-07-20T15:41:09.300245,0.000000,5.204920
3296.0074,2026-07-20T15:41:09.795612,0.000000,5.205016
3296.4726,2026-07-20T15:41:10.260802,0.000000,5.204968
3296.9737,2026-07-20T15:41:10.761911,0.000000,5.205052
3297.4825,2026-07-20T15:41:11.270670,0.000000,5.205288
3297.9528,2026-07-20T15:41:11.741022,0.000000,5.205392
3298.4559,2026-07-20T15:41:12.244108,0.000000,5.205576
3298.9599,2026-07-20T15:41:12.748144,0.000000,5.205552
3299.4403,2026-07-20T15:41:13.228500,0.000000,5.205752
3299.9293,2026-07-20T15:41:13.717537,0.000000,5.206244
3300.4325,2026-07-20T15:41:14.220728,0.000000,5.206488
3300.9297,2026-07-20T15:41:14.717899,0.000000,5.206612
3301.4502,2026-07-20T15:41:15.238408,0.000000,5.206840
3301.9327,2026-07-20T15:41:15.720886,0.000000,5.206916
3302.4314,2026-07-20T15:41:16.219620,0.000000,5.206880
3302.9350,2026-07-20T15:41:16.723250,0.000000,5.206908
3303.4355,2026-07-20T15:41:17.223746,0.000000,5.207044
3303.9322,2026-07-20T15:41:17.720369,0.000000,5.207156
3304.4263,2026-07-20T15:41:18.214479,0.000000,5.207212
3304.9243,2026-07-20T15:41:18.712493,0.000000,5.207108
3305.4317,2026-07-20T15:41:19.219913,0.000000,5.206980
3305.9282,2026-07-20T15:41:19.716432,0.000000,5.206804
3306.3889,2026-07-20T15:41:20.177119,0.000000,5.206672
3306.8656,2026-07-20T15:41:20.653851,0.000000,5.206776
3307.3658,2026-07-20T15:41:21.154011,0.000000,5.206832
3307.8275,2026-07-20T15:41:21.615695,0.000000,5.207040
3308.3204,2026-07-20T15:41:22.108595,0.000000,5.207056
3308.7807,2026-07-20T15:41:22.568903,0.000000,5.207032
3309.2774,2026-07-20T15:41:23.065557,0.000000,5.207088
3309.7678,2026-07-20T15:41:23.556033,0.000000,5.207096
3310.2444,2026-07-20T15:41:24.032570,0.000000,5.207224
3310.7361,2026-07-20T15:41:24.524263,0.000000,5.207472
3311.2349,2026-07-20T15:41:25.023069,0.000000,5.207660
3311.7388,2026-07-20T15:41:25.527031,0.000000,5.207676
3312.2409,2026-07-20T15:41:26.029061,0.000000,5.207744
3312.7323,2026-07-20T15:41:26.520511,0.000000,5.207764
3313.2161,2026-07-20T15:41:27.004309,0.000000,5.207800
3313.7156,2026-07-20T15:41:27.503852,0.000000,5.207796
3314.1967,2026-07-20T15:41:27.984912,0.000000,5.207900
3314.6896,2026-07-20T15:41:28.477755,0.000000,5.207908
3315.1866,2026-07-20T15:41:28.974809,0.000000,5.207988
3315.6899,2026-07-20T15:41:29.478122,0.000000,5.207904
3316.1889,2026-07-20T15:41:29.977072,0.000000,5.208020
3316.6703,2026-07-20T15:41:30.458492,0.000000,5.208020
3317.1490,2026-07-20T15:41:30.937162,0.000000,5.208036
3317.6533,2026-07-20T15:41:31.441460,0.000000,5.208152
3318.1332,2026-07-20T15:41:31.921365,0.000000,5.208240
3318.6305,2026-07-20T15:41:32.418681,0.000000,5.208452
3319.1267,2026-07-20T15:41:32.914894,0.000000,5.208524
3319.5948,2026-07-20T15:41:33.382986,0.000000,5.208760
3320.0824,2026-07-20T15:41:33.870605,0.000000,5.208924
3320.6084,2026-07-20T15:41:34.396635,0.000000,5.208988
3321.0686,2026-07-20T15:41:34.856784,0.000000,5.209080
3321.5449,2026-07-20T15:41:35.333072,0.000000,5.209252
3322.0189,2026-07-20T15:41:35.807123,0.000000,5.209232
3322.5164,2026-07-20T15:41:36.304650,0.000000,5.209228
3322.9993,2026-07-20T15:41:36.787505,0.000000,5.209308
3323.4516,2026-07-20T15:41:37.239796,0.000000,5.209336
3323.9451,2026-07-20T15:41:37.733296,0.000000,5.209348
3324.4443,2026-07-20T15:41:38.232522,0.000000,5.209364
3324.9342,2026-07-20T15:41:38.722414,0.000000,5.209340
3325.4336,2026-07-20T15:41:39.221808,0.000000,5.209356
3325.9584,2026-07-20T15:41:39.746633,0.000000,5.209428
3326.4348,2026-07-20T15:41:40.223035,0.000000,5.209460
3326.9346,2026-07-20T15:41:40.722835,0.000000,5.209644
3327.4411,2026-07-20T15:41:41.229300,0.000000,5.209808
3327.9323,2026-07-20T15:41:41.720463,0.000000,5.209888
3328.4286,2026-07-20T15:41:42.216798,0.000000,5.209920
3328.8970,2026-07-20T15:41:42.685226,0.000000,5.209944
3329.3930,2026-07-20T15:41:43.181146,0.000000,5.210016
3329.8856,2026-07-20T15:41:43.673856,0.000000,5.209856
3330.3839,2026-07-20T15:41:44.172144,0.000000,5.209796
3330.8910,2026-07-20T15:41:44.679232,0.000000,5.209848
3331.3971,2026-07-20T15:41:45.185254,0.000000,5.209776
3331.8717,2026-07-20T15:41:45.659946,0.000000,5.209820
3332.3675,2026-07-20T15:41:46.155733,0.000000,5.209832
3332.8768,2026-07-20T15:41:46.665053,0.000000,5.209812
3333.3390,2026-07-20T15:41:47.127252,0.000000,5.209984
3333.8410,2026-07-20T15:41:47.629175,0.000000,5.210072
3334.3409,2026-07-20T15:41:48.129090,0.000000,5.210124
3334.8430,2026-07-20T15:41:48.631169,0.000000,5.210228
3335.3311,2026-07-20T15:41:49.119308,0.000000,5.210328
3335.8308,2026-07-20T15:41:49.618958,0.000000,5.210456
3336.3282,2026-07-20T15:41:50.116423,0.000000,5.210508
3336.8329,2026-07-20T15:41:50.621053,0.000000,5.210652
3337.3177,2026-07-20T15:41:51.105942,0.000000,5.210740
3337.8091,2026-07-20T15:41:51.597317,0.000000,5.210876
3338.3060,2026-07-20T15:41:52.094173,0.000000,5.210908
3338.7972,2026-07-20T15:41:52.585418,0.000000,5.210968
3339.2961,2026-07-20T15:41:53.084339,0.000000,5.211112
3339.7957,2026-07-20T15:41:53.583859,0.000000,5.211356
3340.2575,2026-07-20T15:41:54.045739,0.000000,5.211548
3340.7586,2026-07-20T15:41:54.546817,0.000000,5.211712
3341.2379,2026-07-20T15:41:55.026057,0.000000,5.211812
3341.7317,2026-07-20T15:41:55.519894,0.000000,5.211748
3342.2019,2026-07-20T15:41:55.990051,0.000000,5.211748
3342.6825,2026-07-20T15:41:56.470673,0.000000,5.211736
3343.1677,2026-07-20T15:41:56.955912,0.000000,5.211764
3343.6645,2026-07-20T15:41:57.452658,0.000000,5.211744
3344.1574,2026-07-20T15:41:57.945588,0.000000,5.211844
3344.6662,2026-07-20T15:41:58.454381,0.000000,5.211800
3345.1629,2026-07-20T15:41:58.951076,0.000000,5.211792
3345.6402,2026-07-20T15:41:59.428389,0.000000,5.211728
3346.1072,2026-07-20T15:41:59.895366,0.000000,5.211788
3346.5768,2026-07-20T15:42:00.365030,0.000000,5.211920
3347.0690,2026-07-20T15:42:00.857211,0.000000,5.211944
3347.5618,2026-07-20T15:42:01.349982,0.000000,5.211988
3348.0427,2026-07-20T15:42:01.830853,0.000000,5.212080
3348.5441,2026-07-20T15:42:02.332349,0.000000,5.212084
3349.0450,2026-07-20T15:42:02.833172,0.000000,5.212080
3349.5441,2026-07-20T15:42:03.332342,0.000000,5.212168
3350.0570,2026-07-20T15:42:03.845170,0.000000,5.212208
3350.5550,2026-07-20T15:42:04.343230,0.000000,5.212256
3351.0428,2026-07-20T15:42:04.831036,0.000000,5.212184
3351.5159,2026-07-20T15:42:05.304085,0.000000,5.212200
3352.0238,2026-07-20T15:42:05.812022,0.000000,5.212252
3352.5250,2026-07-20T15:42:06.313226,0.000000,5.212344
3353.0200,2026-07-20T15:42:06.808203,0.000000,5.212384
3353.5330,2026-07-20T15:42:07.321192,0.000000,5.212428
3354.0282,2026-07-20T15:42:07.816409,0.000000,5.212536
3354.5202,2026-07-20T15:42:08.308398,0.000000,5.212452
3354.9948,2026-07-20T15:42:08.783024,0.000000,5.212416
3355.4784,2026-07-20T15:42:09.266574,0.000000,5.212520
3355.9853,2026-07-20T15:42:09.773467,0.000000,5.212704
3356.4560,2026-07-20T15:42:10.244203,0.000000,5.212836
3356.9414,2026-07-20T15:42:10.729586,0.000000,5.212904
3357.4185,2026-07-20T15:42:11.206737,0.000000,5.212920
3357.9002,2026-07-20T15:42:11.688430,0.000000,5.213064
3358.3808,2026-07-20T15:42:12.169015,0.000000,5.213308
3358.8350,2026-07-20T15:42:12.623190,0.000000,5.213404
3359.3369,2026-07-20T15:42:13.125064,0.000000,5.213500
3359.8034,2026-07-20T15:42:13.591569,0.000000,5.213620
3360.2942,2026-07-20T15:42:14.082401,0.000000,5.213660
3360.7972,2026-07-20T15:42:14.585370,0.000000,5.213724
3361.2757,2026-07-20T15:42:15.063926,0.000000,5.213720
3361.7662,2026-07-20T15:42:15.554399,0.000000,5.213864
3362.2582,2026-07-20T15:42:16.046394,0.000000,5.213956
3362.7436,2026-07-20T15:42:16.531824,0.000000,5.213968
3363.2420,2026-07-20T15:42:17.030238,0.000000,5.213988
3363.7398,2026-07-20T15:42:17.528005,0.000000,5.213916
3364.2270,2026-07-20T15:42:18.015190,0.000000,5.213880
3364.7013,2026-07-20T15:42:18.489493,0.000000,5.213972
3365.2002,2026-07-20T15:42:18.988417,0.000000,5.214020
3365.6950,2026-07-20T15:42:19.483232,0.000000,5.214028
3366.1811,2026-07-20T15:42:19.969267,0.000000,5.214160
3366.6425,2026-07-20T15:42:20.430704,0.000000,5.214164
3367.1307,2026-07-20T15:42:20.918870,0.000000,5.214212
3367.5960,2026-07-20T15:42:21.384179,0.000000,5.214344
3368.0826,2026-07-20T15:42:21.870795,0.000000,5.214352
3368.5761,2026-07-20T15:42:22.364333,0.000000,5.214340
3369.0450,2026-07-20T15:42:22.833197,0.000000,5.214404
3369.5560,2026-07-20T15:42:23.344207,0.000000,5.214500
3370.0522,2026-07-20T15:42:23.840388,0.000000,5.214536
3370.5531,2026-07-20T15:42:24.341266,0.000000,5.214620
3371.0521,2026-07-20T15:42:24.840310,0.000000,5.214788
3371.5519,2026-07-20T15:42:25.340072,0.000000,5.214908
3372.0431,2026-07-20T15:42:25.831337,0.000000,5.215004
3372.5398,2026-07-20T15:42:26.327990,0.000000,5.215268
3373.0334,2026-07-20T15:42:26.821581,0.000000,5.215564
3373.5357,2026-07-20T15:42:27.323874,0.000000,5.215828
3374.0245,2026-07-20T15:42:27.812668,0.000000,5.216232
3374.5244,2026-07-20T15:42:28.312571,0.000000,5.216548
3375.0205,2026-07-20T15:42:28.808704,0.000000,5.216796
3375.5053,2026-07-20T15:42:29.293449,0.000000,5.217068
3375.9975,2026-07-20T15:42:29.785658,0.000000,5.217304
3376.4706,2026-07-20T15:42:30.258763,0.000000,5.217444
3376.9649,2026-07-20T15:42:30.753089,0.000000,5.217572
3377.4436,2026-07-20T15:42:31.231833,0.000000,5.217684
3377.9344,2026-07-20T15:42:31.722630,0.000000,5.217780
3378.4436,2026-07-20T15:42:32.231767,0.000000,5.217876
3378.9358,2026-07-20T15:42:32.723992,0.000000,5.217880
3379.4347,2026-07-20T15:42:33.222882,0.000000,5.217984
3379.9291,2026-07-20T15:42:33.717269,0.000000,5.218168
3380.3945,2026-07-20T15:42:34.182708,0.000000,5.218120
3380.8994,2026-07-20T15:42:34.687580,0.000000,5.218308
3381.3953,2026-07-20T15:42:35.183472,0.000000,5.218472
3381.8902,2026-07-20T15:42:35.678425,0.000000,5.218612
3382.4002,2026-07-20T15:42:36.188405,0.000000,5.218564
3382.8912,2026-07-20T15:42:36.679383,0.000000,5.218616
3383.3532,2026-07-20T15:42:37.141395,0.000000,5.218864
3383.8575,2026-07-20T15:42:37.645706,0.000000,5.219308
3384.3490,2026-07-20T15:42:38.137229,0.000000,5.219528
3384.8339,2026-07-20T15:42:38.622060,0.000000,5.219528
3385.3270,2026-07-20T15:42:39.115192,0.000000,5.219600
3385.8305,2026-07-20T15:42:39.618721,0.000000,5.219672
3386.3198,2026-07-20T15:42:40.108021,0.000000,5.219796
3386.8356,2026-07-20T15:42:40.623835,0.000000,5.219988
3387.3329,2026-07-20T15:42:41.121082,0.000000,5.220228
3387.8250,2026-07-20T15:42:41.613158,0.000000,5.220568
3388.2986,2026-07-20T15:42:42.086780,0.000000,5.220728
3388.7743,2026-07-20T15:42:42.562483,0.000000,5.220768
3389.2576,2026-07-20T15:42:43.045758,0.000000,5.220860
3389.7575,2026-07-20T15:42:43.545667,0.000000,5.221212
3390.2386,2026-07-20T15:42:44.026801,0.000000,5.221532
3390.7328,2026-07-20T15:42:44.521030,0.000000,5.221832
3391.2022,2026-07-20T15:42:44.990448,0.000000,5.221996
3391.6978,2026-07-20T15:42:45.486043,0.000000,5.222096
3392.2057,2026-07-20T15:42:45.993916,0.000000,5.222260
3392.6893,2026-07-20T15:42:46.477553,0.000000,5.222540
3393.1828,2026-07-20T15:42:46.971033,0.000000,5.222584
3393.6811,2026-07-20T15:42:47.469307,0.000000,5.222648
3394.1551,2026-07-20T15:42:47.943260,0.000000,5.222784
3394.6152,2026-07-20T15:42:48.403358,0.000000,5.222808
3395.1119,2026-07-20T15:42:48.900100,0.000000,5.222896
3395.6123,2026-07-20T15:42:49.400512,0.000000,5.222972
3396.1142,2026-07-20T15:42:49.902429,0.000000,5.223204
3396.6104,2026-07-20T15:42:50.398636,0.000000,5.223416
3397.1163,2026-07-20T15:42:50.904472,0.000000,5.223656
3397.5936,2026-07-20T15:42:51.381771,0.000000,5.223704
3398.0923,2026-07-20T15:42:51.880498,0.000000,5.223972
3398.5744,2026-07-20T15:42:52.362607,0.000000,5.224124
3399.0679,2026-07-20T15:42:52.856052,0.000000,5.224100
3399.5436,2026-07-20T15:42:53.331771,0.000000,5.224168
3400.0284,2026-07-20T15:42:53.816565,0.000000,5.224156
3400.5241,2026-07-20T15:42:54.312314,0.000000,5.224272
3401.0286,2026-07-20T15:42:54.816841,0.000000,5.224224
3401.5482,2026-07-20T15:42:55.336401,0.000000,5.224328
3402.0455,2026-07-20T15:42:55.833667,0.000000,5.224396
3402.5155,2026-07-20T15:42:56.303721,0.000000,5.224444
3403.0204,2026-07-20T15:42:56.808621,0.000000,5.224404
3403.5156,2026-07-20T15:42:57.303833,0.000000,5.224516
3404.0109,2026-07-20T15:42:57.799116,0.000000,5.224768
3404.5010,2026-07-20T15:42:58.289158,0.000000,5.225020
3404.9937,2026-07-20T15:42:58.781880,0.000000,5.225212
3405.5121,2026-07-20T15:42:59.300283,0.000000,5.225436
3406.0000,2026-07-20T15:42:59.788217,0.000000,5.225488
3406.5005,2026-07-20T15:43:00.288663,0.000000,5.225476
3406.9614,2026-07-20T15:43:00.749570,0.000000,5.225436
3407.4639,2026-07-20T15:43:01.252107,0.000000,5.225440
3407.9368,2026-07-20T15:43:01.725028,0.000000,5.225600
3408.4224,2026-07-20T15:43:02.210651,0.000000,5.225660
3408.9098,2026-07-20T15:43:02.697998,0.000000,5.225668
3409.3934,2026-07-20T15:43:03.181605,0.000000,5.225660
3409.8826,2026-07-20T15:43:03.670775,0.000000,5.225788
3410.3970,2026-07-20T15:43:04.185179,0.000000,5.225940
3410.8733,2026-07-20T15:43:04.661444,0.000000,5.226268
3411.3586,2026-07-20T15:43:05.146788,0.000000,5.226568
3411.8403,2026-07-20T15:43:05.628471,0.000000,5.226972
3412.3330,2026-07-20T15:43:06.121238,0.000000,5.227220
3412.8249,2026-07-20T15:43:06.613070,0.000000,5.227388
3413.3234,2026-07-20T15:43:07.111607,0.000000,5.227556
3413.8228,2026-07-20T15:43:07.611035,0.000000,5.227772
3414.3287,2026-07-20T15:43:08.116950,0.000000,5.228008
3414.8571,2026-07-20T15:43:08.645282,0.000000,5.228140
3415.3349,2026-07-20T15:43:09.123069,0.000000,5.228312
3415.8411,2026-07-20T15:43:09.629253,0.000000,5.228356
3416.3393,2026-07-20T15:43:10.127488,0.000000,5.228508
3416.8308,2026-07-20T15:43:10.619046,0.000000,5.228620
3417.3329,2026-07-20T15:43:11.121110,0.000000,5.228684
3417.8285,2026-07-20T15:43:11.616752,0.000000,5.228620
3418.3299,2026-07-20T15:43:12.118102,0.000000,5.228704
3418.8259,2026-07-20T15:43:12.614111,0.000000,5.228928
3419.2891,2026-07-20T15:43:13.077294,0.000000,5.228972
3419.7686,2026-07-20T15:43:13.556815,0.000000,5.229088
3420.2493,2026-07-20T15:43:14.037447,0.000000,5.229092
3420.7293,2026-07-20T15:43:14.517520,0.000000,5.229320
3421.2162,2026-07-20T15:43:15.004446,0.000000,5.229344
3421.6749,2026-07-20T15:43:15.463136,0.000000,5.229524
3422.1736,2026-07-20T15:43:15.961793,0.000000,5.229656
3422.6732,2026-07-20T15:43:16.461365,0.000000,5.230028
3423.1405,2026-07-20T15:43:16.928690,0.000000,5.230228
3423.6355,2026-07-20T15:43:17.423734,0.000000,5.230344
3424.1745,2026-07-20T15:43:17.962752,0.000000,5.230432
3424.6431,2026-07-20T15:43:18.431304,0.000000,5.230520
3425.1395,2026-07-20T15:43:18.927666,0.000000,5.230484
3425.6410,2026-07-20T15:43:19.429167,0.000000,5.230416
3426.1280,2026-07-20T15:43:19.916210,0.000000,5.230500
3426.6185,2026-07-20T15:43:20.406710,0.000000,5.230508
3427.0914,2026-07-20T15:43:20.879581,0.000000,5.230524
3427.5720,2026-07-20T15:43:21.360230,0.000000,5.230680
3428.0661,2026-07-20T15:43:21.854318,0.000000,5.230824
3428.5401,2026-07-20T15:43:22.328302,0.000000,5.230984
3429.0326,2026-07-20T15:43:22.820843,0.000000,5.231216
3429.5415,2026-07-20T15:43:23.329668,0.000000,5.231476
3430.0283,2026-07-20T15:43:23.816479,0.000000,5.231880
3430.5244,2026-07-20T15:43:24.312626,0.000000,5.232116
3431.0025,2026-07-20T15:43:24.790734,0.000000,5.232412
3431.4948,2026-07-20T15:43:25.283039,0.000000,5.232636
3432.0012,2026-07-20T15:43:25.789379,0.000000,5.232808
3432.4736,2026-07-20T15:43:26.261809,0.000000,5.232800
3432.9622,2026-07-20T15:43:26.750401,0.000000,5.232788
3433.4628,2026-07-20T15:43:27.250985,0.000000,5.232828
3433.9863,2026-07-20T15:43:27.774497,0.000000,5.232796
3434.4664,2026-07-20T15:43:28.254624,0.000000,5.232756
3434.9567,2026-07-20T15:43:28.744927,0.000000,5.232752
3435.4355,2026-07-20T15:43:29.223687,0.000000,5.232732
3435.9427,2026-07-20T15:43:29.730895,0.000000,5.232788
3436.4037,2026-07-20T15:43:30.191858,0.000000,5.232764
3436.9102,2026-07-20T15:43:30.698371,0.000000,5.232808
3437.3953,2026-07-20T15:43:31.183531,0.000000,5.232948
3437.8517,2026-07-20T15:43:31.639932,0.000000,5.233180
3438.3439,2026-07-20T15:43:32.132105,0.000000,5.233244
3438.8370,2026-07-20T15:43:32.625199,0.000000,5.233348
3439.3460,2026-07-20T15:43:33.134171,0.000000,5.233580
3439.8372,2026-07-20T15:43:33.625355,0.000000,5.233820
3440.3116,2026-07-20T15:43:34.099795,0.000000,5.233976
3440.8102,2026-07-20T15:43:34.598453,0.000000,5.234124
3441.3055,2026-07-20T15:43:35.093706,0.000000,5.234320
3441.7723,2026-07-20T15:43:35.560500,0.000000,5.234496
3442.2673,2026-07-20T15:43:36.055539,0.000000,5.234524
3442.7522,2026-07-20T15:43:36.540369,0.000000,5.234592
3443.2339,2026-07-20T15:43:37.022148,0.000000,5.234740
3443.7373,2026-07-20T15:43:37.525528,0.000000,5.235048
3444.2449,2026-07-20T15:43:38.033051,0.000000,5.235256
3444.7205,2026-07-20T15:43:38.508736,0.000000,5.235520
3445.2039,2026-07-20T15:43:38.992100,0.000000,5.235724
3445.6622,2026-07-20T15:43:39.450363,0.000000,5.236024
3446.1674,2026-07-20T15:43:39.955638,0.000000,5.236176
3446.6529,2026-07-20T15:43:40.441057,0.000000,5.236484
3447.1410,2026-07-20T15:43:40.929229,0.000000,5.236968
3447.6312,2026-07-20T15:43:41.419445,0.000000,5.237172
3448.1119,2026-07-20T15:43:41.900126,0.000000,5.237472
3448.6129,2026-07-20T15:43:42.401110,0.000000,5.237688
3449.1373,2026-07-20T15:43:42.925522,0.000000,5.237744
3449.6351,2026-07-20T15:43:43.423316,0.000000,5.237872
3450.1208,2026-07-20T15:43:43.909039,0.000000,5.238132
3450.5962,2026-07-20T15:43:44.384411,0.000000,5.238320
3451.0796,2026-07-20T15:43:44.867785,0.000000,5.238600
3451.5720,2026-07-20T15:43:45.360156,0.000000,5.238684
3452.0580,2026-07-20T15:43:45.846195,0.000000,5.238660
3452.5386,2026-07-20T15:43:46.326798,0.000000,5.238880
3453.0306,2026-07-20T15:43:46.818753,0.000000,5.239136
3453.5213,2026-07-20T15:43:47.309472,0.000000,5.239480
3454.0458,2026-07-20T15:43:47.833971,0.000000,5.239768
3454.5229,2026-07-20T15:43:48.311143,0.000000,5.239872
3454.9912,2026-07-20T15:43:48.779410,0.000000,5.240228
3455.4888,2026-07-20T15:43:49.277016,0.000000,5.240496
3455.9818,2026-07-20T15:43:49.770040,0.000000,5.240796
3456.4518,2026-07-20T15:43:50.239981,0.000000,5.240976
3456.9325,2026-07-20T15:43:50.720656,0.000000,5.241540
3457.4007,2026-07-20T15:43:51.188861,0.000000,5.241920
3457.8979,2026-07-20T15:43:51.686142,0.000000,5.242332
3458.3875,2026-07-20T15:43:52.175684,0.000000,5.242492
3458.8387,2026-07-20T15:43:52.626857,0.000000,5.242744
3459.3283,2026-07-20T15:43:53.116478,0.000000,5.243048
3459.8223,2026-07-20T15:43:53.610531,0.000000,5.243176
3460.3455,2026-07-20T15:43:54.133719,0.000000,5.243464
3460.8162,2026-07-20T15:43:54.604409,0.000000,5.243448
3461.3088,2026-07-20T15:43:55.097047,0.000000,5.243692
3461.8023,2026-07-20T15:43:55.590505,0.000000,5.243792
3462.2936,2026-07-20T15:43:56.081801,0.000000,5.243820
3462.7996,2026-07-20T15:43:56.587778,0.000000,5.244004
3463.2961,2026-07-20T15:43:57.084326,0.000000,5.244180
3463.7975,2026-07-20T15:43:57.585704,0.000000,5.244236
3464.3232,2026-07-20T15:43:58.111450,0.000000,5.244456
3464.8231,2026-07-20T15:43:58.611313,0.000000,5.244644
3465.3002,2026-07-20T15:43:59.088384,0.000000,5.244564
3465.8073,2026-07-20T15:43:59.595542,0.000000,5.244920
3466.3035,2026-07-20T15:44:00.091688,0.000000,5.245352
3466.7744,2026-07-20T15:44:00.562576,0.000000,5.245584
3467.2668,2026-07-20T15:44:01.055000,0.000000,5.245680
3467.7399,2026-07-20T15:44:01.528112,0.000000,5.245748
3468.1990,2026-07-20T15:44:01.987163,0.000000,5.245856
3468.6808,2026-07-20T15:44:02.469018,0.000000,5.246036
3469.1729,2026-07-20T15:44:02.961125,0.000000,5.246300
3469.6842,2026-07-20T15:44:03.472379,0.000000,5.246492
3470.1483,2026-07-20T15:44:03.936524,0.000000,5.246816
3470.6562,2026-07-20T15:44:04.444362,0.000000,5.247000
3471.1521,2026-07-20T15:44:04.940292,0.000000,5.246920
3471.6447,2026-07-20T15:44:05.432946,0.000000,5.247064
3472.1427,2026-07-20T15:44:05.930952,0.000000,5.247360
3472.6352,2026-07-20T15:44:06.423434,0.000000,5.247632
3473.1015,2026-07-20T15:44:06.889702,0.000000,5.248020
3473.5791,2026-07-20T15:44:07.367306,0.000000,5.248352
3474.0479,2026-07-20T15:44:07.836087,0.000000,5.248560
3474.5509,2026-07-20T15:44:08.339060,0.000000,5.248852
3475.0811,2026-07-20T15:44:08.869330,0.000000,5.249224
3475.5417,2026-07-20T15:44:09.329920,0.000000,5.249520
3476.0196,2026-07-20T15:44:09.807769,0.000000,5.249860
3476.5103,2026-07-20T15:44:10.298493,0.000000,5.250120
3476.9949,2026-07-20T15:44:10.783077,0.000000,5.250380
3477.4769,2026-07-20T15:44:11.265136,0.000000,5.250748
3477.9786,2026-07-20T15:44:11.766847,0.000000,5.250836
3478.4787,2026-07-20T15:44:12.266947,0.000000,5.250984
3478.9833,2026-07-20T15:44:12.771545,0.000000,5.251040
3479.4810,2026-07-20T15:44:13.269201,0.000000,5.250996
3479.9811,2026-07-20T15:44:13.769341,0.000000,5.251000
3480.4700,2026-07-20T15:44:14.258236,0.000000,5.250976
3480.9334,2026-07-20T15:44:14.721609,0.000000,5.251084
3481.4353,2026-07-20T15:44:15.223511,0.000000,5.251032
3481.9286,2026-07-20T15:44:15.716796,0.000000,5.251052
3482.3950,2026-07-20T15:44:16.183215,0.000000,5.251160
3482.8688,2026-07-20T15:44:16.656948,0.000000,5.251396
3483.3442,2026-07-20T15:44:17.132372,0.000000,5.251356
3483.8443,2026-07-20T15:44:17.632515,0.000000,5.251652
3484.3373,2026-07-20T15:44:18.125462,0.000000,5.251920
3484.8408,2026-07-20T15:44:18.628976,0.000000,5.252136
3485.3434,2026-07-20T15:44:19.131603,0.000000,5.252336
3485.8394,2026-07-20T15:44:19.627622,0.000000,5.252544
3486.3013,2026-07-20T15:44:20.089553,0.000000,5.252824
3486.7861,2026-07-20T15:44:20.574319,0.000000,5.253028
3487.2427,2026-07-20T15:44:21.030940,0.000000,5.253060
3487.7268,2026-07-20T15:44:21.514956,0.000000,5.253016
3488.2321,2026-07-20T15:44:22.020341,0.000000,5.253152
3488.6888,2026-07-20T15:44:22.476955,0.000000,5.253340
3489.1723,2026-07-20T15:44:22.960452,0.000000,5.253436
3489.6405,2026-07-20T15:44:23.428704,0.000000,5.253724
3490.1416,2026-07-20T15:44:23.929751,0.000000,5.254016
3490.6283,2026-07-20T15:44:24.416500,0.000000,5.254456
3491.0976,2026-07-20T15:44:24.885755,0.000000,5.254596
3491.5832,2026-07-20T15:44:25.371364,0.000000,5.254848
3492.1101,2026-07-20T15:44:25.898316,0.000000,5.255104
3492.5909,2026-07-20T15:44:26.379083,0.000000,5.255460
3493.0893,2026-07-20T15:44:26.877496,0.000000,5.255756
3493.5539,2026-07-20T15:44:27.342054,0.000000,5.256100
3494.0482,2026-07-20T15:44:27.836443,0.000000,5.256396
3494.5475,2026-07-20T15:44:28.335731,0.000000,5.256628
3495.0183,2026-07-20T15:44:28.806548,0.000000,5.256776
3495.5129,2026-07-20T15:44:29.301070,0.000000,5.256948
3496.0144,2026-07-20T15:44:29.802565,0.000000,5.257236
3496.5140,2026-07-20T15:44:30.302189,0.000000,5.257404
3497.0114,2026-07-20T15:44:30.799589,0.000000,5.257608
3497.4977,2026-07-20T15:44:31.285907,0.000000,5.257968
3497.9849,2026-07-20T15:44:31.773069,0.000000,5.258136
3498.4875,2026-07-20T15:44:32.275686,0.000000,5.258168
3498.9830,2026-07-20T15:44:32.771234,0.000000,5.258448
3499.4830,2026-07-20T15:44:33.271239,0.000000,5.258792
3499.9715,2026-07-20T15:44:33.759690,0.000000,5.259220
3500.4942,2026-07-20T15:44:34.282358,0.000000,5.259476
3500.9659,2026-07-20T15:44:34.754103,0.000000,5.259876
3501.4663,2026-07-20T15:44:35.254504,0.000000,5.260208
3501.9391,2026-07-20T15:44:35.727337,0.000000,5.260580
3502.4396,2026-07-20T15:44:36.227765,0.000000,5.260700
3502.9264,2026-07-20T15:44:36.714610,0.000000,5.260988
3503.4043,2026-07-20T15:44:37.192519,0.000000,5.261524
3503.8745,2026-07-20T15:44:37.662667,0.000000,5.261904
3504.3783,2026-07-20T15:44:38.166509,0.000000,5.262068
3504.8630,2026-07-20T15:44:38.651195,0.000000,5.262084
3505.3537,2026-07-20T15:44:39.141929,0.000000,5.262224
3505.8359,2026-07-20T15:44:39.624151,0.000000,5.262136
3506.3579,2026-07-20T15:44:40.146077,0.000000,5.262348
3506.8491,2026-07-20T15:44:40.637290,0.000000,5.262672
3507.3175,2026-07-20T15:44:41.105742,0.000000,5.262988
3507.8096,2026-07-20T15:44:41.597806,0.000000,5.263264
3508.3146,2026-07-20T15:44:42.102758,0.000000,5.263436
3508.7847,2026-07-20T15:44:42.572946,0.000000,5.263440
3509.2915,2026-07-20T15:44:43.079664,0.000000,5.263640
3509.7878,2026-07-20T15:44:43.576055,0.000000,5.263792
3510.2926,2026-07-20T15:44:44.080844,0.000000,5.264088
3510.7913,2026-07-20T15:44:44.579537,0.000000,5.264352
3511.2881,2026-07-20T15:44:45.076326,0.000000,5.264528
3511.7869,2026-07-20T15:44:45.575105,0.000000,5.264604
3512.2769,2026-07-20T15:44:46.065133,0.000000,5.264952
3512.7447,2026-07-20T15:44:46.532892,0.000000,5.265240
3513.2414,2026-07-20T15:44:47.029544,0.000000,5.265376
3513.7481,2026-07-20T15:44:47.536309,0.000000,5.265560
3514.2102,2026-07-20T15:44:47.998446,0.000000,5.265784
3514.7021,2026-07-20T15:44:48.490302,0.000000,5.266000
3515.1979,2026-07-20T15:44:48.986069,0.000000,5.266212
3515.7064,2026-07-20T15:44:49.494662,0.000000,5.266452
3516.2037,2026-07-20T15:44:49.991927,0.000000,5.266812
3516.6837,2026-07-20T15:44:50.471874,0.000000,5.267160
3517.1794,2026-07-20T15:44:50.967567,0.000000,5.267472
3517.6791,2026-07-20T15:44:51.467260,0.000000,5.267732
3518.1476,2026-07-20T15:44:51.935827,0.000000,5.267980
3518.6487,2026-07-20T15:44:52.436934,0.000000,5.268204
3519.1409,2026-07-20T15:44:52.929065,0.000000,5.268492
3519.6340,2026-07-20T15:44:53.422157,0.000000,5.268792
3520.1290,2026-07-20T15:44:53.917169,0.000000,5.268956
3520.6251,2026-07-20T15:44:54.413282,0.000000,5.269136
3521.1027,2026-07-20T15:44:54.890854,0.000000,5.269292
3521.5881,2026-07-20T15:44:55.376331,0.000000,5.269312
3522.0476,2026-07-20T15:44:55.835820,0.000000,5.269312
3522.5270,2026-07-20T15:44:56.315241,0.000000,5.269340
3523.0230,2026-07-20T15:44:56.811220,0.000000,5.269412
3523.4977,2026-07-20T15:44:57.285894,0.000000,5.269544
3523.9906,2026-07-20T15:44:57.778846,0.000000,5.269516
3524.4570,2026-07-20T15:44:58.245166,0.000000,5.269596
3524.9443,2026-07-20T15:44:58.732497,0.000000,5.269752
3525.4314,2026-07-20T15:44:59.219581,0.000000,5.269832
3525.9127,2026-07-20T15:44:59.700916,0.000000,5.270008
3526.4397,2026-07-20T15:45:00.227859,0.000000,5.270124
3526.9412,2026-07-20T15:45:00.729394,0.000000,5.270308
3527.4124,2026-07-20T15:45:01.200621,0.000000,5.270416
3527.8975,2026-07-20T15:45:01.685725,0.000000,5.270500
3528.3826,2026-07-20T15:45:02.170810,0.000000,5.270628
3528.8853,2026-07-20T15:45:02.673491,0.000000,5.270732
3529.3843,2026-07-20T15:45:03.172454,0.000000,5.271004
3529.9129,2026-07-20T15:45:03.701132,0.000000,5.271108
3530.3863,2026-07-20T15:45:04.174463,0.000000,5.271264
3530.8628,2026-07-20T15:45:04.651027,0.000000,5.271324
3531.3325,2026-07-20T15:45:05.120746,0.000000,5.271356
3531.8330,2026-07-20T15:45:05.621217,0.000000,5.271524
3532.3266,2026-07-20T15:45:06.114798,0.000000,5.271656
3532.8041,2026-07-20T15:45:06.592922,0.000000,5.271852
3533.2997,2026-07-20T15:45:07.087932,0.000000,5.271956
3533.8063,2026-07-20T15:45:07.594495,0.000000,5.272000
3534.2897,2026-07-20T15:45:08.077925,0.000000,5.272048
3534.8131,2026-07-20T15:45:08.601312,0.000000,5.271976
3535.3079,2026-07-20T15:45:09.096097,0.000000,5.272068
3535.7901,2026-07-20T15:45:09.578353,0.000000,5.272264
3536.2917,2026-07-20T15:45:10.079924,0.000000,5.272428
3536.7640,2026-07-20T15:45:10.552223,0.000000,5.272620
3537.2521,2026-07-20T15:45:11.040272,0.000000,5.272700
3537.7246,2026-07-20T15:45:11.512818,0.000000,5.272880
3538.1890,2026-07-20T15:45:11.977210,0.000000,5.273056
3538.6421,2026-07-20T15:45:12.430260,0.000000,5.273408
3539.1160,2026-07-20T15:45:12.904192,0.000000,5.273752
3539.5916,2026-07-20T15:45:13.379778,0.000000,5.274132
3540.0872,2026-07-20T15:45:13.875359,0.000000,5.274572
3540.5745,2026-07-20T15:45:14.362739,0.000000,5.274892
3541.0731,2026-07-20T15:45:14.861307,0.000000,5.275392
3541.5857,2026-07-20T15:45:15.373916,0.000000,5.275820
3542.0831,2026-07-20T15:45:15.871291,0.000000,5.276304
3542.5771,2026-07-20T15:45:16.365323,0.000000,5.276788
3543.0434,2026-07-20T15:45:16.831574,0.000000,5.277176
3543.5375,2026-07-20T15:45:17.325702,0.000000,5.277720
3544.0412,2026-07-20T15:45:17.829395,0.000000,5.278288
3544.5001,2026-07-20T15:45:18.288245,0.000000,5.278656
3544.9621,2026-07-20T15:45:18.750280,0.000000,5.278988
3545.4445,2026-07-20T15:45:19.232675,0.000000,5.279284
3545.9501,2026-07-20T15:45:19.738288,0.000000,5.279320
3546.4498,2026-07-20T15:45:20.237981,0.000000,5.279584
3546.9625,2026-07-20T15:45:20.750688,0.000000,5.280080
3547.4633,2026-07-20T15:45:21.251494,0.000000,5.280712
3547.9605,2026-07-20T15:45:21.748715,0.000000,5.281256
3548.4444,2026-07-20T15:45:22.232566,0.000000,5.281736
3548.9313,2026-07-20T15:45:22.719462,0.000000,5.282140
3549.4311,2026-07-20T15:45:23.219272,0.000000,5.282360
3549.8937,2026-07-20T15:45:23.681907,0.000000,5.282680
3550.3965,2026-07-20T15:45:24.184693,0.000000,5.282940
3550.8830,2026-07-20T15:45:24.671146,0.000000,5.283424
3551.3904,2026-07-20T15:45:25.178616,0.000000,5.283816
3551.8815,2026-07-20T15:45:25.669709,0.000000,5.284168
3552.3346,2026-07-20T15:45:26.122813,0.000000,5.284420
3552.8088,2026-07-20T15:45:26.597017,0.000000,5.284632
3553.3040,2026-07-20T15:45:27.092148,0.000000,5.284880
3553.7828,2026-07-20T15:45:27.570969,0.000000,5.284996
3554.2811,2026-07-20T15:45:28.069299,0.000000,5.285496
3554.7431,2026-07-20T15:45:28.531317,0.000000,5.285952
3555.2475,2026-07-20T15:45:29.035716,0.000000,5.286256
3555.7387,2026-07-20T15:45:29.526949,0.000000,5.286548
3556.2067,2026-07-20T15:45:29.994912,0.000000,5.287056
3556.7018,2026-07-20T15:45:30.490008,0.000000,5.287212
3557.2160,2026-07-20T15:45:31.004165,0.000000,5.287264
3557.7038,2026-07-20T15:45:31.492014,0.000000,5.287352
3558.1786,2026-07-20T15:45:31.966813,0.000000,5.287648
3558.6786,2026-07-20T15:45:32.466843,0.000000,5.287880
3559.1810,2026-07-20T15:45:32.969229,0.000000,5.288084
3559.6750,2026-07-20T15:45:33.463216,0.000000,5.288248
3560.1392,2026-07-20T15:45:33.927403,0.000000,5.288516
3560.6362,2026-07-20T15:45:34.424431,0.000000,5.288876
3561.1366,2026-07-20T15:45:34.924807,0.000000,5.288980
3561.6379,2026-07-20T15:45:35.426152,0.000000,5.289364
3562.1164,2026-07-20T15:45:35.904636,0.000000,5.289612
3562.5743,2026-07-20T15:45:36.362518,0.000000,5.289956
3563.0786,2026-07-20T15:45:36.866835,0.000000,5.290260
3563.5616,2026-07-20T15:45:37.349835,0.000000,5.290364
3564.0497,2026-07-20T15:45:37.837919,0.000000,5.290468
3564.5454,2026-07-20T15:45:38.333612,0.000000,5.290692
3565.0289,2026-07-20T15:45:38.817078,0.000000,5.290800
3565.5078,2026-07-20T15:45:39.295973,0.000000,5.290968
3566.0056,2026-07-20T15:45:39.793818,0.000000,5.291296
3566.5032,2026-07-20T15:45:40.291437,0.000000,5.291572
3567.0231,2026-07-20T15:45:40.811270,0.000000,5.291852
3567.5119,2026-07-20T15:45:41.300095,0.000000,5.292068
3567.9767,2026-07-20T15:45:41.764904,0.000000,5.292196
3568.4769,2026-07-20T15:45:42.265126,0.000000,5.292496
3568.9776,2026-07-20T15:45:42.765770,0.000000,5.292780
3569.4456,2026-07-20T15:45:43.233760,0.000000,5.292972
3569.9285,2026-07-20T15:45:43.716750,0.000000,5.293272
3570.4120,2026-07-20T15:45:44.200229,0.000000,5.293420
3570.9124,2026-07-20T15:45:44.700635,0.000000,5.293620
3571.4105,2026-07-20T15:45:45.198751,0.000000,5.293840
3571.9288,2026-07-20T15:45:45.717039,0.000000,5.294020
3572.4041,2026-07-20T15:45:46.192347,0.000000,5.294328
3572.8685,2026-07-20T15:45:46.656702,0.000000,5.294580
3573.3395,2026-07-20T15:45:47.127686,0.000000,5.294832
3573.8279,2026-07-20T15:45:47.616099,0.000000,5.295288
3574.3120,2026-07-20T15:45:48.100228,0.000000,5.295700
3574.8069,2026-07-20T15:45:48.595136,0.000000,5.296236
3575.3119,2026-07-20T15:45:49.100119,0.000000,5.296656
3575.7674,2026-07-20T15:45:49.555551,0.000000,5.297048
3576.2651,2026-07-20T15:45:50.053337,0.000000,5.297464
3576.7615,2026-07-20T15:45:50.549725,0.000000,5.297760
3577.2357,2026-07-20T15:45:51.023884,0.000000,5.298148
3577.7356,2026-07-20T15:45:51.523765,0.000000,5.298448
3578.2515,2026-07-20T15:45:52.039669,0.000000,5.298996
3578.7356,2026-07-20T15:45:52.523820,0.000000,5.299404
3579.1939,2026-07-20T15:45:52.982067,0.000000,5.299732
3579.6848,2026-07-20T15:45:53.472991,0.000000,5.299952
3580.1784,2026-07-20T15:45:53.966574,0.000000,5.300420
3580.6690,2026-07-20T15:45:54.457234,0.000000,5.300680
3581.1423,2026-07-20T15:45:54.930500,0.000000,5.300752
3581.6459,2026-07-20T15:45:55.434074,0.000000,5.301028
3582.1445,2026-07-20T15:45:55.932652,0.000000,5.301240
3582.6177,2026-07-20T15:45:56.405856,0.000000,5.301572
3583.1153,2026-07-20T15:45:56.903474,0.000000,5.301708
3583.5771,2026-07-20T15:45:57.365293,0.000000,5.301604
3584.0851,2026-07-20T15:45:57.873247,0.000000,5.301692
3584.5694,2026-07-20T15:45:58.357613,0.000000,5.301776
3585.0482,2026-07-20T15:45:58.836400,0.000000,5.301856
3585.5416,2026-07-20T15:45:59.329781,0.000000,5.302016
3586.0414,2026-07-20T15:45:59.829581,0.000000,5.302280
3586.5430,2026-07-20T15:46:00.331243,0.000000,5.302584
3587.0332,2026-07-20T15:46:00.821446,0.000000,5.302960
3587.4915,2026-07-20T15:46:01.279711,0.000000,5.303252
3587.9827,2026-07-20T15:46:01.770882,0.000000,5.303472
3588.4795,2026-07-20T15:46:02.267693,0.000000,5.303956
3588.9415,2026-07-20T15:46:02.729663,0.000000,5.304496
3589.4336,2026-07-20T15:46:03.221842,0.000000,5.304752
3589.9186,2026-07-20T15:46:03.706779,0.000000,5.305132
3590.4059,2026-07-20T15:46:04.194052,0.000000,5.305608
3590.9111,2026-07-20T15:46:04.699347,0.000000,5.306064
3591.3763,2026-07-20T15:46:05.164481,0.000000,5.306456
3591.8709,2026-07-20T15:46:05.659083,0.000000,5.306820
3592.3677,2026-07-20T15:46:06.155871,0.000000,5.307088
3592.8700,2026-07-20T15:46:06.658198,0.000000,5.307468
3593.3567,2026-07-20T15:46:07.144949,0.000000,5.307708
3593.8540,2026-07-20T15:46:07.642209,0.000000,5.308000
3594.3205,2026-07-20T15:46:08.108655,0.000000,5.308304
3594.8155,2026-07-20T15:46:08.603665,0.000000,5.308656
3595.2932,2026-07-20T15:46:09.081396,0.000000,5.308712
3595.7896,2026-07-20T15:46:09.577840,0.000000,5.308976
3596.2897,2026-07-20T15:46:10.077873,0.000000,5.309244
3596.7504,2026-07-20T15:46:10.538575,0.000000,5.309452
3597.2329,2026-07-20T15:46:11.021058,0.000000,5.309592
3597.7298,2026-07-20T15:46:11.517994,0.000000,5.309724
3598.2230,2026-07-20T15:46:12.011219,0.000000,5.309916
3598.7345,2026-07-20T15:46:12.522677,0.000000,5.310176
3599.2255,2026-07-20T15:46:13.013750,0.000000,5.310292
3599.7045,2026-07-20T15:46:13.492659,0.000000,5.310392
3600.1790,2026-07-20T15:46:13.967208,0.000000,5.310624
3600.6352,2026-07-20T15:46:14.423363,0.000000,5.310728
3601.1205,2026-07-20T15:46:14.908704,0.000000,5.310940
3601.5788,2026-07-20T15:46:15.367041,0.000000,5.311084
3602.0870,2026-07-20T15:46:15.875179,0.000000,5.311268
3602.5705,2026-07-20T15:46:16.358751,0.000000,5.311676
3603.0352,2026-07-20T15:46:16.823358,0.000000,5.311836
3603.5106,2026-07-20T15:46:17.298775,0.000000,5.312084
3603.9959,2026-07-20T15:46:17.784076,0.000000,5.312320
3604.4775,2026-07-20T15:46:18.265699,0.000000,5.312648
3604.9639,2026-07-20T15:46:18.752133,0.000000,5.312904
3605.4524,2026-07-20T15:46:19.240574,0.000000,5.313268
3605.9687,2026-07-20T15:46:19.756951,0.000000,5.313552
3606.4643,2026-07-20T15:46:20.252522,0.000000,5.313808
3606.9368,2026-07-20T15:46:20.724978,0.000000,5.314192
3607.4323,2026-07-20T15:46:21.220457,0.000000,5.314492
3607.8964,2026-07-20T15:46:21.684598,0.000000,5.314844
3608.4048,2026-07-20T15:46:22.192985,0.000000,5.315192
3608.8999,2026-07-20T15:46:22.688153,0.000000,5.315340
3609.3724,2026-07-20T15:46:23.160544,0.000000,5.315696
3609.8607,2026-07-20T15:46:23.648940,0.000000,5.315904
3610.3518,2026-07-20T15:46:24.140036,0.000000,5.316060
3610.8635,2026-07-20T15:46:24.651655,0.000000,5.316204
3611.3698,2026-07-20T15:46:25.157965,0.000000,5.316484
3611.8656,2026-07-20T15:46:25.653849,0.000000,5.316608
3612.3381,2026-07-20T15:46:26.126334,0.000000,5.316668
3612.8375,2026-07-20T15:46:26.625725,0.000000,5.316876
3613.3457,2026-07-20T15:46:27.133900,0.000000,5.317132
3613.8304,2026-07-20T15:46:27.618574,0.000000,5.317492
3614.3316,2026-07-20T15:46:28.119844,0.000000,5.317804
3614.8653,2026-07-20T15:46:28.653511,0.000000,5.318404
3615.3350,2026-07-20T15:46:29.123200,0.000000,5.318896
3615.8273,2026-07-20T15:46:29.615504,0.000000,5.319264
3616.3270,2026-07-20T15:46:30.115218,0.000000,5.319580
3616.8148,2026-07-20T15:46:30.602994,0.000000,5.320196
3617.3148,2026-07-20T15:46:31.103004,0.000000,5.320636
3617.8121,2026-07-20T15:46:31.600325,0.000000,5.321124
3618.3317,2026-07-20T15:46:32.119956,0.000000,5.321480
3618.8271,2026-07-20T15:46:32.615353,0.000000,5.322016
3619.3039,2026-07-20T15:46:33.092067,0.000000,5.322308
3619.8034,2026-07-20T15:46:33.591632,0.000000,5.322528
3620.3069,2026-07-20T15:46:34.095112,0.000000,5.322636
3620.7945,2026-07-20T15:46:34.582670,0.000000,5.323140
3621.2791,2026-07-20T15:46:35.067278,0.000000,5.323396
3621.7417,2026-07-20T15:46:35.529909,0.000000,5.323572
3622.2288,2026-07-20T15:46:36.016985,0.000000,5.323900
3622.7258,2026-07-20T15:46:36.514039,0.000000,5.324200
3623.2070,2026-07-20T15:46:36.995227,0.000000,5.324404
3623.7124,2026-07-20T15:46:37.500579,0.000000,5.324628
3624.2064,2026-07-20T15:46:37.994624,0.000000,5.324876
3624.6746,2026-07-20T15:46:38.462829,0.000000,5.325348
3625.1733,2026-07-20T15:46:38.961471,0.000000,5.325848
3625.6773,2026-07-20T15:46:39.465464,0.000000,5.326072
3626.1483,2026-07-20T15:46:39.936469,0.000000,5.326444
3626.6536,2026-07-20T15:46:40.441768,0.000000,5.326800
3627.1536,2026-07-20T15:46:40.941761,0.000000,5.327188
3627.6451,2026-07-20T15:46:41.433263,0.000000,5.327472
3628.1368,2026-07-20T15:46:41.925023,0.000000,5.327732
3628.6126,2026-07-20T15:46:42.400759,0.000000,5.327904
3629.1012,2026-07-20T15:46:42.889426,0.000000,5.328000
3629.5977,2026-07-20T15:46:43.385914,0.000000,5.328172
3630.0711,2026-07-20T15:46:43.859248,0.000000,5.328336
3630.5644,2026-07-20T15:46:44.352610,0.000000,5.328628
3631.0442,2026-07-20T15:46:44.832360,0.000000,5.328908
3631.5403,2026-07-20T15:46:45.328479,0.000000,5.329128
3632.0434,2026-07-20T15:46:45.831572,0.000000,5.329432
3632.5625,2026-07-20T15:46:46.350685,0.000000,5.329612
3633.0487,2026-07-20T15:46:46.836882,0.000000,5.329868
3633.5371,2026-07-20T15:46:47.325256,0.000000,5.330256
3634.0387,2026-07-20T15:46:47.826909,0.000000,5.330676
3634.5110,2026-07-20T15:46:48.299220,0.000000,5.330956
3635.0062,2026-07-20T15:46:48.794387,0.000000,5.331200
3635.4928,2026-07-20T15:46:49.281035,0.000000,5.331472
3635.9564,2026-07-20T15:46:49.744561,0.000000,5.331724
3636.4424,2026-07-20T15:46:50.230568,0.000000,5.331892
3636.9418,2026-07-20T15:46:50.730006,0.000000,5.332180
3637.4535,2026-07-20T15:46:51.241691,0.000000,5.332444
3637.9457,2026-07-20T15:46:51.733927,0.000000,5.332716
3638.4317,2026-07-20T15:46:52.219871,0.000000,5.333008
3638.9310,2026-07-20T15:46:52.719152,0.000000,5.333224
3639.3974,2026-07-20T15:46:53.185592,0.000000,5.333412
3639.8731,2026-07-20T15:46:53.661328,0.000000,5.333540
3640.3706,2026-07-20T15:46:54.158766,0.000000,5.333712
3640.8387,2026-07-20T15:46:54.626918,0.000000,5.333956
3641.3375,2026-07-20T15:46:55.125669,0.000000,5.334144
3641.8433,2026-07-20T15:46:55.631478,0.000000,5.334312
3642.3348,2026-07-20T15:46:56.122952,0.000000,5.334608
3642.8608,2026-07-20T15:46:56.648969,0.000000,5.335024
3643.3385,2026-07-20T15:46:57.126725,0.000000,5.335344
3643.8304,2026-07-20T15:46:57.618574,0.000000,5.335720
3644.3090,2026-07-20T15:46:58.097230,0.000000,5.336136
3644.7855,2026-07-20T15:46:58.573675,0.000000,5.336420
3645.2795,2026-07-20T15:46:59.067712,0.000000,5.336680
3645.7815,2026-07-20T15:46:59.569715,0.000000,5.337016
3646.2487,2026-07-20T15:47:00.036903,0.000000,5.337468
3646.7416,2026-07-20T15:47:00.529830,0.000000,5.337864
3647.2230,2026-07-20T15:47:01.011177,0.000000,5.338224
3647.7064,2026-07-20T15:47:01.494588,0.000000,5.338504
3648.1873,2026-07-20T15:47:01.975495,0.000000,5.338892
3648.6870,2026-07-20T15:47:02.475193,0.000000,5.339160
3649.1919,2026-07-20T15:47:02.980136,0.000000,5.339480
3649.6915,2026-07-20T15:47:03.479689,0.000000,5.340064
3650.1552,2026-07-20T15:47:03.943406,0.000000,5.340628
3650.6468,2026-07-20T15:47:04.435000,0.000000,5.341160
3651.1469,2026-07-20T15:47:04.935115,0.000000,5.341564
3651.6262,2026-07-20T15:47:05.414365,0.000000,5.341832
3652.1055,2026-07-20T15:47:05.893660,0.000000,5.342152
3652.5732,2026-07-20T15:47:06.361453,0.000000,5.342556
3653.0518,2026-07-20T15:47:06.840040,0.000000,5.342756
3653.5425,2026-07-20T15:47:07.330695,0.000000,5.343136
3654.0314,2026-07-20T15:47:07.819569,0.000000,5.343412
3654.5583,2026-07-20T15:47:08.346472,0.000000,5.343716
3655.0541,2026-07-20T15:47:08.842346,0.000000,5.344092
3655.5330,2026-07-20T15:47:09.321246,0.000000,5.344404
3655.9999,2026-07-20T15:47:09.788090,0.000000,5.344792
3656.4845,2026-07-20T15:47:10.272666,0.000000,5.345132
3656.9859,2026-07-20T15:47:10.774150,0.000000,5.345500
3657.4521,2026-07-20T15:47:11.240326,0.000000,5.345740
3657.9358,2026-07-20T15:47:11.723960,0.000000,5.346116
3658.4369,2026-07-20T15:47:12.225062,0.000000,5.346476
3658.9019,2026-07-20T15:47:12.690131,0.000000,5.347052
3659.3997,2026-07-20T15:47:13.187887,0.000000,5.347264
3659.9197,2026-07-20T15:47:13.707859,0.000000,5.347444
3660.4219,2026-07-20T15:47:14.210059,0.000000,5.347776
3660.9085,2026-07-20T15:47:14.696664,0.000000,5.347936
3661.4084,2026-07-20T15:47:15.196650,0.000000,5.348224
3661.8646,2026-07-20T15:47:15.652789,0.000000,5.348436
3662.3717,2026-07-20T15:47:16.159877,0.000000,5.348724
3662.8666,2026-07-20T15:47:16.654776,0.000000,5.349064
3663.3391,2026-07-20T15:47:17.127281,0.000000,5.349440
3663.8188,2026-07-20T15:47:17.606991,0.000000,5.349612
3664.2953,2026-07-20T15:47:18.083539,0.000000,5.350020
3664.7975,2026-07-20T15:47:18.585693,0.000000,5.350272
3665.2962,2026-07-20T15:47:19.084376,0.000000,5.350464
3665.7769,2026-07-20T15:47:19.565100,0.000000,5.350936
3666.2537,2026-07-20T15:47:20.041917,0.000000,5.351328
3666.7371,2026-07-20T15:47:20.525295,0.000000,5.351768
3667.2275,2026-07-20T15:47:21.015734,0.000000,5.352412
3667.6977,2026-07-20T15:47:21.485879,0.000000,5.352792
3668.1612,2026-07-20T15:47:21.949360,0.000000,5.353304
3668.6624,2026-07-20T15:47:22.450648,0.000000,5.353680
3669.1568,2026-07-20T15:47:22.945000,0.000000,5.354176
3669.6348,2026-07-20T15:47:23.423048,0.000000,5.354852
3670.1165,2026-07-20T15:47:23.904702,0.000000,5.355452
3670.6428,2026-07-20T15:47:24.431051,0.000000,5.355952
3671.1340,2026-07-20T15:47:24.922218,0.000000,5.356336
3671.6337,2026-07-20T15:47:25.421875,0.000000,5.356768
3672.0921,2026-07-20T15:47:25.880310,0.000000,5.356984
3672.5789,2026-07-20T15:47:26.367064,0.000000,5.357464
3673.0689,2026-07-20T15:47:26.857091,0.000000,5.357768
3673.5568,2026-07-20T15:47:27.345025,0.000000,5.358252
3674.0520,2026-07-20T15:47:27.840166,0.000000,5.358436
3674.5494,2026-07-20T15:47:28.337600,0.000000,5.358788
3675.0719,2026-07-20T15:47:28.860067,0.000000,5.358960
3675.5783,2026-07-20T15:47:29.366532,0.000000,5.359640
3676.0572,2026-07-20T15:47:29.845345,0.000000,5.360188
3676.5441,2026-07-20T15:47:30.332339,0.000000,5.360696
3677.0367,2026-07-20T15:47:30.824860,0.000000,5.361204
3677.5415,2026-07-20T15:47:31.329722,0.000000,5.361664
3678.0335,2026-07-20T15:47:31.821659,0.000000,5.362020
3678.5059,2026-07-20T15:47:32.294104,0.000000,5.362188
3678.9974,2026-07-20T15:47:32.785572,0.000000,5.362524
3679.5145,2026-07-20T15:47:33.302658,0.000000,5.362924
3680.0164,2026-07-20T15:47:33.804553,0.000000,5.363440
3680.4885,2026-07-20T15:47:34.276649,0.000000,5.363616
3680.9833,2026-07-20T15:47:34.771543,0.000000,5.363756
3681.4749,2026-07-20T15:47:35.263143,0.000000,5.364288
3681.9421,2026-07-20T15:47:35.730303,0.000000,5.364728
3682.4354,2026-07-20T15:47:36.223573,0.000000,5.365084
3682.8914,2026-07-20T15:47:36.679626,0.000000,5.365472
3683.3816,2026-07-20T15:47:37.169781,0.000000,5.365964
3683.8576,2026-07-20T15:47:37.645838,0.000000,5.366324
3684.3369,2026-07-20T15:47:38.125106,0.000000,5.366776
3684.8428,2026-07-20T15:47:38.631016,0.000000,5.367008
3685.3235,2026-07-20T15:47:39.111740,0.000000,5.367316
3685.8141,2026-07-20T15:47:39.602349,0.000000,5.367788
3686.3152,2026-07-20T15:47:40.103361,0.000000,5.368000
3686.7918,2026-07-20T15:47:40.579975,0.000000,5.368172
3687.2917,2026-07-20T15:47:41.079896,0.000000,5.368480
3687.7835,2026-07-20T15:47:41.571684,0.000000,5.368716
3688.2464,2026-07-20T15:47:42.034612,0.000000,5.369048
3688.7339,2026-07-20T15:47:42.522121,0.000000,5.369492
3689.2170,2026-07-20T15:47:43.005169,0.000000,5.369884
3689.7190,2026-07-20T15:47:43.507188,0.000000,5.370340
3690.2203,2026-07-20T15:47:44.008531,0.000000,5.370716
3690.7133,2026-07-20T15:47:44.501443,0.000000,5.370892
3691.2113,2026-07-20T15:47:44.999538,0.000000,5.371164
3691.7084,2026-07-20T15:47:45.496606,0.000000,5.371608
3692.1753,2026-07-20T15:47:45.963531,0.000000,5.371928
3692.6584,2026-07-20T15:47:46.446630,0.000000,5.372200
3693.1584,2026-07-20T15:47:46.946565,0.000000,5.372408
3693.6435,2026-07-20T15:47:47.431664,0.000000,5.372728
3694.1669,2026-07-20T15:47:47.955098,0.000000,5.372968
3694.6311,2026-07-20T15:47:48.419316,0.000000,5.373036
3695.1143,2026-07-20T15:47:48.902509,0.000000,5.373104
3695.6101,2026-07-20T15:47:49.398332,0.000000,5.373424
3696.0732,2026-07-20T15:47:49.861372,0.000000,5.373624
3696.5514,2026-07-20T15:47:50.339612,0.000000,5.373808
3697.0506,2026-07-20T15:47:50.838824,0.000000,5.374180
3697.5378,2026-07-20T15:47:51.326014,0.000000,5.374756
3698.0338,2026-07-20T15:47:51.821958,0.000000,5.375172
3698.4939,2026-07-20T15:47:52.282063,0.000000,5.375600
3698.9877,2026-07-20T15:47:52.775864,0.000000,5.375876
3699.4560,2026-07-20T15:47:53.244158,0.000000,5.376400
3699.9358,2026-07-20T15:47:53.724047,0.000000,5.376960
3700.4275,2026-07-20T15:47:54.215673,0.000000,5.377496
3700.9442,2026-07-20T15:47:54.732416,0.000000,5.378136
3701.4351,2026-07-20T15:47:55.223263,0.000000,5.378684
3701.9124,2026-07-20T15:47:55.700642,0.000000,5.379096
3702.3769,2026-07-20T15:47:56.165128,0.000000,5.379152
3702.8626,2026-07-20T15:47:56.650794,0.000000,5.379380
3703.3600,2026-07-20T15:47:57.148161,0.000000,5.379716
3703.8370,2026-07-20T15:47:57.625166,0.000000,5.380024
3704.3356,2026-07-20T15:47:58.123762,0.000000,5.380296
3704.8333,2026-07-20T15:47:58.621460,0.000000,5.380724
3705.3359,2026-07-20T15:47:59.124089,0.000000,5.380988
3705.8470,2026-07-20T15:47:59.635208,0.000000,5.381456
3706.3451,2026-07-20T15:48:00.133265,0.000000,5.381780
3706.8290,2026-07-20T15:48:00.617193,0.000000,5.382376
3707.3289,2026-07-20T15:48:01.117094,0.000000,5.383032
3707.8211,2026-07-20T15:48:01.609274,0.000000,5.383696
3708.3116,2026-07-20T15:48:02.099832,0.000000,5.384240
3708.8066,2026-07-20T15:48:02.594829,0.000000,5.384824
3709.2745,2026-07-20T15:48:03.062734,0.000000,5.385352
3709.7631,2026-07-20T15:48:03.551291,0.000000,5.385768
3710.2636,2026-07-20T15:48:04.051828,0.000000,5.386124
3710.7426,2026-07-20T15:48:04.530795,0.000000,5.386316
3711.2665,2026-07-20T15:48:05.054661,0.000000,5.386640
3711.7432,2026-07-20T15:48:05.531379,0.000000,5.386968
3712.2360,2026-07-20T15:48:06.024233,0.000000,5.387140
3712.7207,2026-07-20T15:48:06.508937,0.000000,5.387300
3713.2048,2026-07-20T15:48:06.992954,0.000000,5.387508
3713.7021,2026-07-20T15:48:07.490313,0.000000,5.387688
3714.1937,2026-07-20T15:48:07.981910,0.000000,5.387956
3714.6858,2026-07-20T15:48:08.473988,0.000000,5.388160
3715.1732,2026-07-20T15:48:08.961392,0.000000,5.388356
3715.6958,2026-07-20T15:48:09.483980,0.000000,5.388708
3716.1767,2026-07-20T15:48:09.964926,0.000000,5.388836
3716.6659,2026-07-20T15:48:10.454070,0.000000,5.388864
3717.1529,2026-07-20T15:48:10.941058,0.000000,5.389012
3717.6366,2026-07-20T15:48:11.424763,0.000000,5.389144
3718.1308,2026-07-20T15:48:11.919048,0.000000,5.389316
3718.6522,2026-07-20T15:48:12.440381,0.000000,5.389612
3719.1372,2026-07-20T15:48:12.925380,0.000000,5.389736
3719.6332,2026-07-20T15:48:13.421401,0.000000,5.389932
3720.0997,2026-07-20T15:48:13.887848,0.000000,5.390164
3720.5918,2026-07-20T15:48:14.379994,0.000000,5.390360
3721.0832,2026-07-20T15:48:14.871450,0.000000,5.390584
3721.5630,2026-07-20T15:48:15.351213,0.000000,5.390916
3722.0580,2026-07-20T15:48:15.846199,0.000000,5.391068
3722.5505,2026-07-20T15:48:16.338715,0.000000,5.391476
3723.0494,2026-07-20T15:48:16.837576,0.000000,5.391724
3723.5483,2026-07-20T15:48:17.336495,0.000000,5.391828
3724.0428,2026-07-20T15:48:17.830988,0.000000,5.392016
3724.5293,2026-07-20T15:48:18.317483,0.000000,5.392208
3725.0309,2026-07-20T15:48:18.819132,0.000000,5.392560
3725.5291,2026-07-20T15:48:19.317331,0.000000,5.392876
3726.0292,2026-07-20T15:48:19.817365,0.000000,5.393180
3726.5175,2026-07-20T15:48:20.305685,0.000000,5.393424
3727.0008,2026-07-20T15:48:20.789035,0.000000,5.393952
3727.5208,2026-07-20T15:48:21.309029,0.000000,5.394112
3728.0220,2026-07-20T15:48:21.810203,0.000000,5.394540
3728.4874,2026-07-20T15:48:22.275623,0.000000,5.394880
3728.9877,2026-07-20T15:48:22.775947,0.000000,5.395300
3729.4960,2026-07-20T15:48:23.284231,0.000000,5.395764
3729.9812,2026-07-20T15:48:23.769360,0.000000,5.396184
3730.4764,2026-07-20T15:48:24.264639,0.000000,5.396580
3730.9444,2026-07-20T15:48:24.732577,0.000000,5.397108
3731.4438,2026-07-20T15:48:25.232031,0.000000,5.397612
3731.9447,2026-07-20T15:48:25.732914,0.000000,5.398116
3732.4439,2026-07-20T15:48:26.232073,0.000000,5.398560
3732.9291,2026-07-20T15:48:26.717344,0.000000,5.398920
3733.4295,2026-07-20T15:48:27.217683,0.000000,5.399460
3733.9355,2026-07-20T15:48:27.723755,0.000000,5.400088
3734.4358,2026-07-20T15:48:28.224038,0.000000,5.400764
3734.9350,2026-07-20T15:48:28.723182,0.000000,5.401180
3735.3951,2026-07-20T15:48:29.183336,0.000000,5.401768
3735.9004,2026-07-20T15:48:29.688592,0.000000,5.402232
3736.3985,2026-07-20T15:48:30.186664,0.000000,5.402652
3736.8965,2026-07-20T15:48:30.684724,0.000000,5.403024
3737.4275,2026-07-20T15:48:31.215723,0.000000,5.403508
3737.9241,2026-07-20T15:48:31.712286,0.000000,5.404204
3738.3952,2026-07-20T15:48:32.183434,0.000000,5.404684
3738.8976,2026-07-20T15:48:32.685793,0.000000,5.405032
3739.3899,2026-07-20T15:48:33.178123,0.000000,5.405288
3739.8532,2026-07-20T15:48:33.641354,0.000000,5.405604
3740.3464,2026-07-20T15:48:34.134611,0.000000,5.405696
3740.7930,2026-07-20T15:48:34.581177,0.000000,5.405752
3741.2577,2026-07-20T15:48:35.045947,0.000000,5.405916
3741.7492,2026-07-20T15:48:35.537447,0.000000,5.406028
3742.2345,2026-07-20T15:48:36.022703,0.000000,5.406124
3742.7169,2026-07-20T15:48:36.505085,0.000000,5.406304
3743.1769,2026-07-20T15:48:36.965148,0.000000,5.406404
3743.6959,2026-07-20T15:48:37.484075,0.000000,5.406464
3744.1865,2026-07-20T15:48:37.974665,0.000000,5.406608
3744.6441,2026-07-20T15:48:38.432329,0.000000,5.406856
3745.1251,2026-07-20T15:48:38.913270,0.000000,5.407044
3745.5934,2026-07-20T15:48:39.381651,0.000000,5.407412
3746.1007,2026-07-20T15:48:39.888907,0.000000,5.407728
3746.5960,2026-07-20T15:48:40.384155,0.000000,5.408032
3747.0787,2026-07-20T15:48:40.866892,0.000000,5.408440
3747.5525,2026-07-20T15:48:41.340662,0.000000,5.408688
3748.0480,2026-07-20T15:48:41.836209,0.000000,5.408904
3748.5449,2026-07-20T15:48:42.333057,0.000000,5.409304
3749.0538,2026-07-20T15:48:42.842049,0.000000,5.409572
3749.5499,2026-07-20T15:48:43.338124,0.000000,5.409916
3750.0515,2026-07-20T15:48:43.839701,0.000000,5.410268
3750.5539,2026-07-20T15:48:44.342088,0.000000,5.410656
3751.0510,2026-07-20T15:48:44.839158,0.000000,5.410976
3751.5348,2026-07-20T15:48:45.323024,0.000000,5.411252
3752.0275,2026-07-20T15:48:45.815709,0.000000,5.411492
3752.5086,2026-07-20T15:48:46.296757,0.000000,5.411680
3753.0262,2026-07-20T15:48:46.814385,0.000000,5.411880
3753.5292,2026-07-20T15:48:47.317416,0.000000,5.412032
3753.9953,2026-07-20T15:48:47.783471,0.000000,5.412200
3754.4939,2026-07-20T15:48:48.282139,0.000000,5.412396
3754.9844,2026-07-20T15:48:48.772599,0.000000,5.412392
3755.4529,2026-07-20T15:48:49.241053,0.000000,5.412508
3755.9377,2026-07-20T15:48:49.725909,0.000000,5.412676
3756.4152,2026-07-20T15:48:50.203368,0.000000,5.412824
3756.8793,2026-07-20T15:48:50.667509,0.000000,5.412924
3757.3709,2026-07-20T15:48:51.159068,0.000000,5.413124
3757.8359,2026-07-20T15:48:51.624136,0.000000,5.413268
3758.3107,2026-07-20T15:48:52.098909,0.000000,5.413460
3758.7720,2026-07-20T15:48:52.560251,0.000000,5.413576
3759.2610,2026-07-20T15:48:53.049176,0.000000,5.413788
3759.7570,2026-07-20T15:48:53.545223,0.000000,5.413932
3760.2339,2026-07-20T15:48:54.022126,0.000000,5.414144
3760.7251,2026-07-20T15:48:54.513311,0.000000,5.414344
3761.1839,2026-07-20T15:48:54.972141,0.000000,5.414508
3761.6609,2026-07-20T15:48:55.449072,0.000000,5.414748
3762.1581,2026-07-20T15:48:55.946336,0.000000,5.415028
3762.6387,2026-07-20T15:48:56.426868,0.000000,5.415108
3763.1259,2026-07-20T15:48:56.914129,0.000000,5.415484
3763.6274,2026-07-20T15:48:57.415554,0.000000,5.415824
3764.1362,2026-07-20T15:48:57.924406,0.000000,5.416176
3764.6292,2026-07-20T15:48:58.417434,0.000000,5.416616
3765.0991,2026-07-20T15:48:58.887270,0.000000,5.417052
3765.5971,2026-07-20T15:48:59.385252,0.000000,5.417320
3766.0924,2026-07-20T15:48:59.880587,0.000000,5.417840
3766.5927,2026-07-20T15:49:00.380941,0.000000,5.418348
3767.0749,2026-07-20T15:49:00.863080,0.000000,5.418848
3767.5668,2026-07-20T15:49:01.355025,0.000000,5.419512
3768.0370,2026-07-20T15:49:01.825233,0.000000,5.420012
3768.5335,2026-07-20T15:49:02.321748,0.000000,5.420556
3769.0511,2026-07-20T15:49:02.839261,0.000000,5.421152
3769.5394,2026-07-20T15:49:03.327647,0.000000,5.421696
3770.0107,2026-07-20T15:49:03.798860,0.000000,5.422100
3770.4905,2026-07-20T15:49:04.278660,0.000000,5.422536
3770.9916,2026-07-20T15:49:04.779832,0.000000,5.422864
3771.4585,2026-07-20T15:49:05.246727,0.000000,5.423144
3771.9509,2026-07-20T15:49:05.739146,0.000000,5.423368
3772.4502,2026-07-20T15:49:06.238394,0.000000,5.423732
3772.9251,2026-07-20T15:49:06.713287,0.000000,5.424224
3773.4176,2026-07-20T15:49:07.205759,0.000000,5.424656
3773.9164,2026-07-20T15:49:07.704648,0.000000,5.424940
3774.3874,2026-07-20T15:49:08.175592,0.000000,5.425180
3774.9134,2026-07-20T15:49:08.701580,0.000000,5.425344
3775.4075,2026-07-20T15:49:09.195712,0.000000,5.425684
3775.8909,2026-07-20T15:49:09.679081,0.000000,5.426144
3776.3677,2026-07-20T15:49:10.155905,0.000000,5.426468
3776.8439,2026-07-20T15:49:10.632077,0.000000,5.426816
3777.3402,2026-07-20T15:49:11.128442,0.000000,5.426900
3777.8453,2026-07-20T15:49:11.633482,0.000000,5.426876
3778.3444,2026-07-20T15:49:12.132615,0.000000,5.426940
3778.8468,2026-07-20T15:49:12.634959,0.000000,5.426904
3779.3441,2026-07-20T15:49:13.132267,0.000000,5.427064
3779.8390,2026-07-20T15:49:13.627246,0.000000,5.427332
3780.3305,2026-07-20T15:49:14.118744,0.000000,5.427664
3780.8359,2026-07-20T15:49:14.624101,0.000000,5.427744
3781.2950,2026-07-20T15:49:15.083168,0.000000,5.427988
3781.7971,2026-07-20T15:49:15.585319,0.000000,5.428204
3782.2857,2026-07-20T15:49:16.073939,0.000000,5.428528
3782.7514,2026-07-20T15:49:16.539544,0.000000,5.428812
3783.2295,2026-07-20T15:49:17.017736,0.000000,5.429000
3783.7044,2026-07-20T15:49:17.492589,0.000000,5.429196
3784.2049,2026-07-20T15:49:17.993113,0.000000,5.429392
3784.7318,2026-07-20T15:49:18.519957,0.000000,5.429596
3785.2330,2026-07-20T15:49:19.021241,0.000000,5.429592
3785.7250,2026-07-20T15:49:19.513181,0.000000,5.429704
3786.2252,2026-07-20T15:49:20.013370,0.000000,5.429680
3786.6939,2026-07-20T15:49:20.482060,0.000000,5.429684
3787.1598,2026-07-20T15:49:20.947963,0.000000,5.429728
3787.6398,2026-07-20T15:49:21.428058,0.000000,5.429812
3788.1344,2026-07-20T15:49:21.922653,0.000000,5.429936
3788.6380,2026-07-20T15:49:22.426240,0.000000,5.429992
3789.1575,2026-07-20T15:49:22.945704,0.000000,5.430212
3789.6339,2026-07-20T15:49:23.422088,0.000000,5.430344
3790.1272,2026-07-20T15:49:23.915412,0.000000,5.430544
3790.6291,2026-07-20T15:49:24.417336,0.000000,5.430620
3791.1199,2026-07-20T15:49:24.908118,0.000000,5.430792
3791.6209,2026-07-20T15:49:25.409096,0.000000,5.430860
3792.0955,2026-07-20T15:49:25.883661,0.000000,5.431080
3792.5897,2026-07-20T15:49:26.377906,0.000000,5.431164
3793.0855,2026-07-20T15:49:26.873653,0.000000,5.431172
3793.5525,2026-07-20T15:49:27.340658,0.000000,5.431476
3794.0483,2026-07-20T15:49:27.836501,0.000000,5.431672
3794.5287,2026-07-20T15:49:28.316908,0.000000,5.431876
3795.0324,2026-07-20T15:49:28.820606,0.000000,5.432040
3795.5319,2026-07-20T15:49:29.320089,0.000000,5.432308
3796.0326,2026-07-20T15:49:29.820850,0.000000,5.432496
3796.5255,2026-07-20T15:49:30.313727,0.000000,5.432676
3797.0169,2026-07-20T15:49:30.805117,0.000000,5.432820
3797.5188,2026-07-20T15:49:31.307019,0.000000,5.432940
3798.0440,2026-07-20T15:49:31.832226,0.000000,5.433004
3798.5403,2026-07-20T15:49:32.328524,0.000000,5.433036
3799.0170,2026-07-20T15:49:32.805221,0.000000,5.432904
3799.4841,2026-07-20T15:49:33.272247,0.000000,5.432900
3799.9832,2026-07-20T15:49:33.771353,0.000000,5.433056
3800.4668,2026-07-20T15:49:34.255041,0.000000,5.433300
3800.9356,2026-07-20T15:49:34.723813,0.000000,5.433412
3801.4373,2026-07-20T15:49:35.225533,0.000000,5.433652
3801.8975,2026-07-20T15:49:35.685745,0.000000,5.433816
3802.3837,2026-07-20T15:49:36.171930,0.000000,5.433964
3802.8830,2026-07-20T15:49:36.671205,0.000000,5.434088
3803.3843,2026-07-20T15:49:37.172476,0.000000,5.434236
3803.8840,2026-07-20T15:49:37.672238,0.000000,5.434352
3804.3854,2026-07-20T15:49:38.173638,0.000000,5.434708
3804.8431,2026-07-20T15:49:38.631293,0.000000,5.434704
3805.3494,2026-07-20T15:49:39.137619,0.000000,5.434656
3805.8426,2026-07-20T15:49:39.630751,0.000000,5.434696
3806.3256,2026-07-20T15:49:40.113806,0.000000,5.434796
3806.8217,2026-07-20T15:49:40.609889,0.000000,5.434932
3807.2772,2026-07-20T15:49:41.065370,0.000000,5.435128
3807.7773,2026-07-20T15:49:41.565464,0.000000,5.435304
3808.2801,2026-07-20T15:49:42.068331,0.000000,5.435620
3808.7613,2026-07-20T15:49:42.549502,0.000000,5.435804
3809.2433,2026-07-20T15:49:43.031503,0.000000,5.436052
3809.7505,2026-07-20T15:49:43.538716,0.000000,5.436312
3810.2381,2026-07-20T15:49:44.026282,0.000000,5.436768
3810.7296,2026-07-20T15:49:44.517839,0.000000,5.437068
3811.2001,2026-07-20T15:49:44.988258,0.000000,5.437440
3811.7002,2026-07-20T15:49:45.488430,0.000000,5.437472
3812.1835,2026-07-20T15:49:45.971715,0.000000,5.437432
3812.6649,2026-07-20T15:49:46.453151,0.000000,5.437540
3813.1585,2026-07-20T15:49:46.946657,0.000000,5.437244
3813.6603,2026-07-20T15:49:47.448489,0.000000,5.437328
3814.1359,2026-07-20T15:49:47.924088,0.000000,5.437216
3814.6316,2026-07-20T15:49:48.419855,0.000000,5.437136
3815.0979,2026-07-20T15:49:48.886114,0.000000,5.436948
3815.5906,2026-07-20T15:49:49.378828,0.000000,5.437072
3816.0877,2026-07-20T15:49:49.875851,0.000000,5.436884
3816.5934,2026-07-20T15:49:50.381577,0.000000,5.437168
3817.0905,2026-07-20T15:49:50.878673,0.000000,5.437408
3817.5856,2026-07-20T15:49:51.373764,0.000000,5.437548
3818.0935,2026-07-20T15:49:51.881683,0.000000,5.437916
3818.5873,2026-07-20T15:49:52.375532,0.000000,5.438124
3819.0894,2026-07-20T15:49:52.877637,0.000000,5.438316
3819.5500,2026-07-20T15:49:53.338232,0.000000,5.438520
3820.0433,2026-07-20T15:49:53.831473,0.000000,5.438812
3820.5422,2026-07-20T15:49:54.330415,0.000000,5.438920
3821.0332,2026-07-20T15:49:54.821407,0.000000,5.439040
3821.5282,2026-07-20T15:49:55.316422,0.000000,5.439036
3822.0329,2026-07-20T15:49:55.821079,0.000000,5.439244
3822.5092,2026-07-20T15:49:56.297367,0.000000,5.439364
3823.0081,2026-07-20T15:49:56.796352,0.000000,5.439412
3823.5133,2026-07-20T15:49:57.301460,0.000000,5.439364
3824.0095,2026-07-20T15:49:57.797668,0.000000,5.439728
3824.4984,2026-07-20T15:49:58.286550,0.000000,5.439744
3824.9563,2026-07-20T15:49:58.744549,0.000000,5.439816
3825.4524,2026-07-20T15:49:59.240651,0.000000,5.439736
3825.9573,2026-07-20T15:49:59.745513,0.000000,5.440136
3826.4408,2026-07-20T15:50:00.228989,0.000000,5.440492
3826.9218,2026-07-20T15:50:00.710030,0.000000,5.440576
3827.4273,2026-07-20T15:50:01.215470,0.000000,5.440732
3827.9237,2026-07-20T15:50:01.711881,0.000000,5.441064
3828.3972,2026-07-20T15:50:02.185425,0.000000,5.441260
3828.8796,2026-07-20T15:50:02.667830,0.000000,5.441392
3829.3778,2026-07-20T15:50:03.166008,0.000000,5.441552
3829.8804,2026-07-20T15:50:03.668605,0.000000,5.441608
3830.3736,2026-07-20T15:50:04.161769,0.000000,5.441740
3830.8866,2026-07-20T15:50:04.674770,0.000000,5.441552
3831.3814,2026-07-20T15:50:05.169601,0.000000,5.441448
3831.8932,2026-07-20T15:50:05.681395,0.000000,5.441444
3832.3916,2026-07-20T15:50:06.179831,0.000000,5.441276
3832.8747,2026-07-20T15:50:06.662875,0.000000,5.441120
3833.3403,2026-07-20T15:50:07.128513,0.000000,5.441084
3833.8313,2026-07-20T15:50:07.619499,0.000000,5.440848
3834.3362,2026-07-20T15:50:08.124416,0.000000,5.440760
3834.8455,2026-07-20T15:50:08.633677,0.000000,5.440908
3835.3459,2026-07-20T15:50:09.134104,0.000000,5.440964
3835.8417,2026-07-20T15:50:09.629892,0.000000,5.441076
3836.3403,2026-07-20T15:50:10.128506,0.000000,5.441252
3836.8446,2026-07-20T15:50:10.632813,0.000000,5.441268
3837.3490,2026-07-20T15:50:11.137213,0.000000,5.441544
3837.8326,2026-07-20T15:50:11.620781,0.000000,5.441788
3838.3476,2026-07-20T15:50:12.135788,0.000000,5.442036
3838.8277,2026-07-20T15:50:12.615910,0.000000,5.442424
3839.3235,2026-07-20T15:50:13.111705,0.000000,5.442836
3839.7944,2026-07-20T15:50:13.582644,0.000000,5.442860
3840.2797,2026-07-20T15:50:14.067944,0.000000,5.443012
3840.7698,2026-07-20T15:50:14.557964,0.000000,5.443008
3841.2331,2026-07-20T15:50:15.021251,0.000000,5.443180
3841.7134,2026-07-20T15:50:15.501633,0.000000,5.443188
3842.2090,2026-07-20T15:50:15.997203,0.000000,5.443168
3842.6911,2026-07-20T15:50:16.479300,0.000000,5.442984
3843.1910,2026-07-20T15:50:16.979158,0.000000,5.442716
3843.6774,2026-07-20T15:50:17.465594,0.000000,5.442476
3844.1917,2026-07-20T15:50:17.979900,0.000000,5.442164
3844.6807,2026-07-20T15:50:18.468905,0.000000,5.442060
3845.1820,2026-07-20T15:50:18.970209,0.000000,5.441788
3845.6647,2026-07-20T15:50:19.452934,0.000000,5.441764
3846.1617,2026-07-20T15:50:19.949947,0.000000,5.441740
3846.6573,2026-07-20T15:50:20.445460,0.000000,5.441992
3847.1424,2026-07-20T15:50:20.930572,0.000000,5.441844
3847.6280,2026-07-20T15:50:21.416192,0.000000,5.442048
3848.0922,2026-07-20T15:50:21.880429,0.000000,5.442108
3848.5854,2026-07-20T15:50:22.373592,0.000000,5.441976
3849.1085,2026-07-20T15:50:22.896720,0.000000,5.441840
3849.5881,2026-07-20T15:50:23.376240,0.000000,5.441632
3850.0837,2026-07-20T15:50:23.871903,0.000000,5.441516
3850.5886,2026-07-20T15:50:24.376814,0.000000,5.441456
3851.0545,2026-07-20T15:50:24.842751,0.000000,5.441336
3851.5615,2026-07-20T15:50:25.349727,0.000000,5.440904
3852.0517,2026-07-20T15:50:25.839925,0.000000,5.440940
3852.5509,2026-07-20T15:50:26.339127,0.000000,5.440908
3853.0741,2026-07-20T15:50:26.862324,0.000000,5.440844
3853.5625,2026-07-20T15:50:27.350705,0.000000,5.440956
3854.0440,2026-07-20T15:50:27.832200,0.000000,5.440956
3854.5514,2026-07-20T15:50:28.339614,0.000000,5.440748
3855.0203,2026-07-20T15:50:28.808482,0.000000,5.440800
3855.4965,2026-07-20T15:50:29.284670,0.000000,5.440732
3855.9972,2026-07-20T15:50:29.785346,0.000000,5.440536
3856.4898,2026-07-20T15:50:30.277957,0.000000,5.440532
3856.9722,2026-07-20T15:50:30.760452,0.000000,5.440484
3857.4542,2026-07-20T15:50:31.242427,0.000000,5.440088
3857.9730,2026-07-20T15:50:31.761216,0.000000,5.439788
3858.4597,2026-07-20T15:50:32.247932,0.000000,5.439744
3858.9668,2026-07-20T15:50:32.755031,0.000000,5.439836
3859.4393,2026-07-20T15:50:33.227488,0.000000,5.440148
3859.9395,2026-07-20T15:50:33.727689,0.000000,5.440232
3860.4115,2026-07-20T15:50:34.199724,0.000000,5.440168
3860.9110,2026-07-20T15:50:34.699244,0.000000,5.440124
3861.4003,2026-07-20T15:50:35.188476,0.000000,5.439912
3861.8884,2026-07-20T15:50:35.676561,0.000000,5.439628
3862.4148,2026-07-20T15:50:36.202986,0.000000,5.439588
3862.9172,2026-07-20T15:50:36.705365,0.000000,5.439384
3863.4154,2026-07-20T15:50:37.203602,0.000000,5.439024
3863.8977,2026-07-20T15:50:37.685861,0.000000,5.438572
3864.3940,2026-07-20T15:50:38.182197,0.000000,5.438108
3864.8613,2026-07-20T15:50:38.649548,0.000000,5.437748
3865.3588,2026-07-20T15:50:39.147029,0.000000,5.437416
3865.8337,2026-07-20T15:50:39.621910,0.000000,5.437188
3866.3325,2026-07-20T15:50:40.120675,0.000000,5.437080
3866.8589,2026-07-20T15:50:40.647048,0.000000,5.436872
3867.3548,2026-07-20T15:50:41.142967,0.000000,5.436736
3867.8316,2026-07-20T15:50:41.619836,0.000000,5.436620
3868.3066,2026-07-20T15:50:42.094801,0.000000,5.436576
3868.7772,2026-07-20T15:50:42.565366,0.000000,5.436652
3869.2807,2026-07-20T15:50:43.068927,0.000000,5.436712
3869.7559,2026-07-20T15:50:43.544117,0.000000,5.436592
3870.2328,2026-07-20T15:50:44.020965,0.000000,5.436532
3870.7340,2026-07-20T15:50:44.522228,0.000000,5.436412
3871.2313,2026-07-20T15:50:45.019508,0.000000,5.436128
3871.7448,2026-07-20T15:50:45.532990,0.000000,5.436016
3872.2390,2026-07-20T15:50:46.027230,0.000000,5.435884
3872.7259,2026-07-20T15:50:46.514062,0.000000,5.435876
3873.2316,2026-07-20T15:50:47.019836,0.000000,5.435728
3873.7004,2026-07-20T15:50:47.488594,0.000000,5.435536
3874.1930,2026-07-20T15:50:47.981226,0.000000,5.435320
3874.6636,2026-07-20T15:50:48.451818,0.000000,5.435124
3875.1587,2026-07-20T15:50:48.946892,0.000000,5.435172
3875.6307,2026-07-20T15:50:49.418935,0.000000,5.435064
3876.1253,2026-07-20T15:50:49.913503,0.000000,5.435056
3876.6426,2026-07-20T15:50:50.430775,0.000000,5.434792
3877.1320,2026-07-20T15:50:50.920159,0.000000,5.434608
3877.6090,2026-07-20T15:50:51.397183,0.000000,5.434280
3878.0862,2026-07-20T15:50:51.874395,0.000000,5.434164
3878.5860,2026-07-20T15:50:52.374162,0.000000,5.433872
3879.0859,2026-07-20T15:50:52.874147,0.000000,5.433524
3879.5494,2026-07-20T15:50:53.337627,0.000000,5.433328
3880.0405,2026-07-20T15:50:53.828734,0.000000,5.432952
3880.5255,2026-07-20T15:50:54.313680,0.000000,5.432580
3881.0112,2026-07-20T15:50:54.799440,0.000000,5.432388
3881.5064,2026-07-20T15:50:55.294585,0.000000,5.432180
3882.0134,2026-07-20T15:50:55.801545,0.000000,5.432024
3882.5007,2026-07-20T15:50:56.288910,0.000000,5.431788
3882.9831,2026-07-20T15:50:56.771321,0.000000,5.431692
3883.4493,2026-07-20T15:50:57.237462,0.000000,5.431536
3883.9419,2026-07-20T15:50:57.730146,0.000000,5.431704
3884.4420,2026-07-20T15:50:58.230157,0.000000,5.431672
3884.9364,2026-07-20T15:50:58.724605,0.000000,5.431452
3885.4439,2026-07-20T15:50:59.232113,0.000000,5.431336
3885.9694,2026-07-20T15:50:59.757557,0.000000,5.431252
3886.4500,2026-07-20T15:51:00.238240,0.000000,5.431148
3886.9474,2026-07-20T15:51:00.735606,0.000000,5.431060
3887.4494,2026-07-20T15:51:01.237597,0.000000,5.430864
3887.9354,2026-07-20T15:51:01.723622,0.000000,5.430612
3888.4329,2026-07-20T15:51:02.221144,0.000000,5.430380
3888.9366,2026-07-20T15:51:02.724821,0.000000,5.430064
3889.4392,2026-07-20T15:51:03.227415,0.000000,5.429812
3889.9391,2026-07-20T15:51:03.727320,0.000000,5.429732
3890.4357,2026-07-20T15:51:04.223919,0.000000,5.429604
3890.9364,2026-07-20T15:51:04.724577,0.000000,5.429336
3891.4209,2026-07-20T15:51:05.209136,0.000000,5.429252
3891.8926,2026-07-20T15:51:05.680760,0.000000,5.429152
3892.3908,2026-07-20T15:51:06.179005,0.000000,5.429104
3892.8926,2026-07-20T15:51:06.680793,0.000000,5.429076
3893.3600,2026-07-20T15:51:07.148178,0.000000,5.429084
3893.8239,2026-07-20T15:51:07.612113,0.000000,5.428992
3894.3174,2026-07-20T15:51:08.105643,0.000000,5.428992
3894.8177,2026-07-20T15:51:08.605912,0.000000,5.428892
3895.3347,2026-07-20T15:51:09.122944,0.000000,5.428876
3895.8297,2026-07-20T15:51:09.617920,0.000000,5.428868
3896.3233,2026-07-20T15:51:10.111517,0.000000,5.428700
3896.8243,2026-07-20T15:51:10.612485,0.000000,5.428480
3897.2803,2026-07-20T15:51:11.068522,0.000000,5.428184
3897.7351,2026-07-20T15:51:11.523289,0.000000,5.428068
3898.2365,2026-07-20T15:51:12.024736,0.000000,5.427804
3898.7375,2026-07-20T15:51:12.525740,0.000000,5.427576
3899.2345,2026-07-20T15:51:13.022726,0.000000,5.427400
3899.6984,2026-07-20T15:51:13.486606,0.000000,5.427012
3900.1959,2026-07-20T15:51:13.984141,0.000000,5.426636
3900.7253,2026-07-20T15:51:14.513456,0.000000,5.426264
3901.2013,2026-07-20T15:51:14.989543,0.000000,5.425924
3901.7004,2026-07-20T15:51:15.488610,0.000000,5.425344
3902.1923,2026-07-20T15:51:15.980485,0.000000,5.424920
3902.6539,2026-07-20T15:51:16.442129,0.000000,5.424568
3903.1529,2026-07-20T15:51:16.941056,0.000000,5.424384
3903.6485,2026-07-20T15:51:17.436726,0.000000,5.424216
3904.1334,2026-07-20T15:51:17.921649,0.000000,5.424072
3904.6402,2026-07-20T15:51:18.428453,0.000000,5.423828
3905.1779,2026-07-20T15:51:18.966077,0.000000,5.423680
3905.6489,2026-07-20T15:51:19.437152,0.000000,5.423348
3906.1417,2026-07-20T15:51:19.929872,0.000000,5.423020
3906.6256,2026-07-20T15:51:20.413818,0.000000,5.422780
3907.1066,2026-07-20T15:51:20.894838,0.000000,5.422576
3907.6073,2026-07-20T15:51:21.395486,0.000000,5.422128
3908.0757,2026-07-20T15:51:21.863936,0.000000,5.421560
3908.5461,2026-07-20T15:51:22.334351,0.000000,5.420928
3909.0520,2026-07-20T15:51:22.840186,0.000000,5.420156
3909.5549,2026-07-20T15:51:23.343116,0.000000,5.419492
3910.0541,2026-07-20T15:51:23.842308,0.000000,5.418872
3910.5524,2026-07-20T15:51:24.340626,0.000000,5.418352
3911.0561,2026-07-20T15:51:24.844326,0.000000,5.417788
3911.5336,2026-07-20T15:51:25.321838,0.000000,5.417512
3912.0149,2026-07-20T15:51:25.803146,0.000000,5.417216
3912.5141,2026-07-20T15:51:26.302288,0.000000,5.416836
3913.0165,2026-07-20T15:51:26.804691,0.000000,5.416564
3913.4926,2026-07-20T15:51:27.280793,0.000000,5.416132
3914.0119,2026-07-20T15:51:27.800062,0.000000,5.415864
3914.5055,2026-07-20T15:51:28.293739,0.000000,5.415624
3914.9794,2026-07-20T15:51:28.767577,0.000000,5.415432
3915.4695,2026-07-20T15:51:29.257713,0.000000,5.415276
3915.9693,2026-07-20T15:51:29.757518,0.000000,5.415032
3916.4513,2026-07-20T15:51:30.239522,0.000000,5.414604
3916.9528,2026-07-20T15:51:30.741029,0.000000,5.414316
3917.4524,2026-07-20T15:51:31.240615,0.000000,5.414116
3917.9359,2026-07-20T15:51:31.724152,0.000000,5.413792
3918.4377,2026-07-20T15:51:32.225901,0.000000,5.413572
3918.9312,2026-07-20T15:51:32.719436,0.000000,5.413296
3919.4256,2026-07-20T15:51:33.213772,0.000000,5.412964
3919.8976,2026-07-20T15:51:33.685810,0.000000,5.412588
3920.3862,2026-07-20T15:51:34.174393,0.000000,5.412204
3920.8793,2026-07-20T15:51:34.667514,0.000000,5.411928
3921.3877,2026-07-20T15:51:35.175949,0.000000,5.411704
3921.8848,2026-07-20T15:51:35.672993,0.000000,5.411416
3922.3821,2026-07-20T15:51:36.170341,0.000000,5.411272
3922.8763,2026-07-20T15:51:36.664476,0.000000,5.411036
3923.3446,2026-07-20T15:51:37.132791,0.000000,5.411004
3923.8130,2026-07-20T15:51:37.601250,0.000000,5.410892
3924.2948,2026-07-20T15:51:38.082968,0.000000,5.410868
3924.7857,2026-07-20T15:51:38.573866,0.000000,5.410736
3925.2908,2026-07-20T15:51:39.078964,0.000000,5.410632
3925.7440,2026-07-20T15:51:39.532183,0.000000,5.410456
3926.2487,2026-07-20T15:51:40.036940,0.000000,5.410372
3926.7337,2026-07-20T15:51:40.521927,0.000000,5.410252
3927.2047,2026-07-20T15:51:40.992925,0.000000,5.410080
3927.6986,2026-07-20T15:51:41.486838,0.000000,5.409756
3928.1987,2026-07-20T15:51:41.986861,0.000000,5.409484
3928.7006,2026-07-20T15:51:42.488841,0.000000,5.409164
3929.1770,2026-07-20T15:51:42.965147,0.000000,5.408912
3929.6631,2026-07-20T15:51:43.451284,0.000000,5.408600
3930.1610,2026-07-20T15:51:43.949166,0.000000,5.408436
3930.6592,2026-07-20T15:51:44.447439,0.000000,5.408172
3931.1385,2026-07-20T15:51:44.926665,0.000000,5.407904
3931.6194,2026-07-20T15:51:45.407553,0.000000,5.407528
3932.1193,2026-07-20T15:51:45.907490,0.000000,5.406992
3932.6381,2026-07-20T15:51:46.426271,0.000000,5.406560
3933.1351,2026-07-20T15:51:46.923256,0.000000,5.406088
3933.6248,2026-07-20T15:51:47.412981,0.000000,5.405488
3934.1241,2026-07-20T15:51:47.912286,0.000000,5.404972
3934.6258,2026-07-20T15:51:48.414003,0.000000,5.404548
3935.0938,2026-07-20T15:51:48.882034,0.000000,5.404096
3935.5963,2026-07-20T15:51:49.384515,0.000000,5.403560
3936.0821,2026-07-20T15:51:49.870289,0.000000,5.402812
3936.5942,2026-07-20T15:51:50.382414,0.000000,5.402140
3937.0934,2026-07-20T15:51:50.881651,0.000000,5.401548
3937.5925,2026-07-20T15:51:51.380739,0.000000,5.401148
3938.0592,2026-07-20T15:51:51.847409,0.000000,5.400596
3938.5299,2026-07-20T15:51:52.318141,0.000000,5.400060
3939.0320,2026-07-20T15:51:52.820176,0.000000,5.399420
3939.5247,2026-07-20T15:51:53.312851,0.000000,5.398784
3940.0235,2026-07-20T15:51:53.811752,0.000000,5.398320
3940.4976,2026-07-20T15:51:54.285819,0.000000,5.397696
3940.9947,2026-07-20T15:51:54.782875,0.000000,5.397324
3941.4780,2026-07-20T15:51:55.266182,0.000000,5.396960
3941.9871,2026-07-20T15:51:55.775273,0.000000,5.396496
3942.5001,2026-07-20T15:51:56.288295,0.000000,5.395952
3943.0057,2026-07-20T15:51:56.793851,0.000000,5.395532
3943.5050,2026-07-20T15:51:57.293204,0.000000,5.395056
3944.0048,2026-07-20T15:51:57.793005,0.000000,5.394728
3944.5046,2026-07-20T15:51:58.292784,0.000000,5.394328
3944.9781,2026-07-20T15:51:58.766275,0.000000,5.393780
3945.4577,2026-07-20T15:51:59.245875,0.000000,5.393484
3945.9702,2026-07-20T15:51:59.758379,0.000000,5.393172
3946.4530,2026-07-20T15:52:00.241195,0.000000,5.392852
3946.9502,2026-07-20T15:52:00.738390,0.000000,5.392568
3947.4446,2026-07-20T15:52:01.232765,0.000000,5.392088
3947.9200,2026-07-20T15:52:01.708166,0.000000,5.391676
3948.4155,2026-07-20T15:52:02.203662,0.000000,5.391476
3948.9244,2026-07-20T15:52:02.712574,0.000000,5.391276
3949.4157,2026-07-20T15:52:03.203868,0.000000,5.391020
3949.9443,2026-07-20T15:52:03.732454,0.000000,5.390820
3950.4394,2026-07-20T15:52:04.227614,0.000000,5.390500
3950.9337,2026-07-20T15:52:04.721905,0.000000,5.390068
3951.4149,2026-07-20T15:52:05.203055,0.000000,5.389804
3951.8996,2026-07-20T15:52:05.687824,0.000000,5.389484
3952.4033,2026-07-20T15:52:06.191469,0.000000,5.389320
3952.9006,2026-07-20T15:52:06.688818,0.000000,5.389128
3953.3609,2026-07-20T15:52:07.149150,0.000000,5.388852
3953.8563,2026-07-20T15:52:07.644507,0.000000,5.388444
3954.3818,2026-07-20T15:52:08.169979,0.000000,5.387940
3954.8528,2026-07-20T15:52:08.640993,0.000000,5.387492
3955.3440,2026-07-20T15:52:09.132156,0.000000,5.387064
3955.8296,2026-07-20T15:52:09.617848,0.000000,5.386864
3956.3269,2026-07-20T15:52:10.115053,0.000000,5.386660
3956.8133,2026-07-20T15:52:10.601493,0.000000,5.386380
3957.3009,2026-07-20T15:52:11.089145,0.000000,5.386156
3957.7905,2026-07-20T15:52:11.578735,0.000000,5.385876
3958.2625,2026-07-20T15:52:12.050729,0.000000,5.385488
3958.7385,2026-07-20T15:52:12.526703,0.000000,5.385192
3959.2131,2026-07-20T15:52:13.001285,0.000000,5.384888
3959.6741,2026-07-20T15:52:13.462303,0.000000,5.384512
3960.1673,2026-07-20T15:52:13.955529,0.000000,5.384212
3960.6614,2026-07-20T15:52:14.449652,0.000000,5.383724
3961.1258,2026-07-20T15:52:14.913999,0.000000,5.383136
3961.6090,2026-07-20T15:52:15.397236,0.000000,5.382468
3962.0993,2026-07-20T15:52:15.887530,0.000000,5.381948
3962.5945,2026-07-20T15:52:16.382659,0.000000,5.381404
3963.0921,2026-07-20T15:52:16.880322,0.000000,5.380860
3963.5566,2026-07-20T15:52:17.344791,0.000000,5.380516
3964.0587,2026-07-20T15:52:17.846950,0.000000,5.380132
3964.5680,2026-07-20T15:52:18.356176,0.000000,5.379728
3965.0502,2026-07-20T15:52:18.838365,0.000000,5.379388
3965.5454,2026-07-20T15:52:19.333635,0.000000,5.379112
3966.0279,2026-07-20T15:52:19.816119,0.000000,5.378784
3966.5207,2026-07-20T15:52:20.308933,0.000000,5.378460
3967.0033,2026-07-20T15:52:20.791462,0.000000,5.378108
3967.4840,2026-07-20T15:52:21.272178,0.000000,5.377700
3967.9905,2026-07-20T15:52:21.778675,0.000000,5.377340
3968.4910,2026-07-20T15:52:22.279214,0.000000,5.376920
3968.9813,2026-07-20T15:52:22.769469,0.000000,5.376580
3969.4697,2026-07-20T15:52:23.257860,0.000000,5.376272
3969.9536,2026-07-20T15:52:23.741802,0.000000,5.375892
3970.4411,2026-07-20T15:52:24.229346,0.000000,5.375504
3970.8895,2026-07-20T15:52:24.677675,0.000000,5.375200
3971.3730,2026-07-20T15:52:25.161185,0.000000,5.374956
3971.8738,2026-07-20T15:52:25.662001,0.000000,5.374552
3972.3751,2026-07-20T15:52:26.163339,0.000000,5.374292
3972.8502,2026-07-20T15:52:26.638449,0.000000,5.373872
3973.3249,2026-07-20T15:52:27.113120,0.000000,5.373504
3973.8007,2026-07-20T15:52:27.588902,0.000000,5.373004
3974.2968,2026-07-20T15:52:28.084988,0.000000,5.372636
3974.7889,2026-07-20T15:52:28.577100,0.000000,5.372180
3975.2556,2026-07-20T15:52:29.043821,0.000000,5.371652
3975.7524,2026-07-20T15:52:29.540648,0.000000,5.371100
3976.2584,2026-07-20T15:52:30.046579,0.000000,5.370568
3976.7421,2026-07-20T15:52:30.530262,0.000000,5.370176
3977.2444,2026-07-20T15:52:31.032549,0.000000,5.369668
3977.6983,2026-07-20T15:52:31.486502,0.000000,5.369280
3978.2005,2026-07-20T15:52:31.988747,0.000000,5.369104
3978.6655,2026-07-20T15:52:32.453745,0.000000,5.368776
3979.1495,2026-07-20T15:52:32.937729,0.000000,5.368420
3979.6407,2026-07-20T15:52:33.428915,0.000000,5.368036
3980.1405,2026-07-20T15:52:33.928687,0.000000,5.367768
3980.6358,2026-07-20T15:52:34.424041,0.000000,5.367508
3981.1171,2026-07-20T15:52:34.905249,0.000000,5.367220
3981.6447,2026-07-20T15:52:35.432917,0.000000,5.366860
3982.1155,2026-07-20T15:52:35.903723,0.000000,5.366596
3982.6214,2026-07-20T15:52:36.409619,0.000000,5.366084
3983.0796,2026-07-20T15:52:36.867791,0.000000,5.365708
3983.5605,2026-07-20T15:52:37.348674,0.000000,5.365360
3984.0569,2026-07-20T15:52:37.845113,0.000000,5.365072
3984.5425,2026-07-20T15:52:38.330727,0.000000,5.364824
3984.9967,2026-07-20T15:52:38.785011,0.000000,5.364496
3985.4637,2026-07-20T15:52:39.251870,0.000000,5.363996
3985.9675,2026-07-20T15:52:39.755684,0.000000,5.363412
3986.4659,2026-07-20T15:52:40.254112,0.000000,5.362896
3986.9371,2026-07-20T15:52:40.725322,0.000000,5.362368
3987.4339,2026-07-20T15:52:41.222057,0.000000,5.362056
3987.9437,2026-07-20T15:52:41.731899,0.000000,5.361668
3988.4019,2026-07-20T15:52:42.190072,0.000000,5.361308
3988.9048,2026-07-20T15:52:42.693005,0.000000,5.360788
3989.4030,2026-07-20T15:52:43.191172,0.000000,5.360280
3989.8971,2026-07-20T15:52:43.685273,0.000000,5.359716
3990.3889,2026-07-20T15:52:44.177124,0.000000,5.359288
3990.8619,2026-07-20T15:52:44.650149,0.000000,5.359108
3991.3592,2026-07-20T15:52:45.147429,0.000000,5.358784
3991.8610,2026-07-20T15:52:45.649225,0.000000,5.358440
3992.3493,2026-07-20T15:52:46.137525,0.000000,5.357784
3992.8587,2026-07-20T15:52:46.646945,0.000000,5.357312
3993.3397,2026-07-20T15:52:47.129628,0.000000,5.356772
3993.8358,2026-07-20T15:52:47.623971,0.000000,5.356412
3994.2914,2026-07-20T15:52:48.079846,0.000000,5.355948
3994.7620,2026-07-20T15:52:48.550170,0.000000,5.355628
3995.2196,2026-07-20T15:52:49.007814,0.000000,5.355428
3995.7000,2026-07-20T15:52:49.488217,0.000000,5.355176
3996.1763,2026-07-20T15:52:49.964543,0.000000,5.354692
3996.6736,2026-07-20T15:52:50.461765,0.000000,5.354372
3997.1395,2026-07-20T15:52:50.927682,0.000000,5.354208
3997.6447,2026-07-20T15:52:51.432946,0.000000,5.353912
3998.1197,2026-07-20T15:52:51.907874,0.000000,5.353512
3998.6234,2026-07-20T15:52:52.411599,0.000000,5.352952
3999.1185,2026-07-20T15:52:52.906672,0.000000,5.352508
3999.6382,2026-07-20T15:52:53.426394,0.000000,5.351900
4000.1254,2026-07-20T15:52:53.913564,0.000000,5.351448
4000.6155,2026-07-20T15:52:54.403661,0.000000,5.351008
4001.0952,2026-07-20T15:52:54.883382,0.000000,5.350724
4001.6008,2026-07-20T15:52:55.389005,0.000000,5.350516
4002.1019,2026-07-20T15:52:55.890136,0.000000,5.350260
4002.5939,2026-07-20T15:52:56.382058,0.000000,5.350056
4003.0516,2026-07-20T15:52:56.839839,0.000000,5.349844
4003.5409,2026-07-20T15:52:57.329152,0.000000,5.349900
4004.0214,2026-07-20T15:52:57.809564,0.000000,5.349752
4004.5306,2026-07-20T15:52:58.318816,0.000000,5.349600
4005.0360,2026-07-20T15:52:58.824179,0.000000,5.349332
4005.5004,2026-07-20T15:52:59.288577,0.000000,5.349068
4005.9920,2026-07-20T15:52:59.780258,0.000000,5.348720
4006.4575,2026-07-20T15:53:00.245692,0.000000,5.348464
4006.9530,2026-07-20T15:53:00.741200,0.000000,5.348072
4007.4374,2026-07-20T15:53:01.225656,0.000000,5.347724
4007.8989,2026-07-20T15:53:01.687151,0.000000,5.347396
4008.3994,2026-07-20T15:53:02.187557,0.000000,5.347008
4008.8692,2026-07-20T15:53:02.657386,0.000000,5.346712
4009.3352,2026-07-20T15:53:03.123423,0.000000,5.346440
4009.8354,2026-07-20T15:53:03.623646,0.000000,5.346024
4010.3114,2026-07-20T15:53:04.099643,0.000000,5.345648
4010.8097,2026-07-20T15:53:04.597910,0.000000,5.345488
4011.2602,2026-07-20T15:53:05.048367,0.000000,5.345004
4011.7574,2026-07-20T15:53:05.545580,0.000000,5.344764
4012.2294,2026-07-20T15:53:06.017555,0.000000,5.344388
4012.7243,2026-07-20T15:53:06.512532,0.000000,5.344140
4013.1899,2026-07-20T15:53:06.978076,0.000000,5.343812
4013.6788,2026-07-20T15:53:07.467045,0.000000,5.343476
4014.1508,2026-07-20T15:53:07.939028,0.000000,5.343244
4014.6377,2026-07-20T15:53:08.425873,0.000000,5.343028
4015.1138,2026-07-20T15:53:08.902017,0.000000,5.342808
4015.6113,2026-07-20T15:53:09.399524,0.000000,5.342644
4016.1193,2026-07-20T15:53:09.907464,0.000000,5.342492
4016.6149,2026-07-20T15:53:10.403074,0.000000,5.342072
4017.1113,2026-07-20T15:53:10.899461,0.000000,5.341652
4017.5765,2026-07-20T15:53:11.364863,0.000000,5.341104
4018.0728,2026-07-20T15:53:11.861040,0.000000,5.340788
4018.5594,2026-07-20T15:53:12.347598,0.000000,5.340296
4019.0317,2026-07-20T15:53:12.819926,0.000000,5.339788
4019.5170,2026-07-20T15:53:13.305223,0.000000,5.339396
4020.0090,2026-07-20T15:53:13.797194,0.000000,5.338968
4020.4941,2026-07-20T15:53:14.282337,0.000000,5.338596
4021.0079,2026-07-20T15:53:14.796046,0.000000,5.338264
4021.5018,2026-07-20T15:53:15.289961,0.000000,5.338152
4022.0071,2026-07-20T15:53:15.795267,0.000000,5.338052
4022.5070,2026-07-20T15:53:16.295160,0.000000,5.338016
4022.9756,2026-07-20T15:53:16.763848,0.000000,5.337868
4023.4603,2026-07-20T15:53:17.248458,0.000000,5.337936
4023.9566,2026-07-20T15:53:17.744849,0.000000,5.337848
4024.4395,2026-07-20T15:53:18.227703,0.000000,5.337744
4024.9193,2026-07-20T15:53:18.707554,0.000000,5.337556
4025.4393,2026-07-20T15:53:19.227484,0.000000,5.337432
4025.9079,2026-07-20T15:53:19.696094,0.000000,5.337212
4026.4037,2026-07-20T15:53:20.191873,0.000000,5.336888
4026.8866,2026-07-20T15:53:20.674853,0.000000,5.336552
4027.3895,2026-07-20T15:53:21.177660,0.000000,5.336420
4027.8813,2026-07-20T15:53:21.669472,0.000000,5.336172
4028.3807,2026-07-20T15:53:22.168938,0.000000,5.335976
4028.8468,2026-07-20T15:53:22.635006,0.000000,5.335800
4029.3228,2026-07-20T15:53:23.111000,0.000000,5.335524
4029.8197,2026-07-20T15:53:23.607949,0.000000,5.335392
4030.3100,2026-07-20T15:53:24.098226,0.000000,5.335148
4030.8239,2026-07-20T15:53:24.612154,0.000000,5.334744
4031.3223,2026-07-20T15:53:25.110556,0.000000,5.334364
4031.8058,2026-07-20T15:53:25.594025,0.000000,5.334060
4032.3021,2026-07-20T15:53:26.090306,0.000000,5.333792
4032.7985,2026-07-20T15:53:26.586686,0.000000,5.333532
4033.2992,2026-07-20T15:53:27.087362,0.000000,5.333180
4033.7896,2026-07-20T15:53:27.577821,0.000000,5.332792
4034.3142,2026-07-20T15:53:28.102431,0.000000,5.332576
4034.8023,2026-07-20T15:53:28.590490,0.000000,5.332332
4035.3070,2026-07-20T15:53:29.095175,0.000000,5.332052
4035.8104,2026-07-20T15:53:29.598570,0.000000,5.332000
4036.3025,2026-07-20T15:53:30.090703,0.000000,5.332004
4036.8013,2026-07-20T15:53:30.589503,0.000000,5.331928
4037.2700,2026-07-20T15:53:31.058215,0.000000,5.331736
4037.7416,2026-07-20T15:53:31.529810,0.000000,5.331628
4038.2123,2026-07-20T15:53:32.000535,0.000000,5.331532
4038.6991,2026-07-20T15:53:32.487302,0.000000,5.331452
4039.1573,2026-07-20T15:53:32.945552,0.000000,5.331356
4039.6526,2026-07-20T15:53:33.440778,0.000000,5.331176
4040.1296,2026-07-20T15:53:33.917805,0.000000,5.331080
4040.6623,2026-07-20T15:53:34.450516,0.000000,5.330964
4041.1442,2026-07-20T15:53:34.932409,0.000000,5.330640
4041.6478,2026-07-20T15:53:35.436051,0.000000,5.330468
4042.1350,2026-07-20T15:53:35.923176,0.000000,5.330288
4042.6124,2026-07-20T15:53:36.400560,0.000000,5.330148
4043.1165,2026-07-20T15:53:36.904673,0.000000,5.330000
4043.6040,2026-07-20T15:53:37.392160,0.000000,5.329876
4044.0958,2026-07-20T15:53:37.884007,0.000000,5.329592
4044.6138,2026-07-20T15:53:38.401994,0.000000,5.329460
4045.1114,2026-07-20T15:53:38.899564,0.000000,5.329412
4045.5799,2026-07-20T15:53:39.368078,0.000000,5.329180
4046.0815,2026-07-20T15:53:39.869718,0.000000,5.329284
4046.5861,2026-07-20T15:53:40.374341,0.000000,5.329176
4047.0729,2026-07-20T15:53:40.861145,0.000000,5.329240
4047.5734,2026-07-20T15:53:41.361576,0.000000,5.329204
4048.0378,2026-07-20T15:53:41.825983,0.000000,5.329108
4048.5069,2026-07-20T15:53:42.295074,0.000000,5.328916
4049.0013,2026-07-20T15:53:42.789515,0.000000,5.328788
4049.4714,2026-07-20T15:53:43.259593,0.000000,5.328692
4049.9748,2026-07-20T15:53:43.762967,0.000000,5.328404
4050.4726,2026-07-20T15:53:44.260768,0.000000,5.328200
4050.9754,2026-07-20T15:53:44.763656,0.000000,5.327740
4051.4734,2026-07-20T15:53:45.261590,0.000000,5.327408
4051.9769,2026-07-20T15:53:45.765078,0.000000,5.327204
4052.4748,2026-07-20T15:53:46.262965,0.000000,5.326740
4052.9705,2026-07-20T15:53:46.758683,0.000000,5.326508
4053.4762,2026-07-20T15:53:47.264430,0.000000,5.326380
4053.9403,2026-07-20T15:53:47.728489,0.000000,5.326252
4054.4297,2026-07-20T15:53:48.217858,0.000000,5.326072
4054.8997,2026-07-20T15:53:48.687950,0.000000,5.325880
4055.3869,2026-07-20T15:53:49.175125,0.000000,5.325836
4055.8683,2026-07-20T15:53:49.656541,0.000000,5.325680
4056.3605,2026-07-20T15:53:50.148729,0.000000,5.325408
4056.8467,2026-07-20T15:53:50.634851,0.000000,5.325248
4057.3355,2026-07-20T15:53:51.123726,0.000000,5.325184
4057.8412,2026-07-20T15:53:51.629380,0.000000,5.325008
4058.3198,2026-07-20T15:53:52.108031,0.000000,5.324644
4058.7984,2026-07-20T15:53:52.586617,0.000000,5.324388
4059.2919,2026-07-20T15:53:53.080088,0.000000,5.324264
4059.8001,2026-07-20T15:53:53.588323,0.000000,5.324032
4060.2954,2026-07-20T15:53:54.083652,0.000000,5.323780
4060.7963,2026-07-20T15:53:54.584447,0.000000,5.323612
4061.2644,2026-07-20T15:53:55.052618,0.000000,5.323576
4061.7652,2026-07-20T15:53:55.553401,0.000000,5.323512
4062.2677,2026-07-20T15:53:56.055880,0.000000,5.323176
4062.7327,2026-07-20T15:53:56.520865,0.000000,5.322956
4063.2361,2026-07-20T15:53:57.024256,0.000000,5.322888
4063.7321,2026-07-20T15:53:57.520304,0.000000,5.322756
4064.2441,2026-07-20T15:53:58.032258,0.000000,5.322560
4064.7460,2026-07-20T15:53:58.534250,0.000000,5.322244
4065.2438,2026-07-20T15:53:59.031992,0.000000,5.321968
4065.7239,2026-07-20T15:53:59.512130,0.000000,5.321492
4066.2029,2026-07-20T15:53:59.991075,0.000000,5.320952
4066.7085,2026-07-20T15:54:00.496714,0.000000,5.320372
4067.2063,2026-07-20T15:54:00.994530,0.000000,5.320040
4067.7080,2026-07-20T15:54:01.496189,0.000000,5.319628
4068.1796,2026-07-20T15:54:01.967771,0.000000,5.319240
4068.6650,2026-07-20T15:54:02.453161,0.000000,5.318860
4069.1631,2026-07-20T15:54:02.951337,0.000000,5.318384
4069.6542,2026-07-20T15:54:03.442370,0.000000,5.318120
4070.1629,2026-07-20T15:54:03.951063,0.000000,5.317852
4070.6580,2026-07-20T15:54:04.446187,0.000000,5.317492
4071.1554,2026-07-20T15:54:04.943553,0.000000,5.317308
4071.6435,2026-07-20T15:54:05.431705,0.000000,5.317316
4072.1228,2026-07-20T15:54:05.910991,0.000000,5.317064
4072.5925,2026-07-20T15:54:06.380745,0.000000,5.316864
4073.0575,2026-07-20T15:54:06.845730,0.000000,5.316732
4073.5418,2026-07-20T15:54:07.329956,0.000000,5.316536
4074.0202,2026-07-20T15:54:07.808451,0.000000,5.316380
4074.5167,2026-07-20T15:54:08.304884,0.000000,5.316156
4074.9909,2026-07-20T15:54:08.779147,0.000000,5.315944
4075.5041,2026-07-20T15:54:09.292297,0.000000,5.315820
4076.0006,2026-07-20T15:54:09.788826,0.000000,5.315948
4076.4900,2026-07-20T15:54:10.278249,0.000000,5.315972
4076.9880,2026-07-20T15:54:10.776242,0.000000,5.315844
4077.4572,2026-07-20T15:54:11.245370,0.000000,5.315756
4077.9393,2026-07-20T15:54:11.727542,0.000000,5.315680
4078.4077,2026-07-20T15:54:12.195942,0.000000,5.315588
4078.8920,2026-07-20T15:54:12.680214,0.000000,5.315472
4079.3644,2026-07-20T15:54:13.152626,0.000000,5.315608
4079.8329,2026-07-20T15:54:13.621147,0.000000,5.315748
4080.3204,2026-07-20T15:54:14.108611,0.000000,5.315732
4080.8068,2026-07-20T15:54:14.594979,0.000000,5.315796
4081.2940,2026-07-20T15:54:15.082228,0.000000,5.315740
4081.7917,2026-07-20T15:54:15.579876,0.000000,5.315516
4082.2680,2026-07-20T15:54:16.056226,0.000000,5.315564
4082.7602,2026-07-20T15:54:16.548422,0.000000,5.315436
4083.2557,2026-07-20T15:54:17.043936,0.000000,5.315372
4083.7664,2026-07-20T15:54:17.554577,0.000000,5.315360
4084.2592,2026-07-20T15:54:18.047439,0.000000,5.315296
4084.7392,2026-07-20T15:54:18.527369,0.000000,5.315076
4085.1922,2026-07-20T15:54:18.980442,0.000000,5.314936
4085.6880,2026-07-20T15:54:19.476249,0.000000,5.314780
4086.1517,2026-07-20T15:54:19.939944,0.000000,5.314560
4086.6534,2026-07-20T15:54:20.441570,0.000000,5.314508
4087.1535,2026-07-20T15:54:20.941702,0.000000,5.314492
4087.6029,2026-07-20T15:54:21.391099,0.000000,5.314352
4088.0907,2026-07-20T15:54:21.878904,0.000000,5.314456
4088.5585,2026-07-20T15:54:22.346673,0.000000,5.314464
4089.0542,2026-07-20T15:54:22.842444,0.000000,5.314328
4089.5452,2026-07-20T15:54:23.333441,0.000000,5.314292
4090.0083,2026-07-20T15:54:23.796508,0.000000,5.314372
4090.5062,2026-07-20T15:54:24.294444,0.000000,5.314356
4091.0033,2026-07-20T15:54:24.791473,0.000000,5.314352
4091.5072,2026-07-20T15:54:25.295386,0.000000,5.314200
4092.0261,2026-07-20T15:54:25.814336,0.000000,5.314220
4092.5114,2026-07-20T15:54:26.299575,0.000000,5.314152
4092.9928,2026-07-20T15:54:26.780996,0.000000,5.313980
4093.4891,2026-07-20T15:54:27.277280,0.000000,5.313856
4093.9825,2026-07-20T15:54:27.770752,0.000000,5.313872
4094.4886,2026-07-20T15:54:28.276778,0.000000,5.314024
4094.9747,2026-07-20T15:54:28.762885,0.000000,5.313916
4095.4472,2026-07-20T15:54:29.235377,0.000000,5.313768
4095.9472,2026-07-20T15:54:29.735419,0.000000,5.313656
4096.4637,2026-07-20T15:54:30.251901,0.000000,5.313572
4096.9530,2026-07-20T15:54:30.741250,0.000000,5.313568
4097.4539,2026-07-20T15:54:31.242070,0.000000,5.313580
4097.9595,2026-07-20T15:54:31.747667,0.000000,5.313660
4098.4514,2026-07-20T15:54:32.239610,0.000000,5.313648
4098.9728,2026-07-20T15:54:32.761031,0.000000,5.313556
4099.4554,2026-07-20T15:54:33.243561,0.000000,5.313240
4099.9511,2026-07-20T15:54:33.739302,0.000000,5.313136
4100.4468,2026-07-20T15:54:34.235035,0.000000,5.313016
4100.9470,2026-07-20T15:54:34.735172,0.000000,5.312892
4101.4117,2026-07-20T15:54:35.199893,0.000000,5.312828
4101.9104,2026-07-20T15:54:35.698611,0.000000,5.312668
4102.3824,2026-07-20T15:54:36.170603,0.000000,5.312408
4102.8656,2026-07-20T15:54:36.653798,0.000000,5.312140
4103.3656,2026-07-20T15:54:37.153848,0.000000,5.311928
4103.8798,2026-07-20T15:54:37.668056,0.000000,5.311884
4104.3789,2026-07-20T15:54:38.167080,0.000000,5.311668
4104.8741,2026-07-20T15:54:38.662293,0.000000,5.311636
4105.3553,2026-07-20T15:54:39.143495,0.000000,5.311576
4105.8479,2026-07-20T15:54:39.636124,0.000000,5.311488
4106.3182,2026-07-20T15:54:40.106378,0.000000,5.311476
4106.8068,2026-07-20T15:54:40.595004,0.000000,5.311452
4107.3019,2026-07-20T15:54:41.090152,0.000000,5.311624
4107.7970,2026-07-20T15:54:41.585226,0.000000,5.311708
4108.3254,2026-07-20T15:54:42.113621,0.000000,5.311652
4108.8287,2026-07-20T15:54:42.616922,0.000000,5.311508
4109.3069,2026-07-20T15:54:43.095143,0.000000,5.311556
4109.7523,2026-07-20T15:54:43.540458,0.000000,5.311384
4110.2487,2026-07-20T15:54:44.036873,0.000000,5.311372
4110.7031,2026-07-20T15:54:44.491322,0.000000,5.311324
4111.1782,2026-07-20T15:54:44.966413,0.000000,5.311236
4111.6516,2026-07-20T15:54:45.439821,0.000000,5.311080
4112.1533,2026-07-20T15:54:45.941552,0.000000,5.310960
4112.6490,2026-07-20T15:54:46.437240,0.000000,5.310848
4113.1119,2026-07-20T15:54:46.900128,0.000000,5.310712
4113.5901,2026-07-20T15:54:47.378278,0.000000,5.310540
4114.1012,2026-07-20T15:54:47.889403,0.000000,5.310476
4114.5971,2026-07-20T15:54:48.385276,0.000000,5.310388
4115.0610,2026-07-20T15:54:48.849143,0.000000,5.310236
4115.5806,2026-07-20T15:54:49.368818,0.000000,5.310144
4116.0839,2026-07-20T15:54:49.872099,0.000000,5.310144
4116.5803,2026-07-20T15:54:50.368552,0.000000,5.310056
4117.0532,2026-07-20T15:54:50.841409,0.000000,5.309816
4117.5351,2026-07-20T15:54:51.323347,0.000000,5.309740
4118.0396,2026-07-20T15:54:51.827811,0.000000,5.309752
4118.5032,2026-07-20T15:54:52.291385,0.000000,5.309796
4119.0013,2026-07-20T15:54:52.789472,0.000000,5.309748
4119.5116,2026-07-20T15:54:53.299769,0.000000,5.309876
4119.9944,2026-07-20T15:54:53.782581,0.000000,5.309992
4120.4522,2026-07-20T15:54:54.240368,0.000000,5.310112
4120.9302,2026-07-20T15:54:54.718375,0.000000,5.310144
4121.4287,2026-07-20T15:54:55.216867,0.000000,5.310168
4121.9107,2026-07-20T15:54:55.698864,0.000000,5.310244
4122.3935,2026-07-20T15:54:56.181740,0.000000,5.310460
4122.8739,2026-07-20T15:54:56.662074,0.000000,5.310592
4123.3667,2026-07-20T15:54:57.154889,0.000000,5.310604
4123.8569,2026-07-20T15:54:57.645083,0.000000,5.310624
4124.3282,2026-07-20T15:54:58.116431,0.000000,5.310568
4124.7912,2026-07-20T15:54:58.579396,0.000000,5.310624
4125.2931,2026-07-20T15:54:59.081353,0.000000,5.310628
4125.7908,2026-07-20T15:54:59.579008,0.000000,5.310492
4126.2738,2026-07-20T15:55:00.061981,0.000000,5.310420
4126.7619,2026-07-20T15:55:00.550085,0.000000,5.310472
4127.2489,2026-07-20T15:55:01.037096,0.000000,5.310456
4127.7212,2026-07-20T15:55:01.509435,0.000000,5.310324
4128.2216,2026-07-20T15:55:02.009802,0.000000,5.310256
4128.6984,2026-07-20T15:55:02.486593,0.000000,5.310260
4129.2010,2026-07-20T15:55:02.989225,0.000000,5.310224
4129.6941,2026-07-20T15:55:03.482251,0.000000,5.309992
4130.1912,2026-07-20T15:55:03.979411,0.000000,5.309984
4130.6969,2026-07-20T15:55:04.485147,0.000000,5.310072
4131.2255,2026-07-20T15:55:05.013673,0.000000,5.310148
4131.7076,2026-07-20T15:55:05.495749,0.000000,5.310012
4132.1927,2026-07-20T15:55:05.980923,0.000000,5.309904
4132.6597,2026-07-20T15:55:06.447909,0.000000,5.309860
4133.1525,2026-07-20T15:55:06.940718,0.000000,5.309776
4133.6522,2026-07-20T15:55:07.440390,0.000000,5.309676
4134.1150,2026-07-20T15:55:07.903162,0.000000,5.309716
4134.6127,2026-07-20T15:55:08.400934,0.000000,5.309828
4135.1109,2026-07-20T15:55:08.899093,0.000000,5.309648
4135.5995,2026-07-20T15:55:09.387675,0.000000,5.309644
4136.1139,2026-07-20T15:55:09.902132,0.000000,5.309576
4136.6110,2026-07-20T15:55:10.399168,0.000000,5.309600
4137.0845,2026-07-20T15:55:10.872662,0.000000,5.309780
4137.5625,2026-07-20T15:55:11.350747,0.000000,5.309880
4138.0344,2026-07-20T15:55:11.822621,0.000000,5.310200
4138.5301,2026-07-20T15:55:12.318310,0.000000,5.310352
4139.0256,2026-07-20T15:55:12.813814,0.000000,5.310492
4139.5061,2026-07-20T15:55:13.294255,0.000000,5.310772
4139.9982,2026-07-20T15:55:13.786362,0.000000,5.311048
4140.4961,2026-07-20T15:55:14.284352,0.000000,5.311216
4140.9883,2026-07-20T15:55:14.776466,0.000000,5.311524
4141.4843,2026-07-20T15:55:15.272498,0.000000,5.311728
4141.9550,2026-07-20T15:55:15.743169,0.000000,5.311744
4142.4530,2026-07-20T15:55:16.241229,0.000000,5.312012
4142.9301,2026-07-20T15:55:16.718286,0.000000,5.311920
4143.4265,2026-07-20T15:55:17.214707,0.000000,5.311884
4143.9300,2026-07-20T15:55:17.718155,0.000000,5.311836
4144.4693,2026-07-20T15:55:18.257479,0.000000,5.311732
4144.9509,2026-07-20T15:55:18.739146,0.000000,5.311660
4145.4326,2026-07-20T15:55:19.220754,0.000000,5.311528
4145.9364,2026-07-20T15:55:19.724630,0.000000,5.311364
4146.4340,2026-07-20T15:55:20.222183,0.000000,5.311256
4146.9361,2026-07-20T15:55:20.724303,0.000000,5.311180
4147.4132,2026-07-20T15:55:21.201453,0.000000,5.310928
4147.8966,2026-07-20T15:55:21.684771,0.000000,5.310800
4148.3668,2026-07-20T15:55:22.155008,0.000000,5.310708
4148.8389,2026-07-20T15:55:22.627077,0.000000,5.310688
4149.3216,2026-07-20T15:55:23.109845,0.000000,5.310460
4149.8525,2026-07-20T15:55:23.640718,0.000000,5.310364
4150.3249,2026-07-20T15:55:24.113063,0.000000,5.310172
4150.8282,2026-07-20T15:55:24.616447,0.000000,5.309964
4151.3133,2026-07-20T15:55:25.101529,0.000000,5.309952
4151.8108,2026-07-20T15:55:25.598966,0.000000,5.309936
4152.3030,2026-07-20T15:55:26.091245,0.000000,5.309920
4152.7839,2026-07-20T15:55:26.572061,0.000000,5.309804
4153.2796,2026-07-20T15:55:27.067846,0.000000,5.309760
4153.7783,2026-07-20T15:55:27.566492,0.000000,5.309736
4154.3013,2026-07-20T15:55:28.089502,0.000000,5.309796
4154.7967,2026-07-20T15:55:28.584857,0.000000,5.309700
4155.2842,2026-07-20T15:55:29.072384,0.000000,5.309792
4155.7830,2026-07-20T15:55:29.571158,0.000000,5.309960
4156.2801,2026-07-20T15:55:30.068321,0.000000,5.309856
4156.7811,2026-07-20T15:55:30.569296,0.000000,5.309896
4157.2636,2026-07-20T15:55:31.051815,0.000000,5.310004
4157.7484,2026-07-20T15:55:31.536601,0.000000,5.310064
4158.2440,2026-07-20T15:55:32.032190,0.000000,5.310048
4158.7569,2026-07-20T15:55:32.545106,0.000000,5.310072
4159.2467,2026-07-20T15:55:33.034867,0.000000,5.310060
4159.7435,2026-07-20T15:55:33.531691,0.000000,5.310100
4160.2149,2026-07-20T15:55:34.003072,0.000000,5.310148
4160.6966,2026-07-20T15:55:34.484814,0.000000,5.310008
4161.1973,2026-07-20T15:55:34.985488,0.000000,5.310000
4161.6746,2026-07-20T15:55:35.462849,0.000000,5.309928
4162.1734,2026-07-20T15:55:35.961559,0.000000,5.309900
4162.6449,2026-07-20T15:55:36.433126,0.000000,5.309892
4163.1475,2026-07-20T15:55:36.935742,0.000000,5.309908
4163.6761,2026-07-20T15:55:37.464268,0.000000,5.309836
4164.1815,2026-07-20T15:55:37.969702,0.000000,5.309840
4164.6634,2026-07-20T15:55:38.451570,0.000000,5.309856
4165.1677,2026-07-20T15:55:38.955920,0.000000,5.309892
4165.6279,2026-07-20T15:55:39.416153,0.000000,5.309964
4166.1308,2026-07-20T15:55:39.919050,0.000000,5.310044
4166.6175,2026-07-20T15:55:40.405735,0.000000,5.310000
4167.0982,2026-07-20T15:55:40.886685,0.000000,5.309948
4167.5734,2026-07-20T15:55:41.361572,0.000000,5.309808
4168.0292,2026-07-20T15:55:41.817373,0.000000,5.309744
4168.5038,2026-07-20T15:55:42.291975,0.000000,5.309612
4168.9796,2026-07-20T15:55:42.767755,0.000000,5.309580
4169.4545,2026-07-20T15:55:43.242699,0.000000,5.309412
4169.9344,2026-07-20T15:55:43.722648,0.000000,5.309320
4170.4031,2026-07-20T15:55:44.191327,0.000000,5.309184
4170.8989,2026-07-20T15:55:44.687074,0.000000,5.309072
4171.4044,2026-07-20T15:55:45.192570,0.000000,5.309116
4171.8914,2026-07-20T15:55:45.679572,0.000000,5.309128
4172.3815,2026-07-20T15:55:46.169723,0.000000,5.309184
4172.9035,2026-07-20T15:55:46.691684,0.000000,5.309140
4173.3930,2026-07-20T15:55:47.181209,0.000000,5.309264
4173.8650,2026-07-20T15:55:47.653188,0.000000,5.309396
4174.3407,2026-07-20T15:55:48.128903,0.000000,5.309428
4174.8413,2026-07-20T15:55:48.629481,0.000000,5.309572
4175.3422,2026-07-20T15:55:49.130429,0.000000,5.309584
4175.8013,2026-07-20T15:55:49.589486,0.000000,5.309604
4176.3018,2026-07-20T15:55:50.090013,0.000000,5.309692
4176.8038,2026-07-20T15:55:50.592037,0.000000,5.309668
4177.2962,2026-07-20T15:55:51.084433,0.000000,5.309580
4177.8126,2026-07-20T15:55:51.600828,0.000000,5.309680
4178.3118,2026-07-20T15:55:52.100024,0.000000,5.309700
4178.7958,2026-07-20T15:55:52.583999,0.000000,5.309808
4179.2818,2026-07-20T15:55:53.070043,0.000000,5.309892
4179.7585,2026-07-20T15:55:53.546719,0.000000,5.309924
4180.2525,2026-07-20T15:55:54.040679,0.000000,5.310004
4180.7508,2026-07-20T15:55:54.539023,0.000000,5.310036
4181.2120,2026-07-20T15:55:55.000233,0.000000,5.310032
4181.7037,2026-07-20T15:55:55.491949,0.000000,5.310068
4182.1940,2026-07-20T15:55:55.982166,0.000000,5.310064
4182.6883,2026-07-20T15:55:56.476534,0.000000,5.310008
4183.2090,2026-07-20T15:55:56.997255,0.000000,5.310080
4183.7068,2026-07-20T15:55:57.495012,0.000000,5.309936
4184.1976,2026-07-20T15:55:57.985781,0.000000,5.309924
4184.7006,2026-07-20T15:55:58.488766,0.000000,5.309860
4185.1983,2026-07-20T15:55:58.986514,0.000000,5.309824
4185.6969,2026-07-20T15:55:59.485141,0.000000,5.309712
4186.1810,2026-07-20T15:55:59.969208,0.000000,5.309616
4186.6809,2026-07-20T15:56:00.469096,0.000000,5.309556
4187.1808,2026-07-20T15:56:00.969034,0.000000,5.309552
4187.6783,2026-07-20T15:56:01.466499,0.000000,5.309360
4188.1680,2026-07-20T15:56:01.956161,0.000000,5.309200
4188.6731,2026-07-20T15:56:02.461349,0.000000,5.309196
4189.1688,2026-07-20T15:56:02.957020,0.000000,5.309040
4189.6404,2026-07-20T15:56:03.428610,0.000000,5.308944
4190.1365,2026-07-20T15:56:03.924676,0.000000,5.308752
4190.6437,2026-07-20T15:56:04.431904,0.000000,5.308632
4191.1182,2026-07-20T15:56:04.906363,0.000000,5.308548
4191.6129,2026-07-20T15:56:05.401131,0.000000,5.308396
4192.1003,2026-07-20T15:56:05.888469,0.000000,5.308276
4192.5813,2026-07-20T15:56:06.369489,0.000000,5.308344
4193.0732,2026-07-20T15:56:06.861420,0.000000,5.308384
4193.5602,2026-07-20T15:56:07.348447,0.000000,5.308444
4194.0560,2026-07-20T15:56:07.844154,0.000000,5.308508
4194.5502,2026-07-20T15:56:08.338419,0.000000,5.308548
4195.0318,2026-07-20T15:56:08.820023,0.000000,5.308712
4195.5229,2026-07-20T15:56:09.311067,0.000000,5.308820
4196.0289,2026-07-20T15:56:09.817128,0.000000,5.308820
4196.4956,2026-07-20T15:56:10.283796,0.000000,5.308932
4196.9880,2026-07-20T15:56:10.776211,0.000000,5.308968
4197.4795,2026-07-20T15:56:11.267673,0.000000,5.308964
4197.9839,2026-07-20T15:56:11.772077,0.000000,5.308944
4198.4814,2026-07-20T15:56:12.269654,0.000000,5.308916
4198.9570,2026-07-20T15:56:12.745247,0.000000,5.308992
4199.4482,2026-07-20T15:56:13.236451,0.000000,5.308980
4199.9505,2026-07-20T15:56:13.738668,0.000000,5.308832
4200.4528,2026-07-20T15:56:14.241042,0.000000,5.308844
4200.9479,2026-07-20T15:56:14.736087,0.000000,5.308924
4201.4468,2026-07-20T15:56:15.235042,0.000000,5.309020
4201.9379,2026-07-20T15:56:15.726116,0.000000,5.309104
4202.4228,2026-07-20T15:56:16.210957,0.000000,5.309124
4202.9257,2026-07-20T15:56:16.713845,0.000000,5.309064
4203.4047,2026-07-20T15:56:17.192945,0.000000,5.309036
4203.8900,2026-07-20T15:56:17.678184,0.000000,5.308928
4204.3923,2026-07-20T15:56:18.180494,0.000000,5.308872
4204.8945,2026-07-20T15:56:18.682681,0.000000,5.308948
4205.3878,2026-07-20T15:56:19.176061,0.000000,5.309136
4205.8563,2026-07-20T15:56:19.644519,0.000000,5.309172
4206.3377,2026-07-20T15:56:20.125902,0.000000,5.309016
4206.8212,2026-07-20T15:56:20.609409,0.000000,5.309024
4207.2958,2026-07-20T15:56:21.084043,0.000000,5.309076
4207.7894,2026-07-20T15:56:21.577597,0.000000,5.309208
4208.2563,2026-07-20T15:56:22.044473,0.000000,5.309188
4208.7510,2026-07-20T15:56:22.539239,0.000000,5.309312
4209.2565,2026-07-20T15:56:23.044719,0.000000,5.309448
4209.7533,2026-07-20T15:56:23.541520,0.000000,5.309568
4210.2817,2026-07-20T15:56:24.069869,0.000000,5.309456
4210.7557,2026-07-20T15:56:24.543901,0.000000,5.309468
4211.2206,2026-07-20T15:56:25.008811,0.000000,5.309552
4211.7046,2026-07-20T15:56:25.492816,0.000000,5.309688
4212.1860,2026-07-20T15:56:25.974237,0.000000,5.309664
4212.6786,2026-07-20T15:56:26.466774,0.000000,5.309764
4213.1848,2026-07-20T15:56:26.973018,0.000000,5.309900
4213.6646,2026-07-20T15:56:27.452844,0.000000,5.309908
4214.1644,2026-07-20T15:56:27.952582,0.000000,5.310036
4214.6511,2026-07-20T15:56:28.439341,0.000000,5.310044
4215.1347,2026-07-20T15:56:28.922885,0.000000,5.310080
4215.6544,2026-07-20T15:56:29.442643,0.000000,5.310112
4216.1463,2026-07-20T15:56:29.934494,0.000000,5.310252
4216.6209,2026-07-20T15:56:30.409091,0.000000,5.310216
4217.1174,2026-07-20T15:56:30.905633,0.000000,5.310212
4217.6210,2026-07-20T15:56:31.409229,0.000000,5.310252
4218.1031,2026-07-20T15:56:31.891280,0.000000,5.310368
4218.5961,2026-07-20T15:56:32.384310,0.000000,5.310464
4219.0853,2026-07-20T15:56:32.873468,0.000000,5.310500
4219.5832,2026-07-20T15:56:33.371426,0.000000,5.310508
4220.1020,2026-07-20T15:56:33.890187,0.000000,5.310700
4220.6095,2026-07-20T15:56:34.397683,0.000000,5.310872
4221.0937,2026-07-20T15:56:34.881919,0.000000,5.311052
4221.5897,2026-07-20T15:56:35.377873,0.000000,5.311104
4222.0514,2026-07-20T15:56:35.839560,0.000000,5.311220
4222.5523,2026-07-20T15:56:36.340527,0.000000,5.311268
4223.0479,2026-07-20T15:56:36.836054,0.000000,5.311208
4223.5432,2026-07-20T15:56:37.331429,0.000000,5.311216
4224.0569,2026-07-20T15:56:37.845133,0.000000,5.311248
4224.5544,2026-07-20T15:56:38.342648,0.000000,5.311188
4225.0219,2026-07-20T15:56:38.810080,0.000000,5.311168
4225.5121,2026-07-20T15:56:39.300315,0.000000,5.311168
4226.0055,2026-07-20T15:56:39.793713,0.000000,5.311172
4226.5049,2026-07-20T15:56:40.293143,0.000000,5.311264
4227.0050,2026-07-20T15:56:40.793238,0.000000,5.311356
4227.4896,2026-07-20T15:56:41.277793,0.000000,5.311372
4227.9892,2026-07-20T15:56:41.777407,0.000000,5.311512
4228.4910,2026-07-20T15:56:42.279191,0.000000,5.311636
4228.9583,2026-07-20T15:56:42.746470,0.000000,5.311748
4229.4435,2026-07-20T15:56:43.231689,0.000000,5.311960
4229.9457,2026-07-20T15:56:43.733862,0.000000,5.311980
4230.4159,2026-07-20T15:56:44.204088,0.000000,5.311948
4230.9132,2026-07-20T15:56:44.701355,0.000000,5.311908
4231.4058,2026-07-20T15:56:45.194046,0.000000,5.311804
4231.8961,2026-07-20T15:56:45.684341,0.000000,5.311780
4232.3892,2026-07-20T15:56:46.177349,0.000000,5.311824
4232.8553,2026-07-20T15:56:46.643483,0.000000,5.311888
4233.3605,2026-07-20T15:56:47.148682,0.000000,5.311724
4233.8855,2026-07-20T15:56:47.673737,0.000000,5.311732
4234.3496,2026-07-20T15:56:48.137810,0.000000,5.311656
4234.8452,2026-07-20T15:56:48.633415,0.000000,5.311728
4235.3271,2026-07-20T15:56:49.115259,0.000000,5.311800
4235.8014,2026-07-20T15:56:49.589612,0.000000,5.311956
4236.3014,2026-07-20T15:56:50.089577,0.000000,5.312060
4236.8029,2026-07-20T15:56:50.591112,0.000000,5.312312
4237.2928,2026-07-20T15:56:51.080983,0.000000,5.312556
4237.7718,2026-07-20T15:56:51.560047,0.000000,5.312664
4238.2453,2026-07-20T15:56:52.033535,0.000000,5.312828
4238.7249,2026-07-20T15:56:52.513124,0.000000,5.312916
4239.2496,2026-07-20T15:56:53.037805,0.000000,5.313032
4239.7274,2026-07-20T15:56:53.515630,0.000000,5.313092
4240.2234,2026-07-20T15:56:54.011556,0.000000,5.313248
4240.7214,2026-07-20T15:56:54.509569,0.000000,5.313416
4241.2053,2026-07-20T15:56:54.993531,0.000000,5.313572
4241.6824,2026-07-20T15:56:55.470598,0.000000,5.313608
4242.1870,2026-07-20T15:56:55.975182,0.000000,5.313628
4242.6896,2026-07-20T15:56:56.477839,0.000000,5.313644
4243.2125,2026-07-20T15:56:57.000678,0.000000,5.313752
4243.7163,2026-07-20T15:56:57.504506,0.000000,5.313756
4244.2095,2026-07-20T15:56:57.997734,0.000000,5.313840
4244.7047,2026-07-20T15:56:58.492849,0.000000,5.313956
4245.2017,2026-07-20T15:56:58.989867,0.000000,5.313980
4245.6913,2026-07-20T15:56:59.479527,0.000000,5.314008
4246.1980,2026-07-20T15:56:59.986162,0.000000,5.313984
4246.6887,2026-07-20T15:57:00.476854,0.000000,5.314056
4247.1856,2026-07-20T15:57:00.973759,0.000000,5.314148
4247.6807,2026-07-20T15:57:01.468897,0.000000,5.314372
4248.1470,2026-07-20T15:57:01.935183,0.000000,5.314432
4248.6479,2026-07-20T15:57:02.436133,0.000000,5.314580
4249.1392,2026-07-20T15:57:02.927447,0.000000,5.314716
4249.6087,2026-07-20T15:57:03.396937,0.000000,5.314684
4250.1130,2026-07-20T15:57:03.901195,0.000000,5.314832
4250.6102,2026-07-20T15:57:04.398420,0.000000,5.314856
4251.1100,2026-07-20T15:57:04.898187,0.000000,5.314884
4251.6126,2026-07-20T15:57:05.400822,0.000000,5.315060
4252.1089,2026-07-20T15:57:05.897076,0.000000,5.315208
4252.5916,2026-07-20T15:57:06.379815,0.000000,5.315328
4253.0845,2026-07-20T15:57:06.872723,0.000000,5.315572
4253.5731,2026-07-20T15:57:07.361311,0.000000,5.315728
4254.0437,2026-07-20T15:57:07.831876,0.000000,5.315928
4254.5357,2026-07-20T15:57:08.323873,0.000000,5.316036
4255.0289,2026-07-20T15:57:08.817108,0.000000,5.316028
4255.5099,2026-07-20T15:57:09.298098,0.000000,5.316068
4256.0005,2026-07-20T15:57:09.788693,0.000000,5.316172
4256.5211,2026-07-20T15:57:10.309261,0.000000,5.315980
4256.9985,2026-07-20T15:57:10.786725,0.000000,5.315888
4257.4961,2026-07-20T15:57:11.284267,0.000000,5.315684
4257.9936,2026-07-20T15:57:11.781782,0.000000,5.315316
4258.4897,2026-07-20T15:57:12.277857,0.000000,5.315048
4258.9897,2026-07-20T15:57:12.777948,0.000000,5.314872
4259.4539,2026-07-20T15:57:13.242112,0.000000,5.314892
4259.9542,2026-07-20T15:57:13.742380,0.000000,5.314908
4260.4755,2026-07-20T15:57:14.263735,0.000000,5.315036
4260.9627,2026-07-20T15:57:14.750880,0.000000,5.315092
4261.4705,2026-07-20T15:57:15.258703,0.000000,5.315324
4261.9729,2026-07-20T15:57:15.761058,0.000000,5.315304
4262.4549,2026-07-20T15:57:16.243072,0.000000,5.315408
4262.9545,2026-07-20T15:57:16.742681,0.000000,5.315488
4263.4453,2026-07-20T15:57:17.233514,0.000000,5.315628
4263.9568,2026-07-20T15:57:17.744969,0.000000,5.315696
4264.4516,2026-07-20T15:57:18.239786,0.000000,5.315644
4264.9457,2026-07-20T15:57:18.733917,0.000000,5.315720
4265.4161,2026-07-20T15:57:19.204243,0.000000,5.315604
4265.9153,2026-07-20T15:57:19.703524,0.000000,5.315664
4266.3744,2026-07-20T15:57:20.162648,0.000000,5.315608
4266.8587,2026-07-20T15:57:20.646921,0.000000,5.315672
4267.3201,2026-07-20T15:57:21.108322,0.000000,5.315748
4267.8150,2026-07-20T15:57:21.603234,0.000000,5.315952
4268.3082,2026-07-20T15:57:22.096387,0.000000,5.316024
4268.7771,2026-07-20T15:57:22.565303,0.000000,5.316196
4269.2444,2026-07-20T15:57:23.032635,0.000000,5.316360
4269.7174,2026-07-20T15:57:23.505584,0.000000,5.316312
4270.2099,2026-07-20T15:57:23.998146,0.000000,5.316460
4270.7146,2026-07-20T15:57:24.502780,0.000000,5.316648
4271.2108,2026-07-20T15:57:24.999017,0.000000,5.316712
4271.6776,2026-07-20T15:57:25.465766,0.000000,5.316792
4272.1767,2026-07-20T15:57:25.964887,0.000000,5.316976
4272.6676,2026-07-20T15:57:26.455760,0.000000,5.317116
4273.1568,2026-07-20T15:57:26.945017,0.000000,5.317316
4273.6356,2026-07-20T15:57:27.423796,0.000000,5.317648
4274.1337,2026-07-20T15:57:27.921909,0.000000,5.317996
4274.6378,2026-07-20T15:57:28.425991,0.000000,5.318264
4275.1078,2026-07-20T15:57:28.896009,0.000000,5.318580
4275.5844,2026-07-20T15:57:29.372608,0.000000,5.318760
4276.0819,2026-07-20T15:57:29.870103,0.000000,5.319020
4276.5664,2026-07-20T15:57:30.354612,0.000000,5.319396
4277.0848,2026-07-20T15:57:30.872959,0.000000,5.319644
4277.5671,2026-07-20T15:57:31.355295,0.000000,5.319792
4278.0551,2026-07-20T15:57:31.843302,0.000000,5.320096
4278.5392,2026-07-20T15:57:32.327368,0.000000,5.320260
4279.0101,2026-07-20T15:57:32.798343,0.000000,5.320444
4279.5013,2026-07-20T15:57:33.289512,0.000000,5.320652
4280.0061,2026-07-20T15:57:33.794337,0.000000,5.320664
4280.4784,2026-07-20T15:57:34.266593,0.000000,5.320856
4280.9849,2026-07-20T15:57:34.773058,0.000000,5.320812
4281.4983,2026-07-20T15:57:35.286547,0.000000,5.320724
4281.9770,2026-07-20T15:57:35.765153,0.000000,5.320896
4282.4705,2026-07-20T15:57:36.258671,0.000000,5.320920
4282.9682,2026-07-20T15:57:36.756403,0.000000,5.320864
4283.4498,2026-07-20T15:57:37.238001,0.000000,5.320932
4283.9457,2026-07-20T15:57:37.733944,0.000000,5.320916
4284.4330,2026-07-20T15:57:38.221200,0.000000,5.320836
4284.9042,2026-07-20T15:57:38.692406,0.000000,5.320996
4285.4020,2026-07-20T15:57:39.190185,0.000000,5.321184
4285.9063,2026-07-20T15:57:39.694538,0.000000,5.321220
4286.4124,2026-07-20T15:57:40.200634,0.000000,5.321536
4286.9100,2026-07-20T15:57:40.698226,0.000000,5.321688
4287.4058,2026-07-20T15:57:41.194049,0.000000,5.321996
4287.8995,2026-07-20T15:57:41.687727,0.000000,5.322384
4288.3936,2026-07-20T15:57:42.181774,0.000000,5.322712
4288.8771,2026-07-20T15:57:42.665263,0.000000,5.322892
4289.3605,2026-07-20T15:57:43.148739,0.000000,5.323204
4289.8807,2026-07-20T15:57:43.668908,0.000000,5.323628
4290.3578,2026-07-20T15:57:44.145976,0.000000,5.323888
4290.8327,2026-07-20T15:57:44.620858,0.000000,5.324292
4291.3078,2026-07-20T15:57:45.095974,0.000000,5.324528
4291.8061,2026-07-20T15:57:45.594257,0.000000,5.324820
4292.3056,2026-07-20T15:57:46.093850,0.000000,5.325128
4292.7638,2026-07-20T15:57:46.552036,0.000000,5.325324
4293.2621,2026-07-20T15:57:47.050287,0.000000,5.325392
4293.7572,2026-07-20T15:57:47.545391,0.000000,5.325604
4294.2593,2026-07-20T15:57:48.047470,0.000000,5.325888
4294.7302,2026-07-20T15:57:48.518345,0.000000,5.325996
4295.2036,2026-07-20T15:57:48.991777,0.000000,5.326112
4295.6874,2026-07-20T15:57:49.475649,0.000000,5.326116
4296.1973,2026-07-20T15:57:49.985528,0.000000,5.326300
4296.6547,2026-07-20T15:57:50.442855,0.000000,5.326332
4297.1540,2026-07-20T15:57:50.942188,0.000000,5.326420
4297.6512,2026-07-20T15:57:51.439378,0.000000,5.326484
4298.1490,2026-07-20T15:57:51.937167,0.000000,5.326852
4298.6462,2026-07-20T15:57:52.434459,0.000000,5.327016
4299.1473,2026-07-20T15:57:52.935506,0.000000,5.327208
4299.6403,2026-07-20T15:57:53.428531,0.000000,5.327436
4300.1580,2026-07-20T15:57:53.946154,0.000000,5.327692
4300.6582,2026-07-20T15:57:54.446446,0.000000,5.328056
4301.1516,2026-07-20T15:57:54.939784,0.000000,5.328316
4301.6621,2026-07-20T15:57:55.450322,0.000000,5.328556
4302.1533,2026-07-20T15:57:55.941529,0.000000,5.328524
4302.6470,2026-07-20T15:57:56.435187,0.000000,5.328628
4303.1470,2026-07-20T15:57:56.935153,0.000000,5.328640
4303.6412,2026-07-20T15:57:57.429381,0.000000,5.328704
4304.1411,2026-07-20T15:57:57.929346,0.000000,5.328824
4304.6386,2026-07-20T15:57:58.426771,0.000000,5.328912
4305.0899,2026-07-20T15:57:58.878098,0.000000,5.328760
4305.5760,2026-07-20T15:57:59.364161,0.000000,5.328764
4306.0710,2026-07-20T15:57:59.859201,0.000000,5.328688
4306.5547,2026-07-20T15:58:00.342927,0.000000,5.328628
4307.0446,2026-07-20T15:58:00.832779,0.000000,5.328816
4307.5373,2026-07-20T15:58:01.325487,0.000000,5.328988
4308.0130,2026-07-20T15:58:01.801218,0.000000,5.329028
4308.5232,2026-07-20T15:58:02.311436,0.000000,5.329096
4309.0172,2026-07-20T15:58:02.805399,0.000000,5.329140
4309.5178,2026-07-20T15:58:03.306001,0.000000,5.329152
4310.0123,2026-07-20T15:58:03.800525,0.000000,5.329436
4310.4977,2026-07-20T15:58:04.285935,0.000000,5.329588
4310.9849,2026-07-20T15:58:04.773139,0.000000,5.329668
4311.4786,2026-07-20T15:58:05.266794,0.000000,5.329740
4311.9887,2026-07-20T15:58:05.776890,0.000000,5.329904
4312.4847,2026-07-20T15:58:06.272897,0.000000,5.329904
4312.9844,2026-07-20T15:58:06.772603,0.000000,5.330064
4313.4580,2026-07-20T15:58:07.246148,0.000000,5.330056
4313.9546,2026-07-20T15:58:07.742806,0.000000,5.330044
4314.4542,2026-07-20T15:58:08.242429,0.000000,5.330016
4314.9565,2026-07-20T15:58:08.744697,0.000000,5.329944
4315.4396,2026-07-20T15:58:09.227740,0.000000,5.329924
4315.9587,2026-07-20T15:58:09.746932,0.000000,5.329856
4316.4509,2026-07-20T15:58:10.239060,0.000000,5.329880
4316.9623,2026-07-20T15:58:10.750547,0.000000,5.329800
4317.4578,2026-07-20T15:58:11.246033,0.000000,5.329764
4317.9426,2026-07-20T15:58:11.730844,0.000000,5.329604
4318.4343,2026-07-20T15:58:12.222528,0.000000,5.329600
4318.9100,2026-07-20T15:58:12.698206,0.000000,5.329624
4319.4012,2026-07-20T15:58:13.189450,0.000000,5.329812
4319.9013,2026-07-20T15:58:13.689550,0.000000,5.329820
4320.3904,2026-07-20T15:58:14.178572,0.000000,5.329912
4320.8929,2026-07-20T15:58:14.681115,0.000000,5.330128
4321.3904,2026-07-20T15:58:15.178648,0.000000,5.330384
4321.8629,2026-07-20T15:58:15.651082,0.000000,5.330624
4322.3574,2026-07-20T15:58:16.145626,0.000000,5.330896
4322.8342,2026-07-20T15:58:16.622446,0.000000,5.331352
4323.3257,2026-07-20T15:58:17.113915,0.000000,5.331752
4323.8056,2026-07-20T15:58:17.593838,0.000000,5.332140
4324.2755,2026-07-20T15:58:18.063670,0.000000,5.332308
4324.7605,2026-07-20T15:58:18.548741,0.000000,5.332572
4325.2472,2026-07-20T15:58:19.035371,0.000000,5.332884
4325.7146,2026-07-20T15:58:19.502842,0.000000,5.333176
4326.2135,2026-07-20T15:58:20.001662,0.000000,5.333352
4326.7023,2026-07-20T15:58:20.490506,0.000000,5.333656
4327.1992,2026-07-20T15:58:20.987413,0.000000,5.333860
4327.6927,2026-07-20T15:58:21.480903,0.000000,5.334012
4328.1574,2026-07-20T15:58:21.945612,0.000000,5.334004
4328.6455,2026-07-20T15:58:22.433683,0.000000,5.333896
4329.1394,2026-07-20T15:58:22.927617,0.000000,5.333888
4329.6290,2026-07-20T15:58:23.417170,0.000000,5.333964
4330.1047,2026-07-20T15:58:23.892857,0.000000,5.334000
4330.5655,2026-07-20T15:58:24.353704,0.000000,5.333920
4331.0486,2026-07-20T15:58:24.836782,0.000000,5.333932
4331.5500,2026-07-20T15:58:25.338192,0.000000,5.333952
4332.0514,2026-07-20T15:58:25.839596,0.000000,5.333712
4332.5864,2026-07-20T15:58:26.374633,0.000000,5.333712
4333.0549,2026-07-20T15:58:26.843105,0.000000,5.333648
4333.5510,2026-07-20T15:58:27.339190,0.000000,5.333808
4334.0580,2026-07-20T15:58:27.846163,0.000000,5.334104
4334.5551,2026-07-20T15:58:28.343320,0.000000,5.334288
4335.0614,2026-07-20T15:58:28.849609,0.000000,5.334440
4335.5614,2026-07-20T15:58:29.349570,0.000000,5.334652
4336.0637,2026-07-20T15:58:29.851867,0.000000,5.334776
4336.5561,2026-07-20T15:58:30.344289,0.000000,5.335056
4337.0470,2026-07-20T15:58:30.835230,0.000000,5.335340
4337.5118,2026-07-20T15:58:31.300009,0.000000,5.335468
4338.0132,2026-07-20T15:58:31.801402,0.000000,5.335788
4338.5030,2026-07-20T15:58:32.291147,0.000000,5.336016
4338.9576,2026-07-20T15:58:32.745775,0.000000,5.336148
4339.4662,2026-07-20T15:58:33.254400,0.000000,5.336288
4339.9548,2026-07-20T15:58:33.743018,0.000000,5.336572
4340.4565,2026-07-20T15:58:34.244680,0.000000,5.336848
4340.9535,2026-07-20T15:58:34.741699,0.000000,5.337204
4341.4108,2026-07-20T15:58:35.198981,0.000000,5.337440
4341.9013,2026-07-20T15:58:35.689462,0.000000,5.337736
4342.3950,2026-07-20T15:58:36.183169,0.000000,5.338232
4342.8524,2026-07-20T15:58:36.640558,0.000000,5.338524
4343.3508,2026-07-20T15:58:37.139025,0.000000,5.338700
4343.8468,2026-07-20T15:58:37.635033,0.000000,5.338936
4344.3307,2026-07-20T15:58:38.118912,0.000000,5.339184
4344.8269,2026-07-20T15:58:38.615088,0.000000,5.339484
4345.2733,2026-07-20T15:58:39.061471,0.000000,5.339792
4345.7674,2026-07-20T15:58:39.555601,0.000000,5.340124
4346.2633,2026-07-20T15:58:40.051536,0.000000,5.340488
4346.7551,2026-07-20T15:58:40.543269,0.000000,5.340772
4347.2639,2026-07-20T15:58:41.052115,0.000000,5.340980
4347.7636,2026-07-20T15:58:41.551810,0.000000,5.341340
4348.2662,2026-07-20T15:58:42.054370,0.000000,5.341624
4348.7637,2026-07-20T15:58:42.551935,0.000000,5.341948
4349.2625,2026-07-20T15:58:43.050706,0.000000,5.342200
4349.7484,2026-07-20T15:58:43.536589,0.000000,5.342588
4350.2468,2026-07-20T15:58:44.035000,0.000000,5.342840
4350.7744,2026-07-20T15:58:44.562622,0.000000,5.343096
4351.2559,2026-07-20T15:58:45.044150,0.000000,5.343156
4351.7476,2026-07-20T15:58:45.535788,0.000000,5.343384
4352.2289,2026-07-20T15:58:46.017070,0.000000,5.343620
4352.7213,2026-07-20T15:58:46.509472,0.000000,5.343752
4353.2156,2026-07-20T15:58:47.003784,0.000000,5.343984
4353.6955,2026-07-20T15:58:47.483719,0.000000,5.344404
4354.1897,2026-07-20T15:58:47.977867,0.000000,5.344620
4354.6849,2026-07-20T15:58:48.473103,0.000000,5.344840
4355.1485,2026-07-20T15:58:48.936733,0.000000,5.345036
4355.6432,2026-07-20T15:58:49.431431,0.000000,5.345196
4356.1539,2026-07-20T15:58:49.942121,0.000000,5.345468
4356.6466,2026-07-20T15:58:50.434772,0.000000,5.345744
4357.1238,2026-07-20T15:58:50.912019,0.000000,5.345968
4357.6033,2026-07-20T15:58:51.391458,0.000000,5.346256
4358.0826,2026-07-20T15:58:51.870855,0.000000,5.346604
4358.5835,2026-07-20T15:58:52.371669,0.000000,5.346760
4359.1097,2026-07-20T15:58:52.897856,0.000000,5.346852
4359.6140,2026-07-20T15:58:53.402155,0.000000,5.347100
4360.1121,2026-07-20T15:58:53.900265,0.000000,5.347240
4360.5755,2026-07-20T15:58:54.363751,0.000000,5.347276
4361.0754,2026-07-20T15:58:54.863573,0.000000,5.347384
4361.5680,2026-07-20T15:58:55.356211,0.000000,5.347424
4362.0342,2026-07-20T15:58:55.822368,0.000000,5.347472
4362.5253,2026-07-20T15:58:56.313476,0.000000,5.347456
4362.9940,2026-07-20T15:58:56.782252,0.000000,5.347504
4363.4914,2026-07-20T15:58:57.279623,0.000000,5.347524
4363.9953,2026-07-20T15:58:57.783478,0.000000,5.347692
4364.4666,2026-07-20T15:58:58.254779,0.000000,5.347912
4364.9592,2026-07-20T15:58:58.747448,0.000000,5.348188
4365.4211,2026-07-20T15:58:59.209325,0.000000,5.348300
4365.9081,2026-07-20T15:58:59.696291,0.000000,5.348456
4366.4119,2026-07-20T15:59:00.200151,0.000000,5.348800
4366.8670,2026-07-20T15:59:00.655251,0.000000,5.349192
4367.3504,2026-07-20T15:59:01.138614,0.000000,5.349556
4367.8100,2026-07-20T15:59:01.598170,0.000000,5.349856
4368.3159,2026-07-20T15:59:02.104059,0.000000,5.350172
4368.8216,2026-07-20T15:59:02.609851,0.000000,5.350476
4369.3147,2026-07-20T15:59:03.102915,0.000000,5.350800
4369.8109,2026-07-20T15:59:03.599083,0.000000,5.351000
4370.3241,2026-07-20T15:59:04.112342,0.000000,5.351408
4370.7957,2026-07-20T15:59:04.583869,0.000000,5.351712
4371.2914,2026-07-20T15:59:05.079572,0.000000,5.351980
4371.7763,2026-07-20T15:59:05.564450,0.000000,5.352272
4372.2482,2026-07-20T15:59:06.036397,0.000000,5.352840
4372.7091,2026-07-20T15:59:06.497340,0.000000,5.353280
4373.1737,2026-07-20T15:59:06.961936,0.000000,5.353772
4373.6493,2026-07-20T15:59:07.437481,0.000000,5.354336
4374.1519,2026-07-20T15:59:07.940100,0.000000,5.354872
4374.6423,2026-07-20T15:59:08.430489,0.000000,5.355436
4375.1323,2026-07-20T15:59:08.920536,0.000000,5.356072
4375.5923,2026-07-20T15:59:09.380494,0.000000,5.356568
4376.0838,2026-07-20T15:59:09.872033,0.000000,5.356916
4376.5824,2026-07-20T15:59:10.370636,0.000000,5.357240
4377.0729,2026-07-20T15:59:10.861054,0.000000,5.357616
4377.5590,2026-07-20T15:59:11.347167,0.000000,5.357876
4378.0061,2026-07-20T15:59:11.794325,0.000000,5.358436
4378.4973,2026-07-20T15:59:12.285505,0.000000,5.358740
4379.0034,2026-07-20T15:59:12.791652,0.000000,5.359216
4379.4607,2026-07-20T15:59:13.248886,0.000000,5.359672
4379.9404,2026-07-20T15:59:13.728586,0.000000,5.359988
4380.4041,2026-07-20T15:59:14.192264,0.000000,5.360260
4380.9048,2026-07-20T15:59:14.692990,0.000000,5.360848
4381.3947,2026-07-20T15:59:15.182928,0.000000,5.361476
4381.8670,2026-07-20T15:59:15.655169,0.000000,5.362084
4382.3641,2026-07-20T15:59:16.152286,0.000000,5.362476
4382.8699,2026-07-20T15:59:16.658143,0.000000,5.362828
4383.3715,2026-07-20T15:59:17.159735,0.000000,5.363052
4383.8716,2026-07-20T15:59:17.659816,0.000000,5.363296
4384.3654,2026-07-20T15:59:18.153583,0.000000,5.363572
4384.8781,2026-07-20T15:59:18.666261,0.000000,5.363704
4385.3732,2026-07-20T15:59:19.161443,0.000000,5.364208
4385.8479,2026-07-20T15:59:19.636112,0.000000,5.364500
4386.3537,2026-07-20T15:59:20.141933,0.000000,5.364692
4386.8657,2026-07-20T15:59:20.653868,0.000000,5.364788
4387.3615,2026-07-20T15:59:21.149748,0.000000,5.364996
4387.8482,2026-07-20T15:59:21.636396,0.000000,5.365392
4388.3673,2026-07-20T15:59:22.155496,0.000000,5.365852
4388.8332,2026-07-20T15:59:22.621443,0.000000,5.366184
4389.3166,2026-07-20T15:59:23.104760,0.000000,5.366464
4389.8169,2026-07-20T15:59:23.605109,0.000000,5.366756
4390.2972,2026-07-20T15:59:24.085409,0.000000,5.366980
4390.7965,2026-07-20T15:59:24.584734,0.000000,5.367332
4391.3299,2026-07-20T15:59:25.118063,0.000000,5.367816
4391.7957,2026-07-20T15:59:25.583886,0.000000,5.368144
4392.2823,2026-07-20T15:59:26.070512,0.000000,5.368440
4392.7493,2026-07-20T15:59:26.537515,0.000000,5.368636
4393.2293,2026-07-20T15:59:27.017503,0.000000,5.368916
4393.7266,2026-07-20T15:59:27.514784,0.000000,5.369188
4394.2091,2026-07-20T15:59:27.997275,0.000000,5.369532
4394.7144,2026-07-20T15:59:28.502581,0.000000,5.369772
4395.1966,2026-07-20T15:59:28.984812,0.000000,5.370156
4395.6865,2026-07-20T15:59:29.474723,0.000000,5.370328
4396.1879,2026-07-20T15:59:29.976083,0.000000,5.370416
4396.6968,2026-07-20T15:59:30.485051,0.000000,5.370648
4397.1799,2026-07-20T15:59:30.968108,0.000000,5.370984
4397.6787,2026-07-20T15:59:31.466891,0.000000,5.371144
4398.1319,2026-07-20T15:59:31.920063,0.000000,5.371308
4398.6369,2026-07-20T15:59:32.425062,0.000000,5.371344
4399.0990,2026-07-20T15:59:32.887144,0.000000,5.371584
4399.5761,2026-07-20T15:59:33.364269,0.000000,5.371712
4400.0673,2026-07-20T15:59:33.855539,0.000000,5.371820
4400.5409,2026-07-20T15:59:34.329145,0.000000,5.371936
4401.0341,2026-07-20T15:59:34.822258,0.000000,5.372020
4401.5148,2026-07-20T15:59:35.303024,0.000000,5.372256
4401.9866,2026-07-20T15:59:35.774838,0.000000,5.372380
4402.4881,2026-07-20T15:59:36.276299,0.000000,5.372668
4403.0212,2026-07-20T15:59:36.809388,0.000000,5.373012
4403.5042,2026-07-20T15:59:37.292412,0.000000,5.373356
4404.0020,2026-07-20T15:59:37.790239,0.000000,5.373636
4404.4819,2026-07-20T15:59:38.270145,0.000000,5.373992
4404.9738,2026-07-20T15:59:38.762032,0.000000,5.374376
4405.4714,2026-07-20T15:59:39.259577,0.000000,5.374868
4405.9512,2026-07-20T15:59:39.739368,0.000000,5.375292
4406.4545,2026-07-20T15:59:40.242738,0.000000,5.375712
4406.9711,2026-07-20T15:59:40.759330,0.000000,5.376044
4407.4499,2026-07-20T15:59:41.238136,0.000000,5.376232
4407.9373,2026-07-20T15:59:41.725501,0.000000,5.376544
4408.4361,2026-07-20T15:59:42.224335,0.000000,5.376752
4408.8989,2026-07-20T15:59:42.687096,0.000000,5.377180
4409.3941,2026-07-20T15:59:43.182293,0.000000,5.377580
4409.8861,2026-07-20T15:59:43.674339,0.000000,5.378148
4410.3835,2026-07-20T15:59:44.171721,0.000000,5.378716
4410.8865,2026-07-20T15:59:44.674716,0.000000,5.379456
4411.4104,2026-07-20T15:59:45.198581,0.000000,5.380024
4411.8956,2026-07-20T15:59:45.683818,0.000000,5.380444
4412.3944,2026-07-20T15:59:46.182632,0.000000,5.381024
4412.8880,2026-07-20T15:59:46.676169,0.000000,5.381596
4413.3796,2026-07-20T15:59:47.167778,0.000000,5.382252
4413.8713,2026-07-20T15:59:47.659504,0.000000,5.382780
4414.3355,2026-07-20T15:59:48.123749,0.000000,5.383264
4414.8442,2026-07-20T15:59:48.632419,0.000000,5.383724
4415.3296,2026-07-20T15:59:49.117797,0.000000,5.384012
4415.8401,2026-07-20T15:59:49.628304,0.000000,5.384196
4416.3413,2026-07-20T15:59:50.129529,0.000000,5.384536
4416.8477,2026-07-20T15:59:50.635929,0.000000,5.384956
4417.3123,2026-07-20T15:59:51.100488,0.000000,5.385496
4417.7953,2026-07-20T15:59:51.583456,0.000000,5.385756
4418.2832,2026-07-20T15:59:52.071425,0.000000,5.386152
4418.7760,2026-07-20T15:59:52.564185,0.000000,5.386536
4419.2683,2026-07-20T15:59:53.056475,0.000000,5.386868
4419.7379,2026-07-20T15:59:53.526069,0.000000,5.387068
4420.2320,2026-07-20T15:59:54.020241,0.000000,5.387392
4420.7465,2026-07-20T15:59:54.534673,0.000000,5.387692
4421.2095,2026-07-20T15:59:54.997750,0.000000,5.387956
4421.6879,2026-07-20T15:59:55.476062,0.000000,5.388168
4422.1801,2026-07-20T15:59:55.968340,0.000000,5.388380
4422.6792,2026-07-20T15:59:56.467446,0.000000,5.388500
4423.1796,2026-07-20T15:59:56.967800,0.000000,5.388668
4423.6556,2026-07-20T15:59:57.443782,0.000000,5.388892
4424.1415,2026-07-20T15:59:57.929672,0.000000,5.389104
4424.6462,2026-07-20T15:59:58.434400,0.000000,5.389280
4425.1435,2026-07-20T15:59:58.931768,0.000000,5.389420
4425.6670,2026-07-20T15:59:59.455174,0.000000,5.389640
4426.1454,2026-07-20T15:59:59.933555,0.000000,5.389972
4426.6004,2026-07-20T16:00:00.388582,0.000000,5.390372
4427.1005,2026-07-20T16:00:00.888671,0.000000,5.390616
4427.5962,2026-07-20T16:00:01.384360,0.000000,5.391104
4428.0582,2026-07-20T16:00:01.846387,0.000000,5.391524
4428.5461,2026-07-20T16:00:02.334300,0.000000,5.391788
4429.0451,2026-07-20T16:00:02.833344,0.000000,5.392076
4429.5295,2026-07-20T16:00:03.317729,0.000000,5.392324
4430.0323,2026-07-20T16:00:03.820486,0.000000,5.392644
4430.5458,2026-07-20T16:00:04.334112,0.000000,5.393028
4431.0443,2026-07-20T16:00:04.832529,0.000000,5.393316
4431.5442,2026-07-20T16:00:05.332380,0.000000,5.393656
4432.0067,2026-07-20T16:00:05.794891,0.000000,5.394188
4432.5016,2026-07-20T16:00:06.289829,0.000000,5.394416
4432.9984,2026-07-20T16:00:06.786617,0.000000,5.394712
4433.4910,2026-07-20T16:00:07.279183,0.000000,5.394916
4433.9485,2026-07-20T16:00:07.736695,0.000000,5.395196
4434.4203,2026-07-20T16:00:08.208444,0.000000,5.395400
4434.9089,2026-07-20T16:00:08.697093,0.000000,5.395700
4435.4181,2026-07-20T16:00:09.206286,0.000000,5.395940
4435.8898,2026-07-20T16:00:09.677997,0.000000,5.396212
4436.3941,2026-07-20T16:00:10.182328,0.000000,5.396392
4436.8747,2026-07-20T16:00:10.662864,0.000000,5.396536
4437.3736,2026-07-20T16:00:11.161789,0.000000,5.396984
4437.8681,2026-07-20T16:00:11.656257,0.000000,5.397200
4438.3563,2026-07-20T16:00:12.144502,0.000000,5.397464
4438.8587,2026-07-20T16:00:12.646855,0.000000,5.398024
4439.3597,2026-07-20T16:00:13.147937,0.000000,5.398284
4439.8400,2026-07-20T16:00:13.628182,0.000000,5.398648
4440.3481,2026-07-20T16:00:14.136294,0.000000,5.398944
4440.8470,2026-07-20T16:00:14.635225,0.000000,5.399352
4441.3361,2026-07-20T16:00:15.124353,0.000000,5.400088
4441.8093,2026-07-20T16:00:15.597478,0.000000,5.400744
4442.3048,2026-07-20T16:00:16.093021,0.000000,5.401260
4442.8100,2026-07-20T16:00:16.598184,0.000000,5.401628
4443.2778,2026-07-20T16:00:17.066029,0.000000,5.402172
4443.7741,2026-07-20T16:00:17.562299,0.000000,5.402464
4444.2923,2026-07-20T16:00:18.080538,0.000000,5.403116
4444.7997,2026-07-20T16:00:18.587877,0.000000,5.403764
4445.2896,2026-07-20T16:00:19.077825,0.000000,5.404336
4445.7666,2026-07-20T16:00:19.554775,0.000000,5.404852
4446.2658,2026-07-20T16:00:20.053968,0.000000,5.405092
4446.7349,2026-07-20T16:00:20.523061,0.000000,5.405248
4447.2257,2026-07-20T16:00:21.013855,0.000000,5.405324
4447.7302,2026-07-20T16:00:21.518380,0.000000,5.405720
4448.2395,2026-07-20T16:00:22.027745,0.000000,5.406136
4448.7384,2026-07-20T16:00:22.526627,0.000000,5.406308
4449.2386,2026-07-20T16:00:23.026781,0.000000,5.406552
4449.7015,2026-07-20T16:00:23.489701,0.000000,5.406684
4450.1866,2026-07-20T16:00:23.974767,0.000000,5.406916
4450.6921,2026-07-20T16:00:24.480337,0.000000,5.407076
4451.1862,2026-07-20T16:00:24.974440,0.000000,5.407068
4451.6470,2026-07-20T16:00:25.435241,0.000000,5.407136
4452.0980,2026-07-20T16:00:25.886199,0.000000,5.407380
4452.5998,2026-07-20T16:00:26.388015,0.000000,5.407588
4453.0998,2026-07-20T16:00:26.887974,0.000000,5.407748
4453.5967,2026-07-20T16:00:27.384903,0.000000,5.408048
4454.1108,2026-07-20T16:00:27.898962,0.000000,5.408364
4454.6159,2026-07-20T16:00:28.404134,0.000000,5.408828
4455.0921,2026-07-20T16:00:28.880273,0.000000,5.409068
4455.5691,2026-07-20T16:00:29.357329,0.000000,5.409244
4456.0512,2026-07-20T16:00:29.839422,0.000000,5.409476
4456.5518,2026-07-20T16:00:30.339992,0.000000,5.409788
4457.0541,2026-07-20T16:00:30.842324,0.000000,5.410012
4457.5476,2026-07-20T16:00:31.335830,0.000000,5.410164
4458.0653,2026-07-20T16:00:31.853553,0.000000,5.410316
4458.5669,2026-07-20T16:00:32.355147,0.000000,5.410460
4459.0353,2026-07-20T16:00:32.823468,0.000000,5.410592
4459.5313,2026-07-20T16:00:33.319473,0.000000,5.410640
4460.0342,2026-07-20T16:00:33.822427,0.000000,5.410692
4460.5062,2026-07-20T16:00:34.294359,0.000000,5.410880
4461.0031,2026-07-20T16:00:34.791331,0.000000,5.411028
4461.4973,2026-07-20T16:00:35.285474,0.000000,5.411172
4461.9857,2026-07-20T16:00:35.773919,0.000000,5.411388
4462.5024,2026-07-20T16:00:36.290580,0.000000,5.411620
4462.9987,2026-07-20T16:00:36.786905,0.000000,5.411856
4463.4913,2026-07-20T16:00:37.279549,0.000000,5.412088
4463.9813,2026-07-20T16:00:37.769544,0.000000,5.412184
4464.4480,2026-07-20T16:00:38.236196,0.000000,5.412280
4464.9529,2026-07-20T16:00:38.741053,0.000000,5.412372
4465.4335,2026-07-20T16:00:39.221674,0.000000,5.412384
4465.9018,2026-07-20T16:00:39.690017,0.000000,5.412572
4466.4038,2026-07-20T16:00:40.192037,0.000000,5.412616
4466.9165,2026-07-20T16:00:40.704726,0.000000,5.412732
4467.4197,2026-07-20T16:00:41.207871,0.000000,5.412824
4467.9103,2026-07-20T16:00:41.698520,0.000000,5.412960
4468.4151,2026-07-20T16:00:42.203289,0.000000,5.413116
4468.8915,2026-07-20T16:00:42.679710,0.000000,5.413240
4469.3832,2026-07-20T16:00:43.171421,0.000000,5.413440
4469.8511,2026-07-20T16:00:43.639279,0.000000,5.413588
4470.3222,2026-07-20T16:00:44.110399,0.000000,5.413852
4470.7998,2026-07-20T16:00:44.587961,0.000000,5.414020
4471.2888,2026-07-20T16:00:45.077009,0.000000,5.414296
4471.7795,2026-07-20T16:00:45.567711,0.000000,5.414644
4472.3007,2026-07-20T16:00:46.088852,0.000000,5.414812
4472.7927,2026-07-20T16:00:46.580944,0.000000,5.414988
4473.2856,2026-07-20T16:00:47.073853,0.000000,5.415120
4473.7789,2026-07-20T16:00:47.567075,0.000000,5.415444
4474.2778,2026-07-20T16:00:48.065999,0.000000,5.415640
4474.7764,2026-07-20T16:00:48.564613,0.000000,5.416084
4475.2478,2026-07-20T16:00:49.036018,0.000000,5.416280
4475.7378,2026-07-20T16:00:49.526020,0.000000,5.416524
4476.2335,2026-07-20T16:00:50.021718,0.000000,5.416688
4476.7412,2026-07-20T16:00:50.529414,0.000000,5.416744
4477.2356,2026-07-20T16:00:51.023820,0.000000,5.416832
4477.7022,2026-07-20T16:00:51.490414,0.000000,5.417104
4478.1916,2026-07-20T16:00:51.979798,0.000000,5.417264
4478.6778,2026-07-20T16:00:52.465978,0.000000,5.417464
4479.1478,2026-07-20T16:00:52.936045,0.000000,5.417592
4479.6540,2026-07-20T16:00:53.442154,0.000000,5.417564
4480.1337,2026-07-20T16:00:53.921949,0.000000,5.417904
4480.5926,2026-07-20T16:00:54.380774,0.000000,5.418028
4481.0836,2026-07-20T16:00:54.871783,0.000000,5.418128
4481.5842,2026-07-20T16:00:55.372450,0.000000,5.418324
4482.0894,2026-07-20T16:00:55.877650,0.000000,5.418556
4482.5920,2026-07-20T16:00:56.380212,0.000000,5.418804
4483.0527,2026-07-20T16:00:56.840947,0.000000,5.419188
4483.5636,2026-07-20T16:00:57.351799,0.000000,5.419212
4484.0592,2026-07-20T16:00:57.847399,0.000000,5.419284
4484.5310,2026-07-20T16:00:58.319234,0.000000,5.419452
4485.0272,2026-07-20T16:00:58.815396,0.000000,5.419592
4485.5213,2026-07-20T16:00:59.309477,0.000000,5.419508
4486.0108,2026-07-20T16:00:59.799052,0.000000,5.419808
4486.5368,2026-07-20T16:01:00.325038,0.000000,5.419976
4487.0418,2026-07-20T16:01:00.830052,0.000000,5.420144
4487.5442,2026-07-20T16:01:01.332379,0.000000,5.420296
4487.9993,2026-07-20T16:01:01.787465,0.000000,5.420284
4488.4979,2026-07-20T16:01:02.286093,0.000000,5.420408
4488.9688,2026-07-20T16:01:02.757000,0.000000,5.420532
4489.4697,2026-07-20T16:01:03.257901,0.000000,5.420492
4489.9358,2026-07-20T16:01:03.724019,0.000000,5.420528
4490.4302,2026-07-20T16:01:04.218409,0.000000,5.420916
4490.9137,2026-07-20T16:01:04.701870,0.000000,5.421084
4491.4160,2026-07-20T16:01:05.204163,0.000000,5.421372
4491.9057,2026-07-20T16:01:05.693900,0.000000,5.421664
4492.3967,2026-07-20T16:01:06.184867,0.000000,5.421992
4492.8827,2026-07-20T16:01:06.670873,0.000000,5.422204
4493.3665,2026-07-20T16:01:07.154693,0.000000,5.422332
4493.8359,2026-07-20T16:01:07.624091,0.000000,5.422772
4494.3041,2026-07-20T16:01:08.092350,0.000000,5.423280
4494.7520,2026-07-20T16:01:08.540174,0.000000,5.423720
4495.2479,2026-07-20T16:01:09.036073,0.000000,5.423892
4495.7521,2026-07-20T16:01:09.540288,0.000000,5.423960
4496.2475,2026-07-20T16:01:10.035663,0.000000,5.423968
4496.7516,2026-07-20T16:01:10.539789,0.000000,5.424024
4497.2718,2026-07-20T16:01:11.060032,0.000000,5.423984
4497.7419,2026-07-20T16:01:11.530109,0.000000,5.423976
4498.2459,2026-07-20T16:01:12.034087,0.000000,5.424232
4498.7518,2026-07-20T16:01:12.539980,0.000000,5.424184
4499.2375,2026-07-20T16:01:13.025676,0.000000,5.424100
4499.7392,2026-07-20T16:01:13.527423,0.000000,5.424040
4500.2190,2026-07-20T16:01:14.007172,0.000000,5.424080
4500.6938,2026-07-20T16:01:14.482006,0.000000,5.424172
4501.1909,2026-07-20T16:01:14.979077,0.000000,5.424344
4501.6880,2026-07-20T16:01:15.476232,0.000000,5.424344
4502.1997,2026-07-20T16:01:15.987937,0.000000,5.424308
4502.6963,2026-07-20T16:01:16.484542,0.000000,5.423972
4503.1563,2026-07-20T16:01:16.944462,0.000000,5.423768
4503.6411,2026-07-20T16:01:17.429284,0.000000,5.423712
4504.1358,2026-07-20T16:01:17.924048,0.000000,5.423672
4504.6063,2026-07-20T16:01:18.394468,0.000000,5.423708
4505.1061,2026-07-20T16:01:18.894283,0.000000,5.423580
4505.5991,2026-07-20T16:01:19.387319,0.000000,5.423496
4506.0961,2026-07-20T16:01:19.884318,0.000000,5.423508
4506.5514,2026-07-20T16:01:20.339637,0.000000,5.423324
4507.0172,2026-07-20T16:01:20.805399,0.000000,5.423316
4507.5059,2026-07-20T16:01:21.294121,0.000000,5.423392
4507.9917,2026-07-20T16:01:21.779883,0.000000,5.423580
4508.5016,2026-07-20T16:01:22.289802,0.000000,5.423596
4509.0126,2026-07-20T16:01:22.800786,0.000000,5.423796
4509.5042,2026-07-20T16:01:23.292442,0.000000,5.423832
4510.0036,2026-07-20T16:01:23.791837,0.000000,5.423948
4510.4953,2026-07-20T16:01:24.283489,0.000000,5.423760
4510.9977,2026-07-20T16:01:24.785930,0.000000,5.423620
4511.4954,2026-07-20T16:01:25.283641,0.000000,5.423660
4512.0204,2026-07-20T16:01:25.808572,0.000000,5.423660
4512.5104,2026-07-20T16:01:26.298624,0.000000,5.423740
4512.9893,2026-07-20T16:01:26.777530,0.000000,5.423928
4513.4724,2026-07-20T16:01:27.260608,0.000000,5.424032
4513.9418,2026-07-20T16:01:27.729990,0.000000,5.423932
4514.4165,2026-07-20T16:01:28.204744,0.000000,5.423860
4514.9061,2026-07-20T16:01:28.694277,0.000000,5.423692
4515.4025,2026-07-20T16:01:29.190698,0.000000,5.423664
4515.8617,2026-07-20T16:01:29.649914,0.000000,5.423860
4516.3406,2026-07-20T16:01:30.128830,0.000000,5.423864
4516.8076,2026-07-20T16:01:30.595751,0.000000,5.423840
4517.3074,2026-07-20T16:01:31.095587,0.000000,5.423780
4517.7945,2026-07-20T16:01:31.582667,0.000000,5.423492
4518.3103,2026-07-20T16:01:32.098501,0.000000,5.423276
4518.7930,2026-07-20T16:01:32.581160,0.000000,5.423240
4519.2954,2026-07-20T16:01:33.083568,0.000000,5.423224
4519.7868,2026-07-20T16:01:33.574962,0.000000,5.423364
4520.2593,2026-07-20T16:01:34.047459,0.000000,5.423632
4520.7634,2026-07-20T16:01:34.551652,0.000000,5.423700
4521.2684,2026-07-20T16:01:35.056546,0.000000,5.423788
4521.7430,2026-07-20T16:01:35.531232,0.000000,5.423928
4522.2387,2026-07-20T16:01:36.026868,0.000000,5.423996
4522.7687,2026-07-20T16:01:36.556898,0.000000,5.424144
4523.2396,2026-07-20T16:01:37.027846,0.000000,5.424176
4523.7069,2026-07-20T16:01:37.495055,0.000000,5.423820
4524.1783,2026-07-20T16:01:37.966496,0.000000,5.423816
4524.6562,2026-07-20T16:01:38.444363,0.000000,5.423488
4525.1598,2026-07-20T16:01:38.948043,0.000000,5.423392
4525.6374,2026-07-20T16:01:39.425582,0.000000,5.423052
4526.1393,2026-07-20T16:01:39.927483,0.000000,5.422772
4526.6130,2026-07-20T16:01:40.401199,0.000000,5.422492
4527.0905,2026-07-20T16:01:40.878703,0.000000,5.422392
4527.5943,2026-07-20T16:01:41.382474,0.000000,5.422168
4528.1164,2026-07-20T16:01:41.904567,0.000000,5.421984
4528.6199,2026-07-20T16:01:42.408074,0.000000,5.421936
4529.1110,2026-07-20T16:01:42.899247,0.000000,5.421692
4529.6108,2026-07-20T16:01:43.399036,0.000000,5.421652
4530.0920,2026-07-20T16:01:43.880215,0.000000,5.421444
4530.5825,2026-07-20T16:01:44.370691,0.000000,5.421348
4531.0758,2026-07-20T16:01:44.863969,0.000000,5.421244
4531.5736,2026-07-20T16:01:45.361759,0.000000,5.421092
4532.0828,2026-07-20T16:01:45.870973,0.000000,5.420744
4532.5550,2026-07-20T16:01:46.343202,0.000000,5.420560
4533.0210,2026-07-20T16:01:46.809248,0.000000,5.420568
4533.5128,2026-07-20T16:01:47.301027,0.000000,5.420532
4533.9907,2026-07-20T16:01:47.778951,0.000000,5.420560
4534.4845,2026-07-20T16:01:48.272702,0.000000,5.420420
4534.9502,2026-07-20T16:01:48.738411,0.000000,5.420240
4535.4488,2026-07-20T16:01:49.236997,0.000000,5.420316
4535.9385,2026-07-20T16:01:49.726732,0.000000,5.420404
4536.4059,2026-07-20T16:01:50.194136,0.000000,5.420444
4536.8723,2026-07-20T16:01:50.660503,0.000000,5.420448
4537.3480,2026-07-20T16:01:51.136250,0.000000,5.420384
4537.8412,2026-07-20T16:01:51.629373,0.000000,5.420284
4538.3327,2026-07-20T16:01:52.120933,0.000000,5.420060
4538.8407,2026-07-20T16:01:52.628866,0.000000,5.419824
4539.3350,2026-07-20T16:01:53.123173,0.000000,5.419664
4539.8329,2026-07-20T16:01:53.621135,0.000000,5.419372
4540.3165,2026-07-20T16:01:54.104685,0.000000,5.419156
4540.8040,2026-07-20T16:01:54.592197,0.000000,5.418836
4541.2920,2026-07-20T16:01:55.080203,0.000000,5.418516
4541.7714,2026-07-20T16:01:55.559556,0.000000,5.418416
4542.2617,2026-07-20T16:01:56.049905,0.000000,5.418340
4542.7362,2026-07-20T16:01:56.524452,0.000000,5.418220
4543.2369,2026-07-20T16:01:57.025145,0.000000,5.418212
4543.7183,2026-07-20T16:01:57.506465,0.000000,5.418084
4544.2088,2026-07-20T16:01:57.997052,0.000000,5.418052
4544.7036,2026-07-20T16:01:58.491829,0.000000,5.417944
4545.1988,2026-07-20T16:01:58.987038,0.000000,5.417800
4545.6913,2026-07-20T16:01:59.479521,0.000000,5.417760
4546.1891,2026-07-20T16:01:59.977288,0.000000,5.417504
4546.6696,2026-07-20T16:02:00.457842,0.000000,5.417176
4547.1864,2026-07-20T16:02:00.974568,0.000000,5.416932
4547.6721,2026-07-20T16:02:01.460320,0.000000,5.416688
4548.1282,2026-07-20T16:02:01.916410,0.000000,5.416504
4548.6331,2026-07-20T16:02:02.421348,0.000000,5.416300
4549.1243,2026-07-20T16:02:02.912490,0.000000,5.416056
4549.5925,2026-07-20T16:02:03.380753,0.000000,5.415964
4550.0905,2026-07-20T16:02:03.878699,0.000000,5.415864
4550.5885,2026-07-20T16:02:04.376703,0.000000,5.415636
4551.0893,2026-07-20T16:02:04.877510,0.000000,5.415524
4551.6070,2026-07-20T16:02:05.395186,0.000000,5.415324
4552.1153,2026-07-20T16:02:05.903456,0.000000,5.415292
4552.5961,2026-07-20T16:02:06.384271,0.000000,5.415060
4553.0989,2026-07-20T16:02:06.887085,0.000000,5.414952
4553.5738,2026-07-20T16:02:07.362007,0.000000,5.414856
4554.0721,2026-07-20T16:02:07.860330,0.000000,5.414900
4554.5697,2026-07-20T16:02:08.357945,0.000000,5.414788
4555.0740,2026-07-20T16:02:08.862236,0.000000,5.414580
4555.5940,2026-07-20T16:02:09.382181,0.000000,5.414428
4556.0961,2026-07-20T16:02:09.884250,0.000000,5.414380
4556.5504,2026-07-20T16:02:10.338642,0.000000,5.414452
4557.0567,2026-07-20T16:02:10.844890,0.000000,5.414168
4557.5527,2026-07-20T16:02:11.340907,0.000000,5.414120
4558.0169,2026-07-20T16:02:11.805056,0.000000,5.413956
4558.5127,2026-07-20T16:02:12.300949,0.000000,5.413888
4558.9913,2026-07-20T16:02:12.779547,0.000000,5.413780
4559.4890,2026-07-20T16:02:13.277239,0.000000,5.413548
4559.9934,2026-07-20T16:02:13.781609,0.000000,5.413444
4560.4560,2026-07-20T16:02:14.244187,0.000000,5.413200
4560.9802,2026-07-20T16:02:14.768390,0.000000,5.413064
4561.4613,2026-07-20T16:02:15.249483,0.000000,5.412692
4561.9326,2026-07-20T16:02:15.720748,0.000000,5.412652
4562.4181,2026-07-20T16:02:16.206323,0.000000,5.412520
4562.8691,2026-07-20T16:02:16.657322,0.000000,5.412388
4563.3584,2026-07-20T16:02:17.146613,0.000000,5.412156
4563.8586,2026-07-20T16:02:17.646773,0.000000,5.411992
4564.3501,2026-07-20T16:02:18.138333,0.000000,5.411892
4564.8325,2026-07-20T16:02:18.620723,0.000000,5.411668
4565.3309,2026-07-20T16:02:19.119091,0.000000,5.411420
4565.7952,2026-07-20T16:02:19.583399,0.000000,5.411244
4566.3003,2026-07-20T16:02:20.088514,0.000000,5.411060
4566.7999,2026-07-20T16:02:20.588058,0.000000,5.410936
4567.2915,2026-07-20T16:02:21.079683,0.000000,5.410724
4567.7826,2026-07-20T16:02:21.570781,0.000000,5.410608
4568.2538,2026-07-20T16:02:22.042004,0.000000,5.410504
4568.7332,2026-07-20T16:02:22.521424,0.000000,5.410328
4569.2163,2026-07-20T16:02:23.004495,0.000000,5.410088
4569.7081,2026-07-20T16:02:23.496336,0.000000,5.409876
4570.2097,2026-07-20T16:02:23.997923,0.000000,5.409860
4570.6866,2026-07-20T16:02:24.474856,0.000000,5.409856
4571.1917,2026-07-20T16:02:24.979922,0.000000,5.409824
4571.6973,2026-07-20T16:02:25.485464,0.000000,5.409788
4572.2010,2026-07-20T16:02:25.989173,0.000000,5.409744
4572.6786,2026-07-20T16:02:26.466800,0.000000,5.409612
4573.1548,2026-07-20T16:02:26.942991,0.000000,5.409408
4573.6247,2026-07-20T16:02:27.412878,0.000000,5.409248
4574.1232,2026-07-20T16:02:27.911434,0.000000,5.409148
4574.6146,2026-07-20T16:02:28.402794,0.000000,5.408972
4575.0976,2026-07-20T16:02:28.885830,0.000000,5.409028
4575.5864,2026-07-20T16:02:29.374612,0.000000,5.408916
4576.1092,2026-07-20T16:02:29.897416,0.000000,5.408680
4576.5970,2026-07-20T16:02:30.385202,0.000000,5.408460
4577.0973,2026-07-20T16:02:30.885473,0.000000,5.408240
4577.5961,2026-07-20T16:02:31.384304,0.000000,5.408072
4578.0985,2026-07-20T16:02:31.886707,0.000000,5.408008
4578.6002,2026-07-20T16:02:32.388373,0.000000,5.407880
4579.0613,2026-07-20T16:02:32.849506,0.000000,5.407692
4579.5655,2026-07-20T16:02:33.353659,0.000000,5.407600
4580.0806,2026-07-20T16:02:33.868836,0.000000,5.407152
4580.5554,2026-07-20T16:02:34.343629,0.000000,5.406984
4581.0240,2026-07-20T16:02:34.812165,0.000000,5.406720
4581.5242,2026-07-20T16:02:35.312389,0.000000,5.406380
4582.0022,2026-07-20T16:02:35.790429,0.000000,5.406128
4582.5125,2026-07-20T16:02:36.300682,0.000000,5.405836
4582.9612,2026-07-20T16:02:36.749394,0.000000,5.405464
4583.4364,2026-07-20T16:02:37.224604,0.000000,5.405200
4583.9363,2026-07-20T16:02:37.724517,0.000000,5.404844
4584.4383,2026-07-20T16:02:38.226544,0.000000,5.404472
4584.9345,2026-07-20T16:02:38.722713,0.000000,5.404304
4585.4406,2026-07-20T16:02:39.228845,0.000000,5.403972
4585.9098,2026-07-20T16:02:39.697961,0.000000,5.403692
4586.4015,2026-07-20T16:02:40.189684,0.000000,5.403456
4586.8574,2026-07-20T16:02:40.645541,0.000000,5.402872
4587.3458,2026-07-20T16:02:41.134022,0.000000,5.402436
4587.8506,2026-07-20T16:02:41.638759,0.000000,5.401872
4588.3353,2026-07-20T16:02:42.123537,0.000000,5.401496
4588.7936,2026-07-20T16:02:42.581780,0.000000,5.400936
4589.2537,2026-07-20T16:02:43.041889,0.000000,5.400348
4589.7522,2026-07-20T16:02:43.540357,0.000000,5.399696
4590.2304,2026-07-20T16:02:44.018572,0.000000,5.398968
4590.7112,2026-07-20T16:02:44.499432,0.000000,5.398420
4591.2157,2026-07-20T16:02:45.003853,0.000000,5.397776
4591.7116,2026-07-20T16:02:45.499826,0.000000,5.397312
4592.1950,2026-07-20T16:02:45.983219,0.000000,5.396912
4592.6972,2026-07-20T16:02:46.485398,0.000000,5.396572
4593.1605,2026-07-20T16:02:46.948670,0.000000,5.396468
4593.6428,2026-07-20T16:02:47.431038,0.000000,5.396264
4594.1368,2026-07-20T16:02:47.925006,0.000000,5.396180
4594.6024,2026-07-20T16:02:48.390621,0.000000,5.396088
4595.1054,2026-07-20T16:02:48.893617,0.000000,5.396072
4595.6053,2026-07-20T16:02:49.393476,0.000000,5.396048
4596.0931,2026-07-20T16:02:49.881287,0.000000,5.396012
4596.5781,2026-07-20T16:02:50.366281,0.000000,5.395800
4597.0483,2026-07-20T16:02:50.836512,0.000000,5.395860
4597.5445,2026-07-20T16:02:51.332654,0.000000,5.395616
4598.0761,2026-07-20T16:02:51.864270,0.000000,5.395212
4598.5845,2026-07-20T16:02:52.372685,0.000000,5.394676
4599.0520,2026-07-20T16:02:52.840254,0.000000,5.394380
4599.5443,2026-07-20T16:02:53.332541,0.000000,5.394112
4600.0104,2026-07-20T16:02:53.798628,0.000000,5.393780
4600.5028,2026-07-20T16:02:54.291009,0.000000,5.393512
4601.0053,2026-07-20T16:02:54.793512,0.000000,5.393240
4601.4675,2026-07-20T16:02:55.255657,0.000000,5.392936
4601.9637,2026-07-20T16:02:55.751929,0.000000,5.392520
4602.4701,2026-07-20T16:02:56.258330,0.000000,5.392332
4602.9700,2026-07-20T16:02:56.758188,0.000000,5.392156
4603.4657,2026-07-20T16:02:57.253902,0.000000,5.391996
4603.9466,2026-07-20T16:02:57.734809,0.000000,5.391772
4604.4347,2026-07-20T16:02:58.222947,0.000000,5.391572
4604.9366,2026-07-20T16:02:58.724761,0.000000,5.391356
4605.4038,2026-07-20T16:02:59.192048,0.000000,5.391056
4605.9111,2026-07-20T16:02:59.699250,0.000000,5.390864
4606.4080,2026-07-20T16:03:00.196202,0.000000,5.390592
4606.9051,2026-07-20T16:03:00.693349,0.000000,5.390448
4607.4085,2026-07-20T16:03:01.196674,0.000000,5.390252
4607.9067,2026-07-20T16:03:01.694909,0.000000,5.389936
4608.3970,2026-07-20T16:03:02.185175,0.000000,5.389732
4608.8977,2026-07-20T16:03:02.685927,0.000000,5.389504
4609.3917,2026-07-20T16:03:03.179910,0.000000,5.389328
4609.8632,2026-07-20T16:03:03.651423,0.000000,5.389152
4610.3568,2026-07-20T16:03:04.145051,0.000000,5.388876
4610.8471,2026-07-20T16:03:04.635358,0.000000,5.388632
4611.3658,2026-07-20T16:03:05.153979,0.000000,5.388424
4611.8487,2026-07-20T16:03:05.636922,0.000000,5.388164
4612.3125,2026-07-20T16:03:06.100752,0.000000,5.388032
4612.8178,2026-07-20T16:03:06.605968,0.000000,5.387872
4613.2928,2026-07-20T16:03:07.080967,0.000000,5.387772
4613.7710,2026-07-20T16:03:07.559174,0.000000,5.387604
4614.2779,2026-07-20T16:03:08.066056,0.000000,5.387516
4614.7682,2026-07-20T16:03:08.556422,0.000000,5.387440
4615.2307,2026-07-20T16:03:09.018927,0.000000,5.387192
4615.7260,2026-07-20T16:03:09.514247,0.000000,5.387100
4616.2550,2026-07-20T16:03:10.043237,0.000000,5.386900
4616.7139,2026-07-20T16:03:10.502082,0.000000,5.386868
4617.2254,2026-07-20T16:03:11.013618,0.000000,5.386540
4617.7079,2026-07-20T16:03:11.496095,0.000000,5.386232
4618.1992,2026-07-20T16:03:11.987398,0.000000,5.385772
4618.6804,2026-07-20T16:03:12.468657,0.000000,5.385432
4619.1354,2026-07-20T16:03:12.923555,0.000000,5.385020
4619.6260,2026-07-20T16:03:13.414167,0.000000,5.384576
4620.1317,2026-07-20T16:03:13.919872,0.000000,5.384128
4620.5921,2026-07-20T16:03:14.380326,0.000000,5.383800
4621.0790,2026-07-20T16:03:14.867152,0.000000,5.383392
4621.5544,2026-07-20T16:03:15.342628,0.000000,5.382964
4622.0491,2026-07-20T16:03:15.837259,0.000000,5.382656
4622.5732,2026-07-20T16:03:16.361428,0.000000,5.382340
4623.0294,2026-07-20T16:03:16.817578,0.000000,5.382012
4623.5066,2026-07-20T16:03:17.294803,0.000000,5.381788
4623.9705,2026-07-20T16:03:17.758685,0.000000,5.381380
4624.4671,2026-07-20T16:03:18.255335,0.000000,5.381076
4624.9614,2026-07-20T16:03:18.749635,0.000000,5.380764
4625.4495,2026-07-20T16:03:19.237658,0.000000,5.380316
4625.9120,2026-07-20T16:03:19.700251,0.000000,5.380008
4626.3649,2026-07-20T16:03:20.153112,0.000000,5.379548
4626.8273,2026-07-20T16:03:20.615537,0.000000,5.379116
4627.2902,2026-07-20T16:03:21.078357,0.000000,5.378936
4627.7797,2026-07-20T16:03:21.567914,0.000000,5.378536
4628.2685,2026-07-20T16:03:22.056779,0.000000,5.378180
4628.7591,2026-07-20T16:03:22.547314,0.000000,5.377812
4629.2658,2026-07-20T16:03:23.053992,0.000000,5.377616
4629.7824,2026-07-20T16:03:23.570649,0.000000,5.377596
4630.2527,2026-07-20T16:03:24.040908,0.000000,5.377552
4630.7484,2026-07-20T16:03:24.536552,0.000000,5.377404
4631.2495,2026-07-20T16:03:25.037689,0.000000,5.377044
4631.7087,2026-07-20T16:03:25.496922,0.000000,5.376808
4632.2055,2026-07-20T16:03:25.993722,0.000000,5.376596
4632.6996,2026-07-20T16:03:26.487837,0.000000,5.376364
4633.1929,2026-07-20T16:03:26.981098,0.000000,5.376036
4633.6875,2026-07-20T16:03:27.475695,0.000000,5.375716
4634.1543,2026-07-20T16:03:27.942540,0.000000,5.375288
4634.6596,2026-07-20T16:03:28.447824,0.000000,5.374816
4635.1849,2026-07-20T16:03:28.973121,0.000000,5.374340
4635.6532,2026-07-20T16:03:29.441435,0.000000,5.373824
4636.1463,2026-07-20T16:03:29.934471,0.000000,5.373588
4636.6461,2026-07-20T16:03:30.434273,0.000000,5.373428
4637.1143,2026-07-20T16:03:30.902517,0.000000,5.372964
4637.6026,2026-07-20T16:03:31.390841,0.000000,5.372640
4638.0584,2026-07-20T16:03:31.846648,0.000000,5.372396
4638.5343,2026-07-20T16:03:32.322470,0.000000,5.372072
4638.9991,2026-07-20T16:03:32.787336,0.000000,5.371904
4639.4925,2026-07-20T16:03:33.280696,0.000000,5.371644
4639.9526,2026-07-20T16:03:33.740769,0.000000,5.371500
4640.4522,2026-07-20T16:03:34.240375,0.000000,5.371188
4640.9542,2026-07-20T16:03:34.742377,0.000000,5.370924
4641.4802,2026-07-20T16:03:35.268412,0.000000,5.370480
4641.9775,2026-07-20T16:03:35.765743,0.000000,5.370052
4642.4609,2026-07-20T16:03:36.249156,0.000000,5.369772
4642.9419,2026-07-20T16:03:36.730151,0.000000,5.369380
4643.4131,2026-07-20T16:03:37.201321,0.000000,5.369116
4643.8695,2026-07-20T16:03:37.657715,0.000000,5.368876
4644.3528,2026-07-20T16:03:38.141021,0.000000,5.368572
4644.8186,2026-07-20T16:03:38.606821,0.000000,5.368224
4645.3258,2026-07-20T16:03:39.113990,0.000000,5.367976
4645.8037,2026-07-20T16:03:39.591884,0.000000,5.367792
4646.3070,2026-07-20T16:03:40.095197,0.000000,5.367496
4646.8055,2026-07-20T16:03:40.593733,0.000000,5.367280
4647.2929,2026-07-20T16:03:41.081087,0.000000,5.367016
4647.7964,2026-07-20T16:03:41.584595,0.000000,5.366768
4648.2690,2026-07-20T16:03:42.057241,0.000000,5.366496
4648.7413,2026-07-20T16:03:42.529523,0.000000,5.366200
4649.2274,2026-07-20T16:03:43.015610,0.000000,5.365780
4649.7017,2026-07-20T16:03:43.489875,0.000000,5.365296
4650.1982,2026-07-20T16:03:43.986441,0.000000,5.365004
4650.6972,2026-07-20T16:03:44.485392,0.000000,5.364448
4651.1898,2026-07-20T16:03:44.978025,0.000000,5.364048
4651.6920,2026-07-20T16:03:45.480195,0.000000,5.363592
4652.2092,2026-07-20T16:03:45.997364,0.000000,5.363136
4652.6945,2026-07-20T16:03:46.482719,0.000000,5.362688
4653.1938,2026-07-20T16:03:46.982051,0.000000,5.362208
4653.6900,2026-07-20T16:03:47.478160,0.000000,5.361732
4654.1642,2026-07-20T16:03:47.952369,0.000000,5.361156
4654.6567,2026-07-20T16:03:48.444932,0.000000,5.360716
4655.1362,2026-07-20T16:03:48.924418,0.000000,5.360120
4655.6259,2026-07-20T16:03:49.414137,0.000000,5.359852
4656.1236,2026-07-20T16:03:49.911765,0.000000,5.359440
4656.6045,2026-07-20T16:03:50.392685,0.000000,5.359128
4657.1005,2026-07-20T16:03:50.888681,0.000000,5.358576
4657.5678,2026-07-20T16:03:51.355968,0.000000,5.358240
4658.0759,2026-07-20T16:03:51.864098,0.000000,5.357788
4658.5700,2026-07-20T16:03:52.358234,0.000000,5.357396
4659.0521,2026-07-20T16:03:52.840255,0.000000,5.357016
4659.5424,2026-07-20T16:03:53.330569,0.000000,5.356660
4660.0454,2026-07-20T16:03:53.833565,0.000000,5.356484
4660.5019,2026-07-20T16:03:54.290085,0.000000,5.355884
4660.9971,2026-07-20T16:03:54.785254,0.000000,5.355380
4661.4857,2026-07-20T16:03:55.273869,0.000000,5.354880
4662.0169,2026-07-20T16:03:55.805124,0.000000,5.354560
4662.5132,2026-07-20T16:03:56.301379,0.000000,5.354188
4663.0028,2026-07-20T16:03:56.790989,0.000000,5.353772
4663.5012,2026-07-20T16:03:57.289383,0.000000,5.353364
4663.9974,2026-07-20T16:03:57.785574,0.000000,5.353060
4664.4874,2026-07-20T16:03:58.275643,0.000000,5.352692
4664.9846,2026-07-20T16:03:58.772808,0.000000,5.352248
4665.5022,2026-07-20T16:03:59.290379,0.000000,5.351884
4665.9857,2026-07-20T16:03:59.773892,0.000000,5.351600
4666.4695,2026-07-20T16:04:00.257686,0.000000,5.351272
4666.9315,2026-07-20T16:04:00.719694,0.000000,5.351000
4667.3914,2026-07-20T16:04:01.179571,0.000000,5.350664
4667.8943,2026-07-20T16:04:01.682471,0.000000,5.350416
4668.3687,2026-07-20T16:04:02.156851,0.000000,5.350072
4668.8609,2026-07-20T16:04:02.649146,0.000000,5.349736
4669.3640,2026-07-20T16:04:03.152242,0.000000,5.349576
4669.8527,2026-07-20T16:04:03.640942,0.000000,5.349348
4670.3454,2026-07-20T16:04:04.133624,0.000000,5.349056
4670.8698,2026-07-20T16:04:04.658037,0.000000,5.348840
4671.3344,2026-07-20T16:04:05.122575,0.000000,5.348484
4671.8139,2026-07-20T16:04:05.602144,0.000000,5.348132
4672.3053,2026-07-20T16:04:06.093489,0.000000,5.347748
4672.7922,2026-07-20T16:04:06.580382,0.000000,5.347256
4673.2941,2026-07-20T16:04:07.082288,0.000000,5.346936
4673.7855,2026-07-20T16:04:07.573720,0.000000,5.346532
4674.2842,2026-07-20T16:04:08.072371,0.000000,5.346048
4674.7837,2026-07-20T16:04:08.571884,0.000000,5.345720
4675.3149,2026-07-20T16:04:09.103116,0.000000,5.345304
4675.7950,2026-07-20T16:04:09.583159,0.000000,5.344728
4676.2915,2026-07-20T16:04:10.079701,0.000000,5.344360
4676.7580,2026-07-20T16:04:10.546144,0.000000,5.344108
4677.2319,2026-07-20T16:04:11.020090,0.000000,5.343844
4677.7297,2026-07-20T16:04:11.517904,0.000000,5.343692
4678.2117,2026-07-20T16:04:11.999855,0.000000,5.343428
4678.7067,2026-07-20T16:04:12.494844,0.000000,5.343068
4679.1755,2026-07-20T16:04:12.963737,0.000000,5.342892
4679.6725,2026-07-20T16:04:13.460729,0.000000,5.342512
4680.1760,2026-07-20T16:04:13.964161,0.000000,5.342244
4680.6630,2026-07-20T16:04:14.451172,0.000000,5.342120
4681.1336,2026-07-20T16:04:14.921790,0.000000,5.341940
4681.6108,2026-07-20T16:04:15.398966,0.000000,5.341612
4682.1058,2026-07-20T16:04:15.893986,0.000000,5.341136
4682.6064,2026-07-20T16:04:16.394579,0.000000,5.340656
4683.0792,2026-07-20T16:04:16.867388,0.000000,5.340312
4683.5818,2026-07-20T16:04:17.369998,0.000000,5.339924
4684.0646,2026-07-20T16:04:17.852777,0.000000,5.339652
4684.5537,2026-07-20T16:04:18.341903,0.000000,5.339264
4685.0443,2026-07-20T16:04:18.832538,0.000000,5.338904
4685.5603,2026-07-20T16:04:19.348533,0.000000,5.338388
4686.0386,2026-07-20T16:04:19.826841,0.000000,5.337796
4686.5396,2026-07-20T16:04:20.327781,0.000000,5.337312
4687.0368,2026-07-20T16:04:20.824959,0.000000,5.336868
4687.5025,2026-07-20T16:04:21.290694,0.000000,5.336436
4687.9771,2026-07-20T16:04:21.765266,0.000000,5.335980
4688.4513,2026-07-20T16:04:22.239454,0.000000,5.335452
4688.9384,2026-07-20T16:04:22.726605,0.000000,5.334860
4689.4257,2026-07-20T16:04:23.213878,0.000000,5.334364
4689.8919,2026-07-20T16:04:23.680125,0.000000,5.333896
4690.4009,2026-07-20T16:04:24.189136,0.000000,5.333452
4690.9257,2026-07-20T16:04:24.713882,0.000000,5.332932
4691.4075,2026-07-20T16:04:25.195704,0.000000,5.332564
4691.9000,2026-07-20T16:04:25.688186,0.000000,5.332308
4692.3864,2026-07-20T16:04:26.174641,0.000000,5.332068
4692.8773,2026-07-20T16:04:26.665489,0.000000,5.331740
4693.3740,2026-07-20T16:04:27.162176,0.000000,5.331420
4693.8495,2026-07-20T16:04:27.637700,0.000000,5.331212
4694.3490,2026-07-20T16:04:28.137204,0.000000,5.331120
4694.8544,2026-07-20T16:04:28.642559,0.000000,5.330836
4695.3417,2026-07-20T16:04:29.129935,0.000000,5.330584
4695.8296,2026-07-20T16:04:29.617788,0.000000,5.330476
4696.3297,2026-07-20T16:04:30.117885,0.000000,5.330208
4696.8130,2026-07-20T16:04:30.601248,0.000000,5.329824
4697.3048,2026-07-20T16:04:31.092954,0.000000,5.329560
4697.7893,2026-07-20T16:04:31.577486,0.000000,5.329216
4698.2858,2026-07-20T16:04:32.074041,0.000000,5.329072
4698.7836,2026-07-20T16:04:32.571826,0.000000,5.328768
4699.2563,2026-07-20T16:04:33.044517,0.000000,5.328392
4699.7615,2026-07-20T16:04:33.549716,0.000000,5.328132
4700.2717,2026-07-20T16:04:34.059916,0.000000,5.327744
4700.7422,2026-07-20T16:04:34.530423,0.000000,5.327368
4701.2100,2026-07-20T16:04:34.998230,0.000000,5.327288
4701.7125,2026-07-20T16:04:35.500692,0.000000,5.327048
4702.1921,2026-07-20T16:04:35.980268,0.000000,5.326816
4702.6842,2026-07-20T16:04:36.472363,0.000000,5.326596
4703.1688,2026-07-20T16:04:36.957055,0.000000,5.326348
4703.6519,2026-07-20T16:04:37.440110,0.000000,5.326060
4704.1422,2026-07-20T16:04:37.930408,0.000000,5.325748
4704.6427,2026-07-20T16:04:38.430931,0.000000,5.325332
4705.1681,2026-07-20T16:04:38.956291,0.000000,5.324904
4705.6551,2026-07-20T16:04:39.443261,0.000000,5.324388
4706.1497,2026-07-20T16:04:39.937945,0.000000,5.323684
4706.6399,2026-07-20T16:04:40.428116,0.000000,5.323124
4707.1312,2026-07-20T16:04:40.919359,0.000000,5.322476
4707.5894,2026-07-20T16:04:41.377590,0.000000,5.322164
4708.0859,2026-07-20T16:04:41.874066,0.000000,5.321632
4708.5500,2026-07-20T16:04:42.338246,0.000000,5.320912
4709.0502,2026-07-20T16:04:42.838400,0.000000,5.320372
4709.5385,2026-07-20T16:04:43.326693,0.000000,5.319820
4710.0002,2026-07-20T16:04:43.788405,0.000000,5.319292
4710.4957,2026-07-20T16:04:44.283872,0.000000,5.318960
4711.0208,2026-07-20T16:04:44.808964,0.000000,5.318612
4711.4908,2026-07-20T16:04:45.279044,0.000000,5.318236
4711.9760,2026-07-20T16:04:45.764216,0.000000,5.318040
4712.4546,2026-07-20T16:04:46.242800,0.000000,5.317432
4712.9532,2026-07-20T16:04:46.741367,0.000000,5.317124
4713.4453,2026-07-20T16:04:47.233498,0.000000,5.316820
4713.9111,2026-07-20T16:04:47.699287,0.000000,5.316512
4714.4148,2026-07-20T16:04:48.202962,0.000000,5.316076
4714.9082,2026-07-20T16:04:48.696407,0.000000,5.315892
4715.3956,2026-07-20T16:04:49.183824,0.000000,5.315372
4715.9310,2026-07-20T16:04:49.719167,0.000000,5.315040
4716.4173,2026-07-20T16:04:50.205505,0.000000,5.314612
4716.8917,2026-07-20T16:04:50.679915,0.000000,5.314140
4717.3904,2026-07-20T16:04:51.178576,0.000000,5.313724
4717.8485,2026-07-20T16:04:51.636672,0.000000,5.313320
4718.3467,2026-07-20T16:04:52.134847,0.000000,5.313040
4718.8334,2026-07-20T16:04:52.621600,0.000000,5.312620
4719.3003,2026-07-20T16:04:53.088534,0.000000,5.312320
4719.7850,2026-07-20T16:04:53.573208,0.000000,5.311896
4720.2811,2026-07-20T16:04:54.069273,0.000000,5.311592
4720.7887,2026-07-20T16:04:54.576908,0.000000,5.311376
4721.2967,2026-07-20T16:04:55.084887,0.000000,5.311060
4721.7897,2026-07-20T16:04:55.577892,0.000000,5.310704
4722.2889,2026-07-20T16:04:56.077133,0.000000,5.310428
4722.7647,2026-07-20T16:04:56.552885,0.000000,5.310064
4723.2473,2026-07-20T16:04:57.035544,0.000000,5.309580
4723.7460,2026-07-20T16:04:57.534238,0.000000,5.309248
4724.2480,2026-07-20T16:04:58.036211,0.000000,5.308888
4724.7614,2026-07-20T16:04:58.549591,0.000000,5.308544
4725.2501,2026-07-20T16:04:59.038335,0.000000,5.308240
4725.7379,2026-07-20T16:04:59.526072,0.000000,5.307796
4726.2086,2026-07-20T16:04:59.996779,0.000000,5.307604
4726.6913,2026-07-20T16:05:00.479474,0.000000,5.307444
4727.1809,2026-07-20T16:05:00.969137,0.000000,5.307180
4727.6675,2026-07-20T16:05:01.455685,0.000000,5.306892
4728.1518,2026-07-20T16:05:01.940054,0.000000,5.306640
4728.6157,2026-07-20T16:05:02.403917,0.000000,5.306368
4729.1186,2026-07-20T16:05:02.906756,0.000000,5.306164
4729.5720,2026-07-20T16:05:03.360240,0.000000,5.305940
4730.0734,2026-07-20T16:05:03.861592,0.000000,5.305788
4730.5705,2026-07-20T16:05:04.358726,0.000000,5.305644
4731.0581,2026-07-20T16:05:04.846248,0.000000,5.305136
4731.5667,2026-07-20T16:05:05.354945,0.000000,5.304772
4732.0643,2026-07-20T16:05:05.852502,0.000000,5.304336
4732.5351,2026-07-20T16:05:06.323266,0.000000,5.304188
4733.0080,2026-07-20T16:05:06.796161,0.000000,5.303884
4733.5131,2026-07-20T16:05:07.301276,0.000000,5.303468
4734.0060,2026-07-20T16:05:07.794163,0.000000,5.303204
4734.5056,2026-07-20T16:05:08.293779,0.000000,5.302868
4735.0066,2026-07-20T16:05:08.794795,0.000000,5.302468
4735.5022,2026-07-20T16:05:09.290404,0.000000,5.301980
4736.0001,2026-07-20T16:05:09.788280,0.000000,5.301656
4736.4925,2026-07-20T16:05:10.280743,0.000000,5.301356
4736.9942,2026-07-20T16:05:10.782394,0.000000,5.301044
4737.4902,2026-07-20T16:05:11.278401,0.000000,5.300536
4737.9451,2026-07-20T16:05:11.733322,0.000000,5.300168
4738.4429,2026-07-20T16:05:12.231125,0.000000,5.299972
4738.9269,2026-07-20T16:05:12.715108,0.000000,5.299688
4739.4038,2026-07-20T16:05:13.191947,0.000000,5.299304
4739.9046,2026-07-20T16:05:13.692760,0.000000,5.298916
4740.4088,2026-07-20T16:05:14.197026,0.000000,5.298712
4740.8931,2026-07-20T16:05:14.681305,0.000000,5.298364
4741.3699,2026-07-20T16:05:15.158083,0.000000,5.297908
4741.8365,2026-07-20T16:05:15.624743,0.000000,5.297348
4742.3212,2026-07-20T16:05:16.109432,0.000000,5.296864
4742.8213,2026-07-20T16:05:16.609469,0.000000,5.296392
4743.2829,2026-07-20T16:05:17.071114,0.000000,5.295764
4743.7706,2026-07-20T16:05:17.558807,0.000000,5.295348
4744.2649,2026-07-20T16:05:18.053086,0.000000,5.294852
4744.7697,2026-07-20T16:05:18.557901,0.000000,5.294368
4745.2450,2026-07-20T16:05:19.033245,0.000000,5.293776
4745.7265,2026-07-20T16:05:19.514727,0.000000,5.293440
4746.2128,2026-07-20T16:05:20.001028,0.000000,5.292984
4746.7287,2026-07-20T16:05:20.516857,0.000000,5.292860
4747.2102,2026-07-20T16:05:20.998396,0.000000,5.292512
4747.7124,2026-07-20T16:05:21.500587,0.000000,5.292160
4748.1992,2026-07-20T16:05:21.987378,0.000000,5.291780
4748.6916,2026-07-20T16:05:22.479838,0.000000,5.291540
4749.1750,2026-07-20T16:05:22.963200,0.000000,5.291128
4749.6553,2026-07-20T16:05:23.443464,0.000000,5.290884
4750.1501,2026-07-20T16:05:23.938354,0.000000,5.290596
4750.6538,2026-07-20T16:05:24.441994,0.000000,5.290288
4751.1564,2026-07-20T16:05:24.944602,0.000000,5.289960
4751.6478,2026-07-20T16:05:25.435970,0.000000,5.289420
4752.1457,2026-07-20T16:05:25.933949,0.000000,5.288948
4752.6216,2026-07-20T16:05:26.409763,0.000000,5.288672
4753.1148,2026-07-20T16:05:26.902997,0.000000,5.288516
4753.6144,2026-07-20T16:05:27.402629,0.000000,5.288052
4754.0944,2026-07-20T16:05:27.882623,0.000000,5.287672
4754.5875,2026-07-20T16:05:28.375701,0.000000,5.287272
4755.0951,2026-07-20T16:05:28.883260,0.000000,5.286972
4755.5918,2026-07-20T16:05:29.380027,0.000000,5.286512
4756.0955,2026-07-20T16:05:29.883693,0.000000,5.286156
4756.5558,2026-07-20T16:05:30.343960,0.000000,5.286048
4757.0545,2026-07-20T16:05:30.842694,0.000000,5.285888
4757.5295,2026-07-20T16:05:31.317720,0.000000,5.285408
4758.0359,2026-07-20T16:05:31.824101,0.000000,5.284976
4758.5305,2026-07-20T16:05:32.318648,0.000000,5.284616
4759.0134,2026-07-20T16:05:32.801646,0.000000,5.284348
4759.4964,2026-07-20T16:05:33.284643,0.000000,5.284112
4759.9985,2026-07-20T16:05:33.786725,0.000000,5.283752
4760.5162,2026-07-20T16:05:34.304364,0.000000,5.283368
4760.9940,2026-07-20T16:05:34.782244,0.000000,5.282980
4761.4935,2026-07-20T16:05:35.281724,0.000000,5.282204
4761.9858,2026-07-20T16:05:35.774033,0.000000,5.281468
4762.4815,2026-07-20T16:05:36.269743,0.000000,5.280992
4762.9792,2026-07-20T16:05:36.767426,0.000000,5.280504
4763.4691,2026-07-20T16:05:37.257293,0.000000,5.279932
4763.9694,2026-07-20T16:05:37.757629,0.000000,5.279512
4764.5011,2026-07-20T16:05:38.289297,0.000000,5.278844
4764.9976,2026-07-20T16:05:38.785778,0.000000,5.278152
4765.4835,2026-07-20T16:05:39.271741,0.000000,5.277548
4765.9877,2026-07-20T16:05:39.775911,0.000000,5.277032
4766.4867,2026-07-20T16:05:40.274854,0.000000,5.276568
4766.9820,2026-07-20T16:05:40.770209,0.000000,5.276268
4767.4770,2026-07-20T16:05:41.265150,0.000000,5.275896
4767.9856,2026-07-20T16:05:41.773836,0.000000,5.275504
4768.4847,2026-07-20T16:05:42.272895,0.000000,5.275056
4768.9768,2026-07-20T16:05:42.764970,0.000000,5.274668
4769.4517,2026-07-20T16:05:43.239941,0.000000,5.274428
4769.9559,2026-07-20T16:05:43.744120,0.000000,5.274204
4770.4622,2026-07-20T16:05:44.250424,0.000000,5.273860
4770.9448,2026-07-20T16:05:44.733004,0.000000,5.273580
4771.4095,2026-07-20T16:05:45.197716,0.000000,5.273356
4771.8875,2026-07-20T16:05:45.675736,0.000000,5.273148
4772.3796,2026-07-20T16:05:46.167770,0.000000,5.272736
4772.8812,2026-07-20T16:05:46.669387,0.000000,5.272444
4773.3566,2026-07-20T16:05:47.144753,0.000000,5.272340
4773.8439,2026-07-20T16:05:47.632145,0.000000,5.271972
4774.3268,2026-07-20T16:05:48.114984,0.000000,5.271736
4774.7921,2026-07-20T16:05:48.580305,0.000000,5.271312
4775.2977,2026-07-20T16:05:49.085906,0.000000,5.270944
4775.7782,2026-07-20T16:05:49.566390,0.000000,5.270644
4776.2779,2026-07-20T16:05:50.066160,0.000000,5.270284
4776.7769,2026-07-20T16:05:50.565058,0.000000,5.269912
4777.2294,2026-07-20T16:05:51.017644,0.000000,5.269540
4777.7329,2026-07-20T16:05:51.521137,0.000000,5.269304
4778.2542,2026-07-20T16:05:52.042446,0.000000,5.268916
4778.7083,2026-07-20T16:05:52.496511,0.000000,5.268624
4779.2214,2026-07-20T16:05:53.009641,0.000000,5.268432
4779.7117,2026-07-20T16:05:53.499872,0.000000,5.268184
4780.1738,2026-07-20T16:05:53.961961,0.000000,5.268092
4780.6739,2026-07-20T16:05:54.462110,0.000000,5.267944
4781.1501,2026-07-20T16:05:54.938275,0.000000,5.267764
4781.6440,2026-07-20T16:05:55.432160,0.000000,5.267680
4782.1346,2026-07-20T16:05:55.922838,0.000000,5.267640
4782.6082,2026-07-20T16:05:56.396363,0.000000,5.267472
4783.0962,2026-07-20T16:05:56.884401,0.000000,5.267208
4783.5880,2026-07-20T16:05:57.376216,0.000000,5.266736
4784.0905,2026-07-20T16:05:57.878691,0.000000,5.266344
4784.5888,2026-07-20T16:05:58.377005,0.000000,5.266140
4785.0489,2026-07-20T16:05:58.837125,0.000000,5.265760
4785.5559,2026-07-20T16:05:59.344104,0.000000,5.265232
4786.0584,2026-07-20T16:05:59.846579,0.000000,5.264724
4786.5105,2026-07-20T16:06:00.298688,0.000000,5.264204
4786.9906,2026-07-20T16:06:00.778774,0.000000,5.263832
4787.4945,2026-07-20T16:06:01.282698,0.000000,5.263272
4787.9481,2026-07-20T16:06:01.736342,0.000000,5.263028
4788.4430,2026-07-20T16:06:02.231191,0.000000,5.262964
4788.9134,2026-07-20T16:06:02.701592,0.000000,5.262800
4789.4062,2026-07-20T16:06:03.194357,0.000000,5.262296
4789.8996,2026-07-20T16:06:03.687765,0.000000,5.261892
4790.4084,2026-07-20T16:06:04.196630,0.000000,5.261604
4790.9100,2026-07-20T16:06:04.698205,0.000000,5.261416
4791.3760,2026-07-20T16:06:05.164189,0.000000,5.261204
4791.8763,2026-07-20T16:06:05.664542,0.000000,5.260848
4792.3795,2026-07-20T16:06:06.167665,0.000000,5.260460
4792.8809,2026-07-20T16:06:06.669147,0.000000,5.260200
4793.3777,2026-07-20T16:06:07.165945,0.000000,5.259664
4793.9024,2026-07-20T16:06:07.690631,0.000000,5.258984
4794.3853,2026-07-20T16:06:08.173486,0.000000,5.258580
4794.8536,2026-07-20T16:06:08.641826,0.000000,5.258128
4795.3515,2026-07-20T16:06:09.139690,0.000000,5.257764
4795.8350,2026-07-20T16:06:09.623226,0.000000,5.257404
4796.3219,2026-07-20T16:06:10.110101,0.000000,5.256848
4796.8152,2026-07-20T16:06:10.603364,0.000000,5.256436
4797.2889,2026-07-20T16:06:11.077114,0.000000,5.255840
4797.7776,2026-07-20T16:06:11.565793,0.000000,5.255312
4798.2447,2026-07-20T16:06:12.032917,0.000000,5.254852
4798.7147,2026-07-20T16:06:12.502951,0.000000,5.254520
4799.2101,2026-07-20T16:06:12.998253,0.000000,5.254300
4799.7057,2026-07-20T16:06:13.493957,0.000000,5.253912
4800.2078,2026-07-20T16:06:13.996037,0.000000,5.253540
4800.6764,2026-07-20T16:06:14.464649,0.000000,5.252992
4801.1809,2026-07-20T16:06:14.969076,0.000000,5.252684
4801.6716,2026-07-20T16:06:15.459781,0.000000,5.252260
4802.1713,2026-07-20T16:06:15.959518,0.000000,5.252120
4802.6757,2026-07-20T16:06:16.463881,0.000000,5.251900
4803.1745,2026-07-20T16:06:16.962695,0.000000,5.251868
4803.6477,2026-07-20T16:06:17.435943,0.000000,5.251856
4804.1443,2026-07-20T16:06:17.932516,0.000000,5.251952
4804.6413,2026-07-20T16:06:18.429474,0.000000,5.252072
4805.1094,2026-07-20T16:06:18.897569,0.000000,5.252208
4805.6075,2026-07-20T16:06:19.395671,0.000000,5.252408
4806.1079,2026-07-20T16:06:19.896117,0.000000,5.252612
4806.5911,2026-07-20T16:06:20.379297,0.000000,5.252780
4807.1124,2026-07-20T16:06:20.900637,0.000000,5.253004
4807.6090,2026-07-20T16:06:21.397214,0.000000,5.253248
4808.0896,2026-07-20T16:06:21.877832,0.000000,5.253524
4808.5869,2026-07-20T16:06:22.375075,0.000000,5.253740
4809.0860,2026-07-20T16:06:22.874234,0.000000,5.253928
4809.5813,2026-07-20T16:06:23.369531,0.000000,5.254148
4810.0727,2026-07-20T16:06:23.860942,0.000000,5.254352
4810.5327,2026-07-20T16:06:24.320881,0.000000,5.254496
4811.0292,2026-07-20T16:06:24.817367,0.000000,5.254524
4811.5251,2026-07-20T16:06:25.313293,0.000000,5.254636
4811.9983,2026-07-20T16:06:25.786502,0.000000,5.254920
4812.4756,2026-07-20T16:06:26.263818,0.000000,5.255140
4812.9377,2026-07-20T16:06:26.725919,0.000000,5.255232
4813.4388,2026-07-20T16:06:27.226984,0.000000,5.255188
4813.9180,2026-07-20T16:06:27.706218,0.000000,5.255220
4814.3846,2026-07-20T16:06:28.172784,0.000000,5.255564
4814.8493,2026-07-20T16:06:28.637515,0.000000,5.255808
4815.3275,2026-07-20T16:06:29.115667,0.000000,5.256040
4815.8098,2026-07-20T16:06:29.597954,0.000000,5.256372
4816.3096,2026-07-20T16:06:30.097792,0.000000,5.256836
4816.7915,2026-07-20T16:06:30.579656,0.000000,5.257216
4817.2911,2026-07-20T16:06:31.079351,0.000000,5.257628
4817.7513,2026-07-20T16:06:31.539458,0.000000,5.257892
4818.2452,2026-07-20T16:06:32.033445,0.000000,5.258364
4818.7172,2026-07-20T16:06:32.505423,0.000000,5.258828
4819.1957,2026-07-20T16:06:32.983862,0.000000,5.258944
4819.6908,2026-07-20T16:06:33.478981,0.000000,5.259048
4820.2121,2026-07-20T16:06:34.000292,0.000000,5.259284
4820.6894,2026-07-20T16:06:34.477579,0.000000,5.259712
4821.1895,2026-07-20T16:06:34.977671,0.000000,5.259844
4821.6867,2026-07-20T16:06:35.474922,0.000000,5.260060
4822.1869,2026-07-20T16:06:35.975160,0.000000,5.260228
4822.6802,2026-07-20T16:06:36.468399,0.000000,5.260664
4823.1496,2026-07-20T16:06:36.937835,0.000000,5.260980
4823.6263,2026-07-20T16:06:37.414516,0.000000,5.261212
4824.1198,2026-07-20T16:06:37.908026,0.000000,5.261664
4824.6066,2026-07-20T16:06:38.394826,0.000000,5.262012
4825.1212,2026-07-20T16:06:38.909373,0.000000,5.262204
4825.6096,2026-07-20T16:06:39.397825,0.000000,5.262372
4826.0935,2026-07-20T16:06:39.881675,0.000000,5.262768
4826.5942,2026-07-20T16:06:40.382440,0.000000,5.262952
4827.0498,2026-07-20T16:06:40.837992,0.000000,5.263080
4827.5190,2026-07-20T16:06:41.307154,0.000000,5.263228
4828.0197,2026-07-20T16:06:41.807938,0.000000,5.263276
4828.5213,2026-07-20T16:06:42.309551,0.000000,5.263284
4829.0201,2026-07-20T16:06:42.808311,0.000000,5.263436
4829.5243,2026-07-20T16:06:43.312485,0.000000,5.263696
4830.0072,2026-07-20T16:06:43.795370,0.000000,5.264028
4830.4911,2026-07-20T16:06:44.279304,0.000000,5.264184
4830.9702,2026-07-20T16:06:44.758454,0.000000,5.264288
4831.4533,2026-07-20T16:06:45.241499,0.000000,5.264548
4831.9305,2026-07-20T16:06:45.718743,0.000000,5.264824
4832.4242,2026-07-20T16:06:46.212429,0.000000,5.265116
4832.9077,2026-07-20T16:06:46.695936,0.000000,5.265376
4833.3865,2026-07-20T16:06:47.174725,0.000000,5.265596
4833.8619,2026-07-20T16:06:47.650116,0.000000,5.265908
4834.3678,2026-07-20T16:06:48.155971,0.000000,5.266092
4834.8285,2026-07-20T16:06:48.616666,0.000000,5.266316
4835.3242,2026-07-20T16:06:49.112412,0.000000,5.266568
4835.8135,2026-07-20T16:06:49.601726,0.000000,5.266864
4836.2972,2026-07-20T16:06:50.085392,0.000000,5.266916
4836.8036,2026-07-20T16:06:50.591776,0.000000,5.267068
4837.3036,2026-07-20T16:06:51.091772,0.000000,5.267124
4837.7938,2026-07-20T16:06:51.582057,0.000000,5.267124
4838.2883,2026-07-20T16:06:52.076526,0.000000,5.267064
4838.7944,2026-07-20T16:06:52.582611,0.000000,5.267152
4839.2883,2026-07-20T16:06:53.076505,0.000000,5.267164
4839.7901,2026-07-20T16:06:53.578256,0.000000,5.267184
4840.2698,2026-07-20T16:06:54.057989,0.000000,5.267236
4840.7727,2026-07-20T16:06:54.560908,0.000000,5.267240
4841.2661,2026-07-20T16:06:55.054305,0.000000,5.267360
4841.7515,2026-07-20T16:06:55.539701,0.000000,5.267576
4842.2406,2026-07-20T16:06:56.028850,0.000000,5.267788
4842.7365,2026-07-20T16:06:56.524673,0.000000,5.268080
4843.2000,2026-07-20T16:06:56.988230,0.000000,5.268440
4843.7012,2026-07-20T16:06:57.489439,0.000000,5.268740
4844.1980,2026-07-20T16:06:57.986183,0.000000,5.268980
4844.6939,2026-07-20T16:06:58.482078,0.000000,5.269292
4845.1880,2026-07-20T16:06:58.976232,0.000000,5.269512
4845.6876,2026-07-20T16:06:59.475763,0.000000,5.269800
4846.1836,2026-07-20T16:06:59.971788,0.000000,5.269928
4846.6823,2026-07-20T16:07:00.470526,0.000000,5.270156
4847.1758,2026-07-20T16:07:00.964043,0.000000,5.270284
4847.6498,2026-07-20T16:07:01.437976,0.000000,5.270380
4848.1463,2026-07-20T16:07:01.934447,0.000000,5.270480
4848.6714,2026-07-20T16:07:02.459581,0.000000,5.270608
4849.1443,2026-07-20T16:07:02.932483,0.000000,5.270696
4849.6460,2026-07-20T16:07:03.434240,0.000000,5.270824
4850.1384,2026-07-20T16:07:03.926604,0.000000,5.270820
4850.5957,2026-07-20T16:07:04.383930,0.000000,5.270776
4851.0996,2026-07-20T16:07:04.887842,0.000000,5.270960
4851.5916,2026-07-20T16:07:05.379791,0.000000,5.271004
4852.0887,2026-07-20T16:07:05.876879,0.000000,5.270984
4852.5589,2026-07-20T16:07:06.347122,0.000000,5.271124
4853.0486,2026-07-20T16:07:06.836820,0.000000,5.271200
4853.5261,2026-07-20T16:07:07.314291,0.000000,5.271268
4854.0583,2026-07-20T16:07:07.846478,0.000000,5.271416
4854.5376,2026-07-20T16:07:08.325798,0.000000,5.271480
4855.0278,2026-07-20T16:07:08.815975,0.000000,5.271600
4855.5237,2026-07-20T16:07:09.311914,0.000000,5.271808
4856.0105,2026-07-20T16:07:09.798699,0.000000,5.271996
4856.4980,2026-07-20T16:07:10.286217,0.000000,5.272192
4856.9783,2026-07-20T16:07:10.766541,0.000000,5.272432
4857.4542,2026-07-20T16:07:11.242361,0.000000,5.272704
4857.9549,2026-07-20T16:07:11.743102,0.000000,5.272936
4858.4558,2026-07-20T16:07:12.243970,0.000000,5.273032
4858.9799,2026-07-20T16:07:12.768108,0.000000,5.273260
4859.4574,2026-07-20T16:07:13.245567,0.000000,5.273540
4859.9570,2026-07-20T16:07:13.745248,0.000000,5.273644
4860.4592,2026-07-20T16:07:14.247426,0.000000,5.273840
4860.9341,2026-07-20T16:07:14.722309,0.000000,5.273836
4861.4076,2026-07-20T16:07:15.195838,0.000000,5.273796
4861.9051,2026-07-20T16:07:15.693303,0.000000,5.273800
4862.4346,2026-07-20T16:07:16.222821,0.000000,5.273768
4862.9053,2026-07-20T16:07:16.693539,0.000000,5.273716
4863.4008,2026-07-20T16:07:17.188978,0.000000,5.273804
4863.8979,2026-07-20T16:07:17.686129,0.000000,5.273836
4864.3879,2026-07-20T16:07:18.176096,0.000000,5.273748
4864.8867,2026-07-20T16:07:18.674918,0.000000,5.273896
4865.3425,2026-07-20T16:07:19.130725,0.000000,5.274076
4865.8314,2026-07-20T16:07:19.619634,0.000000,5.274260
4866.3178,2026-07-20T16:07:20.106024,0.000000,5.274508
4866.8110,2026-07-20T16:07:20.599189,0.000000,5.274704
4867.3341,2026-07-20T16:07:21.122335,0.000000,5.274820
4867.8302,2026-07-20T16:07:21.618416,0.000000,5.275072
4868.2994,2026-07-20T16:07:22.087608,0.000000,5.275244
4868.7857,2026-07-20T16:07:22.573923,0.000000,5.275364
4869.2769,2026-07-20T16:07:23.065073,0.000000,5.275436
4869.7631,2026-07-20T16:07:23.551319,0.000000,5.275520
4870.2592,2026-07-20T16:07:24.047365,0.000000,5.275600
4870.7412,2026-07-20T16:07:24.529411,0.000000,5.275884
4871.2387,2026-07-20T16:07:25.026911,0.000000,5.276016
4871.7509,2026-07-20T16:07:25.539055,0.000000,5.276084
4872.2194,2026-07-20T16:07:26.007573,0.000000,5.276328
4872.7131,2026-07-20T16:07:26.501348,0.000000,5.276400
4873.2028,2026-07-20T16:07:26.990961,0.000000,5.276712
4873.6839,2026-07-20T16:07:27.472134,0.000000,5.276788
4874.1776,2026-07-20T16:07:27.965833,0.000000,5.277020
4874.6647,2026-07-20T16:07:28.452891,0.000000,5.277064
4875.1581,2026-07-20T16:07:28.946323,0.000000,5.277236
4875.6283,2026-07-20T16:07:29.416539,0.000000,5.277180
4876.0983,2026-07-20T16:07:29.886536,0.000000,5.277192
4876.5879,2026-07-20T16:07:30.376133,0.000000,5.277512
4877.0823,2026-07-20T16:07:30.870489,0.000000,5.277892
4877.5889,2026-07-20T16:07:31.377109,0.000000,5.278416
4878.0879,2026-07-20T16:07:31.876112,0.000000,5.278664
4878.5522,2026-07-20T16:07:32.340443,0.000000,5.279012
4879.0337,2026-07-20T16:07:32.821866,0.000000,5.279396
4879.5317,2026-07-20T16:07:33.319852,0.000000,5.279832
4880.0039,2026-07-20T16:07:33.792087,0.000000,5.280292
4880.4922,2026-07-20T16:07:34.280405,0.000000,5.280540
4880.9764,2026-07-20T16:07:34.764600,0.000000,5.280984
4881.4628,2026-07-20T16:07:35.251007,0.000000,5.281336
4881.9572,2026-07-20T16:07:35.745378,0.000000,5.281528
4882.4681,2026-07-20T16:07:36.256316,0.000000,5.281652
4882.9668,2026-07-20T16:07:36.755001,0.000000,5.281740
4883.4595,2026-07-20T16:07:37.247725,0.000000,5.281932
4883.9161,2026-07-20T16:07:37.704303,0.000000,5.282280
4884.4087,2026-07-20T16:07:38.196907,0.000000,5.282636
4884.9048,2026-07-20T16:07:38.692993,0.000000,5.283004
4885.3907,2026-07-20T16:07:39.178865,0.000000,5.283528
4885.8900,2026-07-20T16:07:39.678178,0.000000,5.283824
4886.3740,2026-07-20T16:07:40.162204,0.000000,5.284148
4886.8379,2026-07-20T16:07:40.626111,0.000000,5.284528
4887.3213,2026-07-20T16:07:41.109522,0.000000,5.285052
4887.7952,2026-07-20T16:07:41.583443,0.000000,5.285524
4888.2671,2026-07-20T16:07:42.055260,0.000000,5.285884
4888.7460,2026-07-20T16:07:42.534233,0.000000,5.286248
4889.2368,2026-07-20T16:07:43.025008,0.000000,5.286556
4889.7540,2026-07-20T16:07:43.542197,0.000000,5.286732
4890.2134,2026-07-20T16:07:44.001562,0.000000,5.286928
4890.7128,2026-07-20T16:07:44.501033,0.000000,5.287052
4891.2113,2026-07-20T16:07:44.999485,0.000000,5.287292
4891.7162,2026-07-20T16:07:45.504374,0.000000,5.287548
4892.2160,2026-07-20T16:07:46.004237,0.000000,5.287476
4892.7134,2026-07-20T16:07:46.501583,0.000000,5.287460
4893.1991,2026-07-20T16:07:46.987259,0.000000,5.287500
4893.6982,2026-07-20T16:07:47.486418,0.000000,5.287452
4894.1986,2026-07-20T16:07:47.986803,0.000000,5.287604
4894.6822,2026-07-20T16:07:48.470451,0.000000,5.287720
4895.1732,2026-07-20T16:07:48.961432,0.000000,5.287808
4895.6718,2026-07-20T16:07:49.459971,0.000000,5.287856
4896.1689,2026-07-20T16:07:49.957050,0.000000,5.287944
4896.6550,2026-07-20T16:07:50.443199,0.000000,5.288128
4897.1301,2026-07-20T16:07:50.918300,0.000000,5.288408
4897.6248,2026-07-20T16:07:51.413037,0.000000,5.288676
4898.1258,2026-07-20T16:07:51.914037,0.000000,5.288852
4898.6321,2026-07-20T16:07:52.420332,0.000000,5.289100
4899.1321,2026-07-20T16:07:52.920271,0.000000,5.289176
4899.6294,2026-07-20T16:07:53.417582,0.000000,5.289312
4900.1096,2026-07-20T16:07:53.897836,0.000000,5.289396
4900.6030,2026-07-20T16:07:54.391200,0.000000,5.289380
4901.1036,2026-07-20T16:07:54.891775,0.000000,5.289372
4901.5889,2026-07-20T16:07:55.377147,0.000000,5.289296
4902.0797,2026-07-20T16:07:55.867901,0.000000,5.289212
4902.5398,2026-07-20T16:07:56.328016,0.000000,5.289252
4903.0191,2026-07-20T16:07:56.807334,0.000000,5.289196
4903.4944,2026-07-20T16:07:57.282603,0.000000,5.289144
4903.9887,2026-07-20T16:07:57.776951,0.000000,5.289144
4904.4748,2026-07-20T16:07:58.262964,0.000000,5.289164
4904.9765,2026-07-20T16:07:58.764670,0.000000,5.289336
4905.4751,2026-07-20T16:07:59.263342,0.000000,5.289556
4905.9614,2026-07-20T16:07:59.749612,0.000000,5.289792
4906.4341,2026-07-20T16:08:00.222308,0.000000,5.290040
4906.9354,2026-07-20T16:08:00.723597,0.000000,5.290128
4907.4089,2026-07-20T16:08:01.197091,0.000000,5.290164
4907.9035,2026-07-20T16:08:01.691692,0.000000,5.290324
4908.3851,2026-07-20T16:08:02.173333,0.000000,5.290644
4908.8894,2026-07-20T16:08:02.677594,0.000000,5.290732
4909.3879,2026-07-20T16:08:03.176112,0.000000,5.290892
4909.8889,2026-07-20T16:08:03.677114,0.000000,5.290856
4910.3530,2026-07-20T16:08:04.141174,0.000000,5.290848
4910.8447,2026-07-20T16:08:04.632928,0.000000,5.290888
4911.3375,2026-07-20T16:08:05.125756,0.000000,5.291020
4911.8168,2026-07-20T16:08:05.604975,0.000000,5.291140
4912.3034,2026-07-20T16:08:06.091596,0.000000,5.291228
4912.7825,2026-07-20T16:08:06.570690,0.000000,5.291236
4913.2796,2026-07-20T16:08:07.067822,0.000000,5.291204
4913.7793,2026-07-20T16:08:07.567501,0.000000,5.291180
4914.2832,2026-07-20T16:08:08.071359,0.000000,5.291232
4914.7793,2026-07-20T16:08:08.567461,0.000000,5.291248
4915.2794,2026-07-20T16:08:09.067599,0.000000,5.291360
4915.7527,2026-07-20T16:08:09.540902,0.000000,5.291408
4916.2438,2026-07-20T16:08:10.031986,0.000000,5.291552
4916.7351,2026-07-20T16:08:10.523323,0.000000,5.291616
4917.1948,2026-07-20T16:08:10.983036,0.000000,5.291828
4917.6884,2026-07-20T16:08:11.476647,0.000000,5.292000
4918.1902,2026-07-20T16:08:11.978422,0.000000,5.292292
4918.6822,2026-07-20T16:08:12.470418,0.000000,5.292620
4919.2066,2026-07-20T16:08:12.994808,0.000000,5.292796
4919.6904,2026-07-20T16:08:13.478606,0.000000,5.293088
4920.1878,2026-07-20T16:08:13.976012,0.000000,5.293228
4920.6813,2026-07-20T16:08:14.469528,0.000000,5.293192
4921.1491,2026-07-20T16:08:14.937278,0.000000,5.293400
4921.6335,2026-07-20T16:08:15.421719,0.000000,5.293428
4922.1253,2026-07-20T16:08:15.913541,0.000000,5.293596
4922.5956,2026-07-20T16:08:16.383768,0.000000,5.293652
4923.0572,2026-07-20T16:08:16.845405,0.000000,5.293736
4923.5600,2026-07-20T16:08:17.348253,0.000000,5.293808
4924.0593,2026-07-20T16:08:17.847524,0.000000,5.294044
4924.5622,2026-07-20T16:08:18.350416,0.000000,5.294160
4925.0609,2026-07-20T16:08:18.849057,0.000000,5.294344
4925.5544,2026-07-20T16:08:19.342630,0.000000,5.294632
4926.0291,2026-07-20T16:08:19.817336,0.000000,5.294752
4926.5023,2026-07-20T16:08:20.290546,0.000000,5.294852
4927.0071,2026-07-20T16:08:20.795309,0.000000,5.294984
4927.5120,2026-07-20T16:08:21.300232,0.000000,5.294940
4927.9880,2026-07-20T16:08:21.776181,0.000000,5.294948
4928.4802,2026-07-20T16:08:22.268431,0.000000,5.295088
4928.9951,2026-07-20T16:08:22.783295,0.000000,5.295100
4929.4816,2026-07-20T16:08:23.269845,0.000000,5.295204
4929.9736,2026-07-20T16:08:23.761803,0.000000,5.295380
4930.4406,2026-07-20T16:08:24.228783,0.000000,5.295484
4930.9279,2026-07-20T16:08:24.716067,0.000000,5.295620
4931.4302,2026-07-20T16:08:25.218427,0.000000,5.295820
4931.9005,2026-07-20T16:08:25.688656,0.000000,5.295892
4932.3957,2026-07-20T16:08:26.183882,0.000000,5.296232
4932.8913,2026-07-20T16:08:26.679468,0.000000,5.296564
4933.3874,2026-07-20T16:08:27.175599,0.000000,5.296696
4933.9127,2026-07-20T16:08:27.700936,0.000000,5.296864
4934.4028,2026-07-20T16:08:28.191036,0.000000,5.297080
4934.8899,2026-07-20T16:08:28.678060,0.000000,5.297492
4935.3868,2026-07-20T16:08:29.175039,0.000000,5.297644
4935.8928,2026-07-20T16:08:29.680956,0.000000,5.297896
4936.3776,2026-07-20T16:08:30.165775,0.000000,5.298204
4936.8544,2026-07-20T16:08:30.642634,0.000000,5.298748
4937.3113,2026-07-20T16:08:31.099464,0.000000,5.299052
4937.8124,2026-07-20T16:08:31.600626,0.000000,5.299368
4938.3072,2026-07-20T16:08:32.095418,0.000000,5.299792
4938.8102,2026-07-20T16:08:32.598362,0.000000,5.300112
4939.2740,2026-07-20T16:08:33.062247,0.000000,5.300304
4939.7793,2026-07-20T16:08:33.567506,0.000000,5.300584
4940.2755,2026-07-20T16:08:34.063703,0.000000,5.301056
4940.7798,2026-07-20T16:08:34.568047,0.000000,5.301424
4941.2669,2026-07-20T16:08:35.055117,0.000000,5.301896
4941.7722,2026-07-20T16:08:35.560373,0.000000,5.302136
4942.2640,2026-07-20T16:08:36.052167,0.000000,5.302364
4942.7229,2026-07-20T16:08:36.511121,0.000000,5.302620
4943.2190,2026-07-20T16:08:37.007160,0.000000,5.302744
4943.7132,2026-07-20T16:08:37.501412,0.000000,5.302840
4944.1935,2026-07-20T16:08:37.981678,0.000000,5.303100
4944.6625,2026-07-20T16:08:38.450747,0.000000,5.302916
4945.1332,2026-07-20T16:08:38.921421,0.000000,5.302868
4945.6129,2026-07-20T16:08:39.401071,0.000000,5.302812
4946.1013,2026-07-20T16:08:39.889536,0.000000,5.302636
4946.5925,2026-07-20T16:08:40.380700,0.000000,5.302548
4947.0796,2026-07-20T16:08:40.867764,0.000000,5.302476
4947.5940,2026-07-20T16:08:41.382232,0.000000,5.302388
4948.0883,2026-07-20T16:08:41.876497,0.000000,5.302552
4948.5525,2026-07-20T16:08:42.340737,0.000000,5.302724
4949.0096,2026-07-20T16:08:42.797811,0.000000,5.302820
4949.5071,2026-07-20T16:08:43.295332,0.000000,5.303148
4949.9874,2026-07-20T16:08:43.775597,0.000000,5.303328
4950.4571,2026-07-20T16:08:44.245278,0.000000,5.303436
4950.9524,2026-07-20T16:08:44.740571,0.000000,5.303592
4951.4274,2026-07-20T16:08:45.215578,0.000000,5.303656
4951.9292,2026-07-20T16:08:45.717376,0.000000,5.303840
4952.4287,2026-07-20T16:08:46.216895,0.000000,5.303936
4952.9108,2026-07-20T16:08:46.698985,0.000000,5.304056
4953.4290,2026-07-20T16:08:47.217249,0.000000,5.304076
4953.9037,2026-07-20T16:08:47.691918,0.000000,5.304004
4954.3885,2026-07-20T16:08:48.176730,0.000000,5.304056
4954.8613,2026-07-20T16:08:48.649503,0.000000,5.304120
4955.3288,2026-07-20T16:08:49.117031,0.000000,5.304196
4955.8354,2026-07-20T16:08:49.623629,0.000000,5.304252
4956.3401,2026-07-20T16:08:50.128339,0.000000,5.304408
4956.8004,2026-07-20T16:08:50.588588,0.000000,5.304420
4957.3025,2026-07-20T16:08:51.090705,0.000000,5.304636
4957.7528,2026-07-20T16:08:51.540977,0.000000,5.304676
4958.2524,2026-07-20T16:08:52.040578,0.000000,5.304896
4958.7383,2026-07-20T16:08:52.526546,0.000000,5.305128
4959.2373,2026-07-20T16:08:53.025481,0.000000,5.305256
4959.7440,2026-07-20T16:08:53.532181,0.000000,5.305496
4960.2441,2026-07-20T16:08:54.032355,0.000000,5.305628
4960.7189,2026-07-20T16:08:54.507114,0.000000,5.305988
4961.2211,2026-07-20T16:08:55.009268,0.000000,5.306124
4961.7132,2026-07-20T16:08:55.501385,0.000000,5.306384
4962.2018,2026-07-20T16:08:55.990003,0.000000,5.306688
4962.6871,2026-07-20T16:08:56.475351,0.000000,5.306964
4963.1424,2026-07-20T16:08:56.930637,0.000000,5.307252
4963.6183,2026-07-20T16:08:57.406527,0.000000,5.307440
4964.1133,2026-07-20T16:08:57.901546,0.000000,5.307692
4964.6195,2026-07-20T16:08:58.407743,0.000000,5.307868
4965.1317,2026-07-20T16:08:58.919866,0.000000,5.308080
4965.6218,2026-07-20T16:08:59.410007,0.000000,5.308324
4966.0863,2026-07-20T16:08:59.874481,0.000000,5.308520
4966.5909,2026-07-20T16:09:00.379061,0.000000,5.308632
4967.0476,2026-07-20T16:09:00.835831,0.000000,5.308764
4967.5490,2026-07-20T16:09:01.337254,0.000000,5.308788
4968.0412,2026-07-20T16:09:01.829408,0.000000,5.308888
4968.5044,2026-07-20T16:09:02.292580,0.000000,5.308944
4968.9925,2026-07-20T16:09:02.780720,0.000000,5.309032
4969.4587,2026-07-20T16:09:03.246902,0.000000,5.309216
4969.9495,2026-07-20T16:09:03.737749,0.000000,5.309316
4970.4785,2026-07-20T16:09:04.266697,0.000000,5.309400
4970.9529,2026-07-20T16:09:04.741088,0.000000,5.309500
4971.4048,2026-07-20T16:09:05.192985,0.000000,5.309692
4971.8919,2026-07-20T16:09:05.680059,0.000000,5.309724
4972.4028,2026-07-20T16:09:06.190989,0.000000,5.309852
4972.8831,2026-07-20T16:09:06.671338,0.000000,5.309880
4973.3917,2026-07-20T16:09:07.179868,0.000000,5.309916
4973.8517,2026-07-20T16:09:07.639936,0.000000,5.309912
4974.3211,2026-07-20T16:09:08.109267,0.000000,5.309916
4974.8164,2026-07-20T16:09:08.604555,0.000000,5.309832
4975.2926,2026-07-20T16:09:09.080766,0.000000,5.309844
4975.7884,2026-07-20T16:09:09.576591,0.000000,5.309792
4976.3058,2026-07-20T16:09:10.094015,0.000000,5.309688
4976.7747,2026-07-20T16:09:10.562946,0.000000,5.309768
4977.2696,2026-07-20T16:09:11.057806,0.000000,5.309868
4977.7687,2026-07-20T16:09:11.556854,0.000000,5.310020
4978.2593,2026-07-20T16:09:12.047533,0.000000,5.310224
4978.7477,2026-07-20T16:09:12.535908,0.000000,5.310560
4979.2197,2026-07-20T16:09:13.007949,0.000000,5.310812
4979.7138,2026-07-20T16:09:13.502012,0.000000,5.311152
4980.2029,2026-07-20T16:09:13.991140,0.000000,5.311500
4980.6834,2026-07-20T16:09:14.471556,0.000000,5.311752
4981.1585,2026-07-20T16:09:14.946718,0.000000,5.312028
4981.6441,2026-07-20T16:09:15.432306,0.000000,5.312024
4982.1597,2026-07-20T16:09:15.947899,0.000000,5.312124
4982.6452,2026-07-20T16:09:16.433364,0.000000,5.312164
4983.1026,2026-07-20T16:09:16.890817,0.000000,5.312168
4983.5858,2026-07-20T16:09:17.373964,0.000000,5.312312
4984.0558,2026-07-20T16:09:17.844013,0.000000,5.312432
4984.5537,2026-07-20T16:09:18.341928,0.000000,5.312480
4985.0459,2026-07-20T16:09:18.834102,0.000000,5.312644
4985.5200,2026-07-20T16:09:19.308239,0.000000,5.312812
4986.0029,2026-07-20T16:09:19.791138,0.000000,5.312912
4986.4515,2026-07-20T16:09:20.239733,0.000000,5.313124
4986.9458,2026-07-20T16:09:20.733971,0.000000,5.313236
4987.4331,2026-07-20T16:09:21.221344,0.000000,5.313432
4987.8980,2026-07-20T16:09:21.686178,0.000000,5.313632
4988.3917,2026-07-20T16:09:22.179859,0.000000,5.313736
4988.9122,2026-07-20T16:09:22.700379,0.000000,5.313692
4989.3917,2026-07-20T16:09:23.179936,0.000000,5.313772
4989.8864,2026-07-20T16:09:23.674625,0.000000,5.313816
4990.3862,2026-07-20T16:09:24.174424,0.000000,5.313876
4990.8717,2026-07-20T16:09:24.659877,0.000000,5.313920
4991.3706,2026-07-20T16:09:25.158804,0.000000,5.313988
4991.8731,2026-07-20T16:09:25.661264,0.000000,5.314012
4992.3416,2026-07-20T16:09:26.129775,0.000000,5.314128
4992.8320,2026-07-20T16:09:26.620188,0.000000,5.314208
4993.3102,2026-07-20T16:09:27.098426,0.000000,5.314332
4993.8372,2026-07-20T16:09:27.625359,0.000000,5.314556
4994.3337,2026-07-20T16:09:28.121944,0.000000,5.314720
4994.7983,2026-07-20T16:09:28.586490,0.000000,5.314776
4995.2938,2026-07-20T16:09:29.082051,0.000000,5.314984
4995.7954,2026-07-20T16:09:29.583573,0.000000,5.315176
4996.2874,2026-07-20T16:09:30.075592,0.000000,5.315228
4996.7872,2026-07-20T16:09:30.575437,0.000000,5.315388
4997.3124,2026-07-20T16:09:31.100588,0.000000,5.315576
4997.8034,2026-07-20T16:09:31.591606,0.000000,5.315656
4998.3004,2026-07-20T16:09:32.088557,0.000000,5.315716
4998.7946,2026-07-20T16:09:32.582782,0.000000,5.315780
4999.2894,2026-07-20T16:09:33.077576,0.000000,5.315756
4999.7833,2026-07-20T16:09:33.571535,0.000000,5.315804
5000.2530,2026-07-20T16:09:34.041179,0.000000,5.315608
5000.7477,2026-07-20T16:09:34.535859,0.000000,5.315528
5001.1964,2026-07-20T16:09:34.984566,0.000000,5.315564
5001.6741,2026-07-20T16:09:35.462305,0.000000,5.315592
5002.1664,2026-07-20T16:09:35.954616,0.000000,5.315520
5002.6754,2026-07-20T16:09:36.463632,0.000000,5.315560
5003.1496,2026-07-20T16:09:36.937767,0.000000,5.315484
5003.6248,2026-07-20T16:09:37.413002,0.000000,5.315384
5004.0948,2026-07-20T16:09:37.883018,0.000000,5.315436
5004.5776,2026-07-20T16:09:38.365822,0.000000,5.315596
5005.0623,2026-07-20T16:09:38.850486,0.000000,5.315952
5005.5684,2026-07-20T16:09:39.356617,0.000000,5.316320
5006.0649,2026-07-20T16:09:39.853069,0.000000,5.316656
5006.5340,2026-07-20T16:09:40.322197,0.000000,5.317016
5007.0183,2026-07-20T16:09:40.806458,0.000000,5.317296
5007.5109,2026-07-20T16:09:41.299095,0.000000,5.317668
5008.0032,2026-07-20T16:09:41.791438,0.000000,5.317912
5008.5223,2026-07-20T16:09:42.310498,0.000000,5.318244
5009.0250,2026-07-20T16:09:42.813144,0.000000,5.318284
5009.5026,2026-07-20T16:09:43.290832,0.000000,5.318344
5009.9960,2026-07-20T16:09:43.784176,0.000000,5.318488
5010.4477,2026-07-20T16:09:44.235934,0.000000,5.318536
5010.9394,2026-07-20T16:09:44.727589,0.000000,5.318600
5011.4395,2026-07-20T16:09:45.227690,0.000000,5.318616
5011.9158,2026-07-20T16:09:45.703985,0.000000,5.318532
5012.4123,2026-07-20T16:09:46.200526,0.000000,5.318500
5012.8824,2026-07-20T16:09:46.670579,0.000000,5.318620
5013.3687,2026-07-20T16:09:47.156906,0.000000,5.318668
5013.8631,2026-07-20T16:09:47.651274,0.000000,5.318896
5014.3567,2026-07-20T16:09:48.144930,0.000000,5.318988
5014.8698,2026-07-20T16:09:48.657995,0.000000,5.319108
5015.3679,2026-07-20T16:09:49.156057,0.000000,5.319204
5015.8301,2026-07-20T16:09:49.618344,0.000000,5.319252
5016.3133,2026-07-20T16:09:50.101470,0.000000,5.319480
5016.8103,2026-07-20T16:09:50.598550,0.000000,5.319512
5017.3044,2026-07-20T16:09:51.092614,0.000000,5.319600
5017.7867,2026-07-20T16:09:51.574899,0.000000,5.319568
5018.2830,2026-07-20T16:09:52.071173,0.000000,5.319604
5018.7835,2026-07-20T16:09:52.571721,0.000000,5.319488
5019.2995,2026-07-20T16:09:53.087703,0.000000,5.319564
5019.7982,2026-07-20T16:09:53.586375,0.000000,5.319608
5020.2926,2026-07-20T16:09:54.080759,0.000000,5.319564
5020.7793,2026-07-20T16:09:54.567486,0.000000,5.319640
5021.2810,2026-07-20T16:09:55.069202,0.000000,5.319732
5021.7499,2026-07-20T16:09:55.538081,0.000000,5.319752
5022.2330,2026-07-20T16:09:56.021158,0.000000,5.319956
5022.7097,2026-07-20T16:09:56.497861,0.000000,5.320072
5023.2120,2026-07-20T16:09:57.000209,0.000000,5.320080
5023.7112,2026-07-20T16:09:57.499360,0.000000,5.320256
5024.1904,2026-07-20T16:09:57.978578,0.000000,5.320328
5024.6818,2026-07-20T16:09:58.470002,0.000000,5.320436
5025.1394,2026-07-20T16:09:58.927564,0.000000,5.320600
5025.6418,2026-07-20T16:09:59.429986,0.000000,5.320636
5026.1262,2026-07-20T16:09:59.914442,0.000000,5.320740
5026.5925,2026-07-20T16:10:00.380754,0.000000,5.320848
5027.0803,2026-07-20T16:10:00.868495,0.000000,5.321016
5027.5543,2026-07-20T16:10:01.342491,0.000000,5.321176
5028.0561,2026-07-20T16:10:01.844301,0.000000,5.321584
5028.5563,2026-07-20T16:10:02.344472,0.000000,5.322004
5029.0297,2026-07-20T16:10:02.817859,0.000000,5.322384
5029.5289,2026-07-20T16:10:03.317136,0.000000,5.322616
5030.0477,2026-07-20T16:10:03.835938,0.000000,5.323164
5030.5148,2026-07-20T16:10:04.303025,0.000000,5.323620
5031.0104,2026-07-20T16:10:04.798620,0.000000,5.323912
5031.5098,2026-07-20T16:10:05.297998,0.000000,5.324324
5031.9921,2026-07-20T16:10:05.780269,0.000000,5.324580
5032.4901,2026-07-20T16:10:06.278304,0.000000,5.324904
5032.9914,2026-07-20T16:10:06.779632,0.000000,5.325052
5033.4899,2026-07-20T16:10:07.278082,0.000000,5.325116
5033.9816,2026-07-20T16:10:07.769769,0.000000,5.325156
5034.4884,2026-07-20T16:10:08.276592,0.000000,5.325240
5034.9827,2026-07-20T16:10:08.770921,0.000000,5.325120
5035.4867,2026-07-20T16:10:09.274921,0.000000,5.324996
5035.9492,2026-07-20T16:10:09.737424,0.000000,5.324996
5036.4492,2026-07-20T16:10:10.237402,0.000000,5.324852
5036.9351,2026-07-20T16:10:10.723268,0.000000,5.324876
5037.3894,2026-07-20T16:10:11.177592,0.000000,5.324820
5037.8892,2026-07-20T16:10:11.677366,0.000000,5.324828
5038.3858,2026-07-20T16:10:12.173982,0.000000,5.324756
5038.8899,2026-07-20T16:10:12.678109,0.000000,5.324684
5039.3450,2026-07-20T16:10:13.133169,0.000000,5.324584
5039.8184,2026-07-20T16:10:13.606557,0.000000,5.324588
5040.3154,2026-07-20T16:10:14.103630,0.000000,5.324652
5040.8108,2026-07-20T16:10:14.599049,0.000000,5.324720
5041.2894,2026-07-20T16:10:15.077573,0.000000,5.324784
5041.7963,2026-07-20T16:10:15.584520,0.000000,5.324704
5042.2700,2026-07-20T16:10:16.058254,0.000000,5.324600
5042.7388,2026-07-20T16:10:16.527024,0.000000,5.324440
5043.2356,2026-07-20T16:10:17.023846,0.000000,5.324452
5043.7408,2026-07-20T16:10:17.528982,0.000000,5.324396
5044.2451,2026-07-20T16:10:18.033296,0.000000,5.324504
5044.7411,2026-07-20T16:10:18.529340,0.000000,5.324532
5045.2020,2026-07-20T16:10:18.990163,0.000000,5.324760
5045.7043,2026-07-20T16:10:19.492463,0.000000,5.324640
5046.1862,2026-07-20T16:10:19.974438,0.000000,5.324736
5046.6872,2026-07-20T16:10:20.475370,0.000000,5.324848
5047.1890,2026-07-20T16:10:20.977183,0.000000,5.325144
5047.6535,2026-07-20T16:10:21.441688,0.000000,5.325356
5048.1408,2026-07-20T16:10:21.928984,0.000000,5.325652
5048.6381,2026-07-20T16:10:22.426353,0.000000,5.325836
5049.1445,2026-07-20T16:10:22.932677,0.000000,5.326112
5049.6372,2026-07-20T16:10:23.425364,0.000000,5.326292
5050.1394,2026-07-20T16:10:23.927650,0.000000,5.326340
5050.6134,2026-07-20T16:10:24.401568,0.000000,5.326560
5051.1149,2026-07-20T16:10:24.903079,0.000000,5.326872
5051.5937,2026-07-20T16:10:25.381879,0.000000,5.327112
5052.0867,2026-07-20T16:10:25.874869,0.000000,5.327196
5052.5821,2026-07-20T16:10:26.370350,0.000000,5.327356
5053.0500,2026-07-20T16:10:26.838177,0.000000,5.327328
5053.5474,2026-07-20T16:10:27.335647,0.000000,5.327396
5054.0787,2026-07-20T16:10:27.866862,0.000000,5.327324
5054.5518,2026-07-20T16:10:28.340030,0.000000,5.327220
5055.0278,2026-07-20T16:10:28.815983,0.000000,5.327140
5055.5209,2026-07-20T16:10:29.309089,0.000000,5.327164
5056.0019,2026-07-20T16:10:29.790082,0.000000,5.326920
5056.4741,2026-07-20T16:10:30.262329,0.000000,5.326728
5056.9578,2026-07-20T16:10:30.746046,0.000000,5.326552
5057.4604,2026-07-20T16:10:31.248593,0.000000,5.326416
5057.9616,2026-07-20T16:10:31.749777,0.000000,5.326356
5058.4471,2026-07-20T16:10:32.235271,0.000000,5.326256
5058.9655,2026-07-20T16:10:32.753700,0.000000,5.326316
5059.4500,2026-07-20T16:10:33.238174,0.000000,5.326352
5059.9137,2026-07-20T16:10:33.701897,0.000000,5.326520
5060.4183,2026-07-20T16:10:34.206467,0.000000,5.326544
5060.8806,2026-07-20T16:10:34.668836,0.000000,5.326540
5061.3449,2026-07-20T16:10:35.133116,0.000000,5.326648
5061.8307,2026-07-20T16:10:35.618951,0.000000,5.326904
5062.3083,2026-07-20T16:10:36.096464,0.000000,5.327024
5062.8091,2026-07-20T16:10:36.597339,0.000000,5.327220
5063.3103,2026-07-20T16:10:37.098516,0.000000,5.327372
5063.7940,2026-07-20T16:10:37.582191,0.000000,5.327624
5064.3132,2026-07-20T16:10:38.101379,0.000000,5.327700
5064.8137,2026-07-20T16:10:38.601867,0.000000,5.327788
5065.2997,2026-07-20T16:10:39.087947,0.000000,5.327804
5065.7717,2026-07-20T16:10:39.559874,0.000000,5.327988
5066.2820,2026-07-20T16:10:40.070220,0.000000,5.328032
5066.7741,2026-07-20T16:10:40.562332,0.000000,5.328040
5067.2516,2026-07-20T16:10:41.039779,0.000000,5.328104
5067.7296,2026-07-20T16:10:41.517768,0.000000,5.328068
5068.1996,2026-07-20T16:10:41.987779,0.000000,5.328184
5068.6829,2026-07-20T16:10:42.471069,0.000000,5.328428
5069.1870,2026-07-20T16:10:42.975194,0.000000,5.328564
5069.6948,2026-07-20T16:10:43.482974,0.000000,5.328668
5070.1965,2026-07-20T16:10:43.984721,0.000000,5.328868
5070.6782,2026-07-20T16:10:44.466428,0.000000,5.329088
5071.1773,2026-07-20T16:10:44.965538,0.000000,5.329316
5071.6501,2026-07-20T16:10:45.438313,0.000000,5.329576
5072.1516,2026-07-20T16:10:45.939760,0.000000,5.329804
5072.6479,2026-07-20T16:10:46.436057,0.000000,5.329888
5073.1185,2026-07-20T16:10:46.906690,0.000000,5.329992
5073.5950,2026-07-20T16:10:47.383168,0.000000,5.330092
5074.0927,2026-07-20T16:10:47.880951,0.000000,5.330232
5074.5895,2026-07-20T16:10:48.377743,0.000000,5.330340
5075.0781,2026-07-20T16:10:48.866344,0.000000,5.330308
5075.5823,2026-07-20T16:10:49.370514,0.000000,5.330544
5076.0771,2026-07-20T16:10:49.865256,0.000000,5.330624
5076.6012,2026-07-20T16:10:50.389427,0.000000,5.330592
5077.1019,2026-07-20T16:10:50.890138,0.000000,5.330684
5077.5780,2026-07-20T16:10:51.366216,0.000000,5.330688
5078.0775,2026-07-20T16:10:51.865645,0.000000,5.330728
5078.5466,2026-07-20T16:10:52.334776,0.000000,5.330644
5079.0335,2026-07-20T16:10:52.821723,0.000000,5.330636
5079.5318,2026-07-20T16:10:53.320029,0.000000,5.330792
5080.0011,2026-07-20T16:10:53.789278,0.000000,5.330872
5080.4775,2026-07-20T16:10:54.265751,0.000000,5.330948
5080.9729,2026-07-20T16:10:54.761118,0.000000,5.331092
5081.4698,2026-07-20T16:10:55.257976,0.000000,5.331220
5081.9855,2026-07-20T16:10:55.773711,0.000000,5.331320
5082.4782,2026-07-20T16:10:56.266410,0.000000,5.331536
5082.9703,2026-07-20T16:10:56.758480,0.000000,5.331680
5083.4699,2026-07-20T16:10:57.258107,0.000000,5.331796
5083.9469,2026-07-20T16:10:57.735083,0.000000,5.331880
5084.4208,2026-07-20T16:10:58.208953,0.000000,5.331844
5084.9021,2026-07-20T16:10:58.690253,0.000000,5.331916
5085.3895,2026-07-20T16:10:59.177655,0.000000,5.331892
5085.8893,2026-07-20T16:10:59.677506,0.000000,5.331824
5086.3545,2026-07-20T16:11:00.142668,0.000000,5.331852
5086.8488,2026-07-20T16:11:00.636989,0.000000,5.331976
5087.3569,2026-07-20T16:11:01.145133,0.000000,5.332064
5087.8522,2026-07-20T16:11:01.640352,0.000000,5.332124
5088.3169,2026-07-20T16:11:02.105106,0.000000,5.332256
5088.8139,2026-07-20T16:11:02.602192,0.000000,5.332492
5089.3205,2026-07-20T16:11:03.108665,0.000000,5.332584
5089.8139,2026-07-20T16:11:03.602127,0.000000,5.332660
5090.3031,2026-07-20T16:11:04.091271,0.000000,5.332600
5090.7669,2026-07-20T16:11:04.555147,0.000000,5.332524
5091.2634,2026-07-20T16:11:05.051629,0.000000,5.332464
5091.7449,2026-07-20T16:11:05.533095,0.000000,5.332400
5092.2184,2026-07-20T16:11:06.006623,0.000000,5.332328
5092.7451,2026-07-20T16:11:06.533246,0.000000,5.332292
5093.2064,2026-07-20T16:11:06.994661,0.000000,5.332324
5093.7100,2026-07-20T16:11:07.498207,0.000000,5.332236
5094.2067,2026-07-20T16:11:07.994944,0.000000,5.332284
5094.7062,2026-07-20T16:11:08.494425,0.000000,5.332396
5095.1862,2026-07-20T16:11:08.974383,0.000000,5.332608
5095.6889,2026-07-20T16:11:09.477057,0.000000,5.332852
5096.1512,2026-07-20T16:11:09.939364,0.000000,5.333076
5096.6365,2026-07-20T16:11:10.424722,0.000000,5.333168
5097.1326,2026-07-20T16:11:10.920766,0.000000,5.333264
5097.6449,2026-07-20T16:11:11.433148,0.000000,5.333408
5098.1420,2026-07-20T16:11:11.930206,0.000000,5.333416
5098.6408,2026-07-20T16:11:12.429023,0.000000,5.333580
5099.1117,2026-07-20T16:11:12.899929,0.000000,5.333716
5099.6030,2026-07-20T16:11:13.391192,0.000000,5.333804
5100.1047,2026-07-20T16:11:13.892867,0.000000,5.333832
5100.6019,2026-07-20T16:11:14.390095,0.000000,5.333940
5101.1017,2026-07-20T16:11:14.889899,0.000000,5.333920
5101.6179,2026-07-20T16:11:15.406095,0.000000,5.333996
5102.0956,2026-07-20T16:11:15.883810,0.000000,5.334260
5102.5861,2026-07-20T16:11:16.374287,0.000000,5.334480
5103.0859,2026-07-20T16:11:16.874094,0.000000,5.334784
5103.5594,2026-07-20T16:11:17.347622,0.000000,5.335060
5104.0594,2026-07-20T16:11:17.847610,0.000000,5.335248
5104.5304,2026-07-20T16:11:18.318624,0.000000,5.335380
5105.0205,2026-07-20T16:11:18.808680,0.000000,5.335644
5105.5160,2026-07-20T16:11:19.304205,0.000000,5.335852
5105.9988,2026-07-20T16:11:19.787011,0.000000,5.336060
5106.5220,2026-07-20T16:11:20.310159,0.000000,5.336292
5107.0155,2026-07-20T16:11:20.803719,0.000000,5.336448
5107.4850,2026-07-20T16:11:21.273213,0.000000,5.336592
5107.9887,2026-07-20T16:11:21.776926,0.000000,5.336688
5108.4465,2026-07-20T16:11:22.234694,0.000000,5.336788
5108.9239,2026-07-20T16:11:22.712096,0.000000,5.336848
5109.3912,2026-07-20T16:11:23.179433,0.000000,5.336904
5109.8779,2026-07-20T16:11:23.666124,0.000000,5.336968
5110.3735,2026-07-20T16:11:24.161723,0.000000,5.336956
5110.8616,2026-07-20T16:11:24.649759,0.000000,5.336996
5111.3560,2026-07-20T16:11:25.144159,0.000000,5.336936
5111.8495,2026-07-20T16:11:25.637679,0.000000,5.336956
5112.3458,2026-07-20T16:11:26.134019,0.000000,5.336872
5112.8286,2026-07-20T16:11:26.616803,0.000000,5.336768
5113.3237,2026-07-20T16:11:27.111901,0.000000,5.336660
5113.7859,2026-07-20T16:11:27.574129,0.000000,5.336584
5114.2718,2026-07-20T16:11:28.059962,0.000000,5.336652
5114.7485,2026-07-20T16:11:28.536683,0.000000,5.336848
5115.2354,2026-07-20T16:11:29.023578,0.000000,5.336956
5115.7181,2026-07-20T16:11:29.506272,0.000000,5.337200
5116.2137,2026-07-20T16:11:30.001864,0.000000,5.337432
5116.6884,2026-07-20T16:11:30.476574,0.000000,5.337676
5117.1922,2026-07-20T16:11:30.980408,0.000000,5.337720
5117.6514,2026-07-20T16:11:31.439585,0.000000,5.337912
5118.1427,2026-07-20T16:11:31.930890,0.000000,5.338104
5118.6321,2026-07-20T16:11:32.420278,0.000000,5.338264
5119.1241,2026-07-20T16:11:32.912266,0.000000,5.338444
5119.6307,2026-07-20T16:11:33.418876,0.000000,5.338588
5120.1251,2026-07-20T16:11:33.913304,0.000000,5.338504
5120.5920,2026-07-20T16:11:34.380214,0.000000,5.338564
5121.0813,2026-07-20T16:11:34.869529,0.000000,5.338548
5121.5843,2026-07-20T16:11:35.372470,0.000000,5.338500
5122.0645,2026-07-20T16:11:35.852682,0.000000,5.338688
5122.5649,2026-07-20T16:11:36.353076,0.000000,5.338808
5123.0516,2026-07-20T16:11:36.839822,0.000000,5.338860
5123.5546,2026-07-20T16:11:37.342824,0.000000,5.338888
5124.0902,2026-07-20T16:11:37.878406,0.000000,5.338916
5124.5822,2026-07-20T16:11:38.370369,0.000000,5.338836
5125.0587,2026-07-20T16:11:38.846894,0.000000,5.338956
5125.5526,2026-07-20T16:11:39.340851,0.000000,5.339080
5126.0082,2026-07-20T16:11:39.796376,0.000000,5.339392
5126.5060,2026-07-20T16:11:40.294202,0.000000,5.339636
5127.0047,2026-07-20T16:11:40.792901,0.000000,5.339904
5127.4913,2026-07-20T16:11:41.279467,0.000000,5.340100
5127.9797,2026-07-20T16:11:41.767916,0.000000,5.340436
5128.4761,2026-07-20T16:11:42.264323,0.000000,5.340712
5128.9861,2026-07-20T16:11:42.774295,0.000000,5.340876
5129.4843,2026-07-20T16:11:43.272482,0.000000,5.341012
5129.9537,2026-07-20T16:11:43.741949,0.000000,5.341084
5130.4496,2026-07-20T16:11:44.237800,0.000000,5.341088
5130.9383,2026-07-20T16:11:44.726545,0.000000,5.341024
5131.4298,2026-07-20T16:11:45.217969,0.000000,5.340904
5131.9027,2026-07-20T16:11:45.690943,0.000000,5.340860
5132.3791,2026-07-20T16:11:46.167273,0.000000,5.340704
5132.8718,2026-07-20T16:11:46.659982,0.000000,5.340612
5133.3828,2026-07-20T16:11:47.171011,0.000000,5.340384
5133.8531,2026-07-20T16:11:47.641273,0.000000,5.340424
5134.3373,2026-07-20T16:11:48.125475,0.000000,5.340720
5134.8174,2026-07-20T16:11:48.605622,0.000000,5.341164
5135.2947,2026-07-20T16:11:49.082873,0.000000,5.341520
5135.7947,2026-07-20T16:11:49.582856,0.000000,5.341768
5136.2944,2026-07-20T16:11:50.082629,0.000000,5.342108
5136.7887,2026-07-20T16:11:50.576920,0.000000,5.342336
5137.2820,2026-07-20T16:11:51.070187,0.000000,5.342644
5137.7816,2026-07-20T16:11:51.569771,0.000000,5.342740
5138.2887,2026-07-20T16:11:52.076890,0.000000,5.342896
5138.7899,2026-07-20T16:11:52.578109,0.000000,5.343056
5139.2820,2026-07-20T16:11:53.070191,0.000000,5.343156
5139.7857,2026-07-20T16:11:53.573882,0.000000,5.343052
5140.2824,2026-07-20T16:11:54.070625,0.000000,5.343064
5140.7450,2026-07-20T16:11:54.533190,0.000000,5.343136
5141.2486,2026-07-20T16:11:55.036820,0.000000,5.343068
5141.7530,2026-07-20T16:11:55.541243,0.000000,5.343124
5142.2819,2026-07-20T16:11:56.070078,0.000000,5.343240
5142.7887,2026-07-20T16:11:56.576874,0.000000,5.343548
5143.2698,2026-07-20T16:11:57.058034,0.000000,5.343740
5143.7614,2026-07-20T16:11:57.549609,0.000000,5.343804
5144.2537,2026-07-20T16:11:58.041922,0.000000,5.343824
5144.7776,2026-07-20T16:11:58.565788,0.000000,5.343876
5145.2779,2026-07-20T16:11:59.066131,0.000000,5.343868
5145.7697,2026-07-20T16:11:59.557931,0.000000,5.343908
5146.2648,2026-07-20T16:12:00.053048,0.000000,5.344144
5146.7646,2026-07-20T16:12:00.552843,0.000000,5.344332
5147.2640,2026-07-20T16:12:01.052211,0.000000,5.344368
5147.7650,2026-07-20T16:12:01.553205,0.000000,5.344256
5148.2492,2026-07-20T16:12:02.037415,0.000000,5.344248
5148.7359,2026-07-20T16:12:02.524079,0.000000,5.344248
5149.2270,2026-07-20T16:12:03.015171,0.000000,5.344324
5149.7024,2026-07-20T16:12:03.490592,0.000000,5.344392
5150.1883,2026-07-20T16:12:03.976537,0.000000,5.344492
5150.6861,2026-07-20T16:12:04.474344,0.000000,5.344500
5151.1827,2026-07-20T16:12:04.970932,0.000000,5.344208
5151.6683,2026-07-20T16:12:05.456540,0.000000,5.344040
5152.1295,2026-07-20T16:12:05.917739,0.000000,5.343836
5152.6184,2026-07-20T16:12:06.406558,0.000000,5.343732
5153.1117,2026-07-20T16:12:06.899928,0.000000,5.343708
5153.5942,2026-07-20T16:12:07.382356,0.000000,5.343776
5154.1232,2026-07-20T16:12:07.911374,0.000000,5.343824
5154.6050,2026-07-20T16:12:08.393228,0.000000,5.343844
5155.1022,2026-07-20T16:12:08.890375,0.000000,5.343776
5155.5986,2026-07-20T16:12:09.386822,0.000000,5.343736
5156.1035,2026-07-20T16:12:09.891756,0.000000,5.343992
5156.5767,2026-07-20T16:12:10.364907,0.000000,5.344084
5157.0648,2026-07-20T16:12:10.853038,0.000000,5.344116
5157.5350,2026-07-20T16:12:11.323219,0.000000,5.344132
5158.0237,2026-07-20T16:12:11.811932,0.000000,5.344148
5158.4954,2026-07-20T16:12:12.283585,0.000000,5.344144
5158.9926,2026-07-20T16:12:12.780766,0.000000,5.344196
5159.4820,2026-07-20T16:12:13.270222,0.000000,5.344268
5159.9512,2026-07-20T16:12:13.739421,0.000000,5.344304
5160.4659,2026-07-20T16:12:14.254077,0.000000,5.344332
5160.9398,2026-07-20T16:12:14.728033,0.000000,5.344352
5161.4232,2026-07-20T16:12:15.211446,0.000000,5.344412
5161.9130,2026-07-20T16:12:15.701251,0.000000,5.344512
5162.4096,2026-07-20T16:12:16.197811,0.000000,5.344812
5162.8915,2026-07-20T16:12:16.679664,0.000000,5.344964
5163.3815,2026-07-20T16:12:17.169738,0.000000,5.345104
5163.8754,2026-07-20T16:12:17.663599,0.000000,5.345044
5164.3696,2026-07-20T16:12:18.157765,0.000000,5.344980
5164.8872,2026-07-20T16:12:18.675427,0.000000,5.345048
5165.3708,2026-07-20T16:12:19.159036,0.000000,5.345092
5165.8710,2026-07-20T16:12:19.659184,0.000000,5.344980
5166.3514,2026-07-20T16:12:20.139579,0.000000,5.345036
5166.8355,2026-07-20T16:12:20.623652,0.000000,5.344936
5167.3038,2026-07-20T16:12:21.092042,0.000000,5.344856
5167.7986,2026-07-20T16:12:21.586780,0.000000,5.344808
5168.2942,2026-07-20T16:12:22.082450,0.000000,5.344920
5168.7941,2026-07-20T16:12:22.582266,0.000000,5.345068
5169.3269,2026-07-20T16:12:23.115143,0.000000,5.345248
5169.7956,2026-07-20T16:12:23.583782,0.000000,5.345180
5170.2983,2026-07-20T16:12:24.086490,0.000000,5.345220
5170.7901,2026-07-20T16:12:24.578333,0.000000,5.345452
5171.2843,2026-07-20T16:12:25.072493,0.000000,5.345580
5171.7835,2026-07-20T16:12:25.571674,0.000000,5.345604
5172.2795,2026-07-20T16:12:26.067729,0.000000,5.345708
5172.7761,2026-07-20T16:12:26.564262,0.000000,5.345772
5173.2963,2026-07-20T16:12:27.084505,0.000000,5.345844
5173.7617,2026-07-20T16:12:27.549920,0.000000,5.345968
5174.2587,2026-07-20T16:12:28.046913,0.000000,5.346076
5174.7585,2026-07-20T16:12:28.546722,0.000000,5.346108
5175.2295,2026-07-20T16:12:29.017746,0.000000,5.346232
5175.7349,2026-07-20T16:12:29.523088,0.000000,5.346456
5176.2029,2026-07-20T16:12:29.991101,0.000000,5.346576
5176.6856,2026-07-20T16:12:30.473800,0.000000,5.346816
5177.1835,2026-07-20T16:12:30.971749,0.000000,5.347080
5177.7093,2026-07-20T16:12:31.497475,0.000000,5.347272
5178.2040,2026-07-20T16:12:31.992185,0.000000,5.347412
5178.6900,2026-07-20T16:12:32.478192,0.000000,5.347508
5179.1860,2026-07-20T16:12:32.974160,0.000000,5.347532
5179.6865,2026-07-20T16:12:33.474667,0.000000,5.347796
5180.1889,2026-07-20T16:12:33.977055,0.000000,5.348044
5180.6429,2026-07-20T16:12:34.431132,0.000000,5.348124
5181.1296,2026-07-20T16:12:34.917799,0.000000,5.348044
5181.5938,2026-07-20T16:12:35.382006,0.000000,5.347972
5182.0812,2026-07-20T16:12:35.869453,0.000000,5.347948
5182.5638,2026-07-20T16:12:36.351953,0.000000,5.347992
5183.0885,2026-07-20T16:12:36.876695,0.000000,5.348052
5183.5779,2026-07-20T16:12:37.366083,0.000000,5.348052
5184.0592,2026-07-20T16:12:37.847434,0.000000,5.348116
5184.5504,2026-07-20T16:12:38.338614,0.000000,5.348092
5185.0413,2026-07-20T16:12:38.829526,0.000000,5.348092
5185.5222,2026-07-20T16:12:39.310448,0.000000,5.348156
5185.9915,2026-07-20T16:12:39.779720,0.000000,5.348220
5186.4748,2026-07-20T16:12:40.263038,0.000000,5.348372
5186.9480,2026-07-20T16:12:40.736160,0.000000,5.348608
5187.4388,2026-07-20T16:12:41.226962,0.000000,5.348732
5187.9390,2026-07-20T16:12:41.727192,0.000000,5.348892
5188.4250,2026-07-20T16:12:42.213207,0.000000,5.349124
5188.9401,2026-07-20T16:12:42.728285,0.000000,5.349264
5189.4288,2026-07-20T16:12:43.216960,0.000000,5.349368
5189.8996,2026-07-20T16:12:43.687760,0.000000,5.349584
5190.3869,2026-07-20T16:12:44.175138,0.000000,5.349740
5190.8853,2026-07-20T16:12:44.673540,0.000000,5.349912
5191.3551,2026-07-20T16:12:45.143340,0.000000,5.350092
5191.8571,2026-07-20T16:12:45.645301,0.000000,5.350112
5192.3449,2026-07-20T16:12:46.133128,0.000000,5.350008
5192.8738,2026-07-20T16:12:46.662008,0.000000,5.349916
5193.3747,2026-07-20T16:12:47.162927,0.000000,5.349708
5193.8394,2026-07-20T16:12:47.627648,0.000000,5.349628
5194.3424,2026-07-20T16:12:48.130577,0.000000,5.349476
5194.8395,2026-07-20T16:12:48.627745,0.000000,5.349332
5195.3121,2026-07-20T16:12:49.100333,0.000000,5.349372
5195.8117,2026-07-20T16:12:49.599954,0.000000,5.349376
5196.3163,2026-07-20T16:12:50.104475,0.000000,5.349516
5196.8297,2026-07-20T16:12:50.617861,0.000000,5.349724
5197.3324,2026-07-20T16:12:51.120617,0.000000,5.349772
5197.8160,2026-07-20T16:12:51.604188,0.000000,5.349964
5198.2966,2026-07-20T16:12:52.084753,0.000000,5.350212
5198.7901,2026-07-20T16:12:52.578302,0.000000,5.350280
5199.2903,2026-07-20T16:12:53.078535,0.000000,5.350488
5199.7777,2026-07-20T16:12:53.565917,0.000000,5.350480
5200.2631,2026-07-20T16:12:54.051347,0.000000,5.350488
5200.7377,2026-07-20T16:12:54.525914,0.000000,5.350508
5201.2358,2026-07-20T16:12:55.024053,0.000000,5.350428
5201.7539,2026-07-20T16:12:55.542127,0.000000,5.350296
5202.2305,2026-07-20T16:12:56.018681,0.000000,5.350480
5202.7303,2026-07-20T16:12:56.518493,0.000000,5.350476
5203.2122,2026-07-20T16:12:57.000454,0.000000,5.350484
5203.6788,2026-07-20T16:12:57.466952,0.000000,5.350632
5204.1786,2026-07-20T16:12:57.966809,0.000000,5.350564
5204.7150,2026-07-20T16:12:58.503204,0.000000,5.350752
5205.1762,2026-07-20T16:12:58.964423,0.000000,5.350848
5205.6566,2026-07-20T16:12:59.444761,0.000000,5.350948
5206.1449,2026-07-20T16:12:59.933146,0.000000,5.351136
5206.6433,2026-07-20T16:13:00.431480,0.000000,5.351268
5207.1227,2026-07-20T16:13:00.910920,0.000000,5.351412
5207.5913,2026-07-20T16:13:01.379525,0.000000,5.351528
5208.0836,2026-07-20T16:13:01.871822,0.000000,5.351744
5208.5764,2026-07-20T16:13:02.364610,0.000000,5.351924
5209.0529,2026-07-20T16:13:02.841148,0.000000,5.352128
5209.5493,2026-07-20T16:13:03.337460,0.000000,5.352168
5210.0339,2026-07-20T16:13:03.822128,0.000000,5.352060
5210.5358,2026-07-20T16:13:04.323995,0.000000,5.351924
5211.0386,2026-07-20T16:13:04.826781,0.000000,5.351612
5211.5336,2026-07-20T16:13:05.321806,0.000000,5.351532
5212.0274,2026-07-20T16:13:05.815608,0.000000,5.351352
5212.5258,2026-07-20T16:13:06.313991,0.000000,5.351204
5212.9838,2026-07-20T16:13:06.772043,0.000000,5.351040
5213.4885,2026-07-20T16:13:07.276656,0.000000,5.350848
5213.9852,2026-07-20T16:13:07.773397,0.000000,5.350756
5214.4832,2026-07-20T16:13:08.271381,0.000000,5.350640
5214.9862,2026-07-20T16:13:08.774355,0.000000,5.350752
5215.4792,2026-07-20T16:13:09.267418,0.000000,5.351060
5215.9736,2026-07-20T16:13:09.761752,0.000000,5.351372
5216.4711,2026-07-20T16:13:10.259345,0.000000,5.351512
5216.9321,2026-07-20T16:13:10.720293,0.000000,5.351580
5217.4289,2026-07-20T16:13:11.217144,0.000000,5.351760
5217.9145,2026-07-20T16:13:11.702685,0.000000,5.351860
5218.3802,2026-07-20T16:13:12.168365,0.000000,5.351876
5218.8809,2026-07-20T16:13:12.669152,0.000000,5.351892
5219.3728,2026-07-20T16:13:13.160982,0.000000,5.352044
5219.9003,2026-07-20T16:13:13.688511,0.000000,5.352068
5220.3936,2026-07-20T16:13:14.181779,0.000000,5.351968
5220.8850,2026-07-20T16:13:14.673157,0.000000,5.351760
5221.3728,2026-07-20T16:13:15.160987,0.000000,5.351788
5221.8642,2026-07-20T16:13:15.652440,0.000000,5.351828
5222.3332,2026-07-20T16:13:16.121377,0.000000,5.351996
5222.8208,2026-07-20T16:13:16.608955,0.000000,5.352028
5223.2817,2026-07-20T16:13:17.069905,0.000000,5.352264
5223.7497,2026-07-20T16:13:17.537946,0.000000,5.352440
5224.2272,2026-07-20T16:13:18.015427,0.000000,5.352580
5224.7123,2026-07-20T16:13:18.500553,0.000000,5.352628
5225.2397,2026-07-20T16:13:19.027908,0.000000,5.352928
5225.7159,2026-07-20T16:13:19.504052,0.000000,5.353296
5226.2182,2026-07-20T16:13:20.006446,0.000000,5.353568
5226.7178,2026-07-20T16:13:20.506005,0.000000,5.353856
5227.1827,2026-07-20T16:13:20.970944,0.000000,5.353972
5227.6545,2026-07-20T16:13:21.442684,0.000000,5.353896
5228.1484,2026-07-20T16:13:21.936572,0.000000,5.353736
5228.6366,2026-07-20T16:13:22.424821,0.000000,5.353612
5229.1386,2026-07-20T16:13:22.926764,0.000000,5.353584
5229.6391,2026-07-20T16:13:23.427334,0.000000,5.353640
5230.1335,2026-07-20T16:13:23.921761,0.000000,5.353676
5230.6284,2026-07-20T16:13:24.416558,0.000000,5.353560
5231.1166,2026-07-20T16:13:24.904763,0.000000,5.353380
5231.5978,2026-07-20T16:13:25.386006,0.000000,5.353276
5232.0891,2026-07-20T16:13:25.877303,0.000000,5.353284
5232.5704,2026-07-20T16:13:26.358578,0.000000,5.353256
5233.0635,2026-07-20T16:13:26.851663,0.000000,5.353420
5233.5555,2026-07-20T16:13:27.343687,0.000000,5.353664
5234.0352,2026-07-20T16:13:27.823363,0.000000,5.353712
5234.5598,2026-07-20T16:13:28.347958,0.000000,5.353856
5235.0576,2026-07-20T16:13:28.845765,0.000000,5.353932
5235.5237,2026-07-20T16:13:29.311923,0.000000,5.354052
5236.0159,2026-07-20T16:13:29.804075,0.000000,5.354132
5236.4799,2026-07-20T16:13:30.268126,0.000000,5.354148
5236.9780,2026-07-20T16:13:30.766243,0.000000,5.354208
5237.4718,2026-07-20T16:13:31.259978,0.000000,5.354304
5237.9414,2026-07-20T16:13:31.729635,0.000000,5.354340
5238.4300,2026-07-20T16:13:32.218155,0.000000,5.354544
5238.9134,2026-07-20T16:13:32.701594,0.000000,5.354760
5239.4096,2026-07-20T16:13:33.197834,0.000000,5.354884
5239.9197,2026-07-20T16:13:33.707887,0.000000,5.354948
5240.4120,2026-07-20T16:13:34.200170,0.000000,5.355044
5240.9119,2026-07-20T16:13:34.700055,0.000000,5.355128
5241.3696,2026-07-20T16:13:35.157845,0.000000,5.355328
5241.8705,2026-07-20T16:13:35.658730,0.000000,5.355388
5242.3668,2026-07-20T16:13:36.154989,0.000000,5.355476
5242.8550,2026-07-20T16:13:36.643159,0.000000,5.355688
5243.3490,2026-07-20T16:13:37.137204,0.000000,5.355732
5243.8129,2026-07-20T16:13:37.601085,0.000000,5.355644
5244.3033,2026-07-20T16:13:38.091503,0.000000,5.355592
5244.8297,2026-07-20T16:13:38.617945,0.000000,5.355692
5245.3175,2026-07-20T16:13:39.105652,0.000000,5.355672
5245.7797,2026-07-20T16:13:39.567954,0.000000,5.355632
5246.2443,2026-07-20T16:13:40.032493,0.000000,5.355508
5246.7332,2026-07-20T16:13:40.521420,0.000000,5.355456
5247.2245,2026-07-20T16:13:41.012664,0.000000,5.355356
5247.6954,2026-07-20T16:13:41.483628,0.000000,5.355156
5248.1966,2026-07-20T16:13:41.984776,0.000000,5.355156
5248.6820,2026-07-20T16:13:42.470174,0.000000,5.355196
5249.1822,2026-07-20T16:13:42.970424,0.000000,5.355032
5249.6696,2026-07-20T16:13:43.457773,0.000000,5.354828
5250.1988,2026-07-20T16:13:43.986955,0.000000,5.354700
5250.6720,2026-07-20T16:13:44.460184,0.000000,5.354632
5251.1633,2026-07-20T16:13:44.951459,0.000000,5.354860
5251.6364,2026-07-20T16:13:45.424577,0.000000,5.354896
5252.1224,2026-07-20T16:13:45.910611,0.000000,5.355048
5252.6212,2026-07-20T16:13:46.409417,0.000000,5.355284
5253.0859,2026-07-20T16:13:46.874117,0.000000,5.355408
5253.5680,2026-07-20T16:13:47.356245,0.000000,5.355480
5254.0425,2026-07-20T16:13:47.830692,0.000000,5.355652
5254.5452,2026-07-20T16:13:48.333384,0.000000,5.355760
5255.0444,2026-07-20T16:13:48.832634,0.000000,5.355912
5255.5457,2026-07-20T16:13:49.333866,0.000000,5.356192
5256.0445,2026-07-20T16:13:49.832740,0.000000,5.356140
5256.5446,2026-07-20T16:13:50.332847,0.000000,5.356296
5257.0127,2026-07-20T16:13:50.800905,0.000000,5.356400
5257.5032,2026-07-20T16:13:51.291407,0.000000,5.356436
5257.9959,2026-07-20T16:13:51.784107,0.000000,5.356504
5258.4779,2026-07-20T16:13:52.266101,0.000000,5.356628
5258.9774,2026-07-20T16:13:52.765559,0.000000,5.357088
5259.4767,2026-07-20T16:13:53.264873,0.000000,5.357292
5259.9689,2026-07-20T16:13:53.757084,0.000000,5.357476
5260.4731,2026-07-20T16:13:54.261255,0.000000,5.357576
5260.9453,2026-07-20T16:13:54.733553,0.000000,5.357664
5261.4431,2026-07-20T16:13:55.231275,0.000000,5.357672
5261.9271,2026-07-20T16:13:55.715321,0.000000,5.357696
5262.4191,2026-07-20T16:13:56.207347,0.000000,5.357772
5262.9213,2026-07-20T16:13:56.709548,0.000000,5.358080
5263.4111,2026-07-20T16:13:57.199268,0.000000,5.358016
5263.8760,2026-07-20T16:13:57.664198,0.000000,5.357960
5264.3614,2026-07-20T16:13:58.149617,0.000000,5.357916
5264.8878,2026-07-20T16:13:58.676016,0.000000,5.358000
5265.3781,2026-07-20T16:13:59.166292,0.000000,5.358052
5265.8700,2026-07-20T16:13:59.658169,0.000000,5.358056
5266.3656,2026-07-20T16:14:00.153770,0.000000,5.358188
5266.8415,2026-07-20T16:14:00.629737,0.000000,5.358128
5267.3420,2026-07-20T16:14:01.130201,0.000000,5.358180
5267.8429,2026-07-20T16:14:01.631111,0.000000,5.358216
5268.3324,2026-07-20T16:14:02.120558,0.000000,5.358248
5268.8317,2026-07-20T16:14:02.619946,0.000000,5.358328
5269.3271,2026-07-20T16:14:03.115324,0.000000,5.358608
5269.8336,2026-07-20T16:14:03.621798,0.000000,5.358748
5270.3031,2026-07-20T16:14:04.091306,0.000000,5.358760
5270.7714,2026-07-20T16:14:04.559626,0.000000,5.358784
5271.2691,2026-07-20T16:14:05.057326,0.000000,5.358928
5271.7622,2026-07-20T16:14:05.550382,0.000000,5.359064
5272.2569,2026-07-20T16:14:06.045097,0.000000,5.359204
5272.7501,2026-07-20T16:14:06.538343,0.000000,5.359144
5273.2072,2026-07-20T16:14:06.995381,0.000000,5.359268
5273.6736,2026-07-20T16:14:07.461761,0.000000,5.359380
5274.1449,2026-07-20T16:14:07.933132,0.000000,5.359472
5274.6249,2026-07-20T16:14:08.413077,0.000000,5.359580
5275.1261,2026-07-20T16:14:08.914289,0.000000,5.359892
5275.6540,2026-07-20T16:14:09.442199,0.000000,5.360196
5276.1484,2026-07-20T16:14:09.936604,0.000000,5.360392
5276.6531,2026-07-20T16:14:10.441257,0.000000,5.360460
5277.1157,2026-07-20T16:14:10.903894,0.000000,5.360588
5277.6150,2026-07-20T16:14:11.403171,0.000000,5.360788
5278.0797,2026-07-20T16:14:11.867888,0.000000,5.360976
5278.5700,2026-07-20T16:14:12.358224,0.000000,5.361204
