elapsed_s,timestamp,ch1_MEAN_V,ch2_MEAN_V
0.4941,2026-07-15T13:51:17.830396,0.000000,2.992870
0.9422,2026-07-15T13:51:18.278451,0.000000,2.992952
1.4049,2026-07-15T13:51:18.741213,0.000000,2.992954
1.9025,2026-07-15T13:51:19.238768,0.000000,2.993013
2.3874,2026-07-15T13:51:19.723681,0.000000,2.993118
2.8632,2026-07-15T13:51:20.199494,0.000000,2.993144
3.3565,2026-07-15T13:51:20.692788,0.000000,2.993230
3.8540,2026-07-15T13:51:21.190320,0.000000,2.993296
4.3487,2026-07-15T13:51:21.685030,0.000000,2.993331
4.8544,2026-07-15T13:51:22.190672,0.000000,2.993395
5.3506,2026-07-15T13:51:22.686858,0.000000,2.993400
5.8350,2026-07-15T13:51:23.171239,0.000000,2.993392
6.3330,2026-07-15T13:51:23.669317,0.000000,2.993392
6.7877,2026-07-15T13:51:24.123992,0.000000,2.993410
7.2438,2026-07-15T13:51:24.580094,0.000000,2.993413
7.7400,2026-07-15T13:51:25.076258,0.000000,2.993394
8.2105,2026-07-15T13:51:25.546762,0.000000,2.993390
8.6914,2026-07-15T13:51:26.027662,0.000000,2.993346
9.1816,2026-07-15T13:51:26.517850,0.000000,2.993374
9.6510,2026-07-15T13:51:26.987333,0.000000,2.993378
10.1493,2026-07-15T13:51:27.485628,0.000000,2.993400
10.6444,2026-07-15T13:51:27.980687,0.000000,2.993408
11.1861,2026-07-15T13:51:28.522381,0.000000,2.993437
11.6545,2026-07-15T13:51:28.990757,0.000000,2.993405
12.1611,2026-07-15T13:51:29.497378,0.000000,2.993477
12.6566,2026-07-15T13:51:29.992914,0.000000,2.993507
13.1433,2026-07-15T13:51:30.479572,0.000000,2.993552
13.6366,2026-07-15T13:51:30.972907,0.000000,2.993614
14.1421,2026-07-15T13:51:31.478372,0.000000,2.993635
14.6419,2026-07-15T13:51:31.978166,0.000000,2.993706
15.1589,2026-07-15T13:51:32.495250,0.000000,2.993795
15.6588,2026-07-15T13:51:32.995099,0.000000,2.993848
16.1677,2026-07-15T13:51:33.504020,0.000000,2.993966
16.6653,2026-07-15T13:51:34.001603,0.000000,2.994098
17.1557,2026-07-15T13:51:34.492032,0.000000,2.994104
17.6488,2026-07-15T13:51:34.985100,0.000000,2.994086
18.1778,2026-07-15T13:51:35.514121,0.000000,2.994085
18.6691,2026-07-15T13:51:36.005377,0.000000,2.994109
19.1251,2026-07-15T13:51:36.461403,0.000000,2.994102
19.5980,2026-07-15T13:51:36.934278,0.000000,2.994110
20.0997,2026-07-15T13:51:37.435959,0.000000,2.994091
20.5797,2026-07-15T13:51:37.916039,0.000000,2.994150
21.0851,2026-07-15T13:51:38.421419,0.000000,2.994182
21.5809,2026-07-15T13:51:38.917173,0.000000,2.994208
22.0879,2026-07-15T13:51:39.424216,0.000000,2.994256
22.6118,2026-07-15T13:51:39.948058,0.000000,2.994373
23.1179,2026-07-15T13:51:40.454147,0.000000,2.994470
23.6090,2026-07-15T13:51:40.945313,0.000000,2.994522
24.1102,2026-07-15T13:51:41.446508,0.000000,2.994616
24.5824,2026-07-15T13:51:41.918731,0.000000,2.994686
25.0590,2026-07-15T13:51:42.395266,0.000000,2.994714
25.5622,2026-07-15T13:51:42.898546,0.000000,2.994691
26.0257,2026-07-15T13:51:43.362006,0.000000,2.994696
26.5300,2026-07-15T13:51:43.866341,0.000000,2.994682
27.0222,2026-07-15T13:51:44.358479,0.000000,2.994710
27.5041,2026-07-15T13:51:44.840402,0.000000,2.994720
28.0025,2026-07-15T13:51:45.338817,0.000000,2.994744
28.4789,2026-07-15T13:51:45.815207,0.000000,2.994805
28.9746,2026-07-15T13:51:46.310899,0.000000,2.994818
29.4490,2026-07-15T13:51:46.785317,0.000000,2.994894
29.9508,2026-07-15T13:51:47.287144,0.000000,2.994987
30.4515,2026-07-15T13:51:47.787832,0.000000,2.995117
30.9572,2026-07-15T13:51:48.293499,0.000000,2.995165
31.4541,2026-07-15T13:51:48.790394,0.000000,2.995238
31.9416,2026-07-15T13:51:49.277855,0.000000,2.995306
32.4467,2026-07-15T13:51:49.782951,0.000000,2.995350
32.9467,2026-07-15T13:51:50.283042,0.000000,2.995413
33.4514,2026-07-15T13:51:50.787745,0.000000,2.995453
33.9749,2026-07-15T13:51:51.311160,0.000000,2.995509
34.4597,2026-07-15T13:51:51.796030,0.000000,2.995477
34.9548,2026-07-15T13:51:52.291126,0.000000,2.995434
35.4576,2026-07-15T13:51:52.793857,0.000000,2.995402
35.9628,2026-07-15T13:51:53.299084,0.000000,2.995434
36.4591,2026-07-15T13:51:53.795389,0.000000,2.995403
36.9598,2026-07-15T13:51:54.296129,0.000000,2.995405
37.4670,2026-07-15T13:51:54.803290,0.000000,2.995419
37.9682,2026-07-15T13:51:55.304469,0.000000,2.995482
38.4695,2026-07-15T13:51:55.805795,0.000000,2.995496
38.9802,2026-07-15T13:51:56.316441,0.000000,2.995512
39.4711,2026-07-15T13:51:56.807417,0.000000,2.995627
39.9682,2026-07-15T13:51:57.304493,0.000000,2.995630
40.4573,2026-07-15T13:51:57.793639,0.000000,2.995704
40.9829,2026-07-15T13:51:58.319160,0.000000,2.995752
41.4760,2026-07-15T13:51:58.812268,0.000000,2.995870
41.9785,2026-07-15T13:51:59.314815,0.000000,2.995838
42.4787,2026-07-15T13:51:59.815011,0.000000,2.995890
42.9819,2026-07-15T13:52:00.318203,0.000000,2.995915
43.4816,2026-07-15T13:52:00.817868,0.000000,2.996018
43.9812,2026-07-15T13:52:01.317487,0.000000,2.996037
44.4711,2026-07-15T13:52:01.807381,0.000000,2.995973
44.9743,2026-07-15T13:52:02.310594,0.000000,2.996010
45.4854,2026-07-15T13:52:02.821703,0.000000,2.995998
45.9919,2026-07-15T13:52:03.328188,0.000000,2.995995
46.4762,2026-07-15T13:52:03.812478,0.000000,2.995982
46.9777,2026-07-15T13:52:04.313990,0.000000,2.996056
47.4817,2026-07-15T13:52:04.817990,0.000000,2.996070
47.9740,2026-07-15T13:52:05.310315,0.000000,2.996026
48.4784,2026-07-15T13:52:05.814646,0.000000,2.995979
49.0024,2026-07-15T13:52:06.338727,0.000000,2.996094
49.4949,2026-07-15T13:52:06.831193,0.000000,2.996187
49.9896,2026-07-15T13:52:07.325872,0.000000,2.996274
50.4973,2026-07-15T13:52:07.833575,0.000000,2.996331
50.9528,2026-07-15T13:52:08.289121,0.000000,2.996467
51.4317,2026-07-15T13:52:08.767962,0.000000,2.996494
51.9341,2026-07-15T13:52:09.270432,0.000000,2.996526
52.4138,2026-07-15T13:52:09.750093,0.000000,2.996562
52.9101,2026-07-15T13:52:10.246347,0.000000,2.996645
53.4351,2026-07-15T13:52:10.771426,0.000000,2.996678
53.9386,2026-07-15T13:52:11.274846,0.000000,2.996698
54.4388,2026-07-15T13:52:11.775058,0.000000,2.996846
54.9352,2026-07-15T13:52:12.271480,0.000000,2.996907
55.4352,2026-07-15T13:52:12.771488,0.000000,2.996938
55.9399,2026-07-15T13:52:13.276230,0.000000,2.996856
56.4586,2026-07-15T13:52:13.794941,0.000000,2.996898
56.9518,2026-07-15T13:52:14.288119,0.000000,2.996952
57.4555,2026-07-15T13:52:14.791784,0.000000,2.996984
57.9559,2026-07-15T13:52:15.292240,0.000000,2.996960
58.4638,2026-07-15T13:52:15.800136,0.000000,2.997094
58.9510,2026-07-15T13:52:16.287283,0.000000,2.997125
59.4359,2026-07-15T13:52:16.772186,0.000000,2.997032
59.9431,2026-07-15T13:52:17.279414,0.000000,2.997070
60.4347,2026-07-15T13:52:17.770978,0.000000,2.997182
60.9348,2026-07-15T13:52:18.271086,0.000000,2.997274
61.4311,2026-07-15T13:52:18.767390,0.000000,2.997298
61.9264,2026-07-15T13:52:19.262650,0.000000,2.997365
62.4476,2026-07-15T13:52:19.783869,0.000000,2.997461
62.9473,2026-07-15T13:52:20.283597,0.000000,2.997574
63.4503,2026-07-15T13:52:20.786573,0.000000,2.997651
63.9500,2026-07-15T13:52:21.286337,0.000000,2.997680
64.4347,2026-07-15T13:52:21.770998,0.000000,2.997827
64.9012,2026-07-15T13:52:22.237484,0.000000,2.997922
65.4037,2026-07-15T13:52:22.739955,0.000000,2.997934
65.9057,2026-07-15T13:52:23.242030,0.000000,2.998056
66.4428,2026-07-15T13:52:23.779051,0.000000,2.998202
66.9026,2026-07-15T13:52:24.238924,0.000000,2.998238
67.4006,2026-07-15T13:52:24.736883,0.000000,2.998277
67.9026,2026-07-15T13:52:25.238863,0.000000,2.998317
68.3950,2026-07-15T13:52:25.731257,0.000000,2.998285
68.8949,2026-07-15T13:52:26.231231,0.000000,2.998362
69.3897,2026-07-15T13:52:26.725972,0.000000,2.998382
69.9146,2026-07-15T13:52:27.250888,0.000000,2.998342
70.4068,2026-07-15T13:52:27.743067,0.000000,2.998421
70.9119,2026-07-15T13:52:28.248169,0.000000,2.998378
71.3768,2026-07-15T13:52:28.713110,0.000000,2.998349
71.8444,2026-07-15T13:52:29.180674,0.000000,2.998346
72.3418,2026-07-15T13:52:29.678084,0.000000,2.998346
72.8402,2026-07-15T13:52:30.176533,0.000000,2.998411
73.3434,2026-07-15T13:52:30.679699,0.000000,2.998536
73.8237,2026-07-15T13:52:31.160025,0.000000,2.998627
74.3240,2026-07-15T13:52:31.660289,0.000000,2.998683
74.8230,2026-07-15T13:52:32.159322,0.000000,2.998770
75.3365,2026-07-15T13:52:32.672804,0.000000,2.998818
75.7978,2026-07-15T13:52:33.134132,0.000000,2.998861
76.3002,2026-07-15T13:52:33.636468,0.000000,2.998952
76.7995,2026-07-15T13:52:34.135768,0.000000,2.999010
77.3008,2026-07-15T13:52:34.637132,0.000000,2.999008
77.8022,2026-07-15T13:52:35.138512,0.000000,2.998957
78.2686,2026-07-15T13:52:35.604895,0.000000,2.998902
78.7684,2026-07-15T13:52:36.104738,0.000000,2.998757
79.2727,2026-07-15T13:52:36.608950,0.000000,2.998674
79.7947,2026-07-15T13:52:37.130952,0.000000,2.998608
80.2985,2026-07-15T13:52:37.634806,0.000000,2.998587
80.7977,2026-07-15T13:52:38.133950,0.000000,2.998576
81.3034,2026-07-15T13:52:38.639682,0.000000,2.998509
81.7903,2026-07-15T13:52:39.126558,0.000000,2.998442
82.2915,2026-07-15T13:52:39.627752,0.000000,2.998427
82.8090,2026-07-15T13:52:40.145285,0.000000,2.998510
83.3078,2026-07-15T13:52:40.644133,0.000000,2.998525
83.8087,2026-07-15T13:52:41.145040,0.000000,2.998573
84.3059,2026-07-15T13:52:41.642205,0.000000,2.998651
84.8161,2026-07-15T13:52:42.152418,0.000000,2.998677
85.3092,2026-07-15T13:52:42.645469,0.000000,2.998605
85.8185,2026-07-15T13:52:43.154830,0.000000,2.998603
86.3144,2026-07-15T13:52:43.650692,0.000000,2.998642
86.8211,2026-07-15T13:52:44.157413,0.000000,2.998734
87.3245,2026-07-15T13:52:44.660789,0.000000,2.998747
87.7915,2026-07-15T13:52:45.127815,0.000000,2.998722
88.2879,2026-07-15T13:52:45.624187,0.000000,2.998723
88.7852,2026-07-15T13:52:46.121540,0.000000,2.998760
89.2473,2026-07-15T13:52:46.583564,0.000000,2.998742
89.7398,2026-07-15T13:52:47.076143,0.000000,2.998789
90.2405,2026-07-15T13:52:47.576749,0.000000,2.998872
90.7754,2026-07-15T13:52:48.111687,0.000000,2.998870
91.2635,2026-07-15T13:52:48.599769,0.000000,2.998882
91.7649,2026-07-15T13:52:49.101192,0.000000,2.998835
92.2488,2026-07-15T13:52:49.585089,0.000000,2.998854
92.7525,2026-07-15T13:52:50.088830,0.000000,2.998872
93.2402,2026-07-15T13:52:50.576516,0.000000,2.998893
93.7436,2026-07-15T13:52:51.079906,0.000000,2.998826
94.2696,2026-07-15T13:52:51.605886,0.000000,2.998805
94.7471,2026-07-15T13:52:52.083416,0.000000,2.998728
95.2439,2026-07-15T13:52:52.580186,0.000000,2.998640
95.7479,2026-07-15T13:52:53.084225,0.000000,2.998624
96.2501,2026-07-15T13:52:53.586428,0.000000,2.998611
96.7642,2026-07-15T13:52:54.100496,0.000000,2.998589
97.2647,2026-07-15T13:52:54.600965,0.000000,2.998605
97.7650,2026-07-15T13:52:55.101280,0.000000,2.998686
98.2407,2026-07-15T13:52:55.576971,0.000000,2.998726
98.7413,2026-07-15T13:52:56.077638,0.000000,2.998797
99.2176,2026-07-15T13:52:56.553914,0.000000,2.998880
99.7160,2026-07-15T13:52:57.052241,0.000000,2.998901
100.2442,2026-07-15T13:52:57.580489,0.000000,2.998938
100.7363,2026-07-15T13:52:58.072599,0.000000,2.998982
101.1995,2026-07-15T13:52:58.535834,0.000000,2.999014
101.6533,2026-07-15T13:52:58.989638,0.000000,2.999082
102.1654,2026-07-15T13:52:59.501723,0.000000,2.999042
102.6543,2026-07-15T13:52:59.990569,0.000000,2.998926
103.1533,2026-07-15T13:53:00.489579,0.000000,2.998890
103.6191,2026-07-15T13:53:00.955411,0.000000,2.998762
104.1253,2026-07-15T13:53:01.461555,0.000000,2.998728
104.6215,2026-07-15T13:53:01.957806,0.000000,2.998752
105.1284,2026-07-15T13:53:02.464724,0.000000,2.998742
105.6242,2026-07-15T13:53:02.960484,0.000000,2.998742
106.1357,2026-07-15T13:53:03.471956,0.000000,2.998738
106.6266,2026-07-15T13:53:03.962899,0.000000,2.998762
107.1142,2026-07-15T13:53:04.450448,0.000000,2.998845
107.6168,2026-07-15T13:53:04.953058,0.000000,2.998946
108.1128,2026-07-15T13:53:05.449105,0.000000,2.998963
108.6196,2026-07-15T13:53:05.955904,0.000000,2.999122
109.1487,2026-07-15T13:53:06.485030,0.000000,2.999102
109.6331,2026-07-15T13:53:06.969435,0.000000,2.999112
110.1139,2026-07-15T13:53:07.450175,0.000000,2.999176
110.6130,2026-07-15T13:53:07.949251,0.000000,2.999213
111.0946,2026-07-15T13:53:08.430861,0.000000,2.999150
111.5950,2026-07-15T13:53:08.931301,0.000000,2.999128
112.0608,2026-07-15T13:53:09.397142,0.000000,2.999125
112.5505,2026-07-15T13:53:09.886758,0.000000,2.999070
113.0501,2026-07-15T13:53:10.386438,0.000000,2.999120
113.5531,2026-07-15T13:53:10.889373,0.000000,2.999110
114.0532,2026-07-15T13:53:11.389490,0.000000,2.999163
114.5834,2026-07-15T13:53:11.919678,0.000000,2.999142
115.0775,2026-07-15T13:53:12.413797,0.000000,2.999158
115.5733,2026-07-15T13:53:12.909628,0.000000,2.999146
116.0628,2026-07-15T13:53:13.399132,0.000000,2.999216
116.5451,2026-07-15T13:53:13.881366,0.000000,2.999272
117.0735,2026-07-15T13:53:14.409822,0.000000,2.999250
117.5619,2026-07-15T13:53:14.898178,0.000000,2.999307
118.0478,2026-07-15T13:53:15.384063,0.000000,2.999306
118.5471,2026-07-15T13:53:15.883341,0.000000,2.999328
119.0494,2026-07-15T13:53:16.385734,0.000000,2.999365
119.5321,2026-07-15T13:53:16.868403,0.000000,2.999446
120.0025,2026-07-15T13:53:17.338790,0.000000,2.999517
120.5092,2026-07-15T13:53:17.845476,0.000000,2.999618
120.9977,2026-07-15T13:53:18.333969,0.000000,2.999717
121.4867,2026-07-15T13:53:18.823000,0.000000,2.999816
122.0171,2026-07-15T13:53:19.353382,0.000000,2.999869
122.5138,2026-07-15T13:53:19.850043,0.000000,2.999918
123.0221,2026-07-15T13:53:20.358345,0.000000,3.000006
123.5203,2026-07-15T13:53:20.856575,0.000000,3.000045
124.0170,2026-07-15T13:53:21.353263,0.000000,3.000075
124.4938,2026-07-15T13:53:21.830059,0.000000,3.000115
124.9965,2026-07-15T13:53:22.332768,0.000000,3.000098
125.5115,2026-07-15T13:53:22.847802,0.000000,3.000110
126.0222,2026-07-15T13:53:23.358505,0.000000,3.000109
126.5162,2026-07-15T13:53:23.852531,0.000000,3.000074
127.0130,2026-07-15T13:53:24.349296,0.000000,3.000066
127.5104,2026-07-15T13:53:24.846662,0.000000,3.000051
128.0296,2026-07-15T13:53:25.365874,0.000000,2.999986
128.5255,2026-07-15T13:53:25.861757,0.000000,2.999952
129.0304,2026-07-15T13:53:26.366698,0.000000,3.000010
129.5261,2026-07-15T13:53:26.862389,0.000000,3.000014
130.0221,2026-07-15T13:53:27.358359,0.000000,3.000075
130.5172,2026-07-15T13:53:27.853501,0.000000,3.000104
131.0170,2026-07-15T13:53:28.353324,0.000000,3.000190
131.5112,2026-07-15T13:53:28.847548,0.000000,3.000275
132.0423,2026-07-15T13:53:29.378570,0.000000,3.000362
132.5380,2026-07-15T13:53:29.874317,0.000000,3.000451
133.0138,2026-07-15T13:53:30.350061,0.000000,3.000549
133.4994,2026-07-15T13:53:30.835727,0.000000,3.000627
133.9925,2026-07-15T13:53:31.328832,0.000000,3.000669
134.4883,2026-07-15T13:53:31.824556,0.000000,3.000694
134.9862,2026-07-15T13:53:32.322510,0.000000,3.000728
135.4706,2026-07-15T13:53:32.806846,0.000000,3.000747
135.9951,2026-07-15T13:53:33.331350,0.000000,3.000710
136.4979,2026-07-15T13:53:33.834171,0.000000,3.000712
137.0030,2026-07-15T13:53:34.339332,0.000000,3.000707
137.5041,2026-07-15T13:53:34.840353,0.000000,3.000680
138.0074,2026-07-15T13:53:35.343661,0.000000,3.000678
138.5112,2026-07-15T13:53:35.847515,0.000000,3.000650
139.0379,2026-07-15T13:53:36.374225,0.000000,3.000594
139.5425,2026-07-15T13:53:36.878745,0.000000,3.000542
140.0370,2026-07-15T13:53:37.373329,0.000000,3.000496
140.5424,2026-07-15T13:53:37.878726,0.000000,3.000446
141.0424,2026-07-15T13:53:38.378654,0.000000,3.000354
141.5425,2026-07-15T13:53:38.878755,0.000000,3.000315
142.0660,2026-07-15T13:53:39.402307,0.000000,3.000256
142.5706,2026-07-15T13:53:39.906931,0.000000,3.000205
143.0647,2026-07-15T13:53:40.400956,0.000000,3.000147
143.5705,2026-07-15T13:53:40.906827,0.000000,3.000179
144.0648,2026-07-15T13:53:41.401101,0.000000,3.000157
144.5497,2026-07-15T13:53:41.885964,0.000000,3.000166
145.0543,2026-07-15T13:53:42.390608,0.000000,3.000181
145.5620,2026-07-15T13:53:42.898287,0.000000,3.000136
146.0429,2026-07-15T13:53:43.379171,0.000000,3.000178
146.5427,2026-07-15T13:53:43.878952,0.000000,3.000133
147.0468,2026-07-15T13:53:44.383068,0.000000,3.000131
147.5174,2026-07-15T13:53:44.853689,0.000000,3.000142
148.0241,2026-07-15T13:53:45.360424,0.000000,3.000154
148.5227,2026-07-15T13:53:45.858947,0.000000,3.000083
149.0466,2026-07-15T13:53:46.382900,0.000000,3.000056
149.5436,2026-07-15T13:53:46.879887,0.000000,3.000042
150.0339,2026-07-15T13:53:47.370175,0.000000,3.000014
150.5306,2026-07-15T13:53:47.866912,0.000000,3.000011
151.0202,2026-07-15T13:53:48.356497,0.000000,2.999990
151.5001,2026-07-15T13:53:48.836350,0.000000,2.999976
151.9690,2026-07-15T13:53:49.305297,0.000000,2.999957
152.4671,2026-07-15T13:53:49.803347,0.000000,2.999976
152.9331,2026-07-15T13:53:50.269382,0.000000,3.000043
153.4288,2026-07-15T13:53:50.765105,0.000000,3.000048
153.9147,2026-07-15T13:53:51.250978,0.000000,3.000077
154.4329,2026-07-15T13:53:51.769211,0.000000,3.000112
154.8979,2026-07-15T13:53:52.234226,0.000000,3.000128
155.3935,2026-07-15T13:53:52.729743,0.000000,3.000195
155.8888,2026-07-15T13:53:53.225072,0.000000,3.000230
156.3867,2026-07-15T13:53:53.722954,0.000000,3.000290
156.8655,2026-07-15T13:53:54.201826,0.000000,3.000374
157.3657,2026-07-15T13:53:54.702014,0.000000,3.000395
157.8801,2026-07-15T13:53:55.216396,0.000000,3.000421
158.3735,2026-07-15T13:53:55.709798,0.000000,3.000469
158.8596,2026-07-15T13:53:56.195927,0.000000,3.000563
159.3351,2026-07-15T13:53:56.671383,0.000000,3.000608
159.8400,2026-07-15T13:53:57.176339,0.000000,3.000670
160.3355,2026-07-15T13:53:57.671749,0.000000,3.000747
160.8352,2026-07-15T13:53:58.171444,0.000000,3.000813
161.3379,2026-07-15T13:53:58.674218,0.000000,3.000859
161.8332,2026-07-15T13:53:59.169498,0.000000,3.000898
162.3579,2026-07-15T13:53:59.694195,0.000000,3.000942
162.8550,2026-07-15T13:54:00.191291,0.000000,3.000957
163.3545,2026-07-15T13:54:00.690839,0.000000,3.000963
163.8486,2026-07-15T13:54:01.184889,0.000000,3.000904
164.3538,2026-07-15T13:54:01.690094,0.000000,3.000896
164.8383,2026-07-15T13:54:02.174636,0.000000,3.000893
165.3459,2026-07-15T13:54:02.682240,0.000000,3.000837
165.8669,2026-07-15T13:54:03.203237,0.000000,3.000840
166.3705,2026-07-15T13:54:03.706753,0.000000,3.000803
166.8708,2026-07-15T13:54:04.207086,0.000000,3.000770
167.3504,2026-07-15T13:54:04.686734,0.000000,3.000768
167.8515,2026-07-15T13:54:05.187808,0.000000,3.000774
168.3520,2026-07-15T13:54:05.688337,0.000000,3.000786
168.8418,2026-07-15T13:54:06.178070,0.000000,3.000864
169.3335,2026-07-15T13:54:06.669770,0.000000,3.000893
169.8695,2026-07-15T13:54:07.205835,0.000000,3.000925
170.3619,2026-07-15T13:54:07.698215,0.000000,3.000971
170.8536,2026-07-15T13:54:08.189873,0.000000,3.001010
171.3509,2026-07-15T13:54:08.687154,0.000000,3.001091
171.8345,2026-07-15T13:54:09.170777,0.000000,3.001098
172.3217,2026-07-15T13:54:09.657954,0.000000,3.001104
172.7794,2026-07-15T13:54:10.115678,0.000000,3.001112
173.2799,2026-07-15T13:54:10.616200,0.000000,3.001142
173.7796,2026-07-15T13:54:11.115943,0.000000,3.001114
174.2965,2026-07-15T13:54:11.632748,0.000000,3.001133
174.7845,2026-07-15T13:54:12.120787,0.000000,3.001078
175.2807,2026-07-15T13:54:12.616974,0.000000,3.001046
175.7871,2026-07-15T13:54:13.123438,0.000000,3.001005
176.2619,2026-07-15T13:54:13.598197,0.000000,3.001003
176.7666,2026-07-15T13:54:14.102876,0.000000,3.001008
177.2582,2026-07-15T13:54:14.594444,0.000000,3.001050
177.7633,2026-07-15T13:54:15.099638,0.000000,3.001038
178.2496,2026-07-15T13:54:15.585874,0.000000,3.001008
178.7233,2026-07-15T13:54:16.059548,0.000000,3.001013
179.2083,2026-07-15T13:54:16.544641,0.000000,3.001022
179.6993,2026-07-15T13:54:17.035647,0.000000,3.001035
180.1922,2026-07-15T13:54:17.528519,0.000000,3.001032
180.6883,2026-07-15T13:54:18.024628,0.000000,3.001074
181.1749,2026-07-15T13:54:18.511207,0.000000,3.001069
181.6942,2026-07-15T13:54:19.030463,0.000000,3.001088
182.1800,2026-07-15T13:54:19.516306,0.000000,3.001053
182.6716,2026-07-15T13:54:20.007874,0.000000,3.001038
183.1753,2026-07-15T13:54:20.511547,0.000000,3.001064
183.6757,2026-07-15T13:54:21.012001,0.000000,3.001104
184.1785,2026-07-15T13:54:21.514772,0.000000,3.001150
184.6768,2026-07-15T13:54:22.013069,0.000000,3.001168
185.1747,2026-07-15T13:54:22.511033,0.000000,3.001198
185.6981,2026-07-15T13:54:23.034411,0.000000,3.001194
186.1996,2026-07-15T13:54:23.535927,0.000000,3.001258
186.7012,2026-07-15T13:54:24.037501,0.000000,3.001226
187.1957,2026-07-15T13:54:24.531943,0.000000,3.001240
187.6872,2026-07-15T13:54:25.023504,0.000000,3.001237
188.1920,2026-07-15T13:54:25.528291,0.000000,3.001205
188.6920,2026-07-15T13:54:26.028319,0.000000,3.001152
189.2320,2026-07-15T13:54:26.568348,0.000000,3.001088
189.7319,2026-07-15T13:54:27.068216,0.000000,3.001109
190.2325,2026-07-15T13:54:27.568808,0.000000,3.001133
190.7296,2026-07-15T13:54:28.065903,0.000000,3.001149
191.2161,2026-07-15T13:54:28.552368,0.000000,3.001117
191.7048,2026-07-15T13:54:29.041051,0.000000,3.001123
192.1964,2026-07-15T13:54:29.532680,0.000000,3.001117
192.6904,2026-07-15T13:54:30.026658,0.000000,3.001096
193.1916,2026-07-15T13:54:30.527859,0.000000,3.001082
193.6926,2026-07-15T13:54:31.028856,0.000000,3.001126
194.1879,2026-07-15T13:54:31.524174,0.000000,3.001149
194.6838,2026-07-15T13:54:32.020168,0.000000,3.001109
195.1551,2026-07-15T13:54:32.491419,0.000000,3.001086
195.6500,2026-07-15T13:54:32.986321,0.000000,3.001077
196.1314,2026-07-15T13:54:33.467671,0.000000,3.001026
196.6354,2026-07-15T13:54:33.971711,0.000000,3.001024
197.1640,2026-07-15T13:54:34.500280,0.000000,3.001026
197.6634,2026-07-15T13:54:34.999718,0.000000,3.001048
198.1641,2026-07-15T13:54:35.500402,0.000000,3.001086
198.6594,2026-07-15T13:54:35.995646,0.000000,3.001075
199.1565,2026-07-15T13:54:36.492779,0.000000,3.001069
199.6582,2026-07-15T13:54:36.994476,0.000000,3.001061
200.1506,2026-07-15T13:54:37.486931,0.000000,3.001056
200.6751,2026-07-15T13:54:38.011346,0.000000,3.001040
201.1723,2026-07-15T13:54:38.508570,0.000000,3.001075
201.6711,2026-07-15T13:54:39.007344,0.000000,3.001082
202.1604,2026-07-15T13:54:39.496658,0.000000,3.001102
202.6673,2026-07-15T13:54:40.003636,0.000000,3.001125
203.1647,2026-07-15T13:54:40.501021,0.000000,3.001085
203.6646,2026-07-15T13:54:41.000871,0.000000,3.001109
204.1924,2026-07-15T13:54:41.528666,0.000000,3.001128
204.6886,2026-07-15T13:54:42.024905,0.000000,3.001139
205.1892,2026-07-15T13:54:42.525508,0.000000,3.001165
205.6712,2026-07-15T13:54:43.007524,0.000000,3.001170
206.1958,2026-07-15T13:54:43.532113,0.000000,3.001125
206.6965,2026-07-15T13:54:44.032836,0.000000,3.001139
207.1948,2026-07-15T13:54:44.531130,0.000000,3.001142
207.6984,2026-07-15T13:54:45.034652,0.000000,3.001120
208.1977,2026-07-15T13:54:45.533995,0.000000,3.001179
208.6719,2026-07-15T13:54:46.008212,0.000000,3.001160
209.1756,2026-07-15T13:54:46.511909,0.000000,3.001157
209.7042,2026-07-15T13:54:47.040529,0.000000,3.001179
210.2090,2026-07-15T13:54:47.545274,0.000000,3.001154
210.6971,2026-07-15T13:54:48.033390,0.000000,3.001203
211.1924,2026-07-15T13:54:48.528729,0.000000,3.001262
211.6925,2026-07-15T13:54:49.028767,0.000000,3.001203
212.1776,2026-07-15T13:54:49.513906,0.000000,3.001189
212.6806,2026-07-15T13:54:50.016937,0.000000,3.001194
213.1838,2026-07-15T13:54:50.520055,0.000000,3.001163
213.6843,2026-07-15T13:54:51.020599,0.000000,3.001162
214.2126,2026-07-15T13:54:51.548903,0.000000,3.001187
214.7048,2026-07-15T13:54:52.041112,0.000000,3.001181
215.1874,2026-07-15T13:54:52.523673,0.000000,3.001170
215.6897,2026-07-15T13:54:53.025977,0.000000,3.001138
216.1820,2026-07-15T13:54:53.518257,0.000000,3.001082
216.6716,2026-07-15T13:54:54.007941,0.000000,3.001109
217.1693,2026-07-15T13:54:54.505583,0.000000,3.001122
217.6722,2026-07-15T13:54:55.008508,0.000000,3.001134
218.1443,2026-07-15T13:54:55.480550,0.000000,3.001157
218.6226,2026-07-15T13:54:55.958847,0.000000,3.001160
219.1246,2026-07-15T13:54:56.460852,0.000000,3.001125
219.6223,2026-07-15T13:54:56.958642,0.000000,3.001066
220.1171,2026-07-15T13:54:57.453416,0.000000,3.001107
220.5804,2026-07-15T13:54:57.916732,0.000000,3.001090
221.0823,2026-07-15T13:54:58.418590,0.000000,3.001059
221.6172,2026-07-15T13:54:58.953504,0.000000,3.001038
222.1053,2026-07-15T13:54:59.441587,0.000000,3.000971
222.5886,2026-07-15T13:54:59.924868,0.000000,3.000976
223.0648,2026-07-15T13:55:00.401069,0.000000,3.000963
223.5687,2026-07-15T13:55:00.905010,0.000000,3.000917
224.0682,2026-07-15T13:55:01.404452,0.000000,3.000894
224.5345,2026-07-15T13:55:01.870801,0.000000,3.000896
225.0120,2026-07-15T13:55:02.348311,0.000000,3.000869
225.5139,2026-07-15T13:55:02.850219,0.000000,3.000906
226.0090,2026-07-15T13:55:03.345258,0.000000,3.000939
226.5376,2026-07-15T13:55:03.873889,0.000000,3.000989
227.0139,2026-07-15T13:55:04.350189,0.000000,3.001038
227.5172,2026-07-15T13:55:04.853491,0.000000,3.001070
228.0150,2026-07-15T13:55:05.351345,0.000000,3.001088
228.5215,2026-07-15T13:55:05.857812,0.000000,3.001106
229.0162,2026-07-15T13:55:06.352509,0.000000,3.001134
229.5433,2026-07-15T13:55:06.879554,0.000000,3.001115
230.0175,2026-07-15T13:55:07.353820,0.000000,3.001163
230.4949,2026-07-15T13:55:07.831153,0.000000,3.001131
230.9669,2026-07-15T13:55:08.303180,0.000000,3.001134
231.4660,2026-07-15T13:55:08.802313,0.000000,3.001083
231.9697,2026-07-15T13:55:09.306002,0.000000,3.001066
232.4645,2026-07-15T13:55:09.800780,0.000000,3.001022
232.9594,2026-07-15T13:55:10.295638,0.000000,3.001016
233.4359,2026-07-15T13:55:10.772158,0.000000,3.001040
233.9219,2026-07-15T13:55:11.258178,0.000000,3.001054
234.4175,2026-07-15T13:55:11.753845,0.000000,3.001091
234.9240,2026-07-15T13:55:12.260268,0.000000,3.001086
235.4382,2026-07-15T13:55:12.774477,0.000000,3.001139
235.9268,2026-07-15T13:55:13.263108,0.000000,3.001131
236.4259,2026-07-15T13:55:13.762192,0.000000,3.001210
236.9280,2026-07-15T13:55:14.264283,0.000000,3.001216
237.4217,2026-07-15T13:55:14.758018,0.000000,3.001251
237.9219,2026-07-15T13:55:15.258189,0.000000,3.001245
238.4100,2026-07-15T13:55:15.746260,0.000000,3.001266
238.9334,2026-07-15T13:55:16.269650,0.000000,3.001280
239.3946,2026-07-15T13:55:16.730907,0.000000,3.001296
239.8888,2026-07-15T13:55:17.225134,0.000000,3.001304
240.3852,2026-07-15T13:55:17.721539,0.000000,3.001282
240.8815,2026-07-15T13:55:18.217751,0.000000,3.001286
241.3767,2026-07-15T13:55:18.713020,0.000000,3.001232
241.8759,2026-07-15T13:55:19.212172,0.000000,3.001238
242.3801,2026-07-15T13:55:19.716367,0.000000,3.001235
242.9026,2026-07-15T13:55:20.238881,0.000000,3.001264
243.4107,2026-07-15T13:55:20.747005,0.000000,3.001254
243.9056,2026-07-15T13:55:21.241874,0.000000,3.001306
244.4098,2026-07-15T13:55:21.746056,0.000000,3.001290
244.9102,2026-07-15T13:55:22.246526,0.000000,3.001278
245.4068,2026-07-15T13:55:22.743113,0.000000,3.001302
245.9176,2026-07-15T13:55:23.253923,0.000000,3.001354
246.4264,2026-07-15T13:55:23.762733,0.000000,3.001430
246.9227,2026-07-15T13:55:24.258949,0.000000,3.001461
247.4141,2026-07-15T13:55:24.750336,0.000000,3.001434
247.9106,2026-07-15T13:55:25.246937,0.000000,3.001424
248.3731,2026-07-15T13:55:25.709373,0.000000,3.001443
248.8739,2026-07-15T13:55:26.210168,0.000000,3.001438
249.3560,2026-07-15T13:55:26.692303,0.000000,3.001475
249.8771,2026-07-15T13:55:27.213441,0.000000,3.001502
250.3531,2026-07-15T13:55:27.689435,0.000000,3.001429
250.8540,2026-07-15T13:55:28.190319,0.000000,3.001363
251.3553,2026-07-15T13:55:28.691612,0.000000,3.001291
251.8190,2026-07-15T13:55:29.155309,0.000000,3.001267
252.3228,2026-07-15T13:55:29.659069,0.000000,3.001288
252.7877,2026-07-15T13:55:30.123944,0.000000,3.001256
253.2896,2026-07-15T13:55:30.625852,0.000000,3.001256
253.7884,2026-07-15T13:55:31.124697,0.000000,3.001262
254.2816,2026-07-15T13:55:31.617930,0.000000,3.001253
254.7894,2026-07-15T13:55:32.125651,0.000000,3.001222
255.2582,2026-07-15T13:55:32.594511,0.000000,3.001267
255.7741,2026-07-15T13:55:33.110404,0.000000,3.001309
256.2700,2026-07-15T13:55:33.606298,0.000000,3.001365
256.7426,2026-07-15T13:55:34.078937,0.000000,3.001394
257.2110,2026-07-15T13:55:34.547295,0.000000,3.001438
257.6912,2026-07-15T13:55:35.027462,0.000000,3.001435
258.1867,2026-07-15T13:55:35.522951,0.000000,3.001419
258.7140,2026-07-15T13:55:36.050311,0.000000,3.001389
259.2012,2026-07-15T13:55:36.537534,0.000000,3.001346
259.7058,2026-07-15T13:55:37.042125,0.000000,3.001288
260.1977,2026-07-15T13:55:37.533976,0.000000,3.001299
260.6954,2026-07-15T13:55:38.031720,0.000000,3.001270
261.1909,2026-07-15T13:55:38.527201,0.000000,3.001259
261.6909,2026-07-15T13:55:39.027213,0.000000,3.001224
262.2176,2026-07-15T13:55:39.553908,0.000000,3.001208
262.7234,2026-07-15T13:55:40.059676,0.000000,3.001264
263.2180,2026-07-15T13:55:40.554247,0.000000,3.001277
263.7231,2026-07-15T13:55:41.059392,0.000000,3.001258
264.2163,2026-07-15T13:55:41.552620,0.000000,3.001216
264.7224,2026-07-15T13:55:42.058685,0.000000,3.001230
265.2305,2026-07-15T13:55:42.566755,0.000000,3.001214
265.7311,2026-07-15T13:55:43.067344,0.000000,3.001190
266.2308,2026-07-15T13:55:43.567115,0.000000,3.001195
266.7314,2026-07-15T13:55:44.067652,0.000000,3.001181
267.2032,2026-07-15T13:55:44.539501,0.000000,3.001192
267.6942,2026-07-15T13:55:45.030535,0.000000,3.001134
268.1553,2026-07-15T13:55:45.491539,0.000000,3.001126
268.6433,2026-07-15T13:55:45.979620,0.000000,3.001099
269.1369,2026-07-15T13:55:46.473156,0.000000,3.001118
269.6430,2026-07-15T13:55:46.979342,0.000000,3.001149
270.1691,2026-07-15T13:55:47.505421,0.000000,3.001134
270.6539,2026-07-15T13:55:47.990179,0.000000,3.001194
271.1551,2026-07-15T13:55:48.491425,0.000000,3.001184
271.6532,2026-07-15T13:55:48.989494,0.000000,3.001202
272.1409,2026-07-15T13:55:49.477173,0.000000,3.001168
272.6285,2026-07-15T13:55:49.964816,0.000000,3.001186
273.1036,2026-07-15T13:55:50.439932,0.000000,3.001245
273.5977,2026-07-15T13:55:50.933971,0.000000,3.001370
274.1197,2026-07-15T13:55:51.455989,0.000000,3.001467
274.6119,2026-07-15T13:55:51.948160,0.000000,3.001472
275.1055,2026-07-15T13:55:52.441805,0.000000,3.001501
275.6124,2026-07-15T13:55:52.948668,0.000000,3.001470
276.1192,2026-07-15T13:55:53.455473,0.000000,3.001477
276.6188,2026-07-15T13:55:53.955089,0.000000,3.001467
277.1193,2026-07-15T13:55:54.455617,0.000000,3.001549
277.6110,2026-07-15T13:55:54.947296,0.000000,3.001558
278.1071,2026-07-15T13:55:55.443406,0.000000,3.001573
278.6115,2026-07-15T13:55:55.947750,0.000000,3.001533
279.0707,2026-07-15T13:55:56.406955,0.000000,3.001568
279.5743,2026-07-15T13:55:56.910607,0.000000,3.001605
280.0721,2026-07-15T13:55:57.408372,0.000000,3.001661
280.5740,2026-07-15T13:55:57.910327,0.000000,3.001731
281.0669,2026-07-15T13:55:58.403172,0.000000,3.001800
281.5646,2026-07-15T13:55:58.900860,0.000000,3.001853
282.0326,2026-07-15T13:55:59.368894,0.000000,3.001805
282.5345,2026-07-15T13:55:59.870749,0.000000,3.001792
283.0350,2026-07-15T13:56:00.371245,0.000000,3.001755
283.5018,2026-07-15T13:56:00.838086,0.000000,3.001734
283.9910,2026-07-15T13:56:01.327248,0.000000,3.001674
284.4902,2026-07-15T13:56:01.826525,0.000000,3.001666
284.9871,2026-07-15T13:56:02.323340,0.000000,3.001670
285.4905,2026-07-15T13:56:02.826812,0.000000,3.001629
286.0268,2026-07-15T13:56:03.363070,0.000000,3.001640
286.5310,2026-07-15T13:56:03.867247,0.000000,3.001662
287.0307,2026-07-15T13:56:04.366951,0.000000,3.001723
287.5322,2026-07-15T13:56:04.868510,0.000000,3.001762
288.0309,2026-07-15T13:56:05.367244,0.000000,3.001859
288.5356,2026-07-15T13:56:05.871899,0.000000,3.001885
289.0485,2026-07-15T13:56:06.384820,0.000000,3.001944
289.5401,2026-07-15T13:56:06.876352,0.000000,3.001965
290.0243,2026-07-15T13:56:07.360559,0.000000,3.002061
290.5253,2026-07-15T13:56:07.861640,0.000000,3.002123
291.0306,2026-07-15T13:56:08.366850,0.000000,3.002094
291.5254,2026-07-15T13:56:08.861680,0.000000,3.002141
292.0319,2026-07-15T13:56:09.368236,0.000000,3.002222
292.5519,2026-07-15T13:56:09.888224,0.000000,3.002328
293.0460,2026-07-15T13:56:10.382243,0.000000,3.002302
293.5353,2026-07-15T13:56:10.871598,0.000000,3.002400
294.0357,2026-07-15T13:56:11.372014,0.000000,3.002397
294.5408,2026-07-15T13:56:11.877074,0.000000,3.002498
295.0491,2026-07-15T13:56:12.385346,0.000000,3.002578
295.5437,2026-07-15T13:56:12.880026,0.000000,3.002618
296.0644,2026-07-15T13:56:13.400668,0.000000,3.002688
296.5604,2026-07-15T13:56:13.896729,0.000000,3.002715
297.0314,2026-07-15T13:56:14.367692,0.000000,3.002725
297.5110,2026-07-15T13:56:14.847263,0.000000,3.002661
298.0124,2026-07-15T13:56:15.348716,0.000000,3.002749
298.5005,2026-07-15T13:56:15.836849,0.000000,3.002800
298.9906,2026-07-15T13:56:16.326899,0.000000,3.002890
299.4893,2026-07-15T13:56:16.825629,0.000000,3.002910
300.0204,2026-07-15T13:56:17.356679,0.000000,3.002898
300.4947,2026-07-15T13:56:17.830954,0.000000,3.003021
300.9985,2026-07-15T13:56:18.334836,0.000000,3.003030
301.4919,2026-07-15T13:56:18.828157,0.000000,3.003053
301.9694,2026-07-15T13:56:19.305690,0.000000,3.003053
302.4812,2026-07-15T13:56:19.817530,0.000000,3.003139
302.9793,2026-07-15T13:56:20.315619,0.000000,3.003114
303.5044,2026-07-15T13:56:20.840676,0.000000,3.003118
303.9994,2026-07-15T13:56:21.335660,0.000000,3.003107
304.5036,2026-07-15T13:56:21.839922,0.000000,3.003106
305.0037,2026-07-15T13:56:22.340032,0.000000,3.003133
305.4858,2026-07-15T13:56:22.822126,0.000000,3.003051
305.9874,2026-07-15T13:56:23.323726,0.000000,3.003109
306.4960,2026-07-15T13:56:23.832326,0.000000,3.003133
307.0240,2026-07-15T13:56:24.360290,0.000000,3.003213
307.5040,2026-07-15T13:56:24.840240,0.000000,3.003243
307.9918,2026-07-15T13:56:25.328062,0.000000,3.003285
308.4879,2026-07-15T13:56:25.824196,0.000000,3.003198
308.9698,2026-07-15T13:56:26.306157,0.000000,3.003184
309.4730,2026-07-15T13:56:26.809315,0.000000,3.003139
309.9670,2026-07-15T13:56:27.303284,0.000000,3.003035
310.4903,2026-07-15T13:56:27.826544,0.000000,3.003030
310.9902,2026-07-15T13:56:28.326509,0.000000,3.002989
311.4872,2026-07-15T13:56:28.823486,0.000000,3.003021
311.9901,2026-07-15T13:56:29.326363,0.000000,3.002954
312.4886,2026-07-15T13:56:29.824845,0.000000,3.002923
312.9933,2026-07-15T13:56:30.329608,0.000000,3.002891
313.5171,2026-07-15T13:56:30.853364,0.000000,3.002968
314.0077,2026-07-15T13:56:31.343975,0.000000,3.002902
314.5112,2026-07-15T13:56:31.847476,0.000000,3.002878
315.0173,2026-07-15T13:56:32.353644,0.000000,3.002878
315.4933,2026-07-15T13:56:32.829592,0.000000,3.002864
315.9937,2026-07-15T13:56:33.329940,0.000000,3.002805
316.4857,2026-07-15T13:56:33.821954,0.000000,3.002709
316.9979,2026-07-15T13:56:34.334241,0.000000,3.002669
317.5049,2026-07-15T13:56:34.841242,0.000000,3.002638
318.0035,2026-07-15T13:56:35.339802,0.000000,3.002669
318.4874,2026-07-15T13:56:35.823660,0.000000,3.002683
318.9898,2026-07-15T13:56:36.326084,0.000000,3.002741
319.4917,2026-07-15T13:56:36.827944,0.000000,3.002749
319.9695,2026-07-15T13:56:37.305798,0.000000,3.002792
320.4543,2026-07-15T13:56:37.790560,0.000000,3.002829
320.9571,2026-07-15T13:56:38.293362,0.000000,3.002931
321.4555,2026-07-15T13:56:38.791812,0.000000,3.002939
321.9529,2026-07-15T13:56:39.289204,0.000000,3.002968
322.4467,2026-07-15T13:56:39.783019,0.000000,3.002923
322.9526,2026-07-15T13:56:40.288912,0.000000,3.002838
323.4119,2026-07-15T13:56:40.748233,0.000000,3.002706
323.8870,2026-07-15T13:56:41.223325,0.000000,3.002653
324.3805,2026-07-15T13:56:41.716807,0.000000,3.002630
324.8650,2026-07-15T13:56:42.201293,0.000000,3.002571
325.3482,2026-07-15T13:56:42.684538,0.000000,3.002510
325.8575,2026-07-15T13:56:43.193755,0.000000,3.002418
326.3164,2026-07-15T13:56:43.652726,0.000000,3.002390
326.8174,2026-07-15T13:56:44.153716,0.000000,3.002390
327.3115,2026-07-15T13:56:44.647769,0.000000,3.002426
327.7881,2026-07-15T13:56:45.124405,0.000000,3.002514
328.2906,2026-07-15T13:56:45.626917,0.000000,3.002587
328.7906,2026-07-15T13:56:46.126899,0.000000,3.002674
329.2942,2026-07-15T13:56:46.630485,0.000000,3.002773
329.7905,2026-07-15T13:56:47.126845,0.000000,3.002750
330.2846,2026-07-15T13:56:47.620847,0.000000,3.002818
330.7946,2026-07-15T13:56:48.130913,0.000000,3.002830
331.3021,2026-07-15T13:56:48.638406,0.000000,3.002854
331.8016,2026-07-15T13:56:49.137923,0.000000,3.002818
332.2838,2026-07-15T13:56:49.620101,0.000000,3.002856
332.7483,2026-07-15T13:56:50.084568,0.000000,3.002861
333.2487,2026-07-15T13:56:50.584958,0.000000,3.002960
333.7426,2026-07-15T13:56:51.078866,0.000000,3.003018
334.2149,2026-07-15T13:56:51.551174,0.000000,3.003037
334.7048,2026-07-15T13:56:52.041121,0.000000,3.003102
335.2283,2026-07-15T13:56:52.564575,0.000000,3.003213
335.7246,2026-07-15T13:56:53.060879,0.000000,3.003221
336.2034,2026-07-15T13:56:53.539720,0.000000,3.003309
336.7003,2026-07-15T13:56:54.036581,0.000000,3.003325
337.1811,2026-07-15T13:56:54.517426,0.000000,3.003338
337.6826,2026-07-15T13:56:55.018912,0.000000,3.003163
338.1574,2026-07-15T13:56:55.493727,0.000000,3.003043
338.6495,2026-07-15T13:56:55.985841,0.000000,3.002998
339.1301,2026-07-15T13:56:56.466431,0.000000,3.002949
339.6277,2026-07-15T13:56:56.964034,0.000000,3.002896
340.1211,2026-07-15T13:56:57.457419,0.000000,3.002774
340.6030,2026-07-15T13:56:57.939242,0.000000,3.002720
341.1026,2026-07-15T13:56:58.438837,0.000000,3.002606
341.6034,2026-07-15T13:56:58.939734,0.000000,3.002662
342.1015,2026-07-15T13:56:59.437794,0.000000,3.002544
342.6040,2026-07-15T13:56:59.940262,0.000000,3.002526
343.0926,2026-07-15T13:57:00.428904,0.000000,3.002493
343.5822,2026-07-15T13:57:00.918506,0.000000,3.002341
344.0992,2026-07-15T13:57:01.435483,0.000000,3.002275
344.5902,2026-07-15T13:57:01.926492,0.000000,3.002144
345.0908,2026-07-15T13:57:02.427133,0.000000,3.002083
345.5671,2026-07-15T13:57:02.903387,0.000000,3.002010
346.0661,2026-07-15T13:57:03.402434,0.000000,3.001954
346.5698,2026-07-15T13:57:03.906051,0.000000,3.001810
347.0698,2026-07-15T13:57:04.406090,0.000000,3.001765
347.5447,2026-07-15T13:57:04.880969,0.000000,3.001806
348.0616,2026-07-15T13:57:05.397948,0.000000,3.001795
348.5741,2026-07-15T13:57:05.910360,0.000000,3.001901
349.0494,2026-07-15T13:57:06.385670,0.000000,3.001867
349.5447,2026-07-15T13:57:06.880999,0.000000,3.001893
350.0420,2026-07-15T13:57:07.378335,0.000000,3.001933
350.5281,2026-07-15T13:57:07.864429,0.000000,3.001990
351.0327,2026-07-15T13:57:08.368994,0.000000,3.002051
351.5238,2026-07-15T13:57:08.860052,0.000000,3.002101
352.0196,2026-07-15T13:57:09.355854,0.000000,3.002158
352.5284,2026-07-15T13:57:09.864677,0.000000,3.002211
352.9950,2026-07-15T13:57:10.331289,0.000000,3.002306
353.4685,2026-07-15T13:57:10.804801,0.000000,3.002272
353.9654,2026-07-15T13:57:11.301692,0.000000,3.002294
354.4614,2026-07-15T13:57:11.797700,0.000000,3.002402
354.9581,2026-07-15T13:57:12.294431,0.000000,3.002416
355.4493,2026-07-15T13:57:12.785548,0.000000,3.002438
355.9158,2026-07-15T13:57:13.252073,0.000000,3.002493
356.4183,2026-07-15T13:57:13.754547,0.000000,3.002555
356.9162,2026-07-15T13:57:14.252479,0.000000,3.002656
357.4195,2026-07-15T13:57:14.755839,0.000000,3.002739
357.9184,2026-07-15T13:57:15.254698,0.000000,3.002838
358.3959,2026-07-15T13:57:15.732217,0.000000,3.002912
358.8989,2026-07-15T13:57:16.235236,0.000000,3.003077
359.3886,2026-07-15T13:57:16.724902,0.000000,3.003141
359.8893,2026-07-15T13:57:17.225640,0.000000,3.003274
360.3829,2026-07-15T13:57:17.719165,0.000000,3.003405
360.8782,2026-07-15T13:57:18.214500,0.000000,3.003488
361.3703,2026-07-15T13:57:18.706641,0.000000,3.003547
361.8635,2026-07-15T13:57:19.199747,0.000000,3.003517
362.3611,2026-07-15T13:57:19.697407,0.000000,3.003562
362.8423,2026-07-15T13:57:20.178626,0.000000,3.003579
363.3374,2026-07-15T13:57:20.673699,0.000000,3.003590
363.8299,2026-07-15T13:57:21.166173,0.000000,3.003544
364.3247,2026-07-15T13:57:21.661014,0.000000,3.003510
364.8221,2026-07-15T13:57:22.158372,0.000000,3.003456
365.3008,2026-07-15T13:57:22.637143,0.000000,3.003411
365.7991,2026-07-15T13:57:23.135409,0.000000,3.003358
366.3154,2026-07-15T13:57:23.651724,0.000000,3.003235
366.7778,2026-07-15T13:57:24.114121,0.000000,3.003200
367.2669,2026-07-15T13:57:24.603175,0.000000,3.003102
367.7682,2026-07-15T13:57:25.104534,0.000000,3.003045
368.2704,2026-07-15T13:57:25.606667,0.000000,3.002995
368.7638,2026-07-15T13:57:26.100116,0.000000,3.003002
369.2552,2026-07-15T13:57:26.591519,0.000000,3.003000
369.7534,2026-07-15T13:57:27.089716,0.000000,3.002998
370.2774,2026-07-15T13:57:27.613650,0.000000,3.002952
370.7793,2026-07-15T13:57:28.115565,0.000000,3.002962
371.2810,2026-07-15T13:57:28.617333,0.000000,3.003032
371.7785,2026-07-15T13:57:29.114760,0.000000,3.003027
372.2637,2026-07-15T13:57:29.599950,0.000000,3.003027
372.7583,2026-07-15T13:57:30.094607,0.000000,3.003056
373.2384,2026-07-15T13:57:30.574723,0.000000,3.003093
373.7286,2026-07-15T13:57:31.064870,0.000000,3.003198
374.2297,2026-07-15T13:57:31.565969,0.000000,3.003298
374.7412,2026-07-15T13:57:32.077538,0.000000,3.003494
375.2187,2026-07-15T13:57:32.554983,0.000000,3.003598
375.7041,2026-07-15T13:57:33.040406,0.000000,3.003710
376.1891,2026-07-15T13:57:33.525414,0.000000,3.003858
376.6851,2026-07-15T13:57:34.021373,0.000000,3.003965
377.1828,2026-07-15T13:57:34.519128,0.000000,3.004042
377.6911,2026-07-15T13:57:35.027348,0.000000,3.004085
378.2120,2026-07-15T13:57:35.548303,0.000000,3.004186
378.7117,2026-07-15T13:57:36.048002,0.000000,3.004235
379.2078,2026-07-15T13:57:36.544065,0.000000,3.004266
379.7012,2026-07-15T13:57:37.037450,0.000000,3.004173
380.2036,2026-07-15T13:57:37.539938,0.000000,3.004218
380.6983,2026-07-15T13:57:38.034612,0.000000,3.004222
381.1811,2026-07-15T13:57:38.517347,0.000000,3.004133
381.6806,2026-07-15T13:57:39.016937,0.000000,3.004154
382.2036,2026-07-15T13:57:39.539921,0.000000,3.004190
382.6749,2026-07-15T13:57:40.011158,0.000000,3.004179
383.1508,2026-07-15T13:57:40.487126,0.000000,3.004154
383.6345,2026-07-15T13:57:40.970748,0.000000,3.004069
384.1267,2026-07-15T13:57:41.462954,0.000000,3.004005
384.6221,2026-07-15T13:57:41.958378,0.000000,3.003898
385.1228,2026-07-15T13:57:42.459056,0.000000,3.003843
385.5706,2026-07-15T13:57:42.906854,0.000000,3.003678
386.0513,2026-07-15T13:57:43.387592,0.000000,3.003613
386.5504,2026-07-15T13:57:43.886698,0.000000,3.003472
387.0723,2026-07-15T13:57:44.408548,0.000000,3.003410
387.5528,2026-07-15T13:57:44.889128,0.000000,3.003322
388.0525,2026-07-15T13:57:45.388804,0.000000,3.003192
388.5434,2026-07-15T13:57:45.879688,0.000000,3.003184
389.0433,2026-07-15T13:57:46.379623,0.000000,3.003101
389.5172,2026-07-15T13:57:46.853491,0.000000,3.003110
390.0172,2026-07-15T13:57:47.353464,0.000000,3.003064
390.5098,2026-07-15T13:57:47.846138,0.000000,3.003062
391.0328,2026-07-15T13:57:48.369082,0.000000,3.003038
391.5320,2026-07-15T13:57:48.868344,0.000000,3.003074
392.0335,2026-07-15T13:57:49.369779,0.000000,3.003053
392.5472,2026-07-15T13:57:49.883511,0.000000,3.003098
393.0470,2026-07-15T13:57:50.383331,0.000000,3.003139
393.5430,2026-07-15T13:57:50.879346,0.000000,3.003112
394.0688,2026-07-15T13:57:51.405133,0.000000,3.003109
394.5707,2026-07-15T13:57:51.906957,0.000000,3.003104
395.0647,2026-07-15T13:57:52.400961,0.000000,3.003205
395.5473,2026-07-15T13:57:52.883548,0.000000,3.003248
396.0472,2026-07-15T13:57:53.383500,0.000000,3.003365
396.5410,2026-07-15T13:57:53.877281,0.000000,3.003496
397.0310,2026-07-15T13:57:54.367269,0.000000,3.003643
397.5476,2026-07-15T13:57:54.883894,0.000000,3.003792
398.0446,2026-07-15T13:57:55.380937,0.000000,3.003923
398.5371,2026-07-15T13:57:55.873394,0.000000,3.004075
398.9823,2026-07-15T13:57:56.318590,0.000000,3.004226
399.4827,2026-07-15T13:57:56.818976,0.000000,3.004365
399.9789,2026-07-15T13:57:57.315229,0.000000,3.004493
400.4743,2026-07-15T13:57:57.810593,0.000000,3.004589
400.9626,2026-07-15T13:57:58.298935,0.000000,3.004590
401.4513,2026-07-15T13:57:58.787603,0.000000,3.004573
401.9266,2026-07-15T13:57:59.262851,0.000000,3.004642
402.3988,2026-07-15T13:57:59.735052,0.000000,3.004614
402.9034,2026-07-15T13:58:00.239734,0.000000,3.004662
403.4081,2026-07-15T13:58:00.744339,0.000000,3.004648
403.8704,2026-07-15T13:58:01.206707,0.000000,3.004619
404.3690,2026-07-15T13:58:01.705290,0.000000,3.004603
404.8630,2026-07-15T13:58:02.199307,0.000000,3.004550
405.3572,2026-07-15T13:58:02.693511,0.000000,3.004496
405.8557,2026-07-15T13:58:03.191960,0.000000,3.004445
406.3825,2026-07-15T13:58:03.718772,0.000000,3.004437
406.8620,2026-07-15T13:58:04.198264,0.000000,3.004347
407.3242,2026-07-15T13:58:04.660512,0.000000,3.004323
407.8235,2026-07-15T13:58:05.159793,0.000000,3.004317
408.3262,2026-07-15T13:58:05.662454,0.000000,3.004317
408.8226,2026-07-15T13:58:06.158904,0.000000,3.004262
409.3155,2026-07-15T13:58:06.651804,0.000000,3.004210
409.7906,2026-07-15T13:58:07.126895,0.000000,3.004173
410.2840,2026-07-15T13:58:07.620336,0.000000,3.004152
410.7823,2026-07-15T13:58:08.118622,0.000000,3.004226
411.3153,2026-07-15T13:58:08.651598,0.000000,3.004262
411.7945,2026-07-15T13:58:09.130757,0.000000,3.004389
412.2619,2026-07-15T13:58:09.598231,0.000000,3.004413
412.7562,2026-07-15T13:58:10.092474,0.000000,3.004448
413.2305,2026-07-15T13:58:10.566810,0.000000,3.004450
413.7143,2026-07-15T13:58:11.050586,0.000000,3.004584
414.1909,2026-07-15T13:58:11.527246,0.000000,3.004621
414.6666,2026-07-15T13:58:12.002934,0.000000,3.004675
415.1586,2026-07-15T13:58:12.494923,0.000000,3.004744
415.6389,2026-07-15T13:58:12.975169,0.000000,3.004834
416.1358,2026-07-15T13:58:13.472116,0.000000,3.004915
416.6600,2026-07-15T13:58:13.996281,0.000000,3.004920
417.1460,2026-07-15T13:58:14.482252,0.000000,3.004949
417.6366,2026-07-15T13:58:14.972921,0.000000,3.004954
418.1396,2026-07-15T13:58:15.475876,0.000000,3.005053
418.6146,2026-07-15T13:58:15.950882,0.000000,3.005117
419.1087,2026-07-15T13:58:16.445009,0.000000,3.005170
419.6159,2026-07-15T13:58:16.952194,0.000000,3.005182
420.1083,2026-07-15T13:58:17.444584,0.000000,3.005250
420.6218,2026-07-15T13:58:17.958118,0.000000,3.005219
421.1232,2026-07-15T13:58:18.459529,0.000000,3.005101
421.6240,2026-07-15T13:58:18.960278,0.000000,3.005072
422.1146,2026-07-15T13:58:19.450894,0.000000,3.005054
422.6035,2026-07-15T13:58:19.939782,0.000000,3.005074
423.0957,2026-07-15T13:58:20.431962,0.000000,3.004982
423.5909,2026-07-15T13:58:20.927169,0.000000,3.004939
424.0925,2026-07-15T13:58:21.428732,0.000000,3.005018
424.5916,2026-07-15T13:58:21.927897,0.000000,3.005062
425.0992,2026-07-15T13:58:22.435444,0.000000,3.005130
425.5957,2026-07-15T13:58:22.931980,0.000000,3.005318
426.0958,2026-07-15T13:58:23.432113,0.000000,3.005478
426.5948,2026-07-15T13:58:23.931126,0.000000,3.005514
427.0992,2026-07-15T13:58:24.435533,0.000000,3.005534
427.5926,2026-07-15T13:58:24.928897,0.000000,3.005568
428.0923,2026-07-15T13:58:25.428596,0.000000,3.005659
428.5889,2026-07-15T13:58:25.925227,0.000000,3.005674
429.0623,2026-07-15T13:58:26.398640,0.000000,3.005680
429.5409,2026-07-15T13:58:26.877217,0.000000,3.005739
430.0478,2026-07-15T13:58:27.384135,0.000000,3.005747
430.5366,2026-07-15T13:58:27.872905,0.000000,3.005806
431.0293,2026-07-15T13:58:28.365596,0.000000,3.005808
431.5186,2026-07-15T13:58:28.854940,0.000000,3.005930
432.0128,2026-07-15T13:58:29.349061,0.000000,3.006053
432.4748,2026-07-15T13:58:29.811074,0.000000,3.006158
432.9704,2026-07-15T13:58:30.306646,0.000000,3.006195
433.4871,2026-07-15T13:58:30.823427,0.000000,3.006272
433.9761,2026-07-15T13:58:31.312405,0.000000,3.006357
434.4726,2026-07-15T13:58:31.808913,0.000000,3.006387
434.9727,2026-07-15T13:58:32.308958,0.000000,3.006410
435.4671,2026-07-15T13:58:32.803406,0.000000,3.006315
435.9359,2026-07-15T13:58:33.272202,0.000000,3.006309
436.4085,2026-07-15T13:58:33.744779,0.000000,3.006288
436.9110,2026-07-15T13:58:34.247255,0.000000,3.006243
437.4124,2026-07-15T13:58:34.748718,0.000000,3.006099
437.9476,2026-07-15T13:58:35.283884,0.000000,3.006029
438.4157,2026-07-15T13:58:35.752041,0.000000,3.005912
438.9095,2026-07-15T13:58:36.245840,0.000000,3.005790
439.3866,2026-07-15T13:58:36.722846,0.000000,3.005642
439.8676,2026-07-15T13:58:37.203885,0.000000,3.005590
440.3685,2026-07-15T13:58:37.704783,0.000000,3.005610
440.8794,2026-07-15T13:58:38.215727,0.000000,3.005512
441.3806,2026-07-15T13:58:38.716941,0.000000,3.005432
441.8731,2026-07-15T13:58:39.209384,0.000000,3.005339
442.3285,2026-07-15T13:58:39.664800,0.000000,3.005376
442.8286,2026-07-15T13:58:40.164908,0.000000,3.005390
443.3290,2026-07-15T13:58:40.665316,0.000000,3.005426
443.8046,2026-07-15T13:58:41.140852,0.000000,3.005517
444.2968,2026-07-15T13:58:41.633095,0.000000,3.005539
444.7851,2026-07-15T13:58:42.121381,0.000000,3.005517
445.2788,2026-07-15T13:58:42.615055,0.000000,3.005413
445.7778,2026-07-15T13:58:43.114070,0.000000,3.005435
446.2810,2026-07-15T13:58:43.617281,0.000000,3.005408
446.7536,2026-07-15T13:58:44.089926,0.000000,3.005352
447.2408,2026-07-15T13:58:44.577108,0.000000,3.005285
447.6990,2026-07-15T13:58:45.035263,0.000000,3.005262
448.1624,2026-07-15T13:58:45.498715,0.000000,3.005299
448.6685,2026-07-15T13:58:46.004743,0.000000,3.005240
449.1490,2026-07-15T13:58:46.485295,0.000000,3.005243
449.6451,2026-07-15T13:58:46.981381,0.000000,3.005280
450.1419,2026-07-15T13:58:47.478240,0.000000,3.005341
450.6365,2026-07-15T13:58:47.972845,0.000000,3.005315
451.1332,2026-07-15T13:58:48.469514,0.000000,3.005365
451.6519,2026-07-15T13:58:48.988152,0.000000,3.005421
452.1091,2026-07-15T13:58:49.445446,0.000000,3.005554
452.6090,2026-07-15T13:58:49.945292,0.000000,3.005661
453.1050,2026-07-15T13:58:50.441268,0.000000,3.005710
453.6062,2026-07-15T13:58:50.942529,0.000000,3.005726
454.1025,2026-07-15T13:58:51.438808,0.000000,3.005712
454.5982,2026-07-15T13:58:51.934543,0.000000,3.005733
455.0947,2026-07-15T13:58:52.430965,0.000000,3.005694
455.6232,2026-07-15T13:58:52.959514,0.000000,3.005659
456.1227,2026-07-15T13:58:53.458963,0.000000,3.005645
456.5974,2026-07-15T13:58:53.933698,0.000000,3.005638
457.0946,2026-07-15T13:58:54.430873,0.000000,3.005587
457.5843,2026-07-15T13:58:54.920607,0.000000,3.005453
458.0569,2026-07-15T13:58:55.393228,0.000000,3.005379
458.5608,2026-07-15T13:58:55.897060,0.000000,3.005339
459.0206,2026-07-15T13:58:56.356847,0.000000,3.005328
459.5185,2026-07-15T13:58:56.854783,0.000000,3.005307
460.0227,2026-07-15T13:58:57.358994,0.000000,3.005346
460.5290,2026-07-15T13:58:57.865324,0.000000,3.005357
461.0246,2026-07-15T13:58:58.360854,0.000000,3.005419
461.5180,2026-07-15T13:58:58.854319,0.000000,3.005446
462.0214,2026-07-15T13:58:59.357666,0.000000,3.005432
462.4835,2026-07-15T13:58:59.819842,0.000000,3.005570
462.9740,2026-07-15T13:59:00.310275,0.000000,3.005598
463.4723,2026-07-15T13:59:00.808582,0.000000,3.005733
463.9982,2026-07-15T13:59:01.334486,0.000000,3.005803
464.4894,2026-07-15T13:59:01.825678,0.000000,3.005914
464.9936,2026-07-15T13:59:02.329929,0.000000,3.005942
465.4935,2026-07-15T13:59:02.829773,0.000000,3.005918
465.9935,2026-07-15T13:59:03.329824,0.000000,3.005858
466.4862,2026-07-15T13:59:03.822446,0.000000,3.005848
466.9609,2026-07-15T13:59:04.297187,0.000000,3.005896
467.4236,2026-07-15T13:59:04.759849,0.000000,3.005866
467.9253,2026-07-15T13:59:05.261577,0.000000,3.005818
468.4152,2026-07-15T13:59:05.751513,0.000000,3.005704
468.9410,2026-07-15T13:59:06.277282,0.000000,3.005613
469.4244,2026-07-15T13:59:06.760673,0.000000,3.005522
469.9249,2026-07-15T13:59:07.261175,0.000000,3.005478
470.4212,2026-07-15T13:59:07.757520,0.000000,3.005550
470.9190,2026-07-15T13:59:08.255319,0.000000,3.005646
471.4163,2026-07-15T13:59:08.752566,0.000000,3.005634
471.8995,2026-07-15T13:59:09.235785,0.000000,3.005589
472.4285,2026-07-15T13:59:09.764791,0.000000,3.005506
472.9227,2026-07-15T13:59:10.259031,0.000000,3.005462
473.4005,2026-07-15T13:59:10.736815,0.000000,3.005470
473.9019,2026-07-15T13:59:11.238240,0.000000,3.005470
474.4005,2026-07-15T13:59:11.736762,0.000000,3.005478
474.8914,2026-07-15T13:59:12.227684,0.000000,3.005472
475.3895,2026-07-15T13:59:12.725765,0.000000,3.005507
475.8725,2026-07-15T13:59:13.208796,0.000000,3.005557
476.4058,2026-07-15T13:59:13.742136,0.000000,3.005600
476.8983,2026-07-15T13:59:14.234611,0.000000,3.005670
477.3942,2026-07-15T13:59:14.730481,0.000000,3.005794
477.8810,2026-07-15T13:59:15.217308,0.000000,3.005965
478.3545,2026-07-15T13:59:15.690747,0.000000,3.006040
478.8444,2026-07-15T13:59:16.180701,0.000000,3.006147
479.3420,2026-07-15T13:59:16.678305,0.000000,3.006224
479.8448,2026-07-15T13:59:17.181067,0.000000,3.006267
480.3432,2026-07-15T13:59:17.679502,0.000000,3.006314
480.8380,2026-07-15T13:59:18.174278,0.000000,3.006362
481.3373,2026-07-15T13:59:18.673568,0.000000,3.006451
481.8021,2026-07-15T13:59:19.138376,0.000000,3.006597
482.3021,2026-07-15T13:59:19.638391,0.000000,3.006619
482.8058,2026-07-15T13:59:20.142071,0.000000,3.006637
483.3033,2026-07-15T13:59:20.639617,0.000000,3.006650
483.8093,2026-07-15T13:59:21.145624,0.000000,3.006696
484.3261,2026-07-15T13:59:21.662403,0.000000,3.006725
484.8118,2026-07-15T13:59:22.148140,0.000000,3.006731
485.2954,2026-07-15T13:59:22.631665,0.000000,3.006669
485.8012,2026-07-15T13:59:23.137487,0.000000,3.006550
486.2812,2026-07-15T13:59:23.617515,0.000000,3.006466
486.7714,2026-07-15T13:59:24.107639,0.000000,3.006406
487.2433,2026-07-15T13:59:24.579595,0.000000,3.006370
487.7492,2026-07-15T13:59:25.085521,0.000000,3.006318
488.2463,2026-07-15T13:59:25.582563,0.000000,3.006306
488.7348,2026-07-15T13:59:26.071050,0.000000,3.006246
489.2163,2026-07-15T13:59:26.552638,0.000000,3.006290
489.7294,2026-07-15T13:59:27.065677,0.000000,3.006269
490.2240,2026-07-15T13:59:27.560345,0.000000,3.006288
490.7162,2026-07-15T13:59:28.052542,0.000000,3.006310
491.2137,2026-07-15T13:59:28.550026,0.000000,3.006326
491.7294,2026-07-15T13:59:29.065710,0.000000,3.006234
492.2128,2026-07-15T13:59:29.549051,0.000000,3.006254
492.7078,2026-07-15T13:59:30.044117,0.000000,3.006259
493.2021,2026-07-15T13:59:30.538413,0.000000,3.006346
493.6715,2026-07-15T13:59:31.007819,0.000000,3.006362
494.1664,2026-07-15T13:59:31.502683,0.000000,3.006382
494.6766,2026-07-15T13:59:32.012931,0.000000,3.006418
495.1735,2026-07-15T13:59:32.509760,0.000000,3.006435
495.6640,2026-07-15T13:59:33.000338,0.000000,3.006485
496.1822,2026-07-15T13:59:33.518468,0.000000,3.006518
496.6819,2026-07-15T13:59:34.018202,0.000000,3.006546
497.1787,2026-07-15T13:59:34.515012,0.000000,3.006506
497.6750,2026-07-15T13:59:35.011341,0.000000,3.006427
498.1628,2026-07-15T13:59:35.499119,0.000000,3.006317
498.6451,2026-07-15T13:59:35.981404,0.000000,3.006227
499.1451,2026-07-15T13:59:36.481349,0.000000,3.006096
499.6376,2026-07-15T13:59:36.973900,0.000000,3.006024
500.1680,2026-07-15T13:59:37.504294,0.000000,3.005960
500.6636,2026-07-15T13:59:37.999942,0.000000,3.005886
501.1568,2026-07-15T13:59:38.493115,0.000000,3.005906
501.6568,2026-07-15T13:59:38.993110,0.000000,3.005930
502.1564,2026-07-15T13:59:39.492691,0.000000,3.005896
502.6497,2026-07-15T13:59:39.986015,0.000000,3.005982
503.1490,2026-07-15T13:59:40.485283,0.000000,3.005979
503.6716,2026-07-15T13:59:41.007846,0.000000,3.005995
504.1853,2026-07-15T13:59:41.521613,0.000000,3.006037
504.6704,2026-07-15T13:59:42.006698,0.000000,3.006010
505.1607,2026-07-15T13:59:42.496980,0.000000,3.006029
505.6605,2026-07-15T13:59:42.996805,0.000000,3.006054
506.1625,2026-07-15T13:59:43.498828,0.000000,3.005974
506.6128,2026-07-15T13:59:43.949133,0.000000,3.005923
507.0997,2026-07-15T13:59:44.436037,0.000000,3.005928
507.6005,2026-07-15T13:59:44.936741,0.000000,3.005848
508.1007,2026-07-15T13:59:45.436969,0.000000,3.005789
508.6180,2026-07-15T13:59:45.954294,0.000000,3.005824
509.1028,2026-07-15T13:59:46.439124,0.000000,3.005810
509.6061,2026-07-15T13:59:46.942390,0.000000,3.005861
510.1025,2026-07-15T13:59:47.438761,0.000000,3.005840
510.5984,2026-07-15T13:59:47.934657,0.000000,3.005742
511.1031,2026-07-15T13:59:48.439379,0.000000,3.005730
511.6090,2026-07-15T13:59:48.945265,0.000000,3.005765
512.0704,2026-07-15T13:59:49.406648,0.000000,3.005781
512.5650,2026-07-15T13:59:49.901258,0.000000,3.005870
513.0505,2026-07-15T13:59:50.386756,0.000000,3.005930
513.5484,2026-07-15T13:59:50.884717,0.000000,3.005888
514.0369,2026-07-15T13:59:51.373174,0.000000,3.005958
514.4996,2026-07-15T13:59:51.835867,0.000000,3.005930
514.9951,2026-07-15T13:59:52.331392,0.000000,3.006062
515.4969,2026-07-15T13:59:52.833163,0.000000,3.006198
515.9872,2026-07-15T13:59:53.323484,0.000000,3.006350
516.4870,2026-07-15T13:59:53.823329,0.000000,3.006400
516.9814,2026-07-15T13:59:54.317715,0.000000,3.006434
517.4786,2026-07-15T13:59:54.814929,0.000000,3.006402
517.9489,2026-07-15T13:59:55.285152,0.000000,3.006422
518.4227,2026-07-15T13:59:55.759044,0.000000,3.006454
518.9130,2026-07-15T13:59:56.249297,0.000000,3.006411
519.3995,2026-07-15T13:59:56.735750,0.000000,3.006430
519.8962,2026-07-15T13:59:57.232528,0.000000,3.006355
520.3938,2026-07-15T13:59:57.730054,0.000000,3.006254
520.8547,2026-07-15T13:59:58.190972,0.000000,3.006174
521.3499,2026-07-15T13:59:58.686195,0.000000,3.006197
521.8416,2026-07-15T13:59:59.177913,0.000000,3.006117
522.3613,2026-07-15T13:59:59.697632,0.000000,3.006149
522.8453,2026-07-15T14:00:00.181636,0.000000,3.006147
523.3406,2026-07-15T14:00:00.676904,0.000000,3.006094
523.8168,2026-07-15T14:00:01.153100,0.000000,3.006106
524.2854,2026-07-15T14:00:01.621734,0.000000,3.006085
524.7861,2026-07-15T14:00:02.122395,0.000000,3.006114
525.2858,2026-07-15T14:00:02.622112,0.000000,3.006107
525.7836,2026-07-15T14:00:03.119909,0.000000,3.006165
526.2644,2026-07-15T14:00:03.600642,0.000000,3.006162
526.7634,2026-07-15T14:00:04.099696,0.000000,3.006102
527.2873,2026-07-15T14:00:04.623635,0.000000,3.006173
527.7600,2026-07-15T14:00:05.096253,0.000000,3.006179
528.2433,2026-07-15T14:00:05.579541,0.000000,3.006235
528.7501,2026-07-15T14:00:06.086373,0.000000,3.006237
529.2504,2026-07-15T14:00:06.586732,0.000000,3.006211
529.7459,2026-07-15T14:00:07.082183,0.000000,3.006120
530.2376,2026-07-15T14:00:07.573931,0.000000,3.006109
530.7157,2026-07-15T14:00:08.051981,0.000000,3.006002
531.2216,2026-07-15T14:00:08.557863,0.000000,3.005832
531.7040,2026-07-15T14:00:09.040292,0.000000,3.005795
532.2137,2026-07-15T14:00:09.549962,0.000000,3.005691
532.6857,2026-07-15T14:00:10.021998,0.000000,3.005597
533.1903,2026-07-15T14:00:10.526596,0.000000,3.005446
533.6893,2026-07-15T14:00:11.025579,0.000000,3.005376
534.1939,2026-07-15T14:00:11.530174,0.000000,3.005346
534.6926,2026-07-15T14:00:12.028880,0.000000,3.005366
535.2101,2026-07-15T14:00:12.546352,0.000000,3.005360
535.6942,2026-07-15T14:00:13.030538,0.000000,3.005267
536.1988,2026-07-15T14:00:13.535075,0.000000,3.005222
536.6831,2026-07-15T14:00:14.019336,0.000000,3.005152
537.1441,2026-07-15T14:00:14.480345,0.000000,3.005051
537.6123,2026-07-15T14:00:14.948610,0.000000,3.004962
538.1193,2026-07-15T14:00:15.455631,0.000000,3.004930
538.6077,2026-07-15T14:00:15.943976,0.000000,3.004910
539.0955,2026-07-15T14:00:16.431762,0.000000,3.004942
539.5629,2026-07-15T14:00:16.899242,0.000000,3.004824
540.0415,2026-07-15T14:00:17.377774,0.000000,3.004810
540.5353,2026-07-15T14:00:17.871572,0.000000,3.004907
541.0332,2026-07-15T14:00:18.369510,0.000000,3.005062
541.5248,2026-07-15T14:00:18.861047,0.000000,3.005251
542.0238,2026-07-15T14:00:19.360132,0.000000,3.005414
542.5233,2026-07-15T14:00:19.859637,0.000000,3.005523
542.9930,2026-07-15T14:00:20.329332,0.000000,3.005622
543.4721,2026-07-15T14:00:20.808387,0.000000,3.005715
543.9563,2026-07-15T14:00:21.292583,0.000000,3.005758
544.4740,2026-07-15T14:00:21.810262,0.000000,3.005848
544.9650,2026-07-15T14:00:22.301326,0.000000,3.005894
545.4613,2026-07-15T14:00:22.797587,0.000000,3.006024
545.9613,2026-07-15T14:00:23.297612,0.000000,3.006059
546.4467,2026-07-15T14:00:23.783039,0.000000,3.006029
546.9332,2026-07-15T14:00:24.269473,0.000000,3.006034
547.4299,2026-07-15T14:00:24.766214,0.000000,3.006053
547.8833,2026-07-15T14:00:25.219606,0.000000,3.006035
548.3864,2026-07-15T14:00:25.722653,0.000000,3.005987
548.8940,2026-07-15T14:00:26.230309,0.000000,3.005981
549.3730,2026-07-15T14:00:26.709269,0.000000,3.006013
549.8746,2026-07-15T14:00:27.210848,0.000000,3.006072
550.3742,2026-07-15T14:00:27.710475,0.000000,3.005997
550.8359,2026-07-15T14:00:28.172204,0.000000,3.005986
551.3089,2026-07-15T14:00:28.645191,0.000000,3.006045
551.7983,2026-07-15T14:00:29.134629,0.000000,3.006104
552.2984,2026-07-15T14:00:29.634665,0.000000,3.006102
552.7508,2026-07-15T14:00:30.087047,0.000000,3.006178
553.2395,2026-07-15T14:00:30.575824,0.000000,3.006219
553.7384,2026-07-15T14:00:31.074671,0.000000,3.006229
554.2342,2026-07-15T14:00:31.570543,0.000000,3.006229
554.7548,2026-07-15T14:00:32.091058,0.000000,3.006186
555.2477,2026-07-15T14:00:32.583956,0.000000,3.006274
555.7461,2026-07-15T14:00:33.082362,0.000000,3.006277
556.2142,2026-07-15T14:00:33.550480,0.000000,3.006242
556.7157,2026-07-15T14:00:34.051974,0.000000,3.006166
557.2113,2026-07-15T14:00:34.547606,0.000000,3.006139
557.6999,2026-07-15T14:00:35.036168,0.000000,3.006110
558.1743,2026-07-15T14:00:35.510610,0.000000,3.006123
558.6582,2026-07-15T14:00:35.994470,0.000000,3.006218
559.1763,2026-07-15T14:00:36.512616,0.000000,3.006269
559.6814,2026-07-15T14:00:37.017663,0.000000,3.006304
560.1776,2026-07-15T14:00:37.513878,0.000000,3.006262
560.6819,2026-07-15T14:00:38.018196,0.000000,3.006210
561.1748,2026-07-15T14:00:38.511123,0.000000,3.006229
561.6594,2026-07-15T14:00:38.995698,0.000000,3.006210
562.1473,2026-07-15T14:00:39.483614,0.000000,3.006211
562.6151,2026-07-15T14:00:39.951354,0.000000,3.006202
563.1118,2026-07-15T14:00:40.448113,0.000000,3.006182
563.6253,2026-07-15T14:00:40.961613,0.000000,3.006197
564.1312,2026-07-15T14:00:41.467488,0.000000,3.006058
564.6008,2026-07-15T14:00:41.937117,0.000000,3.006021
565.0710,2026-07-15T14:00:42.407258,0.000000,3.005957
565.5739,2026-07-15T14:00:42.910240,0.000000,3.005998
566.0576,2026-07-15T14:00:43.393926,0.000000,3.005989
566.5393,2026-07-15T14:00:43.875618,0.000000,3.005992
566.9948,2026-07-15T14:00:44.331062,0.000000,3.006046
567.4524,2026-07-15T14:00:44.788661,0.000000,3.006034
567.9078,2026-07-15T14:00:45.244096,0.000000,3.005990
568.3529,2026-07-15T14:00:45.689218,0.000000,3.005978
568.8279,2026-07-15T14:00:46.164220,0.000000,3.005942
569.2842,2026-07-15T14:00:46.620468,0.000000,3.005955
569.7428,2026-07-15T14:00:47.079092,0.000000,3.005896
570.2044,2026-07-15T14:00:47.540726,0.000000,3.006014
570.6792,2026-07-15T14:00:48.015530,0.000000,3.005987
571.1494,2026-07-15T14:00:48.485667,0.000000,3.005995
571.6293,2026-07-15T14:00:48.965545,0.000000,3.006038
572.0826,2026-07-15T14:00:49.418887,0.000000,3.006000
572.5527,2026-07-15T14:00:49.889011,0.000000,3.006058
573.0201,2026-07-15T14:00:50.356343,0.000000,3.006142
573.5231,2026-07-15T14:00:50.859443,0.000000,3.006192
573.9871,2026-07-15T14:00:51.323412,0.000000,3.006216
574.4535,2026-07-15T14:00:51.789768,0.000000,3.006261
574.9202,2026-07-15T14:00:52.256538,0.000000,3.006293
575.3843,2026-07-15T14:00:52.720557,0.000000,3.006262
575.8587,2026-07-15T14:00:53.194965,0.000000,3.006274
576.3316,2026-07-15T14:00:53.667900,0.000000,3.006234
576.8192,2026-07-15T14:00:54.155463,0.000000,3.006206
577.2857,2026-07-15T14:00:54.622025,0.000000,3.006110
577.7515,2026-07-15T14:00:55.087806,0.000000,3.006064
578.2272,2026-07-15T14:00:55.563458,0.000000,3.005933
578.7283,2026-07-15T14:00:56.064549,0.000000,3.005890
579.2053,2026-07-15T14:00:56.541611,0.000000,3.005962
579.7073,2026-07-15T14:00:57.043567,0.000000,3.005963
580.1967,2026-07-15T14:00:57.533023,0.000000,3.006002
580.7201,2026-07-15T14:00:58.056386,0.000000,3.005992
581.2095,2026-07-15T14:00:58.545794,0.000000,3.006062
581.7071,2026-07-15T14:00:59.043375,0.000000,3.006093
582.2070,2026-07-15T14:00:59.543311,0.000000,3.006082
582.7145,2026-07-15T14:01:00.050815,0.000000,3.006086
583.2088,2026-07-15T14:01:00.545109,0.000000,3.006152
583.7152,2026-07-15T14:01:01.051501,0.000000,3.006210
584.2485,2026-07-15T14:01:01.584844,0.000000,3.006269
584.7215,2026-07-15T14:01:02.057740,0.000000,3.006288
585.2155,2026-07-15T14:01:02.551824,0.000000,3.006301
585.7201,2026-07-15T14:01:03.056399,0.000000,3.006363
586.2171,2026-07-15T14:01:03.553375,0.000000,3.006306
586.7085,2026-07-15T14:01:04.044800,0.000000,3.006307
587.2196,2026-07-15T14:01:04.555900,0.000000,3.006398
587.7277,2026-07-15T14:01:05.063992,0.000000,3.006454
588.2200,2026-07-15T14:01:05.556303,0.000000,3.006443
588.7211,2026-07-15T14:01:06.057412,0.000000,3.006402
589.2154,2026-07-15T14:01:06.551669,0.000000,3.006270
589.7198,2026-07-15T14:01:07.056066,0.000000,3.006270
590.2058,2026-07-15T14:01:07.542099,0.000000,3.006232
590.7309,2026-07-15T14:01:08.067223,0.000000,3.006181
591.2240,2026-07-15T14:01:08.560322,0.000000,3.006213
591.6837,2026-07-15T14:01:09.019980,0.000000,3.006253
592.1583,2026-07-15T14:01:09.494570,0.000000,3.006221
592.6522,2026-07-15T14:01:09.988550,0.000000,3.006158
593.1403,2026-07-15T14:01:10.476597,0.000000,3.006226
593.6438,2026-07-15T14:01:10.980060,0.000000,3.006211
594.1382,2026-07-15T14:01:11.474457,0.000000,3.006186
594.6254,2026-07-15T14:01:11.961709,0.000000,3.006181
595.1277,2026-07-15T14:01:12.464040,0.000000,3.006165
595.6509,2026-07-15T14:01:12.987181,0.000000,3.006154
596.1504,2026-07-15T14:01:13.486691,0.000000,3.006181
596.6281,2026-07-15T14:01:13.964381,0.000000,3.006091
597.1342,2026-07-15T14:01:14.470488,0.000000,3.006022
597.6361,2026-07-15T14:01:14.972438,0.000000,3.006064
598.1267,2026-07-15T14:01:15.462947,0.000000,3.006064
598.6238,2026-07-15T14:01:15.960099,0.000000,3.006173
599.1166,2026-07-15T14:01:16.452887,0.000000,3.006310
599.6195,2026-07-15T14:01:16.955816,0.000000,3.006246
600.1153,2026-07-15T14:01:17.451604,0.000000,3.006293
600.6153,2026-07-15T14:01:17.951559,0.000000,3.006328
601.1155,2026-07-15T14:01:18.451780,0.000000,3.006235
601.6079,2026-07-15T14:01:18.944182,0.000000,3.006285
602.1001,2026-07-15T14:01:19.436423,0.000000,3.006346
602.5720,2026-07-15T14:01:19.908272,0.000000,3.006394
603.0664,2026-07-15T14:01:20.402700,0.000000,3.006410
603.5684,2026-07-15T14:01:20.904655,0.000000,3.006341
604.0886,2026-07-15T14:01:21.424942,0.000000,3.006350
604.5769,2026-07-15T14:01:21.913217,0.000000,3.006408
605.0740,2026-07-15T14:01:22.410271,0.000000,3.006379
605.5692,2026-07-15T14:01:22.905531,0.000000,3.006381
606.0803,2026-07-15T14:01:23.416636,0.000000,3.006458
606.5811,2026-07-15T14:01:23.917438,0.000000,3.006437
607.0826,2026-07-15T14:01:24.418856,0.000000,3.006426
607.5833,2026-07-15T14:01:24.919551,0.000000,3.006403
608.0784,2026-07-15T14:01:25.414725,0.000000,3.006318
608.5755,2026-07-15T14:01:25.911837,0.000000,3.006232
609.0715,2026-07-15T14:01:26.407779,0.000000,3.006096
609.5859,2026-07-15T14:01:26.922227,0.000000,3.006067
610.0495,2026-07-15T14:01:27.385827,0.000000,3.006062
610.5485,2026-07-15T14:01:27.884787,0.000000,3.006077
611.0176,2026-07-15T14:01:28.353861,0.000000,3.006101
611.5179,2026-07-15T14:01:28.854210,0.000000,3.006118
612.0154,2026-07-15T14:01:29.351673,0.000000,3.006058
612.5195,2026-07-15T14:01:29.855818,0.000000,3.006038
613.0031,2026-07-15T14:01:30.339425,0.000000,3.006022
613.5035,2026-07-15T14:01:30.839769,0.000000,3.006058
614.0237,2026-07-15T14:01:31.360011,0.000000,3.006114
614.5248,2026-07-15T14:01:31.861123,0.000000,3.006066
615.0141,2026-07-15T14:01:32.350435,0.000000,3.005970
615.5207,2026-07-15T14:01:32.857018,0.000000,3.005858
616.0237,2026-07-15T14:01:33.359940,0.000000,3.005709
616.5047,2026-07-15T14:01:33.841020,0.000000,3.005597
616.9824,2026-07-15T14:01:34.318735,0.000000,3.005504
617.4839,2026-07-15T14:01:34.820232,0.000000,3.005378
617.9954,2026-07-15T14:01:35.331691,0.000000,3.005413
618.4922,2026-07-15T14:01:35.828477,0.000000,3.005382
618.9885,2026-07-15T14:01:36.324765,0.000000,3.005288
619.4849,2026-07-15T14:01:36.821185,0.000000,3.005267
619.9493,2026-07-15T14:01:37.285614,0.000000,3.005413
620.4251,2026-07-15T14:01:37.761370,0.000000,3.005541
620.9223,2026-07-15T14:01:38.258599,0.000000,3.005677
621.4166,2026-07-15T14:01:38.752938,0.000000,3.005829
621.9155,2026-07-15T14:01:39.251764,0.000000,3.005979
622.4088,2026-07-15T14:01:39.745116,0.000000,3.006187
622.9451,2026-07-15T14:01:40.281385,0.000000,3.006266
623.4312,2026-07-15T14:01:40.767460,0.000000,3.006437
623.9117,2026-07-15T14:01:41.247963,0.000000,3.006578
624.4087,2026-07-15T14:01:41.745042,0.000000,3.006694
624.9115,2026-07-15T14:01:42.247801,0.000000,3.006698
625.4091,2026-07-15T14:01:42.745368,0.000000,3.006589
625.9036,2026-07-15T14:01:43.239896,0.000000,3.006541
626.3696,2026-07-15T14:01:43.705903,0.000000,3.006496
626.8671,2026-07-15T14:01:44.203386,0.000000,3.006536
627.3905,2026-07-15T14:01:44.726816,0.000000,3.006509
627.8774,2026-07-15T14:01:45.213721,0.000000,3.006510
628.3714,2026-07-15T14:01:45.707636,0.000000,3.006477
628.8698,2026-07-15T14:01:46.206088,0.000000,3.006518
629.3332,2026-07-15T14:01:46.669479,0.000000,3.006498
629.8363,2026-07-15T14:01:47.172630,0.000000,3.006502
630.3384,2026-07-15T14:01:47.674699,0.000000,3.006630
630.8137,2026-07-15T14:01:48.150044,0.000000,3.006712
631.2904,2026-07-15T14:01:48.626735,0.000000,3.006771
631.7823,2026-07-15T14:01:49.118610,0.000000,3.006776
632.2587,2026-07-15T14:01:49.595025,0.000000,3.006813
632.7565,2026-07-15T14:01:50.092755,0.000000,3.006742
633.2553,2026-07-15T14:01:50.591596,0.000000,3.006669
633.7320,2026-07-15T14:01:51.068290,0.000000,3.006664
634.2322,2026-07-15T14:01:51.568477,0.000000,3.006680
634.7255,2026-07-15T14:01:52.061803,0.000000,3.006669
635.2192,2026-07-15T14:01:52.555477,0.000000,3.006651
635.7239,2026-07-15T14:01:53.060185,0.000000,3.006518
636.2213,2026-07-15T14:01:53.557567,0.000000,3.006499
636.7057,2026-07-15T14:01:54.041946,0.000000,3.006456
637.2035,2026-07-15T14:01:54.539786,0.000000,3.006405
637.7030,2026-07-15T14:01:55.039318,0.000000,3.006421
638.2080,2026-07-15T14:01:55.544299,0.000000,3.006360
638.7128,2026-07-15T14:01:56.049082,0.000000,3.006206
639.2164,2026-07-15T14:01:56.552652,0.000000,3.006115
639.7259,2026-07-15T14:01:57.062173,0.000000,3.006040
640.2158,2026-07-15T14:01:57.552069,0.000000,3.006043
640.6991,2026-07-15T14:01:58.035377,0.000000,3.006072
641.1910,2026-07-15T14:01:58.527316,0.000000,3.006021
641.6909,2026-07-15T14:01:59.027158,0.000000,3.006136
642.1543,2026-07-15T14:01:59.490584,0.000000,3.006115
642.6435,2026-07-15T14:01:59.979758,0.000000,3.006198
643.1449,2026-07-15T14:02:00.481152,0.000000,3.006299
643.6454,2026-07-15T14:02:00.981683,0.000000,3.006443
644.1674,2026-07-15T14:02:01.503714,0.000000,3.006498
644.6476,2026-07-15T14:02:01.983915,0.000000,3.006568
645.1388,2026-07-15T14:02:02.475131,0.000000,3.006552
645.6457,2026-07-15T14:02:02.982036,0.000000,3.006629
646.1364,2026-07-15T14:02:03.472666,0.000000,3.006763
646.6305,2026-07-15T14:02:03.966764,0.000000,3.006755
647.1230,2026-07-15T14:02:04.459285,0.000000,3.006805
647.6055,2026-07-15T14:02:04.941776,0.000000,3.006816
648.0798,2026-07-15T14:02:05.416116,0.000000,3.006755
648.6122,2026-07-15T14:02:05.948535,0.000000,3.006725
649.0926,2026-07-15T14:02:06.428850,0.000000,3.006714
649.5652,2026-07-15T14:02:06.901479,0.000000,3.006715
650.0393,2026-07-15T14:02:07.375569,0.000000,3.006766
650.5462,2026-07-15T14:02:07.882457,0.000000,3.006731
651.0428,2026-07-15T14:02:08.379066,0.000000,3.006621
651.5416,2026-07-15T14:02:08.877900,0.000000,3.006576
652.0454,2026-07-15T14:02:09.381720,0.000000,3.006563
652.5637,2026-07-15T14:02:09.900025,0.000000,3.006555
653.0490,2026-07-15T14:02:10.385292,0.000000,3.006594
653.5449,2026-07-15T14:02:10.881221,0.000000,3.006610
654.0510,2026-07-15T14:02:11.387326,0.000000,3.006691
654.5425,2026-07-15T14:02:11.878777,0.000000,3.006704
655.0224,2026-07-15T14:02:12.358637,0.000000,3.006688
655.5124,2026-07-15T14:02:12.848660,0.000000,3.006645
656.0031,2026-07-15T14:02:13.339394,0.000000,3.006586
656.5328,2026-07-15T14:02:13.869091,0.000000,3.006490
656.9964,2026-07-15T14:02:14.332680,0.000000,3.006440
657.4842,2026-07-15T14:02:14.820475,0.000000,3.006330
657.9817,2026-07-15T14:02:15.317949,0.000000,3.006358
658.4661,2026-07-15T14:02:15.802355,0.000000,3.006331
658.9718,2026-07-15T14:02:16.308100,0.000000,3.006286
659.4543,2026-07-15T14:02:16.790549,0.000000,3.006274
659.9488,2026-07-15T14:02:17.285127,0.000000,3.006230
660.4053,2026-07-15T14:02:17.741572,0.000000,3.006288
660.9095,2026-07-15T14:02:18.245831,0.000000,3.006378
661.3629,2026-07-15T14:02:18.699204,0.000000,3.006520
661.8254,2026-07-15T14:02:19.161718,0.000000,3.006597
662.2837,2026-07-15T14:02:19.620008,0.000000,3.006694
662.7827,2026-07-15T14:02:20.119028,0.000000,3.006742
663.2503,2026-07-15T14:02:20.586637,0.000000,3.006750
663.7375,2026-07-15T14:02:21.073808,0.000000,3.006792
664.1984,2026-07-15T14:02:21.534656,0.000000,3.006784
664.6882,2026-07-15T14:02:22.024469,0.000000,3.006776
665.1947,2026-07-15T14:02:22.530953,0.000000,3.006686
665.6839,2026-07-15T14:02:23.020186,0.000000,3.006605
666.1362,2026-07-15T14:02:23.472524,0.000000,3.006494
666.6027,2026-07-15T14:02:23.938951,0.000000,3.006350
667.0957,2026-07-15T14:02:24.432035,0.000000,3.006250
667.5528,2026-07-15T14:02:24.889119,0.000000,3.006186
668.0257,2026-07-15T14:02:25.362038,0.000000,3.006054
668.4945,2026-07-15T14:02:25.830751,0.000000,3.006064
668.9569,2026-07-15T14:02:26.293192,0.000000,3.006016
669.4143,2026-07-15T14:02:26.750606,0.000000,3.006027
669.8662,2026-07-15T14:02:27.202466,0.000000,3.006024
670.3532,2026-07-15T14:02:27.689465,0.000000,3.006176
670.8257,2026-07-15T14:02:28.162017,0.000000,3.006184
671.2834,2026-07-15T14:02:28.619696,0.000000,3.006243
671.7400,2026-07-15T14:02:29.076302,0.000000,3.006269
672.2433,2026-07-15T14:02:29.579580,0.000000,3.006374
672.6977,2026-07-15T14:02:30.033989,0.000000,3.006443
673.1486,2026-07-15T14:02:30.484912,0.000000,3.006501
673.6058,2026-07-15T14:02:30.942111,0.000000,3.006490
674.1069,2026-07-15T14:02:31.443177,0.000000,3.006526
674.5653,2026-07-15T14:02:31.901605,0.000000,3.006531
675.0262,2026-07-15T14:02:32.362459,0.000000,3.006530
675.5198,2026-07-15T14:02:32.856091,0.000000,3.006413
676.0197,2026-07-15T14:02:33.356032,0.000000,3.006446
676.4982,2026-07-15T14:02:33.834538,0.000000,3.006411
677.0018,2026-07-15T14:02:34.338043,0.000000,3.006395
677.4742,2026-07-15T14:02:34.810485,0.000000,3.006275
677.9475,2026-07-15T14:02:35.283829,0.000000,3.006181
678.4113,2026-07-15T14:02:35.747627,0.000000,3.006107
678.8742,2026-07-15T14:02:36.210522,0.000000,3.006082
679.3677,2026-07-15T14:02:36.704025,0.000000,3.006090
679.8436,2026-07-15T14:02:37.179879,0.000000,3.006069
680.3423,2026-07-15T14:02:37.678566,0.000000,3.006058
680.8065,2026-07-15T14:02:38.142779,0.000000,3.006110
681.2561,2026-07-15T14:02:38.592438,0.000000,3.006189
681.7174,2026-07-15T14:02:39.053704,0.000000,3.006248
682.1754,2026-07-15T14:02:39.511653,0.000000,3.006290
682.6423,2026-07-15T14:02:39.978555,0.000000,3.006408
683.1325,2026-07-15T14:02:40.468825,0.000000,3.006531
683.5933,2026-07-15T14:02:40.929612,0.000000,3.006563
684.0475,2026-07-15T14:02:41.383741,0.000000,3.006586
684.5390,2026-07-15T14:02:41.875325,0.000000,3.006642
685.0188,2026-07-15T14:02:42.355142,0.000000,3.006701
685.4759,2026-07-15T14:02:42.812232,0.000000,3.006782
685.9648,2026-07-15T14:02:43.301123,0.000000,3.006738
686.4656,2026-07-15T14:02:43.801882,0.000000,3.006730
686.9439,2026-07-15T14:02:44.280159,0.000000,3.006666
687.4238,2026-07-15T14:02:44.760078,0.000000,3.006653
687.8808,2026-07-15T14:02:45.217062,0.000000,3.006637
688.3836,2026-07-15T14:02:45.719882,0.000000,3.006598
688.8812,2026-07-15T14:02:46.217470,0.000000,3.006600
689.3764,2026-07-15T14:02:46.712736,0.000000,3.006472
689.8601,2026-07-15T14:02:47.196440,0.000000,3.006418
690.3871,2026-07-15T14:02:47.723371,0.000000,3.006339
690.8504,2026-07-15T14:02:48.186661,0.000000,3.006248
691.3090,2026-07-15T14:02:48.645304,0.000000,3.006184
691.8009,2026-07-15T14:02:49.137192,0.000000,3.006165
692.2855,2026-07-15T14:02:49.621823,0.000000,3.006165
692.7486,2026-07-15T14:02:50.084899,0.000000,3.006082
693.2362,2026-07-15T14:02:50.572486,0.000000,3.006112
693.7288,2026-07-15T14:02:51.065043,0.000000,3.006051
694.1804,2026-07-15T14:02:51.516669,0.000000,3.006066
694.6846,2026-07-15T14:02:52.020861,0.000000,3.006029
695.1687,2026-07-15T14:02:52.504983,0.000000,3.006019
695.6427,2026-07-15T14:02:52.978983,0.000000,3.006078
696.1356,2026-07-15T14:02:53.471853,0.000000,3.006078
696.6076,2026-07-15T14:02:53.943879,0.000000,3.006186
697.0991,2026-07-15T14:02:54.435415,0.000000,3.006173
697.5926,2026-07-15T14:02:54.928881,0.000000,3.006274
698.0843,2026-07-15T14:02:55.420550,0.000000,3.006376
698.5557,2026-07-15T14:02:55.891987,0.000000,3.006440
699.0502,2026-07-15T14:02:56.386474,0.000000,3.006517
699.5058,2026-07-15T14:02:56.842126,0.000000,3.006622
700.0114,2026-07-15T14:02:57.347699,0.000000,3.006702
700.4762,2026-07-15T14:02:57.812456,0.000000,3.006749
700.9579,2026-07-15T14:02:58.294185,0.000000,3.006803
701.4167,2026-07-15T14:02:58.753036,0.000000,3.006808
701.9161,2026-07-15T14:02:59.252393,0.000000,3.006800
702.4051,2026-07-15T14:02:59.741411,0.000000,3.006832
702.9327,2026-07-15T14:03:00.269024,0.000000,3.006781
703.4057,2026-07-15T14:03:00.741961,0.000000,3.006789
703.8643,2026-07-15T14:03:01.200589,0.000000,3.006781
704.3469,2026-07-15T14:03:01.683157,0.000000,3.006797
704.8331,2026-07-15T14:03:02.169385,0.000000,3.006814
705.3339,2026-07-15T14:03:02.670218,0.000000,3.006773
705.7923,2026-07-15T14:03:03.128629,0.000000,3.006784
706.2505,2026-07-15T14:03:03.586838,0.000000,3.006770
706.7092,2026-07-15T14:03:04.045463,0.000000,3.006755
707.2014,2026-07-15T14:03:04.537696,0.000000,3.006678
707.6668,2026-07-15T14:03:05.003123,0.000000,3.006602
708.1446,2026-07-15T14:03:05.480848,0.000000,3.006558
708.6007,2026-07-15T14:03:05.936986,0.000000,3.006557
709.0558,2026-07-15T14:03:06.392139,0.000000,3.006501
709.5259,2026-07-15T14:03:06.862168,0.000000,3.006490
710.0264,2026-07-15T14:03:07.362730,0.000000,3.006406
710.4988,2026-07-15T14:03:07.835067,0.000000,3.006442
710.9745,2026-07-15T14:03:08.310769,0.000000,3.006387
711.4227,2026-07-15T14:03:08.758971,0.000000,3.006344
711.8835,2026-07-15T14:03:09.219768,0.000000,3.006309
712.3678,2026-07-15T14:03:09.704100,0.000000,3.006309
712.8432,2026-07-15T14:03:10.179456,0.000000,3.006322
713.3276,2026-07-15T14:03:10.663857,0.000000,3.006306
713.7765,2026-07-15T14:03:11.112790,0.000000,3.006349
714.2277,2026-07-15T14:03:11.563952,0.000000,3.006344
714.6875,2026-07-15T14:03:12.023767,0.000000,3.006362
715.1686,2026-07-15T14:03:12.504882,0.000000,3.006387
715.6266,2026-07-15T14:03:12.962882,0.000000,3.006320
716.1165,2026-07-15T14:03:13.452745,0.000000,3.006258
716.5683,2026-07-15T14:03:13.904613,0.000000,3.006221
717.0348,2026-07-15T14:03:14.371076,0.000000,3.006205
717.5238,2026-07-15T14:03:14.860124,0.000000,3.006152
718.0190,2026-07-15T14:03:15.355330,0.000000,3.006110
718.4993,2026-07-15T14:03:15.835628,0.000000,3.006058
718.9556,2026-07-15T14:03:16.291905,0.000000,3.006000
719.4368,2026-07-15T14:03:16.773101,0.000000,3.005917
719.8974,2026-07-15T14:03:17.233711,0.000000,3.005870
720.3574,2026-07-15T14:03:17.693674,0.000000,3.005933
720.8154,2026-07-15T14:03:18.151720,0.000000,3.005901
721.2666,2026-07-15T14:03:18.602886,0.000000,3.005904
721.7260,2026-07-15T14:03:19.062321,0.000000,3.005922
722.2009,2026-07-15T14:03:19.537197,0.000000,3.006014
722.6664,2026-07-15T14:03:20.002714,0.000000,3.006056
723.1678,2026-07-15T14:03:20.504081,0.000000,3.006059
723.6256,2026-07-15T14:03:20.961893,0.000000,3.006070
724.1183,2026-07-15T14:03:21.454566,0.000000,3.006064
724.5674,2026-07-15T14:03:21.903701,0.000000,3.006152
725.0512,2026-07-15T14:03:22.387476,0.000000,3.006147
725.5472,2026-07-15T14:03:22.883481,0.000000,3.006214
726.0308,2026-07-15T14:03:23.367102,0.000000,3.006266
726.5509,2026-07-15T14:03:23.887167,0.000000,3.006350
727.0471,2026-07-15T14:03:24.383356,0.000000,3.006352
727.5074,2026-07-15T14:03:24.843668,0.000000,3.006317
727.9901,2026-07-15T14:03:25.326438,0.000000,3.006379
728.4565,2026-07-15T14:03:25.792785,0.000000,3.006482
728.9303,2026-07-15T14:03:26.266599,0.000000,3.006467
729.3920,2026-07-15T14:03:26.728281,0.000000,3.006469
729.8351,2026-07-15T14:03:27.171352,0.000000,3.006448
730.3016,2026-07-15T14:03:27.637936,0.000000,3.006453
730.7585,2026-07-15T14:03:28.094744,0.000000,3.006462
731.2149,2026-07-15T14:03:28.551208,0.000000,3.006498
731.6667,2026-07-15T14:03:29.003010,0.000000,3.006458
732.1393,2026-07-15T14:03:29.475569,0.000000,3.006400
732.6415,2026-07-15T14:03:29.977763,0.000000,3.006424
733.0975,2026-07-15T14:03:30.433800,0.000000,3.006344
733.5734,2026-07-15T14:03:30.909650,0.000000,3.006258
734.0686,2026-07-15T14:03:31.404912,0.000000,3.006266
734.5714,2026-07-15T14:03:31.907674,0.000000,3.006230
735.0431,2026-07-15T14:03:32.379398,0.000000,3.006197
735.5010,2026-07-15T14:03:32.837278,0.000000,3.006162
736.0013,2026-07-15T14:03:33.337639,0.000000,3.006157
736.4623,2026-07-15T14:03:33.798586,0.000000,3.006179
736.9480,2026-07-15T14:03:34.284340,0.000000,3.006282
737.4642,2026-07-15T14:03:34.800526,0.000000,3.006282
737.9605,2026-07-15T14:03:35.296783,0.000000,3.006358
738.4175,2026-07-15T14:03:35.753760,0.000000,3.006370
738.8757,2026-07-15T14:03:36.212021,0.000000,3.006392
739.3334,2026-07-15T14:03:36.669679,0.000000,3.006392
739.8262,2026-07-15T14:03:37.162464,0.000000,3.006403
740.3013,2026-07-15T14:03:37.637624,0.000000,3.006467
740.8034,2026-07-15T14:03:38.139642,0.000000,3.006501
741.2567,2026-07-15T14:03:38.592964,0.000000,3.006544
741.7080,2026-07-15T14:03:39.044332,0.000000,3.006608
742.2068,2026-07-15T14:03:39.543098,0.000000,3.006619
742.6770,2026-07-15T14:03:40.013333,0.000000,3.006704
743.1699,2026-07-15T14:03:40.506219,0.000000,3.006747
743.6271,2026-07-15T14:03:40.963393,0.000000,3.006832
744.0872,2026-07-15T14:03:41.423477,0.000000,3.006861
744.5455,2026-07-15T14:03:41.881745,0.000000,3.006910
745.0453,2026-07-15T14:03:42.381536,0.000000,3.006970
745.5132,2026-07-15T14:03:42.849467,0.000000,3.007005
745.9769,2026-07-15T14:03:43.313181,0.000000,3.006918
746.4787,2026-07-15T14:03:43.814993,0.000000,3.006867
746.9699,2026-07-15T14:03:44.306169,0.000000,3.006891
747.4277,2026-07-15T14:03:44.764022,0.000000,3.006930
747.8790,2026-07-15T14:03:45.215274,0.000000,3.006939
748.3354,2026-07-15T14:03:45.671734,0.000000,3.006925
748.7872,2026-07-15T14:03:46.123528,0.000000,3.006883
749.2539,2026-07-15T14:03:46.590150,0.000000,3.006878
749.7045,2026-07-15T14:03:47.040839,0.000000,3.006797
750.2052,2026-07-15T14:03:47.541496,0.000000,3.006739
750.7038,2026-07-15T14:03:48.040087,0.000000,3.006635
751.2048,2026-07-15T14:03:48.541044,0.000000,3.006651
751.6549,2026-07-15T14:03:48.991168,0.000000,3.006664
752.1579,2026-07-15T14:03:49.494229,0.000000,3.006654
752.6806,2026-07-15T14:03:50.016888,0.000000,3.006635
753.1887,2026-07-15T14:03:50.525028,0.000000,3.006598
753.6554,2026-07-15T14:03:50.991741,0.000000,3.006600
754.1584,2026-07-15T14:03:51.494710,0.000000,3.006662
754.6461,2026-07-15T14:03:51.982380,0.000000,3.006818
755.1399,2026-07-15T14:03:52.476235,0.000000,3.006939
755.5982,2026-07-15T14:03:52.934517,0.000000,3.007091
756.0667,2026-07-15T14:03:53.403015,0.000000,3.007170
756.5267,2026-07-15T14:03:53.863010,0.000000,3.007150
756.9997,2026-07-15T14:03:54.335990,0.000000,3.007107
757.4935,2026-07-15T14:03:54.829738,0.000000,3.007096
757.9563,2026-07-15T14:03:55.292560,0.000000,3.007131
758.4625,2026-07-15T14:03:55.798751,0.000000,3.007165
758.9475,2026-07-15T14:03:56.283748,0.000000,3.007208
759.4273,2026-07-15T14:03:56.763545,0.000000,3.007150
759.8772,2026-07-15T14:03:57.213538,0.000000,3.007086
760.3651,2026-07-15T14:03:57.701411,0.000000,3.006990
760.8621,2026-07-15T14:03:58.198422,0.000000,3.006842
761.3686,2026-07-15T14:03:58.704871,0.000000,3.006726
761.8629,2026-07-15T14:03:59.199202,0.000000,3.006690
762.3206,2026-07-15T14:03:59.656887,0.000000,3.006651
762.7762,2026-07-15T14:04:00.112486,0.000000,3.006646
763.2303,2026-07-15T14:04:00.566601,0.000000,3.006565
763.7285,2026-07-15T14:04:01.064760,0.000000,3.006467
764.1974,2026-07-15T14:04:01.533712,0.000000,3.006456
764.6745,2026-07-15T14:04:02.010806,0.000000,3.006405
765.1518,2026-07-15T14:04:02.488041,0.000000,3.006368
765.6106,2026-07-15T14:04:02.946870,0.000000,3.006320
766.1052,2026-07-15T14:04:03.441467,0.000000,3.006368
766.5606,2026-07-15T14:04:03.896896,0.000000,3.006390
767.0639,2026-07-15T14:04:04.400206,0.000000,3.006429
767.5596,2026-07-15T14:04:04.895930,0.000000,3.006341
768.0512,2026-07-15T14:04:05.387445,0.000000,3.006304
768.5389,2026-07-15T14:04:05.875195,0.000000,3.006280
769.0300,2026-07-15T14:04:06.366264,0.000000,3.006262
769.5148,2026-07-15T14:04:06.851063,0.000000,3.006291
769.9950,2026-07-15T14:04:07.331330,0.000000,3.006290
770.4892,2026-07-15T14:04:07.825537,0.000000,3.006355
770.9847,2026-07-15T14:04:08.320992,0.000000,3.006346
771.5041,2026-07-15T14:04:08.840380,0.000000,3.006315
771.9517,2026-07-15T14:04:09.287962,0.000000,3.006218
772.4201,2026-07-15T14:04:09.756376,0.000000,3.006246
772.9285,2026-07-15T14:04:10.264776,0.000000,3.006299
773.4048,2026-07-15T14:04:10.741141,0.000000,3.006306
773.8848,2026-07-15T14:04:11.221120,0.000000,3.006307
774.3446,2026-07-15T14:04:11.680891,0.000000,3.006282
774.8266,2026-07-15T14:04:12.162939,0.000000,3.006318
775.3303,2026-07-15T14:04:12.666595,0.000000,3.006392
775.7771,2026-07-15T14:04:13.113375,0.000000,3.006403
776.2770,2026-07-15T14:04:13.613239,0.000000,3.006494
776.7361,2026-07-15T14:04:14.072353,0.000000,3.006576
777.2342,2026-07-15T14:04:14.570539,0.000000,3.006685
777.7165,2026-07-15T14:04:15.052779,0.000000,3.006683
778.2169,2026-07-15T14:04:15.553221,0.000000,3.006762
778.6612,2026-07-15T14:04:15.997520,0.000000,3.006838
779.1456,2026-07-15T14:04:16.481889,0.000000,3.006896
779.6113,2026-07-15T14:04:16.947595,0.000000,3.006904
780.1122,2026-07-15T14:04:17.448539,0.000000,3.006862
780.6267,2026-07-15T14:04:17.963006,0.000000,3.006874
781.0881,2026-07-15T14:04:18.424425,0.000000,3.006850
781.5478,2026-07-15T14:04:18.884135,0.000000,3.006803
782.0560,2026-07-15T14:04:19.392283,0.000000,3.006790
782.5349,2026-07-15T14:04:19.871224,0.000000,3.006800
783.0236,2026-07-15T14:04:20.359847,0.000000,3.006750
783.4889,2026-07-15T14:04:20.825152,0.000000,3.006626
783.9851,2026-07-15T14:04:21.321345,0.000000,3.006560
784.4459,2026-07-15T14:04:21.782166,0.000000,3.006541
784.9079,2026-07-15T14:04:22.244203,0.000000,3.006466
785.4056,2026-07-15T14:04:22.741921,0.000000,3.006502
785.8729,2026-07-15T14:04:23.209147,0.000000,3.006482
786.3289,2026-07-15T14:04:23.665164,0.000000,3.006389
786.7800,2026-07-15T14:04:24.116260,0.000000,3.006326
787.2366,2026-07-15T14:04:24.572865,0.000000,3.006238
787.6940,2026-07-15T14:04:25.030295,0.000000,3.006110
788.1529,2026-07-15T14:04:25.489179,0.000000,3.006053
788.6037,2026-07-15T14:04:25.940039,0.000000,3.006014
789.1087,2026-07-15T14:04:26.445036,0.000000,3.005912
789.5637,2026-07-15T14:04:26.900021,0.000000,3.005926
790.0596,2026-07-15T14:04:27.395852,0.000000,3.005962
790.5503,2026-07-15T14:04:27.886595,0.000000,3.005950
791.0379,2026-07-15T14:04:28.374228,0.000000,3.005989
791.5001,2026-07-15T14:04:28.836343,0.000000,3.006133
792.0042,2026-07-15T14:04:29.340481,0.000000,3.006227
792.4663,2026-07-15T14:04:29.802571,0.000000,3.006352
792.9678,2026-07-15T14:04:30.304099,0.000000,3.006475
793.4661,2026-07-15T14:04:30.802375,0.000000,3.006494
793.9480,2026-07-15T14:04:31.284282,0.000000,3.006598
794.4684,2026-07-15T14:04:31.804670,0.000000,3.006675
794.9690,2026-07-15T14:04:32.305300,0.000000,3.006675
795.4679,2026-07-15T14:04:32.804196,0.000000,3.006643
795.9697,2026-07-15T14:04:33.305949,0.000000,3.006619
796.4268,2026-07-15T14:04:33.763063,0.000000,3.006528
796.8817,2026-07-15T14:04:34.218009,0.000000,3.006462
797.3410,2026-07-15T14:04:34.677280,0.000000,3.006434
797.7900,2026-07-15T14:04:35.126277,0.000000,3.006309
798.2515,2026-07-15T14:04:35.587832,0.000000,3.006283
798.7007,2026-07-15T14:04:36.037000,0.000000,3.006291
799.2042,2026-07-15T14:04:36.540495,0.000000,3.006298
799.6485,2026-07-15T14:04:36.984779,0.000000,3.006310
800.1446,2026-07-15T14:04:37.480860,0.000000,3.006296
800.6002,2026-07-15T14:04:37.936525,0.000000,3.006358
801.0957,2026-07-15T14:04:38.431979,0.000000,3.006430
801.5670,2026-07-15T14:04:38.903268,0.000000,3.006542
802.0629,2026-07-15T14:04:39.399195,0.000000,3.006528
802.5684,2026-07-15T14:04:39.904680,0.000000,3.006547
803.0938,2026-07-15T14:04:40.430116,0.000000,3.006629
803.5704,2026-07-15T14:04:40.906682,0.000000,3.006632
804.0684,2026-07-15T14:04:41.404736,0.000000,3.006656
804.5264,2026-07-15T14:04:41.862718,0.000000,3.006632
805.0249,2026-07-15T14:04:42.361214,0.000000,3.006557
805.4955,2026-07-15T14:04:42.831829,0.000000,3.006563
805.9933,2026-07-15T14:04:43.329634,0.000000,3.006538
806.4895,2026-07-15T14:04:43.825829,0.000000,3.006496
807.0131,2026-07-15T14:04:44.349346,0.000000,3.006488
807.5022,2026-07-15T14:04:44.838480,0.000000,3.006528
807.9571,2026-07-15T14:04:45.293417,0.000000,3.006571
808.4157,2026-07-15T14:04:45.751978,0.000000,3.006576
808.8682,2026-07-15T14:04:46.204507,0.000000,3.006598
809.3601,2026-07-15T14:04:46.696404,0.000000,3.006587
809.8217,2026-07-15T14:04:47.157964,0.000000,3.006610
810.3250,2026-07-15T14:04:47.661256,0.000000,3.006608
810.8202,2026-07-15T14:04:48.156457,0.000000,3.006603
811.3176,2026-07-15T14:04:48.653875,0.000000,3.006594
811.7726,2026-07-15T14:04:49.108840,0.000000,3.006619
812.2683,2026-07-15T14:04:49.604636,0.000000,3.006696
812.7600,2026-07-15T14:04:50.096249,0.000000,3.006686
813.2085,2026-07-15T14:04:50.544765,0.000000,3.006680
813.6676,2026-07-15T14:04:51.003849,0.000000,3.006670
814.1601,2026-07-15T14:04:51.496423,0.000000,3.006602
814.6081,2026-07-15T14:04:51.944389,0.000000,3.006608
815.0991,2026-07-15T14:04:52.435436,0.000000,3.006683
815.5891,2026-07-15T14:04:52.925431,0.000000,3.006746
816.0856,2026-07-15T14:04:53.421928,0.000000,3.006784
816.5910,2026-07-15T14:04:53.927291,0.000000,3.006776
817.0877,2026-07-15T14:04:54.423952,0.000000,3.006742
817.5932,2026-07-15T14:04:54.929454,0.000000,3.006774
818.0848,2026-07-15T14:04:55.421104,0.000000,3.006747
818.5431,2026-07-15T14:04:55.879438,0.000000,3.006744
819.0431,2026-07-15T14:04:56.379433,0.000000,3.006731
819.5389,2026-07-15T14:04:56.875164,0.000000,3.006774
820.0219,2026-07-15T14:04:57.358148,0.000000,3.006768
820.4871,2026-07-15T14:04:57.823410,0.000000,3.006715
820.9799,2026-07-15T14:04:58.316174,0.000000,3.006632
821.4569,2026-07-15T14:04:58.793207,0.000000,3.006643
821.9820,2026-07-15T14:04:59.318245,0.000000,3.006680
822.4792,2026-07-15T14:04:59.815445,0.000000,3.006640
822.9317,2026-07-15T14:05:00.267984,0.000000,3.006632
823.3941,2026-07-15T14:05:00.730422,0.000000,3.006669
823.8600,2026-07-15T14:05:01.196317,0.000000,3.006784
824.3699,2026-07-15T14:05:01.706146,0.000000,3.006834
824.8185,2026-07-15T14:05:02.154782,0.000000,3.006808
825.2736,2026-07-15T14:05:02.609882,0.000000,3.006779
825.7767,2026-07-15T14:05:03.113005,0.000000,3.006813
826.2240,2026-07-15T14:05:03.560281,0.000000,3.006866
826.7248,2026-07-15T14:05:04.061106,0.000000,3.006765
827.2155,2026-07-15T14:05:04.551812,0.000000,3.006709
827.6735,2026-07-15T14:05:05.009783,0.000000,3.006685
828.1697,2026-07-15T14:05:05.506011,0.000000,3.006667
828.6639,2026-07-15T14:05:06.000224,0.000000,3.006589
829.1584,2026-07-15T14:05:06.494735,0.000000,3.006531
829.6153,2026-07-15T14:05:06.951575,0.000000,3.006462
830.0965,2026-07-15T14:05:07.432801,0.000000,3.006435
830.5715,2026-07-15T14:05:07.907743,0.000000,3.006477
831.0602,2026-07-15T14:05:08.396492,0.000000,3.006386
831.5736,2026-07-15T14:05:08.909910,0.000000,3.006390
832.0636,2026-07-15T14:05:09.399938,0.000000,3.006414
832.5453,2026-07-15T14:05:09.881605,0.000000,3.006350
833.0290,2026-07-15T14:05:10.365274,0.000000,3.006323
833.4913,2026-07-15T14:05:10.827559,0.000000,3.006362
833.9771,2026-07-15T14:05:11.313390,0.000000,3.006349
834.4484,2026-07-15T14:05:11.784642,0.000000,3.006347
834.8985,2026-07-15T14:05:12.234756,0.000000,3.006336
835.3489,2026-07-15T14:05:12.685167,0.000000,3.006328
835.8020,2026-07-15T14:05:13.138324,0.000000,3.006323
836.2605,2026-07-15T14:05:13.596793,0.000000,3.006333
836.7356,2026-07-15T14:05:14.071914,0.000000,3.006306
837.2082,2026-07-15T14:05:14.544478,0.000000,3.006381
837.6679,2026-07-15T14:05:15.004190,0.000000,3.006394
838.1290,2026-07-15T14:05:15.465256,0.000000,3.006376
838.5945,2026-07-15T14:05:15.930836,0.000000,3.006352
839.0851,2026-07-15T14:05:16.421398,0.000000,3.006397
839.5820,2026-07-15T14:05:16.918313,0.000000,3.006467
840.1049,2026-07-15T14:05:17.441216,0.000000,3.006563
840.6009,2026-07-15T14:05:17.937226,0.000000,3.006582
841.0642,2026-07-15T14:05:18.400441,0.000000,3.006650
841.5272,2026-07-15T14:05:18.863478,0.000000,3.006683
842.0154,2026-07-15T14:05:19.351647,0.000000,3.006683
842.4707,2026-07-15T14:05:19.807037,0.000000,3.006690
842.9443,2026-07-15T14:05:20.280538,0.000000,3.006736
843.4063,2026-07-15T14:05:20.742586,0.000000,3.006792
843.8526,2026-07-15T14:05:21.188888,0.000000,3.006811
844.3396,2026-07-15T14:05:21.675898,0.000000,3.006806
844.8360,2026-07-15T14:05:22.172284,0.000000,3.006720
845.2950,2026-07-15T14:05:22.631293,0.000000,3.006658
845.7532,2026-07-15T14:05:23.089511,0.000000,3.006670
846.2352,2026-07-15T14:05:23.571533,0.000000,3.006648
846.6996,2026-07-15T14:05:24.035929,0.000000,3.006602
847.1703,2026-07-15T14:05:24.506572,0.000000,3.006584
847.6474,2026-07-15T14:05:24.983720,0.000000,3.006650
848.1441,2026-07-15T14:05:25.480439,0.000000,3.006642
848.6270,2026-07-15T14:05:25.963273,0.000000,3.006608
849.1288,2026-07-15T14:05:26.465092,0.000000,3.006558
849.5830,2026-07-15T14:05:26.919302,0.000000,3.006518
850.0725,2026-07-15T14:05:27.408765,0.000000,3.006594
850.5642,2026-07-15T14:05:27.900514,0.000000,3.006661
851.0609,2026-07-15T14:05:28.397213,0.000000,3.006742
851.5341,2026-07-15T14:05:28.870357,0.000000,3.006890
852.0356,2026-07-15T14:05:29.371867,0.000000,3.007030
852.5003,2026-07-15T14:05:29.836561,0.000000,3.007072
852.9919,2026-07-15T14:05:30.328193,0.000000,3.007059
853.4985,2026-07-15T14:05:30.834753,0.000000,3.007126
853.9959,2026-07-15T14:05:31.332205,0.000000,3.007208
854.4772,2026-07-15T14:05:31.813465,0.000000,3.007234
854.9604,2026-07-15T14:05:32.296717,0.000000,3.007242
855.4593,2026-07-15T14:05:32.795585,0.000000,3.007229
855.9520,2026-07-15T14:05:33.288319,0.000000,3.007166
856.4181,2026-07-15T14:05:33.754435,0.000000,3.007133
856.9189,2026-07-15T14:05:34.255203,0.000000,3.007067
857.3988,2026-07-15T14:05:34.735126,0.000000,3.007120
857.9088,2026-07-15T14:05:35.245073,0.000000,3.007126
858.4086,2026-07-15T14:05:35.744939,0.000000,3.007216
858.8639,2026-07-15T14:05:36.200172,0.000000,3.007235
859.3597,2026-07-15T14:05:36.695956,0.000000,3.007334
859.8606,2026-07-15T14:05:37.196859,0.000000,3.007429
860.3149,2026-07-15T14:05:37.651143,0.000000,3.007517
860.7714,2026-07-15T14:05:38.107643,0.000000,3.007557
861.2529,2026-07-15T14:05:38.589201,0.000000,3.007595
861.7479,2026-07-15T14:05:39.084155,0.000000,3.007573
862.2462,2026-07-15T14:05:39.582468,0.000000,3.007470
862.6975,2026-07-15T14:05:40.033782,0.000000,3.007389
863.1900,2026-07-15T14:05:40.526332,0.000000,3.007354
863.6746,2026-07-15T14:05:41.010917,0.000000,3.007354
864.1671,2026-07-15T14:05:41.503401,0.000000,3.007378
864.6317,2026-07-15T14:05:41.967946,0.000000,3.007286
865.1309,2026-07-15T14:05:42.467230,0.000000,3.007216
865.5865,2026-07-15T14:05:42.922815,0.000000,3.007150
866.0620,2026-07-15T14:05:43.398267,0.000000,3.007102
866.5228,2026-07-15T14:05:43.859117,0.000000,3.007088
866.9982,2026-07-15T14:05:44.334463,0.000000,3.007085
867.4979,2026-07-15T14:05:44.834152,0.000000,3.007056
868.0014,2026-07-15T14:05:45.337672,0.000000,3.007101
868.4609,2026-07-15T14:05:45.797147,0.000000,3.007098
868.9561,2026-07-15T14:05:46.292431,0.000000,3.007090
869.4228,2026-07-15T14:05:46.759102,0.000000,3.007102
869.8708,2026-07-15T14:05:47.207059,0.000000,3.007128
870.3281,2026-07-15T14:05:47.664357,0.000000,3.007131
870.7864,2026-07-15T14:05:48.122705,0.000000,3.007163
871.2726,2026-07-15T14:05:48.608895,0.000000,3.007149
871.7389,2026-07-15T14:05:49.075241,0.000000,3.007093
872.2371,2026-07-15T14:05:49.573400,0.000000,3.007112
872.7001,2026-07-15T14:05:50.036438,0.000000,3.007075
873.1728,2026-07-15T14:05:50.509123,0.000000,3.006971
873.6351,2026-07-15T14:05:50.971438,0.000000,3.006909
874.1189,2026-07-15T14:05:51.455253,0.000000,3.006869
874.5823,2026-07-15T14:05:51.918633,0.000000,3.006800
875.0785,2026-07-15T14:05:52.414797,0.000000,3.006774
875.6023,2026-07-15T14:05:52.938578,0.000000,3.006787
876.0806,2026-07-15T14:05:53.416931,0.000000,3.006768
876.5845,2026-07-15T14:05:53.920763,0.000000,3.006744
877.0774,2026-07-15T14:05:54.413693,0.000000,3.006762
877.5711,2026-07-15T14:05:54.907402,0.000000,3.006837
878.0604,2026-07-15T14:05:55.396667,0.000000,3.006853
878.5516,2026-07-15T14:05:55.887910,0.000000,3.006723
879.0394,2026-07-15T14:05:56.375643,0.000000,3.006717
879.4906,2026-07-15T14:05:56.826878,0.000000,3.006669
879.9429,2026-07-15T14:05:57.279167,0.000000,3.006635
880.4260,2026-07-15T14:05:57.762280,0.000000,3.006536
880.9190,2026-07-15T14:05:58.255321,0.000000,3.006498
881.3795,2026-07-15T14:05:58.715774,0.000000,3.006414
881.8322,2026-07-15T14:05:59.168469,0.000000,3.006371
882.2825,2026-07-15T14:05:59.618768,0.000000,3.006341
882.7324,2026-07-15T14:06:00.068730,0.000000,3.006296
883.1977,2026-07-15T14:06:00.533957,0.000000,3.006275
883.6870,2026-07-15T14:06:01.023330,0.000000,3.006286
884.1428,2026-07-15T14:06:01.479131,0.000000,3.006373
884.6469,2026-07-15T14:06:01.983142,0.000000,3.006403
885.1090,2026-07-15T14:06:02.445315,0.000000,3.006443
885.5768,2026-07-15T14:06:02.913109,0.000000,3.006480
886.0593,2026-07-15T14:06:03.395610,0.000000,3.006536
886.5074,2026-07-15T14:06:03.843674,0.000000,3.006632
886.9855,2026-07-15T14:06:04.321756,0.000000,3.006715
887.4413,2026-07-15T14:06:04.777639,0.000000,3.006739
887.9383,2026-07-15T14:06:05.274579,0.000000,3.006786
888.3934,2026-07-15T14:06:05.729716,0.000000,3.006846
888.8675,2026-07-15T14:06:06.203812,0.000000,3.006842
889.3162,2026-07-15T14:06:06.652501,0.000000,3.006765
889.7687,2026-07-15T14:06:07.104960,0.000000,3.006835
890.2344,2026-07-15T14:06:07.570734,0.000000,3.006901
890.7229,2026-07-15T14:06:08.059175,0.000000,3.006928
891.2219,2026-07-15T14:06:08.558170,0.000000,3.006918
891.6744,2026-07-15T14:06:09.010683,0.000000,3.006840
892.1782,2026-07-15T14:06:09.514455,0.000000,3.006784
892.6352,2026-07-15T14:06:09.971450,0.000000,3.006714
893.1150,2026-07-15T14:06:10.451329,0.000000,3.006669
893.5658,2026-07-15T14:06:10.902112,0.000000,3.006653
894.0695,2026-07-15T14:06:11.405807,0.000000,3.006611
894.5616,2026-07-15T14:06:11.897872,0.000000,3.006555
895.0436,2026-07-15T14:06:12.379844,0.000000,3.006486
895.5003,2026-07-15T14:06:12.836543,0.000000,3.006501
895.9988,2026-07-15T14:06:13.335138,0.000000,3.006461
896.4569,2026-07-15T14:06:13.793162,0.000000,3.006498
896.9356,2026-07-15T14:06:14.271903,0.000000,3.006566
897.4304,2026-07-15T14:06:14.766671,0.000000,3.006642
897.8855,2026-07-15T14:06:15.221825,0.000000,3.006718
898.3659,2026-07-15T14:06:15.702237,0.000000,3.006776
898.8185,2026-07-15T14:06:16.154775,0.000000,3.006864
899.2971,2026-07-15T14:06:16.633381,0.000000,3.006976
899.7866,2026-07-15T14:06:17.122918,0.000000,3.007040
900.2490,2026-07-15T14:06:17.585358,0.000000,3.007077
900.7382,2026-07-15T14:06:18.074445,0.000000,3.007130
901.2227,2026-07-15T14:06:18.558968,0.000000,3.007170
901.7402,2026-07-15T14:06:19.076512,0.000000,3.007242
902.2387,2026-07-15T14:06:19.574964,0.000000,3.007266
902.6907,2026-07-15T14:06:20.026970,0.000000,3.007293
903.1683,2026-07-15T14:06:20.504584,0.000000,3.007390
903.6176,2026-07-15T14:06:20.953886,0.000000,3.007411
904.1147,2026-07-15T14:06:21.450977,0.000000,3.007394
904.6076,2026-07-15T14:06:21.943888,0.000000,3.007347
905.0572,2026-07-15T14:06:22.393507,0.000000,3.007322
905.5158,2026-07-15T14:06:22.852080,0.000000,3.007307
906.0136,2026-07-15T14:06:23.349922,0.000000,3.007243
906.4654,2026-07-15T14:06:23.801654,0.000000,3.007181
906.9718,2026-07-15T14:06:24.308076,0.000000,3.007114
907.4336,2026-07-15T14:06:24.769908,0.000000,3.007013
907.8854,2026-07-15T14:06:25.221711,0.000000,3.006997
908.3401,2026-07-15T14:06:25.676403,0.000000,3.006915
908.8165,2026-07-15T14:06:26.152823,0.000000,3.006901
909.3015,2026-07-15T14:06:26.637763,0.000000,3.006955
909.7591,2026-07-15T14:06:27.095353,0.000000,3.006978
910.2549,2026-07-15T14:06:27.591201,0.000000,3.006989
910.7011,2026-07-15T14:06:28.037437,0.000000,3.007002
911.1992,2026-07-15T14:06:28.535458,0.000000,3.007010
911.6946,2026-07-15T14:06:29.030845,0.000000,3.006946
912.1924,2026-07-15T14:06:29.528662,0.000000,3.006995
912.6414,2026-07-15T14:06:29.977678,0.000000,3.006997
913.1065,2026-07-15T14:06:30.442798,0.000000,3.006942
913.5819,2026-07-15T14:06:30.918241,0.000000,3.006952
914.0775,2026-07-15T14:06:31.413832,0.000000,3.006902
914.5523,2026-07-15T14:06:31.888718,0.000000,3.006962
915.0510,2026-07-15T14:06:32.387257,0.000000,3.006978
915.5440,2026-07-15T14:06:32.880321,0.000000,3.006965
916.0442,2026-07-15T14:06:33.380473,0.000000,3.007050
916.4930,2026-07-15T14:06:33.829319,0.000000,3.007117
916.9574,2026-07-15T14:06:34.293714,0.000000,3.007158
917.4175,2026-07-15T14:06:34.753784,0.000000,3.007179
917.9221,2026-07-15T14:06:35.258361,0.000000,3.007256
918.4024,2026-07-15T14:06:35.738663,0.000000,3.007264
918.8693,2026-07-15T14:06:36.205568,0.000000,3.007274
919.3619,2026-07-15T14:06:36.698176,0.000000,3.007232
919.8523,2026-07-15T14:06:37.188557,0.000000,3.007165
920.3081,2026-07-15T14:06:37.644442,0.000000,3.007123
920.7710,2026-07-15T14:06:38.107347,0.000000,3.007101
921.2329,2026-07-15T14:06:38.569231,0.000000,3.007027
921.6908,2026-07-15T14:06:39.027096,0.000000,3.007021
922.1685,2026-07-15T14:06:39.504802,0.000000,3.007002
922.6243,2026-07-15T14:06:39.960546,0.000000,3.006970
923.1203,2026-07-15T14:06:40.456611,0.000000,3.006976
923.5811,2026-07-15T14:06:40.917403,0.000000,3.006898
924.0879,2026-07-15T14:06:41.424210,0.000000,3.006912
924.5407,2026-07-15T14:06:41.876979,0.000000,3.006922
925.0255,2026-07-15T14:06:42.361799,0.000000,3.006958
925.5219,2026-07-15T14:06:42.858235,0.000000,3.007058
926.0527,2026-07-15T14:06:43.388978,0.000000,3.007176
926.4996,2026-07-15T14:06:43.835846,0.000000,3.007259
927.0048,2026-07-15T14:06:44.341126,0.000000,3.007302
927.4534,2026-07-15T14:06:44.789642,0.000000,3.007429
927.9512,2026-07-15T14:06:45.287446,0.000000,3.007483
928.4398,2026-07-15T14:06:45.776048,0.000000,3.007574
928.9206,2026-07-15T14:06:46.256861,0.000000,3.007622
929.3739,2026-07-15T14:06:46.710240,0.000000,3.007645
929.8346,2026-07-15T14:06:47.170882,0.000000,3.007621
930.3274,2026-07-15T14:06:47.663735,0.000000,3.007600
930.7872,2026-07-15T14:06:48.123511,0.000000,3.007635
931.2423,2026-07-15T14:06:48.578601,0.000000,3.007582
931.6997,2026-07-15T14:06:49.035994,0.000000,3.007594
932.1962,2026-07-15T14:06:49.532507,0.000000,3.007602
932.6512,2026-07-15T14:06:49.987532,0.000000,3.007595
933.1447,2026-07-15T14:06:50.480962,0.000000,3.007619
933.6002,2026-07-15T14:06:50.936510,0.000000,3.007637
934.0944,2026-07-15T14:06:51.430697,0.000000,3.007638
934.5601,2026-07-15T14:06:51.896425,0.000000,3.007661
935.0519,2026-07-15T14:06:52.388162,0.000000,3.007704
935.5443,2026-07-15T14:06:52.880611,0.000000,3.007701
936.0256,2026-07-15T14:06:53.361869,0.000000,3.007710
936.4774,2026-07-15T14:06:53.813716,0.000000,3.007718
936.9842,2026-07-15T14:06:54.320497,0.000000,3.007712
937.4414,2026-07-15T14:06:54.777673,0.000000,3.007712
937.9434,2026-07-15T14:06:55.279675,0.000000,3.007722
938.3930,2026-07-15T14:06:55.729315,0.000000,3.007672
938.8419,2026-07-15T14:06:56.178192,0.000000,3.007712
939.2910,2026-07-15T14:06:56.627339,0.000000,3.007710
939.7493,2026-07-15T14:06:57.085554,0.000000,3.007694
940.2208,2026-07-15T14:06:57.557126,0.000000,3.007714
940.6861,2026-07-15T14:06:58.022392,0.000000,3.007686
941.1842,2026-07-15T14:06:58.520499,0.000000,3.007629
941.6490,2026-07-15T14:06:58.985252,0.000000,3.007608
942.1408,2026-07-15T14:06:59.477124,0.000000,3.007584
942.5921,2026-07-15T14:06:59.928416,0.000000,3.007533
943.0948,2026-07-15T14:07:00.431048,0.000000,3.007523
943.5501,2026-07-15T14:07:00.886430,0.000000,3.007557
944.0469,2026-07-15T14:07:01.383139,0.000000,3.007546
944.5274,2026-07-15T14:07:01.863675,0.000000,3.007485
944.9939,2026-07-15T14:07:02.330168,0.000000,3.007453
945.4499,2026-07-15T14:07:02.786226,0.000000,3.007461
945.9290,2026-07-15T14:07:03.265268,0.000000,3.007427
946.3825,2026-07-15T14:07:03.718800,0.000000,3.007477
946.8932,2026-07-15T14:07:04.229496,0.000000,3.007419
947.3919,2026-07-15T14:07:04.728184,0.000000,3.007365
947.8409,2026-07-15T14:07:05.177163,0.000000,3.007325
948.2916,2026-07-15T14:07:05.627847,0.000000,3.007379
948.7511,2026-07-15T14:07:06.087365,0.000000,3.007326
949.2174,2026-07-15T14:07:06.553693,0.000000,3.007376
949.7028,2026-07-15T14:07:07.039112,0.000000,3.007474
950.1693,2026-07-15T14:07:07.505579,0.000000,3.007485
950.6509,2026-07-15T14:07:07.987157,0.000000,3.007520
951.1472,2026-07-15T14:07:08.483532,0.000000,3.007490
951.6167,2026-07-15T14:07:08.953024,0.000000,3.007518
952.1176,2026-07-15T14:07:09.453924,0.000000,3.007506
952.6006,2026-07-15T14:07:09.936922,0.000000,3.007530
953.1094,2026-07-15T14:07:10.445712,0.000000,3.007458
953.5664,2026-07-15T14:07:10.902739,0.000000,3.007336
954.0376,2026-07-15T14:07:11.373933,0.000000,3.007232
954.4995,2026-07-15T14:07:11.835756,0.000000,3.007179
954.9956,2026-07-15T14:07:12.331873,0.000000,3.007117
955.4971,2026-07-15T14:07:12.833434,0.000000,3.007062
955.9595,2026-07-15T14:07:13.295751,0.000000,3.007074
956.4107,2026-07-15T14:07:13.746983,0.000000,3.007056
956.9166,2026-07-15T14:07:14.252886,0.000000,3.007096
957.3753,2026-07-15T14:07:14.711580,0.000000,3.007146
957.8413,2026-07-15T14:07:15.177612,0.000000,3.007155
958.2932,2026-07-15T14:07:15.629464,0.000000,3.007200
958.7875,2026-07-15T14:07:16.123748,0.000000,3.007230
959.2820,2026-07-15T14:07:16.618327,0.000000,3.007322
959.7842,2026-07-15T14:07:17.120466,0.000000,3.007270
960.2414,2026-07-15T14:07:17.577729,0.000000,3.007266
960.7372,2026-07-15T14:07:18.073446,0.000000,3.007360
961.1879,2026-07-15T14:07:18.524170,0.000000,3.007354
961.6873,2026-07-15T14:07:19.023617,0.000000,3.007386
962.1418,2026-07-15T14:07:19.478114,0.000000,3.007424
962.6028,2026-07-15T14:07:19.939104,0.000000,3.007482
963.1044,2026-07-15T14:07:20.440690,0.000000,3.007555
963.5603,2026-07-15T14:07:20.896605,0.000000,3.007579
964.0494,2026-07-15T14:07:21.385677,0.000000,3.007618
964.5057,2026-07-15T14:07:21.842024,0.000000,3.007672
964.9882,2026-07-15T14:07:22.324449,0.000000,3.007694
965.4937,2026-07-15T14:07:22.829966,0.000000,3.007670
965.9910,2026-07-15T14:07:23.327254,0.000000,3.007651
966.4414,2026-07-15T14:07:23.777650,0.000000,3.007629
966.8940,2026-07-15T14:07:24.230240,0.000000,3.007653
967.3414,2026-07-15T14:07:24.677671,0.000000,3.007653
967.8427,2026-07-15T14:07:25.178988,0.000000,3.007629
968.3091,2026-07-15T14:07:25.645350,0.000000,3.007600
968.7662,2026-07-15T14:07:26.102447,0.000000,3.007616
969.2559,2026-07-15T14:07:26.592357,0.000000,3.007566
969.7154,2026-07-15T14:07:27.051715,0.000000,3.007651
970.2135,2026-07-15T14:07:27.549785,0.000000,3.007707
970.6661,2026-07-15T14:07:28.002355,0.000000,3.007758
971.1320,2026-07-15T14:07:28.468308,0.000000,3.007742
971.6267,2026-07-15T14:07:28.962986,0.000000,3.007734
972.0774,2026-07-15T14:07:29.413652,0.000000,3.007709
972.5285,2026-07-15T14:07:29.864803,0.000000,3.007677
973.0141,2026-07-15T14:07:30.350420,0.000000,3.007675
973.4705,2026-07-15T14:07:30.806756,0.000000,3.007680
973.9696,2026-07-15T14:07:31.305865,0.000000,3.007661
974.4695,2026-07-15T14:07:31.805752,0.000000,3.007656
974.9636,2026-07-15T14:07:32.299938,0.000000,3.007579
975.4223,2026-07-15T14:07:32.758588,0.000000,3.007472
975.8713,2026-07-15T14:07:33.207609,0.000000,3.007475
976.3324,2026-07-15T14:07:33.668636,0.000000,3.007430
976.7873,2026-07-15T14:07:34.123624,0.000000,3.007414
977.2739,2026-07-15T14:07:34.610231,0.000000,3.007443
977.7374,2026-07-15T14:07:35.073695,0.000000,3.007462
978.2049,2026-07-15T14:07:35.541225,0.000000,3.007459
978.6743,2026-07-15T14:07:36.010612,0.000000,3.007482
979.1715,2026-07-15T14:07:36.507837,0.000000,3.007501
979.6200,2026-07-15T14:07:36.956277,0.000000,3.007506
980.1036,2026-07-15T14:07:37.439889,0.000000,3.007542
980.5654,2026-07-15T14:07:37.901681,0.000000,3.007603
981.0388,2026-07-15T14:07:38.375070,0.000000,3.007573
981.4952,2026-07-15T14:07:38.831479,0.000000,3.007642
981.9821,2026-07-15T14:07:39.318434,0.000000,3.007618
982.4459,2026-07-15T14:07:39.782194,0.000000,3.007565
982.9406,2026-07-15T14:07:40.276926,0.000000,3.007542
983.4311,2026-07-15T14:07:40.767355,0.000000,3.007477
983.8953,2026-07-15T14:07:41.231544,0.000000,3.007445
984.3736,2026-07-15T14:07:41.709908,0.000000,3.007410
984.8682,2026-07-15T14:07:42.204542,0.000000,3.007435
985.3621,2026-07-15T14:07:42.698364,0.000000,3.007469
985.8278,2026-07-15T14:07:43.164046,0.000000,3.007442
986.2987,2026-07-15T14:07:43.634980,0.000000,3.007453
986.7887,2026-07-15T14:07:44.124942,0.000000,3.007461
987.2369,2026-07-15T14:07:44.573164,0.000000,3.007560
987.7200,2026-07-15T14:07:45.056273,0.000000,3.007573
988.2203,2026-07-15T14:07:45.556544,0.000000,3.007629
988.6834,2026-07-15T14:07:46.019651,0.000000,3.007650
989.1740,2026-07-15T14:07:46.510338,0.000000,3.007661
989.6757,2026-07-15T14:07:47.011972,0.000000,3.007648
990.1929,2026-07-15T14:07:47.529185,0.000000,3.007576
990.6855,2026-07-15T14:07:48.021778,0.000000,3.007542
991.1622,2026-07-15T14:07:48.498484,0.000000,3.007510
991.6222,2026-07-15T14:07:48.958489,0.000000,3.007411
992.1148,2026-07-15T14:07:49.451042,0.000000,3.007328
992.5704,2026-07-15T14:07:49.906645,0.000000,3.007286
993.0512,2026-07-15T14:07:50.387473,0.000000,3.007262
993.5070,2026-07-15T14:07:50.843260,0.000000,3.007280
994.0054,2026-07-15T14:07:51.341704,0.000000,3.007278
994.4618,2026-07-15T14:07:51.798118,0.000000,3.007301
994.9615,2026-07-15T14:07:52.297822,0.000000,3.007358
995.4129,2026-07-15T14:07:52.749224,0.000000,3.007350
995.8888,2026-07-15T14:07:53.225073,0.000000,3.007379
996.3489,2026-07-15T14:07:53.685169,0.000000,3.007429
996.8052,2026-07-15T14:07:54.141494,0.000000,3.007520
997.2635,2026-07-15T14:07:54.599757,0.000000,3.007573
997.7233,2026-07-15T14:07:55.059562,0.000000,3.007603
998.2268,2026-07-15T14:07:55.563054,0.000000,3.007581
998.6925,2026-07-15T14:07:56.028790,0.000000,3.007530
999.1807,2026-07-15T14:07:56.516954,0.000000,3.007526
999.6291,2026-07-15T14:07:56.965407,0.000000,3.007461
1000.1283,2026-07-15T14:07:57.464619,0.000000,3.007427
1000.5808,2026-07-15T14:07:57.917058,0.000000,3.007435
1001.0369,2026-07-15T14:07:58.373220,0.000000,3.007389
1001.5425,2026-07-15T14:07:58.878761,0.000000,3.007378
1002.0238,2026-07-15T14:07:59.360111,0.000000,3.007325
1002.5054,2026-07-15T14:07:59.841714,0.000000,3.007322
1002.9624,2026-07-15T14:08:00.298724,0.000000,3.007320
1003.4185,2026-07-15T14:08:00.754773,0.000000,3.007285
1003.8990,2026-07-15T14:08:01.235298,0.000000,3.007291
1004.3797,2026-07-15T14:08:01.715989,0.000000,3.007251
1004.8756,2026-07-15T14:08:02.211910,0.000000,3.007341
1005.3365,2026-07-15T14:08:02.672780,0.000000,3.007280
1005.7962,2026-07-15T14:08:03.132510,0.000000,3.007296
1006.2569,2026-07-15T14:08:03.593234,0.000000,3.007318
1006.7133,2026-07-15T14:08:04.049554,0.000000,3.007395
1007.2102,2026-07-15T14:08:04.546470,0.000000,3.007392
1007.6646,2026-07-15T14:08:05.000837,0.000000,3.007349
1008.1204,2026-07-15T14:08:05.456735,0.000000,3.007368
1008.5706,2026-07-15T14:08:05.906887,0.000000,3.007386
1009.0830,2026-07-15T14:08:06.419312,0.000000,3.007450
1009.5834,2026-07-15T14:08:06.919685,0.000000,3.007478
1010.0816,2026-07-15T14:08:07.417860,0.000000,3.007544
1010.5327,2026-07-15T14:08:07.869041,0.000000,3.007642
1011.0237,2026-07-15T14:08:08.359994,0.000000,3.007640
1011.4831,2026-07-15T14:08:08.819362,0.000000,3.007602
1011.9786,2026-07-15T14:08:09.314851,0.000000,3.007619
1012.4482,2026-07-15T14:08:09.784540,0.000000,3.007611
1012.9136,2026-07-15T14:08:10.249846,0.000000,3.007600
1013.3707,2026-07-15T14:08:10.707006,0.000000,3.007610
1013.8568,2026-07-15T14:08:11.193121,0.000000,3.007664
1014.3398,2026-07-15T14:08:11.676104,0.000000,3.007618
1014.8039,2026-07-15T14:08:12.140216,0.000000,3.007562
1015.2720,2026-07-15T14:08:12.608252,0.000000,3.007499
1015.7302,2026-07-15T14:08:13.066527,0.000000,3.007498
1016.2077,2026-07-15T14:08:13.544021,0.000000,3.007442
1016.6654,2026-07-15T14:08:14.001676,0.000000,3.007422
1017.1391,2026-07-15T14:08:14.475382,0.000000,3.007347
1017.6017,2026-07-15T14:08:14.937944,0.000000,3.007368
1018.1101,2026-07-15T14:08:15.446414,0.000000,3.007392
1018.5638,2026-07-15T14:08:15.900086,0.000000,3.007387
1019.0656,2026-07-15T14:08:16.401858,0.000000,3.007307
1019.5210,2026-07-15T14:08:16.857270,0.000000,3.007283
1020.0164,2026-07-15T14:08:17.352667,0.000000,3.007240
1020.4958,2026-07-15T14:08:17.832115,0.000000,3.007278
1021.0170,2026-07-15T14:08:18.353335,0.000000,3.007248
1021.4763,2026-07-15T14:08:18.812597,0.000000,3.007154
1021.9843,2026-07-15T14:08:19.320639,0.000000,3.007176
1022.4799,2026-07-15T14:08:19.816206,0.000000,3.007178
1022.9736,2026-07-15T14:08:20.309839,0.000000,3.007149
1023.4300,2026-07-15T14:08:20.766320,0.000000,3.007003
1023.9146,2026-07-15T14:08:21.250889,0.000000,3.006989
1024.4065,2026-07-15T14:08:21.742741,0.000000,3.006998
1024.8887,2026-07-15T14:08:22.224951,0.000000,3.006912
1025.3622,2026-07-15T14:08:22.698533,0.000000,3.006846
1025.8529,2026-07-15T14:08:23.189178,0.000000,3.006830
1026.3502,2026-07-15T14:08:23.686437,0.000000,3.006842
1026.8220,2026-07-15T14:08:24.158270,0.000000,3.006898
1027.3588,2026-07-15T14:08:24.695074,0.000000,3.006904
1027.8517,2026-07-15T14:08:25.188007,0.000000,3.006813
1028.3407,2026-07-15T14:08:25.676952,0.000000,3.006861
1028.8069,2026-07-15T14:08:26.143228,0.000000,3.006779
1029.2537,2026-07-15T14:08:26.590010,0.000000,3.006667
1029.7573,2026-07-15T14:08:27.093613,0.000000,3.006661
1030.2811,2026-07-15T14:08:27.617382,0.000000,3.006675
1030.7653,2026-07-15T14:08:28.101593,0.000000,3.006674
1031.2638,2026-07-15T14:08:28.600066,0.000000,3.006549
1031.7570,2026-07-15T14:08:29.093259,0.000000,3.006522
1032.2510,2026-07-15T14:08:29.587325,0.000000,3.006472
1032.7226,2026-07-15T14:08:30.058895,0.000000,3.006469
1033.1830,2026-07-15T14:08:30.519322,0.000000,3.006395
1033.6722,2026-07-15T14:08:31.008508,0.000000,3.006470
1034.1682,2026-07-15T14:08:31.504525,0.000000,3.006549
1034.6295,2026-07-15T14:08:31.965804,0.000000,3.006584
1035.1261,2026-07-15T14:08:32.462392,0.000000,3.006523
1035.6481,2026-07-15T14:08:32.984398,0.000000,3.006474
1036.1387,2026-07-15T14:08:33.475024,0.000000,3.006528
1036.6429,2026-07-15T14:08:33.979226,0.000000,3.006459
1037.1206,2026-07-15T14:08:34.456940,0.000000,3.006403
1037.6039,2026-07-15T14:08:34.940201,0.000000,3.006328
1038.0970,2026-07-15T14:08:35.433329,0.000000,3.006342
1038.5566,2026-07-15T14:08:35.892881,0.000000,3.006331
1039.0558,2026-07-15T14:08:36.392095,0.000000,3.006208
1039.5284,2026-07-15T14:08:36.864707,0.000000,3.006101
1040.0230,2026-07-15T14:08:37.359337,0.000000,3.006125
1040.5321,2026-07-15T14:08:37.868374,0.000000,3.006043
1041.0258,2026-07-15T14:08:38.362103,0.000000,3.006066
1041.4866,2026-07-15T14:08:38.822894,0.000000,3.006094
1041.9597,2026-07-15T14:08:39.296008,0.000000,3.006109
1042.4557,2026-07-15T14:08:39.791986,0.000000,3.006138
1042.9543,2026-07-15T14:08:40.290615,0.000000,3.006179
1043.4564,2026-07-15T14:08:40.792683,0.000000,3.006170
1043.9571,2026-07-15T14:08:41.293380,0.000000,3.006304
1044.4197,2026-07-15T14:08:41.756035,0.000000,3.006429
1044.8701,2026-07-15T14:08:42.206362,0.000000,3.006563
1045.3700,2026-07-15T14:08:42.706267,0.000000,3.006683
1045.8703,2026-07-15T14:08:43.206629,0.000000,3.006830
1046.3683,2026-07-15T14:08:43.704585,0.000000,3.006890
1046.8507,2026-07-15T14:08:44.187014,0.000000,3.006949
1047.3735,2026-07-15T14:08:44.709750,0.000000,3.006971
1047.8610,2026-07-15T14:08:45.197335,0.000000,3.006957
1048.3536,2026-07-15T14:08:45.689862,0.000000,3.006973
1048.8112,2026-07-15T14:08:46.147536,0.000000,3.006910
1049.3058,2026-07-15T14:08:46.642128,0.000000,3.006866
1049.8071,2026-07-15T14:08:47.143432,0.000000,3.006789
1050.3074,2026-07-15T14:08:47.643672,0.000000,3.006699
1050.7544,2026-07-15T14:08:48.090687,0.000000,3.006590
1051.2350,2026-07-15T14:08:48.571325,0.000000,3.006512
1051.6915,2026-07-15T14:08:49.027771,0.000000,3.006443
1052.1874,2026-07-15T14:08:49.523696,0.000000,3.006442
1052.6333,2026-07-15T14:08:49.969646,0.000000,3.006354
1053.1312,2026-07-15T14:08:50.467458,0.000000,3.006411
1053.6033,2026-07-15T14:08:50.939548,0.000000,3.006426
1054.0586,2026-07-15T14:08:51.394913,0.000000,3.006483
1054.5083,2026-07-15T14:08:51.844633,0.000000,3.006574
1054.9781,2026-07-15T14:08:52.314369,0.000000,3.006565
1055.4439,2026-07-15T14:08:52.780164,0.000000,3.006595
1055.9600,2026-07-15T14:08:53.296332,0.000000,3.006643
1056.4189,2026-07-15T14:08:53.755220,0.000000,3.006726
1056.8699,2026-07-15T14:08:54.206148,0.000000,3.006829
1057.3334,2026-07-15T14:08:54.669733,0.000000,3.006877
1057.7923,2026-07-15T14:08:55.128562,0.000000,3.006928
1058.2557,2026-07-15T14:08:55.592028,0.000000,3.006934
1058.7476,2026-07-15T14:08:56.083941,0.000000,3.006918
1059.2590,2026-07-15T14:08:56.595280,0.000000,3.006947
1059.7622,2026-07-15T14:08:57.098532,0.000000,3.006958
1060.2533,2026-07-15T14:08:57.589589,0.000000,3.006979
1060.7498,2026-07-15T14:08:58.086098,0.000000,3.006990
1061.2452,2026-07-15T14:08:58.581444,0.000000,3.007035
1061.7014,2026-07-15T14:08:59.037664,0.000000,3.006979
1062.2022,2026-07-15T14:08:59.538517,0.000000,3.006987
1062.6603,2026-07-15T14:08:59.996635,0.000000,3.007010
1063.1348,2026-07-15T14:09:00.471056,0.000000,3.007037
1063.6086,2026-07-15T14:09:00.944863,0.000000,3.007074
1064.0981,2026-07-15T14:09:01.434349,0.000000,3.007070
1064.5855,2026-07-15T14:09:01.921750,0.000000,3.007094
1065.0809,2026-07-15T14:09:02.417238,0.000000,3.007117
1065.6154,2026-07-15T14:09:02.951716,0.000000,3.007190
1066.1107,2026-07-15T14:09:03.446943,0.000000,3.007141
1066.6188,2026-07-15T14:09:03.955088,0.000000,3.007170
1067.1121,2026-07-15T14:09:04.448425,0.000000,3.007186
1067.5615,2026-07-15T14:09:04.897796,0.000000,3.007163
1068.0653,2026-07-15T14:09:05.401616,0.000000,3.007150
1068.5267,2026-07-15T14:09:05.863011,0.000000,3.007181
1068.9988,2026-07-15T14:09:06.335057,0.000000,3.007146
1069.4528,2026-07-15T14:09:06.789123,0.000000,3.007078
1069.9431,2026-07-15T14:09:07.279354,0.000000,3.007099
1070.4405,2026-07-15T14:09:07.776745,0.000000,3.007091
1070.9527,2026-07-15T14:09:08.289040,0.000000,3.007093
1071.4428,2026-07-15T14:09:08.779122,0.000000,3.007115
1071.9411,2026-07-15T14:09:09.277410,0.000000,3.007131
1072.4323,2026-07-15T14:09:09.768564,0.000000,3.007174
1072.8873,2026-07-15T14:09:10.223630,0.000000,3.007179
1073.3662,2026-07-15T14:09:10.702528,0.000000,3.007192
1073.8494,2026-07-15T14:09:11.185710,0.000000,3.007277
1074.3407,2026-07-15T14:09:11.677042,0.000000,3.007325
1074.8724,2026-07-15T14:09:12.208733,0.000000,3.007315
1075.3494,2026-07-15T14:09:12.685648,0.000000,3.007330
1075.8058,2026-07-15T14:09:13.142068,0.000000,3.007354
1076.2943,2026-07-15T14:09:13.630567,0.000000,3.007320
1076.7603,2026-07-15T14:09:14.096546,0.000000,3.007338
1077.2160,2026-07-15T14:09:14.552253,0.000000,3.007296
1077.6729,2026-07-15T14:09:15.009171,0.000000,3.007267
1078.1681,2026-07-15T14:09:15.504354,0.000000,3.007285
1078.6569,2026-07-15T14:09:15.993191,0.000000,3.007267
1079.1413,2026-07-15T14:09:16.477635,0.000000,3.007229
1079.6088,2026-07-15T14:09:16.945131,0.000000,3.007174
1080.1112,2026-07-15T14:09:17.447540,0.000000,3.007122
1080.6102,2026-07-15T14:09:17.946493,0.000000,3.007091
1081.1081,2026-07-15T14:09:18.444374,0.000000,3.007101
1081.5926,2026-07-15T14:09:18.928884,0.000000,3.007048
1082.1062,2026-07-15T14:09:19.442480,0.000000,3.007024
1082.5894,2026-07-15T14:09:19.925722,0.000000,3.006974
1083.0889,2026-07-15T14:09:20.425211,0.000000,3.006923
1083.5460,2026-07-15T14:09:20.882290,0.000000,3.006894
1084.0174,2026-07-15T14:09:21.353655,0.000000,3.006872
1084.4808,2026-07-15T14:09:21.817120,0.000000,3.006859
1084.9811,2026-07-15T14:09:22.317346,0.000000,3.006896
1085.4719,2026-07-15T14:09:22.808181,0.000000,3.006878
1085.9410,2026-07-15T14:09:23.277337,0.000000,3.006834
1086.4249,2026-07-15T14:09:23.761154,0.000000,3.006886
1086.9027,2026-07-15T14:09:24.238950,0.000000,3.006926
1087.3949,2026-07-15T14:09:24.731235,0.000000,3.006960
1087.8580,2026-07-15T14:09:25.194273,0.000000,3.006934
1088.3477,2026-07-15T14:09:25.684021,0.000000,3.006952
1088.8438,2026-07-15T14:09:26.180066,0.000000,3.006992
1089.3509,2026-07-15T14:09:26.687197,0.000000,3.006974
1089.8156,2026-07-15T14:09:27.151842,0.000000,3.007029
1090.2721,2026-07-15T14:09:27.608422,0.000000,3.007054
1090.7704,2026-07-15T14:09:28.106715,0.000000,3.007157
1091.2243,2026-07-15T14:09:28.560626,0.000000,3.007200
1091.7010,2026-07-15T14:09:29.037327,0.000000,3.007125
1092.1998,2026-07-15T14:09:29.536069,0.000000,3.007099
1092.7042,2026-07-15T14:09:30.040538,0.000000,3.007141
1093.1661,2026-07-15T14:09:30.502748,0.000000,3.007205
1093.6551,2026-07-15T14:09:30.991432,0.000000,3.007165
1094.1560,2026-07-15T14:09:31.492242,0.000000,3.007195
1094.6125,2026-07-15T14:09:31.948784,0.000000,3.007174
1095.1157,2026-07-15T14:09:32.451936,0.000000,3.007162
1095.5653,2026-07-15T14:09:32.901602,0.000000,3.007139
1096.0331,2026-07-15T14:09:33.369409,0.000000,3.007094
1096.4906,2026-07-15T14:09:33.826874,0.000000,3.007094
1096.9907,2026-07-15T14:09:34.326977,0.000000,3.007147
1097.4469,2026-07-15T14:09:34.783230,0.000000,3.007205
1097.9247,2026-07-15T14:09:35.260990,0.000000,3.007205
1098.3827,2026-07-15T14:09:35.719008,0.000000,3.007158
1098.8747,2026-07-15T14:09:36.210947,0.000000,3.007181
1099.3686,2026-07-15T14:09:36.704845,0.000000,3.007216
1099.9006,2026-07-15T14:09:37.236866,0.000000,3.007234
1100.3844,2026-07-15T14:09:37.720713,0.000000,3.007190
1100.8613,2026-07-15T14:09:38.197573,0.000000,3.007190
1101.3180,2026-07-15T14:09:38.654298,0.000000,3.007261
1101.7760,2026-07-15T14:09:39.112246,0.000000,3.007246
1102.2339,2026-07-15T14:09:39.570238,0.000000,3.007285
1102.6931,2026-07-15T14:09:40.029360,0.000000,3.007323
1103.1467,2026-07-15T14:09:40.483035,0.000000,3.007314
1103.6315,2026-07-15T14:09:40.967817,0.000000,3.007363
1104.1249,2026-07-15T14:09:41.461210,0.000000,3.007341
1104.5760,2026-07-15T14:09:41.912321,0.000000,3.007234
1105.0489,2026-07-15T14:09:42.385211,0.000000,3.007234
1105.5110,2026-07-15T14:09:42.847308,0.000000,3.007245
1105.9945,2026-07-15T14:09:43.330751,0.000000,3.007211
1106.4512,2026-07-15T14:09:43.787524,0.000000,3.007189
1106.9522,2026-07-15T14:09:44.288512,0.000000,3.007182
1107.4037,2026-07-15T14:09:44.739945,0.000000,3.007163
1107.8688,2026-07-15T14:09:45.205060,0.000000,3.007118
1108.3199,2026-07-15T14:09:45.656192,0.000000,3.007080
1108.7884,2026-07-15T14:09:46.124704,0.000000,3.007088
1109.2772,2026-07-15T14:09:46.613537,0.000000,3.007134
1109.7617,2026-07-15T14:09:47.097950,0.000000,3.007187
1110.2586,2026-07-15T14:09:47.594931,0.000000,3.007163
1110.7537,2026-07-15T14:09:48.090004,0.000000,3.007110
1111.2220,2026-07-15T14:09:48.558282,0.000000,3.007107
1111.6877,2026-07-15T14:09:49.023966,0.000000,3.007106
1112.1574,2026-07-15T14:09:49.493738,0.000000,3.007131
1112.6150,2026-07-15T14:09:49.951249,0.000000,3.007085
1113.0898,2026-07-15T14:09:50.426115,0.000000,3.007126
1113.5733,2026-07-15T14:09:50.909630,0.000000,3.007168
1114.0631,2026-07-15T14:09:51.399440,0.000000,3.007158
1114.5203,2026-07-15T14:09:51.856610,0.000000,3.007178
1115.0204,2026-07-15T14:09:52.356670,0.000000,3.007186
1115.5227,2026-07-15T14:09:52.858972,0.000000,3.007251
1115.9990,2026-07-15T14:09:53.335244,0.000000,3.007246
1116.4601,2026-07-15T14:09:53.796359,0.000000,3.007251
1116.9169,2026-07-15T14:09:54.253190,0.000000,3.007205
1117.3785,2026-07-15T14:09:54.714763,0.000000,3.007184
1117.8363,2026-07-15T14:09:55.172624,0.000000,3.007218
1118.3375,2026-07-15T14:09:55.673815,0.000000,3.007245
1118.7934,2026-07-15T14:09:56.129722,0.000000,3.007246
1119.2501,2026-07-15T14:09:56.586396,0.000000,3.007280
1119.7049,2026-07-15T14:09:57.041216,0.000000,3.007288
1120.1938,2026-07-15T14:09:57.530055,0.000000,3.007301
1120.6504,2026-07-15T14:09:57.986717,0.000000,3.007325
1121.1003,2026-07-15T14:09:58.436584,0.000000,3.007333
1121.5672,2026-07-15T14:09:58.903481,0.000000,3.007406
1122.0550,2026-07-15T14:09:59.391328,0.000000,3.007398
1122.5354,2026-07-15T14:09:59.871720,0.000000,3.007390
1122.9919,2026-07-15T14:10:00.328210,0.000000,3.007349
1123.4530,2026-07-15T14:10:00.789245,0.000000,3.007339
1123.9373,2026-07-15T14:10:01.273594,0.000000,3.007344
1124.4288,2026-07-15T14:10:01.765063,0.000000,3.007266
1124.8760,2026-07-15T14:10:02.212335,0.000000,3.007317
1125.3455,2026-07-15T14:10:02.681815,0.000000,3.007290
1125.8163,2026-07-15T14:10:03.152547,0.000000,3.007251
1126.3120,2026-07-15T14:10:03.648277,0.000000,3.007195
1126.8017,2026-07-15T14:10:04.138012,0.000000,3.007150
1127.2607,2026-07-15T14:10:04.596980,0.000000,3.007166
1127.7111,2026-07-15T14:10:05.047406,0.000000,3.007173
1128.1710,2026-07-15T14:10:05.507315,0.000000,3.007138
1128.6298,2026-07-15T14:10:05.966055,0.000000,3.007125
1129.0872,2026-07-15T14:10:06.423532,0.000000,3.007094
1129.5485,2026-07-15T14:10:06.884769,0.000000,3.007032
1130.0291,2026-07-15T14:10:07.365368,0.000000,3.006976
1130.5307,2026-07-15T14:10:07.866984,0.000000,3.006944
1131.0110,2026-07-15T14:10:08.347278,0.000000,3.006912
1131.4774,2026-07-15T14:10:08.813711,0.000000,3.006912
1131.9773,2026-07-15T14:10:09.313546,0.000000,3.006870
1132.4795,2026-07-15T14:10:09.815788,0.000000,3.006749
1133.0014,2026-07-15T14:10:10.337697,0.000000,3.006710
1133.4815,2026-07-15T14:10:10.817785,0.000000,3.006619
1133.9581,2026-07-15T14:10:11.294440,0.000000,3.006581
1134.4536,2026-07-15T14:10:11.789895,0.000000,3.006547
1134.9542,2026-07-15T14:10:12.290469,0.000000,3.006549
1135.4119,2026-07-15T14:10:12.748209,0.000000,3.006520
1135.8673,2026-07-15T14:10:13.203558,0.000000,3.006531
1136.3205,2026-07-15T14:10:13.656805,0.000000,3.006539
1136.8101,2026-07-15T14:10:14.146413,0.000000,3.006565
1137.2616,2026-07-15T14:10:14.597918,0.000000,3.006650
1137.7618,2026-07-15T14:10:15.098060,0.000000,3.006726
1138.2206,2026-07-15T14:10:15.556889,0.000000,3.006886
1138.6756,2026-07-15T14:10:16.011895,0.000000,3.006918
1139.1625,2026-07-15T14:10:16.498808,0.000000,3.006957
1139.6688,2026-07-15T14:10:17.005113,0.000000,3.006992
1140.1689,2026-07-15T14:10:17.505208,0.000000,3.006997
1140.6343,2026-07-15T14:10:17.970618,0.000000,3.007109
1141.1098,2026-07-15T14:10:18.446075,0.000000,3.007154
1141.5708,2026-07-15T14:10:18.907092,0.000000,3.007144
1142.0455,2026-07-15T14:10:19.381774,0.000000,3.007133
1142.5494,2026-07-15T14:10:19.885709,0.000000,3.007090
1143.0259,2026-07-15T14:10:20.362240,0.000000,3.007011
1143.5112,2026-07-15T14:10:20.847498,0.000000,3.006950
1143.9951,2026-07-15T14:10:21.331373,0.000000,3.006974
1144.4532,2026-07-15T14:10:21.789486,0.000000,3.006888
1144.9483,2026-07-15T14:10:22.284548,0.000000,3.006925
1145.4097,2026-07-15T14:10:22.746037,0.000000,3.006778
1145.8772,2026-07-15T14:10:23.213466,0.000000,3.006725
1146.3338,2026-07-15T14:10:23.670095,0.000000,3.006581
1146.8176,2026-07-15T14:10:24.153842,0.000000,3.006448
1147.2699,2026-07-15T14:10:24.606219,0.000000,3.006395
1147.7174,2026-07-15T14:10:25.053730,0.000000,3.006315
1148.2217,2026-07-15T14:10:25.558010,0.000000,3.006270
1148.6706,2026-07-15T14:10:26.006897,0.000000,3.006254
1149.1452,2026-07-15T14:10:26.481536,0.000000,3.006190
1149.5943,2026-07-15T14:10:26.930562,0.000000,3.006170
1150.0896,2026-07-15T14:10:27.425875,0.000000,3.006074
1150.5371,2026-07-15T14:10:27.873383,0.000000,3.006104
1151.0374,2026-07-15T14:10:28.373657,0.000000,3.006184
1151.5357,2026-07-15T14:10:28.872007,0.000000,3.006285
1152.0374,2026-07-15T14:10:29.373707,0.000000,3.006229
1152.5384,2026-07-15T14:10:29.874727,0.000000,3.006256
1153.0289,2026-07-15T14:10:30.365170,0.000000,3.006208
1153.5308,2026-07-15T14:10:30.867102,0.000000,3.006250
1154.0206,2026-07-15T14:10:31.356904,0.000000,3.006238
1154.4761,2026-07-15T14:10:31.812427,0.000000,3.006317
1154.9672,2026-07-15T14:10:32.303534,0.000000,3.006440
1155.4523,2026-07-15T14:10:32.788550,0.000000,3.006448
1155.9441,2026-07-15T14:10:33.280410,0.000000,3.006429
1156.4374,2026-07-15T14:10:33.773696,0.000000,3.006435
1156.9124,2026-07-15T14:10:34.248715,0.000000,3.006504
1157.3623,2026-07-15T14:10:34.698620,0.000000,3.006462
1157.8091,2026-07-15T14:10:35.145395,0.000000,3.006491
1158.2794,2026-07-15T14:10:35.615748,0.000000,3.006454
1158.7344,2026-07-15T14:10:36.070724,0.000000,3.006448
1159.2292,2026-07-15T14:10:36.565472,0.000000,3.006368
1159.6871,2026-07-15T14:10:37.023382,0.000000,3.006341
1160.1875,2026-07-15T14:10:37.523791,0.000000,3.006347
1160.6509,2026-07-15T14:10:37.987197,0.000000,3.006480
1161.1404,2026-07-15T14:10:38.476660,0.000000,3.006491
1161.6065,2026-07-15T14:10:38.942822,0.000000,3.006539
1162.1000,2026-07-15T14:10:39.436321,0.000000,3.006512
1162.6083,2026-07-15T14:10:39.944593,0.000000,3.006579
1163.1085,2026-07-15T14:10:40.444842,0.000000,3.006674
1163.6106,2026-07-15T14:10:40.946912,0.000000,3.006773
1164.0653,2026-07-15T14:10:41.401639,0.000000,3.006888
1164.5222,2026-07-15T14:10:41.858482,0.000000,3.006910
1164.9833,2026-07-15T14:10:42.319618,0.000000,3.006926
1165.4500,2026-07-15T14:10:42.786257,0.000000,3.006965
1165.9384,2026-07-15T14:10:43.274652,0.000000,3.006947
1166.3995,2026-07-15T14:10:43.735817,0.000000,3.006946
1166.8638,2026-07-15T14:10:44.200139,0.000000,3.006984
1167.3664,2026-07-15T14:10:44.702722,0.000000,3.007088
1167.8624,2026-07-15T14:10:45.198678,0.000000,3.007085
1168.3251,2026-07-15T14:10:45.661363,0.000000,3.007152
1168.7827,2026-07-15T14:10:46.119027,0.000000,3.007086
1169.2390,2026-07-15T14:10:46.575257,0.000000,3.007053
1169.6887,2026-07-15T14:10:47.025002,0.000000,3.006965
1170.1562,2026-07-15T14:10:47.492457,0.000000,3.006926
1170.6250,2026-07-15T14:10:47.961324,0.000000,3.006845
1171.1164,2026-07-15T14:10:48.452668,0.000000,3.006856
1171.5954,2026-07-15T14:10:48.931645,0.000000,3.006806
1172.0649,2026-07-15T14:10:49.401158,0.000000,3.006699
1172.5072,2026-07-15T14:10:49.843518,0.000000,3.006618
1173.0001,2026-07-15T14:10:50.336439,0.000000,3.006528
1173.4581,2026-07-15T14:10:50.794349,0.000000,3.006438
1173.9179,2026-07-15T14:10:51.254237,0.000000,3.006389
1174.3785,2026-07-15T14:10:51.714785,0.000000,3.006310
1174.8445,2026-07-15T14:10:52.180771,0.000000,3.006302
1175.3012,2026-07-15T14:10:52.637467,0.000000,3.006176
1175.7899,2026-07-15T14:10:53.126186,0.000000,3.006066
1176.2445,2026-07-15T14:10:53.580759,0.000000,3.005934
1176.7125,2026-07-15T14:10:54.048785,0.000000,3.005904
1177.2144,2026-07-15T14:10:54.550674,0.000000,3.005867
1177.6694,2026-07-15T14:10:55.005727,0.000000,3.005819
1178.1676,2026-07-15T14:10:55.503859,0.000000,3.005757
1178.6424,2026-07-15T14:10:55.978728,0.000000,3.005709
1179.1399,2026-07-15T14:10:56.476199,0.000000,3.005738
1179.6215,2026-07-15T14:10:56.957795,0.000000,3.005738
1180.0922,2026-07-15T14:10:57.428487,0.000000,3.005771
1180.5774,2026-07-15T14:10:57.913725,0.000000,3.005893
1181.0792,2026-07-15T14:10:58.415498,0.000000,3.005997
1181.5508,2026-07-15T14:10:58.887135,0.000000,3.006013
1182.0566,2026-07-15T14:10:59.392857,0.000000,3.006040
1182.5115,2026-07-15T14:10:59.847823,0.000000,3.006130
1182.9964,2026-07-15T14:11:00.332686,0.000000,3.006192
1183.4538,2026-07-15T14:11:00.790105,0.000000,3.006203
1183.9361,2026-07-15T14:11:01.272399,0.000000,3.006213
1184.4308,2026-07-15T14:11:01.767133,0.000000,3.006214
1184.8838,2026-07-15T14:11:02.220089,0.000000,3.006243
1185.3350,2026-07-15T14:11:02.671291,0.000000,3.006221
1185.7945,2026-07-15T14:11:03.130793,0.000000,3.006194
1186.2788,2026-07-15T14:11:03.615048,0.000000,3.006278
1186.7462,2026-07-15T14:11:04.082515,0.000000,3.006309
1187.2427,2026-07-15T14:11:04.579035,0.000000,3.006283
1187.7022,2026-07-15T14:11:05.038529,0.000000,3.006259
1188.1859,2026-07-15T14:11:05.522184,0.000000,3.006304
1188.6609,2026-07-15T14:11:05.997168,0.000000,3.006350
1189.1459,2026-07-15T14:11:06.482205,0.000000,3.006405
1189.6044,2026-07-15T14:11:06.940726,0.000000,3.006435
1190.0919,2026-07-15T14:11:07.428238,0.000000,3.006453
1190.5880,2026-07-15T14:11:07.924290,0.000000,3.006453
1191.1143,2026-07-15T14:11:08.450570,0.000000,3.006418
1191.6056,2026-07-15T14:11:08.941947,0.000000,3.006421
1192.1043,2026-07-15T14:11:09.440568,0.000000,3.006325
1192.5598,2026-07-15T14:11:09.896117,0.000000,3.006290
1193.0610,2026-07-15T14:11:10.397266,0.000000,3.006253
1193.5127,2026-07-15T14:11:10.849024,0.000000,3.006267
1193.9674,2026-07-15T14:11:11.303731,0.000000,3.006274
1194.4266,2026-07-15T14:11:11.762933,0.000000,3.006290
1194.8953,2026-07-15T14:11:12.231554,0.000000,3.006283
1195.3472,2026-07-15T14:11:12.683493,0.000000,3.006341
1195.8045,2026-07-15T14:11:13.140819,0.000000,3.006366
1196.2541,2026-07-15T14:11:13.590348,0.000000,3.006422
1196.7542,2026-07-15T14:11:14.090504,0.000000,3.006445
1197.2442,2026-07-15T14:11:14.580482,0.000000,3.006469
1197.7013,2026-07-15T14:11:15.037626,0.000000,3.006565
1198.2027,2026-07-15T14:11:15.538969,0.000000,3.006635
1198.6792,2026-07-15T14:11:16.015525,0.000000,3.006699
1199.1742,2026-07-15T14:11:16.510466,0.000000,3.006758
1199.6183,2026-07-15T14:11:16.954560,0.000000,3.006808
1200.1224,2026-07-15T14:11:17.458665,0.000000,3.006816
1200.5702,2026-07-15T14:11:17.906468,0.000000,3.006846
1201.0458,2026-07-15T14:11:18.382128,0.000000,3.006880
1201.5007,2026-07-15T14:11:18.837015,0.000000,3.006877
1202.0110,2026-07-15T14:11:19.347292,0.000000,3.006936
1202.4595,2026-07-15T14:11:19.795747,0.000000,3.006952
1202.9179,2026-07-15T14:11:20.254234,0.000000,3.007013
1203.3678,2026-07-15T14:11:20.704096,0.000000,3.006987
1203.8544,2026-07-15T14:11:21.190743,0.000000,3.006936
1204.3095,2026-07-15T14:11:21.645779,0.000000,3.006866
1204.7690,2026-07-15T14:11:22.105263,0.000000,3.006822
1205.2265,2026-07-15T14:11:22.562758,0.000000,3.006802
1205.6972,2026-07-15T14:11:23.033487,0.000000,3.006808
1206.1592,2026-07-15T14:11:23.495453,0.000000,3.006760
1206.6294,2026-07-15T14:11:23.965705,0.000000,3.006674
1207.1046,2026-07-15T14:11:24.440849,0.000000,3.006656
1207.5705,2026-07-15T14:11:24.906761,0.000000,3.006613
1208.0668,2026-07-15T14:11:25.403107,0.000000,3.006520
1208.5183,2026-07-15T14:11:25.854607,0.000000,3.006506
1209.0130,2026-07-15T14:11:26.349306,0.000000,3.006539
1209.5128,2026-07-15T14:11:26.849043,0.000000,3.006571
1210.0235,2026-07-15T14:11:27.359836,0.000000,3.006542
1210.5159,2026-07-15T14:11:27.852206,0.000000,3.006467
1210.9675,2026-07-15T14:11:28.303784,0.000000,3.006392
1211.4630,2026-07-15T14:11:28.799259,0.000000,3.006474
1211.9380,2026-07-15T14:11:29.274285,0.000000,3.006451
1212.3951,2026-07-15T14:11:29.731394,0.000000,3.006506
1212.8762,2026-07-15T14:11:30.212461,0.000000,3.006507
1213.3571,2026-07-15T14:11:30.693355,0.000000,3.006557
1213.8303,2026-07-15T14:11:31.166535,0.000000,3.006595
1214.3279,2026-07-15T14:11:31.664221,0.000000,3.006648
1214.7859,2026-07-15T14:11:32.122228,0.000000,3.006627
1215.2362,2026-07-15T14:11:32.572448,0.000000,3.006616
1215.7281,2026-07-15T14:11:33.064426,0.000000,3.006808
1216.2199,2026-07-15T14:11:33.556221,0.000000,3.006827
1216.7125,2026-07-15T14:11:34.048799,0.000000,3.006872
1217.2285,2026-07-15T14:11:34.564803,0.000000,3.006931
1217.7147,2026-07-15T14:11:35.050975,0.000000,3.006920
1218.1711,2026-07-15T14:11:35.507419,0.000000,3.006890
1218.6713,2026-07-15T14:11:36.007548,0.000000,3.006813
1219.1671,2026-07-15T14:11:36.503427,0.000000,3.006771
1219.6191,2026-07-15T14:11:36.955432,0.000000,3.006752
1220.1019,2026-07-15T14:11:37.438171,0.000000,3.006762
1220.5613,2026-07-15T14:11:37.897585,0.000000,3.006685
1221.0547,2026-07-15T14:11:38.391011,0.000000,3.006685
1221.5211,2026-07-15T14:11:38.857428,0.000000,3.006626
1222.0166,2026-07-15T14:11:39.352885,0.000000,3.006576
1222.5046,2026-07-15T14:11:39.840859,0.000000,3.006582
1223.0048,2026-07-15T14:11:40.341068,0.000000,3.006653
1223.4844,2026-07-15T14:11:40.820666,0.000000,3.006674
1224.0075,2026-07-15T14:11:41.343833,0.000000,3.006731
1224.4594,2026-07-15T14:11:41.795686,0.000000,3.006733
1224.9627,2026-07-15T14:11:42.298949,0.000000,3.006763
1225.4108,2026-07-15T14:11:42.747063,0.000000,3.006856
1225.9111,2026-07-15T14:11:43.247405,0.000000,3.006872
1226.4142,2026-07-15T14:11:43.750502,0.000000,3.006998
1226.8880,2026-07-15T14:11:44.224281,0.000000,3.007077
1227.3459,2026-07-15T14:11:44.682186,0.000000,3.007182
1227.8525,2026-07-15T14:11:45.188758,0.000000,3.007176
1228.3556,2026-07-15T14:11:45.691895,0.000000,3.007232
1228.8118,2026-07-15T14:11:46.148096,0.000000,3.007272
1229.2626,2026-07-15T14:11:46.598882,0.000000,3.007342
1229.7399,2026-07-15T14:11:47.076193,0.000000,3.007379
1230.2370,2026-07-15T14:11:47.573331,0.000000,3.007381
1230.7422,2026-07-15T14:11:48.078510,0.000000,3.007411
1231.2527,2026-07-15T14:11:48.589019,0.000000,3.007426
1231.7444,2026-07-15T14:11:49.080703,0.000000,3.007430
1232.2020,2026-07-15T14:11:49.538240,0.000000,3.007429
1232.7063,2026-07-15T14:11:50.042555,0.000000,3.007406
1233.1862,2026-07-15T14:11:50.522493,0.000000,3.007406
1233.6375,2026-07-15T14:11:50.973812,0.000000,3.007382
1234.1373,2026-07-15T14:11:51.473642,0.000000,3.007435
1234.5940,2026-07-15T14:11:51.930322,0.000000,3.007459
1235.0973,2026-07-15T14:11:52.433603,0.000000,3.007456
1235.5510,2026-07-15T14:11:52.887315,0.000000,3.007430
1236.0465,2026-07-15T14:11:53.382805,0.000000,3.007397
1236.4952,2026-07-15T14:11:53.831522,0.000000,3.007370
1236.9960,2026-07-15T14:11:54.332308,0.000000,3.007336
1237.4964,2026-07-15T14:11:54.832749,0.000000,3.007320
1238.0280,2026-07-15T14:11:55.364260,0.000000,3.007293
1238.5255,2026-07-15T14:11:55.861806,0.000000,3.007234
1239.0268,2026-07-15T14:11:56.363120,0.000000,3.007123
1239.5317,2026-07-15T14:11:56.868021,0.000000,3.007014
1240.0301,2026-07-15T14:11:57.366444,0.000000,3.006979
1240.4936,2026-07-15T14:11:57.829876,0.000000,3.006872
1240.9994,2026-07-15T14:11:58.335650,0.000000,3.006858
1241.4536,2026-07-15T14:11:58.789849,0.000000,3.006838
1241.9414,2026-07-15T14:11:59.277714,0.000000,3.006810
1242.3927,2026-07-15T14:11:59.729009,0.000000,3.006784
1242.8894,2026-07-15T14:12:00.225651,0.000000,3.006742
1243.3435,2026-07-15T14:12:00.679804,0.000000,3.006774
1243.8147,2026-07-15T14:12:01.150983,0.000000,3.006816
1244.2766,2026-07-15T14:12:01.612919,0.000000,3.006861
1244.7714,2026-07-15T14:12:02.107714,0.000000,3.006870
1245.2762,2026-07-15T14:12:02.612490,0.000000,3.006904
1245.7226,2026-07-15T14:12:03.058902,0.000000,3.006912
1246.1843,2026-07-15T14:12:03.520575,0.000000,3.006928
1246.6327,2026-07-15T14:12:03.968956,0.000000,3.006942
1247.1338,2026-07-15T14:12:04.470095,0.000000,3.006986
1247.5899,2026-07-15T14:12:04.926209,0.000000,3.007066
1248.0918,2026-07-15T14:12:05.428052,0.000000,3.007107
1248.5496,2026-07-15T14:12:05.885892,0.000000,3.007187
1249.0564,2026-07-15T14:12:06.392734,0.000000,3.007178
1249.5066,2026-07-15T14:12:06.842850,0.000000,3.007248
1250.0116,2026-07-15T14:12:07.347879,0.000000,3.007323
1250.4620,2026-07-15T14:12:07.798296,0.000000,3.007426
1250.9670,2026-07-15T14:12:08.303324,0.000000,3.007443
1251.4282,2026-07-15T14:12:08.764458,0.000000,3.007451
1251.9289,2026-07-15T14:12:09.265215,0.000000,3.007459
1252.3770,2026-07-15T14:12:09.713289,0.000000,3.007499
1252.8436,2026-07-15T14:12:10.179924,0.000000,3.007507
1253.3313,2026-07-15T14:12:10.667562,0.000000,3.007552
1253.7884,2026-07-15T14:12:11.124739,0.000000,3.007611
1254.2439,2026-07-15T14:12:11.580168,0.000000,3.007682
1254.7019,2026-07-15T14:12:12.038199,0.000000,3.007776
1255.1953,2026-07-15T14:12:12.531620,0.000000,3.007781
1255.6961,2026-07-15T14:12:13.032376,0.000000,3.007792
1256.1520,2026-07-15T14:12:13.488286,0.000000,3.007885
1256.6125,2026-07-15T14:12:13.948783,0.000000,3.007938
1257.0680,2026-07-15T14:12:14.404331,0.000000,3.008035
1257.5592,2026-07-15T14:12:14.895536,0.000000,3.008026
1258.0093,2026-07-15T14:12:15.345566,0.000000,3.007915
1258.4703,2026-07-15T14:12:15.806579,0.000000,3.007877
1258.9800,2026-07-15T14:12:16.316324,0.000000,3.007803
1259.4356,2026-07-15T14:12:16.771930,0.000000,3.007752
1259.9406,2026-07-15T14:12:17.276885,0.000000,3.007704
1260.4030,2026-07-15T14:12:17.739290,0.000000,3.007602
1260.8937,2026-07-15T14:12:18.229994,0.000000,3.007520
1261.4131,2026-07-15T14:12:18.749361,0.000000,3.007454
1261.8744,2026-07-15T14:12:19.210712,0.000000,3.007378
1262.3674,2026-07-15T14:12:19.703649,0.000000,3.007325
1262.8748,2026-07-15T14:12:20.211074,0.000000,3.007336
1263.3660,2026-07-15T14:12:20.702291,0.000000,3.007333
1263.8716,2026-07-15T14:12:21.207865,0.000000,3.007298
1264.3635,2026-07-15T14:12:21.699764,0.000000,3.007218
1264.8816,2026-07-15T14:12:22.217880,0.000000,3.007155
1265.3418,2026-07-15T14:12:22.678053,0.000000,3.007181
1265.8116,2026-07-15T14:12:23.147927,0.000000,3.007192
1266.2582,2026-07-15T14:12:23.594495,0.000000,3.007190
1266.7141,2026-07-15T14:12:24.050387,0.000000,3.007171
1267.1648,2026-07-15T14:12:24.501122,0.000000,3.007158
1267.6474,2026-07-15T14:12:24.983660,0.000000,3.007120
1268.1487,2026-07-15T14:12:25.485002,0.000000,3.007112
1268.5925,2026-07-15T14:12:25.928836,0.000000,3.007066
1269.0879,2026-07-15T14:12:26.424219,0.000000,3.007064
1269.5402,2026-07-15T14:12:26.876495,0.000000,3.007179
1270.0432,2026-07-15T14:12:27.379516,0.000000,3.007237
1270.5382,2026-07-15T14:12:27.874532,0.000000,3.007198
1271.0417,2026-07-15T14:12:28.378012,0.000000,3.007200
1271.5680,2026-07-15T14:12:28.904299,0.000000,3.007258
1272.0705,2026-07-15T14:12:29.406807,0.000000,3.007274
1272.5281,2026-07-15T14:12:29.864363,0.000000,3.007354
1273.0256,2026-07-15T14:12:30.361937,0.000000,3.007416
1273.5045,2026-07-15T14:12:30.840780,0.000000,3.007432
1274.0083,2026-07-15T14:12:31.344615,0.000000,3.007467
1274.4555,2026-07-15T14:12:31.791754,0.000000,3.007467
1274.9322,2026-07-15T14:12:32.268483,0.000000,3.007410
1275.4245,2026-07-15T14:12:32.760823,0.000000,3.007306
1275.9144,2026-07-15T14:12:33.250648,0.000000,3.007285
1276.3988,2026-07-15T14:12:33.735129,0.000000,3.007243
1276.8433,2026-07-15T14:12:34.179617,0.000000,3.007243
1277.3290,2026-07-15T14:12:34.665247,0.000000,3.007195
1277.8254,2026-07-15T14:12:35.161723,0.000000,3.007115
1278.3002,2026-07-15T14:12:35.636448,0.000000,3.007098
1278.7516,2026-07-15T14:12:36.087846,0.000000,3.007051
1279.2215,2026-07-15T14:12:36.557750,0.000000,3.007014
1279.6723,2026-07-15T14:12:37.008613,0.000000,3.006995
1280.1694,2026-07-15T14:12:37.505723,0.000000,3.007019
1280.6690,2026-07-15T14:12:38.005320,0.000000,3.007050
1281.1922,2026-07-15T14:12:38.528486,0.000000,3.007045
1281.6919,2026-07-15T14:12:39.028167,0.000000,3.006987
1282.1771,2026-07-15T14:12:39.513382,0.000000,3.007002
1282.6538,2026-07-15T14:12:39.990075,0.000000,3.006958
1283.1509,2026-07-15T14:12:40.487223,0.000000,3.006880
1283.6341,2026-07-15T14:12:40.970364,0.000000,3.006866
1284.1372,2026-07-15T14:12:41.473462,0.000000,3.006874
1284.5898,2026-07-15T14:12:41.926141,0.000000,3.006866
1285.0881,2026-07-15T14:12:42.424409,0.000000,3.006858
1285.5483,2026-07-15T14:12:42.884581,0.000000,3.006888
1286.0374,2026-07-15T14:12:43.373710,0.000000,3.006872
1286.4898,2026-07-15T14:12:43.826060,0.000000,3.006918
1286.9822,2026-07-15T14:12:44.318544,0.000000,3.006931
1287.4676,2026-07-15T14:12:44.803932,0.000000,3.006965
1287.9939,2026-07-15T14:12:45.330174,0.000000,3.007074
1288.4476,2026-07-15T14:12:45.783890,0.000000,3.007098
1288.9529,2026-07-15T14:12:46.289169,0.000000,3.007098
1289.4359,2026-07-15T14:12:46.772236,0.000000,3.007046
1289.9404,2026-07-15T14:12:47.276715,0.000000,3.006904
1290.4299,2026-07-15T14:12:47.766171,0.000000,3.006792
1290.9255,2026-07-15T14:12:48.261801,0.000000,3.006723
1291.4148,2026-07-15T14:12:48.751055,0.000000,3.006600
1291.9447,2026-07-15T14:12:49.280961,0.000000,3.006475
1292.3992,2026-07-15T14:12:49.735462,0.000000,3.006312
1292.8591,2026-07-15T14:12:50.195427,0.000000,3.006243
1293.3553,2026-07-15T14:12:50.691584,0.000000,3.006130
1293.8094,2026-07-15T14:12:51.145743,0.000000,3.006085
1294.2903,2026-07-15T14:12:51.626595,0.000000,3.006179
1294.7488,2026-07-15T14:12:52.085058,0.000000,3.006261
1295.2423,2026-07-15T14:12:52.578554,0.000000,3.006293
1295.6890,2026-07-15T14:12:53.025278,0.000000,3.006381
1296.1871,2026-07-15T14:12:53.523438,0.000000,3.006426
1296.6928,2026-07-15T14:12:54.029142,0.000000,3.006539
1297.1849,2026-07-15T14:12:54.521226,0.000000,3.006691
1297.7049,2026-07-15T14:12:55.041191,0.000000,3.006840
1298.1722,2026-07-15T14:12:55.508469,0.000000,3.007018
1298.6674,2026-07-15T14:12:56.003688,0.000000,3.007123
1299.1512,2026-07-15T14:12:56.487444,0.000000,3.007195
1299.6224,2026-07-15T14:12:56.958669,0.000000,3.007291
1300.1276,2026-07-15T14:12:57.463849,0.000000,3.007368
1300.6258,2026-07-15T14:12:57.962094,0.000000,3.007408
1301.1258,2026-07-15T14:12:58.462109,0.000000,3.007458
1301.5723,2026-07-15T14:12:58.908616,0.000000,3.007506
1302.0737,2026-07-15T14:12:59.409950,0.000000,3.007504
1302.5141,2026-07-15T14:12:59.850396,0.000000,3.007482
1302.9911,2026-07-15T14:13:00.327435,0.000000,3.007466
1303.4547,2026-07-15T14:13:00.791022,0.000000,3.007434
1303.9498,2026-07-15T14:13:01.286106,0.000000,3.007336
1304.4110,2026-07-15T14:13:01.747311,0.000000,3.007318
1304.8825,2026-07-15T14:13:02.218831,0.000000,3.007301
1305.3717,2026-07-15T14:13:02.708023,0.000000,3.007285
1305.8845,2026-07-15T14:13:03.220791,0.000000,3.007208
1306.3738,2026-07-15T14:13:03.710131,0.000000,3.007171
1306.8723,2026-07-15T14:13:04.208580,0.000000,3.007173
1307.3760,2026-07-15T14:13:04.712325,0.000000,3.007115
1307.8467,2026-07-15T14:13:05.182972,0.000000,3.007101
1308.3178,2026-07-15T14:13:05.654047,0.000000,3.007040
1308.8143,2026-07-15T14:13:06.150579,0.000000,3.007072
1309.3219,2026-07-15T14:13:06.658164,0.000000,3.007002
1309.8079,2026-07-15T14:13:07.144140,0.000000,3.007018
1310.3342,2026-07-15T14:13:07.670511,0.000000,3.006995
1310.8329,2026-07-15T14:13:08.169146,0.000000,3.007085
1311.3368,2026-07-15T14:13:08.673068,0.000000,3.007109
1311.8225,2026-07-15T14:13:09.158793,0.000000,3.007090
1312.3220,2026-07-15T14:13:09.658325,0.000000,3.007200
1312.8059,2026-07-15T14:13:10.142186,0.000000,3.007210
1313.2606,2026-07-15T14:13:10.596900,0.000000,3.007208
1313.7581,2026-07-15T14:13:11.094379,0.000000,3.007222
1314.2140,2026-07-15T14:13:11.550266,0.000000,3.007245
1314.7037,2026-07-15T14:13:12.039983,0.000000,3.007254
1315.2034,2026-07-15T14:13:12.539668,0.000000,3.007254
1315.6963,2026-07-15T14:13:13.032561,0.000000,3.007230
1316.2136,2026-07-15T14:13:13.549907,0.000000,3.007232
1316.6689,2026-07-15T14:13:14.005147,0.000000,3.007203
1317.1662,2026-07-15T14:13:14.502461,0.000000,3.007155
1317.6577,2026-07-15T14:13:14.993957,0.000000,3.007098
1318.1381,2026-07-15T14:13:15.474407,0.000000,3.007098
1318.6382,2026-07-15T14:13:15.974468,0.000000,3.007094
1319.1549,2026-07-15T14:13:16.491168,0.000000,3.007115
1319.6119,2026-07-15T14:13:16.948235,0.000000,3.007074
1320.0905,2026-07-15T14:13:17.426800,0.000000,3.007066
1320.5447,2026-07-15T14:13:17.881029,0.000000,3.007069
1321.0390,2026-07-15T14:13:18.375285,0.000000,3.007075
1321.5423,2026-07-15T14:13:18.878625,0.000000,3.007022
1322.0404,2026-07-15T14:13:19.376665,0.000000,3.007093
1322.5384,2026-07-15T14:13:19.874705,0.000000,3.007118
1323.0381,2026-07-15T14:13:20.374367,0.000000,3.007192
1323.5133,2026-07-15T14:13:20.849617,0.000000,3.007182
1324.0072,2026-07-15T14:13:21.343446,0.000000,3.007178
1324.5364,2026-07-15T14:13:21.872643,0.000000,3.007094
1325.0375,2026-07-15T14:13:22.373741,0.000000,3.007062
1325.5385,2026-07-15T14:13:22.874834,0.000000,3.007026
1326.0299,2026-07-15T14:13:23.366233,0.000000,3.007005
1326.4961,2026-07-15T14:13:23.832358,0.000000,3.007000
1326.9703,2026-07-15T14:13:24.306572,0.000000,3.006906
1327.4720,2026-07-15T14:13:24.808347,0.000000,3.006826
1327.9706,2026-07-15T14:13:25.306881,0.000000,3.006770
1328.4538,2026-07-15T14:13:25.790053,0.000000,3.006704
1328.9724,2026-07-15T14:13:26.308707,0.000000,3.006632
1329.4366,2026-07-15T14:13:26.772862,0.000000,3.006654
1329.9307,2026-07-15T14:13:27.267035,0.000000,3.006629
1330.4139,2026-07-15T14:13:27.750196,0.000000,3.006586
1330.8720,2026-07-15T14:13:28.208268,0.000000,3.006496
1331.3630,2026-07-15T14:13:28.699255,0.000000,3.006478
1331.8459,2026-07-15T14:13:29.182230,0.000000,3.006507
1332.3023,2026-07-15T14:13:29.638544,0.000000,3.006533
1332.7992,2026-07-15T14:13:30.135497,0.000000,3.006586
1333.2985,2026-07-15T14:13:30.634768,0.000000,3.006614
1333.7973,2026-07-15T14:13:31.133538,0.000000,3.006667
1334.3224,2026-07-15T14:13:31.658686,0.000000,3.006714
1334.8218,2026-07-15T14:13:32.158121,0.000000,3.006739
1335.3219,2026-07-15T14:13:32.658173,0.000000,3.006803
1335.8219,2026-07-15T14:13:33.158196,0.000000,3.006918
1336.3123,2026-07-15T14:13:33.648543,0.000000,3.006942
1336.7799,2026-07-15T14:13:34.116198,0.000000,3.006934
1337.2716,2026-07-15T14:13:34.607842,0.000000,3.007003
1337.7746,2026-07-15T14:13:35.110934,0.000000,3.007003
1338.2774,2026-07-15T14:13:35.613699,0.000000,3.007016
1338.7663,2026-07-15T14:13:36.102541,0.000000,3.007022
1339.2192,2026-07-15T14:13:36.555470,0.000000,3.007046
1339.7227,2026-07-15T14:13:37.059018,0.000000,3.007000
1340.1824,2026-07-15T14:13:37.518736,0.000000,3.006906
1340.6423,2026-07-15T14:13:37.978559,0.000000,3.006848
1341.0983,2026-07-15T14:13:38.434628,0.000000,3.006888
1341.5613,2026-07-15T14:13:38.897593,0.000000,3.006894
1342.0290,2026-07-15T14:13:39.365321,0.000000,3.006910
1342.4859,2026-07-15T14:13:39.822170,0.000000,3.006824
1342.9861,2026-07-15T14:13:40.322404,0.000000,3.006794
1343.4441,2026-07-15T14:13:40.780347,0.000000,3.006746
1343.9291,2026-07-15T14:13:41.265370,0.000000,3.006722
1344.4301,2026-07-15T14:13:41.766427,0.000000,3.006690
1344.9204,2026-07-15T14:13:42.256696,0.000000,3.006616
1345.3876,2026-07-15T14:13:42.723855,0.000000,3.006582
1345.8789,2026-07-15T14:13:43.215184,0.000000,3.006480
1346.3697,2026-07-15T14:13:43.705959,0.000000,3.006397
1346.8634,2026-07-15T14:13:44.199670,0.000000,3.006301
1347.3558,2026-07-15T14:13:44.692121,0.000000,3.006222
1347.8443,2026-07-15T14:13:45.180553,0.000000,3.006194
1348.3784,2026-07-15T14:13:45.714654,0.000000,3.006174
1348.8367,2026-07-15T14:13:46.173020,0.000000,3.006158
1349.2953,2026-07-15T14:13:46.631616,0.000000,3.006144
1349.7544,2026-07-15T14:13:47.090675,0.000000,3.006165
1350.2471,2026-07-15T14:13:47.583372,0.000000,3.006240
1350.6951,2026-07-15T14:13:48.031341,0.000000,3.006325
1351.1937,2026-07-15T14:13:48.530041,0.000000,3.006373
1351.6525,2026-07-15T14:13:48.988798,0.000000,3.006421
1352.1313,2026-07-15T14:13:49.467612,0.000000,3.006504
1352.5871,2026-07-15T14:13:49.923432,0.000000,3.006590
1353.0936,2026-07-15T14:13:50.429863,0.000000,3.006654
1353.5907,2026-07-15T14:13:50.926952,0.000000,3.006712
1354.0926,2026-07-15T14:13:51.428903,0.000000,3.006765
1354.5936,2026-07-15T14:13:51.929899,0.000000,3.006784
1355.0798,2026-07-15T14:13:52.416122,0.000000,3.006818
1355.5672,2026-07-15T14:13:52.903501,0.000000,3.006859
1356.0784,2026-07-15T14:13:53.414673,0.000000,3.006901
1356.5551,2026-07-15T14:13:53.891374,0.000000,3.006907
1357.0353,2026-07-15T14:13:54.371636,0.000000,3.006875
1357.5285,2026-07-15T14:13:54.864818,0.000000,3.006765
1358.0263,2026-07-15T14:13:55.362609,0.000000,3.006680
1358.5210,2026-07-15T14:13:55.857337,0.000000,3.006573
1359.0015,2026-07-15T14:13:56.337819,0.000000,3.006392
1359.4620,2026-07-15T14:13:56.798258,0.000000,3.006306
1359.9597,2026-07-15T14:13:57.295991,0.000000,3.006181
1360.4150,2026-07-15T14:13:57.751311,0.000000,3.006117
1360.8764,2026-07-15T14:13:58.212719,0.000000,3.006061
1361.3744,2026-07-15T14:13:58.710727,0.000000,3.006045
1361.8396,2026-07-15T14:13:59.175915,0.000000,3.006078
1362.3345,2026-07-15T14:13:59.670790,0.000000,3.006173
1362.8347,2026-07-15T14:14:00.171010,0.000000,3.006269
1363.3342,2026-07-15T14:14:00.670441,0.000000,3.006312
1363.8187,2026-07-15T14:14:01.154963,0.000000,3.006362
1364.3126,2026-07-15T14:14:01.648935,0.000000,3.006456
1364.8136,2026-07-15T14:14:02.149863,0.000000,3.006552
1365.3095,2026-07-15T14:14:02.645829,0.000000,3.006613
1365.8006,2026-07-15T14:14:03.136873,0.000000,3.006659
1366.3260,2026-07-15T14:14:03.662279,0.000000,3.006616
1366.8179,2026-07-15T14:14:04.154193,0.000000,3.006512
1367.3192,2026-07-15T14:14:04.655533,0.000000,3.006434
1367.8075,2026-07-15T14:14:05.143779,0.000000,3.006342
1368.2992,2026-07-15T14:14:05.635491,0.000000,3.006349
1368.8035,2026-07-15T14:14:06.139780,0.000000,3.006371
1369.3009,2026-07-15T14:14:06.637149,0.000000,3.006419
1369.8213,2026-07-15T14:14:07.157626,0.000000,3.006410
1370.3168,2026-07-15T14:14:07.653118,0.000000,3.006486
1370.7971,2026-07-15T14:14:08.133388,0.000000,3.006456
1371.2606,2026-07-15T14:14:08.596941,0.000000,3.006536
1371.7109,2026-07-15T14:14:09.047209,0.000000,3.006595
1372.1872,2026-07-15T14:14:09.523483,0.000000,3.006637
1372.6290,2026-07-15T14:14:09.965335,0.000000,3.006643
1373.1345,2026-07-15T14:14:10.470797,0.000000,3.006597
1373.5856,2026-07-15T14:14:10.921863,0.000000,3.006541
1374.0853,2026-07-15T14:14:11.421582,0.000000,3.006493
1374.5824,2026-07-15T14:14:11.918655,0.000000,3.006397
1375.0792,2026-07-15T14:14:12.415475,0.000000,3.006294
1375.5836,2026-07-15T14:14:12.919901,0.000000,3.006106
1376.0783,2026-07-15T14:14:13.414607,0.000000,3.005973
1376.5798,2026-07-15T14:14:13.916106,0.000000,3.005888
1377.0972,2026-07-15T14:14:14.433439,0.000000,3.005822
1377.5920,2026-07-15T14:14:14.928302,0.000000,3.005795
1378.0859,2026-07-15T14:14:15.422230,0.000000,3.005826
1378.5553,2026-07-15T14:14:15.891625,0.000000,3.005829
1379.0482,2026-07-15T14:14:16.384463,0.000000,3.005914
1379.5471,2026-07-15T14:14:16.883360,0.000000,3.005971
1380.0186,2026-07-15T14:14:17.354893,0.000000,3.006014
1380.4937,2026-07-15T14:14:17.830022,0.000000,3.006123
1380.9887,2026-07-15T14:14:18.325027,0.000000,3.006229
1381.4706,2026-07-15T14:14:18.806899,0.000000,3.006266
1381.9659,2026-07-15T14:14:19.302202,0.000000,3.006267
1382.4270,2026-07-15T14:14:19.763309,0.000000,3.006261
1382.8797,2026-07-15T14:14:20.216017,0.000000,3.006178
1383.3789,2026-07-15T14:14:20.715161,0.000000,3.006187
1383.8271,2026-07-15T14:14:21.163373,0.000000,3.006150
1384.2884,2026-07-15T14:14:21.624712,0.000000,3.006114
1384.7864,2026-07-15T14:14:22.122726,0.000000,3.006162
1385.2364,2026-07-15T14:14:22.572693,0.000000,3.006224
1385.7208,2026-07-15T14:14:23.057099,0.000000,3.006235
1386.2224,2026-07-15T14:14:23.558644,0.000000,3.006248
1386.7206,2026-07-15T14:14:24.056879,0.000000,3.006269
1387.2125,2026-07-15T14:14:24.548804,0.000000,3.006342
1387.7114,2026-07-15T14:14:25.047660,0.000000,3.006434
1388.2296,2026-07-15T14:14:25.565928,0.000000,3.006526
1388.7080,2026-07-15T14:14:26.044323,0.000000,3.006506
1389.1975,2026-07-15T14:14:26.533761,0.000000,3.006552
1389.6983,2026-07-15T14:14:27.034601,0.000000,3.006550
1390.1721,2026-07-15T14:14:27.508385,0.000000,3.006445
1390.6342,2026-07-15T14:14:27.970491,0.000000,3.006395
1391.1093,2026-07-15T14:14:28.445554,0.000000,3.006307
1391.5639,2026-07-15T14:14:28.900177,0.000000,3.006322
1392.0391,2026-07-15T14:14:29.375386,0.000000,3.006298
1392.5088,2026-07-15T14:14:29.845110,0.000000,3.006314
1392.9737,2026-07-15T14:14:30.309954,0.000000,3.006322
1393.4287,2026-07-15T14:14:30.765038,0.000000,3.006294
1393.9224,2026-07-15T14:14:31.258656,0.000000,3.006291
1394.3794,2026-07-15T14:14:31.715737,0.000000,3.006200
1394.8372,2026-07-15T14:14:32.173450,0.000000,3.006226
1395.3305,2026-07-15T14:14:32.666744,0.000000,3.006275
1395.7858,2026-07-15T14:14:33.122114,0.000000,3.006317
1396.2536,2026-07-15T14:14:33.589903,0.000000,3.006368
1396.7512,2026-07-15T14:14:34.087508,0.000000,3.006299
1397.2566,2026-07-15T14:14:34.592931,0.000000,3.006371
1397.7271,2026-07-15T14:14:35.063422,0.000000,3.006352
1398.1987,2026-07-15T14:14:35.535011,0.000000,3.006306
1398.6617,2026-07-15T14:14:35.997979,0.000000,3.006248
1399.1643,2026-07-15T14:14:36.500554,0.000000,3.006242
1399.6644,2026-07-15T14:14:37.000664,0.000000,3.006229
1400.1560,2026-07-15T14:14:37.492268,0.000000,3.006262
1400.6125,2026-07-15T14:14:37.948760,0.000000,3.006261
1401.1041,2026-07-15T14:14:38.440420,0.000000,3.006272
1401.5554,2026-07-15T14:14:38.891739,0.000000,3.006341
1402.0503,2026-07-15T14:14:39.386574,0.000000,3.006310
1402.5232,2026-07-15T14:14:39.859518,0.000000,3.006230
1403.0124,2026-07-15T14:14:40.348652,0.000000,3.006205
1403.4709,2026-07-15T14:14:40.807210,0.000000,3.006238
1403.9725,2026-07-15T14:14:41.308784,0.000000,3.006254
1404.4673,2026-07-15T14:14:41.803579,0.000000,3.006259
1404.9645,2026-07-15T14:14:42.300761,0.000000,3.006278
1405.4709,2026-07-15T14:14:42.807182,0.000000,3.006237
1405.9665,2026-07-15T14:14:43.302791,0.000000,3.006227
1406.4891,2026-07-15T14:14:43.825362,0.000000,3.006222
1406.9807,2026-07-15T14:14:44.317005,0.000000,3.006259
1407.4872,2026-07-15T14:14:44.823464,0.000000,3.006275
1407.9843,2026-07-15T14:14:45.320578,0.000000,3.006286
1408.4677,2026-07-15T14:14:45.803985,0.000000,3.006339
1408.9680,2026-07-15T14:14:46.304269,0.000000,3.006344
1409.4747,2026-07-15T14:14:46.811005,0.000000,3.006373
1409.9695,2026-07-15T14:14:47.305824,0.000000,3.006286
1410.4236,2026-07-15T14:14:47.759924,0.000000,3.006286
1410.8941,2026-07-15T14:14:48.230362,0.000000,3.006306
1411.3499,2026-07-15T14:14:48.686187,0.000000,3.006248
1411.8539,2026-07-15T14:14:49.190161,0.000000,3.006203
1412.3411,2026-07-15T14:14:49.677379,0.000000,3.006178
1412.7946,2026-07-15T14:14:50.130885,0.000000,3.006122
1413.2504,2026-07-15T14:14:50.586692,0.000000,3.006088
1413.7418,2026-07-15T14:14:51.078116,0.000000,3.006106
1414.2335,2026-07-15T14:14:51.569823,0.000000,3.006128
1414.7127,2026-07-15T14:14:52.048985,0.000000,3.006222
1415.2045,2026-07-15T14:14:52.540761,0.000000,3.006203
1415.7099,2026-07-15T14:14:53.046215,0.000000,3.006157
1416.2267,2026-07-15T14:14:53.563034,0.000000,3.006114
1416.7189,2026-07-15T14:14:54.055139,0.000000,3.006078
1417.2133,2026-07-15T14:14:54.549625,0.000000,3.005984
1417.6751,2026-07-15T14:14:55.011413,0.000000,3.005899
1418.1497,2026-07-15T14:14:55.486025,0.000000,3.005869
1418.6435,2026-07-15T14:14:55.979743,0.000000,3.005731
1419.1346,2026-07-15T14:14:56.470920,0.000000,3.005648
1419.5902,2026-07-15T14:14:56.926447,0.000000,3.005614
1420.0871,2026-07-15T14:14:57.423423,0.000000,3.005672
1420.5542,2026-07-15T14:14:57.890515,0.000000,3.005718
1421.0517,2026-07-15T14:14:58.387978,0.000000,3.005798
1421.5547,2026-07-15T14:14:58.890969,0.000000,3.005821
1422.0904,2026-07-15T14:14:59.426703,0.000000,3.005910
1422.5567,2026-07-15T14:14:59.892949,0.000000,3.006054
1423.0553,2026-07-15T14:15:00.391607,0.000000,3.006155
1423.5516,2026-07-15T14:15:00.887851,0.000000,3.006197
1424.0412,2026-07-15T14:15:01.377530,0.000000,3.006253
1424.5005,2026-07-15T14:15:01.836760,0.000000,3.006283
1425.0038,2026-07-15T14:15:02.340044,0.000000,3.006219
1425.4485,2026-07-15T14:15:02.784822,0.000000,3.006203
1425.9508,2026-07-15T14:15:03.287093,0.000000,3.006131
1426.4430,2026-07-15T14:15:03.779242,0.000000,3.006168
1426.9436,2026-07-15T14:15:04.279894,0.000000,3.006195
1427.4182,2026-07-15T14:15:04.754518,0.000000,3.006173
1427.9184,2026-07-15T14:15:05.254717,0.000000,3.006125
1428.4431,2026-07-15T14:15:05.779415,0.000000,3.006147
1428.9184,2026-07-15T14:15:06.254704,0.000000,3.006122
1429.4214,2026-07-15T14:15:06.757698,0.000000,3.006059
1429.9253,2026-07-15T14:15:07.261580,0.000000,3.006040
1430.3907,2026-07-15T14:15:07.726953,0.000000,3.005998
1430.8849,2026-07-15T14:15:08.221158,0.000000,3.005973
1431.3561,2026-07-15T14:15:08.692400,0.000000,3.005950
1431.8235,2026-07-15T14:15:09.159759,0.000000,3.005920
1432.3078,2026-07-15T14:15:09.644109,0.000000,3.005890
1432.7927,2026-07-15T14:15:10.128998,0.000000,3.005928
1433.2499,2026-07-15T14:15:10.586150,0.000000,3.005965
1433.7639,2026-07-15T14:15:11.100190,0.000000,3.005966
1434.2245,2026-07-15T14:15:11.560750,0.000000,3.005917
1434.6977,2026-07-15T14:15:12.033959,0.000000,3.005886
1435.1854,2026-07-15T14:15:12.521683,0.000000,3.005838
1435.6837,2026-07-15T14:15:13.020007,0.000000,3.005869
1436.1809,2026-07-15T14:15:13.517194,0.000000,3.005939
1436.6237,2026-07-15T14:15:13.960001,0.000000,3.005966
1437.1139,2026-07-15T14:15:14.450150,0.000000,3.005968
1437.5780,2026-07-15T14:15:14.914306,0.000000,3.005928
1438.0751,2026-07-15T14:15:15.411375,0.000000,3.005922
1438.5687,2026-07-15T14:15:15.904949,0.000000,3.005898
1439.0585,2026-07-15T14:15:16.394756,0.000000,3.005989
1439.5823,2026-07-15T14:15:16.918588,0.000000,3.006109
1440.0878,2026-07-15T14:15:17.424107,0.000000,3.006248
1440.5826,2026-07-15T14:15:17.918908,0.000000,3.006352
1441.0682,2026-07-15T14:15:18.404484,0.000000,3.006422
1441.5146,2026-07-15T14:15:18.850898,0.000000,3.006434
1442.0002,2026-07-15T14:15:19.336496,0.000000,3.006438
1442.4934,2026-07-15T14:15:19.829680,0.000000,3.006445
1442.9642,2026-07-15T14:15:20.300478,0.000000,3.006411
1443.4159,2026-07-15T14:15:20.752154,0.000000,3.006453
1443.8754,2026-07-15T14:15:21.211676,0.000000,3.006522
1444.3240,2026-07-15T14:15:21.660312,0.000000,3.006494
1444.8054,2026-07-15T14:15:22.141706,0.000000,3.006458
1445.2993,2026-07-15T14:15:22.635577,0.000000,3.006392
1445.7779,2026-07-15T14:15:23.114214,0.000000,3.006267
1446.2849,2026-07-15T14:15:23.621208,0.000000,3.006232
1446.7769,2026-07-15T14:15:24.113234,0.000000,3.006085
1447.2765,2026-07-15T14:15:24.612754,0.000000,3.006043
1447.8049,2026-07-15T14:15:25.141175,0.000000,3.006019
1448.3048,2026-07-15T14:15:25.641074,0.000000,3.005963
1448.7851,2026-07-15T14:15:26.121414,0.000000,3.005906
1449.2850,2026-07-15T14:15:26.621239,0.000000,3.005869
1449.7563,2026-07-15T14:15:27.092598,0.000000,3.005821
1450.2592,2026-07-15T14:15:27.595497,0.000000,3.005765
1450.7241,2026-07-15T14:15:28.060404,0.000000,3.005667
1451.2016,2026-07-15T14:15:28.537919,0.000000,3.005611
1451.6889,2026-07-15T14:15:29.025215,0.000000,3.005691
1452.1710,2026-07-15T14:15:29.507317,0.000000,3.005726
1452.6243,2026-07-15T14:15:29.960599,0.000000,3.005747
1453.0807,2026-07-15T14:15:30.416982,0.000000,3.005819
1453.5832,2026-07-15T14:15:30.919468,0.000000,3.005843
1454.1061,2026-07-15T14:15:31.442346,0.000000,3.005739
1454.6072,2026-07-15T14:15:31.943543,0.000000,3.005728
1455.1022,2026-07-15T14:15:32.438533,0.000000,3.005781
1455.5589,2026-07-15T14:15:32.895139,0.000000,3.005864
1456.0233,2026-07-15T14:15:33.359632,0.000000,3.005901
1456.5174,2026-07-15T14:15:33.853698,0.000000,3.005866
1457.0105,2026-07-15T14:15:34.346828,0.000000,3.005842
1457.5008,2026-07-15T14:15:34.837070,0.000000,3.005802
1458.0274,2026-07-15T14:15:35.363715,0.000000,3.005802
1458.5287,2026-07-15T14:15:35.865020,0.000000,3.005821
1458.9918,2026-07-15T14:15:36.328066,0.000000,3.005859
1459.4898,2026-07-15T14:15:36.826120,0.000000,3.005829
1459.9673,2026-07-15T14:15:37.303550,0.000000,3.005864
1460.4418,2026-07-15T14:15:37.778047,0.000000,3.005795
1460.9351,2026-07-15T14:15:38.271413,0.000000,3.005774
1461.4388,2026-07-15T14:15:38.775134,0.000000,3.005770
1461.9655,2026-07-15T14:15:39.301736,0.000000,3.005760
1462.4467,2026-07-15T14:15:39.782996,0.000000,3.005749
1462.8911,2026-07-15T14:15:40.227358,0.000000,3.005717
1463.3938,2026-07-15T14:15:40.730097,0.000000,3.005690
1463.8699,2026-07-15T14:15:41.206154,0.000000,3.005678
1464.3341,2026-07-15T14:15:41.670387,0.000000,3.005704
1464.7921,2026-07-15T14:15:42.128404,0.000000,3.005630
1465.2499,2026-07-15T14:15:42.586171,0.000000,3.005594
1465.7025,2026-07-15T14:15:43.038823,0.000000,3.005602
1466.1656,2026-07-15T14:15:43.501839,0.000000,3.005632
1466.6269,2026-07-15T14:15:43.963237,0.000000,3.005667
1467.1260,2026-07-15T14:15:44.462267,0.000000,3.005699
1467.6018,2026-07-15T14:15:44.938076,0.000000,3.005736
1468.0687,2026-07-15T14:15:45.404972,0.000000,3.005707
1468.5233,2026-07-15T14:15:45.859559,0.000000,3.005738
1469.0271,2026-07-15T14:15:46.363360,0.000000,3.005742
1469.4780,2026-07-15T14:15:46.814342,0.000000,3.005755
1469.9362,2026-07-15T14:15:47.272493,0.000000,3.005850
1470.3960,2026-07-15T14:15:47.732304,0.000000,3.005896
1470.8898,2026-07-15T14:15:48.226136,0.000000,3.005939
1471.3479,2026-07-15T14:15:48.684175,0.000000,3.006002
1471.8053,2026-07-15T14:15:49.141604,0.000000,3.006032
1472.2858,2026-07-15T14:15:49.622115,0.000000,3.006128
1472.7362,2026-07-15T14:15:50.072476,0.000000,3.006200
1473.2308,2026-07-15T14:15:50.567049,0.000000,3.006227
1473.7377,2026-07-15T14:15:51.074006,0.000000,3.006330
1474.2348,2026-07-15T14:15:51.571037,0.000000,3.006405
1474.7091,2026-07-15T14:15:52.045369,0.000000,3.006498
1475.1828,2026-07-15T14:15:52.519119,0.000000,3.006542
1475.6395,2026-07-15T14:15:52.975786,0.000000,3.006526
1476.1421,2026-07-15T14:15:53.478402,0.000000,3.006528
1476.6416,2026-07-15T14:15:53.977900,0.000000,3.006536
1477.1561,2026-07-15T14:15:54.492400,0.000000,3.006560
1477.6424,2026-07-15T14:15:54.978722,0.000000,3.006621
1478.1382,2026-07-15T14:15:55.474513,0.000000,3.006683
1478.6050,2026-07-15T14:15:55.941282,0.000000,3.006693
1479.1047,2026-07-15T14:15:56.440959,0.000000,3.006712
1479.5570,2026-07-15T14:15:56.893272,0.000000,3.006710
1480.0493,2026-07-15T14:15:57.385617,0.000000,3.006762
1480.5127,2026-07-15T14:15:57.848961,0.000000,3.006840
1481.0131,2026-07-15T14:15:58.349351,0.000000,3.006869
1481.5028,2026-07-15T14:15:58.839092,0.000000,3.006914
1481.9812,2026-07-15T14:15:59.317474,0.000000,3.006909
1482.4362,2026-07-15T14:15:59.772483,0.000000,3.006845
1482.8958,2026-07-15T14:16:00.232132,0.000000,3.006816
1483.3541,2026-07-15T14:16:00.690377,0.000000,3.006805
1483.8496,2026-07-15T14:16:01.185861,0.000000,3.006806
1484.3033,2026-07-15T14:16:01.639635,0.000000,3.006843
1484.7884,2026-07-15T14:16:02.124635,0.000000,3.006842
1485.2563,2026-07-15T14:16:02.592586,0.000000,3.006869
1485.7119,2026-07-15T14:16:03.048156,0.000000,3.006875
1486.2063,2026-07-15T14:16:03.542565,0.000000,3.006930
1486.6559,2026-07-15T14:16:03.992165,0.000000,3.006958
1487.1547,2026-07-15T14:16:04.490989,0.000000,3.006970
1487.6473,2026-07-15T14:16:04.983563,0.000000,3.006998
1488.1521,2026-07-15T14:16:05.488347,0.000000,3.007021
1488.6122,2026-07-15T14:16:05.948456,0.000000,3.007102
1489.1118,2026-07-15T14:16:06.448109,0.000000,3.007142
1489.5613,2026-07-15T14:16:06.897622,0.000000,3.007170
1490.0395,2026-07-15T14:16:07.375745,0.000000,3.007179
1490.5293,2026-07-15T14:16:07.865565,0.000000,3.007248
1491.0143,2026-07-15T14:16:08.350629,0.000000,3.007266
1491.5090,2026-07-15T14:16:08.845326,0.000000,3.007293
1492.0104,2026-07-15T14:16:09.346707,0.000000,3.007278
1492.4981,2026-07-15T14:16:09.834417,0.000000,3.007242
1492.9982,2026-07-15T14:16:10.334448,0.000000,3.007222
1493.4887,2026-07-15T14:16:10.824935,0.000000,3.007125
1494.0090,2026-07-15T14:16:11.345287,0.000000,3.007043
1494.5223,2026-07-15T14:16:11.858588,0.000000,3.006942
1495.0224,2026-07-15T14:16:12.358637,0.000000,3.006864
1495.4799,2026-07-15T14:16:12.816186,0.000000,3.006786
1495.9678,2026-07-15T14:16:13.304091,0.000000,3.006722
1496.4653,2026-07-15T14:16:13.801620,0.000000,3.006627
1496.9712,2026-07-15T14:16:14.307494,0.000000,3.006640
1497.4745,2026-07-15T14:16:14.810806,0.000000,3.006709
1497.9740,2026-07-15T14:16:15.310259,0.000000,3.006651
1498.4762,2026-07-15T14:16:15.812461,0.000000,3.006685
1498.9503,2026-07-15T14:16:16.286559,0.000000,3.006638
1499.4055,2026-07-15T14:16:16.741801,0.000000,3.006598
1499.8646,2026-07-15T14:16:17.200918,0.000000,3.006618
1500.3306,2026-07-15T14:16:17.666884,0.000000,3.006613
1500.7950,2026-07-15T14:16:18.131328,0.000000,3.006610
1501.2824,2026-07-15T14:16:18.618640,0.000000,3.006645
1501.7752,2026-07-15T14:16:19.111489,0.000000,3.006581
1502.2758,2026-07-15T14:16:19.612089,0.000000,3.006515
1502.7638,2026-07-15T14:16:20.100058,0.000000,3.006429
1503.3021,2026-07-15T14:16:20.638424,0.000000,3.006338
1503.7853,2026-07-15T14:16:21.121547,0.000000,3.006328
1504.2377,2026-07-15T14:16:21.574015,0.000000,3.006398
1504.7229,2026-07-15T14:16:22.059192,0.000000,3.006374
1505.2145,2026-07-15T14:16:22.550741,0.000000,3.006302
1505.6856,2026-07-15T14:16:23.021882,0.000000,3.006277
1506.1745,2026-07-15T14:16:23.510822,0.000000,3.006294
1506.6282,2026-07-15T14:16:23.964520,0.000000,3.006266
1507.0947,2026-07-15T14:16:24.430949,0.000000,3.006304
1507.5841,2026-07-15T14:16:24.920410,0.000000,3.006387
1508.0728,2026-07-15T14:16:25.409114,0.000000,3.006440
1508.5302,2026-07-15T14:16:25.866506,0.000000,3.006490
1509.0086,2026-07-15T14:16:26.344889,0.000000,3.006584
1509.4719,2026-07-15T14:16:26.808154,0.000000,3.006630
1509.9681,2026-07-15T14:16:27.304415,0.000000,3.006712
1510.4280,2026-07-15T14:16:27.764337,0.000000,3.006784
1510.9299,2026-07-15T14:16:28.266157,0.000000,3.006782
1511.4306,2026-07-15T14:16:28.766933,0.000000,3.006797
1511.8962,2026-07-15T14:16:29.232512,0.000000,3.006778
1512.3979,2026-07-15T14:16:29.734212,0.000000,3.006790
1512.8880,2026-07-15T14:16:30.224279,0.000000,3.006789
1513.3729,2026-07-15T14:16:30.709159,0.000000,3.006846
1513.8758,2026-07-15T14:16:31.212042,0.000000,3.006805
1514.3644,2026-07-15T14:16:31.700735,0.000000,3.006797
1514.8141,2026-07-15T14:16:32.150361,0.000000,3.006848
1515.2700,2026-07-15T14:16:32.606306,0.000000,3.006858
1515.7197,2026-07-15T14:16:33.055997,0.000000,3.006848
1516.2230,2026-07-15T14:16:33.559289,0.000000,3.006858
1516.7027,2026-07-15T14:16:34.038982,0.000000,3.006922
1517.1981,2026-07-15T14:16:34.534414,0.000000,3.006915
1517.6455,2026-07-15T14:16:34.981829,0.000000,3.006936
1518.1387,2026-07-15T14:16:35.474982,0.000000,3.006901
1518.6188,2026-07-15T14:16:35.955056,0.000000,3.006890
1519.1350,2026-07-15T14:16:36.471244,0.000000,3.006885
1519.6206,2026-07-15T14:16:36.956942,0.000000,3.006880
1520.1163,2026-07-15T14:16:37.452560,0.000000,3.006901
1520.5950,2026-07-15T14:16:37.931312,0.000000,3.006930
1521.0902,2026-07-15T14:16:38.426510,0.000000,3.006955
1521.5772,2026-07-15T14:16:38.913499,0.000000,3.006928
1522.0625,2026-07-15T14:16:39.398750,0.000000,3.006933
1522.5439,2026-07-15T14:16:39.880196,0.000000,3.006907
1523.0421,2026-07-15T14:16:40.378383,0.000000,3.006864
1523.4994,2026-07-15T14:16:40.835669,0.000000,3.006850
1523.9924,2026-07-15T14:16:41.328738,0.000000,3.006864
1524.4985,2026-07-15T14:16:41.834818,0.000000,3.006874
1525.0192,2026-07-15T14:16:42.355446,0.000000,3.006870
1525.5109,2026-07-15T14:16:42.847168,0.000000,3.006846
1526.0058,2026-07-15T14:16:43.342116,0.000000,3.006856
1526.4592,2026-07-15T14:16:43.795482,0.000000,3.006850
1526.9331,2026-07-15T14:16:44.269401,0.000000,3.006869
1527.3904,2026-07-15T14:16:44.726723,0.000000,3.006850
1527.8675,2026-07-15T14:16:45.203800,0.000000,3.006866
1528.3181,2026-07-15T14:16:45.654368,0.000000,3.006862
1528.8220,2026-07-15T14:16:46.158254,0.000000,3.006819
1529.2842,2026-07-15T14:16:46.620455,0.000000,3.006846
1529.7424,2026-07-15T14:16:47.078675,0.000000,3.006795
1530.2438,2026-07-15T14:16:47.580124,0.000000,3.006736
1530.7258,2026-07-15T14:16:48.062039,0.000000,3.006685
1531.1848,2026-07-15T14:16:48.521059,0.000000,3.006680
1531.6555,2026-07-15T14:16:48.991822,0.000000,3.006654
1532.1476,2026-07-15T14:16:49.483883,0.000000,3.006622
1532.6458,2026-07-15T14:16:49.982062,0.000000,3.006565
1533.1346,2026-07-15T14:16:50.470913,0.000000,3.006522
1533.6389,2026-07-15T14:16:50.975152,0.000000,3.006518
1534.1217,2026-07-15T14:16:51.457956,0.000000,3.006426
1534.5711,2026-07-15T14:16:51.907415,0.000000,3.006360
1535.0717,2026-07-15T14:16:52.407974,0.000000,3.006349
1535.5716,2026-07-15T14:16:52.907915,0.000000,3.006342
1536.0505,2026-07-15T14:16:53.386800,0.000000,3.006338
1536.5081,2026-07-15T14:16:53.844350,0.000000,3.006269
1537.0069,2026-07-15T14:16:54.343149,0.000000,3.006277
1537.4658,2026-07-15T14:16:54.802059,0.000000,3.006378
1537.9674,2026-07-15T14:16:55.303720,0.000000,3.006370
1538.4242,2026-07-15T14:16:55.760507,0.000000,3.006400
1538.9059,2026-07-15T14:16:56.242181,0.000000,3.006421
1539.3988,2026-07-15T14:16:56.735073,0.000000,3.006450
1539.8855,2026-07-15T14:16:57.221790,0.000000,3.006475
1540.3420,2026-07-15T14:16:57.678253,0.000000,3.006486
1540.8020,2026-07-15T14:16:58.138264,0.000000,3.006477
1541.2508,2026-07-15T14:16:58.587059,0.000000,3.006496
1541.7409,2026-07-15T14:16:59.077232,0.000000,3.006461
1542.2337,2026-07-15T14:16:59.570041,0.000000,3.006456
1542.6956,2026-07-15T14:17:00.031872,0.000000,3.006458
1543.1941,2026-07-15T14:17:00.530403,0.000000,3.006422
1543.6914,2026-07-15T14:17:01.027668,0.000000,3.006357
1544.1842,2026-07-15T14:17:01.520515,0.000000,3.006242
1544.6474,2026-07-15T14:17:01.983659,0.000000,3.006157
1545.1202,2026-07-15T14:17:02.456531,0.000000,3.006091
1545.5637,2026-07-15T14:17:02.899988,0.000000,3.006022
1546.0482,2026-07-15T14:17:03.384533,0.000000,3.005946
1546.5290,2026-07-15T14:17:03.865318,0.000000,3.005922
1547.0317,2026-07-15T14:17:04.367998,0.000000,3.005861
1547.5317,2026-07-15T14:17:04.868027,0.000000,3.005826
1548.0438,2026-07-15T14:17:05.380067,0.000000,3.005765
1548.5036,2026-07-15T14:17:05.839898,0.000000,3.005746
1549.0116,2026-07-15T14:17:06.347944,0.000000,3.005810
1549.4716,2026-07-15T14:17:06.807917,0.000000,3.005851
1549.9356,2026-07-15T14:17:07.271920,0.000000,3.005850
1550.4039,2026-07-15T14:17:07.740169,0.000000,3.005856
1550.8722,2026-07-15T14:17:08.208533,0.000000,3.005914
1551.3365,2026-07-15T14:17:08.672733,0.000000,3.005971
1551.8036,2026-07-15T14:17:09.139886,0.000000,3.006024
1552.2786,2026-07-15T14:17:09.614869,0.000000,3.006018
1552.7593,2026-07-15T14:17:10.095577,0.000000,3.005965
1553.2137,2026-07-15T14:17:10.550008,0.000000,3.006022
1553.7237,2026-07-15T14:17:11.059962,0.000000,3.006034
1554.2181,2026-07-15T14:17:11.554370,0.000000,3.006064
1554.6790,2026-07-15T14:17:12.015305,0.000000,3.006042
1555.1657,2026-07-15T14:17:12.502021,0.000000,3.006038
1555.6567,2026-07-15T14:17:12.992969,0.000000,3.006077
1556.1467,2026-07-15T14:17:13.483014,0.000000,3.006109
1556.6338,2026-07-15T14:17:13.970115,0.000000,3.005997
1557.1173,2026-07-15T14:17:14.453638,0.000000,3.005946
1557.6144,2026-07-15T14:17:14.950704,0.000000,3.005982
1558.1302,2026-07-15T14:17:15.466447,0.000000,3.005914
1558.6112,2026-07-15T14:17:15.947451,0.000000,3.005882
1559.1219,2026-07-15T14:17:16.458204,0.000000,3.005842
1559.5773,2026-07-15T14:17:16.913588,0.000000,3.005819
1560.0802,2026-07-15T14:17:17.416519,0.000000,3.005762
1560.5364,2026-07-15T14:17:17.872743,0.000000,3.005754
1561.0301,2026-07-15T14:17:18.366390,0.000000,3.005608
1561.4937,2026-07-15T14:17:18.830031,0.000000,3.005486
1561.9851,2026-07-15T14:17:19.321336,0.000000,3.005427
1562.4948,2026-07-15T14:17:19.831137,0.000000,3.005434
1562.9883,2026-07-15T14:17:20.324633,0.000000,3.005434
1563.4834,2026-07-15T14:17:20.819739,0.000000,3.005406
1564.0092,2026-07-15T14:17:21.345506,0.000000,3.005378
1564.4611,2026-07-15T14:17:21.797342,0.000000,3.005400
1564.9474,2026-07-15T14:17:22.283713,0.000000,3.005422
1565.4424,2026-07-15T14:17:22.778718,0.000000,3.005411
1565.9442,2026-07-15T14:17:23.280528,0.000000,3.005403
1566.3957,2026-07-15T14:17:23.731960,0.000000,3.005416
1566.8589,2026-07-15T14:17:24.195147,0.000000,3.005413
1567.3550,2026-07-15T14:17:24.691283,0.000000,3.005384
1567.8112,2026-07-15T14:17:25.147462,0.000000,3.005339
1568.3083,2026-07-15T14:17:25.644561,0.000000,3.005397
1568.8004,2026-07-15T14:17:26.136729,0.000000,3.005421
1569.2589,2026-07-15T14:17:26.595146,0.000000,3.005390
1569.7885,2026-07-15T14:17:27.124782,0.000000,3.005282
1570.2775,2026-07-15T14:17:27.613834,0.000000,3.005280
1570.7759,2026-07-15T14:17:28.112203,0.000000,3.005315
1571.2544,2026-07-15T14:17:28.590667,0.000000,3.005392
1571.7165,2026-07-15T14:17:29.052809,0.000000,3.005477
1572.2025,2026-07-15T14:17:29.538802,0.000000,3.005568
1572.6587,2026-07-15T14:17:29.994971,0.000000,3.005651
1573.1592,2026-07-15T14:17:30.495521,0.000000,3.005642
1573.6160,2026-07-15T14:17:30.952302,0.000000,3.005699
1574.1137,2026-07-15T14:17:31.449990,0.000000,3.005834
1574.5995,2026-07-15T14:17:31.935760,0.000000,3.005958
1575.0822,2026-07-15T14:17:32.418484,0.000000,3.006107
1575.5611,2026-07-15T14:17:32.897374,0.000000,3.006136
1576.0632,2026-07-15T14:17:33.399465,0.000000,3.006214
1576.5953,2026-07-15T14:17:33.931545,0.000000,3.006331
1577.0988,2026-07-15T14:17:34.435097,0.000000,3.006421
1577.5564,2026-07-15T14:17:34.892717,0.000000,3.006443
1578.0492,2026-07-15T14:17:35.385538,0.000000,3.006522
1578.5346,2026-07-15T14:17:35.870909,0.000000,3.006686
1579.0321,2026-07-15T14:17:36.368351,0.000000,3.006779
1579.4990,2026-07-15T14:17:36.835322,0.000000,3.006864
1579.9816,2026-07-15T14:17:37.317866,0.000000,3.006893
1580.4313,2026-07-15T14:17:37.767599,0.000000,3.006962
1580.9257,2026-07-15T14:17:38.262021,0.000000,3.007008
1581.3823,2026-07-15T14:17:38.718623,0.000000,3.007026
1581.8438,2026-07-15T14:17:39.180111,0.000000,3.007067
1582.3018,2026-07-15T14:17:39.638133,0.000000,3.007062
1582.8029,2026-07-15T14:17:40.139176,0.000000,3.007099
1583.2515,2026-07-15T14:17:40.587841,0.000000,3.007093
1583.7107,2026-07-15T14:17:41.046976,0.000000,3.007016
1584.1816,2026-07-15T14:17:41.517909,0.000000,3.006970
1584.6836,2026-07-15T14:17:42.019846,0.000000,3.006933
1585.1712,2026-07-15T14:17:42.507502,0.000000,3.006984
1585.6569,2026-07-15T14:17:42.993225,0.000000,3.006990
1586.1575,2026-07-15T14:17:43.493801,0.000000,3.007058
1586.6565,2026-07-15T14:17:43.992814,0.000000,3.007045
1587.1566,2026-07-15T14:17:44.492877,0.000000,3.007069
1587.6156,2026-07-15T14:17:44.951851,0.000000,3.007086
1588.0781,2026-07-15T14:17:45.414391,0.000000,3.007061
1588.5539,2026-07-15T14:17:45.890151,0.000000,3.006990
1589.0548,2026-07-15T14:17:46.391120,0.000000,3.007016
1589.5204,2026-07-15T14:17:46.856747,0.000000,3.006997
1590.0141,2026-07-15T14:17:47.350352,0.000000,3.006960
1590.4702,2026-07-15T14:17:47.806474,0.000000,3.006952
1590.9605,2026-07-15T14:17:48.296823,0.000000,3.006802
1591.4139,2026-07-15T14:17:48.750152,0.000000,3.006805
1591.8741,2026-07-15T14:17:49.210402,0.000000,3.006856
1592.3304,2026-07-15T14:17:49.666715,0.000000,3.006891
1592.8254,2026-07-15T14:17:50.161734,0.000000,3.006965
1593.2785,2026-07-15T14:17:50.614751,0.000000,3.006982
1593.7794,2026-07-15T14:17:51.115720,0.000000,3.007077
1594.2732,2026-07-15T14:17:51.609449,0.000000,3.007203
1594.7290,2026-07-15T14:17:52.065264,0.000000,3.007342
1595.1930,2026-07-15T14:17:52.529272,0.000000,3.007370
1595.6727,2026-07-15T14:17:53.009021,0.000000,3.007446
1596.1684,2026-07-15T14:17:53.504671,0.000000,3.007506
1596.6291,2026-07-15T14:17:53.965440,0.000000,3.007469
1597.1182,2026-07-15T14:17:54.454472,0.000000,3.007469
1597.5726,2026-07-15T14:17:54.908919,0.000000,3.007438
1598.0571,2026-07-15T14:17:55.393424,0.000000,3.007405
1598.5151,2026-07-15T14:17:55.851376,0.000000,3.007330
1599.0260,2026-07-15T14:17:56.362266,0.000000,3.007176
1599.4998,2026-07-15T14:17:56.836083,0.000000,3.007035
1599.9538,2026-07-15T14:17:57.290147,0.000000,3.006971
1600.4572,2026-07-15T14:17:57.793496,0.000000,3.006898
1600.9454,2026-07-15T14:17:58.281671,0.000000,3.006882
1601.4160,2026-07-15T14:17:58.752308,0.000000,3.006882
1601.8688,2026-07-15T14:17:59.205096,0.000000,3.006843
1602.3485,2026-07-15T14:17:59.684825,0.000000,3.006758
1602.8431,2026-07-15T14:18:00.179413,0.000000,3.006744
1603.3060,2026-07-15T14:18:00.642297,0.000000,3.006798
1603.7666,2026-07-15T14:18:01.102901,0.000000,3.006832
1604.2224,2026-07-15T14:18:01.558672,0.000000,3.006875
1604.7278,2026-07-15T14:18:02.064110,0.000000,3.006834
1605.2028,2026-07-15T14:18:02.539071,0.000000,3.006853
1605.6757,2026-07-15T14:18:03.011939,0.000000,3.006846
1606.1528,2026-07-15T14:18:03.489063,0.000000,3.006824
1606.6127,2026-07-15T14:18:03.949007,0.000000,3.006805
1607.0620,2026-07-15T14:18:04.398314,0.000000,3.006834
1607.5215,2026-07-15T14:18:04.857747,0.000000,3.006878
1608.0072,2026-07-15T14:18:05.343523,0.000000,3.006915
1608.4735,2026-07-15T14:18:05.809781,0.000000,3.006947
1608.9752,2026-07-15T14:18:06.311513,0.000000,3.007013
1609.4738,2026-07-15T14:18:06.810113,0.000000,3.007066
1609.9988,2026-07-15T14:18:07.335071,0.000000,3.007133
1610.4856,2026-07-15T14:18:07.821919,0.000000,3.007248
1610.9836,2026-07-15T14:18:08.319911,0.000000,3.007354
1611.4407,2026-07-15T14:18:08.776944,0.000000,3.007458
1611.9024,2026-07-15T14:18:09.238657,0.000000,3.007611
1612.4020,2026-07-15T14:18:09.738310,0.000000,3.007658
1612.8682,2026-07-15T14:18:10.204501,0.000000,3.007658
1613.3391,2026-07-15T14:18:10.675443,0.000000,3.007669
1613.8044,2026-07-15T14:18:11.140678,0.000000,3.007706
1614.2605,2026-07-15T14:18:11.596836,0.000000,3.007678
1614.7187,2026-07-15T14:18:12.055022,0.000000,3.007667
1615.2155,2026-07-15T14:18:12.551768,0.000000,3.007683
1615.6717,2026-07-15T14:18:13.008028,0.000000,3.007677
1616.1192,2026-07-15T14:18:13.455515,0.000000,3.007610
1616.5639,2026-07-15T14:18:13.900161,0.000000,3.007549
1617.0569,2026-07-15T14:18:14.393226,0.000000,3.007410
1617.5227,2026-07-15T14:18:14.858964,0.000000,3.007339
1617.9890,2026-07-15T14:18:15.325308,0.000000,3.007277
1618.4583,2026-07-15T14:18:15.794617,0.000000,3.007200
1618.9289,2026-07-15T14:18:16.265165,0.000000,3.007085
1619.3880,2026-07-15T14:18:16.724262,0.000000,3.007067
1619.8814,2026-07-15T14:18:17.217646,0.000000,3.006931
1620.3642,2026-07-15T14:18:17.700493,0.000000,3.006835
1620.8139,2026-07-15T14:18:18.150203,0.000000,3.006749
1621.2839,2026-07-15T14:18:18.620176,0.000000,3.006746
1621.7459,2026-07-15T14:18:19.082196,0.000000,3.006656
1622.2293,2026-07-15T14:18:19.565618,0.000000,3.006622
1622.6852,2026-07-15T14:18:20.021491,0.000000,3.006616
1623.1674,2026-07-15T14:18:20.503675,0.000000,3.006595
1623.6287,2026-07-15T14:18:20.965040,0.000000,3.006675
1624.1222,2026-07-15T14:18:21.458493,0.000000,3.006765
1624.5786,2026-07-15T14:18:21.914889,0.000000,3.006814
1625.0658,2026-07-15T14:18:22.402129,0.000000,3.006904
1625.5305,2026-07-15T14:18:22.866760,0.000000,3.006914
1626.0209,2026-07-15T14:18:23.357200,0.000000,3.006958
1626.4778,2026-07-15T14:18:23.814069,0.000000,3.007098
1626.9566,2026-07-15T14:18:24.292866,0.000000,3.007128
1627.4120,2026-07-15T14:18:24.748265,0.000000,3.007165
1627.9026,2026-07-15T14:18:25.238864,0.000000,3.007230
1628.3893,2026-07-15T14:18:25.725570,0.000000,3.007227
1628.8650,2026-07-15T14:18:26.201334,0.000000,3.007187
1629.3520,2026-07-15T14:18:26.688288,0.000000,3.007142
1629.8542,2026-07-15T14:18:27.190512,0.000000,3.007123
1630.3066,2026-07-15T14:18:27.642928,0.000000,3.007213
1630.7643,2026-07-15T14:18:28.100626,0.000000,3.007258
1631.2338,2026-07-15T14:18:28.570058,0.000000,3.007182
1631.6819,2026-07-15T14:18:29.018172,0.000000,3.007179
1632.1830,2026-07-15T14:18:29.519338,0.000000,3.007211
1632.6402,2026-07-15T14:18:29.976480,0.000000,3.007258
1633.1454,2026-07-15T14:18:30.481719,0.000000,3.007282
1633.6495,2026-07-15T14:18:30.985828,0.000000,3.007358
1634.1165,2026-07-15T14:18:31.452865,0.000000,3.007363
1634.5807,2026-07-15T14:18:31.917022,0.000000,3.007370
1635.0792,2026-07-15T14:18:32.415529,0.000000,3.007318
1635.5818,2026-07-15T14:18:32.918071,0.000000,3.007200
1636.0854,2026-07-15T14:18:33.421734,0.000000,3.007213
1636.5402,2026-07-15T14:18:33.876469,0.000000,3.007242
1637.0435,2026-07-15T14:18:34.379789,0.000000,3.007222
1637.4979,2026-07-15T14:18:34.834185,0.000000,3.007133
1637.9877,2026-07-15T14:18:35.324016,0.000000,3.007117
1638.4487,2026-07-15T14:18:35.785008,0.000000,3.006995
1638.9192,2026-07-15T14:18:36.255516,0.000000,3.006893
1639.3803,2026-07-15T14:18:36.716631,0.000000,3.006822
1639.8312,2026-07-15T14:18:37.167441,0.000000,3.006795
1640.2808,2026-07-15T14:18:37.617052,0.000000,3.006790
1640.7494,2026-07-15T14:18:38.085665,0.000000,3.006734
1641.2438,2026-07-15T14:18:38.580122,0.000000,3.006605
1641.7324,2026-07-15T14:18:39.068717,0.000000,3.006534
1642.2161,2026-07-15T14:18:39.552399,0.000000,3.006494
1642.6827,2026-07-15T14:18:40.018983,0.000000,3.006496
1643.1700,2026-07-15T14:18:40.506286,0.000000,3.006544
1643.6232,2026-07-15T14:18:40.959535,0.000000,3.006614
1644.1281,2026-07-15T14:18:41.464347,0.000000,3.006726
1644.5811,2026-07-15T14:18:41.917347,0.000000,3.006829
1645.0498,2026-07-15T14:18:42.386103,0.000000,3.006883
1645.5164,2026-07-15T14:18:42.852675,0.000000,3.006872
1645.9990,2026-07-15T14:18:43.335318,0.000000,3.006906
1646.5181,2026-07-15T14:18:43.854430,0.000000,3.006987
1647.0177,2026-07-15T14:18:44.353984,0.000000,3.007022
1647.4846,2026-07-15T14:18:44.820863,0.000000,3.007120
1647.9397,2026-07-15T14:18:45.276015,0.000000,3.007133
1648.3909,2026-07-15T14:18:45.727256,0.000000,3.007170
1648.8568,2026-07-15T14:18:46.193055,0.000000,3.007235
1649.3259,2026-07-15T14:18:46.662241,0.000000,3.007229
1649.7906,2026-07-15T14:18:47.126937,0.000000,3.007208
1650.2737,2026-07-15T14:18:47.610029,0.000000,3.007232
1650.7240,2026-07-15T14:18:48.060314,0.000000,3.007258
1651.2281,2026-07-15T14:18:48.564399,0.000000,3.007298
1651.7265,2026-07-15T14:18:49.062824,0.000000,3.007354
1652.2193,2026-07-15T14:18:49.555614,0.000000,3.007331
1652.6735,2026-07-15T14:18:50.009767,0.000000,3.007251
1653.1727,2026-07-15T14:18:50.508972,0.000000,3.007290
1653.6306,2026-07-15T14:18:50.966934,0.000000,3.007198
1654.1336,2026-07-15T14:18:51.469936,0.000000,3.007173
1654.5979,2026-07-15T14:18:51.934209,0.000000,3.007138
1655.0628,2026-07-15T14:18:52.399092,0.000000,3.007126
1655.5357,2026-07-15T14:18:52.871971,0.000000,3.007165
1656.0313,2026-07-15T14:18:53.367601,0.000000,3.007189
1656.5313,2026-07-15T14:18:53.867581,0.000000,3.007104
1656.9779,2026-07-15T14:18:54.314168,0.000000,3.007013
1657.4814,2026-07-15T14:18:54.817696,0.000000,3.006970
1657.9540,2026-07-15T14:18:55.290274,0.000000,3.006955
1658.4049,2026-07-15T14:18:55.741207,0.000000,3.006968
1658.8913,2026-07-15T14:18:56.227570,0.000000,3.006973
1659.3455,2026-07-15T14:18:56.681773,0.000000,3.007000
1659.7904,2026-07-15T14:18:57.126722,0.000000,3.007003
1660.2537,2026-07-15T14:18:57.589992,0.000000,3.007011
1660.7115,2026-07-15T14:18:58.047744,0.000000,3.007050
1661.1988,2026-07-15T14:18:58.535041,0.000000,3.007123
1661.6576,2026-07-15T14:18:58.993916,0.000000,3.007174
1662.1564,2026-07-15T14:18:59.492696,0.000000,3.007280
1662.6117,2026-07-15T14:18:59.948008,0.000000,3.007392
1663.0696,2026-07-15T14:19:00.405890,0.000000,3.007418
1663.5537,2026-07-15T14:19:00.889966,0.000000,3.007454
1664.0466,2026-07-15T14:19:01.382938,0.000000,3.007518
1664.5061,2026-07-15T14:19:01.842426,0.000000,3.007560
1665.0069,2026-07-15T14:19:02.343174,0.000000,3.007646
1665.5100,2026-07-15T14:19:02.846306,0.000000,3.007696
1666.0128,2026-07-15T14:19:03.349103,0.000000,3.007723
1666.4638,2026-07-15T14:19:03.800072,0.000000,3.007696
1666.9701,2026-07-15T14:19:04.306438,0.000000,3.007754
1667.4208,2026-07-15T14:19:04.757107,0.000000,3.007792
1667.8801,2026-07-15T14:19:05.216371,0.000000,3.007803
1668.3845,2026-07-15T14:19:05.720773,0.000000,3.007851
1668.8387,2026-07-15T14:19:06.175029,0.000000,3.007920
1669.3321,2026-07-15T14:19:06.668393,0.000000,3.007968
1669.8150,2026-07-15T14:19:07.151260,0.000000,3.007994
1670.2730,2026-07-15T14:19:07.609321,0.000000,3.008005
1670.7719,2026-07-15T14:19:08.108149,0.000000,3.008066
1671.2721,2026-07-15T14:19:08.608415,0.000000,3.008155
1671.7449,2026-07-15T14:19:09.081191,0.000000,3.008216
1672.2734,2026-07-15T14:19:09.609658,0.000000,3.008251
1672.7223,2026-07-15T14:19:10.058634,0.000000,3.008243
1673.1904,2026-07-15T14:19:10.526664,0.000000,3.008253
1673.6740,2026-07-15T14:19:11.010262,0.000000,3.008269
1674.1735,2026-07-15T14:19:11.509804,0.000000,3.008235
1674.6281,2026-07-15T14:19:11.964408,0.000000,3.008186
1675.1017,2026-07-15T14:19:12.438042,0.000000,3.008160
1675.5765,2026-07-15T14:19:12.912833,0.000000,3.008122
1676.0568,2026-07-15T14:19:13.393120,0.000000,3.008099
1676.5545,2026-07-15T14:19:13.890746,0.000000,3.008034
1677.0199,2026-07-15T14:19:14.356239,0.000000,3.007981
1677.5153,2026-07-15T14:19:14.851606,0.000000,3.007971
1677.9863,2026-07-15T14:19:15.322546,0.000000,3.007963
1678.4552,2026-07-15T14:19:15.791516,0.000000,3.007933
1678.9110,2026-07-15T14:19:16.247249,0.000000,3.007910
1679.3623,2026-07-15T14:19:16.698545,0.000000,3.007888
1679.8220,2026-07-15T14:19:17.158307,0.000000,3.007907
1680.2765,2026-07-15T14:19:17.612792,0.000000,3.007890
1680.7330,2026-07-15T14:19:18.069280,0.000000,3.007806
1681.2276,2026-07-15T14:19:18.563926,0.000000,3.007763
1681.6828,2026-07-15T14:19:19.019132,0.000000,3.007733
1682.1796,2026-07-15T14:19:19.515852,0.000000,3.007642
1682.6417,2026-07-15T14:19:19.977959,0.000000,3.007616
1683.1247,2026-07-15T14:19:20.460972,0.000000,3.007602
1683.5929,2026-07-15T14:19:20.929228,0.000000,3.007493
1684.0931,2026-07-15T14:19:21.429376,0.000000,3.007475
1684.5945,2026-07-15T14:19:21.930816,0.000000,3.007395
1685.0765,2026-07-15T14:19:22.412832,0.000000,3.007296
1685.5246,2026-07-15T14:19:22.860861,0.000000,3.007288
1685.9976,2026-07-15T14:19:23.333898,0.000000,3.007254
1686.4984,2026-07-15T14:19:23.834652,0.000000,3.007251
1686.9865,2026-07-15T14:19:24.322836,0.000000,3.007242
1687.4501,2026-07-15T14:19:24.786359,0.000000,3.007198
1687.9438,2026-07-15T14:19:25.280044,0.000000,3.007163
1688.3912,2026-07-15T14:19:25.727449,0.000000,3.007128
1688.8706,2026-07-15T14:19:26.206848,0.000000,3.007128
1689.3684,2026-07-15T14:19:26.704710,0.000000,3.007190
1689.8277,2026-07-15T14:19:27.164030,0.000000,3.007248
1690.2831,2026-07-15T14:19:27.619346,0.000000,3.007302
1690.7331,2026-07-15T14:19:28.069348,0.000000,3.007286
1691.2229,2026-07-15T14:19:28.559150,0.000000,3.007296
1691.6748,2026-07-15T14:19:29.011138,0.000000,3.007323
1692.1522,2026-07-15T14:19:29.488539,0.000000,3.007304
1692.6465,2026-07-15T14:19:29.982825,0.000000,3.007373
1693.1473,2026-07-15T14:19:30.483599,0.000000,3.007370
1693.6082,2026-07-15T14:19:30.944497,0.000000,3.007413
1694.1139,2026-07-15T14:19:31.450225,0.000000,3.007370
1694.6102,2026-07-15T14:19:31.946471,0.000000,3.007379
1695.0832,2026-07-15T14:19:32.419439,0.000000,3.007453
1695.6091,2026-07-15T14:19:32.945335,0.000000,3.007482
1696.1115,2026-07-15T14:19:33.447812,0.000000,3.007512
1696.5669,2026-07-15T14:19:33.903191,0.000000,3.007590
1697.0535,2026-07-15T14:19:34.389754,0.000000,3.007576
1697.5496,2026-07-15T14:19:34.885867,0.000000,3.007555
1698.0193,2026-07-15T14:19:35.355628,0.000000,3.007542
1698.4667,2026-07-15T14:19:35.802952,0.000000,3.007576
1698.9258,2026-07-15T14:19:36.262063,0.000000,3.007597
1699.3762,2026-07-15T14:19:36.712474,0.000000,3.007632
1699.8254,2026-07-15T14:19:37.161707,0.000000,3.007598
1700.3183,2026-07-15T14:19:37.654628,0.000000,3.007534
1700.7949,2026-07-15T14:19:38.131215,0.000000,3.007574
1701.2933,2026-07-15T14:19:38.629615,0.000000,3.007560
1701.7527,2026-07-15T14:19:39.089022,0.000000,3.007530
1702.2505,2026-07-15T14:19:39.586750,0.000000,3.007622
1702.7452,2026-07-15T14:19:40.081448,0.000000,3.007678
1703.2283,2026-07-15T14:19:40.564550,0.000000,3.007691
1703.7081,2026-07-15T14:19:41.044355,0.000000,3.007651
1704.1839,2026-07-15T14:19:41.520157,0.000000,3.007618
1704.6673,2026-07-15T14:19:42.003642,0.000000,3.007614
1705.1795,2026-07-15T14:19:42.515832,0.000000,3.007621
1705.6345,2026-07-15T14:19:42.970747,0.000000,3.007640
1706.1383,2026-07-15T14:19:43.474616,0.000000,3.007677
1706.6379,2026-07-15T14:19:43.974168,0.000000,3.007701
1707.1038,2026-07-15T14:19:44.440107,0.000000,3.007720
1707.5766,2026-07-15T14:19:44.912941,0.000000,3.007714
1708.0782,2026-07-15T14:19:45.414463,0.000000,3.007733
1708.5390,2026-07-15T14:19:45.875339,0.000000,3.007755
1709.0337,2026-07-15T14:19:46.370016,0.000000,3.007734
1709.4901,2026-07-15T14:19:46.826409,0.000000,3.007672
1709.9902,2026-07-15T14:19:47.326445,0.000000,3.007701
1710.4373,2026-07-15T14:19:47.773575,0.000000,3.007690
1710.8966,2026-07-15T14:19:48.232870,0.000000,3.007670
1711.3543,2026-07-15T14:19:48.690622,0.000000,3.007651
1711.8125,2026-07-15T14:19:49.148810,0.000000,3.007650
1712.2897,2026-07-15T14:19:49.625967,0.000000,3.007638
1712.7994,2026-07-15T14:19:50.135677,0.000000,3.007611
1713.3023,2026-07-15T14:19:50.638557,0.000000,3.007632
1713.7841,2026-07-15T14:19:51.120409,0.000000,3.007656
1714.2852,2026-07-15T14:19:51.621441,0.000000,3.007616
1714.7417,2026-07-15T14:19:52.077976,0.000000,3.007614
1715.2164,2026-07-15T14:19:52.552735,0.000000,3.007584
1715.6689,2026-07-15T14:19:53.005222,0.000000,3.007515
1716.1730,2026-07-15T14:19:53.509292,0.000000,3.007461
1716.6725,2026-07-15T14:19:54.008819,0.000000,3.007437
1717.1663,2026-07-15T14:19:54.502585,0.000000,3.007442
1717.6564,2026-07-15T14:19:54.992666,0.000000,3.007421
1718.1454,2026-07-15T14:19:55.481706,0.000000,3.007414
1718.6289,2026-07-15T14:19:55.965241,0.000000,3.007392
1719.1398,2026-07-15T14:19:56.476065,0.000000,3.007392
1719.6059,2026-07-15T14:19:56.942172,0.000000,3.007442
1720.1119,2026-07-15T14:19:57.448215,0.000000,3.007443
1720.5582,2026-07-15T14:19:57.894516,0.000000,3.007466
1721.0498,2026-07-15T14:19:58.386136,0.000000,3.007512
1721.5434,2026-07-15T14:19:58.879660,0.000000,3.007470
1722.0519,2026-07-15T14:19:59.388197,0.000000,3.007483
1722.5309,2026-07-15T14:19:59.867141,0.000000,3.007453
1723.0189,2026-07-15T14:20:00.355235,0.000000,3.007363
1723.4651,2026-07-15T14:20:00.801375,0.000000,3.007365
1723.9658,2026-07-15T14:20:01.302137,0.000000,3.007400
1724.4288,2026-07-15T14:20:01.765100,0.000000,3.007414
1724.8808,2026-07-15T14:20:02.217073,0.000000,3.007408
1725.3311,2026-07-15T14:20:02.667436,0.000000,3.007397
1725.7876,2026-07-15T14:20:03.123888,0.000000,3.007402
1726.2472,2026-07-15T14:20:03.583449,0.000000,3.007384
1726.7242,2026-07-15T14:20:04.060472,0.000000,3.007355
1727.2240,2026-07-15T14:20:04.560291,0.000000,3.007355
1727.7093,2026-07-15T14:20:05.045557,0.000000,3.007373
1728.1950,2026-07-15T14:20:05.531312,0.000000,3.007406
1728.6766,2026-07-15T14:20:06.012893,0.000000,3.007418
1729.1728,2026-07-15T14:20:06.509133,0.000000,3.007419
1729.6788,2026-07-15T14:20:07.015083,0.000000,3.007381
1730.1666,2026-07-15T14:20:07.502894,0.000000,3.007477
1730.6230,2026-07-15T14:20:07.959289,0.000000,3.007547
1731.1208,2026-07-15T14:20:08.457069,0.000000,3.007616
1731.5738,2026-07-15T14:20:08.910116,0.000000,3.007661
1732.0662,2026-07-15T14:20:09.402509,0.000000,3.007730
1732.5215,2026-07-15T14:20:09.857743,0.000000,3.007832
1733.0226,2026-07-15T14:20:10.358894,0.000000,3.007872
1733.4824,2026-07-15T14:20:10.818656,0.000000,3.007942
1733.9375,2026-07-15T14:20:11.273807,0.000000,3.008021
1734.3998,2026-07-15T14:20:11.736075,0.000000,3.008114
1734.8654,2026-07-15T14:20:12.201708,0.000000,3.008096
1735.3212,2026-07-15T14:20:12.657498,0.000000,3.008123
1735.7732,2026-07-15T14:20:13.109444,0.000000,3.008154
1736.2755,2026-07-15T14:20:13.611774,0.000000,3.008146
1736.7744,2026-07-15T14:20:14.110688,0.000000,3.008149
1737.2594,2026-07-15T14:20:14.595705,0.000000,3.008168
1737.7494,2026-07-15T14:20:15.085749,0.000000,3.008157
1738.2791,2026-07-15T14:20:15.615371,0.000000,3.008194
1738.7426,2026-07-15T14:20:16.078852,0.000000,3.008134
1739.2434,2026-07-15T14:20:16.579676,0.000000,3.008131
1739.7400,2026-07-15T14:20:17.076298,0.000000,3.008144
1740.2436,2026-07-15T14:20:17.579889,0.000000,3.008098
1740.7205,2026-07-15T14:20:18.056788,0.000000,3.008056
1741.1770,2026-07-15T14:20:18.513311,0.000000,3.008021
1741.6362,2026-07-15T14:20:18.972471,0.000000,3.007922
1742.1284,2026-07-15T14:20:19.464676,0.000000,3.007838
1742.5841,2026-07-15T14:20:19.920399,0.000000,3.007781
1743.0804,2026-07-15T14:20:20.416718,0.000000,3.007768
1743.5353,2026-07-15T14:20:20.871586,0.000000,3.007709
1744.0278,2026-07-15T14:20:21.364111,0.000000,3.007696
1744.5206,2026-07-15T14:20:21.856894,0.000000,3.007686
1745.0152,2026-07-15T14:20:22.351464,0.000000,3.007736
1745.5089,2026-07-15T14:20:22.845218,0.000000,3.007790
1746.0216,2026-07-15T14:20:23.357879,0.000000,3.007728
1746.5206,2026-07-15T14:20:23.856912,0.000000,3.007776
1747.0121,2026-07-15T14:20:24.348440,0.000000,3.007827
1747.4954,2026-07-15T14:20:24.831720,0.000000,3.007848
1747.9954,2026-07-15T14:20:25.331732,0.000000,3.007888
1748.4522,2026-07-15T14:20:25.788481,0.000000,3.007909
1748.9561,2026-07-15T14:20:26.292382,0.000000,3.007934
1749.4493,2026-07-15T14:20:26.785619,0.000000,3.007954
1749.9009,2026-07-15T14:20:27.237233,0.000000,3.007888
1750.3524,2026-07-15T14:20:27.688697,0.000000,3.007832
1750.8094,2026-07-15T14:20:28.145653,0.000000,3.007867
1751.2586,2026-07-15T14:20:28.594849,0.000000,3.007864
1751.7208,2026-07-15T14:20:29.057122,0.000000,3.007800
1752.2206,2026-07-15T14:20:29.556898,0.000000,3.007794
1752.7121,2026-07-15T14:20:30.048442,0.000000,3.007762
1753.1873,2026-07-15T14:20:30.523641,0.000000,3.007722
1753.6365,2026-07-15T14:20:30.972821,0.000000,3.007650
1754.1227,2026-07-15T14:20:31.459027,0.000000,3.007576
1754.5791,2026-07-15T14:20:31.915399,0.000000,3.007510
1755.0855,2026-07-15T14:20:32.421790,0.000000,3.007555
1755.5432,2026-07-15T14:20:32.879449,0.000000,3.007528
1756.0415,2026-07-15T14:20:33.377778,0.000000,3.007470
1756.4864,2026-07-15T14:20:33.822730,0.000000,3.007520
1756.9972,2026-07-15T14:20:34.333535,0.000000,3.007504
1757.4535,2026-07-15T14:20:34.789827,0.000000,3.007525
1757.9476,2026-07-15T14:20:35.283898,0.000000,3.007520
1758.4499,2026-07-15T14:20:35.786159,0.000000,3.007507
1758.9004,2026-07-15T14:20:36.236677,0.000000,3.007573
1759.3541,2026-07-15T14:20:36.690362,0.000000,3.007653
1759.8163,2026-07-15T14:20:37.152563,0.000000,3.007728
1760.3038,2026-07-15T14:20:37.640087,0.000000,3.007782
1760.7938,2026-07-15T14:20:38.130129,0.000000,3.007894
1761.2738,2026-07-15T14:20:38.610060,0.000000,3.007933
1761.7426,2026-07-15T14:20:39.078874,0.000000,3.007962
1762.2246,2026-07-15T14:20:39.560891,0.000000,3.007994
1762.6702,2026-07-15T14:20:40.006477,0.000000,3.008043
1763.1706,2026-07-15T14:20:40.506938,0.000000,3.008101
1763.6176,2026-07-15T14:20:40.953869,0.000000,3.008173
1764.1131,2026-07-15T14:20:41.449375,0.000000,3.008186
1764.5678,2026-07-15T14:20:41.904134,0.000000,3.008200
1765.0256,2026-07-15T14:20:42.361856,0.000000,3.008181
1765.4869,2026-07-15T14:20:42.823178,0.000000,3.008070
1765.9460,2026-07-15T14:20:43.282332,0.000000,3.008056
1766.4417,2026-07-15T14:20:43.777951,0.000000,3.008066
1766.8966,2026-07-15T14:20:44.232854,0.000000,3.008098
1767.3700,2026-07-15T14:20:44.706242,0.000000,3.008155
1767.8507,2026-07-15T14:20:45.186961,0.000000,3.008174
1768.3055,2026-07-15T14:20:45.641820,0.000000,3.008230
1768.8084,2026-07-15T14:20:46.144732,0.000000,3.008246
1769.2640,2026-07-15T14:20:46.600292,0.000000,3.008234
1769.7557,2026-07-15T14:20:47.091976,0.000000,3.008267
1770.2512,2026-07-15T14:20:47.587537,0.000000,3.008325
1770.7576,2026-07-15T14:20:48.093931,0.000000,3.008371
1771.2584,2026-07-15T14:20:48.594687,0.000000,3.008379
1771.7311,2026-07-15T14:20:49.067424,0.000000,3.008480
1772.1997,2026-07-15T14:20:49.535994,0.000000,3.008472
1772.6902,2026-07-15T14:20:50.026456,0.000000,3.008477
1773.1748,2026-07-15T14:20:50.511099,0.000000,3.008464
1773.6329,2026-07-15T14:20:50.969201,0.000000,3.008461
1774.1295,2026-07-15T14:20:51.465766,0.000000,3.008483
1774.5787,2026-07-15T14:20:51.914960,0.000000,3.008486
1775.0544,2026-07-15T14:20:52.390654,0.000000,3.008483
1775.5090,2026-07-15T14:20:52.845326,0.000000,3.008410
1776.0071,2026-07-15T14:20:53.343392,0.000000,3.008437
1776.4619,2026-07-15T14:20:53.798190,0.000000,3.008408
1776.9582,2026-07-15T14:20:54.294491,0.000000,3.008390
1777.4214,2026-07-15T14:20:54.757647,0.000000,3.008392
1777.8799,2026-07-15T14:20:55.216216,0.000000,3.008349
1778.3385,2026-07-15T14:20:55.674775,0.000000,3.008323
1778.7931,2026-07-15T14:20:56.129378,0.000000,3.008304
1779.2705,2026-07-15T14:20:56.606759,0.000000,3.008299
1779.7288,2026-07-15T14:20:57.065064,0.000000,3.008293
1780.2209,2026-07-15T14:20:57.557156,0.000000,3.008330
1780.6756,2026-07-15T14:20:58.011854,0.000000,3.008357
1781.1701,2026-07-15T14:20:58.506336,0.000000,3.008336
1781.6254,2026-07-15T14:20:58.961743,0.000000,3.008275
1782.1124,2026-07-15T14:20:59.448685,0.000000,3.008270
1782.5924,2026-07-15T14:20:59.928686,0.000000,3.008250
1783.0622,2026-07-15T14:21:00.398469,0.000000,3.008293
1783.5134,2026-07-15T14:21:00.849675,0.000000,3.008342
1784.0115,2026-07-15T14:21:01.347776,0.000000,3.008360
1784.5085,2026-07-15T14:21:01.844756,0.000000,3.008384
1785.0068,2026-07-15T14:21:02.343072,0.000000,3.008413
1785.4963,2026-07-15T14:21:02.832573,0.000000,3.008381
1785.9983,2026-07-15T14:21:03.334564,0.000000,3.008378
1786.4831,2026-07-15T14:21:03.819435,0.000000,3.008450
1786.9863,2026-07-15T14:21:04.322615,0.000000,3.008456
1787.4655,2026-07-15T14:21:04.801798,0.000000,3.008426
1787.9939,2026-07-15T14:21:05.330163,0.000000,3.008422
1788.4917,2026-07-15T14:21:05.827983,0.000000,3.008430
1788.9947,2026-07-15T14:21:06.330960,0.000000,3.008418
1789.4406,2026-07-15T14:21:06.776853,0.000000,3.008387
1789.9000,2026-07-15T14:21:07.236284,0.000000,3.008422
1790.3595,2026-07-15T14:21:07.695752,0.000000,3.008445
1790.8180,2026-07-15T14:21:08.154258,0.000000,3.008462
1791.2649,2026-07-15T14:21:08.601167,0.000000,3.008371
1791.7309,2026-07-15T14:21:09.067167,0.000000,3.008323
1792.2336,2026-07-15T14:21:09.569895,0.000000,3.008290
1792.6882,2026-07-15T14:21:10.024503,0.000000,3.008245
1793.1585,2026-07-15T14:21:10.494766,0.000000,3.008197
1793.6154,2026-07-15T14:21:10.951706,0.000000,3.008091
1794.0732,2026-07-15T14:21:11.409528,0.000000,3.007995
1794.5321,2026-07-15T14:21:11.868349,0.000000,3.007965
1795.0339,2026-07-15T14:21:12.370218,0.000000,3.007891
1795.4996,2026-07-15T14:21:12.835864,0.000000,3.007869
1795.9981,2026-07-15T14:21:13.334378,0.000000,3.007837
1796.4640,2026-07-15T14:21:13.800284,0.000000,3.007864
1796.9241,2026-07-15T14:21:14.260424,0.000000,3.007885
1797.3850,2026-07-15T14:21:14.721277,0.000000,3.007917
1797.8656,2026-07-15T14:21:15.201891,0.000000,3.007944
1798.3146,2026-07-15T14:21:15.650898,0.000000,3.007957
1798.8110,2026-07-15T14:21:16.147246,0.000000,3.007981
1799.2594,2026-07-15T14:21:16.595684,0.000000,3.008000
1799.7229,2026-07-15T14:21:17.059190,0.000000,3.007950
1800.1657,2026-07-15T14:21:17.501994,0.000000,3.007898
1800.6420,2026-07-15T14:21:17.978265,0.000000,3.007832
1801.1283,2026-07-15T14:21:18.464570,0.000000,3.007810
1801.6187,2026-07-15T14:21:18.955005,0.000000,3.007803
1802.0906,2026-07-15T14:21:19.426895,0.000000,3.007810
1802.5496,2026-07-15T14:21:19.885881,0.000000,3.007818
1803.0420,2026-07-15T14:21:20.378333,0.000000,3.007808
1803.4973,2026-07-15T14:21:20.833578,0.000000,3.007789
1803.9982,2026-07-15T14:21:21.334514,0.000000,3.007754
1804.4841,2026-07-15T14:21:21.820386,0.000000,3.007816
1804.9867,2026-07-15T14:21:22.323000,0.000000,3.007808
1805.4876,2026-07-15T14:21:22.823857,0.000000,3.007858
1805.9843,2026-07-15T14:21:23.320615,0.000000,3.007818
1806.4385,2026-07-15T14:21:23.774764,0.000000,3.007790
1806.9056,2026-07-15T14:21:24.241853,0.000000,3.007786
1807.3822,2026-07-15T14:21:24.718464,0.000000,3.007770
1807.8784,2026-07-15T14:21:25.214727,0.000000,3.007730
1808.3355,2026-07-15T14:21:25.671780,0.000000,3.007747
1808.7848,2026-07-15T14:21:26.121084,0.000000,3.007806
1809.2528,2026-07-15T14:21:26.589113,0.000000,3.007830
1809.7086,2026-07-15T14:21:27.044878,0.000000,3.007891
1810.1795,2026-07-15T14:21:27.515752,0.000000,3.007923
1810.6272,2026-07-15T14:21:27.963456,0.000000,3.007963
1811.1128,2026-07-15T14:21:28.449061,0.000000,3.007982
1811.5779,2026-07-15T14:21:28.914205,0.000000,3.008014
1812.0558,2026-07-15T14:21:29.392072,0.000000,3.008077
1812.5172,2026-07-15T14:21:29.853516,0.000000,3.008106
1812.9796,2026-07-15T14:21:30.315859,0.000000,3.008086
1813.4343,2026-07-15T14:21:30.770594,0.000000,3.008107
1813.8854,2026-07-15T14:21:31.221724,0.000000,3.008094
1814.3625,2026-07-15T14:21:31.698754,0.000000,3.008000
1814.8428,2026-07-15T14:21:32.179120,0.000000,3.007950
1815.3189,2026-07-15T14:21:32.655209,0.000000,3.007923
1815.7792,2026-07-15T14:21:33.115514,0.000000,3.007899
1816.2799,2026-07-15T14:21:33.616178,0.000000,3.007893
1816.7444,2026-07-15T14:21:34.080647,0.000000,3.007853
1817.2164,2026-07-15T14:21:34.552704,0.000000,3.007771
1817.6953,2026-07-15T14:21:35.031593,0.000000,3.007726
1818.1909,2026-07-15T14:21:35.527230,0.000000,3.007707
1818.6791,2026-07-15T14:21:36.015430,0.000000,3.007675
1819.1779,2026-07-15T14:21:36.514167,0.000000,3.007632
1819.6428,2026-07-15T14:21:36.979054,0.000000,3.007685
1820.1462,2026-07-15T14:21:37.482505,0.000000,3.007622
1820.6738,2026-07-15T14:21:38.010119,0.000000,3.007600
1821.1720,2026-07-15T14:21:38.508346,0.000000,3.007578
1821.6375,2026-07-15T14:21:38.973762,0.000000,3.007542
1822.1326,2026-07-15T14:21:39.468876,0.000000,3.007574
1822.5852,2026-07-15T14:21:39.921469,0.000000,3.007589
1823.0696,2026-07-15T14:21:40.405887,0.000000,3.007573
1823.5436,2026-07-15T14:21:40.879891,0.000000,3.007578
1824.0099,2026-07-15T14:21:41.346215,0.000000,3.007614
1824.4713,2026-07-15T14:21:41.807559,0.000000,3.007650
1824.9337,2026-07-15T14:21:42.270031,0.000000,3.007606
1825.4009,2026-07-15T14:21:42.737179,0.000000,3.007582
1825.8655,2026-07-15T14:21:43.201817,0.000000,3.007581
1826.3549,2026-07-15T14:21:43.691204,0.000000,3.007480
1826.8045,2026-07-15T14:21:44.140840,0.000000,3.007403
1827.2963,2026-07-15T14:21:44.632551,0.000000,3.007334
1827.7667,2026-07-15T14:21:45.103001,0.000000,3.007242
1828.2546,2026-07-15T14:21:45.590869,0.000000,3.007186
1828.7340,2026-07-15T14:21:46.070249,0.000000,3.007078
1829.2053,2026-07-15T14:21:46.541549,0.000000,3.007000
1829.7007,2026-07-15T14:21:47.036973,0.000000,3.006880
1830.2076,2026-07-15T14:21:47.543911,0.000000,3.006790
1830.6658,2026-07-15T14:21:48.002067,0.000000,3.006752
1831.1423,2026-07-15T14:21:48.478605,0.000000,3.006709
1831.6154,2026-07-15T14:21:48.951736,0.000000,3.006742
1832.1105,2026-07-15T14:21:49.446804,0.000000,3.006734
1832.5808,2026-07-15T14:21:49.917098,0.000000,3.006794
1833.0385,2026-07-15T14:21:50.374774,0.000000,3.006864
1833.5087,2026-07-15T14:21:50.845030,0.000000,3.006906
1834.0122,2026-07-15T14:21:51.348453,0.000000,3.006934
1834.5135,2026-07-15T14:21:51.849817,0.000000,3.006934
1835.0075,2026-07-15T14:21:52.343841,0.000000,3.006974
1835.5069,2026-07-15T14:21:52.843230,0.000000,3.007034
1836.0304,2026-07-15T14:21:53.366719,0.000000,3.007141
1836.4976,2026-07-15T14:21:53.833873,0.000000,3.007256
1836.9963,2026-07-15T14:21:54.332607,0.000000,3.007317
1837.4669,2026-07-15T14:21:54.803173,0.000000,3.007397
1837.9614,2026-07-15T14:21:55.297671,0.000000,3.007402
1838.4221,2026-07-15T14:21:55.758438,0.000000,3.007477
1838.8867,2026-07-15T14:21:56.222986,0.000000,3.007531
1839.3310,2026-07-15T14:21:56.667327,0.000000,3.007686
1839.8009,2026-07-15T14:21:57.137216,0.000000,3.007758
1840.3004,2026-07-15T14:21:57.636733,0.000000,3.007810
1840.7513,2026-07-15T14:21:58.087607,0.000000,3.007778
1841.2247,2026-07-15T14:21:58.561022,0.000000,3.007723
1841.7253,2026-07-15T14:21:59.061575,0.000000,3.007714
1842.2268,2026-07-15T14:21:59.563091,0.000000,3.007691
1842.7089,2026-07-15T14:22:00.045226,0.000000,3.007677
1843.1650,2026-07-15T14:22:00.501245,0.000000,3.007707
1843.6327,2026-07-15T14:22:00.969022,0.000000,3.007725
1844.1286,2026-07-15T14:22:01.464937,0.000000,3.007710
1844.6072,2026-07-15T14:22:01.943526,0.000000,3.007662
1845.0751,2026-07-15T14:22:02.411435,0.000000,3.007702
1845.5338,2026-07-15T14:22:02.870095,0.000000,3.007781
1846.0393,2026-07-15T14:22:03.375583,0.000000,3.007806
1846.5244,2026-07-15T14:22:03.860718,0.000000,3.007800
1847.0301,2026-07-15T14:22:04.366372,0.000000,3.007818
1847.4897,2026-07-15T14:22:04.826007,0.000000,3.007890
1847.9951,2026-07-15T14:22:05.331403,0.000000,3.007853
1848.4480,2026-07-15T14:22:05.784332,0.000000,3.007901
1848.9468,2026-07-15T14:22:06.283078,0.000000,3.007933
1849.4229,2026-07-15T14:22:06.759143,0.000000,3.007955
1849.9089,2026-07-15T14:22:07.245235,0.000000,3.007994
1850.3809,2026-07-15T14:22:07.717155,0.000000,3.007963
1850.8384,2026-07-15T14:22:08.174722,0.000000,3.007994
1851.2963,2026-07-15T14:22:08.632614,0.000000,3.008045
1851.7451,2026-07-15T14:22:09.081370,0.000000,3.008062
1852.2442,2026-07-15T14:22:09.580481,0.000000,3.008061
1852.7477,2026-07-15T14:22:10.084015,0.000000,3.008032
1853.2448,2026-07-15T14:22:10.581102,0.000000,3.007963
1853.7035,2026-07-15T14:22:11.039793,0.000000,3.007832
1854.1638,2026-07-15T14:22:11.500096,0.000000,3.007726
1854.6383,2026-07-15T14:22:11.974637,0.000000,3.007606
1855.1088,2026-07-15T14:22:12.445054,0.000000,3.007534
1855.5689,2026-07-15T14:22:12.905239,0.000000,3.007462
1856.0615,2026-07-15T14:22:13.397793,0.000000,3.007379
1856.5212,2026-07-15T14:22:13.857519,0.000000,3.007296
1857.0227,2026-07-15T14:22:14.358987,0.000000,3.007238
1857.4878,2026-07-15T14:22:14.824073,0.000000,3.007214
1857.9885,2026-07-15T14:22:15.324771,0.000000,3.007187
1858.4526,2026-07-15T14:22:15.788927,0.000000,3.007208
1858.9275,2026-07-15T14:22:16.263795,0.000000,3.007280
1859.4324,2026-07-15T14:22:16.768727,0.000000,3.007373
1859.8798,2026-07-15T14:22:17.216140,0.000000,3.007528
1860.3348,2026-07-15T14:22:17.671075,0.000000,3.007634
1860.7795,2026-07-15T14:22:18.115774,0.000000,3.007696
1861.2613,2026-07-15T14:22:18.597543,0.000000,3.007774
1861.7787,2026-07-15T14:22:19.115007,0.000000,3.007810
1862.2577,2026-07-15T14:22:19.593959,0.000000,3.007882
1862.7173,2026-07-15T14:22:20.053568,0.000000,3.007899
1863.2287,2026-07-15T14:22:20.564961,0.000000,3.007966
1863.6817,2026-07-15T14:22:21.017988,0.000000,3.008054
1864.1787,2026-07-15T14:22:21.515014,0.000000,3.008075
1864.6661,2026-07-15T14:22:22.002339,0.000000,3.008029
1865.1828,2026-07-15T14:22:22.519104,0.000000,3.008022
1865.6696,2026-07-15T14:22:23.005939,0.000000,3.008048
1866.1446,2026-07-15T14:22:23.480871,0.000000,3.008053
1866.5992,2026-07-15T14:22:23.935467,0.000000,3.008093
1867.0849,2026-07-15T14:22:24.421184,0.000000,3.008110
1867.5339,2026-07-15T14:22:24.870184,0.000000,3.008090
1868.0324,2026-07-15T14:22:25.368671,0.000000,3.008048
1868.4924,2026-07-15T14:22:25.828709,0.000000,3.007994
1868.9837,2026-07-15T14:22:26.320018,0.000000,3.007926
1869.4744,2026-07-15T14:22:26.810706,0.000000,3.007912
1869.9495,2026-07-15T14:22:27.285826,0.000000,3.007880
1870.4059,2026-07-15T14:22:27.742148,0.000000,3.007821
1870.8967,2026-07-15T14:22:28.232982,0.000000,3.007776
1871.3592,2026-07-15T14:22:28.695542,0.000000,3.007709
1871.8165,2026-07-15T14:22:29.152830,0.000000,3.007717
1872.3091,2026-07-15T14:22:29.645421,0.000000,3.007742
1872.7630,2026-07-15T14:22:30.099252,0.000000,3.007810
1873.2595,2026-07-15T14:22:30.595745,0.000000,3.007891
1873.7126,2026-07-15T14:22:31.048875,0.000000,3.007904
1874.1724,2026-07-15T14:22:31.508726,0.000000,3.007949
1874.6245,2026-07-15T14:22:31.960777,0.000000,3.007941
1875.1196,2026-07-15T14:22:32.455870,0.000000,3.007976
1875.5759,2026-07-15T14:22:32.912231,0.000000,3.008024
1876.0751,2026-07-15T14:22:33.411423,0.000000,3.008021
1876.5325,2026-07-15T14:22:33.868757,0.000000,3.008037
1877.0328,2026-07-15T14:22:34.369106,0.000000,3.008005
1877.5220,2026-07-15T14:22:34.858265,0.000000,3.007963
1878.0096,2026-07-15T14:22:35.345887,0.000000,3.007974
1878.4666,2026-07-15T14:22:35.802909,0.000000,3.007930
1878.9240,2026-07-15T14:22:36.260260,0.000000,3.007877
1879.4309,2026-07-15T14:22:36.767229,0.000000,3.007877
1879.8835,2026-07-15T14:22:37.219781,0.000000,3.007883
1880.3419,2026-07-15T14:22:37.678185,0.000000,3.007802
1880.8313,2026-07-15T14:22:38.167627,0.000000,3.007822
1881.3140,2026-07-15T14:22:38.650322,0.000000,3.007842
1881.7605,2026-07-15T14:22:39.096752,0.000000,3.007877
1882.2384,2026-07-15T14:22:39.574709,0.000000,3.007902
1882.7185,2026-07-15T14:22:40.054771,0.000000,3.007843
1883.1986,2026-07-15T14:22:40.534888,0.000000,3.007813
1883.7217,2026-07-15T14:22:41.058025,0.000000,3.007816
1884.2023,2026-07-15T14:22:41.538591,0.000000,3.007824
1884.6823,2026-07-15T14:22:42.018610,0.000000,3.007827
1885.1764,2026-07-15T14:22:42.512788,0.000000,3.007832
1885.6246,2026-07-15T14:22:42.960925,0.000000,3.007789
1886.1164,2026-07-15T14:22:43.452680,0.000000,3.007773
1886.5736,2026-07-15T14:22:43.909921,0.000000,3.007787
1887.0739,2026-07-15T14:22:44.410234,0.000000,3.007758
1887.5424,2026-07-15T14:22:44.878650,0.000000,3.007802
1888.0410,2026-07-15T14:22:45.377310,0.000000,3.007842
1888.5246,2026-07-15T14:22:45.860857,0.000000,3.007886
1889.0526,2026-07-15T14:22:46.388858,0.000000,3.007939
1889.5178,2026-07-15T14:22:46.854130,0.000000,3.007968
1889.9845,2026-07-15T14:22:47.320747,0.000000,3.008013
1890.4482,2026-07-15T14:22:47.784498,0.000000,3.008112
1890.9053,2026-07-15T14:22:48.241635,0.000000,3.008141
1891.3596,2026-07-15T14:22:48.695902,0.000000,3.008174
1891.8413,2026-07-15T14:22:49.177629,0.000000,3.008155
1892.3012,2026-07-15T14:22:49.637489,0.000000,3.008115
1892.7580,2026-07-15T14:22:50.094244,0.000000,3.008093
1893.2309,2026-07-15T14:22:50.567182,0.000000,3.008085
1893.7289,2026-07-15T14:22:51.065245,0.000000,3.008029
1894.2271,2026-07-15T14:22:51.563440,0.000000,3.007946
1894.6768,2026-07-15T14:22:52.013082,0.000000,3.007875
1895.1746,2026-07-15T14:22:52.510849,0.000000,3.007786
1895.6395,2026-07-15T14:22:52.975830,0.000000,3.007717
1896.1454,2026-07-15T14:22:53.481723,0.000000,3.007632
1896.5995,2026-07-15T14:22:53.935817,0.000000,3.007603
1897.0871,2026-07-15T14:22:54.423405,0.000000,3.007606
1897.5417,2026-07-15T14:22:54.878036,0.000000,3.007650
1897.9972,2026-07-15T14:22:55.333493,0.000000,3.007696
1898.4598,2026-07-15T14:22:55.796087,0.000000,3.007669
1898.9620,2026-07-15T14:22:56.298326,0.000000,3.007730
1899.4094,2026-07-15T14:22:56.745674,0.000000,3.007794
1899.8887,2026-07-15T14:22:57.224947,0.000000,3.007830
1900.3677,2026-07-15T14:22:57.703978,0.000000,3.007894
1900.8598,2026-07-15T14:22:58.196130,0.000000,3.007960
1901.3179,2026-07-15T14:22:58.654161,0.000000,3.007976
1901.7736,2026-07-15T14:22:59.109908,0.000000,3.008019
1902.2576,2026-07-15T14:22:59.593859,0.000000,3.008056
1902.7058,2026-07-15T14:23:00.042052,0.000000,3.008115
1903.1697,2026-07-15T14:23:00.505975,0.000000,3.008085
1903.6205,2026-07-15T14:23:00.956825,0.000000,3.008082
1904.1162,2026-07-15T14:23:01.452542,0.000000,3.008064
1904.5874,2026-07-15T14:23:01.923740,0.000000,3.008056
1905.0919,2026-07-15T14:23:02.428185,0.000000,3.008030
1905.5687,2026-07-15T14:23:02.905017,0.000000,3.007995
1906.0686,2026-07-15T14:23:03.404860,0.000000,3.007955
1906.5506,2026-07-15T14:23:03.886937,0.000000,3.007936
1907.0727,2026-07-15T14:23:04.409016,0.000000,3.007877
1907.5380,2026-07-15T14:23:04.874280,0.000000,3.007853
1908.0139,2026-07-15T14:23:05.350222,0.000000,3.007864
1908.5001,2026-07-15T14:23:05.836363,0.000000,3.007912
1908.9968,2026-07-15T14:23:06.333098,0.000000,3.007952
1909.4775,2026-07-15T14:23:06.813808,0.000000,3.007925
1909.9540,2026-07-15T14:23:07.290287,0.000000,3.007952
1910.4666,2026-07-15T14:23:07.802916,0.000000,3.007949
1910.9178,2026-07-15T14:23:08.254118,0.000000,3.008016
1911.3804,2026-07-15T14:23:08.716711,0.000000,3.008034
1911.8805,2026-07-15T14:23:09.216761,0.000000,3.008040
1912.3384,2026-07-15T14:23:09.674659,0.000000,3.008040
1912.8071,2026-07-15T14:23:10.143342,0.000000,3.007990
1913.2934,2026-07-15T14:23:10.629654,0.000000,3.007952
1913.7551,2026-07-15T14:23:11.091406,0.000000,3.007872
1914.2556,2026-07-15T14:23:11.592088,0.000000,3.007862
1914.7501,2026-07-15T14:23:12.086410,0.000000,3.007802
1915.2263,2026-07-15T14:23:12.562593,0.000000,3.007774
1915.6774,2026-07-15T14:23:13.013737,0.000000,3.007765
1916.1640,2026-07-15T14:23:13.500258,0.000000,3.007706
1916.6275,2026-07-15T14:23:13.963839,0.000000,3.007651
1917.1344,2026-07-15T14:23:14.470702,0.000000,3.007619
1917.5807,2026-07-15T14:23:14.917039,0.000000,3.007592
1918.0844,2026-07-15T14:23:15.420660,0.000000,3.007608
1918.5301,2026-07-15T14:23:15.866435,0.000000,3.007616
1919.0174,2026-07-15T14:23:16.353700,0.000000,3.007568
1919.4873,2026-07-15T14:23:16.823569,0.000000,3.007587
1919.9598,2026-07-15T14:23:17.296076,0.000000,3.007643
1920.4545,2026-07-15T14:23:17.790819,0.000000,3.007645
1920.9104,2026-07-15T14:23:18.246671,0.000000,3.007600
1921.3611,2026-07-15T14:23:18.697436,0.000000,3.007582
1921.8357,2026-07-15T14:23:19.172017,0.000000,3.007600
1922.3220,2026-07-15T14:23:19.658291,0.000000,3.007587
1922.7750,2026-07-15T14:23:20.111311,0.000000,3.007528
1923.2764,2026-07-15T14:23:20.612639,0.000000,3.007475
1923.7249,2026-07-15T14:23:21.061221,0.000000,3.007445
1924.1924,2026-07-15T14:23:21.528698,0.000000,3.007446
1924.6515,2026-07-15T14:23:21.987773,0.000000,3.007418
1925.1524,2026-07-15T14:23:22.488687,0.000000,3.007408
1925.6454,2026-07-15T14:23:22.981710,0.000000,3.007424
1926.1364,2026-07-15T14:23:23.472731,0.000000,3.007454
1926.6305,2026-07-15T14:23:23.966830,0.000000,3.007453
1927.1416,2026-07-15T14:23:24.477853,0.000000,3.007437
1927.5942,2026-07-15T14:23:24.930466,0.000000,3.007453
1928.0937,2026-07-15T14:23:25.429982,0.000000,3.007498
1928.5659,2026-07-15T14:23:25.902231,0.000000,3.007488
1929.0510,2026-07-15T14:23:26.387273,0.000000,3.007478
1929.5130,2026-07-15T14:23:26.849295,0.000000,3.007430
1929.9690,2026-07-15T14:23:27.305269,0.000000,3.007435
1930.4303,2026-07-15T14:23:27.766583,0.000000,3.007454
1930.8945,2026-07-15T14:23:28.230758,0.000000,3.007440
1931.3666,2026-07-15T14:23:28.702939,0.000000,3.007451
1931.8212,2026-07-15T14:23:29.157474,0.000000,3.007422
1932.2703,2026-07-15T14:23:29.606617,0.000000,3.007458
1932.7744,2026-07-15T14:23:30.110685,0.000000,3.007432
1933.2465,2026-07-15T14:23:30.582768,0.000000,3.007486
1933.7044,2026-07-15T14:23:31.040679,0.000000,3.007496
1934.1892,2026-07-15T14:23:31.525499,0.000000,3.007502
1934.6544,2026-07-15T14:23:31.990695,0.000000,3.007534
1935.1473,2026-07-15T14:23:32.483576,0.000000,3.007573
1935.6055,2026-07-15T14:23:32.941808,0.000000,3.007547
1936.1041,2026-07-15T14:23:33.440394,0.000000,3.007552
1936.6125,2026-07-15T14:23:33.948786,0.000000,3.007554
1937.1140,2026-07-15T14:23:34.450278,0.000000,3.007634
1937.5630,2026-07-15T14:23:34.899274,0.000000,3.007698
1938.0625,2026-07-15T14:23:35.398769,0.000000,3.007720
1938.5113,2026-07-15T14:23:35.847624,0.000000,3.007738
1939.0393,2026-07-15T14:23:36.375594,0.000000,3.007760
1939.5040,2026-07-15T14:23:36.840315,0.000000,3.007787
1940.0073,2026-07-15T14:23:37.343622,0.000000,3.007782
1940.4571,2026-07-15T14:23:37.793385,0.000000,3.007771
1940.9161,2026-07-15T14:23:38.252342,0.000000,3.007760
1941.3831,2026-07-15T14:23:38.719347,0.000000,3.007746
1941.8399,2026-07-15T14:23:39.176182,0.000000,3.007744
1942.2985,2026-07-15T14:23:39.634741,0.000000,3.007749
1942.7511,2026-07-15T14:23:40.087402,0.000000,3.007706
1943.2056,2026-07-15T14:23:40.541910,0.000000,3.007701
1943.6688,2026-07-15T14:23:41.005046,0.000000,3.007698
1944.1663,2026-07-15T14:23:41.502616,0.000000,3.007693
1944.6098,2026-07-15T14:23:41.946052,0.000000,3.007664
1945.0798,2026-07-15T14:23:42.416078,0.000000,3.007667
1945.5338,2026-07-15T14:23:42.870103,0.000000,3.007707
1946.0304,2026-07-15T14:23:43.366685,0.000000,3.007734
1946.4819,2026-07-15T14:23:43.818193,0.000000,3.007763
1946.9751,2026-07-15T14:23:44.311376,0.000000,3.007750
1947.4406,2026-07-15T14:23:44.776929,0.000000,3.007730
1947.9100,2026-07-15T14:23:45.246285,0.000000,3.007726
1948.4058,2026-07-15T14:23:45.742138,0.000000,3.007718
1948.9135,2026-07-15T14:23:46.249764,0.000000,3.007774
1949.3955,2026-07-15T14:23:46.731803,0.000000,3.007789
1949.8433,2026-07-15T14:23:47.179639,0.000000,3.007808
1950.3013,2026-07-15T14:23:47.637563,0.000000,3.007790
1950.7566,2026-07-15T14:23:48.092922,0.000000,3.007795
1951.2173,2026-07-15T14:23:48.553620,0.000000,3.007742
1951.7269,2026-07-15T14:23:49.063152,0.000000,3.007797
1952.2234,2026-07-15T14:23:49.559726,0.000000,3.007826
1952.6820,2026-07-15T14:23:50.018279,0.000000,3.007846
1953.1785,2026-07-15T14:23:50.514794,0.000000,3.007856
1953.7040,2026-07-15T14:23:51.040254,0.000000,3.007858
1954.1879,2026-07-15T14:23:51.524187,0.000000,3.007794
1954.6851,2026-07-15T14:23:52.021415,0.000000,3.007763
1955.1831,2026-07-15T14:23:52.519407,0.000000,3.007758
1955.6464,2026-07-15T14:23:52.982648,0.000000,3.007738
1956.1202,2026-07-15T14:23:53.456469,0.000000,3.007698
1956.5778,2026-07-15T14:23:53.914085,0.000000,3.007669
1957.0668,2026-07-15T14:23:54.403101,0.000000,3.007648
1957.5224,2026-07-15T14:23:54.858649,0.000000,3.007664
1958.0148,2026-07-15T14:23:55.351074,0.000000,3.007630
1958.4765,2026-07-15T14:23:55.812820,0.000000,3.007650
1958.9422,2026-07-15T14:23:56.278507,0.000000,3.007690
1959.4122,2026-07-15T14:23:56.748533,0.000000,3.007774
1959.8741,2026-07-15T14:23:57.210379,0.000000,3.007806
1960.3276,2026-07-15T14:23:57.663846,0.000000,3.007885
1960.8303,2026-07-15T14:23:58.166545,0.000000,3.007989
1961.2862,2026-07-15T14:23:58.622488,0.000000,3.008067
1961.7822,2026-07-15T14:23:59.118541,0.000000,3.008123
1962.2378,2026-07-15T14:23:59.574123,0.000000,3.008147
1962.7199,2026-07-15T14:24:00.056186,0.000000,3.008166
1963.1975,2026-07-15T14:24:00.533815,0.000000,3.008194
1963.6526,2026-07-15T14:24:00.988893,0.000000,3.008234
1964.1174,2026-07-15T14:24:01.453653,0.000000,3.008229
1964.5860,2026-07-15T14:24:01.922333,0.000000,3.008234
1965.0871,2026-07-15T14:24:02.423396,0.000000,3.008203
1965.5559,2026-07-15T14:24:02.892229,0.000000,3.008187
1966.0478,2026-07-15T14:24:03.384083,0.000000,3.008224
1966.4947,2026-07-15T14:24:03.830973,0.000000,3.008139
1966.9646,2026-07-15T14:24:04.300881,0.000000,3.008082
1967.4394,2026-07-15T14:24:04.775716,0.000000,3.008056
1967.8945,2026-07-15T14:24:05.230823,0.000000,3.008029
1968.3783,2026-07-15T14:24:05.714598,0.000000,3.007986
1968.8395,2026-07-15T14:24:06.175807,0.000000,3.007965
1969.2950,2026-07-15T14:24:06.631320,0.000000,3.007942
1969.7471,2026-07-15T14:24:07.083392,0.000000,3.007914
1970.2546,2026-07-15T14:24:07.590896,0.000000,3.007894
1970.7142,2026-07-15T14:24:08.050509,0.000000,3.007845
1971.2015,2026-07-15T14:24:08.537788,0.000000,3.007866
1971.6556,2026-07-15T14:24:08.991846,0.000000,3.007928
1972.1294,2026-07-15T14:24:09.465708,0.000000,3.007965
1972.5857,2026-07-15T14:24:09.922037,0.000000,3.008002
1973.0878,2026-07-15T14:24:10.424070,0.000000,3.008070
1973.5645,2026-07-15T14:24:10.900752,0.000000,3.008072
1974.0567,2026-07-15T14:24:11.392964,0.000000,3.008128
1974.5119,2026-07-15T14:24:11.848188,0.000000,3.008147
1974.9892,2026-07-15T14:24:12.325463,0.000000,3.008181
1975.4945,2026-07-15T14:24:12.830758,0.000000,3.008218
1975.9898,2026-07-15T14:24:13.326069,0.000000,3.008266
1976.4959,2026-07-15T14:24:13.832135,0.000000,3.008250
1976.9941,2026-07-15T14:24:14.330441,0.000000,3.008256
1977.4987,2026-07-15T14:24:14.835023,0.000000,3.008299
1977.9945,2026-07-15T14:24:15.330803,0.000000,3.008312
1978.5026,2026-07-15T14:24:15.838901,0.000000,3.008334
1978.9927,2026-07-15T14:24:16.329015,0.000000,3.008290
1979.4474,2026-07-15T14:24:16.783697,0.000000,3.008317
1979.8979,2026-07-15T14:24:17.234196,0.000000,3.008298
1980.3977,2026-07-15T14:24:17.733981,0.000000,3.008298
1980.8957,2026-07-15T14:24:18.232006,0.000000,3.008250
1981.3392,2026-07-15T14:24:18.675536,0.000000,3.008251
1981.7942,2026-07-15T14:24:19.130467,0.000000,3.008264
1982.2543,2026-07-15T14:24:19.590628,0.000000,3.008214
1982.7113,2026-07-15T14:24:20.047543,0.000000,3.008213
1983.1698,2026-07-15T14:24:20.506052,0.000000,3.008227
1983.6237,2026-07-15T14:24:20.960039,0.000000,3.008250
1984.1237,2026-07-15T14:24:21.460054,0.000000,3.008290
1984.5794,2026-07-15T14:24:21.915658,0.000000,3.008310
1985.0796,2026-07-15T14:24:22.415899,0.000000,3.008347
1985.5442,2026-07-15T14:24:22.880494,0.000000,3.008421
1986.0177,2026-07-15T14:24:23.354017,0.000000,3.008480
1986.4779,2026-07-15T14:24:23.814209,0.000000,3.008498
1986.9292,2026-07-15T14:24:24.265455,0.000000,3.008514
1987.3959,2026-07-15T14:24:24.732199,0.000000,3.008523
1987.8474,2026-07-15T14:24:25.183656,0.000000,3.008550
1988.3037,2026-07-15T14:24:25.639949,0.000000,3.008544
1988.7925,2026-07-15T14:24:26.128836,0.000000,3.008486
1989.2455,2026-07-15T14:24:26.581769,0.000000,3.008421
1989.6963,2026-07-15T14:24:27.032569,0.000000,3.008394
1990.1648,2026-07-15T14:24:27.501126,0.000000,3.008416
1990.6069,2026-07-15T14:24:27.943144,0.000000,3.008378
1991.1130,2026-07-15T14:24:28.449262,0.000000,3.008330
1991.6148,2026-07-15T14:24:28.951086,0.000000,3.008325
1992.1003,2026-07-15T14:24:29.436627,0.000000,3.008299
1992.5560,2026-07-15T14:24:29.892274,0.000000,3.008309
1993.0381,2026-07-15T14:24:30.374373,0.000000,3.008354
1993.5264,2026-07-15T14:24:30.862740,0.000000,3.008402
1994.0159,2026-07-15T14:24:31.352200,0.000000,3.008531
1994.4993,2026-07-15T14:24:31.835576,0.000000,3.008619
1995.0236,2026-07-15T14:24:32.359881,0.000000,3.008648
1995.4839,2026-07-15T14:24:32.820190,0.000000,3.008688
1995.9802,2026-07-15T14:24:33.316499,0.000000,3.008752
1996.4731,2026-07-15T14:24:33.809379,0.000000,3.008826
1996.9241,2026-07-15T14:24:34.260350,0.000000,3.008869
1997.3824,2026-07-15T14:24:34.718690,0.000000,3.008914
1997.8321,2026-07-15T14:24:35.168363,0.000000,3.008901
1998.2906,2026-07-15T14:24:35.626923,0.000000,3.008907
1998.7522,2026-07-15T14:24:36.088500,0.000000,3.008893
1999.2074,2026-07-15T14:24:36.543674,0.000000,3.008899
1999.7017,2026-07-15T14:24:37.038018,0.000000,3.008872
2000.1823,2026-07-15T14:24:37.518599,0.000000,3.008934
2000.6417,2026-07-15T14:24:37.977946,0.000000,3.008950
2001.1388,2026-07-15T14:24:38.475058,0.000000,3.008981
2001.6011,2026-07-15T14:24:38.937428,0.000000,3.008976
2002.0691,2026-07-15T14:24:39.405418,0.000000,3.008973
2002.5718,2026-07-15T14:24:39.908087,0.000000,3.009005
2003.0677,2026-07-15T14:24:40.403969,0.000000,3.008992
2003.5858,2026-07-15T14:24:40.922137,0.000000,3.008990
2004.0711,2026-07-15T14:24:41.407351,0.000000,3.009005
2004.5524,2026-07-15T14:24:41.888707,0.000000,3.008992
2005.0475,2026-07-15T14:24:42.383834,0.000000,3.008973
2005.5442,2026-07-15T14:24:42.880495,0.000000,3.008957
2006.0190,2026-07-15T14:24:43.355290,0.000000,3.008955
2006.4886,2026-07-15T14:24:43.824843,0.000000,3.008947
2006.9840,2026-07-15T14:24:44.320334,0.000000,3.008950
2007.4406,2026-07-15T14:24:44.776928,0.000000,3.008917
2007.8913,2026-07-15T14:24:45.227584,0.000000,3.008861
2008.3522,2026-07-15T14:24:45.688531,0.000000,3.008854
2008.8435,2026-07-15T14:24:46.179804,0.000000,3.008856
2009.2990,2026-07-15T14:24:46.635327,0.000000,3.008842
2009.7524,2026-07-15T14:24:47.088650,0.000000,3.008859
2010.2487,2026-07-15T14:24:47.585001,0.000000,3.008872
2010.7061,2026-07-15T14:24:48.042409,0.000000,3.008882
2011.1997,2026-07-15T14:24:48.535959,0.000000,3.008861
2011.6981,2026-07-15T14:24:49.034427,0.000000,3.008858
2012.2019,2026-07-15T14:24:49.538154,0.000000,3.008864
2012.7089,2026-07-15T14:24:50.045234,0.000000,3.008933
2013.2026,2026-07-15T14:24:50.538905,0.000000,3.008934
2013.6553,2026-07-15T14:24:50.991554,0.000000,3.008918
2014.1606,2026-07-15T14:24:51.496913,0.000000,3.008923
2014.6234,2026-07-15T14:24:51.959694,0.000000,3.008893
2015.1018,2026-07-15T14:24:52.438115,0.000000,3.008829
2015.5686,2026-07-15T14:24:52.904939,0.000000,3.008821
2016.0282,2026-07-15T14:24:53.364530,0.000000,3.008851
2016.5068,2026-07-15T14:24:53.843096,0.000000,3.008832
2017.0133,2026-07-15T14:24:54.349630,0.000000,3.008746
2017.5083,2026-07-15T14:24:54.844559,0.000000,3.008742
2017.9614,2026-07-15T14:24:55.297657,0.000000,3.008754
2018.4173,2026-07-15T14:24:55.753606,0.000000,3.008806
2018.8688,2026-07-15T14:24:56.205080,0.000000,3.008834
2019.3531,2026-07-15T14:24:56.689353,0.000000,3.008875
2019.8007,2026-07-15T14:24:57.136958,0.000000,3.008890
2020.2992,2026-07-15T14:24:57.635478,0.000000,3.008942
2020.7618,2026-07-15T14:24:58.098137,0.000000,3.008918
2021.2684,2026-07-15T14:24:58.604684,0.000000,3.008858
2021.7497,2026-07-15T14:24:59.085948,0.000000,3.008909
2022.2196,2026-07-15T14:24:59.555924,0.000000,3.008965
2022.6967,2026-07-15T14:25:00.033013,0.000000,3.009018
2023.2026,2026-07-15T14:25:00.538865,0.000000,3.009026
2023.6571,2026-07-15T14:25:00.993336,0.000000,3.009013
2024.1298,2026-07-15T14:25:01.466050,0.000000,3.009042
2024.6213,2026-07-15T14:25:01.957596,0.000000,3.009072
2025.1095,2026-07-15T14:25:02.445815,0.000000,3.009072
2025.5777,2026-07-15T14:25:02.914003,0.000000,3.009102
2026.0805,2026-07-15T14:25:03.416792,0.000000,3.009162
2026.5761,2026-07-15T14:25:03.912360,0.000000,3.009173
2027.0784,2026-07-15T14:25:04.414719,0.000000,3.009160
2027.5699,2026-07-15T14:25:04.906224,0.000000,3.009131
2028.0717,2026-07-15T14:25:05.408038,0.000000,3.009141
2028.5525,2026-07-15T14:25:05.888752,0.000000,3.009173
2029.0698,2026-07-15T14:25:06.406068,0.000000,3.009182
2029.5269,2026-07-15T14:25:06.863205,0.000000,3.009139
2030.0193,2026-07-15T14:25:07.355641,0.000000,3.009109
2030.4830,2026-07-15T14:25:07.819250,0.000000,3.009090
2030.9760,2026-07-15T14:25:08.312325,0.000000,3.009086
2031.4843,2026-07-15T14:25:08.820561,0.000000,3.009109
2031.9773,2026-07-15T14:25:09.313583,0.000000,3.009082
2032.4334,2026-07-15T14:25:09.769742,0.000000,3.009040
2032.8863,2026-07-15T14:25:10.222618,0.000000,3.008976
2033.3596,2026-07-15T14:25:10.695921,0.000000,3.009026
2033.8157,2026-07-15T14:25:11.152021,0.000000,3.008994
2034.2881,2026-07-15T14:25:11.624403,0.000000,3.008968
2034.7412,2026-07-15T14:25:12.077517,0.000000,3.009003
2035.2403,2026-07-15T14:25:12.576546,0.000000,3.008971
2035.7406,2026-07-15T14:25:13.076942,0.000000,3.008987
2036.2387,2026-07-15T14:25:13.575002,0.000000,3.008986
2036.6929,2026-07-15T14:25:14.029227,0.000000,3.008960
2037.1717,2026-07-15T14:25:14.507959,0.000000,3.008931
2037.6311,2026-07-15T14:25:14.967396,0.000000,3.008944
2038.1337,2026-07-15T14:25:15.470002,0.000000,3.008912
2038.5823,2026-07-15T14:25:15.918576,0.000000,3.008923
2039.0880,2026-07-15T14:25:16.424273,0.000000,3.008886
2039.5452,2026-07-15T14:25:16.881530,0.000000,3.008843
2040.0402,2026-07-15T14:25:17.376516,0.000000,3.008814
2040.4980,2026-07-15T14:25:17.834255,0.000000,3.008774
2040.9449,2026-07-15T14:25:18.281231,0.000000,3.008758
2041.4072,2026-07-15T14:25:18.743533,0.000000,3.008739
2041.8609,2026-07-15T14:25:19.197162,0.000000,3.008776
2042.3136,2026-07-15T14:25:19.649932,0.000000,3.008741
2042.8054,2026-07-15T14:25:20.141699,0.000000,3.008763
2043.3100,2026-07-15T14:25:20.646286,0.000000,3.008699
2043.7541,2026-07-15T14:25:21.090406,0.000000,3.008709
2044.2079,2026-07-15T14:25:21.544154,0.000000,3.008731
2044.6539,2026-07-15T14:25:21.990208,0.000000,3.008806
2045.1472,2026-07-15T14:25:22.483484,0.000000,3.008810
2045.5975,2026-07-15T14:25:22.933756,0.000000,3.008818
2046.0529,2026-07-15T14:25:23.389237,0.000000,3.008821
2046.5286,2026-07-15T14:25:23.864906,0.000000,3.008794
2047.0052,2026-07-15T14:25:24.341534,0.000000,3.008805
2047.4657,2026-07-15T14:25:24.801983,0.000000,3.008827
2047.9117,2026-07-15T14:25:25.247972,0.000000,3.008840
2048.3704,2026-07-15T14:25:25.706644,0.000000,3.008848
2048.8317,2026-07-15T14:25:26.167998,0.000000,3.008824
2049.2864,2026-07-15T14:25:26.622649,0.000000,3.008814
2049.7933,2026-07-15T14:25:27.129558,0.000000,3.008789
2050.2737,2026-07-15T14:25:27.609982,0.000000,3.008798
2050.7376,2026-07-15T14:25:28.073887,0.000000,3.008832
2051.2136,2026-07-15T14:25:28.549899,0.000000,3.008837
2051.6716,2026-07-15T14:25:29.007864,0.000000,3.008870
2052.1285,2026-07-15T14:25:29.464819,0.000000,3.008827
2052.5804,2026-07-15T14:25:29.916732,0.000000,3.008806
2053.0595,2026-07-15T14:25:30.395781,0.000000,3.008827
2053.5570,2026-07-15T14:25:30.893282,0.000000,3.008798
2054.0593,2026-07-15T14:25:31.395604,0.000000,3.008814
2054.5119,2026-07-15T14:25:31.848144,0.000000,3.008821
2055.0179,2026-07-15T14:25:32.354222,0.000000,3.008821
2055.4697,2026-07-15T14:25:32.806034,0.000000,3.008781
2055.9706,2026-07-15T14:25:33.306901,0.000000,3.008734
2056.4308,2026-07-15T14:25:33.767063,0.000000,3.008714
2056.9349,2026-07-15T14:25:34.271142,0.000000,3.008730
2057.4379,2026-07-15T14:25:34.774160,0.000000,3.008736
2057.9069,2026-07-15T14:25:35.243202,0.000000,3.008662
2058.3798,2026-07-15T14:25:35.716132,0.000000,3.008634
2058.9050,2026-07-15T14:25:36.241251,0.000000,3.008606
2059.3653,2026-07-15T14:25:36.701560,0.000000,3.008576
2059.8206,2026-07-15T14:25:37.156935,0.000000,3.008565
2060.2930,2026-07-15T14:25:37.629276,0.000000,3.008582
2060.7725,2026-07-15T14:25:38.108772,0.000000,3.008618
2061.2414,2026-07-15T14:25:38.577696,0.000000,3.008656
2061.7343,2026-07-15T14:25:39.070627,0.000000,3.008634
2062.2302,2026-07-15T14:25:39.566533,0.000000,3.008619
2062.6886,2026-07-15T14:25:40.024928,0.000000,3.008662
2063.1818,2026-07-15T14:25:40.518126,0.000000,3.008678
2063.6287,2026-07-15T14:25:40.964953,0.000000,3.008696
2064.1285,2026-07-15T14:25:41.464772,0.000000,3.008659
2064.5881,2026-07-15T14:25:41.924364,0.000000,3.008610
2065.0689,2026-07-15T14:25:42.405236,0.000000,3.008603
2065.5331,2026-07-15T14:25:42.869425,0.000000,3.008563
2066.0392,2026-07-15T14:25:43.375509,0.000000,3.008562
2066.4913,2026-07-15T14:25:43.827583,0.000000,3.008528
2066.9671,2026-07-15T14:25:44.303442,0.000000,3.008536
2067.4267,2026-07-15T14:25:44.763008,0.000000,3.008536
2067.8782,2026-07-15T14:25:45.214444,0.000000,3.008574
2068.3252,2026-07-15T14:25:45.661478,0.000000,3.008555
2068.7952,2026-07-15T14:25:46.131530,0.000000,3.008552
2069.2645,2026-07-15T14:25:46.600830,0.000000,3.008570
2069.7192,2026-07-15T14:25:47.055472,0.000000,3.008574
2070.2047,2026-07-15T14:25:47.540962,0.000000,3.008552
2070.6607,2026-07-15T14:25:47.996998,0.000000,3.008499
2071.1458,2026-07-15T14:25:48.482083,0.000000,3.008469
2071.6178,2026-07-15T14:25:48.954035,0.000000,3.008461
2072.1049,2026-07-15T14:25:49.441188,0.000000,3.008426
2072.6017,2026-07-15T14:25:49.938004,0.000000,3.008382
2073.0781,2026-07-15T14:25:50.414393,0.000000,3.008346
2073.5743,2026-07-15T14:25:50.910573,0.000000,3.008304
2074.0875,2026-07-15T14:25:51.423804,0.000000,3.008344
2074.5411,2026-07-15T14:25:51.877363,0.000000,3.008362
2075.0406,2026-07-15T14:25:52.376903,0.000000,3.008350
2075.5021,2026-07-15T14:25:52.838438,0.000000,3.008406
2075.9665,2026-07-15T14:25:53.302800,0.000000,3.008451
2076.4276,2026-07-15T14:25:53.763872,0.000000,3.008464
2076.8829,2026-07-15T14:25:54.219145,0.000000,3.008480
2077.3414,2026-07-15T14:25:54.677726,0.000000,3.008466
2077.8226,2026-07-15T14:25:55.158862,0.000000,3.008531
2078.3242,2026-07-15T14:25:55.660479,0.000000,3.008600
2078.8267,2026-07-15T14:25:56.162963,0.000000,3.008614
2079.2970,2026-07-15T14:25:56.633287,0.000000,3.008643
2079.7641,2026-07-15T14:25:57.100352,0.000000,3.008683
2080.2572,2026-07-15T14:25:57.593512,0.000000,3.008627
2080.7864,2026-07-15T14:25:58.122728,0.000000,3.008611
2081.2779,2026-07-15T14:25:58.614239,0.000000,3.008651
2081.7364,2026-07-15T14:25:59.072741,0.000000,3.008638
2082.2309,2026-07-15T14:25:59.567244,0.000000,3.008642
2082.6872,2026-07-15T14:26:00.023440,0.000000,3.008613
2083.1556,2026-07-15T14:26:00.491894,0.000000,3.008581
2083.6264,2026-07-15T14:26:00.962666,0.000000,3.008523
2084.1156,2026-07-15T14:26:01.451862,0.000000,3.008475
2084.5809,2026-07-15T14:26:01.917191,0.000000,3.008474
2085.0791,2026-07-15T14:26:02.415379,0.000000,3.008475
2085.5364,2026-07-15T14:26:02.872662,0.000000,3.008443
2086.0343,2026-07-15T14:26:03.370588,0.000000,3.008416
2086.4874,2026-07-15T14:26:03.823705,0.000000,3.008358
2086.9742,2026-07-15T14:26:04.310455,0.000000,3.008350
2087.4289,2026-07-15T14:26:04.765175,0.000000,3.008344
2087.8888,2026-07-15T14:26:05.225071,0.000000,3.008350
2088.3478,2026-07-15T14:26:05.684120,0.000000,3.008330
2088.8072,2026-07-15T14:26:06.143471,0.000000,3.008395
2089.2823,2026-07-15T14:26:06.618560,0.000000,3.008362
2089.7406,2026-07-15T14:26:07.076860,0.000000,3.008355
2090.2290,2026-07-15T14:26:07.565306,0.000000,3.008402
2090.6882,2026-07-15T14:26:08.024479,0.000000,3.008462
2091.1588,2026-07-15T14:26:08.495049,0.000000,3.008491
2091.6327,2026-07-15T14:26:08.968992,0.000000,3.008576
2092.1305,2026-07-15T14:26:09.466835,0.000000,3.008605
2092.6341,2026-07-15T14:26:09.970339,0.000000,3.008629
2093.1273,2026-07-15T14:26:10.463550,0.000000,3.008637
2093.5793,2026-07-15T14:26:10.915599,0.000000,3.008696
2094.0642,2026-07-15T14:26:11.400520,0.000000,3.008754
2094.5662,2026-07-15T14:26:11.902452,0.000000,3.008795
2095.0659,2026-07-15T14:26:12.402203,0.000000,3.008790
2095.5459,2026-07-15T14:26:12.882144,0.000000,3.008758
2096.0161,2026-07-15T14:26:13.352405,0.000000,3.008749
2096.5227,2026-07-15T14:26:13.859021,0.000000,3.008739
2097.0035,2026-07-15T14:26:14.339750,0.000000,3.008717
2097.4583,2026-07-15T14:26:14.794610,0.000000,3.008733
2097.9507,2026-07-15T14:26:15.287040,0.000000,3.008741
2098.4085,2026-07-15T14:26:15.744780,0.000000,3.008728
2098.8930,2026-07-15T14:26:16.229343,0.000000,3.008654
2099.3638,2026-07-15T14:26:16.700113,0.000000,3.008640
2099.8623,2026-07-15T14:26:17.198635,0.000000,3.008659
2100.3559,2026-07-15T14:26:17.692208,0.000000,3.008654
2100.8085,2026-07-15T14:26:18.144801,0.000000,3.008659
2101.3034,2026-07-15T14:26:18.639682,0.000000,3.008643
2101.8035,2026-07-15T14:26:19.139781,0.000000,3.008686
2102.2835,2026-07-15T14:26:19.619783,0.000000,3.008638
2102.8057,2026-07-15T14:26:20.142005,0.000000,3.008667
2103.2587,2026-07-15T14:26:20.595036,0.000000,3.008632
2103.7659,2026-07-15T14:26:21.102236,0.000000,3.008690
2104.2588,2026-07-15T14:26:21.595133,0.000000,3.008715
2104.7107,2026-07-15T14:26:22.046985,0.000000,3.008741
2105.2032,2026-07-15T14:26:22.539457,0.000000,3.008787
2105.6583,2026-07-15T14:26:22.994588,0.000000,3.008832
2106.1601,2026-07-15T14:26:23.496431,0.000000,3.008888
2106.6561,2026-07-15T14:26:23.992376,0.000000,3.008858
2107.1517,2026-07-15T14:26:24.487947,0.000000,3.008882
2107.6580,2026-07-15T14:26:24.994308,0.000000,3.008910
2108.1702,2026-07-15T14:26:25.506455,0.000000,3.008920
2108.6604,2026-07-15T14:26:25.996714,0.000000,3.008926
2109.1600,2026-07-15T14:26:26.496311,0.000000,3.008939
2109.6623,2026-07-15T14:26:26.998582,0.000000,3.008955
2110.1602,2026-07-15T14:26:27.496517,0.000000,3.008998
2110.6180,2026-07-15T14:26:27.954279,0.000000,3.008966
2111.1228,2026-07-15T14:26:28.459049,0.000000,3.008952
2111.5789,2026-07-15T14:26:28.915195,0.000000,3.008987
2112.0745,2026-07-15T14:26:29.410832,0.000000,3.009016
2112.5254,2026-07-15T14:26:29.861694,0.000000,3.009038
2113.0271,2026-07-15T14:26:30.363357,0.000000,3.009064
2113.4750,2026-07-15T14:26:30.811259,0.000000,3.009043
2113.9425,2026-07-15T14:26:31.278748,0.000000,3.009091
2114.4031,2026-07-15T14:26:31.739429,0.000000,3.009053
2114.8915,2026-07-15T14:26:32.227784,0.000000,3.009053
2115.3350,2026-07-15T14:26:32.671274,0.000000,3.009091
2115.8341,2026-07-15T14:26:33.170370,0.000000,3.009104
2116.2835,2026-07-15T14:26:33.619799,0.000000,3.009158
2116.7451,2026-07-15T14:26:34.081407,0.000000,3.009139
2117.2391,2026-07-15T14:26:34.575408,0.000000,3.009168
2117.7006,2026-07-15T14:26:35.036937,0.000000,3.009107
2118.2038,2026-07-15T14:26:35.540068,0.000000,3.009128
2118.6777,2026-07-15T14:26:36.013979,0.000000,3.009117
2119.1749,2026-07-15T14:26:36.511167,0.000000,3.009131
2119.6512,2026-07-15T14:26:36.987497,0.000000,3.009256
2120.1286,2026-07-15T14:26:37.464927,0.000000,3.009272
2120.5954,2026-07-15T14:26:37.931732,0.000000,3.009283
2121.0702,2026-07-15T14:26:38.406508,0.000000,3.009318
2121.5599,2026-07-15T14:26:38.896148,0.000000,3.009278
2122.0640,2026-07-15T14:26:39.400332,0.000000,3.009317
2122.5416,2026-07-15T14:26:39.877914,0.000000,3.009355
2123.0686,2026-07-15T14:26:40.404942,0.000000,3.009421
2123.5698,2026-07-15T14:26:40.906126,0.000000,3.009435
2124.0716,2026-07-15T14:26:41.407900,0.000000,3.009459
2124.5260,2026-07-15T14:26:41.862295,0.000000,3.009374
2124.9835,2026-07-15T14:26:42.319784,0.000000,3.009326
2125.4337,2026-07-15T14:26:42.769999,0.000000,3.009277
2125.9155,2026-07-15T14:26:43.251745,0.000000,3.009226
2126.3660,2026-07-15T14:26:43.702241,0.000000,3.009211
2126.8304,2026-07-15T14:26:44.166737,0.000000,3.009162
2127.2843,2026-07-15T14:26:44.620563,0.000000,3.009112
2127.7873,2026-07-15T14:26:45.123629,0.000000,3.009069
2128.2372,2026-07-15T14:26:45.573527,0.000000,3.009091
2128.7352,2026-07-15T14:26:46.071492,0.000000,3.009104
2129.1892,2026-07-15T14:26:46.525535,0.000000,3.009155
2129.6943,2026-07-15T14:26:47.030562,0.000000,3.009184
2130.1619,2026-07-15T14:26:47.498180,0.000000,3.009216
2130.6183,2026-07-15T14:26:47.954607,0.000000,3.009203
2131.0668,2026-07-15T14:26:48.403061,0.000000,3.009251
2131.5621,2026-07-15T14:26:48.898394,0.000000,3.009323
2132.0655,2026-07-15T14:26:49.401779,0.000000,3.009306
2132.5283,2026-07-15T14:26:49.864552,0.000000,3.009338
2133.0021,2026-07-15T14:26:50.338348,0.000000,3.009358
2133.4664,2026-07-15T14:26:50.802720,0.000000,3.009354
2133.9603,2026-07-15T14:26:51.296594,0.000000,3.009322
2134.4529,2026-07-15T14:26:51.789226,0.000000,3.009248
2134.9064,2026-07-15T14:26:52.242694,0.000000,3.009213
2135.4020,2026-07-15T14:26:52.738273,0.000000,3.009176
2135.8998,2026-07-15T14:26:53.236092,0.000000,3.009218
2136.3802,2026-07-15T14:26:53.716460,0.000000,3.009195
2136.9100,2026-07-15T14:26:54.246258,0.000000,3.009216
2137.4076,2026-07-15T14:26:54.743903,0.000000,3.009178
2137.8998,2026-07-15T14:26:55.236105,0.000000,3.009086
2138.3806,2026-07-15T14:26:55.716915,0.000000,3.009059
2138.8410,2026-07-15T14:26:56.177259,0.000000,3.009075
2139.2965,2026-07-15T14:26:56.632742,0.000000,3.009093
2139.7548,2026-07-15T14:26:57.091084,0.000000,3.009088
2140.2518,2026-07-15T14:26:57.588120,0.000000,3.009090
2140.7531,2026-07-15T14:26:58.089380,0.000000,3.009117
2141.2138,2026-07-15T14:26:58.550109,0.000000,3.009114
2141.7127,2026-07-15T14:26:59.048964,0.000000,3.009158
2142.1710,2026-07-15T14:26:59.507301,0.000000,3.009219
2142.6662,2026-07-15T14:27:00.002511,0.000000,3.009285
2143.1329,2026-07-15T14:27:00.469205,0.000000,3.009342
2143.6325,2026-07-15T14:27:00.968789,0.000000,3.009382
2144.0793,2026-07-15T14:27:01.415553,0.000000,3.009411
2144.5555,2026-07-15T14:27:01.891779,0.000000,3.009368
2145.0390,2026-07-15T14:27:02.375259,0.000000,3.009390
2145.5360,2026-07-15T14:27:02.872302,0.000000,3.009382
2146.0371,2026-07-15T14:27:03.373433,0.000000,3.009362
2146.5351,2026-07-15T14:27:03.871351,0.000000,3.009371
2147.0452,2026-07-15T14:27:04.381525,0.000000,3.009333
2147.5331,2026-07-15T14:27:04.869356,0.000000,3.009270
2147.9919,2026-07-15T14:27:05.328216,0.000000,3.009248
2148.4651,2026-07-15T14:27:05.801443,0.000000,3.009182
2148.9656,2026-07-15T14:27:06.301853,0.000000,3.009114
2149.4671,2026-07-15T14:27:06.803394,0.000000,3.009134
2149.9196,2026-07-15T14:27:07.255856,0.000000,3.009136
2150.3709,2026-07-15T14:27:07.707194,0.000000,3.009162
2150.8770,2026-07-15T14:27:08.213244,0.000000,3.009160
2151.3374,2026-07-15T14:27:08.673671,0.000000,3.009110
2151.7918,2026-07-15T14:27:09.128048,0.000000,3.009096
2152.2621,2026-07-15T14:27:09.598377,0.000000,3.009120
2152.7338,2026-07-15T14:27:10.070058,0.000000,3.009195
2153.2455,2026-07-15T14:27:10.581762,0.000000,3.009224
2153.7359,2026-07-15T14:27:11.072216,0.000000,3.009238
2154.2254,2026-07-15T14:27:11.561695,0.000000,3.009222
2154.6797,2026-07-15T14:27:12.015990,0.000000,3.009227
2155.1753,2026-07-15T14:27:12.511644,0.000000,3.009282
2155.6325,2026-07-15T14:27:12.968745,0.000000,3.009283
2156.1118,2026-07-15T14:27:13.448072,0.000000,3.009318
2156.5630,2026-07-15T14:27:13.899257,0.000000,3.009352
2157.0457,2026-07-15T14:27:14.382030,0.000000,3.009374
2157.5236,2026-07-15T14:27:14.859875,0.000000,3.009411
2157.9837,2026-07-15T14:27:15.319973,0.000000,3.009362
2158.4790,2026-07-15T14:27:15.815310,0.000000,3.009344
2158.9986,2026-07-15T14:27:16.334891,0.000000,3.009363
2159.4870,2026-07-15T14:27:16.823346,0.000000,3.009390
2159.9874,2026-07-15T14:27:17.323706,0.000000,3.009347
2160.4362,2026-07-15T14:27:17.772454,0.000000,3.009275
2160.8928,2026-07-15T14:27:18.229087,0.000000,3.009274
2161.3827,2026-07-15T14:27:18.719017,0.000000,3.009218
2161.8457,2026-07-15T14:27:19.182037,0.000000,3.009195
2162.3007,2026-07-15T14:27:19.637005,0.000000,3.009134
2162.7626,2026-07-15T14:27:20.098896,0.000000,3.009086
2163.2607,2026-07-15T14:27:20.597000,0.000000,3.009099
2163.7525,2026-07-15T14:27:21.088833,0.000000,3.009173
2164.2283,2026-07-15T14:27:21.564637,0.000000,3.009203
2164.6843,2026-07-15T14:27:22.020586,0.000000,3.009309
2165.1277,2026-07-15T14:27:22.463967,0.000000,3.009362
2165.5862,2026-07-15T14:27:22.922487,0.000000,3.009373
2166.0817,2026-07-15T14:27:23.417992,0.000000,3.009422
2166.5540,2026-07-15T14:27:23.890274,0.000000,3.009526
2167.0169,2026-07-15T14:27:24.353168,0.000000,3.009552
2167.5007,2026-07-15T14:27:24.836988,0.000000,3.009613
2167.9949,2026-07-15T14:27:25.331201,0.000000,3.009667
2168.4633,2026-07-15T14:27:25.799586,0.000000,3.009717
2168.9669,2026-07-15T14:27:26.303200,0.000000,3.009726
2169.4399,2026-07-15T14:27:26.776157,0.000000,3.009674
2169.9377,2026-07-15T14:27:27.273968,0.000000,3.009637
2170.4564,2026-07-15T14:27:27.792678,0.000000,3.009614
2170.9505,2026-07-15T14:27:28.286836,0.000000,3.009549
2171.4454,2026-07-15T14:27:28.781666,0.000000,3.009477
2171.9127,2026-07-15T14:27:29.248976,0.000000,3.009485
2172.3968,2026-07-15T14:27:29.733110,0.000000,3.009424
2172.8979,2026-07-15T14:27:30.234201,0.000000,3.009395
2173.3732,2026-07-15T14:27:30.709522,0.000000,3.009376
2173.8397,2026-07-15T14:27:31.175960,0.000000,3.009371
2174.3005,2026-07-15T14:27:31.636783,0.000000,3.009366
2174.7689,2026-07-15T14:27:32.105177,0.000000,3.009288
2175.2787,2026-07-15T14:27:32.614937,0.000000,3.009277
2175.7697,2026-07-15T14:27:33.105962,0.000000,3.009318
2176.2496,2026-07-15T14:27:33.585909,0.000000,3.009326
2176.7090,2026-07-15T14:27:34.045299,0.000000,3.009341
2177.2069,2026-07-15T14:27:34.543178,0.000000,3.009312
2177.6987,2026-07-15T14:27:35.034945,0.000000,3.009294
2178.1946,2026-07-15T14:27:35.530912,0.000000,3.009258
2178.6549,2026-07-15T14:27:35.991148,0.000000,3.009213
2179.1405,2026-07-15T14:27:36.476801,0.000000,3.009173
2179.6267,2026-07-15T14:27:36.963004,0.000000,3.009104
2180.1254,2026-07-15T14:27:37.461678,0.000000,3.009125
2180.5945,2026-07-15T14:27:37.930787,0.000000,3.009090
2181.0986,2026-07-15T14:27:38.434892,0.000000,3.009051
2181.5978,2026-07-15T14:27:38.934137,0.000000,3.008986
2182.1038,2026-07-15T14:27:39.440109,0.000000,3.008994
2182.5813,2026-07-15T14:27:39.917538,0.000000,3.009024
2183.0819,2026-07-15T14:27:40.418155,0.000000,3.009064
2183.5426,2026-07-15T14:27:40.878846,0.000000,3.009082
2184.0364,2026-07-15T14:27:41.372655,0.000000,3.009098
2184.5295,2026-07-15T14:27:41.865799,0.000000,3.009200
2185.0235,2026-07-15T14:27:42.359804,0.000000,3.009198
2185.4749,2026-07-15T14:27:42.811141,0.000000,3.009243
2185.9711,2026-07-15T14:27:43.307427,0.000000,3.009266
2186.4259,2026-07-15T14:27:43.762239,0.000000,3.009293
2186.9126,2026-07-15T14:27:44.248854,0.000000,3.009309
2187.3668,2026-07-15T14:27:44.703132,0.000000,3.009219
2187.8313,2026-07-15T14:27:45.167577,0.000000,3.009205
2188.2857,2026-07-15T14:27:45.622037,0.000000,3.009184
2188.7420,2026-07-15T14:27:46.078328,0.000000,3.009155
2189.2330,2026-07-15T14:27:46.569258,0.000000,3.009075
2189.7104,2026-07-15T14:27:47.046658,0.000000,3.009027
2190.1745,2026-07-15T14:27:47.510781,0.000000,3.008974
2190.6442,2026-07-15T14:27:47.980478,0.000000,3.008922
2191.1008,2026-07-15T14:27:48.437063,0.000000,3.008902
2191.5861,2026-07-15T14:27:48.922364,0.000000,3.008878
2192.0422,2026-07-15T14:27:49.378490,0.000000,3.008842
2192.5303,2026-07-15T14:27:49.866543,0.000000,3.008853
2193.0294,2026-07-15T14:27:50.365742,0.000000,3.008805
2193.5469,2026-07-15T14:27:50.883234,0.000000,3.008814
2194.0090,2026-07-15T14:27:51.345269,0.000000,3.008838
2194.4607,2026-07-15T14:27:51.796970,0.000000,3.008904
2194.9199,2026-07-15T14:27:52.256193,0.000000,3.008907
2195.3846,2026-07-15T14:27:52.720870,0.000000,3.008946
2195.8975,2026-07-15T14:27:53.233827,0.000000,3.009003
2196.3941,2026-07-15T14:27:53.730360,0.000000,3.009008
2196.8977,2026-07-15T14:27:54.234000,0.000000,3.009054
2197.3520,2026-07-15T14:27:54.688334,0.000000,3.009074
2197.8331,2026-07-15T14:27:55.169438,0.000000,3.009053
2198.2886,2026-07-15T14:27:55.624857,0.000000,3.009088
2198.7530,2026-07-15T14:27:56.089294,0.000000,3.009051
2199.2359,2026-07-15T14:27:56.572175,0.000000,3.009035
2199.7195,2026-07-15T14:27:57.055803,0.000000,3.009062
2200.2067,2026-07-15T14:27:57.543030,0.000000,3.009061
2200.7011,2026-07-15T14:27:58.037369,0.000000,3.008981
2201.1879,2026-07-15T14:27:58.524226,0.000000,3.008970
2201.6597,2026-07-15T14:27:58.995941,0.000000,3.008970
2202.1598,2026-07-15T14:27:59.496060,0.000000,3.009045
2202.6627,2026-07-15T14:27:59.998979,0.000000,3.009173
2203.1605,2026-07-15T14:28:00.496830,0.000000,3.009163
2203.6662,2026-07-15T14:28:01.002448,0.000000,3.009221
2204.1608,2026-07-15T14:28:01.497123,0.000000,3.009219
2204.6289,2026-07-15T14:28:01.965170,0.000000,3.009213
2205.1229,2026-07-15T14:28:02.459149,0.000000,3.009203
2205.5718,2026-07-15T14:28:02.908058,0.000000,3.009320
2206.0735,2026-07-15T14:28:03.409843,0.000000,3.009390
2206.5677,2026-07-15T14:28:03.903963,0.000000,3.009397
2207.0632,2026-07-15T14:28:04.399473,0.000000,3.009334
2207.5699,2026-07-15T14:28:04.906213,0.000000,3.009293
2208.0676,2026-07-15T14:28:05.403944,0.000000,3.009325
2208.5307,2026-07-15T14:28:05.866982,0.000000,3.009310
2208.9967,2026-07-15T14:28:06.332977,0.000000,3.009384
2209.4466,2026-07-15T14:28:06.782882,0.000000,3.009443
2209.9290,2026-07-15T14:28:07.265330,0.000000,3.009496
2210.3750,2026-07-15T14:28:07.711335,0.000000,3.009552
2210.8307,2026-07-15T14:28:08.167042,0.000000,3.009522
2211.3282,2026-07-15T14:28:08.664530,0.000000,3.009570
2211.7828,2026-07-15T14:28:09.119137,0.000000,3.009586
2212.2420,2026-07-15T14:28:09.578273,0.000000,3.009698
2212.7003,2026-07-15T14:28:10.036619,0.000000,3.009752
2213.2026,2026-07-15T14:28:10.538906,0.000000,3.009734
2213.6552,2026-07-15T14:28:10.991513,0.000000,3.009797
2214.1138,2026-07-15T14:28:11.450102,0.000000,3.009750
2214.5822,2026-07-15T14:28:11.918450,0.000000,3.009720
2215.0744,2026-07-15T14:28:12.410675,0.000000,3.009742
2215.5483,2026-07-15T14:28:12.884557,0.000000,3.009749
2216.0132,2026-07-15T14:28:13.349522,0.000000,3.009776
2216.4726,2026-07-15T14:28:13.808873,0.000000,3.009707
2216.9545,2026-07-15T14:28:14.290839,0.000000,3.009722
2217.4045,2026-07-15T14:28:14.740838,0.000000,3.009616
2217.8629,2026-07-15T14:28:15.199162,0.000000,3.009603
2218.3183,2026-07-15T14:28:15.654613,0.000000,3.009613
2218.7851,2026-07-15T14:28:16.121430,0.000000,3.009557
2219.2639,2026-07-15T14:28:16.600212,0.000000,3.009544
2219.7366,2026-07-15T14:28:17.072923,0.000000,3.009586
2220.2344,2026-07-15T14:28:17.570676,0.000000,3.009565
2220.7203,2026-07-15T14:28:18.056555,0.000000,3.009550
2221.1861,2026-07-15T14:28:18.522426,0.000000,3.009542
2221.6534,2026-07-15T14:28:18.989655,0.000000,3.009477
2222.1299,2026-07-15T14:28:19.466239,0.000000,3.009424
2222.5963,2026-07-15T14:28:19.932624,0.000000,3.009426
2223.0714,2026-07-15T14:28:20.407731,0.000000,3.009390
2223.5629,2026-07-15T14:28:20.899198,0.000000,3.009379
2224.0554,2026-07-15T14:28:21.391706,0.000000,3.009355
2224.5466,2026-07-15T14:28:21.882853,0.000000,3.009306
2225.0581,2026-07-15T14:28:22.394390,0.000000,3.009262
2225.5672,2026-07-15T14:28:22.903540,0.000000,3.009168
2226.0621,2026-07-15T14:28:23.398381,0.000000,3.009150
2226.5592,2026-07-15T14:28:23.895485,0.000000,3.009166
2227.0381,2026-07-15T14:28:24.374378,0.000000,3.009179
2227.5324,2026-07-15T14:28:24.868665,0.000000,3.009163
2228.0066,2026-07-15T14:28:25.342918,0.000000,3.009133
2228.4622,2026-07-15T14:28:25.798482,0.000000,3.009170
2228.9145,2026-07-15T14:28:26.250824,0.000000,3.009125
2229.4087,2026-07-15T14:28:26.745024,0.000000,3.009142
2229.8677,2026-07-15T14:28:27.204009,0.000000,3.009146
2230.3242,2026-07-15T14:28:27.660465,0.000000,3.009155
2230.7935,2026-07-15T14:28:28.129775,0.000000,3.009154
2231.2512,2026-07-15T14:28:28.587514,0.000000,3.009141
2231.7541,2026-07-15T14:28:29.090349,0.000000,3.009166
2232.2337,2026-07-15T14:28:29.569992,0.000000,3.009214
2232.6891,2026-07-15T14:28:30.025389,0.000000,3.009299
2233.1757,2026-07-15T14:28:30.511953,0.000000,3.009354
2233.6306,2026-07-15T14:28:30.966896,0.000000,3.009397
2234.1189,2026-07-15T14:28:31.455208,0.000000,3.009515
2234.5683,2026-07-15T14:28:31.904613,0.000000,3.009522
2235.0666,2026-07-15T14:28:32.402931,0.000000,3.009541
2235.5247,2026-07-15T14:28:32.860947,0.000000,3.009555
2235.9888,2026-07-15T14:28:33.325090,0.000000,3.009579
2236.4553,2026-07-15T14:28:33.791568,0.000000,3.009558
2236.9056,2026-07-15T14:28:34.241919,0.000000,3.009522
2237.3674,2026-07-15T14:28:34.703670,0.000000,3.009491
2237.8394,2026-07-15T14:28:35.175708,0.000000,3.009467
2238.3266,2026-07-15T14:28:35.662871,0.000000,3.009443
2238.7772,2026-07-15T14:28:36.113475,0.000000,3.009323
2239.2661,2026-07-15T14:28:36.602438,0.000000,3.009234
2239.7553,2026-07-15T14:28:37.091604,0.000000,3.009202
2240.2466,2026-07-15T14:28:37.582852,0.000000,3.009202
2240.7030,2026-07-15T14:28:38.039282,0.000000,3.009176
2241.1971,2026-07-15T14:28:38.533378,0.000000,3.009187
2241.6841,2026-07-15T14:28:39.020435,0.000000,3.009216
2242.1780,2026-07-15T14:28:39.514280,0.000000,3.009221
2242.6320,2026-07-15T14:28:39.968290,0.000000,3.009210
2243.1215,2026-07-15T14:28:40.457748,0.000000,3.009165
2243.5830,2026-07-15T14:28:40.919264,0.000000,3.009205
2244.0828,2026-07-15T14:28:41.419108,0.000000,3.009227
2244.5643,2026-07-15T14:28:41.900637,0.000000,3.009205
2245.0664,2026-07-15T14:28:42.402717,0.000000,3.009206
2245.5308,2026-07-15T14:28:42.867084,0.000000,3.009226
2246.0247,2026-07-15T14:28:43.360994,0.000000,3.009232
2246.5112,2026-07-15T14:28:43.847488,0.000000,3.009206
2246.9751,2026-07-15T14:28:44.311429,0.000000,3.009141
2247.4297,2026-07-15T14:28:44.765998,0.000000,3.009091
2247.8865,2026-07-15T14:28:45.222842,0.000000,3.009018
2248.3594,2026-07-15T14:28:45.695666,0.000000,3.008947
2248.8428,2026-07-15T14:28:46.179047,0.000000,3.008930
2249.3000,2026-07-15T14:28:46.636271,0.000000,3.008891
2249.7658,2026-07-15T14:28:47.102107,0.000000,3.008877
2250.2592,2026-07-15T14:28:47.595453,0.000000,3.008846
2250.7230,2026-07-15T14:28:48.059288,0.000000,3.008856
2251.1823,2026-07-15T14:28:48.518577,0.000000,3.008795
2251.6871,2026-07-15T14:28:49.023432,0.000000,3.008738
2252.1739,2026-07-15T14:28:49.510173,0.000000,3.008744
2252.6536,2026-07-15T14:28:49.989913,0.000000,3.008794
2253.1508,2026-07-15T14:28:50.487050,0.000000,3.008832
2253.6556,2026-07-15T14:28:50.991922,0.000000,3.008851
2254.1254,2026-07-15T14:28:51.461730,0.000000,3.008867
2254.5730,2026-07-15T14:28:51.909293,0.000000,3.008875
2255.0587,2026-07-15T14:28:52.394960,0.000000,3.008830
2255.5158,2026-07-15T14:28:52.852125,0.000000,3.008861
2255.9723,2026-07-15T14:28:53.308637,0.000000,3.008891
2256.4454,2026-07-15T14:28:53.781679,0.000000,3.008942
2256.9032,2026-07-15T14:28:54.239505,0.000000,3.008954
2257.3854,2026-07-15T14:28:54.721696,0.000000,3.008936
2257.8439,2026-07-15T14:28:55.180236,0.000000,3.008893
2258.3030,2026-07-15T14:28:55.639311,0.000000,3.008890
2258.7518,2026-07-15T14:28:56.088118,0.000000,3.008850
2259.2541,2026-07-15T14:28:56.590366,0.000000,3.008859
2259.7030,2026-07-15T14:28:57.039289,0.000000,3.008830
2260.1977,2026-07-15T14:28:57.534032,0.000000,3.008862
2260.6703,2026-07-15T14:28:58.006641,0.000000,3.008840
2261.1528,2026-07-15T14:28:58.489100,0.000000,3.008856
2261.6496,2026-07-15T14:28:58.985914,0.000000,3.008904
2262.1383,2026-07-15T14:28:59.474560,0.000000,3.008968
2262.6268,2026-07-15T14:28:59.963052,0.000000,3.008970
2263.1425,2026-07-15T14:29:00.478768,0.000000,3.009056
2263.5986,2026-07-15T14:29:00.934924,0.000000,3.009062
2264.0913,2026-07-15T14:29:01.427637,0.000000,3.009072
2264.5479,2026-07-15T14:29:01.884236,0.000000,3.009171
2265.0092,2026-07-15T14:29:02.345513,0.000000,3.009117
2265.5097,2026-07-15T14:29:02.845954,0.000000,3.009133
2266.0084,2026-07-15T14:29:03.344705,0.000000,3.009112
2266.5075,2026-07-15T14:29:03.843800,0.000000,3.009043
2267.0259,2026-07-15T14:29:04.362218,0.000000,3.009027
2267.5162,2026-07-15T14:29:04.852480,0.000000,3.009051
2267.9997,2026-07-15T14:29:05.336024,0.000000,3.009042
2268.4922,2026-07-15T14:29:05.828511,0.000000,3.009104
2268.9676,2026-07-15T14:29:06.303929,0.000000,3.009136
2269.4676,2026-07-15T14:29:06.803867,0.000000,3.009149
2269.9681,2026-07-15T14:29:07.304427,0.000000,3.009202
2270.4301,2026-07-15T14:29:07.766385,0.000000,3.009240
2270.9229,2026-07-15T14:29:08.259165,0.000000,3.009251
2271.3839,2026-07-15T14:29:08.720219,0.000000,3.009290
2271.8314,2026-07-15T14:29:09.167642,0.000000,3.009360
2272.2815,2026-07-15T14:29:09.617824,0.000000,3.009376
2272.7398,2026-07-15T14:29:10.076100,0.000000,3.009390
2273.2327,2026-07-15T14:29:10.569044,0.000000,3.009362
2273.7343,2026-07-15T14:29:11.070568,0.000000,3.009370
2274.2271,2026-07-15T14:29:11.563417,0.000000,3.009352
2274.7538,2026-07-15T14:29:12.090130,0.000000,3.009366
2275.2252,2026-07-15T14:29:12.561530,0.000000,3.009379
2275.6980,2026-07-15T14:29:13.034338,0.000000,3.009357
2276.1807,2026-07-15T14:29:13.516992,0.000000,3.009365
2276.6760,2026-07-15T14:29:14.012280,0.000000,3.009286
2277.1309,2026-07-15T14:29:14.467228,0.000000,3.009221
2277.5892,2026-07-15T14:29:14.925522,0.000000,3.009286
2278.0816,2026-07-15T14:29:15.417850,0.000000,3.009296
2278.5402,2026-07-15T14:29:15.876512,0.000000,3.009302
2279.0352,2026-07-15T14:29:16.371534,0.000000,3.009301
2279.4886,2026-07-15T14:29:16.824863,0.000000,3.009288
2279.9846,2026-07-15T14:29:17.320918,0.000000,3.009264
2280.4599,2026-07-15T14:29:17.796180,0.000000,3.009176
2280.9395,2026-07-15T14:29:18.275770,0.000000,3.009181
2281.4015,2026-07-15T14:29:18.737742,0.000000,3.009133
2281.8890,2026-07-15T14:29:19.225293,0.000000,3.009136
2282.3479,2026-07-15T14:29:19.684204,0.000000,3.009110
2282.7980,2026-07-15T14:29:20.134291,0.000000,3.009032
2283.2938,2026-07-15T14:29:20.630132,0.000000,3.008998
2283.7415,2026-07-15T14:29:21.077747,0.000000,3.008960
2284.2421,2026-07-15T14:29:21.578351,0.000000,3.008898
2284.7117,2026-07-15T14:29:22.047956,0.000000,3.008893
2285.1848,2026-07-15T14:29:22.521140,0.000000,3.008925
2285.6428,2026-07-15T14:29:22.979047,0.000000,3.008899
2286.0891,2026-07-15T14:29:23.425374,0.000000,3.008925
2286.5929,2026-07-15T14:29:23.929167,0.000000,3.008928
2287.0824,2026-07-15T14:29:24.418689,0.000000,3.008917
2287.5648,2026-07-15T14:29:24.901100,0.000000,3.008910
2288.0743,2026-07-15T14:29:25.410626,0.000000,3.008894
2288.5353,2026-07-15T14:29:25.871630,0.000000,3.008824
2289.0018,2026-07-15T14:29:26.338133,0.000000,3.008795
2289.4881,2026-07-15T14:29:26.824373,0.000000,3.008760
2289.9521,2026-07-15T14:29:27.288396,0.000000,3.008680
2290.4597,2026-07-15T14:29:27.796014,0.000000,3.008627
2290.9539,2026-07-15T14:29:28.290182,0.000000,3.008570
2291.4640,2026-07-15T14:29:28.800284,0.000000,3.008531
2291.9558,2026-07-15T14:29:29.292113,0.000000,3.008498
2292.4554,2026-07-15T14:29:29.791670,0.000000,3.008451
2292.9579,2026-07-15T14:29:30.294221,0.000000,3.008461
2293.4354,2026-07-15T14:29:30.771662,0.000000,3.008483
2293.9391,2026-07-15T14:29:31.275366,0.000000,3.008509
2294.4018,2026-07-15T14:29:31.738098,0.000000,3.008488
2294.8890,2026-07-15T14:29:32.225326,0.000000,3.008506
2295.3756,2026-07-15T14:29:32.711926,0.000000,3.008576
2295.8682,2026-07-15T14:29:33.204508,0.000000,3.008613
2296.3303,2026-07-15T14:29:33.666565,0.000000,3.008602
2296.7969,2026-07-15T14:29:34.133188,0.000000,3.008611
2297.2885,2026-07-15T14:29:34.624809,0.000000,3.008634
2297.7438,2026-07-15T14:29:35.080091,0.000000,3.008592
2298.2059,2026-07-15T14:29:35.542180,0.000000,3.008549
2298.6770,2026-07-15T14:29:36.013275,0.000000,3.008526
2299.1625,2026-07-15T14:29:36.498803,0.000000,3.008544
2299.6219,2026-07-15T14:29:36.958174,0.000000,3.008504
2300.1215,2026-07-15T14:29:37.457752,0.000000,3.008502
2300.6204,2026-07-15T14:29:37.956662,0.000000,3.008483
2301.1144,2026-07-15T14:29:38.450673,0.000000,3.008480
2301.5815,2026-07-15T14:29:38.917803,0.000000,3.008462
2302.0723,2026-07-15T14:29:39.408644,0.000000,3.008470
2302.5368,2026-07-15T14:29:39.873109,0.000000,3.008490
2303.0182,2026-07-15T14:29:40.354526,0.000000,3.008467
2303.4691,2026-07-15T14:29:40.805405,0.000000,3.008523
2303.9694,2026-07-15T14:29:41.305705,0.000000,3.008571
2304.4219,2026-07-15T14:29:41.758228,0.000000,3.008637
2304.8775,2026-07-15T14:29:42.213806,0.000000,3.008650
2305.3288,2026-07-15T14:29:42.665053,0.000000,3.008642
2305.8107,2026-07-15T14:29:43.146950,0.000000,3.008662
2306.2889,2026-07-15T14:29:43.625240,0.000000,3.008627
2306.7550,2026-07-15T14:29:44.091308,0.000000,3.008586
2307.2385,2026-07-15T14:29:44.574824,0.000000,3.008531
2307.7037,2026-07-15T14:29:45.040035,0.000000,3.008565
2308.2057,2026-07-15T14:29:45.542031,0.000000,3.008528
2308.7128,2026-07-15T14:29:46.049136,0.000000,3.008472
2309.2368,2026-07-15T14:29:46.573035,0.000000,3.008416
2309.7138,2026-07-15T14:29:47.050057,0.000000,3.008376
2310.1954,2026-07-15T14:29:47.531708,0.000000,3.008355
2310.6971,2026-07-15T14:29:48.033375,0.000000,3.008334
2311.1972,2026-07-15T14:29:48.533442,0.000000,3.008355
2311.6805,2026-07-15T14:29:49.016767,0.000000,3.008419
2312.1607,2026-07-15T14:29:49.497008,0.000000,3.008443
2312.6201,2026-07-15T14:29:49.956349,0.000000,3.008442
2313.1279,2026-07-15T14:29:50.464147,0.000000,3.008469
2313.6264,2026-07-15T14:29:50.962719,0.000000,3.008474
2314.1153,2026-07-15T14:29:51.451597,0.000000,3.008533
2314.6024,2026-07-15T14:29:51.938681,0.000000,3.008549
2315.0975,2026-07-15T14:29:52.433759,0.000000,3.008589
2315.5743,2026-07-15T14:29:52.910573,0.000000,3.008606
2316.0765,2026-07-15T14:29:53.412816,0.000000,3.008621
2316.5778,2026-07-15T14:29:53.914096,0.000000,3.008630
2317.0609,2026-07-15T14:29:54.397225,0.000000,3.008667
2317.5539,2026-07-15T14:29:54.890162,0.000000,3.008690
2318.0034,2026-07-15T14:29:55.339689,0.000000,3.008656
2318.4649,2026-07-15T14:29:55.801148,0.000000,3.008592
2318.9105,2026-07-15T14:29:56.246777,0.000000,3.008578
2319.3692,2026-07-15T14:29:56.705445,0.000000,3.008547
2319.8228,2026-07-15T14:29:57.159121,0.000000,3.008523
2320.2785,2026-07-15T14:29:57.614766,0.000000,3.008501
2320.7797,2026-07-15T14:29:58.116029,0.000000,3.008402
2321.2757,2026-07-15T14:29:58.611975,0.000000,3.008342
2321.7316,2026-07-15T14:29:59.067844,0.000000,3.008304
2322.1824,2026-07-15T14:29:59.518704,0.000000,3.008240
2322.6403,2026-07-15T14:29:59.976556,0.000000,3.008208
2323.0977,2026-07-15T14:30:00.434036,0.000000,3.008213
2323.5572,2026-07-15T14:30:00.893456,0.000000,3.008184
2324.0228,2026-07-15T14:30:01.359132,0.000000,3.008146
2324.5098,2026-07-15T14:30:01.846054,0.000000,3.008096
2325.0047,2026-07-15T14:30:02.341003,0.000000,3.008054
2325.4926,2026-07-15T14:30:02.828893,0.000000,3.008026
2325.9760,2026-07-15T14:30:03.312283,0.000000,3.008056
2326.4438,2026-07-15T14:30:03.780066,0.000000,3.008038
2326.9069,2026-07-15T14:30:04.243202,0.000000,3.008002
2327.3649,2026-07-15T14:30:04.701192,0.000000,3.008014
2327.8544,2026-07-15T14:30:05.190686,0.000000,3.008011
2328.3107,2026-07-15T14:30:05.647025,0.000000,3.008032
2328.7969,2026-07-15T14:30:06.133216,0.000000,3.008075
2329.2498,2026-07-15T14:30:06.586082,0.000000,3.008104
2329.7081,2026-07-15T14:30:07.044419,0.000000,3.008157
2330.2019,2026-07-15T14:30:07.538227,0.000000,3.008187
2330.7019,2026-07-15T14:30:08.038201,0.000000,3.008259
2331.1755,2026-07-15T14:30:08.511747,0.000000,3.008301
2331.6396,2026-07-15T14:30:08.975884,0.000000,3.008304
2332.1355,2026-07-15T14:30:09.471777,0.000000,3.008352
2332.6293,2026-07-15T14:30:09.965658,0.000000,3.008368
2333.1380,2026-07-15T14:30:10.474298,0.000000,3.008370
2333.6317,2026-07-15T14:30:10.968005,0.000000,3.008368
2334.1184,2026-07-15T14:30:11.454721,0.000000,3.008374
2334.5756,2026-07-15T14:30:11.911940,0.000000,3.008408
2335.0509,2026-07-15T14:30:12.387207,0.000000,3.008403
2335.5065,2026-07-15T14:30:12.842762,0.000000,3.008400
2336.0062,2026-07-15T14:30:13.342451,0.000000,3.008437
2336.5102,2026-07-15T14:30:13.846502,0.000000,3.008466
2337.0024,2026-07-15T14:30:14.338671,0.000000,3.008474
2337.4918,2026-07-15T14:30:14.828118,0.000000,3.008533
2337.9645,2026-07-15T14:30:15.300759,0.000000,3.008566
2338.4931,2026-07-15T14:30:15.829380,0.000000,3.008594
2338.9860,2026-07-15T14:30:16.322250,0.000000,3.008648
2339.4516,2026-07-15T14:30:16.787859,0.000000,3.008686
2339.9081,2026-07-15T14:30:17.244425,0.000000,3.008691
2340.3642,2026-07-15T14:30:17.700488,0.000000,3.008712
2340.8234,2026-07-15T14:30:18.159657,0.000000,3.008688
2341.2836,2026-07-15T14:30:18.619920,0.000000,3.008760
2341.7337,2026-07-15T14:30:19.069981,0.000000,3.008794
2342.2336,2026-07-15T14:30:19.569845,0.000000,3.008827
2342.6838,2026-07-15T14:30:20.020113,0.000000,3.008826
2343.1768,2026-07-15T14:30:20.513114,0.000000,3.008829
2343.6668,2026-07-15T14:30:21.003100,0.000000,3.008843
2344.1632,2026-07-15T14:30:21.499450,0.000000,3.008814
2344.6652,2026-07-15T14:30:22.001520,0.000000,3.008802
2345.1503,2026-07-15T14:30:22.486633,0.000000,3.008757
2345.6739,2026-07-15T14:30:23.010205,0.000000,3.008749
2346.1316,2026-07-15T14:30:23.467896,0.000000,3.008698
2346.5985,2026-07-15T14:30:23.934770,0.000000,3.008632
2347.0860,2026-07-15T14:30:24.422337,0.000000,3.008610
2347.5493,2026-07-15T14:30:24.885567,0.000000,3.008544
2348.0056,2026-07-15T14:30:25.341873,0.000000,3.008483
2348.4697,2026-07-15T14:30:25.805954,0.000000,3.008430
2348.9630,2026-07-15T14:30:26.299243,0.000000,3.008374
2349.4189,2026-07-15T14:30:26.755166,0.000000,3.008304
2349.8736,2026-07-15T14:30:27.209874,0.000000,3.008322
2350.3797,2026-07-15T14:30:27.715999,0.000000,3.008307
2350.8421,2026-07-15T14:30:28.178432,0.000000,3.008258
2351.2912,2026-07-15T14:30:28.627529,0.000000,3.008253
2351.7625,2026-07-15T14:30:29.098744,0.000000,3.008147
2352.2585,2026-07-15T14:30:29.594746,0.000000,3.008125
2352.7153,2026-07-15T14:30:30.051567,0.000000,3.008144
2353.1754,2026-07-15T14:30:30.511701,0.000000,3.008142
2353.6298,2026-07-15T14:30:30.966124,0.000000,3.008134
2354.1079,2026-07-15T14:30:31.444178,0.000000,3.008136
2354.5689,2026-07-15T14:30:31.905235,0.000000,3.008131
2355.0653,2026-07-15T14:30:32.401589,0.000000,3.008090
2355.5669,2026-07-15T14:30:32.903228,0.000000,3.008059
2356.0585,2026-07-15T14:30:33.394844,0.000000,3.008080
2356.5191,2026-07-15T14:30:33.855346,0.000000,3.008128
2357.0186,2026-07-15T14:30:34.354885,0.000000,3.008160
2357.4743,2026-07-15T14:30:34.810587,0.000000,3.008138
2357.9754,2026-07-15T14:30:35.311687,0.000000,3.008139
2358.4352,2026-07-15T14:30:35.771499,0.000000,3.008118
2358.9006,2026-07-15T14:30:36.236900,0.000000,3.008120
2359.4018,2026-07-15T14:30:36.738073,0.000000,3.008114
2359.8611,2026-07-15T14:30:37.197431,0.000000,3.008117
2360.3252,2026-07-15T14:30:37.661480,0.000000,3.008131
2360.7833,2026-07-15T14:30:38.119632,0.000000,3.008130
2361.2508,2026-07-15T14:30:38.587064,0.000000,3.008069
2361.7271,2026-07-15T14:30:39.063378,0.000000,3.008002
2362.2303,2026-07-15T14:30:39.566544,0.000000,3.007966
2362.6736,2026-07-15T14:30:40.009893,0.000000,3.007931
2363.1678,2026-07-15T14:30:40.504090,0.000000,3.007845
2363.6264,2026-07-15T14:30:40.962676,0.000000,3.007864
2364.1169,2026-07-15T14:30:41.453159,0.000000,3.007851
2364.5695,2026-07-15T14:30:41.905752,0.000000,3.007867
2365.0708,2026-07-15T14:30:42.407086,0.000000,3.007874
2365.5270,2026-07-15T14:30:42.863294,0.000000,3.007885
2366.0270,2026-07-15T14:30:43.363313,0.000000,3.007894
2366.4823,2026-07-15T14:30:43.818579,0.000000,3.007941
2366.9835,2026-07-15T14:30:44.319821,0.000000,3.007973
2367.4742,2026-07-15T14:30:44.810529,0.000000,3.008024
2367.9675,2026-07-15T14:30:45.303764,0.000000,3.008067
2368.4269,2026-07-15T14:30:45.763186,0.000000,3.008110
2368.8840,2026-07-15T14:30:46.220277,0.000000,3.008131
2369.3411,2026-07-15T14:30:46.677351,0.000000,3.008133
2369.8010,2026-07-15T14:30:47.137300,0.000000,3.008158
2370.2861,2026-07-15T14:30:47.622366,0.000000,3.008203
2370.7583,2026-07-15T14:30:48.094604,0.000000,3.008198
2371.2614,2026-07-15T14:30:48.597720,0.000000,3.008202
2371.7605,2026-07-15T14:30:49.096764,0.000000,3.008184
2372.2730,2026-07-15T14:30:49.609293,0.000000,3.008208
2372.7637,2026-07-15T14:30:50.099987,0.000000,3.008195
2373.2624,2026-07-15T14:30:50.598723,0.000000,3.008186
2373.7161,2026-07-15T14:30:51.052395,0.000000,3.008131
2374.2103,2026-07-15T14:30:51.546563,0.000000,3.008056
2374.6582,2026-07-15T14:30:51.994505,0.000000,3.007968
2375.1630,2026-07-15T14:30:52.499273,0.000000,3.007928
2375.6630,2026-07-15T14:30:52.999275,0.000000,3.007910
2376.1615,2026-07-15T14:30:53.497779,0.000000,3.007867
2376.6280,2026-07-15T14:30:53.964255,0.000000,3.007928
2377.1219,2026-07-15T14:30:54.458176,0.000000,3.007915
2377.5783,2026-07-15T14:30:54.914545,0.000000,3.007925
2378.0804,2026-07-15T14:30:55.416655,0.000000,3.007950
2378.5347,2026-07-15T14:30:55.871036,0.000000,3.007978
2379.0284,2026-07-15T14:30:56.364682,0.000000,3.008058
2379.4904,2026-07-15T14:30:56.826684,0.000000,3.008112
2379.9489,2026-07-15T14:30:57.285219,0.000000,3.008182
2380.4382,2026-07-15T14:30:57.774476,0.000000,3.008245
2380.9356,2026-07-15T14:30:58.271852,0.000000,3.008246
2381.3935,2026-07-15T14:30:58.729831,0.000000,3.008242
2381.8769,2026-07-15T14:30:59.213197,0.000000,3.008206
2382.3630,2026-07-15T14:30:59.699243,0.000000,3.008205
2382.8114,2026-07-15T14:31:00.147731,0.000000,3.008242
2383.2687,2026-07-15T14:31:00.604974,0.000000,3.008306
2383.7142,2026-07-15T14:31:01.050504,0.000000,3.008330
2384.2301,2026-07-15T14:31:01.566405,0.000000,3.008341
2384.6783,2026-07-15T14:31:02.014555,0.000000,3.008371
2385.1841,2026-07-15T14:31:02.520421,0.000000,3.008355
2385.6449,2026-07-15T14:31:02.981165,0.000000,3.008365
2386.1470,2026-07-15T14:31:03.483255,0.000000,3.008296
2386.6175,2026-07-15T14:31:03.953812,0.000000,3.008235
2387.1135,2026-07-15T14:31:04.449823,0.000000,3.008213
2387.5864,2026-07-15T14:31:04.922650,0.000000,3.008152
2388.0976,2026-07-15T14:31:05.433881,0.000000,3.008115
2388.5866,2026-07-15T14:31:05.922842,0.000000,3.008053
2389.0592,2026-07-15T14:31:06.395481,0.000000,3.008014
2389.5563,2026-07-15T14:31:06.892597,0.000000,3.007990
2390.0551,2026-07-15T14:31:07.391448,0.000000,3.007963
2390.5112,2026-07-15T14:31:07.847478,0.000000,3.007925
2391.0068,2026-07-15T14:31:08.343047,0.000000,3.007952
2391.4651,2026-07-15T14:31:08.801407,0.000000,3.008011
2391.9170,2026-07-15T14:31:09.253302,0.000000,3.008074
2392.3785,2026-07-15T14:31:09.714789,0.000000,3.008086
2392.8747,2026-07-15T14:31:10.210939,0.000000,3.008101
2393.3714,2026-07-15T14:31:10.707700,0.000000,3.008160
2393.8311,2026-07-15T14:31:11.167390,0.000000,3.008187
2394.2789,2026-07-15T14:31:11.615205,0.000000,3.008216
2394.7382,2026-07-15T14:31:12.074447,0.000000,3.008320
2395.2237,2026-07-15T14:31:12.560036,0.000000,3.008389
2395.6698,2026-07-15T14:31:13.006087,0.000000,3.008426
2396.1285,2026-07-15T14:31:13.464784,0.000000,3.008491
2396.6215,2026-07-15T14:31:13.957759,0.000000,3.008475
2397.1212,2026-07-15T14:31:14.457493,0.000000,3.008509
2397.6053,2026-07-15T14:31:14.941599,0.000000,3.008560
2398.1164,2026-07-15T14:31:15.452673,0.000000,3.008522
2398.5759,2026-07-15T14:31:15.912180,0.000000,3.008523
2399.0796,2026-07-15T14:31:16.415931,0.000000,3.008531
2399.5314,2026-07-15T14:31:16.867720,0.000000,3.008474
2399.9945,2026-07-15T14:31:17.330839,0.000000,3.008408
2400.4465,2026-07-15T14:31:17.782753,0.000000,3.008358
2400.9319,2026-07-15T14:31:18.268186,0.000000,3.008326
2401.4205,2026-07-15T14:31:18.756750,0.000000,3.008362
2401.8949,2026-07-15T14:31:19.231220,0.000000,3.008389
2402.3801,2026-07-15T14:31:19.716376,0.000000,3.008370
2402.8556,2026-07-15T14:31:20.191878,0.000000,3.008386
2403.3107,2026-07-15T14:31:20.647023,0.000000,3.008421
2403.7650,2026-07-15T14:31:21.101288,0.000000,3.008437
2404.2497,2026-07-15T14:31:21.585945,0.000000,3.008466
2404.7109,2026-07-15T14:31:22.047163,0.000000,3.008466
2405.2050,2026-07-15T14:31:22.541315,0.000000,3.008502
2405.7003,2026-07-15T14:31:23.036624,0.000000,3.008480
2406.1758,2026-07-15T14:31:23.512072,0.000000,3.008418
2406.6280,2026-07-15T14:31:23.964287,0.000000,3.008403
2407.1236,2026-07-15T14:31:24.459863,0.000000,3.008323
2407.5890,2026-07-15T14:31:24.925288,0.000000,3.008331
2408.0970,2026-07-15T14:31:25.433275,0.000000,3.008312
2408.6014,2026-07-15T14:31:25.937682,0.000000,3.008240
2409.0699,2026-07-15T14:31:26.406207,0.000000,3.008184
2409.5638,2026-07-15T14:31:26.900078,0.000000,3.008197
2410.0568,2026-07-15T14:31:27.393125,0.000000,3.008149
2410.5455,2026-07-15T14:31:27.881779,0.000000,3.008165
2411.0567,2026-07-15T14:31:28.393004,0.000000,3.008152
2411.5042,2026-07-15T14:31:28.840526,0.000000,3.008162
2411.9997,2026-07-15T14:31:29.335998,0.000000,3.008133
2412.4539,2026-07-15T14:31:29.790199,0.000000,3.008042
2412.9117,2026-07-15T14:31:30.247951,0.000000,3.007990
2413.3703,2026-07-15T14:31:30.706587,0.000000,3.007979
2413.8566,2026-07-15T14:31:31.192941,0.000000,3.007974
2414.3117,2026-07-15T14:31:31.648015,0.000000,3.007907
2414.7627,2026-07-15T14:31:32.098985,0.000000,3.007840
2415.2551,2026-07-15T14:31:32.591365,0.000000,3.007774
2415.7506,2026-07-15T14:31:33.086923,0.000000,3.007733
2416.2360,2026-07-15T14:31:33.572335,0.000000,3.007688
2416.6881,2026-07-15T14:31:34.024368,0.000000,3.007691
2417.1571,2026-07-15T14:31:34.493364,0.000000,3.007734
2417.6490,2026-07-15T14:31:34.985307,0.000000,3.007752
2418.1433,2026-07-15T14:31:35.479552,0.000000,3.007771
2418.5900,2026-07-15T14:31:35.926302,0.000000,3.007758
2419.0572,2026-07-15T14:31:36.393476,0.000000,3.007770
2419.5072,2026-07-15T14:31:36.843521,0.000000,3.007794
2420.0080,2026-07-15T14:31:37.344321,0.000000,3.007866
2420.4575,2026-07-15T14:31:37.793820,0.000000,3.007930
2420.9196,2026-07-15T14:31:38.255897,0.000000,3.008003
2421.3718,2026-07-15T14:31:38.708059,0.000000,3.008008
2421.8651,2026-07-15T14:31:39.201368,0.000000,3.008043
2422.3568,2026-07-15T14:31:39.693069,0.000000,3.008093
2422.8490,2026-07-15T14:31:40.185341,0.000000,3.008136
2423.3070,2026-07-15T14:31:40.643245,0.000000,3.008226
2423.7627,2026-07-15T14:31:41.098998,0.000000,3.008262
2424.2635,2026-07-15T14:31:41.599830,0.000000,3.008306
2424.7206,2026-07-15T14:31:42.056884,0.000000,3.008326
2425.2246,2026-07-15T14:31:42.560938,0.000000,3.008274
2425.6857,2026-07-15T14:31:43.021997,0.000000,3.008251
2426.1700,2026-07-15T14:31:43.506290,0.000000,3.008232
2426.6650,2026-07-15T14:31:44.001291,0.000000,3.008192
2427.1583,2026-07-15T14:31:44.494607,0.000000,3.008155
2427.6612,2026-07-15T14:31:44.997524,0.000000,3.008117
2428.1486,2026-07-15T14:31:45.484873,0.000000,3.008069
2428.6405,2026-07-15T14:31:45.976810,0.000000,3.008046
2429.1344,2026-07-15T14:31:46.470698,0.000000,3.008027
2429.6078,2026-07-15T14:31:46.944054,0.000000,3.007990
2430.1402,2026-07-15T14:31:47.476531,0.000000,3.008003
2430.6076,2026-07-15T14:31:47.943921,0.000000,3.007974
2431.1173,2026-07-15T14:31:48.453558,0.000000,3.007989
2431.5722,2026-07-15T14:31:48.908516,0.000000,3.008046
2432.0555,2026-07-15T14:31:49.391753,0.000000,3.008066
2432.5222,2026-07-15T14:31:49.858529,0.000000,3.008062
2432.9988,2026-07-15T14:31:50.335141,0.000000,3.008066
2433.4535,2026-07-15T14:31:50.789776,0.000000,3.008088
2433.9212,2026-07-15T14:31:51.257498,0.000000,3.008077
2434.3741,2026-07-15T14:31:51.710395,0.000000,3.008088
2434.8286,2026-07-15T14:31:52.164870,0.000000,3.008123
2435.2903,2026-07-15T14:31:52.626697,0.000000,3.008147
2435.7541,2026-07-15T14:31:53.090439,0.000000,3.008094
2436.2319,2026-07-15T14:31:53.568315,0.000000,3.008078
2436.6888,2026-07-15T14:31:54.025082,0.000000,3.008034
2437.1871,2026-07-15T14:31:54.523437,0.000000,3.008053
2437.6822,2026-07-15T14:31:55.018530,0.000000,3.008056
2438.1498,2026-07-15T14:31:55.486127,0.000000,3.007974
2438.6409,2026-07-15T14:31:55.977182,0.000000,3.007910
2439.1321,2026-07-15T14:31:56.468390,0.000000,3.007894
2439.5910,2026-07-15T14:31:56.927306,0.000000,3.007837
2440.0664,2026-07-15T14:31:57.402692,0.000000,3.007808
2440.5162,2026-07-15T14:31:57.852477,0.000000,3.007789
2441.0135,2026-07-15T14:31:58.349748,0.000000,3.007803
2441.5011,2026-07-15T14:31:58.837399,0.000000,3.007818
2441.9804,2026-07-15T14:31:59.316705,0.000000,3.007830
2442.4420,2026-07-15T14:31:59.778309,0.000000,3.007782
2442.9414,2026-07-15T14:32:00.277641,0.000000,3.007816
2443.3918,2026-07-15T14:32:00.728093,0.000000,3.007898
2443.8518,2026-07-15T14:32:01.188053,0.000000,3.007954
2444.3137,2026-07-15T14:32:01.649961,0.000000,3.007976
2444.8140,2026-07-15T14:32:02.150326,0.000000,3.008042
2445.2650,2026-07-15T14:32:02.601296,0.000000,3.008027
2445.7288,2026-07-15T14:32:03.065118,0.000000,3.008045
2446.1997,2026-07-15T14:32:03.535988,0.000000,3.008000
2446.7096,2026-07-15T14:32:04.045885,0.000000,3.007946
2447.2012,2026-07-15T14:32:04.537532,0.000000,3.007925
2447.6601,2026-07-15T14:32:04.996405,0.000000,3.007936
2448.1447,2026-07-15T14:32:05.481002,0.000000,3.007904
2448.6011,2026-07-15T14:32:05.937425,0.000000,3.007890
2449.1050,2026-07-15T14:32:06.441277,0.000000,3.007872
2449.5585,2026-07-15T14:32:06.894836,0.000000,3.007826
2450.0304,2026-07-15T14:32:07.366731,0.000000,3.007854
2450.4831,2026-07-15T14:32:07.819430,0.000000,3.007883
2450.9895,2026-07-15T14:32:08.325833,0.000000,3.007914
2451.4418,2026-07-15T14:32:08.778080,0.000000,3.008013
2451.9378,2026-07-15T14:32:09.274077,0.000000,3.008014
2452.3950,2026-07-15T14:32:09.731259,0.000000,3.008059
2452.8749,2026-07-15T14:32:10.211206,0.000000,3.008104
2453.3718,2026-07-15T14:32:10.708120,0.000000,3.008106
2453.8279,2026-07-15T14:32:11.164163,0.000000,3.008122
2454.2863,2026-07-15T14:32:11.622594,0.000000,3.008198
2454.7408,2026-07-15T14:32:12.077070,0.000000,3.008205
2455.2177,2026-07-15T14:32:12.554002,0.000000,3.008221
2455.6865,2026-07-15T14:32:13.022811,0.000000,3.008278
2456.1866,2026-07-15T14:32:13.522851,0.000000,3.008331
2456.6346,2026-07-15T14:32:13.970875,0.000000,3.008373
2457.1268,2026-07-15T14:32:14.463073,0.000000,3.008397
2457.5843,2026-07-15T14:32:14.920571,0.000000,3.008416
2458.0472,2026-07-15T14:32:15.383540,0.000000,3.008402
2458.5012,2026-07-15T14:32:15.837518,0.000000,3.008394
2459.0181,2026-07-15T14:32:16.354412,0.000000,3.008355
2459.5283,2026-07-15T14:32:16.864598,0.000000,3.008310
2460.0514,2026-07-15T14:32:17.387735,0.000000,3.008318
2460.5056,2026-07-15T14:32:17.841894,0.000000,3.008309
2461.0095,2026-07-15T14:32:18.345751,0.000000,3.008269
2461.4625,2026-07-15T14:32:18.798838,0.000000,3.008277
2461.9462,2026-07-15T14:32:19.282473,0.000000,3.008232
2462.4249,2026-07-15T14:32:19.761178,0.000000,3.008227
2462.8825,2026-07-15T14:32:20.218775,0.000000,3.008250
2463.3370,2026-07-15T14:32:20.673262,0.000000,3.008286
2463.8394,2026-07-15T14:32:21.175645,0.000000,3.008270
2464.3178,2026-07-15T14:32:21.654103,0.000000,3.008299
2464.8185,2026-07-15T14:32:22.154760,0.000000,3.008331
2465.2711,2026-07-15T14:32:22.607355,0.000000,3.008323
2465.7718,2026-07-15T14:32:23.108105,0.000000,3.008331
2466.2373,2026-07-15T14:32:23.573608,0.000000,3.008267
2466.6972,2026-07-15T14:32:24.033522,0.000000,3.008202
2467.1888,2026-07-15T14:32:24.525079,0.000000,3.008176
2467.6489,2026-07-15T14:32:24.985142,0.000000,3.008147
2468.1189,2026-07-15T14:32:25.455237,0.000000,3.008059
2468.5736,2026-07-15T14:32:25.909928,0.000000,3.008072
2469.0683,2026-07-15T14:32:26.404565,0.000000,3.008032
2469.5248,2026-07-15T14:32:26.861081,0.000000,3.008008
2470.0034,2026-07-15T14:32:27.339668,0.000000,3.008000
2470.4948,2026-07-15T14:32:27.831143,0.000000,3.007966
2470.9581,2026-07-15T14:32:28.294366,0.000000,3.007939
2471.4533,2026-07-15T14:32:28.789600,0.000000,3.007947
2471.9082,2026-07-15T14:32:29.244468,0.000000,3.007926
2472.3608,2026-07-15T14:32:29.697058,0.000000,3.007966
2472.8165,2026-07-15T14:32:30.152808,0.000000,3.007947
2473.2830,2026-07-15T14:32:30.619278,0.000000,3.007968
2473.7715,2026-07-15T14:32:31.107794,0.000000,3.007912
2474.2512,2026-07-15T14:32:31.587451,0.000000,3.007880
2474.7114,2026-07-15T14:32:32.047725,0.000000,3.007811
2475.2064,2026-07-15T14:32:32.542742,0.000000,3.007765
2475.6540,2026-07-15T14:32:32.990319,0.000000,3.007738
2476.1489,2026-07-15T14:32:33.485189,0.000000,3.007710
2476.6337,2026-07-15T14:32:33.970024,0.000000,3.007664
2477.1032,2026-07-15T14:32:34.439498,0.000000,3.007682
2477.5779,2026-07-15T14:32:34.914274,0.000000,3.007654
2478.0631,2026-07-15T14:32:35.399397,0.000000,3.007685
2478.5614,2026-07-15T14:32:35.897676,0.000000,3.007731
2479.0659,2026-07-15T14:32:36.402144,0.000000,3.007758
2479.5221,2026-07-15T14:32:36.858421,0.000000,3.007824
2480.0186,2026-07-15T14:32:37.354938,0.000000,3.007792
2480.4823,2026-07-15T14:32:37.818553,0.000000,3.007810
2480.9914,2026-07-15T14:32:38.327691,0.000000,3.007850
2481.4824,2026-07-15T14:32:38.818689,0.000000,3.007840
2481.9615,2026-07-15T14:32:39.297750,0.000000,3.007861
2482.4342,2026-07-15T14:32:39.770477,0.000000,3.007822
2482.8876,2026-07-15T14:32:40.223862,0.000000,3.007830
2483.3463,2026-07-15T14:32:40.682615,0.000000,3.007805
2483.8538,2026-07-15T14:32:41.190054,0.000000,3.007789
2484.3079,2026-07-15T14:32:41.644171,0.000000,3.007770
2484.7768,2026-07-15T14:32:42.113105,0.000000,3.007755
2485.2702,2026-07-15T14:32:42.606483,0.000000,3.007813
2485.7179,2026-07-15T14:32:43.054205,0.000000,3.007821
2486.2033,2026-07-15T14:32:43.539602,0.000000,3.007858
2486.6936,2026-07-15T14:32:44.029854,0.000000,3.007877
2487.1850,2026-07-15T14:32:44.521270,0.000000,3.007910
2487.6443,2026-07-15T14:32:44.980599,0.000000,3.007931
2488.1231,2026-07-15T14:32:45.459430,0.000000,3.007966
2488.6188,2026-07-15T14:32:45.955078,0.000000,3.007990
2489.1057,2026-07-15T14:32:46.441986,0.000000,3.008021
2489.5669,2026-07-15T14:32:46.903218,0.000000,3.008027
2490.0642,2026-07-15T14:32:47.400457,0.000000,3.008024
2490.5267,2026-07-15T14:32:47.862963,0.000000,3.008000
2491.0201,2026-07-15T14:32:48.356380,0.000000,3.007990
2491.5150,2026-07-15T14:32:48.851306,0.000000,3.008027
2492.0371,2026-07-15T14:32:49.373410,0.000000,3.008013
2492.5185,2026-07-15T14:32:49.854836,0.000000,3.008005
2492.9781,2026-07-15T14:32:50.314406,0.000000,3.008011
2493.4439,2026-07-15T14:32:50.780215,0.000000,3.008024
2493.9003,2026-07-15T14:32:51.236612,0.000000,3.007989
2494.3594,2026-07-15T14:32:51.695706,0.000000,3.007942
2494.8621,2026-07-15T14:32:52.198444,0.000000,3.007931
2495.3546,2026-07-15T14:32:52.690872,0.000000,3.007950
2495.8099,2026-07-15T14:32:53.146237,0.000000,3.007960
2496.2903,2026-07-15T14:32:53.626633,0.000000,3.007950
2496.7454,2026-07-15T14:32:54.081739,0.000000,3.007944
2497.2036,2026-07-15T14:32:54.539885,0.000000,3.007910
2497.6588,2026-07-15T14:32:54.995108,0.000000,3.007877
2498.1553,2026-07-15T14:32:55.491588,0.000000,3.007818
2498.6634,2026-07-15T14:32:55.999692,0.000000,3.007832
2499.1587,2026-07-15T14:32:56.495031,0.000000,3.007850
2499.6256,2026-07-15T14:32:56.961851,0.000000,3.007891
2500.1623,2026-07-15T14:32:57.498639,0.000000,3.007918
2500.6265,2026-07-15T14:32:57.962807,0.000000,3.007981
2501.1257,2026-07-15T14:32:58.462009,0.000000,3.008013
2501.6036,2026-07-15T14:32:58.939872,0.000000,3.008037
2502.0869,2026-07-15T14:32:59.423157,0.000000,3.008101
2502.5523,2026-07-15T14:32:59.888537,0.000000,3.008174
2502.9992,2026-07-15T14:33:00.335529,0.000000,3.008246
2503.5015,2026-07-15T14:33:00.837829,0.000000,3.008251
2503.9787,2026-07-15T14:33:01.314999,0.000000,3.008344
2504.4364,2026-07-15T14:33:01.772643,0.000000,3.008368
2504.9349,2026-07-15T14:33:02.271151,0.000000,3.008350
2505.4207,2026-07-15T14:33:02.756999,0.000000,3.008344
2505.8745,2026-07-15T14:33:03.210804,0.000000,3.008278
2506.3786,2026-07-15T14:33:03.714926,0.000000,3.008298
2506.8361,2026-07-15T14:33:04.172346,0.000000,3.008278
2507.3058,2026-07-15T14:33:04.642081,0.000000,3.008251
2507.8052,2026-07-15T14:33:05.141525,0.000000,3.008213
2508.3049,2026-07-15T14:33:05.641240,0.000000,3.008264
2508.7948,2026-07-15T14:33:06.131106,0.000000,3.008272
2509.2872,2026-07-15T14:33:06.623555,0.000000,3.008328
2509.7867,2026-07-15T14:33:07.123024,0.000000,3.008395
2510.2815,2026-07-15T14:33:07.617803,0.000000,3.008432
2510.7767,2026-07-15T14:33:08.113021,0.000000,3.008514
2511.2591,2026-07-15T14:33:08.595348,0.000000,3.008538
2511.7954,2026-07-15T14:33:09.131717,0.000000,3.008587
2512.2514,2026-07-15T14:33:09.587676,0.000000,3.008621
2512.7540,2026-07-15T14:33:10.090317,0.000000,3.008683
2513.2045,2026-07-15T14:33:10.540769,0.000000,3.008720
2513.7039,2026-07-15T14:33:11.040196,0.000000,3.008699
2514.1942,2026-07-15T14:33:11.530529,0.000000,3.008683
2514.6504,2026-07-15T14:33:11.986669,0.000000,3.008682
2515.1327,2026-07-15T14:33:12.468963,0.000000,3.008674
2515.5920,2026-07-15T14:33:12.928246,0.000000,3.008693
2516.0870,2026-07-15T14:33:13.423252,0.000000,3.008701
2516.5425,2026-07-15T14:33:13.878834,0.000000,3.008715
2517.0087,2026-07-15T14:33:14.345001,0.000000,3.008736
2517.5146,2026-07-15T14:33:14.850854,0.000000,3.008704
2517.9891,2026-07-15T14:33:15.325382,0.000000,3.008642
2518.4441,2026-07-15T14:33:15.780433,0.000000,3.008610
2518.9018,2026-07-15T14:33:16.238052,0.000000,3.008611
2519.3935,2026-07-15T14:33:16.729824,0.000000,3.008610
2519.9037,2026-07-15T14:33:17.239976,0.000000,3.008517
2520.4016,2026-07-15T14:33:17.737858,0.000000,3.008499
2520.8757,2026-07-15T14:33:18.211998,0.000000,3.008434
2521.3581,2026-07-15T14:33:18.694407,0.000000,3.008381
2521.8541,2026-07-15T14:33:19.190345,0.000000,3.008336
2522.3335,2026-07-15T14:33:19.669788,0.000000,3.008323
2522.8122,2026-07-15T14:33:20.148448,0.000000,3.008350
2523.3038,2026-07-15T14:33:20.640090,0.000000,3.008378
2523.8045,2026-07-15T14:33:21.140841,0.000000,3.008366
2524.2529,2026-07-15T14:33:21.589192,0.000000,3.008392
2524.7111,2026-07-15T14:33:22.047416,0.000000,3.008434
2525.2067,2026-07-15T14:33:22.542986,0.000000,3.008485
2525.6700,2026-07-15T14:33:23.006304,0.000000,3.008493
2526.1651,2026-07-15T14:33:23.501373,0.000000,3.008509
2526.6707,2026-07-15T14:33:24.006960,0.000000,3.008554
2527.1313,2026-07-15T14:33:24.467587,0.000000,3.008514
2527.5870,2026-07-15T14:33:24.923318,0.000000,3.008430
2528.0870,2026-07-15T14:33:25.423309,0.000000,3.008397
2528.5521,2026-07-15T14:33:25.888408,0.000000,3.008358
2528.9921,2026-07-15T14:33:26.328445,0.000000,3.008302
2529.4590,2026-07-15T14:33:26.795291,0.000000,3.008294
2529.9179,2026-07-15T14:33:27.254184,0.000000,3.008328
2530.3758,2026-07-15T14:33:27.712090,0.000000,3.008317
2530.8344,2026-07-15T14:33:28.170701,0.000000,3.008358
2531.2917,2026-07-15T14:33:28.628020,0.000000,3.008357
2531.7726,2026-07-15T14:33:29.108916,0.000000,3.008366
2532.2601,2026-07-15T14:33:29.596421,0.000000,3.008432
2532.7555,2026-07-15T14:33:30.091793,0.000000,3.008509
2533.2508,2026-07-15T14:33:30.587078,0.000000,3.008568
2533.7101,2026-07-15T14:33:31.046355,0.000000,3.008670
2534.1868,2026-07-15T14:33:31.523097,0.000000,3.008728
2534.6480,2026-07-15T14:33:31.984263,0.000000,3.008722
2535.1437,2026-07-15T14:33:32.479950,0.000000,3.008741
2535.5955,2026-07-15T14:33:32.931772,0.000000,3.008738
2536.0705,2026-07-15T14:33:33.406844,0.000000,3.008742
2536.5256,2026-07-15T14:33:33.861924,0.000000,3.008746
2536.9752,2026-07-15T14:33:34.311476,0.000000,3.008779
2537.4354,2026-07-15T14:33:34.771720,0.000000,3.008792
2537.9001,2026-07-15T14:33:35.236353,0.000000,3.008827
2538.3661,2026-07-15T14:33:35.702411,0.000000,3.008800
2538.8541,2026-07-15T14:33:36.190408,0.000000,3.008771
2539.3543,2026-07-15T14:33:36.690621,0.000000,3.008771
2539.8036,2026-07-15T14:33:37.139857,0.000000,3.008795
2540.2807,2026-07-15T14:33:37.616974,0.000000,3.008798
2540.7338,2026-07-15T14:33:38.070137,0.000000,3.008830
2541.2025,2026-07-15T14:33:38.538828,0.000000,3.008858
2541.6940,2026-07-15T14:33:39.030268,0.000000,3.008853
2542.1897,2026-07-15T14:33:39.525989,0.000000,3.008850
2542.6742,2026-07-15T14:33:40.010472,0.000000,3.008850
2543.1663,2026-07-15T14:33:40.502599,0.000000,3.008827
2543.6275,2026-07-15T14:33:40.963817,0.000000,3.008819
2544.1046,2026-07-15T14:33:41.440915,0.000000,3.008856
2544.5713,2026-07-15T14:33:41.907576,0.000000,3.008893
2545.0626,2026-07-15T14:33:42.398901,0.000000,3.008907
2545.5477,2026-07-15T14:33:42.884005,0.000000,3.008938
2546.0106,2026-07-15T14:33:43.346897,0.000000,3.008976
2546.4784,2026-07-15T14:33:43.814663,0.000000,3.008954
2546.9367,2026-07-15T14:33:44.273031,0.000000,3.008994
2547.3950,2026-07-15T14:33:44.731261,0.000000,3.008978
2547.8892,2026-07-15T14:33:45.225503,0.000000,3.008909
2548.3764,2026-07-15T14:33:45.712721,0.000000,3.008910
2548.8257,2026-07-15T14:33:46.162041,0.000000,3.008934
2549.3108,2026-07-15T14:33:46.647053,0.000000,3.008869
2549.8042,2026-07-15T14:33:47.140558,0.000000,3.008747
2550.3145,2026-07-15T14:33:47.650751,0.000000,3.008709
2550.7587,2026-07-15T14:33:48.094996,0.000000,3.008643
2551.3024,2026-07-15T14:33:48.638703,0.000000,3.008574
2551.7590,2026-07-15T14:33:49.095282,0.000000,3.008605
2552.2193,2026-07-15T14:33:49.555616,0.000000,3.008587
2552.7032,2026-07-15T14:33:50.039441,0.000000,3.008624
2553.1966,2026-07-15T14:33:50.532898,0.000000,3.008662
2553.6932,2026-07-15T14:33:51.029437,0.000000,3.008696
2554.1862,2026-07-15T14:33:51.522508,0.000000,3.008733
2554.6436,2026-07-15T14:33:51.979853,0.000000,3.008773
2555.1379,2026-07-15T14:33:52.474157,0.000000,3.008762
2555.5930,2026-07-15T14:33:52.929315,0.000000,3.008798
2556.0815,2026-07-15T14:33:53.417793,0.000000,3.008806
2556.5447,2026-07-15T14:33:53.880962,0.000000,3.008803
2557.0321,2026-07-15T14:33:54.368383,0.000000,3.008746
2557.5276,2026-07-15T14:33:54.863876,0.000000,3.008717
2558.0210,2026-07-15T14:33:55.357332,0.000000,3.008688
2558.5106,2026-07-15T14:33:55.846858,0.000000,3.008658
2559.0024,2026-07-15T14:33:56.338739,0.000000,3.008610
2559.4617,2026-07-15T14:33:56.798021,0.000000,3.008523
2559.9198,2026-07-15T14:33:57.256088,0.000000,3.008490
2560.3939,2026-07-15T14:33:57.730239,0.000000,3.008502
2560.8539,2026-07-15T14:33:58.190170,0.000000,3.008498
2561.3483,2026-07-15T14:33:58.684575,0.000000,3.008472
2561.7942,2026-07-15T14:33:59.130479,0.000000,3.008470
2562.2792,2026-07-15T14:33:59.615479,0.000000,3.008491
2562.7378,2026-07-15T14:34:00.074047,0.000000,3.008565
2563.2175,2026-07-15T14:34:00.553740,0.000000,3.008573
2563.6985,2026-07-15T14:34:01.034808,0.000000,3.008547
2564.1997,2026-07-15T14:34:01.535965,0.000000,3.008616
2564.6663,2026-07-15T14:34:02.002618,0.000000,3.008706
2565.1327,2026-07-15T14:34:02.468951,0.000000,3.008746
2565.5911,2026-07-15T14:34:02.927384,0.000000,3.008750
2566.0837,2026-07-15T14:34:03.419966,0.000000,3.008827
2566.5419,2026-07-15T14:34:03.878141,0.000000,3.008830
2567.0046,2026-07-15T14:34:04.340902,0.000000,3.008848
2567.4575,2026-07-15T14:34:04.793835,0.000000,3.008850
2567.9253,2026-07-15T14:34:05.261596,0.000000,3.008850
2568.4086,2026-07-15T14:34:05.744936,0.000000,3.008843
2568.8566,2026-07-15T14:34:06.192937,0.000000,3.008848
2569.3084,2026-07-15T14:34:06.644669,0.000000,3.008822
2569.7637,2026-07-15T14:34:07.099969,0.000000,3.008757
2570.2500,2026-07-15T14:34:07.586235,0.000000,3.008770
2570.7001,2026-07-15T14:34:08.036393,0.000000,3.008760
2571.1783,2026-07-15T14:34:08.514582,0.000000,3.008734
2571.6408,2026-07-15T14:34:08.977135,0.000000,3.008736
2572.0881,2026-07-15T14:34:09.424433,0.000000,3.008674
2572.5383,2026-07-15T14:34:09.874562,0.000000,3.008658
2572.9886,2026-07-15T14:34:10.324885,0.000000,3.008634
2573.4410,2026-07-15T14:34:10.777328,0.000000,3.008630
2573.8917,2026-07-15T14:34:11.228031,0.000000,3.008590
2574.3465,2026-07-15T14:34:11.682819,0.000000,3.008539
2574.7975,2026-07-15T14:34:12.133786,0.000000,3.008509
2575.2926,2026-07-15T14:34:12.628887,0.000000,3.008499
2575.7718,2026-07-15T14:34:13.108105,0.000000,3.008490
2576.2594,2026-07-15T14:34:13.595708,0.000000,3.008472
2576.7337,2026-07-15T14:34:14.069955,0.000000,3.008512
2577.1883,2026-07-15T14:34:14.524570,0.000000,3.008549
2577.6407,2026-07-15T14:34:14.976997,0.000000,3.008581
2578.1401,2026-07-15T14:34:15.476369,0.000000,3.008610
2578.6152,2026-07-15T14:34:15.951488,0.000000,3.008589
2579.1194,2026-07-15T14:34:16.455705,0.000000,3.008619
2579.5750,2026-07-15T14:34:16.911268,0.000000,3.008682
2580.0378,2026-07-15T14:34:17.374114,0.000000,3.008712
2580.4980,2026-07-15T14:34:17.834263,0.000000,3.008723
2580.9917,2026-07-15T14:34:18.327979,0.000000,3.008704
2581.4506,2026-07-15T14:34:18.786899,0.000000,3.008728
2581.9082,2026-07-15T14:34:19.244461,0.000000,3.008694
2582.3894,2026-07-15T14:34:19.725684,0.000000,3.008642
2582.8815,2026-07-15T14:34:20.217807,0.000000,3.008611
2583.3505,2026-07-15T14:34:20.686783,0.000000,3.008555
2583.8138,2026-07-15T14:34:21.150054,0.000000,3.008555
2584.2752,2026-07-15T14:34:21.611514,0.000000,3.008538
2584.7586,2026-07-15T14:34:22.094870,0.000000,3.008507
2585.2173,2026-07-15T14:34:22.553543,0.000000,3.008472
2585.7187,2026-07-15T14:34:23.054955,0.000000,3.008427
2586.2065,2026-07-15T14:34:23.542802,0.000000,3.008413
2586.6641,2026-07-15T14:34:24.000378,0.000000,3.008398
2587.1326,2026-07-15T14:34:24.468851,0.000000,3.008408
2587.6415,2026-07-15T14:34:24.977768,0.000000,3.008397
2588.1243,2026-07-15T14:34:25.460597,0.000000,3.008432
2588.5727,2026-07-15T14:34:25.908968,0.000000,3.008432
2589.0653,2026-07-15T14:34:26.401602,0.000000,3.008462
2589.5152,2026-07-15T14:34:26.851494,0.000000,3.008419
2590.0089,2026-07-15T14:34:27.345210,0.000000,3.008414
2590.5056,2026-07-15T14:34:27.841894,0.000000,3.008398
2591.0070,2026-07-15T14:34:28.343303,0.000000,3.008392
2591.5008,2026-07-15T14:34:28.837060,0.000000,3.008405
2591.9982,2026-07-15T14:34:29.334527,0.000000,3.008443
2592.5001,2026-07-15T14:34:29.836433,0.000000,3.008435
2593.0252,2026-07-15T14:34:30.361526,0.000000,3.008467
2593.4813,2026-07-15T14:34:30.817563,0.000000,3.008458
2593.9792,2026-07-15T14:34:31.315535,0.000000,3.008458
2594.4538,2026-07-15T14:34:31.790066,0.000000,3.008493
2594.9049,2026-07-15T14:34:32.241184,0.000000,3.008520
2595.3572,2026-07-15T14:34:32.693483,0.000000,3.008571
2595.8353,2026-07-15T14:34:33.171604,0.000000,3.008613
2596.2950,2026-07-15T14:34:33.631284,0.000000,3.008632
2596.8008,2026-07-15T14:34:34.137138,0.000000,3.008635
2597.2972,2026-07-15T14:34:34.633454,0.000000,3.008718
2597.7837,2026-07-15T14:34:35.119985,0.000000,3.008733
2598.2339,2026-07-15T14:34:35.570174,0.000000,3.008746
2598.6888,2026-07-15T14:34:36.025105,0.000000,3.008787
2599.1778,2026-07-15T14:34:36.514063,0.000000,3.008829
2599.6301,2026-07-15T14:34:36.966342,0.000000,3.008845
2600.1212,2026-07-15T14:34:37.457456,0.000000,3.008874
2600.5721,2026-07-15T14:34:37.908394,0.000000,3.008909
2601.0723,2026-07-15T14:34:38.408613,0.000000,3.008941
2601.5490,2026-07-15T14:34:38.885308,0.000000,3.008917
2601.9965,2026-07-15T14:34:39.332795,0.000000,3.008934
2602.4772,2026-07-15T14:34:39.813470,0.000000,3.008912
2602.9350,2026-07-15T14:34:40.271275,0.000000,3.008928
2603.3886,2026-07-15T14:34:40.724893,0.000000,3.008973
2603.8603,2026-07-15T14:34:41.196575,0.000000,3.008987
2604.3245,2026-07-15T14:34:41.660753,0.000000,3.008990
2604.7888,2026-07-15T14:34:42.125083,0.000000,3.009011
2605.2822,2026-07-15T14:34:42.618463,0.000000,3.009019
2605.7407,2026-07-15T14:34:43.076960,0.000000,3.008941
2606.2338,2026-07-15T14:34:43.570135,0.000000,3.008914
2606.6903,2026-07-15T14:34:44.026561,0.000000,3.008949
2607.1424,2026-07-15T14:34:44.478677,0.000000,3.008970
2607.5935,2026-07-15T14:34:44.929775,0.000000,3.008992
2608.0612,2026-07-15T14:34:45.397484,0.000000,3.008982
2608.5629,2026-07-15T14:34:45.899158,0.000000,3.008915
2609.0383,2026-07-15T14:34:46.374551,0.000000,3.008920
2609.5012,2026-07-15T14:34:46.837523,0.000000,3.008899
2609.9953,2026-07-15T14:34:47.331568,0.000000,3.008870
2610.4777,2026-07-15T14:34:47.813970,0.000000,3.008858
2610.9311,2026-07-15T14:34:48.267361,0.000000,3.008890
2611.3854,2026-07-15T14:34:48.721649,0.000000,3.008869
2611.8857,2026-07-15T14:34:49.221983,0.000000,3.008835
2612.3464,2026-07-15T14:34:49.682646,0.000000,3.008776
2612.8004,2026-07-15T14:34:50.136677,0.000000,3.008731
2613.3008,2026-07-15T14:34:50.637079,0.000000,3.008706
2613.7595,2026-07-15T14:34:51.095830,0.000000,3.008707
2614.2197,2026-07-15T14:34:51.556032,0.000000,3.008659
2614.6788,2026-07-15T14:34:52.015095,0.000000,3.008571
2615.1796,2026-07-15T14:34:52.515906,0.000000,3.008541
2615.6519,2026-07-15T14:34:52.988209,0.000000,3.008546
2616.1386,2026-07-15T14:34:53.474848,0.000000,3.008458
2616.6385,2026-07-15T14:34:53.974779,0.000000,3.008448
2617.1351,2026-07-15T14:34:54.471390,0.000000,3.008464
2617.5961,2026-07-15T14:34:54.932399,0.000000,3.008370
2618.0698,2026-07-15T14:34:55.406060,0.000000,3.008291
2618.5464,2026-07-15T14:34:55.882709,0.000000,3.008219
2619.0426,2026-07-15T14:34:56.378845,0.000000,3.008104
2619.5322,2026-07-15T14:34:56.868455,0.000000,3.008070
2620.0101,2026-07-15T14:34:57.346370,0.000000,3.008016
2620.5360,2026-07-15T14:34:57.872245,0.000000,3.007934
2621.0009,2026-07-15T14:34:58.337188,0.000000,3.007971
2621.4930,2026-07-15T14:34:58.829329,0.000000,3.007973
2621.9557,2026-07-15T14:34:59.291996,0.000000,3.007942
2622.4570,2026-07-15T14:34:59.793304,0.000000,3.007944
2622.9174,2026-07-15T14:35:00.253727,0.000000,3.007981
2623.4082,2026-07-15T14:35:00.744459,0.000000,3.008034
2623.8685,2026-07-15T14:35:01.204782,0.000000,3.008134
2624.3488,2026-07-15T14:35:01.685099,0.000000,3.008178
2624.8548,2026-07-15T14:35:02.191092,0.000000,3.008262
2625.3011,2026-07-15T14:35:02.637397,0.000000,3.008312
2625.7541,2026-07-15T14:35:03.090363,0.000000,3.008330
2626.2464,2026-07-15T14:35:03.582713,0.000000,3.008357
2626.7013,2026-07-15T14:35:04.037595,0.000000,3.008350
2627.1516,2026-07-15T14:35:04.487922,0.000000,3.008408
2627.6124,2026-07-15T14:35:04.948671,0.000000,3.008462
2628.0746,2026-07-15T14:35:05.410857,0.000000,3.008448
2628.5633,2026-07-15T14:35:05.899657,0.000000,3.008467
2629.0449,2026-07-15T14:35:06.381205,0.000000,3.008458
2629.5072,2026-07-15T14:35:06.843528,0.000000,3.008451
2630.0103,2026-07-15T14:35:07.346584,0.000000,3.008494
2630.5076,2026-07-15T14:35:07.843930,0.000000,3.008544
2630.9797,2026-07-15T14:35:08.316006,0.000000,3.008552
2631.4391,2026-07-15T14:35:08.775425,0.000000,3.008528
2631.8921,2026-07-15T14:35:09.228352,0.000000,3.008520
2632.3621,2026-07-15T14:35:09.698371,0.000000,3.008451
2632.8247,2026-07-15T14:35:10.160989,0.000000,3.008445
2633.3270,2026-07-15T14:35:10.663337,0.000000,3.008434
2633.7731,2026-07-15T14:35:11.109343,0.000000,3.008406
2634.2660,2026-07-15T14:35:11.602292,0.000000,3.008406
2634.7176,2026-07-15T14:35:12.053875,0.000000,3.008398
2635.1741,2026-07-15T14:35:12.510358,0.000000,3.008362
2635.6340,2026-07-15T14:35:12.970323,0.000000,3.008309
2636.1241,2026-07-15T14:35:13.460374,0.000000,3.008296
2636.5978,2026-07-15T14:35:13.934122,0.000000,3.008310
2637.0951,2026-07-15T14:35:14.431424,0.000000,3.008347
2637.5903,2026-07-15T14:35:14.926562,0.000000,3.008325
2638.0824,2026-07-15T14:35:15.418657,0.000000,3.008402
2638.5393,2026-07-15T14:35:15.875598,0.000000,3.008448
2638.9973,2026-07-15T14:35:16.333578,0.000000,3.008434
2639.4666,2026-07-15T14:35:16.802915,0.000000,3.008389
2639.9230,2026-07-15T14:35:17.259260,0.000000,3.008381
2640.3820,2026-07-15T14:35:17.718260,0.000000,3.008384
2640.8322,2026-07-15T14:35:18.168484,0.000000,3.008422
2641.3349,2026-07-15T14:35:18.671153,0.000000,3.008480
2641.8258,2026-07-15T14:35:19.162093,0.000000,3.008488
2642.3176,2026-07-15T14:35:19.653979,0.000000,3.008504
2642.7751,2026-07-15T14:35:20.111393,0.000000,3.008518
2643.2660,2026-07-15T14:35:20.602244,0.000000,3.008522
2643.7182,2026-07-15T14:35:21.054480,0.000000,3.008587
2644.1815,2026-07-15T14:35:21.517812,0.000000,3.008618
2644.6393,2026-07-15T14:35:21.975565,0.000000,3.008680
2645.1313,2026-07-15T14:35:22.467580,0.000000,3.008670
2645.6175,2026-07-15T14:35:22.953746,0.000000,3.008638
2646.0900,2026-07-15T14:35:23.426338,0.000000,3.008619
2646.5487,2026-07-15T14:35:23.885021,0.000000,3.008546
2647.0505,2026-07-15T14:35:24.386845,0.000000,3.008571
2647.5348,2026-07-15T14:35:24.871058,0.000000,3.008546
2648.0342,2026-07-15T14:35:25.370461,0.000000,3.008554
2648.5369,2026-07-15T14:35:25.873222,0.000000,3.008518
2649.0552,2026-07-15T14:35:26.391494,0.000000,3.008525
2649.5381,2026-07-15T14:35:26.874378,0.000000,3.008547
2650.0017,2026-07-15T14:35:27.338024,0.000000,3.008507
2650.4977,2026-07-15T14:35:27.834040,0.000000,3.008549
2650.9788,2026-07-15T14:35:28.315120,0.000000,3.008554
2651.4471,2026-07-15T14:35:28.783428,0.000000,3.008574
2651.9024,2026-07-15T14:35:29.238712,0.000000,3.008581
2652.4045,2026-07-15T14:35:29.740792,0.000000,3.008597
2652.8606,2026-07-15T14:35:30.196889,0.000000,3.008594
2653.3136,2026-07-15T14:35:30.649848,0.000000,3.008565
2653.7688,2026-07-15T14:35:31.105077,0.000000,3.008554
2654.2453,2026-07-15T14:35:31.581615,0.000000,3.008493
2654.7137,2026-07-15T14:35:32.049996,0.000000,3.008477
2655.1820,2026-07-15T14:35:32.518292,0.000000,3.008502
2655.6512,2026-07-15T14:35:32.987535,0.000000,3.008496
2656.1471,2026-07-15T14:35:33.483417,0.000000,3.008523
2656.5930,2026-07-15T14:35:33.929316,0.000000,3.008547
2657.0692,2026-07-15T14:35:34.405517,0.000000,3.008531
2657.5510,2026-07-15T14:35:34.887283,0.000000,3.008525
2658.0255,2026-07-15T14:35:35.361818,0.000000,3.008512
2658.5204,2026-07-15T14:35:35.856696,0.000000,3.008526
2658.9764,2026-07-15T14:35:36.312686,0.000000,3.008570
2659.4356,2026-07-15T14:35:36.771867,0.000000,3.008608
2659.8949,2026-07-15T14:35:37.231210,0.000000,3.008637
2660.3543,2026-07-15T14:35:37.690611,0.000000,3.008627
2660.8105,2026-07-15T14:35:38.146801,0.000000,3.008570
2661.2786,2026-07-15T14:35:38.614885,0.000000,3.008568
2661.7357,2026-07-15T14:35:39.072016,0.000000,3.008560
2662.2200,2026-07-15T14:35:39.556308,0.000000,3.008557
2662.6748,2026-07-15T14:35:40.011131,0.000000,3.008547
2663.1754,2026-07-15T14:35:40.511723,0.000000,3.008574
2663.6185,2026-07-15T14:35:40.954791,0.000000,3.008578
2664.1053,2026-07-15T14:35:41.441573,0.000000,3.008565
2664.6076,2026-07-15T14:35:41.943935,0.000000,3.008523
2665.1021,2026-07-15T14:35:42.438379,0.000000,3.008470
2665.6236,2026-07-15T14:35:42.959863,0.000000,3.008461
2666.1060,2026-07-15T14:35:43.442312,0.000000,3.008429
2666.5977,2026-07-15T14:35:43.934053,0.000000,3.008413
2667.1012,2026-07-15T14:35:44.437444,0.000000,3.008429
2667.5694,2026-07-15T14:35:44.905691,0.000000,3.008440
2668.0552,2026-07-15T14:35:45.391452,0.000000,3.008408
2668.5571,2026-07-15T14:35:45.893439,0.000000,3.008419
2669.0535,2026-07-15T14:35:46.389807,0.000000,3.008477
2669.5718,2026-07-15T14:35:46.908106,0.000000,3.008506
2670.0605,2026-07-15T14:35:47.396772,0.000000,3.008573
2670.5275,2026-07-15T14:35:47.863787,0.000000,3.008645
2671.0138,2026-07-15T14:35:48.350091,0.000000,3.008734
2671.4685,2026-07-15T14:35:48.804751,0.000000,3.008714
2671.9667,2026-07-15T14:35:49.302964,0.000000,3.008717
2672.4387,2026-07-15T14:35:49.774951,0.000000,3.008726
2672.8888,2026-07-15T14:35:50.225088,0.000000,3.008734
2673.3869,2026-07-15T14:35:50.723186,0.000000,3.008749
2673.8472,2026-07-15T14:35:51.183525,0.000000,3.008712
2674.3469,2026-07-15T14:35:51.683236,0.000000,3.008704
2674.8479,2026-07-15T14:35:52.184223,0.000000,3.008699
2675.3039,2026-07-15T14:35:52.640206,0.000000,3.008659
2675.7521,2026-07-15T14:35:53.088414,0.000000,3.008635
2676.2393,2026-07-15T14:35:53.575582,0.000000,3.008638
2676.7231,2026-07-15T14:35:54.059346,0.000000,3.008619
2677.2523,2026-07-15T14:35:54.588552,0.000000,3.008629
2677.7508,2026-07-15T14:35:55.087099,0.000000,3.008686
2678.2492,2026-07-15T14:35:55.585493,0.000000,3.008731
2678.7303,2026-07-15T14:35:56.066604,0.000000,3.008746
2679.1877,2026-07-15T14:35:56.524031,0.000000,3.008763
2679.6482,2026-07-15T14:35:56.984501,0.000000,3.008749
2680.1477,2026-07-15T14:35:57.483987,0.000000,3.008786
2680.6500,2026-07-15T14:35:57.986270,0.000000,3.008811
2681.1482,2026-07-15T14:35:58.484496,0.000000,3.008830
2681.6054,2026-07-15T14:35:58.941663,0.000000,3.008862
2682.0976,2026-07-15T14:35:59.433903,0.000000,3.008910
2682.5893,2026-07-15T14:35:59.925564,0.000000,3.008923
2683.1008,2026-07-15T14:36:00.437035,0.000000,3.008987
2683.5911,2026-07-15T14:36:00.927395,0.000000,3.008968
2684.0909,2026-07-15T14:36:01.427185,0.000000,3.008997
2684.5516,2026-07-15T14:36:01.887849,0.000000,3.008974
2685.0363,2026-07-15T14:36:02.372631,0.000000,3.008950
2685.5303,2026-07-15T14:36:02.866613,0.000000,3.008963
2686.0305,2026-07-15T14:36:03.366822,0.000000,3.008954
2686.4938,2026-07-15T14:36:03.830124,0.000000,3.008942
2686.9638,2026-07-15T14:36:04.300050,0.000000,3.008906
2687.4662,2026-07-15T14:36:04.802523,0.000000,3.008862
2687.9211,2026-07-15T14:36:05.257378,0.000000,3.008770
2688.4188,2026-07-15T14:36:05.755112,0.000000,3.008710
2688.9035,2026-07-15T14:36:06.239801,0.000000,3.008662
2689.4038,2026-07-15T14:36:06.740084,0.000000,3.008645
2689.8946,2026-07-15T14:36:07.230840,0.000000,3.008710
2690.3631,2026-07-15T14:36:07.699351,0.000000,3.008698
2690.8194,2026-07-15T14:36:08.155696,0.000000,3.008667
2691.3051,2026-07-15T14:36:08.641360,0.000000,3.008678
2691.7722,2026-07-15T14:36:09.108465,0.000000,3.008717
2692.2693,2026-07-15T14:36:09.605604,0.000000,3.008720
2692.7751,2026-07-15T14:36:10.111374,0.000000,3.008741
2693.2412,2026-07-15T14:36:10.577532,0.000000,3.008789
2693.7022,2026-07-15T14:36:11.038501,0.000000,3.008774
2694.2003,2026-07-15T14:36:11.536590,0.000000,3.008754
2694.6875,2026-07-15T14:36:12.023776,0.000000,3.008773
2695.1800,2026-07-15T14:36:12.516324,0.000000,3.008765
2695.7036,2026-07-15T14:36:13.039905,0.000000,3.008781
2696.1519,2026-07-15T14:36:13.488157,0.000000,3.008758
2696.6114,2026-07-15T14:36:13.947665,0.000000,3.008712
2697.1421,2026-07-15T14:36:14.478360,0.000000,3.008710
2697.6123,2026-07-15T14:36:14.948580,0.000000,3.008685
2698.1039,2026-07-15T14:36:15.440183,0.000000,3.008674
2698.5806,2026-07-15T14:36:15.916895,0.000000,3.008674
2699.0556,2026-07-15T14:36:16.391875,0.000000,3.008659
2699.5514,2026-07-15T14:36:16.887736,0.000000,3.008627
2700.0443,2026-07-15T14:36:17.380606,0.000000,3.008538
2700.4968,2026-07-15T14:36:17.833128,0.000000,3.008483
2700.9942,2026-07-15T14:36:18.330525,0.000000,3.008459
2701.4951,2026-07-15T14:36:18.831354,0.000000,3.008421
2701.9957,2026-07-15T14:36:19.331946,0.000000,3.008317
2702.4448,2026-07-15T14:36:19.781046,0.000000,3.008282
2702.9024,2026-07-15T14:36:20.238674,0.000000,3.008328
2703.3991,2026-07-15T14:36:20.735380,0.000000,3.008302
2703.8803,2026-07-15T14:36:21.216542,0.000000,3.008248
2704.3363,2026-07-15T14:36:21.672621,0.000000,3.008278
2704.8149,2026-07-15T14:36:22.151181,0.000000,3.008299
2705.2695,2026-07-15T14:36:22.605765,0.000000,3.008277
2705.7269,2026-07-15T14:36:23.063205,0.000000,3.008270
2706.2237,2026-07-15T14:36:23.560019,0.000000,3.008240
2706.7142,2026-07-15T14:36:24.050465,0.000000,3.008274
2707.1754,2026-07-15T14:36:24.511734,0.000000,3.008330
2707.6649,2026-07-15T14:36:25.001180,0.000000,3.008312
2708.1409,2026-07-15T14:36:25.477155,0.000000,3.008250
2708.6328,2026-07-15T14:36:25.969061,0.000000,3.008269
2709.1109,2026-07-15T14:36:26.447143,0.000000,3.008272
2709.5739,2026-07-15T14:36:26.910151,0.000000,3.008234
2710.0752,2026-07-15T14:36:27.411510,0.000000,3.008227
2710.5610,2026-07-15T14:36:27.897340,0.000000,3.008235
2711.0671,2026-07-15T14:36:28.403371,0.000000,3.008306
2711.5268,2026-07-15T14:36:28.863103,0.000000,3.008315
2711.9937,2026-07-15T14:36:29.330043,0.000000,3.008272
2712.4556,2026-07-15T14:36:29.791867,0.000000,3.008248
2712.9352,2026-07-15T14:36:30.271476,0.000000,3.008221
2713.4064,2026-07-15T14:36:30.742664,0.000000,3.008248
2713.8846,2026-07-15T14:36:31.220868,0.000000,3.008275
2714.4062,2026-07-15T14:36:31.742443,0.000000,3.008293
2714.8573,2026-07-15T14:36:32.193562,0.000000,3.008262
2715.3098,2026-07-15T14:36:32.646074,0.000000,3.008240
2715.7758,2026-07-15T14:36:33.112077,0.000000,3.008248
2716.2349,2026-07-15T14:36:33.571219,0.000000,3.008163
2716.6991,2026-07-15T14:36:34.035359,0.000000,3.008171
2717.2077,2026-07-15T14:36:34.543952,0.000000,3.008122
2717.6654,2026-07-15T14:36:35.001718,0.000000,3.008003
2718.1505,2026-07-15T14:36:35.486812,0.000000,3.007896
2718.6481,2026-07-15T14:36:35.984345,0.000000,3.007845
2719.1437,2026-07-15T14:36:36.479960,0.000000,3.007773
2719.6016,2026-07-15T14:36:36.937922,0.000000,3.007701
2720.0967,2026-07-15T14:36:37.432947,0.000000,3.007643
2720.5822,2026-07-15T14:36:37.918467,0.000000,3.007576
2721.0794,2026-07-15T14:36:38.415680,0.000000,3.007512
2721.5411,2026-07-15T14:36:38.877427,0.000000,3.007483
2722.0374,2026-07-15T14:36:39.373662,0.000000,3.007430
2722.4933,2026-07-15T14:36:39.829592,0.000000,3.007432
2722.9725,2026-07-15T14:36:40.308776,0.000000,3.007480
2723.4767,2026-07-15T14:36:40.812983,0.000000,3.007474
2723.9331,2026-07-15T14:36:41.269409,0.000000,3.007466
2724.4071,2026-07-15T14:36:41.743384,0.000000,3.007522
2724.9063,2026-07-15T14:36:42.242590,0.000000,3.007512
2725.4017,2026-07-15T14:36:42.737976,0.000000,3.007477
2725.8782,2026-07-15T14:36:43.214519,0.000000,3.007523
2726.3457,2026-07-15T14:36:43.682036,0.000000,3.007533
2726.8274,2026-07-15T14:36:44.163695,0.000000,3.007616
2727.3290,2026-07-15T14:36:44.665255,0.000000,3.007670
2727.8576,2026-07-15T14:36:45.193862,0.000000,3.007704
2728.3634,2026-07-15T14:36:45.699692,0.000000,3.007802
2728.8358,2026-07-15T14:36:46.172101,0.000000,3.007786
2729.3159,2026-07-15T14:36:46.652227,0.000000,3.007822
2729.7939,2026-07-15T14:36:47.130178,0.000000,3.007910
2730.2871,2026-07-15T14:36:47.623348,0.000000,3.008026
2730.7926,2026-07-15T14:36:48.128907,0.000000,3.008112
2731.2882,2026-07-15T14:36:48.624471,0.000000,3.008200
2731.7878,2026-07-15T14:36:49.124064,0.000000,3.008216
2732.3013,2026-07-15T14:36:49.637614,0.000000,3.008238
2732.8015,2026-07-15T14:36:50.137783,0.000000,3.008254
2733.2890,2026-07-15T14:36:50.625267,0.000000,3.008250
2733.7878,2026-07-15T14:36:51.124102,0.000000,3.008322
2734.2554,2026-07-15T14:36:51.591689,0.000000,3.008323
2734.7615,2026-07-15T14:36:52.097833,0.000000,3.008315
2735.2571,2026-07-15T14:36:52.593342,0.000000,3.008270
2735.7491,2026-07-15T14:36:53.085380,0.000000,3.008234
2736.2600,2026-07-15T14:36:53.596334,0.000000,3.008182
2736.7669,2026-07-15T14:36:54.103223,0.000000,3.008115
2737.2632,2026-07-15T14:36:54.599496,0.000000,3.008075
2737.7615,2026-07-15T14:36:55.097780,0.000000,3.008077
2738.2572,2026-07-15T14:36:55.593536,0.000000,3.008064
2738.7576,2026-07-15T14:36:56.093854,0.000000,3.007997
2739.2149,2026-07-15T14:36:56.551132,0.000000,3.007931
2739.6854,2026-07-15T14:36:57.021696,0.000000,3.007890
2740.1713,2026-07-15T14:36:57.507550,0.000000,3.007882
2740.6733,2026-07-15T14:36:58.009588,0.000000,3.007901
2741.1785,2026-07-15T14:36:58.514799,0.000000,3.007922
2741.6766,2026-07-15T14:36:59.012855,0.000000,3.008000
2742.1733,2026-07-15T14:36:59.509636,0.000000,3.008053
2742.6679,2026-07-15T14:37:00.004171,0.000000,3.008035
2743.1238,2026-07-15T14:37:00.460108,0.000000,3.007994
2743.6144,2026-07-15T14:37:00.950660,0.000000,3.007992
2744.1017,2026-07-15T14:37:01.437941,0.000000,3.008005
2744.5796,2026-07-15T14:37:01.915851,0.000000,3.008029
2745.0961,2026-07-15T14:37:02.432387,0.000000,3.008098
2745.6333,2026-07-15T14:37:02.969579,0.000000,3.008088
2746.0810,2026-07-15T14:37:03.417282,0.000000,3.008054
2746.5766,2026-07-15T14:37:03.912926,0.000000,3.007990
2747.0777,2026-07-15T14:37:04.413951,0.000000,3.007962
2747.5349,2026-07-15T14:37:04.871137,0.000000,3.007970
2747.9977,2026-07-15T14:37:05.333993,0.000000,3.007979
2748.4974,2026-07-15T14:37:05.833733,0.000000,3.007997
2748.9879,2026-07-15T14:37:06.324195,0.000000,3.008035
2749.4345,2026-07-15T14:37:06.770774,0.000000,3.008021
2749.8899,2026-07-15T14:37:07.226184,0.000000,3.007954
2750.3401,2026-07-15T14:37:07.676374,0.000000,3.007894
2750.8254,2026-07-15T14:37:08.161708,0.000000,3.007869
2751.3034,2026-07-15T14:37:08.639703,0.000000,3.007853
2751.8047,2026-07-15T14:37:09.140946,0.000000,3.007830
2752.2812,2026-07-15T14:37:09.617502,0.000000,3.007826
2752.7360,2026-07-15T14:37:10.072314,0.000000,3.007781
2753.2371,2026-07-15T14:37:10.573412,0.000000,3.007835
2753.7102,2026-07-15T14:37:11.046493,0.000000,3.007885
2754.1860,2026-07-15T14:37:11.522261,0.000000,3.007858
2754.6413,2026-07-15T14:37:11.977583,0.000000,3.007856
2755.0986,2026-07-15T14:37:12.434894,0.000000,3.007864
2755.5795,2026-07-15T14:37:12.915759,0.000000,3.007915
2756.0482,2026-07-15T14:37:13.384492,0.000000,3.007950
2756.4989,2026-07-15T14:37:13.835166,0.000000,3.008016
2756.9707,2026-07-15T14:37:14.306964,0.000000,3.008014
2757.4153,2026-07-15T14:37:14.751638,0.000000,3.008064
2757.9257,2026-07-15T14:37:15.261940,0.000000,3.008109
2758.3780,2026-07-15T14:37:15.714253,0.000000,3.008078
2758.8488,2026-07-15T14:37:16.185119,0.000000,3.008080
2759.3294,2026-07-15T14:37:16.665672,0.000000,3.008086
2759.7942,2026-07-15T14:37:17.130515,0.000000,3.008082
2760.2952,2026-07-15T14:37:17.631533,0.000000,3.008123
2760.7924,2026-07-15T14:37:18.128679,0.000000,3.008144
2761.2479,2026-07-15T14:37:18.584183,0.000000,3.008154
2761.7257,2026-07-15T14:37:19.061946,0.000000,3.008144
2762.1937,2026-07-15T14:37:19.530016,0.000000,3.008171
2762.6916,2026-07-15T14:37:20.027915,0.000000,3.008189
2763.1531,2026-07-15T14:37:20.489422,0.000000,3.008259
2763.6565,2026-07-15T14:37:20.992758,0.000000,3.008272
2764.1622,2026-07-15T14:37:21.498444,0.000000,3.008296
2764.6470,2026-07-15T14:37:21.983351,0.000000,3.008307
2765.1482,2026-07-15T14:37:22.484485,0.000000,3.008301
2765.6142,2026-07-15T14:37:22.950456,0.000000,3.008309
2766.1147,2026-07-15T14:37:23.451036,0.000000,3.008317
2766.6151,2026-07-15T14:37:23.951415,0.000000,3.008339
2767.1157,2026-07-15T14:37:24.451991,0.000000,3.008293
2767.5822,2026-07-15T14:37:24.918485,0.000000,3.008275
2768.0795,2026-07-15T14:37:25.415779,0.000000,3.008266
2768.5795,2026-07-15T14:37:25.915787,0.000000,3.008240
2769.0867,2026-07-15T14:37:26.422979,0.000000,3.008206
2769.5402,2026-07-15T14:37:26.876504,0.000000,3.008176
2770.0170,2026-07-15T14:37:27.353318,0.000000,3.008187
2770.4835,2026-07-15T14:37:27.819791,0.000000,3.008171
2770.9725,2026-07-15T14:37:28.308759,0.000000,3.008118
2771.4215,2026-07-15T14:37:28.757790,0.000000,3.008082
2771.8836,2026-07-15T14:37:29.219877,0.000000,3.008021
2772.3792,2026-07-15T14:37:29.715484,0.000000,3.008035
2772.8466,2026-07-15T14:37:30.182869,0.000000,3.008010
2773.3467,2026-07-15T14:37:30.682990,0.000000,3.007893
2773.8033,2026-07-15T14:37:31.139611,0.000000,3.007864
2774.2999,2026-07-15T14:37:31.636239,0.000000,3.007875
2774.8250,2026-07-15T14:37:32.161318,0.000000,3.007854
2775.2892,2026-07-15T14:37:32.625506,0.000000,3.007848
2775.7590,2026-07-15T14:37:33.095303,0.000000,3.007872
2776.2516,2026-07-15T14:37:33.587943,0.000000,3.007920
2776.7200,2026-07-15T14:37:34.056315,0.000000,3.008000
2777.1776,2026-07-15T14:37:34.513901,0.000000,3.008030
2777.6487,2026-07-15T14:37:34.984947,0.000000,3.008093
2778.1348,2026-07-15T14:37:35.471103,0.000000,3.008186
2778.6035,2026-07-15T14:37:35.939773,0.000000,3.008229
2779.0593,2026-07-15T14:37:36.395561,0.000000,3.008264
2779.5165,2026-07-15T14:37:36.852798,0.000000,3.008326
2779.9991,2026-07-15T14:37:37.335347,0.000000,3.008346
2780.4613,2026-07-15T14:37:37.797566,0.000000,3.008376
2780.9547,2026-07-15T14:37:38.290991,0.000000,3.008406
2781.4139,2026-07-15T14:37:38.750222,0.000000,3.008419
2781.8715,2026-07-15T14:37:39.207788,0.000000,3.008430
2782.3218,2026-07-15T14:37:39.658082,0.000000,3.008384
2782.7781,2026-07-15T14:37:40.114382,0.000000,3.008352
2783.2359,2026-07-15T14:37:40.572209,0.000000,3.008291
2783.7296,2026-07-15T14:37:41.065910,0.000000,3.008309
2784.2115,2026-07-15T14:37:41.547789,0.000000,3.008282
2784.6723,2026-07-15T14:37:42.008607,0.000000,3.008258
2785.1641,2026-07-15T14:37:42.500406,0.000000,3.008270
2785.6205,2026-07-15T14:37:42.956759,0.000000,3.008242
2786.1108,2026-07-15T14:37:43.447126,0.000000,3.008267
2786.6042,2026-07-15T14:37:43.940541,0.000000,3.008274
2787.0894,2026-07-15T14:37:44.425643,0.000000,3.008262
2787.5920,2026-07-15T14:37:44.928326,0.000000,3.008301
2788.1173,2026-07-15T14:37:45.453622,0.000000,3.008325
2788.6075,2026-07-15T14:37:45.943823,0.000000,3.008346
2789.0974,2026-07-15T14:37:46.433675,0.000000,3.008347
2789.5929,2026-07-15T14:37:46.929185,0.000000,3.008312
2790.0848,2026-07-15T14:37:47.421087,0.000000,3.008262
2790.5432,2026-07-15T14:37:47.879458,0.000000,3.008258
2791.0063,2026-07-15T14:37:48.342556,0.000000,3.008181
2791.4682,2026-07-15T14:37:48.804500,0.000000,3.008128
2791.9254,2026-07-15T14:37:49.261715,0.000000,3.008173
2792.3926,2026-07-15T14:37:49.728892,0.000000,3.008094
2792.8996,2026-07-15T14:37:50.235903,0.000000,3.008138
2793.3580,2026-07-15T14:37:50.694265,0.000000,3.008134
2793.8247,2026-07-15T14:37:51.161018,0.000000,3.008150
2794.3242,2026-07-15T14:37:51.660536,0.000000,3.008160
2794.8007,2026-07-15T14:37:52.137011,0.000000,3.008222
2795.2973,2026-07-15T14:37:52.633565,0.000000,3.008213
2795.7790,2026-07-15T14:37:53.115300,0.000000,3.008211
2796.3004,2026-07-15T14:37:53.636664,0.000000,3.008269
2796.8054,2026-07-15T14:37:54.141735,0.000000,3.008214
2797.2618,2026-07-15T14:37:54.598138,0.000000,3.008227
2797.7120,2026-07-15T14:37:55.048297,0.000000,3.008128
2798.2135,2026-07-15T14:37:55.549752,0.000000,3.008042
2798.6903,2026-07-15T14:37:56.026612,0.000000,3.008008
2799.1926,2026-07-15T14:37:56.528850,0.000000,3.007938
2799.6927,2026-07-15T14:37:57.029000,0.000000,3.007885
2800.1537,2026-07-15T14:37:57.489951,0.000000,3.007882
2800.6115,2026-07-15T14:37:57.947773,0.000000,3.007846
2801.0924,2026-07-15T14:37:58.428728,0.000000,3.007806
2801.5428,2026-07-15T14:37:58.879111,0.000000,3.007773
2802.0004,2026-07-15T14:37:59.336727,0.000000,3.007789
2802.4873,2026-07-15T14:37:59.823633,0.000000,3.007830
2802.9618,2026-07-15T14:38:00.298062,0.000000,3.007906
2803.4154,2026-07-15T14:38:00.751664,0.000000,3.007957
2803.8783,2026-07-15T14:38:01.214634,0.000000,3.007939
2804.3425,2026-07-15T14:38:01.678838,0.000000,3.007968
2804.8226,2026-07-15T14:38:02.158856,0.000000,3.007946
2805.3227,2026-07-15T14:38:02.658976,0.000000,3.007917
2805.7746,2026-07-15T14:38:03.110930,0.000000,3.007938
2806.2554,2026-07-15T14:38:03.591726,0.000000,3.007899
2806.7078,2026-07-15T14:38:04.044118,0.000000,3.007901
2807.1722,2026-07-15T14:38:04.508469,0.000000,3.007843
2807.6566,2026-07-15T14:38:04.992926,0.000000,3.007813
2808.1552,2026-07-15T14:38:05.491537,0.000000,3.007723
2808.6516,2026-07-15T14:38:05.987923,0.000000,3.007757
2809.1516,2026-07-15T14:38:06.487934,0.000000,3.007792
2809.6187,2026-07-15T14:38:06.955015,0.000000,3.007838
2810.0898,2026-07-15T14:38:07.426086,0.000000,3.007853
2810.5524,2026-07-15T14:38:07.888730,0.000000,3.007875
2811.0524,2026-07-15T14:38:08.388668,0.000000,3.007880
2811.5500,2026-07-15T14:38:08.886336,0.000000,3.007846
2812.0517,2026-07-15T14:38:09.388030,0.000000,3.007901
2812.5518,2026-07-15T14:38:09.888076,0.000000,3.007982
2813.0713,2026-07-15T14:38:10.407569,0.000000,3.008024
2813.5244,2026-07-15T14:38:10.860671,0.000000,3.008000
2814.0279,2026-07-15T14:38:11.364240,0.000000,3.007995
2814.5203,2026-07-15T14:38:11.856561,0.000000,3.007936
2814.9984,2026-07-15T14:38:12.334707,0.000000,3.007902
2815.4772,2026-07-15T14:38:12.813460,0.000000,3.007907
2815.9347,2026-07-15T14:38:13.270945,0.000000,3.007928
2816.3826,2026-07-15T14:38:13.718864,0.000000,3.007966
2816.8801,2026-07-15T14:38:14.216344,0.000000,3.007957
2817.3740,2026-07-15T14:38:14.710287,0.000000,3.007966
2817.8441,2026-07-15T14:38:15.180427,0.000000,3.008024
2818.3245,2026-07-15T14:38:15.660835,0.000000,3.007998
2818.8192,2026-07-15T14:38:16.155445,0.000000,3.008008
2819.2747,2026-07-15T14:38:16.610983,0.000000,3.008040
2819.7323,2026-07-15T14:38:17.068619,0.000000,3.008098
2820.2024,2026-07-15T14:38:17.538692,0.000000,3.008118
2820.6954,2026-07-15T14:38:18.031646,0.000000,3.008150
2821.1861,2026-07-15T14:38:18.522349,0.000000,3.008157
2821.6806,2026-07-15T14:38:19.016903,0.000000,3.008186
2822.1646,2026-07-15T14:38:19.500921,0.000000,3.008181
2822.6442,2026-07-15T14:38:19.980446,0.000000,3.008141
2823.1411,2026-07-15T14:38:20.477431,0.000000,3.008069
2823.5948,2026-07-15T14:38:20.931044,0.000000,3.008061
2824.1003,2026-07-15T14:38:21.436624,0.000000,3.007986
2824.5577,2026-07-15T14:38:21.893994,0.000000,3.008000
2825.0559,2026-07-15T14:38:22.392196,0.000000,3.007992
2825.5108,2026-07-15T14:38:22.847115,0.000000,3.007931
2826.0113,2026-07-15T14:38:23.347612,0.000000,3.007918
2826.4658,2026-07-15T14:38:23.802111,0.000000,3.007918
2826.9662,2026-07-15T14:38:24.302532,0.000000,3.007883
2827.4251,2026-07-15T14:38:24.761409,0.000000,3.007840
2827.8769,2026-07-15T14:38:25.213192,0.000000,3.007813
2828.3337,2026-07-15T14:38:25.670027,0.000000,3.007803
2828.7925,2026-07-15T14:38:26.128820,0.000000,3.007784
2829.2528,2026-07-15T14:38:26.589126,0.000000,3.007810
2829.7502,2026-07-15T14:38:27.086533,0.000000,3.007821
2830.2345,2026-07-15T14:38:27.570795,0.000000,3.007838
2830.6915,2026-07-15T14:38:28.027798,0.000000,3.007838
2831.1931,2026-07-15T14:38:28.529344,0.000000,3.007883
2831.6367,2026-07-15T14:38:28.973011,0.000000,3.007880
2832.1312,2026-07-15T14:38:29.467525,0.000000,3.007901
2832.6317,2026-07-15T14:38:29.967967,0.000000,3.007907
2833.1241,2026-07-15T14:38:30.460405,0.000000,3.007939
2833.6301,2026-07-15T14:38:30.966380,0.000000,3.008038
2834.1279,2026-07-15T14:38:31.464226,0.000000,3.008102
2834.6210,2026-07-15T14:38:31.957279,0.000000,3.008072
2835.1225,2026-07-15T14:38:32.458776,0.000000,3.008149
2835.5875,2026-07-15T14:38:32.923894,0.000000,3.008186
2836.0865,2026-07-15T14:38:33.422775,0.000000,3.008160
2836.5889,2026-07-15T14:38:33.925183,0.000000,3.008160
2837.0497,2026-07-15T14:38:34.386008,0.000000,3.008187
2837.5272,2026-07-15T14:38:34.863470,0.000000,3.008190
2838.0218,2026-07-15T14:38:35.358122,0.000000,3.008232
2838.5019,2026-07-15T14:38:35.838202,0.000000,3.008198
2839.0421,2026-07-15T14:38:36.378375,0.000000,3.008170
2839.5072,2026-07-15T14:38:36.843516,0.000000,3.008168
2839.9534,2026-07-15T14:38:37.289670,0.000000,3.008125
2840.4084,2026-07-15T14:38:37.744717,0.000000,3.008138
2840.8837,2026-07-15T14:38:38.220033,0.000000,3.008117
2841.3355,2026-07-15T14:38:38.671810,0.000000,3.008101
2841.8315,2026-07-15T14:38:39.167802,0.000000,3.008038
2842.3120,2026-07-15T14:38:39.648307,0.000000,3.008021
2842.8056,2026-07-15T14:38:40.141930,0.000000,3.008045
2843.2727,2026-07-15T14:38:40.608999,0.000000,3.008069
2843.7768,2026-07-15T14:38:41.113062,0.000000,3.008075
2844.2369,2026-07-15T14:38:41.573237,0.000000,3.008074
2844.6961,2026-07-15T14:38:42.032388,0.000000,3.008093
2845.1915,2026-07-15T14:38:42.527838,0.000000,3.008086
2845.7146,2026-07-15T14:38:43.050849,0.000000,3.008066
2846.2139,2026-07-15T14:38:43.550199,0.000000,3.008093
2846.6609,2026-07-15T14:38:43.997188,0.000000,3.008080
2847.1252,2026-07-15T14:38:44.461490,0.000000,3.008093
2847.6225,2026-07-15T14:38:44.958828,0.000000,3.008053
2848.1183,2026-07-15T14:38:45.454587,0.000000,3.008005
2848.5673,2026-07-15T14:38:45.903584,0.000000,3.007942
2849.0708,2026-07-15T14:38:46.407100,0.000000,3.007946
2849.5260,2026-07-15T14:38:46.862253,0.000000,3.007899
2850.0245,2026-07-15T14:38:47.360778,0.000000,3.007890
2850.5225,2026-07-15T14:38:47.858764,0.000000,3.007880
2851.0072,2026-07-15T14:38:48.343492,0.000000,3.007862
2851.4570,2026-07-15T14:38:48.793287,0.000000,3.007909
2851.9602,2026-07-15T14:38:49.296452,0.000000,3.007930
2852.4522,2026-07-15T14:38:49.788543,0.000000,3.007891
2852.9660,2026-07-15T14:38:50.302318,0.000000,3.007934
2853.4217,2026-07-15T14:38:50.758006,0.000000,3.007971
2853.9063,2026-07-15T14:38:51.242573,0.000000,3.007976
2854.3664,2026-07-15T14:38:51.702706,0.000000,3.008002
2854.8720,2026-07-15T14:38:52.208306,0.000000,3.008024
2855.3314,2026-07-15T14:38:52.667688,0.000000,3.008032
2855.7998,2026-07-15T14:38:53.136070,0.000000,3.008082
2856.2914,2026-07-15T14:38:53.627653,0.000000,3.008035
2856.7470,2026-07-15T14:38:54.083305,0.000000,3.008003
2857.2050,2026-07-15T14:38:54.541273,0.000000,3.008042
2857.6560,2026-07-15T14:38:54.992326,0.000000,3.008066
2858.1545,2026-07-15T14:38:55.490808,0.000000,3.008059
2858.6348,2026-07-15T14:38:55.971046,0.000000,3.008131
2859.1377,2026-07-15T14:38:56.473949,0.000000,3.008162
2859.5898,2026-07-15T14:38:56.926093,0.000000,3.008200
2860.0945,2026-07-15T14:38:57.430811,0.000000,3.008251
2860.5416,2026-07-15T14:38:57.877841,0.000000,3.008298
2861.0440,2026-07-15T14:38:58.380329,0.000000,3.008296
2861.4994,2026-07-15T14:38:58.835674,0.000000,3.008354
2861.9561,2026-07-15T14:38:59.292355,0.000000,3.008437
2862.4162,2026-07-15T14:38:59.752514,0.000000,3.008480
2862.9216,2026-07-15T14:39:00.257899,0.000000,3.008526
2863.3752,2026-07-15T14:39:00.711463,0.000000,3.008522
2863.8413,2026-07-15T14:39:01.177560,0.000000,3.008490
2864.3257,2026-07-15T14:39:01.661982,0.000000,3.008445
2864.8146,2026-07-15T14:39:02.150930,0.000000,3.008410
2865.3092,2026-07-15T14:39:02.645505,0.000000,3.008408
2865.8168,2026-07-15T14:39:03.153081,0.000000,3.008413
2866.3002,2026-07-15T14:39:03.636536,0.000000,3.008326
2866.7994,2026-07-15T14:39:04.135730,0.000000,3.008264
2867.2992,2026-07-15T14:39:04.635483,0.000000,3.008179
2867.7978,2026-07-15T14:39:05.134048,0.000000,3.008126
2868.2599,2026-07-15T14:39:05.596207,0.000000,3.008075
2868.7153,2026-07-15T14:39:06.051616,0.000000,3.008037
2869.2151,2026-07-15T14:39:06.551436,0.000000,3.008090
2869.6792,2026-07-15T14:39:07.015541,0.000000,3.008085
2870.1669,2026-07-15T14:39:07.503147,0.000000,3.008032
2870.6666,2026-07-15T14:39:08.002847,0.000000,3.007997
2871.1614,2026-07-15T14:39:08.497665,0.000000,3.008046
2871.6416,2026-07-15T14:39:08.977941,0.000000,3.008077
2872.1669,2026-07-15T14:39:09.503194,0.000000,3.008142
2872.6252,2026-07-15T14:39:09.961511,0.000000,3.008181
2873.1080,2026-07-15T14:39:10.444326,0.000000,3.008224
2873.5633,2026-07-15T14:39:10.899598,0.000000,3.008285
2874.0298,2026-07-15T14:39:11.366065,0.000000,3.008283
2874.4798,2026-07-15T14:39:11.816103,0.000000,3.008314
2874.9437,2026-07-15T14:39:12.279995,0.000000,3.008362
2875.4408,2026-07-15T14:39:12.777069,0.000000,3.008398
2875.9406,2026-07-15T14:39:13.276897,0.000000,3.008410
2876.4079,2026-07-15T14:39:13.744200,0.000000,3.008362
2876.8732,2026-07-15T14:39:14.209492,0.000000,3.008309
2877.3317,2026-07-15T14:39:14.667962,0.000000,3.008349
2877.7909,2026-07-15T14:39:15.127187,0.000000,3.008358
2878.2919,2026-07-15T14:39:15.628158,0.000000,3.008389
2878.7470,2026-07-15T14:39:16.083288,0.000000,3.008344
2879.2225,2026-07-15T14:39:16.558775,0.000000,3.008290
2879.7106,2026-07-15T14:39:17.046888,0.000000,3.008262
2880.2068,2026-07-15T14:39:17.543057,0.000000,3.008240
2880.7141,2026-07-15T14:39:18.050404,0.000000,3.008192
2881.2305,2026-07-15T14:39:18.566756,0.000000,3.008115
2881.7173,2026-07-15T14:39:19.053603,0.000000,3.008120
2882.2222,2026-07-15T14:39:19.558450,0.000000,3.008149
2882.6755,2026-07-15T14:39:20.011797,0.000000,3.008114
2883.1301,2026-07-15T14:39:20.466348,0.000000,3.008096
2883.5914,2026-07-15T14:39:20.927646,0.000000,3.008091
2884.0946,2026-07-15T14:39:21.430929,0.000000,3.008085
2884.5402,2026-07-15T14:39:21.876478,0.000000,3.008086
2885.0342,2026-07-15T14:39:22.370530,0.000000,3.008077
2885.5343,2026-07-15T14:39:22.870583,0.000000,3.008077
2886.0245,2026-07-15T14:39:23.360762,0.000000,3.008067
2886.4818,2026-07-15T14:39:23.818099,0.000000,3.008093
2886.9635,2026-07-15T14:39:24.299826,0.000000,3.008099
2887.4219,2026-07-15T14:39:24.758190,0.000000,3.008019
2887.8728,2026-07-15T14:39:25.209105,0.000000,3.007968
2888.3308,2026-07-15T14:39:25.667068,0.000000,3.007931
2888.7887,2026-07-15T14:39:26.124966,0.000000,3.007899
2889.2782,2026-07-15T14:39:26.614518,0.000000,3.007866
2889.7434,2026-07-15T14:39:27.079658,0.000000,3.007790
2890.2413,2026-07-15T14:39:27.577554,0.000000,3.007808
2890.6981,2026-07-15T14:39:28.034368,0.000000,3.007813
2891.1913,2026-07-15T14:39:28.527618,0.000000,3.007798
2891.6919,2026-07-15T14:39:29.028181,0.000000,3.007779
2892.1844,2026-07-15T14:39:29.520697,0.000000,3.007733
2892.6753,2026-07-15T14:39:30.011564,0.000000,3.007675
2893.1674,2026-07-15T14:39:30.503652,0.000000,3.007669
2893.6215,2026-07-15T14:39:30.957759,0.000000,3.007566
2894.1230,2026-07-15T14:39:31.459247,0.000000,3.007592
2894.5752,2026-07-15T14:39:31.911443,0.000000,3.007581
2895.0720,2026-07-15T14:39:32.408308,0.000000,3.007555
2895.5227,2026-07-15T14:39:32.858993,0.000000,3.007514
2896.0282,2026-07-15T14:39:33.364483,0.000000,3.007517
2896.5285,2026-07-15T14:39:33.864806,0.000000,3.007506
2897.0583,2026-07-15T14:39:34.394621,0.000000,3.007491
2897.5589,2026-07-15T14:39:34.895234,0.000000,3.007542
2898.0523,2026-07-15T14:39:35.388558,0.000000,3.007582
2898.5474,2026-07-15T14:39:35.883653,0.000000,3.007666
2899.0508,2026-07-15T14:39:36.387082,0.000000,3.007674
2899.5048,2026-07-15T14:39:36.841144,0.000000,3.007698
2899.9886,2026-07-15T14:39:37.324833,0.000000,3.007758
2900.4612,2026-07-15T14:39:37.797488,0.000000,3.007806
2900.9249,2026-07-15T14:39:38.261154,0.000000,3.007832
2901.4224,2026-07-15T14:39:38.758681,0.000000,3.007866
2901.8867,2026-07-15T14:39:39.222990,0.000000,3.007912
2902.3506,2026-07-15T14:39:39.686943,0.000000,3.007880
2902.8082,2026-07-15T14:39:40.144461,0.000000,3.007910
2903.3090,2026-07-15T14:39:40.645297,0.000000,3.007845
2903.7841,2026-07-15T14:39:41.120356,0.000000,3.007846
2904.2841,2026-07-15T14:39:41.620336,0.000000,3.007864
2904.7849,2026-07-15T14:39:42.121187,0.000000,3.007878
2905.2471,2026-07-15T14:39:42.583437,0.000000,3.007843
2905.7315,2026-07-15T14:39:43.067799,0.000000,3.007837
2906.2327,2026-07-15T14:39:43.568956,0.000000,3.007790
2906.6931,2026-07-15T14:39:44.029373,0.000000,3.007781
2907.1996,2026-07-15T14:39:44.535922,0.000000,3.007758
2907.6474,2026-07-15T14:39:44.983650,0.000000,3.007771
2908.1403,2026-07-15T14:39:45.476612,0.000000,3.007778
2908.6362,2026-07-15T14:39:45.972451,0.000000,3.007771
2909.1336,2026-07-15T14:39:46.469889,0.000000,3.007765
2909.6182,2026-07-15T14:39:46.954485,0.000000,3.007720
2910.1408,2026-07-15T14:39:47.477084,0.000000,3.007642
2910.6093,2026-07-15T14:39:47.945603,0.000000,3.007613
2911.0686,2026-07-15T14:39:48.404856,0.000000,3.007634
2911.5637,2026-07-15T14:39:48.899996,0.000000,3.007587
2912.0535,2026-07-15T14:39:49.389788,0.000000,3.007571
2912.5447,2026-07-15T14:39:49.880980,0.000000,3.007531
2913.0122,2026-07-15T14:39:50.348522,0.000000,3.007502
2913.5047,2026-07-15T14:39:50.841006,0.000000,3.007446
2913.9548,2026-07-15T14:39:51.291262,0.000000,3.007458
2914.4500,2026-07-15T14:39:51.786284,0.000000,3.007421
2914.9469,2026-07-15T14:39:52.283237,0.000000,3.007528
2915.4385,2026-07-15T14:39:52.774795,0.000000,3.007562
2915.9291,2026-07-15T14:39:53.265427,0.000000,3.007570
2916.4052,2026-07-15T14:39:53.741482,0.000000,3.007610
2916.9078,2026-07-15T14:39:54.244104,0.000000,3.007632
2917.3618,2026-07-15T14:39:54.698128,0.000000,3.007642
2917.8264,2026-07-15T14:39:55.162729,0.000000,3.007656
2918.3289,2026-07-15T14:39:55.665223,0.000000,3.007709
2918.8152,2026-07-15T14:39:56.151461,0.000000,3.007712
2919.2679,2026-07-15T14:39:56.604188,0.000000,3.007725
2919.7281,2026-07-15T14:39:57.064407,0.000000,3.007680
2920.2293,2026-07-15T14:39:57.565552,0.000000,3.007654
2920.6781,2026-07-15T14:39:58.014380,0.000000,3.007698
2921.1827,2026-07-15T14:39:58.518976,0.000000,3.007730
2921.6348,2026-07-15T14:39:58.971078,0.000000,3.007694
2922.1307,2026-07-15T14:39:59.466992,0.000000,3.007754
2922.5868,2026-07-15T14:39:59.923044,0.000000,3.007786
2923.0844,2026-07-15T14:40:00.420644,0.000000,3.007850
2923.5356,2026-07-15T14:40:00.871912,0.000000,3.007886
2924.0315,2026-07-15T14:40:01.367770,0.000000,3.007915
2924.5329,2026-07-15T14:40:01.869139,0.000000,3.007923
2925.0323,2026-07-15T14:40:02.368534,0.000000,3.007978
2925.4932,2026-07-15T14:40:02.829512,0.000000,3.008016
2925.9612,2026-07-15T14:40:03.297454,0.000000,3.008002
2926.4885,2026-07-15T14:40:03.824837,0.000000,3.007978
2926.9433,2026-07-15T14:40:04.279567,0.000000,3.007979
2927.4177,2026-07-15T14:40:04.754049,0.000000,3.008019
2927.8750,2026-07-15T14:40:05.211289,0.000000,3.008058
2928.3510,2026-07-15T14:40:05.687329,0.000000,3.008075
2928.7997,2026-07-15T14:40:06.136022,0.000000,3.008069
2929.3005,2026-07-15T14:40:06.636827,0.000000,3.008093
2929.7496,2026-07-15T14:40:07.085865,0.000000,3.008128
2930.2073,2026-07-15T14:40:07.543621,0.000000,3.008109
2930.6717,2026-07-15T14:40:08.007974,0.000000,3.008034
2931.1876,2026-07-15T14:40:08.523866,0.000000,3.008024
2931.6478,2026-07-15T14:40:08.984110,0.000000,3.008032
2932.1536,2026-07-15T14:40:09.489910,0.000000,3.008046
2932.6034,2026-07-15T14:40:09.939672,0.000000,3.007979
2933.1051,2026-07-15T14:40:10.441373,0.000000,3.007920
2933.5664,2026-07-15T14:40:10.902733,0.000000,3.007920
2934.0492,2026-07-15T14:40:11.385532,0.000000,3.007944
2934.4928,2026-07-15T14:40:11.829049,0.000000,3.007915
2934.9468,2026-07-15T14:40:12.283054,0.000000,3.007910
2935.4011,2026-07-15T14:40:12.737402,0.000000,3.007891
2935.8801,2026-07-15T14:40:13.216389,0.000000,3.007923
2936.3595,2026-07-15T14:40:13.695753,0.000000,3.007885
2936.8558,2026-07-15T14:40:14.192065,0.000000,3.007923
2937.3457,2026-07-15T14:40:14.682023,0.000000,3.007978
2937.8155,2026-07-15T14:40:15.151792,0.000000,3.008042
2938.2731,2026-07-15T14:40:15.609420,0.000000,3.008102
2938.7706,2026-07-15T14:40:16.106945,0.000000,3.008067
2939.2777,2026-07-15T14:40:16.613985,0.000000,3.008090
2939.7725,2026-07-15T14:40:17.108780,0.000000,3.008170
2940.2972,2026-07-15T14:40:17.633489,0.000000,3.008224
2940.7641,2026-07-15T14:40:18.100410,0.000000,3.008235
2941.2667,2026-07-15T14:40:18.603022,0.000000,3.008312
2941.7609,2026-07-15T14:40:19.097164,0.000000,3.008299
2942.2152,2026-07-15T14:40:19.551445,0.000000,3.008278
2942.6860,2026-07-15T14:40:20.022341,0.000000,3.008290
2943.1837,2026-07-15T14:40:20.519969,0.000000,3.008238
2943.6383,2026-07-15T14:40:20.974595,0.000000,3.008278
2944.1224,2026-07-15T14:40:21.458744,0.000000,3.008318
2944.6005,2026-07-15T14:40:21.936767,0.000000,3.008267
2945.0962,2026-07-15T14:40:22.432495,0.000000,3.008274
2945.5519,2026-07-15T14:40:22.888211,0.000000,3.008200
2946.0491,2026-07-15T14:40:23.385398,0.000000,3.008234
2946.4892,2026-07-15T14:40:23.825537,0.000000,3.008195
2946.9647,2026-07-15T14:40:24.300944,0.000000,3.008181
2947.4622,2026-07-15T14:40:24.798463,0.000000,3.008106
2947.9554,2026-07-15T14:40:25.291709,0.000000,3.008019
2948.4275,2026-07-15T14:40:25.763798,0.000000,3.008005
2948.9226,2026-07-15T14:40:26.258914,0.000000,3.007886
2949.3854,2026-07-15T14:40:26.721721,0.000000,3.007850
2949.8522,2026-07-15T14:40:27.188529,0.000000,3.007808
2950.3537,2026-07-15T14:40:27.690027,0.000000,3.007850
2950.8472,2026-07-15T14:40:28.183467,0.000000,3.007838
2951.3117,2026-07-15T14:40:28.647957,0.000000,3.007784
2951.8040,2026-07-15T14:40:29.140247,0.000000,3.007810
2952.3084,2026-07-15T14:40:29.644686,0.000000,3.007851
2952.8224,2026-07-15T14:40:30.158706,0.000000,3.007960
2953.3224,2026-07-15T14:40:30.658662,0.000000,3.008040
2953.7699,2026-07-15T14:40:31.106198,0.000000,3.008123
2954.2702,2026-07-15T14:40:31.606509,0.000000,3.008205
2954.7275,2026-07-15T14:40:32.063744,0.000000,3.008280
2955.2336,2026-07-15T14:40:32.569932,0.000000,3.008248
2955.7023,2026-07-15T14:40:33.038561,0.000000,3.008336
2956.1887,2026-07-15T14:40:33.524985,0.000000,3.008381
2956.6445,2026-07-15T14:40:33.980819,0.000000,3.008317
2957.1456,2026-07-15T14:40:34.481926,0.000000,3.008267
2957.5937,2026-07-15T14:40:34.929946,0.000000,3.008157
2958.0886,2026-07-15T14:40:35.424916,0.000000,3.008051
2958.5880,2026-07-15T14:40:35.924311,0.000000,3.007984
2959.0907,2026-07-15T14:40:36.426975,0.000000,3.007870
2959.5472,2026-07-15T14:40:36.883458,0.000000,3.007835
2960.0500,2026-07-15T14:40:37.386247,0.000000,3.007766
2960.5536,2026-07-15T14:40:37.889921,0.000000,3.007701
2961.0541,2026-07-15T14:40:38.390358,0.000000,3.007642
2961.5118,2026-07-15T14:40:38.848100,0.000000,3.007637
2961.9926,2026-07-15T14:40:39.328900,0.000000,3.007712
2962.4513,2026-07-15T14:40:39.787639,0.000000,3.007832
2962.9472,2026-07-15T14:40:40.283453,0.000000,3.007901
2963.4065,2026-07-15T14:40:40.742787,0.000000,3.007944
2963.8599,2026-07-15T14:40:41.196261,0.000000,3.007981
2964.3179,2026-07-15T14:40:41.654165,0.000000,3.007986
2964.8005,2026-07-15T14:40:42.136806,0.000000,3.007994
2965.2743,2026-07-15T14:40:42.610607,0.000000,3.008018
2965.7640,2026-07-15T14:40:43.100305,0.000000,3.008048
2966.2434,2026-07-15T14:40:43.579706,0.000000,3.008069
2966.6982,2026-07-15T14:40:44.034477,0.000000,3.008035
2967.1839,2026-07-15T14:40:44.520155,0.000000,3.008011
2967.6766,2026-07-15T14:40:45.012924,0.000000,3.007982
2968.1765,2026-07-15T14:40:45.512822,0.000000,3.008011
2968.6806,2026-07-15T14:40:46.016938,0.000000,3.008093
2969.1844,2026-07-15T14:40:46.520682,0.000000,3.008165
2969.6376,2026-07-15T14:40:46.973929,0.000000,3.008270
2970.1318,2026-07-15T14:40:47.468138,0.000000,3.008318
2970.5941,2026-07-15T14:40:47.930367,0.000000,3.008285
2971.0918,2026-07-15T14:40:48.428040,0.000000,3.008270
2971.5394,2026-07-15T14:40:48.875681,0.000000,3.008306
2972.0311,2026-07-15T14:40:49.367409,0.000000,3.008280
2972.4888,2026-07-15T14:40:49.825114,0.000000,3.008310
2972.9899,2026-07-15T14:40:50.326209,0.000000,3.008278
2973.4384,2026-07-15T14:40:50.774673,0.000000,3.008235
2973.9388,2026-07-15T14:40:51.275132,0.000000,3.008197
2974.3990,2026-07-15T14:40:51.735261,0.000000,3.008173
2974.8519,2026-07-15T14:40:52.188192,0.000000,3.008144
2975.3129,2026-07-15T14:40:52.649148,0.000000,3.008189
2975.7620,2026-07-15T14:40:53.098292,0.000000,3.008248
2976.2363,2026-07-15T14:40:53.572546,0.000000,3.008254
2976.7085,2026-07-15T14:40:54.044814,0.000000,3.008211
2977.1861,2026-07-15T14:40:54.522389,0.000000,3.008171
2977.6798,2026-07-15T14:40:55.016058,0.000000,3.008080
2978.1727,2026-07-15T14:40:55.509020,0.000000,3.008034
2978.6630,2026-07-15T14:40:55.999289,0.000000,3.007968
2979.1276,2026-07-15T14:40:56.463919,0.000000,3.007872
2979.5801,2026-07-15T14:40:56.916438,0.000000,3.007875
2980.0816,2026-07-15T14:40:57.417915,0.000000,3.007782
2980.5348,2026-07-15T14:40:57.871083,0.000000,3.007754
2981.0321,2026-07-15T14:40:58.368442,0.000000,3.007694
2981.5516,2026-07-15T14:40:58.887878,0.000000,3.007690
2982.0341,2026-07-15T14:40:59.370405,0.000000,3.007632
2982.4849,2026-07-15T14:40:59.821151,0.000000,3.007621
2982.9526,2026-07-15T14:41:00.288918,0.000000,3.007598
2983.4147,2026-07-15T14:41:00.750975,0.000000,3.007622
2983.9141,2026-07-15T14:41:01.250367,0.000000,3.007586
2984.4063,2026-07-15T14:41:01.742575,0.000000,3.007528
2984.8701,2026-07-15T14:41:02.206418,0.000000,3.007518
2985.3368,2026-07-15T14:41:02.673069,0.000000,3.007475
2985.8463,2026-07-15T14:41:03.182598,0.000000,3.007437
2986.3035,2026-07-15T14:41:03.639809,0.000000,3.007418
2986.7612,2026-07-15T14:41:04.097502,0.000000,3.007430
2987.2111,2026-07-15T14:41:04.547429,0.000000,3.007424
2987.7004,2026-07-15T14:41:05.036692,0.000000,3.007430
2988.1964,2026-07-15T14:41:05.532728,0.000000,3.007390
2988.6477,2026-07-15T14:41:05.984032,0.000000,3.007411
2989.1328,2026-07-15T14:41:06.469051,0.000000,3.007437
2989.6173,2026-07-15T14:41:06.953579,0.000000,3.007411
2990.1156,2026-07-15T14:41:07.451849,0.000000,3.007387
2990.5782,2026-07-15T14:41:07.914536,0.000000,3.007394
2991.0529,2026-07-15T14:41:08.389188,0.000000,3.007317
2991.5062,2026-07-15T14:41:08.842443,0.000000,3.007323
2992.0063,2026-07-15T14:41:09.342632,0.000000,3.007298
2992.4472,2026-07-15T14:41:09.783492,0.000000,3.007290
2992.9203,2026-07-15T14:41:10.256576,0.000000,3.007299
2993.4343,2026-07-15T14:41:10.770630,0.000000,3.007238
2993.9314,2026-07-15T14:41:11.267661,0.000000,3.007238
2994.4150,2026-07-15T14:41:11.751328,0.000000,3.007186
2994.8913,2026-07-15T14:41:12.227603,0.000000,3.007186
2995.3843,2026-07-15T14:41:12.720626,0.000000,3.007178
2995.8383,2026-07-15T14:41:13.174610,0.000000,3.007248
2996.3294,2026-07-15T14:41:13.665688,0.000000,3.007235
2996.8313,2026-07-15T14:41:14.167625,0.000000,3.007296
2997.3191,2026-07-15T14:41:14.655397,0.000000,3.007334
2997.7771,2026-07-15T14:41:15.113437,0.000000,3.007376
2998.2829,2026-07-15T14:41:15.619196,0.000000,3.007394
2998.7804,2026-07-15T14:41:16.116741,0.000000,3.007483
2999.2490,2026-07-15T14:41:16.585278,0.000000,3.007541
2999.7593,2026-07-15T14:41:17.095607,0.000000,3.007606
3000.2189,2026-07-15T14:41:17.555192,0.000000,3.007619
3000.7061,2026-07-15T14:41:18.042362,0.000000,3.007597
3001.2094,2026-07-15T14:41:18.545677,0.000000,3.007632
3001.6713,2026-07-15T14:41:19.007649,0.000000,3.007678
3002.1549,2026-07-15T14:41:19.491234,0.000000,3.007632
3002.6109,2026-07-15T14:41:19.947234,0.000000,3.007634
3003.0835,2026-07-15T14:41:20.419832,0.000000,3.007662
3003.5372,2026-07-15T14:41:20.873529,0.000000,3.007672
3004.0383,2026-07-15T14:41:21.374621,0.000000,3.007656
3004.4935,2026-07-15T14:41:21.829741,0.000000,3.007688
3004.9535,2026-07-15T14:41:22.289792,0.000000,3.007680
3005.4122,2026-07-15T14:41:22.748535,0.000000,3.007667
3005.8705,2026-07-15T14:41:23.206753,0.000000,3.007720
3006.3290,2026-07-15T14:41:23.665291,0.000000,3.007683
3006.8055,2026-07-15T14:41:24.141780,0.000000,3.007690
3007.2984,2026-07-15T14:41:24.634704,0.000000,3.007675
3007.7549,2026-07-15T14:41:25.091233,0.000000,3.007670
3008.2195,2026-07-15T14:41:25.555747,0.000000,3.007638
3008.6895,2026-07-15T14:41:26.025766,0.000000,3.007683
3009.1636,2026-07-15T14:41:26.499864,0.000000,3.007701
3009.6219,2026-07-15T14:41:26.958224,0.000000,3.007674
3010.1040,2026-07-15T14:41:27.440343,0.000000,3.007698
3010.5617,2026-07-15T14:41:27.897945,0.000000,3.007630
3011.0592,2026-07-15T14:41:28.395474,0.000000,3.007586
3011.5115,2026-07-15T14:41:28.847794,0.000000,3.007558
3012.0150,2026-07-15T14:41:29.351274,0.000000,3.007547
3012.5067,2026-07-15T14:41:29.843026,0.000000,3.007491
3012.9634,2026-07-15T14:41:30.299687,0.000000,3.007522
3013.4210,2026-07-15T14:41:30.757274,0.000000,3.007486
3013.9169,2026-07-15T14:41:31.253176,0.000000,3.007442
3014.3654,2026-07-15T14:41:31.701709,0.000000,3.007406
3014.8630,2026-07-15T14:41:32.199321,0.000000,3.007462
3015.3151,2026-07-15T14:41:32.651409,0.000000,3.007488
3015.7734,2026-07-15T14:41:33.109698,0.000000,3.007542
3016.2714,2026-07-15T14:41:33.607678,0.000000,3.007594
3016.7318,2026-07-15T14:41:34.068099,0.000000,3.007603
3017.2143,2026-07-15T14:41:34.550590,0.000000,3.007600
3017.6807,2026-07-15T14:41:35.017001,0.000000,3.007566
3018.1745,2026-07-15T14:41:35.510796,0.000000,3.007557
3018.6800,2026-07-15T14:41:36.016333,0.000000,3.007579
3019.1756,2026-07-15T14:41:36.511843,0.000000,3.007586
3019.6202,2026-07-15T14:41:36.956499,0.000000,3.007560
3020.1031,2026-07-15T14:41:37.439440,0.000000,3.007581
3020.5985,2026-07-15T14:41:37.934753,0.000000,3.007611
3021.1052,2026-07-15T14:41:38.441525,0.000000,3.007565
3021.5660,2026-07-15T14:41:38.902257,0.000000,3.007514
3022.0284,2026-07-15T14:41:39.364702,0.000000,3.007525
3022.5190,2026-07-15T14:41:39.855315,0.000000,3.007619
3023.0075,2026-07-15T14:41:40.343766,0.000000,3.007683
3023.4803,2026-07-15T14:41:40.816598,0.000000,3.007760
3023.9820,2026-07-15T14:41:41.318336,0.000000,3.007776
3024.4598,2026-07-15T14:41:41.796137,0.000000,3.007773
3024.9780,2026-07-15T14:41:42.314266,0.000000,3.007794
3025.4318,2026-07-15T14:41:42.768060,0.000000,3.007789
3025.8841,2026-07-15T14:41:43.220402,0.000000,3.007872
3026.3361,2026-07-15T14:41:43.672378,0.000000,3.007915
3026.8145,2026-07-15T14:41:44.150783,0.000000,3.007942
3027.3356,2026-07-15T14:41:44.671898,0.000000,3.007915
3027.8021,2026-07-15T14:41:45.138428,0.000000,3.007869
3028.3012,2026-07-15T14:41:45.637513,0.000000,3.007814
3028.7925,2026-07-15T14:41:46.128798,0.000000,3.007730
3029.2843,2026-07-15T14:41:46.620592,0.000000,3.007669
3029.7417,2026-07-15T14:41:47.077996,0.000000,3.007664
3030.2144,2026-07-15T14:41:47.550658,0.000000,3.007592
3030.6738,2026-07-15T14:41:48.010111,0.000000,3.007574
3031.1715,2026-07-15T14:41:48.507830,0.000000,3.007570
3031.6763,2026-07-15T14:41:49.012560,0.000000,3.007614
3032.1275,2026-07-15T14:41:49.463832,0.000000,3.007602
3032.5742,2026-07-15T14:41:49.910534,0.000000,3.007630
3033.0845,2026-07-15T14:41:50.420796,0.000000,3.007584
3033.5328,2026-07-15T14:41:50.869058,0.000000,3.007581
3034.0114,2026-07-15T14:41:51.347677,0.000000,3.007518
3034.4603,2026-07-15T14:41:51.796622,0.000000,3.007533
3034.9174,2026-07-15T14:41:52.253731,0.000000,3.007498
3035.3946,2026-07-15T14:41:52.730895,0.000000,3.007539
3035.8941,2026-07-15T14:41:53.230395,0.000000,3.007544
3036.3437,2026-07-15T14:41:53.680035,0.000000,3.007586
3036.8244,2026-07-15T14:41:54.160740,0.000000,3.007605
3037.2769,2026-07-15T14:41:54.613176,0.000000,3.007622
3037.7320,2026-07-15T14:41:55.068304,0.000000,3.007682
3038.2141,2026-07-15T14:41:55.550438,0.000000,3.007739
3038.6763,2026-07-15T14:41:56.012541,0.000000,3.007792
3039.1788,2026-07-15T14:41:56.515069,0.000000,3.007870
3039.6407,2026-07-15T14:41:56.976992,0.000000,3.007850
3040.1366,2026-07-15T14:41:57.472878,0.000000,3.007885
3040.6019,2026-07-15T14:41:57.938230,0.000000,3.007875
3041.1036,2026-07-15T14:41:58.439917,0.000000,3.007851
3041.5656,2026-07-15T14:41:58.901935,0.000000,3.007864
3042.0386,2026-07-15T14:41:59.374906,0.000000,3.007840
3042.4887,2026-07-15T14:41:59.824967,0.000000,3.007835
3042.9477,2026-07-15T14:42:00.283952,0.000000,3.007842
3043.4150,2026-07-15T14:42:00.751329,0.000000,3.007854
3043.8651,2026-07-15T14:42:01.201391,0.000000,3.007864
3044.3333,2026-07-15T14:42:01.669635,0.000000,3.007798
3044.7901,2026-07-15T14:42:02.126350,0.000000,3.007808
3045.2934,2026-07-15T14:42:02.629726,0.000000,3.007789
3045.7414,2026-07-15T14:42:03.077709,0.000000,3.007731
3046.2284,2026-07-15T14:42:03.564725,0.000000,3.007680
3046.6866,2026-07-15T14:42:04.022884,0.000000,3.007608
3047.1777,2026-07-15T14:42:04.513985,0.000000,3.007526
3047.6433,2026-07-15T14:42:04.979626,0.000000,3.007488
3048.1341,2026-07-15T14:42:05.470407,0.000000,3.007448
3048.6337,2026-07-15T14:42:05.970023,0.000000,3.007430
3049.1284,2026-07-15T14:42:06.464716,0.000000,3.007483
3049.6197,2026-07-15T14:42:06.956034,0.000000,3.007518
3050.1194,2026-07-15T14:42:07.455731,0.000000,3.007502
3050.5842,2026-07-15T14:42:07.920450,0.000000,3.007514
3051.0616,2026-07-15T14:42:08.397942,0.000000,3.007544
3051.5618,2026-07-15T14:42:08.898050,0.000000,3.007562
3052.0906,2026-07-15T14:42:09.426934,0.000000,3.007694
3052.5856,2026-07-15T14:42:09.921861,0.000000,3.007733
3053.0417,2026-07-15T14:42:10.377978,0.000000,3.007792
3053.5012,2026-07-15T14:42:10.837475,0.000000,3.007808
3053.9584,2026-07-15T14:42:11.294692,0.000000,3.007808
3054.4677,2026-07-15T14:42:11.804026,0.000000,3.007795
3054.9613,2026-07-15T14:42:12.297641,0.000000,3.007790
3055.4346,2026-07-15T14:42:12.770858,0.000000,3.007819
3055.9647,2026-07-15T14:42:13.301008,0.000000,3.007821
3056.4441,2026-07-15T14:42:13.780373,0.000000,3.007891
3056.9325,2026-07-15T14:42:14.268778,0.000000,3.007813
3057.3851,2026-07-15T14:42:14.721390,0.000000,3.007728
3057.8416,2026-07-15T14:42:15.177905,0.000000,3.007718
3058.3277,2026-07-15T14:42:15.663976,0.000000,3.007674
3058.8228,2026-07-15T14:42:16.159092,0.000000,3.007706
3059.3033,2026-07-15T14:42:16.639621,0.000000,3.007720
3059.7618,2026-07-15T14:42:17.098082,0.000000,3.007707
3060.2505,2026-07-15T14:42:17.586747,0.000000,3.007712
3060.7030,2026-07-15T14:42:18.039314,0.000000,3.007680
3061.1767,2026-07-15T14:42:18.513007,0.000000,3.007672
3061.6351,2026-07-15T14:42:18.971353,0.000000,3.007714
3062.1269,2026-07-15T14:42:19.463196,0.000000,3.007744
3062.5953,2026-07-15T14:42:19.931614,0.000000,3.007779
3063.0929,2026-07-15T14:42:20.429207,0.000000,3.007830
3063.5997,2026-07-15T14:42:20.936000,0.000000,3.007803
3064.0583,2026-07-15T14:42:21.394566,0.000000,3.007702
3064.5198,2026-07-15T14:42:21.856116,0.000000,3.007720
3064.9933,2026-07-15T14:42:22.329585,0.000000,3.007699
3065.4594,2026-07-15T14:42:22.795727,0.000000,3.007694
3065.9617,2026-07-15T14:42:23.297993,0.000000,3.007662
3066.4193,2026-07-15T14:42:23.755590,0.000000,3.007648
3066.8756,2026-07-15T14:42:24.211896,0.000000,3.007549
3067.3813,2026-07-15T14:42:24.717578,0.000000,3.007536
3067.8333,2026-07-15T14:42:25.169578,0.000000,3.007515
3068.3317,2026-07-15T14:42:25.667965,0.000000,3.007506
3068.8175,2026-07-15T14:42:26.153746,0.000000,3.007482
3069.3343,2026-07-15T14:42:26.670560,0.000000,3.007459
3069.8368,2026-07-15T14:42:27.173104,0.000000,3.007451
3070.3287,2026-07-15T14:42:27.665013,0.000000,3.007451
3070.8301,2026-07-15T14:42:28.166357,0.000000,3.007459
3071.2984,2026-07-15T14:42:28.634651,0.000000,3.007483
3071.7546,2026-07-15T14:42:29.090900,0.000000,3.007509
3072.2461,2026-07-15T14:42:29.582393,0.000000,3.007499
3072.7002,2026-07-15T14:42:30.036537,0.000000,3.007504
3073.1947,2026-07-15T14:42:30.531038,0.000000,3.007534
3073.6976,2026-07-15T14:42:31.033875,0.000000,3.007534
3074.1762,2026-07-15T14:42:31.512495,0.000000,3.007486
3074.6409,2026-07-15T14:42:31.977163,0.000000,3.007493
3075.1352,2026-07-15T14:42:32.471505,0.000000,3.007418
3075.6255,2026-07-15T14:42:32.961758,0.000000,3.007414
3076.1160,2026-07-15T14:42:33.452320,0.000000,3.007381
3076.5809,2026-07-15T14:42:33.917144,0.000000,3.007370
3077.0757,2026-07-15T14:42:34.412005,0.000000,3.007328
3077.5810,2026-07-15T14:42:34.917263,0.000000,3.007275
3078.0774,2026-07-15T14:42:35.413706,0.000000,3.007226
3078.5541,2026-07-15T14:42:35.890382,0.000000,3.007248
3079.0408,2026-07-15T14:42:36.377087,0.000000,3.007294
3079.5078,2026-07-15T14:42:36.844081,0.000000,3.007325
3079.9743,2026-07-15T14:42:37.310550,0.000000,3.007363
3080.4380,2026-07-15T14:42:37.774288,0.000000,3.007336
3080.9216,2026-07-15T14:42:38.257908,0.000000,3.007310
3081.4186,2026-07-15T14:42:38.754927,0.000000,3.007358
3081.8974,2026-07-15T14:42:39.233713,0.000000,3.007344
3082.3807,2026-07-15T14:42:39.716980,0.000000,3.007320
3082.8891,2026-07-15T14:42:40.225384,0.000000,3.007357
3083.3908,2026-07-15T14:42:40.727072,0.000000,3.007395
3083.8958,2026-07-15T14:42:41.232064,0.000000,3.007421
3084.4033,2026-07-15T14:42:41.739600,0.000000,3.007475
3084.8990,2026-07-15T14:42:42.235330,0.000000,3.007434
3085.3838,2026-07-15T14:42:42.720060,0.000000,3.007520
3085.8762,2026-07-15T14:42:43.212486,0.000000,3.007651
3086.3743,2026-07-15T14:42:43.710572,0.000000,3.007701
3086.8295,2026-07-15T14:42:44.165817,0.000000,3.007765
3087.2891,2026-07-15T14:42:44.625387,0.000000,3.007835
3087.7567,2026-07-15T14:42:45.092990,0.000000,3.007909
3088.2251,2026-07-15T14:42:45.561429,0.000000,3.007971
3088.6882,2026-07-15T14:42:46.024530,0.000000,3.008011
3089.1816,2026-07-15T14:42:46.517900,0.000000,3.008051
3089.6822,2026-07-15T14:42:47.018504,0.000000,3.008158
3090.1796,2026-07-15T14:42:47.515904,0.000000,3.008222
3090.6295,2026-07-15T14:42:47.965816,0.000000,3.008203
3091.1164,2026-07-15T14:42:48.452669,0.000000,3.008150
3091.5714,2026-07-15T14:42:48.907659,0.000000,3.008184
3092.0296,2026-07-15T14:42:49.365927,0.000000,3.008206
3092.5007,2026-07-15T14:42:49.836984,0.000000,3.008251
3092.9552,2026-07-15T14:42:50.291474,0.000000,3.008274
3093.4328,2026-07-15T14:42:50.769077,0.000000,3.008296
3093.9330,2026-07-15T14:42:51.269252,0.000000,3.008330
3094.4311,2026-07-15T14:42:51.767373,0.000000,3.008323
3094.8860,2026-07-15T14:42:52.222266,0.000000,3.008307
3095.3569,2026-07-15T14:42:52.693162,0.000000,3.008338
3095.8207,2026-07-15T14:42:53.156949,0.000000,3.008397
3096.3039,2026-07-15T14:42:53.640181,0.000000,3.008445
3096.7674,2026-07-15T14:42:54.103728,0.000000,3.008466
3097.2397,2026-07-15T14:42:54.576005,0.000000,3.008469
3097.6953,2026-07-15T14:42:55.031613,0.000000,3.008453
3098.1876,2026-07-15T14:42:55.523863,0.000000,3.008440
3098.6429,2026-07-15T14:42:55.979199,0.000000,3.008448
3099.1023,2026-07-15T14:42:56.438624,0.000000,3.008414
3099.5591,2026-07-15T14:42:56.895400,0.000000,3.008422
3100.0631,2026-07-15T14:42:57.399352,0.000000,3.008472
3100.5619,2026-07-15T14:42:57.898217,0.000000,3.008426
3101.0703,2026-07-15T14:42:58.406622,0.000000,3.008395
3101.5354,2026-07-15T14:42:58.871675,0.000000,3.008426
3102.0301,2026-07-15T14:42:59.366363,0.000000,3.008410
3102.5098,2026-07-15T14:42:59.846079,0.000000,3.008378
3102.9818,2026-07-15T14:43:00.318059,0.000000,3.008426
3103.4330,2026-07-15T14:43:00.769252,0.000000,3.008466
3103.9226,2026-07-15T14:43:01.258923,0.000000,3.008448
3104.3859,2026-07-15T14:43:01.722169,0.000000,3.008526
3104.8863,2026-07-15T14:43:02.222626,0.000000,3.008536
3105.3455,2026-07-15T14:43:02.681769,0.000000,3.008618
3105.8092,2026-07-15T14:43:03.145488,0.000000,3.008731
3106.2718,2026-07-15T14:43:03.608063,0.000000,3.008794
3106.7257,2026-07-15T14:43:04.062005,0.000000,3.008842
3107.2255,2026-07-15T14:43:04.561744,0.000000,3.008891
3107.6755,2026-07-15T14:43:05.011837,0.000000,3.008958
3108.1464,2026-07-15T14:43:05.482740,0.000000,3.008962
3108.6207,2026-07-15T14:43:05.956995,0.000000,3.008984
3109.1165,2026-07-15T14:43:06.452819,0.000000,3.008981
3109.5767,2026-07-15T14:43:06.912995,0.000000,3.008960
3110.0425,2026-07-15T14:43:07.378776,0.000000,3.008952
3110.5170,2026-07-15T14:43:07.853300,0.000000,3.008930
3111.0066,2026-07-15T14:43:08.342929,0.000000,3.008874
3111.4843,2026-07-15T14:43:08.820622,0.000000,3.008851
3111.9755,2026-07-15T14:43:09.311788,0.000000,3.008794
3112.4540,2026-07-15T14:43:09.790327,0.000000,3.008733
3112.9370,2026-07-15T14:43:10.273336,0.000000,3.008722
3113.4143,2026-07-15T14:43:10.750573,0.000000,3.008661
3113.8760,2026-07-15T14:43:11.212308,0.000000,3.008686
3114.3912,2026-07-15T14:43:11.727522,0.000000,3.008626
3114.8555,2026-07-15T14:43:12.191831,0.000000,3.008691
3115.3309,2026-07-15T14:43:12.667184,0.000000,3.008664
3115.8363,2026-07-15T14:43:13.172595,0.000000,3.008670
3116.2884,2026-07-15T14:43:13.624669,0.000000,3.008603
3116.7496,2026-07-15T14:43:14.085920,0.000000,3.008592
3117.2102,2026-07-15T14:43:14.546475,0.000000,3.008648
3117.7000,2026-07-15T14:43:15.036252,0.000000,3.008696
3118.1940,2026-07-15T14:43:15.530308,0.000000,3.008701
3118.6555,2026-07-15T14:43:15.991833,0.000000,3.008680
3119.1524,2026-07-15T14:43:16.488671,0.000000,3.008675
3119.6134,2026-07-15T14:43:16.949690,0.000000,3.008666
3120.0632,2026-07-15T14:43:17.399512,0.000000,3.008664
3120.5272,2026-07-15T14:43:17.863539,0.000000,3.008674
3121.0185,2026-07-15T14:43:18.354745,0.000000,3.008723
3121.5164,2026-07-15T14:43:18.852632,0.000000,3.008730
3122.0255,2026-07-15T14:43:19.361816,0.000000,3.008752
3122.5292,2026-07-15T14:43:19.865554,0.000000,3.008723
3123.0241,2026-07-15T14:43:20.360418,0.000000,3.008731
3123.5003,2026-07-15T14:43:20.836598,0.000000,3.008784
3123.9505,2026-07-15T14:43:21.286766,0.000000,3.008797
3124.4387,2026-07-15T14:43:21.774948,0.000000,3.008771
3124.9367,2026-07-15T14:43:22.273022,0.000000,3.008814
3125.4063,2026-07-15T14:43:22.742608,0.000000,3.008811
3125.8938,2026-07-15T14:43:23.230133,0.000000,3.008816
3126.3527,2026-07-15T14:43:23.688952,0.000000,3.008869
3126.8091,2026-07-15T14:43:24.145425,0.000000,3.008915
3127.2912,2026-07-15T14:43:24.627490,0.000000,3.008896
3127.7955,2026-07-15T14:43:25.131742,0.000000,3.008843
3128.2434,2026-07-15T14:43:25.579719,0.000000,3.008803
3128.6942,2026-07-15T14:43:26.030491,0.000000,3.008795
3129.1807,2026-07-15T14:43:26.517014,0.000000,3.008792
3129.6544,2026-07-15T14:43:26.990696,0.000000,3.008824
3130.1463,2026-07-15T14:43:27.482586,0.000000,3.008811
3130.5959,2026-07-15T14:43:27.932174,0.000000,3.008810
3131.0956,2026-07-15T14:43:28.431875,0.000000,3.008781
3131.5762,2026-07-15T14:43:28.912453,0.000000,3.008752
3132.0909,2026-07-15T14:43:29.427180,0.000000,3.008750
3132.5511,2026-07-15T14:43:29.887433,0.000000,3.008755
3133.0286,2026-07-15T14:43:30.364888,0.000000,3.008776
3133.4854,2026-07-15T14:43:30.821684,0.000000,3.008770
3133.9433,2026-07-15T14:43:31.279607,0.000000,3.008747
3134.4115,2026-07-15T14:43:31.747795,0.000000,3.008670
3134.8789,2026-07-15T14:43:32.215197,0.000000,3.008661
3135.3681,2026-07-15T14:43:32.704426,0.000000,3.008600
3135.8632,2026-07-15T14:43:33.199478,0.000000,3.008646
3136.3659,2026-07-15T14:43:33.702203,0.000000,3.008602
3136.8305,2026-07-15T14:43:34.166803,0.000000,3.008568
3137.3087,2026-07-15T14:43:34.645031,0.000000,3.008531
3137.7750,2026-07-15T14:43:35.111272,0.000000,3.008499
3138.2454,2026-07-15T14:43:35.581700,0.000000,3.008490
3138.7198,2026-07-15T14:43:36.056100,0.000000,3.008549
3139.2098,2026-07-15T14:43:36.546087,0.000000,3.008563
3139.6654,2026-07-15T14:43:37.001679,0.000000,3.008581
3140.1296,2026-07-15T14:43:37.465844,0.000000,3.008616
3140.6406,2026-07-15T14:43:37.976918,0.000000,3.008624
3141.1598,2026-07-15T14:43:38.496121,0.000000,3.008608
3141.6145,2026-07-15T14:43:38.950785,0.000000,3.008627
3142.1030,2026-07-15T14:43:39.439313,0.000000,3.008656
3142.5638,2026-07-15T14:43:39.900046,0.000000,3.008720
3143.0438,2026-07-15T14:43:40.380139,0.000000,3.008750
3143.5134,2026-07-15T14:43:40.849726,0.000000,3.008763
3143.9741,2026-07-15T14:43:41.310379,0.000000,3.008779
3144.4341,2026-07-15T14:43:41.770404,0.000000,3.008744
3144.8836,2026-07-15T14:43:42.219924,0.000000,3.008762
3145.3861,2026-07-15T14:43:42.722364,0.000000,3.008752
3145.8427,2026-07-15T14:43:43.179021,0.000000,3.008758
3146.3277,2026-07-15T14:43:43.664027,0.000000,3.008742
3146.7894,2026-07-15T14:43:44.125696,0.000000,3.008742
3147.2526,2026-07-15T14:43:44.588869,0.000000,3.008714
3147.6979,2026-07-15T14:43:45.034233,0.000000,3.008664
3148.1552,2026-07-15T14:43:45.491519,0.000000,3.008587
3148.6221,2026-07-15T14:43:45.958434,0.000000,3.008536
3149.1174,2026-07-15T14:43:46.453740,0.000000,3.008571
3149.5754,2026-07-15T14:43:46.911726,0.000000,3.008616
3150.0721,2026-07-15T14:43:47.408347,0.000000,3.008613
3150.5527,2026-07-15T14:43:47.889003,0.000000,3.008611
3151.0425,2026-07-15T14:43:48.378815,0.000000,3.008634
3151.5266,2026-07-15T14:43:48.862938,0.000000,3.008661
3152.0289,2026-07-15T14:43:49.365162,0.000000,3.008622
3152.5280,2026-07-15T14:43:49.864246,0.000000,3.008648
3153.0397,2026-07-15T14:43:50.375950,0.000000,3.008685
3153.5338,2026-07-15T14:43:50.870075,0.000000,3.008717
3154.0259,2026-07-15T14:43:51.362205,0.000000,3.008690
3154.4902,2026-07-15T14:43:51.826514,0.000000,3.008656
3154.9870,2026-07-15T14:43:52.323281,0.000000,3.008640
3155.4425,2026-07-15T14:43:52.778771,0.000000,3.008579
3155.9328,2026-07-15T14:43:53.269116,0.000000,3.008539
3156.4048,2026-07-15T14:43:53.741125,0.000000,3.008483
3156.8581,2026-07-15T14:43:54.194363,0.000000,3.008498
3157.3479,2026-07-15T14:43:54.684200,0.000000,3.008488
3157.7985,2026-07-15T14:43:55.134809,0.000000,3.008509
3158.2871,2026-07-15T14:43:55.623357,0.000000,3.008566
3158.7481,2026-07-15T14:43:56.084360,0.000000,3.008629
3159.2506,2026-07-15T14:43:56.586840,0.000000,3.008630
3159.7425,2026-07-15T14:43:57.078839,0.000000,3.008690
3160.2257,2026-07-15T14:43:57.562024,0.000000,3.008706
3160.6927,2026-07-15T14:43:58.029001,0.000000,3.008731
3161.1386,2026-07-15T14:43:58.474887,0.000000,3.008728
3161.5892,2026-07-15T14:43:58.925508,0.000000,3.008722
3162.0780,2026-07-15T14:43:59.414283,0.000000,3.008728
3162.5643,2026-07-15T14:43:59.900619,0.000000,3.008771
3163.0604,2026-07-15T14:44:00.396721,0.000000,3.008640
3163.5647,2026-07-15T14:44:00.901002,0.000000,3.008608
3164.0688,2026-07-15T14:44:01.405082,0.000000,3.008576
3164.5664,2026-07-15T14:44:01.902656,0.000000,3.008501
3165.0307,2026-07-15T14:44:02.367036,0.000000,3.008467
3165.5239,2026-07-15T14:44:02.860222,0.000000,3.008474
3166.0167,2026-07-15T14:44:03.353002,0.000000,3.008430
3166.4862,2026-07-15T14:44:03.822538,0.000000,3.008442
3166.9437,2026-07-15T14:44:04.280005,0.000000,3.008445
3167.4222,2026-07-15T14:44:04.758462,0.000000,3.008382
3167.8784,2026-07-15T14:44:05.214663,0.000000,3.008370
3168.3690,2026-07-15T14:44:05.705272,0.000000,3.008325
3168.8553,2026-07-15T14:44:06.191593,0.000000,3.008296
3169.3561,2026-07-15T14:44:06.692414,0.000000,3.008285
3169.8966,2026-07-15T14:44:07.232892,0.000000,3.008286
3170.3730,2026-07-15T14:44:07.709269,0.000000,3.008323
3170.8721,2026-07-15T14:44:08.208353,0.000000,3.008378
3171.3740,2026-07-15T14:44:08.710327,0.000000,3.008350
3171.8292,2026-07-15T14:44:09.165444,0.000000,3.008349
3172.3288,2026-07-15T14:44:09.665067,0.000000,3.008370
3172.8302,2026-07-15T14:44:10.166478,0.000000,3.008392
3173.3320,2026-07-15T14:44:10.668299,0.000000,3.008472
3173.8273,2026-07-15T14:44:11.163572,0.000000,3.008498
3174.3213,2026-07-15T14:44:11.657561,0.000000,3.008502
3174.8202,2026-07-15T14:44:12.156474,0.000000,3.008530
3175.3119,2026-07-15T14:44:12.648180,0.000000,3.008509
3175.8109,2026-07-15T14:44:13.147137,0.000000,3.008502
3176.3051,2026-07-15T14:44:13.641427,0.000000,3.008584
3176.8231,2026-07-15T14:44:14.159406,0.000000,3.008667
3177.3266,2026-07-15T14:44:14.662921,0.000000,3.008717
3177.7850,2026-07-15T14:44:15.121316,0.000000,3.008730
3178.2481,2026-07-15T14:44:15.584357,0.000000,3.008723
3178.7012,2026-07-15T14:44:16.037527,0.000000,3.008739
3179.1845,2026-07-15T14:44:16.520786,0.000000,3.008746
3179.6679,2026-07-15T14:44:17.004149,0.000000,3.008781
3180.1581,2026-07-15T14:44:17.494420,0.000000,3.008760
3180.6178,2026-07-15T14:44:17.954045,0.000000,3.008795
3181.0725,2026-07-15T14:44:18.408805,0.000000,3.008800
3181.5395,2026-07-15T14:44:18.875752,0.000000,3.008765
3182.0363,2026-07-15T14:44:19.372544,0.000000,3.008779
3182.4910,2026-07-15T14:44:19.827300,0.000000,3.008850
3182.9763,2026-07-15T14:44:20.312578,0.000000,3.008874
3183.4512,2026-07-15T14:44:20.787451,0.000000,3.008904
3183.9059,2026-07-15T14:44:21.242234,0.000000,3.008901
3184.3662,2026-07-15T14:44:21.702457,0.000000,3.008930
3184.8320,2026-07-15T14:44:22.168256,0.000000,3.008938
3185.3329,2026-07-15T14:44:22.669214,0.000000,3.008957
3185.7855,2026-07-15T14:44:23.121815,0.000000,3.008938
3186.2828,2026-07-15T14:44:23.619052,0.000000,3.008890
3186.7785,2026-07-15T14:44:24.114834,0.000000,3.008822
3187.2685,2026-07-15T14:44:24.604762,0.000000,3.008771
3187.7230,2026-07-15T14:44:25.059308,0.000000,3.008733
3188.2172,2026-07-15T14:44:25.553509,0.000000,3.008707
3188.6749,2026-07-15T14:44:26.011225,0.000000,3.008675
3189.1705,2026-07-15T14:44:26.506789,0.000000,3.008677
3189.6429,2026-07-15T14:44:26.979235,0.000000,3.008645
3190.1330,2026-07-15T14:44:27.469296,0.000000,3.008629
3190.5905,2026-07-15T14:44:27.926756,0.000000,3.008650
3191.0785,2026-07-15T14:44:28.414834,0.000000,3.008643
3191.5350,2026-07-15T14:44:28.871257,0.000000,3.008622
3191.9893,2026-07-15T14:44:29.325573,0.000000,3.008630
3192.4668,2026-07-15T14:44:29.803101,0.000000,3.008603
3192.9181,2026-07-15T14:44:30.254437,0.000000,3.008595
3193.4167,2026-07-15T14:44:30.752955,0.000000,3.008648
3193.8690,2026-07-15T14:44:31.205276,0.000000,3.008638
3194.3224,2026-07-15T14:44:31.658736,0.000000,3.008621
3194.8164,2026-07-15T14:44:32.152679,0.000000,3.008667
3195.2889,2026-07-15T14:44:32.625240,0.000000,3.008730
3195.7806,2026-07-15T14:44:33.116866,0.000000,3.008776
3196.2518,2026-07-15T14:44:33.588125,0.000000,3.008883
3196.7478,2026-07-15T14:44:34.084062,0.000000,3.008949
3197.2222,2026-07-15T14:44:34.558472,0.000000,3.009006
3197.6771,2026-07-15T14:44:35.013416,0.000000,3.009051
3198.1351,2026-07-15T14:44:35.471430,0.000000,3.009056
3198.6308,2026-07-15T14:44:35.967226,0.000000,3.009085
3199.1253,2026-07-15T14:44:36.461564,0.000000,3.009120
3199.5790,2026-07-15T14:44:36.915243,0.000000,3.009150
3200.0789,2026-07-15T14:44:37.415212,0.000000,3.009150
3200.5367,2026-07-15T14:44:37.872959,0.000000,3.009186
3201.0299,2026-07-15T14:44:38.366187,0.000000,3.009258
3201.4827,2026-07-15T14:44:38.819035,0.000000,3.009248
3201.9354,2026-07-15T14:44:39.271701,0.000000,3.009242
3202.4368,2026-07-15T14:44:39.773109,0.000000,3.009274
3202.8899,2026-07-15T14:44:40.226142,0.000000,3.009253
3203.3464,2026-07-15T14:44:40.682732,0.000000,3.009261
3203.8048,2026-07-15T14:44:41.141092,0.000000,3.009242
3204.3086,2026-07-15T14:44:41.644937,0.000000,3.009246
3204.8059,2026-07-15T14:44:42.142199,0.000000,3.009240
3205.3055,2026-07-15T14:44:42.641778,0.000000,3.009213
3205.8307,2026-07-15T14:44:43.166946,0.000000,3.009138
3206.3325,2026-07-15T14:44:43.668744,0.000000,3.009067
3206.7973,2026-07-15T14:44:44.133607,0.000000,3.009069
3207.2957,2026-07-15T14:44:44.631965,0.000000,3.009086
3207.7847,2026-07-15T14:44:45.121011,0.000000,3.009088
3208.2476,2026-07-15T14:44:45.583858,0.000000,3.009088
3208.7040,2026-07-15T14:44:46.040288,0.000000,3.009059
3209.1882,2026-07-15T14:44:46.524464,0.000000,3.009058
3209.6469,2026-07-15T14:44:46.983142,0.000000,3.009069
3210.1104,2026-07-15T14:44:47.446716,0.000000,3.009077
3210.6090,2026-07-15T14:44:47.945248,0.000000,3.009034
3211.1125,2026-07-15T14:44:48.448800,0.000000,3.009059
3211.5700,2026-07-15T14:44:48.906303,0.000000,3.009115
3212.0274,2026-07-15T14:44:49.363724,0.000000,3.009114
3212.5017,2026-07-15T14:44:49.837960,0.000000,3.009131
3212.9948,2026-07-15T14:44:50.331139,0.000000,3.009179
3213.4587,2026-07-15T14:44:50.795012,0.000000,3.009264
3213.9183,2026-07-15T14:44:51.254547,0.000000,3.009344
3214.3734,2026-07-15T14:44:51.709728,0.000000,3.009422
3214.8849,2026-07-15T14:44:52.221152,0.000000,3.009438
3215.3851,2026-07-15T14:44:52.721434,0.000000,3.009499
3215.8319,2026-07-15T14:44:53.168216,0.000000,3.009544
3216.2903,2026-07-15T14:44:53.626629,0.000000,3.009538
3216.7398,2026-07-15T14:44:54.076135,0.000000,3.009571
3217.2518,2026-07-15T14:44:54.588130,0.000000,3.009574
3217.7322,2026-07-15T14:44:55.068456,0.000000,3.009626
3218.2151,2026-07-15T14:44:55.551420,0.000000,3.009675
3218.6728,2026-07-15T14:44:56.009044,0.000000,3.009637
3219.1492,2026-07-15T14:44:56.485473,0.000000,3.009598
3219.6473,2026-07-15T14:44:56.983610,0.000000,3.009589
3220.1369,2026-07-15T14:44:57.473171,0.000000,3.009605
3220.6189,2026-07-15T14:44:57.955219,0.000000,3.009568
3221.1052,2026-07-15T14:44:58.441455,0.000000,3.009557
3221.6006,2026-07-15T14:44:58.936879,0.000000,3.009563
3222.1136,2026-07-15T14:44:59.449874,0.000000,3.009557
3222.5723,2026-07-15T14:44:59.908611,0.000000,3.009538
3223.0833,2026-07-15T14:45:00.419571,0.000000,3.009461
3223.5390,2026-07-15T14:45:00.875317,0.000000,3.009454
3224.0189,2026-07-15T14:45:01.355232,0.000000,3.009442
3224.4922,2026-07-15T14:45:01.828445,0.000000,3.009461
3224.9477,2026-07-15T14:45:02.283993,0.000000,3.009461
3225.4126,2026-07-15T14:45:02.748917,0.000000,3.009432
3225.9131,2026-07-15T14:45:03.249432,0.000000,3.009453
3226.3706,2026-07-15T14:45:03.706871,0.000000,3.009488
3226.8285,2026-07-15T14:45:04.164754,0.000000,3.009438
3227.3134,2026-07-15T14:45:04.649729,0.000000,3.009475
3227.7725,2026-07-15T14:45:05.108821,0.000000,3.009448
3228.2479,2026-07-15T14:45:05.584141,0.000000,3.009435
3228.6979,2026-07-15T14:45:06.034195,0.000000,3.009442
3229.1987,2026-07-15T14:45:06.535041,0.000000,3.009416
3229.7004,2026-07-15T14:45:07.036661,0.000000,3.009403
3230.1710,2026-07-15T14:45:07.507317,0.000000,3.009389
3230.6757,2026-07-15T14:45:08.011960,0.000000,3.009421
3231.1930,2026-07-15T14:45:08.529334,0.000000,3.009374
3231.6554,2026-07-15T14:45:08.991646,0.000000,3.009360
3232.1564,2026-07-15T14:45:09.492719,0.000000,3.009338
3232.6313,2026-07-15T14:45:09.967617,0.000000,3.009248
3233.0860,2026-07-15T14:45:10.422318,0.000000,3.009230
3233.5394,2026-07-15T14:45:10.875736,0.000000,3.009181
3234.0254,2026-07-15T14:45:11.361687,0.000000,3.009176
3234.5220,2026-07-15T14:45:11.858260,0.000000,3.009128
3234.9931,2026-07-15T14:45:12.329416,0.000000,3.009138
3235.4477,2026-07-15T14:45:12.784033,0.000000,3.009066
3235.9064,2026-07-15T14:45:13.242734,0.000000,3.008990
3236.3706,2026-07-15T14:45:13.706856,0.000000,3.008963
3236.8229,2026-07-15T14:45:14.159204,0.000000,3.008941
3237.3224,2026-07-15T14:45:14.658718,0.000000,3.008965
3237.7965,2026-07-15T14:45:15.132807,0.000000,3.009008
3238.3005,2026-07-15T14:45:15.636810,0.000000,3.009056
3238.8000,2026-07-15T14:45:16.136325,0.000000,3.009059
3239.2804,2026-07-15T14:45:16.616738,0.000000,3.009072
3239.7364,2026-07-15T14:45:17.072665,0.000000,3.009051
3240.2319,2026-07-15T14:45:17.568185,0.000000,3.009027
3240.6969,2026-07-15T14:45:18.033208,0.000000,3.009050
3241.1921,2026-07-15T14:45:18.528368,0.000000,3.009051
3241.6449,2026-07-15T14:45:18.981155,0.000000,3.009021
3242.1408,2026-07-15T14:45:19.477075,0.000000,3.008965
3242.6399,2026-07-15T14:45:19.976143,0.000000,3.008974
3243.1588,2026-07-15T14:45:20.495070,0.000000,3.008982
3243.6564,2026-07-15T14:45:20.992745,0.000000,3.008934
3244.1345,2026-07-15T14:45:21.470777,0.000000,3.008899
3244.6093,2026-07-15T14:45:21.945594,0.000000,3.008942
3245.0899,2026-07-15T14:45:22.426230,0.000000,3.008955
3245.5579,2026-07-15T14:45:22.894212,0.000000,3.009048
3246.0526,2026-07-15T14:45:23.388936,0.000000,3.009096
3246.5181,2026-07-15T14:45:23.854379,0.000000,3.009138
3246.9685,2026-07-15T14:45:24.304789,0.000000,3.009216
3247.4714,2026-07-15T14:45:24.807730,0.000000,3.009282
3247.9279,2026-07-15T14:45:25.264168,0.000000,3.009266
3248.3899,2026-07-15T14:45:25.726192,0.000000,3.009250
3248.8396,2026-07-15T14:45:26.175893,0.000000,3.009310
3249.3428,2026-07-15T14:45:26.679113,0.000000,3.009286
3249.8315,2026-07-15T14:45:27.167827,0.000000,3.009312
3250.3136,2026-07-15T14:45:27.649842,0.000000,3.009275
3250.8345,2026-07-15T14:45:28.170810,0.000000,3.009232
3251.3048,2026-07-15T14:45:28.641110,0.000000,3.009264
3251.7733,2026-07-15T14:45:29.109640,0.000000,3.009243
3252.2738,2026-07-15T14:45:29.610089,0.000000,3.009216
3252.7280,2026-07-15T14:45:30.064299,0.000000,3.009269
3253.2159,2026-07-15T14:45:30.552134,0.000000,3.009270
3253.6699,2026-07-15T14:45:31.006224,0.000000,3.009362
3254.1682,2026-07-15T14:45:31.504510,0.000000,3.009341
3254.6520,2026-07-15T14:45:31.988341,0.000000,3.009378
3255.1155,2026-07-15T14:45:32.451805,0.000000,3.009398
3255.5877,2026-07-15T14:45:32.923980,0.000000,3.009395
3256.0757,2026-07-15T14:45:33.412035,0.000000,3.009312
3256.5783,2026-07-15T14:45:33.914585,0.000000,3.009328
3257.1009,2026-07-15T14:45:34.437155,0.000000,3.009341
3257.5925,2026-07-15T14:45:34.928781,0.000000,3.009304
3258.0777,2026-07-15T14:45:35.414037,0.000000,3.009304
3258.5402,2026-07-15T14:45:35.876451,0.000000,3.009312
3259.0433,2026-07-15T14:45:36.379600,0.000000,3.009294
3259.5421,2026-07-15T14:45:36.878361,0.000000,3.009344
3260.0108,2026-07-15T14:45:37.347132,0.000000,3.009360
3260.4689,2026-07-15T14:45:37.805213,0.000000,3.009368
3260.9178,2026-07-15T14:45:38.254047,0.000000,3.009440
3261.3740,2026-07-15T14:45:38.710341,0.000000,3.009499
3261.8714,2026-07-15T14:45:39.207729,0.000000,3.009486
3262.3330,2026-07-15T14:45:39.669322,0.000000,3.009482
3262.8258,2026-07-15T14:45:40.162047,0.000000,3.009475
3263.3277,2026-07-15T14:45:40.664032,0.000000,3.009472
3263.8074,2026-07-15T14:45:41.143671,0.000000,3.009469
3264.3356,2026-07-15T14:45:41.671921,0.000000,3.009422
3264.8220,2026-07-15T14:45:42.158275,0.000000,3.009394
3265.2874,2026-07-15T14:45:42.623712,0.000000,3.009386
3265.7812,2026-07-15T14:45:43.117528,0.000000,3.009382
3266.2404,2026-07-15T14:45:43.576712,0.000000,3.009333
3266.7401,2026-07-15T14:45:44.076418,0.000000,3.009322
3267.2234,2026-07-15T14:45:44.559686,0.000000,3.009272
3267.6797,2026-07-15T14:45:45.015961,0.000000,3.009274
3268.1634,2026-07-15T14:45:45.499706,0.000000,3.009302
3268.6628,2026-07-15T14:45:45.999054,0.000000,3.009286
3269.1572,2026-07-15T14:45:46.493461,0.000000,3.009294
3269.6318,2026-07-15T14:45:46.968079,0.000000,3.009363
3270.1276,2026-07-15T14:45:47.463859,0.000000,3.009387
3270.6352,2026-07-15T14:45:47.971511,0.000000,3.009459
3271.1404,2026-07-15T14:45:48.476672,0.000000,3.009469
3271.6392,2026-07-15T14:45:48.975455,0.000000,3.009485
3272.1068,2026-07-15T14:45:49.443037,0.000000,3.009512
3272.5679,2026-07-15T14:45:49.904161,0.000000,3.009570
3273.0395,2026-07-15T14:45:50.375792,0.000000,3.009514
3273.4881,2026-07-15T14:45:50.824399,0.000000,3.009523
3273.9883,2026-07-15T14:45:51.324620,0.000000,3.009480
3274.4398,2026-07-15T14:45:51.776095,0.000000,3.009398
3274.9141,2026-07-15T14:45:52.250358,0.000000,3.009354
3275.3702,2026-07-15T14:45:52.706527,0.000000,3.009206
3275.8682,2026-07-15T14:45:53.204506,0.000000,3.009178
3276.3718,2026-07-15T14:45:53.708127,0.000000,3.009192
3276.8206,2026-07-15T14:45:54.156882,0.000000,3.009216
3277.3214,2026-07-15T14:45:54.657680,0.000000,3.009182
3277.7735,2026-07-15T14:45:55.109838,0.000000,3.009133
3278.2384,2026-07-15T14:45:55.574644,0.000000,3.009157
3278.6869,2026-07-15T14:45:56.023155,0.000000,3.009123
3279.1819,2026-07-15T14:45:56.518232,0.000000,3.009190
3279.6673,2026-07-15T14:45:57.003586,0.000000,3.009240
3280.1616,2026-07-15T14:45:57.497884,0.000000,3.009274
3280.6220,2026-07-15T14:45:57.958325,0.000000,3.009363
3281.0743,2026-07-15T14:45:58.410615,0.000000,3.009346
3281.5855,2026-07-15T14:45:58.921812,0.000000,3.009371
3282.0773,2026-07-15T14:45:59.413611,0.000000,3.009402
3282.5860,2026-07-15T14:45:59.922275,0.000000,3.009462
3283.0927,2026-07-15T14:46:00.428948,0.000000,3.009555
3283.5875,2026-07-15T14:46:00.923743,0.000000,3.009589
3284.0863,2026-07-15T14:46:01.422647,0.000000,3.009602
3284.5889,2026-07-15T14:46:01.925142,0.000000,3.009570
3285.0407,2026-07-15T14:46:02.376981,0.000000,3.009597
3285.5099,2026-07-15T14:46:02.846224,0.000000,3.009542
3285.9946,2026-07-15T14:46:03.330888,0.000000,3.009557
3286.4592,2026-07-15T14:46:03.795480,0.000000,3.009504
3286.9500,2026-07-15T14:46:04.286279,0.000000,3.009482
3287.4523,2026-07-15T14:46:04.788586,0.000000,3.009493
3287.9017,2026-07-15T14:46:05.238016,0.000000,3.009365
3288.3698,2026-07-15T14:46:05.706136,0.000000,3.009317
3288.8358,2026-07-15T14:46:06.172048,0.000000,3.009237
3289.3091,2026-07-15T14:46:06.645437,0.000000,3.009269
3289.7707,2026-07-15T14:46:07.106992,0.000000,3.009285
3290.2612,2026-07-15T14:46:07.597539,0.000000,3.009294
3290.7351,2026-07-15T14:46:08.071349,0.000000,3.009318
3291.2320,2026-07-15T14:46:08.568354,0.000000,3.009277
3291.7044,2026-07-15T14:46:09.040739,0.000000,3.009322
3292.2036,2026-07-15T14:46:09.539927,0.000000,3.009266
3292.6793,2026-07-15T14:46:10.015580,0.000000,3.009298
3293.1742,2026-07-15T14:46:10.510452,0.000000,3.009328
3293.6443,2026-07-15T14:46:10.980628,0.000000,3.009362
3294.1430,2026-07-15T14:46:11.479313,0.000000,3.009411
3294.6461,2026-07-15T14:46:11.982400,0.000000,3.009354
3295.1308,2026-07-15T14:46:12.467061,0.000000,3.009330
3295.6115,2026-07-15T14:46:12.947814,0.000000,3.009309
3296.1097,2026-07-15T14:46:13.446013,0.000000,3.009306
3296.5670,2026-07-15T14:46:13.903242,0.000000,3.009302
3297.0599,2026-07-15T14:46:14.396152,0.000000,3.009242
3297.5648,2026-07-15T14:46:14.901101,0.000000,3.009234
3298.0432,2026-07-15T14:46:15.379525,0.000000,3.009248
3298.5029,2026-07-15T14:46:15.839242,0.000000,3.009301
3298.9850,2026-07-15T14:46:16.321247,0.000000,3.009256
3299.4812,2026-07-15T14:46:16.817468,0.000000,3.009298
3299.9332,2026-07-15T14:46:17.269452,0.000000,3.009344
3300.3913,2026-07-15T14:46:17.727600,0.000000,3.009339
3300.8499,2026-07-15T14:46:18.186178,0.000000,3.009382
3301.3476,2026-07-15T14:46:18.683901,0.000000,3.009354
3301.8010,2026-07-15T14:46:19.137339,0.000000,3.009445
3302.3000,2026-07-15T14:46:19.636328,0.000000,3.009485
3302.7537,2026-07-15T14:46:20.090025,0.000000,3.009459
3303.2482,2026-07-15T14:46:20.584476,0.000000,3.009486
3303.7412,2026-07-15T14:46:21.077501,0.000000,3.009517
3304.2576,2026-07-15T14:46:21.593937,0.000000,3.009541
3304.7449,2026-07-15T14:46:22.081241,0.000000,3.009506
3305.2438,2026-07-15T14:46:22.580126,0.000000,3.009523
3305.6955,2026-07-15T14:46:23.031768,0.000000,3.009522
3306.1936,2026-07-15T14:46:23.529937,0.000000,3.009538
3306.6906,2026-07-15T14:46:24.026913,0.000000,3.009480
3307.1844,2026-07-15T14:46:24.520709,0.000000,3.009464
3307.6681,2026-07-15T14:46:25.004411,0.000000,3.009528
3308.1649,2026-07-15T14:46:25.501208,0.000000,3.009525
3308.6929,2026-07-15T14:46:26.029159,0.000000,3.009518
3309.1940,2026-07-15T14:46:26.530308,0.000000,3.009446
3309.6704,2026-07-15T14:46:27.006716,0.000000,3.009462
3310.1577,2026-07-15T14:46:27.494002,0.000000,3.009424
3310.6404,2026-07-15T14:46:27.976645,0.000000,3.009467
3311.1377,2026-07-15T14:46:28.473950,0.000000,3.009461
3311.6421,2026-07-15T14:46:28.978399,0.000000,3.009506
3312.1356,2026-07-15T14:46:29.471843,0.000000,3.009565
3312.6446,2026-07-15T14:46:29.980933,0.000000,3.009536
3313.1650,2026-07-15T14:46:30.501262,0.000000,3.009533
3313.6461,2026-07-15T14:46:30.982408,0.000000,3.009506
3314.1497,2026-07-15T14:46:31.485950,0.000000,3.009576
3314.5991,2026-07-15T14:46:31.935384,0.000000,3.009579
3315.0988,2026-07-15T14:46:32.435085,0.000000,3.009574
3315.5548,2026-07-15T14:46:32.891116,0.000000,3.009530
3316.0388,2026-07-15T14:46:33.375083,0.000000,3.009512
3316.4980,2026-07-15T14:46:33.834264,0.000000,3.009517
3316.9808,2026-07-15T14:46:34.317131,0.000000,3.009483
3317.4374,2026-07-15T14:46:34.773679,0.000000,3.009550
3317.9365,2026-07-15T14:46:35.272809,0.000000,3.009502
3318.3955,2026-07-15T14:46:35.731801,0.000000,3.009544
3318.8547,2026-07-15T14:46:36.190987,0.000000,3.009546
3319.3139,2026-07-15T14:46:36.650254,0.000000,3.009507
3319.7922,2026-07-15T14:46:37.128537,0.000000,3.009546
3320.2753,2026-07-15T14:46:37.611562,0.000000,3.009616
3320.7701,2026-07-15T14:46:38.106393,0.000000,3.009693
3321.2208,2026-07-15T14:46:38.557041,0.000000,3.009723
3321.6913,2026-07-15T14:46:39.027548,0.000000,3.009760
3322.1490,2026-07-15T14:46:39.485312,0.000000,3.009808
3322.6165,2026-07-15T14:46:39.952775,0.000000,3.009883
3323.1265,2026-07-15T14:46:40.462799,0.000000,3.009960
3323.6044,2026-07-15T14:46:40.940713,0.000000,3.009914
3324.1148,2026-07-15T14:46:41.451120,0.000000,3.009920
3324.5717,2026-07-15T14:46:41.908005,0.000000,3.009914
3325.0645,2026-07-15T14:46:42.400835,0.000000,3.009907
3325.5634,2026-07-15T14:46:42.899728,0.000000,3.009846
3326.0131,2026-07-15T14:46:43.349382,0.000000,3.009781
3326.5059,2026-07-15T14:46:43.842202,0.000000,3.009813
3327.0019,2026-07-15T14:46:44.338159,0.000000,3.009752
3327.4995,2026-07-15T14:46:44.835833,0.000000,3.009714
3327.9459,2026-07-15T14:46:45.282174,0.000000,3.009739
3328.4074,2026-07-15T14:46:45.743713,0.000000,3.009746
3328.8727,2026-07-15T14:46:46.208980,0.000000,3.009846
3329.3317,2026-07-15T14:46:46.667957,0.000000,3.009824
3329.8258,2026-07-15T14:46:47.162105,0.000000,3.009861
3330.2826,2026-07-15T14:46:47.618906,0.000000,3.009981
3330.7462,2026-07-15T14:46:48.082519,0.000000,3.010038
3331.2437,2026-07-15T14:46:48.580031,0.000000,3.010114
3331.7061,2026-07-15T14:46:49.042430,0.000000,3.010131
3332.2020,2026-07-15T14:46:49.538308,0.000000,3.010194
3332.7080,2026-07-15T14:46:50.044246,0.000000,3.010123
3333.2276,2026-07-15T14:46:50.563906,0.000000,3.010114
3333.7087,2026-07-15T14:46:51.044999,0.000000,3.010077
3334.2068,2026-07-15T14:46:51.543052,0.000000,3.010133
3334.7104,2026-07-15T14:46:52.046659,0.000000,3.010086
3335.2023,2026-07-15T14:46:52.538596,0.000000,3.010027
3335.6855,2026-07-15T14:46:53.021749,0.000000,3.009963
3336.1778,2026-07-15T14:46:53.514054,0.000000,3.009843
3336.6443,2026-07-15T14:46:53.980594,0.000000,3.009866
3337.1316,2026-07-15T14:46:54.467920,0.000000,3.009845
3337.5835,2026-07-15T14:46:54.919811,0.000000,3.009859
3338.0917,2026-07-15T14:46:55.427977,0.000000,3.009819
3338.6104,2026-07-15T14:46:55.946663,0.000000,3.009736
3339.1066,2026-07-15T14:46:56.442928,0.000000,3.009648
3339.5519,2026-07-15T14:46:56.888190,0.000000,3.009696
3340.0563,2026-07-15T14:46:57.392592,0.000000,3.009686
3340.5495,2026-07-15T14:46:57.885750,0.000000,3.009706
3341.0465,2026-07-15T14:46:58.382738,0.000000,3.009784
3341.5650,2026-07-15T14:46:58.901338,0.000000,3.009758
3342.0532,2026-07-15T14:46:59.389464,0.000000,3.009701
3342.5506,2026-07-15T14:46:59.886924,0.000000,3.009638
3343.0285,2026-07-15T14:47:00.364769,0.000000,3.009645
3343.4756,2026-07-15T14:47:00.811913,0.000000,3.009683
3343.9561,2026-07-15T14:47:01.292400,0.000000,3.009670
3344.4164,2026-07-15T14:47:01.752679,0.000000,3.009683
3344.9143,2026-07-15T14:47:02.250577,0.000000,3.009693
3345.3721,2026-07-15T14:47:02.708414,0.000000,3.009723
3345.8216,2026-07-15T14:47:03.157890,0.000000,3.009755
3346.3185,2026-07-15T14:47:03.654787,0.000000,3.009800
3346.7815,2026-07-15T14:47:04.117745,0.000000,3.009830
3347.2780,2026-07-15T14:47:04.614318,0.000000,3.009842
3347.7694,2026-07-15T14:47:05.105715,0.000000,3.009829
3348.2508,2026-07-15T14:47:05.587128,0.000000,3.009829
3348.7298,2026-07-15T14:47:06.066117,0.000000,3.009850
3349.2250,2026-07-15T14:47:06.561321,0.000000,3.009877
3349.7133,2026-07-15T14:47:07.049619,0.000000,3.009914
3350.2070,2026-07-15T14:47:07.543300,0.000000,3.009957
3350.7139,2026-07-15T14:47:08.050236,0.000000,3.009938
3351.1717,2026-07-15T14:47:08.507947,0.000000,3.009920
3351.6305,2026-07-15T14:47:08.966759,0.000000,3.009886
3352.1494,2026-07-15T14:47:09.485703,0.000000,3.009883
3352.6334,2026-07-15T14:47:09.969716,0.000000,3.009946
3353.1361,2026-07-15T14:47:10.472430,0.000000,3.010048
3353.5905,2026-07-15T14:47:10.926747,0.000000,3.010034
3354.0792,2026-07-15T14:47:11.415462,0.000000,3.010051
3354.5305,2026-07-15T14:47:11.866794,0.000000,3.010054
3354.9967,2026-07-15T14:47:12.333010,0.000000,3.010038
3355.4916,2026-07-15T14:47:12.827868,0.000000,3.010064
3355.9916,2026-07-15T14:47:13.327857,0.000000,3.010066
3356.5249,2026-07-15T14:47:13.861201,0.000000,3.010040
3356.9791,2026-07-15T14:47:14.315436,0.000000,3.010122
3357.4332,2026-07-15T14:47:14.769443,0.000000,3.010114
3357.9164,2026-07-15T14:47:15.252736,0.000000,3.010131
3358.3636,2026-07-15T14:47:15.699886,0.000000,3.010101
3358.8215,2026-07-15T14:47:16.157822,0.000000,3.010093
3359.3445,2026-07-15T14:47:16.680827,0.000000,3.010078
3359.8186,2026-07-15T14:47:17.154866,0.000000,3.010053
3360.3233,2026-07-15T14:47:17.659550,0.000000,3.010077
3360.7746,2026-07-15T14:47:18.110904,0.000000,3.010115
3361.2294,2026-07-15T14:47:18.565654,0.000000,3.010134
3361.6841,2026-07-15T14:47:19.020422,0.000000,3.010115
3362.1774,2026-07-15T14:47:19.513704,0.000000,3.010138
3362.6382,2026-07-15T14:47:19.974445,0.000000,3.010182
3363.1321,2026-07-15T14:47:20.468426,0.000000,3.010150
3363.5885,2026-07-15T14:47:20.924747,0.000000,3.010133
3364.0802,2026-07-15T14:47:21.416468,0.000000,3.010101
3364.5318,2026-07-15T14:47:21.868048,0.000000,3.010222
3365.0316,2026-07-15T14:47:22.367885,0.000000,3.010282
3365.4883,2026-07-15T14:47:22.824553,0.000000,3.010293
3365.9424,2026-07-15T14:47:23.278660,0.000000,3.010291
3366.3932,2026-07-15T14:47:23.729538,0.000000,3.010322
3366.8912,2026-07-15T14:47:24.227468,0.000000,3.010318
3367.3445,2026-07-15T14:47:24.680811,0.000000,3.010280
3367.8415,2026-07-15T14:47:25.177777,0.000000,3.010264
3368.3110,2026-07-15T14:47:25.647307,0.000000,3.010298
3368.7681,2026-07-15T14:47:26.104440,0.000000,3.010387
3369.2168,2026-07-15T14:47:26.553091,0.000000,3.010440
3369.6712,2026-07-15T14:47:27.007457,0.000000,3.010459
3370.1625,2026-07-15T14:47:27.498758,0.000000,3.010416
3370.6169,2026-07-15T14:47:27.953168,0.000000,3.010482
3371.1128,2026-07-15T14:47:28.449089,0.000000,3.010498
3371.6072,2026-07-15T14:47:28.943538,0.000000,3.010616
3372.1043,2026-07-15T14:47:29.440629,0.000000,3.010613
3372.5605,2026-07-15T14:47:29.896835,0.000000,3.010643
3373.0175,2026-07-15T14:47:30.353819,0.000000,3.010662
3373.4877,2026-07-15T14:47:30.824007,0.000000,3.010675
3373.9681,2026-07-15T14:47:31.304366,0.000000,3.010674
3374.4461,2026-07-15T14:47:31.782372,0.000000,3.010605
3374.9058,2026-07-15T14:47:32.242092,0.000000,3.010558
3375.3961,2026-07-15T14:47:32.732400,0.000000,3.010504
3375.8982,2026-07-15T14:47:33.234484,0.000000,3.010464
3376.3780,2026-07-15T14:47:33.714261,0.000000,3.010330
3376.8510,2026-07-15T14:47:34.187246,0.000000,3.010336
3377.3038,2026-07-15T14:47:34.640056,0.000000,3.010262
3377.7745,2026-07-15T14:47:35.110753,0.000000,3.010251
3378.2588,2026-07-15T14:47:35.595049,0.000000,3.010237
3378.7531,2026-07-15T14:47:36.089362,0.000000,3.010178
3379.2280,2026-07-15T14:47:36.564286,0.000000,3.010146
3379.7066,2026-07-15T14:47:37.042875,0.000000,3.010176
3380.1832,2026-07-15T14:47:37.519511,0.000000,3.010218
3380.6823,2026-07-15T14:47:38.018593,0.000000,3.010243
3381.1816,2026-07-15T14:47:38.517923,0.000000,3.010302
3381.6462,2026-07-15T14:47:38.982477,0.000000,3.010286
3382.1445,2026-07-15T14:47:39.480772,0.000000,3.010258
3382.6263,2026-07-15T14:47:39.962606,0.000000,3.010291
3383.1503,2026-07-15T14:47:40.486613,0.000000,3.010214
3383.6530,2026-07-15T14:47:40.989326,0.000000,3.010250
3384.1361,2026-07-15T14:47:41.472415,0.000000,3.010250
3384.5875,2026-07-15T14:47:41.923796,0.000000,3.010230
3385.0880,2026-07-15T14:47:42.424245,0.000000,3.010211
3385.5461,2026-07-15T14:47:42.882419,0.000000,3.010168
3386.0215,2026-07-15T14:47:43.357834,0.000000,3.010237
3386.4909,2026-07-15T14:47:43.827230,0.000000,3.010278
3386.9918,2026-07-15T14:47:44.328111,0.000000,3.010374
3387.4435,2026-07-15T14:47:44.779760,0.000000,3.010488
3387.9020,2026-07-15T14:47:45.238310,0.000000,3.010507
3388.3594,2026-07-15T14:47:45.695693,0.000000,3.010510
3388.8196,2026-07-15T14:47:46.155927,0.000000,3.010462
3389.3217,2026-07-15T14:47:46.657980,0.000000,3.010494
3389.7917,2026-07-15T14:47:47.127946,0.000000,3.010397
3390.2561,2026-07-15T14:47:47.592379,0.000000,3.010419
3390.7194,2026-07-15T14:47:48.055648,0.000000,3.010390
3391.2197,2026-07-15T14:47:48.555999,0.000000,3.010306
3391.6792,2026-07-15T14:47:49.015496,0.000000,3.010171
3392.1465,2026-07-15T14:47:49.482825,0.000000,3.010078
3392.6034,2026-07-15T14:47:49.939733,0.000000,3.010078
3393.0967,2026-07-15T14:47:50.433021,0.000000,3.010067
3393.5540,2026-07-15T14:47:50.890248,0.000000,3.010077
3394.0337,2026-07-15T14:47:51.369986,0.000000,3.010136
3394.4866,2026-07-15T14:47:51.822849,0.000000,3.010122
3394.9427,2026-07-15T14:47:52.279040,0.000000,3.010136
3395.3949,2026-07-15T14:47:52.731161,0.000000,3.010104
3395.8451,2026-07-15T14:47:53.181401,0.000000,3.010094
3396.3036,2026-07-15T14:47:53.639849,0.000000,3.010115
3396.8049,2026-07-15T14:47:54.141191,0.000000,3.010091
3397.2748,2026-07-15T14:47:54.611131,0.000000,3.010051
3397.7350,2026-07-15T14:47:55.071254,0.000000,3.009992
3398.2381,2026-07-15T14:47:55.574399,0.000000,3.010050
3398.6935,2026-07-15T14:47:56.029762,0.000000,3.010043
3399.1939,2026-07-15T14:47:56.530209,0.000000,3.009994
3399.6969,2026-07-15T14:47:57.033151,0.000000,3.010029
3400.1884,2026-07-15T14:47:57.524645,0.000000,3.010021
3400.6457,2026-07-15T14:47:57.982025,0.000000,3.010056
3401.1423,2026-07-15T14:47:58.478594,0.000000,3.010011
3401.6399,2026-07-15T14:47:58.976224,0.000000,3.009979
3402.1054,2026-07-15T14:47:59.441731,0.000000,3.010003
3402.5601,2026-07-15T14:47:59.896430,0.000000,3.010011
3403.0547,2026-07-15T14:48:00.390961,0.000000,3.009981
3403.5560,2026-07-15T14:48:00.892276,0.000000,3.009872
3404.0491,2026-07-15T14:48:01.385424,0.000000,3.009885
3404.5407,2026-07-15T14:48:01.877006,0.000000,3.009870
3405.0367,2026-07-15T14:48:02.372975,0.000000,3.009880
3405.4932,2026-07-15T14:48:02.829515,0.000000,3.009838
3405.9543,2026-07-15T14:48:03.290606,0.000000,3.009835
3406.4113,2026-07-15T14:48:03.747643,0.000000,3.009893
3406.9176,2026-07-15T14:48:04.253942,0.000000,3.009898
3407.3684,2026-07-15T14:48:04.704673,0.000000,3.009899
3407.8635,2026-07-15T14:48:05.199807,0.000000,3.009856
3408.3620,2026-07-15T14:48:05.698295,0.000000,3.009878
3408.8257,2026-07-15T14:48:06.162027,0.000000,3.009901
3409.3122,2026-07-15T14:48:06.648512,0.000000,3.009867
3409.8199,2026-07-15T14:48:07.156227,0.000000,3.009882
3410.3157,2026-07-15T14:48:07.651945,0.000000,3.009843
3410.7842,2026-07-15T14:48:08.120516,0.000000,3.009878
3411.2842,2026-07-15T14:48:08.620489,0.000000,3.009885
3411.7425,2026-07-15T14:48:09.078752,0.000000,3.009853
3412.2418,2026-07-15T14:48:09.578093,0.000000,3.009838
3412.7577,2026-07-15T14:48:10.094001,0.000000,3.009925
3413.2419,2026-07-15T14:48:10.578158,0.000000,3.009963
3413.7011,2026-07-15T14:48:11.037379,0.000000,3.009931
3414.1922,2026-07-15T14:48:11.528476,0.000000,3.009944
3414.6476,2026-07-15T14:48:11.983881,0.000000,3.009990
3415.1465,2026-07-15T14:48:12.482781,0.000000,3.009978
3415.6149,2026-07-15T14:48:12.951173,0.000000,3.010056
3416.1040,2026-07-15T14:48:13.440308,0.000000,3.010091
3416.5585,2026-07-15T14:48:13.894785,0.000000,3.010123
3417.0225,2026-07-15T14:48:14.358845,0.000000,3.010165
3417.4755,2026-07-15T14:48:14.811791,0.000000,3.010094
3417.9340,2026-07-15T14:48:15.270262,0.000000,3.010043
3418.4286,2026-07-15T14:48:15.764898,0.000000,3.009995
3418.8823,2026-07-15T14:48:16.218632,0.000000,3.009971
3419.3448,2026-07-15T14:48:16.681070,0.000000,3.009941
3419.8395,2026-07-15T14:48:17.175790,0.000000,3.009891
3420.3219,2026-07-15T14:48:17.658194,0.000000,3.009835
3420.7927,2026-07-15T14:48:18.129031,0.000000,3.009758
3421.2593,2026-07-15T14:48:18.595576,0.000000,3.009686
3421.7155,2026-07-15T14:48:19.051797,0.000000,3.009653
3422.1826,2026-07-15T14:48:19.518843,0.000000,3.009602
3422.6729,2026-07-15T14:48:20.009157,0.000000,3.009627
3423.1391,2026-07-15T14:48:20.475399,0.000000,3.009648
3423.6414,2026-07-15T14:48:20.977709,0.000000,3.009666
3424.1272,2026-07-15T14:48:21.463546,0.000000,3.009704
3424.6280,2026-07-15T14:48:21.964292,0.000000,3.009659
3425.1223,2026-07-15T14:48:22.458610,0.000000,3.009677
3425.6120,2026-07-15T14:48:22.948327,0.000000,3.009667
3426.1058,2026-07-15T14:48:23.442140,0.000000,3.009718
3426.5637,2026-07-15T14:48:23.899952,0.000000,3.009715
3427.0744,2026-07-15T14:48:24.410735,0.000000,3.009738
3427.5352,2026-07-15T14:48:24.871454,0.000000,3.009765
3428.0294,2026-07-15T14:48:25.365696,0.000000,3.009794
3428.4877,2026-07-15T14:48:25.824000,0.000000,3.009792
3428.9706,2026-07-15T14:48:26.306883,0.000000,3.009845
3429.4716,2026-07-15T14:48:26.807877,0.000000,3.009901
3429.9369,2026-07-15T14:48:27.273234,0.000000,3.009970
3430.4417,2026-07-15T14:48:27.777999,0.000000,3.010080
3430.9304,2026-07-15T14:48:28.266679,0.000000,3.010109
3431.4220,2026-07-15T14:48:28.758252,0.000000,3.010133
3431.8937,2026-07-15T14:48:29.229966,0.000000,3.010150
3432.3881,2026-07-15T14:48:29.724439,0.000000,3.010118
3432.8665,2026-07-15T14:48:30.202778,0.000000,3.010162
3433.3620,2026-07-15T14:48:30.698242,0.000000,3.010165
3433.8220,2026-07-15T14:48:31.158254,0.000000,3.010128
3434.3187,2026-07-15T14:48:31.655024,0.000000,3.010179
3434.8055,2026-07-15T14:48:32.141807,0.000000,3.010170
3435.2755,2026-07-15T14:48:32.611766,0.000000,3.010150
3435.7723,2026-07-15T14:48:33.108655,0.000000,3.010109
3436.2920,2026-07-15T14:48:33.628280,0.000000,3.010163
3436.7540,2026-07-15T14:48:34.090287,0.000000,3.010189
3437.2473,2026-07-15T14:48:34.583572,0.000000,3.010211
3437.7051,2026-07-15T14:48:35.041440,0.000000,3.010302
3438.1722,2026-07-15T14:48:35.508468,0.000000,3.010328
3438.6269,2026-07-15T14:48:35.963239,0.000000,3.010387
3439.1055,2026-07-15T14:48:36.441787,0.000000,3.010422
3439.6064,2026-07-15T14:48:36.942683,0.000000,3.010478
3440.1015,2026-07-15T14:48:37.437827,0.000000,3.010474
3440.5624,2026-07-15T14:48:37.898684,0.000000,3.010517
3441.0625,2026-07-15T14:48:38.398758,0.000000,3.010490
3441.5641,2026-07-15T14:48:38.900433,0.000000,3.010440
3442.0558,2026-07-15T14:48:39.392087,0.000000,3.010494
3442.5604,2026-07-15T14:48:39.896721,0.000000,3.010469
3443.0898,2026-07-15T14:48:40.426141,0.000000,3.010512
3443.5468,2026-07-15T14:48:40.883099,0.000000,3.010512
3444.0371,2026-07-15T14:48:41.373388,0.000000,3.010446
3444.5042,2026-07-15T14:48:41.840450,0.000000,3.010390
3444.9639,2026-07-15T14:48:42.300240,0.000000,3.010398
3445.4388,2026-07-15T14:48:42.775062,0.000000,3.010376
3445.9305,2026-07-15T14:48:43.266797,0.000000,3.010352
3446.3888,2026-07-15T14:48:43.725103,0.000000,3.010350
3446.8895,2026-07-15T14:48:44.225749,0.000000,3.010288
3447.3439,2026-07-15T14:48:44.680174,0.000000,3.010174
3447.8106,2026-07-15T14:48:45.146901,0.000000,3.010082
3448.3055,2026-07-15T14:48:45.641771,0.000000,3.010011
3448.8080,2026-07-15T14:48:46.144274,0.000000,3.009986
3449.2967,2026-07-15T14:48:46.633001,0.000000,3.009997
3449.7708,2026-07-15T14:48:47.107055,0.000000,3.009966
3450.2706,2026-07-15T14:48:47.606923,0.000000,3.009939
3450.7608,2026-07-15T14:48:48.097139,0.000000,3.009875
3451.2843,2026-07-15T14:48:48.620623,0.000000,3.009821
3451.7869,2026-07-15T14:48:49.123174,0.000000,3.009838
3452.2791,2026-07-15T14:48:49.615357,0.000000,3.009842
3452.7744,2026-07-15T14:48:50.110702,0.000000,3.009861
3453.2813,2026-07-15T14:48:50.617638,0.000000,3.009811
3453.7604,2026-07-15T14:48:51.096691,0.000000,3.009752
3454.2562,2026-07-15T14:48:51.592460,0.000000,3.009706
3454.7281,2026-07-15T14:48:52.064394,0.000000,3.009645
3455.2608,2026-07-15T14:48:52.597079,0.000000,3.009651
3455.7460,2026-07-15T14:48:53.082321,0.000000,3.009662
3456.2247,2026-07-15T14:48:53.561025,0.000000,3.009664
3456.7225,2026-07-15T14:48:54.058773,0.000000,3.009606
3457.2178,2026-07-15T14:48:54.554103,0.000000,3.009618
3457.6711,2026-07-15T14:48:55.007411,0.000000,3.009619
3458.1709,2026-07-15T14:48:55.507183,0.000000,3.009701
3458.6363,2026-07-15T14:48:55.972560,0.000000,3.009694
3459.1059,2026-07-15T14:48:56.442160,0.000000,3.009744
3459.5614,2026-07-15T14:48:56.897688,0.000000,3.009754
3460.0558,2026-07-15T14:48:57.392069,0.000000,3.009832
3460.5538,2026-07-15T14:48:57.890070,0.000000,3.009896
3461.0382,2026-07-15T14:48:58.374483,0.000000,3.009938
3461.5314,2026-07-15T14:48:58.867643,0.000000,3.010027
3462.0309,2026-07-15T14:48:59.367236,0.000000,3.010040
3462.4859,2026-07-15T14:48:59.822157,0.000000,3.010027
3463.0052,2026-07-15T14:49:00.341492,0.000000,3.010029
3463.4845,2026-07-15T14:49:00.820767,0.000000,3.010045
3463.9514,2026-07-15T14:49:01.287690,0.000000,3.010046
3464.4514,2026-07-15T14:49:01.787711,0.000000,3.010048
3464.9183,2026-07-15T14:49:02.254586,0.000000,3.010070
3465.3954,2026-07-15T14:49:02.731662,0.000000,3.009990
3465.8923,2026-07-15T14:49:03.228610,0.000000,3.009954
3466.3745,2026-07-15T14:49:03.710786,0.000000,3.009949
3466.8591,2026-07-15T14:49:04.195386,0.000000,3.009914
3467.3516,2026-07-15T14:49:04.687889,0.000000,3.009910
3467.8155,2026-07-15T14:49:05.151761,0.000000,3.009917
3468.3191,2026-07-15T14:49:05.655447,0.000000,3.009955
3468.8197,2026-07-15T14:49:06.155961,0.000000,3.009962
3469.3042,2026-07-15T14:49:06.640535,0.000000,3.009930
3469.7506,2026-07-15T14:49:07.086868,0.000000,3.009869
3470.2500,2026-07-15T14:49:07.586291,0.000000,3.009856
3470.7469,2026-07-15T14:49:08.083214,0.000000,3.009883
3471.2482,2026-07-15T14:49:08.584541,0.000000,3.009976
3471.6983,2026-07-15T14:49:09.034588,0.000000,3.010006
3472.1919,2026-07-15T14:49:09.528169,0.000000,3.010131
3472.6351,2026-07-15T14:49:09.971356,0.000000,3.010187
3473.0988,2026-07-15T14:49:10.435121,0.000000,3.010280
3473.5613,2026-07-15T14:49:10.897591,0.000000,3.010390
3474.0714,2026-07-15T14:49:11.407708,0.000000,3.010382
3474.5528,2026-07-15T14:49:11.889115,0.000000,3.010477
3475.0753,2026-07-15T14:49:12.411641,0.000000,3.010522
3475.5297,2026-07-15T14:49:12.865969,0.000000,3.010528
3476.0356,2026-07-15T14:49:13.371933,0.000000,3.010504
3476.5260,2026-07-15T14:49:13.862272,0.000000,3.010597
3477.0270,2026-07-15T14:49:14.363309,0.000000,3.010584
3477.5124,2026-07-15T14:49:14.848742,0.000000,3.010486
3477.9577,2026-07-15T14:49:15.293992,0.000000,3.010440
3478.4160,2026-07-15T14:49:15.752340,0.000000,3.010426
3478.9103,2026-07-15T14:49:16.246644,0.000000,3.010416
3479.3775,2026-07-15T14:49:16.713790,0.000000,3.010405
3479.8395,2026-07-15T14:49:17.175834,0.000000,3.010414
3480.2976,2026-07-15T14:49:17.633876,0.000000,3.010432
3480.7486,2026-07-15T14:49:18.084924,0.000000,3.010467
3481.2478,2026-07-15T14:49:18.584098,0.000000,3.010426
3481.7187,2026-07-15T14:49:19.055020,0.000000,3.010379
3482.2205,2026-07-15T14:49:19.556789,0.000000,3.010400
3482.6844,2026-07-15T14:49:20.020738,0.000000,3.010501
3483.1741,2026-07-15T14:49:20.510371,0.000000,3.010488
3483.6263,2026-07-15T14:49:20.962577,0.000000,3.010602
3484.1153,2026-07-15T14:49:21.451559,0.000000,3.010710
3484.6015,2026-07-15T14:49:21.937833,0.000000,3.010779
3485.1255,2026-07-15T14:49:22.461750,0.000000,3.010891
3485.5740,2026-07-15T14:49:22.910258,0.000000,3.010853
3486.0772,2026-07-15T14:49:23.413451,0.000000,3.010923
3486.5548,2026-07-15T14:49:23.891064,0.000000,3.010952
3487.0588,2026-07-15T14:49:24.395096,0.000000,3.010976
3487.5579,2026-07-15T14:49:24.894207,0.000000,3.010971
3488.0233,2026-07-15T14:49:25.359539,0.000000,3.011034
3488.4849,2026-07-15T14:49:25.821239,0.000000,3.011035
3488.9635,2026-07-15T14:49:26.299844,0.000000,3.011027
3489.4669,2026-07-15T14:49:26.803144,0.000000,3.011034
3489.9655,2026-07-15T14:49:27.301803,0.000000,3.010922
3490.4345,2026-07-15T14:49:27.770837,0.000000,3.010854
3490.8987,2026-07-15T14:49:28.235019,0.000000,3.010774
3491.3886,2026-07-15T14:49:28.724895,0.000000,3.010739
3491.8548,2026-07-15T14:49:29.191090,0.000000,3.010709
3492.3363,2026-07-15T14:49:29.672550,0.000000,3.010698
3492.7883,2026-07-15T14:49:30.124557,0.000000,3.010672
3493.2821,2026-07-15T14:49:30.618441,0.000000,3.010602
3493.7645,2026-07-15T14:49:31.100803,0.000000,3.010494
3494.2216,2026-07-15T14:49:31.557903,0.000000,3.010458
3494.6785,2026-07-15T14:49:32.014743,0.000000,3.010453
3495.1732,2026-07-15T14:49:32.509489,0.000000,3.010475
3495.6308,2026-07-15T14:49:32.967071,0.000000,3.010534
3496.1314,2026-07-15T14:49:33.467743,0.000000,3.010642
3496.6059,2026-07-15T14:49:33.942182,0.000000,3.010675
3497.1090,2026-07-15T14:49:34.445287,0.000000,3.010677
3497.5855,2026-07-15T14:49:34.921762,0.000000,3.010667
3498.0817,2026-07-15T14:49:35.418039,0.000000,3.010709
3498.5371,2026-07-15T14:49:35.873371,0.000000,3.010765
3498.9908,2026-07-15T14:49:36.327107,0.000000,3.010750
3499.4495,2026-07-15T14:49:36.785807,0.000000,3.010776
3499.9280,2026-07-15T14:49:37.264247,0.000000,3.010802
3500.3911,2026-07-15T14:49:37.727370,0.000000,3.010864
3500.8605,2026-07-15T14:49:38.196816,0.000000,3.010899
3501.3594,2026-07-15T14:49:38.695726,0.000000,3.010998
3501.8196,2026-07-15T14:49:39.155859,0.000000,3.011072
3502.3022,2026-07-15T14:49:39.638471,0.000000,3.011110
3502.7575,2026-07-15T14:49:40.093768,0.000000,3.011141
3503.2554,2026-07-15T14:49:40.591742,0.000000,3.011202
3503.7507,2026-07-15T14:49:41.086969,0.000000,3.011230
3504.2616,2026-07-15T14:49:41.597912,0.000000,3.011258
3504.7085,2026-07-15T14:49:42.044755,0.000000,3.011299
3505.2216,2026-07-15T14:49:42.557896,0.000000,3.011344
3505.6680,2026-07-15T14:49:43.004306,0.000000,3.011390
3506.1599,2026-07-15T14:49:43.496215,0.000000,3.011403
3506.6111,2026-07-15T14:49:43.947421,0.000000,3.011392
3507.1113,2026-07-15T14:49:44.447621,0.000000,3.011394
3507.5603,2026-07-15T14:49:44.896624,0.000000,3.011442
3508.0240,2026-07-15T14:49:45.360316,0.000000,3.011493
3508.4841,2026-07-15T14:49:45.820359,0.000000,3.011566
3508.9414,2026-07-15T14:49:46.277682,0.000000,3.011702
3509.3926,2026-07-15T14:49:46.728853,0.000000,3.011770
3509.9008,2026-07-15T14:49:47.237103,0.000000,3.011792
3510.3860,2026-07-15T14:49:47.722310,0.000000,3.011813
3510.8693,2026-07-15T14:49:48.205624,0.000000,3.011856
3511.3239,2026-07-15T14:49:48.660252,0.000000,3.011906
3511.7774,2026-07-15T14:49:49.113733,0.000000,3.012021
3512.2485,2026-07-15T14:49:49.584748,0.000000,3.012080
3512.7337,2026-07-15T14:49:50.070032,0.000000,3.012142
3513.2316,2026-07-15T14:49:50.567919,0.000000,3.012181
3513.7300,2026-07-15T14:49:51.066338,0.000000,3.012131
3514.2233,2026-07-15T14:49:51.559627,0.000000,3.012099
3514.6795,2026-07-15T14:49:52.015786,0.000000,3.012098
3515.1486,2026-07-15T14:49:52.484853,0.000000,3.012096
3515.6375,2026-07-15T14:49:52.973764,0.000000,3.012163
3516.1312,2026-07-15T14:49:53.467483,0.000000,3.012147
3516.6399,2026-07-15T14:49:53.976177,0.000000,3.012102
3517.1407,2026-07-15T14:49:54.477010,0.000000,3.012016
3517.6228,2026-07-15T14:49:54.959048,0.000000,3.011974
3518.0863,2026-07-15T14:49:55.422602,0.000000,3.011946
3518.5365,2026-07-15T14:49:55.872834,0.000000,3.011989
3519.0284,2026-07-15T14:49:56.364742,0.000000,3.012027
3519.5266,2026-07-15T14:49:56.862910,0.000000,3.012034
3520.0306,2026-07-15T14:49:57.366925,0.000000,3.011995
3520.4896,2026-07-15T14:49:57.825851,0.000000,3.011915
3520.9529,2026-07-15T14:49:58.289186,0.000000,3.011864
3521.4463,2026-07-15T14:49:58.782594,0.000000,3.011938
3521.9054,2026-07-15T14:49:59.241647,0.000000,3.012024
3522.3651,2026-07-15T14:49:59.701379,0.000000,3.012096
3522.8802,2026-07-15T14:50:00.216455,0.000000,3.012136
3523.3405,2026-07-15T14:50:00.676763,0.000000,3.012080
3523.7951,2026-07-15T14:50:01.131406,0.000000,3.012016
3524.2778,2026-07-15T14:50:01.614055,0.000000,3.012010
3524.7320,2026-07-15T14:50:02.068330,0.000000,3.012066
3525.2419,2026-07-15T14:50:02.578173,0.000000,3.012101
3525.6902,2026-07-15T14:50:03.026503,0.000000,3.012218
3526.1764,2026-07-15T14:50:03.512706,0.000000,3.012186
3526.6713,2026-07-15T14:50:04.007586,0.000000,3.012099
3527.1425,2026-07-15T14:50:04.478820,0.000000,3.012074
3527.5891,2026-07-15T14:50:04.925421,0.000000,3.012042
3528.0535,2026-07-15T14:50:05.389759,0.000000,3.012096
3528.5124,2026-07-15T14:50:05.848677,0.000000,3.012160
3528.9740,2026-07-15T14:50:06.310264,0.000000,3.012190
3529.4498,2026-07-15T14:50:06.786066,0.000000,3.012190
3529.9487,2026-07-15T14:50:07.284987,0.000000,3.012195
3530.3983,2026-07-15T14:50:07.734566,0.000000,3.012117
3530.8869,2026-07-15T14:50:08.223179,0.000000,3.012054
3531.3395,2026-07-15T14:50:08.675764,0.000000,3.012045
3531.8387,2026-07-15T14:50:09.174947,0.000000,3.012058
3532.2891,2026-07-15T14:50:09.625384,0.000000,3.012085
3532.7572,2026-07-15T14:50:10.093451,0.000000,3.012109
3533.2478,2026-07-15T14:50:10.584126,0.000000,3.012136
3533.7035,2026-07-15T14:50:11.039774,0.000000,3.012170
3534.2046,2026-07-15T14:50:11.540934,0.000000,3.012232
3534.6967,2026-07-15T14:50:12.032982,0.000000,3.012240
3535.1947,2026-07-15T14:50:12.530967,0.000000,3.012294
3535.6736,2026-07-15T14:50:13.009842,0.000000,3.012302
3536.1869,2026-07-15T14:50:13.523221,0.000000,3.012320
3536.6442,2026-07-15T14:50:13.980446,0.000000,3.012282
3537.1448,2026-07-15T14:50:14.481073,0.000000,3.012190
3537.6286,2026-07-15T14:50:14.964853,0.000000,3.012045
3538.0946,2026-07-15T14:50:15.430871,0.000000,3.011896
3538.5514,2026-07-15T14:50:15.887681,0.000000,3.011819
3539.0429,2026-07-15T14:50:16.379211,0.000000,3.011669
3539.5083,2026-07-15T14:50:16.844565,0.000000,3.011498
3539.9780,2026-07-15T14:50:17.314299,0.000000,3.011352
3540.4271,2026-07-15T14:50:17.763382,0.000000,3.011275
3540.8968,2026-07-15T14:50:18.233110,0.000000,3.011146
3541.3443,2026-07-15T14:50:18.680629,0.000000,3.010984
3541.8478,2026-07-15T14:50:19.184058,0.000000,3.010955
3542.3005,2026-07-15T14:50:19.636761,0.000000,3.010885
3542.7962,2026-07-15T14:50:20.132522,0.000000,3.010888
3543.2921,2026-07-15T14:50:20.628380,0.000000,3.010827
3543.7522,2026-07-15T14:50:21.088481,0.000000,3.010734
3544.2541,2026-07-15T14:50:21.590414,0.000000,3.010680
3544.7284,2026-07-15T14:50:22.064703,0.000000,3.010589
3545.2200,2026-07-15T14:50:22.556259,0.000000,3.010544
3545.6851,2026-07-15T14:50:23.021369,0.000000,3.010506
3546.1863,2026-07-15T14:50:23.522604,0.000000,3.010544
3546.7053,2026-07-15T14:50:24.041570,0.000000,3.010598
3547.1863,2026-07-15T14:50:24.522579,0.000000,3.010526
3547.6403,2026-07-15T14:50:24.976614,0.000000,3.010467
3548.1427,2026-07-15T14:50:25.479013,0.000000,3.010453
3548.5866,2026-07-15T14:50:25.922845,0.000000,3.010403
3549.0865,2026-07-15T14:50:26.422763,0.000000,3.010389
3549.5530,2026-07-15T14:50:26.889306,0.000000,3.010421
3550.0447,2026-07-15T14:50:27.381024,0.000000,3.010486
3550.5178,2026-07-15T14:50:27.854077,0.000000,3.010446
3551.0036,2026-07-15T14:50:28.339864,0.000000,3.010418
3551.4599,2026-07-15T14:50:28.796202,0.000000,3.010381
3551.9635,2026-07-15T14:50:29.299803,0.000000,3.010381
3552.4196,2026-07-15T14:50:29.755871,0.000000,3.010443
3552.9082,2026-07-15T14:50:30.244535,0.000000,3.010438
3553.3680,2026-07-15T14:50:30.704288,0.000000,3.010518
3553.8728,2026-07-15T14:50:31.209069,0.000000,3.010576
3554.3224,2026-07-15T14:50:31.658709,0.000000,3.010654
3554.7772,2026-07-15T14:50:32.113531,0.000000,3.010742
3555.2349,2026-07-15T14:50:32.571154,0.000000,3.010846
3555.6944,2026-07-15T14:50:33.030682,0.000000,3.010859
3556.1869,2026-07-15T14:50:33.523165,0.000000,3.010875
3556.6662,2026-07-15T14:50:34.002507,0.000000,3.010920
3557.1615,2026-07-15T14:50:34.497810,0.000000,3.010947
3557.6171,2026-07-15T14:50:34.953369,0.000000,3.010958
3558.1059,2026-07-15T14:50:35.442218,0.000000,3.010901
3558.6097,2026-07-15T14:50:35.946017,0.000000,3.010821
3559.1083,2026-07-15T14:50:36.444558,0.000000,3.010811
3559.5665,2026-07-15T14:50:36.902751,0.000000,3.010838
3560.0779,2026-07-15T14:50:37.414176,0.000000,3.010747
3560.5510,2026-07-15T14:50:37.887314,0.000000,3.010683
3561.0455,2026-07-15T14:50:38.381836,0.000000,3.010659
3561.5302,2026-07-15T14:50:38.866455,0.000000,3.010586
3561.9914,2026-07-15T14:50:39.327651,0.000000,3.010547
3562.4441,2026-07-15T14:50:39.780348,0.000000,3.010467
3562.9145,2026-07-15T14:50:40.250766,0.000000,3.010440
3563.3703,2026-07-15T14:50:40.706547,0.000000,3.010429
3563.8284,2026-07-15T14:50:41.164656,0.000000,3.010381
3564.3075,2026-07-15T14:50:41.643828,0.000000,3.010294
3564.7882,2026-07-15T14:50:42.124489,0.000000,3.010211
3565.2620,2026-07-15T14:50:42.598334,0.000000,3.010150
3565.7277,2026-07-15T14:50:43.063978,0.000000,3.010206
3566.2186,2026-07-15T14:50:43.554938,0.000000,3.010160
3566.6749,2026-07-15T14:50:44.011187,0.000000,3.010149
3567.1705,2026-07-15T14:50:44.506801,0.000000,3.010163
3567.6705,2026-07-15T14:50:45.006790,0.000000,3.010174
3568.1704,2026-07-15T14:50:45.506690,0.000000,3.010205
3568.6584,2026-07-15T14:50:45.994642,0.000000,3.010243
3569.1729,2026-07-15T14:50:46.509183,0.000000,3.010301
3569.6284,2026-07-15T14:50:46.964667,0.000000,3.010331
3570.1286,2026-07-15T14:50:47.464843,0.000000,3.010370
3570.5788,2026-07-15T14:50:47.915088,0.000000,3.010352
3571.0719,2026-07-15T14:50:48.408230,0.000000,3.010350
3571.5536,2026-07-15T14:50:48.889891,0.000000,3.010379
3572.0536,2026-07-15T14:50:49.389921,0.000000,3.010414
3572.5453,2026-07-15T14:50:49.881554,0.000000,3.010413
3573.0251,2026-07-15T14:50:50.361360,0.000000,3.010442
3573.4789,2026-07-15T14:50:50.815204,0.000000,3.010427
3573.9489,2026-07-15T14:50:51.285163,0.000000,3.010371
3574.4557,2026-07-15T14:50:51.792056,0.000000,3.010379
3574.9228,2026-07-15T14:50:52.259144,0.000000,3.010414
3575.4243,2026-07-15T14:50:52.760556,0.000000,3.010390
3575.8823,2026-07-15T14:50:53.218628,0.000000,3.010405
3576.3386,2026-07-15T14:50:53.674891,0.000000,3.010358
3576.8253,2026-07-15T14:50:54.161566,0.000000,3.010315
3577.2887,2026-07-15T14:50:54.625015,0.000000,3.010333
3577.8163,2026-07-15T14:50:55.152567,0.000000,3.010296
3578.3144,2026-07-15T14:50:55.650646,0.000000,3.010339
3578.7742,2026-07-15T14:50:56.110479,0.000000,3.010360
3579.2742,2026-07-15T14:50:56.610514,0.000000,3.010354
3579.7298,2026-07-15T14:50:57.066137,0.000000,3.010374
3580.2240,2026-07-15T14:50:57.560298,0.000000,3.010379
3580.6796,2026-07-15T14:50:58.015898,0.000000,3.010430
3581.1642,2026-07-15T14:50:58.500540,0.000000,3.010446
3581.6533,2026-07-15T14:50:58.989594,0.000000,3.010464
3582.1495,2026-07-15T14:50:59.485841,0.000000,3.010440
3582.6687,2026-07-15T14:51:00.005024,0.000000,3.010442
3583.1517,2026-07-15T14:51:00.487988,0.000000,3.010400
3583.6206,2026-07-15T14:51:00.956922,0.000000,3.010397
3584.0793,2026-07-15T14:51:01.415640,0.000000,3.010400
3584.5748,2026-07-15T14:51:01.911048,0.000000,3.010322
3585.0682,2026-07-15T14:51:02.404457,0.000000,3.010288
3585.5298,2026-07-15T14:51:02.866073,0.000000,3.010262
3586.0165,2026-07-15T14:51:03.352815,0.000000,3.010237
3586.5114,2026-07-15T14:51:03.847660,0.000000,3.010194
3586.9646,2026-07-15T14:51:04.300853,0.000000,3.010234
3587.4167,2026-07-15T14:51:04.753012,0.000000,3.010258
3587.9007,2026-07-15T14:51:05.236994,0.000000,3.010294
3588.3466,2026-07-15T14:51:05.682847,0.000000,3.010235
3588.8414,2026-07-15T14:51:06.177726,0.000000,3.010227
3589.3245,2026-07-15T14:51:06.660742,0.000000,3.010272
3589.7715,2026-07-15T14:51:07.107820,0.000000,3.010302
3590.2661,2026-07-15T14:51:07.602401,0.000000,3.010314
3590.7303,2026-07-15T14:51:08.066566,0.000000,3.010328
3591.2237,2026-07-15T14:51:08.560044,0.000000,3.010328
3591.7119,2026-07-15T14:51:09.048215,0.000000,3.010350
3592.2304,2026-07-15T14:51:09.566730,0.000000,3.010309
3592.6966,2026-07-15T14:51:10.032907,0.000000,3.010277
3593.1687,2026-07-15T14:51:10.505028,0.000000,3.010309
3593.6553,2026-07-15T14:51:10.991604,0.000000,3.010272
3594.1394,2026-07-15T14:51:11.475648,0.000000,3.010274
3594.6302,2026-07-15T14:51:11.966530,0.000000,3.010253
3595.0984,2026-07-15T14:51:12.434675,0.000000,3.010206
3595.5471,2026-07-15T14:51:12.883414,0.000000,3.010290
3596.0564,2026-07-15T14:51:13.392728,0.000000,3.010301
3596.5143,2026-07-15T14:51:13.850619,0.000000,3.010286
3597.0169,2026-07-15T14:51:14.353152,0.000000,3.010306
3597.4989,2026-07-15T14:51:14.835238,0.000000,3.010333
3597.9659,2026-07-15T14:51:15.302183,0.000000,3.010328
3598.4635,2026-07-15T14:51:15.799786,0.000000,3.010350
3598.9461,2026-07-15T14:51:16.282364,0.000000,3.010384
3599.4219,2026-07-15T14:51:16.758145,0.000000,3.010389
3599.8930,2026-07-15T14:51:17.229342,0.000000,3.010411
3600.3498,2026-07-15T14:51:17.686043,0.000000,3.010403
3600.8048,2026-07-15T14:51:18.141122,0.000000,3.010350
3601.2944,2026-07-15T14:51:18.630672,0.000000,3.010387
3601.7963,2026-07-15T14:51:19.132562,0.000000,3.010427
3602.2865,2026-07-15T14:51:19.622751,0.000000,3.010442
3602.7472,2026-07-15T14:51:20.083538,0.000000,3.010429
3603.2381,2026-07-15T14:51:20.574353,0.000000,3.010424
3603.7005,2026-07-15T14:51:21.036826,0.000000,3.010485
3604.1861,2026-07-15T14:51:21.522371,0.000000,3.010424
3604.6909,2026-07-15T14:51:22.027158,0.000000,3.010434
3605.1882,2026-07-15T14:51:22.524485,0.000000,3.010483
3605.6949,2026-07-15T14:51:23.031191,0.000000,3.010525
3606.1899,2026-07-15T14:51:23.526228,0.000000,3.010541
3606.6444,2026-07-15T14:51:23.980731,0.000000,3.010526
3607.1306,2026-07-15T14:51:24.466911,0.000000,3.010554
3607.5859,2026-07-15T14:51:24.922195,0.000000,3.010566
3608.0877,2026-07-15T14:51:25.424009,0.000000,3.010590
3608.5855,2026-07-15T14:51:25.921798,0.000000,3.010624
3609.0898,2026-07-15T14:51:26.426056,0.000000,3.010635
3609.5431,2026-07-15T14:51:26.879436,0.000000,3.010677
3610.0484,2026-07-15T14:51:27.384693,0.000000,3.010720
3610.5527,2026-07-15T14:51:27.888993,0.000000,3.010875
3611.0820,2026-07-15T14:51:28.418324,0.000000,3.010882
3611.5342,2026-07-15T14:51:28.870531,0.000000,3.010920
3612.0203,2026-07-15T14:51:29.356622,0.000000,3.010954
3612.4799,2026-07-15T14:51:29.816151,0.000000,3.010968
3612.9543,2026-07-15T14:51:30.290549,0.000000,3.011014
3613.4459,2026-07-15T14:51:30.782167,0.000000,3.011056
3613.9368,2026-07-15T14:51:31.273050,0.000000,3.011109
3614.3882,2026-07-15T14:51:31.724529,0.000000,3.011203
3614.8561,2026-07-15T14:51:32.192395,0.000000,3.011189
3615.3531,2026-07-15T14:51:32.689387,0.000000,3.011064
3615.8056,2026-07-15T14:51:33.141915,0.000000,3.010920
3616.2797,2026-07-15T14:51:33.615967,0.000000,3.010886
3616.7305,2026-07-15T14:51:34.066790,0.000000,3.010834
3617.2068,2026-07-15T14:51:34.543083,0.000000,3.010826
3617.6582,2026-07-15T14:51:34.994515,0.000000,3.010798
3618.1615,2026-07-15T14:51:35.497766,0.000000,3.010744
3618.6255,2026-07-15T14:51:35.961760,0.000000,3.010736
3619.1193,2026-07-15T14:51:36.455627,0.000000,3.010718
3619.6157,2026-07-15T14:51:36.951991,0.000000,3.010646
3620.1112,2026-07-15T14:51:37.447505,0.000000,3.010619
3620.5709,2026-07-15T14:51:37.907239,0.000000,3.010608
3621.0663,2026-07-15T14:51:38.402642,0.000000,3.010691
3621.5240,2026-07-15T14:51:38.860335,0.000000,3.010622
3621.9802,2026-07-15T14:51:39.316497,0.000000,3.010619
3622.4301,2026-07-15T14:51:39.766430,0.000000,3.010587
3622.8918,2026-07-15T14:51:40.228131,0.000000,3.010626
3623.3487,2026-07-15T14:51:40.685009,0.000000,3.010675
3623.8533,2026-07-15T14:51:41.189642,0.000000,3.010766
3624.3156,2026-07-15T14:51:41.651865,0.000000,3.010779
3624.7725,2026-07-15T14:51:42.108803,0.000000,3.010850
3625.2296,2026-07-15T14:51:42.565878,0.000000,3.010834
3625.7333,2026-07-15T14:51:43.069630,0.000000,3.010813
3626.1904,2026-07-15T14:51:43.526677,0.000000,3.010835
3626.6582,2026-07-15T14:51:43.994507,0.000000,3.010891
3627.1524,2026-07-15T14:51:44.488673,0.000000,3.010901
3627.6069,2026-07-15T14:51:44.943216,0.000000,3.010938
3628.0996,2026-07-15T14:51:45.435923,0.000000,3.010939
3628.5490,2026-07-15T14:51:45.885289,0.000000,3.010854
3629.0180,2026-07-15T14:51:46.354317,0.000000,3.010795
3629.5175,2026-07-15T14:51:46.853815,0.000000,3.010747
3629.9872,2026-07-15T14:51:47.323482,0.000000,3.010792
3630.4375,2026-07-15T14:51:47.773787,0.000000,3.010766
3630.9041,2026-07-15T14:51:48.240382,0.000000,3.010757
3631.3594,2026-07-15T14:51:48.695698,0.000000,3.010760
3631.8431,2026-07-15T14:51:49.179423,0.000000,3.010747
3632.3023,2026-07-15T14:51:49.638592,0.000000,3.010702
3632.7821,2026-07-15T14:51:50.118343,0.000000,3.010611
3633.2885,2026-07-15T14:51:50.624798,0.000000,3.010605
3633.7845,2026-07-15T14:51:51.120791,0.000000,3.010658
3634.2863,2026-07-15T14:51:51.622558,0.000000,3.010694
3634.7882,2026-07-15T14:51:52.124451,0.000000,3.010634
3635.2407,2026-07-15T14:51:52.576984,0.000000,3.010682
3635.6972,2026-07-15T14:51:53.033519,0.000000,3.010733
3636.1925,2026-07-15T14:51:53.528784,0.000000,3.010726
3636.6837,2026-07-15T14:51:54.019959,0.000000,3.010741
3637.1560,2026-07-15T14:51:54.492267,0.000000,3.010784
3637.6754,2026-07-15T14:51:55.011729,0.000000,3.010896
3638.1570,2026-07-15T14:51:55.493244,0.000000,3.010898
3638.6182,2026-07-15T14:51:55.954475,0.000000,3.010899
3639.1156,2026-07-15T14:51:56.451860,0.000000,3.010894
3639.5744,2026-07-15T14:51:56.910742,0.000000,3.010952
3640.0306,2026-07-15T14:51:57.366850,0.000000,3.010968
3640.5171,2026-07-15T14:51:57.853403,0.000000,3.010966
3641.0225,2026-07-15T14:51:58.358793,0.000000,3.010981
3641.5036,2026-07-15T14:51:58.839940,0.000000,3.011048
3641.9907,2026-07-15T14:51:59.327013,0.000000,3.011101
3642.4391,2026-07-15T14:51:59.775401,0.000000,3.011157
3642.9071,2026-07-15T14:52:00.243392,0.000000,3.011133
3643.4077,2026-07-15T14:52:00.743970,0.000000,3.011083
3643.8642,2026-07-15T14:52:01.200514,0.000000,3.011093
3644.3230,2026-07-15T14:52:01.659323,0.000000,3.011066
3644.8193,2026-07-15T14:52:02.155572,0.000000,3.010998
3645.3171,2026-07-15T14:52:02.653368,0.000000,3.010966
3645.8175,2026-07-15T14:52:03.153766,0.000000,3.010960
3646.3060,2026-07-15T14:52:03.642265,0.000000,3.010936
3646.8140,2026-07-15T14:52:04.150336,0.000000,3.010861
3647.3007,2026-07-15T14:52:04.637004,0.000000,3.010811
3647.7580,2026-07-15T14:52:05.094256,0.000000,3.010798
3648.2278,2026-07-15T14:52:05.564096,0.000000,3.010821
3648.7098,2026-07-15T14:52:06.046073,0.000000,3.010766
3649.1972,2026-07-15T14:52:06.533492,0.000000,3.010787
3649.6924,2026-07-15T14:52:07.028680,0.000000,3.010851
3650.1470,2026-07-15T14:52:07.483306,0.000000,3.010910
3650.6505,2026-07-15T14:52:07.986759,0.000000,3.010923
3651.1427,2026-07-15T14:52:08.478978,0.000000,3.010938
3651.5920,2026-07-15T14:52:08.928267,0.000000,3.010862
3652.0748,2026-07-15T14:52:09.411129,0.000000,3.010859
3652.5659,2026-07-15T14:52:09.902169,0.000000,3.010816
3653.0614,2026-07-15T14:52:10.397673,0.000000,3.010789
3653.5250,2026-07-15T14:52:10.861285,0.000000,3.010822
3654.0508,2026-07-15T14:52:11.387064,0.000000,3.010810
3654.4985,2026-07-15T14:52:11.834805,0.000000,3.010776
3654.9946,2026-07-15T14:52:12.330908,0.000000,3.010826
3655.4832,2026-07-15T14:52:12.819506,0.000000,3.010861
3655.9421,2026-07-15T14:52:13.278375,0.000000,3.010867
3656.4006,2026-07-15T14:52:13.736939,0.000000,3.011024
3656.8637,2026-07-15T14:52:14.200009,0.000000,3.011106
3657.3159,2026-07-15T14:52:14.652151,0.000000,3.011237
3657.7815,2026-07-15T14:52:15.117750,0.000000,3.011291
3658.2449,2026-07-15T14:52:15.581158,0.000000,3.011384
3658.7637,2026-07-15T14:52:16.099970,0.000000,3.011469
3659.2444,2026-07-15T14:52:16.580685,0.000000,3.011485
3659.6966,2026-07-15T14:52:17.032939,0.000000,3.011528
3660.1950,2026-07-15T14:52:17.531272,0.000000,3.011520
3660.6881,2026-07-15T14:52:18.024372,0.000000,3.011563
3661.1863,2026-07-15T14:52:18.522560,0.000000,3.011656
3661.6819,2026-07-15T14:52:19.018205,0.000000,3.011698
3662.1706,2026-07-15T14:52:19.506898,0.000000,3.011674
3662.6582,2026-07-15T14:52:19.994444,0.000000,3.011712
3663.1293,2026-07-15T14:52:20.465565,0.000000,3.011805
3663.6243,2026-07-15T14:52:20.960624,0.000000,3.011877
3664.1502,2026-07-15T14:52:21.486450,0.000000,3.011974
3664.6459,2026-07-15T14:52:21.982181,0.000000,3.012043
3665.0943,2026-07-15T14:52:22.430543,0.000000,3.012088
3665.5912,2026-07-15T14:52:22.927445,0.000000,3.012142
3666.0889,2026-07-15T14:52:23.425193,0.000000,3.012208
3666.5831,2026-07-15T14:52:23.919429,0.000000,3.012211
3667.0743,2026-07-15T14:52:24.410572,0.000000,3.012226
3667.5383,2026-07-15T14:52:24.874558,0.000000,3.012171
3668.0387,2026-07-15T14:52:25.374978,0.000000,3.012070
3668.5380,2026-07-15T14:52:25.874309,0.000000,3.011934
3669.0416,2026-07-15T14:52:26.377910,0.000000,3.011902
3669.5166,2026-07-15T14:52:26.852892,0.000000,3.011853
3670.0069,2026-07-15T14:52:27.343148,0.000000,3.011814
3670.4574,2026-07-15T14:52:27.793736,0.000000,3.011830
3670.9145,2026-07-15T14:52:28.250814,0.000000,3.011726
3671.3679,2026-07-15T14:52:28.704181,0.000000,3.011674
3671.8246,2026-07-15T14:52:29.160898,0.000000,3.011675
3672.3174,2026-07-15T14:52:29.653709,0.000000,3.011710
3672.8044,2026-07-15T14:52:30.140655,0.000000,3.011774
3673.3008,2026-07-15T14:52:30.637066,0.000000,3.011850
3673.7580,2026-07-15T14:52:31.094340,0.000000,3.011850
3674.2416,2026-07-15T14:52:31.577908,0.000000,3.011984
3674.7244,2026-07-15T14:52:32.060713,0.000000,3.012002
3675.2313,2026-07-15T14:52:32.567556,0.000000,3.012011
3675.6908,2026-07-15T14:52:33.027104,0.000000,3.012010
3676.2034,2026-07-15T14:52:33.539694,0.000000,3.012042
3676.6509,2026-07-15T14:52:33.987208,0.000000,3.012002
3677.1661,2026-07-15T14:52:34.502395,0.000000,3.012006
3677.6606,2026-07-15T14:52:34.996860,0.000000,3.011989
3678.1662,2026-07-15T14:52:35.502534,0.000000,3.011904
3678.6169,2026-07-15T14:52:35.953217,0.000000,3.011858
3679.1073,2026-07-15T14:52:36.443615,0.000000,3.011792
3679.5587,2026-07-15T14:52:36.895014,0.000000,3.011722
3680.0258,2026-07-15T14:52:37.362050,0.000000,3.011667
3680.5098,2026-07-15T14:52:37.846137,0.000000,3.011605
3681.0168,2026-07-15T14:52:38.353070,0.000000,3.011530
3681.5115,2026-07-15T14:52:38.847805,0.000000,3.011464
3682.0118,2026-07-15T14:52:39.348113,0.000000,3.011354
3682.4647,2026-07-15T14:52:39.801002,0.000000,3.011261
3682.9406,2026-07-15T14:52:40.276850,0.000000,3.011245
3683.3999,2026-07-15T14:52:40.736164,0.000000,3.011258
3683.8561,2026-07-15T14:52:41.192354,0.000000,3.011237
3684.3397,2026-07-15T14:52:41.675976,0.000000,3.011317
3684.8428,2026-07-15T14:52:42.179078,0.000000,3.011360
3685.3414,2026-07-15T14:52:42.677645,0.000000,3.011458
3685.8013,2026-07-15T14:52:43.137571,0.000000,3.011498
3686.2851,2026-07-15T14:52:43.621388,0.000000,3.011606
3686.7347,2026-07-15T14:52:44.070998,0.000000,3.011710
3687.2276,2026-07-15T14:52:44.563911,0.000000,3.011750
3687.7266,2026-07-15T14:52:45.062880,0.000000,3.011867
3688.2338,2026-07-15T14:52:45.570129,0.000000,3.012006
3688.6843,2026-07-15T14:52:46.020555,0.000000,3.012045
3689.1721,2026-07-15T14:52:46.508415,0.000000,3.012038
3689.6231,2026-07-15T14:52:46.959380,0.000000,3.012005
3690.1237,2026-07-15T14:52:47.459980,0.000000,3.012003
3690.5996,2026-07-15T14:52:47.935871,0.000000,3.012018
3691.0918,2026-07-15T14:52:48.428090,0.000000,3.012051
3691.5646,2026-07-15T14:52:48.900914,0.000000,3.012016
3692.0856,2026-07-15T14:52:49.421945,0.000000,3.012038
3692.5840,2026-07-15T14:52:49.920288,0.000000,3.011955
3693.0647,2026-07-15T14:52:50.400990,0.000000,3.011920
3693.5268,2026-07-15T14:52:50.863075,0.000000,3.012048
3694.0266,2026-07-15T14:52:51.362876,0.000000,3.012138
3694.5182,2026-07-15T14:52:51.854519,0.000000,3.012170
3694.9807,2026-07-15T14:52:52.317017,0.000000,3.012181
3695.4343,2026-07-15T14:52:52.770605,0.000000,3.012133
3695.9364,2026-07-15T14:52:53.272680,0.000000,3.012118
3696.4279,2026-07-15T14:52:53.764224,0.000000,3.012150
3696.9262,2026-07-15T14:52:54.262501,0.000000,3.012235
3697.4516,2026-07-15T14:52:54.787848,0.000000,3.012322
3697.9097,2026-07-15T14:52:55.246011,0.000000,3.012317
3698.3767,2026-07-15T14:52:55.713009,0.000000,3.012291
3698.8413,2026-07-15T14:52:56.177538,0.000000,3.012306
3699.3514,2026-07-15T14:52:56.687739,0.000000,3.012301
3699.8431,2026-07-15T14:52:57.179408,0.000000,3.012333
3700.3072,2026-07-15T14:52:57.643489,0.000000,3.012346
3700.7548,2026-07-15T14:52:58.091066,0.000000,3.012304
3701.2459,2026-07-15T14:52:58.582159,0.000000,3.012312
3701.7020,2026-07-15T14:52:59.038283,0.000000,3.012349
3702.1974,2026-07-15T14:52:59.533691,0.000000,3.012373
3702.6614,2026-07-15T14:52:59.997651,0.000000,3.012478
3703.1392,2026-07-15T14:53:00.475447,0.000000,3.012467
3703.5963,2026-07-15T14:53:00.932552,0.000000,3.012434
3704.0958,2026-07-15T14:53:01.432092,0.000000,3.012370
3704.5849,2026-07-15T14:53:01.921156,0.000000,3.012432
3705.0478,2026-07-15T14:53:02.384142,0.000000,3.012458
3705.5012,2026-07-15T14:53:02.837523,0.000000,3.012466
3705.9562,2026-07-15T14:53:03.292480,0.000000,3.012531
3706.4308,2026-07-15T14:53:03.767123,0.000000,3.012520
3706.8938,2026-07-15T14:53:04.230057,0.000000,3.012416
3707.3810,2026-07-15T14:53:04.717297,0.000000,3.012410
3707.8383,2026-07-15T14:53:05.174560,0.000000,3.012376
3708.3208,2026-07-15T14:53:05.657054,0.000000,3.012410
3708.7773,2026-07-15T14:53:06.113595,0.000000,3.012438
3709.2834,2026-07-15T14:53:06.619717,0.000000,3.012446
3709.7383,2026-07-15T14:53:07.074636,0.000000,3.012472
3710.2334,2026-07-15T14:53:07.569675,0.000000,3.012534
3710.6964,2026-07-15T14:53:08.032726,0.000000,3.012648
3711.1960,2026-07-15T14:53:08.532251,0.000000,3.012722
3711.6528,2026-07-15T14:53:08.989137,0.000000,3.012805
3712.1314,2026-07-15T14:53:09.467684,0.000000,3.012850
3712.5806,2026-07-15T14:53:09.916902,0.000000,3.012811
3713.0561,2026-07-15T14:53:10.392435,0.000000,3.012747
3713.5219,2026-07-15T14:53:10.858225,0.000000,3.012754
3714.0172,2026-07-15T14:53:11.353467,0.000000,3.012898
3714.4721,2026-07-15T14:53:11.808414,0.000000,3.012963
3714.9315,2026-07-15T14:53:12.267748,0.000000,3.012936
3715.3974,2026-07-15T14:53:12.733689,0.000000,3.012893
3715.8587,2026-07-15T14:53:13.194996,0.000000,3.012840
3716.3352,2026-07-15T14:53:13.671513,0.000000,3.012834
3716.8001,2026-07-15T14:53:14.136414,0.000000,3.012792
3717.2575,2026-07-15T14:53:14.593801,0.000000,3.012816
3717.7518,2026-07-15T14:53:15.088126,0.000000,3.012792
3718.2387,2026-07-15T14:53:15.574963,0.000000,3.012821
3718.7005,2026-07-15T14:53:16.036835,0.000000,3.012789
3719.1866,2026-07-15T14:53:16.522886,0.000000,3.012693
3719.6405,2026-07-15T14:53:16.976833,0.000000,3.012690
3720.1355,2026-07-15T14:53:17.471808,0.000000,3.012702
3720.5917,2026-07-15T14:53:17.927971,0.000000,3.012752
3721.0609,2026-07-15T14:53:18.397194,0.000000,3.012816
3721.5186,2026-07-15T14:53:18.854860,0.000000,3.012842
3722.0246,2026-07-15T14:53:19.360872,0.000000,3.012851
3722.4766,2026-07-15T14:53:19.812943,0.000000,3.012854
3722.9322,2026-07-15T14:53:20.268541,0.000000,3.012822
3723.4139,2026-07-15T14:53:20.750218,0.000000,3.012768
3723.8744,2026-07-15T14:53:21.210687,0.000000,3.012792
3724.3482,2026-07-15T14:53:21.684544,0.000000,3.012704
3724.8389,2026-07-15T14:53:22.175208,0.000000,3.012683
3725.3295,2026-07-15T14:53:22.665790,0.000000,3.012638
3725.7986,2026-07-15T14:53:23.134933,0.000000,3.012589
3726.2809,2026-07-15T14:53:23.617226,0.000000,3.012586
3726.7686,2026-07-15T14:53:24.104883,0.000000,3.012586
3727.2839,2026-07-15T14:53:24.620152,0.000000,3.012605
3727.7520,2026-07-15T14:53:25.088297,0.000000,3.012674
3728.2548,2026-07-15T14:53:25.591087,0.000000,3.012762
3728.7416,2026-07-15T14:53:26.077870,0.000000,3.012730
3729.2085,2026-07-15T14:53:26.544811,0.000000,3.012712
3729.6741,2026-07-15T14:53:27.010365,0.000000,3.012702
3730.1730,2026-07-15T14:53:27.509309,0.000000,3.012709
3730.6679,2026-07-15T14:53:28.004208,0.000000,3.012685
3731.1620,2026-07-15T14:53:28.498299,0.000000,3.012640
3731.6269,2026-07-15T14:53:28.963166,0.000000,3.012610
3732.1338,2026-07-15T14:53:29.470084,0.000000,3.012629
3732.5922,2026-07-15T14:53:29.928506,0.000000,3.012626
3733.0585,2026-07-15T14:53:30.394757,0.000000,3.012595
3733.5597,2026-07-15T14:53:30.895958,0.000000,3.012557
3734.0441,2026-07-15T14:53:31.380392,0.000000,3.012586
3734.5199,2026-07-15T14:53:31.856191,0.000000,3.012637
3735.0596,2026-07-15T14:53:32.395863,0.000000,3.012630
3735.5191,2026-07-15T14:53:32.855425,0.000000,3.012597
3736.0153,2026-07-15T14:53:33.351560,0.000000,3.012557
3736.4682,2026-07-15T14:53:33.804527,0.000000,3.012501
3736.9615,2026-07-15T14:53:34.297795,0.000000,3.012422
3737.4419,2026-07-15T14:53:34.778188,0.000000,3.012363
3737.8977,2026-07-15T14:53:35.233992,0.000000,3.012256
3738.3693,2026-07-15T14:53:35.705571,0.000000,3.012219
3738.8340,2026-07-15T14:53:36.170322,0.000000,3.012184
3739.3188,2026-07-15T14:53:36.655133,0.000000,3.012112
3739.7742,2026-07-15T14:53:37.110460,0.000000,3.012074
3740.2696,2026-07-15T14:53:37.605903,0.000000,3.012026
3740.7483,2026-07-15T14:53:38.084596,0.000000,3.012050
3741.1987,2026-07-15T14:53:38.535018,0.000000,3.012085
3741.6603,2026-07-15T14:53:38.996575,0.000000,3.012085
3742.1278,2026-07-15T14:53:39.464106,0.000000,3.012122
3742.5861,2026-07-15T14:53:39.922434,0.000000,3.012194
3743.0648,2026-07-15T14:53:40.401115,0.000000,3.012267
3743.5231,2026-07-15T14:53:40.859434,0.000000,3.012277
3744.0075,2026-07-15T14:53:41.343798,0.000000,3.012389
3744.4587,2026-07-15T14:53:41.795006,0.000000,3.012379
3744.9519,2026-07-15T14:53:42.288139,0.000000,3.012331
3745.4506,2026-07-15T14:53:42.786917,0.000000,3.012354
3745.9005,2026-07-15T14:53:43.236821,0.000000,3.012309
3746.3829,2026-07-15T14:53:43.719161,0.000000,3.012338
3746.8345,2026-07-15T14:53:44.170796,0.000000,3.012389
3747.3316,2026-07-15T14:53:44.667941,0.000000,3.012339
3747.7829,2026-07-15T14:53:45.119168,0.000000,3.012333
3748.2325,2026-07-15T14:53:45.568823,0.000000,3.012299
3748.6907,2026-07-15T14:53:46.027015,0.000000,3.012270
3749.1745,2026-07-15T14:53:46.510799,0.000000,3.012253
3749.6260,2026-07-15T14:53:46.962337,0.000000,3.012245
3750.1129,2026-07-15T14:53:47.449214,0.000000,3.012333
3750.6075,2026-07-15T14:53:47.943825,0.000000,3.012347
3751.1028,2026-07-15T14:53:48.439059,0.000000,3.012429
3751.5665,2026-07-15T14:53:48.902807,0.000000,3.012410
3752.0575,2026-07-15T14:53:49.393823,0.000000,3.012384
3752.5157,2026-07-15T14:53:49.851989,0.000000,3.012408
3752.9757,2026-07-15T14:53:50.312034,0.000000,3.012482
3753.4745,2026-07-15T14:53:50.810778,0.000000,3.012486
3753.9496,2026-07-15T14:53:51.285896,0.000000,3.012459
3754.4073,2026-07-15T14:53:51.743611,0.000000,3.012459
3754.8657,2026-07-15T14:53:52.202025,0.000000,3.012432
3755.3643,2026-07-15T14:53:52.700626,0.000000,3.012475
3755.8259,2026-07-15T14:53:53.162197,0.000000,3.012442
3756.3260,2026-07-15T14:53:53.662254,0.000000,3.012394
3756.7856,2026-07-15T14:53:54.121937,0.000000,3.012403
3757.2425,2026-07-15T14:53:54.578784,0.000000,3.012448
3757.6993,2026-07-15T14:53:55.035577,0.000000,3.012376
3758.1758,2026-07-15T14:53:55.512115,0.000000,3.012422
3758.6339,2026-07-15T14:53:55.970244,0.000000,3.012499
3759.1342,2026-07-15T14:53:56.470467,0.000000,3.012586
3759.6318,2026-07-15T14:53:56.968043,0.000000,3.012579
3760.1168,2026-07-15T14:53:57.453091,0.000000,3.012565
3760.6112,2026-07-15T14:53:57.947458,0.000000,3.012558
3761.1296,2026-07-15T14:53:58.465928,0.000000,3.012646
3761.5907,2026-07-15T14:53:58.926954,0.000000,3.012606
3762.0776,2026-07-15T14:53:59.413879,0.000000,3.012533
3762.5761,2026-07-15T14:53:59.912389,0.000000,3.012526
3763.0421,2026-07-15T14:54:00.378411,0.000000,3.012390
3763.5011,2026-07-15T14:54:00.837427,0.000000,3.012360
3763.9599,2026-07-15T14:54:01.296146,0.000000,3.012278
3764.4548,2026-07-15T14:54:01.791138,0.000000,3.012242
3764.9101,2026-07-15T14:54:02.246365,0.000000,3.012154
3765.4183,2026-07-15T14:54:02.754566,0.000000,3.012075
3765.8937,2026-07-15T14:54:03.229971,0.000000,3.011922
3766.3416,2026-07-15T14:54:03.677912,0.000000,3.011859
3766.7945,2026-07-15T14:54:04.130835,0.000000,3.011786
3767.2989,2026-07-15T14:54:04.635239,0.000000,3.011776
3767.8025,2026-07-15T14:54:05.138764,0.000000,3.011715
3768.2625,2026-07-15T14:54:05.598778,0.000000,3.011630
3768.7176,2026-07-15T14:54:06.053886,0.000000,3.011549
3769.2126,2026-07-15T14:54:06.548932,0.000000,3.011490
3769.6657,2026-07-15T14:54:07.001994,0.000000,3.011480
3770.1604,2026-07-15T14:54:07.496658,0.000000,3.011392
3770.6184,2026-07-15T14:54:07.954707,0.000000,3.011402
3771.0907,2026-07-15T14:54:08.426943,0.000000,3.011378
3771.5458,2026-07-15T14:54:08.882107,0.000000,3.011395
3772.0430,2026-07-15T14:54:09.379300,0.000000,3.011429
3772.5121,2026-07-15T14:54:09.848400,0.000000,3.011499
3772.9637,2026-07-15T14:54:10.300041,0.000000,3.011493
3773.4323,2026-07-15T14:54:10.768629,0.000000,3.011483
3773.8874,2026-07-15T14:54:11.223710,0.000000,3.011470
3774.3931,2026-07-15T14:54:11.729396,0.000000,3.011464
3774.8891,2026-07-15T14:54:12.225406,0.000000,3.011488
3775.3809,2026-07-15T14:54:12.717177,0.000000,3.011590
3775.8312,2026-07-15T14:54:13.167525,0.000000,3.011533
3776.3535,2026-07-15T14:54:13.689830,0.000000,3.011477
3776.8320,2026-07-15T14:54:14.168330,0.000000,3.011426
3777.3286,2026-07-15T14:54:14.664866,0.000000,3.011416
3777.7869,2026-07-15T14:54:15.123223,0.000000,3.011338
3778.2574,2026-07-15T14:54:15.593707,0.000000,3.011395
3778.7139,2026-07-15T14:54:16.050214,0.000000,3.011400
3779.1701,2026-07-15T14:54:16.506402,0.000000,3.011358
3779.6305,2026-07-15T14:54:16.966807,0.000000,3.011346
3780.1115,2026-07-15T14:54:17.447792,0.000000,3.011342
3780.5983,2026-07-15T14:54:17.934631,0.000000,3.011373
3781.0934,2026-07-15T14:54:18.429674,0.000000,3.011349
3781.6015,2026-07-15T14:54:18.937778,0.000000,3.011318
3782.0619,2026-07-15T14:54:19.398176,0.000000,3.011347
3782.5307,2026-07-15T14:54:19.866983,0.000000,3.011290
3782.9791,2026-07-15T14:54:20.315427,0.000000,3.011285
3783.4488,2026-07-15T14:54:20.785069,0.000000,3.011309
3783.9415,2026-07-15T14:54:21.277763,0.000000,3.011341
3784.4476,2026-07-15T14:54:21.783844,0.000000,3.011331
3784.9572,2026-07-15T14:54:22.293488,0.000000,3.011338
3785.4545,2026-07-15T14:54:22.790810,0.000000,3.011344
3785.9019,2026-07-15T14:54:23.238145,0.000000,3.011360
3786.3661,2026-07-15T14:54:23.702406,0.000000,3.011418
3786.8648,2026-07-15T14:54:24.201055,0.000000,3.011472
3787.3192,2026-07-15T14:54:24.655454,0.000000,3.011464
3787.7780,2026-07-15T14:54:25.114281,0.000000,3.011451
3788.2719,2026-07-15T14:54:25.608205,0.000000,3.011403
3788.7246,2026-07-15T14:54:26.060873,0.000000,3.011334
3789.2271,2026-07-15T14:54:26.563408,0.000000,3.011330
3789.6827,2026-07-15T14:54:27.019034,0.000000,3.011259
3790.1811,2026-07-15T14:54:27.517358,0.000000,3.011253
3790.6420,2026-07-15T14:54:27.978283,0.000000,3.011286
3791.1511,2026-07-15T14:54:28.487406,0.000000,3.011363
3791.5995,2026-07-15T14:54:28.935832,0.000000,3.011381
3792.0702,2026-07-15T14:54:29.406541,0.000000,3.011394
3792.5497,2026-07-15T14:54:29.885986,0.000000,3.011442
3793.0344,2026-07-15T14:54:30.370652,0.000000,3.011496
3793.4845,2026-07-15T14:54:30.820839,0.000000,3.011517
3793.9416,2026-07-15T14:54:31.277875,0.000000,3.011566
3794.4235,2026-07-15T14:54:31.759753,0.000000,3.011669
3794.9200,2026-07-15T14:54:32.256262,0.000000,3.011811
3795.4026,2026-07-15T14:54:32.738923,0.000000,3.011808
3795.8782,2026-07-15T14:54:33.214532,0.000000,3.011771
3796.3428,2026-07-15T14:54:33.679108,0.000000,3.011746
3796.8189,2026-07-15T14:54:34.155175,0.000000,3.011746
3797.3010,2026-07-15T14:54:34.637265,0.000000,3.011749
3797.7503,2026-07-15T14:54:35.086587,0.000000,3.011787
3798.2617,2026-07-15T14:54:35.598057,0.000000,3.011875
3798.7200,2026-07-15T14:54:36.056341,0.000000,3.011842
3799.2229,2026-07-15T14:54:36.559222,0.000000,3.011834
3799.7022,2026-07-15T14:54:37.038513,0.000000,3.011802
3800.1951,2026-07-15T14:54:37.531374,0.000000,3.011763
3800.6582,2026-07-15T14:54:37.994529,0.000000,3.011795
3801.1451,2026-07-15T14:54:38.481433,0.000000,3.011787
3801.6435,2026-07-15T14:54:38.979747,0.000000,3.011798
3802.1424,2026-07-15T14:54:39.478696,0.000000,3.011754
3802.6019,2026-07-15T14:54:39.938224,0.000000,3.011709
3803.1002,2026-07-15T14:54:40.436515,0.000000,3.011694
3803.5698,2026-07-15T14:54:40.906055,0.000000,3.011763
3804.0600,2026-07-15T14:54:41.396298,0.000000,3.011818
3804.5277,2026-07-15T14:54:41.864006,0.000000,3.011821
3804.9747,2026-07-15T14:54:42.310975,0.000000,3.011765
3805.4812,2026-07-15T14:54:42.817470,0.000000,3.011691
3805.9355,2026-07-15T14:54:43.271775,0.000000,3.011714
3806.3926,2026-07-15T14:54:43.728900,0.000000,3.011747
3806.8438,2026-07-15T14:54:44.180134,0.000000,3.011738
3807.3327,2026-07-15T14:54:44.669039,0.000000,3.011754
3807.8288,2026-07-15T14:54:45.165118,0.000000,3.011798
3808.3289,2026-07-15T14:54:45.665163,0.000000,3.011770
3808.8283,2026-07-15T14:54:46.164559,0.000000,3.011778
3809.3315,2026-07-15T14:54:46.667781,0.000000,3.011802
3809.8105,2026-07-15T14:54:47.146768,0.000000,3.011814
3810.3400,2026-07-15T14:54:47.676280,0.000000,3.011907
3810.7923,2026-07-15T14:54:48.128583,0.000000,3.011893
3811.3004,2026-07-15T14:54:48.636658,0.000000,3.011859
3811.7616,2026-07-15T14:54:49.097943,0.000000,3.011827
3812.2609,2026-07-15T14:54:49.597220,0.000000,3.011832
3812.7156,2026-07-15T14:54:50.051886,0.000000,3.011771
3813.2096,2026-07-15T14:54:50.545922,0.000000,3.011795
3813.6728,2026-07-15T14:54:51.009088,0.000000,3.011792
3814.1699,2026-07-15T14:54:51.506206,0.000000,3.011827
3814.6650,2026-07-15T14:54:52.001329,0.000000,3.011827
3815.1309,2026-07-15T14:54:52.467227,0.000000,3.011766
3815.5934,2026-07-15T14:54:52.929716,0.000000,3.011790
3816.0494,2026-07-15T14:54:53.385643,0.000000,3.011746
3816.5388,2026-07-15T14:54:53.875070,0.000000,3.011762
3817.0353,2026-07-15T14:54:54.371618,0.000000,3.011725
3817.5056,2026-07-15T14:54:54.841869,0.000000,3.011640
3818.0035,2026-07-15T14:54:55.339782,0.000000,3.011643
3818.4617,2026-07-15T14:54:55.798038,0.000000,3.011565
3818.9249,2026-07-15T14:54:56.261230,0.000000,3.011506
3819.4200,2026-07-15T14:54:56.756270,0.000000,3.011520
3819.9208,2026-07-15T14:54:57.257094,0.000000,3.011494
3820.4198,2026-07-15T14:54:57.756120,0.000000,3.011587
3820.8673,2026-07-15T14:54:58.203630,0.000000,3.011682
3821.3258,2026-07-15T14:54:58.662044,0.000000,3.011715
3821.7710,2026-07-15T14:54:59.107300,0.000000,3.011827
3822.2727,2026-07-15T14:54:59.609012,0.000000,3.011920
3822.7729,2026-07-15T14:55:00.109171,0.000000,3.011968
3823.2618,2026-07-15T14:55:00.598055,0.000000,3.011986
3823.7134,2026-07-15T14:55:01.049679,0.000000,3.011974
3824.2078,2026-07-15T14:55:01.544115,0.000000,3.011949
3824.6979,2026-07-15T14:55:02.034231,0.000000,3.011883
3825.2019,2026-07-15T14:55:02.538160,0.000000,3.011771
3825.6639,2026-07-15T14:55:03.000214,0.000000,3.011645
3826.1406,2026-07-15T14:55:03.476888,0.000000,3.011603
3826.6131,2026-07-15T14:55:03.949358,0.000000,3.011573
3827.0629,2026-07-15T14:55:04.399146,0.000000,3.011478
3827.5611,2026-07-15T14:55:04.897396,0.000000,3.011424
3828.0318,2026-07-15T14:55:05.368077,0.000000,3.011411
3828.5245,2026-07-15T14:55:05.860798,0.000000,3.011462
3829.0251,2026-07-15T14:55:06.361417,0.000000,3.011506
3829.5265,2026-07-15T14:55:06.862812,0.000000,3.011509
3829.9814,2026-07-15T14:55:07.317692,0.000000,3.011595
3830.4474,2026-07-15T14:55:07.783685,0.000000,3.011669
3830.9159,2026-07-15T14:55:08.252215,0.000000,3.011731
3831.4103,2026-07-15T14:55:08.746593,0.000000,3.011806
3831.8652,2026-07-15T14:55:09.201533,0.000000,3.011810
3832.3134,2026-07-15T14:55:09.649698,0.000000,3.011869
3832.7709,2026-07-15T14:55:10.107209,0.000000,3.011877
3833.2647,2026-07-15T14:55:10.601030,0.000000,3.011861
3833.7240,2026-07-15T14:55:11.060315,0.000000,3.011819
3834.2233,2026-07-15T14:55:11.559570,0.000000,3.011822
3834.6843,2026-07-15T14:55:12.020556,0.000000,3.011869
3835.1831,2026-07-15T14:55:12.519401,0.000000,3.011843
3835.6377,2026-07-15T14:55:12.974038,0.000000,3.011886
3836.1113,2026-07-15T14:55:13.447604,0.000000,3.011840
3836.6118,2026-07-15T14:55:13.948086,0.000000,3.011832
3837.0927,2026-07-15T14:55:14.429002,0.000000,3.011832
3837.5451,2026-07-15T14:55:14.881377,0.000000,3.011874
3838.0045,2026-07-15T14:55:15.340784,0.000000,3.011874
3838.4981,2026-07-15T14:55:15.834378,0.000000,3.011909
3838.9546,2026-07-15T14:55:16.290922,0.000000,3.011880
3839.4357,2026-07-15T14:55:16.772026,0.000000,3.011835
3839.8899,2026-07-15T14:55:17.226161,0.000000,3.011814
3840.3554,2026-07-15T14:55:17.691722,0.000000,3.011749
3840.8317,2026-07-15T14:55:18.167964,0.000000,3.011758
3841.3245,2026-07-15T14:55:18.660815,0.000000,3.011762
3841.7638,2026-07-15T14:55:19.100053,0.000000,3.011827
3842.2345,2026-07-15T14:55:19.570810,0.000000,3.011859
3842.6913,2026-07-15T14:55:20.027615,0.000000,3.011861
3843.1810,2026-07-15T14:55:20.517327,0.000000,3.011808
3843.6664,2026-07-15T14:55:21.002659,0.000000,3.011851
3844.1500,2026-07-15T14:55:21.486329,0.000000,3.011958
3844.6436,2026-07-15T14:55:21.979867,0.000000,3.012008
3845.1559,2026-07-15T14:55:22.492202,0.000000,3.011979
3845.6460,2026-07-15T14:55:22.982243,0.000000,3.012050
3846.1050,2026-07-15T14:55:23.441275,0.000000,3.012024
3846.5835,2026-07-15T14:55:23.919796,0.000000,3.011978
3847.0686,2026-07-15T14:55:24.404925,0.000000,3.011891
3847.5572,2026-07-15T14:55:24.893460,0.000000,3.011835
3848.0501,2026-07-15T14:55:25.386427,0.000000,3.011898
3848.5138,2026-07-15T14:55:25.850046,0.000000,3.011971
3848.9715,2026-07-15T14:55:26.307815,0.000000,3.011918
3849.4650,2026-07-15T14:55:26.801314,0.000000,3.011904
3849.9531,2026-07-15T14:55:27.289376,0.000000,3.011899
3850.4414,2026-07-15T14:55:27.777646,0.000000,3.011949
3850.9314,2026-07-15T14:55:28.267681,0.000000,3.012024
3851.3922,2026-07-15T14:55:28.728462,0.000000,3.012094
3851.8497,2026-07-15T14:55:29.186014,0.000000,3.012250
3852.3101,2026-07-15T14:55:29.646394,0.000000,3.012310
3852.7678,2026-07-15T14:55:30.104139,0.000000,3.012381
3853.2410,2026-07-15T14:55:30.577350,0.000000,3.012291
3853.7419,2026-07-15T14:55:31.078168,0.000000,3.012238
3854.2048,2026-07-15T14:55:31.541119,0.000000,3.012229
3854.6625,2026-07-15T14:55:31.998767,0.000000,3.012142
3855.1629,2026-07-15T14:55:32.499215,0.000000,3.012133
3855.6650,2026-07-15T14:55:33.001309,0.000000,3.012075
3856.1831,2026-07-15T14:55:33.519429,0.000000,3.012059
3856.6672,2026-07-15T14:55:34.003540,0.000000,3.011979
3857.1651,2026-07-15T14:55:34.501345,0.000000,3.011858
3857.6191,2026-07-15T14:55:34.955434,0.000000,3.011830
3858.1094,2026-07-15T14:55:35.445657,0.000000,3.011803
3858.5776,2026-07-15T14:55:35.913857,0.000000,3.011803
3859.0761,2026-07-15T14:55:36.412371,0.000000,3.011858
3859.5263,2026-07-15T14:55:36.862557,0.000000,3.011910
3860.0029,2026-07-15T14:55:37.339161,0.000000,3.011987
3860.4505,2026-07-15T14:55:37.786757,0.000000,3.012066
3860.9031,2026-07-15T14:55:38.239443,0.000000,3.012030
3861.3532,2026-07-15T14:55:38.689524,0.000000,3.012109
3861.8122,2026-07-15T14:55:39.148465,0.000000,3.012109
3862.3069,2026-07-15T14:55:39.643139,0.000000,3.012123
3862.7594,2026-07-15T14:55:40.095726,0.000000,3.012037
3863.2091,2026-07-15T14:55:40.545340,0.000000,3.012021
3863.6879,2026-07-15T14:55:41.024147,0.000000,3.011950
3864.1464,2026-07-15T14:55:41.482685,0.000000,3.011808
3864.6085,2026-07-15T14:55:41.944763,0.000000,3.011686
3865.0713,2026-07-15T14:55:42.407592,0.000000,3.011547
3865.5305,2026-07-15T14:55:42.866752,0.000000,3.011440
3866.0086,2026-07-15T14:55:43.344882,0.000000,3.011394
3866.5021,2026-07-15T14:55:43.838344,0.000000,3.011198
3866.9916,2026-07-15T14:55:44.327849,0.000000,3.011179
3867.4382,2026-07-15T14:55:44.774523,0.000000,3.011181
3867.8989,2026-07-15T14:55:45.235236,0.000000,3.011238
3868.4023,2026-07-15T14:55:45.738578,0.000000,3.011294
3868.8846,2026-07-15T14:55:46.220847,0.000000,3.011403
3869.3832,2026-07-15T14:55:46.719470,0.000000,3.011410
3869.8473,2026-07-15T14:55:47.183610,0.000000,3.011474
3870.3227,2026-07-15T14:55:47.658962,0.000000,3.011518
3870.7889,2026-07-15T14:55:48.125153,0.000000,3.011557
3871.2823,2026-07-15T14:55:48.618603,0.000000,3.011557
3871.7795,2026-07-15T14:55:49.115831,0.000000,3.011485
3872.2770,2026-07-15T14:55:49.613339,0.000000,3.011368
3872.7346,2026-07-15T14:55:50.070884,0.000000,3.011299
3873.2320,2026-07-15T14:55:50.568317,0.000000,3.011245
3873.7151,2026-07-15T14:55:51.051349,0.000000,3.011178
3874.2127,2026-07-15T14:55:51.548970,0.000000,3.011149
3874.7161,2026-07-15T14:55:52.052364,0.000000,3.011144
3875.2356,2026-07-15T14:55:52.571888,0.000000,3.011085
3875.7174,2026-07-15T14:55:53.053738,0.000000,3.011075
3876.2098,2026-07-15T14:55:53.546086,0.000000,3.011051
3876.6955,2026-07-15T14:55:54.031824,0.000000,3.011126
3877.1749,2026-07-15T14:55:54.511229,0.000000,3.011174
3877.6250,2026-07-15T14:55:54.961263,0.000000,3.011203
3878.1212,2026-07-15T14:55:55.457506,0.000000,3.011213
3878.6004,2026-07-15T14:55:55.936649,0.000000,3.011226
3879.0980,2026-07-15T14:55:56.434277,0.000000,3.011248
3879.5557,2026-07-15T14:55:56.892037,0.000000,3.011219
3880.0130,2026-07-15T14:55:57.349283,0.000000,3.011251
3880.4850,2026-07-15T14:55:57.821312,0.000000,3.011242
3880.9884,2026-07-15T14:55:58.324697,0.000000,3.011251
3881.4395,2026-07-15T14:55:58.775815,0.000000,3.011315
3881.9045,2026-07-15T14:55:59.240802,0.000000,3.011338
3882.3564,2026-07-15T14:55:59.692649,0.000000,3.011474
3882.8212,2026-07-15T14:56:00.157470,0.000000,3.011578
3883.3097,2026-07-15T14:56:00.646009,0.000000,3.011638
3883.7648,2026-07-15T14:56:01.101083,0.000000,3.011698
3884.2567,2026-07-15T14:56:01.593007,0.000000,3.011758
3884.7348,2026-07-15T14:56:02.071107,0.000000,3.011789
3885.2287,2026-07-15T14:56:02.564978,0.000000,3.011830
3885.7020,2026-07-15T14:56:03.038260,0.000000,3.011846
3886.1968,2026-07-15T14:56:03.533086,0.000000,3.011890
3886.6948,2026-07-15T14:56:04.031053,0.000000,3.011819
3887.1669,2026-07-15T14:56:04.503213,0.000000,3.011779
3887.6211,2026-07-15T14:56:04.957379,0.000000,3.011717
3888.1268,2026-07-15T14:56:05.463123,0.000000,3.011702
3888.6085,2026-07-15T14:56:05.944787,0.000000,3.011595
3889.0693,2026-07-15T14:56:06.405634,0.000000,3.011570
3889.5625,2026-07-15T14:56:06.898751,0.000000,3.011643
3890.0556,2026-07-15T14:56:07.391858,0.000000,3.011589
3890.5760,2026-07-15T14:56:07.912283,0.000000,3.011602
3891.0632,2026-07-15T14:56:08.399532,0.000000,3.011542
3891.5639,2026-07-15T14:56:08.900154,0.000000,3.011526
3892.0781,2026-07-15T14:56:09.414347,0.000000,3.011579
3892.5816,2026-07-15T14:56:09.917925,0.000000,3.011646
3893.0811,2026-07-15T14:56:10.417443,0.000000,3.011672
3893.5846,2026-07-15T14:56:10.920842,0.000000,3.011826
3894.1039,2026-07-15T14:56:11.440218,0.000000,3.011946
3894.5877,2026-07-15T14:56:11.923948,0.000000,3.011917
3895.0900,2026-07-15T14:56:12.426343,0.000000,3.012019
3895.5759,2026-07-15T14:56:12.912200,0.000000,3.012094
3896.0752,2026-07-15T14:56:13.411515,0.000000,3.012224
3896.5319,2026-07-15T14:56:13.868146,0.000000,3.012354
3897.0295,2026-07-15T14:56:14.365833,0.000000,3.012466
3897.4837,2026-07-15T14:56:14.819991,0.000000,3.012520
3897.9827,2026-07-15T14:56:15.318966,0.000000,3.012525
3898.4401,2026-07-15T14:56:15.776359,0.000000,3.012496
3898.8903,2026-07-15T14:56:16.226571,0.000000,3.012506
3899.3492,2026-07-15T14:56:16.685469,0.000000,3.012574
3899.8253,2026-07-15T14:56:17.161608,0.000000,3.012589
3900.2806,2026-07-15T14:56:17.616875,0.000000,3.012611
3900.7711,2026-07-15T14:56:18.107437,0.000000,3.012611
3901.2815,2026-07-15T14:56:18.617795,0.000000,3.012579
3901.7741,2026-07-15T14:56:19.110406,0.000000,3.012448
3902.3082,2026-07-15T14:56:19.644533,0.000000,3.012358
3902.7773,2026-07-15T14:56:20.113591,0.000000,3.012339
3903.2788,2026-07-15T14:56:20.615099,0.000000,3.012320
3903.7802,2026-07-15T14:56:21.116487,0.000000,3.012363
3904.2842,2026-07-15T14:56:21.620497,0.000000,3.012371
3904.7825,2026-07-15T14:56:22.118752,0.000000,3.012397
3905.2828,2026-07-15T14:56:22.619065,0.000000,3.012413
3905.7338,2026-07-15T14:56:23.070085,0.000000,3.012397
3906.2105,2026-07-15T14:56:23.546784,0.000000,3.012451
3906.6573,2026-07-15T14:56:23.993627,0.000000,3.012526
3907.1609,2026-07-15T14:56:24.497158,0.000000,3.012514
3907.6348,2026-07-15T14:56:24.971095,0.000000,3.012603
3908.1229,2026-07-15T14:56:25.459214,0.000000,3.012632
3908.6188,2026-07-15T14:56:25.955116,0.000000,3.012656
3909.1193,2026-07-15T14:56:26.455639,0.000000,3.012606
3909.5789,2026-07-15T14:56:26.915143,0.000000,3.012520
3910.0697,2026-07-15T14:56:27.406004,0.000000,3.012515
3910.5426,2026-07-15T14:56:27.878935,0.000000,3.012547
3910.9975,2026-07-15T14:56:28.333774,0.000000,3.012534
3911.5073,2026-07-15T14:56:28.843598,0.000000,3.012446
3911.9560,2026-07-15T14:56:29.292268,0.000000,3.012416
3912.4527,2026-07-15T14:56:29.788999,0.000000,3.012315
3912.9010,2026-07-15T14:56:30.237305,0.000000,3.012317
3913.3562,2026-07-15T14:56:30.692473,0.000000,3.012293
3913.8146,2026-07-15T14:56:31.150850,0.000000,3.012246
3914.3205,2026-07-15T14:56:31.656813,0.000000,3.012299
3914.8126,2026-07-15T14:56:32.148918,0.000000,3.012341
3915.2911,2026-07-15T14:56:32.627377,0.000000,3.012318
3915.8064,2026-07-15T14:56:33.142689,0.000000,3.012333
3916.3029,2026-07-15T14:56:33.639219,0.000000,3.012341
3916.7893,2026-07-15T14:56:34.125578,0.000000,3.012288
3917.2754,2026-07-15T14:56:34.611756,0.000000,3.012325
3917.7462,2026-07-15T14:56:35.082468,0.000000,3.012314
3918.2050,2026-07-15T14:56:35.541343,0.000000,3.012261
3918.7001,2026-07-15T14:56:36.036395,0.000000,3.012262
3919.1816,2026-07-15T14:56:36.517917,0.000000,3.012224
3919.6622,2026-07-15T14:56:36.998498,0.000000,3.012118
3920.1626,2026-07-15T14:56:37.498933,0.000000,3.012013
3920.6656,2026-07-15T14:56:38.001913,0.000000,3.011976
3921.1695,2026-07-15T14:56:38.505792,0.000000,3.011880
3921.6693,2026-07-15T14:56:39.005564,0.000000,3.011923
3922.1691,2026-07-15T14:56:39.505442,0.000000,3.011925
3922.6725,2026-07-15T14:56:40.008758,0.000000,3.011902
3923.1439,2026-07-15T14:56:40.480163,0.000000,3.011872
3923.6359,2026-07-15T14:56:40.972216,0.000000,3.011845
3924.0921,2026-07-15T14:56:41.428420,0.000000,3.011835
3924.5546,2026-07-15T14:56:41.890917,0.000000,3.011766
3925.0439,2026-07-15T14:56:42.380142,0.000000,3.011787
3925.5380,2026-07-15T14:56:42.874321,0.000000,3.011850
3926.0290,2026-07-15T14:56:43.365315,0.000000,3.011859
3926.4946,2026-07-15T14:56:43.830862,0.000000,3.011867
3926.9766,2026-07-15T14:56:44.312938,0.000000,3.011877
3927.4737,2026-07-15T14:56:44.810023,0.000000,3.011853
3927.9336,2026-07-15T14:56:45.269940,0.000000,3.011850
3928.3882,2026-07-15T14:56:45.724454,0.000000,3.011874
3928.8530,2026-07-15T14:56:46.189279,0.000000,3.011782
3929.3261,2026-07-15T14:56:46.662365,0.000000,3.011805
3929.7949,2026-07-15T14:56:47.131241,0.000000,3.011787
3930.2587,2026-07-15T14:56:47.594997,0.000000,3.011779
3930.7200,2026-07-15T14:56:48.056241,0.000000,3.011704
3931.2105,2026-07-15T14:56:48.546828,0.000000,3.011646
3931.6997,2026-07-15T14:56:49.036007,0.000000,3.011640
3932.1608,2026-07-15T14:56:49.497037,0.000000,3.011683
3932.6534,2026-07-15T14:56:49.989722,0.000000,3.011654
3933.1481,2026-07-15T14:56:50.484363,0.000000,3.011661
3933.6088,2026-07-15T14:56:50.945060,0.000000,3.011792
3934.0942,2026-07-15T14:56:51.430473,0.000000,3.011851
3934.5596,2026-07-15T14:56:51.895928,0.000000,3.011864
3935.0612,2026-07-15T14:56:52.397452,0.000000,3.011845
3935.5654,2026-07-15T14:56:52.901727,0.000000,3.011928
3936.0554,2026-07-15T14:56:53.391708,0.000000,3.011998
3936.5550,2026-07-15T14:56:53.891325,0.000000,3.011930
3937.0763,2026-07-15T14:56:54.412588,0.000000,3.011882
3937.5779,2026-07-15T14:56:54.914142,0.000000,3.011907
3938.0635,2026-07-15T14:56:55.399815,0.000000,3.011963
3938.5198,2026-07-15T14:56:55.856057,0.000000,3.011960
3938.9833,2026-07-15T14:56:56.319604,0.000000,3.012019
3939.4682,2026-07-15T14:56:56.804478,0.000000,3.012104
3939.9491,2026-07-15T14:56:57.285359,0.000000,3.012146
3940.4000,2026-07-15T14:56:57.736296,0.000000,3.012168
3940.8863,2026-07-15T14:56:58.222564,0.000000,3.012205
3941.3445,2026-07-15T14:56:58.680834,0.000000,3.012298
3941.8352,2026-07-15T14:56:59.171526,0.000000,3.012336
3942.2942,2026-07-15T14:56:59.630512,0.000000,3.012350
3942.7487,2026-07-15T14:57:00.085007,0.000000,3.012347
3943.2457,2026-07-15T14:57:00.581955,0.000000,3.012291
3943.7353,2026-07-15T14:57:01.071556,0.000000,3.012278
3944.2311,2026-07-15T14:57:01.567381,0.000000,3.012229
3944.6905,2026-07-15T14:57:02.026764,0.000000,3.012168
3945.1931,2026-07-15T14:57:02.529415,0.000000,3.012146
3945.6800,2026-07-15T14:57:03.016328,0.000000,3.012134
3946.1709,2026-07-15T14:57:03.507140,0.000000,3.012078
3946.6932,2026-07-15T14:57:04.029474,0.000000,3.012022
3947.1879,2026-07-15T14:57:04.524185,0.000000,3.012014
3947.6395,2026-07-15T14:57:04.975777,0.000000,3.012026
3948.1276,2026-07-15T14:57:05.463907,0.000000,3.012018
3948.5789,2026-07-15T14:57:05.915174,0.000000,3.012003
3949.0772,2026-07-15T14:57:06.413483,0.000000,3.012062
3949.5662,2026-07-15T14:57:06.902452,0.000000,3.012114
3950.0205,2026-07-15T14:57:07.356749,0.000000,3.012131
3950.4734,2026-07-15T14:57:07.809687,0.000000,3.012118
3950.9312,2026-07-15T14:57:08.267497,0.000000,3.012107
3951.3960,2026-07-15T14:57:08.732329,0.000000,3.012131
3951.8467,2026-07-15T14:57:09.182971,0.000000,3.012099
3952.3429,2026-07-15T14:57:09.679166,0.000000,3.012165
3952.8147,2026-07-15T14:57:10.150945,0.000000,3.012166
3953.3141,2026-07-15T14:57:10.650441,0.000000,3.012114
3953.8344,2026-07-15T14:57:11.170670,0.000000,3.011992
3954.3414,2026-07-15T14:57:11.677728,0.000000,3.011976
3954.8180,2026-07-15T14:57:12.154250,0.000000,3.011946
3955.3166,2026-07-15T14:57:12.652886,0.000000,3.011858
3955.7838,2026-07-15T14:57:13.120072,0.000000,3.011784
3956.2825,2026-07-15T14:57:13.618794,0.000000,3.011784
3956.7740,2026-07-15T14:57:14.110282,0.000000,3.011725
3957.2762,2026-07-15T14:57:14.612501,0.000000,3.011670
3957.7774,2026-07-15T14:57:15.113701,0.000000,3.011630
3958.2971,2026-07-15T14:57:15.633384,0.000000,3.011586
3958.7809,2026-07-15T14:57:16.117230,0.000000,3.011565
3959.2763,2026-07-15T14:57:16.612610,0.000000,3.011518
3959.7337,2026-07-15T14:57:17.070015,0.000000,3.011451
3960.2034,2026-07-15T14:57:17.539736,0.000000,3.011379
3960.7027,2026-07-15T14:57:18.039024,0.000000,3.011338
3961.1974,2026-07-15T14:57:18.533648,0.000000,3.011315
3961.6600,2026-07-15T14:57:18.996259,0.000000,3.011258
3962.1321,2026-07-15T14:57:19.468350,0.000000,3.011232
3962.5937,2026-07-15T14:57:19.929948,0.000000,3.011150
3963.0785,2026-07-15T14:57:20.414814,0.000000,3.011082
3963.5346,2026-07-15T14:57:20.870872,0.000000,3.011088
3964.0242,2026-07-15T14:57:21.360460,0.000000,3.011019
3964.4864,2026-07-15T14:57:21.822728,0.000000,3.010952
3964.9597,2026-07-15T14:57:22.295958,0.000000,3.010922
3965.4082,2026-07-15T14:57:22.744500,0.000000,3.010947
3965.9029,2026-07-15T14:57:23.239157,0.000000,3.010915
3966.3581,2026-07-15T14:57:23.694350,0.000000,3.010890
3966.8444,2026-07-15T14:57:24.180681,0.000000,3.010882
3967.2936,2026-07-15T14:57:24.629907,0.000000,3.010827
3967.7499,2026-07-15T14:57:25.086239,0.000000,3.010827
3968.2289,2026-07-15T14:57:25.565195,0.000000,3.010765
3968.7295,2026-07-15T14:57:26.065835,0.000000,3.010722
3969.2203,2026-07-15T14:57:26.556595,0.000000,3.010662
3969.7318,2026-07-15T14:57:27.068064,0.000000,3.010677
3970.2158,2026-07-15T14:57:27.552105,0.000000,3.010600
3970.6735,2026-07-15T14:57:28.009767,0.000000,3.010614
3971.1683,2026-07-15T14:57:28.504615,0.000000,3.010501
3971.6655,2026-07-15T14:57:29.001766,0.000000,3.010469
3972.1597,2026-07-15T14:57:29.495962,0.000000,3.010480
3972.6237,2026-07-15T14:57:29.960017,0.000000,3.010434
3973.1156,2026-07-15T14:57:30.451899,0.000000,3.010389
3973.5699,2026-07-15T14:57:30.906165,0.000000,3.010355
3974.0288,2026-07-15T14:57:31.365057,0.000000,3.010405
3974.5257,2026-07-15T14:57:31.862000,0.000000,3.010414
3974.9911,2026-07-15T14:57:32.327377,0.000000,3.010443
3975.4554,2026-07-15T14:57:32.791733,0.000000,3.010517
3975.9128,2026-07-15T14:57:33.249129,0.000000,3.010618
3976.3742,2026-07-15T14:57:33.710509,0.000000,3.010725
3976.8623,2026-07-15T14:57:34.198583,0.000000,3.010757
3977.3159,2026-07-15T14:57:34.652227,0.000000,3.010789
3977.7737,2026-07-15T14:57:35.109976,0.000000,3.010923
3978.2739,2026-07-15T14:57:35.610197,0.000000,3.010995
3978.7493,2026-07-15T14:57:36.085618,0.000000,3.011061
3979.2294,2026-07-15T14:57:36.565707,0.000000,3.011066
3979.6891,2026-07-15T14:57:37.025339,0.000000,3.011096
3980.1854,2026-07-15T14:57:37.521695,0.000000,3.011066
3980.6851,2026-07-15T14:57:38.021337,0.000000,3.011046
3981.2155,2026-07-15T14:57:38.551761,0.000000,3.011027
3981.6784,2026-07-15T14:57:39.014672,0.000000,3.011045
3982.1686,2026-07-15T14:57:39.504924,0.000000,3.011035
3982.6229,2026-07-15T14:57:39.959212,0.000000,3.011022
3983.1223,2026-07-15T14:57:40.458591,0.000000,3.011027
3983.5871,2026-07-15T14:57:40.923387,0.000000,3.010978
3984.0889,2026-07-15T14:57:41.425202,0.000000,3.010981
3984.5736,2026-07-15T14:57:41.909879,0.000000,3.011008
3985.0396,2026-07-15T14:57:42.375940,0.000000,3.011027
3985.5204,2026-07-15T14:57:42.856727,0.000000,3.011011
3986.0259,2026-07-15T14:57:43.362162,0.000000,3.011010
3986.4797,2026-07-15T14:57:43.815979,0.000000,3.010946
3986.9739,2026-07-15T14:57:44.310215,0.000000,3.010934
3987.4722,2026-07-15T14:57:44.808469,0.000000,3.010930
3987.9706,2026-07-15T14:57:45.306929,0.000000,3.010883
3988.4209,2026-07-15T14:57:45.757180,0.000000,3.010955
3988.8845,2026-07-15T14:57:46.220763,0.000000,3.010973
3989.3395,2026-07-15T14:57:46.675761,0.000000,3.010984
3989.7997,2026-07-15T14:57:47.136012,0.000000,3.011021
3990.2656,2026-07-15T14:57:47.601939,0.000000,3.011027
3990.7671,2026-07-15T14:57:48.103354,0.000000,3.011072
3991.2409,2026-07-15T14:57:48.577208,0.000000,3.011098
3991.6911,2026-07-15T14:57:49.027409,0.000000,3.011133
3992.1656,2026-07-15T14:57:49.501871,0.000000,3.011090
3992.6657,2026-07-15T14:57:50.002015,0.000000,3.011059
3993.1199,2026-07-15T14:57:50.456222,0.000000,3.010966
3993.5795,2026-07-15T14:57:50.915828,0.000000,3.010914
3994.0577,2026-07-15T14:57:51.393956,0.000000,3.010782
3994.5660,2026-07-15T14:57:51.902259,0.000000,3.010709
3995.0497,2026-07-15T14:57:52.385956,0.000000,3.010614
3995.5543,2026-07-15T14:57:52.890624,0.000000,3.010590
3996.0516,2026-07-15T14:57:53.387848,0.000000,3.010547
3996.5557,2026-07-15T14:57:53.892010,0.000000,3.010584
3997.0534,2026-07-15T14:57:54.389665,0.000000,3.010576
3997.5156,2026-07-15T14:57:54.851906,0.000000,3.010658
3997.9864,2026-07-15T14:57:55.322679,0.000000,3.010784
3998.4971,2026-07-15T14:57:55.833368,0.000000,3.010862
3998.9499,2026-07-15T14:57:56.286161,0.000000,3.010978
3999.4047,2026-07-15T14:57:56.741037,0.000000,3.011034
3999.8551,2026-07-15T14:57:57.191411,0.000000,3.011112
4000.3119,2026-07-15T14:57:57.648162,0.000000,3.011171
4000.7835,2026-07-15T14:57:58.119810,0.000000,3.011283
4001.2892,2026-07-15T14:57:58.625481,0.000000,3.011230
4001.7856,2026-07-15T14:57:59.121879,0.000000,3.011266
4002.2828,2026-07-15T14:57:59.619113,0.000000,3.011365
4002.7373,2026-07-15T14:58:00.073584,0.000000,3.011429
4003.2125,2026-07-15T14:58:00.548750,0.000000,3.011459
4003.6711,2026-07-15T14:58:01.007363,0.000000,3.011456
4004.1536,2026-07-15T14:58:01.489934,0.000000,3.011536
4004.6139,2026-07-15T14:58:01.950230,0.000000,3.011610
4005.0789,2026-07-15T14:58:02.415216,0.000000,3.011648
4005.5380,2026-07-15T14:58:02.874310,0.000000,3.011613
4006.0349,2026-07-15T14:58:03.371220,0.000000,3.011645
4006.4975,2026-07-15T14:58:03.833805,0.000000,3.011670
4006.9891,2026-07-15T14:58:04.325407,0.000000,3.011685
4007.4487,2026-07-15T14:58:04.784997,0.000000,3.011662
4007.9360,2026-07-15T14:58:05.272264,0.000000,3.011677
4008.3911,2026-07-15T14:58:05.727403,0.000000,3.011712
4008.8862,2026-07-15T14:58:06.222495,0.000000,3.011742
4009.3374,2026-07-15T14:58:06.673663,0.000000,3.011619
4009.7988,2026-07-15T14:58:07.135101,0.000000,3.011587
4010.2977,2026-07-15T14:58:07.633956,0.000000,3.011610
4010.7989,2026-07-15T14:58:08.135207,0.000000,3.011635
4011.2808,2026-07-15T14:58:08.617060,0.000000,3.011701
4011.7827,2026-07-15T14:58:09.119009,0.000000,3.011685
4012.2832,2026-07-15T14:58:09.619515,0.000000,3.011682
4012.7374,2026-07-15T14:58:10.073739,0.000000,3.011662
4013.2354,2026-07-15T14:58:10.571678,0.000000,3.011638
4013.6966,2026-07-15T14:58:11.032887,0.000000,3.011634
4014.1909,2026-07-15T14:58:11.527242,0.000000,3.011709
4014.6728,2026-07-15T14:58:12.009106,0.000000,3.011704
4015.1933,2026-07-15T14:58:12.529584,0.000000,3.011667
4015.6460,2026-07-15T14:58:12.982302,0.000000,3.011622
4016.1547,2026-07-15T14:58:13.490964,0.000000,3.011630
4016.6487,2026-07-15T14:58:13.985024,0.000000,3.011666
4017.1495,2026-07-15T14:58:14.485842,0.000000,3.011674
4017.6487,2026-07-15T14:58:14.984998,0.000000,3.011635
4018.1394,2026-07-15T14:58:15.475688,0.000000,3.011550
4018.6411,2026-07-15T14:58:15.977364,0.000000,3.011459
4019.1206,2026-07-15T14:58:16.456935,0.000000,3.011437
4019.5823,2026-07-15T14:58:16.918625,0.000000,3.011462
4020.0790,2026-07-15T14:58:17.415315,0.000000,3.011421
4020.5992,2026-07-15T14:58:17.935456,0.000000,3.011427
4021.0857,2026-07-15T14:58:18.421945,0.000000,3.011376
4021.5392,2026-07-15T14:58:18.875472,0.000000,3.011320
4022.0096,2026-07-15T14:58:19.345896,0.000000,3.011245
4022.4656,2026-07-15T14:58:19.801875,0.000000,3.011243
4022.9514,2026-07-15T14:58:20.287719,0.000000,3.011246
4023.4666,2026-07-15T14:58:20.802924,0.000000,3.011243
4023.9536,2026-07-15T14:58:21.289902,0.000000,3.011195
4024.4141,2026-07-15T14:58:21.750426,0.000000,3.011134
4024.8638,2026-07-15T14:58:22.200101,0.000000,3.011150
4025.3642,2026-07-15T14:58:22.700494,0.000000,3.011170
4025.8392,2026-07-15T14:58:23.175462,0.000000,3.011170
4026.3145,2026-07-15T14:58:23.650805,0.000000,3.011133
4026.8098,2026-07-15T14:58:24.146136,0.000000,3.011150
4027.3226,2026-07-15T14:58:24.658928,0.000000,3.011178
4027.8269,2026-07-15T14:58:25.163139,0.000000,3.011147
4028.3189,2026-07-15T14:58:25.655240,0.000000,3.011160
4028.8272,2026-07-15T14:58:26.163461,0.000000,3.011149
4029.2827,2026-07-15T14:58:26.619006,0.000000,3.011197
4029.7403,2026-07-15T14:58:27.076560,0.000000,3.011226
4030.2245,2026-07-15T14:58:27.560780,0.000000,3.011189
4030.6918,2026-07-15T14:58:28.028114,0.000000,3.011262
4031.1934,2026-07-15T14:58:28.529725,0.000000,3.011328
4031.6589,2026-07-15T14:58:28.995156,0.000000,3.011400
4032.1587,2026-07-15T14:58:29.495022,0.000000,3.011400
4032.6439,2026-07-15T14:58:29.980231,0.000000,3.011411
4033.1665,2026-07-15T14:58:30.502752,0.000000,3.011405
4033.6266,2026-07-15T14:58:30.962953,0.000000,3.011475
4034.1154,2026-07-15T14:58:31.451645,0.000000,3.011462
4034.5620,2026-07-15T14:58:31.898314,0.000000,3.011568
4035.0516,2026-07-15T14:58:32.387916,0.000000,3.011605
4035.5120,2026-07-15T14:58:32.848253,0.000000,3.011683
4036.0036,2026-07-15T14:58:33.339881,0.000000,3.011587
4036.5100,2026-07-15T14:58:33.846291,0.000000,3.011602
4036.9775,2026-07-15T14:58:34.313770,0.000000,3.011661
4037.4359,2026-07-15T14:58:34.772222,0.000000,3.011747
4037.8953,2026-07-15T14:58:35.231579,0.000000,3.011832
4038.3950,2026-07-15T14:58:35.731304,0.000000,3.011896
4038.8502,2026-07-15T14:58:36.186528,0.000000,3.011907
4039.3371,2026-07-15T14:58:36.673389,0.000000,3.011856
4039.7999,2026-07-15T14:58:37.136220,0.000000,3.011818
4040.2501,2026-07-15T14:58:37.586338,0.000000,3.011702
4040.6953,2026-07-15T14:58:38.031599,0.000000,3.011650
4041.1906,2026-07-15T14:58:38.526862,0.000000,3.011627
4041.6507,2026-07-15T14:58:38.986975,0.000000,3.011518
4042.1232,2026-07-15T14:58:39.459515,0.000000,3.011466
4042.5857,2026-07-15T14:58:39.922029,0.000000,3.011389
4043.0483,2026-07-15T14:58:40.384599,0.000000,3.011304
4043.5003,2026-07-15T14:58:40.836565,0.000000,3.011211
4043.9920,2026-07-15T14:58:41.328306,0.000000,3.011219
4044.4959,2026-07-15T14:58:41.832218,0.000000,3.011264
4044.9682,2026-07-15T14:58:42.304463,0.000000,3.011240
4045.4338,2026-07-15T14:58:42.770083,0.000000,3.011245
4045.8921,2026-07-15T14:58:43.228393,0.000000,3.011352
4046.3522,2026-07-15T14:58:43.688472,0.000000,3.011390
4046.8541,2026-07-15T14:58:44.190396,0.000000,3.011490
4047.3085,2026-07-15T14:58:44.644748,0.000000,3.011546
4047.7584,2026-07-15T14:58:45.094734,0.000000,3.011558
4048.2140,2026-07-15T14:58:45.550310,0.000000,3.011611
4048.7183,2026-07-15T14:58:46.054568,0.000000,3.011638
4049.1884,2026-07-15T14:58:46.524720,0.000000,3.011656
4049.6499,2026-07-15T14:58:46.986167,0.000000,3.011693
4050.1464,2026-07-15T14:58:47.482703,0.000000,3.011718
4050.6006,2026-07-15T14:58:47.936908,0.000000,3.011776
4051.0718,2026-07-15T14:58:48.408068,0.000000,3.011752
4051.5272,2026-07-15T14:58:48.863509,0.000000,3.011712
4052.0062,2026-07-15T14:58:49.342479,0.000000,3.011670
4052.4702,2026-07-15T14:58:49.806441,0.000000,3.011573
4052.9253,2026-07-15T14:58:50.261621,0.000000,3.011552
4053.4270,2026-07-15T14:58:50.763267,0.000000,3.011518
4053.8820,2026-07-15T14:58:51.218290,0.000000,3.011474
4054.3311,2026-07-15T14:58:51.667438,0.000000,3.011462
4054.8314,2026-07-15T14:58:52.167745,0.000000,3.011424
4055.3233,2026-07-15T14:58:52.659592,0.000000,3.011368
4055.7742,2026-07-15T14:58:53.110539,0.000000,3.011245
4056.2364,2026-07-15T14:58:53.572644,0.000000,3.011192
4056.7062,2026-07-15T14:58:54.042449,0.000000,3.011144
4057.2077,2026-07-15T14:58:54.543943,0.000000,3.011158
4057.6995,2026-07-15T14:58:55.035786,0.000000,3.011162
4058.2024,2026-07-15T14:58:55.538672,0.000000,3.011190
4058.6587,2026-07-15T14:58:55.994950,0.000000,3.011229
4059.1439,2026-07-15T14:58:56.480158,0.000000,3.011205
4059.6286,2026-07-15T14:58:56.964865,0.000000,3.011203
4060.1217,2026-07-15T14:58:57.458038,0.000000,3.011301
4060.5755,2026-07-15T14:58:57.911762,0.000000,3.011334
4061.0696,2026-07-15T14:58:58.405909,0.000000,3.011325
4061.5336,2026-07-15T14:58:58.869859,0.000000,3.011402
4062.0279,2026-07-15T14:58:59.364239,0.000000,3.011450
4062.4856,2026-07-15T14:58:59.821931,0.000000,3.011549
4062.9875,2026-07-15T14:59:00.323826,0.000000,3.011611
4063.4676,2026-07-15T14:59:00.803838,0.000000,3.011608
4063.9446,2026-07-15T14:59:01.280918,0.000000,3.011605
4064.4177,2026-07-15T14:59:01.754010,0.000000,3.011624
4064.8883,2026-07-15T14:59:02.224624,0.000000,3.011616
4065.4032,2026-07-15T14:59:02.739517,0.000000,3.011606
4065.8888,2026-07-15T14:59:03.225088,0.000000,3.011635
4066.3503,2026-07-15T14:59:03.686561,0.000000,3.011651
4066.8027,2026-07-15T14:59:04.138943,0.000000,3.011682
4067.2974,2026-07-15T14:59:04.633658,0.000000,3.011643
4067.7701,2026-07-15T14:59:05.106357,0.000000,3.011525
4068.2674,2026-07-15T14:59:05.603723,0.000000,3.011558
4068.7283,2026-07-15T14:59:06.064594,0.000000,3.011509
4069.2100,2026-07-15T14:59:06.546250,0.000000,3.011450
4069.6989,2026-07-15T14:59:07.035135,0.000000,3.011443
4070.1692,2026-07-15T14:59:07.505460,0.000000,3.011422
4070.6212,2026-07-15T14:59:07.957533,0.000000,3.011376
4071.1039,2026-07-15T14:59:08.440165,0.000000,3.011352
4071.5711,2026-07-15T14:59:08.907385,0.000000,3.011294
4072.0432,2026-07-15T14:59:09.379534,0.000000,3.011296
4072.5033,2026-07-15T14:59:09.839614,0.000000,3.011269
4073.0040,2026-07-15T14:59:10.340329,0.000000,3.011352
4073.4611,2026-07-15T14:59:10.797362,0.000000,3.011379
4073.9191,2026-07-15T14:59:11.255375,0.000000,3.011426
4074.4188,2026-07-15T14:59:11.755107,0.000000,3.011414
4074.9022,2026-07-15T14:59:12.238509,0.000000,3.011400
4075.3633,2026-07-15T14:59:12.699577,0.000000,3.011438
4075.8228,2026-07-15T14:59:13.159098,0.000000,3.011493
4076.2927,2026-07-15T14:59:13.628958,0.000000,3.011589
4076.7476,2026-07-15T14:59:14.083936,0.000000,3.011651
4077.2468,2026-07-15T14:59:14.583122,0.000000,3.011669
4077.6983,2026-07-15T14:59:15.034625,0.000000,3.011653
4078.2109,2026-07-15T14:59:15.547193,0.000000,3.011594
4078.6665,2026-07-15T14:59:16.002812,0.000000,3.011552
4079.1563,2026-07-15T14:59:16.492640,0.000000,3.011520
4079.6067,2026-07-15T14:59:16.942994,0.000000,3.011501
4080.1059,2026-07-15T14:59:17.442215,0.000000,3.011467
4080.5552,2026-07-15T14:59:17.891468,0.000000,3.011411
4081.0541,2026-07-15T14:59:18.390359,0.000000,3.011323
4081.5151,2026-07-15T14:59:18.851370,0.000000,3.011235
4082.0154,2026-07-15T14:59:19.351685,0.000000,3.011165
4082.4738,2026-07-15T14:59:19.810129,0.000000,3.011104
4082.9747,2026-07-15T14:59:20.311042,0.000000,3.011096
4083.4514,2026-07-15T14:59:20.787694,0.000000,3.011064
4083.9172,2026-07-15T14:59:21.253483,0.000000,3.011062
4084.4202,2026-07-15T14:59:21.756447,0.000000,3.011069
4084.9194,2026-07-15T14:59:22.255645,0.000000,3.011070
4085.3760,2026-07-15T14:59:22.712270,0.000000,3.011042
4085.8507,2026-07-15T14:59:23.187039,0.000000,3.011093
4086.3369,2026-07-15T14:59:23.673143,0.000000,3.011107
4086.8106,2026-07-15T14:59:24.146911,0.000000,3.011165
4087.2695,2026-07-15T14:59:24.605748,0.000000,3.011179
4087.7916,2026-07-15T14:59:25.127871,0.000000,3.011219
4088.2515,2026-07-15T14:59:25.587772,0.000000,3.011312
4088.7013,2026-07-15T14:59:26.037554,0.000000,3.011387
4089.1888,2026-07-15T14:59:26.525130,0.000000,3.011493
4089.6459,2026-07-15T14:59:26.982191,0.000000,3.011522
4090.1541,2026-07-15T14:59:27.490358,0.000000,3.011520
4090.6520,2026-07-15T14:59:27.988254,0.000000,3.011565
4091.1452,2026-07-15T14:59:28.481540,0.000000,3.011542
4091.5923,2026-07-15T14:59:28.928595,0.000000,3.011555
4092.0757,2026-07-15T14:59:29.412033,0.000000,3.011509
4092.5278,2026-07-15T14:59:29.864050,0.000000,3.011574
4093.0319,2026-07-15T14:59:30.368156,0.000000,3.011536
4093.4886,2026-07-15T14:59:30.824911,0.000000,3.011506
4093.9553,2026-07-15T14:59:31.291543,0.000000,3.011445
4094.4179,2026-07-15T14:59:31.754199,0.000000,3.011517
4094.9122,2026-07-15T14:59:32.248435,0.000000,3.011470
4095.3678,2026-07-15T14:59:32.704113,0.000000,3.011434
4095.8205,2026-07-15T14:59:33.156757,0.000000,3.011437
4096.3125,2026-07-15T14:59:33.648751,0.000000,3.011446
4096.7697,2026-07-15T14:59:34.105953,0.000000,3.011392
4097.2717,2026-07-15T14:59:34.608009,0.000000,3.011397
4097.7374,2026-07-15T14:59:35.073667,0.000000,3.011352
4098.2122,2026-07-15T14:59:35.548494,0.000000,3.011290
4098.6610,2026-07-15T14:59:35.997299,0.000000,3.011237
4099.1648,2026-07-15T14:59:36.501070,0.000000,3.011200
4099.6183,2026-07-15T14:59:36.954556,0.000000,3.011115
4100.1124,2026-07-15T14:59:37.448682,0.000000,3.011146
4100.5629,2026-07-15T14:59:37.899185,0.000000,3.011128
4101.0256,2026-07-15T14:59:38.361874,0.000000,3.011107
4101.4880,2026-07-15T14:59:38.824277,0.000000,3.011126
4101.9818,2026-07-15T14:59:39.318124,0.000000,3.011189
4102.4617,2026-07-15T14:59:39.797951,0.000000,3.011264
4102.9466,2026-07-15T14:59:40.282942,0.000000,3.011326
4103.4018,2026-07-15T14:59:40.738138,0.000000,3.011395
4103.8957,2026-07-15T14:59:41.231964,0.000000,3.011432
4104.3697,2026-07-15T14:59:41.705981,0.000000,3.011534
4104.8290,2026-07-15T14:59:42.165304,0.000000,3.011531
4105.3169,2026-07-15T14:59:42.653178,0.000000,3.011574
4105.8125,2026-07-15T14:59:43.148843,0.000000,3.011584
4106.2709,2026-07-15T14:59:43.607175,0.000000,3.011629
4106.7257,2026-07-15T14:59:44.061943,0.000000,3.011659
4107.1944,2026-07-15T14:59:44.530707,0.000000,3.011582
4107.6532,2026-07-15T14:59:44.989485,0.000000,3.011506
4108.1524,2026-07-15T14:59:45.488724,0.000000,3.011509
4108.6042,2026-07-15T14:59:45.940471,0.000000,3.011435
4109.1029,2026-07-15T14:59:46.439186,0.000000,3.011384
4109.5533,2026-07-15T14:59:46.889542,0.000000,3.011312
4110.0514,2026-07-15T14:59:47.387668,0.000000,3.011326
4110.5177,2026-07-15T14:59:47.854004,0.000000,3.011277
4110.9960,2026-07-15T14:59:48.332343,0.000000,3.011206
4111.4427,2026-07-15T14:59:48.778951,0.000000,3.011139
4111.9014,2026-07-15T14:59:49.237698,0.000000,3.011069
4112.3932,2026-07-15T14:59:49.729524,0.000000,3.011069
4112.8825,2026-07-15T14:59:50.218748,0.000000,3.011006
4113.3802,2026-07-15T14:59:50.716469,0.000000,3.011018
4113.8716,2026-07-15T14:59:51.207848,0.000000,3.011066
4114.3997,2026-07-15T14:59:51.736031,0.000000,3.011070
4114.8681,2026-07-15T14:59:52.204363,0.000000,3.011029
4115.3384,2026-07-15T14:59:52.674645,0.000000,3.011054
4115.8092,2026-07-15T14:59:53.145516,0.000000,3.011040
4116.2721,2026-07-15T14:59:53.608367,0.000000,3.011034
4116.7708,2026-07-15T14:59:54.107088,0.000000,3.011094
4117.2293,2026-07-15T14:59:54.565587,0.000000,3.011115
4117.7300,2026-07-15T14:59:55.066272,0.000000,3.011115
4118.1876,2026-07-15T14:59:55.523904,0.000000,3.011034
4118.6806,2026-07-15T14:59:56.016891,0.000000,3.010949
4119.1822,2026-07-15T14:59:56.518487,0.000000,3.010894
4119.6761,2026-07-15T14:59:57.012380,0.000000,3.010786
4120.1916,2026-07-15T14:59:57.527862,0.000000,3.010709
4120.6436,2026-07-15T14:59:57.979913,0.000000,3.010675
4121.1254,2026-07-15T14:59:58.461722,0.000000,3.010678
4121.5684,2026-07-15T14:59:58.904652,0.000000,3.010650
4122.0995,2026-07-15T14:59:59.435832,0.000000,3.010610
4122.5673,2026-07-15T14:59:59.903589,0.000000,3.010576
4123.0488,2026-07-15T15:00:00.385201,0.000000,3.010558
4123.5007,2026-07-15T15:00:00.837039,0.000000,3.010546
4123.9858,2026-07-15T15:00:01.322140,0.000000,3.010560
4124.4389,2026-07-15T15:00:01.775230,0.000000,3.010611
4124.8970,2026-07-15T15:00:02.233269,0.000000,3.010619
4125.3559,2026-07-15T15:00:02.692214,0.000000,3.010562
4125.8483,2026-07-15T15:00:03.184593,0.000000,3.010541
4126.3481,2026-07-15T15:00:03.684405,0.000000,3.010536
4126.8080,2026-07-15T15:00:04.144305,0.000000,3.010515
4127.3012,2026-07-15T15:00:04.637531,0.000000,3.010506
4127.7613,2026-07-15T15:00:05.097589,0.000000,3.010602
4128.2229,2026-07-15T15:00:05.559147,0.000000,3.010611
4128.6855,2026-07-15T15:00:06.021796,0.000000,3.010653
4129.1798,2026-07-15T15:00:06.516090,0.000000,3.010667
4129.6343,2026-07-15T15:00:06.970549,0.000000,3.010706
4130.1424,2026-07-15T15:00:07.478741,0.000000,3.010813
4130.6129,2026-07-15T15:00:07.949168,0.000000,3.010866
4131.1138,2026-07-15T15:00:08.450070,0.000000,3.010846
4131.5678,2026-07-15T15:00:08.904128,0.000000,3.010898
4132.0636,2026-07-15T15:00:09.399898,0.000000,3.010907
4132.5616,2026-07-15T15:00:09.897925,0.000000,3.010843
4133.0786,2026-07-15T15:00:10.414871,0.000000,3.010830
4133.5598,2026-07-15T15:00:10.896131,0.000000,3.010834
4134.0526,2026-07-15T15:00:11.388878,0.000000,3.010843
4134.5361,2026-07-15T15:00:11.872405,0.000000,3.010837
4135.0221,2026-07-15T15:00:12.358344,0.000000,3.010894
4135.4762,2026-07-15T15:00:12.812487,0.000000,3.010954
4135.9342,2026-07-15T15:00:13.270505,0.000000,3.011072
4136.3843,2026-07-15T15:00:13.720641,0.000000,3.011048
4136.8730,2026-07-15T15:00:14.209316,0.000000,3.011013
4137.3590,2026-07-15T15:00:14.695339,0.000000,3.011061
4137.8651,2026-07-15T15:00:15.201431,0.000000,3.011128
4138.3397,2026-07-15T15:00:15.675955,0.000000,3.011218
4138.8446,2026-07-15T15:00:16.180888,0.000000,3.011234
4139.3421,2026-07-15T15:00:16.678381,0.000000,3.011349
4139.7904,2026-07-15T15:00:17.126706,0.000000,3.011374
4140.2668,2026-07-15T15:00:17.603093,0.000000,3.011413
4140.7416,2026-07-15T15:00:18.077902,0.000000,3.011470
4141.2170,2026-07-15T15:00:18.553273,0.000000,3.011438
4141.6830,2026-07-15T15:00:19.019260,0.000000,3.011566
4142.1672,2026-07-15T15:00:19.503521,0.000000,3.011662
4142.6702,2026-07-15T15:00:20.006487,0.000000,3.011734
4143.1692,2026-07-15T15:00:20.505534,0.000000,3.011808
4143.6304,2026-07-15T15:00:20.966690,0.000000,3.011867
4144.0965,2026-07-15T15:00:21.432813,0.000000,3.011883
4144.5484,2026-07-15T15:00:21.884733,0.000000,3.011872
4145.0178,2026-07-15T15:00:22.354067,0.000000,3.011915
4145.4990,2026-07-15T15:00:22.835278,0.000000,3.011979
4145.9739,2026-07-15T15:00:23.310153,0.000000,3.011963
4146.4655,2026-07-15T15:00:23.801808,0.000000,3.011934
4146.9255,2026-07-15T15:00:24.261779,0.000000,3.011896
4147.3742,2026-07-15T15:00:24.710483,0.000000,3.011885
4147.8217,2026-07-15T15:00:25.157989,0.000000,3.011877
4148.3168,2026-07-15T15:00:25.653109,0.000000,3.011885
4148.8198,2026-07-15T15:00:26.156134,0.000000,3.011982
4149.3168,2026-07-15T15:00:26.653068,0.000000,3.012106
4149.7988,2026-07-15T15:00:27.135130,0.000000,3.012133
4150.3242,2026-07-15T15:00:27.660491,0.000000,3.012165
4150.7768,2026-07-15T15:00:28.113131,0.000000,3.012165
4151.2468,2026-07-15T15:00:28.583050,0.000000,3.012162
4151.7029,2026-07-15T15:00:29.039191,0.000000,3.012181
4152.1889,2026-07-15T15:00:29.525171,0.000000,3.012184
4152.6945,2026-07-15T15:00:30.030796,0.000000,3.012269
4153.1910,2026-07-15T15:00:30.527281,0.000000,3.012298
4153.6541,2026-07-15T15:00:30.990439,0.000000,3.012240
4154.1347,2026-07-15T15:00:31.470979,0.000000,3.012208
4154.5878,2026-07-15T15:00:31.924107,0.000000,3.012126
4155.0929,2026-07-15T15:00:32.429228,0.000000,3.012034
4155.5924,2026-07-15T15:00:32.928728,0.000000,3.011982
4156.0801,2026-07-15T15:00:33.416426,0.000000,3.012035
4156.5371,2026-07-15T15:00:33.873356,0.000000,3.012101
4157.0378,2026-07-15T15:00:34.374066,0.000000,3.012165
4157.5109,2026-07-15T15:00:34.847214,0.000000,3.012069
4157.9815,2026-07-15T15:00:35.317815,0.000000,3.012011
4158.4653,2026-07-15T15:00:35.801569,0.000000,3.012010
4158.9190,2026-07-15T15:00:36.255277,0.000000,3.011981
4159.4096,2026-07-15T15:00:36.745904,0.000000,3.011954
4159.8839,2026-07-15T15:00:37.220207,0.000000,3.011949
4160.3377,2026-07-15T15:00:37.674007,0.000000,3.011984
4160.7957,2026-07-15T15:00:38.132004,0.000000,3.011968
4161.2929,2026-07-15T15:00:38.629194,0.000000,3.011955
4161.7434,2026-07-15T15:00:39.079737,0.000000,3.011965
4162.2095,2026-07-15T15:00:39.545793,0.000000,3.011952
4162.6683,2026-07-15T15:00:40.004557,0.000000,3.011982
4163.1644,2026-07-15T15:00:40.500701,0.000000,3.011960
4163.6178,2026-07-15T15:00:40.954081,0.000000,3.011989
4164.0852,2026-07-15T15:00:41.421459,0.000000,3.011965
4164.5584,2026-07-15T15:00:41.894731,0.000000,3.011989
4165.0517,2026-07-15T15:00:42.388002,0.000000,3.012022
4165.5153,2026-07-15T15:00:42.851616,0.000000,3.011992
4165.9727,2026-07-15T15:00:43.308956,0.000000,3.011958
4166.4321,2026-07-15T15:00:43.768397,0.000000,3.011936
4166.8916,2026-07-15T15:00:44.227911,0.000000,3.011862
4167.3843,2026-07-15T15:00:44.720580,0.000000,3.011848
4167.8432,2026-07-15T15:00:45.179495,0.000000,3.011725
4168.3382,2026-07-15T15:00:45.674447,0.000000,3.011618
4168.7929,2026-07-15T15:00:46.129210,0.000000,3.011557
4169.2879,2026-07-15T15:00:46.624210,0.000000,3.011469
4169.7712,2026-07-15T15:00:47.107478,0.000000,3.011354
4170.2262,2026-07-15T15:00:47.562470,0.000000,3.011339
4170.6755,2026-07-15T15:00:48.011832,0.000000,3.011282
4171.1738,2026-07-15T15:00:48.510106,0.000000,3.011235
4171.6826,2026-07-15T15:00:49.018917,0.000000,3.011194
4172.1636,2026-07-15T15:00:49.499870,0.000000,3.011138
4172.6189,2026-07-15T15:00:49.955178,0.000000,3.011158
4173.1179,2026-07-15T15:00:50.454217,0.000000,3.011245
4173.6007,2026-07-15T15:00:50.936967,0.000000,3.011219
4174.1175,2026-07-15T15:00:51.453800,0.000000,3.011226
4174.5869,2026-07-15T15:00:51.923179,0.000000,3.011320
4175.0683,2026-07-15T15:00:52.404633,0.000000,3.011298
4175.5219,2026-07-15T15:00:52.858160,0.000000,3.011277
4176.0202,2026-07-15T15:00:53.356461,0.000000,3.011280
4176.5130,2026-07-15T15:00:53.849289,0.000000,3.011267
4177.0140,2026-07-15T15:00:54.350322,0.000000,3.011328
4177.4670,2026-07-15T15:00:54.803317,0.000000,3.011302
4177.9243,2026-07-15T15:00:55.260620,0.000000,3.011290
4178.4091,2026-07-15T15:00:55.745408,0.000000,3.011309
4178.8858,2026-07-15T15:00:56.222133,0.000000,3.011314
4179.3387,2026-07-15T15:00:56.674985,0.000000,3.011394
4179.8086,2026-07-15T15:00:57.144898,0.000000,3.011405
4180.2648,2026-07-15T15:00:57.601042,0.000000,3.011430
4180.7215,2026-07-15T15:00:58.057819,0.000000,3.011437
4181.2073,2026-07-15T15:00:58.543588,0.000000,3.011442
4181.7108,2026-07-15T15:00:59.047059,0.000000,3.011384
4182.1862,2026-07-15T15:00:59.522485,0.000000,3.011370
4182.6508,2026-07-15T15:00:59.987061,0.000000,3.011426
4183.1285,2026-07-15T15:01:00.464842,0.000000,3.011358
4183.6153,2026-07-15T15:01:00.951608,0.000000,3.011394
4184.0834,2026-07-15T15:01:01.419712,0.000000,3.011426
4184.5717,2026-07-15T15:01:01.907950,0.000000,3.011330
4185.0677,2026-07-15T15:01:02.403976,0.000000,3.011360
4185.5554,2026-07-15T15:01:02.891714,0.000000,3.011381
4186.0874,2026-07-15T15:01:03.423672,0.000000,3.011427
4186.5473,2026-07-15T15:01:03.883576,0.000000,3.011453
4187.0421,2026-07-15T15:01:04.378371,0.000000,3.011576
4187.5006,2026-07-15T15:01:04.836868,0.000000,3.011581
4187.9914,2026-07-15T15:01:05.327664,0.000000,3.011574
4188.4481,2026-07-15T15:01:05.784411,0.000000,3.011482
4188.9503,2026-07-15T15:01:06.286626,0.000000,3.011453
4189.4032,2026-07-15T15:01:06.739467,0.000000,3.011426
4189.8640,2026-07-15T15:01:07.200307,0.000000,3.011370
4190.3223,2026-07-15T15:01:07.658552,0.000000,3.011283
4190.7808,2026-07-15T15:01:08.117092,0.000000,3.011363
4191.2538,2026-07-15T15:01:08.590125,0.000000,3.011349
4191.7096,2026-07-15T15:01:09.045868,0.000000,3.011302
4192.2011,2026-07-15T15:01:09.537364,0.000000,3.011232
4192.6503,2026-07-15T15:01:09.986625,0.000000,3.011146
4193.1322,2026-07-15T15:01:10.468509,0.000000,3.011158
4193.5886,2026-07-15T15:01:10.924933,0.000000,3.011195
4194.0909,2026-07-15T15:01:11.427177,0.000000,3.011200
4194.5471,2026-07-15T15:01:11.883354,0.000000,3.011206
4195.0256,2026-07-15T15:01:12.361873,0.000000,3.011192
4195.5204,2026-07-15T15:01:12.856704,0.000000,3.011170
4196.0179,2026-07-15T15:01:13.354221,0.000000,3.011166
4196.5242,2026-07-15T15:01:13.860563,0.000000,3.011144
4197.0300,2026-07-15T15:01:14.366298,0.000000,3.011114
4197.5274,2026-07-15T15:01:14.863638,0.000000,3.011150
4198.0117,2026-07-15T15:01:15.347976,0.000000,3.011267
4198.4624,2026-07-15T15:01:15.798722,0.000000,3.011296
4198.9197,2026-07-15T15:01:16.255958,0.000000,3.011309
4199.4105,2026-07-15T15:01:16.746746,0.000000,3.011355
4199.9114,2026-07-15T15:01:17.247679,0.000000,3.011368
4200.4078,2026-07-15T15:01:17.744069,0.000000,3.011378
4200.9050,2026-07-15T15:01:18.241324,0.000000,3.011301
4201.3633,2026-07-15T15:01:18.699598,0.000000,3.011285
4201.8437,2026-07-15T15:01:19.180020,0.000000,3.011355
4202.2938,2026-07-15T15:01:19.630078,0.000000,3.011400
4202.7559,2026-07-15T15:01:20.092230,0.000000,3.011378
4203.2470,2026-07-15T15:01:20.583272,0.000000,3.011326
4203.7470,2026-07-15T15:01:21.083286,0.000000,3.011320
4204.2421,2026-07-15T15:01:21.578354,0.000000,3.011290
4204.7097,2026-07-15T15:01:22.045981,0.000000,3.011227
4205.1966,2026-07-15T15:01:22.532908,0.000000,3.011238
4205.6815,2026-07-15T15:01:23.017746,0.000000,3.011304
4206.1773,2026-07-15T15:01:23.513550,0.000000,3.011320
4206.6436,2026-07-15T15:01:23.979937,0.000000,3.011333
4207.1220,2026-07-15T15:01:24.458282,0.000000,3.011283
4207.6218,2026-07-15T15:01:24.958061,0.000000,3.011174
4208.0883,2026-07-15T15:01:25.424618,0.000000,3.011123
4208.5965,2026-07-15T15:01:25.932801,0.000000,3.011083
4209.1121,2026-07-15T15:01:26.448443,0.000000,3.011123
4209.5804,2026-07-15T15:01:26.916671,0.000000,3.011117
4210.0833,2026-07-15T15:01:27.419549,0.000000,3.011125
4210.5690,2026-07-15T15:01:27.905240,0.000000,3.011098
4211.0579,2026-07-15T15:01:28.394188,0.000000,3.011149
4211.5550,2026-07-15T15:01:28.891296,0.000000,3.011099
4212.0544,2026-07-15T15:01:29.390703,0.000000,3.011128
4212.5219,2026-07-15T15:01:29.858239,0.000000,3.011198
4213.0224,2026-07-15T15:01:30.358700,0.000000,3.011179
4213.4715,2026-07-15T15:01:30.807828,0.000000,3.011227
4213.9202,2026-07-15T15:01:31.256499,0.000000,3.011179
4214.3773,2026-07-15T15:01:31.713547,0.000000,3.011163
4214.8372,2026-07-15T15:01:32.173541,0.000000,3.011162
4215.2954,2026-07-15T15:01:32.631723,0.000000,3.011160
4215.7551,2026-07-15T15:01:33.091437,0.000000,3.011189
4216.2466,2026-07-15T15:01:33.582885,0.000000,3.011136
4216.7184,2026-07-15T15:01:34.054721,0.000000,3.011168
4217.2048,2026-07-15T15:01:34.541063,0.000000,3.011131
4217.6631,2026-07-15T15:01:34.999413,0.000000,3.011117
4218.1367,2026-07-15T15:01:35.472947,0.000000,3.011110
4218.6049,2026-07-15T15:01:35.941179,0.000000,3.011066
4219.0969,2026-07-15T15:01:36.433215,0.000000,3.011035
4219.5978,2026-07-15T15:01:36.934113,0.000000,3.010960
4220.1093,2026-07-15T15:01:37.445629,0.000000,3.010875
4220.6011,2026-07-15T15:01:37.937406,0.000000,3.010864
4221.1077,2026-07-15T15:01:38.444008,0.000000,3.010741
4221.6049,2026-07-15T15:01:38.941181,0.000000,3.010659
4222.1080,2026-07-15T15:01:39.444339,0.000000,3.010614
4222.6071,2026-07-15T15:01:39.943347,0.000000,3.010568
4223.0934,2026-07-15T15:01:40.429676,0.000000,3.010538
4223.5504,2026-07-15T15:01:40.886743,0.000000,3.010520
4224.0141,2026-07-15T15:01:41.350384,0.000000,3.010478
4224.5091,2026-07-15T15:01:41.845389,0.000000,3.010517
4225.0284,2026-07-15T15:01:42.364663,0.000000,3.010618
4225.4911,2026-07-15T15:01:42.827406,0.000000,3.010653
4225.9954,2026-07-15T15:01:43.331671,0.000000,3.010642
4226.4426,2026-07-15T15:01:43.778898,0.000000,3.010646
4226.9099,2026-07-15T15:01:44.246196,0.000000,3.010658
4227.3657,2026-07-15T15:01:44.701991,0.000000,3.010790
4227.8243,2026-07-15T15:01:45.160569,0.000000,3.010878
4228.3195,2026-07-15T15:01:45.655789,0.000000,3.010968
4228.7984,2026-07-15T15:01:46.134708,0.000000,3.011096
4229.2764,2026-07-15T15:01:46.612640,0.000000,3.011166
4229.7549,2026-07-15T15:01:47.091160,0.000000,3.011168
4230.2511,2026-07-15T15:01:47.587365,0.000000,3.011101
4230.7513,2026-07-15T15:01:48.087567,0.000000,3.011083
4231.2430,2026-07-15T15:01:48.579274,0.000000,3.011067
4231.7344,2026-07-15T15:01:49.070671,0.000000,3.011125
4232.2302,2026-07-15T15:01:49.566472,0.000000,3.011160
4232.7060,2026-07-15T15:01:50.042326,0.000000,3.011154
4233.2076,2026-07-15T15:01:50.543905,0.000000,3.011157
4233.7035,2026-07-15T15:01:51.039770,0.000000,3.011208
4234.1840,2026-07-15T15:01:51.520266,0.000000,3.011240
4234.6464,2026-07-15T15:01:51.982666,0.000000,3.011270
4235.1345,2026-07-15T15:01:52.470801,0.000000,3.011338
4235.6297,2026-07-15T15:01:52.966041,0.000000,3.011390
4236.1283,2026-07-15T15:01:53.464620,0.000000,3.011363
4236.5843,2026-07-15T15:01:53.920624,0.000000,3.011338
4237.0423,2026-07-15T15:01:54.378630,0.000000,3.011314
4237.4896,2026-07-15T15:01:54.825861,0.000000,3.011274
4237.9856,2026-07-15T15:01:55.321912,0.000000,3.011190
4238.4510,2026-07-15T15:01:55.787256,0.000000,3.011139
4238.9071,2026-07-15T15:01:56.243432,0.000000,3.010987
4239.4038,2026-07-15T15:01:56.740100,0.000000,3.010909
4239.8589,2026-07-15T15:01:57.195244,0.000000,3.010805
4240.3402,2026-07-15T15:01:57.676498,0.000000,3.010771
4240.7971,2026-07-15T15:01:58.133418,0.000000,3.010773
4241.2814,2026-07-15T15:01:58.617712,0.000000,3.010794
4241.7660,2026-07-15T15:01:59.102298,0.000000,3.010814
4242.2345,2026-07-15T15:01:59.570766,0.000000,3.010854
4242.6981,2026-07-15T15:02:00.034388,0.000000,3.010902
4243.1741,2026-07-15T15:02:00.510395,0.000000,3.010851
4243.6759,2026-07-15T15:02:01.012144,0.000000,3.010822
4244.1704,2026-07-15T15:02:01.506656,0.000000,3.010774
4244.6795,2026-07-15T15:02:02.015743,0.000000,3.010765
4245.1432,2026-07-15T15:02:02.479514,0.000000,3.010760
4245.6187,2026-07-15T15:02:02.954953,0.000000,3.010664
4246.0724,2026-07-15T15:02:03.408743,0.000000,3.010682
4246.5316,2026-07-15T15:02:03.867858,0.000000,3.010662
4247.0382,2026-07-15T15:02:04.374505,0.000000,3.010573
4247.5077,2026-07-15T15:02:04.843973,0.000000,3.010459
4247.9996,2026-07-15T15:02:05.335848,0.000000,3.010347
4248.4565,2026-07-15T15:02:05.792817,0.000000,3.010322
4248.9399,2026-07-15T15:02:06.276202,0.000000,3.010269
4249.3915,2026-07-15T15:02:06.727746,0.000000,3.010290
4249.8925,2026-07-15T15:02:07.228773,0.000000,3.010277
4250.3579,2026-07-15T15:02:07.694240,0.000000,3.010275
4250.8595,2026-07-15T15:02:08.195778,0.000000,3.010226
4251.3595,2026-07-15T15:02:08.695810,0.000000,3.010117
4251.8592,2026-07-15T15:02:09.195529,0.000000,3.010118
4252.3540,2026-07-15T15:02:09.690306,0.000000,3.010232
4252.8228,2026-07-15T15:02:10.159078,0.000000,3.010301
4253.3188,2026-07-15T15:02:10.655136,0.000000,3.010389
4253.7715,2026-07-15T15:02:11.107804,0.000000,3.010371
4254.2418,2026-07-15T15:02:11.578152,0.000000,3.010408
4254.7123,2026-07-15T15:02:12.048559,0.000000,3.010427
4255.1935,2026-07-15T15:02:12.529761,0.000000,3.010419
4255.6507,2026-07-15T15:02:12.987011,0.000000,3.010429
4256.1332,2026-07-15T15:02:13.469543,0.000000,3.010474
4256.5838,2026-07-15T15:02:13.920064,0.000000,3.010490
4257.0763,2026-07-15T15:02:14.412593,0.000000,3.010456
4257.5398,2026-07-15T15:02:14.876114,0.000000,3.010376
4258.0368,2026-07-15T15:02:15.373104,0.000000,3.010379
4258.5313,2026-07-15T15:02:15.867623,0.000000,3.010365
4259.0171,2026-07-15T15:02:16.353398,0.000000,3.010374
4259.4649,2026-07-15T15:02:16.801167,0.000000,3.010355
4259.9583,2026-07-15T15:02:17.294582,0.000000,3.010379
4260.4178,2026-07-15T15:02:17.754046,0.000000,3.010430
4260.8740,2026-07-15T15:02:18.210306,0.000000,3.010485
4261.3351,2026-07-15T15:02:18.671404,0.000000,3.010472
4261.7919,2026-07-15T15:02:19.128171,0.000000,3.010546
4262.2850,2026-07-15T15:02:19.621257,0.000000,3.010600
4262.7828,2026-07-15T15:02:20.119067,0.000000,3.010685
4263.3032,2026-07-15T15:02:20.639511,0.000000,3.010704
4263.7520,2026-07-15T15:02:21.088291,0.000000,3.010738
4264.2429,2026-07-15T15:02:21.579159,0.000000,3.010832
4264.7311,2026-07-15T15:02:22.067352,0.000000,3.010886
4265.2115,2026-07-15T15:02:22.547817,0.000000,3.010866
4265.6686,2026-07-15T15:02:23.004905,0.000000,3.010869
4266.1486,2026-07-15T15:02:23.484933,0.000000,3.010830
4266.6273,2026-07-15T15:02:23.963564,0.000000,3.010822
4267.1137,2026-07-15T15:02:24.450045,0.000000,3.010778
4267.5721,2026-07-15T15:02:24.908426,0.000000,3.010741
4268.0637,2026-07-15T15:02:25.399978,0.000000,3.010725
4268.5595,2026-07-15T15:02:25.895743,0.000000,3.010730
4269.0534,2026-07-15T15:02:26.389691,0.000000,3.010669
4269.5358,2026-07-15T15:02:26.872111,0.000000,3.010632
4270.0225,2026-07-15T15:02:27.358754,0.000000,3.010632
4270.5410,2026-07-15T15:02:27.877326,0.000000,3.010570
4271.0329,2026-07-15T15:02:28.369147,0.000000,3.010499
4271.4930,2026-07-15T15:02:28.829336,0.000000,3.010418
4271.9482,2026-07-15T15:02:29.284496,0.000000,3.010330
4272.4473,2026-07-15T15:02:29.783587,0.000000,3.010326
4272.9107,2026-07-15T15:02:30.246943,0.000000,3.010270
4273.4026,2026-07-15T15:02:30.738840,0.000000,3.010208
4273.8866,2026-07-15T15:02:31.222839,0.000000,3.010230
4274.3805,2026-07-15T15:02:31.716762,0.000000,3.010237
4274.8354,2026-07-15T15:02:32.171712,0.000000,3.010176
4275.2974,2026-07-15T15:02:32.633720,0.000000,3.010203
4275.7806,2026-07-15T15:02:33.116902,0.000000,3.010170
4276.2363,2026-07-15T15:02:33.572615,0.000000,3.010224
4276.6940,2026-07-15T15:02:34.030251,0.000000,3.010213
4277.1893,2026-07-15T15:02:34.525581,0.000000,3.010189
4277.6471,2026-07-15T15:02:34.983389,0.000000,3.010179
4278.1446,2026-07-15T15:02:35.480935,0.000000,3.010214
4278.5960,2026-07-15T15:02:35.932240,0.000000,3.010202
4279.0976,2026-07-15T15:02:36.433865,0.000000,3.010166
4279.5805,2026-07-15T15:02:36.916770,0.000000,3.010106
4280.0889,2026-07-15T15:02:37.425149,0.000000,3.010027
4280.5521,2026-07-15T15:02:37.888352,0.000000,3.010021
4281.0610,2026-07-15T15:02:38.397254,0.000000,3.010099
4281.5540,2026-07-15T15:02:38.890336,0.000000,3.010114
4282.0582,2026-07-15T15:02:39.394469,0.000000,3.010128
4282.5192,2026-07-15T15:02:39.855529,0.000000,3.010181
4282.9679,2026-07-15T15:02:40.304209,0.000000,3.010214
4283.4640,2026-07-15T15:02:40.800333,0.000000,3.010246
4283.9658,2026-07-15T15:02:41.302084,0.000000,3.010237
4284.4257,2026-07-15T15:02:41.761948,0.000000,3.010256
4284.9170,2026-07-15T15:02:42.253344,0.000000,3.010374
4285.3710,2026-07-15T15:02:42.707278,0.000000,3.010438
4285.8201,2026-07-15T15:02:43.156360,0.000000,3.010451
4286.3217,2026-07-15T15:02:43.658036,0.000000,3.010498
4286.8174,2026-07-15T15:02:44.153726,0.000000,3.010662
4287.3359,2026-07-15T15:02:44.672194,0.000000,3.010747
4287.8192,2026-07-15T15:02:45.155450,0.000000,3.010782
4288.3143,2026-07-15T15:02:45.650624,0.000000,3.010805
4288.7716,2026-07-15T15:02:46.107935,0.000000,3.010898
4289.2466,2026-07-15T15:02:46.582927,0.000000,3.010891
4289.7144,2026-07-15T15:02:47.050685,0.000000,3.010912
4290.2138,2026-07-15T15:02:47.550060,0.000000,3.010917
4290.6647,2026-07-15T15:02:48.001042,0.000000,3.010915
4291.1149,2026-07-15T15:02:48.451144,0.000000,3.010946
4291.5665,2026-07-15T15:02:48.902737,0.000000,3.010909
4292.0522,2026-07-15T15:02:49.388450,0.000000,3.010936
4292.5557,2026-07-15T15:02:49.892004,0.000000,3.010898
4293.0423,2026-07-15T15:02:50.378628,0.000000,3.010944
4293.5596,2026-07-15T15:02:50.895872,0.000000,3.010986
4294.0602,2026-07-15T15:02:51.396531,0.000000,3.010984
4294.5094,2026-07-15T15:02:51.845704,0.000000,3.010992
4295.0055,2026-07-15T15:02:52.341753,0.000000,3.010952
4295.4945,2026-07-15T15:02:52.830810,0.000000,3.010947
4295.9936,2026-07-15T15:02:53.329875,0.000000,3.010950
4296.4493,2026-07-15T15:02:53.785579,0.000000,3.010981
4296.9344,2026-07-15T15:02:54.270714,0.000000,3.010946
4297.4200,2026-07-15T15:02:54.756333,0.000000,3.010917
4297.8966,2026-07-15T15:02:55.232859,0.000000,3.010910
4298.3507,2026-07-15T15:02:55.687034,0.000000,3.010904
4298.8557,2026-07-15T15:02:56.191961,0.000000,3.010869
4299.3065,2026-07-15T15:02:56.642761,0.000000,3.010858
4299.7652,2026-07-15T15:02:57.101449,0.000000,3.010954
4300.2597,2026-07-15T15:02:57.596039,0.000000,3.010965
4300.7224,2026-07-15T15:02:58.058680,0.000000,3.010918
4301.2077,2026-07-15T15:02:58.544036,0.000000,3.010960
4301.6651,2026-07-15T15:02:59.001430,0.000000,3.010973
4302.1514,2026-07-15T15:02:59.487684,0.000000,3.010944
4302.6346,2026-07-15T15:02:59.970862,0.000000,3.010918
4303.1334,2026-07-15T15:03:00.469659,0.000000,3.010947
4303.6515,2026-07-15T15:03:00.987810,0.000000,3.010939
4304.1544,2026-07-15T15:03:01.490701,0.000000,3.010965
4304.6082,2026-07-15T15:03:01.944488,0.000000,3.011032
4305.1163,2026-07-15T15:03:02.452638,0.000000,3.011042
4305.6131,2026-07-15T15:03:02.949357,0.000000,3.010966
4306.1080,2026-07-15T15:03:03.444251,0.000000,3.010933
4306.6204,2026-07-15T15:03:03.956713,0.000000,3.010930
4307.0925,2026-07-15T15:03:04.428765,0.000000,3.011011
4307.5578,2026-07-15T15:03:04.894072,0.000000,3.011075
4308.0685,2026-07-15T15:03:05.404813,0.000000,3.011109
4308.5228,2026-07-15T15:03:05.859102,0.000000,3.011178
4308.9969,2026-07-15T15:03:06.333226,0.000000,3.011181
4309.4705,2026-07-15T15:03:06.806817,0.000000,3.011117
4309.9232,2026-07-15T15:03:07.259469,0.000000,3.011067
4310.4265,2026-07-15T15:03:07.762781,0.000000,3.011142
4310.8935,2026-07-15T15:03:08.229795,0.000000,3.011221
4311.3432,2026-07-15T15:03:08.679441,0.000000,3.011245
4311.8067,2026-07-15T15:03:09.143000,0.000000,3.011182
4312.2783,2026-07-15T15:03:09.614576,0.000000,3.011149
4312.7330,2026-07-15T15:03:10.069250,0.000000,3.011070
4313.2244,2026-07-15T15:03:10.560736,0.000000,3.011011
4313.6737,2026-07-15T15:03:11.010038,0.000000,3.010923
4314.1600,2026-07-15T15:03:11.496314,0.000000,3.010891
4314.6171,2026-07-15T15:03:11.953389,0.000000,3.010866
4315.1047,2026-07-15T15:03:12.441044,0.000000,3.010800
4315.5650,2026-07-15T15:03:12.901247,0.000000,3.010739
4316.0187,2026-07-15T15:03:13.354953,0.000000,3.010736
4316.4832,2026-07-15T15:03:13.819513,0.000000,3.010694
4316.9906,2026-07-15T15:03:14.326844,0.000000,3.010754
4317.4855,2026-07-15T15:03:14.821760,0.000000,3.010773
4317.9387,2026-07-15T15:03:15.274959,0.000000,3.010792
4318.4340,2026-07-15T15:03:15.770285,0.000000,3.010782
4318.9195,2026-07-15T15:03:16.255779,0.000000,3.010798
4319.3724,2026-07-15T15:03:16.708664,0.000000,3.010979
4319.8211,2026-07-15T15:03:17.157416,0.000000,3.011034
4320.2914,2026-07-15T15:03:17.627717,0.000000,3.011136
4320.7668,2026-07-15T15:03:18.103051,0.000000,3.011149
4321.2501,2026-07-15T15:03:18.586412,0.000000,3.011165
4321.7057,2026-07-15T15:03:19.042001,0.000000,3.011181
4322.1956,2026-07-15T15:03:19.531875,0.000000,3.011150
4322.6610,2026-07-15T15:03:19.997278,0.000000,3.011114
4323.1556,2026-07-15T15:03:20.491929,0.000000,3.011091
4323.6190,2026-07-15T15:03:20.955326,0.000000,3.011061
4324.1058,2026-07-15T15:03:21.442128,0.000000,3.011003
4324.5620,2026-07-15T15:03:21.898296,0.000000,3.010920
4325.0373,2026-07-15T15:03:22.373558,0.000000,3.010930
4325.5206,2026-07-15T15:03:22.856940,0.000000,3.010891
4326.0131,2026-07-15T15:03:23.349372,0.000000,3.010850
4326.5039,2026-07-15T15:03:23.840221,0.000000,3.010872
4327.0259,2026-07-15T15:03:24.362149,0.000000,3.010834
4327.5230,2026-07-15T15:03:24.859337,0.000000,3.010760
4328.0214,2026-07-15T15:03:25.357736,0.000000,3.010744
4328.5083,2026-07-15T15:03:25.844604,0.000000,3.010747
4329.0130,2026-07-15T15:03:26.349333,0.000000,3.010710
4329.4647,2026-07-15T15:03:26.801028,0.000000,3.010637
4329.9553,2026-07-15T15:03:27.291644,0.000000,3.010547
4330.4109,2026-07-15T15:03:27.747163,0.000000,3.010453
4330.8917,2026-07-15T15:03:28.227963,0.000000,3.010458
4331.3682,2026-07-15T15:03:28.704438,0.000000,3.010416
4331.8236,2026-07-15T15:03:29.159844,0.000000,3.010381
4332.3111,2026-07-15T15:03:29.647415,0.000000,3.010410
4332.7675,2026-07-15T15:03:30.103760,0.000000,3.010494
4333.2669,2026-07-15T15:03:30.603148,0.000000,3.010562
4333.7349,2026-07-15T15:03:31.071157,0.000000,3.010546
4334.2297,2026-07-15T15:03:31.565968,0.000000,3.010587
4334.6828,2026-07-15T15:03:32.019078,0.000000,3.010611
4335.1843,2026-07-15T15:03:32.520640,0.000000,3.010638
4335.6501,2026-07-15T15:03:32.986398,0.000000,3.010632
4336.1479,2026-07-15T15:03:33.484217,0.000000,3.010574
4336.6087,2026-07-15T15:03:33.944976,0.000000,3.010578
4337.1067,2026-07-15T15:03:34.442957,0.000000,3.010560
4337.6017,2026-07-15T15:03:34.938026,0.000000,3.010518
4338.1188,2026-07-15T15:03:35.455083,0.000000,3.010506
4338.5749,2026-07-15T15:03:35.911203,0.000000,3.010501
4339.0752,2026-07-15T15:03:36.411478,0.000000,3.010552
4339.5805,2026-07-15T15:03:36.916801,0.000000,3.010597
4340.0790,2026-07-15T15:03:37.415323,0.000000,3.010619
4340.5325,2026-07-15T15:03:37.868808,0.000000,3.010638
4341.0230,2026-07-15T15:03:38.359341,0.000000,3.010726
4341.5047,2026-07-15T15:03:38.841033,0.000000,3.010746
4341.9945,2026-07-15T15:03:39.330765,0.000000,3.010768
4342.4491,2026-07-15T15:03:39.785405,0.000000,3.010848
4342.9290,2026-07-15T15:03:40.265292,0.000000,3.010862
4343.3818,2026-07-15T15:03:40.718055,0.000000,3.010896
4343.8829,2026-07-15T15:03:41.219157,0.000000,3.010901
4344.3606,2026-07-15T15:03:41.696877,0.000000,3.010899
4344.8585,2026-07-15T15:03:42.194829,0.000000,3.010830
4345.3936,2026-07-15T15:03:42.729899,0.000000,3.010838
4345.8483,2026-07-15T15:03:43.184578,0.000000,3.010851
4346.3335,2026-07-15T15:03:43.669770,0.000000,3.010843
4346.7910,2026-07-15T15:03:44.127324,0.000000,3.010768
4347.2810,2026-07-15T15:03:44.617286,0.000000,3.010734
4347.7547,2026-07-15T15:03:45.091000,0.000000,3.010677
4348.2311,2026-07-15T15:03:45.567369,0.000000,3.010610
4348.7323,2026-07-15T15:03:46.068593,0.000000,3.010547
4349.2315,2026-07-15T15:03:46.567830,0.000000,3.010579
4349.6864,2026-07-15T15:03:47.022742,0.000000,3.010699
4350.1835,2026-07-15T15:03:47.519743,0.000000,3.010827
4350.6438,2026-07-15T15:03:47.980070,0.000000,3.010890
4351.1131,2026-07-15T15:03:48.449389,0.000000,3.010973
4351.5812,2026-07-15T15:03:48.917530,0.000000,3.011062
4352.0441,2026-07-15T15:03:49.380367,0.000000,3.011152
4352.5035,2026-07-15T15:03:49.839775,0.000000,3.011227
4352.9991,2026-07-15T15:03:50.335381,0.000000,3.011270
4353.4475,2026-07-15T15:03:50.783742,0.000000,3.011342
4353.9111,2026-07-15T15:03:51.247379,0.000000,3.011395
4354.3704,2026-07-15T15:03:51.706712,0.000000,3.011370
4354.8242,2026-07-15T15:03:52.160489,0.000000,3.011323
4355.3222,2026-07-15T15:03:52.658484,0.000000,3.011272
4355.8065,2026-07-15T15:03:53.142790,0.000000,3.011246
4356.3066,2026-07-15T15:03:53.642859,0.000000,3.011208
4356.7943,2026-07-15T15:03:54.130626,0.000000,3.011141
4357.3067,2026-07-15T15:03:54.642984,0.000000,3.011061
4357.8064,2026-07-15T15:03:55.142742,0.000000,3.011048
4358.2606,2026-07-15T15:03:55.596912,0.000000,3.010992
4358.7459,2026-07-15T15:03:56.082197,0.000000,3.011008
4359.2397,2026-07-15T15:03:56.576010,0.000000,3.010973
4359.6972,2026-07-15T15:03:57.033486,0.000000,3.010910
4360.1921,2026-07-15T15:03:57.528379,0.000000,3.010902
4360.6936,2026-07-15T15:03:58.029864,0.000000,3.010941
4361.1860,2026-07-15T15:03:58.522310,0.000000,3.010939
4361.6936,2026-07-15T15:03:59.029903,0.000000,3.011018
4362.1978,2026-07-15T15:03:59.534095,0.000000,3.011024
4362.6954,2026-07-15T15:04:00.031705,0.000000,3.011150
4363.1539,2026-07-15T15:04:00.490232,0.000000,3.011267
4363.6189,2026-07-15T15:04:00.955184,0.000000,3.011376
4364.1193,2026-07-15T15:04:01.455562,0.000000,3.011438
4364.5771,2026-07-15T15:04:01.913373,0.000000,3.011560
4365.0646,2026-07-15T15:04:02.400930,0.000000,3.011670
4365.5593,2026-07-15T15:04:02.895619,0.000000,3.011707
4366.0523,2026-07-15T15:04:03.388625,0.000000,3.011768
4366.5542,2026-07-15T15:04:03.890490,0.000000,3.011686
4367.0716,2026-07-15T15:04:04.407930,0.000000,3.011630
4367.5605,2026-07-15T15:04:04.896792,0.000000,3.011514
4368.0155,2026-07-15T15:04:05.351761,0.000000,3.011352
4368.4739,2026-07-15T15:04:05.810143,0.000000,3.011230
4369.0041,2026-07-15T15:04:06.340391,0.000000,3.011115
4369.5035,2026-07-15T15:04:06.839794,0.000000,3.011027
4370.0072,2026-07-15T15:04:07.343485,0.000000,3.010928
4370.4697,2026-07-15T15:04:07.805944,0.000000,3.010918
4370.9202,2026-07-15T15:04:08.256467,0.000000,3.010899
4371.3784,2026-07-15T15:04:08.714663,0.000000,3.010962
4371.8653,2026-07-15T15:04:09.201602,0.000000,3.011051
4372.3194,2026-07-15T15:04:09.655723,0.000000,3.011125
4372.8139,2026-07-15T15:04:10.150167,0.000000,3.011171
4373.3201,2026-07-15T15:04:10.656350,0.000000,3.011208
4373.8268,2026-07-15T15:04:11.163070,0.000000,3.011226
4374.2786,2026-07-15T15:04:11.614902,0.000000,3.011218
4374.7385,2026-07-15T15:04:12.074797,0.000000,3.011115
4375.2397,2026-07-15T15:04:12.575964,0.000000,3.011014
4375.6946,2026-07-15T15:04:13.030844,0.000000,3.010902
4376.1860,2026-07-15T15:04:13.522269,0.000000,3.010834
4376.6446,2026-07-15T15:04:13.980857,0.000000,3.010774
4377.1339,2026-07-15T15:04:14.470180,0.000000,3.010733
4377.6019,2026-07-15T15:04:14.938180,0.000000,3.010678
4378.1038,2026-07-15T15:04:15.440070,0.000000,3.010661
4378.5632,2026-07-15T15:04:15.899480,0.000000,3.010722
4379.0584,2026-07-15T15:04:16.394742,0.000000,3.010669
4379.5218,2026-07-15T15:04:16.858049,0.000000,3.010669
4379.9985,2026-07-15T15:04:17.334815,0.000000,3.010725
4380.4581,2026-07-15T15:04:17.794437,0.000000,3.010682
4380.9481,2026-07-15T15:04:18.284434,0.000000,3.010706
4381.4283,2026-07-15T15:04:18.764639,0.000000,3.010720
4381.8800,2026-07-15T15:04:19.216254,0.000000,3.010662
4382.3383,2026-07-15T15:04:19.674641,0.000000,3.010619
4382.7906,2026-07-15T15:04:20.126893,0.000000,3.010616
4383.2569,2026-07-15T15:04:20.593203,0.000000,3.010571
4383.7246,2026-07-15T15:04:21.060886,0.000000,3.010605
4384.2094,2026-07-15T15:04:21.545706,0.000000,3.010640
4384.6659,2026-07-15T15:04:22.002155,0.000000,3.010622
4385.1258,2026-07-15T15:04:22.462116,0.000000,3.010653
4385.6182,2026-07-15T15:04:22.954540,0.000000,3.010678
4386.1087,2026-07-15T15:04:23.444961,0.000000,3.010630
4386.5614,2026-07-15T15:04:23.897664,0.000000,3.010600
4387.0566,2026-07-15T15:04:24.392885,0.000000,3.010600
4387.5139,2026-07-15T15:04:24.850237,0.000000,3.010558
4388.0125,2026-07-15T15:04:25.348801,0.000000,3.010571
4388.4629,2026-07-15T15:04:25.799157,0.000000,3.010643
4388.9235,2026-07-15T15:04:26.259799,0.000000,3.010598
4389.4088,2026-07-15T15:04:26.745041,0.000000,3.010603
4389.9091,2026-07-15T15:04:27.245412,0.000000,3.010603
4390.4094,2026-07-15T15:04:27.745722,0.000000,3.010565
4390.8982,2026-07-15T15:04:28.234507,0.000000,3.010570
4391.4004,2026-07-15T15:04:28.736708,0.000000,3.010539
4391.8642,2026-07-15T15:04:29.200519,0.000000,3.010651
4392.3147,2026-07-15T15:04:29.651030,0.000000,3.010720
4392.7697,2026-07-15T15:04:30.105980,0.000000,3.010731
4393.2505,2026-07-15T15:04:30.586811,0.000000,3.010683
4393.7130,2026-07-15T15:04:31.049335,0.000000,3.010581
4394.2107,2026-07-15T15:04:31.546992,0.000000,3.010578
4394.6820,2026-07-15T15:04:32.018340,0.000000,3.010589
4395.1558,2026-07-15T15:04:32.492112,0.000000,3.010549
4395.6389,2026-07-15T15:04:32.975176,0.000000,3.010571
4396.1206,2026-07-15T15:04:33.456893,0.000000,3.010546
4396.5817,2026-07-15T15:04:33.918014,0.000000,3.010560
4397.0840,2026-07-15T15:04:34.420278,0.000000,3.010517
4397.5862,2026-07-15T15:04:34.922448,0.000000,3.010480
4398.0882,2026-07-15T15:04:35.424513,0.000000,3.010485
4398.5607,2026-07-15T15:04:35.896982,0.000000,3.010539
4399.0454,2026-07-15T15:04:36.381683,0.000000,3.010515
4399.5329,2026-07-15T15:04:36.869166,0.000000,3.010498
4400.0345,2026-07-15T15:04:37.370831,0.000000,3.010499
4400.4956,2026-07-15T15:04:37.831916,0.000000,3.010454
4400.9477,2026-07-15T15:04:38.284000,0.000000,3.010456
4401.4264,2026-07-15T15:04:38.762682,0.000000,3.010334
4401.8812,2026-07-15T15:04:39.217480,0.000000,3.010253
4402.3796,2026-07-15T15:04:39.715877,0.000000,3.010285
4402.8462,2026-07-15T15:04:40.182470,0.000000,3.010221
4403.3484,2026-07-15T15:04:40.684697,0.000000,3.010170
4403.8074,2026-07-15T15:04:41.143732,0.000000,3.010110
4404.2660,2026-07-15T15:04:41.602247,0.000000,3.010050
4404.7565,2026-07-15T15:04:42.092799,0.000000,3.010072
4405.2399,2026-07-15T15:04:42.576190,0.000000,3.010155
4405.7442,2026-07-15T15:04:43.080462,0.000000,3.010117
4406.2346,2026-07-15T15:04:43.570900,0.000000,3.010184
4406.7343,2026-07-15T15:04:44.070543,0.000000,3.010258
4407.2513,2026-07-15T15:04:44.587601,0.000000,3.010222
4407.7200,2026-07-15T15:04:45.056311,0.000000,3.010211
4408.2069,2026-07-15T15:04:45.543232,0.000000,3.010200
4408.6728,2026-07-15T15:04:46.009071,0.000000,3.010298
4409.1619,2026-07-15T15:04:46.498201,0.000000,3.010344
4409.6678,2026-07-15T15:04:47.004102,0.000000,3.010400
4410.1198,2026-07-15T15:04:47.456045,0.000000,3.010410
4410.5720,2026-07-15T15:04:47.908279,0.000000,3.010443
4411.0763,2026-07-15T15:04:48.412614,0.000000,3.010466
4411.5306,2026-07-15T15:04:48.866876,0.000000,3.010547
4411.9950,2026-07-15T15:04:49.331270,0.000000,3.010637
4412.4544,2026-07-15T15:04:49.790657,0.000000,3.010674
4412.9478,2026-07-15T15:04:50.284100,0.000000,3.010770
4413.3978,2026-07-15T15:04:50.734046,0.000000,3.010787
4413.8564,2026-07-15T15:04:51.192681,0.000000,3.010763
4414.3537,2026-07-15T15:04:51.690042,0.000000,3.010754
4414.8116,2026-07-15T15:04:52.147913,0.000000,3.010770
4415.2968,2026-07-15T15:04:52.633041,0.000000,3.010779
4415.7728,2026-07-15T15:04:53.109134,0.000000,3.010805
4416.3005,2026-07-15T15:04:53.636747,0.000000,3.010739
4416.8005,2026-07-15T15:04:54.136747,0.000000,3.010701
4417.2981,2026-07-15T15:04:54.634356,0.000000,3.010694
4417.7555,2026-07-15T15:04:55.091787,0.000000,3.010678
4418.2275,2026-07-15T15:04:55.563759,0.000000,3.010691
4418.7325,2026-07-15T15:04:56.068772,0.000000,3.010650
4419.2280,2026-07-15T15:04:56.564324,0.000000,3.010630
4419.6897,2026-07-15T15:04:57.026002,0.000000,3.010658
4420.1889,2026-07-15T15:04:57.525215,0.000000,3.010690
4420.6500,2026-07-15T15:04:57.986260,0.000000,3.010632
4421.1068,2026-07-15T15:04:58.443095,0.000000,3.010602
4421.6071,2026-07-15T15:04:58.943434,0.000000,3.010568
4422.1027,2026-07-15T15:04:59.439035,0.000000,3.010598
4422.5740,2026-07-15T15:04:59.910263,0.000000,3.010542
4423.1093,2026-07-15T15:05:00.445583,0.000000,3.010538
4423.6087,2026-07-15T15:05:00.944982,0.000000,3.010562
4424.0965,2026-07-15T15:05:01.432835,0.000000,3.010590
4424.5453,2026-07-15T15:05:01.881598,0.000000,3.010562
4425.0424,2026-07-15T15:05:02.378674,0.000000,3.010467
4425.5423,2026-07-15T15:05:02.878534,0.000000,3.010474
4426.0470,2026-07-15T15:05:03.383264,0.000000,3.010486
4426.5035,2026-07-15T15:05:03.839769,0.000000,3.010576
4426.9923,2026-07-15T15:05:04.328550,0.000000,3.010510
4427.4699,2026-07-15T15:05:04.806150,0.000000,3.010461
4427.9483,2026-07-15T15:05:05.284557,0.000000,3.010427
4428.4714,2026-07-15T15:05:05.807668,0.000000,3.010392
4428.9395,2026-07-15T15:05:06.275792,0.000000,3.010334
4429.4232,2026-07-15T15:05:06.759541,0.000000,3.010344
4429.8787,2026-07-15T15:05:07.215012,0.000000,3.010371
4430.3405,2026-07-15T15:05:07.676814,0.000000,3.010411
4430.8320,2026-07-15T15:05:08.168258,0.000000,3.010416
4431.2900,2026-07-15T15:05:08.626303,0.000000,3.010381
4431.7922,2026-07-15T15:05:09.128532,0.000000,3.010338
4432.2724,2026-07-15T15:05:09.608724,0.000000,3.010373
4432.7640,2026-07-15T15:05:10.100249,0.000000,3.010408
4433.2322,2026-07-15T15:05:10.568470,0.000000,3.010386
4433.7154,2026-07-15T15:05:11.051738,0.000000,3.010381
4434.1984,2026-07-15T15:05:11.534707,0.000000,3.010360
4434.6734,2026-07-15T15:05:12.009742,0.000000,3.010334
4435.1655,2026-07-15T15:05:12.501779,0.000000,3.010254
4435.6226,2026-07-15T15:05:12.958863,0.000000,3.010254
4436.0812,2026-07-15T15:05:13.417534,0.000000,3.010248
4436.5807,2026-07-15T15:05:13.916979,0.000000,3.010248
4437.0449,2026-07-15T15:05:14.381179,0.000000,3.010274
4437.4992,2026-07-15T15:05:14.835459,0.000000,3.010251
4437.9493,2026-07-15T15:05:15.285642,0.000000,3.010283
4438.4278,2026-07-15T15:05:15.764103,0.000000,3.010299
4438.9011,2026-07-15T15:05:16.237388,0.000000,3.010330
4439.4004,2026-07-15T15:05:16.736709,0.000000,3.010394
4439.8583,2026-07-15T15:05:17.194619,0.000000,3.010403
4440.3661,2026-07-15T15:05:17.702379,0.000000,3.010402
4440.8451,2026-07-15T15:05:18.181359,0.000000,3.010405
4441.3049,2026-07-15T15:05:18.641229,0.000000,3.010402
4441.7583,2026-07-15T15:05:19.094567,0.000000,3.010358
4442.2480,2026-07-15T15:05:19.584272,0.000000,3.010370
4442.7341,2026-07-15T15:05:20.070440,0.000000,3.010416
4443.2014,2026-07-15T15:05:20.537688,0.000000,3.010438
4443.6534,2026-07-15T15:05:20.989700,0.000000,3.010445
4444.1142,2026-07-15T15:05:21.450491,0.000000,3.010482
4444.5766,2026-07-15T15:05:21.912842,0.000000,3.010517
4445.0512,2026-07-15T15:05:22.387469,0.000000,3.010555
4445.5076,2026-07-15T15:05:22.843919,0.000000,3.010669
4446.0141,2026-07-15T15:05:23.350393,0.000000,3.010715
4446.5002,2026-07-15T15:05:23.836468,0.000000,3.010800
4447.0027,2026-07-15T15:05:24.339029,0.000000,3.010869
4447.4516,2026-07-15T15:05:24.787929,0.000000,3.010917
4447.9182,2026-07-15T15:05:25.254538,0.000000,3.010930
4448.3887,2026-07-15T15:05:25.725013,0.000000,3.010971
4448.8802,2026-07-15T15:05:26.216511,0.000000,3.011030
4449.3631,2026-07-15T15:05:26.699379,0.000000,3.011070
4449.8548,2026-07-15T15:05:27.191102,0.000000,3.011080
4450.3346,2026-07-15T15:05:27.670900,0.000000,3.011094
4450.8195,2026-07-15T15:05:28.155751,0.000000,3.011102
4451.3365,2026-07-15T15:05:28.672842,0.000000,3.011094
4451.8318,2026-07-15T15:05:29.168105,0.000000,3.011125
4452.3278,2026-07-15T15:05:29.664087,0.000000,3.011125
4452.8271,2026-07-15T15:05:30.163404,0.000000,3.011133
4453.2962,2026-07-15T15:05:30.632510,0.000000,3.011173
4453.7590,2026-07-15T15:05:31.095300,0.000000,3.011102
4454.2615,2026-07-15T15:05:31.597753,0.000000,3.011048
4454.7523,2026-07-15T15:05:32.088620,0.000000,3.010984
4455.2241,2026-07-15T15:05:32.560425,0.000000,3.010958
4455.6742,2026-07-15T15:05:33.010478,0.000000,3.010848
4456.1240,2026-07-15T15:05:33.460283,0.000000,3.010842
4456.6219,2026-07-15T15:05:33.958211,0.000000,3.010814
4457.1162,2026-07-15T15:05:34.452501,0.000000,3.010808
4457.5693,2026-07-15T15:05:34.905551,0.000000,3.010750
4458.0356,2026-07-15T15:05:35.371867,0.000000,3.010669
4458.5201,2026-07-15T15:05:35.856415,0.000000,3.010659
4458.9944,2026-07-15T15:05:36.330653,0.000000,3.010726
4459.4423,2026-07-15T15:05:36.778557,0.000000,3.010726
4459.9378,2026-07-15T15:05:37.274081,0.000000,3.010811
4460.4220,2026-07-15T15:05:37.758332,0.000000,3.010862
4460.8810,2026-07-15T15:05:38.217250,0.000000,3.010904
4461.3674,2026-07-15T15:05:38.703665,0.000000,3.010933
4461.8575,2026-07-15T15:05:39.193756,0.000000,3.011014
4462.3061,2026-07-15T15:05:39.642425,0.000000,3.011051
4462.7675,2026-07-15T15:05:40.103745,0.000000,3.011122
4463.2931,2026-07-15T15:05:40.629418,0.000000,3.011165
4463.7697,2026-07-15T15:05:41.105949,0.000000,3.011099
4464.2320,2026-07-15T15:05:41.568335,0.000000,3.011042
4464.6868,2026-07-15T15:05:42.023050,0.000000,3.010970
4465.1769,2026-07-15T15:05:42.513146,0.000000,3.010971
4465.6473,2026-07-15T15:05:42.983567,0.000000,3.010995
4466.1426,2026-07-15T15:05:43.478941,0.000000,3.010910
4466.6070,2026-07-15T15:05:43.943244,0.000000,3.010878
4467.1096,2026-07-15T15:05:44.445891,0.000000,3.010899
4467.5889,2026-07-15T15:05:44.925184,0.000000,3.010818
4468.1065,2026-07-15T15:05:45.442767,0.000000,3.010778
4468.5618,2026-07-15T15:05:45.898119,0.000000,3.010787
4469.0593,2026-07-15T15:05:46.395592,0.000000,3.010808
4469.5401,2026-07-15T15:05:46.876338,0.000000,3.010814
4470.0324,2026-07-15T15:05:47.368680,0.000000,3.010822
4470.4870,2026-07-15T15:05:47.823254,0.000000,3.010771
4470.9823,2026-07-15T15:05:48.318632,0.000000,3.010728
4471.4518,2026-07-15T15:05:48.788119,0.000000,3.010742
4471.9490,2026-07-15T15:05:49.285280,0.000000,3.010728
4472.4036,2026-07-15T15:05:49.739877,0.000000,3.010709
4472.8580,2026-07-15T15:05:50.194304,0.000000,3.010693
4473.3110,2026-07-15T15:05:50.647256,0.000000,3.010709
4473.7892,2026-07-15T15:05:51.125464,0.000000,3.010758
4474.2692,2026-07-15T15:05:51.605503,0.000000,3.010707
4474.7696,2026-07-15T15:05:52.105890,0.000000,3.010646
4475.2697,2026-07-15T15:05:52.605968,0.000000,3.010619
4475.7172,2026-07-15T15:05:53.053520,0.000000,3.010574
4476.1863,2026-07-15T15:05:53.522581,0.000000,3.010597
4476.6892,2026-07-15T15:05:54.025511,0.000000,3.010538
4477.1748,2026-07-15T15:05:54.511115,0.000000,3.010544
4477.6563,2026-07-15T15:05:54.992637,0.000000,3.010541
4478.1682,2026-07-15T15:05:55.504505,0.000000,3.010538
4478.6345,2026-07-15T15:05:55.970815,0.000000,3.010538
4479.1324,2026-07-15T15:05:56.468665,0.000000,3.010605
4479.5984,2026-07-15T15:05:56.934671,0.000000,3.010662
4480.0714,2026-07-15T15:05:57.407672,0.000000,3.010675
4480.5554,2026-07-15T15:05:57.891727,0.000000,3.010710
4481.0203,2026-07-15T15:05:58.356639,0.000000,3.010747
4481.4843,2026-07-15T15:05:58.820615,0.000000,3.010712
4481.9517,2026-07-15T15:05:59.288016,0.000000,3.010682
4482.4368,2026-07-15T15:05:59.773087,0.000000,3.010627
4482.9057,2026-07-15T15:06:00.242020,0.000000,3.010586
4483.3763,2026-07-15T15:06:00.712608,0.000000,3.010587
4483.8318,2026-07-15T15:06:01.168067,0.000000,3.010522
4484.3345,2026-07-15T15:06:01.670831,0.000000,3.010558
4484.8131,2026-07-15T15:06:02.149344,0.000000,3.010576
4485.3138,2026-07-15T15:06:02.650062,0.000000,3.010597
4485.7719,2026-07-15T15:06:03.108231,0.000000,3.010546
4486.2684,2026-07-15T15:06:03.604634,0.000000,3.010501
4486.7452,2026-07-15T15:06:04.081489,0.000000,3.010440
4487.2740,2026-07-15T15:06:04.610298,0.000000,3.010419
4487.7321,2026-07-15T15:06:05.068348,0.000000,3.010360
4488.2197,2026-07-15T15:06:05.555990,0.000000,3.010350
4488.6788,2026-07-15T15:06:06.015075,0.000000,3.010378
4489.1492,2026-07-15T15:06:06.485524,0.000000,3.010301
4489.6114,2026-07-15T15:06:06.947672,0.000000,3.010219
4490.1031,2026-07-15T15:06:07.439441,0.000000,3.010181
4490.5749,2026-07-15T15:06:07.911233,0.000000,3.010128
4491.0464,2026-07-15T15:06:08.382713,0.000000,3.010102
4491.5157,2026-07-15T15:06:08.852016,0.000000,3.010165
4492.0181,2026-07-15T15:06:09.354440,0.000000,3.010232
4492.4673,2026-07-15T15:06:09.803548,0.000000,3.010280
4492.9250,2026-07-15T15:06:10.261288,0.000000,3.010362
4493.3749,2026-07-15T15:06:10.711154,0.000000,3.010344
4493.8343,2026-07-15T15:06:11.170558,0.000000,3.010344
4494.3264,2026-07-15T15:06:11.662718,0.000000,3.010342
4494.8208,2026-07-15T15:06:12.157097,0.000000,3.010397
4495.3192,2026-07-15T15:06:12.655469,0.000000,3.010462
4495.7668,2026-07-15T15:06:13.103087,0.000000,3.010501
4496.2182,2026-07-15T15:06:13.554449,0.000000,3.010470
4496.7095,2026-07-15T15:06:14.045772,0.000000,3.010539
4497.1782,2026-07-15T15:06:14.514467,0.000000,3.010571
4497.6735,2026-07-15T15:06:15.009761,0.000000,3.010629
4498.1245,2026-07-15T15:06:15.460820,0.000000,3.010688
4498.6224,2026-07-15T15:06:15.958711,0.000000,3.010730
4499.0883,2026-07-15T15:06:16.424637,0.000000,3.010838
4499.5892,2026-07-15T15:06:16.925483,0.000000,3.010853
4500.1148,2026-07-15T15:06:17.451124,0.000000,3.010848
4500.5901,2026-07-15T15:06:17.926360,0.000000,3.010947
4501.0778,2026-07-15T15:06:18.414105,0.000000,3.011030
4501.5485,2026-07-15T15:06:18.884757,0.000000,3.011080
4502.0444,2026-07-15T15:06:19.380702,0.000000,3.011131
4502.5502,2026-07-15T15:06:19.886457,0.000000,3.011128
4503.0363,2026-07-15T15:06:20.372592,0.000000,3.011115
4503.5051,2026-07-15T15:06:20.841431,0.000000,3.011101
4504.0051,2026-07-15T15:06:21.341433,0.000000,3.011083
4504.4614,2026-07-15T15:06:21.797716,0.000000,3.011082
4504.9554,2026-07-15T15:06:22.291667,0.000000,3.011106
4505.4544,2026-07-15T15:06:22.790701,0.000000,3.010978
4505.9832,2026-07-15T15:06:23.319467,0.000000,3.010912
4506.4802,2026-07-15T15:06:23.816483,0.000000,3.010909
4506.9417,2026-07-15T15:06:24.278026,0.000000,3.010875
4507.3956,2026-07-15T15:06:24.731924,0.000000,3.010880
4507.8572,2026-07-15T15:06:25.193522,0.000000,3.010854
4508.3555,2026-07-15T15:06:25.691817,0.000000,3.010838
4508.8515,2026-07-15T15:06:26.187836,0.000000,3.010888
4509.3477,2026-07-15T15:06:26.683959,0.000000,3.010920
4509.8002,2026-07-15T15:06:27.136488,0.000000,3.010986
4510.2575,2026-07-15T15:06:27.593783,0.000000,3.011051
4510.7188,2026-07-15T15:06:28.055108,0.000000,3.011168
4511.2079,2026-07-15T15:06:28.544175,0.000000,3.011202
4511.6847,2026-07-15T15:06:29.020954,0.000000,3.011229
4512.1829,2026-07-15T15:06:29.519176,0.000000,3.011291
4512.6332,2026-07-15T15:06:29.969444,0.000000,3.011365
4513.1034,2026-07-15T15:06:30.439737,0.000000,3.011502
4513.5812,2026-07-15T15:06:30.917523,0.000000,3.011613
4514.0747,2026-07-15T15:06:31.411021,0.000000,3.011707
4514.5848,2026-07-15T15:06:31.921116,0.000000,3.011734
4515.0898,2026-07-15T15:06:32.426066,0.000000,3.011766
4515.5866,2026-07-15T15:06:32.922886,0.000000,3.011778
4516.0828,2026-07-15T15:06:33.419128,0.000000,3.011789
4516.5458,2026-07-15T15:06:33.882142,0.000000,3.011798
4517.0519,2026-07-15T15:06:34.388146,0.000000,3.011779
4517.5110,2026-07-15T15:06:34.847267,0.000000,3.011699
4518.0143,2026-07-15T15:06:35.350641,0.000000,3.011643
4518.4657,2026-07-15T15:06:35.802022,0.000000,3.011462
4518.9230,2026-07-15T15:06:36.259252,0.000000,3.011390
4519.3708,2026-07-15T15:06:36.707084,0.000000,3.011341
4519.8230,2026-07-15T15:06:37.159240,0.000000,3.011346
4520.2634,2026-07-15T15:06:37.599716,0.000000,3.011438
4520.7235,2026-07-15T15:06:38.059763,0.000000,3.011450
4521.2242,2026-07-15T15:06:38.560504,0.000000,3.011414
4521.6931,2026-07-15T15:06:39.029412,0.000000,3.011450
4522.1906,2026-07-15T15:06:39.526866,0.000000,3.011494
4522.6465,2026-07-15T15:06:39.982790,0.000000,3.011549
4523.1398,2026-07-15T15:06:40.476126,0.000000,3.011629
4523.6261,2026-07-15T15:06:40.962402,0.000000,3.011757
4524.1224,2026-07-15T15:06:41.458721,0.000000,3.011846
4524.6283,2026-07-15T15:06:41.964604,0.000000,3.011779
4525.1352,2026-07-15T15:06:42.471494,0.000000,3.011795
4525.6305,2026-07-15T15:06:42.966846,0.000000,3.011771
4526.1231,2026-07-15T15:06:43.459431,0.000000,3.011880
4526.6224,2026-07-15T15:06:43.958710,0.000000,3.011942
4527.1481,2026-07-15T15:06:44.484433,0.000000,3.012011
4527.6348,2026-07-15T15:06:44.971070,0.000000,3.012040
4528.1113,2026-07-15T15:06:45.447619,0.000000,3.012045
4528.5802,2026-07-15T15:06:45.916475,0.000000,3.012085
4529.0786,2026-07-15T15:06:46.414938,0.000000,3.012058
4529.5367,2026-07-15T15:06:46.872979,0.000000,3.012098
4530.0237,2026-07-15T15:06:47.359962,0.000000,3.012064
4530.4674,2026-07-15T15:06:47.803693,0.000000,3.012018
4530.9256,2026-07-15T15:06:48.261857,0.000000,3.011902
4531.3866,2026-07-15T15:06:48.722932,0.000000,3.011798
4531.8854,2026-07-15T15:06:49.221733,0.000000,3.011752
4532.3531,2026-07-15T15:06:49.689404,0.000000,3.011586
4532.8008,2026-07-15T15:06:50.137107,0.000000,3.011568
4533.2977,2026-07-15T15:06:50.633951,0.000000,3.011518
4533.7622,2026-07-15T15:06:51.098490,0.000000,3.011362
4534.2183,2026-07-15T15:06:51.554603,0.000000,3.011222
4534.6771,2026-07-15T15:06:52.013378,0.000000,3.011128
4535.1690,2026-07-15T15:06:52.505275,0.000000,3.011069
4535.6498,2026-07-15T15:06:52.986123,0.000000,3.011046
4536.1519,2026-07-15T15:06:53.488156,0.000000,3.011035
4536.6516,2026-07-15T15:06:53.987854,0.000000,3.010957
4537.1871,2026-07-15T15:06:54.523443,0.000000,3.010907
4537.6534,2026-07-15T15:06:54.989702,0.000000,3.010765
4538.1426,2026-07-15T15:06:55.478896,0.000000,3.010707
4538.6139,2026-07-15T15:06:55.950205,0.000000,3.010701
4539.0953,2026-07-15T15:06:56.431613,0.000000,3.010683
4539.5530,2026-07-15T15:06:56.889291,0.000000,3.010667
4540.0203,2026-07-15T15:06:57.356643,0.000000,3.010622
4540.5125,2026-07-15T15:06:57.848833,0.000000,3.010608
4541.0118,2026-07-15T15:06:58.348129,0.000000,3.010578
4541.5020,2026-07-15T15:06:58.838292,0.000000,3.010634
4541.9693,2026-07-15T15:06:59.305598,0.000000,3.010651
4542.4253,2026-07-15T15:06:59.761570,0.000000,3.010774
4542.9225,2026-07-15T15:07:00.258771,0.000000,3.010853
4543.3785,2026-07-15T15:07:00.714748,0.000000,3.010854
4543.8452,2026-07-15T15:07:01.181536,0.000000,3.010942
4544.3016,2026-07-15T15:07:01.637852,0.000000,3.011032
4544.8016,2026-07-15T15:07:02.137882,0.000000,3.011134
4545.2959,2026-07-15T15:07:02.632172,0.000000,3.011222
4545.7951,2026-07-15T15:07:03.131369,0.000000,3.011294
4546.3315,2026-07-15T15:07:03.667757,0.000000,3.011318
4546.7929,2026-07-15T15:07:04.129144,0.000000,3.011366
4547.2881,2026-07-15T15:07:04.624355,0.000000,3.011368
4547.7500,2026-07-15T15:07:05.086274,0.000000,3.011339
4548.2290,2026-07-15T15:07:05.565307,0.000000,3.011355
4548.6858,2026-07-15T15:07:06.022055,0.000000,3.011301
4549.1837,2026-07-15T15:07:06.519965,0.000000,3.011318
4549.6872,2026-07-15T15:07:07.023525,0.000000,3.011280
4550.1707,2026-07-15T15:07:07.506984,0.000000,3.011254
4550.6541,2026-07-15T15:07:07.990395,0.000000,3.011253
4551.1699,2026-07-15T15:07:08.506143,0.000000,3.011315
4551.6702,2026-07-15T15:07:09.006542,0.000000,3.011362
4552.1248,2026-07-15T15:07:09.461063,0.000000,3.011346
4552.5865,2026-07-15T15:07:09.922754,0.000000,3.011363
4553.1001,2026-07-15T15:07:10.436354,0.000000,3.011421
4553.5545,2026-07-15T15:07:10.890816,0.000000,3.011458
4554.0365,2026-07-15T15:07:11.372785,0.000000,3.011485
4554.5361,2026-07-15T15:07:11.872395,0.000000,3.011558
4555.0328,2026-07-15T15:07:12.369135,0.000000,3.011589
4555.5160,2026-07-15T15:07:12.852241,0.000000,3.011498
4556.0108,2026-07-15T15:07:13.347097,0.000000,3.011478
4556.5087,2026-07-15T15:07:13.844996,0.000000,3.011384
4557.0231,2026-07-15T15:07:14.359428,0.000000,3.011466
4557.5243,2026-07-15T15:07:14.860550,0.000000,3.011520
4558.0306,2026-07-15T15:07:15.366874,0.000000,3.011507
4558.5131,2026-07-15T15:07:15.849378,0.000000,3.011507
4559.0109,2026-07-15T15:07:16.347169,0.000000,3.011445
4559.4732,2026-07-15T15:07:16.809449,0.000000,3.011405
4559.9546,2026-07-15T15:07:17.290876,0.000000,3.011410
4560.4051,2026-07-15T15:07:17.741400,0.000000,3.011486
4560.8995,2026-07-15T15:07:18.235783,0.000000,3.011496
4561.3553,2026-07-15T15:07:18.691550,0.000000,3.011490
4561.8133,2026-07-15T15:07:19.149638,0.000000,3.011381
4562.2724,2026-07-15T15:07:19.608692,0.000000,3.011211
4562.7651,2026-07-15T15:07:20.101378,0.000000,3.011142
4563.2731,2026-07-15T15:07:20.609393,0.000000,3.011021
4563.7911,2026-07-15T15:07:21.127370,0.000000,3.010917
4564.2928,2026-07-15T15:07:21.629124,0.000000,3.010834
4564.7502,2026-07-15T15:07:22.086511,0.000000,3.010715
4565.2127,2026-07-15T15:07:22.548996,0.000000,3.010626
4565.7031,2026-07-15T15:07:23.039375,0.000000,3.010555
4566.1996,2026-07-15T15:07:23.535922,0.000000,3.010506
4566.6951,2026-07-15T15:07:24.031379,0.000000,3.010474
4567.1899,2026-07-15T15:07:24.526210,0.000000,3.010474
4567.6972,2026-07-15T15:07:25.033480,0.000000,3.010434
4568.1929,2026-07-15T15:07:25.529153,0.000000,3.010506
4568.6994,2026-07-15T15:07:26.035680,0.000000,3.010566
4569.2001,2026-07-15T15:07:26.536385,0.000000,3.010512
4569.7005,2026-07-15T15:07:27.036759,0.000000,3.010520
4570.1980,2026-07-15T15:07:27.534316,0.000000,3.010541
4570.6493,2026-07-15T15:07:27.985632,0.000000,3.010547
4571.1401,2026-07-15T15:07:28.476402,0.000000,3.010613
4571.5987,2026-07-15T15:07:28.934976,0.000000,3.010638
4572.0906,2026-07-15T15:07:29.426926,0.000000,3.010677
4572.5463,2026-07-15T15:07:29.882570,0.000000,3.010792
4573.0114,2026-07-15T15:07:30.347663,0.000000,3.010810
4573.4736,2026-07-15T15:07:30.809859,0.000000,3.010856
4573.9662,2026-07-15T15:07:31.302492,0.000000,3.010957
4574.4298,2026-07-15T15:07:31.766071,0.000000,3.011066
4574.9067,2026-07-15T15:07:32.243007,0.000000,3.011109
4575.4077,2026-07-15T15:07:32.743974,0.000000,3.011173
4575.8997,2026-07-15T15:07:33.235989,0.000000,3.011232
4576.3992,2026-07-15T15:07:33.735488,0.000000,3.011211
4576.8717,2026-07-15T15:07:34.207977,0.000000,3.011149
4577.3744,2026-07-15T15:07:34.710698,0.000000,3.011110
4577.8729,2026-07-15T15:07:35.209237,0.000000,3.011010
4578.3546,2026-07-15T15:07:35.690840,0.000000,3.010957
4578.8079,2026-07-15T15:07:36.144234,0.000000,3.010938
4579.2728,2026-07-15T15:07:36.609104,0.000000,3.010886
4579.7499,2026-07-15T15:07:37.086188,0.000000,3.010928
4580.2059,2026-07-15T15:07:37.542220,0.000000,3.010976
4580.6874,2026-07-15T15:07:38.023690,0.000000,3.011034
4581.1870,2026-07-15T15:07:38.523266,0.000000,3.011090
4581.6465,2026-07-15T15:07:38.982798,0.000000,3.011285
4582.1492,2026-07-15T15:07:39.485465,0.000000,3.011469
4582.6451,2026-07-15T15:07:39.981428,0.000000,3.011490
4583.1217,2026-07-15T15:07:40.457990,0.000000,3.011555
4583.6166,2026-07-15T15:07:40.952908,0.000000,3.011605
4584.1379,2026-07-15T15:07:41.474237,0.000000,3.011658
4584.5885,2026-07-15T15:07:41.924746,0.000000,3.011642
4585.0959,2026-07-15T15:07:42.432187,0.000000,3.011605
4585.5547,2026-07-15T15:07:42.890948,0.000000,3.011539
4586.0210,2026-07-15T15:07:43.357345,0.000000,3.011541
4586.4729,2026-07-15T15:07:43.809222,0.000000,3.011414
4586.9651,2026-07-15T15:07:44.301440,0.000000,3.011234
4587.4394,2026-07-15T15:07:44.775713,0.000000,3.011179
4587.8984,2026-07-15T15:07:45.234709,0.000000,3.011184
4588.3916,2026-07-15T15:07:45.727910,0.000000,3.011171
4588.8603,2026-07-15T15:07:46.196606,0.000000,3.011168
4589.3333,2026-07-15T15:07:46.669639,0.000000,3.011133
4589.8111,2026-07-15T15:07:47.147383,0.000000,3.011083
4590.3110,2026-07-15T15:07:47.647313,0.000000,3.011091
4590.8147,2026-07-15T15:07:48.150968,0.000000,3.011069
4591.3084,2026-07-15T15:07:48.644676,0.000000,3.011099
4591.8168,2026-07-15T15:07:49.153107,0.000000,3.011144
4592.3123,2026-07-15T15:07:49.648635,0.000000,3.011205
4592.7913,2026-07-15T15:07:50.127555,0.000000,3.011224
4593.2944,2026-07-15T15:07:50.630687,0.000000,3.011272
4593.7946,2026-07-15T15:07:51.130903,0.000000,3.011331
4594.2996,2026-07-15T15:07:51.635878,0.000000,3.011358
4594.7961,2026-07-15T15:07:52.132361,0.000000,3.011427
4595.3111,2026-07-15T15:07:52.647355,0.000000,3.011443
4595.7977,2026-07-15T15:07:53.133986,0.000000,3.011477
4596.2914,2026-07-15T15:07:53.627666,0.000000,3.011470
4596.7477,2026-07-15T15:07:54.083950,0.000000,3.011430
4597.2411,2026-07-15T15:07:54.577425,0.000000,3.011456
4597.7344,2026-07-15T15:07:55.070728,0.000000,3.011443
4598.2154,2026-07-15T15:07:55.551707,0.000000,3.011482
4598.6748,2026-07-15T15:07:56.011116,0.000000,3.011464
4599.1783,2026-07-15T15:07:56.514555,0.000000,3.011512
4599.6668,2026-07-15T15:07:57.003092,0.000000,3.011586
4600.1526,2026-07-15T15:07:57.488847,0.000000,3.011666
4600.6748,2026-07-15T15:07:58.011057,0.000000,3.011702
4601.1779,2026-07-15T15:07:58.514227,0.000000,3.011797
4601.6652,2026-07-15T15:07:59.001472,0.000000,3.011901
4602.1649,2026-07-15T15:07:59.501224,0.000000,3.011947
4602.6217,2026-07-15T15:07:59.958016,0.000000,3.012008
4603.1148,2026-07-15T15:08:00.451103,0.000000,3.012016
4603.5732,2026-07-15T15:08:00.909499,0.000000,3.012074
4604.0399,2026-07-15T15:08:01.376161,0.000000,3.012064
4604.5311,2026-07-15T15:08:01.867359,0.000000,3.011995
4605.0087,2026-07-15T15:08:02.344959,0.000000,3.011973
4605.4980,2026-07-15T15:08:02.834288,0.000000,3.011966
4605.9464,2026-07-15T15:08:03.282722,0.000000,3.011952
4606.3973,2026-07-15T15:08:03.733599,0.000000,3.011906
4606.8647,2026-07-15T15:08:04.200952,0.000000,3.011891
4607.3238,2026-07-15T15:08:04.660095,0.000000,3.011947
4607.7802,2026-07-15T15:08:05.116473,0.000000,3.011920
4608.2779,2026-07-15T15:08:05.614186,0.000000,3.011814
4608.7707,2026-07-15T15:08:06.106972,0.000000,3.011752
4609.2741,2026-07-15T15:08:06.610386,0.000000,3.011776
4609.7723,2026-07-15T15:08:07.108596,0.000000,3.011782
4610.2708,2026-07-15T15:08:07.607127,0.000000,3.011654
4610.7679,2026-07-15T15:08:08.104172,0.000000,3.011643
4611.2461,2026-07-15T15:08:08.582353,0.000000,3.011592
4611.7040,2026-07-15T15:08:09.040317,0.000000,3.011550
4612.2067,2026-07-15T15:08:09.543024,0.000000,3.011597
4612.7095,2026-07-15T15:08:10.045811,0.000000,3.011600
4613.2340,2026-07-15T15:08:10.570313,0.000000,3.011666
4613.6966,2026-07-15T15:08:11.032896,0.000000,3.011670
4614.1988,2026-07-15T15:08:11.535129,0.000000,3.011562
4614.7024,2026-07-15T15:08:12.038723,0.000000,3.011522
4615.1985,2026-07-15T15:08:12.534769,0.000000,3.011558
4615.6678,2026-07-15T15:08:13.004075,0.000000,3.011570
4616.1618,2026-07-15T15:08:13.498061,0.000000,3.011571
4616.6188,2026-07-15T15:08:13.955108,0.000000,3.011498
4617.1231,2026-07-15T15:08:14.459442,0.000000,3.011381
4617.6210,2026-07-15T15:08:14.957347,0.000000,3.011363
4618.1469,2026-07-15T15:08:15.483186,0.000000,3.011379
4618.6482,2026-07-15T15:08:15.984468,0.000000,3.011390
4619.1471,2026-07-15T15:08:16.483388,0.000000,3.011414
4619.6024,2026-07-15T15:08:16.938708,0.000000,3.011446
4620.0713,2026-07-15T15:08:17.407638,0.000000,3.011413
4620.5375,2026-07-15T15:08:17.873765,0.000000,3.011387
4621.0283,2026-07-15T15:08:18.364617,0.000000,3.011370
4621.4864,2026-07-15T15:08:18.822686,0.000000,3.011480
4621.9375,2026-07-15T15:08:19.273811,0.000000,3.011462
4622.4206,2026-07-15T15:08:19.756860,0.000000,3.011472
4622.9134,2026-07-15T15:08:20.249700,0.000000,3.011418
4623.3705,2026-07-15T15:08:20.706782,0.000000,3.011402
4623.8271,2026-07-15T15:08:21.163443,0.000000,3.011397
4624.3272,2026-07-15T15:08:21.663535,0.000000,3.011440
4624.7956,2026-07-15T15:08:22.131871,0.000000,3.011482
4625.2983,2026-07-15T15:08:22.634563,0.000000,3.011515
4625.7959,2026-07-15T15:08:23.132159,0.000000,3.011560
4626.3225,2026-07-15T15:08:23.658750,0.000000,3.011565
4626.7979,2026-07-15T15:08:24.134141,0.000000,3.011598
4627.2614,2026-07-15T15:08:24.597710,0.000000,3.011654
4627.7190,2026-07-15T15:08:25.055312,0.000000,3.011632
4628.2192,2026-07-15T15:08:25.555543,0.000000,3.011610
4628.6783,2026-07-15T15:08:26.014564,0.000000,3.011658
4629.1652,2026-07-15T15:08:26.501525,0.000000,3.011632
4629.6193,2026-07-15T15:08:26.955615,0.000000,3.011555
4630.0897,2026-07-15T15:08:27.425990,0.000000,3.011523
4630.5457,2026-07-15T15:08:27.882008,0.000000,3.011534
4631.0368,2026-07-15T15:08:28.373044,0.000000,3.011512
4631.5013,2026-07-15T15:08:28.837626,0.000000,3.011458
4632.0026,2026-07-15T15:08:29.338851,0.000000,3.011443
4632.4592,2026-07-15T15:08:29.795475,0.000000,3.011462
4632.9443,2026-07-15T15:08:30.280593,0.000000,3.011483
4633.4017,2026-07-15T15:08:30.737971,0.000000,3.011501
4633.8709,2026-07-15T15:08:31.207230,0.000000,3.011504
4634.3200,2026-07-15T15:08:31.656337,0.000000,3.011538
4634.8092,2026-07-15T15:08:32.145485,0.000000,3.011581
4635.2710,2026-07-15T15:08:32.607329,0.000000,3.011611
4635.7176,2026-07-15T15:08:33.053860,0.000000,3.011613
4636.1956,2026-07-15T15:08:33.531883,0.000000,3.011654
4636.6510,2026-07-15T15:08:33.987333,0.000000,3.011640
4637.1472,2026-07-15T15:08:34.483444,0.000000,3.011650
4637.6033,2026-07-15T15:08:34.939558,0.000000,3.011650
4638.0814,2026-07-15T15:08:35.417664,0.000000,3.011650
4638.5350,2026-07-15T15:08:35.871266,0.000000,3.011598
4638.9959,2026-07-15T15:08:36.332197,0.000000,3.011608
4639.4942,2026-07-15T15:08:36.830493,0.000000,3.011600
4639.9657,2026-07-15T15:08:37.301975,0.000000,3.011555
4640.4259,2026-07-15T15:08:37.762227,0.000000,3.011438
4640.8764,2026-07-15T15:08:38.212739,0.000000,3.011456
4641.3734,2026-07-15T15:08:38.709735,0.000000,3.011384
4641.8279,2026-07-15T15:08:39.164215,0.000000,3.011400
4642.2976,2026-07-15T15:08:39.633871,0.000000,3.011357
4642.7536,2026-07-15T15:08:40.089907,0.000000,3.011331
4643.2486,2026-07-15T15:08:40.584873,0.000000,3.011299
4643.7037,2026-07-15T15:08:41.039976,0.000000,3.011211
4644.1677,2026-07-15T15:08:41.503944,0.000000,3.011176
4644.6293,2026-07-15T15:08:41.965602,0.000000,3.011138
4645.1151,2026-07-15T15:08:42.451359,0.000000,3.011171
4645.5715,2026-07-15T15:08:42.907749,0.000000,3.011224
4646.0635,2026-07-15T15:08:43.399799,0.000000,3.011170
4646.5186,2026-07-15T15:08:43.854861,0.000000,3.011125
4646.9875,2026-07-15T15:08:44.323786,0.000000,3.011029
4647.4708,2026-07-15T15:08:44.807034,0.000000,3.010946
4647.9651,2026-07-15T15:08:45.301400,0.000000,3.010939
4648.4429,2026-07-15T15:08:45.779185,0.000000,3.011022
4648.8985,2026-07-15T15:08:46.234806,0.000000,3.011075
4649.3679,2026-07-15T15:08:46.704152,0.000000,3.011136
4649.8356,2026-07-15T15:08:47.171905,0.000000,3.011158
4650.2887,2026-07-15T15:08:47.625032,0.000000,3.011200
4650.7392,2026-07-15T15:08:48.075497,0.000000,3.011210
4651.2420,2026-07-15T15:08:48.578332,0.000000,3.011291
4651.6986,2026-07-15T15:08:49.034882,0.000000,3.011382
4652.1988,2026-07-15T15:08:49.535071,0.000000,3.011491
4652.6469,2026-07-15T15:08:49.983190,0.000000,3.011563
4653.1311,2026-07-15T15:08:50.467367,0.000000,3.011605
4653.6237,2026-07-15T15:08:50.960028,0.000000,3.011698
4654.1314,2026-07-15T15:08:51.467660,0.000000,3.011659
4654.5926,2026-07-15T15:08:51.928890,0.000000,3.011664
4655.0673,2026-07-15T15:08:52.403567,0.000000,3.011690
4655.5589,2026-07-15T15:08:52.895245,0.000000,3.011638
4656.0517,2026-07-15T15:08:53.388024,0.000000,3.011634
4656.5592,2026-07-15T15:08:53.895472,0.000000,3.011616
4657.0509,2026-07-15T15:08:54.387150,0.000000,3.011574
4657.5505,2026-07-15T15:08:54.886755,0.000000,3.011582
4658.0235,2026-07-15T15:08:55.359768,0.000000,3.011573
4658.4809,2026-07-15T15:08:55.817195,0.000000,3.011494
4658.9752,2026-07-15T15:08:56.311545,0.000000,3.011515
4659.4309,2026-07-15T15:08:56.767187,0.000000,3.011531
4659.9057,2026-07-15T15:08:57.242013,0.000000,3.011482
4660.3630,2026-07-15T15:08:57.699321,0.000000,3.011435
4660.8540,2026-07-15T15:08:58.190301,0.000000,3.011366
4661.3178,2026-07-15T15:08:58.654086,0.000000,3.011338
4661.8031,2026-07-15T15:08:59.139405,0.000000,3.011411
4662.3034,2026-07-15T15:08:59.639647,0.000000,3.011331
4662.7950,2026-07-15T15:09:00.131326,0.000000,3.011274
4663.2998,2026-07-15T15:09:00.636077,0.000000,3.011211
4663.7583,2026-07-15T15:09:01.094572,0.000000,3.011206
4664.2459,2026-07-15T15:09:01.582146,0.000000,3.011160
4664.6987,2026-07-15T15:09:02.034952,0.000000,3.011194
4665.2051,2026-07-15T15:09:02.541411,0.000000,3.011240
4665.6880,2026-07-15T15:09:03.024255,0.000000,3.011246
4666.2193,2026-07-15T15:09:03.555553,0.000000,3.011202
4666.6680,2026-07-15T15:09:04.004262,0.000000,3.011099
4667.1592,2026-07-15T15:09:04.495453,0.000000,3.011069
4667.6113,2026-07-15T15:09:04.947598,0.000000,3.010965
4668.0679,2026-07-15T15:09:05.404177,0.000000,3.010939
4668.5558,2026-07-15T15:09:05.892072,0.000000,3.010891
4669.0577,2026-07-15T15:09:06.394010,0.000000,3.010782
4669.5306,2026-07-15T15:09:06.866852,0.000000,3.010678
4670.0298,2026-07-15T15:09:07.366056,0.000000,3.010576
4670.5318,2026-07-15T15:09:07.868066,0.000000,3.010475
4670.9952,2026-07-15T15:09:08.331513,0.000000,3.010450
4671.4946,2026-07-15T15:09:08.830922,0.000000,3.010416
4671.9965,2026-07-15T15:09:09.332821,0.000000,3.010336
4672.4909,2026-07-15T15:09:09.827138,0.000000,3.010349
4672.9373,2026-07-15T15:09:10.273555,0.000000,3.010341
4673.4048,2026-07-15T15:09:10.741088,0.000000,3.010398
4673.8758,2026-07-15T15:09:11.212061,0.000000,3.010477
4674.3268,2026-07-15T15:09:11.663108,0.000000,3.010557
4674.7867,2026-07-15T15:09:12.122966,0.000000,3.010616
4675.2909,2026-07-15T15:09:12.627173,0.000000,3.010640
4675.7460,2026-07-15T15:09:13.082307,0.000000,3.010659
4676.2098,2026-07-15T15:09:13.546049,0.000000,3.010714
4676.6673,2026-07-15T15:09:14.003556,0.000000,3.010832
4677.1704,2026-07-15T15:09:14.506643,0.000000,3.010941
4677.6536,2026-07-15T15:09:14.989843,0.000000,3.010997
4678.1526,2026-07-15T15:09:15.488947,0.000000,3.011024
4678.6097,2026-07-15T15:09:15.945986,0.000000,3.010947
4679.0865,2026-07-15T15:09:16.422805,0.000000,3.010875
4679.5526,2026-07-15T15:09:16.888889,0.000000,3.010886
4680.0402,2026-07-15T15:09:17.376509,0.000000,3.010840
4680.5047,2026-07-15T15:09:17.840983,0.000000,3.010830
4681.0094,2026-07-15T15:09:18.345667,0.000000,3.010805
4681.4712,2026-07-15T15:09:18.807493,0.000000,3.010786
4681.9759,2026-07-15T15:09:19.312164,0.000000,3.010824
4682.4358,2026-07-15T15:09:19.772120,0.000000,3.010813
4682.8920,2026-07-15T15:09:20.228257,0.000000,3.010840
4683.3604,2026-07-15T15:09:20.696684,0.000000,3.010861
4683.8215,2026-07-15T15:09:21.157760,0.000000,3.010920
4684.3244,2026-07-15T15:09:21.660683,0.000000,3.010930
4684.7794,2026-07-15T15:09:22.115656,0.000000,3.010915
4685.2741,2026-07-15T15:09:22.610363,0.000000,3.010923
4685.7650,2026-07-15T15:09:23.101254,0.000000,3.010954
4686.2271,2026-07-15T15:09:23.563393,0.000000,3.010966
4686.6779,2026-07-15T15:09:24.014191,0.000000,3.010944
4687.1822,2026-07-15T15:09:24.518438,0.000000,3.010898
4687.6347,2026-07-15T15:09:24.970964,0.000000,3.010842
4688.1406,2026-07-15T15:09:25.476891,0.000000,3.010758
4688.5830,2026-07-15T15:09:25.919334,0.000000,3.010803
4689.0472,2026-07-15T15:09:26.383541,0.000000,3.010781
4689.4905,2026-07-15T15:09:26.826751,0.000000,3.010778
4689.9485,2026-07-15T15:09:27.284756,0.000000,3.010822
4690.4077,2026-07-15T15:09:27.744011,0.000000,3.010880
4690.8564,2026-07-15T15:09:28.192727,0.000000,3.010842
4691.3506,2026-07-15T15:09:28.686853,0.000000,3.010901
4691.8256,2026-07-15T15:09:29.161944,0.000000,3.010971
4692.2811,2026-07-15T15:09:29.617396,0.000000,3.010958
4692.7799,2026-07-15T15:09:30.116151,0.000000,3.011010
4693.2794,2026-07-15T15:09:30.615648,0.000000,3.010966
4693.7992,2026-07-15T15:09:31.135524,0.000000,3.010899
4694.3007,2026-07-15T15:09:31.636976,0.000000,3.010826
4694.7615,2026-07-15T15:09:32.097836,0.000000,3.010795
4695.2646,2026-07-15T15:09:32.600906,0.000000,3.010810
4695.7526,2026-07-15T15:09:33.088895,0.000000,3.010734
4696.2583,2026-07-15T15:09:33.594630,0.000000,3.010670
4696.7097,2026-07-15T15:09:34.045997,0.000000,3.010634
4697.2128,2026-07-15T15:09:34.549092,0.000000,3.010643
4697.6699,2026-07-15T15:09:35.006189,0.000000,3.010656
4698.1808,2026-07-15T15:09:35.517123,0.000000,3.010757
4698.6610,2026-07-15T15:09:35.997250,0.000000,3.010816
4699.1493,2026-07-15T15:09:36.485593,0.000000,3.010914
4699.6234,2026-07-15T15:09:36.959661,0.000000,3.010987
4700.1263,2026-07-15T15:09:37.462600,0.000000,3.010957
4700.5780,2026-07-15T15:09:37.914331,0.000000,3.010984
4701.0840,2026-07-15T15:09:38.420338,0.000000,3.011035
4701.5291,2026-07-15T15:09:38.865371,0.000000,3.011034
4702.0233,2026-07-15T15:09:39.359562,0.000000,3.011016
4702.4688,2026-07-15T15:09:39.805085,0.000000,3.011008
4702.9719,2026-07-15T15:09:40.308173,0.000000,3.010958
4703.4345,2026-07-15T15:09:40.770776,0.000000,3.011013
4703.9323,2026-07-15T15:09:41.268617,0.000000,3.010989
4704.3857,2026-07-15T15:09:41.721986,0.000000,3.010888
4704.8883,2026-07-15T15:09:42.224635,0.000000,3.010821
4705.4008,2026-07-15T15:09:42.737044,0.000000,3.010766
4705.8513,2026-07-15T15:09:43.187626,0.000000,3.010774
4706.3289,2026-07-15T15:09:43.665210,0.000000,3.010758
4706.7855,2026-07-15T15:09:44.121768,0.000000,3.010728
4707.2999,2026-07-15T15:09:44.636199,0.000000,3.010680
4707.7597,2026-07-15T15:09:45.095946,0.000000,3.010642
4708.2493,2026-07-15T15:09:45.585551,0.000000,3.010579
4708.7347,2026-07-15T15:09:46.071017,0.000000,3.010530
4709.2335,2026-07-15T15:09:46.569775,0.000000,3.010480
4709.6811,2026-07-15T15:09:47.017403,0.000000,3.010427
4710.1824,2026-07-15T15:09:47.518709,0.000000,3.010480
4710.6327,2026-07-15T15:09:47.968970,0.000000,3.010504
4711.1227,2026-07-15T15:09:48.459023,0.000000,3.010445
4711.5812,2026-07-15T15:09:48.917500,0.000000,3.010438
4712.0788,2026-07-15T15:09:49.415082,0.000000,3.010411
4712.5540,2026-07-15T15:09:49.890402,0.000000,3.010478
4713.0538,2026-07-15T15:09:50.390135,0.000000,3.010526
4713.5323,2026-07-15T15:09:50.868612,0.000000,3.010587
4714.0676,2026-07-15T15:09:51.403920,0.000000,3.010656
4714.5688,2026-07-15T15:09:51.905044,0.000000,3.010768
4715.0605,2026-07-15T15:09:52.396800,0.000000,3.010858
4715.5168,2026-07-15T15:09:52.853063,0.000000,3.010939
4715.9926,2026-07-15T15:09:53.328868,0.000000,3.011005
4716.4559,2026-07-15T15:09:53.792187,0.000000,3.011072
4716.9008,2026-07-15T15:09:54.237138,0.000000,3.011115
4717.4008,2026-07-15T15:09:54.737060,0.000000,3.011149
4717.8558,2026-07-15T15:09:55.192055,0.000000,3.011202
4718.3079,2026-07-15T15:09:55.644169,0.000000,3.011293
4718.7729,2026-07-15T15:09:56.109194,0.000000,3.011357
4719.2507,2026-07-15T15:09:56.586969,0.000000,3.011382
4719.7496,2026-07-15T15:09:57.085922,0.000000,3.011390
4720.2511,2026-07-15T15:09:57.587366,0.000000,3.011365
4720.7551,2026-07-15T15:09:58.091355,0.000000,3.011336
4721.2534,2026-07-15T15:09:58.589675,0.000000,3.011328
4721.7255,2026-07-15T15:09:59.061845,0.000000,3.011435
4722.2180,2026-07-15T15:09:59.554248,0.000000,3.011466
4722.6727,2026-07-15T15:10:00.009039,0.000000,3.011445
4723.1670,2026-07-15T15:10:00.503289,0.000000,3.011419
4723.6247,2026-07-15T15:10:00.960990,0.000000,3.011411
4724.0950,2026-07-15T15:10:01.431322,0.000000,3.011413
4724.5954,2026-07-15T15:10:01.931735,0.000000,3.011403
4725.0936,2026-07-15T15:10:02.429865,0.000000,3.011414
4725.5401,2026-07-15T15:10:02.876366,0.000000,3.011475
4725.9886,2026-07-15T15:10:03.324857,0.000000,3.011470
4726.4420,2026-07-15T15:10:03.778282,0.000000,3.011426
4726.9328,2026-07-15T15:10:04.269117,0.000000,3.011322
4727.3832,2026-07-15T15:10:04.719491,0.000000,3.011285
4727.8555,2026-07-15T15:10:05.191795,0.000000,3.011229
4728.3149,2026-07-15T15:10:05.651200,0.000000,3.011122
4728.7729,2026-07-15T15:10:06.109145,0.000000,3.011067
4729.2674,2026-07-15T15:10:06.603725,0.000000,3.010942
4729.7223,2026-07-15T15:10:07.058568,0.000000,3.010878
4730.2279,2026-07-15T15:10:07.564228,0.000000,3.010768
4730.7227,2026-07-15T15:10:08.059003,0.000000,3.010712
4731.1962,2026-07-15T15:10:08.532443,0.000000,3.010662
4731.6828,2026-07-15T15:10:09.019048,0.000000,3.010608
4732.1909,2026-07-15T15:10:09.527146,0.000000,3.010523
4732.6892,2026-07-15T15:10:10.025500,0.000000,3.010518
4733.1928,2026-07-15T15:10:10.529138,0.000000,3.010486
4733.6738,2026-07-15T15:10:11.010131,0.000000,3.010427
4734.2094,2026-07-15T15:10:11.545680,0.000000,3.010400
4734.6845,2026-07-15T15:10:12.020790,0.000000,3.010355
4735.1812,2026-07-15T15:10:12.517467,0.000000,3.010390
4735.6680,2026-07-15T15:10:13.004326,0.000000,3.010322
4736.1512,2026-07-15T15:10:13.487539,0.000000,3.010302
4736.6767,2026-07-15T15:10:14.012998,0.000000,3.010352
4737.1740,2026-07-15T15:10:14.510321,0.000000,3.010411
4737.6227,2026-07-15T15:10:14.958975,0.000000,3.010470
4738.1177,2026-07-15T15:10:15.454006,0.000000,3.010531
4738.5722,2026-07-15T15:10:15.908459,0.000000,3.010658
4739.0625,2026-07-15T15:10:16.398833,0.000000,3.010762
4739.5336,2026-07-15T15:10:16.869883,0.000000,3.010915
4739.9992,2026-07-15T15:10:17.335486,0.000000,3.010898
4740.4597,2026-07-15T15:10:17.795997,0.000000,3.010949
4740.9176,2026-07-15T15:10:18.253864,0.000000,3.010957
4741.3754,2026-07-15T15:10:18.711733,0.000000,3.010947
4741.8685,2026-07-15T15:10:19.204736,0.000000,3.010946
4742.3688,2026-07-15T15:10:19.705079,0.000000,3.010992
4742.8217,2026-07-15T15:10:20.157974,0.000000,3.010986
4743.2935,2026-07-15T15:10:20.629801,0.000000,3.010928
4743.7937,2026-07-15T15:10:21.130032,0.000000,3.010909
4744.2827,2026-07-15T15:10:21.619038,0.000000,3.010805
4744.7337,2026-07-15T15:10:22.069949,0.000000,3.010854
4745.2300,2026-07-15T15:10:22.566314,0.000000,3.010786
4745.7177,2026-07-15T15:10:23.053966,0.000000,3.010810
4746.2107,2026-07-15T15:10:23.547015,0.000000,3.010850
4746.6579,2026-07-15T15:10:23.994212,0.000000,3.010854
4747.1918,2026-07-15T15:10:24.528067,0.000000,3.010862
4747.6935,2026-07-15T15:10:25.029800,0.000000,3.010853
4748.1912,2026-07-15T15:10:25.527464,0.000000,3.010837
4748.6533,2026-07-15T15:10:25.989586,0.000000,3.010845
4749.1306,2026-07-15T15:10:26.466918,0.000000,3.010901
4749.5936,2026-07-15T15:10:26.929925,0.000000,3.010901
4750.0597,2026-07-15T15:10:27.395977,0.000000,3.011022
4750.5204,2026-07-15T15:10:27.856687,0.000000,3.011050
4751.0155,2026-07-15T15:10:28.351828,0.000000,3.011118
4751.5221,2026-07-15T15:10:28.858449,0.000000,3.011221
4752.0172,2026-07-15T15:10:29.353528,0.000000,3.011251
4752.4686,2026-07-15T15:10:29.804907,0.000000,3.011254
4752.9275,2026-07-15T15:10:30.263802,0.000000,3.011246
4753.3888,2026-07-15T15:10:30.725096,0.000000,3.011299
4753.8787,2026-07-15T15:10:31.214958,0.000000,3.011272
4754.3775,2026-07-15T15:10:31.713815,0.000000,3.011304
4754.8453,2026-07-15T15:10:32.181597,0.000000,3.011291
4755.3302,2026-07-15T15:10:32.666509,0.000000,3.011200
4755.8499,2026-07-15T15:10:33.186217,0.000000,3.011147
4756.3194,2026-07-15T15:10:33.655643,0.000000,3.011059
4756.7890,2026-07-15T15:10:34.125278,0.000000,3.010942
4757.2552,2026-07-15T15:10:34.591494,0.000000,3.010842
4757.7102,2026-07-15T15:10:35.046498,0.000000,3.010838
4758.2011,2026-07-15T15:10:35.537401,0.000000,3.010832
4758.6456,2026-07-15T15:10:35.981888,0.000000,3.010843
4759.1024,2026-07-15T15:10:36.438694,0.000000,3.010859
4759.5927,2026-07-15T15:10:36.928997,0.000000,3.010787
4760.0746,2026-07-15T15:10:37.410862,0.000000,3.010757
4760.5599,2026-07-15T15:10:37.896180,0.000000,3.010851
4761.0317,2026-07-15T15:10:38.367954,0.000000,3.010878
4761.4972,2026-07-15T15:10:38.833462,0.000000,3.010922
4761.9638,2026-07-15T15:10:39.300128,0.000000,3.011010
4762.4271,2026-07-15T15:10:39.763376,0.000000,3.011086
4762.8799,2026-07-15T15:10:40.216165,0.000000,3.011035
4763.3819,2026-07-15T15:10:40.718146,0.000000,3.011054
4763.8301,2026-07-15T15:10:41.166415,0.000000,3.011010
4764.3347,2026-07-15T15:10:41.671033,0.000000,3.011019
4764.7888,2026-07-15T15:10:42.125044,0.000000,3.011030
4765.2825,2026-07-15T15:10:42.618778,0.000000,3.010992
4765.7450,2026-07-15T15:10:43.081293,0.000000,3.010909
4766.2144,2026-07-15T15:10:43.550674,0.000000,3.010885
4766.6687,2026-07-15T15:10:44.005029,0.000000,3.010840
4767.1540,2026-07-15T15:10:44.490310,0.000000,3.010742
4767.6147,2026-07-15T15:10:44.950946,0.000000,3.010718
4768.0957,2026-07-15T15:10:45.431952,0.000000,3.010765
4768.5520,2026-07-15T15:10:45.888249,0.000000,3.010826
4769.0439,2026-07-15T15:10:46.380224,0.000000,3.010778
4769.5040,2026-07-15T15:10:46.840335,0.000000,3.010792
4769.9699,2026-07-15T15:10:47.306166,0.000000,3.010834
4770.4619,2026-07-15T15:10:47.798216,0.000000,3.010878
4770.9529,2026-07-15T15:10:48.289219,0.000000,3.010942
4771.4320,2026-07-15T15:10:48.768305,0.000000,3.011014
4771.9158,2026-07-15T15:10:49.252086,0.000000,3.011053
4772.3734,2026-07-15T15:10:49.709722,0.000000,3.011082
4772.8346,2026-07-15T15:10:50.170914,0.000000,3.011107
4773.3586,2026-07-15T15:10:50.694869,0.000000,3.011005
4773.8190,2026-07-15T15:10:51.155292,0.000000,3.010986
4774.3013,2026-07-15T15:10:51.637590,0.000000,3.010995
4774.7495,2026-07-15T15:10:52.085767,0.000000,3.010954
4775.2415,2026-07-15T15:10:52.577829,0.000000,3.010896
4775.6899,2026-07-15T15:10:53.026194,0.000000,3.010862
4776.1708,2026-07-15T15:10:53.507072,0.000000,3.010861
4776.6270,2026-07-15T15:10:53.963244,0.000000,3.010819
4777.1266,2026-07-15T15:10:54.462869,0.000000,3.010797
4777.5733,2026-07-15T15:10:54.909636,0.000000,3.010763
4778.0563,2026-07-15T15:10:55.392580,0.000000,3.010758
4778.5180,2026-07-15T15:10:55.854325,0.000000,3.010779
4778.9753,2026-07-15T15:10:56.311606,0.000000,3.010730
4779.4680,2026-07-15T15:10:56.804243,0.000000,3.010749
4779.9251,2026-07-15T15:10:57.261378,0.000000,3.010738
4780.3932,2026-07-15T15:10:57.729454,0.000000,3.010755
4780.8686,2026-07-15T15:10:58.204894,0.000000,3.010728
4781.3665,2026-07-15T15:10:58.702794,0.000000,3.010720
4781.8349,2026-07-15T15:10:59.171219,0.000000,3.010733
4782.2919,2026-07-15T15:10:59.628167,0.000000,3.010795
4782.7498,2026-07-15T15:11:00.086093,0.000000,3.010829
4783.2431,2026-07-15T15:11:00.579341,0.000000,3.010838
4783.7386,2026-07-15T15:11:01.074886,0.000000,3.010882
4784.2381,2026-07-15T15:11:01.574363,0.000000,3.010856
4784.7179,2026-07-15T15:11:02.054199,0.000000,3.010979
4785.2033,2026-07-15T15:11:02.539635,0.000000,3.010990
4785.6819,2026-07-15T15:11:03.018204,0.000000,3.010926
4786.1926,2026-07-15T15:11:03.528877,0.000000,3.010934
4786.6411,2026-07-15T15:11:03.977386,0.000000,3.010872
4787.1015,2026-07-15T15:11:04.437778,0.000000,3.010872
4787.5635,2026-07-15T15:11:04.899828,0.000000,3.010914
4788.0706,2026-07-15T15:11:05.406946,0.000000,3.010976
4788.5312,2026-07-15T15:11:05.867457,0.000000,3.011013
4788.9893,2026-07-15T15:11:06.325602,0.000000,3.011026
4789.4483,2026-07-15T15:11:06.784605,0.000000,3.010990
4789.9095,2026-07-15T15:11:07.245738,0.000000,3.010982
4790.3820,2026-07-15T15:11:07.718280,0.000000,3.011010
4790.8339,2026-07-15T15:11:08.170221,0.000000,3.011094
4791.2973,2026-07-15T15:11:08.633574,0.000000,3.011142
4791.7931,2026-07-15T15:11:09.129357,0.000000,3.011142
4792.2761,2026-07-15T15:11:09.612356,0.000000,3.011088
4792.7409,2026-07-15T15:11:10.077145,0.000000,3.010984
4793.2221,2026-07-15T15:11:10.558432,0.000000,3.010925
4793.6784,2026-07-15T15:11:11.014703,0.000000,3.010837
4794.1429,2026-07-15T15:11:11.479180,0.000000,3.010816
4794.6045,2026-07-15T15:11:11.940815,0.000000,3.010752
4795.0829,2026-07-15T15:11:12.419226,0.000000,3.010690
4795.5690,2026-07-15T15:11:12.905282,0.000000,3.010651
4796.0627,2026-07-15T15:11:13.398954,0.000000,3.010616
4796.5233,2026-07-15T15:11:13.859585,0.000000,3.010597
4797.0170,2026-07-15T15:11:14.353247,0.000000,3.010579
4797.4693,2026-07-15T15:11:14.805603,0.000000,3.010648
4797.9789,2026-07-15T15:11:15.315150,0.000000,3.010664
4798.4490,2026-07-15T15:11:15.785302,0.000000,3.010779
4798.9220,2026-07-15T15:11:16.258307,0.000000,3.010862
4799.4000,2026-07-15T15:11:16.736317,0.000000,3.010989
4799.8587,2026-07-15T15:11:17.194989,0.000000,3.011112
4800.3063,2026-07-15T15:11:17.642559,0.000000,3.011126
4800.7999,2026-07-15T15:11:18.136188,0.000000,3.011128
4801.2598,2026-07-15T15:11:18.596058,0.000000,3.011144
4801.7582,2026-07-15T15:11:19.094452,0.000000,3.011110
4802.2504,2026-07-15T15:11:19.586685,0.000000,3.011147
4802.7336,2026-07-15T15:11:20.069867,0.000000,3.011120
4803.2236,2026-07-15T15:11:20.559941,0.000000,3.011104
4803.7384,2026-07-15T15:11:21.074693,0.000000,3.011043
4804.2376,2026-07-15T15:11:21.573873,0.000000,3.010992
4804.7430,2026-07-15T15:11:22.079282,0.000000,3.010902
4805.2001,2026-07-15T15:11:22.536492,0.000000,3.010939
4805.6660,2026-07-15T15:11:23.002275,0.000000,3.010909
4806.1665,2026-07-15T15:11:23.502814,0.000000,3.010912
4806.6318,2026-07-15T15:11:23.968137,0.000000,3.010904
4807.0998,2026-07-15T15:11:24.436138,0.000000,3.010850
4807.5595,2026-07-15T15:11:24.895827,0.000000,3.010875
4808.0433,2026-07-15T15:11:25.379603,0.000000,3.010779
4808.4931,2026-07-15T15:11:25.829440,0.000000,3.010715
4808.9917,2026-07-15T15:11:26.328016,0.000000,3.010704
4809.4805,2026-07-15T15:11:26.816758,0.000000,3.010582
4810.0130,2026-07-15T15:11:27.349265,0.000000,3.010496
4810.4838,2026-07-15T15:11:27.820122,0.000000,3.010445
4810.9419,2026-07-15T15:11:28.278156,0.000000,3.010406
4811.4227,2026-07-15T15:11:28.758974,0.000000,3.010403
4811.9292,2026-07-15T15:11:29.265520,0.000000,3.010408
4812.4249,2026-07-15T15:11:29.761202,0.000000,3.010472
4812.8843,2026-07-15T15:11:30.220606,0.000000,3.010566
4813.3238,2026-07-15T15:11:30.660135,0.000000,3.010566
4813.7832,2026-07-15T15:11:31.119489,0.000000,3.010528
4814.2833,2026-07-15T15:11:31.619590,0.000000,3.010616
4814.7490,2026-07-15T15:11:32.085327,0.000000,3.010667
4815.2096,2026-07-15T15:11:32.545900,0.000000,3.010688
4815.6655,2026-07-15T15:11:33.001811,0.000000,3.010787
4816.1225,2026-07-15T15:11:33.458742,0.000000,3.010830
4816.5761,2026-07-15T15:11:33.912375,0.000000,3.010864
4817.0631,2026-07-15T15:11:34.399414,0.000000,3.010877
4817.5591,2026-07-15T15:11:34.895414,0.000000,3.010888
4818.0519,2026-07-15T15:11:35.388217,0.000000,3.010867
4818.5515,2026-07-15T15:11:35.887811,0.000000,3.010899
4819.0264,2026-07-15T15:11:36.362700,0.000000,3.010910
4819.5113,2026-07-15T15:11:36.847596,0.000000,3.010902
4820.0102,2026-07-15T15:11:37.346486,0.000000,3.010904
4820.5109,2026-07-15T15:11:37.847206,0.000000,3.010835
4820.9817,2026-07-15T15:11:38.317953,0.000000,3.010795
4821.4436,2026-07-15T15:11:38.779907,0.000000,3.010808
4821.9397,2026-07-15T15:11:39.275967,0.000000,3.010781
4822.4354,2026-07-15T15:11:39.771733,0.000000,3.010714
4822.9379,2026-07-15T15:11:40.274238,0.000000,3.010678
4823.4479,2026-07-15T15:11:40.784204,0.000000,3.010715
4823.9406,2026-07-15T15:11:41.276930,0.000000,3.010707
4824.4379,2026-07-15T15:11:41.774174,0.000000,3.010854
4824.8974,2026-07-15T15:11:42.233708,0.000000,3.010944
4825.3728,2026-07-15T15:11:42.709116,0.000000,3.010944
4825.8281,2026-07-15T15:11:43.164433,0.000000,3.010966
4826.2797,2026-07-15T15:11:43.615958,0.000000,3.010960
4826.7451,2026-07-15T15:11:44.081409,0.000000,3.010936
4827.2077,2026-07-15T15:11:44.544017,0.000000,3.010952
4827.6664,2026-07-15T15:11:45.002690,0.000000,3.010997
4828.1343,2026-07-15T15:11:45.470619,0.000000,3.010906
4828.5901,2026-07-15T15:11:45.926350,0.000000,3.010859
4829.0918,2026-07-15T15:11:46.428079,0.000000,3.010794
4829.5518,2026-07-15T15:11:46.888102,0.000000,3.010619
4830.0403,2026-07-15T15:11:47.376586,0.000000,3.010539
4830.4905,2026-07-15T15:11:47.826774,0.000000,3.010450
4830.9917,2026-07-15T15:11:48.327978,0.000000,3.010376
4831.4623,2026-07-15T15:11:48.798613,0.000000,3.010338
4831.9475,2026-07-15T15:11:49.283774,0.000000,3.010354
4832.4068,2026-07-15T15:11:49.743051,0.000000,3.010304
4832.8764,2026-07-15T15:11:50.212735,0.000000,3.010291
4833.3238,2026-07-15T15:11:50.660078,0.000000,3.010280
4833.7856,2026-07-15T15:11:51.121858,0.000000,3.010266
4834.2834,2026-07-15T15:11:51.619642,0.000000,3.010275
4834.7410,2026-07-15T15:11:52.077296,0.000000,3.010275
4835.2119,2026-07-15T15:11:52.548233,0.000000,3.010280
4835.6669,2026-07-15T15:11:53.003205,0.000000,3.010290
4836.1436,2026-07-15T15:11:53.479850,0.000000,3.010302
4836.6018,2026-07-15T15:11:53.938054,0.000000,3.010258
4837.1008,2026-07-15T15:11:54.437119,0.000000,3.010230
4837.5609,2026-07-15T15:11:54.897191,0.000000,3.010195
4838.0581,2026-07-15T15:11:55.394345,0.000000,3.010189
4838.5583,2026-07-15T15:11:55.894601,0.000000,3.010165
4839.0550,2026-07-15T15:11:56.391287,0.000000,3.010101
4839.5668,2026-07-15T15:11:56.903058,0.000000,3.010112
4840.0436,2026-07-15T15:11:57.379863,0.000000,3.010126
4840.5085,2026-07-15T15:11:57.844789,0.000000,3.010115
4840.9606,2026-07-15T15:11:58.296852,0.000000,3.010142
4841.4157,2026-07-15T15:11:58.752009,0.000000,3.010133
4841.8931,2026-07-15T15:11:59.229364,0.000000,3.010211
4842.3874,2026-07-15T15:11:59.723722,0.000000,3.010280
4842.8360,2026-07-15T15:12:00.172297,0.000000,3.010413
4843.2988,2026-07-15T15:12:00.635151,0.000000,3.010440
4843.8005,2026-07-15T15:12:01.136783,0.000000,3.010549
4844.2923,2026-07-15T15:12:01.628628,0.000000,3.010710
4844.7907,2026-07-15T15:12:02.126953,0.000000,3.010842
4845.2837,2026-07-15T15:12:02.620023,0.000000,3.010888
4845.7435,2026-07-15T15:12:03.079798,0.000000,3.010933
4846.1986,2026-07-15T15:12:03.534880,0.000000,3.011008
4846.6852,2026-07-15T15:12:04.021486,0.000000,3.011050
4847.1630,2026-07-15T15:12:04.499317,0.000000,3.011027
4847.6229,2026-07-15T15:12:04.959229,0.000000,3.011000
4848.1134,2026-07-15T15:12:05.449729,0.000000,3.011013
4848.6071,2026-07-15T15:12:05.943418,0.000000,3.010952
4849.0916,2026-07-15T15:12:06.427906,0.000000,3.010894
4849.5967,2026-07-15T15:12:06.933037,0.000000,3.010819
4850.1128,2026-07-15T15:12:07.449050,0.000000,3.010806
4850.5999,2026-07-15T15:12:07.936192,0.000000,3.010858
4851.0930,2026-07-15T15:12:08.429316,0.000000,3.010898
4851.5517,2026-07-15T15:12:08.888011,0.000000,3.010896
4852.0503,2026-07-15T15:12:09.386548,0.000000,3.010866
4852.5060,2026-07-15T15:12:09.842322,0.000000,3.010890
4853.0045,2026-07-15T15:12:10.340797,0.000000,3.010925
4853.5084,2026-07-15T15:12:10.844662,0.000000,3.010920
4853.9669,2026-07-15T15:12:11.303151,0.000000,3.010902
4854.4225,2026-07-15T15:12:11.758746,0.000000,3.010821
4854.8896,2026-07-15T15:12:12.225898,0.000000,3.010733
4855.3481,2026-07-15T15:12:12.684397,0.000000,3.010642
4855.8064,2026-07-15T15:12:13.142664,0.000000,3.010478
4856.2655,2026-07-15T15:12:13.601796,0.000000,3.010374
4856.7217,2026-07-15T15:12:14.057947,0.000000,3.010278
4857.2243,2026-07-15T15:12:14.560630,0.000000,3.010242
4857.6893,2026-07-15T15:12:15.025638,0.000000,3.010118
4858.1794,2026-07-15T15:12:15.515673,0.000000,3.010058
4858.6390,2026-07-15T15:12:15.975329,0.000000,3.010011
4859.1310,2026-07-15T15:12:16.467296,0.000000,3.009970
4859.6295,2026-07-15T15:12:16.965774,0.000000,3.009949
4860.0898,2026-07-15T15:12:17.426048,0.000000,3.010011
4860.5474,2026-07-15T15:12:17.883726,0.000000,3.010062
4861.0026,2026-07-15T15:12:18.338941,0.000000,3.010062
4861.5029,2026-07-15T15:12:18.839187,0.000000,3.010112
4861.9975,2026-07-15T15:12:19.333808,0.000000,3.010096
4862.4981,2026-07-15T15:12:19.834360,0.000000,3.010122
4862.9606,2026-07-15T15:12:20.296903,0.000000,3.010160
4863.4479,2026-07-15T15:12:20.784168,0.000000,3.010149
4863.9027,2026-07-15T15:12:21.238965,0.000000,3.010138
4864.3673,2026-07-15T15:12:21.703576,0.000000,3.010118
4864.8177,2026-07-15T15:12:22.154026,0.000000,3.010107
4865.3208,2026-07-15T15:12:22.657040,0.000000,3.010045
4865.7761,2026-07-15T15:12:23.112404,0.000000,3.010026
4866.2829,2026-07-15T15:12:23.619145,0.000000,3.010003
4866.7404,2026-07-15T15:12:24.076697,0.000000,3.009978
4867.2020,2026-07-15T15:12:24.538308,0.000000,3.009944
4867.6568,2026-07-15T15:12:24.993102,0.000000,3.009878
4868.1070,2026-07-15T15:12:25.443268,0.000000,3.009822
4868.5772,2026-07-15T15:12:25.913493,0.000000,3.009798
4869.0795,2026-07-15T15:12:26.415775,0.000000,3.009853
4869.5378,2026-07-15T15:12:26.874064,0.000000,3.009875
4870.0314,2026-07-15T15:12:27.367732,0.000000,3.010000
4870.5178,2026-07-15T15:12:27.854104,0.000000,3.010026
4871.0089,2026-07-15T15:12:28.345195,0.000000,3.010042
4871.4980,2026-07-15T15:12:28.834265,0.000000,3.010075
4871.9793,2026-07-15T15:12:29.315635,0.000000,3.010125
4872.4385,2026-07-15T15:12:29.774797,0.000000,3.010157
4872.8867,2026-07-15T15:12:30.222947,0.000000,3.010234
4873.3474,2026-07-15T15:12:30.683737,0.000000,3.010331
4873.8297,2026-07-15T15:12:31.165962,0.000000,3.010403
4874.3779,2026-07-15T15:12:31.714156,0.000000,3.010482
4874.8463,2026-07-15T15:12:32.182617,0.000000,3.010522
4875.3318,2026-07-15T15:12:32.668096,0.000000,3.010523
4875.8148,2026-07-15T15:12:33.151069,0.000000,3.010525
4876.3002,2026-07-15T15:12:33.636532,0.000000,3.010571
4876.7983,2026-07-15T15:12:34.134553,0.000000,3.010606
4877.2661,2026-07-15T15:12:34.602363,0.000000,3.010589
4877.7244,2026-07-15T15:12:35.060648,0.000000,3.010566
4878.2142,2026-07-15T15:12:35.550496,0.000000,3.010592
4878.6868,2026-07-15T15:12:36.023065,0.000000,3.010522
4879.1856,2026-07-15T15:12:36.521886,0.000000,3.010443
4879.6841,2026-07-15T15:12:37.020378,0.000000,3.010368
4880.1800,2026-07-15T15:12:37.516314,0.000000,3.010341
4880.6444,2026-07-15T15:12:37.980687,0.000000,3.010323
4881.1439,2026-07-15T15:12:38.480164,0.000000,3.010286
4881.6011,2026-07-15T15:12:38.937441,0.000000,3.010270
4882.0959,2026-07-15T15:12:39.432200,0.000000,3.010294
4882.5642,2026-07-15T15:12:39.900494,0.000000,3.010291
4883.0598,2026-07-15T15:12:40.396075,0.000000,3.010296
4883.5666,2026-07-15T15:12:40.902854,0.000000,3.010304
4884.0637,2026-07-15T15:12:41.399968,0.000000,3.010299
4884.5688,2026-07-15T15:12:41.905057,0.000000,3.010285
4885.1022,2026-07-15T15:12:42.438528,0.000000,3.010296
4885.5901,2026-07-15T15:12:42.926405,0.000000,3.010291
4886.0881,2026-07-15T15:12:43.424405,0.000000,3.010242
4886.5728,2026-07-15T15:12:43.909047,0.000000,3.010269
4887.0719,2026-07-15T15:12:44.408204,0.000000,3.010254
4887.5402,2026-07-15T15:12:44.876516,0.000000,3.010224
4888.0380,2026-07-15T15:12:45.374331,0.000000,3.010218
4888.5606,2026-07-15T15:12:45.896875,0.000000,3.010181
4889.0155,2026-07-15T15:12:46.351848,0.000000,3.010173
4889.5210,2026-07-15T15:12:46.857291,0.000000,3.010138
4889.9942,2026-07-15T15:12:47.330488,0.000000,3.010054
4890.4810,2026-07-15T15:12:47.817272,0.000000,3.010061
4890.9384,2026-07-15T15:12:48.274736,0.000000,3.010101
4891.4036,2026-07-15T15:12:48.739877,0.000000,3.010114
4891.8734,2026-07-15T15:12:49.209691,0.000000,3.010064
4892.3550,2026-07-15T15:12:49.691300,0.000000,3.010131
4892.8565,2026-07-15T15:12:50.192829,0.000000,3.010139
4893.3064,2026-07-15T15:12:50.642690,0.000000,3.010114
4893.7802,2026-07-15T15:12:51.116470,0.000000,3.010142
4894.2444,2026-07-15T15:12:51.580717,0.000000,3.010226
4894.7374,2026-07-15T15:12:52.073728,0.000000,3.010299
4895.2298,2026-07-15T15:12:52.566141,0.000000,3.010376
4895.6896,2026-07-15T15:12:53.025911,0.000000,3.010365
4896.1649,2026-07-15T15:12:53.501212,0.000000,3.010314
4896.6651,2026-07-15T15:12:54.001399,0.000000,3.010355
4897.1484,2026-07-15T15:12:54.484730,0.000000,3.010397
4897.6526,2026-07-15T15:12:54.988943,0.000000,3.010486
4898.1483,2026-07-15T15:12:55.484657,0.000000,3.010656
4898.6683,2026-07-15T15:12:56.004569,0.000000,3.010728
4899.1456,2026-07-15T15:12:56.481850,0.000000,3.010797
4899.6033,2026-07-15T15:12:56.939602,0.000000,3.010875
4900.0976,2026-07-15T15:12:57.433888,0.000000,3.010923
4900.5972,2026-07-15T15:12:57.933510,0.000000,3.011030
4901.0866,2026-07-15T15:12:58.422872,0.000000,3.011160
4901.5448,2026-07-15T15:12:58.881116,0.000000,3.011246
4902.0428,2026-07-15T15:12:59.379092,0.000000,3.011307
4902.5689,2026-07-15T15:12:59.905207,0.000000,3.011301
4903.0500,2026-07-15T15:13:00.386235,0.000000,3.011322
4903.5076,2026-07-15T15:13:00.843872,0.000000,3.011338
4904.0052,2026-07-15T15:13:01.341503,0.000000,3.011370
4904.4703,2026-07-15T15:13:01.806584,0.000000,3.011390
4904.9330,2026-07-15T15:13:02.269289,0.000000,3.011371
4905.3849,2026-07-15T15:13:02.721206,0.000000,3.011325
4905.8866,2026-07-15T15:13:03.222897,0.000000,3.011275
4906.3432,2026-07-15T15:13:03.679479,0.000000,3.011306
4906.8029,2026-07-15T15:13:04.139190,0.000000,3.011360
4907.2963,2026-07-15T15:13:04.632570,0.000000,3.011387
4907.7810,2026-07-15T15:13:05.117327,0.000000,3.011376
4908.2675,2026-07-15T15:13:05.603746,0.000000,3.011392
4908.7694,2026-07-15T15:13:06.105665,0.000000,3.011451
4909.2633,2026-07-15T15:13:06.599588,0.000000,3.011477
4909.7883,2026-07-15T15:13:07.124598,0.000000,3.011477
4910.2710,2026-07-15T15:13:07.607310,0.000000,3.011546
4910.7260,2026-07-15T15:13:08.062330,0.000000,3.011542
4911.2264,2026-07-15T15:13:08.562715,0.000000,3.011512
4911.6824,2026-07-15T15:13:09.018676,0.000000,3.011491
4912.1690,2026-07-15T15:13:09.505259,0.000000,3.011426
4912.6684,2026-07-15T15:13:10.004732,0.000000,3.011419
4913.1321,2026-07-15T15:13:10.468408,0.000000,3.011357
4913.6207,2026-07-15T15:13:10.956974,0.000000,3.011312
4914.1183,2026-07-15T15:13:11.454615,0.000000,3.011190
4914.5740,2026-07-15T15:13:11.910241,0.000000,3.011146
4915.0486,2026-07-15T15:13:12.384854,0.000000,3.011066
4915.5465,2026-07-15T15:13:12.882750,0.000000,3.011042
4916.0155,2026-07-15T15:13:13.351839,0.000000,3.011038
4916.4731,2026-07-15T15:13:13.809381,0.000000,3.011107
4916.9391,2026-07-15T15:13:14.275365,0.000000,3.011194
4917.3984,2026-07-15T15:13:14.734679,0.000000,3.011245
4917.8554,2026-07-15T15:13:15.191644,0.000000,3.011282
4918.3536,2026-07-15T15:13:15.689877,0.000000,3.011277
4918.8464,2026-07-15T15:13:16.182647,0.000000,3.011331
4919.2948,2026-07-15T15:13:16.631056,0.000000,3.011389
4919.7933,2026-07-15T15:13:17.130615,0.000000,3.011440
4920.2837,2026-07-15T15:13:17.620043,0.000000,3.011485
4920.8087,2026-07-15T15:13:18.144971,0.000000,3.011510
4921.2849,2026-07-15T15:13:18.621170,0.000000,3.011488
4921.7483,2026-07-15T15:13:19.084569,0.000000,3.011432
4922.2456,2026-07-15T15:13:19.581859,0.000000,3.011373
4922.7039,2026-07-15T15:13:20.040143,0.000000,3.011387
4923.1950,2026-07-15T15:13:20.531273,0.000000,3.011419
4923.6418,2026-07-15T15:13:20.978056,0.000000,3.011432
4924.1382,2026-07-15T15:13:21.474514,0.000000,3.011440
4924.6419,2026-07-15T15:13:21.978239,0.000000,3.011518
4925.1034,2026-07-15T15:13:22.439728,0.000000,3.011528
4925.5623,2026-07-15T15:13:22.898624,0.000000,3.011587
4926.0230,2026-07-15T15:13:23.359274,0.000000,3.011589
4926.4722,2026-07-15T15:13:23.808472,0.000000,3.011640
4926.9734,2026-07-15T15:13:24.309690,0.000000,3.011637
4927.4289,2026-07-15T15:13:24.765178,0.000000,3.011765
4927.8895,2026-07-15T15:13:25.225832,0.000000,3.011818
4928.3694,2026-07-15T15:13:25.705716,0.000000,3.011926
4928.8498,2026-07-15T15:13:26.186046,0.000000,3.011997
4929.2977,2026-07-15T15:13:26.634037,0.000000,3.012029
4929.7614,2026-07-15T15:13:27.097676,0.000000,3.012014
4930.2543,2026-07-15T15:13:27.590570,0.000000,3.012077
4930.7112,2026-07-15T15:13:28.047480,0.000000,3.012176
4931.2008,2026-07-15T15:13:28.537133,0.000000,3.012210
4931.6778,2026-07-15T15:13:29.014064,0.000000,3.012178
4932.1693,2026-07-15T15:13:29.505639,0.000000,3.012165
4932.6575,2026-07-15T15:13:29.993819,0.000000,3.012104
4933.1463,2026-07-15T15:13:30.482551,0.000000,3.011979
4933.5986,2026-07-15T15:13:30.934864,0.000000,3.011939
4934.0988,2026-07-15T15:13:31.435117,0.000000,3.011893
4934.5462,2026-07-15T15:13:31.882469,0.000000,3.011907
4935.0463,2026-07-15T15:13:32.382637,0.000000,3.011885
4935.5399,2026-07-15T15:13:32.876218,0.000000,3.011853
4936.0303,2026-07-15T15:13:33.366602,0.000000,3.011827
4936.4864,2026-07-15T15:13:33.822737,0.000000,3.011880
4936.9483,2026-07-15T15:13:34.284540,0.000000,3.011803
4937.4066,2026-07-15T15:13:34.742911,0.000000,3.011875
4937.8777,2026-07-15T15:13:35.214002,0.000000,3.011901
4938.3775,2026-07-15T15:13:35.713817,0.000000,3.011874
4938.8646,2026-07-15T15:13:36.200880,0.000000,3.011872
4939.3101,2026-07-15T15:13:36.646362,0.000000,3.011864
4939.7669,2026-07-15T15:13:37.103238,0.000000,3.011869
4940.2525,2026-07-15T15:13:37.588827,0.000000,3.011794
4940.7389,2026-07-15T15:13:38.075160,0.000000,3.011768
4941.2110,2026-07-15T15:13:38.547250,0.000000,3.011725
4941.6743,2026-07-15T15:13:39.010586,0.000000,3.011726
4942.1326,2026-07-15T15:13:39.468931,0.000000,3.011760
4942.5914,2026-07-15T15:13:39.927731,0.000000,3.011706
4943.0852,2026-07-15T15:13:40.421508,0.000000,3.011674
4943.5793,2026-07-15T15:13:40.915592,0.000000,3.011694
4944.0409,2026-07-15T15:13:41.377147,0.000000,3.011706
4944.5021,2026-07-15T15:13:41.838362,0.000000,3.011691
4944.9970,2026-07-15T15:13:42.333262,0.000000,3.011760
4945.4496,2026-07-15T15:13:42.785891,0.000000,3.011800
4945.9199,2026-07-15T15:13:43.256154,0.000000,3.011827
4946.3826,2026-07-15T15:13:43.718887,0.000000,3.011818
4946.8332,2026-07-15T15:13:44.169511,0.000000,3.011818
4947.3250,2026-07-15T15:13:44.661285,0.000000,3.011806
4947.7925,2026-07-15T15:13:45.128816,0.000000,3.011837
4948.2702,2026-07-15T15:13:45.606460,0.000000,3.011838
4948.7308,2026-07-15T15:13:46.067137,0.000000,3.011853
4949.2205,2026-07-15T15:13:46.556763,0.000000,3.011869
4949.6913,2026-07-15T15:13:47.027601,0.000000,3.011835
4950.1744,2026-07-15T15:13:47.510667,0.000000,3.011808
4950.6281,2026-07-15T15:13:47.964383,0.000000,3.011819
4951.1219,2026-07-15T15:13:48.458152,0.000000,3.011798
4951.6032,2026-07-15T15:13:48.939499,0.000000,3.011838
4952.0942,2026-07-15T15:13:49.430500,0.000000,3.011880
4952.5931,2026-07-15T15:13:49.929407,0.000000,3.011933
4953.0795,2026-07-15T15:13:50.415763,0.000000,3.011928
4953.5746,2026-07-15T15:13:50.910906,0.000000,3.011946
4954.0465,2026-07-15T15:13:51.382836,0.000000,3.011981
4954.5049,2026-07-15T15:13:51.841227,0.000000,3.012000
4954.9987,2026-07-15T15:13:52.334959,0.000000,3.012010
4955.4984,2026-07-15T15:13:52.834681,0.000000,3.012037
4956.0153,2026-07-15T15:13:53.351556,0.000000,3.012059
4956.4790,2026-07-15T15:13:53.815318,0.000000,3.012019
4957.0114,2026-07-15T15:13:54.347696,0.000000,3.012054
4957.4664,2026-07-15T15:13:54.802718,0.000000,3.012061
4957.9446,2026-07-15T15:13:55.280860,0.000000,3.012101
4958.4045,2026-07-15T15:13:55.740754,0.000000,3.012213
4958.8727,2026-07-15T15:13:56.208953,0.000000,3.012251
